<?xml version="1.0" encoding="UTF-8"?>
 <gpx creator="Garmin Connect" version="1.1"
	 xsi:schemaLocation="http://www.topografix.com/GPX/1/1 http://www.topografix.com/GPX/11.xsd"
	 xmlns:ns3="http://www.garmin.com/xmlschemas/TrackPointExtension/v1"
	 xmlns="http://www.topografix.com/GPX/1/1"
	 xmlns:xsi="http://www.w3.org/2001/XMLSchema-instance" xmlns:ns2="http://www.garmin.com/xmlschemas/GpxExtensions/v3">
	 <metadata>
		<name>Adelaide Marathon Festival 2025 - 42.195 km</name>
		 <link href="https://www.goandrace.com">
		 <text>Garmin Connect</text>
		 </link>
	 <time>2026-08-10T02:52:42</time>
	 </metadata>
	 <trk>
		 <name>Adelaide Marathon Festival 2025 - 42.195 km</name>
		 <trkseg>
			 <trkpt lat="-34.917774" lon="138.595068">
				 <ele>29</ele>
			 </trkpt>
			 <trkpt lat="-34.917677" lon="138.594703">
				 <ele>28.6</ele>
			 </trkpt>
			 <trkpt lat="-34.917581" lon="138.594339">
				 <ele>28.3</ele>
			 </trkpt>
			 <trkpt lat="-34.917557" lon="138.594249">
				 <ele>27.9</ele>
			 </trkpt>
			 <trkpt lat="-34.917526" lon="138.593966">
				 <ele>27.6</ele>
			 </trkpt>
			 <trkpt lat="-34.917539" lon="138.59371">
				 <ele>27.5</ele>
			 </trkpt>
			 <trkpt lat="-34.917573" lon="138.593331">
				 <ele>27.4</ele>
			 </trkpt>
			 <trkpt lat="-34.917607" lon="138.59295">
				 <ele>27.5</ele>
			 </trkpt>
			 <trkpt lat="-34.917641" lon="138.592569">
				 <ele>27.7</ele>
			 </trkpt>
			 <trkpt lat="-34.917653" lon="138.592431">
				 <ele>28</ele>
			 </trkpt>
			 <trkpt lat="-34.9177" lon="138.592082">
				 <ele>28.1</ele>
			 </trkpt>
			 <trkpt lat="-34.917702" lon="138.591785">
				 <ele>28.2</ele>
			 </trkpt>
			 <trkpt lat="-34.917676" lon="138.591547">
				 <ele>28.3</ele>
			 </trkpt>
			 <trkpt lat="-34.917644" lon="138.591401">
				 <ele>28.4</ele>
			 </trkpt>
			 <trkpt lat="-34.917601" lon="138.591262">
				 <ele>28.5</ele>
			 </trkpt>
			 <trkpt lat="-34.91753" lon="138.591068">
				 <ele>28.5</ele>
			 </trkpt>
			 <trkpt lat="-34.917408" lon="138.59081">
				 <ele>28.5</ele>
			 </trkpt>
			 <trkpt lat="-34.91725" lon="138.590468">
				 <ele>28.2</ele>
			 </trkpt>
			 <trkpt lat="-34.917095" lon="138.590136">
				 <ele>27.6</ele>
			 </trkpt>
			 <trkpt lat="-34.91693" lon="138.589798">
				 <ele>27.1</ele>
			 </trkpt>
			 <trkpt lat="-34.916768" lon="138.589469">
				 <ele>26.5</ele>
			 </trkpt>
			 <trkpt lat="-34.916716" lon="138.589362">
				 <ele>26.3</ele>
			 </trkpt>
			 <trkpt lat="-34.916541" lon="138.589029">
				 <ele>26.2</ele>
			 </trkpt>
			 <trkpt lat="-34.916454" lon="138.588865">
				 <ele>26.2</ele>
			 </trkpt>
			 <trkpt lat="-34.916267" lon="138.588543">
				 <ele>26.3</ele>
			 </trkpt>
			 <trkpt lat="-34.916134" lon="138.588315">
				 <ele>26.5</ele>
			 </trkpt>
			 <trkpt lat="-34.915942" lon="138.587997">
				 <ele>26.8</ele>
			 </trkpt>
			 <trkpt lat="-34.915755" lon="138.587688">
				 <ele>27.1</ele>
			 </trkpt>
			 <trkpt lat="-34.915622" lon="138.58747">
				 <ele>27.6</ele>
			 </trkpt>
			 <trkpt lat="-34.915424" lon="138.587156">
				 <ele>28.3</ele>
			 </trkpt>
			 <trkpt lat="-34.915232" lon="138.586853">
				 <ele>28.8</ele>
			 </trkpt>
			 <trkpt lat="-34.91504" lon="138.586549">
				 <ele>29.4</ele>
			 </trkpt>
			 <trkpt lat="-34.914856" lon="138.586257">
				 <ele>30</ele>
			 </trkpt>
			 <trkpt lat="-34.914659" lon="138.585942">
				 <ele>30.7</ele>
			 </trkpt>
			 <trkpt lat="-34.914469" lon="138.585636">
				 <ele>31.5</ele>
			 </trkpt>
			 <trkpt lat="-34.914278" lon="138.585331">
				 <ele>32.2</ele>
			 </trkpt>
			 <trkpt lat="-34.914117" lon="138.585072">
				 <ele>32.8</ele>
			 </trkpt>
			 <trkpt lat="-34.913903" lon="138.584773">
				 <ele>33.5</ele>
			 </trkpt>
			 <trkpt lat="-34.913696" lon="138.584484">
				 <ele>34</ele>
			 </trkpt>
			 <trkpt lat="-34.913509" lon="138.584224">
				 <ele>34.4</ele>
			 </trkpt>
			 <trkpt lat="-34.913307" lon="138.583912">
				 <ele>34.5</ele>
			 </trkpt>
			 <trkpt lat="-34.913113" lon="138.583611">
				 <ele>34.5</ele>
			 </trkpt>
			 <trkpt lat="-34.913083" lon="138.583565">
				 <ele>34.4</ele>
			 </trkpt>
			 <trkpt lat="-34.912868" lon="138.583265">
				 <ele>33.9</ele>
			 </trkpt>
			 <trkpt lat="-34.912844" lon="138.583232">
				 <ele>33.3</ele>
			 </trkpt>
			 <trkpt lat="-34.9126" lon="138.582967">
				 <ele>32.5</ele>
			 </trkpt>
			 <trkpt lat="-34.912334" lon="138.582732">
				 <ele>31.5</ele>
			 </trkpt>
			 <trkpt lat="-34.912169" lon="138.582588">
				 <ele>30.5</ele>
			 </trkpt>
			 <trkpt lat="-34.911887" lon="138.582379">
				 <ele>29.4</ele>
			 </trkpt>
			 <trkpt lat="-34.911778" lon="138.582299">
				 <ele>28.4</ele>
			 </trkpt>
			 <trkpt lat="-34.91148" lon="138.582126">
				 <ele>27.5</ele>
			 </trkpt>
			 <trkpt lat="-34.911408" lon="138.582084">
				 <ele>26.6</ele>
			 </trkpt>
			 <trkpt lat="-34.911104" lon="138.581925">
				 <ele>26.1</ele>
			 </trkpt>
			 <trkpt lat="-34.910787" lon="138.581795">
				 <ele>25.5</ele>
			 </trkpt>
			 <trkpt lat="-34.910537" lon="138.581694">
				 <ele>25.3</ele>
			 </trkpt>
			 <trkpt lat="-34.910214" lon="138.581589">
				 <ele>25.1</ele>
			 </trkpt>
			 <trkpt lat="-34.910167" lon="138.581574">
				 <ele>25</ele>
			 </trkpt>
			 <trkpt lat="-34.909841" lon="138.581505">
				 <ele>24.9</ele>
			 </trkpt>
			 <trkpt lat="-34.909647" lon="138.581465">
				 <ele>25</ele>
			 </trkpt>
			 <trkpt lat="-34.909315" lon="138.581425">
				 <ele>25.1</ele>
			 </trkpt>
			 <trkpt lat="-34.909235" lon="138.581415">
				 <ele>25.2</ele>
			 </trkpt>
			 <trkpt lat="-34.908992" lon="138.581403">
				 <ele>25.2</ele>
			 </trkpt>
			 <trkpt lat="-34.908763" lon="138.581432">
				 <ele>25.2</ele>
			 </trkpt>
			 <trkpt lat="-34.908443" lon="138.581472">
				 <ele>25.1</ele>
			 </trkpt>
			 <trkpt lat="-34.908112" lon="138.581544">
				 <ele>25</ele>
			 </trkpt>
			 <trkpt lat="-34.907958" lon="138.581578">
				 <ele>24.7</ele>
			 </trkpt>
			 <trkpt lat="-34.907631" lon="138.581666">
				 <ele>24.5</ele>
			 </trkpt>
			 <trkpt lat="-34.907464" lon="138.581711">
				 <ele>24.3</ele>
			 </trkpt>
			 <trkpt lat="-34.907137" lon="138.581804">
				 <ele>24.1</ele>
			 </trkpt>
			 <trkpt lat="-34.907012" lon="138.58184">
				 <ele>24.1</ele>
			 </trkpt>
			 <trkpt lat="-34.906687" lon="138.581939">
				 <ele>24.3</ele>
			 </trkpt>
			 <trkpt lat="-34.906529" lon="138.581987">
				 <ele>24.5</ele>
			 </trkpt>
			 <trkpt lat="-34.906325" lon="138.582048">
				 <ele>24.9</ele>
			 </trkpt>
			 <trkpt lat="-34.906154" lon="138.582133">
				 <ele>25.6</ele>
			 </trkpt>
			 <trkpt lat="-34.905964" lon="138.58227">
				 <ele>26.5</ele>
			 </trkpt>
			 <trkpt lat="-34.905711" lon="138.582537">
				 <ele>27.5</ele>
			 </trkpt>
			 <trkpt lat="-34.905673" lon="138.582578">
				 <ele>28.7</ele>
			 </trkpt>
			 <trkpt lat="-34.905441" lon="138.582864">
				 <ele>29.9</ele>
			 </trkpt>
			 <trkpt lat="-34.905211" lon="138.58316">
				 <ele>31.1</ele>
			 </trkpt>
			 <trkpt lat="-34.905011" lon="138.583416">
				 <ele>32.5</ele>
			 </trkpt>
			 <trkpt lat="-34.904806" lon="138.583738">
				 <ele>33.7</ele>
			 </trkpt>
			 <trkpt lat="-34.904613" lon="138.584041">
				 <ele>34.9</ele>
			 </trkpt>
			 <trkpt lat="-34.904421" lon="138.584345">
				 <ele>36.2</ele>
			 </trkpt>
			 <trkpt lat="-34.904369" lon="138.584426">
				 <ele>37.3</ele>
			 </trkpt>
			 <trkpt lat="-34.904246" lon="138.584513">
				 <ele>38.2</ele>
			 </trkpt>
			 <trkpt lat="-34.904161" lon="138.584556">
				 <ele>39.1</ele>
			 </trkpt>
			 <trkpt lat="-34.90415" lon="138.584873">
				 <ele>39.8</ele>
			 </trkpt>
			 <trkpt lat="-34.904119" lon="138.585015">
				 <ele>40.7</ele>
			 </trkpt>
			 <trkpt lat="-34.90402" lon="138.585357">
				 <ele>41.6</ele>
			 </trkpt>
			 <trkpt lat="-34.90399" lon="138.585539">
				 <ele>42.5</ele>
			 </trkpt>
			 <trkpt lat="-34.903939" lon="138.585657">
				 <ele>43.3</ele>
			 </trkpt>
			 <trkpt lat="-34.903882" lon="138.585875">
				 <ele>44.1</ele>
			 </trkpt>
			 <trkpt lat="-34.903796" lon="138.586268">
				 <ele>44.9</ele>
			 </trkpt>
			 <trkpt lat="-34.903715" lon="138.586638">
				 <ele>45.6</ele>
			 </trkpt>
			 <trkpt lat="-34.903634" lon="138.587008">
				 <ele>46.3</ele>
			 </trkpt>
			 <trkpt lat="-34.9036" lon="138.587161">
				 <ele>47.1</ele>
			 </trkpt>
			 <trkpt lat="-34.903508" lon="138.587554">
				 <ele>47.9</ele>
			 </trkpt>
			 <trkpt lat="-34.903422" lon="138.587922">
				 <ele>48.6</ele>
			 </trkpt>
			 <trkpt lat="-34.903335" lon="138.588291">
				 <ele>49.4</ele>
			 </trkpt>
			 <trkpt lat="-34.903271" lon="138.588563">
				 <ele>50.2</ele>
			 </trkpt>
			 <trkpt lat="-34.903179" lon="138.588955">
				 <ele>51</ele>
			 </trkpt>
			 <trkpt lat="-34.903093" lon="138.589323">
				 <ele>51.7</ele>
			 </trkpt>
			 <trkpt lat="-34.903011" lon="138.589672">
				 <ele>52.2</ele>
			 </trkpt>
			 <trkpt lat="-34.902955" lon="138.589816">
				 <ele>52.5</ele>
			 </trkpt>
			 <trkpt lat="-34.902941" lon="138.589849">
				 <ele>52.9</ele>
			 </trkpt>
			 <trkpt lat="-34.902918" lon="138.589873">
				 <ele>53.2</ele>
			 </trkpt>
			 <trkpt lat="-34.902856" lon="138.589861">
				 <ele>53.2</ele>
			 </trkpt>
			 <trkpt lat="-34.90283" lon="138.589854">
				 <ele>53.1</ele>
			 </trkpt>
			 <trkpt lat="-34.902528" lon="138.589744">
				 <ele>53</ele>
			 </trkpt>
			 <trkpt lat="-34.902226" lon="138.589634">
				 <ele>52.7</ele>
			 </trkpt>
			 <trkpt lat="-34.9022" lon="138.589624">
				 <ele>52.4</ele>
			 </trkpt>
			 <trkpt lat="-34.901882" lon="138.589502">
				 <ele>51.9</ele>
			 </trkpt>
			 <trkpt lat="-34.901582" lon="138.589385">
				 <ele>51.5</ele>
			 </trkpt>
			 <trkpt lat="-34.901554" lon="138.589375">
				 <ele>51.3</ele>
			 </trkpt>
			 <trkpt lat="-34.901235" lon="138.589255">
				 <ele>51</ele>
			 </trkpt>
			 <trkpt lat="-34.900987" lon="138.589162">
				 <ele>50.7</ele>
			 </trkpt>
			 <trkpt lat="-34.900961" lon="138.589153">
				 <ele>50.5</ele>
			 </trkpt>
			 <trkpt lat="-34.900662" lon="138.58902">
				 <ele>50.1</ele>
			 </trkpt>
			 <trkpt lat="-34.900366" lon="138.588887">
				 <ele>49.8</ele>
			 </trkpt>
			 <trkpt lat="-34.900264" lon="138.588842">
				 <ele>49.4</ele>
			 </trkpt>
			 <trkpt lat="-34.900237" lon="138.58883">
				 <ele>48.9</ele>
			 </trkpt>
			 <trkpt lat="-34.900038" lon="138.588712">
				 <ele>48.3</ele>
			 </trkpt>
			 <trkpt lat="-34.900013" lon="138.588698">
				 <ele>47.7</ele>
			 </trkpt>
			 <trkpt lat="-34.899833" lon="138.588557">
				 <ele>47.1</ele>
			 </trkpt>
			 <trkpt lat="-34.899809" lon="138.588538">
				 <ele>46.5</ele>
			 </trkpt>
			 <trkpt lat="-34.899704" lon="138.588424">
				 <ele>45.7</ele>
			 </trkpt>
			 <trkpt lat="-34.899683" lon="138.588401">
				 <ele>44.9</ele>
			 </trkpt>
			 <trkpt lat="-34.899616" lon="138.58832">
				 <ele>44.2</ele>
			 </trkpt>
			 <trkpt lat="-34.899596" lon="138.588296">
				 <ele>43.5</ele>
			 </trkpt>
			 <trkpt lat="-34.89958" lon="138.588268">
				 <ele>43</ele>
			 </trkpt>
			 <trkpt lat="-34.899565" lon="138.588239">
				 <ele>42.6</ele>
			 </trkpt>
			 <trkpt lat="-34.899553" lon="138.588209">
				 <ele>42.3</ele>
			 </trkpt>
			 <trkpt lat="-34.899544" lon="138.588177">
				 <ele>42.1</ele>
			 </trkpt>
			 <trkpt lat="-34.89954" lon="138.588142">
				 <ele>42</ele>
			 </trkpt>
			 <trkpt lat="-34.899544" lon="138.588108">
				 <ele>42</ele>
			 </trkpt>
			 <trkpt lat="-34.899555" lon="138.588075">
				 <ele>42</ele>
			 </trkpt>
			 <trkpt lat="-34.899567" lon="138.588043">
				 <ele>42.1</ele>
			 </trkpt>
			 <trkpt lat="-34.899636" lon="138.587895">
				 <ele>42.3</ele>
			 </trkpt>
			 <trkpt lat="-34.899651" lon="138.587864">
				 <ele>42.5</ele>
			 </trkpt>
			 <trkpt lat="-34.89972" lon="138.587732">
				 <ele>42.5</ele>
			 </trkpt>
			 <trkpt lat="-34.899736" lon="138.587705">
				 <ele>42.5</ele>
			 </trkpt>
			 <trkpt lat="-34.899826" lon="138.587557">
				 <ele>42.5</ele>
			 </trkpt>
			 <trkpt lat="-34.899844" lon="138.58753">
				 <ele>42.5</ele>
			 </trkpt>
			 <trkpt lat="-34.899936" lon="138.587408">
				 <ele>42.3</ele>
			 </trkpt>
			 <trkpt lat="-34.899956" lon="138.587383">
				 <ele>42</ele>
			 </trkpt>
			 <trkpt lat="-34.900178" lon="138.587106">
				 <ele>41.5</ele>
			 </trkpt>
			 <trkpt lat="-34.900286" lon="138.586972">
				 <ele>41</ele>
			 </trkpt>
			 <trkpt lat="-34.900307" lon="138.586947">
				 <ele>40.5</ele>
			 </trkpt>
			 <trkpt lat="-34.900534" lon="138.586676">
				 <ele>39.6</ele>
			 </trkpt>
			 <trkpt lat="-34.90062" lon="138.586573">
				 <ele>38.8</ele>
			 </trkpt>
			 <trkpt lat="-34.900642" lon="138.586548">
				 <ele>38</ele>
			 </trkpt>
			 <trkpt lat="-34.900875" lon="138.586285">
				 <ele>36.9</ele>
			 </trkpt>
			 <trkpt lat="-34.90092" lon="138.586234">
				 <ele>35.8</ele>
			 </trkpt>
			 <trkpt lat="-34.900941" lon="138.58621">
				 <ele>34.7</ele>
			 </trkpt>
			 <trkpt lat="-34.901173" lon="138.585944">
				 <ele>33.7</ele>
			 </trkpt>
			 <trkpt lat="-34.901263" lon="138.58584">
				 <ele>32.7</ele>
			 </trkpt>
			 <trkpt lat="-34.901285" lon="138.585815">
				 <ele>31.7</ele>
			 </trkpt>
			 <trkpt lat="-34.901518" lon="138.585551">
				 <ele>30.7</ele>
			 </trkpt>
			 <trkpt lat="-34.901748" lon="138.585289">
				 <ele>29.6</ele>
			 </trkpt>
			 <trkpt lat="-34.901978" lon="138.585027">
				 <ele>28.8</ele>
			 </trkpt>
			 <trkpt lat="-34.902167" lon="138.58481">
				 <ele>27.9</ele>
			 </trkpt>
			 <trkpt lat="-34.902187" lon="138.584788">
				 <ele>27.1</ele>
			 </trkpt>
			 <trkpt lat="-34.90242" lon="138.584517">
				 <ele>26.5</ele>
			 </trkpt>
			 <trkpt lat="-34.902647" lon="138.584251">
				 <ele>25.9</ele>
			 </trkpt>
			 <trkpt lat="-34.902733" lon="138.58415">
				 <ele>25.4</ele>
			 </trkpt>
			 <trkpt lat="-34.902755" lon="138.584125">
				 <ele>24.8</ele>
			 </trkpt>
			 <trkpt lat="-34.902988" lon="138.583861">
				 <ele>24.3</ele>
			 </trkpt>
			 <trkpt lat="-34.903058" lon="138.583782">
				 <ele>23.9</ele>
			 </trkpt>
			 <trkpt lat="-34.90308" lon="138.583757">
				 <ele>23.6</ele>
			 </trkpt>
			 <trkpt lat="-34.903312" lon="138.583492">
				 <ele>23.5</ele>
			 </trkpt>
			 <trkpt lat="-34.903542" lon="138.583229">
				 <ele>23.3</ele>
			 </trkpt>
			 <trkpt lat="-34.903771" lon="138.582967">
				 <ele>23.2</ele>
			 </trkpt>
			 <trkpt lat="-34.904001" lon="138.582704">
				 <ele>23.1</ele>
			 </trkpt>
			 <trkpt lat="-34.904079" lon="138.582614">
				 <ele>23</ele>
			 </trkpt>
			 <trkpt lat="-34.904099" lon="138.582592">
				 <ele>23.1</ele>
			 </trkpt>
			 <trkpt lat="-34.904331" lon="138.582319">
				 <ele>23.2</ele>
			 </trkpt>
			 <trkpt lat="-34.904557" lon="138.582052">
				 <ele>23.3</ele>
			 </trkpt>
			 <trkpt lat="-34.904784" lon="138.581786">
				 <ele>23.4</ele>
			 </trkpt>
			 <trkpt lat="-34.904891" lon="138.581659">
				 <ele>23.5</ele>
			 </trkpt>
			 <trkpt lat="-34.904913" lon="138.581633">
				 <ele>23.6</ele>
			 </trkpt>
			 <trkpt lat="-34.905146" lon="138.581369">
				 <ele>23.8</ele>
			 </trkpt>
			 <trkpt lat="-34.905376" lon="138.581107">
				 <ele>24</ele>
			 </trkpt>
			 <trkpt lat="-34.905607" lon="138.580845">
				 <ele>24.2</ele>
			 </trkpt>
			 <trkpt lat="-34.905655" lon="138.58079">
				 <ele>24.5</ele>
			 </trkpt>
			 <trkpt lat="-34.905675" lon="138.580767">
				 <ele>24.7</ele>
			 </trkpt>
			 <trkpt lat="-34.905914" lon="138.580504">
				 <ele>24.9</ele>
			 </trkpt>
			 <trkpt lat="-34.906147" lon="138.580246">
				 <ele>25.1</ele>
			 </trkpt>
			 <trkpt lat="-34.906381" lon="138.579988">
				 <ele>25.3</ele>
			 </trkpt>
			 <trkpt lat="-34.906403" lon="138.579964">
				 <ele>25.5</ele>
			 </trkpt>
			 <trkpt lat="-34.906647" lon="138.579691">
				 <ele>25.5</ele>
			 </trkpt>
			 <trkpt lat="-34.906878" lon="138.579431">
				 <ele>25.5</ele>
			 </trkpt>
			 <trkpt lat="-34.906914" lon="138.57939">
				 <ele>25.5</ele>
			 </trkpt>
			 <trkpt lat="-34.906935" lon="138.579368">
				 <ele>25.5</ele>
			 </trkpt>
			 <trkpt lat="-34.907166" lon="138.579094">
				 <ele>25.5</ele>
			 </trkpt>
			 <trkpt lat="-34.907391" lon="138.578826">
				 <ele>25.3</ele>
			 </trkpt>
			 <trkpt lat="-34.907463" lon="138.578741">
				 <ele>25.1</ele>
			 </trkpt>
			 <trkpt lat="-34.907482" lon="138.578718">
				 <ele>24.9</ele>
			 </trkpt>
			 <trkpt lat="-34.907703" lon="138.578451">
				 <ele>24.7</ele>
			 </trkpt>
			 <trkpt lat="-34.907723" lon="138.578428">
				 <ele>24.5</ele>
			 </trkpt>
			 <trkpt lat="-34.907863" lon="138.578264">
				 <ele>24.4</ele>
			 </trkpt>
			 <trkpt lat="-34.907883" lon="138.578241">
				 <ele>24.4</ele>
			 </trkpt>
			 <trkpt lat="-34.907993" lon="138.57811">
				 <ele>24.4</ele>
			 </trkpt>
			 <trkpt lat="-34.908013" lon="138.578086">
				 <ele>24.4</ele>
			 </trkpt>
			 <trkpt lat="-34.908045" lon="138.57805">
				 <ele>24.4</ele>
			 </trkpt>
			 <trkpt lat="-34.908066" lon="138.578027">
				 <ele>24.5</ele>
			 </trkpt>
			 <trkpt lat="-34.908133" lon="138.577963">
				 <ele>24.7</ele>
			 </trkpt>
			 <trkpt lat="-34.908156" lon="138.577942">
				 <ele>24.9</ele>
			 </trkpt>
			 <trkpt lat="-34.908396" lon="138.577679">
				 <ele>25.1</ele>
			 </trkpt>
			 <trkpt lat="-34.908466" lon="138.577601">
				 <ele>25.3</ele>
			 </trkpt>
			 <trkpt lat="-34.908487" lon="138.577578">
				 <ele>25.5</ele>
			 </trkpt>
			 <trkpt lat="-34.908589" lon="138.577446">
				 <ele>25.5</ele>
			 </trkpt>
			 <trkpt lat="-34.908609" lon="138.57742">
				 <ele>25.5</ele>
			 </trkpt>
			 <trkpt lat="-34.908634" lon="138.57739">
				 <ele>25.5</ele>
			 </trkpt>
			 <trkpt lat="-34.908654" lon="138.577365">
				 <ele>25.5</ele>
			 </trkpt>
			 <trkpt lat="-34.908678" lon="138.577343">
				 <ele>25.4</ele>
			 </trkpt>
			 <trkpt lat="-34.908705" lon="138.577322">
				 <ele>25.1</ele>
			 </trkpt>
			 <trkpt lat="-34.908732" lon="138.577306">
				 <ele>24.8</ele>
			 </trkpt>
			 <trkpt lat="-34.908757" lon="138.577294">
				 <ele>24.5</ele>
			 </trkpt>
			 <trkpt lat="-34.908786" lon="138.577283">
				 <ele>24.2</ele>
			 </trkpt>
			 <trkpt lat="-34.908815" lon="138.577278">
				 <ele>23.8</ele>
			 </trkpt>
			 <trkpt lat="-34.908845" lon="138.577274">
				 <ele>23.5</ele>
			 </trkpt>
			 <trkpt lat="-34.908875" lon="138.577274">
				 <ele>23.3</ele>
			 </trkpt>
			 <trkpt lat="-34.908902" lon="138.577274">
				 <ele>23.1</ele>
			 </trkpt>
			 <trkpt lat="-34.909025" lon="138.577294">
				 <ele>23</ele>
			 </trkpt>
			 <trkpt lat="-34.909053" lon="138.5773">
				 <ele>23</ele>
			 </trkpt>
			 <trkpt lat="-34.909151" lon="138.577319">
				 <ele>23.1</ele>
			 </trkpt>
			 <trkpt lat="-34.909179" lon="138.577324">
				 <ele>23.4</ele>
			 </trkpt>
			 <trkpt lat="-34.909395" lon="138.577359">
				 <ele>23.7</ele>
			 </trkpt>
			 <trkpt lat="-34.909425" lon="138.577364">
				 <ele>24.1</ele>
			 </trkpt>
			 <trkpt lat="-34.90971" lon="138.577411">
				 <ele>24.5</ele>
			 </trkpt>
			 <trkpt lat="-34.909741" lon="138.577416">
				 <ele>25</ele>
			 </trkpt>
			 <trkpt lat="-34.910058" lon="138.577459">
				 <ele>25.5</ele>
			 </trkpt>
			 <trkpt lat="-34.910086" lon="138.577463">
				 <ele>25.8</ele>
			 </trkpt>
			 <trkpt lat="-34.910414" lon="138.577497">
				 <ele>26.1</ele>
			 </trkpt>
			 <trkpt lat="-34.910675" lon="138.577523">
				 <ele>26.3</ele>
			 </trkpt>
			 <trkpt lat="-34.910706" lon="138.577527">
				 <ele>26.4</ele>
			 </trkpt>
			 <trkpt lat="-34.910947" lon="138.577566">
				 <ele>26.3</ele>
			 </trkpt>
			 <trkpt lat="-34.910977" lon="138.577571">
				 <ele>26.1</ele>
			 </trkpt>
			 <trkpt lat="-34.911189" lon="138.577609">
				 <ele>25.8</ele>
			 </trkpt>
			 <trkpt lat="-34.91122" lon="138.577614">
				 <ele>25.5</ele>
			 </trkpt>
			 <trkpt lat="-34.911545" lon="138.577675">
				 <ele>25.3</ele>
			 </trkpt>
			 <trkpt lat="-34.911572" lon="138.57768">
				 <ele>25.1</ele>
			 </trkpt>
			 <trkpt lat="-34.911775" lon="138.577724">
				 <ele>24.9</ele>
			 </trkpt>
			 <trkpt lat="-34.911806" lon="138.57773">
				 <ele>24.7</ele>
			 </trkpt>
			 <trkpt lat="-34.912026" lon="138.577778">
				 <ele>24.6</ele>
			 </trkpt>
			 <trkpt lat="-34.912057" lon="138.577785">
				 <ele>24.6</ele>
			 </trkpt>
			 <trkpt lat="-34.912381" lon="138.577854">
				 <ele>24.8</ele>
			 </trkpt>
			 <trkpt lat="-34.912692" lon="138.57792">
				 <ele>25.2</ele>
			 </trkpt>
			 <trkpt lat="-34.913003" lon="138.577986">
				 <ele>25.5</ele>
			 </trkpt>
			 <trkpt lat="-34.913177" lon="138.578022">
				 <ele>25.9</ele>
			 </trkpt>
			 <trkpt lat="-34.913208" lon="138.578029">
				 <ele>26.2</ele>
			 </trkpt>
			 <trkpt lat="-34.913235" lon="138.578042">
				 <ele>26.4</ele>
			 </trkpt>
			 <trkpt lat="-34.913258" lon="138.578062">
				 <ele>26.4</ele>
			 </trkpt>
			 <trkpt lat="-34.91328" lon="138.578085">
				 <ele>26.4</ele>
			 </trkpt>
			 <trkpt lat="-34.913299" lon="138.578113">
				 <ele>26.3</ele>
			 </trkpt>
			 <trkpt lat="-34.913315" lon="138.578146">
				 <ele>26.1</ele>
			 </trkpt>
			 <trkpt lat="-34.913326" lon="138.578178">
				 <ele>25.7</ele>
			 </trkpt>
			 <trkpt lat="-34.913306" lon="138.57856">
				 <ele>25.1</ele>
			 </trkpt>
			 <trkpt lat="-34.913292" lon="138.578808">
				 <ele>24.4</ele>
			 </trkpt>
			 <trkpt lat="-34.91329" lon="138.578846">
				 <ele>23.5</ele>
			 </trkpt>
			 <trkpt lat="-34.913285" lon="138.578941">
				 <ele>22.7</ele>
			 </trkpt>
			 <trkpt lat="-34.913284" lon="138.578976">
				 <ele>22</ele>
			 </trkpt>
			 <trkpt lat="-34.913287" lon="138.579009">
				 <ele>21.5</ele>
			 </trkpt>
			 <trkpt lat="-34.913295" lon="138.579041">
				 <ele>21</ele>
			 </trkpt>
			 <trkpt lat="-34.913311" lon="138.579072">
				 <ele>20.5</ele>
			 </trkpt>
			 <trkpt lat="-34.913328" lon="138.579102">
				 <ele>20.3</ele>
			 </trkpt>
			 <trkpt lat="-34.913355" lon="138.579143">
				 <ele>20.2</ele>
			 </trkpt>
			 <trkpt lat="-34.913375" lon="138.57917">
				 <ele>20.2</ele>
			 </trkpt>
			 <trkpt lat="-34.913397" lon="138.579193">
				 <ele>20.5</ele>
			 </trkpt>
			 <trkpt lat="-34.913423" lon="138.579213">
				 <ele>20.7</ele>
			 </trkpt>
			 <trkpt lat="-34.913453" lon="138.579236">
				 <ele>21.2</ele>
			 </trkpt>
			 <trkpt lat="-34.91348" lon="138.579255">
				 <ele>21.7</ele>
			 </trkpt>
			 <trkpt lat="-34.913763" lon="138.579462">
				 <ele>22.4</ele>
			 </trkpt>
			 <trkpt lat="-34.913842" lon="138.57952">
				 <ele>22.9</ele>
			 </trkpt>
			 <trkpt lat="-34.913869" lon="138.57954">
				 <ele>23.5</ele>
			 </trkpt>
			 <trkpt lat="-34.914011" lon="138.579624">
				 <ele>24.2</ele>
			 </trkpt>
			 <trkpt lat="-34.914036" lon="138.579639">
				 <ele>24.7</ele>
			 </trkpt>
			 <trkpt lat="-34.914221" lon="138.579719">
				 <ele>25.1</ele>
			 </trkpt>
			 <trkpt lat="-34.914248" lon="138.57973">
				 <ele>25.5</ele>
			 </trkpt>
			 <trkpt lat="-34.914525" lon="138.579796">
				 <ele>25.6</ele>
			 </trkpt>
			 <trkpt lat="-34.914554" lon="138.579803">
				 <ele>25.7</ele>
			 </trkpt>
			 <trkpt lat="-34.914774" lon="138.57989">
				 <ele>25.6</ele>
			 </trkpt>
			 <trkpt lat="-34.914802" lon="138.579902">
				 <ele>25.4</ele>
			 </trkpt>
			 <trkpt lat="-34.915006" lon="138.580022">
				 <ele>24.9</ele>
			 </trkpt>
			 <trkpt lat="-34.915031" lon="138.580038">
				 <ele>24.4</ele>
			 </trkpt>
			 <trkpt lat="-34.915166" lon="138.580163">
				 <ele>23.7</ele>
			 </trkpt>
			 <trkpt lat="-34.915188" lon="138.580184">
				 <ele>23</ele>
			 </trkpt>
			 <trkpt lat="-34.915377" lon="138.580415">
				 <ele>22.2</ele>
			 </trkpt>
			 <trkpt lat="-34.915396" lon="138.580439">
				 <ele>21.4</ele>
			 </trkpt>
			 <trkpt lat="-34.91545" lon="138.580838">
				 <ele>20.5</ele>
			 </trkpt>
			 <trkpt lat="-34.915465" lon="138.580991">
				 <ele>19.8</ele>
			 </trkpt>
			 <trkpt lat="-34.915469" lon="138.581023">
				 <ele>19.3</ele>
			 </trkpt>
			 <trkpt lat="-34.915483" lon="138.581346">
				 <ele>18.8</ele>
			 </trkpt>
			 <trkpt lat="-34.915485" lon="138.581384">
				 <ele>18.6</ele>
			 </trkpt>
			 <trkpt lat="-34.91551" lon="138.581494">
				 <ele>18.6</ele>
			 </trkpt>
			 <trkpt lat="-34.915519" lon="138.581526">
				 <ele>18.9</ele>
			 </trkpt>
			 <trkpt lat="-34.915605" lon="138.581822">
				 <ele>19.4</ele>
			 </trkpt>
			 <trkpt lat="-34.915614" lon="138.581853">
				 <ele>20</ele>
			 </trkpt>
			 <trkpt lat="-34.915624" lon="138.581909">
				 <ele>20.8</ele>
			 </trkpt>
			 <trkpt lat="-34.915627" lon="138.581943">
				 <ele>21.9</ele>
			 </trkpt>
			 <trkpt lat="-34.915632" lon="138.581976">
				 <ele>23.2</ele>
			 </trkpt>
			 <trkpt lat="-34.915642" lon="138.582008">
				 <ele>24.5</ele>
			 </trkpt>
			 <trkpt lat="-34.915689" lon="138.582052">
				 <ele>25.9</ele>
			 </trkpt>
			 <trkpt lat="-34.915713" lon="138.582072">
				 <ele>27.4</ele>
			 </trkpt>
			 <trkpt lat="-34.915741" lon="138.582096">
				 <ele>28.7</ele>
			 </trkpt>
			 <trkpt lat="-34.915766" lon="138.582114">
				 <ele>30</ele>
			 </trkpt>
			 <trkpt lat="-34.915795" lon="138.582144">
				 <ele>31.1</ele>
			 </trkpt>
			 <trkpt lat="-34.915813" lon="138.582171">
				 <ele>31.9</ele>
			 </trkpt>
			 <trkpt lat="-34.915827" lon="138.582349">
				 <ele>32.5</ele>
			 </trkpt>
			 <trkpt lat="-34.915827" lon="138.582383">
				 <ele>33</ele>
			 </trkpt>
			 <trkpt lat="-34.915822" lon="138.582529">
				 <ele>33.1</ele>
			 </trkpt>
			 <trkpt lat="-34.915821" lon="138.582563">
				 <ele>32.9</ele>
			 </trkpt>
			 <trkpt lat="-34.915832" lon="138.5827">
				 <ele>32.5</ele>
			 </trkpt>
			 <trkpt lat="-34.915836" lon="138.582735">
				 <ele>31.7</ele>
			 </trkpt>
			 <trkpt lat="-34.915853" lon="138.582807">
				 <ele>30.8</ele>
			 </trkpt>
			 <trkpt lat="-34.915864" lon="138.582841">
				 <ele>29.7</ele>
			 </trkpt>
			 <trkpt lat="-34.915932" lon="138.583136">
				 <ele>28.5</ele>
			 </trkpt>
			 <trkpt lat="-34.91594" lon="138.583169">
				 <ele>27.4</ele>
			 </trkpt>
			 <trkpt lat="-34.915988" lon="138.583348">
				 <ele>26.3</ele>
			 </trkpt>
			 <trkpt lat="-34.915998" lon="138.583382">
				 <ele>25.4</ele>
			 </trkpt>
			 <trkpt lat="-34.916014" lon="138.583414">
				 <ele>24.5</ele>
			 </trkpt>
			 <trkpt lat="-34.916039" lon="138.583435">
				 <ele>23.9</ele>
			 </trkpt>
			 <trkpt lat="-34.916066" lon="138.583452">
				 <ele>23.5</ele>
			 </trkpt>
			 <trkpt lat="-34.916098" lon="138.583454">
				 <ele>23.2</ele>
			 </trkpt>
			 <trkpt lat="-34.916119" lon="138.583476">
				 <ele>23.2</ele>
			 </trkpt>
			 <trkpt lat="-34.915992" lon="138.583834">
				 <ele>23.4</ele>
			 </trkpt>
			 <trkpt lat="-34.915865" lon="138.584185">
				 <ele>23.7</ele>
			 </trkpt>
			 <trkpt lat="-34.91578" lon="138.584422">
				 <ele>24.3</ele>
			 </trkpt>
			 <trkpt lat="-34.915768" lon="138.584455">
				 <ele>24.9</ele>
			 </trkpt>
			 <trkpt lat="-34.915605" lon="138.584779">
				 <ele>25.5</ele>
			 </trkpt>
			 <trkpt lat="-34.915589" lon="138.584812">
				 <ele>26.1</ele>
			 </trkpt>
			 <trkpt lat="-34.915578" lon="138.584843">
				 <ele>26.6</ele>
			 </trkpt>
			 <trkpt lat="-34.915578" lon="138.584882">
				 <ele>27.1</ele>
			 </trkpt>
			 <trkpt lat="-34.915583" lon="138.584914">
				 <ele>27.5</ele>
			 </trkpt>
			 <trkpt lat="-34.915603" lon="138.584944">
				 <ele>27.7</ele>
			 </trkpt>
			 <trkpt lat="-34.915724" lon="138.585047">
				 <ele>27.8</ele>
			 </trkpt>
			 <trkpt lat="-34.915752" lon="138.58507">
				 <ele>27.7</ele>
			 </trkpt>
			 <trkpt lat="-34.915834" lon="138.585144">
				 <ele>27.5</ele>
			 </trkpt>
			 <trkpt lat="-34.915861" lon="138.585168">
				 <ele>27.2</ele>
			 </trkpt>
			 <trkpt lat="-34.91599" lon="138.585334">
				 <ele>26.6</ele>
			 </trkpt>
			 <trkpt lat="-34.916012" lon="138.585363">
				 <ele>26.1</ele>
			 </trkpt>
			 <trkpt lat="-34.916296" lon="138.585587">
				 <ele>25.5</ele>
			 </trkpt>
			 <trkpt lat="-34.916327" lon="138.58561">
				 <ele>24.7</ele>
			 </trkpt>
			 <trkpt lat="-34.91635" lon="138.585627">
				 <ele>24.1</ele>
			 </trkpt>
			 <trkpt lat="-34.916376" lon="138.585647">
				 <ele>23.5</ele>
			 </trkpt>
			 <trkpt lat="-34.916647" lon="138.585843">
				 <ele>22.8</ele>
			 </trkpt>
			 <trkpt lat="-34.916675" lon="138.585863">
				 <ele>22.3</ele>
			 </trkpt>
			 <trkpt lat="-34.916701" lon="138.585883">
				 <ele>21.8</ele>
			 </trkpt>
			 <trkpt lat="-34.916986" lon="138.586047">
				 <ele>21.4</ele>
			 </trkpt>
			 <trkpt lat="-34.917049" lon="138.586083">
				 <ele>21</ele>
			 </trkpt>
			 <trkpt lat="-34.917073" lon="138.586097">
				 <ele>20.7</ele>
			 </trkpt>
			 <trkpt lat="-34.917102" lon="138.586113">
				 <ele>20.5</ele>
			 </trkpt>
			 <trkpt lat="-34.917372" lon="138.58631">
				 <ele>20.5</ele>
			 </trkpt>
			 <trkpt lat="-34.917396" lon="138.586328">
				 <ele>20.5</ele>
			 </trkpt>
			 <trkpt lat="-34.917419" lon="138.586345">
				 <ele>20.5</ele>
			 </trkpt>
			 <trkpt lat="-34.917625" lon="138.586539">
				 <ele>20.6</ele>
			 </trkpt>
			 <trkpt lat="-34.917646" lon="138.58656">
				 <ele>20.9</ele>
			 </trkpt>
			 <trkpt lat="-34.917807" lon="138.586639">
				 <ele>21.2</ele>
			 </trkpt>
			 <trkpt lat="-34.917833" lon="138.586652">
				 <ele>21.5</ele>
			 </trkpt>
			 <trkpt lat="-34.917892" lon="138.5867">
				 <ele>22</ele>
			 </trkpt>
			 <trkpt lat="-34.917915" lon="138.586719">
				 <ele>22.5</ele>
			 </trkpt>
			 <trkpt lat="-34.917944" lon="138.586737">
				 <ele>22.9</ele>
			 </trkpt>
			 <trkpt lat="-34.918083" lon="138.586864">
				 <ele>23.4</ele>
			 </trkpt>
			 <trkpt lat="-34.918105" lon="138.586884">
				 <ele>23.8</ele>
			 </trkpt>
			 <trkpt lat="-34.918131" lon="138.586908">
				 <ele>24.4</ele>
			 </trkpt>
			 <trkpt lat="-34.918335" lon="138.5872">
				 <ele>24.8</ele>
			 </trkpt>
			 <trkpt lat="-34.918353" lon="138.587227">
				 <ele>25.3</ele>
			 </trkpt>
			 <trkpt lat="-34.918374" lon="138.587257">
				 <ele>25.6</ele>
			 </trkpt>
			 <trkpt lat="-34.918542" lon="138.587548">
				 <ele>26</ele>
			 </trkpt>
			 <trkpt lat="-34.918558" lon="138.587575">
				 <ele>26.4</ele>
			 </trkpt>
			 <trkpt lat="-34.918576" lon="138.587607">
				 <ele>26.6</ele>
			 </trkpt>
			 <trkpt lat="-34.918693" lon="138.587962">
				 <ele>26.9</ele>
			 </trkpt>
			 <trkpt lat="-34.918737" lon="138.588095">
				 <ele>27.2</ele>
			 </trkpt>
			 <trkpt lat="-34.918747" lon="138.588126">
				 <ele>27.5</ele>
			 </trkpt>
			 <trkpt lat="-34.918758" lon="138.588161">
				 <ele>27.7</ele>
			 </trkpt>
			 <trkpt lat="-34.91882" lon="138.588536">
				 <ele>27.9</ele>
			 </trkpt>
			 <trkpt lat="-34.91883" lon="138.5886">
				 <ele>28.1</ele>
			 </trkpt>
			 <trkpt lat="-34.918836" lon="138.588633">
				 <ele>28.3</ele>
			 </trkpt>
			 <trkpt lat="-34.918842" lon="138.588671">
				 <ele>28.5</ele>
			 </trkpt>
			 <trkpt lat="-34.918935" lon="138.589036">
				 <ele>28.8</ele>
			 </trkpt>
			 <trkpt lat="-34.918947" lon="138.589084">
				 <ele>29</ele>
			 </trkpt>
			 <trkpt lat="-34.918955" lon="138.589117">
				 <ele>29.2</ele>
			 </trkpt>
			 <trkpt lat="-34.918965" lon="138.589153">
				 <ele>29.4</ele>
			 </trkpt>
			 <trkpt lat="-34.918988" lon="138.589374">
				 <ele>29.6</ele>
			 </trkpt>
			 <trkpt lat="-34.918992" lon="138.589406">
				 <ele>29.8</ele>
			 </trkpt>
			 <trkpt lat="-34.918996" lon="138.589443">
				 <ele>30</ele>
			 </trkpt>
			 <trkpt lat="-34.918938" lon="138.589613">
				 <ele>30.2</ele>
			 </trkpt>
			 <trkpt lat="-34.918928" lon="138.589644">
				 <ele>30.3</ele>
			 </trkpt>
			 <trkpt lat="-34.918917" lon="138.589679">
				 <ele>30.4</ele>
			 </trkpt>
			 <trkpt lat="-34.918993" lon="138.590051">
				 <ele>30.4</ele>
			 </trkpt>
			 <trkpt lat="-34.919039" lon="138.590276">
				 <ele>30.4</ele>
			 </trkpt>
			 <trkpt lat="-34.919045" lon="138.590308">
				 <ele>30.4</ele>
			 </trkpt>
			 <trkpt lat="-34.919053" lon="138.590345">
				 <ele>30.3</ele>
			 </trkpt>
			 <trkpt lat="-34.919165" lon="138.590703">
				 <ele>30.2</ele>
			 </trkpt>
			 <trkpt lat="-34.919194" lon="138.590797">
				 <ele>29.9</ele>
			 </trkpt>
			 <trkpt lat="-34.919204" lon="138.590828">
				 <ele>29.6</ele>
			 </trkpt>
			 <trkpt lat="-34.919216" lon="138.590865">
				 <ele>29.4</ele>
			 </trkpt>
			 <trkpt lat="-34.91933" lon="138.591168">
				 <ele>29.1</ele>
			 </trkpt>
			 <trkpt lat="-34.919341" lon="138.591198">
				 <ele>28.8</ele>
			 </trkpt>
			 <trkpt lat="-34.919355" lon="138.591233">
				 <ele>28.5</ele>
			 </trkpt>
			 <trkpt lat="-34.919415" lon="138.591427">
				 <ele>28.3</ele>
			 </trkpt>
			 <trkpt lat="-34.919425" lon="138.591459">
				 <ele>28</ele>
			 </trkpt>
			 <trkpt lat="-34.919437" lon="138.591495">
				 <ele>27.7</ele>
			 </trkpt>
			 <trkpt lat="-34.919483" lon="138.591611">
				 <ele>27.5</ele>
			 </trkpt>
			 <trkpt lat="-34.919496" lon="138.591642">
				 <ele>27.4</ele>
			 </trkpt>
			 <trkpt lat="-34.919511" lon="138.591678">
				 <ele>27.2</ele>
			 </trkpt>
			 <trkpt lat="-34.919529" lon="138.591778">
				 <ele>27</ele>
			 </trkpt>
			 <trkpt lat="-34.919536" lon="138.591812">
				 <ele>26.8</ele>
			 </trkpt>
			 <trkpt lat="-34.919544" lon="138.591851">
				 <ele>26.6</ele>
			 </trkpt>
			 <trkpt lat="-34.919542" lon="138.591959">
				 <ele>26.5</ele>
			 </trkpt>
			 <trkpt lat="-34.919542" lon="138.591993">
				 <ele>26.5</ele>
			 </trkpt>
			 <trkpt lat="-34.919541" lon="138.592033">
				 <ele>26.4</ele>
			 </trkpt>
			 <trkpt lat="-34.919551" lon="138.592184">
				 <ele>26.3</ele>
			 </trkpt>
			 <trkpt lat="-34.919554" lon="138.592219">
				 <ele>26.2</ele>
			 </trkpt>
			 <trkpt lat="-34.919557" lon="138.592258">
				 <ele>26.1</ele>
			 </trkpt>
			 <trkpt lat="-34.919574" lon="138.592454">
				 <ele>26</ele>
			 </trkpt>
			 <trkpt lat="-34.919577" lon="138.592489">
				 <ele>26</ele>
			 </trkpt>
			 <trkpt lat="-34.919581" lon="138.592528">
				 <ele>26</ele>
			 </trkpt>
			 <trkpt lat="-34.919585" lon="138.592735">
				 <ele>26</ele>
			 </trkpt>
			 <trkpt lat="-34.919585" lon="138.59277">
				 <ele>26</ele>
			 </trkpt>
			 <trkpt lat="-34.919586" lon="138.59281">
				 <ele>26</ele>
			 </trkpt>
			 <trkpt lat="-34.919572" lon="138.593192">
				 <ele>26</ele>
			 </trkpt>
			 <trkpt lat="-34.919568" lon="138.593278">
				 <ele>26</ele>
			 </trkpt>
			 <trkpt lat="-34.919567" lon="138.593314">
				 <ele>26</ele>
			 </trkpt>
			 <trkpt lat="-34.919566" lon="138.593354">
				 <ele>26</ele>
			 </trkpt>
			 <trkpt lat="-34.919546" lon="138.593737">
				 <ele>26</ele>
			 </trkpt>
			 <trkpt lat="-34.919535" lon="138.593958">
				 <ele>26</ele>
			 </trkpt>
			 <trkpt lat="-34.919533" lon="138.593993">
				 <ele>26</ele>
			 </trkpt>
			 <trkpt lat="-34.919531" lon="138.594033">
				 <ele>26</ele>
			 </trkpt>
			 <trkpt lat="-34.919523" lon="138.594416">
				 <ele>26</ele>
			 </trkpt>
			 <trkpt lat="-34.919519" lon="138.594611">
				 <ele>26.1</ele>
			 </trkpt>
			 <trkpt lat="-34.919518" lon="138.594646">
				 <ele>26.2</ele>
			 </trkpt>
			 <trkpt lat="-34.919517" lon="138.594686">
				 <ele>26.3</ele>
			 </trkpt>
			 <trkpt lat="-34.919522" lon="138.594851">
				 <ele>26.4</ele>
			 </trkpt>
			 <trkpt lat="-34.919523" lon="138.594887">
				 <ele>26.5</ele>
			 </trkpt>
			 <trkpt lat="-34.919524" lon="138.594928">
				 <ele>26.5</ele>
			 </trkpt>
			 <trkpt lat="-34.919548" lon="138.595124">
				 <ele>26.6</ele>
			 </trkpt>
			 <trkpt lat="-34.919553" lon="138.59516">
				 <ele>26.7</ele>
			 </trkpt>
			 <trkpt lat="-34.919558" lon="138.5952">
				 <ele>26.8</ele>
			 </trkpt>
			 <trkpt lat="-34.919561" lon="138.5954">
				 <ele>26.9</ele>
			 </trkpt>
			 <trkpt lat="-34.919561" lon="138.595436">
				 <ele>27</ele>
			 </trkpt>
			 <trkpt lat="-34.919562" lon="138.595477">
				 <ele>26.9</ele>
			 </trkpt>
			 <trkpt lat="-34.919555" lon="138.595557">
				 <ele>26.8</ele>
			 </trkpt>
			 <trkpt lat="-34.919553" lon="138.595594">
				 <ele>26.7</ele>
			 </trkpt>
			 <trkpt lat="-34.91955" lon="138.595627">
				 <ele>26.5</ele>
			 </trkpt>
			 <trkpt lat="-34.91953" lon="138.595783">
				 <ele>26.4</ele>
			 </trkpt>
			 <trkpt lat="-34.919525" lon="138.595819">
				 <ele>26.2</ele>
			 </trkpt>
			 <trkpt lat="-34.919521" lon="138.595851">
				 <ele>26</ele>
			 </trkpt>
			 <trkpt lat="-34.919482" lon="138.596005">
				 <ele>25.7</ele>
			 </trkpt>
			 <trkpt lat="-34.919473" lon="138.59604">
				 <ele>25.5</ele>
			 </trkpt>
			 <trkpt lat="-34.919465" lon="138.596071">
				 <ele>25.2</ele>
			 </trkpt>
			 <trkpt lat="-34.919377" lon="138.596333">
				 <ele>24.9</ele>
			 </trkpt>
			 <trkpt lat="-34.919366" lon="138.596367">
				 <ele>24.7</ele>
			 </trkpt>
			 <trkpt lat="-34.919356" lon="138.596398">
				 <ele>24.5</ele>
			 </trkpt>
			 <trkpt lat="-34.919314" lon="138.596487">
				 <ele>24.4</ele>
			 </trkpt>
			 <trkpt lat="-34.919299" lon="138.59652">
				 <ele>24.3</ele>
			 </trkpt>
			 <trkpt lat="-34.919285" lon="138.59655">
				 <ele>24.2</ele>
			 </trkpt>
			 <trkpt lat="-34.919148" lon="138.596818">
				 <ele>24.1</ele>
			 </trkpt>
			 <trkpt lat="-34.919132" lon="138.59685">
				 <ele>24</ele>
			 </trkpt>
			 <trkpt lat="-34.919117" lon="138.596878">
				 <ele>24</ele>
			 </trkpt>
			 <trkpt lat="-34.919037" lon="138.597004">
				 <ele>24</ele>
			 </trkpt>
			 <trkpt lat="-34.919018" lon="138.597034">
				 <ele>24</ele>
			 </trkpt>
			 <trkpt lat="-34.919001" lon="138.597061">
				 <ele>24</ele>
			 </trkpt>
			 <trkpt lat="-34.918822" lon="138.59729">
				 <ele>24</ele>
			 </trkpt>
			 <trkpt lat="-34.9188" lon="138.597318">
				 <ele>24.1</ele>
			 </trkpt>
			 <trkpt lat="-34.91878" lon="138.597344">
				 <ele>24.2</ele>
			 </trkpt>
			 <trkpt lat="-34.918714" lon="138.597415">
				 <ele>24.4</ele>
			 </trkpt>
			 <trkpt lat="-34.918689" lon="138.597441">
				 <ele>24.5</ele>
			 </trkpt>
			 <trkpt lat="-34.918668" lon="138.597465">
				 <ele>24.7</ele>
			 </trkpt>
			 <trkpt lat="-34.918644" lon="138.597484">
				 <ele>25</ele>
			 </trkpt>
			 <trkpt lat="-34.918616" lon="138.597506">
				 <ele>25.3</ele>
			 </trkpt>
			 <trkpt lat="-34.918314" lon="138.597684">
				 <ele>25.5</ele>
			 </trkpt>
			 <trkpt lat="-34.918029" lon="138.597849">
				 <ele>25.9</ele>
			 </trkpt>
			 <trkpt lat="-34.917978" lon="138.597878">
				 <ele>26.3</ele>
			 </trkpt>
			 <trkpt lat="-34.917948" lon="138.597895">
				 <ele>26.6</ele>
			 </trkpt>
			 <trkpt lat="-34.917922" lon="138.597911">
				 <ele>27</ele>
			 </trkpt>
			 <trkpt lat="-34.917628" lon="138.598075">
				 <ele>27.4</ele>
			 </trkpt>
			 <trkpt lat="-34.917449" lon="138.598175">
				 <ele>27.6</ele>
			 </trkpt>
			 <trkpt lat="-34.917418" lon="138.598192">
				 <ele>27.9</ele>
			 </trkpt>
			 <trkpt lat="-34.91739" lon="138.598207">
				 <ele>28.3</ele>
			 </trkpt>
			 <trkpt lat="-34.917216" lon="138.598329">
				 <ele>28.5</ele>
			 </trkpt>
			 <trkpt lat="-34.917186" lon="138.59835">
				 <ele>28.8</ele>
			 </trkpt>
			 <trkpt lat="-34.91716" lon="138.598369">
				 <ele>29.1</ele>
			 </trkpt>
			 <trkpt lat="-34.916874" lon="138.598554">
				 <ele>29.3</ele>
			 </trkpt>
			 <trkpt lat="-34.916848" lon="138.59857">
				 <ele>29.5</ele>
			 </trkpt>
			 <trkpt lat="-34.916818" lon="138.598589">
				 <ele>29.6</ele>
			 </trkpt>
			 <trkpt lat="-34.916792" lon="138.598606">
				 <ele>29.7</ele>
			 </trkpt>
			 <trkpt lat="-34.916716" lon="138.598655">
				 <ele>29.8</ele>
			 </trkpt>
			 <trkpt lat="-34.916686" lon="138.598674">
				 <ele>29.9</ele>
			 </trkpt>
			 <trkpt lat="-34.916659" lon="138.598691">
				 <ele>30</ele>
			 </trkpt>
			 <trkpt lat="-34.916637" lon="138.598715">
				 <ele>30</ele>
			 </trkpt>
			 <trkpt lat="-34.916614" lon="138.598745">
				 <ele>30</ele>
			 </trkpt>
			 <trkpt lat="-34.916544" lon="138.599119">
				 <ele>30</ele>
			 </trkpt>
			 <trkpt lat="-34.916539" lon="138.599157">
				 <ele>30</ele>
			 </trkpt>
			 <trkpt lat="-34.916533" lon="138.599193">
				 <ele>30</ele>
			 </trkpt>
			 <trkpt lat="-34.916532" lon="138.599227">
				 <ele>30</ele>
			 </trkpt>
			 <trkpt lat="-34.916532" lon="138.599268">
				 <ele>30</ele>
			 </trkpt>
			 <trkpt lat="-34.916533" lon="138.599304">
				 <ele>30</ele>
			 </trkpt>
			 <trkpt lat="-34.916506" lon="138.599446">
				 <ele>30</ele>
			 </trkpt>
			 <trkpt lat="-34.916498" lon="138.599486">
				 <ele>30</ele>
			 </trkpt>
			 <trkpt lat="-34.916491" lon="138.599521">
				 <ele>30.1</ele>
			 </trkpt>
			 <trkpt lat="-34.9165" lon="138.599649">
				 <ele>30.2</ele>
			 </trkpt>
			 <trkpt lat="-34.916504" lon="138.59969">
				 <ele>30.3</ele>
			 </trkpt>
			 <trkpt lat="-34.916508" lon="138.599726">
				 <ele>30.5</ele>
			 </trkpt>
			 <trkpt lat="-34.916513" lon="138.599832">
				 <ele>30.7</ele>
			 </trkpt>
			 <trkpt lat="-34.916515" lon="138.599873">
				 <ele>31.1</ele>
			 </trkpt>
			 <trkpt lat="-34.916517" lon="138.599909">
				 <ele>31.5</ele>
			 </trkpt>
			 <trkpt lat="-34.916517" lon="138.599942">
				 <ele>31.8</ele>
			 </trkpt>
			 <trkpt lat="-34.916516" lon="138.599979">
				 <ele>32.3</ele>
			 </trkpt>
			 <trkpt lat="-34.916538" lon="138.60001">
				 <ele>32.7</ele>
			 </trkpt>
			 <trkpt lat="-34.916563" lon="138.600033">
				 <ele>33.3</ele>
			 </trkpt>
			 <trkpt lat="-34.916687" lon="138.600127">
				 <ele>33.7</ele>
			 </trkpt>
			 <trkpt lat="-34.916717" lon="138.60015">
				 <ele>34.3</ele>
			 </trkpt>
			 <trkpt lat="-34.91674" lon="138.600168">
				 <ele>34.9</ele>
			 </trkpt>
			 <trkpt lat="-34.916775" lon="138.600192">
				 <ele>35.5</ele>
			 </trkpt>
			 <trkpt lat="-34.916799" lon="138.600207">
				 <ele>36</ele>
			 </trkpt>
			 <trkpt lat="-34.916823" lon="138.600223">
				 <ele>36.5</ele>
			 </trkpt>
			 <trkpt lat="-34.916919" lon="138.600278">
				 <ele>37</ele>
			 </trkpt>
			 <trkpt lat="-34.916944" lon="138.600291">
				 <ele>37.5</ele>
			 </trkpt>
			 <trkpt lat="-34.916969" lon="138.600305">
				 <ele>38</ele>
			 </trkpt>
			 <trkpt lat="-34.916998" lon="138.600324">
				 <ele>38.5</ele>
			 </trkpt>
			 <trkpt lat="-34.91702" lon="138.600356">
				 <ele>38.8</ele>
			 </trkpt>
			 <trkpt lat="-34.917033" lon="138.600385">
				 <ele>39.2</ele>
			 </trkpt>
			 <trkpt lat="-34.917045" lon="138.600597">
				 <ele>39.4</ele>
			 </trkpt>
			 <trkpt lat="-34.917046" lon="138.600639">
				 <ele>39.5</ele>
			 </trkpt>
			 <trkpt lat="-34.917048" lon="138.600676">
				 <ele>39.5</ele>
			 </trkpt>
			 <trkpt lat="-34.917061" lon="138.600829">
				 <ele>39.5</ele>
			 </trkpt>
			 <trkpt lat="-34.917065" lon="138.600871">
				 <ele>39.5</ele>
			 </trkpt>
			 <trkpt lat="-34.917069" lon="138.600909">
				 <ele>39.3</ele>
			 </trkpt>
			 <trkpt lat="-34.917088" lon="138.601046">
				 <ele>39</ele>
			 </trkpt>
			 <trkpt lat="-34.917092" lon="138.601078">
				 <ele>38.6</ele>
			 </trkpt>
			 <trkpt lat="-34.917097" lon="138.60111">
				 <ele>38.3</ele>
			 </trkpt>
			 <trkpt lat="-34.917139" lon="138.601292">
				 <ele>37.8</ele>
			 </trkpt>
			 <trkpt lat="-34.917147" lon="138.601323">
				 <ele>37.3</ele>
			 </trkpt>
			 <trkpt lat="-34.917155" lon="138.601354">
				 <ele>36.7</ele>
			 </trkpt>
			 <trkpt lat="-34.917237" lon="138.601643">
				 <ele>36.2</ele>
			 </trkpt>
			 <trkpt lat="-34.917249" lon="138.601683">
				 <ele>35.5</ele>
			 </trkpt>
			 <trkpt lat="-34.917259" lon="138.601718">
				 <ele>34.9</ele>
			 </trkpt>
			 <trkpt lat="-34.917375" lon="138.602062">
				 <ele>34.3</ele>
			 </trkpt>
			 <trkpt lat="-34.917389" lon="138.602102">
				 <ele>33.6</ele>
			 </trkpt>
			 <trkpt lat="-34.917399" lon="138.602132">
				 <ele>33</ele>
			 </trkpt>
			 <trkpt lat="-34.917455" lon="138.602306">
				 <ele>32.5</ele>
			 </trkpt>
			 <trkpt lat="-34.917465" lon="138.602337">
				 <ele>31.9</ele>
			 </trkpt>
			 <trkpt lat="-34.917475" lon="138.602367">
				 <ele>31.4</ele>
			 </trkpt>
			 <trkpt lat="-34.9176" lon="138.602749">
				 <ele>30.9</ele>
			 </trkpt>
			 <trkpt lat="-34.91763" lon="138.602842">
				 <ele>30.5</ele>
			 </trkpt>
			 <trkpt lat="-34.91764" lon="138.602872">
				 <ele>30.2</ele>
			 </trkpt>
			 <trkpt lat="-34.91765" lon="138.602903">
				 <ele>29.8</ele>
			 </trkpt>
			 <trkpt lat="-34.917704" lon="138.603077">
				 <ele>29.5</ele>
			 </trkpt>
			 <trkpt lat="-34.917714" lon="138.603107">
				 <ele>29.2</ele>
			 </trkpt>
			 <trkpt lat="-34.917724" lon="138.603138">
				 <ele>28.9</ele>
			 </trkpt>
			 <trkpt lat="-34.917766" lon="138.603304">
				 <ele>28.7</ele>
			 </trkpt>
			 <trkpt lat="-34.917773" lon="138.603336">
				 <ele>28.5</ele>
			 </trkpt>
			 <trkpt lat="-34.917781" lon="138.603368">
				 <ele>28.2</ele>
			 </trkpt>
			 <trkpt lat="-34.917803" lon="138.603544">
				 <ele>28</ele>
			 </trkpt>
			 <trkpt lat="-34.917807" lon="138.603577">
				 <ele>27.8</ele>
			 </trkpt>
			 <trkpt lat="-34.91781" lon="138.60361">
				 <ele>27.6</ele>
			 </trkpt>
			 <trkpt lat="-34.917815" lon="138.603775">
				 <ele>27.5</ele>
			 </trkpt>
			 <trkpt lat="-34.917816" lon="138.603808">
				 <ele>27.5</ele>
			 </trkpt>
			 <trkpt lat="-34.917817" lon="138.603842">
				 <ele>27.5</ele>
			 </trkpt>
			 <trkpt lat="-34.917814" lon="138.603918">
				 <ele>27.5</ele>
			 </trkpt>
			 <trkpt lat="-34.917811" lon="138.603952">
				 <ele>27.6</ele>
			 </trkpt>
			 <trkpt lat="-34.917808" lon="138.603986">
				 <ele>27.7</ele>
			 </trkpt>
			 <trkpt lat="-34.917799" lon="138.604053">
				 <ele>28</ele>
			 </trkpt>
			 <trkpt lat="-34.917794" lon="138.604086">
				 <ele>28.4</ele>
			 </trkpt>
			 <trkpt lat="-34.917788" lon="138.60412">
				 <ele>28.7</ele>
			 </trkpt>
			 <trkpt lat="-34.917741" lon="138.604345">
				 <ele>29.2</ele>
			 </trkpt>
			 <trkpt lat="-34.917735" lon="138.604377">
				 <ele>29.7</ele>
			 </trkpt>
			 <trkpt lat="-34.917728" lon="138.60441">
				 <ele>30.2</ele>
			 </trkpt>
			 <trkpt lat="-34.917708" lon="138.604482">
				 <ele>30.7</ele>
			 </trkpt>
			 <trkpt lat="-34.917699" lon="138.604515">
				 <ele>31.4</ele>
			 </trkpt>
			 <trkpt lat="-34.91769" lon="138.604548">
				 <ele>32</ele>
			 </trkpt>
			 <trkpt lat="-34.917658" lon="138.60464">
				 <ele>32.6</ele>
			 </trkpt>
			 <trkpt lat="-34.917646" lon="138.604671">
				 <ele>33.4</ele>
			 </trkpt>
			 <trkpt lat="-34.917635" lon="138.604703">
				 <ele>34.1</ele>
			 </trkpt>
			 <trkpt lat="-34.91753" lon="138.60489">
				 <ele>34.7</ele>
			 </trkpt>
			 <trkpt lat="-34.917514" lon="138.604919">
				 <ele>35.5</ele>
			 </trkpt>
			 <trkpt lat="-34.917497" lon="138.604947">
				 <ele>36.1</ele>
			 </trkpt>
			 <trkpt lat="-34.917357" lon="138.605136">
				 <ele>36.7</ele>
			 </trkpt>
			 <trkpt lat="-34.917337" lon="138.605162">
				 <ele>37.4</ele>
			 </trkpt>
			 <trkpt lat="-34.917317" lon="138.605188">
				 <ele>38</ele>
			 </trkpt>
			 <trkpt lat="-34.917068" lon="138.605467">
				 <ele>38.5</ele>
			 </trkpt>
			 <trkpt lat="-34.91703" lon="138.605508">
				 <ele>39.1</ele>
			 </trkpt>
			 <trkpt lat="-34.917009" lon="138.605532">
				 <ele>39.6</ele>
			 </trkpt>
			 <trkpt lat="-34.916987" lon="138.605556">
				 <ele>40.1</ele>
			 </trkpt>
			 <trkpt lat="-34.916959" lon="138.605591">
				 <ele>40.5</ele>
			 </trkpt>
			 <trkpt lat="-34.916941" lon="138.605618">
				 <ele>40.9</ele>
			 </trkpt>
			 <trkpt lat="-34.916923" lon="138.605647">
				 <ele>41.3</ele>
			 </trkpt>
			 <trkpt lat="-34.916902" lon="138.605682">
				 <ele>41.6</ele>
			 </trkpt>
			 <trkpt lat="-34.916887" lon="138.605713">
				 <ele>41.9</ele>
			 </trkpt>
			 <trkpt lat="-34.916873" lon="138.605744">
				 <ele>42.2</ele>
			 </trkpt>
			 <trkpt lat="-34.916822" lon="138.605853">
				 <ele>42.4</ele>
			 </trkpt>
			 <trkpt lat="-34.916808" lon="138.605884">
				 <ele>42.5</ele>
			 </trkpt>
			 <trkpt lat="-34.916793" lon="138.605915">
				 <ele>42.7</ele>
			 </trkpt>
			 <trkpt lat="-34.916776" lon="138.605951">
				 <ele>42.8</ele>
			 </trkpt>
			 <trkpt lat="-34.916759" lon="138.605981">
				 <ele>42.9</ele>
			 </trkpt>
			 <trkpt lat="-34.916741" lon="138.606137">
				 <ele>43</ele>
			 </trkpt>
			 <trkpt lat="-34.916739" lon="138.606172">
				 <ele>43</ele>
			 </trkpt>
			 <trkpt lat="-34.916736" lon="138.606208">
				 <ele>43</ele>
			 </trkpt>
			 <trkpt lat="-34.91662" lon="138.606408">
				 <ele>43</ele>
			 </trkpt>
			 <trkpt lat="-34.916601" lon="138.606436">
				 <ele>43</ele>
			 </trkpt>
			 <trkpt lat="-34.916582" lon="138.606465">
				 <ele>42.9</ele>
			 </trkpt>
			 <trkpt lat="-34.916453" lon="138.606845">
				 <ele>42.8</ele>
			 </trkpt>
			 <trkpt lat="-34.916428" lon="138.606923">
				 <ele>42.7</ele>
			 </trkpt>
			 <trkpt lat="-34.916417" lon="138.606957">
				 <ele>42.5</ele>
			 </trkpt>
			 <trkpt lat="-34.916406" lon="138.606991">
				 <ele>42.4</ele>
			 </trkpt>
			 <trkpt lat="-34.916369" lon="138.607162">
				 <ele>42.2</ele>
			 </trkpt>
			 <trkpt lat="-34.916363" lon="138.607196">
				 <ele>41.9</ele>
			 </trkpt>
			 <trkpt lat="-34.916356" lon="138.607231">
				 <ele>41.6</ele>
			 </trkpt>
			 <trkpt lat="-34.916338" lon="138.607386">
				 <ele>41.4</ele>
			 </trkpt>
			 <trkpt lat="-34.916335" lon="138.607422">
				 <ele>41.1</ele>
			 </trkpt>
			 <trkpt lat="-34.916331" lon="138.607457">
				 <ele>40.7</ele>
			 </trkpt>
			 <trkpt lat="-34.916334" lon="138.607543">
				 <ele>40.5</ele>
			 </trkpt>
			 <trkpt lat="-34.916338" lon="138.607579">
				 <ele>40.2</ele>
			 </trkpt>
			 <trkpt lat="-34.916342" lon="138.607615">
				 <ele>39.9</ele>
			 </trkpt>
			 <trkpt lat="-34.916361" lon="138.607986">
				 <ele>39.7</ele>
			 </trkpt>
			 <trkpt lat="-34.916363" lon="138.608021">
				 <ele>39.5</ele>
			 </trkpt>
			 <trkpt lat="-34.916365" lon="138.608057">
				 <ele>39.4</ele>
			 </trkpt>
			 <trkpt lat="-34.91638" lon="138.608302">
				 <ele>39.3</ele>
			 </trkpt>
			 <trkpt lat="-34.916382" lon="138.608338">
				 <ele>39.2</ele>
			 </trkpt>
			 <trkpt lat="-34.916385" lon="138.608374">
				 <ele>39.1</ele>
			 </trkpt>
			 <trkpt lat="-34.916388" lon="138.608412">
				 <ele>38.9</ele>
			 </trkpt>
			 <trkpt lat="-34.916391" lon="138.608449">
				 <ele>38.8</ele>
			 </trkpt>
			 <trkpt lat="-34.916699" lon="138.608557">
				 <ele>38.7</ele>
			 </trkpt>
			 <trkpt lat="-34.916886" lon="138.608611">
				 <ele>38.6</ele>
			 </trkpt>
			 <trkpt lat="-34.916918" lon="138.608621">
				 <ele>38.5</ele>
			 </trkpt>
			 <trkpt lat="-34.91695" lon="138.60863">
				 <ele>38.5</ele>
			 </trkpt>
			 <trkpt lat="-34.91729" lon="138.608663">
				 <ele>38.3</ele>
			 </trkpt>
			 <trkpt lat="-34.917321" lon="138.608665">
				 <ele>38.1</ele>
			 </trkpt>
			 <trkpt lat="-34.917353" lon="138.608667">
				 <ele>37.9</ele>
			 </trkpt>
			 <trkpt lat="-34.917574" lon="138.608688">
				 <ele>37.7</ele>
			 </trkpt>
			 <trkpt lat="-34.917607" lon="138.608691">
				 <ele>37.5</ele>
			 </trkpt>
			 <trkpt lat="-34.91764" lon="138.608694">
				 <ele>37.5</ele>
			 </trkpt>
			 <trkpt lat="-34.917906" lon="138.608725">
				 <ele>37.4</ele>
			 </trkpt>
			 <trkpt lat="-34.917939" lon="138.608729">
				 <ele>37.3</ele>
			 </trkpt>
			 <trkpt lat="-34.917973" lon="138.608733">
				 <ele>37.2</ele>
			 </trkpt>
			 <trkpt lat="-34.918039" lon="138.608746">
				 <ele>37.1</ele>
			 </trkpt>
			 <trkpt lat="-34.918071" lon="138.608754">
				 <ele>37</ele>
			 </trkpt>
			 <trkpt lat="-34.918102" lon="138.608761">
				 <ele>37.1</ele>
			 </trkpt>
			 <trkpt lat="-34.918128" lon="138.608768">
				 <ele>37.2</ele>
			 </trkpt>
			 <trkpt lat="-34.918154" lon="138.608787">
				 <ele>37.3</ele>
			 </trkpt>
			 <trkpt lat="-34.918178" lon="138.608808">
				 <ele>37.4</ele>
			 </trkpt>
			 <trkpt lat="-34.918195" lon="138.60884">
				 <ele>37.5</ele>
			 </trkpt>
			 <trkpt lat="-34.91821" lon="138.608867">
				 <ele>37.8</ele>
			 </trkpt>
			 <trkpt lat="-34.918298" lon="138.609021">
				 <ele>38.1</ele>
			 </trkpt>
			 <trkpt lat="-34.918316" lon="138.609052">
				 <ele>38.5</ele>
			 </trkpt>
			 <trkpt lat="-34.918335" lon="138.609084">
				 <ele>38.8</ele>
			 </trkpt>
			 <trkpt lat="-34.918588" lon="138.60936">
				 <ele>39.3</ele>
			 </trkpt>
			 <trkpt lat="-34.918612" lon="138.609385">
				 <ele>39.8</ele>
			 </trkpt>
			 <trkpt lat="-34.918637" lon="138.609411">
				 <ele>40.3</ele>
			 </trkpt>
			 <trkpt lat="-34.918815" lon="138.609567">
				 <ele>40.8</ele>
			 </trkpt>
			 <trkpt lat="-34.918842" lon="138.60959">
				 <ele>41.5</ele>
			 </trkpt>
			 <trkpt lat="-34.918869" lon="138.609614">
				 <ele>42.1</ele>
			 </trkpt>
			 <trkpt lat="-34.918962" lon="138.609723">
				 <ele>42.7</ele>
			 </trkpt>
			 <trkpt lat="-34.918984" lon="138.609752">
				 <ele>43.4</ele>
			 </trkpt>
			 <trkpt lat="-34.919007" lon="138.609781">
				 <ele>44</ele>
			 </trkpt>
			 <trkpt lat="-34.919118" lon="138.609987">
				 <ele>44.5</ele>
			 </trkpt>
			 <trkpt lat="-34.919135" lon="138.61002">
				 <ele>45.2</ele>
			 </trkpt>
			 <trkpt lat="-34.919152" lon="138.610053">
				 <ele>45.7</ele>
			 </trkpt>
			 <trkpt lat="-34.919212" lon="138.610218">
				 <ele>46.2</ele>
			 </trkpt>
			 <trkpt lat="-34.919225" lon="138.610254">
				 <ele>46.6</ele>
			 </trkpt>
			 <trkpt lat="-34.919237" lon="138.61029">
				 <ele>47</ele>
			 </trkpt>
			 <trkpt lat="-34.919261" lon="138.610375">
				 <ele>47.3</ele>
			 </trkpt>
			 <trkpt lat="-34.919271" lon="138.610412">
				 <ele>47.5</ele>
			 </trkpt>
			 <trkpt lat="-34.919281" lon="138.61045">
				 <ele>47.7</ele>
			 </trkpt>
			 <trkpt lat="-34.919603" lon="138.610518">
				 <ele>47.8</ele>
			 </trkpt>
			 <trkpt lat="-34.919917" lon="138.610556">
				 <ele>47.9</ele>
			 </trkpt>
			 <trkpt lat="-34.92023" lon="138.610594">
				 <ele>48</ele>
			 </trkpt>
			 <trkpt lat="-34.920544" lon="138.610633">
				 <ele>47.9</ele>
			 </trkpt>
			 <trkpt lat="-34.920614" lon="138.610641">
				 <ele>47.8</ele>
			 </trkpt>
			 <trkpt lat="-34.920645" lon="138.610645">
				 <ele>47.7</ele>
			 </trkpt>
			 <trkpt lat="-34.920678" lon="138.610649">
				 <ele>47.6</ele>
			 </trkpt>
			 <trkpt lat="-34.920707" lon="138.610653">
				 <ele>47.5</ele>
			 </trkpt>
			 <trkpt lat="-34.920729" lon="138.610677">
				 <ele>47.3</ele>
			 </trkpt>
			 <trkpt lat="-34.920746" lon="138.610711">
				 <ele>47</ele>
			 </trkpt>
			 <trkpt lat="-34.920784" lon="138.610819">
				 <ele>46.7</ele>
			 </trkpt>
			 <trkpt lat="-34.920797" lon="138.610855">
				 <ele>46.5</ele>
			 </trkpt>
			 <trkpt lat="-34.92081" lon="138.610892">
				 <ele>46.2</ele>
			 </trkpt>
			 <trkpt lat="-34.92082" lon="138.610922">
				 <ele>45.9</ele>
			 </trkpt>
			 <trkpt lat="-34.920827" lon="138.610957">
				 <ele>45.7</ele>
			 </trkpt>
			 <trkpt lat="-34.920834" lon="138.610989">
				 <ele>45.5</ele>
			 </trkpt>
			 <trkpt lat="-34.920829" lon="138.611092">
				 <ele>45.4</ele>
			 </trkpt>
			 <trkpt lat="-34.920826" lon="138.611132">
				 <ele>45.2</ele>
			 </trkpt>
			 <trkpt lat="-34.920824" lon="138.611172">
				 <ele>45.1</ele>
			 </trkpt>
			 <trkpt lat="-34.920819" lon="138.611268">
				 <ele>45</ele>
			 </trkpt>
			 <trkpt lat="-34.920817" lon="138.611309">
				 <ele>45</ele>
			 </trkpt>
			 <trkpt lat="-34.920816" lon="138.611349">
				 <ele>45</ele>
			 </trkpt>
			 <trkpt lat="-34.920811" lon="138.611425">
				 <ele>45.1</ele>
			 </trkpt>
			 <trkpt lat="-34.920809" lon="138.611465">
				 <ele>45.2</ele>
			 </trkpt>
			 <trkpt lat="-34.920806" lon="138.611506">
				 <ele>45.3</ele>
			 </trkpt>
			 <trkpt lat="-34.920788" lon="138.61169">
				 <ele>45.4</ele>
			 </trkpt>
			 <trkpt lat="-34.920784" lon="138.61173">
				 <ele>45.5</ele>
			 </trkpt>
			 <trkpt lat="-34.92078" lon="138.611771">
				 <ele>45.7</ele>
			 </trkpt>
			 <trkpt lat="-34.920757" lon="138.612027">
				 <ele>45.9</ele>
			 </trkpt>
			 <trkpt lat="-34.920753" lon="138.612067">
				 <ele>46.2</ele>
			 </trkpt>
			 <trkpt lat="-34.92075" lon="138.612107">
				 <ele>46.5</ele>
			 </trkpt>
			 <trkpt lat="-34.920734" lon="138.612274">
				 <ele>46.7</ele>
			 </trkpt>
			 <trkpt lat="-34.920731" lon="138.612315">
				 <ele>47</ele>
			 </trkpt>
			 <trkpt lat="-34.920727" lon="138.612355">
				 <ele>47.3</ele>
			 </trkpt>
			 <trkpt lat="-34.920714" lon="138.612446">
				 <ele>47.5</ele>
			 </trkpt>
			 <trkpt lat="-34.920707" lon="138.612486">
				 <ele>47.8</ele>
			 </trkpt>
			 <trkpt lat="-34.9207" lon="138.612527">
				 <ele>48.1</ele>
			 </trkpt>
			 <trkpt lat="-34.920695" lon="138.612559">
				 <ele>48.4</ele>
			 </trkpt>
			 <trkpt lat="-34.920686" lon="138.612599">
				 <ele>48.6</ele>
			 </trkpt>
			 <trkpt lat="-34.920677" lon="138.61264">
				 <ele>48.9</ele>
			 </trkpt>
			 <trkpt lat="-34.92067" lon="138.612672">
				 <ele>49.1</ele>
			 </trkpt>
			 <trkpt lat="-34.920658" lon="138.612709">
				 <ele>49.3</ele>
			 </trkpt>
			 <trkpt lat="-34.920647" lon="138.612748">
				 <ele>49.5</ele>
			 </trkpt>
			 <trkpt lat="-34.920637" lon="138.61278">
				 <ele>49.6</ele>
			 </trkpt>
			 <trkpt lat="-34.920626" lon="138.612812">
				 <ele>49.7</ele>
			 </trkpt>
			 <trkpt lat="-34.920611" lon="138.612849">
				 <ele>49.7</ele>
			 </trkpt>
			 <trkpt lat="-34.920599" lon="138.61288">
				 <ele>49.7</ele>
			 </trkpt>
			 <trkpt lat="-34.920579" lon="138.612923">
				 <ele>49.7</ele>
			 </trkpt>
			 <trkpt lat="-34.920562" lon="138.612959">
				 <ele>49.6</ele>
			 </trkpt>
			 <trkpt lat="-34.920545" lon="138.612995">
				 <ele>49.5</ele>
			 </trkpt>
			 <trkpt lat="-34.920531" lon="138.613024">
				 <ele>49.3</ele>
			 </trkpt>
			 <trkpt lat="-34.920469" lon="138.613147">
				 <ele>49</ele>
			 </trkpt>
			 <trkpt lat="-34.920452" lon="138.613183">
				 <ele>48.7</ele>
			 </trkpt>
			 <trkpt lat="-34.920434" lon="138.613219">
				 <ele>48.4</ele>
			 </trkpt>
			 <trkpt lat="-34.92042" lon="138.613248">
				 <ele>48</ele>
			 </trkpt>
			 <trkpt lat="-34.920361" lon="138.613367">
				 <ele>47.5</ele>
			 </trkpt>
			 <trkpt lat="-34.920343" lon="138.613403">
				 <ele>47.2</ele>
			 </trkpt>
			 <trkpt lat="-34.920325" lon="138.613439">
				 <ele>46.7</ele>
			 </trkpt>
			 <trkpt lat="-34.920311" lon="138.613468">
				 <ele>46.3</ele>
			 </trkpt>
			 <trkpt lat="-34.920149" lon="138.613792">
				 <ele>45.8</ele>
			 </trkpt>
			 <trkpt lat="-34.920131" lon="138.613827">
				 <ele>45.4</ele>
			 </trkpt>
			 <trkpt lat="-34.920113" lon="138.613864">
				 <ele>44.8</ele>
			 </trkpt>
			 <trkpt lat="-34.920098" lon="138.613892">
				 <ele>44.4</ele>
			 </trkpt>
			 <trkpt lat="-34.919973" lon="138.614145">
				 <ele>43.9</ele>
			 </trkpt>
			 <trkpt lat="-34.919956" lon="138.614181">
				 <ele>43.5</ele>
			 </trkpt>
			 <trkpt lat="-34.919938" lon="138.614217">
				 <ele>43.1</ele>
			 </trkpt>
			 <trkpt lat="-34.919924" lon="138.614246">
				 <ele>42.7</ele>
			 </trkpt>
			 <trkpt lat="-34.919785" lon="138.614515">
				 <ele>42.4</ele>
			 </trkpt>
			 <trkpt lat="-34.919767" lon="138.61455">
				 <ele>42</ele>
			 </trkpt>
			 <trkpt lat="-34.919748" lon="138.614586">
				 <ele>41.6</ele>
			 </trkpt>
			 <trkpt lat="-34.919733" lon="138.614615">
				 <ele>41.3</ele>
			 </trkpt>
			 <trkpt lat="-34.919676" lon="138.614725">
				 <ele>40.9</ele>
			 </trkpt>
			 <trkpt lat="-34.919658" lon="138.614761">
				 <ele>40.6</ele>
			 </trkpt>
			 <trkpt lat="-34.919639" lon="138.614797">
				 <ele>40.4</ele>
			 </trkpt>
			 <trkpt lat="-34.919625" lon="138.614825">
				 <ele>40.1</ele>
			 </trkpt>
			 <trkpt lat="-34.919609" lon="138.614851">
				 <ele>39.8</ele>
			 </trkpt>
			 <trkpt lat="-34.919588" lon="138.61488">
				 <ele>39.6</ele>
			 </trkpt>
			 <trkpt lat="-34.919558" lon="138.614901">
				 <ele>39.5</ele>
			 </trkpt>
			 <trkpt lat="-34.919528" lon="138.614903">
				 <ele>39.3</ele>
			 </trkpt>
			 <trkpt lat="-34.919493" lon="138.614896">
				 <ele>39.2</ele>
			 </trkpt>
			 <trkpt lat="-34.919464" lon="138.614891">
				 <ele>39.1</ele>
			 </trkpt>
			 <trkpt lat="-34.919323" lon="138.614866">
				 <ele>39</ele>
			 </trkpt>
			 <trkpt lat="-34.919287" lon="138.61486">
				 <ele>39</ele>
			 </trkpt>
			 <trkpt lat="-34.91925" lon="138.614853">
				 <ele>39.1</ele>
			 </trkpt>
			 <trkpt lat="-34.919221" lon="138.614849">
				 <ele>39.2</ele>
			 </trkpt>
			 <trkpt lat="-34.919155" lon="138.614836">
				 <ele>39.3</ele>
			 </trkpt>
			 <trkpt lat="-34.919119" lon="138.614829">
				 <ele>39.4</ele>
			 </trkpt>
			 <trkpt lat="-34.919083" lon="138.614822">
				 <ele>39.5</ele>
			 </trkpt>
			 <trkpt lat="-34.919054" lon="138.614817">
				 <ele>39.7</ele>
			 </trkpt>
			 <trkpt lat="-34.918838" lon="138.614764">
				 <ele>39.9</ele>
			 </trkpt>
			 <trkpt lat="-34.918802" lon="138.614756">
				 <ele>40.1</ele>
			 </trkpt>
			 <trkpt lat="-34.918764" lon="138.614747">
				 <ele>40.3</ele>
			 </trkpt>
			 <trkpt lat="-34.918736" lon="138.61474">
				 <ele>40.5</ele>
			 </trkpt>
			 <trkpt lat="-34.918625" lon="138.614711">
				 <ele>40.8</ele>
			 </trkpt>
			 <trkpt lat="-34.91859" lon="138.614701">
				 <ele>41</ele>
			 </trkpt>
			 <trkpt lat="-34.918553" lon="138.614692">
				 <ele>41.2</ele>
			 </trkpt>
			 <trkpt lat="-34.918524" lon="138.614684">
				 <ele>41.4</ele>
			 </trkpt>
			 <trkpt lat="-34.918314" lon="138.61464">
				 <ele>41.5</ele>
			 </trkpt>
			 <trkpt lat="-34.918277" lon="138.614632">
				 <ele>41.6</ele>
			 </trkpt>
			 <trkpt lat="-34.91824" lon="138.614624">
				 <ele>41.7</ele>
			 </trkpt>
			 <trkpt lat="-34.91821" lon="138.614618">
				 <ele>41.8</ele>
			 </trkpt>
			 <trkpt lat="-34.91803" lon="138.614579">
				 <ele>41.9</ele>
			 </trkpt>
			 <trkpt lat="-34.917994" lon="138.614571">
				 <ele>42</ele>
			 </trkpt>
			 <trkpt lat="-34.917956" lon="138.614562">
				 <ele>42</ele>
			 </trkpt>
			 <trkpt lat="-34.917927" lon="138.614556">
				 <ele>42</ele>
			 </trkpt>
			 <trkpt lat="-34.917782" lon="138.614523">
				 <ele>41.9</ele>
			 </trkpt>
			 <trkpt lat="-34.917746" lon="138.614514">
				 <ele>41.8</ele>
			 </trkpt>
			 <trkpt lat="-34.917709" lon="138.614506">
				 <ele>41.7</ele>
			 </trkpt>
			 <trkpt lat="-34.91768" lon="138.614499">
				 <ele>41.5</ele>
			 </trkpt>
			 <trkpt lat="-34.917369" lon="138.614435">
				 <ele>41.4</ele>
			 </trkpt>
			 <trkpt lat="-34.917321" lon="138.614425">
				 <ele>41.2</ele>
			 </trkpt>
			 <trkpt lat="-34.917285" lon="138.614418">
				 <ele>40.9</ele>
			 </trkpt>
			 <trkpt lat="-34.917249" lon="138.61441">
				 <ele>40.6</ele>
			 </trkpt>
			 <trkpt lat="-34.91722" lon="138.614405">
				 <ele>40.3</ele>
			 </trkpt>
			 <trkpt lat="-34.916909" lon="138.614335">
				 <ele>39.9</ele>
			 </trkpt>
			 <trkpt lat="-34.916881" lon="138.614329">
				 <ele>39.5</ele>
			 </trkpt>
			 <trkpt lat="-34.916845" lon="138.614321">
				 <ele>39.2</ele>
			 </trkpt>
			 <trkpt lat="-34.916809" lon="138.614313">
				 <ele>38.8</ele>
			 </trkpt>
			 <trkpt lat="-34.91678" lon="138.614307">
				 <ele>38.5</ele>
			 </trkpt>
			 <trkpt lat="-34.91647" lon="138.614231">
				 <ele>38.2</ele>
			 </trkpt>
			 <trkpt lat="-34.916441" lon="138.614224">
				 <ele>37.9</ele>
			 </trkpt>
			 <trkpt lat="-34.916405" lon="138.614215">
				 <ele>37.6</ele>
			 </trkpt>
			 <trkpt lat="-34.916369" lon="138.614206">
				 <ele>37.5</ele>
			 </trkpt>
			 <trkpt lat="-34.916205" lon="138.614164">
				 <ele>37.4</ele>
			 </trkpt>
			 <trkpt lat="-34.916169" lon="138.614155">
				 <ele>37.5</ele>
			 </trkpt>
			 <trkpt lat="-34.916133" lon="138.614145">
				 <ele>37.6</ele>
			 </trkpt>
			 <trkpt lat="-34.916102" lon="138.614138">
				 <ele>37.9</ele>
			 </trkpt>
			 <trkpt lat="-34.916076" lon="138.614125">
				 <ele>38.4</ele>
			 </trkpt>
			 <trkpt lat="-34.916046" lon="138.614111">
				 <ele>38.8</ele>
			 </trkpt>
			 <trkpt lat="-34.916025" lon="138.614086">
				 <ele>39.3</ele>
			 </trkpt>
			 <trkpt lat="-34.916002" lon="138.614061">
				 <ele>39.8</ele>
			 </trkpt>
			 <trkpt lat="-34.915986" lon="138.614029">
				 <ele>40.4</ele>
			 </trkpt>
			 <trkpt lat="-34.91597" lon="138.613999">
				 <ele>41</ele>
			 </trkpt>
			 <trkpt lat="-34.915965" lon="138.613616">
				 <ele>41.6</ele>
			 </trkpt>
			 <trkpt lat="-34.915964" lon="138.613582">
				 <ele>42.2</ele>
			 </trkpt>
			 <trkpt lat="-34.915964" lon="138.613538">
				 <ele>42.6</ele>
			 </trkpt>
			 <trkpt lat="-34.915963" lon="138.613493">
				 <ele>43.1</ele>
			 </trkpt>
			 <trkpt lat="-34.91595" lon="138.613089">
				 <ele>43.5</ele>
			 </trkpt>
			 <trkpt lat="-34.915938" lon="138.612706">
				 <ele>43.7</ele>
			 </trkpt>
			 <trkpt lat="-34.915927" lon="138.612373">
				 <ele>44</ele>
			 </trkpt>
			 <trkpt lat="-34.915926" lon="138.612331">
				 <ele>44.3</ele>
			 </trkpt>
			 <trkpt lat="-34.915924" lon="138.612286">
				 <ele>44.5</ele>
			 </trkpt>
			 <trkpt lat="-34.915923" lon="138.61225">
				 <ele>44.6</ele>
			 </trkpt>
			 <trkpt lat="-34.915919" lon="138.611867">
				 <ele>44.7</ele>
			 </trkpt>
			 <trkpt lat="-34.915914" lon="138.611484">
				 <ele>44.8</ele>
			 </trkpt>
			 <trkpt lat="-34.91591" lon="138.611101">
				 <ele>44.9</ele>
			 </trkpt>
			 <trkpt lat="-34.915905" lon="138.610718">
				 <ele>45</ele>
			 </trkpt>
			 <trkpt lat="-34.915901" lon="138.610335">
				 <ele>44.9</ele>
			 </trkpt>
			 <trkpt lat="-34.915897" lon="138.609952">
				 <ele>44.8</ele>
			 </trkpt>
			 <trkpt lat="-34.915892" lon="138.609569">
				 <ele>44.7</ele>
			 </trkpt>
			 <trkpt lat="-34.915888" lon="138.609186">
				 <ele>44.6</ele>
			 </trkpt>
			 <trkpt lat="-34.915886" lon="138.609008">
				 <ele>44.5</ele>
			 </trkpt>
			 <trkpt lat="-34.915885" lon="138.608964">
				 <ele>44.3</ele>
			 </trkpt>
			 <trkpt lat="-34.915885" lon="138.60892">
				 <ele>44</ele>
			 </trkpt>
			 <trkpt lat="-34.915885" lon="138.608885">
				 <ele>43.7</ele>
			 </trkpt>
			 <trkpt lat="-34.915882" lon="138.608839">
				 <ele>43.4</ele>
			 </trkpt>
			 <trkpt lat="-34.915879" lon="138.608794">
				 <ele>43</ele>
			 </trkpt>
			 <trkpt lat="-34.915876" lon="138.608761">
				 <ele>42.6</ele>
			 </trkpt>
			 <trkpt lat="-34.915868" lon="138.608717">
				 <ele>42.3</ele>
			 </trkpt>
			 <trkpt lat="-34.915861" lon="138.608672">
				 <ele>41.9</ele>
			 </trkpt>
			 <trkpt lat="-34.915852" lon="138.608634">
				 <ele>41.5</ele>
			 </trkpt>
			 <trkpt lat="-34.915839" lon="138.608592">
				 <ele>41.1</ele>
			 </trkpt>
			 <trkpt lat="-34.915826" lon="138.608549">
				 <ele>40.7</ele>
			 </trkpt>
			 <trkpt lat="-34.915816" lon="138.608515">
				 <ele>40.4</ele>
			 </trkpt>
			 <trkpt lat="-34.915804" lon="138.608485">
				 <ele>40</ele>
			 </trkpt>
			 <trkpt lat="-34.915788" lon="138.608444">
				 <ele>39.6</ele>
			 </trkpt>
			 <trkpt lat="-34.915772" lon="138.608403">
				 <ele>39.4</ele>
			 </trkpt>
			 <trkpt lat="-34.915648" lon="138.608161">
				 <ele>39.1</ele>
			 </trkpt>
			 <trkpt lat="-34.915628" lon="138.608123">
				 <ele>38.7</ele>
			 </trkpt>
			 <trkpt lat="-34.915608" lon="138.608085">
				 <ele>38.5</ele>
			 </trkpt>
			 <trkpt lat="-34.915592" lon="138.608054">
				 <ele>38.2</ele>
			 </trkpt>
			 <trkpt lat="-34.915396" lon="138.607753">
				 <ele>37.9</ele>
			 </trkpt>
			 <trkpt lat="-34.915346" lon="138.607677">
				 <ele>37.6</ele>
			 </trkpt>
			 <trkpt lat="-34.915323" lon="138.607641">
				 <ele>37.4</ele>
			 </trkpt>
			 <trkpt lat="-34.9153" lon="138.607605">
				 <ele>37.1</ele>
			 </trkpt>
			 <trkpt lat="-34.915281" lon="138.607576">
				 <ele>36.9</ele>
			 </trkpt>
			 <trkpt lat="-34.915248" lon="138.607527">
				 <ele>36.7</ele>
			 </trkpt>
			 <trkpt lat="-34.915224" lon="138.607492">
				 <ele>36.5</ele>
			 </trkpt>
			 <trkpt lat="-34.9152" lon="138.607456">
				 <ele>36.4</ele>
			 </trkpt>
			 <trkpt lat="-34.915182" lon="138.607429">
				 <ele>36.4</ele>
			 </trkpt>
			 <trkpt lat="-34.915163" lon="138.60739">
				 <ele>36.4</ele>
			 </trkpt>
			 <trkpt lat="-34.915144" lon="138.607351">
				 <ele>36.4</ele>
			 </trkpt>
			 <trkpt lat="-34.91513" lon="138.607323">
				 <ele>36.4</ele>
			 </trkpt>
			 <trkpt lat="-34.915116" lon="138.607281">
				 <ele>36.5</ele>
			 </trkpt>
			 <trkpt lat="-34.915103" lon="138.607238">
				 <ele>36.7</ele>
			 </trkpt>
			 <trkpt lat="-34.915092" lon="138.607203">
				 <ele>37</ele>
			 </trkpt>
			 <trkpt lat="-34.915024" lon="138.606968">
				 <ele>37.3</ele>
			 </trkpt>
			 <trkpt lat="-34.915012" lon="138.606926">
				 <ele>37.6</ele>
			 </trkpt>
			 <trkpt lat="-34.915" lon="138.606883">
				 <ele>38</ele>
			 </trkpt>
			 <trkpt lat="-34.91499" lon="138.606849">
				 <ele>38.4</ele>
			 </trkpt>
			 <trkpt lat="-34.914977" lon="138.606812">
				 <ele>38.6</ele>
			 </trkpt>
			 <trkpt lat="-34.914965" lon="138.606778">
				 <ele>38.9</ele>
			 </trkpt>
			 <trkpt lat="-34.914941" lon="138.606749">
				 <ele>39.1</ele>
			 </trkpt>
			 <trkpt lat="-34.914918" lon="138.606726">
				 <ele>39.3</ele>
			 </trkpt>
			 <trkpt lat="-34.914891" lon="138.606707">
				 <ele>39.4</ele>
			 </trkpt>
			 <trkpt lat="-34.914863" lon="138.606697">
				 <ele>39.5</ele>
			 </trkpt>
			 <trkpt lat="-34.914836" lon="138.606696">
				 <ele>39.5</ele>
			 </trkpt>
			 <trkpt lat="-34.914806" lon="138.606693">
				 <ele>39.5</ele>
			 </trkpt>
			 <trkpt lat="-34.914771" lon="138.606713">
				 <ele>39.4</ele>
			 </trkpt>
			 <trkpt lat="-34.914742" lon="138.60673">
				 <ele>39.2</ele>
			 </trkpt>
			 <trkpt lat="-34.914659" lon="138.606789">
				 <ele>39</ele>
			 </trkpt>
			 <trkpt lat="-34.914626" lon="138.606813">
				 <ele>38.8</ele>
			 </trkpt>
			 <trkpt lat="-34.914592" lon="138.606837">
				 <ele>38.6</ele>
			 </trkpt>
			 <trkpt lat="-34.914564" lon="138.606857">
				 <ele>38.5</ele>
			 </trkpt>
			 <trkpt lat="-34.914491" lon="138.60693">
				 <ele>38.5</ele>
			 </trkpt>
			 <trkpt lat="-34.914462" lon="138.60696">
				 <ele>38.3</ele>
			 </trkpt>
			 <trkpt lat="-34.914432" lon="138.606991">
				 <ele>38.1</ele>
			 </trkpt>
			 <trkpt lat="-34.914407" lon="138.607015">
				 <ele>37.9</ele>
			 </trkpt>
			 <trkpt lat="-34.914344" lon="138.607087">
				 <ele>37.7</ele>
			 </trkpt>
			 <trkpt lat="-34.914316" lon="138.607119">
				 <ele>37.5</ele>
			 </trkpt>
			 <trkpt lat="-34.914287" lon="138.607152">
				 <ele>37.4</ele>
			 </trkpt>
			 <trkpt lat="-34.914264" lon="138.607179">
				 <ele>37.2</ele>
			 </trkpt>
			 <trkpt lat="-34.914188" lon="138.607288">
				 <ele>37</ele>
			 </trkpt>
			 <trkpt lat="-34.914163" lon="138.607324">
				 <ele>36.8</ele>
			 </trkpt>
			 <trkpt lat="-34.914137" lon="138.60736">
				 <ele>36.6</ele>
			 </trkpt>
			 <trkpt lat="-34.914117" lon="138.60739">
				 <ele>36.5</ele>
			 </trkpt>
			 <trkpt lat="-34.914027" lon="138.607523">
				 <ele>36.4</ele>
			 </trkpt>
			 <trkpt lat="-34.914003" lon="138.607559">
				 <ele>36.2</ele>
			 </trkpt>
			 <trkpt lat="-34.913978" lon="138.607596">
				 <ele>36</ele>
			 </trkpt>
			 <trkpt lat="-34.913958" lon="138.607626">
				 <ele>35.8</ele>
			 </trkpt>
			 <trkpt lat="-34.913921" lon="138.6077">
				 <ele>35.6</ele>
			 </trkpt>
			 <trkpt lat="-34.913901" lon="138.607741">
				 <ele>35.5</ele>
			 </trkpt>
			 <trkpt lat="-34.913881" lon="138.607782">
				 <ele>35.5</ele>
			 </trkpt>
			 <trkpt lat="-34.913865" lon="138.607815">
				 <ele>35.4</ele>
			 </trkpt>
			 <trkpt lat="-34.913816" lon="138.607931">
				 <ele>35.3</ele>
			 </trkpt>
			 <trkpt lat="-34.913799" lon="138.607973">
				 <ele>35.2</ele>
			 </trkpt>
			 <trkpt lat="-34.913781" lon="138.608016">
				 <ele>35.1</ele>
			 </trkpt>
			 <trkpt lat="-34.913767" lon="138.60805">
				 <ele>35</ele>
			 </trkpt>
			 <trkpt lat="-34.913663" lon="138.6084">
				 <ele>35</ele>
			 </trkpt>
			 <trkpt lat="-34.91365" lon="138.608444">
				 <ele>35.1</ele>
			 </trkpt>
			 <trkpt lat="-34.913636" lon="138.60849">
				 <ele>35.2</ele>
			 </trkpt>
			 <trkpt lat="-34.913626" lon="138.608526">
				 <ele>35.3</ele>
			 </trkpt>
			 <trkpt lat="-34.913579" lon="138.608816">
				 <ele>35.4</ele>
			 </trkpt>
			 <trkpt lat="-34.913572" lon="138.608861">
				 <ele>35.5</ele>
			 </trkpt>
			 <trkpt lat="-34.913566" lon="138.608902">
				 <ele>35.7</ele>
			 </trkpt>
			 <trkpt lat="-34.913559" lon="138.608946">
				 <ele>35.9</ele>
			 </trkpt>
			 <trkpt lat="-34.913555" lon="138.609046">
				 <ele>36.1</ele>
			 </trkpt>
			 <trkpt lat="-34.913554" lon="138.609093">
				 <ele>36.4</ele>
			 </trkpt>
			 <trkpt lat="-34.913552" lon="138.609141">
				 <ele>36.6</ele>
			 </trkpt>
			 <trkpt lat="-34.913551" lon="138.609179">
				 <ele>36.9</ele>
			 </trkpt>
			 <trkpt lat="-34.913545" lon="138.609322">
				 <ele>37.1</ele>
			 </trkpt>
			 <trkpt lat="-34.913543" lon="138.609369">
				 <ele>37.3</ele>
			 </trkpt>
			 <trkpt lat="-34.913541" lon="138.609417">
				 <ele>37.5</ele>
			 </trkpt>
			 <trkpt lat="-34.91354" lon="138.609455">
				 <ele>37.6</ele>
			 </trkpt>
			 <trkpt lat="-34.913528" lon="138.609724">
				 <ele>37.8</ele>
			 </trkpt>
			 <trkpt lat="-34.913526" lon="138.60977">
				 <ele>38</ele>
			 </trkpt>
			 <trkpt lat="-34.913524" lon="138.609817">
				 <ele>38.2</ele>
			 </trkpt>
			 <trkpt lat="-34.913522" lon="138.609855">
				 <ele>38.4</ele>
			 </trkpt>
			 <trkpt lat="-34.913501" lon="138.610088">
				 <ele>38.5</ele>
			 </trkpt>
			 <trkpt lat="-34.913497" lon="138.610135">
				 <ele>38.5</ele>
			 </trkpt>
			 <trkpt lat="-34.913493" lon="138.610182">
				 <ele>38.6</ele>
			 </trkpt>
			 <trkpt lat="-34.913489" lon="138.61022">
				 <ele>38.7</ele>
			 </trkpt>
			 <trkpt lat="-34.913442" lon="138.610451">
				 <ele>38.8</ele>
			 </trkpt>
			 <trkpt lat="-34.913433" lon="138.610497">
				 <ele>39</ele>
			 </trkpt>
			 <trkpt lat="-34.913424" lon="138.610543">
				 <ele>39.2</ele>
			 </trkpt>
			 <trkpt lat="-34.913417" lon="138.61058">
				 <ele>39.3</ele>
			 </trkpt>
			 <trkpt lat="-34.91337" lon="138.610738">
				 <ele>39.4</ele>
			 </trkpt>
			 <trkpt lat="-34.913357" lon="138.610782">
				 <ele>39.5</ele>
			 </trkpt>
			 <trkpt lat="-34.913348" lon="138.610813">
				 <ele>39.5</ele>
			 </trkpt>
			 <trkpt lat="-34.913338" lon="138.610849">
				 <ele>39.6</ele>
			 </trkpt>
			 <trkpt lat="-34.91328" lon="138.610989">
				 <ele>39.7</ele>
			 </trkpt>
			 <trkpt lat="-34.913262" lon="138.611032">
				 <ele>39.8</ele>
			 </trkpt>
			 <trkpt lat="-34.913243" lon="138.611075">
				 <ele>39.9</ele>
			 </trkpt>
			 <trkpt lat="-34.913229" lon="138.61111">
				 <ele>40</ele>
			 </trkpt>
			 <trkpt lat="-34.913152" lon="138.611229">
				 <ele>40</ele>
			 </trkpt>
			 <trkpt lat="-34.913136" lon="138.611255">
				 <ele>40</ele>
			 </trkpt>
			 <trkpt lat="-34.913119" lon="138.61128">
				 <ele>40</ele>
			 </trkpt>
			 <trkpt lat="-34.913102" lon="138.611307">
				 <ele>40</ele>
			 </trkpt>
			 <trkpt lat="-34.913083" lon="138.611338">
				 <ele>39.9</ele>
			 </trkpt>
			 <trkpt lat="-34.913033" lon="138.611406">
				 <ele>39.8</ele>
			 </trkpt>
			 <trkpt lat="-34.913015" lon="138.61143">
				 <ele>39.7</ele>
			 </trkpt>
			 <trkpt lat="-34.912997" lon="138.611455">
				 <ele>39.6</ele>
			 </trkpt>
			 <trkpt lat="-34.912979" lon="138.61148">
				 <ele>39.5</ele>
			 </trkpt>
			 <trkpt lat="-34.912957" lon="138.61151">
				 <ele>39.4</ele>
			 </trkpt>
			 <trkpt lat="-34.912883" lon="138.611599">
				 <ele>39.2</ele>
			 </trkpt>
			 <trkpt lat="-34.912864" lon="138.611622">
				 <ele>39</ele>
			 </trkpt>
			 <trkpt lat="-34.912845" lon="138.611645">
				 <ele>38.8</ele>
			 </trkpt>
			 <trkpt lat="-34.912825" lon="138.611669">
				 <ele>38.5</ele>
			 </trkpt>
			 <trkpt lat="-34.912802" lon="138.611698">
				 <ele>38.3</ele>
			 </trkpt>
			 <trkpt lat="-34.912648" lon="138.611859">
				 <ele>38.1</ele>
			 </trkpt>
			 <trkpt lat="-34.912628" lon="138.611881">
				 <ele>37.8</ele>
			 </trkpt>
			 <trkpt lat="-34.912607" lon="138.611902">
				 <ele>37.5</ele>
			 </trkpt>
			 <trkpt lat="-34.912585" lon="138.611925">
				 <ele>37.3</ele>
			 </trkpt>
			 <trkpt lat="-34.912564" lon="138.611948">
				 <ele>37</ele>
			 </trkpt>
			 <trkpt lat="-34.912486" lon="138.612051">
				 <ele>36.8</ele>
			 </trkpt>
			 <trkpt lat="-34.912467" lon="138.612075">
				 <ele>36.6</ele>
			 </trkpt>
			 <trkpt lat="-34.912449" lon="138.6121">
				 <ele>36.4</ele>
			 </trkpt>
			 <trkpt lat="-34.91243" lon="138.612125">
				 <ele>36.1</ele>
			 </trkpt>
			 <trkpt lat="-34.912408" lon="138.612155">
				 <ele>35.9</ele>
			 </trkpt>
			 <trkpt lat="-34.912352" lon="138.61225">
				 <ele>35.7</ele>
			 </trkpt>
			 <trkpt lat="-34.912336" lon="138.612277">
				 <ele>35.5</ele>
			 </trkpt>
			 <trkpt lat="-34.91232" lon="138.612304">
				 <ele>35.5</ele>
			 </trkpt>
			 <trkpt lat="-34.912304" lon="138.612331">
				 <ele>35.4</ele>
			 </trkpt>
			 <trkpt lat="-34.912285" lon="138.612364">
				 <ele>35.3</ele>
			 </trkpt>
			 <trkpt lat="-34.91221" lon="138.612514">
				 <ele>35.2</ele>
			 </trkpt>
			 <trkpt lat="-34.912196" lon="138.612542">
				 <ele>35.1</ele>
			 </trkpt>
			 <trkpt lat="-34.912182" lon="138.612571">
				 <ele>35.1</ele>
			 </trkpt>
			 <trkpt lat="-34.912168" lon="138.6126">
				 <ele>35.2</ele>
			 </trkpt>
			 <trkpt lat="-34.912151" lon="138.612634">
				 <ele>35.3</ele>
			 </trkpt>
			 <trkpt lat="-34.912096" lon="138.612786">
				 <ele>35.4</ele>
			 </trkpt>
			 <trkpt lat="-34.912086" lon="138.612816">
				 <ele>35.5</ele>
			 </trkpt>
			 <trkpt lat="-34.912075" lon="138.612847">
				 <ele>35.5</ele>
			 </trkpt>
			 <trkpt lat="-34.912064" lon="138.612878">
				 <ele>35.7</ele>
			 </trkpt>
			 <trkpt lat="-34.912051" lon="138.612914">
				 <ele>35.9</ele>
			 </trkpt>
			 <trkpt lat="-34.912027" lon="138.612991">
				 <ele>36.1</ele>
			 </trkpt>
			 <trkpt lat="-34.912017" lon="138.613022">
				 <ele>36.4</ele>
			 </trkpt>
			 <trkpt lat="-34.912008" lon="138.613053">
				 <ele>36.5</ele>
			 </trkpt>
			 <trkpt lat="-34.911998" lon="138.613084">
				 <ele>36.6</ele>
			 </trkpt>
			 <trkpt lat="-34.911987" lon="138.613118">
				 <ele>36.7</ele>
			 </trkpt>
			 <trkpt lat="-34.911974" lon="138.613147">
				 <ele>36.8</ele>
			 </trkpt>
			 <trkpt lat="-34.911956" lon="138.613172">
				 <ele>36.9</ele>
			 </trkpt>
			 <trkpt lat="-34.911925" lon="138.613188">
				 <ele>37</ele>
			 </trkpt>
			 <trkpt lat="-34.911895" lon="138.613184">
				 <ele>37</ele>
			 </trkpt>
			 <trkpt lat="-34.911565" lon="138.613115">
				 <ele>36.9</ele>
			 </trkpt>
			 <trkpt lat="-34.911254" lon="138.613048">
				 <ele>36.7</ele>
			 </trkpt>
			 <trkpt lat="-34.911221" lon="138.613041">
				 <ele>36.5</ele>
			 </trkpt>
			 <trkpt lat="-34.911193" lon="138.613035">
				 <ele>36.3</ele>
			 </trkpt>
			 <trkpt lat="-34.911165" lon="138.613029">
				 <ele>36.1</ele>
			 </trkpt>
			 <trkpt lat="-34.911137" lon="138.613023">
				 <ele>35.8</ele>
			 </trkpt>
			 <trkpt lat="-34.911103" lon="138.613016">
				 <ele>35.5</ele>
			 </trkpt>
			 <trkpt lat="-34.910793" lon="138.612949">
				 <ele>35.3</ele>
			 </trkpt>
			 <trkpt lat="-34.910482" lon="138.612882">
				 <ele>34.9</ele>
			 </trkpt>
			 <trkpt lat="-34.910171" lon="138.612816">
				 <ele>34.5</ele>
			 </trkpt>
			 <trkpt lat="-34.909924" lon="138.612762">
				 <ele>34.3</ele>
			 </trkpt>
			 <trkpt lat="-34.909895" lon="138.612756">
				 <ele>34</ele>
			 </trkpt>
			 <trkpt lat="-34.909866" lon="138.61275">
				 <ele>33.7</ele>
			 </trkpt>
			 <trkpt lat="-34.909837" lon="138.612744">
				 <ele>33.5</ele>
			 </trkpt>
			 <trkpt lat="-34.909804" lon="138.612737">
				 <ele>33.2</ele>
			 </trkpt>
			 <trkpt lat="-34.909494" lon="138.61266">
				 <ele>32.9</ele>
			 </trkpt>
			 <trkpt lat="-34.909391" lon="138.612634">
				 <ele>32.7</ele>
			 </trkpt>
			 <trkpt lat="-34.909363" lon="138.612627">
				 <ele>32.5</ele>
			 </trkpt>
			 <trkpt lat="-34.909334" lon="138.61262">
				 <ele>32.4</ele>
			 </trkpt>
			 <trkpt lat="-34.909305" lon="138.612613">
				 <ele>32.3</ele>
			 </trkpt>
			 <trkpt lat="-34.909272" lon="138.612605">
				 <ele>32.3</ele>
			 </trkpt>
			 <trkpt lat="-34.909231" lon="138.612588">
				 <ele>32.3</ele>
			 </trkpt>
			 <trkpt lat="-34.909204" lon="138.612576">
				 <ele>32.3</ele>
			 </trkpt>
			 <trkpt lat="-34.909177" lon="138.612565">
				 <ele>32.4</ele>
			 </trkpt>
			 <trkpt lat="-34.909149" lon="138.612553">
				 <ele>32.5</ele>
			 </trkpt>
			 <trkpt lat="-34.909117" lon="138.61254">
				 <ele>32.7</ele>
			 </trkpt>
			 <trkpt lat="-34.909086" lon="138.612519">
				 <ele>32.9</ele>
			 </trkpt>
			 <trkpt lat="-34.909062" lon="138.612502">
				 <ele>33.1</ele>
			 </trkpt>
			 <trkpt lat="-34.909036" lon="138.612485">
				 <ele>33.4</ele>
			 </trkpt>
			 <trkpt lat="-34.909012" lon="138.612468">
				 <ele>33.6</ele>
			 </trkpt>
			 <trkpt lat="-34.908987" lon="138.612451">
				 <ele>34</ele>
			 </trkpt>
			 <trkpt lat="-34.908963" lon="138.612435">
				 <ele>34.3</ele>
			 </trkpt>
			 <trkpt lat="-34.908937" lon="138.612418">
				 <ele>34.6</ele>
			 </trkpt>
			 <trkpt lat="-34.908909" lon="138.612399">
				 <ele>35</ele>
			 </trkpt>
			 <trkpt lat="-34.908889" lon="138.612375">
				 <ele>35.4</ele>
			 </trkpt>
			 <trkpt lat="-34.908869" lon="138.612349">
				 <ele>35.7</ele>
			 </trkpt>
			 <trkpt lat="-34.908855" lon="138.61232">
				 <ele>36.1</ele>
			 </trkpt>
			 <trkpt lat="-34.908843" lon="138.612291">
				 <ele>36.5</ele>
			 </trkpt>
			 <trkpt lat="-34.908831" lon="138.612259">
				 <ele>36.8</ele>
			 </trkpt>
			 <trkpt lat="-34.908819" lon="138.612227">
				 <ele>37.2</ele>
			 </trkpt>
			 <trkpt lat="-34.908808" lon="138.61217">
				 <ele>37.5</ele>
			 </trkpt>
			 <trkpt lat="-34.908805" lon="138.612135">
				 <ele>37.8</ele>
			 </trkpt>
			 <trkpt lat="-34.908803" lon="138.612101">
				 <ele>38.1</ele>
			 </trkpt>
			 <trkpt lat="-34.9088" lon="138.612066">
				 <ele>38.3</ele>
			 </trkpt>
			 <trkpt lat="-34.908797" lon="138.612024">
				 <ele>38.5</ele>
			 </trkpt>
			 <trkpt lat="-34.908776" lon="138.611872">
				 <ele>38.7</ele>
			 </trkpt>
			 <trkpt lat="-34.908772" lon="138.611838">
				 <ele>38.9</ele>
			 </trkpt>
			 <trkpt lat="-34.908768" lon="138.611804">
				 <ele>39.1</ele>
			 </trkpt>
			 <trkpt lat="-34.908763" lon="138.611769">
				 <ele>39.3</ele>
			 </trkpt>
			 <trkpt lat="-34.908758" lon="138.611729">
				 <ele>39.5</ele>
			 </trkpt>
			 <trkpt lat="-34.908715" lon="138.611492">
				 <ele>39.6</ele>
			 </trkpt>
			 <trkpt lat="-34.908709" lon="138.611458">
				 <ele>39.8</ele>
			 </trkpt>
			 <trkpt lat="-34.908703" lon="138.611425">
				 <ele>40</ele>
			 </trkpt>
			 <trkpt lat="-34.908696" lon="138.611391">
				 <ele>40.2</ele>
			 </trkpt>
			 <trkpt lat="-34.90869" lon="138.611355">
				 <ele>40.4</ele>
			 </trkpt>
			 <trkpt lat="-34.90864" lon="138.610973">
				 <ele>40.5</ele>
			 </trkpt>
			 <trkpt lat="-34.908591" lon="138.610594">
				 <ele>40.7</ele>
			 </trkpt>
			 <trkpt lat="-34.908554" lon="138.610312">
				 <ele>40.9</ele>
			 </trkpt>
			 <trkpt lat="-34.908549" lon="138.610279">
				 <ele>41.1</ele>
			 </trkpt>
			 <trkpt lat="-34.908545" lon="138.610245">
				 <ele>41.4</ele>
			 </trkpt>
			 <trkpt lat="-34.908541" lon="138.610211">
				 <ele>41.6</ele>
			 </trkpt>
			 <trkpt lat="-34.908535" lon="138.610169">
				 <ele>41.8</ele>
			 </trkpt>
			 <trkpt lat="-34.908492" lon="138.60979">
				 <ele>42</ele>
			 </trkpt>
			 <trkpt lat="-34.908458" lon="138.609502">
				 <ele>42.2</ele>
			 </trkpt>
			 <trkpt lat="-34.908454" lon="138.609469">
				 <ele>42.5</ele>
			 </trkpt>
			 <trkpt lat="-34.908451" lon="138.609435">
				 <ele>42.7</ele>
			 </trkpt>
			 <trkpt lat="-34.908447" lon="138.609401">
				 <ele>43</ele>
			 </trkpt>
			 <trkpt lat="-34.908442" lon="138.609359">
				 <ele>43.2</ele>
			 </trkpt>
			 <trkpt lat="-34.90839" lon="138.608981">
				 <ele>43.4</ele>
			 </trkpt>
			 <trkpt lat="-34.908383" lon="138.608936">
				 <ele>43.5</ele>
			 </trkpt>
			 <trkpt lat="-34.908379" lon="138.608902">
				 <ele>43.6</ele>
			 </trkpt>
			 <trkpt lat="-34.908374" lon="138.608867">
				 <ele>43.7</ele>
			 </trkpt>
			 <trkpt lat="-34.908369" lon="138.608832">
				 <ele>43.8</ele>
			 </trkpt>
			 <trkpt lat="-34.908363" lon="138.60879">
				 <ele>43.9</ele>
			 </trkpt>
			 <trkpt lat="-34.908358" lon="138.608755">
				 <ele>44</ele>
			 </trkpt>
			 <trkpt lat="-34.908352" lon="138.608721">
				 <ele>44</ele>
			 </trkpt>
			 <trkpt lat="-34.908347" lon="138.608685">
				 <ele>44</ele>
			 </trkpt>
			 <trkpt lat="-34.90834" lon="138.608644">
				 <ele>43.9</ele>
			 </trkpt>
			 <trkpt lat="-34.908328" lon="138.60855">
				 <ele>43.8</ele>
			 </trkpt>
			 <trkpt lat="-34.908324" lon="138.608515">
				 <ele>43.7</ele>
			 </trkpt>
			 <trkpt lat="-34.90832" lon="138.608481">
				 <ele>43.6</ele>
			 </trkpt>
			 <trkpt lat="-34.908315" lon="138.608445">
				 <ele>43.5</ele>
			 </trkpt>
			 <trkpt lat="-34.90831" lon="138.608404">
				 <ele>43.3</ele>
			 </trkpt>
			 <trkpt lat="-34.908306" lon="138.608369">
				 <ele>43</ele>
			 </trkpt>
			 <trkpt lat="-34.908303" lon="138.608334">
				 <ele>42.7</ele>
			 </trkpt>
			 <trkpt lat="-34.908299" lon="138.608298">
				 <ele>42.4</ele>
			 </trkpt>
			 <trkpt lat="-34.908298" lon="138.608257">
				 <ele>41.9</ele>
			 </trkpt>
			 <trkpt lat="-34.908301" lon="138.608221">
				 <ele>41.5</ele>
			 </trkpt>
			 <trkpt lat="-34.908304" lon="138.608178">
				 <ele>41</ele>
			 </trkpt>
			 <trkpt lat="-34.908307" lon="138.608139">
				 <ele>40.5</ele>
			 </trkpt>
			 <trkpt lat="-34.90831" lon="138.608104">
				 <ele>40</ele>
			 </trkpt>
			 <trkpt lat="-34.908318" lon="138.60807">
				 <ele>39.5</ele>
			 </trkpt>
			 <trkpt lat="-34.90833" lon="138.608035">
				 <ele>38.9</ele>
			 </trkpt>
			 <trkpt lat="-34.908343" lon="138.608001">
				 <ele>38.3</ele>
			 </trkpt>
			 <trkpt lat="-34.90836" lon="138.607971">
				 <ele>37.7</ele>
			 </trkpt>
			 <trkpt lat="-34.908377" lon="138.607941">
				 <ele>37.1</ele>
			 </trkpt>
			 <trkpt lat="-34.908394" lon="138.60791">
				 <ele>36.5</ele>
			 </trkpt>
			 <trkpt lat="-34.908551" lon="138.607636">
				 <ele>35.9</ele>
			 </trkpt>
			 <trkpt lat="-34.908568" lon="138.607607">
				 <ele>35.3</ele>
			 </trkpt>
			 <trkpt lat="-34.908585" lon="138.607578">
				 <ele>34.7</ele>
			 </trkpt>
			 <trkpt lat="-34.908602" lon="138.607547">
				 <ele>34.1</ele>
			 </trkpt>
			 <trkpt lat="-34.908623" lon="138.607512">
				 <ele>33.5</ele>
			 </trkpt>
			 <trkpt lat="-34.908756" lon="138.607268">
				 <ele>32.7</ele>
			 </trkpt>
			 <trkpt lat="-34.908772" lon="138.607238">
				 <ele>32</ele>
			 </trkpt>
			 <trkpt lat="-34.908789" lon="138.607209">
				 <ele>31.3</ele>
			 </trkpt>
			 <trkpt lat="-34.908805" lon="138.607178">
				 <ele>30.5</ele>
			 </trkpt>
			 <trkpt lat="-34.908825" lon="138.607142">
				 <ele>29.9</ele>
			 </trkpt>
			 <trkpt lat="-34.908841" lon="138.607107">
				 <ele>29.4</ele>
			 </trkpt>
			 <trkpt lat="-34.908857" lon="138.607075">
				 <ele>28.9</ele>
			 </trkpt>
			 <trkpt lat="-34.908873" lon="138.607041">
				 <ele>28.6</ele>
			 </trkpt>
			 <trkpt lat="-34.908889" lon="138.607011">
				 <ele>28.5</ele>
			 </trkpt>
			 <trkpt lat="-34.908906" lon="138.606981">
				 <ele>28.4</ele>
			 </trkpt>
			 <trkpt lat="-34.908923" lon="138.606955">
				 <ele>28.4</ele>
			 </trkpt>
			 <trkpt lat="-34.908955" lon="138.606943">
				 <ele>28.5</ele>
			 </trkpt>
			 <trkpt lat="-34.908991" lon="138.606939">
				 <ele>28.8</ele>
			 </trkpt>
			 <trkpt lat="-34.909028" lon="138.606948">
				 <ele>29.3</ele>
			 </trkpt>
			 <trkpt lat="-34.909301" lon="138.607139">
				 <ele>29.8</ele>
			 </trkpt>
			 <trkpt lat="-34.909388" lon="138.6072">
				 <ele>30.5</ele>
			 </trkpt>
			 <trkpt lat="-34.909415" lon="138.607218">
				 <ele>31.2</ele>
			 </trkpt>
			 <trkpt lat="-34.909442" lon="138.607237">
				 <ele>31.8</ele>
			 </trkpt>
			 <trkpt lat="-34.909466" lon="138.607254">
				 <ele>32.5</ele>
			 </trkpt>
			 <trkpt lat="-34.909492" lon="138.607272">
				 <ele>33</ele>
			 </trkpt>
			 <trkpt lat="-34.909516" lon="138.607287">
				 <ele>33.5</ele>
			 </trkpt>
			 <trkpt lat="-34.909541" lon="138.607299">
				 <ele>34.2</ele>
			 </trkpt>
			 <trkpt lat="-34.909569" lon="138.607302">
				 <ele>34.7</ele>
			 </trkpt>
			 <trkpt lat="-34.909595" lon="138.607292">
				 <ele>35.3</ele>
			 </trkpt>
			 <trkpt lat="-34.909623" lon="138.607275">
				 <ele>35.7</ele>
			 </trkpt>
			 <trkpt lat="-34.909646" lon="138.607252">
				 <ele>36.1</ele>
			 </trkpt>
			 <trkpt lat="-34.909665" lon="138.607223">
				 <ele>36.4</ele>
			 </trkpt>
			 <trkpt lat="-34.909678" lon="138.607191">
				 <ele>36.5</ele>
			 </trkpt>
			 <trkpt lat="-34.909698" lon="138.607159">
				 <ele>36.7</ele>
			 </trkpt>
			 <trkpt lat="-34.90972" lon="138.607122">
				 <ele>36.8</ele>
			 </trkpt>
			 <trkpt lat="-34.909895" lon="138.606804">
				 <ele>36.9</ele>
			 </trkpt>
			 <trkpt lat="-34.91007" lon="138.606485">
				 <ele>37</ele>
			 </trkpt>
			 <trkpt lat="-34.910245" lon="138.606166">
				 <ele>37</ele>
			 </trkpt>
			 <trkpt lat="-34.91042" lon="138.605848">
				 <ele>37</ele>
			 </trkpt>
			 <trkpt lat="-34.91058" lon="138.605556">
				 <ele>37</ele>
			 </trkpt>
			 <trkpt lat="-34.910595" lon="138.605529">
				 <ele>37</ele>
			 </trkpt>
			 <trkpt lat="-34.910614" lon="138.605495">
				 <ele>37</ele>
			 </trkpt>
			 <trkpt lat="-34.910632" lon="138.605463">
				 <ele>37</ele>
			 </trkpt>
			 <trkpt lat="-34.910653" lon="138.605425">
				 <ele>37</ele>
			 </trkpt>
			 <trkpt lat="-34.910829" lon="138.605107">
				 <ele>37</ele>
			 </trkpt>
			 <trkpt lat="-34.911005" lon="138.604789">
				 <ele>37</ele>
			 </trkpt>
			 <trkpt lat="-34.911181" lon="138.604471">
				 <ele>36.9</ele>
			 </trkpt>
			 <trkpt lat="-34.911357" lon="138.604153">
				 <ele>36.8</ele>
			 </trkpt>
			 <trkpt lat="-34.911532" lon="138.603835">
				 <ele>36.6</ele>
			 </trkpt>
			 <trkpt lat="-34.911553" lon="138.603798">
				 <ele>36.5</ele>
			 </trkpt>
			 <trkpt lat="-34.91157" lon="138.603766">
				 <ele>36.3</ele>
			 </trkpt>
			 <trkpt lat="-34.911588" lon="138.603735">
				 <ele>36</ele>
			 </trkpt>
			 <trkpt lat="-34.911605" lon="138.603703">
				 <ele>35.7</ele>
			 </trkpt>
			 <trkpt lat="-34.911619" lon="138.603674">
				 <ele>35.5</ele>
			 </trkpt>
			 <trkpt lat="-34.911628" lon="138.603641">
				 <ele>35.2</ele>
			 </trkpt>
			 <trkpt lat="-34.91163" lon="138.603601">
				 <ele>34.9</ele>
			 </trkpt>
			 <trkpt lat="-34.911621" lon="138.60357">
				 <ele>34.6</ele>
			 </trkpt>
			 <trkpt lat="-34.911606" lon="138.603541">
				 <ele>34.5</ele>
			 </trkpt>
			 <trkpt lat="-34.911357" lon="138.603307">
				 <ele>34.3</ele>
			 </trkpt>
			 <trkpt lat="-34.911296" lon="138.60325">
				 <ele>34.2</ele>
			 </trkpt>
			 <trkpt lat="-34.911271" lon="138.603227">
				 <ele>34.1</ele>
			 </trkpt>
			 <trkpt lat="-34.911246" lon="138.603203">
				 <ele>34</ele>
			 </trkpt>
			 <trkpt lat="-34.911221" lon="138.603179">
				 <ele>34.1</ele>
			 </trkpt>
			 <trkpt lat="-34.911196" lon="138.603156">
				 <ele>34.3</ele>
			 </trkpt>
			 <trkpt lat="-34.911173" lon="138.60313">
				 <ele>34.5</ele>
			 </trkpt>
			 <trkpt lat="-34.911151" lon="138.603104">
				 <ele>34.6</ele>
			 </trkpt>
			 <trkpt lat="-34.911131" lon="138.60308">
				 <ele>34.9</ele>
			 </trkpt>
			 <trkpt lat="-34.911115" lon="138.603054">
				 <ele>35.2</ele>
			 </trkpt>
			 <trkpt lat="-34.911112" lon="138.603008">
				 <ele>35.5</ele>
			 </trkpt>
			 <trkpt lat="-34.91115" lon="138.602926">
				 <ele>35.7</ele>
			 </trkpt>
			 <trkpt lat="-34.911165" lon="138.602893">
				 <ele>36.1</ele>
			 </trkpt>
			 <trkpt lat="-34.911181" lon="138.60286">
				 <ele>36.5</ele>
			 </trkpt>
			 <trkpt lat="-34.911196" lon="138.602826">
				 <ele>36.8</ele>
			 </trkpt>
			 <trkpt lat="-34.911215" lon="138.602785">
				 <ele>37.2</ele>
			 </trkpt>
			 <trkpt lat="-34.911361" lon="138.602523">
				 <ele>37.5</ele>
			 </trkpt>
			 <trkpt lat="-34.911379" lon="138.602492">
				 <ele>37.7</ele>
			 </trkpt>
			 <trkpt lat="-34.911396" lon="138.60246">
				 <ele>38</ele>
			 </trkpt>
			 <trkpt lat="-34.911415" lon="138.602427">
				 <ele>38.2</ele>
			 </trkpt>
			 <trkpt lat="-34.911435" lon="138.602391">
				 <ele>38.4</ele>
			 </trkpt>
			 <trkpt lat="-34.911452" lon="138.602357">
				 <ele>38.5</ele>
			 </trkpt>
			 <trkpt lat="-34.911472" lon="138.602319">
				 <ele>38.7</ele>
			 </trkpt>
			 <trkpt lat="-34.911492" lon="138.602287">
				 <ele>38.8</ele>
			 </trkpt>
			 <trkpt lat="-34.911566" lon="138.602185">
				 <ele>38.9</ele>
			 </trkpt>
			 <trkpt lat="-34.911588" lon="138.602157">
				 <ele>39</ele>
			 </trkpt>
			 <trkpt lat="-34.91161" lon="138.602128">
				 <ele>39</ele>
			 </trkpt>
			 <trkpt lat="-34.911632" lon="138.602099">
				 <ele>39</ele>
			 </trkpt>
			 <trkpt lat="-34.911652" lon="138.602073">
				 <ele>39</ele>
			 </trkpt>
			 <trkpt lat="-34.911675" lon="138.602053">
				 <ele>39</ele>
			 </trkpt>
			 <trkpt lat="-34.911702" lon="138.602036">
				 <ele>39</ele>
			 </trkpt>
			 <trkpt lat="-34.911734" lon="138.602032">
				 <ele>39</ele>
			 </trkpt>
			 <trkpt lat="-34.911763" lon="138.602038">
				 <ele>39</ele>
			 </trkpt>
			 <trkpt lat="-34.911788" lon="138.60205">
				 <ele>39</ele>
			 </trkpt>
			 <trkpt lat="-34.911823" lon="138.602078">
				 <ele>39</ele>
			 </trkpt>
			 <trkpt lat="-34.911852" lon="138.602101">
				 <ele>39</ele>
			 </trkpt>
			 <trkpt lat="-34.911916" lon="138.602153">
				 <ele>39</ele>
			 </trkpt>
			 <trkpt lat="-34.911942" lon="138.602175">
				 <ele>39</ele>
			 </trkpt>
			 <trkpt lat="-34.91197" lon="138.602197">
				 <ele>39</ele>
			 </trkpt>
			 <trkpt lat="-34.911998" lon="138.60222">
				 <ele>39</ele>
			 </trkpt>
			 <trkpt lat="-34.91203" lon="138.602248">
				 <ele>38.9</ele>
			 </trkpt>
			 <trkpt lat="-34.912161" lon="138.602349">
				 <ele>38.8</ele>
			 </trkpt>
			 <trkpt lat="-34.912189" lon="138.602371">
				 <ele>38.7</ele>
			 </trkpt>
			 <trkpt lat="-34.912217" lon="138.602393">
				 <ele>38.6</ele>
			 </trkpt>
			 <trkpt lat="-34.912246" lon="138.602415">
				 <ele>38.5</ele>
			 </trkpt>
			 <trkpt lat="-34.912279" lon="138.602441">
				 <ele>38.5</ele>
			 </trkpt>
			 <trkpt lat="-34.91254" lon="138.602657">
				 <ele>38.3</ele>
			 </trkpt>
			 <trkpt lat="-34.91268" lon="138.602773">
				 <ele>38.1</ele>
			 </trkpt>
			 <trkpt lat="-34.912707" lon="138.602796">
				 <ele>37.9</ele>
			 </trkpt>
			 <trkpt lat="-34.912734" lon="138.602819">
				 <ele>37.7</ele>
			 </trkpt>
			 <trkpt lat="-34.912763" lon="138.602842">
				 <ele>37.5</ele>
			 </trkpt>
			 <trkpt lat="-34.912796" lon="138.60287">
				 <ele>37.4</ele>
			 </trkpt>
			 <trkpt lat="-34.913028" lon="138.603058">
				 <ele>37.2</ele>
			 </trkpt>
			 <trkpt lat="-34.913056" lon="138.60308">
				 <ele>37</ele>
			 </trkpt>
			 <trkpt lat="-34.913083" lon="138.603102">
				 <ele>36.8</ele>
			 </trkpt>
			 <trkpt lat="-34.913112" lon="138.603125">
				 <ele>36.6</ele>
			 </trkpt>
			 <trkpt lat="-34.913145" lon="138.603152">
				 <ele>36.4</ele>
			 </trkpt>
			 <trkpt lat="-34.913286" lon="138.603265">
				 <ele>36.2</ele>
			 </trkpt>
			 <trkpt lat="-34.913314" lon="138.603287">
				 <ele>36</ele>
			 </trkpt>
			 <trkpt lat="-34.913341" lon="138.60331">
				 <ele>35.7</ele>
			 </trkpt>
			 <trkpt lat="-34.91337" lon="138.603333">
				 <ele>35.5</ele>
			 </trkpt>
			 <trkpt lat="-34.913397" lon="138.603355">
				 <ele>35.2</ele>
			 </trkpt>
			 <trkpt lat="-34.913425" lon="138.603377">
				 <ele>35</ele>
			 </trkpt>
			 <trkpt lat="-34.913454" lon="138.6034">
				 <ele>34.8</ele>
			 </trkpt>
			 <trkpt lat="-34.913484" lon="138.603424">
				 <ele>34.6</ele>
			 </trkpt>
			 <trkpt lat="-34.913511" lon="138.60345">
				 <ele>34.5</ele>
			 </trkpt>
			 <trkpt lat="-34.913537" lon="138.603475">
				 <ele>34.4</ele>
			 </trkpt>
			 <trkpt lat="-34.913563" lon="138.6035">
				 <ele>34.4</ele>
			 </trkpt>
			 <trkpt lat="-34.913589" lon="138.603524">
				 <ele>34.4</ele>
			 </trkpt>
			 <trkpt lat="-34.913611" lon="138.603544">
				 <ele>34.4</ele>
			 </trkpt>
			 <trkpt lat="-34.913632" lon="138.603564">
				 <ele>34.4</ele>
			 </trkpt>
			 <trkpt lat="-34.913655" lon="138.603587">
				 <ele>34.4</ele>
			 </trkpt>
			 <trkpt lat="-34.913674" lon="138.60361">
				 <ele>34.3</ele>
			 </trkpt>
			 <trkpt lat="-34.913688" lon="138.603639">
				 <ele>34.2</ele>
			 </trkpt>
			 <trkpt lat="-34.913696" lon="138.603674">
				 <ele>34.1</ele>
			 </trkpt>
			 <trkpt lat="-34.913693" lon="138.603714">
				 <ele>34</ele>
			 </trkpt>
			 <trkpt lat="-34.913683" lon="138.603746">
				 <ele>33.8</ele>
			 </trkpt>
			 <trkpt lat="-34.913663" lon="138.603778">
				 <ele>33.5</ele>
			 </trkpt>
			 <trkpt lat="-34.913448" lon="138.603924">
				 <ele>33.3</ele>
			 </trkpt>
			 <trkpt lat="-34.913419" lon="138.603944">
				 <ele>32.9</ele>
			 </trkpt>
			 <trkpt lat="-34.913388" lon="138.603965">
				 <ele>32.5</ele>
			 </trkpt>
			 <trkpt lat="-34.913358" lon="138.603986">
				 <ele>32.3</ele>
			 </trkpt>
			 <trkpt lat="-34.913322" lon="138.60401">
				 <ele>32</ele>
			 </trkpt>
			 <trkpt lat="-34.913288" lon="138.604035">
				 <ele>31.7</ele>
			 </trkpt>
			 <trkpt lat="-34.913259" lon="138.604056">
				 <ele>31.5</ele>
			 </trkpt>
			 <trkpt lat="-34.913229" lon="138.604078">
				 <ele>31.2</ele>
			 </trkpt>
			 <trkpt lat="-34.913199" lon="138.6041">
				 <ele>30.9</ele>
			 </trkpt>
			 <trkpt lat="-34.913163" lon="138.604127">
				 <ele>30.6</ele>
			 </trkpt>
			 <trkpt lat="-34.913134" lon="138.604149">
				 <ele>30.4</ele>
			 </trkpt>
			 <trkpt lat="-34.913105" lon="138.604172">
				 <ele>30.1</ele>
			 </trkpt>
			 <trkpt lat="-34.913076" lon="138.604196">
				 <ele>29.9</ele>
			 </trkpt>
			 <trkpt lat="-34.913015" lon="138.604242">
				 <ele>29.7</ele>
			 </trkpt>
			 <trkpt lat="-34.912986" lon="138.604263">
				 <ele>29.5</ele>
			 </trkpt>
			 <trkpt lat="-34.912957" lon="138.604285">
				 <ele>29.4</ele>
			 </trkpt>
			 <trkpt lat="-34.912927" lon="138.604308">
				 <ele>29.3</ele>
			 </trkpt>
			 <trkpt lat="-34.912892" lon="138.604334">
				 <ele>29.1</ele>
			 </trkpt>
			 <trkpt lat="-34.912846" lon="138.604375">
				 <ele>28.9</ele>
			 </trkpt>
			 <trkpt lat="-34.912819" lon="138.6044">
				 <ele>28.7</ele>
			 </trkpt>
			 <trkpt lat="-34.912791" lon="138.604424">
				 <ele>28.6</ele>
			 </trkpt>
			 <trkpt lat="-34.912763" lon="138.60445">
				 <ele>28.5</ele>
			 </trkpt>
			 <trkpt lat="-34.91273" lon="138.60448">
				 <ele>28.5</ele>
			 </trkpt>
			 <trkpt lat="-34.912705" lon="138.604502">
				 <ele>28.4</ele>
			 </trkpt>
			 <trkpt lat="-34.912678" lon="138.604527">
				 <ele>28.3</ele>
			 </trkpt>
			 <trkpt lat="-34.912651" lon="138.604552">
				 <ele>28.2</ele>
			 </trkpt>
			 <trkpt lat="-34.912623" lon="138.604578">
				 <ele>28.1</ele>
			 </trkpt>
			 <trkpt lat="-34.91259" lon="138.604609">
				 <ele>28.1</ele>
			 </trkpt>
			 <trkpt lat="-34.912501" lon="138.604696">
				 <ele>28.2</ele>
			 </trkpt>
			 <trkpt lat="-34.912475" lon="138.604722">
				 <ele>28.3</ele>
			 </trkpt>
			 <trkpt lat="-34.912448" lon="138.604748">
				 <ele>28.4</ele>
			 </trkpt>
			 <trkpt lat="-34.91242" lon="138.604775">
				 <ele>28.5</ele>
			 </trkpt>
			 <trkpt lat="-34.912388" lon="138.604807">
				 <ele>28.5</ele>
			 </trkpt>
			 <trkpt lat="-34.912317" lon="138.604882">
				 <ele>28.6</ele>
			 </trkpt>
			 <trkpt lat="-34.912292" lon="138.604909">
				 <ele>28.7</ele>
			 </trkpt>
			 <trkpt lat="-34.912265" lon="138.604936">
				 <ele>28.8</ele>
			 </trkpt>
			 <trkpt lat="-34.912239" lon="138.604964">
				 <ele>29</ele>
			 </trkpt>
			 <trkpt lat="-34.912207" lon="138.604998">
				 <ele>29.2</ele>
			 </trkpt>
			 <trkpt lat="-34.912139" lon="138.605073">
				 <ele>29.3</ele>
			 </trkpt>
			 <trkpt lat="-34.912114" lon="138.605101">
				 <ele>29.4</ele>
			 </trkpt>
			 <trkpt lat="-34.912089" lon="138.60513">
				 <ele>29.5</ele>
			 </trkpt>
			 <trkpt lat="-34.912063" lon="138.605159">
				 <ele>29.5</ele>
			 </trkpt>
			 <trkpt lat="-34.912032" lon="138.605194">
				 <ele>29.6</ele>
			 </trkpt>
			 <trkpt lat="-34.911936" lon="138.605303">
				 <ele>29.7</ele>
			 </trkpt>
			 <trkpt lat="-34.911911" lon="138.605332">
				 <ele>29.8</ele>
			 </trkpt>
			 <trkpt lat="-34.911886" lon="138.60536">
				 <ele>29.9</ele>
			 </trkpt>
			 <trkpt lat="-34.91186" lon="138.60539">
				 <ele>30</ele>
			 </trkpt>
			 <trkpt lat="-34.911829" lon="138.605425">
				 <ele>30</ele>
			 </trkpt>
			 <trkpt lat="-34.911804" lon="138.605455">
				 <ele>30</ele>
			 </trkpt>
			 <trkpt lat="-34.911779" lon="138.605484">
				 <ele>30</ele>
			 </trkpt>
			 <trkpt lat="-34.911754" lon="138.605514">
				 <ele>30</ele>
			 </trkpt>
			 <trkpt lat="-34.911729" lon="138.605545">
				 <ele>30.1</ele>
			 </trkpt>
			 <trkpt lat="-34.911659" lon="138.605629">
				 <ele>30.2</ele>
			 </trkpt>
			 <trkpt lat="-34.911635" lon="138.605659">
				 <ele>30.3</ele>
			 </trkpt>
			 <trkpt lat="-34.911611" lon="138.605689">
				 <ele>30.4</ele>
			 </trkpt>
			 <trkpt lat="-34.911586" lon="138.60572">
				 <ele>30.5</ele>
			 </trkpt>
			 <trkpt lat="-34.911556" lon="138.605756">
				 <ele>30.5</ele>
			 </trkpt>
			 <trkpt lat="-34.911484" lon="138.605855">
				 <ele>30.6</ele>
			 </trkpt>
			 <trkpt lat="-34.911462" lon="138.605886">
				 <ele>30.7</ele>
			 </trkpt>
			 <trkpt lat="-34.911439" lon="138.605918">
				 <ele>30.8</ele>
			 </trkpt>
			 <trkpt lat="-34.911415" lon="138.605951">
				 <ele>30.9</ele>
			 </trkpt>
			 <trkpt lat="-34.911388" lon="138.605989">
				 <ele>31</ele>
			 </trkpt>
			 <trkpt lat="-34.911349" lon="138.606043">
				 <ele>31</ele>
			 </trkpt>
			 <trkpt lat="-34.911327" lon="138.606074">
				 <ele>31</ele>
			 </trkpt>
			 <trkpt lat="-34.911304" lon="138.606107">
				 <ele>31</ele>
			 </trkpt>
			 <trkpt lat="-34.91128" lon="138.606139">
				 <ele>31</ele>
			 </trkpt>
			 <trkpt lat="-34.911253" lon="138.606178">
				 <ele>31</ele>
			 </trkpt>
			 <trkpt lat="-34.911231" lon="138.606211">
				 <ele>30.9</ele>
			 </trkpt>
			 <trkpt lat="-34.911209" lon="138.606244">
				 <ele>30.8</ele>
			 </trkpt>
			 <trkpt lat="-34.911187" lon="138.606278">
				 <ele>30.7</ele>
			 </trkpt>
			 <trkpt lat="-34.911161" lon="138.606318">
				 <ele>30.6</ele>
			 </trkpt>
			 <trkpt lat="-34.911139" lon="138.606352">
				 <ele>30.5</ele>
			 </trkpt>
			 <trkpt lat="-34.911118" lon="138.606387">
				 <ele>30.5</ele>
			 </trkpt>
			 <trkpt lat="-34.911097" lon="138.606422">
				 <ele>30.4</ele>
			 </trkpt>
			 <trkpt lat="-34.911079" lon="138.606458">
				 <ele>30.2</ele>
			 </trkpt>
			 <trkpt lat="-34.911062" lon="138.606496">
				 <ele>30</ele>
			 </trkpt>
			 <trkpt lat="-34.911045" lon="138.606535">
				 <ele>29.8</ele>
			 </trkpt>
			 <trkpt lat="-34.911027" lon="138.60658">
				 <ele>29.6</ele>
			 </trkpt>
			 <trkpt lat="-34.911015" lon="138.60662">
				 <ele>29.5</ele>
			 </trkpt>
			 <trkpt lat="-34.911002" lon="138.606661">
				 <ele>29.4</ele>
			 </trkpt>
			 <trkpt lat="-34.910991" lon="138.606699">
				 <ele>29.2</ele>
			 </trkpt>
			 <trkpt lat="-34.910981" lon="138.60674">
				 <ele>29</ele>
			 </trkpt>
			 <trkpt lat="-34.910972" lon="138.606782">
				 <ele>28.8</ele>
			 </trkpt>
			 <trkpt lat="-34.910963" lon="138.606825">
				 <ele>28.5</ele>
			 </trkpt>
			 <trkpt lat="-34.910954" lon="138.60687">
				 <ele>28.3</ele>
			 </trkpt>
			 <trkpt lat="-34.91095" lon="138.606912">
				 <ele>28</ele>
			 </trkpt>
			 <trkpt lat="-34.910945" lon="138.606955">
				 <ele>27.7</ele>
			 </trkpt>
			 <trkpt lat="-34.91094" lon="138.606999">
				 <ele>27.4</ele>
			 </trkpt>
			 <trkpt lat="-34.910937" lon="138.607047">
				 <ele>27</ele>
			 </trkpt>
			 <trkpt lat="-34.910938" lon="138.60709">
				 <ele>26.6</ele>
			 </trkpt>
			 <trkpt lat="-34.910938" lon="138.607133">
				 <ele>26.3</ele>
			 </trkpt>
			 <trkpt lat="-34.910939" lon="138.607177">
				 <ele>25.8</ele>
			 </trkpt>
			 <trkpt lat="-34.91094" lon="138.607214">
				 <ele>25.4</ele>
			 </trkpt>
			 <trkpt lat="-34.91094" lon="138.607257">
				 <ele>24.8</ele>
			 </trkpt>
			 <trkpt lat="-34.91094" lon="138.6073">
				 <ele>24.3</ele>
			 </trkpt>
			 <trkpt lat="-34.91094" lon="138.607342">
				 <ele>23.7</ele>
			 </trkpt>
			 <trkpt lat="-34.910941" lon="138.607385">
				 <ele>23.2</ele>
			 </trkpt>
			 <trkpt lat="-34.910945" lon="138.607429">
				 <ele>22.6</ele>
			 </trkpt>
			 <trkpt lat="-34.91095" lon="138.607481">
				 <ele>22.2</ele>
			 </trkpt>
			 <trkpt lat="-34.910957" lon="138.607523">
				 <ele>21.7</ele>
			 </trkpt>
			 <trkpt lat="-34.910965" lon="138.607567">
				 <ele>21.3</ele>
			 </trkpt>
			 <trkpt lat="-34.910974" lon="138.607613">
				 <ele>20.9</ele>
			 </trkpt>
			 <trkpt lat="-34.910986" lon="138.607654">
				 <ele>20.6</ele>
			 </trkpt>
			 <trkpt lat="-34.910998" lon="138.607696">
				 <ele>20.4</ele>
			 </trkpt>
			 <trkpt lat="-34.911012" lon="138.607738">
				 <ele>20.3</ele>
			 </trkpt>
			 <trkpt lat="-34.911027" lon="138.607779">
				 <ele>20.3</ele>
			 </trkpt>
			 <trkpt lat="-34.911043" lon="138.607824">
				 <ele>20.4</ele>
			 </trkpt>
			 <trkpt lat="-34.911063" lon="138.607861">
				 <ele>20.6</ele>
			 </trkpt>
			 <trkpt lat="-34.911083" lon="138.607898">
				 <ele>21</ele>
			 </trkpt>
			 <trkpt lat="-34.911106" lon="138.60794">
				 <ele>21.5</ele>
			 </trkpt>
			 <trkpt lat="-34.911122" lon="138.607966">
				 <ele>22.1</ele>
			 </trkpt>
			 <trkpt lat="-34.911139" lon="138.607992">
				 <ele>22.8</ele>
			 </trkpt>
			 <trkpt lat="-34.911156" lon="138.608017">
				 <ele>23.7</ele>
			 </trkpt>
			 <trkpt lat="-34.91118" lon="138.60805">
				 <ele>24.7</ele>
			 </trkpt>
			 <trkpt lat="-34.911207" lon="138.608081">
				 <ele>25.8</ele>
			 </trkpt>
			 <trkpt lat="-34.911236" lon="138.608113">
				 <ele>26.9</ele>
			 </trkpt>
			 <trkpt lat="-34.911264" lon="138.608143">
				 <ele>28.1</ele>
			 </trkpt>
			 <trkpt lat="-34.911295" lon="138.608172">
				 <ele>29.3</ele>
			 </trkpt>
			 <trkpt lat="-34.911329" lon="138.6082">
				 <ele>30.4</ele>
			 </trkpt>
			 <trkpt lat="-34.91136" lon="138.608224">
				 <ele>31.5</ele>
			 </trkpt>
			 <trkpt lat="-34.911392" lon="138.608247">
				 <ele>32.5</ele>
			 </trkpt>
			 <trkpt lat="-34.911542" lon="138.608344">
				 <ele>33.5</ele>
			 </trkpt>
			 <trkpt lat="-34.911574" lon="138.608364">
				 <ele>34.5</ele>
			 </trkpt>
			 <trkpt lat="-34.911607" lon="138.608385">
				 <ele>35.3</ele>
			 </trkpt>
			 <trkpt lat="-34.911641" lon="138.608406">
				 <ele>36.1</ele>
			 </trkpt>
			 <trkpt lat="-34.911679" lon="138.60843">
				 <ele>36.8</ele>
			 </trkpt>
			 <trkpt lat="-34.911712" lon="138.608449">
				 <ele>37.5</ele>
			 </trkpt>
			 <trkpt lat="-34.911745" lon="138.608467">
				 <ele>38.2</ele>
			 </trkpt>
			 <trkpt lat="-34.91178" lon="138.608487">
				 <ele>38.8</ele>
			 </trkpt>
			 <trkpt lat="-34.911816" lon="138.608507">
				 <ele>39.5</ele>
			 </trkpt>
			 <trkpt lat="-34.91185" lon="138.608526">
				 <ele>40</ele>
			 </trkpt>
			 <trkpt lat="-34.911883" lon="138.608544">
				 <ele>40.5</ele>
			 </trkpt>
			 <trkpt lat="-34.911918" lon="138.608563">
				 <ele>40.8</ele>
			 </trkpt>
			 <trkpt lat="-34.911953" lon="138.608584">
				 <ele>41.1</ele>
			 </trkpt>
			 <trkpt lat="-34.911985" lon="138.608605">
				 <ele>41.3</ele>
			 </trkpt>
			 <trkpt lat="-34.91201" lon="138.608622">
				 <ele>41.4</ele>
			 </trkpt>
			 <trkpt lat="-34.912032" lon="138.608641">
				 <ele>41.5</ele>
			 </trkpt>
			 <trkpt lat="-34.912056" lon="138.608662">
				 <ele>41.4</ele>
			 </trkpt>
			 <trkpt lat="-34.912077" lon="138.608682">
				 <ele>41.3</ele>
			 </trkpt>
			 <trkpt lat="-34.9121" lon="138.608706">
				 <ele>41.1</ele>
			 </trkpt>
			 <trkpt lat="-34.912122" lon="138.60873">
				 <ele>40.9</ele>
			 </trkpt>
			 <trkpt lat="-34.912145" lon="138.608759">
				 <ele>40.7</ele>
			 </trkpt>
			 <trkpt lat="-34.912173" lon="138.608793">
				 <ele>40.5</ele>
			 </trkpt>
			 <trkpt lat="-34.912191" lon="138.608819">
				 <ele>40.4</ele>
			 </trkpt>
			 <trkpt lat="-34.912209" lon="138.608847">
				 <ele>40.3</ele>
			 </trkpt>
			 <trkpt lat="-34.912235" lon="138.608891">
				 <ele>40.2</ele>
			 </trkpt>
			 <trkpt lat="-34.912255" lon="138.60893">
				 <ele>40.1</ele>
			 </trkpt>
			 <trkpt lat="-34.912274" lon="138.608969">
				 <ele>40</ele>
			 </trkpt>
			 <trkpt lat="-34.912292" lon="138.60901">
				 <ele>40.1</ele>
			 </trkpt>
			 <trkpt lat="-34.912311" lon="138.609055">
				 <ele>40.2</ele>
			 </trkpt>
			 <trkpt lat="-34.912323" lon="138.609097">
				 <ele>40.3</ele>
			 </trkpt>
			 <trkpt lat="-34.912336" lon="138.609141">
				 <ele>40.4</ele>
			 </trkpt>
			 <trkpt lat="-34.912347" lon="138.60919">
				 <ele>40.4</ele>
			 </trkpt>
			 <trkpt lat="-34.912353" lon="138.609224">
				 <ele>40.4</ele>
			 </trkpt>
			 <trkpt lat="-34.912359" lon="138.609258">
				 <ele>40.4</ele>
			 </trkpt>
			 <trkpt lat="-34.912365" lon="138.60929">
				 <ele>40.3</ele>
			 </trkpt>
			 <trkpt lat="-34.912368" lon="138.609328">
				 <ele>40.2</ele>
			 </trkpt>
			 <trkpt lat="-34.912371" lon="138.609366">
				 <ele>40.1</ele>
			 </trkpt>
			 <trkpt lat="-34.912373" lon="138.609417">
				 <ele>39.9</ele>
			 </trkpt>
			 <trkpt lat="-34.912372" lon="138.609463">
				 <ele>39.6</ele>
			 </trkpt>
			 <trkpt lat="-34.912372" lon="138.609507">
				 <ele>39.3</ele>
			 </trkpt>
			 <trkpt lat="-34.912369" lon="138.609553">
				 <ele>38.9</ele>
			 </trkpt>
			 <trkpt lat="-34.912364" lon="138.609599">
				 <ele>38.5</ele>
			 </trkpt>
			 <trkpt lat="-34.912357" lon="138.609647">
				 <ele>38.1</ele>
			 </trkpt>
			 <trkpt lat="-34.912348" lon="138.60969">
				 <ele>37.6</ele>
			 </trkpt>
			 <trkpt lat="-34.912338" lon="138.609733">
				 <ele>37.2</ele>
			 </trkpt>
			 <trkpt lat="-34.912328" lon="138.609778">
				 <ele>36.7</ele>
			 </trkpt>
			 <trkpt lat="-34.912317" lon="138.60983">
				 <ele>36.2</ele>
			 </trkpt>
			 <trkpt lat="-34.912303" lon="138.609885">
				 <ele>35.6</ele>
			 </trkpt>
			 <trkpt lat="-34.912293" lon="138.609928">
				 <ele>35.2</ele>
			 </trkpt>
			 <trkpt lat="-34.912282" lon="138.609971">
				 <ele>34.6</ele>
			 </trkpt>
			 <trkpt lat="-34.912272" lon="138.610015">
				 <ele>34.2</ele>
			 </trkpt>
			 <trkpt lat="-34.912259" lon="138.610067">
				 <ele>33.6</ele>
			 </trkpt>
			 <trkpt lat="-34.91223" lon="138.61019">
				 <ele>33.2</ele>
			 </trkpt>
			 <trkpt lat="-34.91222" lon="138.610233">
				 <ele>32.7</ele>
			 </trkpt>
			 <trkpt lat="-34.91221" lon="138.610276">
				 <ele>32.4</ele>
			 </trkpt>
			 <trkpt lat="-34.912199" lon="138.61032">
				 <ele>32</ele>
			 </trkpt>
			 <trkpt lat="-34.912187" lon="138.610372">
				 <ele>31.7</ele>
			 </trkpt>
			 <trkpt lat="-34.912155" lon="138.610441">
				 <ele>31.5</ele>
			 </trkpt>
			 <trkpt lat="-34.912137" lon="138.61048">
				 <ele>31.2</ele>
			 </trkpt>
			 <trkpt lat="-34.912118" lon="138.610519">
				 <ele>30.9</ele>
			 </trkpt>
			 <trkpt lat="-34.9121" lon="138.61056">
				 <ele>30.8</ele>
			 </trkpt>
			 <trkpt lat="-34.912084" lon="138.610594">
				 <ele>30.7</ele>
			 </trkpt>
			 <trkpt lat="-34.912062" lon="138.61063">
				 <ele>30.7</ele>
			 </trkpt>
			 <trkpt lat="-34.912038" lon="138.610664">
				 <ele>30.7</ele>
			 </trkpt>
			 <trkpt lat="-34.912013" lon="138.6107">
				 <ele>30.7</ele>
			 </trkpt>
			 <trkpt lat="-34.911987" lon="138.610737">
				 <ele>30.8</ele>
			 </trkpt>
			 <trkpt lat="-34.911961" lon="138.610769">
				 <ele>30.9</ele>
			 </trkpt>
			 <trkpt lat="-34.911935" lon="138.610801">
				 <ele>31</ele>
			 </trkpt>
			 <trkpt lat="-34.911908" lon="138.610834">
				 <ele>31.2</ele>
			 </trkpt>
			 <trkpt lat="-34.911889" lon="138.610857">
				 <ele>31.5</ele>
			 </trkpt>
			 <trkpt lat="-34.911861" lon="138.610886">
				 <ele>31.7</ele>
			 </trkpt>
			 <trkpt lat="-34.911831" lon="138.610912">
				 <ele>32</ele>
			 </trkpt>
			 <trkpt lat="-34.9118" lon="138.610939">
				 <ele>32.3</ele>
			 </trkpt>
			 <trkpt lat="-34.911768" lon="138.610967">
				 <ele>32.5</ele>
			 </trkpt>
			 <trkpt lat="-34.911746" lon="138.610986">
				 <ele>32.9</ele>
			 </trkpt>
			 <trkpt lat="-34.911712" lon="138.611005">
				 <ele>33.3</ele>
			 </trkpt>
			 <trkpt lat="-34.911678" lon="138.611024">
				 <ele>33.5</ele>
			 </trkpt>
			 <trkpt lat="-34.911642" lon="138.611043">
				 <ele>33.8</ele>
			 </trkpt>
			 <trkpt lat="-34.911601" lon="138.611067">
				 <ele>34.2</ele>
			 </trkpt>
			 <trkpt lat="-34.911488" lon="138.611102">
				 <ele>34.5</ele>
			 </trkpt>
			 <trkpt lat="-34.911451" lon="138.611113">
				 <ele>34.8</ele>
			 </trkpt>
			 <trkpt lat="-34.911414" lon="138.611125">
				 <ele>35.1</ele>
			 </trkpt>
			 <trkpt lat="-34.911376" lon="138.611137">
				 <ele>35.3</ele>
			 </trkpt>
			 <trkpt lat="-34.91135" lon="138.611146">
				 <ele>35.5</ele>
			 </trkpt>
			 <trkpt lat="-34.91124" lon="138.611159">
				 <ele>35.8</ele>
			 </trkpt>
			 <trkpt lat="-34.911202" lon="138.611162">
				 <ele>36</ele>
			 </trkpt>
			 <trkpt lat="-34.911163" lon="138.611166">
				 <ele>36.2</ele>
			 </trkpt>
			 <trkpt lat="-34.911127" lon="138.611169">
				 <ele>36.4</ele>
			 </trkpt>
			 <trkpt lat="-34.911098" lon="138.611171">
				 <ele>36.5</ele>
			 </trkpt>
			 <trkpt lat="-34.91107" lon="138.611173">
				 <ele>36.7</ele>
			 </trkpt>
			 <trkpt lat="-34.911031" lon="138.611172">
				 <ele>36.9</ele>
			 </trkpt>
			 <trkpt lat="-34.910985" lon="138.611172">
				 <ele>37.1</ele>
			 </trkpt>
			 <trkpt lat="-34.910811" lon="138.611128">
				 <ele>37.3</ele>
			 </trkpt>
			 <trkpt lat="-34.910773" lon="138.611119">
				 <ele>37.5</ele>
			 </trkpt>
			 <trkpt lat="-34.910735" lon="138.611109">
				 <ele>37.5</ele>
			 </trkpt>
			 <trkpt lat="-34.910696" lon="138.611099">
				 <ele>37.6</ele>
			 </trkpt>
			 <trkpt lat="-34.910669" lon="138.611093">
				 <ele>37.7</ele>
			 </trkpt>
			 <trkpt lat="-34.910581" lon="138.611064">
				 <ele>37.8</ele>
			 </trkpt>
			 <trkpt lat="-34.910545" lon="138.611052">
				 <ele>37.9</ele>
			 </trkpt>
			 <trkpt lat="-34.910508" lon="138.611039">
				 <ele>38</ele>
			 </trkpt>
			 <trkpt lat="-34.910469" lon="138.611026">
				 <ele>38</ele>
			 </trkpt>
			 <trkpt lat="-34.910433" lon="138.611013">
				 <ele>38</ele>
			 </trkpt>
			 <trkpt lat="-34.910395" lon="138.611002">
				 <ele>38</ele>
			 </trkpt>
			 <trkpt lat="-34.910361" lon="138.610992">
				 <ele>38</ele>
			 </trkpt>
			 <trkpt lat="-34.910331" lon="138.610983">
				 <ele>38</ele>
			 </trkpt>
			 <trkpt lat="-34.910287" lon="138.610979">
				 <ele>38</ele>
			 </trkpt>
			 <trkpt lat="-34.910259" lon="138.610977">
				 <ele>38</ele>
			 </trkpt>
			 <trkpt lat="-34.910227" lon="138.610974">
				 <ele>38</ele>
			 </trkpt>
			 <trkpt lat="-34.910183" lon="138.610973">
				 <ele>38</ele>
			 </trkpt>
			 <trkpt lat="-34.910143" lon="138.610974">
				 <ele>38</ele>
			 </trkpt>
			 <trkpt lat="-34.910108" lon="138.610975">
				 <ele>38</ele>
			 </trkpt>
			 <trkpt lat="-34.910071" lon="138.610981">
				 <ele>38</ele>
			 </trkpt>
			 <trkpt lat="-34.910033" lon="138.61099">
				 <ele>37.9</ele>
			 </trkpt>
			 <trkpt lat="-34.909994" lon="138.610998">
				 <ele>37.8</ele>
			 </trkpt>
			 <trkpt lat="-34.909953" lon="138.611008">
				 <ele>37.7</ele>
			 </trkpt>
			 <trkpt lat="-34.909918" lon="138.611024">
				 <ele>37.6</ele>
			 </trkpt>
			 <trkpt lat="-34.909882" lon="138.611041">
				 <ele>37.5</ele>
			 </trkpt>
			 <trkpt lat="-34.90985" lon="138.611057">
				 <ele>37.5</ele>
			 </trkpt>
			 <trkpt lat="-34.909821" lon="138.611072">
				 <ele>37.4</ele>
			 </trkpt>
			 <trkpt lat="-34.90978" lon="138.611096">
				 <ele>37.3</ele>
			 </trkpt>
			 <trkpt lat="-34.909745" lon="138.61112">
				 <ele>37.2</ele>
			 </trkpt>
			 <trkpt lat="-34.909721" lon="138.611137">
				 <ele>37.1</ele>
			 </trkpt>
			 <trkpt lat="-34.909692" lon="138.611166">
				 <ele>37</ele>
			 </trkpt>
			 <trkpt lat="-34.909662" lon="138.611196">
				 <ele>37</ele>
			 </trkpt>
			 <trkpt lat="-34.909637" lon="138.611222">
				 <ele>37.1</ele>
			 </trkpt>
			 <trkpt lat="-34.909616" lon="138.611243">
				 <ele>37.2</ele>
			 </trkpt>
			 <trkpt lat="-34.909593" lon="138.611267">
				 <ele>37.3</ele>
			 </trkpt>
			 <trkpt lat="-34.909562" lon="138.611297">
				 <ele>37.4</ele>
			 </trkpt>
			 <trkpt lat="-34.909535" lon="138.611324">
				 <ele>37.5</ele>
			 </trkpt>
			 <trkpt lat="-34.90951" lon="138.611348">
				 <ele>37.5</ele>
			 </trkpt>
			 <trkpt lat="-34.909472" lon="138.611378">
				 <ele>37.6</ele>
			 </trkpt>
			 <trkpt lat="-34.909438" lon="138.611404">
				 <ele>37.7</ele>
			 </trkpt>
			 <trkpt lat="-34.909398" lon="138.611435">
				 <ele>37.8</ele>
			 </trkpt>
			 <trkpt lat="-34.909279" lon="138.611471">
				 <ele>37.9</ele>
			 </trkpt>
			 <trkpt lat="-34.909241" lon="138.611482">
				 <ele>38</ele>
			 </trkpt>
			 <trkpt lat="-34.909212" lon="138.611491">
				 <ele>38</ele>
			 </trkpt>
			 <trkpt lat="-34.909113" lon="138.611529">
				 <ele>38</ele>
			 </trkpt>
			 <trkpt lat="-34.90917" lon="138.611529">
				 <ele>38</ele>
			 </trkpt>
			 <trkpt lat="-34.909209" lon="138.611524">
				 <ele>38</ele>
			 </trkpt>
			 <trkpt lat="-34.909241" lon="138.611521">
				 <ele>38</ele>
			 </trkpt>
			 <trkpt lat="-34.909272" lon="138.611509">
				 <ele>38</ele>
			 </trkpt>
			 <trkpt lat="-34.909305" lon="138.611497">
				 <ele>37.9</ele>
			 </trkpt>
			 <trkpt lat="-34.909331" lon="138.611488">
				 <ele>37.8</ele>
			 </trkpt>
			 <trkpt lat="-34.909365" lon="138.61147">
				 <ele>37.7</ele>
			 </trkpt>
			 <trkpt lat="-34.90939" lon="138.611458">
				 <ele>37.6</ele>
			 </trkpt>
			 <trkpt lat="-34.90943" lon="138.611434">
				 <ele>37.5</ele>
			 </trkpt>
			 <trkpt lat="-34.909464" lon="138.611409">
				 <ele>37.5</ele>
			 </trkpt>
			 <trkpt lat="-34.909499" lon="138.611383">
				 <ele>37.4</ele>
			 </trkpt>
			 <trkpt lat="-34.909522" lon="138.611366">
				 <ele>37.3</ele>
			 </trkpt>
			 <trkpt lat="-34.90955" lon="138.611338">
				 <ele>37.2</ele>
			 </trkpt>
			 <trkpt lat="-34.909582" lon="138.611307">
				 <ele>37.1</ele>
			 </trkpt>
			 <trkpt lat="-34.909603" lon="138.611287">
				 <ele>37</ele>
			 </trkpt>
			 <trkpt lat="-34.909629" lon="138.61126">
				 <ele>37</ele>
			 </trkpt>
			 <trkpt lat="-34.909659" lon="138.611229">
				 <ele>37</ele>
			 </trkpt>
			 <trkpt lat="-34.909689" lon="138.611196">
				 <ele>37</ele>
			 </trkpt>
			 <trkpt lat="-34.90971" lon="138.611175">
				 <ele>37</ele>
			 </trkpt>
			 <trkpt lat="-34.909744" lon="138.611147">
				 <ele>37</ele>
			 </trkpt>
			 <trkpt lat="-34.90978" lon="138.611126">
				 <ele>37.1</ele>
			 </trkpt>
			 <trkpt lat="-34.909807" lon="138.61111">
				 <ele>37.2</ele>
			 </trkpt>
			 <trkpt lat="-34.909842" lon="138.611089">
				 <ele>37.3</ele>
			 </trkpt>
			 <trkpt lat="-34.909877" lon="138.611072">
				 <ele>37.4</ele>
			 </trkpt>
			 <trkpt lat="-34.909913" lon="138.611054">
				 <ele>37.5</ele>
			 </trkpt>
			 <trkpt lat="-34.909943" lon="138.61104">
				 <ele>37.5</ele>
			 </trkpt>
			 <trkpt lat="-34.909971" lon="138.611032">
				 <ele>37.6</ele>
			 </trkpt>
			 <trkpt lat="-34.909997" lon="138.611024">
				 <ele>37.7</ele>
			 </trkpt>
			 <trkpt lat="-34.91003" lon="138.611016">
				 <ele>37.8</ele>
			 </trkpt>
			 <trkpt lat="-34.910063" lon="138.61101">
				 <ele>37.9</ele>
			 </trkpt>
			 <trkpt lat="-34.910102" lon="138.611004">
				 <ele>38</ele>
			 </trkpt>
			 <trkpt lat="-34.910129" lon="138.611002">
				 <ele>38</ele>
			 </trkpt>
			 <trkpt lat="-34.910156" lon="138.611">
				 <ele>38</ele>
			 </trkpt>
			 <trkpt lat="-34.910201" lon="138.611">
				 <ele>37.9</ele>
			 </trkpt>
			 <trkpt lat="-34.910243" lon="138.611004">
				 <ele>37.8</ele>
			 </trkpt>
			 <trkpt lat="-34.910285" lon="138.61101">
				 <ele>37.7</ele>
			 </trkpt>
			 <trkpt lat="-34.910325" lon="138.611017">
				 <ele>37.6</ele>
			 </trkpt>
			 <trkpt lat="-34.910366" lon="138.611025">
				 <ele>37.5</ele>
			 </trkpt>
			 <trkpt lat="-34.910393" lon="138.61103">
				 <ele>37.5</ele>
			 </trkpt>
			 <trkpt lat="-34.910434" lon="138.611044">
				 <ele>37.4</ele>
			 </trkpt>
			 <trkpt lat="-34.910473" lon="138.611057">
				 <ele>37.2</ele>
			 </trkpt>
			 <trkpt lat="-34.910514" lon="138.611071">
				 <ele>37</ele>
			 </trkpt>
			 <trkpt lat="-34.91054" lon="138.61108">
				 <ele>36.8</ele>
			 </trkpt>
			 <trkpt lat="-34.910575" lon="138.611093">
				 <ele>36.6</ele>
			 </trkpt>
			 <trkpt lat="-34.910613" lon="138.611108">
				 <ele>36.5</ele>
			 </trkpt>
			 <trkpt lat="-34.910651" lon="138.611123">
				 <ele>36.5</ele>
			 </trkpt>
			 <trkpt lat="-34.910679" lon="138.611134">
				 <ele>36.4</ele>
			 </trkpt>
			 <trkpt lat="-34.910709" lon="138.611143">
				 <ele>36.3</ele>
			 </trkpt>
			 <trkpt lat="-34.91074" lon="138.611153">
				 <ele>36.2</ele>
			 </trkpt>
			 <trkpt lat="-34.910769" lon="138.611162">
				 <ele>36.1</ele>
			 </trkpt>
			 <trkpt lat="-34.910796" lon="138.61117">
				 <ele>36</ele>
			 </trkpt>
			 <trkpt lat="-34.910832" lon="138.611179">
				 <ele>36</ele>
			 </trkpt>
			 <trkpt lat="-34.91086" lon="138.611185">
				 <ele>36</ele>
			 </trkpt>
			 <trkpt lat="-34.910886" lon="138.611192">
				 <ele>36</ele>
			 </trkpt>
			 <trkpt lat="-34.910913" lon="138.611196">
				 <ele>36</ele>
			 </trkpt>
			 <trkpt lat="-34.91094" lon="138.6112">
				 <ele>36.1</ele>
			 </trkpt>
			 <trkpt lat="-34.910972" lon="138.611204">
				 <ele>36.2</ele>
			 </trkpt>
			 <trkpt lat="-34.911011" lon="138.611206">
				 <ele>36.3</ele>
			 </trkpt>
			 <trkpt lat="-34.911041" lon="138.611209">
				 <ele>36.4</ele>
			 </trkpt>
			 <trkpt lat="-34.911071" lon="138.61121">
				 <ele>36.5</ele>
			 </trkpt>
			 <trkpt lat="-34.911111" lon="138.611208">
				 <ele>36.5</ele>
			 </trkpt>
			 <trkpt lat="-34.91114" lon="138.611206">
				 <ele>36.6</ele>
			 </trkpt>
			 <trkpt lat="-34.911171" lon="138.611204">
				 <ele>36.7</ele>
			 </trkpt>
			 <trkpt lat="-34.9112" lon="138.6112">
				 <ele>36.8</ele>
			 </trkpt>
			 <trkpt lat="-34.911233" lon="138.611196">
				 <ele>36.8</ele>
			 </trkpt>
			 <trkpt lat="-34.91126" lon="138.611192">
				 <ele>36.8</ele>
			 </trkpt>
			 <trkpt lat="-34.911301" lon="138.611184">
				 <ele>36.7</ele>
			 </trkpt>
			 <trkpt lat="-34.911342" lon="138.611173">
				 <ele>36.6</ele>
			 </trkpt>
			 <trkpt lat="-34.911369" lon="138.611166">
				 <ele>36.5</ele>
			 </trkpt>
			 <trkpt lat="-34.911404" lon="138.611155">
				 <ele>36.4</ele>
			 </trkpt>
			 <trkpt lat="-34.911443" lon="138.611142">
				 <ele>36.2</ele>
			 </trkpt>
			 <trkpt lat="-34.911483" lon="138.61113">
				 <ele>36</ele>
			 </trkpt>
			 <trkpt lat="-34.911524" lon="138.611117">
				 <ele>35.7</ele>
			 </trkpt>
			 <trkpt lat="-34.911551" lon="138.611108">
				 <ele>35.5</ele>
			 </trkpt>
			 <trkpt lat="-34.91158" lon="138.611096">
				 <ele>35.2</ele>
			 </trkpt>
			 <trkpt lat="-34.911618" lon="138.611079">
				 <ele>34.9</ele>
			 </trkpt>
			 <trkpt lat="-34.911649" lon="138.611065">
				 <ele>34.5</ele>
			 </trkpt>
			 <trkpt lat="-34.911678" lon="138.611053">
				 <ele>34.2</ele>
			 </trkpt>
			 <trkpt lat="-34.911704" lon="138.611042">
				 <ele>33.8</ele>
			 </trkpt>
			 <trkpt lat="-34.911742" lon="138.611014">
				 <ele>33.4</ele>
			 </trkpt>
			 <trkpt lat="-34.911778" lon="138.610987">
				 <ele>33</ele>
			 </trkpt>
			 <trkpt lat="-34.911801" lon="138.61097">
				 <ele>32.6</ele>
			 </trkpt>
			 <trkpt lat="-34.911831" lon="138.610944">
				 <ele>32.2</ele>
			 </trkpt>
			 <trkpt lat="-34.911861" lon="138.610918">
				 <ele>31.8</ele>
			 </trkpt>
			 <trkpt lat="-34.911888" lon="138.610895">
				 <ele>31.5</ele>
			 </trkpt>
			 <trkpt lat="-34.91191" lon="138.610874">
				 <ele>31.1</ele>
			 </trkpt>
			 <trkpt lat="-34.911941" lon="138.610841">
				 <ele>30.8</ele>
			 </trkpt>
			 <trkpt lat="-34.911972" lon="138.610806">
				 <ele>30.6</ele>
			 </trkpt>
			 <trkpt lat="-34.911993" lon="138.610784">
				 <ele>30.5</ele>
			 </trkpt>
			 <trkpt lat="-34.912019" lon="138.610751">
				 <ele>30.4</ele>
			 </trkpt>
			 <trkpt lat="-34.912047" lon="138.610715">
				 <ele>30.4</ele>
			 </trkpt>
			 <trkpt lat="-34.912068" lon="138.610688">
				 <ele>30.4</ele>
			 </trkpt>
			 <trkpt lat="-34.912086" lon="138.610657">
				 <ele>30.5</ele>
			 </trkpt>
			 <trkpt lat="-34.912108" lon="138.61062">
				 <ele>30.6</ele>
			 </trkpt>
			 <trkpt lat="-34.912127" lon="138.610588">
				 <ele>30.8</ele>
			 </trkpt>
			 <trkpt lat="-34.912141" lon="138.610557">
				 <ele>31.1</ele>
			 </trkpt>
			 <trkpt lat="-34.912161" lon="138.610513">
				 <ele>31.4</ele>
			 </trkpt>
			 <trkpt lat="-34.912174" lon="138.610483">
				 <ele>31.7</ele>
			 </trkpt>
			 <trkpt lat="-34.912188" lon="138.61045">
				 <ele>32.1</ele>
			 </trkpt>
			 <trkpt lat="-34.912202" lon="138.610404">
				 <ele>32.5</ele>
			 </trkpt>
			 <trkpt lat="-34.912217" lon="138.610356">
				 <ele>32.9</ele>
			 </trkpt>
			 <trkpt lat="-34.912227" lon="138.610324">
				 <ele>33.4</ele>
			 </trkpt>
			 <trkpt lat="-34.912283" lon="138.610107">
				 <ele>33.8</ele>
			 </trkpt>
			 <trkpt lat="-34.912295" lon="138.61006">
				 <ele>34.3</ele>
			 </trkpt>
			 <trkpt lat="-34.912307" lon="138.610013">
				 <ele>34.7</ele>
			 </trkpt>
			 <trkpt lat="-34.912319" lon="138.609965">
				 <ele>35.3</ele>
			 </trkpt>
			 <trkpt lat="-34.912327" lon="138.609934">
				 <ele>35.7</ele>
			 </trkpt>
			 <trkpt lat="-34.912355" lon="138.609792">
				 <ele>36.3</ele>
			 </trkpt>
			 <trkpt lat="-34.912364" lon="138.609744">
				 <ele>36.8</ele>
			 </trkpt>
			 <trkpt lat="-34.912371" lon="138.60971">
				 <ele>37.5</ele>
			 </trkpt>
			 <trkpt lat="-34.912378" lon="138.609672">
				 <ele>38</ele>
			 </trkpt>
			 <trkpt lat="-34.912384" lon="138.609638">
				 <ele>38.5</ele>
			 </trkpt>
			 <trkpt lat="-34.912394" lon="138.609589">
				 <ele>39</ele>
			 </trkpt>
			 <trkpt lat="-34.912398" lon="138.609539">
				 <ele>39.5</ele>
			 </trkpt>
			 <trkpt lat="-34.912401" lon="138.609502">
				 <ele>39.7</ele>
			 </trkpt>
			 <trkpt lat="-34.9124" lon="138.609463">
				 <ele>40</ele>
			 </trkpt>
			 <trkpt lat="-34.9124" lon="138.609427">
				 <ele>40.2</ele>
			 </trkpt>
			 <trkpt lat="-34.912401" lon="138.609385">
				 <ele>40.4</ele>
			 </trkpt>
			 <trkpt lat="-34.912402" lon="138.60935">
				 <ele>40.5</ele>
			 </trkpt>
			 <trkpt lat="-34.912397" lon="138.609317">
				 <ele>40.5</ele>
			 </trkpt>
			 <trkpt lat="-34.91239" lon="138.609272">
				 <ele>40.4</ele>
			 </trkpt>
			 <trkpt lat="-34.912382" lon="138.609231">
				 <ele>40.3</ele>
			 </trkpt>
			 <trkpt lat="-34.912375" lon="138.609191">
				 <ele>40.2</ele>
			 </trkpt>
			 <trkpt lat="-34.912369" lon="138.609157">
				 <ele>40.1</ele>
			 </trkpt>
			 <trkpt lat="-34.912355" lon="138.609113">
				 <ele>40</ele>
			 </trkpt>
			 <trkpt lat="-34.91234" lon="138.609066">
				 <ele>40</ele>
			 </trkpt>
			 <trkpt lat="-34.912328" lon="138.609028">
				 <ele>40</ele>
			 </trkpt>
			 <trkpt lat="-34.912315" lon="138.608995">
				 <ele>40</ele>
			 </trkpt>
			 <trkpt lat="-34.912303" lon="138.608963">
				 <ele>40.1</ele>
			 </trkpt>
			 <trkpt lat="-34.912288" lon="138.608927">
				 <ele>40.2</ele>
			 </trkpt>
			 <trkpt lat="-34.912268" lon="138.60889">
				 <ele>40.3</ele>
			 </trkpt>
			 <trkpt lat="-34.912251" lon="138.608861">
				 <ele>40.4</ele>
			 </trkpt>
			 <trkpt lat="-34.912232" lon="138.608831">
				 <ele>40.5</ele>
			 </trkpt>
			 <trkpt lat="-34.912214" lon="138.608801">
				 <ele>40.5</ele>
			 </trkpt>
			 <trkpt lat="-34.912196" lon="138.608773">
				 <ele>40.6</ele>
			 </trkpt>
			 <trkpt lat="-34.912164" lon="138.608734">
				 <ele>40.6</ele>
			 </trkpt>
			 <trkpt lat="-34.912132" lon="138.608698">
				 <ele>40.6</ele>
			 </trkpt>
			 <trkpt lat="-34.912111" lon="138.608673">
				 <ele>40.6</ele>
			 </trkpt>
			 <trkpt lat="-34.912084" lon="138.608647">
				 <ele>40.5</ele>
			 </trkpt>
			 <trkpt lat="-34.912061" lon="138.608625">
				 <ele>40.4</ele>
			 </trkpt>
			 <trkpt lat="-34.912025" lon="138.608595">
				 <ele>40.1</ele>
			 </trkpt>
			 <trkpt lat="-34.911989" lon="138.608567">
				 <ele>39.8</ele>
			 </trkpt>
			 <trkpt lat="-34.911964" lon="138.608548">
				 <ele>39.5</ele>
			 </trkpt>
			 <trkpt lat="-34.911926" lon="138.608521">
				 <ele>39.1</ele>
			 </trkpt>
			 <trkpt lat="-34.911888" lon="138.608498">
				 <ele>38.6</ele>
			 </trkpt>
			 <trkpt lat="-34.91185" lon="138.608474">
				 <ele>38.1</ele>
			 </trkpt>
			 <trkpt lat="-34.911812" lon="138.608451">
				 <ele>37.6</ele>
			 </trkpt>
			 <trkpt lat="-34.911786" lon="138.608434">
				 <ele>37.1</ele>
			 </trkpt>
			 <trkpt lat="-34.911595" lon="138.608328">
				 <ele>36.4</ele>
			 </trkpt>
			 <trkpt lat="-34.911556" lon="138.608306">
				 <ele>35.7</ele>
			 </trkpt>
			 <trkpt lat="-34.911517" lon="138.608284">
				 <ele>35</ele>
			 </trkpt>
			 <trkpt lat="-34.911478" lon="138.608263">
				 <ele>34.3</ele>
			 </trkpt>
			 <trkpt lat="-34.911452" lon="138.608248">
				 <ele>33.4</ele>
			 </trkpt>
			 <trkpt lat="-34.911414" lon="138.608224">
				 <ele>32.5</ele>
			 </trkpt>
			 <trkpt lat="-34.911385" lon="138.608202">
				 <ele>31.5</ele>
			 </trkpt>
			 <trkpt lat="-34.91136" lon="138.608183">
				 <ele>30.5</ele>
			 </trkpt>
			 <trkpt lat="-34.911331" lon="138.60816">
				 <ele>29.5</ele>
			 </trkpt>
			 <trkpt lat="-34.911301" lon="138.608136">
				 <ele>28.4</ele>
			 </trkpt>
			 <trkpt lat="-34.911279" lon="138.608115">
				 <ele>27.3</ele>
			 </trkpt>
			 <trkpt lat="-34.911256" lon="138.608092">
				 <ele>26.4</ele>
			 </trkpt>
			 <trkpt lat="-34.911235" lon="138.60807">
				 <ele>25.4</ele>
			 </trkpt>
			 <trkpt lat="-34.911213" lon="138.608043">
				 <ele>24.5</ele>
			 </trkpt>
			 <trkpt lat="-34.911184" lon="138.608005">
				 <ele>23.5</ele>
			 </trkpt>
			 <trkpt lat="-34.911166" lon="138.607981">
				 <ele>22.8</ele>
			 </trkpt>
			 <trkpt lat="-34.911141" lon="138.607945">
				 <ele>22.2</ele>
			 </trkpt>
			 <trkpt lat="-34.911121" lon="138.607918">
				 <ele>21.6</ele>
			 </trkpt>
			 <trkpt lat="-34.911104" lon="138.607884">
				 <ele>21.2</ele>
			 </trkpt>
			 <trkpt lat="-34.911088" lon="138.607855">
				 <ele>20.8</ele>
			 </trkpt>
			 <trkpt lat="-34.911073" lon="138.607824">
				 <ele>20.5</ele>
			 </trkpt>
			 <trkpt lat="-34.911061" lon="138.607795">
				 <ele>20.5</ele>
			 </trkpt>
			 <trkpt lat="-34.911043" lon="138.607747">
				 <ele>20.4</ele>
			 </trkpt>
			 <trkpt lat="-34.91103" lon="138.607713">
				 <ele>20.5</ele>
			 </trkpt>
			 <trkpt lat="-34.911019" lon="138.607675">
				 <ele>20.5</ele>
			 </trkpt>
			 <trkpt lat="-34.911009" lon="138.607641">
				 <ele>20.8</ele>
			 </trkpt>
			 <trkpt lat="-34.910995" lon="138.607592">
				 <ele>21.1</ele>
			 </trkpt>
			 <trkpt lat="-34.910985" lon="138.607541">
				 <ele>21.5</ele>
			 </trkpt>
			 <trkpt lat="-34.910975" lon="138.607489">
				 <ele>21.8</ele>
			 </trkpt>
			 <trkpt lat="-34.910968" lon="138.607454">
				 <ele>22.2</ele>
			 </trkpt>
			 <trkpt lat="-34.910966" lon="138.607411">
				 <ele>22.6</ele>
			 </trkpt>
			 <trkpt lat="-34.910964" lon="138.607366">
				 <ele>23.1</ele>
			 </trkpt>
			 <trkpt lat="-34.910963" lon="138.607321">
				 <ele>23.5</ele>
			 </trkpt>
			 <trkpt lat="-34.910962" lon="138.607288">
				 <ele>24</ele>
			 </trkpt>
			 <trkpt lat="-34.910961" lon="138.607242">
				 <ele>24.5</ele>
			 </trkpt>
			 <trkpt lat="-34.91096" lon="138.607208">
				 <ele>24.9</ele>
			 </trkpt>
			 <trkpt lat="-34.91096" lon="138.607172">
				 <ele>25.3</ele>
			 </trkpt>
			 <trkpt lat="-34.910961" lon="138.607138">
				 <ele>25.7</ele>
			 </trkpt>
			 <trkpt lat="-34.910962" lon="138.60709">
				 <ele>26.1</ele>
			 </trkpt>
			 <trkpt lat="-34.910963" lon="138.607049">
				 <ele>26.5</ele>
			 </trkpt>
			 <trkpt lat="-34.910964" lon="138.607012">
				 <ele>27</ele>
			 </trkpt>
			 <trkpt lat="-34.910968" lon="138.606966">
				 <ele>27.4</ele>
			 </trkpt>
			 <trkpt lat="-34.910972" lon="138.606922">
				 <ele>27.7</ele>
			 </trkpt>
			 <trkpt lat="-34.910977" lon="138.606887">
				 <ele>28.1</ele>
			 </trkpt>
			 <trkpt lat="-34.910982" lon="138.606852">
				 <ele>28.5</ele>
			 </trkpt>
			 <trkpt lat="-34.91099" lon="138.606805">
				 <ele>28.7</ele>
			 </trkpt>
			 <trkpt lat="-34.910997" lon="138.606771">
				 <ele>29</ele>
			 </trkpt>
			 <trkpt lat="-34.911009" lon="138.60672">
				 <ele>29.3</ele>
			 </trkpt>
			 <trkpt lat="-34.911019" lon="138.606685">
				 <ele>29.5</ele>
			 </trkpt>
			 <trkpt lat="-34.911033" lon="138.606645">
				 <ele>29.6</ele>
			 </trkpt>
			 <trkpt lat="-34.911051" lon="138.606598">
				 <ele>29.7</ele>
			 </trkpt>
			 <trkpt lat="-34.911063" lon="138.606565">
				 <ele>29.9</ele>
			 </trkpt>
			 <trkpt lat="-34.911079" lon="138.606524">
				 <ele>30.1</ele>
			 </trkpt>
			 <trkpt lat="-34.911091" lon="138.606494">
				 <ele>30.3</ele>
			 </trkpt>
			 <trkpt lat="-34.911108" lon="138.606453">
				 <ele>30.4</ele>
			 </trkpt>
			 <trkpt lat="-34.911121" lon="138.606422">
				 <ele>30.5</ele>
			 </trkpt>
			 <trkpt lat="-34.911136" lon="138.606389">
				 <ele>30.5</ele>
			 </trkpt>
			 <trkpt lat="-34.911153" lon="138.606364">
				 <ele>30.6</ele>
			 </trkpt>
			 <trkpt lat="-34.911182" lon="138.606322">
				 <ele>30.7</ele>
			 </trkpt>
			 <trkpt lat="-34.911202" lon="138.606293">
				 <ele>30.8</ele>
			 </trkpt>
			 <trkpt lat="-34.91125" lon="138.606225">
				 <ele>30.9</ele>
			 </trkpt>
			 <trkpt lat="-34.911279" lon="138.606185">
				 <ele>31</ele>
			 </trkpt>
			 <trkpt lat="-34.911308" lon="138.606145">
				 <ele>31</ele>
			 </trkpt>
			 <trkpt lat="-34.911337" lon="138.606105">
				 <ele>31</ele>
			 </trkpt>
			 <trkpt lat="-34.911357" lon="138.606077">
				 <ele>30.9</ele>
			 </trkpt>
			 <trkpt lat="-34.911389" lon="138.606033">
				 <ele>30.8</ele>
			 </trkpt>
			 <trkpt lat="-34.911418" lon="138.605994">
				 <ele>30.7</ele>
			 </trkpt>
			 <trkpt lat="-34.911448" lon="138.605954">
				 <ele>30.6</ele>
			 </trkpt>
			 <trkpt lat="-34.911479" lon="138.605914">
				 <ele>30.5</ele>
			 </trkpt>
			 <trkpt lat="-34.9115" lon="138.605886">
				 <ele>30.5</ele>
			 </trkpt>
			 <trkpt lat="-34.911547" lon="138.605824">
				 <ele>30.4</ele>
			 </trkpt>
			 <trkpt lat="-34.911577" lon="138.605785">
				 <ele>30.3</ele>
			 </trkpt>
			 <trkpt lat="-34.911607" lon="138.605746">
				 <ele>30.2</ele>
			 </trkpt>
			 <trkpt lat="-34.911638" lon="138.605707">
				 <ele>30.1</ele>
			 </trkpt>
			 <trkpt lat="-34.911659" lon="138.60568">
				 <ele>30</ele>
			 </trkpt>
			 <trkpt lat="-34.911778" lon="138.605538">
				 <ele>30</ele>
			 </trkpt>
			 <trkpt lat="-34.911809" lon="138.605501">
				 <ele>29.9</ele>
			 </trkpt>
			 <trkpt lat="-34.911841" lon="138.605464">
				 <ele>29.8</ele>
			 </trkpt>
			 <trkpt lat="-34.911873" lon="138.605427">
				 <ele>29.7</ele>
			 </trkpt>
			 <trkpt lat="-34.911896" lon="138.605401">
				 <ele>29.6</ele>
			 </trkpt>
			 <trkpt lat="-34.911955" lon="138.605332">
				 <ele>29.5</ele>
			 </trkpt>
			 <trkpt lat="-34.911987" lon="138.605295">
				 <ele>29.5</ele>
			 </trkpt>
			 <trkpt lat="-34.912019" lon="138.605258">
				 <ele>29.4</ele>
			 </trkpt>
			 <trkpt lat="-34.912051" lon="138.605221">
				 <ele>29.3</ele>
			 </trkpt>
			 <trkpt lat="-34.912074" lon="138.605195">
				 <ele>29.2</ele>
			 </trkpt>
			 <trkpt lat="-34.912203" lon="138.605056">
				 <ele>29.1</ele>
			 </trkpt>
			 <trkpt lat="-34.912236" lon="138.60502">
				 <ele>28.9</ele>
			 </trkpt>
			 <trkpt lat="-34.912269" lon="138.604984">
				 <ele>28.8</ele>
			 </trkpt>
			 <trkpt lat="-34.912303" lon="138.604949">
				 <ele>28.7</ele>
			 </trkpt>
			 <trkpt lat="-34.912326" lon="138.604924">
				 <ele>28.6</ele>
			 </trkpt>
			 <trkpt lat="-34.912379" lon="138.604868">
				 <ele>28.6</ele>
			 </trkpt>
			 <trkpt lat="-34.912413" lon="138.604834">
				 <ele>28.6</ele>
			 </trkpt>
			 <trkpt lat="-34.912447" lon="138.604799">
				 <ele>28.6</ele>
			 </trkpt>
			 <trkpt lat="-34.912481" lon="138.604764">
				 <ele>28.6</ele>
			 </trkpt>
			 <trkpt lat="-34.912505" lon="138.60474">
				 <ele>28.6</ele>
			 </trkpt>
			 <trkpt lat="-34.912694" lon="138.604561">
				 <ele>28.6</ele>
			 </trkpt>
			 <trkpt lat="-34.912729" lon="138.604528">
				 <ele>28.6</ele>
			 </trkpt>
			 <trkpt lat="-34.912765" lon="138.604495">
				 <ele>28.7</ele>
			 </trkpt>
			 <trkpt lat="-34.9128" lon="138.604462">
				 <ele>28.9</ele>
			 </trkpt>
			 <trkpt lat="-34.912825" lon="138.604439">
				 <ele>29.1</ele>
			 </trkpt>
			 <trkpt lat="-34.91297" lon="138.604321">
				 <ele>29.3</ele>
			 </trkpt>
			 <trkpt lat="-34.913007" lon="138.604291">
				 <ele>29.4</ele>
			 </trkpt>
			 <trkpt lat="-34.913045" lon="138.604261">
				 <ele>29.5</ele>
			 </trkpt>
			 <trkpt lat="-34.913083" lon="138.604231">
				 <ele>29.7</ele>
			 </trkpt>
			 <trkpt lat="-34.913108" lon="138.604212">
				 <ele>29.9</ele>
			 </trkpt>
			 <trkpt lat="-34.913223" lon="138.604122">
				 <ele>30.2</ele>
			 </trkpt>
			 <trkpt lat="-34.913261" lon="138.604094">
				 <ele>30.5</ele>
			 </trkpt>
			 <trkpt lat="-34.913299" lon="138.604065">
				 <ele>30.8</ele>
			 </trkpt>
			 <trkpt lat="-34.913325" lon="138.604045">
				 <ele>31.2</ele>
			 </trkpt>
			 <trkpt lat="-34.913358" lon="138.60402">
				 <ele>31.5</ele>
			 </trkpt>
			 <trkpt lat="-34.913381" lon="138.604003">
				 <ele>31.7</ele>
			 </trkpt>
			 <trkpt lat="-34.913421" lon="138.603977">
				 <ele>32</ele>
			 </trkpt>
			 <trkpt lat="-34.913449" lon="138.60396">
				 <ele>32.4</ele>
			 </trkpt>
			 <trkpt lat="-34.91349" lon="138.603936">
				 <ele>32.6</ele>
			 </trkpt>
			 <trkpt lat="-34.913531" lon="138.603915">
				 <ele>32.9</ele>
			 </trkpt>
			 <trkpt lat="-34.913572" lon="138.603894">
				 <ele>33.2</ele>
			 </trkpt>
			 <trkpt lat="-34.913615" lon="138.603872">
				 <ele>33.4</ele>
			 </trkpt>
			 <trkpt lat="-34.913644" lon="138.603857">
				 <ele>33.5</ele>
			 </trkpt>
			 <trkpt lat="-34.913671" lon="138.603849">
				 <ele>33.6</ele>
			 </trkpt>
			 <trkpt lat="-34.913715" lon="138.603838">
				 <ele>33.7</ele>
			 </trkpt>
			 <trkpt lat="-34.913747" lon="138.603829">
				 <ele>33.8</ele>
			 </trkpt>
			 <trkpt lat="-34.91378" lon="138.60382">
				 <ele>33.8</ele>
			 </trkpt>
			 <trkpt lat="-34.913812" lon="138.603812">
				 <ele>33.8</ele>
			 </trkpt>
			 <trkpt lat="-34.913839" lon="138.603804">
				 <ele>33.6</ele>
			 </trkpt>
			 <trkpt lat="-34.913866" lon="138.603788">
				 <ele>33.5</ele>
			 </trkpt>
			 <trkpt lat="-34.913897" lon="138.60377">
				 <ele>33.2</ele>
			 </trkpt>
			 <trkpt lat="-34.913925" lon="138.603754">
				 <ele>32.8</ele>
			 </trkpt>
			 <trkpt lat="-34.913945" lon="138.603732">
				 <ele>32.5</ele>
			 </trkpt>
			 <trkpt lat="-34.913985" lon="138.603709">
				 <ele>32</ele>
			 </trkpt>
			 <trkpt lat="-34.914028" lon="138.603691">
				 <ele>31.5</ele>
			 </trkpt>
			 <trkpt lat="-34.914071" lon="138.603672">
				 <ele>30.8</ele>
			 </trkpt>
			 <trkpt lat="-34.914102" lon="138.60366">
				 <ele>30.1</ele>
			 </trkpt>
			 <trkpt lat="-34.914136" lon="138.603649">
				 <ele>29.5</ele>
			 </trkpt>
			 <trkpt lat="-34.914174" lon="138.603637">
				 <ele>28.7</ele>
			 </trkpt>
			 <trkpt lat="-34.914201" lon="138.603629">
				 <ele>28.1</ele>
			 </trkpt>
			 <trkpt lat="-34.914241" lon="138.603621">
				 <ele>27.4</ele>
			 </trkpt>
			 <trkpt lat="-34.91427" lon="138.603616">
				 <ele>26.7</ele>
			 </trkpt>
			 <trkpt lat="-34.91431" lon="138.603615">
				 <ele>26.2</ele>
			 </trkpt>
			 <trkpt lat="-34.914338" lon="138.603615">
				 <ele>25.6</ele>
			 </trkpt>
			 <trkpt lat="-34.914366" lon="138.603618">
				 <ele>25.3</ele>
			 </trkpt>
			 <trkpt lat="-34.914407" lon="138.603623">
				 <ele>25</ele>
			 </trkpt>
			 <trkpt lat="-34.914434" lon="138.603627">
				 <ele>24.8</ele>
			 </trkpt>
			 <trkpt lat="-34.914478" lon="138.603641">
				 <ele>24.8</ele>
			 </trkpt>
			 <trkpt lat="-34.914513" lon="138.603653">
				 <ele>24.9</ele>
			 </trkpt>
			 <trkpt lat="-34.914542" lon="138.603669">
				 <ele>25.1</ele>
			 </trkpt>
			 <trkpt lat="-34.914572" lon="138.603684">
				 <ele>25.3</ele>
			 </trkpt>
			 <trkpt lat="-34.914596" lon="138.603698">
				 <ele>25.6</ele>
			 </trkpt>
			 <trkpt lat="-34.914638" lon="138.603725">
				 <ele>26.1</ele>
			 </trkpt>
			 <trkpt lat="-34.914666" lon="138.603743">
				 <ele>26.5</ele>
			 </trkpt>
			 <trkpt lat="-34.914702" lon="138.603763">
				 <ele>27</ele>
			 </trkpt>
			 <trkpt lat="-34.914743" lon="138.603787">
				 <ele>27.5</ele>
			 </trkpt>
			 <trkpt lat="-34.914786" lon="138.603813">
				 <ele>27.9</ele>
			 </trkpt>
			 <trkpt lat="-34.914815" lon="138.603829">
				 <ele>28.5</ele>
			 </trkpt>
			 <trkpt lat="-34.915106" lon="138.603975">
				 <ele>29</ele>
			 </trkpt>
			 <trkpt lat="-34.915175" lon="138.60401">
				 <ele>29.5</ele>
			 </trkpt>
			 <trkpt lat="-34.915218" lon="138.604031">
				 <ele>30.2</ele>
			 </trkpt>
			 <trkpt lat="-34.915244" lon="138.604044">
				 <ele>30.9</ele>
			 </trkpt>
			 <trkpt lat="-34.915282" lon="138.604063">
				 <ele>31.6</ele>
			 </trkpt>
			 <trkpt lat="-34.915307" lon="138.604076">
				 <ele>32.3</ele>
			 </trkpt>
			 <trkpt lat="-34.915333" lon="138.604089">
				 <ele>33</ele>
			 </trkpt>
			 <trkpt lat="-34.915371" lon="138.604108">
				 <ele>33.7</ele>
			 </trkpt>
			 <trkpt lat="-34.915397" lon="138.604121">
				 <ele>34.5</ele>
			 </trkpt>
			 <trkpt lat="-34.915423" lon="138.604134">
				 <ele>35.2</ele>
			 </trkpt>
			 <trkpt lat="-34.915451" lon="138.604146">
				 <ele>35.8</ele>
			 </trkpt>
			 <trkpt lat="-34.915482" lon="138.604158">
				 <ele>36.5</ele>
			 </trkpt>
			 <trkpt lat="-34.915513" lon="138.60417">
				 <ele>37</ele>
			 </trkpt>
			 <trkpt lat="-34.915539" lon="138.604179">
				 <ele>37.5</ele>
			 </trkpt>
			 <trkpt lat="-34.915571" lon="138.60419">
				 <ele>37.8</ele>
			 </trkpt>
			 <trkpt lat="-34.915608" lon="138.604199">
				 <ele>38</ele>
			 </trkpt>
			 <trkpt lat="-34.915639" lon="138.604205">
				 <ele>38.2</ele>
			 </trkpt>
			 <trkpt lat="-34.915672" lon="138.604205">
				 <ele>38.3</ele>
			 </trkpt>
			 <trkpt lat="-34.9157" lon="138.604205">
				 <ele>38.4</ele>
			 </trkpt>
			 <trkpt lat="-34.915736" lon="138.604206">
				 <ele>38.4</ele>
			 </trkpt>
			 <trkpt lat="-34.915765" lon="138.604208">
				 <ele>38.4</ele>
			 </trkpt>
			 <trkpt lat="-34.915795" lon="138.604204">
				 <ele>38.3</ele>
			 </trkpt>
			 <trkpt lat="-34.915824" lon="138.604193">
				 <ele>38.1</ele>
			 </trkpt>
			 <trkpt lat="-34.91585" lon="138.604184">
				 <ele>37.9</ele>
			 </trkpt>
			 <trkpt lat="-34.91588" lon="138.604171">
				 <ele>37.7</ele>
			 </trkpt>
			 <trkpt lat="-34.915906" lon="138.604161">
				 <ele>37.5</ele>
			 </trkpt>
			 <trkpt lat="-34.915934" lon="138.604149">
				 <ele>37.5</ele>
			 </trkpt>
			 <trkpt lat="-34.91596" lon="138.604138">
				 <ele>37.4</ele>
			 </trkpt>
			 <trkpt lat="-34.915985" lon="138.604125">
				 <ele>37.3</ele>
			 </trkpt>
			 <trkpt lat="-34.916013" lon="138.604108">
				 <ele>37.2</ele>
			 </trkpt>
			 <trkpt lat="-34.916036" lon="138.604081">
				 <ele>37.1</ele>
			 </trkpt>
			 <trkpt lat="-34.916058" lon="138.604056">
				 <ele>37</ele>
			 </trkpt>
			 <trkpt lat="-34.916081" lon="138.604028">
				 <ele>37</ele>
			 </trkpt>
			 <trkpt lat="-34.9161" lon="138.604005">
				 <ele>37</ele>
			 </trkpt>
			 <trkpt lat="-34.91612" lon="138.603977">
				 <ele>37</ele>
			 </trkpt>
			 <trkpt lat="-34.916142" lon="138.603947">
				 <ele>37</ele>
			 </trkpt>
			 <trkpt lat="-34.916159" lon="138.603917">
				 <ele>37</ele>
			 </trkpt>
			 <trkpt lat="-34.916179" lon="138.603884">
				 <ele>36.9</ele>
			 </trkpt>
			 <trkpt lat="-34.916194" lon="138.603851">
				 <ele>36.8</ele>
			 </trkpt>
			 <trkpt lat="-34.916213" lon="138.603809">
				 <ele>36.7</ele>
			 </trkpt>
			 <trkpt lat="-34.916225" lon="138.603775">
				 <ele>36.6</ele>
			 </trkpt>
			 <trkpt lat="-34.916244" lon="138.603721">
				 <ele>36.5</ele>
			 </trkpt>
			 <trkpt lat="-34.916257" lon="138.603685">
				 <ele>36.5</ele>
			 </trkpt>
			 <trkpt lat="-34.91627" lon="138.603641">
				 <ele>36.4</ele>
			 </trkpt>
			 <trkpt lat="-34.916279" lon="138.60361">
				 <ele>36.3</ele>
			 </trkpt>
			 <trkpt lat="-34.916289" lon="138.603575">
				 <ele>36.2</ele>
			 </trkpt>
			 <trkpt lat="-34.916296" lon="138.603527">
				 <ele>36.1</ele>
			 </trkpt>
			 <trkpt lat="-34.916302" lon="138.603489">
				 <ele>36</ele>
			 </trkpt>
			 <trkpt lat="-34.916311" lon="138.603432">
				 <ele>36</ele>
			 </trkpt>
			 <trkpt lat="-34.916314" lon="138.603383">
				 <ele>36</ele>
			 </trkpt>
			 <trkpt lat="-34.916316" lon="138.603347">
				 <ele>36</ele>
			 </trkpt>
			 <trkpt lat="-34.916318" lon="138.603307">
				 <ele>36</ele>
			 </trkpt>
			 <trkpt lat="-34.916319" lon="138.603269">
				 <ele>36</ele>
			 </trkpt>
			 <trkpt lat="-34.916316" lon="138.603211">
				 <ele>36</ele>
			 </trkpt>
			 <trkpt lat="-34.916315" lon="138.603172">
				 <ele>36</ele>
			 </trkpt>
			 <trkpt lat="-34.916293" lon="138.602759">
				 <ele>35.9</ele>
			 </trkpt>
			 <trkpt lat="-34.91629" lon="138.602717">
				 <ele>35.8</ele>
			 </trkpt>
			 <trkpt lat="-34.916287" lon="138.60266">
				 <ele>35.7</ele>
			 </trkpt>
			 <trkpt lat="-34.916284" lon="138.602603">
				 <ele>35.6</ele>
			 </trkpt>
			 <trkpt lat="-34.916281" lon="138.602546">
				 <ele>35.5</ele>
			 </trkpt>
			 <trkpt lat="-34.916279" lon="138.602507">
				 <ele>35.5</ele>
			 </trkpt>
			 <trkpt lat="-34.916276" lon="138.602471">
				 <ele>35.4</ele>
			 </trkpt>
			 <trkpt lat="-34.916266" lon="138.602415">
				 <ele>35.3</ele>
			 </trkpt>
			 <trkpt lat="-34.916255" lon="138.602359">
				 <ele>35.2</ele>
			 </trkpt>
			 <trkpt lat="-34.916248" lon="138.602321">
				 <ele>35.1</ele>
			 </trkpt>
			 <trkpt lat="-34.916234" lon="138.602265">
				 <ele>35</ele>
			 </trkpt>
			 <trkpt lat="-34.916218" lon="138.602211">
				 <ele>35</ele>
			 </trkpt>
			 <trkpt lat="-34.916201" lon="138.602157">
				 <ele>35</ele>
			 </trkpt>
			 <trkpt lat="-34.91619" lon="138.60212">
				 <ele>35</ele>
			 </trkpt>
			 <trkpt lat="-34.916007" lon="138.601772">
				 <ele>35</ele>
			 </trkpt>
			 <trkpt lat="-34.915832" lon="138.601453">
				 <ele>34.9</ele>
			 </trkpt>
			 <trkpt lat="-34.915811" lon="138.601415">
				 <ele>34.8</ele>
			 </trkpt>
			 <trkpt lat="-34.915785" lon="138.601367">
				 <ele>34.7</ele>
			 </trkpt>
			 <trkpt lat="-34.915759" lon="138.601319">
				 <ele>34.6</ele>
			 </trkpt>
			 <trkpt lat="-34.915732" lon="138.60127">
				 <ele>34.5</ele>
			 </trkpt>
			 <trkpt lat="-34.915713" lon="138.601236">
				 <ele>34.5</ele>
			 </trkpt>
			 <trkpt lat="-34.915898" lon="138.601547">
				 <ele>34.4</ele>
			 </trkpt>
			 <trkpt lat="-34.915937" lon="138.601612">
				 <ele>34.3</ele>
			 </trkpt>
			 <trkpt lat="-34.915964" lon="138.601659">
				 <ele>34.2</ele>
			 </trkpt>
			 <trkpt lat="-34.915992" lon="138.601706">
				 <ele>34.1</ele>
			 </trkpt>
			 <trkpt lat="-34.91602" lon="138.601752">
				 <ele>34</ele>
			 </trkpt>
			 <trkpt lat="-34.916039" lon="138.601785">
				 <ele>34</ele>
			 </trkpt>
			 <trkpt lat="-34.91611" lon="138.601912">
				 <ele>34</ele>
			 </trkpt>
			 <trkpt lat="-34.916137" lon="138.601959">
				 <ele>34</ele>
			 </trkpt>
			 <trkpt lat="-34.916163" lon="138.602007">
				 <ele>34</ele>
			 </trkpt>
			 <trkpt lat="-34.91619" lon="138.602055">
				 <ele>34.1</ele>
			 </trkpt>
			 <trkpt lat="-34.916208" lon="138.602089">
				 <ele>34.2</ele>
			 </trkpt>
			 <trkpt lat="-34.916224" lon="138.602121">
				 <ele>34.3</ele>
			 </trkpt>
			 <trkpt lat="-34.916241" lon="138.602175">
				 <ele>34.4</ele>
			 </trkpt>
			 <trkpt lat="-34.916259" lon="138.602229">
				 <ele>34.5</ele>
			 </trkpt>
			 <trkpt lat="-34.916271" lon="138.602267">
				 <ele>34.5</ele>
			 </trkpt>
			 <trkpt lat="-34.916285" lon="138.602349">
				 <ele>34.6</ele>
			 </trkpt>
			 <trkpt lat="-34.91629" lon="138.602407">
				 <ele>34.8</ele>
			 </trkpt>
			 <trkpt lat="-34.916295" lon="138.602464">
				 <ele>35</ele>
			 </trkpt>
			 <trkpt lat="-34.9163" lon="138.602521">
				 <ele>35.2</ele>
			 </trkpt>
			 <trkpt lat="-34.916304" lon="138.602561">
				 <ele>35.4</ele>
			 </trkpt>
			 <trkpt lat="-34.916319" lon="138.602762">
				 <ele>35.5</ele>
			 </trkpt>
			 <trkpt lat="-34.916323" lon="138.602819">
				 <ele>35.5</ele>
			 </trkpt>
			 <trkpt lat="-34.916327" lon="138.602876">
				 <ele>35.6</ele>
			 </trkpt>
			 <trkpt lat="-34.916331" lon="138.602933">
				 <ele>35.7</ele>
			 </trkpt>
			 <trkpt lat="-34.916334" lon="138.602972">
				 <ele>35.8</ele>
			 </trkpt>
			 <trkpt lat="-34.916337" lon="138.603011">
				 <ele>35.9</ele>
			 </trkpt>
			 <trkpt lat="-34.916341" lon="138.603069">
				 <ele>36</ele>
			 </trkpt>
			 <trkpt lat="-34.916345" lon="138.603127">
				 <ele>36</ele>
			 </trkpt>
			 <trkpt lat="-34.916349" lon="138.603177">
				 <ele>36.1</ele>
			 </trkpt>
			 <trkpt lat="-34.916353" lon="138.603226">
				 <ele>36.2</ele>
			 </trkpt>
			 <trkpt lat="-34.916353" lon="138.603264">
				 <ele>36.3</ele>
			 </trkpt>
			 <trkpt lat="-34.916353" lon="138.603322">
				 <ele>36.4</ele>
			 </trkpt>
			 <trkpt lat="-34.916353" lon="138.603382">
				 <ele>36.5</ele>
			 </trkpt>
			 <trkpt lat="-34.916354" lon="138.603422">
				 <ele>36.5</ele>
			 </trkpt>
			 <trkpt lat="-34.916341" lon="138.603481">
				 <ele>36.6</ele>
			 </trkpt>
			 <trkpt lat="-34.916329" lon="138.603537">
				 <ele>36.7</ele>
			 </trkpt>
			 <trkpt lat="-34.916317" lon="138.603596">
				 <ele>36.8</ele>
			 </trkpt>
			 <trkpt lat="-34.916309" lon="138.603635">
				 <ele>36.9</ele>
			 </trkpt>
			 <trkpt lat="-34.916301" lon="138.603669">
				 <ele>37</ele>
			 </trkpt>
			 <trkpt lat="-34.916293" lon="138.603707">
				 <ele>36.9</ele>
			 </trkpt>
			 <trkpt lat="-34.916283" lon="138.60375">
				 <ele>36.8</ele>
			 </trkpt>
			 <trkpt lat="-34.916276" lon="138.603782">
				 <ele>36.7</ele>
			 </trkpt>
			 <trkpt lat="-34.916268" lon="138.603821">
				 <ele>36.6</ele>
			 </trkpt>
			 <trkpt lat="-34.916261" lon="138.603853">
				 <ele>36.5</ele>
			 </trkpt>
			 <trkpt lat="-34.916261" lon="138.603886">
				 <ele>36.4</ele>
			 </trkpt>
			 <trkpt lat="-34.916294" lon="138.603876">
				 <ele>36.2</ele>
			 </trkpt>
			 <trkpt lat="-34.916326" lon="138.603868">
				 <ele>36</ele>
			 </trkpt>
			 <trkpt lat="-34.91636" lon="138.603866">
				 <ele>35.7</ele>
			 </trkpt>
			 <trkpt lat="-34.916397" lon="138.603864">
				 <ele>35.5</ele>
			 </trkpt>
			 <trkpt lat="-34.916427" lon="138.603863">
				 <ele>35.2</ele>
			 </trkpt>
			 <trkpt lat="-34.91647" lon="138.603861">
				 <ele>34.9</ele>
			 </trkpt>
			 <trkpt lat="-34.9165" lon="138.60386">
				 <ele>34.6</ele>
			 </trkpt>
			 <trkpt lat="-34.916528" lon="138.603859">
				 <ele>34.4</ele>
			 </trkpt>
			 <trkpt lat="-34.916555" lon="138.603858">
				 <ele>34</ele>
			 </trkpt>
			 <trkpt lat="-34.916582" lon="138.603842">
				 <ele>33.6</ele>
			 </trkpt>
			 <trkpt lat="-34.916599" lon="138.603814">
				 <ele>33.4</ele>
			 </trkpt>
			 <trkpt lat="-34.916616" lon="138.603786">
				 <ele>33</ele>
			 </trkpt>
			 <trkpt lat="-34.916636" lon="138.603755">
				 <ele>32.6</ele>
			 </trkpt>
			 <trkpt lat="-34.916663" lon="138.603718">
				 <ele>32.4</ele>
			 </trkpt>
			 <trkpt lat="-34.916688" lon="138.603695">
				 <ele>32</ele>
			 </trkpt>
			 <trkpt lat="-34.91671" lon="138.603676">
				 <ele>31.6</ele>
			 </trkpt>
			 <trkpt lat="-34.916749" lon="138.603646">
				 <ele>31.4</ele>
			 </trkpt>
			 <trkpt lat="-34.916774" lon="138.603629">
				 <ele>31.1</ele>
			 </trkpt>
			 <trkpt lat="-34.916815" lon="138.603605">
				 <ele>30.7</ele>
			 </trkpt>
			 <trkpt lat="-34.916841" lon="138.603591">
				 <ele>30.5</ele>
			 </trkpt>
			 <trkpt lat="-34.916865" lon="138.603577">
				 <ele>30.2</ele>
			 </trkpt>
			 <trkpt lat="-34.916888" lon="138.603548">
				 <ele>29.8</ele>
			 </trkpt>
			 <trkpt lat="-34.91691" lon="138.603464">
				 <ele>29.5</ele>
			 </trkpt>
			 <trkpt lat="-34.916925" lon="138.603408">
				 <ele>29.2</ele>
			 </trkpt>
			 <trkpt lat="-34.916937" lon="138.603359">
				 <ele>28.8</ele>
			 </trkpt>
			 <trkpt lat="-34.916947" lon="138.603323">
				 <ele>28.5</ele>
			 </trkpt>
			 <trkpt lat="-34.916955" lon="138.603292">
				 <ele>28.3</ele>
			 </trkpt>
			 <trkpt lat="-34.916965" lon="138.603256">
				 <ele>28</ele>
			 </trkpt>
			 <trkpt lat="-34.916972" lon="138.603224">
				 <ele>27.7</ele>
			 </trkpt>
			 <trkpt lat="-34.91697" lon="138.603189">
				 <ele>27.6</ele>
			 </trkpt>
			 <trkpt lat="-34.916961" lon="138.603145">
				 <ele>27.5</ele>
			 </trkpt>
			 <trkpt lat="-34.916938" lon="138.603094">
				 <ele>27.5</ele>
			 </trkpt>
			 <trkpt lat="-34.916914" lon="138.603048">
				 <ele>27.5</ele>
			 </trkpt>
			 <trkpt lat="-34.916888" lon="138.602997">
				 <ele>27.5</ele>
			 </trkpt>
			 <trkpt lat="-34.916862" lon="138.602947">
				 <ele>27.6</ele>
			 </trkpt>
			 <trkpt lat="-34.916834" lon="138.602894">
				 <ele>27.8</ele>
			 </trkpt>
			 <trkpt lat="-34.916816" lon="138.602859">
				 <ele>28</ele>
			 </trkpt>
			 <trkpt lat="-34.916717" lon="138.60272">
				 <ele>28.3</ele>
			 </trkpt>
			 <trkpt lat="-34.916684" lon="138.602675">
				 <ele>28.5</ele>
			 </trkpt>
			 <trkpt lat="-34.916652" lon="138.60263">
				 <ele>28.8</ele>
			 </trkpt>
			 <trkpt lat="-34.916619" lon="138.602584">
				 <ele>29.1</ele>
			 </trkpt>
			 <trkpt lat="-34.916597" lon="138.602553">
				 <ele>29.4</ele>
			 </trkpt>
			 <trkpt lat="-34.916579" lon="138.602528">
				 <ele>29.6</ele>
			 </trkpt>
			 <trkpt lat="-34.916541" lon="138.602464">
				 <ele>30</ele>
			 </trkpt>
			 <trkpt lat="-34.916513" lon="138.602415">
				 <ele>30.4</ele>
			 </trkpt>
			 <trkpt lat="-34.916484" lon="138.602366">
				 <ele>30.7</ele>
			 </trkpt>
			 <trkpt lat="-34.916455" lon="138.602317">
				 <ele>31.1</ele>
			 </trkpt>
			 <trkpt lat="-34.916435" lon="138.602283">
				 <ele>31.5</ele>
			 </trkpt>
			 <trkpt lat="-34.916411" lon="138.602238">
				 <ele>31.8</ele>
			 </trkpt>
			 <trkpt lat="-34.916387" lon="138.602186">
				 <ele>32.2</ele>
			 </trkpt>
			 <trkpt lat="-34.916362" lon="138.602134">
				 <ele>32.5</ele>
			 </trkpt>
			 <trkpt lat="-34.916336" lon="138.60208">
				 <ele>32.9</ele>
			 </trkpt>
			 <trkpt lat="-34.916319" lon="138.602044">
				 <ele>33.3</ele>
			 </trkpt>
			 <trkpt lat="-34.916223" lon="138.601823">
				 <ele>33.6</ele>
			 </trkpt>
			 <trkpt lat="-34.9162" lon="138.601771">
				 <ele>34</ele>
			 </trkpt>
			 <trkpt lat="-34.916177" lon="138.601718">
				 <ele>34.4</ele>
			 </trkpt>
			 <trkpt lat="-34.916154" lon="138.601664">
				 <ele>34.6</ele>
			 </trkpt>
			 <trkpt lat="-34.916138" lon="138.601627">
				 <ele>34.9</ele>
			 </trkpt>
			 <trkpt lat="-34.916045" lon="138.60142">
				 <ele>35.2</ele>
			 </trkpt>
			 <trkpt lat="-34.916021" lon="138.601367">
				 <ele>35.5</ele>
			 </trkpt>
			 <trkpt lat="-34.915997" lon="138.601314">
				 <ele>35.7</ele>
			 </trkpt>
			 <trkpt lat="-34.915974" lon="138.601263">
				 <ele>36</ele>
			 </trkpt>
			 <trkpt lat="-34.91596" lon="138.601233">
				 <ele>36.2</ele>
			 </trkpt>
			 <trkpt lat="-34.915944" lon="138.601197">
				 <ele>36.4</ele>
			 </trkpt>
			 <trkpt lat="-34.915922" lon="138.601142">
				 <ele>36.5</ele>
			 </trkpt>
			 <trkpt lat="-34.915901" lon="138.601087">
				 <ele>36.6</ele>
			 </trkpt>
			 <trkpt lat="-34.915879" lon="138.601031">
				 <ele>36.7</ele>
			 </trkpt>
			 <trkpt lat="-34.915865" lon="138.600993">
				 <ele>36.8</ele>
			 </trkpt>
			 <trkpt lat="-34.915859" lon="138.600956">
				 <ele>36.9</ele>
			 </trkpt>
			 <trkpt lat="-34.915851" lon="138.600897">
				 <ele>37</ele>
			 </trkpt>
			 <trkpt lat="-34.915842" lon="138.600837">
				 <ele>37</ele>
			 </trkpt>
			 <trkpt lat="-34.915838" lon="138.600805">
				 <ele>37</ele>
			 </trkpt>
			 <trkpt lat="-34.915832" lon="138.600764">
				 <ele>37</ele>
			 </trkpt>
			 <trkpt lat="-34.915826" lon="138.60071">
				 <ele>37</ele>
			 </trkpt>
			 <trkpt lat="-34.915818" lon="138.600651">
				 <ele>37</ele>
			 </trkpt>
			 <trkpt lat="-34.915811" lon="138.600591">
				 <ele>37</ele>
			 </trkpt>
			 <trkpt lat="-34.915804" lon="138.600535">
				 <ele>37.1</ele>
			 </trkpt>
			 <trkpt lat="-34.915799" lon="138.600488">
				 <ele>37.2</ele>
			 </trkpt>
			 <trkpt lat="-34.915792" lon="138.600445">
				 <ele>37.3</ele>
			 </trkpt>
			 <trkpt lat="-34.915784" lon="138.600385">
				 <ele>37.4</ele>
			 </trkpt>
			 <trkpt lat="-34.915776" lon="138.600331">
				 <ele>37.5</ele>
			 </trkpt>
			 <trkpt lat="-34.915769" lon="138.600282">
				 <ele>37.5</ele>
			 </trkpt>
			 <trkpt lat="-34.91577" lon="138.60024">
				 <ele>37.6</ele>
			 </trkpt>
			 <trkpt lat="-34.915772" lon="138.60019">
				 <ele>37.7</ele>
			 </trkpt>
			 <trkpt lat="-34.915773" lon="138.600146">
				 <ele>37.8</ele>
			 </trkpt>
			 <trkpt lat="-34.915775" lon="138.600105">
				 <ele>37.8</ele>
			 </trkpt>
			 <trkpt lat="-34.915783" lon="138.600069">
				 <ele>37.8</ele>
			 </trkpt>
			 <trkpt lat="-34.91579" lon="138.600037">
				 <ele>37.7</ele>
			 </trkpt>
			 <trkpt lat="-34.9158" lon="138.599997">
				 <ele>37.6</ele>
			 </trkpt>
			 <trkpt lat="-34.915824" lon="138.59996">
				 <ele>37.5</ele>
			 </trkpt>
			 <trkpt lat="-34.915841" lon="138.599935">
				 <ele>37.5</ele>
			 </trkpt>
			 <trkpt lat="-34.915858" lon="138.599909">
				 <ele>37.3</ele>
			 </trkpt>
			 <trkpt lat="-34.91588" lon="138.599876">
				 <ele>37.1</ele>
			 </trkpt>
			 <trkpt lat="-34.915902" lon="138.599839">
				 <ele>36.9</ele>
			 </trkpt>
			 <trkpt lat="-34.915917" lon="138.599812">
				 <ele>36.7</ele>
			 </trkpt>
			 <trkpt lat="-34.915937" lon="138.599777">
				 <ele>36.5</ele>
			 </trkpt>
			 <trkpt lat="-34.915944" lon="138.599727">
				 <ele>36.3</ele>
			 </trkpt>
			 <trkpt lat="-34.915952" lon="138.599667">
				 <ele>36.1</ele>
			 </trkpt>
			 <trkpt lat="-34.915961" lon="138.599607">
				 <ele>35.8</ele>
			 </trkpt>
			 <trkpt lat="-34.91597" lon="138.599545">
				 <ele>35.5</ele>
			 </trkpt>
			 <trkpt lat="-34.915975" lon="138.599507">
				 <ele>35.3</ele>
			 </trkpt>
			 <trkpt lat="-34.915988" lon="138.599448">
				 <ele>34.9</ele>
			 </trkpt>
			 <trkpt lat="-34.916001" lon="138.599389">
				 <ele>34.6</ele>
			 </trkpt>
			 <trkpt lat="-34.916013" lon="138.599329">
				 <ele>34.4</ele>
			 </trkpt>
			 <trkpt lat="-34.916023" lon="138.599286">
				 <ele>34.1</ele>
			 </trkpt>
			 <trkpt lat="-34.916024" lon="138.599238">
				 <ele>33.8</ele>
			 </trkpt>
			 <trkpt lat="-34.916024" lon="138.599174">
				 <ele>33.6</ele>
			 </trkpt>
			 <trkpt lat="-34.916025" lon="138.599132">
				 <ele>33.4</ele>
			 </trkpt>
			 <trkpt lat="-34.916063" lon="138.598908">
				 <ele>33.1</ele>
			 </trkpt>
			 <trkpt lat="-34.916073" lon="138.598849">
				 <ele>32.9</ele>
			 </trkpt>
			 <trkpt lat="-34.916083" lon="138.598789">
				 <ele>32.7</ele>
			 </trkpt>
			 <trkpt lat="-34.916088" lon="138.598757">
				 <ele>32.5</ele>
			 </trkpt>
			 <trkpt lat="-34.916094" lon="138.598722">
				 <ele>32.5</ele>
			 </trkpt>
			 <trkpt lat="-34.9161" lon="138.598688">
				 <ele>32.4</ele>
			 </trkpt>
			 <trkpt lat="-34.916105" lon="138.598656">
				 <ele>32.3</ele>
			 </trkpt>
			 <trkpt lat="-34.916125" lon="138.598606">
				 <ele>32.2</ele>
			 </trkpt>
			 <trkpt lat="-34.91614" lon="138.598571">
				 <ele>32.1</ele>
			 </trkpt>
			 <trkpt lat="-34.916153" lon="138.59854">
				 <ele>32.1</ele>
			 </trkpt>
			 <trkpt lat="-34.916165" lon="138.598511">
				 <ele>32.2</ele>
			 </trkpt>
			 <trkpt lat="-34.91619" lon="138.598464">
				 <ele>32.3</ele>
			 </trkpt>
			 <trkpt lat="-34.91622" lon="138.598411">
				 <ele>32.4</ele>
			 </trkpt>
			 <trkpt lat="-34.916239" lon="138.598375">
				 <ele>32.5</ele>
			 </trkpt>
			 <trkpt lat="-34.916266" lon="138.598321">
				 <ele>32.5</ele>
			 </trkpt>
			 <trkpt lat="-34.916291" lon="138.598268">
				 <ele>32.6</ele>
			 </trkpt>
			 <trkpt lat="-34.916318" lon="138.598212">
				 <ele>32.7</ele>
			 </trkpt>
			 <trkpt lat="-34.916336" lon="138.598175">
				 <ele>32.8</ele>
			 </trkpt>
			 <trkpt lat="-34.916359" lon="138.598133">
				 <ele>32.9</ele>
			 </trkpt>
			 <trkpt lat="-34.916388" lon="138.598082">
				 <ele>33</ele>
			 </trkpt>
			 <trkpt lat="-34.916417" lon="138.59803">
				 <ele>33</ele>
			 </trkpt>
			 <trkpt lat="-34.916432" lon="138.598003">
				 <ele>33</ele>
			 </trkpt>
			 <trkpt lat="-34.916452" lon="138.597967">
				 <ele>33</ele>
			 </trkpt>
			 <trkpt lat="-34.916512" lon="138.59791">
				 <ele>33</ele>
			 </trkpt>
			 <trkpt lat="-34.916552" lon="138.597872">
				 <ele>33</ele>
			 </trkpt>
			 <trkpt lat="-34.916593" lon="138.597834">
				 <ele>33</ele>
			 </trkpt>
			 <trkpt lat="-34.916634" lon="138.597795">
				 <ele>32.9</ele>
			 </trkpt>
			 <trkpt lat="-34.916656" lon="138.597775">
				 <ele>32.8</ele>
			 </trkpt>
			 <trkpt lat="-34.916684" lon="138.597749">
				 <ele>32.7</ele>
			 </trkpt>
			 <trkpt lat="-34.916706" lon="138.597726">
				 <ele>32.6</ele>
			 </trkpt>
			 <trkpt lat="-34.916745" lon="138.597686">
				 <ele>32.5</ele>
			 </trkpt>
			 <trkpt lat="-34.916785" lon="138.597645">
				 <ele>32.5</ele>
			 </trkpt>
			 <trkpt lat="-34.916806" lon="138.597623">
				 <ele>32.4</ele>
			 </trkpt>
			 <trkpt lat="-34.916833" lon="138.597596">
				 <ele>32.3</ele>
			 </trkpt>
			 <trkpt lat="-34.916961" lon="138.597508">
				 <ele>32.2</ele>
			 </trkpt>
			 <trkpt lat="-34.917006" lon="138.597477">
				 <ele>32.1</ele>
			 </trkpt>
			 <trkpt lat="-34.917051" lon="138.597446">
				 <ele>32</ele>
			 </trkpt>
			 <trkpt lat="-34.917097" lon="138.597415">
				 <ele>31.9</ele>
			 </trkpt>
			 <trkpt lat="-34.917121" lon="138.597398">
				 <ele>31.8</ele>
			 </trkpt>
			 <trkpt lat="-34.917152" lon="138.597377">
				 <ele>31.7</ele>
			 </trkpt>
			 <trkpt lat="-34.917429" lon="138.597194">
				 <ele>31.6</ele>
			 </trkpt>
			 <trkpt lat="-34.917466" lon="138.59717">
				 <ele>31.5</ele>
			 </trkpt>
			 <trkpt lat="-34.91751" lon="138.597141">
				 <ele>31.3</ele>
			 </trkpt>
			 <trkpt lat="-34.917534" lon="138.597125">
				 <ele>31</ele>
			 </trkpt>
			 <trkpt lat="-34.917577" lon="138.597096">
				 <ele>30.6</ele>
			 </trkpt>
			 <trkpt lat="-34.917601" lon="138.59708">
				 <ele>30.3</ele>
			 </trkpt>
			 <trkpt lat="-34.917627" lon="138.597064">
				 <ele>29.9</ele>
			 </trkpt>
			 <trkpt lat="-34.917658" lon="138.597043">
				 <ele>29.5</ele>
			 </trkpt>
			 <trkpt lat="-34.917687" lon="138.597035">
				 <ele>29.3</ele>
			 </trkpt>
			 <trkpt lat="-34.917716" lon="138.59703">
				 <ele>29</ele>
			 </trkpt>
			 <trkpt lat="-34.917748" lon="138.597031">
				 <ele>28.7</ele>
			 </trkpt>
			 <trkpt lat="-34.917778" lon="138.597032">
				 <ele>28.5</ele>
			 </trkpt>
			 <trkpt lat="-34.917806" lon="138.597033">
				 <ele>28.3</ele>
			 </trkpt>
			 <trkpt lat="-34.917847" lon="138.597008">
				 <ele>28.1</ele>
			 </trkpt>
			 <trkpt lat="-34.917858" lon="138.596977">
				 <ele>28</ele>
			 </trkpt>
			 <trkpt lat="-34.917871" lon="138.596937">
				 <ele>28</ele>
			 </trkpt>
			 <trkpt lat="-34.917894" lon="138.596908">
				 <ele>28</ele>
			 </trkpt>
			 <trkpt lat="-34.917929" lon="138.596862">
				 <ele>28</ele>
			 </trkpt>
			 <trkpt lat="-34.917947" lon="138.596838">
				 <ele>28</ele>
			 </trkpt>
			 <trkpt lat="-34.917967" lon="138.596813">
				 <ele>28</ele>
			 </trkpt>
			 <trkpt lat="-34.917991" lon="138.596782">
				 <ele>28</ele>
			 </trkpt>
			 <trkpt lat="-34.918023" lon="138.596751">
				 <ele>28</ele>
			 </trkpt>
			 <trkpt lat="-34.918065" lon="138.596713">
				 <ele>28</ele>
			 </trkpt>
			 <trkpt lat="-34.918107" lon="138.596674">
				 <ele>28</ele>
			 </trkpt>
			 <trkpt lat="-34.91813" lon="138.596653">
				 <ele>28</ele>
			 </trkpt>
			 <trkpt lat="-34.918158" lon="138.596627">
				 <ele>28</ele>
			 </trkpt>
			 <trkpt lat="-34.91818" lon="138.596607">
				 <ele>28.1</ele>
			 </trkpt>
			 <trkpt lat="-34.918221" lon="138.596568">
				 <ele>28.2</ele>
			 </trkpt>
			 <trkpt lat="-34.918262" lon="138.596529">
				 <ele>28.3</ele>
			 </trkpt>
			 <trkpt lat="-34.918298" lon="138.596495">
				 <ele>28.4</ele>
			 </trkpt>
			 <trkpt lat="-34.918319" lon="138.596475">
				 <ele>28.5</ele>
			 </trkpt>
			 <trkpt lat="-34.91835" lon="138.596447">
				 <ele>28.7</ele>
			 </trkpt>
			 <trkpt lat="-34.918373" lon="138.596423">
				 <ele>28.9</ele>
			 </trkpt>
			 <trkpt lat="-34.918395" lon="138.596401">
				 <ele>29.1</ele>
			 </trkpt>
			 <trkpt lat="-34.91842" lon="138.596374">
				 <ele>29.3</ele>
			 </trkpt>
			 <trkpt lat="-34.918442" lon="138.596352">
				 <ele>29.5</ele>
			 </trkpt>
			 <trkpt lat="-34.918469" lon="138.596324">
				 <ele>29.8</ele>
			 </trkpt>
			 <trkpt lat="-34.918496" lon="138.596304">
				 <ele>30</ele>
			 </trkpt>
			 <trkpt lat="-34.918521" lon="138.596288">
				 <ele>30.2</ele>
			 </trkpt>
			 <trkpt lat="-34.918547" lon="138.596274">
				 <ele>30.4</ele>
			 </trkpt>
			 <trkpt lat="-34.918575" lon="138.596252">
				 <ele>30.6</ele>
			 </trkpt>
			 <trkpt lat="-34.918579" lon="138.596199">
				 <ele>30.8</ele>
			 </trkpt>
			 <trkpt lat="-34.918581" lon="138.596157">
				 <ele>31</ele>
			 </trkpt>
			 <trkpt lat="-34.918583" lon="138.596123">
				 <ele>31.2</ele>
			 </trkpt>
			 <trkpt lat="-34.918586" lon="138.59608">
				 <ele>31.4</ele>
			 </trkpt>
			 <trkpt lat="-34.918589" lon="138.596041">
				 <ele>31.6</ele>
			 </trkpt>
			 <trkpt lat="-34.918592" lon="138.596">
				 <ele>31.8</ele>
			 </trkpt>
			 <trkpt lat="-34.918595" lon="138.595965">
				 <ele>32</ele>
			 </trkpt>
			 <trkpt lat="-34.918598" lon="138.595931">
				 <ele>32.2</ele>
			 </trkpt>
			 <trkpt lat="-34.918612" lon="138.595874">
				 <ele>32.4</ele>
			 </trkpt>
			 <trkpt lat="-34.91862" lon="138.595843">
				 <ele>32.5</ele>
			 </trkpt>
			 <trkpt lat="-34.918633" lon="138.595782">
				 <ele>32.6</ele>
			 </trkpt>
			 <trkpt lat="-34.918646" lon="138.59572">
				 <ele>32.7</ele>
			 </trkpt>
			 <trkpt lat="-34.918652" lon="138.595688">
				 <ele>32.8</ele>
			 </trkpt>
			 <trkpt lat="-34.918659" lon="138.595655">
				 <ele>32.9</ele>
			 </trkpt>
			 <trkpt lat="-34.918668" lon="138.595612">
				 <ele>33</ele>
			 </trkpt>
			 <trkpt lat="-34.91866" lon="138.595569">
				 <ele>33</ele>
			 </trkpt>
			 <trkpt lat="-34.918649" lon="138.595506">
				 <ele>33</ele>
			 </trkpt>
			 <trkpt lat="-34.918639" lon="138.595443">
				 <ele>33</ele>
			 </trkpt>
			 <trkpt lat="-34.918633" lon="138.595409">
				 <ele>33</ele>
			 </trkpt>
			 <trkpt lat="-34.918626" lon="138.595367">
				 <ele>33</ele>
			 </trkpt>
			 <trkpt lat="-34.918588" lon="138.595221">
				 <ele>32.9</ele>
			 </trkpt>
			 <trkpt lat="-34.918573" lon="138.595161">
				 <ele>32.8</ele>
			 </trkpt>
			 <trkpt lat="-34.918557" lon="138.5951">
				 <ele>32.7</ele>
			 </trkpt>
			 <trkpt lat="-34.918542" lon="138.595039">
				 <ele>32.6</ele>
			 </trkpt>
			 <trkpt lat="-34.918533" lon="138.595006">
				 <ele>32.5</ele>
			 </trkpt>
			 <trkpt lat="-34.918523" lon="138.594965">
				 <ele>32.4</ele>
			 </trkpt>
			 <trkpt lat="-34.918515" lon="138.594931">
				 <ele>32.2</ele>
			 </trkpt>
			 <trkpt lat="-34.918507" lon="138.5949">
				 <ele>32</ele>
			 </trkpt>
			 <trkpt lat="-34.918492" lon="138.594838">
				 <ele>31.7</ele>
			 </trkpt>
			 <trkpt lat="-34.918484" lon="138.594804">
				 <ele>31.5</ele>
			 </trkpt>
			 <trkpt lat="-34.918475" lon="138.594763">
				 <ele>31.2</ele>
			 </trkpt>
			 <trkpt lat="-34.918466" lon="138.59472">
				 <ele>30.9</ele>
			 </trkpt>
			 <trkpt lat="-34.91846" lon="138.594688">
				 <ele>30.6</ele>
			 </trkpt>
			 <trkpt lat="-34.918448" lon="138.594626">
				 <ele>30.4</ele>
			 </trkpt>
			 <trkpt lat="-34.918441" lon="138.594592">
				 <ele>30</ele>
			 </trkpt>
			 <trkpt lat="-34.918433" lon="138.594549">
				 <ele>29.6</ele>
			 </trkpt>
			 <trkpt lat="-34.918429" lon="138.5945">
				 <ele>29.4</ele>
			 </trkpt>
			 <trkpt lat="-34.918425" lon="138.594437">
				 <ele>29</ele>
			 </trkpt>
			 <trkpt lat="-34.918422" lon="138.594401">
				 <ele>28.6</ele>
			 </trkpt>
			 <trkpt lat="-34.91842" lon="138.594357">
				 <ele>28.4</ele>
			 </trkpt>
			 <trkpt lat="-34.918424" lon="138.594309">
				 <ele>28.1</ele>
			 </trkpt>
			 <trkpt lat="-34.918426" lon="138.594276">
				 <ele>27.8</ele>
			 </trkpt>
			 <trkpt lat="-34.918429" lon="138.594241">
				 <ele>27.6</ele>
			 </trkpt>
			 <trkpt lat="-34.918433" lon="138.594198">
				 <ele>27.5</ele>
			 </trkpt>
			 <trkpt lat="-34.91845" lon="138.594153">
				 <ele>27.2</ele>
			 </trkpt>
			 <trkpt lat="-34.918461" lon="138.594123">
				 <ele>27</ele>
			 </trkpt>
			 <trkpt lat="-34.918474" lon="138.594091">
				 <ele>26.8</ele>
			 </trkpt>
			 <trkpt lat="-34.918489" lon="138.594052">
				 <ele>26.6</ele>
			 </trkpt>
			 <trkpt lat="-34.918552" lon="138.593938">
				 <ele>26.5</ele>
			 </trkpt>
			 <trkpt lat="-34.918567" lon="138.593911">
				 <ele>26.5</ele>
			 </trkpt>
			 <trkpt lat="-34.918596" lon="138.593858">
				 <ele>26.4</ele>
			 </trkpt>
			 <trkpt lat="-34.918611" lon="138.593831">
				 <ele>26.4</ele>
			 </trkpt>
			 <trkpt lat="-34.918631" lon="138.593795">
				 <ele>26.4</ele>
			 </trkpt>
			 <trkpt lat="-34.918657" lon="138.593748">
				 <ele>26.4</ele>
			 </trkpt>
			 <trkpt lat="-34.918676" lon="138.593715">
				 <ele>26.4</ele>
			 </trkpt>
			 <trkpt lat="-34.918694" lon="138.593689">
				 <ele>26.5</ele>
			 </trkpt>
			 <trkpt lat="-34.918712" lon="138.593663">
				 <ele>26.5</ele>
			 </trkpt>
			 <trkpt lat="-34.918736" lon="138.593629">
				 <ele>26.7</ele>
			 </trkpt>
			 <trkpt lat="-34.918769" lon="138.593604">
				 <ele>26.9</ele>
			 </trkpt>
			 <trkpt lat="-34.918792" lon="138.593587">
				 <ele>27.1</ele>
			 </trkpt>
			 <trkpt lat="-34.918815" lon="138.593569">
				 <ele>27.4</ele>
			 </trkpt>
			 <trkpt lat="-34.91884" lon="138.593551">
				 <ele>27.6</ele>
			 </trkpt>
			 <trkpt lat="-34.918863" lon="138.593533">
				 <ele>27.8</ele>
			 </trkpt>
			 <trkpt lat="-34.918885" lon="138.593514">
				 <ele>28</ele>
			 </trkpt>
			 <trkpt lat="-34.918908" lon="138.593492">
				 <ele>28.2</ele>
			 </trkpt>
			 <trkpt lat="-34.918934" lon="138.593468">
				 <ele>28.4</ele>
			 </trkpt>
			 <trkpt lat="-34.918951" lon="138.593443">
				 <ele>28.6</ele>
			 </trkpt>
			 <trkpt lat="-34.918968" lon="138.593417">
				 <ele>28.9</ele>
			 </trkpt>
			 <trkpt lat="-34.918983" lon="138.59339">
				 <ele>29.1</ele>
			 </trkpt>
			 <trkpt lat="-34.918996" lon="138.593358">
				 <ele>29.3</ele>
			 </trkpt>
			 <trkpt lat="-34.919012" lon="138.593318">
				 <ele>29.5</ele>
			 </trkpt>
			 <trkpt lat="-34.919013" lon="138.593232">
				 <ele>29.5</ele>
			 </trkpt>
			 <trkpt lat="-34.919014" lon="138.593199">
				 <ele>29.6</ele>
			 </trkpt>
			 <trkpt lat="-34.919015" lon="138.593159">
				 <ele>29.7</ele>
			 </trkpt>
			 <trkpt lat="-34.919015" lon="138.593126">
				 <ele>29.8</ele>
			 </trkpt>
			 <trkpt lat="-34.919016" lon="138.59307">
				 <ele>29.8</ele>
			 </trkpt>
			 <trkpt lat="-34.919017" lon="138.593037">
				 <ele>29.8</ele>
			 </trkpt>
			 <trkpt lat="-34.919018" lon="138.593002">
				 <ele>29.7</ele>
			 </trkpt>
			 <trkpt lat="-34.919019" lon="138.592962">
				 <ele>29.6</ele>
			 </trkpt>
			 <trkpt lat="-34.919008" lon="138.592929">
				 <ele>29.5</ele>
			 </trkpt>
			 <trkpt lat="-34.918993" lon="138.592889">
				 <ele>29.5</ele>
			 </trkpt>
			 <trkpt lat="-34.918973" lon="138.592865">
				 <ele>29.4</ele>
			 </trkpt>
			 <trkpt lat="-34.918953" lon="138.592842">
				 <ele>29.3</ele>
			 </trkpt>
			 <trkpt lat="-34.918914" lon="138.592797">
				 <ele>29.2</ele>
			 </trkpt>
			 <trkpt lat="-34.918895" lon="138.592774">
				 <ele>29.1</ele>
			 </trkpt>
			 <trkpt lat="-34.918875" lon="138.592751">
				 <ele>29</ele>
			 </trkpt>
			 <trkpt lat="-34.918855" lon="138.592728">
				 <ele>29</ele>
			 </trkpt>
			 <trkpt lat="-34.918834" lon="138.592703">
				 <ele>29</ele>
			 </trkpt>
			 <trkpt lat="-34.918808" lon="138.592673">
				 <ele>28.9</ele>
			 </trkpt>
			 <trkpt lat="-34.918727" lon="138.592579">
				 <ele>28.8</ele>
			 </trkpt>
			 <trkpt lat="-34.918707" lon="138.592556">
				 <ele>28.7</ele>
			 </trkpt>
			 <trkpt lat="-34.918668" lon="138.592511">
				 <ele>28.6</ele>
			 </trkpt>
			 <trkpt lat="-34.918648" lon="138.592488">
				 <ele>28.5</ele>
			 </trkpt>
			 <trkpt lat="-34.918628" lon="138.592466">
				 <ele>28.5</ele>
			 </trkpt>
			 <trkpt lat="-34.918608" lon="138.592442">
				 <ele>28.4</ele>
			 </trkpt>
			 <trkpt lat="-34.918587" lon="138.592418">
				 <ele>28.3</ele>
			 </trkpt>
			 <trkpt lat="-34.91856" lon="138.592387">
				 <ele>28.2</ele>
			 </trkpt>
			 <trkpt lat="-34.918408" lon="138.59216">
				 <ele>28.1</ele>
			 </trkpt>
			 <trkpt lat="-34.91839" lon="138.592135">
				 <ele>28</ele>
			 </trkpt>
			 <trkpt lat="-34.91836" lon="138.592091">
				 <ele>28</ele>
			 </trkpt>
			 <trkpt lat="-34.918339" lon="138.592059">
				 <ele>28</ele>
			 </trkpt>
			 <trkpt lat="-34.918322" lon="138.592034">
				 <ele>28</ele>
			 </trkpt>
			 <trkpt lat="-34.918305" lon="138.592008">
				 <ele>28</ele>
			 </trkpt>
			 <trkpt lat="-34.918286" lon="138.59198">
				 <ele>28</ele>
			 </trkpt>
			 <trkpt lat="-34.918263" lon="138.591945">
				 <ele>28</ele>
			 </trkpt>
			 <trkpt lat="-34.918243" lon="138.59191">
				 <ele>28</ele>
			 </trkpt>
			 <trkpt lat="-34.918214" lon="138.591855">
				 <ele>28</ele>
			 </trkpt>
			 <trkpt lat="-34.9182" lon="138.591827">
				 <ele>28</ele>
			 </trkpt>
			 <trkpt lat="-34.918185" lon="138.5918">
				 <ele>28</ele>
			 </trkpt>
			 <trkpt lat="-34.91817" lon="138.591771">
				 <ele>28</ele>
			 </trkpt>
			 <trkpt lat="-34.918154" lon="138.591741">
				 <ele>28</ele>
			 </trkpt>
			 <trkpt lat="-34.918134" lon="138.591704">
				 <ele>28</ele>
			 </trkpt>
			 <trkpt lat="-34.917965" lon="138.591381">
				 <ele>28</ele>
			 </trkpt>
			 <trkpt lat="-34.917831" lon="138.591124">
				 <ele>28</ele>
			 </trkpt>
			 <trkpt lat="-34.917816" lon="138.591096">
				 <ele>28</ele>
			 </trkpt>
			 <trkpt lat="-34.917796" lon="138.591057">
				 <ele>28</ele>
			 </trkpt>
			 <trkpt lat="-34.917773" lon="138.591014">
				 <ele>28</ele>
			 </trkpt>
			 <trkpt lat="-34.917759" lon="138.590986">
				 <ele>28</ele>
			 </trkpt>
			 <trkpt lat="-34.917744" lon="138.590957">
				 <ele>28</ele>
			 </trkpt>
			 <trkpt lat="-34.917728" lon="138.590927">
				 <ele>28</ele>
			 </trkpt>
			 <trkpt lat="-34.917708" lon="138.590889">
				 <ele>28</ele>
			 </trkpt>
			 <trkpt lat="-34.917576" lon="138.590614">
				 <ele>28</ele>
			 </trkpt>
			 <trkpt lat="-34.917562" lon="138.590586">
				 <ele>28</ele>
			 </trkpt>
			 <trkpt lat="-34.917535" lon="138.59053">
				 <ele>28</ele>
			 </trkpt>
			 <trkpt lat="-34.917521" lon="138.590501">
				 <ele>28</ele>
			 </trkpt>
			 <trkpt lat="-34.917507" lon="138.590473">
				 <ele>28</ele>
			 </trkpt>
			 <trkpt lat="-34.917493" lon="138.590444">
				 <ele>28</ele>
			 </trkpt>
			 <trkpt lat="-34.917478" lon="138.590413">
				 <ele>28</ele>
			 </trkpt>
			 <trkpt lat="-34.91746" lon="138.590374">
				 <ele>27.9</ele>
			 </trkpt>
			 <trkpt lat="-34.917448" lon="138.590326">
				 <ele>27.8</ele>
			 </trkpt>
			 <trkpt lat="-34.91744" lon="138.590294">
				 <ele>27.7</ele>
			 </trkpt>
			 <trkpt lat="-34.917432" lon="138.590263">
				 <ele>27.6</ele>
			 </trkpt>
			 <trkpt lat="-34.917425" lon="138.590231">
				 <ele>27.5</ele>
			 </trkpt>
			 <trkpt lat="-34.917417" lon="138.590199">
				 <ele>27.5</ele>
			 </trkpt>
			 <trkpt lat="-34.917409" lon="138.590165">
				 <ele>27.4</ele>
			 </trkpt>
			 <trkpt lat="-34.917398" lon="138.590122">
				 <ele>27.3</ele>
			 </trkpt>
			 <trkpt lat="-34.917401" lon="138.590079">
				 <ele>27.2</ele>
			 </trkpt>
			 <trkpt lat="-34.917404" lon="138.590046">
				 <ele>27.1</ele>
			 </trkpt>
			 <trkpt lat="-34.917406" lon="138.590013">
				 <ele>26.9</ele>
			 </trkpt>
			 <trkpt lat="-34.917411" lon="138.589948">
				 <ele>26.8</ele>
			 </trkpt>
			 <trkpt lat="-34.917414" lon="138.589914">
				 <ele>26.7</ele>
			 </trkpt>
			 <trkpt lat="-34.917417" lon="138.589879">
				 <ele>26.6</ele>
			 </trkpt>
			 <trkpt lat="-34.91742" lon="138.589837">
				 <ele>26.5</ele>
			 </trkpt>
			 <trkpt lat="-34.917418" lon="138.589804">
				 <ele>26.5</ele>
			 </trkpt>
			 <trkpt lat="-34.917416" lon="138.589771">
				 <ele>26.4</ele>
			 </trkpt>
			 <trkpt lat="-34.917414" lon="138.589738">
				 <ele>26.2</ele>
			 </trkpt>
			 <trkpt lat="-34.917412" lon="138.589705">
				 <ele>26</ele>
			 </trkpt>
			 <trkpt lat="-34.91741" lon="138.589672">
				 <ele>25.8</ele>
			 </trkpt>
			 <trkpt lat="-34.917408" lon="138.589639">
				 <ele>25.6</ele>
			 </trkpt>
			 <trkpt lat="-34.917406" lon="138.589606">
				 <ele>25.5</ele>
			 </trkpt>
			 <trkpt lat="-34.917404" lon="138.589573">
				 <ele>25.5</ele>
			 </trkpt>
			 <trkpt lat="-34.917397" lon="138.589541">
				 <ele>25.3</ele>
			 </trkpt>
			 <trkpt lat="-34.917388" lon="138.58951">
				 <ele>25.1</ele>
			 </trkpt>
			 <trkpt lat="-34.917378" lon="138.589479">
				 <ele>24.9</ele>
			 </trkpt>
			 <trkpt lat="-34.917369" lon="138.589448">
				 <ele>24.7</ele>
			 </trkpt>
			 <trkpt lat="-34.917358" lon="138.589414">
				 <ele>24.5</ele>
			 </trkpt>
			 <trkpt lat="-34.917345" lon="138.589372">
				 <ele>24.5</ele>
			 </trkpt>
			 <trkpt lat="-34.917345" lon="138.589335">
				 <ele>24.4</ele>
			 </trkpt>
			 <trkpt lat="-34.917344" lon="138.589299">
				 <ele>24.3</ele>
			 </trkpt>
			 <trkpt lat="-34.917343" lon="138.589254">
				 <ele>24.2</ele>
			 </trkpt>
			 <trkpt lat="-34.917335" lon="138.589203">
				 <ele>24.1</ele>
			 </trkpt>
			 <trkpt lat="-34.917331" lon="138.58917">
				 <ele>24</ele>
			 </trkpt>
			 <trkpt lat="-34.917326" lon="138.589138">
				 <ele>24</ele>
			 </trkpt>
			 <trkpt lat="-34.917321" lon="138.589105">
				 <ele>24</ele>
			 </trkpt>
			 <trkpt lat="-34.917316" lon="138.589073">
				 <ele>24</ele>
			 </trkpt>
			 <trkpt lat="-34.917311" lon="138.58904">
				 <ele>24</ele>
			 </trkpt>
			 <trkpt lat="-34.917307" lon="138.589007">
				 <ele>24</ele>
			 </trkpt>
			 <trkpt lat="-34.917301" lon="138.588972">
				 <ele>24</ele>
			 </trkpt>
			 <trkpt lat="-34.917295" lon="138.588928">
				 <ele>24</ele>
			 </trkpt>
			 <trkpt lat="-34.917295" lon="138.588885">
				 <ele>24</ele>
			 </trkpt>
			 <trkpt lat="-34.917296" lon="138.588851">
				 <ele>24.1</ele>
			 </trkpt>
			 <trkpt lat="-34.917296" lon="138.588818">
				 <ele>24.2</ele>
			 </trkpt>
			 <trkpt lat="-34.917296" lon="138.588785">
				 <ele>24.3</ele>
			 </trkpt>
			 <trkpt lat="-34.917296" lon="138.588751">
				 <ele>24.4</ele>
			 </trkpt>
			 <trkpt lat="-34.917297" lon="138.588715">
				 <ele>24.5</ele>
			 </trkpt>
			 <trkpt lat="-34.917297" lon="138.58867">
				 <ele>24.5</ele>
			 </trkpt>
			 <trkpt lat="-34.917298" lon="138.588601">
				 <ele>24.7</ele>
			 </trkpt>
			 <trkpt lat="-34.917298" lon="138.588568">
				 <ele>24.9</ele>
			 </trkpt>
			 <trkpt lat="-34.917299" lon="138.588535">
				 <ele>25.1</ele>
			 </trkpt>
			 <trkpt lat="-34.917299" lon="138.588502">
				 <ele>25.4</ele>
			 </trkpt>
			 <trkpt lat="-34.9173" lon="138.588469">
				 <ele>25.6</ele>
			 </trkpt>
			 <trkpt lat="-34.9173" lon="138.588435">
				 <ele>25.8</ele>
			 </trkpt>
			 <trkpt lat="-34.917301" lon="138.588402">
				 <ele>26</ele>
			 </trkpt>
			 <trkpt lat="-34.917301" lon="138.588366">
				 <ele>26.2</ele>
			 </trkpt>
			 <trkpt lat="-34.917302" lon="138.588329">
				 <ele>26.3</ele>
			 </trkpt>
			 <trkpt lat="-34.917301" lon="138.588295">
				 <ele>26.4</ele>
			 </trkpt>
			 <trkpt lat="-34.917299" lon="138.588262">
				 <ele>26.4</ele>
			 </trkpt>
			 <trkpt lat="-34.917298" lon="138.588228">
				 <ele>26.3</ele>
			 </trkpt>
			 <trkpt lat="-34.917294" lon="138.588195">
				 <ele>26.2</ele>
			 </trkpt>
			 <trkpt lat="-34.917284" lon="138.588162">
				 <ele>26.1</ele>
			 </trkpt>
			 <trkpt lat="-34.917256" lon="138.588132">
				 <ele>25.9</ele>
			 </trkpt>
			 <trkpt lat="-34.917223" lon="138.588153">
				 <ele>25.7</ele>
			 </trkpt>
			 <trkpt lat="-34.917173" lon="138.588495">
				 <ele>25.5</ele>
			 </trkpt>
			 <trkpt lat="-34.917168" lon="138.588527">
				 <ele>25.2</ele>
			 </trkpt>
			 <trkpt lat="-34.917163" lon="138.588559">
				 <ele>24.9</ele>
			 </trkpt>
			 <trkpt lat="-34.917158" lon="138.588592">
				 <ele>24.6</ele>
			 </trkpt>
			 <trkpt lat="-34.917154" lon="138.588625">
				 <ele>24.4</ele>
			 </trkpt>
			 <trkpt lat="-34.917149" lon="138.588659">
				 <ele>24.2</ele>
			 </trkpt>
			 <trkpt lat="-34.917144" lon="138.588692">
				 <ele>24</ele>
			 </trkpt>
			 <trkpt lat="-34.917139" lon="138.588728">
				 <ele>23.8</ele>
			 </trkpt>
			 <trkpt lat="-34.917132" lon="138.588773">
				 <ele>23.5</ele>
			 </trkpt>
			 <trkpt lat="-34.917133" lon="138.588808">
				 <ele>23.3</ele>
			 </trkpt>
			 <trkpt lat="-34.917133" lon="138.588843">
				 <ele>23</ele>
			 </trkpt>
			 <trkpt lat="-34.917134" lon="138.588879">
				 <ele>22.8</ele>
			 </trkpt>
			 <trkpt lat="-34.917135" lon="138.588925">
				 <ele>22.6</ele>
			 </trkpt>
			 <trkpt lat="-34.917143" lon="138.58898">
				 <ele>22.5</ele>
			 </trkpt>
			 <trkpt lat="-34.917147" lon="138.589012">
				 <ele>22.4</ele>
			 </trkpt>
			 <trkpt lat="-34.917152" lon="138.589046">
				 <ele>22.3</ele>
			 </trkpt>
			 <trkpt lat="-34.917157" lon="138.589079">
				 <ele>22.2</ele>
			 </trkpt>
			 <trkpt lat="-34.917161" lon="138.589112">
				 <ele>22.1</ele>
			 </trkpt>
			 <trkpt lat="-34.917166" lon="138.589145">
				 <ele>22</ele>
			 </trkpt>
			 <trkpt lat="-34.917171" lon="138.589178">
				 <ele>22</ele>
			 </trkpt>
			 <trkpt lat="-34.917176" lon="138.589212">
				 <ele>22</ele>
			 </trkpt>
			 <trkpt lat="-34.917176" lon="138.589249">
				 <ele>22</ele>
			 </trkpt>
			 <trkpt lat="-34.917172" lon="138.589291">
				 <ele>22.1</ele>
			 </trkpt>
			 <trkpt lat="-34.917164" lon="138.589326">
				 <ele>22.2</ele>
			 </trkpt>
			 <trkpt lat="-34.917154" lon="138.589367">
				 <ele>22.3</ele>
			 </trkpt>
			 <trkpt lat="-34.917141" lon="138.589397">
				 <ele>22.4</ele>
			 </trkpt>
			 <trkpt lat="-34.917125" lon="138.589429">
				 <ele>22.5</ele>
			 </trkpt>
			 <trkpt lat="-34.917109" lon="138.589464">
				 <ele>22.7</ele>
			 </trkpt>
			 <trkpt lat="-34.917089" lon="138.589487">
				 <ele>22.9</ele>
			 </trkpt>
			 <trkpt lat="-34.917068" lon="138.589509">
				 <ele>23.2</ele>
			 </trkpt>
			 <trkpt lat="-34.917046" lon="138.589531">
				 <ele>23.5</ele>
			 </trkpt>
			 <trkpt lat="-34.917025" lon="138.589553">
				 <ele>23.9</ele>
			 </trkpt>
			 <trkpt lat="-34.917003" lon="138.589576">
				 <ele>24.3</ele>
			 </trkpt>
			 <trkpt lat="-34.916981" lon="138.589598">
				 <ele>24.6</ele>
			 </trkpt>
			 <trkpt lat="-34.91696" lon="138.58962">
				 <ele>25</ele>
			 </trkpt>
			 <trkpt lat="-34.91695" lon="138.58965">
				 <ele>25.4</ele>
			 </trkpt>
			 <trkpt lat="-34.916958" lon="138.589681">
				 <ele>25.8</ele>
			 </trkpt>
			 <trkpt lat="-34.916972" lon="138.589711">
				 <ele>26.2</ele>
			 </trkpt>
			 <trkpt lat="-34.916986" lon="138.589741">
				 <ele>26.5</ele>
			 </trkpt>
			 <trkpt lat="-34.917002" lon="138.589773">
				 <ele>26.9</ele>
			 </trkpt>
			 <trkpt lat="-34.917022" lon="138.589813">
				 <ele>27.2</ele>
			 </trkpt>
			 <trkpt lat="-34.917039" lon="138.589848">
				 <ele>27.4</ele>
			 </trkpt>
			 <trkpt lat="-34.917053" lon="138.589878">
				 <ele>27.5</ele>
			 </trkpt>
			 <trkpt lat="-34.917069" lon="138.589909">
				 <ele>27.7</ele>
			 </trkpt>
			 <trkpt lat="-34.917089" lon="138.589949">
				 <ele>27.8</ele>
			 </trkpt>
			 <trkpt lat="-34.917117" lon="138.590015">
				 <ele>28</ele>
			 </trkpt>
			 <trkpt lat="-34.91713" lon="138.590045">
				 <ele>28.2</ele>
			 </trkpt>
			 <trkpt lat="-34.917143" lon="138.590075">
				 <ele>28.3</ele>
			 </trkpt>
			 <trkpt lat="-34.917156" lon="138.590105">
				 <ele>28.4</ele>
			 </trkpt>
			 <trkpt lat="-34.917169" lon="138.590135">
				 <ele>28.5</ele>
			 </trkpt>
			 <trkpt lat="-34.917183" lon="138.590166">
				 <ele>28.5</ele>
			 </trkpt>
			 <trkpt lat="-34.917196" lon="138.590197">
				 <ele>28.6</ele>
			 </trkpt>
			 <trkpt lat="-34.91721" lon="138.590229">
				 <ele>28.7</ele>
			 </trkpt>
			 <trkpt lat="-34.917226" lon="138.590267">
				 <ele>28.8</ele>
			 </trkpt>
			 <trkpt lat="-34.917241" lon="138.590296">
				 <ele>28.9</ele>
			 </trkpt>
			 <trkpt lat="-34.917256" lon="138.590325">
				 <ele>29.1</ele>
			 </trkpt>
			 <trkpt lat="-34.91727" lon="138.590354">
				 <ele>29.2</ele>
			 </trkpt>
			 <trkpt lat="-34.917285" lon="138.590384">
				 <ele>29.3</ele>
			 </trkpt>
			 <trkpt lat="-34.917301" lon="138.590414">
				 <ele>29.4</ele>
			 </trkpt>
			 <trkpt lat="-34.917317" lon="138.590445">
				 <ele>29.5</ele>
			 </trkpt>
			 <trkpt lat="-34.917337" lon="138.590485">
				 <ele>29.5</ele>
			 </trkpt>
			 <trkpt lat="-34.917358" lon="138.590534">
				 <ele>29.6</ele>
			 </trkpt>
			 <trkpt lat="-34.917371" lon="138.590565">
				 <ele>29.7</ele>
			 </trkpt>
			 <trkpt lat="-34.917385" lon="138.590595">
				 <ele>29.8</ele>
			 </trkpt>
			 <trkpt lat="-34.917398" lon="138.590625">
				 <ele>29.9</ele>
			 </trkpt>
			 <trkpt lat="-34.917411" lon="138.590655">
				 <ele>30</ele>
			 </trkpt>
			 <trkpt lat="-34.917424" lon="138.590686">
				 <ele>30.1</ele>
			 </trkpt>
			 <trkpt lat="-34.917438" lon="138.590717">
				 <ele>30.2</ele>
			 </trkpt>
			 <trkpt lat="-34.917452" lon="138.590749">
				 <ele>30.3</ele>
			 </trkpt>
			 <trkpt lat="-34.917467" lon="138.590784">
				 <ele>30.4</ele>
			 </trkpt>
			 <trkpt lat="-34.91748" lon="138.590815">
				 <ele>30.5</ele>
			 </trkpt>
			 <trkpt lat="-34.917492" lon="138.590846">
				 <ele>30.5</ele>
			 </trkpt>
			 <trkpt lat="-34.917504" lon="138.590878">
				 <ele>30.6</ele>
			 </trkpt>
			 <trkpt lat="-34.917517" lon="138.590912">
				 <ele>30.7</ele>
			 </trkpt>
			 <trkpt lat="-34.917532" lon="138.590951">
				 <ele>30.8</ele>
			 </trkpt>
			 <trkpt lat="-34.917545" lon="138.590982">
				 <ele>30.9</ele>
			 </trkpt>
			 <trkpt lat="-34.917557" lon="138.591013">
				 <ele>31</ele>
			 </trkpt>
			 <trkpt lat="-34.91757" lon="138.591043">
				 <ele>31</ele>
			 </trkpt>
			 <trkpt lat="-34.917583" lon="138.591075">
				 <ele>31</ele>
			 </trkpt>
			 <trkpt lat="-34.917596" lon="138.591106">
				 <ele>31</ele>
			 </trkpt>
			 <trkpt lat="-34.917609" lon="138.591139">
				 <ele>31</ele>
			 </trkpt>
			 <trkpt lat="-34.917623" lon="138.591174">
				 <ele>31</ele>
			 </trkpt>
			 <trkpt lat="-34.917634" lon="138.591205">
				 <ele>31</ele>
			 </trkpt>
			 <trkpt lat="-34.917644" lon="138.591238">
				 <ele>31</ele>
			 </trkpt>
			 <trkpt lat="-34.917654" lon="138.59127">
				 <ele>31</ele>
			 </trkpt>
			 <trkpt lat="-34.917664" lon="138.591302">
				 <ele>31</ele>
			 </trkpt>
			 <trkpt lat="-34.917674" lon="138.591335">
				 <ele>31</ele>
			 </trkpt>
			 <trkpt lat="-34.917685" lon="138.59137">
				 <ele>31</ele>
			 </trkpt>
			 <trkpt lat="-34.917698" lon="138.591413">
				 <ele>31</ele>
			 </trkpt>
			 <trkpt lat="-34.917707" lon="138.591459">
				 <ele>31</ele>
			 </trkpt>
			 <trkpt lat="-34.917714" lon="138.591492">
				 <ele>30.9</ele>
			 </trkpt>
			 <trkpt lat="-34.91772" lon="138.591526">
				 <ele>30.8</ele>
			 </trkpt>
			 <trkpt lat="-34.917727" lon="138.59156">
				 <ele>30.7</ele>
			 </trkpt>
			 <trkpt lat="-34.917734" lon="138.591596">
				 <ele>30.6</ele>
			 </trkpt>
			 <trkpt lat="-34.917743" lon="138.591641">
				 <ele>30.5</ele>
			 </trkpt>
			 <trkpt lat="-34.917745" lon="138.591741">
				 <ele>30.5</ele>
			 </trkpt>
			 <trkpt lat="-34.917745" lon="138.591775">
				 <ele>30.3</ele>
			 </trkpt>
			 <trkpt lat="-34.917746" lon="138.591809">
				 <ele>30.1</ele>
			 </trkpt>
			 <trkpt lat="-34.917746" lon="138.591843">
				 <ele>29.8</ele>
			 </trkpt>
			 <trkpt lat="-34.917747" lon="138.591877">
				 <ele>29.5</ele>
			 </trkpt>
			 <trkpt lat="-34.917747" lon="138.591912">
				 <ele>29.1</ele>
			 </trkpt>
			 <trkpt lat="-34.917748" lon="138.591947">
				 <ele>28.8</ele>
			 </trkpt>
			 <trkpt lat="-34.917749" lon="138.591984">
				 <ele>28.5</ele>
			 </trkpt>
			 <trkpt lat="-34.917749" lon="138.592024">
				 <ele>28.1</ele>
			 </trkpt>
			 <trkpt lat="-34.917745" lon="138.592076">
				 <ele>27.6</ele>
			 </trkpt>
			 <trkpt lat="-34.917741" lon="138.59211">
				 <ele>27.2</ele>
			 </trkpt>
			 <trkpt lat="-34.917738" lon="138.592145">
				 <ele>26.6</ele>
			 </trkpt>
			 <trkpt lat="-34.917734" lon="138.592179">
				 <ele>26.2</ele>
			 </trkpt>
			 <trkpt lat="-34.91773" lon="138.592216">
				 <ele>25.7</ele>
			 </trkpt>
			 <trkpt lat="-34.917726" lon="138.592263">
				 <ele>25.3</ele>
			 </trkpt>
			 <trkpt lat="-34.917716" lon="138.592326">
				 <ele>24.9</ele>
			 </trkpt>
			 <trkpt lat="-34.917711" lon="138.59236">
				 <ele>24.5</ele>
			 </trkpt>
			 <trkpt lat="-34.917706" lon="138.592394">
				 <ele>23.9</ele>
			 </trkpt>
			 <trkpt lat="-34.917701" lon="138.592427">
				 <ele>23.3</ele>
			 </trkpt>
			 <trkpt lat="-34.917696" lon="138.592461">
				 <ele>22.5</ele>
			 </trkpt>
			 <trkpt lat="-34.917691" lon="138.592495">
				 <ele>21.8</ele>
			 </trkpt>
			 <trkpt lat="-34.917686" lon="138.59253">
				 <ele>21</ele>
			 </trkpt>
			 <trkpt lat="-34.917681" lon="138.592565">
				 <ele>20.3</ele>
			 </trkpt>
			 <trkpt lat="-34.917676" lon="138.5926">
				 <ele>19.5</ele>
			 </trkpt>
			 <trkpt lat="-34.917676" lon="138.592635">
				 <ele>18.7</ele>
			 </trkpt>
			 <trkpt lat="-34.91768" lon="138.592672">
				 <ele>18.1</ele>
			 </trkpt>
			 <trkpt lat="-34.917684" lon="138.592711">
				 <ele>17.5</ele>
			 </trkpt>
			 <trkpt lat="-34.917688" lon="138.592747">
				 <ele>17.2</ele>
			 </trkpt>
			 <trkpt lat="-34.917692" lon="138.592782">
				 <ele>17.1</ele>
			 </trkpt>
			 <trkpt lat="-34.917705" lon="138.592814">
				 <ele>17.3</ele>
			 </trkpt>
			 <trkpt lat="-34.91772" lon="138.592843">
				 <ele>17.6</ele>
			 </trkpt>
			 <trkpt lat="-34.917738" lon="138.592867">
				 <ele>18.3</ele>
			 </trkpt>
			 <trkpt lat="-34.917761" lon="138.592892">
				 <ele>19.1</ele>
			 </trkpt>
			 <trkpt lat="-34.917788" lon="138.592907">
				 <ele>20</ele>
			 </trkpt>
			 <trkpt lat="-34.917815" lon="138.59292">
				 <ele>21.1</ele>
			 </trkpt>
			 <trkpt lat="-34.917845" lon="138.592927">
				 <ele>22.1</ele>
			 </trkpt>
			 <trkpt lat="-34.917882" lon="138.592936">
				 <ele>23.2</ele>
			 </trkpt>
			 <trkpt lat="-34.917912" lon="138.592939">
				 <ele>24.3</ele>
			 </trkpt>
			 <trkpt lat="-34.917943" lon="138.592941">
				 <ele>25.3</ele>
			 </trkpt>
			 <trkpt lat="-34.917982" lon="138.592944">
				 <ele>26.2</ele>
			 </trkpt>
			 <trkpt lat="-34.918296" lon="138.592979">
				 <ele>27</ele>
			 </trkpt>
			 <trkpt lat="-34.91861" lon="138.593015">
				 <ele>27.8</ele>
			 </trkpt>
			 <trkpt lat="-34.918924" lon="138.59305">
				 <ele>28.5</ele>
			 </trkpt>
			 <trkpt lat="-34.919239" lon="138.593086">
				 <ele>29.2</ele>
			 </trkpt>
			 <trkpt lat="-34.919525" lon="138.593118">
				 <ele>29.8</ele>
			 </trkpt>
			 <trkpt lat="-34.919553" lon="138.593121">
				 <ele>30.5</ele>
			 </trkpt>
			 <trkpt lat="-34.919583" lon="138.593125">
				 <ele>31.1</ele>
			 </trkpt>
			 <trkpt lat="-34.919612" lon="138.593128">
				 <ele>31.8</ele>
			 </trkpt>
			 <trkpt lat="-34.919641" lon="138.593131">
				 <ele>32.5</ele>
			 </trkpt>
			 <trkpt lat="-34.91967" lon="138.593134">
				 <ele>33.3</ele>
			 </trkpt>
			 <trkpt lat="-34.9197" lon="138.593138">
				 <ele>34</ele>
			 </trkpt>
			 <trkpt lat="-34.919731" lon="138.593141">
				 <ele>34.7</ele>
			 </trkpt>
			 <trkpt lat="-34.91977" lon="138.593146">
				 <ele>35.5</ele>
			 </trkpt>
			 <trkpt lat="-34.920085" lon="138.593169">
				 <ele>36.1</ele>
			 </trkpt>
			 <trkpt lat="-34.9204" lon="138.593192">
				 <ele>36.8</ele>
			 </trkpt>
			 <trkpt lat="-34.920715" lon="138.593216">
				 <ele>37.5</ele>
			 </trkpt>
			 <trkpt lat="-34.92103" lon="138.593239">
				 <ele>38.1</ele>
			 </trkpt>
			 <trkpt lat="-34.921345" lon="138.593262">
				 <ele>38.7</ele>
			 </trkpt>
			 <trkpt lat="-34.92166" lon="138.593285">
				 <ele>39.3</ele>
			 </trkpt>
			 <trkpt lat="-34.921975" lon="138.593309">
				 <ele>39.8</ele>
			 </trkpt>
			 <trkpt lat="-34.92229" lon="138.593332">
				 <ele>40.4</ele>
			 </trkpt>
			 <trkpt lat="-34.922604" lon="138.593355">
				 <ele>40.9</ele>
			 </trkpt>
			 <trkpt lat="-34.922919" lon="138.593378">
				 <ele>41.5</ele>
			 </trkpt>
			 <trkpt lat="-34.922958" lon="138.593381">
				 <ele>42</ele>
			 </trkpt>
			 <trkpt lat="-34.922987" lon="138.593383">
				 <ele>42.5</ele>
			 </trkpt>
			 <trkpt lat="-34.923016" lon="138.593385">
				 <ele>43.1</ele>
			 </trkpt>
			 <trkpt lat="-34.923045" lon="138.593388">
				 <ele>43.5</ele>
			 </trkpt>
			 <trkpt lat="-34.923075" lon="138.59339">
				 <ele>43.9</ele>
			 </trkpt>
			 <trkpt lat="-34.923104" lon="138.593392">
				 <ele>44.2</ele>
			 </trkpt>
			 <trkpt lat="-34.923134" lon="138.593394">
				 <ele>44.4</ele>
			 </trkpt>
			 <trkpt lat="-34.923166" lon="138.593397">
				 <ele>44.4</ele>
			 </trkpt>
			 <trkpt lat="-34.923196" lon="138.593399">
				 <ele>44.4</ele>
			 </trkpt>
			 <trkpt lat="-34.923172" lon="138.59342">
				 <ele>44.3</ele>
			 </trkpt>
			 <trkpt lat="-34.923142" lon="138.593421">
				 <ele>44.1</ele>
			 </trkpt>
			 <trkpt lat="-34.923111" lon="138.593422">
				 <ele>43.8</ele>
			 </trkpt>
			 <trkpt lat="-34.923072" lon="138.593424">
				 <ele>43.5</ele>
			 </trkpt>
			 <trkpt lat="-34.922757" lon="138.593405">
				 <ele>43.1</ele>
			 </trkpt>
			 <trkpt lat="-34.922442" lon="138.593386">
				 <ele>42.7</ele>
			 </trkpt>
			 <trkpt lat="-34.922127" lon="138.593367">
				 <ele>42.3</ele>
			 </trkpt>
			 <trkpt lat="-34.921812" lon="138.593348">
				 <ele>41.9</ele>
			 </trkpt>
			 <trkpt lat="-34.921496" lon="138.593329">
				 <ele>41.5</ele>
			 </trkpt>
			 <trkpt lat="-34.921181" lon="138.59331">
				 <ele>41.2</ele>
			 </trkpt>
			 <trkpt lat="-34.920866" lon="138.593291">
				 <ele>40.7</ele>
			 </trkpt>
			 <trkpt lat="-34.920551" lon="138.593272">
				 <ele>40.2</ele>
			 </trkpt>
			 <trkpt lat="-34.920283" lon="138.593256">
				 <ele>39.6</ele>
			 </trkpt>
			 <trkpt lat="-34.920253" lon="138.593254">
				 <ele>39</ele>
			 </trkpt>
			 <trkpt lat="-34.920224" lon="138.593252">
				 <ele>38.4</ele>
			 </trkpt>
			 <trkpt lat="-34.920195" lon="138.593251">
				 <ele>37.6</ele>
			 </trkpt>
			 <trkpt lat="-34.920166" lon="138.593249">
				 <ele>36.8</ele>
			 </trkpt>
			 <trkpt lat="-34.920136" lon="138.593247">
				 <ele>36.1</ele>
			 </trkpt>
			 <trkpt lat="-34.920106" lon="138.593245">
				 <ele>35.3</ele>
			 </trkpt>
			 <trkpt lat="-34.920074" lon="138.593244">
				 <ele>34.5</ele>
			 </trkpt>
			 <trkpt lat="-34.920035" lon="138.593241">
				 <ele>33.7</ele>
			 </trkpt>
			 <trkpt lat="-34.920013" lon="138.593292">
				 <ele>33.1</ele>
			 </trkpt>
			 <trkpt lat="-34.920015" lon="138.593345">
				 <ele>32.5</ele>
			 </trkpt>
			 <trkpt lat="-34.920017" lon="138.59338">
				 <ele>31.9</ele>
			 </trkpt>
			 <trkpt lat="-34.920018" lon="138.593415">
				 <ele>31.5</ele>
			 </trkpt>
			 <trkpt lat="-34.92002" lon="138.59345">
				 <ele>30.9</ele>
			 </trkpt>
			 <trkpt lat="-34.920021" lon="138.593485">
				 <ele>30.5</ele>
			 </trkpt>
			 <trkpt lat="-34.920023" lon="138.59352">
				 <ele>30.3</ele>
			 </trkpt>
			 <trkpt lat="-34.920025" lon="138.593556">
				 <ele>29.9</ele>
			 </trkpt>
			 <trkpt lat="-34.920026" lon="138.593594">
				 <ele>29.6</ele>
			 </trkpt>
			 <trkpt lat="-34.920028" lon="138.593641">
				 <ele>29.4</ele>
			 </trkpt>
			 <trkpt lat="-34.920059" lon="138.593968">
				 <ele>29</ele>
			 </trkpt>
			 <trkpt lat="-34.920063" lon="138.594003">
				 <ele>28.6</ele>
			 </trkpt>
			 <trkpt lat="-34.920066" lon="138.594037">
				 <ele>28.4</ele>
			 </trkpt>
			 <trkpt lat="-34.920069" lon="138.594072">
				 <ele>28.1</ele>
			 </trkpt>
			 <trkpt lat="-34.920072" lon="138.594107">
				 <ele>27.7</ele>
			 </trkpt>
			 <trkpt lat="-34.920076" lon="138.594143">
				 <ele>27.5</ele>
			 </trkpt>
			 <trkpt lat="-34.920079" lon="138.594179">
				 <ele>27.2</ele>
			 </trkpt>
			 <trkpt lat="-34.920083" lon="138.594217">
				 <ele>26.9</ele>
			 </trkpt>
			 <trkpt lat="-34.920087" lon="138.594261">
				 <ele>26.7</ele>
			 </trkpt>
			 <trkpt lat="-34.920088" lon="138.594297">
				 <ele>26.5</ele>
			 </trkpt>
			 <trkpt lat="-34.92009" lon="138.594333">
				 <ele>26.4</ele>
			 </trkpt>
			 <trkpt lat="-34.920041" lon="138.594431">
				 <ele>26.3</ele>
			 </trkpt>
			 <trkpt lat="-34.920022" lon="138.594459">
				 <ele>26.2</ele>
			 </trkpt>
			 <trkpt lat="-34.919949" lon="138.594481">
				 <ele>26.1</ele>
			 </trkpt>
			 <trkpt lat="-34.91992" lon="138.594489">
				 <ele>26</ele>
			 </trkpt>
			 <trkpt lat="-34.919891" lon="138.594486">
				 <ele>26</ele>
			 </trkpt>
			 <trkpt lat="-34.919862" lon="138.594483">
				 <ele>26</ele>
			 </trkpt>
			 <trkpt lat="-34.919833" lon="138.594479">
				 <ele>26</ele>
			 </trkpt>
			 <trkpt lat="-34.919803" lon="138.594475">
				 <ele>26</ele>
			 </trkpt>
			 <trkpt lat="-34.919773" lon="138.594471">
				 <ele>26</ele>
			 </trkpt>
			 <trkpt lat="-34.919741" lon="138.594467">
				 <ele>26</ele>
			 </trkpt>
			 <trkpt lat="-34.919705" lon="138.594462">
				 <ele>26</ele>
			 </trkpt>
			 <trkpt lat="-34.919678" lon="138.594456">
				 <ele>26</ele>
			 </trkpt>
			 <trkpt lat="-34.919648" lon="138.594448">
				 <ele>26</ele>
			 </trkpt>
			 <trkpt lat="-34.919612" lon="138.594476">
				 <ele>26</ele>
			 </trkpt>
			 <trkpt lat="-34.919599" lon="138.594516">
				 <ele>26</ele>
			 </trkpt>
			 <trkpt lat="-34.919589" lon="138.594549">
				 <ele>26</ele>
			 </trkpt>
			 <trkpt lat="-34.919579" lon="138.594583">
				 <ele>26</ele>
			 </trkpt>
			 <trkpt lat="-34.919568" lon="138.594616">
				 <ele>26</ele>
			 </trkpt>
			 <trkpt lat="-34.919558" lon="138.594649">
				 <ele>26</ele>
			 </trkpt>
			 <trkpt lat="-34.919552" lon="138.594684">
				 <ele>26</ele>
			 </trkpt>
			 <trkpt lat="-34.919551" lon="138.594721">
				 <ele>26</ele>
			 </trkpt>
			 <trkpt lat="-34.919549" lon="138.594754">
				 <ele>26</ele>
			 </trkpt>
			 <trkpt lat="-34.919548" lon="138.59479">
				 <ele>26</ele>
			 </trkpt>
			 <trkpt lat="-34.919546" lon="138.594825">
				 <ele>26</ele>
			 </trkpt>
			 <trkpt lat="-34.919547" lon="138.59486">
				 <ele>26</ele>
			 </trkpt>
			 <trkpt lat="-34.919551" lon="138.594896">
				 <ele>26.1</ele>
			 </trkpt>
			 <trkpt lat="-34.919555" lon="138.594932">
				 <ele>26.2</ele>
			 </trkpt>
			 <trkpt lat="-34.919559" lon="138.594969">
				 <ele>26.3</ele>
			 </trkpt>
			 <trkpt lat="-34.919564" lon="138.595007">
				 <ele>26.4</ele>
			 </trkpt>
			 <trkpt lat="-34.919569" lon="138.595054">
				 <ele>26.5</ele>
			 </trkpt>
			 <trkpt lat="-34.919573" lon="138.595093">
				 <ele>26.5</ele>
			 </trkpt>
			 <trkpt lat="-34.919576" lon="138.595129">
				 <ele>26.6</ele>
			 </trkpt>
			 <trkpt lat="-34.919579" lon="138.595165">
				 <ele>26.7</ele>
			 </trkpt>
			 <trkpt lat="-34.919582" lon="138.595202">
				 <ele>26.9</ele>
			 </trkpt>
			 <trkpt lat="-34.919585" lon="138.59524">
				 <ele>27.1</ele>
			 </trkpt>
			 <trkpt lat="-34.919589" lon="138.595288">
				 <ele>27.3</ele>
			 </trkpt>
			 <trkpt lat="-34.919589" lon="138.595329">
				 <ele>27.4</ele>
			 </trkpt>
			 <trkpt lat="-34.91959" lon="138.595366">
				 <ele>27.5</ele>
			 </trkpt>
			 <trkpt lat="-34.91959" lon="138.595405">
				 <ele>27.5</ele>
			 </trkpt>
			 <trkpt lat="-34.91959" lon="138.595453">
				 <ele>27.6</ele>
			 </trkpt>
			 <trkpt lat="-34.919588" lon="138.595492">
				 <ele>27.7</ele>
			 </trkpt>
			 <trkpt lat="-34.919586" lon="138.595528">
				 <ele>27.8</ele>
			 </trkpt>
			 <trkpt lat="-34.919584" lon="138.595567">
				 <ele>27.9</ele>
			 </trkpt>
			 <trkpt lat="-34.919582" lon="138.595613">
				 <ele>27.9</ele>
			 </trkpt>
			 <trkpt lat="-34.919577" lon="138.595649">
				 <ele>27.8</ele>
			 </trkpt>
			 <trkpt lat="-34.919573" lon="138.595682">
				 <ele>27.7</ele>
			 </trkpt>
			 <trkpt lat="-34.919569" lon="138.595718">
				 <ele>27.6</ele>
			 </trkpt>
			 <trkpt lat="-34.919564" lon="138.595753">
				 <ele>27.5</ele>
			 </trkpt>
			 <trkpt lat="-34.919559" lon="138.595788">
				 <ele>27.5</ele>
			 </trkpt>
			 <trkpt lat="-34.919552" lon="138.595823">
				 <ele>27.4</ele>
			 </trkpt>
			 <trkpt lat="-34.919545" lon="138.595859">
				 <ele>27.2</ele>
			 </trkpt>
			 <trkpt lat="-34.919538" lon="138.595894">
				 <ele>27</ele>
			 </trkpt>
			 <trkpt lat="-34.919532" lon="138.595929">
				 <ele>26.8</ele>
			 </trkpt>
			 <trkpt lat="-34.919525" lon="138.595963">
				 <ele>26.6</ele>
			 </trkpt>
			 <trkpt lat="-34.919516" lon="138.595998">
				 <ele>26.5</ele>
			 </trkpt>
			 <trkpt lat="-34.919506" lon="138.596033">
				 <ele>26.5</ele>
			 </trkpt>
			 <trkpt lat="-34.919495" lon="138.596067">
				 <ele>26.4</ele>
			 </trkpt>
			 <trkpt lat="-34.919483" lon="138.596104">
				 <ele>26.3</ele>
			 </trkpt>
			 <trkpt lat="-34.919469" lon="138.596149">
				 <ele>26.2</ele>
			 </trkpt>
			 <trkpt lat="-34.919456" lon="138.596199">
				 <ele>26.1</ele>
			 </trkpt>
			 <trkpt lat="-34.919446" lon="138.596233">
				 <ele>26</ele>
			 </trkpt>
			 <trkpt lat="-34.919437" lon="138.596267">
				 <ele>26</ele>
			 </trkpt>
			 <trkpt lat="-34.919427" lon="138.596302">
				 <ele>26</ele>
			 </trkpt>
			 <trkpt lat="-34.919417" lon="138.596337">
				 <ele>25.9</ele>
			 </trkpt>
			 <trkpt lat="-34.919407" lon="138.596374">
				 <ele>25.8</ele>
			 </trkpt>
			 <trkpt lat="-34.919395" lon="138.59642">
				 <ele>25.7</ele>
			 </trkpt>
			 <trkpt lat="-34.919359" lon="138.596493">
				 <ele>25.6</ele>
			 </trkpt>
			 <trkpt lat="-34.919343" lon="138.596524">
				 <ele>25.5</ele>
			 </trkpt>
			 <trkpt lat="-34.919328" lon="138.596555">
				 <ele>25.5</ele>
			 </trkpt>
			 <trkpt lat="-34.919313" lon="138.596585">
				 <ele>25.4</ele>
			 </trkpt>
			 <trkpt lat="-34.919298" lon="138.596617">
				 <ele>25.3</ele>
			 </trkpt>
			 <trkpt lat="-34.919282" lon="138.596648">
				 <ele>25.2</ele>
			 </trkpt>
			 <trkpt lat="-34.919267" lon="138.59668">
				 <ele>25.1</ele>
			 </trkpt>
			 <trkpt lat="-34.91925" lon="138.596714">
				 <ele>25</ele>
			 </trkpt>
			 <trkpt lat="-34.919233" lon="138.596749">
				 <ele>25</ele>
			 </trkpt>
			 <trkpt lat="-34.919212" lon="138.596784">
				 <ele>25</ele>
			 </trkpt>
			 <trkpt lat="-34.919194" lon="138.596813">
				 <ele>25</ele>
			 </trkpt>
			 <trkpt lat="-34.919175" lon="138.596843">
				 <ele>25</ele>
			 </trkpt>
			 <trkpt lat="-34.919156" lon="138.596875">
				 <ele>25</ele>
			 </trkpt>
			 <trkpt lat="-34.919132" lon="138.596914">
				 <ele>25</ele>
			 </trkpt>
			 <trkpt lat="-34.919067" lon="138.597008">
				 <ele>24.9</ele>
			 </trkpt>
			 <trkpt lat="-34.919048" lon="138.597036">
				 <ele>24.8</ele>
			 </trkpt>
			 <trkpt lat="-34.919029" lon="138.597063">
				 <ele>24.7</ele>
			 </trkpt>
			 <trkpt lat="-34.91901" lon="138.597091">
				 <ele>24.5</ele>
			 </trkpt>
			 <trkpt lat="-34.91899" lon="138.597119">
				 <ele>24.4</ele>
			 </trkpt>
			 <trkpt lat="-34.918971" lon="138.597147">
				 <ele>24.2</ele>
			 </trkpt>
			 <trkpt lat="-34.918951" lon="138.597176">
				 <ele>24</ele>
			 </trkpt>
			 <trkpt lat="-34.91893" lon="138.597206">
				 <ele>23.7</ele>
			 </trkpt>
			 <trkpt lat="-34.918907" lon="138.597241">
				 <ele>23.5</ele>
			 </trkpt>
			 <trkpt lat="-34.918886" lon="138.597267">
				 <ele>23.4</ele>
			 </trkpt>
			 <trkpt lat="-34.918864" lon="138.597294">
				 <ele>23.2</ele>
			 </trkpt>
			 <trkpt lat="-34.918843" lon="138.597321">
				 <ele>23.2</ele>
			 </trkpt>
			 <trkpt lat="-34.91882" lon="138.597349">
				 <ele>23.2</ele>
			 </trkpt>
			 <trkpt lat="-34.918808" lon="138.597393">
				 <ele>23.2</ele>
			 </trkpt>
			 <trkpt lat="-34.918806" lon="138.59743">
				 <ele>23.3</ele>
			 </trkpt>
			 <trkpt lat="-34.918817" lon="138.597463">
				 <ele>23.5</ele>
			 </trkpt>
			 <trkpt lat="-34.918834" lon="138.597492">
				 <ele>23.6</ele>
			 </trkpt>
			 <trkpt lat="-34.918853" lon="138.59752">
				 <ele>23.9</ele>
			 </trkpt>
			 <trkpt lat="-34.918872" lon="138.597549">
				 <ele>24.3</ele>
			 </trkpt>
			 <trkpt lat="-34.918891" lon="138.597578">
				 <ele>24.6</ele>
			 </trkpt>
			 <trkpt lat="-34.918911" lon="138.597606">
				 <ele>25</ele>
			 </trkpt>
			 <trkpt lat="-34.918932" lon="138.597637">
				 <ele>25.5</ele>
			 </trkpt>
			 <trkpt lat="-34.918952" lon="138.597666">
				 <ele>25.9</ele>
			 </trkpt>
			 <trkpt lat="-34.918967" lon="138.597699">
				 <ele>26.4</ele>
			 </trkpt>
			 <trkpt lat="-34.91898" lon="138.597732">
				 <ele>26.8</ele>
			 </trkpt>
			 <trkpt lat="-34.918994" lon="138.597768">
				 <ele>27.4</ele>
			 </trkpt>
			 <trkpt lat="-34.919008" lon="138.597806">
				 <ele>27.9</ele>
			 </trkpt>
			 <trkpt lat="-34.91901" lon="138.597842">
				 <ele>28.5</ele>
			 </trkpt>
			 <trkpt lat="-34.919008" lon="138.59788">
				 <ele>28.9</ele>
			 </trkpt>
			 <trkpt lat="-34.919006" lon="138.59792">
				 <ele>29.5</ele>
			 </trkpt>
			 <trkpt lat="-34.919004" lon="138.597956">
				 <ele>29.9</ele>
			 </trkpt>
			 <trkpt lat="-34.918998" lon="138.597992">
				 <ele>30.4</ele>
			 </trkpt>
			 <trkpt lat="-34.918989" lon="138.598026">
				 <ele>30.7</ele>
			 </trkpt>
			 <trkpt lat="-34.918981" lon="138.598061">
				 <ele>31.1</ele>
			 </trkpt>
			 <trkpt lat="-34.918972" lon="138.598096">
				 <ele>31.5</ele>
			 </trkpt>
			 <trkpt lat="-34.918963" lon="138.598132">
				 <ele>32</ele>
			 </trkpt>
			 <trkpt lat="-34.918955" lon="138.598168">
				 <ele>32.4</ele>
			 </trkpt>
			 <trkpt lat="-34.918945" lon="138.598206">
				 <ele>32.6</ele>
			 </trkpt>
			 <trkpt lat="-34.918934" lon="138.598253">
				 <ele>32.9</ele>
			 </trkpt>
			 <trkpt lat="-34.918912" lon="138.598313">
				 <ele>33.3</ele>
			 </trkpt>
			 <trkpt lat="-34.918899" lon="138.598346">
				 <ele>33.5</ele>
			 </trkpt>
			 <trkpt lat="-34.918887" lon="138.598379">
				 <ele>33.8</ele>
			 </trkpt>
			 <trkpt lat="-34.918875" lon="138.598412">
				 <ele>34.1</ele>
			 </trkpt>
			 <trkpt lat="-34.918862" lon="138.598446">
				 <ele>34.5</ele>
			 </trkpt>
			 <trkpt lat="-34.918849" lon="138.598481">
				 <ele>34.7</ele>
			 </trkpt>
			 <trkpt lat="-34.918836" lon="138.598517">
				 <ele>34.9</ele>
			 </trkpt>
			 <trkpt lat="-34.918819" lon="138.598561">
				 <ele>35.1</ele>
			 </trkpt>
			 <trkpt lat="-34.918789" lon="138.598598">
				 <ele>35.3</ele>
			 </trkpt>
			 <trkpt lat="-34.918768" lon="138.598624">
				 <ele>35.5</ele>
			 </trkpt>
			 <trkpt lat="-34.918747" lon="138.59865">
				 <ele>35.6</ele>
			 </trkpt>
			 <trkpt lat="-34.918726" lon="138.598676">
				 <ele>35.7</ele>
			 </trkpt>
			 <trkpt lat="-34.918704" lon="138.598703">
				 <ele>35.8</ele>
			 </trkpt>
			 <trkpt lat="-34.918682" lon="138.59873">
				 <ele>35.9</ele>
			 </trkpt>
			 <trkpt lat="-34.918659" lon="138.598758">
				 <ele>36</ele>
			 </trkpt>
			 <trkpt lat="-34.918637" lon="138.598785">
				 <ele>36</ele>
			 </trkpt>
			 <trkpt lat="-34.918611" lon="138.598805">
				 <ele>35.9</ele>
			 </trkpt>
			 <trkpt lat="-34.918584" lon="138.598822">
				 <ele>35.8</ele>
			 </trkpt>
			 <trkpt lat="-34.918556" lon="138.598839">
				 <ele>35.7</ele>
			 </trkpt>
			 <trkpt lat="-34.918526" lon="138.598857">
				 <ele>35.6</ele>
			 </trkpt>
			 <trkpt lat="-34.91849" lon="138.598879">
				 <ele>35.5</ele>
			 </trkpt>
			 <trkpt lat="-34.918472" lon="138.598914">
				 <ele>35.5</ele>
			 </trkpt>
			 <trkpt lat="-34.918456" lon="138.598946">
				 <ele>35.4</ele>
			 </trkpt>
			 <trkpt lat="-34.918438" lon="138.598981">
				 <ele>35.2</ele>
			 </trkpt>
			 <trkpt lat="-34.918417" lon="138.599023">
				 <ele>35</ele>
			 </trkpt>
			 <trkpt lat="-34.918278" lon="138.599017">
				 <ele>34.8</ele>
			 </trkpt>
			 <trkpt lat="-34.918248" lon="138.599015">
				 <ele>34.6</ele>
			 </trkpt>
			 <trkpt lat="-34.918217" lon="138.599014">
				 <ele>34.5</ele>
			 </trkpt>
			 <trkpt lat="-34.918187" lon="138.599013">
				 <ele>34.4</ele>
			 </trkpt>
			 <trkpt lat="-34.918156" lon="138.599011">
				 <ele>34.2</ele>
			 </trkpt>
			 <trkpt lat="-34.918124" lon="138.59901">
				 <ele>34</ele>
			 </trkpt>
			 <trkpt lat="-34.918092" lon="138.599009">
				 <ele>33.8</ele>
			 </trkpt>
			 <trkpt lat="-34.918059" lon="138.599007">
				 <ele>33.6</ele>
			 </trkpt>
			 <trkpt lat="-34.918018" lon="138.599005">
				 <ele>33.4</ele>
			 </trkpt>
			 <trkpt lat="-34.917756" lon="138.598986">
				 <ele>33.2</ele>
			 </trkpt>
			 <trkpt lat="-34.917725" lon="138.598983">
				 <ele>33</ele>
			 </trkpt>
			 <trkpt lat="-34.917695" lon="138.598981">
				 <ele>32.8</ele>
			 </trkpt>
			 <trkpt lat="-34.917665" lon="138.598979">
				 <ele>32.6</ele>
			 </trkpt>
			 <trkpt lat="-34.917634" lon="138.598977">
				 <ele>32.4</ele>
			 </trkpt>
			 <trkpt lat="-34.917603" lon="138.598974">
				 <ele>32.2</ele>
			 </trkpt>
			 <trkpt lat="-34.917571" lon="138.598972">
				 <ele>32</ele>
			 </trkpt>
			 <trkpt lat="-34.917538" lon="138.598969">
				 <ele>31.8</ele>
			 </trkpt>
			 <trkpt lat="-34.917497" lon="138.598967">
				 <ele>31.6</ele>
			 </trkpt>
			 <trkpt lat="-34.917328" lon="138.598944">
				 <ele>31.5</ele>
			 </trkpt>
			 <trkpt lat="-34.917297" lon="138.59894">
				 <ele>31.4</ele>
			 </trkpt>
			 <trkpt lat="-34.917267" lon="138.598936">
				 <ele>31.3</ele>
			 </trkpt>
			 <trkpt lat="-34.917237" lon="138.598932">
				 <ele>31.1</ele>
			 </trkpt>
			 <trkpt lat="-34.917205" lon="138.598928">
				 <ele>30.9</ele>
			 </trkpt>
			 <trkpt lat="-34.917174" lon="138.598924">
				 <ele>30.7</ele>
			 </trkpt>
			 <trkpt lat="-34.917143" lon="138.59892">
				 <ele>30.6</ele>
			 </trkpt>
			 <trkpt lat="-34.917109" lon="138.598915">
				 <ele>30.5</ele>
			 </trkpt>
			 <trkpt lat="-34.917069" lon="138.59891">
				 <ele>30.5</ele>
			 </trkpt>
			 <trkpt lat="-34.9169" lon="138.598883">
				 <ele>30.4</ele>
			 </trkpt>
			 <trkpt lat="-34.91687" lon="138.598878">
				 <ele>30.3</ele>
			 </trkpt>
			 <trkpt lat="-34.91684" lon="138.598873">
				 <ele>30.2</ele>
			 </trkpt>
			 <trkpt lat="-34.916809" lon="138.598868">
				 <ele>30.1</ele>
			 </trkpt>
			 <trkpt lat="-34.916778" lon="138.598864">
				 <ele>30</ele>
			 </trkpt>
			 <trkpt lat="-34.916746" lon="138.598858">
				 <ele>30</ele>
			 </trkpt>
			 <trkpt lat="-34.916715" lon="138.598853">
				 <ele>30</ele>
			 </trkpt>
			 <trkpt lat="-34.916682" lon="138.598848">
				 <ele>30</ele>
			 </trkpt>
			 <trkpt lat="-34.916641" lon="138.598842">
				 <ele>30</ele>
			 </trkpt>
			 <trkpt lat="-34.916463" lon="138.598818">
				 <ele>30</ele>
			 </trkpt>
			 <trkpt lat="-34.916433" lon="138.598814">
				 <ele>30</ele>
			 </trkpt>
			 <trkpt lat="-34.916402" lon="138.59881">
				 <ele>30</ele>
			 </trkpt>
			 <trkpt lat="-34.916372" lon="138.598806">
				 <ele>30</ele>
			 </trkpt>
			 <trkpt lat="-34.91634" lon="138.598802">
				 <ele>30</ele>
			 </trkpt>
			 <trkpt lat="-34.916308" lon="138.598798">
				 <ele>30</ele>
			 </trkpt>
			 <trkpt lat="-34.916277" lon="138.598794">
				 <ele>30</ele>
			 </trkpt>
			 <trkpt lat="-34.916244" lon="138.598789">
				 <ele>30</ele>
			 </trkpt>
			 <trkpt lat="-34.91621" lon="138.598785">
				 <ele>30.1</ele>
			 </trkpt>
			 <trkpt lat="-34.91618" lon="138.59878">
				 <ele>30.2</ele>
			 </trkpt>
			 <trkpt lat="-34.91615" lon="138.598775">
				 <ele>30.4</ele>
			 </trkpt>
			 <trkpt lat="-34.91612" lon="138.59877">
				 <ele>30.5</ele>
			 </trkpt>
			 <trkpt lat="-34.916089" lon="138.598765">
				 <ele>30.8</ele>
			 </trkpt>
			 <trkpt lat="-34.91606" lon="138.59876">
				 <ele>31.1</ele>
			 </trkpt>
			 <trkpt lat="-34.916032" lon="138.598756">
				 <ele>31.4</ele>
			 </trkpt>
			 <trkpt lat="-34.916" lon="138.598751">
				 <ele>31.7</ele>
			 </trkpt>
			 <trkpt lat="-34.915976" lon="138.598727">
				 <ele>32.1</ele>
			 </trkpt>
			 <trkpt lat="-34.915958" lon="138.598698">
				 <ele>32.5</ele>
			 </trkpt>
			 <trkpt lat="-34.915947" lon="138.598662">
				 <ele>32.8</ele>
			 </trkpt>
			 <trkpt lat="-34.915951" lon="138.598624">
				 <ele>33.1</ele>
			 </trkpt>
			 <trkpt lat="-34.915958" lon="138.598585">
				 <ele>33.4</ele>
			 </trkpt>
			 <trkpt lat="-34.91597" lon="138.598537">
				 <ele>33.5</ele>
			 </trkpt>
			 <trkpt lat="-34.915996" lon="138.598491">
				 <ele>33.7</ele>
			 </trkpt>
			 <trkpt lat="-34.916014" lon="138.59846">
				 <ele>33.9</ele>
			 </trkpt>
			 <trkpt lat="-34.916031" lon="138.59843">
				 <ele>34.1</ele>
			 </trkpt>
			 <trkpt lat="-34.916049" lon="138.598399">
				 <ele>34.3</ele>
			 </trkpt>
			 <trkpt lat="-34.916067" lon="138.598368">
				 <ele>34.4</ele>
			 </trkpt>
			 <trkpt lat="-34.916085" lon="138.598336">
				 <ele>34.5</ele>
			 </trkpt>
			 <trkpt lat="-34.916104" lon="138.598303">
				 <ele>34.5</ele>
			 </trkpt>
			 <trkpt lat="-34.916127" lon="138.598262">
				 <ele>34.6</ele>
			 </trkpt>
			 <trkpt lat="-34.916153" lon="138.598221">
				 <ele>34.7</ele>
			 </trkpt>
			 <trkpt lat="-34.916172" lon="138.598192">
				 <ele>34.8</ele>
			 </trkpt>
			 <trkpt lat="-34.916191" lon="138.598162">
				 <ele>34.9</ele>
			 </trkpt>
			 <trkpt lat="-34.91621" lon="138.598132">
				 <ele>35</ele>
			 </trkpt>
			 <trkpt lat="-34.91623" lon="138.598101">
				 <ele>35</ele>
			 </trkpt>
			 <trkpt lat="-34.91625" lon="138.598069">
				 <ele>35</ele>
			 </trkpt>
			 <trkpt lat="-34.91627" lon="138.598038">
				 <ele>35</ele>
			 </trkpt>
			 <trkpt lat="-34.916289" lon="138.598008">
				 <ele>34.9</ele>
			 </trkpt>
			 <trkpt lat="-34.916307" lon="138.597978">
				 <ele>34.8</ele>
			 </trkpt>
			 <trkpt lat="-34.916325" lon="138.597948">
				 <ele>34.7</ele>
			 </trkpt>
			 <trkpt lat="-34.916341" lon="138.597921">
				 <ele>34.6</ele>
			 </trkpt>
			 <trkpt lat="-34.91636" lon="138.597889">
				 <ele>34.5</ele>
			 </trkpt>
			 <trkpt lat="-34.916387" lon="138.597862">
				 <ele>34.5</ele>
			 </trkpt>
			 <trkpt lat="-34.916413" lon="138.597836">
				 <ele>34.4</ele>
			 </trkpt>
			 <trkpt lat="-34.916445" lon="138.597805">
				 <ele>34.3</ele>
			 </trkpt>
			 <trkpt lat="-34.916593" lon="138.597666">
				 <ele>34.1</ele>
			 </trkpt>
			 <trkpt lat="-34.916617" lon="138.597643">
				 <ele>33.9</ele>
			 </trkpt>
			 <trkpt lat="-34.916642" lon="138.59762">
				 <ele>33.7</ele>
			 </trkpt>
			 <trkpt lat="-34.916666" lon="138.597597">
				 <ele>33.6</ele>
			 </trkpt>
			 <trkpt lat="-34.916691" lon="138.597574">
				 <ele>33.5</ele>
			 </trkpt>
			 <trkpt lat="-34.916716" lon="138.59755">
				 <ele>33.5</ele>
			 </trkpt>
			 <trkpt lat="-34.916741" lon="138.597526">
				 <ele>33.4</ele>
			 </trkpt>
			 <trkpt lat="-34.916768" lon="138.597501">
				 <ele>33.2</ele>
			 </trkpt>
			 <trkpt lat="-34.916801" lon="138.597471">
				 <ele>33</ele>
			 </trkpt>
			 <trkpt lat="-34.91693" lon="138.59735">
				 <ele>32.8</ele>
			 </trkpt>
			 <trkpt lat="-34.916954" lon="138.597327">
				 <ele>32.6</ele>
			 </trkpt>
			 <trkpt lat="-34.916979" lon="138.597304">
				 <ele>32.5</ele>
			 </trkpt>
			 <trkpt lat="-34.917003" lon="138.597282">
				 <ele>32.5</ele>
			 </trkpt>
			 <trkpt lat="-34.917028" lon="138.597258">
				 <ele>32.4</ele>
			 </trkpt>
			 <trkpt lat="-34.917051" lon="138.597237">
				 <ele>32.3</ele>
			 </trkpt>
			 <trkpt lat="-34.917079" lon="138.597211">
				 <ele>32.2</ele>
			 </trkpt>
			 <trkpt lat="-34.917105" lon="138.597186">
				 <ele>32</ele>
			 </trkpt>
			 <trkpt lat="-34.917138" lon="138.597155">
				 <ele>31.8</ele>
			 </trkpt>
			 <trkpt lat="-34.917333" lon="138.596986">
				 <ele>31.7</ele>
			 </trkpt>
			 <trkpt lat="-34.917359" lon="138.596965">
				 <ele>31.6</ele>
			 </trkpt>
			 <trkpt lat="-34.917384" lon="138.596943">
				 <ele>31.5</ele>
			 </trkpt>
			 <trkpt lat="-34.917409" lon="138.596921">
				 <ele>31.5</ele>
			 </trkpt>
			 <trkpt lat="-34.917435" lon="138.596899">
				 <ele>31.3</ele>
			 </trkpt>
			 <trkpt lat="-34.917461" lon="138.596877">
				 <ele>31.1</ele>
			 </trkpt>
			 <trkpt lat="-34.917487" lon="138.596854">
				 <ele>30.9</ele>
			 </trkpt>
			 <trkpt lat="-34.917514" lon="138.59683">
				 <ele>30.7</ele>
			 </trkpt>
			 <trkpt lat="-34.917548" lon="138.596801">
				 <ele>30.5</ele>
			 </trkpt>
			 <trkpt lat="-34.91758" lon="138.596775">
				 <ele>30.4</ele>
			 </trkpt>
			 <trkpt lat="-34.917607" lon="138.596754">
				 <ele>30.2</ele>
			 </trkpt>
			 <trkpt lat="-34.917634" lon="138.596733">
				 <ele>30</ele>
			 </trkpt>
			 <trkpt lat="-34.917662" lon="138.59671">
				 <ele>29.8</ele>
			 </trkpt>
			 <trkpt lat="-34.917694" lon="138.596684">
				 <ele>29.6</ele>
			 </trkpt>
			 <trkpt lat="-34.917716" lon="138.596657">
				 <ele>29.5</ele>
			 </trkpt>
			 <trkpt lat="-34.917737" lon="138.596628">
				 <ele>29.4</ele>
			 </trkpt>
			 <trkpt lat="-34.91776" lon="138.596597">
				 <ele>29.3</ele>
			 </trkpt>
			 <trkpt lat="-34.917788" lon="138.59656">
				 <ele>29.2</ele>
			 </trkpt>
			 <trkpt lat="-34.917804" lon="138.596532">
				 <ele>29.1</ele>
			 </trkpt>
			 <trkpt lat="-34.917822" lon="138.596501">
				 <ele>29</ele>
			 </trkpt>
			 <trkpt lat="-34.91784" lon="138.596471">
				 <ele>29</ele>
			 </trkpt>
			 <trkpt lat="-34.917858" lon="138.596441">
				 <ele>29.1</ele>
			 </trkpt>
			 <trkpt lat="-34.917875" lon="138.596409">
				 <ele>29.2</ele>
			 </trkpt>
			 <trkpt lat="-34.917889" lon="138.596374">
				 <ele>29.3</ele>
			 </trkpt>
			 <trkpt lat="-34.917904" lon="138.59634">
				 <ele>29.4</ele>
			 </trkpt>
			 <trkpt lat="-34.917919" lon="138.596303">
				 <ele>29.5</ele>
			 </trkpt>
			 <trkpt lat="-34.917933" lon="138.59627">
				 <ele>29.6</ele>
			 </trkpt>
			 <trkpt lat="-34.917943" lon="138.596234">
				 <ele>29.8</ele>
			 </trkpt>
			 <trkpt lat="-34.917951" lon="138.596197">
				 <ele>30</ele>
			 </trkpt>
			 <trkpt lat="-34.917959" lon="138.596159">
				 <ele>30.2</ele>
			 </trkpt>
			 <trkpt lat="-34.917968" lon="138.596119">
				 <ele>30.4</ele>
			 </trkpt>
			 <trkpt lat="-34.917976" lon="138.596079">
				 <ele>30.6</ele>
			 </trkpt>
			 <trkpt lat="-34.91798" lon="138.596041">
				 <ele>30.8</ele>
			 </trkpt>
			 <trkpt lat="-34.917983" lon="138.596003">
				 <ele>31</ele>
			 </trkpt>
			 <trkpt lat="-34.917986" lon="138.595964">
				 <ele>31.2</ele>
			 </trkpt>
			 <trkpt lat="-34.917989" lon="138.595923">
				 <ele>31.5</ele>
			 </trkpt>
			 <trkpt lat="-34.917993" lon="138.595881">
				 <ele>31.7</ele>
			 </trkpt>
			 <trkpt lat="-34.917989" lon="138.595843">
				 <ele>31.9</ele>
			 </trkpt>
			 <trkpt lat="-34.917984" lon="138.595805">
				 <ele>32.1</ele>
			 </trkpt>
			 <trkpt lat="-34.917978" lon="138.595766">
				 <ele>32.3</ele>
			 </trkpt>
			 <trkpt lat="-34.917973" lon="138.595726">
				 <ele>32.5</ele>
			 </trkpt>
			 <trkpt lat="-34.917967" lon="138.595687">
				 <ele>32.6</ele>
			 </trkpt>
			 <trkpt lat="-34.91796" lon="138.595649">
				 <ele>32.7</ele>
			 </trkpt>
			 <trkpt lat="-34.917952" lon="138.595609">
				 <ele>32.8</ele>
			 </trkpt>
			 <trkpt lat="-34.917945" lon="138.595569">
				 <ele>32.9</ele>
			 </trkpt>
			 <trkpt lat="-34.917934" lon="138.595534">
				 <ele>33</ele>
			 </trkpt>
			 <trkpt lat="-34.917923" lon="138.595499">
				 <ele>33</ele>
			 </trkpt>
			 <trkpt lat="-34.917911" lon="138.595462">
				 <ele>33</ele>
			 </trkpt>
			 <trkpt lat="-34.917899" lon="138.595426">
				 <ele>33</ele>
			 </trkpt>
			 <trkpt lat="-34.917887" lon="138.595388">
				 <ele>33</ele>
			 </trkpt>
			 <trkpt lat="-34.917871" lon="138.595341">
				 <ele>33</ele>
			 </trkpt>
			 <trkpt lat="-34.917859" lon="138.595296">
				 <ele>32.9</ele>
			 </trkpt>
			 <trkpt lat="-34.91785" lon="138.595261">
				 <ele>32.8</ele>
			 </trkpt>
			 <trkpt lat="-34.91784" lon="138.595224">
				 <ele>32.7</ele>
			 </trkpt>
			 <trkpt lat="-34.91783" lon="138.595187">
				 <ele>32.6</ele>
			 </trkpt>
			 <trkpt lat="-34.91782" lon="138.59515">
				 <ele>32.5</ele>
			 </trkpt>
			 <trkpt lat="-34.917809" lon="138.595111">
				 <ele>32.5</ele>
			 </trkpt>
			 <trkpt lat="-34.917791" lon="138.595055">
				 <ele>32.4</ele>
			 </trkpt>
			 <trkpt lat="-34.91778" lon="138.595019">
				 <ele>32.2</ele>
			 </trkpt>
			 <trkpt lat="-34.917768" lon="138.594982">
				 <ele>32</ele>
			 </trkpt>
			 <trkpt lat="-34.917756" lon="138.594944">
				 <ele>31.8</ele>
			 </trkpt>
			 <trkpt lat="-34.917702" lon="138.594745">
				 <ele>31.6</ele>
			 </trkpt>
			 <trkpt lat="-34.917693" lon="138.594709">
				 <ele>31.5</ele>
			 </trkpt>
			 <trkpt lat="-34.917683" lon="138.594674">
				 <ele>31.3</ele>
			 </trkpt>
			 <trkpt lat="-34.917674" lon="138.594639">
				 <ele>31.1</ele>
			 </trkpt>
			 <trkpt lat="-34.917664" lon="138.594603">
				 <ele>30.9</ele>
			 </trkpt>
			 <trkpt lat="-34.917654" lon="138.594566">
				 <ele>30.7</ele>
			 </trkpt>
			 <trkpt lat="-34.917644" lon="138.594529">
				 <ele>30.5</ele>
			 </trkpt>
			 <trkpt lat="-34.917634" lon="138.594494">
				 <ele>30.2</ele>
			 </trkpt>
			 <trkpt lat="-34.917625" lon="138.594458">
				 <ele>30</ele>
			 </trkpt>
			 <trkpt lat="-34.917616" lon="138.594422">
				 <ele>29.7</ele>
			 </trkpt>
			 <trkpt lat="-34.917606" lon="138.594386">
				 <ele>29.5</ele>
			 </trkpt>
			 <trkpt lat="-34.917597" lon="138.59435">
				 <ele>29.1</ele>
			 </trkpt>
			 <trkpt lat="-34.917589" lon="138.594319">
				 <ele>28.8</ele>
			 </trkpt>
			 <trkpt lat="-34.917579" lon="138.594283">
				 <ele>28.5</ele>
			 </trkpt>
			 <trkpt lat="-34.91757" lon="138.594248">
				 <ele>28.2</ele>
			 </trkpt>
			 <trkpt lat="-34.917563" lon="138.59421">
				 <ele>27.8</ele>
			 </trkpt>
			 <trkpt lat="-34.917557" lon="138.594172">
				 <ele>27.5</ele>
			 </trkpt>
			 <trkpt lat="-34.917551" lon="138.594133">
				 <ele>27.2</ele>
			 </trkpt>
			 <trkpt lat="-34.917544" lon="138.594092">
				 <ele>26.8</ele>
			 </trkpt>
			 <trkpt lat="-34.917541" lon="138.594039">
				 <ele>26.5</ele>
			 </trkpt>
			 <trkpt lat="-34.917539" lon="138.594">
				 <ele>26.2</ele>
			 </trkpt>
			 <trkpt lat="-34.917536" lon="138.593958">
				 <ele>25.9</ele>
			 </trkpt>
			 <trkpt lat="-34.917539" lon="138.593901">
				 <ele>25.7</ele>
			 </trkpt>
			 <trkpt lat="-34.91754" lon="138.593862">
				 <ele>25.5</ele>
			 </trkpt>
			 <trkpt lat="-34.917542" lon="138.593823">
				 <ele>25.4</ele>
			 </trkpt>
			 <trkpt lat="-34.917543" lon="138.593784">
				 <ele>25.3</ele>
			 </trkpt>
			 <trkpt lat="-34.917545" lon="138.593742">
				 <ele>25.2</ele>
			 </trkpt>
			 <trkpt lat="-34.917557" lon="138.593611">
				 <ele>25.1</ele>
			 </trkpt>
			 <trkpt lat="-34.917561" lon="138.593574">
				 <ele>25</ele>
			 </trkpt>
			 <trkpt lat="-34.917564" lon="138.593536">
				 <ele>25</ele>
			 </trkpt>
			 <trkpt lat="-34.917568" lon="138.593499">
				 <ele>25</ele>
			 </trkpt>
			 <trkpt lat="-34.917571" lon="138.593461">
				 <ele>25</ele>
			 </trkpt>
			 <trkpt lat="-34.917575" lon="138.593422">
				 <ele>25</ele>
			 </trkpt>
			 <trkpt lat="-34.917579" lon="138.593384">
				 <ele>25</ele>
			 </trkpt>
			 <trkpt lat="-34.917583" lon="138.593343">
				 <ele>25</ele>
			 </trkpt>
			 <trkpt lat="-34.917609" lon="138.593044">
				 <ele>25</ele>
			 </trkpt>
			 <trkpt lat="-34.917612" lon="138.593007">
				 <ele>25</ele>
			 </trkpt>
			 <trkpt lat="-34.917616" lon="138.59297">
				 <ele>25</ele>
			 </trkpt>
			 <trkpt lat="-34.917619" lon="138.592933">
				 <ele>25</ele>
			 </trkpt>
			 <trkpt lat="-34.917622" lon="138.592894">
				 <ele>25</ele>
			 </trkpt>
			 <trkpt lat="-34.917626" lon="138.592855">
				 <ele>25</ele>
			 </trkpt>
			 <trkpt lat="-34.917629" lon="138.592816">
				 <ele>25</ele>
			 </trkpt>
			 <trkpt lat="-34.917633" lon="138.592774">
				 <ele>25</ele>
			 </trkpt>
			 <trkpt lat="-34.917644" lon="138.592661">
				 <ele>25</ele>
			 </trkpt>
			 <trkpt lat="-34.917647" lon="138.592623">
				 <ele>25.1</ele>
			 </trkpt>
			 <trkpt lat="-34.917651" lon="138.592585">
				 <ele>25.2</ele>
			 </trkpt>
			 <trkpt lat="-34.917654" lon="138.592548">
				 <ele>25.3</ele>
			 </trkpt>
			 <trkpt lat="-34.917658" lon="138.59251">
				 <ele>25.4</ele>
			 </trkpt>
			 <trkpt lat="-34.917662" lon="138.592471">
				 <ele>25.5</ele>
			 </trkpt>
			 <trkpt lat="-34.917665" lon="138.592432">
				 <ele>25.6</ele>
			 </trkpt>
			 <trkpt lat="-34.917669" lon="138.592394">
				 <ele>25.8</ele>
			 </trkpt>
			 <trkpt lat="-34.917687" lon="138.592199">
				 <ele>26</ele>
			 </trkpt>
			 <trkpt lat="-34.917691" lon="138.592161">
				 <ele>26.2</ele>
			 </trkpt>
			 <trkpt lat="-34.917695" lon="138.592124">
				 <ele>26.4</ele>
			 </trkpt>
			 <trkpt lat="-34.917698" lon="138.592086">
				 <ele>26.6</ele>
			 </trkpt>
			 <trkpt lat="-34.917702" lon="138.592048">
				 <ele>26.8</ele>
			 </trkpt>
			 <trkpt lat="-34.917706" lon="138.59201">
				 <ele>27</ele>
			 </trkpt>
			 <trkpt lat="-34.917709" lon="138.59197">
				 <ele>27.2</ele>
			 </trkpt>
			 <trkpt lat="-34.917713" lon="138.591936">
				 <ele>27.4</ele>
			 </trkpt>
			 <trkpt lat="-34.917712" lon="138.591898">
				 <ele>27.5</ele>
			 </trkpt>
			 <trkpt lat="-34.91771" lon="138.59186">
				 <ele>27.6</ele>
			 </trkpt>
			 <trkpt lat="-34.917708" lon="138.591822">
				 <ele>27.7</ele>
			 </trkpt>
			 <trkpt lat="-34.917706" lon="138.591783">
				 <ele>27.9</ele>
			 </trkpt>
			 <trkpt lat="-34.917704" lon="138.591744">
				 <ele>28.1</ele>
			 </trkpt>
			 <trkpt lat="-34.917702" lon="138.591705">
				 <ele>28.3</ele>
			 </trkpt>
			 <trkpt lat="-34.9177" lon="138.591663">
				 <ele>28.4</ele>
			 </trkpt>
			 <trkpt lat="-34.917688" lon="138.591603">
				 <ele>28.5</ele>
			 </trkpt>
			 <trkpt lat="-34.91768" lon="138.591565">
				 <ele>28.5</ele>
			 </trkpt>
			 <trkpt lat="-34.917673" lon="138.591528">
				 <ele>28.6</ele>
			 </trkpt>
			 <trkpt lat="-34.917665" lon="138.591492">
				 <ele>28.7</ele>
			 </trkpt>
			 <trkpt lat="-34.917658" lon="138.591454">
				 <ele>28.8</ele>
			 </trkpt>
			 <trkpt lat="-34.91765" lon="138.591416">
				 <ele>28.9</ele>
			 </trkpt>
			 <trkpt lat="-34.917642" lon="138.591378">
				 <ele>29</ele>
			 </trkpt>
			 <trkpt lat="-34.917635" lon="138.59134">
				 <ele>29</ele>
			 </trkpt>
			 <trkpt lat="-34.917622" lon="138.591304">
				 <ele>29</ele>
			 </trkpt>
			 <trkpt lat="-34.91761" lon="138.591269">
				 <ele>29</ele>
			 </trkpt>
			 <trkpt lat="-34.917597" lon="138.591234">
				 <ele>29</ele>
			 </trkpt>
			 <trkpt lat="-34.917584" lon="138.591199">
				 <ele>29</ele>
			 </trkpt>
			 <trkpt lat="-34.917571" lon="138.591162">
				 <ele>29</ele>
			 </trkpt>
			 <trkpt lat="-34.917558" lon="138.591126">
				 <ele>29</ele>
			 </trkpt>
			 <trkpt lat="-34.917544" lon="138.591088">
				 <ele>29</ele>
			 </trkpt>
			 <trkpt lat="-34.917495" lon="138.590974">
				 <ele>29</ele>
			 </trkpt>
			 <trkpt lat="-34.91748" lon="138.59094">
				 <ele>29</ele>
			 </trkpt>
			 <trkpt lat="-34.917465" lon="138.590906">
				 <ele>29</ele>
			 </trkpt>
			 <trkpt lat="-34.917451" lon="138.590873">
				 <ele>29</ele>
			 </trkpt>
			 <trkpt lat="-34.917436" lon="138.590838">
				 <ele>28.9</ele>
			 </trkpt>
			 <trkpt lat="-34.91742" lon="138.590803">
				 <ele>28.8</ele>
			 </trkpt>
			 <trkpt lat="-34.917405" lon="138.590768">
				 <ele>28.7</ele>
			 </trkpt>
			 <trkpt lat="-34.917389" lon="138.590731">
				 <ele>28.6</ele>
			 </trkpt>
			 <trkpt lat="-34.917234" lon="138.590398">
				 <ele>28.5</ele>
			 </trkpt>
			 <trkpt lat="-34.917085" lon="138.590078">
				 <ele>28.5</ele>
			 </trkpt>
			 <trkpt lat="-34.917069" lon="138.590044">
				 <ele>28.4</ele>
			 </trkpt>
			 <trkpt lat="-34.917053" lon="138.590011">
				 <ele>28.3</ele>
			 </trkpt>
			 <trkpt lat="-34.917038" lon="138.589978">
				 <ele>28.2</ele>
			 </trkpt>
			 <trkpt lat="-34.917022" lon="138.589944">
				 <ele>28.1</ele>
			 </trkpt>
			 <trkpt lat="-34.917006" lon="138.58991">
				 <ele>28</ele>
			 </trkpt>
			 <trkpt lat="-34.91699" lon="138.589875">
				 <ele>28</ele>
			 </trkpt>
			 <trkpt lat="-34.916973" lon="138.589838">
				 <ele>27.9</ele>
			 </trkpt>
			 <trkpt lat="-34.916806" lon="138.589513">
				 <ele>27.8</ele>
			 </trkpt>
			 <trkpt lat="-34.91677" lon="138.589442">
				 <ele>27.7</ele>
			 </trkpt>
			 <trkpt lat="-34.916754" lon="138.58941">
				 <ele>27.6</ele>
			 </trkpt>
			 <trkpt lat="-34.916737" lon="138.589377">
				 <ele>27.5</ele>
			 </trkpt>
			 <trkpt lat="-34.91672" lon="138.589345">
				 <ele>27.5</ele>
			 </trkpt>
			 <trkpt lat="-34.916703" lon="138.589311">
				 <ele>27.4</ele>
			 </trkpt>
			 <trkpt lat="-34.916686" lon="138.589278">
				 <ele>27.3</ele>
			 </trkpt>
			 <trkpt lat="-34.916669" lon="138.589244">
				 <ele>27.2</ele>
			 </trkpt>
			 <trkpt lat="-34.916651" lon="138.589208">
				 <ele>27.1</ele>
			 </trkpt>
			 <trkpt lat="-34.916474" lon="138.588891">
				 <ele>27</ele>
			 </trkpt>
			 <trkpt lat="-34.916297" lon="138.588573">
				 <ele>27</ele>
			 </trkpt>
			 <trkpt lat="-34.916272" lon="138.588527">
				 <ele>27</ele>
			 </trkpt>
			 <trkpt lat="-34.916254" lon="138.588495">
				 <ele>27</ele>
			 </trkpt>
			 <trkpt lat="-34.916236" lon="138.588463">
				 <ele>27</ele>
			 </trkpt>
			 <trkpt lat="-34.916218" lon="138.588431">
				 <ele>27</ele>
			 </trkpt>
			 <trkpt lat="-34.9162" lon="138.588399">
				 <ele>26.9</ele>
			 </trkpt>
			 <trkpt lat="-34.916182" lon="138.588366">
				 <ele>26.8</ele>
			 </trkpt>
			 <trkpt lat="-34.916164" lon="138.588333">
				 <ele>26.7</ele>
			 </trkpt>
			 <trkpt lat="-34.916144" lon="138.588298">
				 <ele>26.6</ele>
			 </trkpt>
			 <trkpt lat="-34.91596" lon="138.588003">
				 <ele>26.5</ele>
			 </trkpt>
			 <trkpt lat="-34.915941" lon="138.587972">
				 <ele>26.5</ele>
			 </trkpt>
			 <trkpt lat="-34.915922" lon="138.587941">
				 <ele>26.4</ele>
			 </trkpt>
			 <trkpt lat="-34.915903" lon="138.58791">
				 <ele>26.3</ele>
			 </trkpt>
			 <trkpt lat="-34.915883" lon="138.587879">
				 <ele>26.2</ele>
			 </trkpt>
			 <trkpt lat="-34.915863" lon="138.587847">
				 <ele>26.1</ele>
			 </trkpt>
			 <trkpt lat="-34.915843" lon="138.587815">
				 <ele>26</ele>
			 </trkpt>
			 <trkpt lat="-34.915822" lon="138.587781">
				 <ele>26</ele>
			 </trkpt>
			 <trkpt lat="-34.915632" lon="138.587475">
				 <ele>26</ele>
			 </trkpt>
			 <trkpt lat="-34.915578" lon="138.587388">
				 <ele>26</ele>
			 </trkpt>
			 <trkpt lat="-34.915559" lon="138.587357">
				 <ele>26</ele>
			 </trkpt>
			 <trkpt lat="-34.91554" lon="138.587326">
				 <ele>26</ele>
			 </trkpt>
			 <trkpt lat="-34.915521" lon="138.587295">
				 <ele>26.1</ele>
			 </trkpt>
			 <trkpt lat="-34.915501" lon="138.587264">
				 <ele>26.2</ele>
			 </trkpt>
			 <trkpt lat="-34.915482" lon="138.587232">
				 <ele>26.3</ele>
			 </trkpt>
			 <trkpt lat="-34.915462" lon="138.5872">
				 <ele>26.4</ele>
			 </trkpt>
			 <trkpt lat="-34.915443" lon="138.587169">
				 <ele>26.5</ele>
			 </trkpt>
			 <trkpt lat="-34.915249" lon="138.586862">
				 <ele>26.5</ele>
			 </trkpt>
			 <trkpt lat="-34.91511" lon="138.586641">
				 <ele>26.6</ele>
			 </trkpt>
			 <trkpt lat="-34.91509" lon="138.58661">
				 <ele>26.8</ele>
			 </trkpt>
			 <trkpt lat="-34.915071" lon="138.58658">
				 <ele>27</ele>
			 </trkpt>
			 <trkpt lat="-34.915052" lon="138.586549">
				 <ele>27.2</ele>
			 </trkpt>
			 <trkpt lat="-34.915032" lon="138.586518">
				 <ele>27.4</ele>
			 </trkpt>
			 <trkpt lat="-34.915012" lon="138.586486">
				 <ele>27.5</ele>
			 </trkpt>
			 <trkpt lat="-34.914992" lon="138.586455">
				 <ele>27.5</ele>
			 </trkpt>
			 <trkpt lat="-34.91497" lon="138.586421">
				 <ele>27.6</ele>
			 </trkpt>
			 <trkpt lat="-34.91478" lon="138.586115">
				 <ele>27.7</ele>
			 </trkpt>
			 <trkpt lat="-34.914754" lon="138.586073">
				 <ele>27.9</ele>
			 </trkpt>
			 <trkpt lat="-34.914734" lon="138.586042">
				 <ele>28.1</ele>
			 </trkpt>
			 <trkpt lat="-34.914715" lon="138.586011">
				 <ele>28.3</ele>
			 </trkpt>
			 <trkpt lat="-34.914696" lon="138.58598">
				 <ele>28.4</ele>
			 </trkpt>
			 <trkpt lat="-34.914676" lon="138.585949">
				 <ele>28.5</ele>
			 </trkpt>
			 <trkpt lat="-34.914657" lon="138.585917">
				 <ele>28.6</ele>
			 </trkpt>
			 <trkpt lat="-34.914637" lon="138.585885">
				 <ele>28.8</ele>
			 </trkpt>
			 <trkpt lat="-34.914615" lon="138.585851">
				 <ele>29</ele>
			 </trkpt>
			 <trkpt lat="-34.914425" lon="138.585545">
				 <ele>29.2</ele>
			 </trkpt>
			 <trkpt lat="-34.914346" lon="138.585418">
				 <ele>29.4</ele>
			 </trkpt>
			 <trkpt lat="-34.914326" lon="138.585386">
				 <ele>29.6</ele>
			 </trkpt>
			 <trkpt lat="-34.914307" lon="138.585355">
				 <ele>29.8</ele>
			 </trkpt>
			 <trkpt lat="-34.914288" lon="138.585325">
				 <ele>30</ele>
			 </trkpt>
			 <trkpt lat="-34.914269" lon="138.585293">
				 <ele>30.3</ele>
			 </trkpt>
			 <trkpt lat="-34.914249" lon="138.585261">
				 <ele>30.5</ele>
			 </trkpt>
			 <trkpt lat="-34.914229" lon="138.585229">
				 <ele>30.8</ele>
			 </trkpt>
			 <trkpt lat="-34.914209" lon="138.585197">
				 <ele>31</ele>
			 </trkpt>
			 <trkpt lat="-34.914189" lon="138.585167">
				 <ele>31.2</ele>
			 </trkpt>
			 <trkpt lat="-34.914169" lon="138.585136">
				 <ele>31.5</ele>
			 </trkpt>
			 <trkpt lat="-34.914149" lon="138.585106">
				 <ele>31.7</ele>
			 </trkpt>
			 <trkpt lat="-34.914129" lon="138.585075">
				 <ele>32</ele>
			 </trkpt>
			 <trkpt lat="-34.914108" lon="138.585044">
				 <ele>32.2</ele>
			 </trkpt>
			 <trkpt lat="-34.914088" lon="138.585013">
				 <ele>32.4</ele>
			 </trkpt>
			 <trkpt lat="-34.914066" lon="138.584979">
				 <ele>32.5</ele>
			 </trkpt>
			 <trkpt lat="-34.91386" lon="138.584689">
				 <ele>32.6</ele>
			 </trkpt>
			 <trkpt lat="-34.913655" lon="138.584398">
				 <ele>32.8</ele>
			 </trkpt>
			 <trkpt lat="-34.913607" lon="138.584331">
				 <ele>33</ele>
			 </trkpt>
			 <trkpt lat="-34.913586" lon="138.584301">
				 <ele>33.2</ele>
			 </trkpt>
			 <trkpt lat="-34.913565" lon="138.584272">
				 <ele>33.4</ele>
			 </trkpt>
			 <trkpt lat="-34.913544" lon="138.584242">
				 <ele>33.5</ele>
			 </trkpt>
			 <trkpt lat="-34.913523" lon="138.584212">
				 <ele>33.5</ele>
			 </trkpt>
			 <trkpt lat="-34.913502" lon="138.584182">
				 <ele>33.6</ele>
			 </trkpt>
			 <trkpt lat="-34.91348" lon="138.584151">
				 <ele>33.7</ele>
			 </trkpt>
			 <trkpt lat="-34.913457" lon="138.584118">
				 <ele>33.8</ele>
			 </trkpt>
			 <trkpt lat="-34.91326" lon="138.58382">
				 <ele>33.9</ele>
			 </trkpt>
			 <trkpt lat="-34.913136" lon="138.583633">
				 <ele>34</ele>
			 </trkpt>
			 <trkpt lat="-34.913116" lon="138.583602">
				 <ele>34</ele>
			 </trkpt>
			 <trkpt lat="-34.913096" lon="138.583572">
				 <ele>34</ele>
			 </trkpt>
			 <trkpt lat="-34.913076" lon="138.583542">
				 <ele>34</ele>
			 </trkpt>
			 <trkpt lat="-34.913056" lon="138.583511">
				 <ele>33.9</ele>
			 </trkpt>
			 <trkpt lat="-34.913035" lon="138.58348">
				 <ele>33.8</ele>
			 </trkpt>
			 <trkpt lat="-34.913014" lon="138.583448">
				 <ele>33.7</ele>
			 </trkpt>
			 <trkpt lat="-34.912992" lon="138.583415">
				 <ele>33.6</ele>
			 </trkpt>
			 <trkpt lat="-34.912846" lon="138.583232">
				 <ele>33.5</ele>
			 </trkpt>
			 <trkpt lat="-34.912823" lon="138.583204">
				 <ele>33.5</ele>
			 </trkpt>
			 <trkpt lat="-34.912801" lon="138.583176">
				 <ele>33.4</ele>
			 </trkpt>
			 <trkpt lat="-34.912779" lon="138.583148">
				 <ele>33.3</ele>
			 </trkpt>
			 <trkpt lat="-34.912756" lon="138.58312">
				 <ele>33.1</ele>
			 </trkpt>
			 <trkpt lat="-34.912732" lon="138.583091">
				 <ele>32.9</ele>
			 </trkpt>
			 <trkpt lat="-34.912709" lon="138.583062">
				 <ele>32.7</ele>
			 </trkpt>
			 <trkpt lat="-34.912684" lon="138.583031">
				 <ele>32.6</ele>
			 </trkpt>
			 <trkpt lat="-34.912462" lon="138.582833">
				 <ele>32.5</ele>
			 </trkpt>
			 <trkpt lat="-34.912436" lon="138.58281">
				 <ele>32.3</ele>
			 </trkpt>
			 <trkpt lat="-34.912409" lon="138.582786">
				 <ele>32.1</ele>
			 </trkpt>
			 <trkpt lat="-34.912384" lon="138.582764">
				 <ele>31.9</ele>
			 </trkpt>
			 <trkpt lat="-34.912357" lon="138.58274">
				 <ele>31.7</ele>
			 </trkpt>
			 <trkpt lat="-34.91233" lon="138.582716">
				 <ele>31.5</ele>
			 </trkpt>
			 <trkpt lat="-34.912303" lon="138.582692">
				 <ele>31.2</ele>
			 </trkpt>
			 <trkpt lat="-34.912274" lon="138.582666">
				 <ele>31</ele>
			 </trkpt>
			 <trkpt lat="-34.912089" lon="138.582522">
				 <ele>30.8</ele>
			 </trkpt>
			 <trkpt lat="-34.912061" lon="138.5825">
				 <ele>30.5</ele>
			 </trkpt>
			 <trkpt lat="-34.912034" lon="138.582479">
				 <ele>30.3</ele>
			 </trkpt>
			 <trkpt lat="-34.912009" lon="138.582459">
				 <ele>30.1</ele>
			 </trkpt>
			 <trkpt lat="-34.911979" lon="138.582436">
				 <ele>29.9</ele>
			 </trkpt>
			 <trkpt lat="-34.911951" lon="138.582414">
				 <ele>29.6</ele>
			 </trkpt>
			 <trkpt lat="-34.911923" lon="138.582392">
				 <ele>29.4</ele>
			 </trkpt>
			 <trkpt lat="-34.911893" lon="138.582369">
				 <ele>29.1</ele>
			 </trkpt>
			 <trkpt lat="-34.911811" lon="138.582314">
				 <ele>28.9</ele>
			 </trkpt>
			 <trkpt lat="-34.911783" lon="138.582295">
				 <ele>28.7</ele>
			 </trkpt>
			 <trkpt lat="-34.911754" lon="138.582276">
				 <ele>28.5</ele>
			 </trkpt>
			 <trkpt lat="-34.911726" lon="138.582257">
				 <ele>28.2</ele>
			 </trkpt>
			 <trkpt lat="-34.911697" lon="138.582238">
				 <ele>28</ele>
			 </trkpt>
			 <trkpt lat="-34.911667" lon="138.582218">
				 <ele>27.8</ele>
			 </trkpt>
			 <trkpt lat="-34.911638" lon="138.582198">
				 <ele>27.5</ele>
			 </trkpt>
			 <trkpt lat="-34.911606" lon="138.582177">
				 <ele>27.3</ele>
			 </trkpt>
			 <trkpt lat="-34.911317" lon="138.582023">
				 <ele>27.1</ele>
			 </trkpt>
			 <trkpt lat="-34.911291" lon="138.582009">
				 <ele>26.9</ele>
			 </trkpt>
			 <trkpt lat="-34.911261" lon="138.581993">
				 <ele>26.7</ele>
			 </trkpt>
			 <trkpt lat="-34.911231" lon="138.581978">
				 <ele>26.5</ele>
			 </trkpt>
			 <trkpt lat="-34.911202" lon="138.581962">
				 <ele>26.4</ele>
			 </trkpt>
			 <trkpt lat="-34.911171" lon="138.581946">
				 <ele>26.3</ele>
			 </trkpt>
			 <trkpt lat="-34.91114" lon="138.581929">
				 <ele>26.1</ele>
			 </trkpt>
			 <trkpt lat="-34.91111" lon="138.581913">
				 <ele>25.9</ele>
			 </trkpt>
			 <trkpt lat="-34.911076" lon="138.581896">
				 <ele>25.7</ele>
			 </trkpt>
			 <trkpt lat="-34.910813" lon="138.581789">
				 <ele>25.6</ele>
			 </trkpt>
			 <trkpt lat="-34.910781" lon="138.581777">
				 <ele>25.5</ele>
			 </trkpt>
			 <trkpt lat="-34.91075" lon="138.581764">
				 <ele>25.5</ele>
			 </trkpt>
			 <trkpt lat="-34.910719" lon="138.581752">
				 <ele>25.4</ele>
			 </trkpt>
			 <trkpt lat="-34.910688" lon="138.581739">
				 <ele>25.3</ele>
			 </trkpt>
			 <trkpt lat="-34.910656" lon="138.581726">
				 <ele>25.2</ele>
			 </trkpt>
			 <trkpt lat="-34.910624" lon="138.581713">
				 <ele>25.1</ele>
			 </trkpt>
			 <trkpt lat="-34.91059" lon="138.5817">
				 <ele>25</ele>
			 </trkpt>
			 <trkpt lat="-34.910284" lon="138.581605">
				 <ele>25</ele>
			 </trkpt>
			 <trkpt lat="-34.910258" lon="138.581597">
				 <ele>25</ele>
			 </trkpt>
			 <trkpt lat="-34.910226" lon="138.581587">
				 <ele>25</ele>
			 </trkpt>
			 <trkpt lat="-34.910195" lon="138.581578">
				 <ele>25</ele>
			 </trkpt>
			 <trkpt lat="-34.910163" lon="138.581568">
				 <ele>24.9</ele>
			 </trkpt>
			 <trkpt lat="-34.910131" lon="138.581558">
				 <ele>24.8</ele>
			 </trkpt>
			 <trkpt lat="-34.910098" lon="138.581548">
				 <ele>24.7</ele>
			 </trkpt>
			 <trkpt lat="-34.910065" lon="138.581538">
				 <ele>24.6</ele>
			 </trkpt>
			 <trkpt lat="-34.91003" lon="138.581527">
				 <ele>24.5</ele>
			 </trkpt>
			 <trkpt lat="-34.909724" lon="138.581475">
				 <ele>24.5</ele>
			 </trkpt>
			 <trkpt lat="-34.909691" lon="138.581469">
				 <ele>24.4</ele>
			 </trkpt>
			 <trkpt lat="-34.909659" lon="138.581464">
				 <ele>24.3</ele>
			 </trkpt>
			 <trkpt lat="-34.909627" lon="138.581458">
				 <ele>24.2</ele>
			 </trkpt>
			 <trkpt lat="-34.909594" lon="138.581453">
				 <ele>24.1</ele>
			 </trkpt>
			 <trkpt lat="-34.90956" lon="138.581447">
				 <ele>24</ele>
			 </trkpt>
			 <trkpt lat="-34.909526" lon="138.581442">
				 <ele>24</ele>
			 </trkpt>
			 <trkpt lat="-34.909491" lon="138.581436">
				 <ele>24</ele>
			 </trkpt>
			 <trkpt lat="-34.909353" lon="138.581421">
				 <ele>24</ele>
			 </trkpt>
			 <trkpt lat="-34.90932" lon="138.581417">
				 <ele>24</ele>
			 </trkpt>
			 <trkpt lat="-34.909287" lon="138.581414">
				 <ele>24</ele>
			 </trkpt>
			 <trkpt lat="-34.909255" lon="138.58141">
				 <ele>24</ele>
			 </trkpt>
			 <trkpt lat="-34.909221" lon="138.581407">
				 <ele>24</ele>
			 </trkpt>
			 <trkpt lat="-34.909187" lon="138.581403">
				 <ele>24</ele>
			 </trkpt>
			 <trkpt lat="-34.909153" lon="138.581399">
				 <ele>24</ele>
			 </trkpt>
			 <trkpt lat="-34.909117" lon="138.581395">
				 <ele>24</ele>
			 </trkpt>
			 <trkpt lat="-34.909068" lon="138.581396">
				 <ele>24</ele>
			 </trkpt>
			 <trkpt lat="-34.909036" lon="138.581397">
				 <ele>24</ele>
			 </trkpt>
			 <trkpt lat="-34.909002" lon="138.581397">
				 <ele>24</ele>
			 </trkpt>
			 <trkpt lat="-34.908969" lon="138.581398">
				 <ele>24</ele>
			 </trkpt>
			 <trkpt lat="-34.908935" lon="138.581399">
				 <ele>24</ele>
			 </trkpt>
			 <trkpt lat="-34.908898" lon="138.581399">
				 <ele>24</ele>
			 </trkpt>
			 <trkpt lat="-34.908621" lon="138.581439">
				 <ele>24</ele>
			 </trkpt>
			 <trkpt lat="-34.908588" lon="138.581444">
				 <ele>24</ele>
			 </trkpt>
			 <trkpt lat="-34.908555" lon="138.581449">
				 <ele>24</ele>
			 </trkpt>
			 <trkpt lat="-34.908523" lon="138.581453">
				 <ele>24</ele>
			 </trkpt>
			 <trkpt lat="-34.90849" lon="138.581458">
				 <ele>24</ele>
			 </trkpt>
			 <trkpt lat="-34.908456" lon="138.581463">
				 <ele>24</ele>
			 </trkpt>
			 <trkpt lat="-34.908422" lon="138.581468">
				 <ele>24</ele>
			 </trkpt>
			 <trkpt lat="-34.908386" lon="138.581473">
				 <ele>24</ele>
			 </trkpt>
			 <trkpt lat="-34.908153" lon="138.58152">
				 <ele>24</ele>
			 </trkpt>
			 <trkpt lat="-34.90812" lon="138.581527">
				 <ele>24</ele>
			 </trkpt>
			 <trkpt lat="-34.908087" lon="138.581533">
				 <ele>24</ele>
			 </trkpt>
			 <trkpt lat="-34.908054" lon="138.58154">
				 <ele>23.9</ele>
			 </trkpt>
			 <trkpt lat="-34.908022" lon="138.581546">
				 <ele>23.8</ele>
			 </trkpt>
			 <trkpt lat="-34.907988" lon="138.581553">
				 <ele>23.7</ele>
			 </trkpt>
			 <trkpt lat="-34.907955" lon="138.58156">
				 <ele>23.6</ele>
			 </trkpt>
			 <trkpt lat="-34.907919" lon="138.581567">
				 <ele>23.5</ele>
			 </trkpt>
			 <trkpt lat="-34.907663" lon="138.581641">
				 <ele>23.5</ele>
			 </trkpt>
			 <trkpt lat="-34.90763" lon="138.581651">
				 <ele>23.4</ele>
			 </trkpt>
			 <trkpt lat="-34.907597" lon="138.58166">
				 <ele>23.3</ele>
			 </trkpt>
			 <trkpt lat="-34.907566" lon="138.581669">
				 <ele>23.2</ele>
			 </trkpt>
			 <trkpt lat="-34.907534" lon="138.581678">
				 <ele>23.1</ele>
			 </trkpt>
			 <trkpt lat="-34.907501" lon="138.581688">
				 <ele>23</ele>
			 </trkpt>
			 <trkpt lat="-34.907467" lon="138.581697">
				 <ele>23</ele>
			 </trkpt>
			 <trkpt lat="-34.90716" lon="138.581782">
				 <ele>23</ele>
			 </trkpt>
			 <trkpt lat="-34.907089" lon="138.581801">
				 <ele>23</ele>
			 </trkpt>
			 <trkpt lat="-34.907056" lon="138.58181">
				 <ele>23</ele>
			 </trkpt>
			 <trkpt lat="-34.907024" lon="138.581819">
				 <ele>23</ele>
			 </trkpt>
			 <trkpt lat="-34.906992" lon="138.581827">
				 <ele>23.1</ele>
			 </trkpt>
			 <trkpt lat="-34.906959" lon="138.581836">
				 <ele>23.2</ele>
			 </trkpt>
			 <trkpt lat="-34.906926" lon="138.581846">
				 <ele>23.3</ele>
			 </trkpt>
			 <trkpt lat="-34.906892" lon="138.581855">
				 <ele>23.4</ele>
			 </trkpt>
			 <trkpt lat="-34.906587" lon="138.58195">
				 <ele>23.5</ele>
			 </trkpt>
			 <trkpt lat="-34.906545" lon="138.581962">
				 <ele>23.5</ele>
			 </trkpt>
			 <trkpt lat="-34.906513" lon="138.581972">
				 <ele>23.6</ele>
			 </trkpt>
			 <trkpt lat="-34.906481" lon="138.581982">
				 <ele>23.7</ele>
			 </trkpt>
			 <trkpt lat="-34.906449" lon="138.581992">
				 <ele>23.8</ele>
			 </trkpt>
			 <trkpt lat="-34.906416" lon="138.582003">
				 <ele>23.9</ele>
			 </trkpt>
			 <trkpt lat="-34.906382" lon="138.582013">
				 <ele>24.1</ele>
			 </trkpt>
			 <trkpt lat="-34.906347" lon="138.582027">
				 <ele>24.2</ele>
			 </trkpt>
			 <trkpt lat="-34.906316" lon="138.58204">
				 <ele>24.3</ele>
			 </trkpt>
			 <trkpt lat="-34.906286" lon="138.582053">
				 <ele>24.4</ele>
			 </trkpt>
			 <trkpt lat="-34.906254" lon="138.582066">
				 <ele>24.5</ele>
			 </trkpt>
			 <trkpt lat="-34.906221" lon="138.58208">
				 <ele>24.6</ele>
			 </trkpt>
			 <trkpt lat="-34.906189" lon="138.582093">
				 <ele>24.8</ele>
			 </trkpt>
			 <trkpt lat="-34.906154" lon="138.582117">
				 <ele>25</ele>
			 </trkpt>
			 <trkpt lat="-34.906126" lon="138.582137">
				 <ele>25.3</ele>
			 </trkpt>
			 <trkpt lat="-34.906097" lon="138.582157">
				 <ele>25.5</ele>
			 </trkpt>
			 <trkpt lat="-34.906067" lon="138.582177">
				 <ele>25.8</ele>
			 </trkpt>
			 <trkpt lat="-34.906037" lon="138.582198">
				 <ele>26</ele>
			 </trkpt>
			 <trkpt lat="-34.905989" lon="138.582239">
				 <ele>26.3</ele>
			 </trkpt>
			 <trkpt lat="-34.905963" lon="138.582261">
				 <ele>26.5</ele>
			 </trkpt>
			 <trkpt lat="-34.905935" lon="138.582285">
				 <ele>26.8</ele>
			 </trkpt>
			 <trkpt lat="-34.905907" lon="138.582308">
				 <ele>27.2</ele>
			 </trkpt>
			 <trkpt lat="-34.905879" lon="138.582332">
				 <ele>27.5</ele>
			 </trkpt>
			 <trkpt lat="-34.905729" lon="138.582498">
				 <ele>27.7</ele>
			 </trkpt>
			 <trkpt lat="-34.905704" lon="138.582525">
				 <ele>28.1</ele>
			 </trkpt>
			 <trkpt lat="-34.90568" lon="138.582552">
				 <ele>28.4</ele>
			 </trkpt>
			 <trkpt lat="-34.905655" lon="138.582579">
				 <ele>28.7</ele>
			 </trkpt>
			 <trkpt lat="-34.90563" lon="138.582606">
				 <ele>29.1</ele>
			 </trkpt>
			 <trkpt lat="-34.905605" lon="138.582634">
				 <ele>29.5</ele>
			 </trkpt>
			 <trkpt lat="-34.90558" lon="138.582662">
				 <ele>29.7</ele>
			 </trkpt>
			 <trkpt lat="-34.905367" lon="138.582933">
				 <ele>30.1</ele>
			 </trkpt>
			 <trkpt lat="-34.905344" lon="138.582963">
				 <ele>30.5</ele>
			 </trkpt>
			 <trkpt lat="-34.905321" lon="138.582991">
				 <ele>30.7</ele>
			 </trkpt>
			 <trkpt lat="-34.905299" lon="138.58302">
				 <ele>31</ele>
			 </trkpt>
			 <trkpt lat="-34.905275" lon="138.58305">
				 <ele>31.4</ele>
			 </trkpt>
			 <trkpt lat="-34.905252" lon="138.58308">
				 <ele>31.6</ele>
			 </trkpt>
			 <trkpt lat="-34.905228" lon="138.58311">
				 <ele>31.9</ele>
			 </trkpt>
			 <trkpt lat="-34.905021" lon="138.583398">
				 <ele>32.1</ele>
			 </trkpt>
			 <trkpt lat="-34.904951" lon="138.583494">
				 <ele>32.3</ele>
			 </trkpt>
			 <trkpt lat="-34.904929" lon="138.583525">
				 <ele>32.5</ele>
			 </trkpt>
			 <trkpt lat="-34.904908" lon="138.583555">
				 <ele>32.8</ele>
			 </trkpt>
			 <trkpt lat="-34.904886" lon="138.583585">
				 <ele>33</ele>
			 </trkpt>
			 <trkpt lat="-34.904864" lon="138.583616">
				 <ele>33.2</ele>
			 </trkpt>
			 <trkpt lat="-34.904842" lon="138.583647">
				 <ele>33.5</ele>
			 </trkpt>
			 <trkpt lat="-34.904819" lon="138.583678">
				 <ele>33.7</ele>
			 </trkpt>
			 <trkpt lat="-34.904627" lon="138.583982">
				 <ele>34</ele>
			 </trkpt>
			 <trkpt lat="-34.904493" lon="138.584193">
				 <ele>34.3</ele>
			 </trkpt>
			 <trkpt lat="-34.904473" lon="138.584225">
				 <ele>34.5</ele>
			 </trkpt>
			 <trkpt lat="-34.904453" lon="138.584257">
				 <ele>34.9</ele>
			 </trkpt>
			 <trkpt lat="-34.904435" lon="138.584285">
				 <ele>35.3</ele>
			 </trkpt>
			 <trkpt lat="-34.904413" lon="138.58432">
				 <ele>35.6</ele>
			 </trkpt>
			 <trkpt lat="-34.904392" lon="138.584353">
				 <ele>36</ele>
			 </trkpt>
			 <trkpt lat="-34.904371" lon="138.584386">
				 <ele>36.4</ele>
			 </trkpt>
			 <trkpt lat="-34.904335" lon="138.584425">
				 <ele>36.8</ele>
			 </trkpt>
			 <trkpt lat="-34.904311" lon="138.584451">
				 <ele>37.2</ele>
			 </trkpt>
			 <trkpt lat="-34.904281" lon="138.584469">
				 <ele>37.5</ele>
			 </trkpt>
			 <trkpt lat="-34.904251" lon="138.584486">
				 <ele>37.9</ele>
			 </trkpt>
			 <trkpt lat="-34.904221" lon="138.584503">
				 <ele>38.3</ele>
			 </trkpt>
			 <trkpt lat="-34.904191" lon="138.58452">
				 <ele>38.6</ele>
			 </trkpt>
			 <trkpt lat="-34.904163" lon="138.584544">
				 <ele>38.9</ele>
			 </trkpt>
			 <trkpt lat="-34.904136" lon="138.58457">
				 <ele>39.3</ele>
			 </trkpt>
			 <trkpt lat="-34.904143" lon="138.584619">
				 <ele>39.5</ele>
			 </trkpt>
			 <trkpt lat="-34.904149" lon="138.58466">
				 <ele>39.8</ele>
			 </trkpt>
			 <trkpt lat="-34.90415" lon="138.584712">
				 <ele>40.1</ele>
			 </trkpt>
			 <trkpt lat="-34.904152" lon="138.584752">
				 <ele>40.3</ele>
			 </trkpt>
			 <trkpt lat="-34.904153" lon="138.584793">
				 <ele>40.5</ele>
			 </trkpt>
			 <trkpt lat="-34.904155" lon="138.584834">
				 <ele>40.7</ele>
			 </trkpt>
			 <trkpt lat="-34.904156" lon="138.584875">
				 <ele>40.9</ele>
			 </trkpt>
			 <trkpt lat="-34.904145" lon="138.584927">
				 <ele>41.1</ele>
			 </trkpt>
			 <trkpt lat="-34.904137" lon="138.584968">
				 <ele>41.3</ele>
			 </trkpt>
			 <trkpt lat="-34.904128" lon="138.585008">
				 <ele>41.5</ele>
			 </trkpt>
			 <trkpt lat="-34.904094" lon="138.585112">
				 <ele>41.5</ele>
			 </trkpt>
			 <trkpt lat="-34.904082" lon="138.58515">
				 <ele>41.6</ele>
			 </trkpt>
			 <trkpt lat="-34.90407" lon="138.585187">
				 <ele>41.8</ele>
			 </trkpt>
			 <trkpt lat="-34.904057" lon="138.585224">
				 <ele>42</ele>
			 </trkpt>
			 <trkpt lat="-34.904045" lon="138.585262">
				 <ele>42.2</ele>
			 </trkpt>
			 <trkpt lat="-34.904032" lon="138.5853">
				 <ele>42.4</ele>
			 </trkpt>
			 <trkpt lat="-34.90402" lon="138.585339">
				 <ele>42.5</ele>
			 </trkpt>
			 <trkpt lat="-34.904014" lon="138.585393">
				 <ele>42.6</ele>
			 </trkpt>
			 <trkpt lat="-34.90401" lon="138.585433">
				 <ele>42.8</ele>
			 </trkpt>
			 <trkpt lat="-34.904005" lon="138.585473">
				 <ele>43</ele>
			 </trkpt>
			 <trkpt lat="-34.904001" lon="138.585515">
				 <ele>43.2</ele>
			 </trkpt>
			 <trkpt lat="-34.903997" lon="138.585556">
				 <ele>43.4</ele>
			 </trkpt>
			 <trkpt lat="-34.903972" lon="138.585606">
				 <ele>43.5</ele>
			 </trkpt>
			 <trkpt lat="-34.903955" lon="138.585642">
				 <ele>43.6</ele>
			 </trkpt>
			 <trkpt lat="-34.903938" lon="138.585679">
				 <ele>43.7</ele>
			 </trkpt>
			 <trkpt lat="-34.903911" lon="138.585791">
				 <ele>43.9</ele>
			 </trkpt>
			 <trkpt lat="-34.903902" lon="138.58583">
				 <ele>44.1</ele>
			 </trkpt>
			 <trkpt lat="-34.903893" lon="138.585869">
				 <ele>44.3</ele>
			 </trkpt>
			 <trkpt lat="-34.903884" lon="138.585907">
				 <ele>44.4</ele>
			 </trkpt>
			 <trkpt lat="-34.903875" lon="138.585947">
				 <ele>44.5</ele>
			 </trkpt>
			 <trkpt lat="-34.903865" lon="138.585987">
				 <ele>44.5</ele>
			 </trkpt>
			 <trkpt lat="-34.903856" lon="138.586027">
				 <ele>44.7</ele>
			 </trkpt>
			 <trkpt lat="-34.903778" lon="138.58638">
				 <ele>44.9</ele>
			 </trkpt>
			 <trkpt lat="-34.903769" lon="138.58642">
				 <ele>45.1</ele>
			 </trkpt>
			 <trkpt lat="-34.903761" lon="138.586459">
				 <ele>45.3</ele>
			 </trkpt>
			 <trkpt lat="-34.903752" lon="138.586497">
				 <ele>45.5</ele>
			 </trkpt>
			 <trkpt lat="-34.903743" lon="138.586537">
				 <ele>45.5</ele>
			 </trkpt>
			 <trkpt lat="-34.903735" lon="138.586577">
				 <ele>45.7</ele>
			 </trkpt>
			 <trkpt lat="-34.903726" lon="138.586618">
				 <ele>45.9</ele>
			 </trkpt>
			 <trkpt lat="-34.90366" lon="138.586917">
				 <ele>46.1</ele>
			 </trkpt>
			 <trkpt lat="-34.903651" lon="138.586956">
				 <ele>46.3</ele>
			 </trkpt>
			 <trkpt lat="-34.903644" lon="138.586988">
				 <ele>46.5</ele>
			 </trkpt>
			 <trkpt lat="-34.903634" lon="138.587033">
				 <ele>46.5</ele>
			 </trkpt>
			 <trkpt lat="-34.903625" lon="138.587073">
				 <ele>46.7</ele>
			 </trkpt>
			 <trkpt lat="-34.903616" lon="138.587113">
				 <ele>46.9</ele>
			 </trkpt>
			 <trkpt lat="-34.903608" lon="138.587154">
				 <ele>47.1</ele>
			 </trkpt>
			 <trkpt lat="-34.903541" lon="138.587436">
				 <ele>47.3</ele>
			 </trkpt>
			 <trkpt lat="-34.903532" lon="138.587475">
				 <ele>47.5</ele>
			 </trkpt>
			 <trkpt lat="-34.903523" lon="138.587513">
				 <ele>47.7</ele>
			 </trkpt>
			 <trkpt lat="-34.903514" lon="138.587551">
				 <ele>47.9</ele>
			 </trkpt>
			 <trkpt lat="-34.903505" lon="138.587591">
				 <ele>48.1</ele>
			 </trkpt>
			 <trkpt lat="-34.903496" lon="138.587632">
				 <ele>48.4</ele>
			 </trkpt>
			 <trkpt lat="-34.903486" lon="138.587672">
				 <ele>48.6</ele>
			 </trkpt>
			 <trkpt lat="-34.903421" lon="138.587946">
				 <ele>48.9</ele>
			 </trkpt>
			 <trkpt lat="-34.903412" lon="138.587985">
				 <ele>49.1</ele>
			 </trkpt>
			 <trkpt lat="-34.903403" lon="138.588024">
				 <ele>49.4</ele>
			 </trkpt>
			 <trkpt lat="-34.903394" lon="138.588062">
				 <ele>49.6</ele>
			 </trkpt>
			 <trkpt lat="-34.903385" lon="138.588102">
				 <ele>49.9</ele>
			 </trkpt>
			 <trkpt lat="-34.903375" lon="138.588142">
				 <ele>50.1</ele>
			 </trkpt>
			 <trkpt lat="-34.903366" lon="138.588183">
				 <ele>50.4</ele>
			 </trkpt>
			 <trkpt lat="-34.903279" lon="138.588551">
				 <ele>50.6</ele>
			 </trkpt>
			 <trkpt lat="-34.90322" lon="138.588804">
				 <ele>50.9</ele>
			 </trkpt>
			 <trkpt lat="-34.903211" lon="138.588844">
				 <ele>51.1</ele>
			 </trkpt>
			 <trkpt lat="-34.903202" lon="138.588882">
				 <ele>51.4</ele>
			 </trkpt>
			 <trkpt lat="-34.903193" lon="138.58892">
				 <ele>51.6</ele>
			 </trkpt>
			 <trkpt lat="-34.903183" lon="138.588961">
				 <ele>51.9</ele>
			 </trkpt>
			 <trkpt lat="-34.903174" lon="138.589001">
				 <ele>52.1</ele>
			 </trkpt>
			 <trkpt lat="-34.903165" lon="138.589042">
				 <ele>52.3</ele>
			 </trkpt>
			 <trkpt lat="-34.903079" lon="138.58941">
				 <ele>52.5</ele>
			 </trkpt>
			 <trkpt lat="-34.903061" lon="138.589485">
				 <ele>52.8</ele>
			 </trkpt>
			 <trkpt lat="-34.903052" lon="138.589525">
				 <ele>53.1</ele>
			 </trkpt>
			 <trkpt lat="-34.903043" lon="138.589563">
				 <ele>53.4</ele>
			 </trkpt>
			 <trkpt lat="-34.903034" lon="138.589602">
				 <ele>53.6</ele>
			 </trkpt>
			 <trkpt lat="-34.903024" lon="138.589642">
				 <ele>53.9</ele>
			 </trkpt>
			 <trkpt lat="-34.903015" lon="138.589682">
				 <ele>54.1</ele>
			 </trkpt>
			 <trkpt lat="-34.903006" lon="138.589722">
				 <ele>54.3</ele>
			 </trkpt>
			 <trkpt lat="-34.90299" lon="138.589759">
				 <ele>54.5</ele>
			 </trkpt>
			 <trkpt lat="-34.902974" lon="138.589796">
				 <ele>54.6</ele>
			 </trkpt>
			 <trkpt lat="-34.902959" lon="138.589832">
				 <ele>54.8</ele>
			 </trkpt>
			 <trkpt lat="-34.90294" lon="138.589867">
				 <ele>54.9</ele>
			 </trkpt>
			 <trkpt lat="-34.902909" lon="138.58988">
				 <ele>54.9</ele>
			 </trkpt>
			 <trkpt lat="-34.902874" lon="138.589874">
				 <ele>54.8</ele>
			 </trkpt>
			 <trkpt lat="-34.902836" lon="138.589862">
				 <ele>54.7</ele>
			 </trkpt>
			 <trkpt lat="-34.902803" lon="138.589852">
				 <ele>54.6</ele>
			 </trkpt>
			 <trkpt lat="-34.90277" lon="138.589842">
				 <ele>54.5</ele>
			 </trkpt>
			 <trkpt lat="-34.902737" lon="138.589832">
				 <ele>54.5</ele>
			 </trkpt>
			 <trkpt lat="-34.902702" lon="138.589821">
				 <ele>54.4</ele>
			 </trkpt>
			 <trkpt lat="-34.902668" lon="138.589811">
				 <ele>54.3</ele>
			 </trkpt>
			 <trkpt lat="-34.902365" lon="138.589702">
				 <ele>54.2</ele>
			 </trkpt>
			 <trkpt lat="-34.902332" lon="138.58969">
				 <ele>54</ele>
			 </trkpt>
			 <trkpt lat="-34.902299" lon="138.589678">
				 <ele>53.8</ele>
			 </trkpt>
			 <trkpt lat="-34.902266" lon="138.589667">
				 <ele>53.7</ele>
			 </trkpt>
			 <trkpt lat="-34.902234" lon="138.589655">
				 <ele>53.6</ele>
			 </trkpt>
			 <trkpt lat="-34.902201" lon="138.589643">
				 <ele>53.5</ele>
			 </trkpt>
			 <trkpt lat="-34.902166" lon="138.589631">
				 <ele>53.4</ele>
			 </trkpt>
			 <trkpt lat="-34.902132" lon="138.589619">
				 <ele>53.2</ele>
			 </trkpt>
			 <trkpt lat="-34.901832" lon="138.589501">
				 <ele>53</ele>
			 </trkpt>
			 <trkpt lat="-34.901532" lon="138.589383">
				 <ele>52.8</ele>
			 </trkpt>
			 <trkpt lat="-34.90145" lon="138.589351">
				 <ele>52.6</ele>
			 </trkpt>
			 <trkpt lat="-34.901417" lon="138.589338">
				 <ele>52.5</ele>
			 </trkpt>
			 <trkpt lat="-34.901385" lon="138.589325">
				 <ele>52.4</ele>
			 </trkpt>
			 <trkpt lat="-34.901352" lon="138.589312">
				 <ele>52.3</ele>
			 </trkpt>
			 <trkpt lat="-34.901319" lon="138.589299">
				 <ele>52.1</ele>
			 </trkpt>
			 <trkpt lat="-34.901285" lon="138.589286">
				 <ele>51.9</ele>
			 </trkpt>
			 <trkpt lat="-34.901251" lon="138.589273">
				 <ele>51.7</ele>
			 </trkpt>
			 <trkpt lat="-34.900951" lon="138.589153">
				 <ele>51.6</ele>
			 </trkpt>
			 <trkpt lat="-34.900723" lon="138.589063">
				 <ele>51.5</ele>
			 </trkpt>
			 <trkpt lat="-34.90069" lon="138.58905">
				 <ele>51.4</ele>
			 </trkpt>
			 <trkpt lat="-34.900657" lon="138.589037">
				 <ele>51.2</ele>
			 </trkpt>
			 <trkpt lat="-34.900624" lon="138.589024">
				 <ele>51</ele>
			 </trkpt>
			 <trkpt lat="-34.900591" lon="138.58901">
				 <ele>50.8</ele>
			 </trkpt>
			 <trkpt lat="-34.900558" lon="138.588997">
				 <ele>50.6</ele>
			 </trkpt>
			 <trkpt lat="-34.900524" lon="138.588984">
				 <ele>50.4</ele>
			 </trkpt>
			 <trkpt lat="-34.900289" lon="138.588868">
				 <ele>50.2</ele>
			 </trkpt>
			 <trkpt lat="-34.900257" lon="138.588852">
				 <ele>50</ele>
			 </trkpt>
			 <trkpt lat="-34.900232" lon="138.588839">
				 <ele>49.8</ele>
			 </trkpt>
			 <trkpt lat="-34.900193" lon="138.58882">
				 <ele>49.5</ele>
			 </trkpt>
			 <trkpt lat="-34.900161" lon="138.588804">
				 <ele>49.3</ele>
			 </trkpt>
			 <trkpt lat="-34.900128" lon="138.588788">
				 <ele>49.1</ele>
			 </trkpt>
			 <trkpt lat="-34.900095" lon="138.588772">
				 <ele>48.9</ele>
			 </trkpt>
			 <trkpt lat="-34.900016" lon="138.588718">
				 <ele>48.7</ele>
			 </trkpt>
			 <trkpt lat="-34.899986" lon="138.588697">
				 <ele>48.5</ele>
			 </trkpt>
			 <trkpt lat="-34.899956" lon="138.588676">
				 <ele>48.2</ele>
			 </trkpt>
			 <trkpt lat="-34.899926" lon="138.588656">
				 <ele>48</ele>
			 </trkpt>
			 <trkpt lat="-34.899896" lon="138.588635">
				 <ele>47.8</ele>
			 </trkpt>
			 <trkpt lat="-34.899865" lon="138.588614">
				 <ele>47.5</ele>
			 </trkpt>
			 <trkpt lat="-34.899833" lon="138.588592">
				 <ele>47.3</ele>
			 </trkpt>
			 <trkpt lat="-34.899786" lon="138.588544">
				 <ele>47.1</ele>
			 </trkpt>
			 <trkpt lat="-34.89976" lon="138.588517">
				 <ele>46.8</ele>
			 </trkpt>
			 <trkpt lat="-34.899734" lon="138.58849">
				 <ele>46.5</ele>
			 </trkpt>
			 <trkpt lat="-34.899712" lon="138.588468">
				 <ele>46.2</ele>
			 </trkpt>
			 <trkpt lat="-34.899686" lon="138.58844">
				 <ele>45.8</ele>
			 </trkpt>
			 <trkpt lat="-34.89966" lon="138.588414">
				 <ele>45.5</ele>
			 </trkpt>
			 <trkpt lat="-34.899637" lon="138.588383">
				 <ele>45.1</ele>
			 </trkpt>
			 <trkpt lat="-34.899615" lon="138.58835">
				 <ele>44.7</ele>
			 </trkpt>
			 <trkpt lat="-34.899592" lon="138.588317">
				 <ele>44.4</ele>
			 </trkpt>
			 <trkpt lat="-34.899574" lon="138.588289">
				 <ele>44.1</ele>
			 </trkpt>
			 <trkpt lat="-34.89956" lon="138.588251">
				 <ele>43.7</ele>
			 </trkpt>
			 <trkpt lat="-34.899548" lon="138.588212">
				 <ele>43.4</ele>
			 </trkpt>
			 <trkpt lat="-34.89954" lon="138.588173">
				 <ele>43.1</ele>
			 </trkpt>
			 <trkpt lat="-34.899538" lon="138.58813">
				 <ele>42.8</ele>
			 </trkpt>
			 <trkpt lat="-34.899544" lon="138.588088">
				 <ele>42.6</ele>
			 </trkpt>
			 <trkpt lat="-34.899557" lon="138.588048">
				 <ele>42.5</ele>
			 </trkpt>
			 <trkpt lat="-34.899618" lon="138.587925">
				 <ele>42.4</ele>
			 </trkpt>
			 <trkpt lat="-34.899635" lon="138.587889">
				 <ele>42.3</ele>
			 </trkpt>
			 <trkpt lat="-34.899653" lon="138.587854">
				 <ele>42.2</ele>
			 </trkpt>
			 <trkpt lat="-34.89967" lon="138.587818">
				 <ele>42.1</ele>
			 </trkpt>
			 <trkpt lat="-34.899688" lon="138.587782">
				 <ele>42</ele>
			 </trkpt>
			 <trkpt lat="-34.899707" lon="138.587745">
				 <ele>42</ele>
			 </trkpt>
			 <trkpt lat="-34.899725" lon="138.587708">
				 <ele>42</ele>
			 </trkpt>
			 <trkpt lat="-34.899751" lon="138.587668">
				 <ele>42</ele>
			 </trkpt>
			 <trkpt lat="-34.899773" lon="138.587635">
				 <ele>41.9</ele>
			 </trkpt>
			 <trkpt lat="-34.899794" lon="138.587602">
				 <ele>41.8</ele>
			 </trkpt>
			 <trkpt lat="-34.899815" lon="138.58757">
				 <ele>41.7</ele>
			 </trkpt>
			 <trkpt lat="-34.899837" lon="138.587537">
				 <ele>41.6</ele>
			 </trkpt>
			 <trkpt lat="-34.89986" lon="138.587503">
				 <ele>41.5</ele>
			 </trkpt>
			 <trkpt lat="-34.899882" lon="138.587469">
				 <ele>41.5</ele>
			 </trkpt>
			 <trkpt lat="-34.89997" lon="138.587359">
				 <ele>41.4</ele>
			 </trkpt>
			 <trkpt lat="-34.899994" lon="138.587328">
				 <ele>41.3</ele>
			 </trkpt>
			 <trkpt lat="-34.900018" lon="138.587299">
				 <ele>41.2</ele>
			 </trkpt>
			 <trkpt lat="-34.900042" lon="138.587269">
				 <ele>41</ele>
			 </trkpt>
			 <trkpt lat="-34.900066" lon="138.587238">
				 <ele>40.8</ele>
			 </trkpt>
			 <trkpt lat="-34.900091" lon="138.587207">
				 <ele>40.7</ele>
			 </trkpt>
			 <trkpt lat="-34.900116" lon="138.587176">
				 <ele>40.6</ele>
			 </trkpt>
			 <trkpt lat="-34.900219" lon="138.587047">
				 <ele>40.5</ele>
			 </trkpt>
			 <trkpt lat="-34.900244" lon="138.587017">
				 <ele>40.5</ele>
			 </trkpt>
			 <trkpt lat="-34.900268" lon="138.586987">
				 <ele>40.3</ele>
			 </trkpt>
			 <trkpt lat="-34.900292" lon="138.586957">
				 <ele>40.1</ele>
			 </trkpt>
			 <trkpt lat="-34.900316" lon="138.586927">
				 <ele>39.9</ele>
			 </trkpt>
			 <trkpt lat="-34.900336" lon="138.586902">
				 <ele>39.7</ele>
			 </trkpt>
			 <trkpt lat="-34.900367" lon="138.586864">
				 <ele>39.5</ele>
			 </trkpt>
			 <trkpt lat="-34.900454" lon="138.586759">
				 <ele>39.5</ele>
			 </trkpt>
			 <trkpt lat="-34.900478" lon="138.586729">
				 <ele>39.3</ele>
			 </trkpt>
			 <trkpt lat="-34.900503" lon="138.5867">
				 <ele>39.1</ele>
			 </trkpt>
			 <trkpt lat="-34.900527" lon="138.586671">
				 <ele>38.9</ele>
			 </trkpt>
			 <trkpt lat="-34.900553" lon="138.586641">
				 <ele>38.7</ele>
			 </trkpt>
			 <trkpt lat="-34.900578" lon="138.58661">
				 <ele>38.5</ele>
			 </trkpt>
			 <trkpt lat="-34.900604" lon="138.586579">
				 <ele>38.3</ele>
			 </trkpt>
			 <trkpt lat="-34.900698" lon="138.586473">
				 <ele>38.1</ele>
			 </trkpt>
			 <trkpt lat="-34.900723" lon="138.586444">
				 <ele>37.8</ele>
			 </trkpt>
			 <trkpt lat="-34.900749" lon="138.586416">
				 <ele>37.5</ele>
			 </trkpt>
			 <trkpt lat="-34.900774" lon="138.586387">
				 <ele>37.3</ele>
			 </trkpt>
			 <trkpt lat="-34.9008" lon="138.586358">
				 <ele>37</ele>
			 </trkpt>
			 <trkpt lat="-34.900826" lon="138.586328">
				 <ele>36.7</ele>
			 </trkpt>
			 <trkpt lat="-34.900853" lon="138.586299">
				 <ele>36.5</ele>
			 </trkpt>
			 <trkpt lat="-34.90096" lon="138.586177">
				 <ele>36.2</ele>
			 </trkpt>
			 <trkpt lat="-34.900986" lon="138.586147">
				 <ele>35.8</ele>
			 </trkpt>
			 <trkpt lat="-34.901011" lon="138.586119">
				 <ele>35.5</ele>
			 </trkpt>
			 <trkpt lat="-34.901036" lon="138.58609">
				 <ele>35.3</ele>
			 </trkpt>
			 <trkpt lat="-34.901062" lon="138.586061">
				 <ele>34.9</ele>
			 </trkpt>
			 <trkpt lat="-34.901083" lon="138.586037">
				 <ele>34.6</ele>
			 </trkpt>
			 <trkpt lat="-34.901115" lon="138.586001">
				 <ele>34.4</ele>
			 </trkpt>
			 <trkpt lat="-34.901225" lon="138.585875">
				 <ele>34</ele>
			 </trkpt>
			 <trkpt lat="-34.901251" lon="138.585846">
				 <ele>33.6</ele>
			 </trkpt>
			 <trkpt lat="-34.901276" lon="138.585817">
				 <ele>33.4</ele>
			 </trkpt>
			 <trkpt lat="-34.901301" lon="138.585788">
				 <ele>33.1</ele>
			 </trkpt>
			 <trkpt lat="-34.901327" lon="138.585759">
				 <ele>32.7</ele>
			 </trkpt>
			 <trkpt lat="-34.901354" lon="138.585728">
				 <ele>32.5</ele>
			 </trkpt>
			 <trkpt lat="-34.90138" lon="138.585699">
				 <ele>32.2</ele>
			 </trkpt>
			 <trkpt lat="-34.901478" lon="138.585586">
				 <ele>31.8</ele>
			 </trkpt>
			 <trkpt lat="-34.901504" lon="138.585557">
				 <ele>31.5</ele>
			 </trkpt>
			 <trkpt lat="-34.901529" lon="138.585528">
				 <ele>31.3</ele>
			 </trkpt>
			 <trkpt lat="-34.901554" lon="138.585499">
				 <ele>30.9</ele>
			 </trkpt>
			 <trkpt lat="-34.90158" lon="138.58547">
				 <ele>30.6</ele>
			 </trkpt>
			 <trkpt lat="-34.901606" lon="138.58544">
				 <ele>30.3</ele>
			 </trkpt>
			 <trkpt lat="-34.901633" lon="138.58541">
				 <ele>29.9</ele>
			 </trkpt>
			 <trkpt lat="-34.901863" lon="138.585147">
				 <ele>29.5</ele>
			 </trkpt>
			 <trkpt lat="-34.9019" lon="138.585105">
				 <ele>29.3</ele>
			 </trkpt>
			 <trkpt lat="-34.901925" lon="138.585076">
				 <ele>28.9</ele>
			 </trkpt>
			 <trkpt lat="-34.90195" lon="138.585047">
				 <ele>28.5</ele>
			 </trkpt>
			 <trkpt lat="-34.901976" lon="138.585018">
				 <ele>28.3</ele>
			 </trkpt>
			 <trkpt lat="-34.902003" lon="138.584988">
				 <ele>27.9</ele>
			 </trkpt>
			 <trkpt lat="-34.902029" lon="138.584958">
				 <ele>27.5</ele>
			 </trkpt>
			 <trkpt lat="-34.902257" lon="138.584693">
				 <ele>27.3</ele>
			 </trkpt>
			 <trkpt lat="-34.902287" lon="138.584658">
				 <ele>27</ele>
			 </trkpt>
			 <trkpt lat="-34.902312" lon="138.584629">
				 <ele>26.8</ele>
			 </trkpt>
			 <trkpt lat="-34.902337" lon="138.5846">
				 <ele>26.5</ele>
			 </trkpt>
			 <trkpt lat="-34.902363" lon="138.58457">
				 <ele>26.3</ele>
			 </trkpt>
			 <trkpt lat="-34.902389" lon="138.584539">
				 <ele>26</ele>
			 </trkpt>
			 <trkpt lat="-34.902416" lon="138.584509">
				 <ele>25.8</ele>
			 </trkpt>
			 <trkpt lat="-34.902645" lon="138.584246">
				 <ele>25.6</ele>
			 </trkpt>
			 <trkpt lat="-34.902732" lon="138.584145">
				 <ele>25.5</ele>
			 </trkpt>
			 <trkpt lat="-34.902757" lon="138.584115">
				 <ele>25.3</ele>
			 </trkpt>
			 <trkpt lat="-34.902783" lon="138.584086">
				 <ele>25.1</ele>
			 </trkpt>
			 <trkpt lat="-34.902808" lon="138.584058">
				 <ele>24.9</ele>
			 </trkpt>
			 <trkpt lat="-34.902834" lon="138.584028">
				 <ele>24.7</ele>
			 </trkpt>
			 <trkpt lat="-34.90286" lon="138.583997">
				 <ele>24.5</ele>
			 </trkpt>
			 <trkpt lat="-34.902887" lon="138.583967">
				 <ele>24.5</ele>
			 </trkpt>
			 <trkpt lat="-34.903115" lon="138.583705">
				 <ele>24.4</ele>
			 </trkpt>
			 <trkpt lat="-34.903141" lon="138.583675">
				 <ele>24.3</ele>
			 </trkpt>
			 <trkpt lat="-34.903166" lon="138.583646">
				 <ele>24.2</ele>
			 </trkpt>
			 <trkpt lat="-34.903191" lon="138.583618">
				 <ele>24.1</ele>
			 </trkpt>
			 <trkpt lat="-34.903217" lon="138.583588">
				 <ele>24</ele>
			 </trkpt>
			 <trkpt lat="-34.903244" lon="138.583558">
				 <ele>23.9</ele>
			 </trkpt>
			 <trkpt lat="-34.90327" lon="138.583527">
				 <ele>23.8</ele>
			 </trkpt>
			 <trkpt lat="-34.9035" lon="138.583265">
				 <ele>23.7</ele>
			 </trkpt>
			 <trkpt lat="-34.90364" lon="138.583106">
				 <ele>23.6</ele>
			 </trkpt>
			 <trkpt lat="-34.903665" lon="138.583076">
				 <ele>23.5</ele>
			 </trkpt>
			 <trkpt lat="-34.903691" lon="138.583047">
				 <ele>23.5</ele>
			 </trkpt>
			 <trkpt lat="-34.903716" lon="138.583018">
				 <ele>23.4</ele>
			 </trkpt>
			 <trkpt lat="-34.903742" lon="138.582988">
				 <ele>23.3</ele>
			 </trkpt>
			 <trkpt lat="-34.903769" lon="138.582958">
				 <ele>23.2</ele>
			 </trkpt>
			 <trkpt lat="-34.903796" lon="138.582928">
				 <ele>23.1</ele>
			 </trkpt>
			 <trkpt lat="-34.904024" lon="138.582665">
				 <ele>23</ele>
			 </trkpt>
			 <trkpt lat="-34.904048" lon="138.582637">
				 <ele>23</ele>
			 </trkpt>
			 <trkpt lat="-34.904074" lon="138.582608">
				 <ele>23</ele>
			 </trkpt>
			 <trkpt lat="-34.904099" lon="138.582578">
				 <ele>23</ele>
			 </trkpt>
			 <trkpt lat="-34.904124" lon="138.582549">
				 <ele>23</ele>
			 </trkpt>
			 <trkpt lat="-34.90415" lon="138.582519">
				 <ele>23</ele>
			 </trkpt>
			 <trkpt lat="-34.904177" lon="138.582489">
				 <ele>23</ele>
			 </trkpt>
			 <trkpt lat="-34.904203" lon="138.582459">
				 <ele>23</ele>
			 </trkpt>
			 <trkpt lat="-34.90425" lon="138.582403">
				 <ele>23</ele>
			 </trkpt>
			 <trkpt lat="-34.904276" lon="138.582373">
				 <ele>23</ele>
			 </trkpt>
			 <trkpt lat="-34.904301" lon="138.582343">
				 <ele>23</ele>
			 </trkpt>
			 <trkpt lat="-34.904326" lon="138.582314">
				 <ele>23</ele>
			 </trkpt>
			 <trkpt lat="-34.904352" lon="138.582284">
				 <ele>23</ele>
			 </trkpt>
			 <trkpt lat="-34.904378" lon="138.582253">
				 <ele>23</ele>
			 </trkpt>
			 <trkpt lat="-34.904404" lon="138.582222">
				 <ele>23</ele>
			 </trkpt>
			 <trkpt lat="-34.90463" lon="138.581954">
				 <ele>23</ele>
			 </trkpt>
			 <trkpt lat="-34.904669" lon="138.581908">
				 <ele>23</ele>
			 </trkpt>
			 <trkpt lat="-34.904694" lon="138.581878">
				 <ele>23</ele>
			 </trkpt>
			 <trkpt lat="-34.904719" lon="138.581848">
				 <ele>23</ele>
			 </trkpt>
			 <trkpt lat="-34.904744" lon="138.581818">
				 <ele>23</ele>
			 </trkpt>
			 <trkpt lat="-34.90477" lon="138.581787">
				 <ele>23</ele>
			 </trkpt>
			 <trkpt lat="-34.904797" lon="138.581756">
				 <ele>23</ele>
			 </trkpt>
			 <trkpt lat="-34.904906" lon="138.581631">
				 <ele>23</ele>
			 </trkpt>
			 <trkpt lat="-34.904931" lon="138.581602">
				 <ele>23</ele>
			 </trkpt>
			 <trkpt lat="-34.904957" lon="138.581573">
				 <ele>23</ele>
			 </trkpt>
			 <trkpt lat="-34.904982" lon="138.581544">
				 <ele>23</ele>
			 </trkpt>
			 <trkpt lat="-34.905009" lon="138.581514">
				 <ele>23</ele>
			 </trkpt>
			 <trkpt lat="-34.905035" lon="138.581483">
				 <ele>23</ele>
			 </trkpt>
			 <trkpt lat="-34.905062" lon="138.581453">
				 <ele>23</ele>
			 </trkpt>
			 <trkpt lat="-34.905221" lon="138.581274">
				 <ele>23</ele>
			 </trkpt>
			 <trkpt lat="-34.905247" lon="138.581244">
				 <ele>23.1</ele>
			 </trkpt>
			 <trkpt lat="-34.905272" lon="138.581215">
				 <ele>23.2</ele>
			 </trkpt>
			 <trkpt lat="-34.905293" lon="138.581192">
				 <ele>23.3</ele>
			 </trkpt>
			 <trkpt lat="-34.905324" lon="138.581157">
				 <ele>23.4</ele>
			 </trkpt>
			 <trkpt lat="-34.905351" lon="138.581127">
				 <ele>23.5</ele>
			 </trkpt>
			 <trkpt lat="-34.905378" lon="138.581097">
				 <ele>23.5</ele>
			 </trkpt>
			 <trkpt lat="-34.905547" lon="138.580904">
				 <ele>23.6</ele>
			 </trkpt>
			 <trkpt lat="-34.905574" lon="138.580874">
				 <ele>23.7</ele>
			 </trkpt>
			 <trkpt lat="-34.905599" lon="138.580845">
				 <ele>23.8</ele>
			 </trkpt>
			 <trkpt lat="-34.905625" lon="138.580816">
				 <ele>23.9</ele>
			 </trkpt>
			 <trkpt lat="-34.905651" lon="138.580786">
				 <ele>24</ele>
			 </trkpt>
			 <trkpt lat="-34.905678" lon="138.580755">
				 <ele>24</ele>
			 </trkpt>
			 <trkpt lat="-34.905704" lon="138.580725">
				 <ele>24</ele>
			 </trkpt>
			 <trkpt lat="-34.90583" lon="138.580588">
				 <ele>24.1</ele>
			 </trkpt>
			 <trkpt lat="-34.905857" lon="138.580559">
				 <ele>24.2</ele>
			 </trkpt>
			 <trkpt lat="-34.905883" lon="138.580531">
				 <ele>24.3</ele>
			 </trkpt>
			 <trkpt lat="-34.905909" lon="138.580502">
				 <ele>24.4</ele>
			 </trkpt>
			 <trkpt lat="-34.905936" lon="138.580473">
				 <ele>24.5</ele>
			 </trkpt>
			 <trkpt lat="-34.905964" lon="138.580443">
				 <ele>24.5</ele>
			 </trkpt>
			 <trkpt lat="-34.905991" lon="138.580414">
				 <ele>24.6</ele>
			 </trkpt>
			 <trkpt lat="-34.906223" lon="138.580154">
				 <ele>24.7</ele>
			 </trkpt>
			 <trkpt lat="-34.906254" lon="138.580119">
				 <ele>24.8</ele>
			 </trkpt>
			 <trkpt lat="-34.90628" lon="138.58009">
				 <ele>24.9</ele>
			 </trkpt>
			 <trkpt lat="-34.906306" lon="138.580061">
				 <ele>25</ele>
			 </trkpt>
			 <trkpt lat="-34.906332" lon="138.580031">
				 <ele>25</ele>
			 </trkpt>
			 <trkpt lat="-34.906359" lon="138.580001">
				 <ele>25</ele>
			 </trkpt>
			 <trkpt lat="-34.906386" lon="138.579971">
				 <ele>25.1</ele>
			 </trkpt>
			 <trkpt lat="-34.906575" lon="138.579761">
				 <ele>25.2</ele>
			 </trkpt>
			 <trkpt lat="-34.906601" lon="138.579732">
				 <ele>25.3</ele>
			 </trkpt>
			 <trkpt lat="-34.906627" lon="138.579703">
				 <ele>25.4</ele>
			 </trkpt>
			 <trkpt lat="-34.906653" lon="138.579674">
				 <ele>25.5</ele>
			 </trkpt>
			 <trkpt lat="-34.90668" lon="138.579644">
				 <ele>25.5</ele>
			 </trkpt>
			 <trkpt lat="-34.906707" lon="138.579614">
				 <ele>25.6</ele>
			 </trkpt>
			 <trkpt lat="-34.906734" lon="138.579584">
				 <ele>25.7</ele>
			 </trkpt>
			 <trkpt lat="-34.906888" lon="138.579406">
				 <ele>25.8</ele>
			 </trkpt>
			 <trkpt lat="-34.906914" lon="138.579376">
				 <ele>25.9</ele>
			 </trkpt>
			 <trkpt lat="-34.90694" lon="138.579347">
				 <ele>26</ele>
			 </trkpt>
			 <trkpt lat="-34.906963" lon="138.579321">
				 <ele>26</ele>
			 </trkpt>
			 <trkpt lat="-34.906991" lon="138.579287">
				 <ele>26</ele>
			 </trkpt>
			 <trkpt lat="-34.907018" lon="138.579257">
				 <ele>26</ele>
			 </trkpt>
			 <trkpt lat="-34.907045" lon="138.579226">
				 <ele>26</ele>
			 </trkpt>
			 <trkpt lat="-34.907271" lon="138.578959">
				 <ele>26</ele>
			 </trkpt>
			 <trkpt lat="-34.907425" lon="138.578776">
				 <ele>26</ele>
			 </trkpt>
			 <trkpt lat="-34.907451" lon="138.578746">
				 <ele>26</ele>
			 </trkpt>
			 <trkpt lat="-34.907476" lon="138.578716">
				 <ele>26</ele>
			 </trkpt>
			 <trkpt lat="-34.907496" lon="138.578692">
				 <ele>26</ele>
			 </trkpt>
			 <trkpt lat="-34.907527" lon="138.578656">
				 <ele>26</ele>
			 </trkpt>
			 <trkpt lat="-34.907553" lon="138.578625">
				 <ele>25.9</ele>
			 </trkpt>
			 <trkpt lat="-34.907579" lon="138.578594">
				 <ele>25.8</ele>
			 </trkpt>
			 <trkpt lat="-34.907738" lon="138.578407">
				 <ele>25.7</ele>
			 </trkpt>
			 <trkpt lat="-34.907763" lon="138.578376">
				 <ele>25.6</ele>
			 </trkpt>
			 <trkpt lat="-34.907789" lon="138.578347">
				 <ele>25.5</ele>
			 </trkpt>
			 <trkpt lat="-34.907814" lon="138.578317">
				 <ele>25.5</ele>
			 </trkpt>
			 <trkpt lat="-34.90784" lon="138.578286">
				 <ele>25.4</ele>
			 </trkpt>
			 <trkpt lat="-34.907866" lon="138.578255">
				 <ele>25.3</ele>
			 </trkpt>
			 <trkpt lat="-34.907892" lon="138.578224">
				 <ele>25.2</ele>
			 </trkpt>
			 <trkpt lat="-34.907913" lon="138.5782">
				 <ele>25.1</ele>
			 </trkpt>
			 <trkpt lat="-34.907939" lon="138.578169">
				 <ele>25</ele>
			 </trkpt>
			 <trkpt lat="-34.907964" lon="138.578139">
				 <ele>25</ele>
			 </trkpt>
			 <trkpt lat="-34.907989" lon="138.57811">
				 <ele>25</ele>
			 </trkpt>
			 <trkpt lat="-34.908015" lon="138.578079">
				 <ele>25</ele>
			 </trkpt>
			 <trkpt lat="-34.908042" lon="138.578048">
				 <ele>25</ele>
			 </trkpt>
			 <trkpt lat="-34.908068" lon="138.578017">
				 <ele>25</ele>
			 </trkpt>
			 <trkpt lat="-34.908112" lon="138.577972">
				 <ele>25</ele>
			 </trkpt>
			 <trkpt lat="-34.908139" lon="138.577944">
				 <ele>25</ele>
			 </trkpt>
			 <trkpt lat="-34.908166" lon="138.577917">
				 <ele>25</ele>
			 </trkpt>
			 <trkpt lat="-34.908194" lon="138.577889">
				 <ele>25</ele>
			 </trkpt>
			 <trkpt lat="-34.908222" lon="138.57786">
				 <ele>25</ele>
			 </trkpt>
			 <trkpt lat="-34.90825" lon="138.577832">
				 <ele>25</ele>
			 </trkpt>
			 <trkpt lat="-34.908345" lon="138.577726">
				 <ele>25</ele>
			 </trkpt>
			 <trkpt lat="-34.908372" lon="138.577696">
				 <ele>25</ele>
			 </trkpt>
			 <trkpt lat="-34.908398" lon="138.577667">
				 <ele>25</ele>
			 </trkpt>
			 <trkpt lat="-34.908424" lon="138.577639">
				 <ele>25</ele>
			 </trkpt>
			 <trkpt lat="-34.908451" lon="138.577609">
				 <ele>25</ele>
			 </trkpt>
			 <trkpt lat="-34.908472" lon="138.577586">
				 <ele>25</ele>
			 </trkpt>
			 <trkpt lat="-34.908498" lon="138.577556">
				 <ele>25</ele>
			 </trkpt>
			 <trkpt lat="-34.908523" lon="138.577525">
				 <ele>25</ele>
			 </trkpt>
			 <trkpt lat="-34.908542" lon="138.577501">
				 <ele>25</ele>
			 </trkpt>
			 <trkpt lat="-34.908566" lon="138.577468">
				 <ele>25</ele>
			 </trkpt>
			 <trkpt lat="-34.90859" lon="138.577437">
				 <ele>25</ele>
			 </trkpt>
			 <trkpt lat="-34.908614" lon="138.577405">
				 <ele>24.9</ele>
			 </trkpt>
			 <trkpt lat="-34.908638" lon="138.577373">
				 <ele>24.8</ele>
			 </trkpt>
			 <trkpt lat="-34.908661" lon="138.577349">
				 <ele>24.7</ele>
			 </trkpt>
			 <trkpt lat="-34.90869" lon="138.577323">
				 <ele>24.6</ele>
			 </trkpt>
			 <trkpt lat="-34.908722" lon="138.577304">
				 <ele>24.5</ele>
			 </trkpt>
			 <trkpt lat="-34.908754" lon="138.577288">
				 <ele>24.5</ele>
			 </trkpt>
			 <trkpt lat="-34.90879" lon="138.577279">
				 <ele>24.4</ele>
			 </trkpt>
			 <trkpt lat="-34.908826" lon="138.577273">
				 <ele>24.3</ele>
			 </trkpt>
			 <trkpt lat="-34.908861" lon="138.577268">
				 <ele>24.2</ele>
			 </trkpt>
			 <trkpt lat="-34.908897" lon="138.577272">
				 <ele>24.1</ele>
			 </trkpt>
			 <trkpt lat="-34.908933" lon="138.577275">
				 <ele>24.1</ele>
			 </trkpt>
			 <trkpt lat="-34.908968" lon="138.57728">
				 <ele>24.2</ele>
			 </trkpt>
			 <trkpt lat="-34.909004" lon="138.577286">
				 <ele>24.3</ele>
			 </trkpt>
			 <trkpt lat="-34.909041" lon="138.577292">
				 <ele>24.4</ele>
			 </trkpt>
			 <trkpt lat="-34.909077" lon="138.577298">
				 <ele>24.5</ele>
			 </trkpt>
			 <trkpt lat="-34.909133" lon="138.577308">
				 <ele>24.5</ele>
			 </trkpt>
			 <trkpt lat="-34.909168" lon="138.577314">
				 <ele>24.6</ele>
			 </trkpt>
			 <trkpt lat="-34.909204" lon="138.577321">
				 <ele>24.7</ele>
			 </trkpt>
			 <trkpt lat="-34.90924" lon="138.577327">
				 <ele>24.8</ele>
			 </trkpt>
			 <trkpt lat="-34.909277" lon="138.577334">
				 <ele>24.9</ele>
			 </trkpt>
			 <trkpt lat="-34.909314" lon="138.577341">
				 <ele>25</ele>
			 </trkpt>
			 <trkpt lat="-34.909513" lon="138.577372">
				 <ele>25</ele>
			 </trkpt>
			 <trkpt lat="-34.909549" lon="138.577377">
				 <ele>25</ele>
			 </trkpt>
			 <trkpt lat="-34.909585" lon="138.577383">
				 <ele>25</ele>
			 </trkpt>
			 <trkpt lat="-34.909621" lon="138.577388">
				 <ele>25</ele>
			 </trkpt>
			 <trkpt lat="-34.909658" lon="138.577394">
				 <ele>25</ele>
			 </trkpt>
			 <trkpt lat="-34.909695" lon="138.5774">
				 <ele>25</ele>
			 </trkpt>
			 <trkpt lat="-34.909732" lon="138.577406">
				 <ele>25</ele>
			 </trkpt>
			 <trkpt lat="-34.910045" lon="138.577446">
				 <ele>25.1</ele>
			 </trkpt>
			 <trkpt lat="-34.910084" lon="138.577451">
				 <ele>25.2</ele>
			 </trkpt>
			 <trkpt lat="-34.91012" lon="138.577455">
				 <ele>25.3</ele>
			 </trkpt>
			 <trkpt lat="-34.910156" lon="138.57746">
				 <ele>25.4</ele>
			 </trkpt>
			 <trkpt lat="-34.910192" lon="138.577464">
				 <ele>25.5</ele>
			 </trkpt>
			 <trkpt lat="-34.910228" lon="138.577469">
				 <ele>25.5</ele>
			 </trkpt>
			 <trkpt lat="-34.910266" lon="138.577474">
				 <ele>25.6</ele>
			 </trkpt>
			 <trkpt lat="-34.910303" lon="138.577479">
				 <ele>25.7</ele>
			 </trkpt>
			 <trkpt lat="-34.910457" lon="138.577495">
				 <ele>25.8</ele>
			 </trkpt>
			 <trkpt lat="-34.910493" lon="138.577499">
				 <ele>25.9</ele>
			 </trkpt>
			 <trkpt lat="-34.910529" lon="138.577503">
				 <ele>26</ele>
			 </trkpt>
			 <trkpt lat="-34.910565" lon="138.577506">
				 <ele>26</ele>
			 </trkpt>
			 <trkpt lat="-34.910602" lon="138.57751">
				 <ele>26</ele>
			 </trkpt>
			 <trkpt lat="-34.91064" lon="138.577514">
				 <ele>26</ele>
			 </trkpt>
			 <trkpt lat="-34.910677" lon="138.577518">
				 <ele>26</ele>
			 </trkpt>
			 <trkpt lat="-34.910745" lon="138.577529">
				 <ele>26</ele>
			 </trkpt>
			 <trkpt lat="-34.910781" lon="138.577535">
				 <ele>26</ele>
			 </trkpt>
			 <trkpt lat="-34.910817" lon="138.57754">
				 <ele>26</ele>
			 </trkpt>
			 <trkpt lat="-34.910853" lon="138.577546">
				 <ele>26</ele>
			 </trkpt>
			 <trkpt lat="-34.910889" lon="138.577552">
				 <ele>25.9</ele>
			 </trkpt>
			 <trkpt lat="-34.910927" lon="138.577558">
				 <ele>25.8</ele>
			 </trkpt>
			 <trkpt lat="-34.910964" lon="138.577564">
				 <ele>25.7</ele>
			 </trkpt>
			 <trkpt lat="-34.911092" lon="138.577586">
				 <ele>25.6</ele>
			 </trkpt>
			 <trkpt lat="-34.911129" lon="138.577592">
				 <ele>25.5</ele>
			 </trkpt>
			 <trkpt lat="-34.911165" lon="138.577598">
				 <ele>25.5</ele>
			 </trkpt>
			 <trkpt lat="-34.911201" lon="138.577604">
				 <ele>25.4</ele>
			 </trkpt>
			 <trkpt lat="-34.911237" lon="138.577611">
				 <ele>25.3</ele>
			 </trkpt>
			 <trkpt lat="-34.911275" lon="138.577617">
				 <ele>25.2</ele>
			 </trkpt>
			 <trkpt lat="-34.911313" lon="138.577624">
				 <ele>25.1</ele>
			 </trkpt>
			 <trkpt lat="-34.91151" lon="138.577662">
				 <ele>25</ele>
			 </trkpt>
			 <trkpt lat="-34.911546" lon="138.577669">
				 <ele>25</ele>
			 </trkpt>
			 <trkpt lat="-34.911582" lon="138.577676">
				 <ele>25</ele>
			 </trkpt>
			 <trkpt lat="-34.911618" lon="138.577683">
				 <ele>25</ele>
			 </trkpt>
			 <trkpt lat="-34.911655" lon="138.57769">
				 <ele>25</ele>
			 </trkpt>
			 <trkpt lat="-34.911692" lon="138.577697">
				 <ele>25</ele>
			 </trkpt>
			 <trkpt lat="-34.911729" lon="138.577704">
				 <ele>25</ele>
			 </trkpt>
			 <trkpt lat="-34.911821" lon="138.577725">
				 <ele>25</ele>
			 </trkpt>
			 <trkpt lat="-34.911857" lon="138.577733">
				 <ele>25</ele>
			 </trkpt>
			 <trkpt lat="-34.911893" lon="138.57774">
				 <ele>25</ele>
			 </trkpt>
			 <trkpt lat="-34.911928" lon="138.577748">
				 <ele>25</ele>
			 </trkpt>
			 <trkpt lat="-34.911965" lon="138.577757">
				 <ele>25</ele>
			 </trkpt>
			 <trkpt lat="-34.912002" lon="138.577765">
				 <ele>25</ele>
			 </trkpt>
			 <trkpt lat="-34.912039" lon="138.577773">
				 <ele>25</ele>
			 </trkpt>
			 <trkpt lat="-34.91224" lon="138.577816">
				 <ele>25</ele>
			 </trkpt>
			 <trkpt lat="-34.912277" lon="138.577824">
				 <ele>25</ele>
			 </trkpt>
			 <trkpt lat="-34.912312" lon="138.577832">
				 <ele>25</ele>
			 </trkpt>
			 <trkpt lat="-34.912348" lon="138.577839">
				 <ele>25</ele>
			 </trkpt>
			 <trkpt lat="-34.912385" lon="138.577847">
				 <ele>25</ele>
			 </trkpt>
			 <trkpt lat="-34.912422" lon="138.577855">
				 <ele>25</ele>
			 </trkpt>
			 <trkpt lat="-34.912459" lon="138.577863">
				 <ele>25.1</ele>
			 </trkpt>
			 <trkpt lat="-34.91273" lon="138.577921">
				 <ele>25.2</ele>
			 </trkpt>
			 <trkpt lat="-34.912767" lon="138.577929">
				 <ele>25.3</ele>
			 </trkpt>
			 <trkpt lat="-34.912803" lon="138.577936">
				 <ele>25.4</ele>
			 </trkpt>
			 <trkpt lat="-34.912838" lon="138.577944">
				 <ele>25.5</ele>
			 </trkpt>
			 <trkpt lat="-34.912875" lon="138.577952">
				 <ele>25.5</ele>
			 </trkpt>
			 <trkpt lat="-34.912912" lon="138.57796">
				 <ele>25.6</ele>
			 </trkpt>
			 <trkpt lat="-34.912949" lon="138.577968">
				 <ele>25.7</ele>
			 </trkpt>
			 <trkpt lat="-34.913004" lon="138.577979">
				 <ele>25.9</ele>
			 </trkpt>
			 <trkpt lat="-34.913031" lon="138.577985">
				 <ele>26.1</ele>
			 </trkpt>
			 <trkpt lat="-34.913067" lon="138.577993">
				 <ele>26.2</ele>
			 </trkpt>
			 <trkpt lat="-34.913102" lon="138.578001">
				 <ele>26.2</ele>
			 </trkpt>
			 <trkpt lat="-34.913138" lon="138.578009">
				 <ele>26.2</ele>
			 </trkpt>
			 <trkpt lat="-34.913175" lon="138.578017">
				 <ele>26.1</ele>
			 </trkpt>
			 <trkpt lat="-34.913212" lon="138.578025">
				 <ele>26</ele>
			 </trkpt>
			 <trkpt lat="-34.913247" lon="138.578043">
				 <ele>25.9</ele>
			 </trkpt>
			 <trkpt lat="-34.913284" lon="138.578079">
				 <ele>25.8</ele>
			 </trkpt>
			 <trkpt lat="-34.913305" lon="138.578116">
				 <ele>25.7</ele>
			 </trkpt>
			 <trkpt lat="-34.913325" lon="138.578154">
				 <ele>25.5</ele>
			 </trkpt>
			 <trkpt lat="-34.913333" lon="138.578198">
				 <ele>25.3</ele>
			 </trkpt>
			 <trkpt lat="-34.913314" lon="138.578441">
				 <ele>25</ele>
			 </trkpt>
			 <trkpt lat="-34.91331" lon="138.578485">
				 <ele>24.8</ele>
			 </trkpt>
			 <trkpt lat="-34.913307" lon="138.578528">
				 <ele>24.5</ele>
			 </trkpt>
			 <trkpt lat="-34.913303" lon="138.578571">
				 <ele>24.3</ele>
			 </trkpt>
			 <trkpt lat="-34.9133" lon="138.578615">
				 <ele>24.1</ele>
			 </trkpt>
			 <trkpt lat="-34.913297" lon="138.578654">
				 <ele>23.8</ele>
			 </trkpt>
			 <trkpt lat="-34.913293" lon="138.578698">
				 <ele>23.5</ele>
			 </trkpt>
			 <trkpt lat="-34.913291" lon="138.578742">
				 <ele>23.3</ele>
			 </trkpt>
			 <trkpt lat="-34.913288" lon="138.578786">
				 <ele>22.9</ele>
			 </trkpt>
			 <trkpt lat="-34.913286" lon="138.578831">
				 <ele>22.6</ele>
			 </trkpt>
			 <trkpt lat="-34.913283" lon="138.578867">
				 <ele>22.4</ele>
			 </trkpt>
			 <trkpt lat="-34.913281" lon="138.578911">
				 <ele>22.2</ele>
			 </trkpt>
			 <trkpt lat="-34.913279" lon="138.578956">
				 <ele>22</ele>
			 </trkpt>
			 <trkpt lat="-34.91328" lon="138.578999">
				 <ele>21.9</ele>
			 </trkpt>
			 <trkpt lat="-34.913293" lon="138.579041">
				 <ele>21.8</ele>
			 </trkpt>
			 <trkpt lat="-34.913311" lon="138.579081">
				 <ele>21.7</ele>
			 </trkpt>
			 <trkpt lat="-34.91334" lon="138.579133">
				 <ele>21.7</ele>
			 </trkpt>
			 <trkpt lat="-34.913368" lon="138.579164">
				 <ele>21.7</ele>
			 </trkpt>
			 <trkpt lat="-34.913394" lon="138.579194">
				 <ele>21.7</ele>
			 </trkpt>
			 <trkpt lat="-34.913425" lon="138.579218">
				 <ele>21.8</ele>
			 </trkpt>
			 <trkpt lat="-34.913456" lon="138.579242">
				 <ele>21.9</ele>
			 </trkpt>
			 <trkpt lat="-34.913486" lon="138.579266">
				 <ele>22.1</ele>
			 </trkpt>
			 <trkpt lat="-34.913518" lon="138.57929">
				 <ele>22.2</ele>
			 </trkpt>
			 <trkpt lat="-34.91355" lon="138.579315">
				 <ele>22.3</ele>
			 </trkpt>
			 <trkpt lat="-34.913719" lon="138.57943">
				 <ele>22.4</ele>
			 </trkpt>
			 <trkpt lat="-34.913752" lon="138.579452">
				 <ele>22.5</ele>
			 </trkpt>
			 <trkpt lat="-34.913784" lon="138.579474">
				 <ele>22.6</ele>
			 </trkpt>
			 <trkpt lat="-34.913816" lon="138.579496">
				 <ele>22.8</ele>
			 </trkpt>
			 <trkpt lat="-34.913849" lon="138.579519">
				 <ele>23</ele>
			 </trkpt>
			 <trkpt lat="-34.913882" lon="138.579541">
				 <ele>23.2</ele>
			 </trkpt>
			 <trkpt lat="-34.913917" lon="138.579566">
				 <ele>23.4</ele>
			 </trkpt>
			 <trkpt lat="-34.913949" lon="138.579589">
				 <ele>23.5</ele>
			 </trkpt>
			 <trkpt lat="-34.913981" lon="138.579612">
				 <ele>23.6</ele>
			 </trkpt>
			 <trkpt lat="-34.914014" lon="138.579635">
				 <ele>23.7</ele>
			 </trkpt>
			 <trkpt lat="-34.914059" lon="138.579652">
				 <ele>23.9</ele>
			 </trkpt>
			 <trkpt lat="-34.914095" lon="138.579666">
				 <ele>24.1</ele>
			 </trkpt>
			 <trkpt lat="-34.91413" lon="138.57968">
				 <ele>24.3</ele>
			 </trkpt>
			 <trkpt lat="-34.914165" lon="138.579693">
				 <ele>24.4</ele>
			 </trkpt>
			 <trkpt lat="-34.914201" lon="138.579707">
				 <ele>24.5</ele>
			 </trkpt>
			 <trkpt lat="-34.914237" lon="138.579721">
				 <ele>24.5</ele>
			 </trkpt>
			 <trkpt lat="-34.914288" lon="138.579734">
				 <ele>24.6</ele>
			 </trkpt>
			 <trkpt lat="-34.914324" lon="138.579743">
				 <ele>24.7</ele>
			 </trkpt>
			 <trkpt lat="-34.914361" lon="138.579752">
				 <ele>24.9</ele>
			 </trkpt>
			 <trkpt lat="-34.914398" lon="138.579761">
				 <ele>25.1</ele>
			 </trkpt>
			 <trkpt lat="-34.914439" lon="138.579771">
				 <ele>25.3</ele>
			 </trkpt>
			 <trkpt lat="-34.914476" lon="138.57978">
				 <ele>25.4</ele>
			 </trkpt>
			 <trkpt lat="-34.914512" lon="138.579789">
				 <ele>25.5</ele>
			 </trkpt>
			 <trkpt lat="-34.914539" lon="138.579795">
				 <ele>25.5</ele>
			 </trkpt>
			 <trkpt lat="-34.914576" lon="138.579804">
				 <ele>25.6</ele>
			 </trkpt>
			 <trkpt lat="-34.914611" lon="138.579817">
				 <ele>25.6</ele>
			 </trkpt>
			 <trkpt lat="-34.914646" lon="138.579831">
				 <ele>25.6</ele>
			 </trkpt>
			 <trkpt lat="-34.914682" lon="138.579846">
				 <ele>25.6</ele>
			 </trkpt>
			 <trkpt lat="-34.914718" lon="138.579861">
				 <ele>25.6</ele>
			 </trkpt>
			 <trkpt lat="-34.914769" lon="138.57988">
				 <ele>25.5</ele>
			 </trkpt>
			 <trkpt lat="-34.914806" lon="138.579893">
				 <ele>25.5</ele>
			 </trkpt>
			 <trkpt lat="-34.91485" lon="138.57992">
				 <ele>25.4</ele>
			 </trkpt>
			 <trkpt lat="-34.914883" lon="138.57994">
				 <ele>25.3</ele>
			 </trkpt>
			 <trkpt lat="-34.914913" lon="138.579958">
				 <ele>25.1</ele>
			 </trkpt>
			 <trkpt lat="-34.914946" lon="138.579978">
				 <ele>24.9</ele>
			 </trkpt>
			 <trkpt lat="-34.914978" lon="138.58">
				 <ele>24.7</ele>
			 </trkpt>
			 <trkpt lat="-34.91501" lon="138.580022">
				 <ele>24.6</ele>
			 </trkpt>
			 <trkpt lat="-34.915037" lon="138.580041">
				 <ele>24.5</ele>
			 </trkpt>
			 <trkpt lat="-34.91507" lon="138.580064">
				 <ele>24.3</ele>
			 </trkpt>
			 <trkpt lat="-34.915099" lon="138.580091">
				 <ele>24.1</ele>
			 </trkpt>
			 <trkpt lat="-34.915128" lon="138.580119">
				 <ele>23.9</ele>
			 </trkpt>
			 <trkpt lat="-34.915158" lon="138.580148">
				 <ele>23.6</ele>
			 </trkpt>
			 <trkpt lat="-34.915187" lon="138.580177">
				 <ele>23.4</ele>
			 </trkpt>
			 <trkpt lat="-34.915221" lon="138.580218">
				 <ele>23.1</ele>
			 </trkpt>
			 <trkpt lat="-34.915248" lon="138.58025">
				 <ele>22.9</ele>
			 </trkpt>
			 <trkpt lat="-34.915276" lon="138.580282">
				 <ele>22.6</ele>
			 </trkpt>
			 <trkpt lat="-34.915296" lon="138.580308">
				 <ele>22.4</ele>
			 </trkpt>
			 <trkpt lat="-34.915323" lon="138.58034">
				 <ele>22.1</ele>
			 </trkpt>
			 <trkpt lat="-34.915349" lon="138.580372">
				 <ele>21.9</ele>
			 </trkpt>
			 <trkpt lat="-34.915375" lon="138.580404">
				 <ele>21.6</ele>
			 </trkpt>
			 <trkpt lat="-34.915401" lon="138.580437">
				 <ele>21.4</ele>
			 </trkpt>
			 <trkpt lat="-34.915428" lon="138.58047">
				 <ele>21.1</ele>
			 </trkpt>
			 <trkpt lat="-34.915432" lon="138.580537">
				 <ele>20.9</ele>
			 </trkpt>
			 <trkpt lat="-34.915438" lon="138.580658">
				 <ele>20.7</ele>
			 </trkpt>
			 <trkpt lat="-34.91544" lon="138.580703">
				 <ele>20.5</ele>
			 </trkpt>
			 <trkpt lat="-34.915442" lon="138.580748">
				 <ele>20.4</ele>
			 </trkpt>
			 <trkpt lat="-34.915445" lon="138.580792">
				 <ele>20.3</ele>
			 </trkpt>
			 <trkpt lat="-34.915447" lon="138.580838">
				 <ele>20.1</ele>
			 </trkpt>
			 <trkpt lat="-34.915449" lon="138.580884">
				 <ele>19.9</ele>
			 </trkpt>
			 <trkpt lat="-34.915465" lon="138.581069">
				 <ele>19.7</ele>
			 </trkpt>
			 <trkpt lat="-34.915469" lon="138.581114">
				 <ele>19.6</ele>
			 </trkpt>
			 <trkpt lat="-34.915473" lon="138.581159">
				 <ele>19.5</ele>
			 </trkpt>
			 <trkpt lat="-34.915476" lon="138.581203">
				 <ele>19.5</ele>
			 </trkpt>
			 <trkpt lat="-34.91548" lon="138.581248">
				 <ele>19.4</ele>
			 </trkpt>
			 <trkpt lat="-34.915484" lon="138.581294">
				 <ele>19.4</ele>
			 </trkpt>
			 <trkpt lat="-34.915484" lon="138.581369">
				 <ele>19.4</ele>
			 </trkpt>
			 <trkpt lat="-34.915483" lon="138.581416">
				 <ele>19.4</ele>
			 </trkpt>
			 <trkpt lat="-34.915554" lon="138.581641">
				 <ele>19.5</ele>
			 </trkpt>
			 <trkpt lat="-34.915568" lon="138.581684">
				 <ele>19.7</ele>
			 </trkpt>
			 <trkpt lat="-34.915581" lon="138.581725">
				 <ele>20.1</ele>
			 </trkpt>
			 <trkpt lat="-34.915594" lon="138.581767">
				 <ele>20.5</ele>
			 </trkpt>
			 <trkpt lat="-34.915607" lon="138.581809">
				 <ele>21.1</ele>
			 </trkpt>
			 <trkpt lat="-34.91562" lon="138.581849">
				 <ele>21.8</ele>
			 </trkpt>
			 <trkpt lat="-34.915622" lon="138.581895">
				 <ele>22.6</ele>
			 </trkpt>
			 <trkpt lat="-34.915624" lon="138.58194">
				 <ele>23.5</ele>
			 </trkpt>
			 <trkpt lat="-34.915629" lon="138.581985">
				 <ele>24.3</ele>
			 </trkpt>
			 <trkpt lat="-34.915649" lon="138.582023">
				 <ele>25.1</ele>
			 </trkpt>
			 <trkpt lat="-34.915679" lon="138.582053">
				 <ele>25.9</ele>
			 </trkpt>
			 <trkpt lat="-34.915711" lon="138.58208">
				 <ele>26.6</ele>
			 </trkpt>
			 <trkpt lat="-34.915745" lon="138.582098">
				 <ele>27.3</ele>
			 </trkpt>
			 <trkpt lat="-34.915778" lon="138.58212">
				 <ele>27.9</ele>
			 </trkpt>
			 <trkpt lat="-34.915806" lon="138.582152">
				 <ele>28.5</ele>
			 </trkpt>
			 <trkpt lat="-34.915833" lon="138.582218">
				 <ele>28.9</ele>
			 </trkpt>
			 <trkpt lat="-34.91583" lon="138.582355">
				 <ele>29.2</ele>
			 </trkpt>
			 <trkpt lat="-34.915829" lon="138.582401">
				 <ele>29.3</ele>
			 </trkpt>
			 <trkpt lat="-34.915828" lon="138.582447">
				 <ele>29.4</ele>
			 </trkpt>
			 <trkpt lat="-34.915828" lon="138.582492">
				 <ele>29.4</ele>
			 </trkpt>
			 <trkpt lat="-34.915827" lon="138.582532">
				 <ele>29.4</ele>
			 </trkpt>
			 <trkpt lat="-34.915826" lon="138.582578">
				 <ele>29.4</ele>
			 </trkpt>
			 <trkpt lat="-34.91583" lon="138.582623">
				 <ele>29.4</ele>
			 </trkpt>
			 <trkpt lat="-34.915834" lon="138.582669">
				 <ele>29.4</ele>
			 </trkpt>
			 <trkpt lat="-34.915839" lon="138.582715">
				 <ele>29.3</ele>
			 </trkpt>
			 <trkpt lat="-34.915844" lon="138.582761">
				 <ele>29.1</ele>
			 </trkpt>
			 <trkpt lat="-34.915855" lon="138.582813">
				 <ele>28.9</ele>
			 </trkpt>
			 <trkpt lat="-34.915864" lon="138.582858">
				 <ele>28.7</ele>
			 </trkpt>
			 <trkpt lat="-34.915874" lon="138.582902">
				 <ele>28.6</ele>
			 </trkpt>
			 <trkpt lat="-34.915883" lon="138.582947">
				 <ele>28.5</ele>
			 </trkpt>
			 <trkpt lat="-34.915893" lon="138.582992">
				 <ele>28.4</ele>
			 </trkpt>
			 <trkpt lat="-34.915909" lon="138.583048">
				 <ele>28.2</ele>
			 </trkpt>
			 <trkpt lat="-34.915922" lon="138.583091">
				 <ele>27.9</ele>
			 </trkpt>
			 <trkpt lat="-34.915934" lon="138.583135">
				 <ele>27.5</ele>
			 </trkpt>
			 <trkpt lat="-34.915947" lon="138.583177">
				 <ele>27.2</ele>
			 </trkpt>
			 <trkpt lat="-34.91596" lon="138.583221">
				 <ele>26.7</ele>
			 </trkpt>
			 <trkpt lat="-34.915972" lon="138.583266">
				 <ele>26.4</ele>
			 </trkpt>
			 <trkpt lat="-34.915985" lon="138.58332">
				 <ele>26</ele>
			 </trkpt>
			 <trkpt lat="-34.915995" lon="138.583364">
				 <ele>25.6</ele>
			 </trkpt>
			 <trkpt lat="-34.916006" lon="138.583408">
				 <ele>25.3</ele>
			 </trkpt>
			 <trkpt lat="-34.91603" lon="138.583443">
				 <ele>24.9</ele>
			 </trkpt>
			 <trkpt lat="-34.916065" lon="138.583461">
				 <ele>24.6</ele>
			 </trkpt>
			 <trkpt lat="-34.916104" lon="138.583471">
				 <ele>24.4</ele>
			 </trkpt>
			 <trkpt lat="-34.91608" lon="138.583578">
				 <ele>24.2</ele>
			 </trkpt>
			 <trkpt lat="-34.916066" lon="138.583621">
				 <ele>24.1</ele>
			 </trkpt>
			 <trkpt lat="-34.916053" lon="138.583664">
				 <ele>24</ele>
			 </trkpt>
			 <trkpt lat="-34.916039" lon="138.583707">
				 <ele>24</ele>
			 </trkpt>
			 <trkpt lat="-34.916026" lon="138.583751">
				 <ele>24</ele>
			 </trkpt>
			 <trkpt lat="-34.916012" lon="138.583794">
				 <ele>24.1</ele>
			 </trkpt>
			 <trkpt lat="-34.915877" lon="138.584141">
				 <ele>24.2</ele>
			 </trkpt>
			 <trkpt lat="-34.915828" lon="138.584266">
				 <ele>24.3</ele>
			 </trkpt>
			 <trkpt lat="-34.915812" lon="138.584308">
				 <ele>24.4</ele>
			 </trkpt>
			 <trkpt lat="-34.915796" lon="138.584349">
				 <ele>24.5</ele>
			 </trkpt>
			 <trkpt lat="-34.915779" lon="138.58439">
				 <ele>24.5</ele>
			 </trkpt>
			 <trkpt lat="-34.915763" lon="138.584433">
				 <ele>24.7</ele>
			 </trkpt>
			 <trkpt lat="-34.915746" lon="138.584476">
				 <ele>24.9</ele>
			 </trkpt>
			 <trkpt lat="-34.915677" lon="138.584632">
				 <ele>25.2</ele>
			 </trkpt>
			 <trkpt lat="-34.915659" lon="138.584673">
				 <ele>25.5</ele>
			 </trkpt>
			 <trkpt lat="-34.915644" lon="138.584707">
				 <ele>25.7</ele>
			 </trkpt>
			 <trkpt lat="-34.915626" lon="138.584748">
				 <ele>25.9</ele>
			 </trkpt>
			 <trkpt lat="-34.915608" lon="138.584789">
				 <ele>26.1</ele>
			 </trkpt>
			 <trkpt lat="-34.91559" lon="138.58483">
				 <ele>26.3</ele>
			 </trkpt>
			 <trkpt lat="-34.915584" lon="138.584876">
				 <ele>26.5</ele>
			 </trkpt>
			 <trkpt lat="-34.915589" lon="138.584923">
				 <ele>26.6</ele>
			 </trkpt>
			 <trkpt lat="-34.91569" lon="138.585017">
				 <ele>26.8</ele>
			 </trkpt>
			 <trkpt lat="-34.915721" lon="138.585045">
				 <ele>26.8</ele>
			 </trkpt>
			 <trkpt lat="-34.915751" lon="138.585074">
				 <ele>26.8</ele>
			 </trkpt>
			 <trkpt lat="-34.915782" lon="138.585102">
				 <ele>26.7</ele>
			 </trkpt>
			 <trkpt lat="-34.915813" lon="138.585131">
				 <ele>26.6</ele>
			 </trkpt>
			 <trkpt lat="-34.915839" lon="138.585155">
				 <ele>26.5</ele>
			 </trkpt>
			 <trkpt lat="-34.915876" lon="138.585196">
				 <ele>26.5</ele>
			 </trkpt>
			 <trkpt lat="-34.915904" lon="138.585228">
				 <ele>26.4</ele>
			 </trkpt>
			 <trkpt lat="-34.915945" lon="138.585283">
				 <ele>26.3</ele>
			 </trkpt>
			 <trkpt lat="-34.915971" lon="138.585317">
				 <ele>26.1</ele>
			 </trkpt>
			 <trkpt lat="-34.915997" lon="138.585353">
				 <ele>25.9</ele>
			 </trkpt>
			 <trkpt lat="-34.916024" lon="138.585388">
				 <ele>25.7</ele>
			 </trkpt>
			 <trkpt lat="-34.916059" lon="138.585415">
				 <ele>25.6</ele>
			 </trkpt>
			 <trkpt lat="-34.916091" lon="138.58544">
				 <ele>25.5</ele>
			 </trkpt>
			 <trkpt lat="-34.916125" lon="138.585466">
				 <ele>25.5</ele>
			 </trkpt>
			 <trkpt lat="-34.916158" lon="138.585491">
				 <ele>25.4</ele>
			 </trkpt>
			 <trkpt lat="-34.916196" lon="138.58552">
				 <ele>25.2</ele>
			 </trkpt>
			 <trkpt lat="-34.916229" lon="138.585544">
				 <ele>25</ele>
			 </trkpt>
			 <trkpt lat="-34.916262" lon="138.585568">
				 <ele>24.8</ele>
			 </trkpt>
			 <trkpt lat="-34.916296" lon="138.585593">
				 <ele>24.6</ele>
			 </trkpt>
			 <trkpt lat="-34.91633" lon="138.585618">
				 <ele>24.5</ele>
			 </trkpt>
			 <trkpt lat="-34.916438" lon="138.585697">
				 <ele>24.4</ele>
			 </trkpt>
			 <trkpt lat="-34.916472" lon="138.585722">
				 <ele>24.2</ele>
			 </trkpt>
			 <trkpt lat="-34.916505" lon="138.585746">
				 <ele>24</ele>
			 </trkpt>
			 <trkpt lat="-34.916538" lon="138.58577">
				 <ele>23.8</ele>
			 </trkpt>
			 <trkpt lat="-34.916572" lon="138.585795">
				 <ele>23.5</ele>
			 </trkpt>
			 <trkpt lat="-34.9166" lon="138.585815">
				 <ele>23.3</ele>
			 </trkpt>
			 <trkpt lat="-34.916646" lon="138.585854">
				 <ele>23.1</ele>
			 </trkpt>
			 <trkpt lat="-34.916678" lon="138.585881">
				 <ele>22.9</ele>
			 </trkpt>
			 <trkpt lat="-34.916702" lon="138.585902">
				 <ele>22.7</ele>
			 </trkpt>
			 <trkpt lat="-34.916736" lon="138.585925">
				 <ele>22.5</ele>
			 </trkpt>
			 <trkpt lat="-34.91677" lon="138.585946">
				 <ele>22.4</ele>
			 </trkpt>
			 <trkpt lat="-34.916805" lon="138.585967">
				 <ele>22.3</ele>
			 </trkpt>
			 <trkpt lat="-34.91684" lon="138.585989">
				 <ele>22.1</ele>
			 </trkpt>
			 <trkpt lat="-34.916875" lon="138.586011">
				 <ele>21.9</ele>
			 </trkpt>
			 <trkpt lat="-34.916918" lon="138.586032">
				 <ele>21.7</ele>
			 </trkpt>
			 <trkpt lat="-34.916954" lon="138.58605">
				 <ele>21.6</ele>
			 </trkpt>
			 <trkpt lat="-34.91699" lon="138.586068">
				 <ele>21.5</ele>
			 </trkpt>
			 <trkpt lat="-34.917026" lon="138.586085">
				 <ele>21.5</ele>
			 </trkpt>
			 <trkpt lat="-34.917063" lon="138.586103">
				 <ele>21.4</ele>
			 </trkpt>
			 <trkpt lat="-34.9171" lon="138.586121">
				 <ele>21.3</ele>
			 </trkpt>
			 <trkpt lat="-34.917249" lon="138.586223">
				 <ele>21.2</ele>
			 </trkpt>
			 <trkpt lat="-34.917284" lon="138.586246">
				 <ele>21.1</ele>
			 </trkpt>
			 <trkpt lat="-34.917317" lon="138.586268">
				 <ele>21</ele>
			 </trkpt>
			 <trkpt lat="-34.917351" lon="138.586291">
				 <ele>21</ele>
			 </trkpt>
			 <trkpt lat="-34.917375" lon="138.586307">
				 <ele>21</ele>
			 </trkpt>
			 <trkpt lat="-34.917421" lon="138.586338">
				 <ele>21</ele>
			 </trkpt>
			 <trkpt lat="-34.917459" lon="138.586372">
				 <ele>21</ele>
			 </trkpt>
			 <trkpt lat="-34.91749" lon="138.586399">
				 <ele>21</ele>
			 </trkpt>
			 <trkpt lat="-34.917521" lon="138.586427">
				 <ele>21.1</ele>
			 </trkpt>
			 <trkpt lat="-34.917553" lon="138.586455">
				 <ele>21.2</ele>
			 </trkpt>
			 <trkpt lat="-34.917586" lon="138.586484">
				 <ele>21.3</ele>
			 </trkpt>
			 <trkpt lat="-34.917626" lon="138.586525">
				 <ele>21.4</ele>
			 </trkpt>
			 <trkpt lat="-34.917652" lon="138.586551">
				 <ele>21.5</ele>
			 </trkpt>
			 <trkpt lat="-34.917682" lon="138.586581">
				 <ele>21.5</ele>
			 </trkpt>
			 <trkpt lat="-34.917718" lon="138.586598">
				 <ele>21.6</ele>
			 </trkpt>
			 <trkpt lat="-34.917755" lon="138.586611">
				 <ele>21.7</ele>
			 </trkpt>
			 <trkpt lat="-34.917793" lon="138.586626">
				 <ele>21.9</ele>
			 </trkpt>
			 <trkpt lat="-34.917831" lon="138.58664">
				 <ele>22.1</ele>
			 </trkpt>
			 <trkpt lat="-34.917886" lon="138.586686">
				 <ele>22.3</ele>
			 </trkpt>
			 <trkpt lat="-34.917918" lon="138.586714">
				 <ele>22.4</ele>
			 </trkpt>
			 <trkpt lat="-34.91795" lon="138.58674">
				 <ele>22.5</ele>
			 </trkpt>
			 <trkpt lat="-34.917982" lon="138.586767">
				 <ele>22.7</ele>
			 </trkpt>
			 <trkpt lat="-34.918014" lon="138.586795">
				 <ele>22.9</ele>
			 </trkpt>
			 <trkpt lat="-34.918047" lon="138.586823">
				 <ele>23.1</ele>
			 </trkpt>
			 <trkpt lat="-34.918087" lon="138.586867">
				 <ele>23.3</ele>
			 </trkpt>
			 <trkpt lat="-34.918116" lon="138.586898">
				 <ele>23.5</ele>
			 </trkpt>
			 <trkpt lat="-34.918145" lon="138.586931">
				 <ele>23.7</ele>
			 </trkpt>
			 <trkpt lat="-34.918175" lon="138.586963">
				 <ele>23.9</ele>
			 </trkpt>
			 <trkpt lat="-34.918219" lon="138.587027">
				 <ele>24.1</ele>
			 </trkpt>
			 <trkpt lat="-34.918244" lon="138.587064">
				 <ele>24.3</ele>
			 </trkpt>
			 <trkpt lat="-34.918269" lon="138.5871">
				 <ele>24.5</ele>
			 </trkpt>
			 <trkpt lat="-34.918294" lon="138.587136">
				 <ele>24.5</ele>
			 </trkpt>
			 <trkpt lat="-34.918319" lon="138.587173">
				 <ele>24.7</ele>
			 </trkpt>
			 <trkpt lat="-34.918344" lon="138.58721">
				 <ele>24.9</ele>
			 </trkpt>
			 <trkpt lat="-34.918428" lon="138.587352">
				 <ele>25.1</ele>
			 </trkpt>
			 <trkpt lat="-34.918451" lon="138.58739">
				 <ele>25.4</ele>
			 </trkpt>
			 <trkpt lat="-34.918474" lon="138.587428">
				 <ele>25.6</ele>
			 </trkpt>
			 <trkpt lat="-34.918496" lon="138.587466">
				 <ele>25.8</ele>
			 </trkpt>
			 <trkpt lat="-34.918519" lon="138.587505">
				 <ele>26</ele>
			 </trkpt>
			 <trkpt lat="-34.918543" lon="138.587544">
				 <ele>26.2</ele>
			 </trkpt>
			 <trkpt lat="-34.918571" lon="138.587597">
				 <ele>26.4</ele>
			 </trkpt>
			 <trkpt lat="-34.918593" lon="138.587638">
				 <ele>26.5</ele>
			 </trkpt>
			 <trkpt lat="-34.918669" lon="138.587874">
				 <ele>26.7</ele>
			 </trkpt>
			 <trkpt lat="-34.918684" lon="138.587918">
				 <ele>26.9</ele>
			 </trkpt>
			 <trkpt lat="-34.918698" lon="138.587961">
				 <ele>27.1</ele>
			 </trkpt>
			 <trkpt lat="-34.918708" lon="138.587994">
				 <ele>27.3</ele>
			 </trkpt>
			 <trkpt lat="-34.918726" lon="138.588049">
				 <ele>27.4</ele>
			 </trkpt>
			 <trkpt lat="-34.918741" lon="138.588095">
				 <ele>27.5</ele>
			 </trkpt>
			 <trkpt lat="-34.918752" lon="138.588146">
				 <ele>27.5</ele>
			 </trkpt>
			 <trkpt lat="-34.918761" lon="138.588193">
				 <ele>27.6</ele>
			 </trkpt>
			 <trkpt lat="-34.91877" lon="138.588238">
				 <ele>27.7</ele>
			 </trkpt>
			 <trkpt lat="-34.91878" lon="138.588283">
				 <ele>27.8</ele>
			 </trkpt>
			 <trkpt lat="-34.918789" lon="138.58833">
				 <ele>28</ele>
			 </trkpt>
			 <trkpt lat="-34.918799" lon="138.588377">
				 <ele>28.2</ele>
			 </trkpt>
			 <trkpt lat="-34.918815" lon="138.588487">
				 <ele>28.3</ele>
			 </trkpt>
			 <trkpt lat="-34.918822" lon="138.588534">
				 <ele>28.4</ele>
			 </trkpt>
			 <trkpt lat="-34.918828" lon="138.58858">
				 <ele>28.5</ele>
			 </trkpt>
			 <trkpt lat="-34.918835" lon="138.588626">
				 <ele>28.5</ele>
			 </trkpt>
			 <trkpt lat="-34.918842" lon="138.588673">
				 <ele>28.6</ele>
			 </trkpt>
			 <trkpt lat="-34.918849" lon="138.588721">
				 <ele>28.7</ele>
			 </trkpt>
			 <trkpt lat="-34.91889" lon="138.588888">
				 <ele>28.9</ele>
			 </trkpt>
			 <trkpt lat="-34.918902" lon="138.588934">
				 <ele>29.1</ele>
			 </trkpt>
			 <trkpt lat="-34.918913" lon="138.588978">
				 <ele>29.3</ele>
			 </trkpt>
			 <trkpt lat="-34.918924" lon="138.589023">
				 <ele>29.4</ele>
			 </trkpt>
			 <trkpt lat="-34.918935" lon="138.589069">
				 <ele>29.5</ele>
			 </trkpt>
			 <trkpt lat="-34.918947" lon="138.589115">
				 <ele>29.5</ele>
			 </trkpt>
			 <trkpt lat="-34.918959" lon="138.589208">
				 <ele>29.6</ele>
			 </trkpt>
			 <trkpt lat="-34.918965" lon="138.589254">
				 <ele>29.7</ele>
			 </trkpt>
			 <trkpt lat="-34.918971" lon="138.589301">
				 <ele>29.8</ele>
			 </trkpt>
			 <trkpt lat="-34.918978" lon="138.589347">
				 <ele>29.9</ele>
			 </trkpt>
			 <trkpt lat="-34.918984" lon="138.589394">
				 <ele>30</ele>
			 </trkpt>
			 <trkpt lat="-34.91899" lon="138.589442">
				 <ele>30</ele>
			 </trkpt>
			 <trkpt lat="-34.918972" lon="138.589498">
				 <ele>30</ele>
			 </trkpt>
			 <trkpt lat="-34.918957" lon="138.589542">
				 <ele>30</ele>
			 </trkpt>
			 <trkpt lat="-34.918943" lon="138.589585">
				 <ele>30</ele>
			 </trkpt>
			 <trkpt lat="-34.918928" lon="138.58963">
				 <ele>30</ele>
			 </trkpt>
			 <trkpt lat="-34.918913" lon="138.589675">
				 <ele>30</ele>
			 </trkpt>
			 <trkpt lat="-34.918982" lon="138.590035">
				 <ele>30</ele>
			 </trkpt>
			 <trkpt lat="-34.918991" lon="138.590081">
				 <ele>30</ele>
			 </trkpt>
			 <trkpt lat="-34.919" lon="138.590127">
				 <ele>30</ele>
			 </trkpt>
			 <trkpt lat="-34.919009" lon="138.590173">
				 <ele>30</ele>
			 </trkpt>
			 <trkpt lat="-34.919018" lon="138.59022">
				 <ele>30</ele>
			 </trkpt>
			 <trkpt lat="-34.919027" lon="138.590267">
				 <ele>30</ele>
			 </trkpt>
			 <trkpt lat="-34.919045" lon="138.59032">
				 <ele>30</ele>
			 </trkpt>
			 <trkpt lat="-34.919061" lon="138.590365">
				 <ele>30</ele>
			 </trkpt>
			 <trkpt lat="-34.919076" lon="138.590408">
				 <ele>30</ele>
			 </trkpt>
			 <trkpt lat="-34.919091" lon="138.590451">
				 <ele>30</ele>
			 </trkpt>
			 <trkpt lat="-34.919106" lon="138.590496">
				 <ele>30</ele>
			 </trkpt>
			 <trkpt lat="-34.919122" lon="138.590541">
				 <ele>30</ele>
			 </trkpt>
			 <trkpt lat="-34.919164" lon="138.590678">
				 <ele>30</ele>
			 </trkpt>
			 <trkpt lat="-34.919178" lon="138.590723">
				 <ele>30</ele>
			 </trkpt>
			 <trkpt lat="-34.919191" lon="138.590767">
				 <ele>30</ele>
			 </trkpt>
			 <trkpt lat="-34.919205" lon="138.590811">
				 <ele>29.9</ele>
			 </trkpt>
			 <trkpt lat="-34.919219" lon="138.590856">
				 <ele>29.8</ele>
			 </trkpt>
			 <trkpt lat="-34.919232" lon="138.590899">
				 <ele>29.7</ele>
			 </trkpt>
			 <trkpt lat="-34.919259" lon="138.590971">
				 <ele>29.6</ele>
			 </trkpt>
			 <trkpt lat="-34.919276" lon="138.591014">
				 <ele>29.5</ele>
			 </trkpt>
			 <trkpt lat="-34.919293" lon="138.591057">
				 <ele>29.5</ele>
			 </trkpt>
			 <trkpt lat="-34.919309" lon="138.5911">
				 <ele>29.4</ele>
			 </trkpt>
			 <trkpt lat="-34.919326" lon="138.591143">
				 <ele>29.3</ele>
			 </trkpt>
			 <trkpt lat="-34.919343" lon="138.591188">
				 <ele>29.2</ele>
			 </trkpt>
			 <trkpt lat="-34.919359" lon="138.591236">
				 <ele>29.1</ele>
			 </trkpt>
			 <trkpt lat="-34.919373" lon="138.59128">
				 <ele>28.9</ele>
			 </trkpt>
			 <trkpt lat="-34.919388" lon="138.591324">
				 <ele>28.8</ele>
			 </trkpt>
			 <trkpt lat="-34.919402" lon="138.591368">
				 <ele>28.7</ele>
			 </trkpt>
			 <trkpt lat="-34.919414" lon="138.591406">
				 <ele>28.6</ele>
			 </trkpt>
			 <trkpt lat="-34.919429" lon="138.591451">
				 <ele>28.5</ele>
			 </trkpt>
			 <trkpt lat="-34.919445" lon="138.591494">
				 <ele>28.5</ele>
			 </trkpt>
			 <trkpt lat="-34.919461" lon="138.591537">
				 <ele>28.4</ele>
			 </trkpt>
			 <trkpt lat="-34.919477" lon="138.591581">
				 <ele>28.2</ele>
			 </trkpt>
			 <trkpt lat="-34.919494" lon="138.591626">
				 <ele>28</ele>
			 </trkpt>
			 <trkpt lat="-34.919511" lon="138.591682">
				 <ele>27.8</ele>
			 </trkpt>
			 <trkpt lat="-34.919524" lon="138.591727">
				 <ele>27.6</ele>
			 </trkpt>
			 <trkpt lat="-34.919533" lon="138.591773">
				 <ele>27.5</ele>
			 </trkpt>
			 <trkpt lat="-34.91954" lon="138.591821">
				 <ele>27.5</ele>
			 </trkpt>
			 <trkpt lat="-34.919547" lon="138.591869">
				 <ele>27.4</ele>
			 </trkpt>
			 <trkpt lat="-34.919546" lon="138.591942">
				 <ele>27.3</ele>
			 </trkpt>
			 <trkpt lat="-34.919546" lon="138.591991">
				 <ele>27.2</ele>
			 </trkpt>
			 <trkpt lat="-34.919545" lon="138.59204">
				 <ele>27.1</ele>
			 </trkpt>
			 <trkpt lat="-34.919551" lon="138.592107">
				 <ele>27</ele>
			 </trkpt>
			 <trkpt lat="-34.919555" lon="138.592154">
				 <ele>27</ele>
			 </trkpt>
			 <trkpt lat="-34.919559" lon="138.592201">
				 <ele>27</ele>
			 </trkpt>
			 <trkpt lat="-34.919563" lon="138.59225">
				 <ele>27</ele>
			 </trkpt>
			 <trkpt lat="-34.919567" lon="138.592298">
				 <ele>27</ele>
			 </trkpt>
			 <trkpt lat="-34.91957" lon="138.592338">
				 <ele>27</ele>
			 </trkpt>
			 <trkpt lat="-34.919573" lon="138.592386">
				 <ele>27</ele>
			 </trkpt>
			 <trkpt lat="-34.919577" lon="138.592433">
				 <ele>27</ele>
			 </trkpt>
			 <trkpt lat="-34.919581" lon="138.59248">
				 <ele>27</ele>
			 </trkpt>
			 <trkpt lat="-34.919584" lon="138.592529">
				 <ele>27</ele>
			 </trkpt>
			 <trkpt lat="-34.919588" lon="138.592577">
				 <ele>27</ele>
			 </trkpt>
			 <trkpt lat="-34.919588" lon="138.592648">
				 <ele>27</ele>
			 </trkpt>
			 <trkpt lat="-34.919588" lon="138.592696">
				 <ele>27</ele>
			 </trkpt>
			 <trkpt lat="-34.919589" lon="138.592743">
				 <ele>27</ele>
			 </trkpt>
			 <trkpt lat="-34.919589" lon="138.592791">
				 <ele>27</ele>
			 </trkpt>
			 <trkpt lat="-34.919589" lon="138.592839">
				 <ele>27</ele>
			 </trkpt>
			 <trkpt lat="-34.919589" lon="138.592888">
				 <ele>27</ele>
			 </trkpt>
			 <trkpt lat="-34.919582" lon="138.593073">
				 <ele>26.9</ele>
			 </trkpt>
			 <trkpt lat="-34.91958" lon="138.593121">
				 <ele>26.8</ele>
			 </trkpt>
			 <trkpt lat="-34.919578" lon="138.593169">
				 <ele>26.7</ele>
			 </trkpt>
			 <trkpt lat="-34.919576" lon="138.593216">
				 <ele>26.6</ele>
			 </trkpt>
			 <trkpt lat="-34.919574" lon="138.593264">
				 <ele>26.5</ele>
			 </trkpt>
			 <trkpt lat="-34.919572" lon="138.593313">
				 <ele>26.5</ele>
			 </trkpt>
			 <trkpt lat="-34.919566" lon="138.593425">
				 <ele>26.4</ele>
			 </trkpt>
			 <trkpt lat="-34.919564" lon="138.593473">
				 <ele>26.3</ele>
			 </trkpt>
			 <trkpt lat="-34.919562" lon="138.593521">
				 <ele>26.2</ele>
			 </trkpt>
			 <trkpt lat="-34.919559" lon="138.593568">
				 <ele>26.1</ele>
			 </trkpt>
			 <trkpt lat="-34.919557" lon="138.593617">
				 <ele>26</ele>
			 </trkpt>
			 <trkpt lat="-34.919545" lon="138.593858">
				 <ele>26</ele>
			 </trkpt>
			 <trkpt lat="-34.919542" lon="138.593906">
				 <ele>26</ele>
			 </trkpt>
			 <trkpt lat="-34.91954" lon="138.593953">
				 <ele>26</ele>
			 </trkpt>
			 <trkpt lat="-34.919538" lon="138.593999">
				 <ele>26</ele>
			 </trkpt>
			 <trkpt lat="-34.919535" lon="138.59405">
				 <ele>26</ele>
			 </trkpt>
			 <trkpt lat="-34.919531" lon="138.594217">
				 <ele>26</ele>
			 </trkpt>
			 <trkpt lat="-34.91953" lon="138.594265">
				 <ele>26</ele>
			 </trkpt>
			 <trkpt lat="-34.919529" lon="138.594313">
				 <ele>26</ele>
			 </trkpt>
			 <trkpt lat="-34.919528" lon="138.59436">
				 <ele>26</ele>
			 </trkpt>
			 <trkpt lat="-34.919527" lon="138.594409">
				 <ele>26</ele>
			 </trkpt>
			 <trkpt lat="-34.91952" lon="138.59459">
				 <ele>26</ele>
			 </trkpt>
			 <trkpt lat="-34.919518" lon="138.594638">
				 <ele>26</ele>
			 </trkpt>
			 <trkpt lat="-34.919516" lon="138.594686">
				 <ele>26</ele>
			 </trkpt>
			 <trkpt lat="-34.919515" lon="138.594733">
				 <ele>26</ele>
			 </trkpt>
			 <trkpt lat="-34.919513" lon="138.594782">
				 <ele>26</ele>
			 </trkpt>
			 <trkpt lat="-34.919528" lon="138.594943">
				 <ele>26</ele>
			 </trkpt>
			 <trkpt lat="-34.919533" lon="138.594991">
				 <ele>26</ele>
			 </trkpt>
			 <trkpt lat="-34.919538" lon="138.595039">
				 <ele>26</ele>
			 </trkpt>
			 <trkpt lat="-34.919542" lon="138.595086">
				 <ele>26</ele>
			 </trkpt>
			 <trkpt lat="-34.919547" lon="138.595134">
				 <ele>26</ele>
			 </trkpt>
			 <trkpt lat="-34.91955" lon="138.595167">
				 <ele>25.9</ele>
			 </trkpt>
			 <trkpt lat="-34.919554" lon="138.595215">
				 <ele>25.8</ele>
			 </trkpt>
			 <trkpt lat="-34.919558" lon="138.595263">
				 <ele>25.7</ele>
			 </trkpt>
			 <trkpt lat="-34.919562" lon="138.595311">
				 <ele>25.6</ele>
			 </trkpt>
			 <trkpt lat="-34.919567" lon="138.595359">
				 <ele>25.5</ele>
			 </trkpt>
			 <trkpt lat="-34.919565" lon="138.595434">
				 <ele>25.5</ele>
			 </trkpt>
			 <trkpt lat="-34.919565" lon="138.595482">
				 <ele>25.4</ele>
			 </trkpt>
			 <trkpt lat="-34.919564" lon="138.595531">
				 <ele>25.3</ele>
			 </trkpt>
			 <trkpt lat="-34.919554" lon="138.59561">
				 <ele>25.2</ele>
			 </trkpt>
			 <trkpt lat="-34.919548" lon="138.595658">
				 <ele>25.1</ele>
			 </trkpt>
			 <trkpt lat="-34.919543" lon="138.595706">
				 <ele>25</ele>
			 </trkpt>
			 <trkpt lat="-34.919537" lon="138.595754">
				 <ele>25</ele>
			 </trkpt>
			 <trkpt lat="-34.919528" lon="138.595803">
				 <ele>25</ele>
			 </trkpt>
			 <trkpt lat="-34.91952" lon="138.59585">
				 <ele>25</ele>
			 </trkpt>
			 <trkpt lat="-34.919512" lon="138.595897">
				 <ele>25</ele>
			 </trkpt>
			 <trkpt lat="-34.919503" lon="138.595945">
				 <ele>25</ele>
			 </trkpt>
			 <trkpt lat="-34.919485" lon="138.596005">
				 <ele>25</ele>
			 </trkpt>
			 <trkpt lat="-34.919472" lon="138.596051">
				 <ele>25</ele>
			 </trkpt>
			 <trkpt lat="-34.919458" lon="138.596096">
				 <ele>25</ele>
			 </trkpt>
			 <trkpt lat="-34.919445" lon="138.596142">
				 <ele>25</ele>
			 </trkpt>
			 <trkpt lat="-34.919431" lon="138.596188">
				 <ele>25</ele>
			 </trkpt>
			 <trkpt lat="-34.919379" lon="138.596325">
				 <ele>25</ele>
			 </trkpt>
			 <trkpt lat="-34.919362" lon="138.59637">
				 <ele>25</ele>
			 </trkpt>
			 <trkpt lat="-34.919345" lon="138.596413">
				 <ele>25</ele>
			 </trkpt>
			 <trkpt lat="-34.919329" lon="138.596457">
				 <ele>25</ele>
			 </trkpt>
			 <trkpt lat="-34.919312" lon="138.596502">
				 <ele>25</ele>
			 </trkpt>
			 <trkpt lat="-34.919272" lon="138.596585">
				 <ele>25</ele>
			 </trkpt>
			 <trkpt lat="-34.919252" lon="138.596627">
				 <ele>25</ele>
			 </trkpt>
			 <trkpt lat="-34.919232" lon="138.596669">
				 <ele>25</ele>
			 </trkpt>
			 <trkpt lat="-34.919212" lon="138.596711">
				 <ele>25</ele>
			 </trkpt>
			 <trkpt lat="-34.919192" lon="138.596754">
				 <ele>24.9</ele>
			 </trkpt>
			 <trkpt lat="-34.919061" lon="138.596954">
				 <ele>24.8</ele>
			 </trkpt>
			 <trkpt lat="-34.919036" lon="138.596993">
				 <ele>24.7</ele>
			 </trkpt>
			 <trkpt lat="-34.919011" lon="138.597031">
				 <ele>24.6</ele>
			 </trkpt>
			 <trkpt lat="-34.918986" lon="138.597069">
				 <ele>24.5</ele>
			 </trkpt>
			 <trkpt lat="-34.918961" lon="138.597108">
				 <ele>24.5</ele>
			 </trkpt>
			 <trkpt lat="-34.918892" lon="138.597202">
				 <ele>24.5</ele>
			 </trkpt>
			 <trkpt lat="-34.918865" lon="138.597238">
				 <ele>24.5</ele>
			 </trkpt>
			 <trkpt lat="-34.918838" lon="138.597275">
				 <ele>24.5</ele>
			 </trkpt>
			 <trkpt lat="-34.918811" lon="138.597311">
				 <ele>24.5</ele>
			 </trkpt>
			 <trkpt lat="-34.918784" lon="138.597348">
				 <ele>24.5</ele>
			 </trkpt>
			 <trkpt lat="-34.918751" lon="138.597383">
				 <ele>24.6</ele>
			 </trkpt>
			 <trkpt lat="-34.91872" lon="138.597414">
				 <ele>24.7</ele>
			 </trkpt>
			 <trkpt lat="-34.918692" lon="138.597444">
				 <ele>24.8</ele>
			 </trkpt>
			 <trkpt lat="-34.918661" lon="138.597476">
				 <ele>24.9</ele>
			 </trkpt>
			 <trkpt lat="-34.918627" lon="138.597502">
				 <ele>25</ele>
			 </trkpt>
			 <trkpt lat="-34.918593" lon="138.597527">
				 <ele>25</ele>
			 </trkpt>
			 <trkpt lat="-34.918557" lon="138.597552">
				 <ele>25</ele>
			 </trkpt>
			 <trkpt lat="-34.918443" lon="138.597618">
				 <ele>25.1</ele>
			 </trkpt>
			 <trkpt lat="-34.918406" lon="138.597639">
				 <ele>25.2</ele>
			 </trkpt>
			 <trkpt lat="-34.918369" lon="138.59766">
				 <ele>25.3</ele>
			 </trkpt>
			 <trkpt lat="-34.918333" lon="138.597682">
				 <ele>25.4</ele>
			 </trkpt>
			 <trkpt lat="-34.918295" lon="138.597703">
				 <ele>25.5</ele>
			 </trkpt>
			 <trkpt lat="-34.91816" lon="138.597774">
				 <ele>25.5</ele>
			 </trkpt>
			 <trkpt lat="-34.918122" lon="138.597794">
				 <ele>25.6</ele>
			 </trkpt>
			 <trkpt lat="-34.918085" lon="138.597814">
				 <ele>25.7</ele>
			 </trkpt>
			 <trkpt lat="-34.918048" lon="138.597833">
				 <ele>25.8</ele>
			 </trkpt>
			 <trkpt lat="-34.91801" lon="138.597853">
				 <ele>25.9</ele>
			 </trkpt>
			 <trkpt lat="-34.917878" lon="138.597928">
				 <ele>26</ele>
			 </trkpt>
			 <trkpt lat="-34.917841" lon="138.597949">
				 <ele>26</ele>
			 </trkpt>
			 <trkpt lat="-34.917804" lon="138.59797">
				 <ele>26.1</ele>
			 </trkpt>
			 <trkpt lat="-34.917767" lon="138.597991">
				 <ele>26.2</ele>
			 </trkpt>
			 <trkpt lat="-34.91773" lon="138.598012">
				 <ele>26.3</ele>
			 </trkpt>
			 <trkpt lat="-34.917578" lon="138.598096">
				 <ele>26.4</ele>
			 </trkpt>
			 <trkpt lat="-34.917541" lon="138.598117">
				 <ele>26.5</ele>
			 </trkpt>
			 <trkpt lat="-34.917504" lon="138.598137">
				 <ele>26.5</ele>
			 </trkpt>
			 <trkpt lat="-34.917467" lon="138.598157">
				 <ele>26.6</ele>
			 </trkpt>
			 <trkpt lat="-34.917443" lon="138.598171">
				 <ele>26.8</ele>
			 </trkpt>
			 <trkpt lat="-34.917397" lon="138.5982">
				 <ele>27</ele>
			 </trkpt>
			 <trkpt lat="-34.917361" lon="138.598224">
				 <ele>27.2</ele>
			 </trkpt>
			 <trkpt lat="-34.917326" lon="138.598247">
				 <ele>27.4</ele>
			 </trkpt>
			 <trkpt lat="-34.91729" lon="138.598271">
				 <ele>27.5</ele>
			 </trkpt>
			 <trkpt lat="-34.917254" lon="138.598295">
				 <ele>27.5</ele>
			 </trkpt>
			 <trkpt lat="-34.917199" lon="138.598332">
				 <ele>27.6</ele>
			 </trkpt>
			 <trkpt lat="-34.917163" lon="138.598355">
				 <ele>27.7</ele>
			 </trkpt>
			 <trkpt lat="-34.917128" lon="138.598379">
				 <ele>27.9</ele>
			 </trkpt>
			 <trkpt lat="-34.917092" lon="138.598403">
				 <ele>28.1</ele>
			 </trkpt>
			 <trkpt lat="-34.917056" lon="138.598427">
				 <ele>28.3</ele>
			 </trkpt>
			 <trkpt lat="-34.916961" lon="138.598488">
				 <ele>28.4</ele>
			 </trkpt>
			 <trkpt lat="-34.916925" lon="138.598511">
				 <ele>28.5</ele>
			 </trkpt>
			 <trkpt lat="-34.916889" lon="138.598534">
				 <ele>28.6</ele>
			 </trkpt>
			 <trkpt lat="-34.916853" lon="138.598557">
				 <ele>28.8</ele>
			 </trkpt>
			 <trkpt lat="-34.916817" lon="138.598581">
				 <ele>29</ele>
			 </trkpt>
			 <trkpt lat="-34.916763" lon="138.598616">
				 <ele>29.2</ele>
			 </trkpt>
			 <trkpt lat="-34.916727" lon="138.59864">
				 <ele>29.5</ele>
			 </trkpt>
			 <trkpt lat="-34.916691" lon="138.598663">
				 <ele>29.7</ele>
			 </trkpt>
			 <trkpt lat="-34.916655" lon="138.598687">
				 <ele>29.9</ele>
			 </trkpt>
			 <trkpt lat="-34.916609" lon="138.59874">
				 <ele>30.1</ele>
			 </trkpt>
			 <trkpt lat="-34.916559" lon="138.599019">
				 <ele>30.4</ele>
			 </trkpt>
			 <trkpt lat="-34.91655" lon="138.599067">
				 <ele>30.6</ele>
			 </trkpt>
			 <trkpt lat="-34.916542" lon="138.599114">
				 <ele>30.9</ele>
			 </trkpt>
			 <trkpt lat="-34.916533" lon="138.599162">
				 <ele>31.1</ele>
			 </trkpt>
			 <trkpt lat="-34.916524" lon="138.599211">
				 <ele>31.3</ele>
			 </trkpt>
			 <trkpt lat="-34.916518" lon="138.59926">
				 <ele>31.5</ele>
			 </trkpt>
			 <trkpt lat="-34.916512" lon="138.59931">
				 <ele>31.8</ele>
			 </trkpt>
			 <trkpt lat="-34.916505" lon="138.599358">
				 <ele>32</ele>
			 </trkpt>
			 <trkpt lat="-34.916499" lon="138.599406">
				 <ele>32.2</ele>
			 </trkpt>
			 <trkpt lat="-34.916493" lon="138.599456">
				 <ele>32.5</ele>
			 </trkpt>
			 <trkpt lat="-34.916492" lon="138.599521">
				 <ele>32.7</ele>
			 </trkpt>
			 <trkpt lat="-34.916491" lon="138.59957">
				 <ele>32.9</ele>
			 </trkpt>
			 <trkpt lat="-34.91649" lon="138.59962">
				 <ele>33.2</ele>
			 </trkpt>
			 <trkpt lat="-34.916496" lon="138.599729">
				 <ele>33.5</ele>
			 </trkpt>
			 <trkpt lat="-34.916499" lon="138.599778">
				 <ele>33.7</ele>
			 </trkpt>
			 <trkpt lat="-34.916502" lon="138.599827">
				 <ele>34.1</ele>
			 </trkpt>
			 <trkpt lat="-34.916504" lon="138.599876">
				 <ele>34.4</ele>
			 </trkpt>
			 <trkpt lat="-34.916507" lon="138.599925">
				 <ele>34.6</ele>
			 </trkpt>
			 <trkpt lat="-34.91652" lon="138.600005">
				 <ele>34.9</ele>
			 </trkpt>
			 <trkpt lat="-34.916609" lon="138.600067">
				 <ele>35.3</ele>
			 </trkpt>
			 <trkpt lat="-34.916644" lon="138.600092">
				 <ele>35.5</ele>
			 </trkpt>
			 <trkpt lat="-34.91668" lon="138.600117">
				 <ele>35.8</ele>
			 </trkpt>
			 <trkpt lat="-34.916715" lon="138.600142">
				 <ele>36.2</ele>
			 </trkpt>
			 <trkpt lat="-34.916751" lon="138.600168">
				 <ele>36.5</ele>
			 </trkpt>
			 <trkpt lat="-34.916808" lon="138.600203">
				 <ele>36.7</ele>
			 </trkpt>
			 <trkpt lat="-34.916842" lon="138.600224">
				 <ele>37</ele>
			 </trkpt>
			 <trkpt lat="-34.916879" lon="138.600247">
				 <ele>37.2</ele>
			 </trkpt>
			 <trkpt lat="-34.916916" lon="138.600268">
				 <ele>37.4</ele>
			 </trkpt>
			 <trkpt lat="-34.916953" lon="138.60029">
				 <ele>37.5</ele>
			 </trkpt>
			 <trkpt lat="-34.916991" lon="138.600312">
				 <ele>37.7</ele>
			 </trkpt>
			 <trkpt lat="-34.917028" lon="138.600361">
				 <ele>37.8</ele>
			 </trkpt>
			 <trkpt lat="-34.917043" lon="138.600408">
				 <ele>37.9</ele>
			 </trkpt>
			 <trkpt lat="-34.917046" lon="138.600487">
				 <ele>38</ele>
			 </trkpt>
			 <trkpt lat="-34.917048" lon="138.600537">
				 <ele>38</ele>
			 </trkpt>
			 <trkpt lat="-34.91705" lon="138.600586">
				 <ele>37.9</ele>
			 </trkpt>
			 <trkpt lat="-34.917052" lon="138.600635">
				 <ele>37.8</ele>
			 </trkpt>
			 <trkpt lat="-34.917054" lon="138.600686">
				 <ele>37.7</ele>
			 </trkpt>
			 <trkpt lat="-34.917059" lon="138.600742">
				 <ele>37.6</ele>
			 </trkpt>
			 <trkpt lat="-34.917064" lon="138.600791">
				 <ele>37.5</ele>
			 </trkpt>
			 <trkpt lat="-34.917068" lon="138.60084">
				 <ele>37.4</ele>
			 </trkpt>
			 <trkpt lat="-34.917073" lon="138.600891">
				 <ele>37.2</ele>
			 </trkpt>
			 <trkpt lat="-34.917083" lon="138.600971">
				 <ele>37</ele>
			 </trkpt>
			 <trkpt lat="-34.917089" lon="138.60102">
				 <ele>36.8</ele>
			 </trkpt>
			 <trkpt lat="-34.917096" lon="138.601069">
				 <ele>36.6</ele>
			 </trkpt>
			 <trkpt lat="-34.917102" lon="138.601119">
				 <ele>36.4</ele>
			 </trkpt>
			 <trkpt lat="-34.917118" lon="138.601185">
				 <ele>36.2</ele>
			 </trkpt>
			 <trkpt lat="-34.91713" lon="138.601234">
				 <ele>36</ele>
			 </trkpt>
			 <trkpt lat="-34.917141" lon="138.601281">
				 <ele>35.8</ele>
			 </trkpt>
			 <trkpt lat="-34.917153" lon="138.601329">
				 <ele>35.5</ele>
			 </trkpt>
			 <trkpt lat="-34.917164" lon="138.601377">
				 <ele>35.3</ele>
			 </trkpt>
			 <trkpt lat="-34.917205" lon="138.601517">
				 <ele>35.1</ele>
			 </trkpt>
			 <trkpt lat="-34.917219" lon="138.601564">
				 <ele>34.9</ele>
			 </trkpt>
			 <trkpt lat="-34.917232" lon="138.601611">
				 <ele>34.6</ele>
			 </trkpt>
			 <trkpt lat="-34.917246" lon="138.601657">
				 <ele>34.4</ele>
			 </trkpt>
			 <trkpt lat="-34.91726" lon="138.601705">
				 <ele>34.1</ele>
			 </trkpt>
			 <trkpt lat="-34.917322" lon="138.601889">
				 <ele>33.8</ele>
			 </trkpt>
			 <trkpt lat="-34.917338" lon="138.601936">
				 <ele>33.5</ele>
			 </trkpt>
			 <trkpt lat="-34.917353" lon="138.601982">
				 <ele>33.3</ele>
			 </trkpt>
			 <trkpt lat="-34.917369" lon="138.602028">
				 <ele>33</ele>
			 </trkpt>
			 <trkpt lat="-34.91738" lon="138.60206">
				 <ele>32.7</ele>
			 </trkpt>
			 <trkpt lat="-34.917456" lon="138.602295">
				 <ele>32.5</ele>
			 </trkpt>
			 <trkpt lat="-34.917472" lon="138.602342">
				 <ele>32.2</ele>
			 </trkpt>
			 <trkpt lat="-34.917487" lon="138.602388">
				 <ele>31.8</ele>
			 </trkpt>
			 <trkpt lat="-34.917501" lon="138.602431">
				 <ele>31.5</ele>
			 </trkpt>
			 <trkpt lat="-34.917517" lon="138.602482">
				 <ele>31.3</ele>
			 </trkpt>
			 <trkpt lat="-34.917627" lon="138.602817">
				 <ele>31</ele>
			 </trkpt>
			 <trkpt lat="-34.917642" lon="138.602864">
				 <ele>30.8</ele>
			 </trkpt>
			 <trkpt lat="-34.917657" lon="138.60291">
				 <ele>30.6</ele>
			 </trkpt>
			 <trkpt lat="-34.917672" lon="138.602957">
				 <ele>30.5</ele>
			 </trkpt>
			 <trkpt lat="-34.917688" lon="138.603004">
				 <ele>30.2</ele>
			 </trkpt>
			 <trkpt lat="-34.917723" lon="138.603137">
				 <ele>30</ele>
			 </trkpt>
			 <trkpt lat="-34.917736" lon="138.603185">
				 <ele>29.8</ele>
			 </trkpt>
			 <trkpt lat="-34.917749" lon="138.603232">
				 <ele>29.6</ele>
			 </trkpt>
			 <trkpt lat="-34.917762" lon="138.603279">
				 <ele>29.5</ele>
			 </trkpt>
			 <trkpt lat="-34.917775" lon="138.603328">
				 <ele>29.5</ele>
			 </trkpt>
			 <trkpt lat="-34.917785" lon="138.603386">
				 <ele>29.4</ele>
			 </trkpt>
			 <trkpt lat="-34.917794" lon="138.603435">
				 <ele>29.3</ele>
			 </trkpt>
			 <trkpt lat="-34.917799" lon="138.603467">
				 <ele>29.2</ele>
			 </trkpt>
			 <trkpt lat="-34.917805" lon="138.603517">
				 <ele>29.1</ele>
			 </trkpt>
			 <trkpt lat="-34.917809" lon="138.603567">
				 <ele>29</ele>
			 </trkpt>
			 <trkpt lat="-34.917814" lon="138.603616">
				 <ele>29</ele>
			 </trkpt>
			 <trkpt lat="-34.917818" lon="138.603667">
				 <ele>29.1</ele>
			 </trkpt>
			 <trkpt lat="-34.917818" lon="138.603747">
				 <ele>29.2</ele>
			 </trkpt>
			 <trkpt lat="-34.917818" lon="138.603797">
				 <ele>29.3</ele>
			 </trkpt>
			 <trkpt lat="-34.917818" lon="138.603832">
				 <ele>29.4</ele>
			 </trkpt>
			 <trkpt lat="-34.917818" lon="138.603883">
				 <ele>29.5</ele>
			 </trkpt>
			 <trkpt lat="-34.917816" lon="138.603933">
				 <ele>29.6</ele>
			 </trkpt>
			 <trkpt lat="-34.917812" lon="138.603983">
				 <ele>29.8</ele>
			 </trkpt>
			 <trkpt lat="-34.917808" lon="138.604034">
				 <ele>30</ele>
			 </trkpt>
			 <trkpt lat="-34.917775" lon="138.604204">
				 <ele>30.2</ele>
			 </trkpt>
			 <trkpt lat="-34.917766" lon="138.604253">
				 <ele>30.5</ele>
			 </trkpt>
			 <trkpt lat="-34.917756" lon="138.604302">
				 <ele>30.7</ele>
			 </trkpt>
			 <trkpt lat="-34.917747" lon="138.60435">
				 <ele>30.9</ele>
			 </trkpt>
			 <trkpt lat="-34.917737" lon="138.6044">
				 <ele>31.2</ele>
			 </trkpt>
			 <trkpt lat="-34.917712" lon="138.60448">
				 <ele>31.5</ele>
			 </trkpt>
			 <trkpt lat="-34.917696" lon="138.604527">
				 <ele>31.7</ele>
			 </trkpt>
			 <trkpt lat="-34.917681" lon="138.604574">
				 <ele>32.1</ele>
			 </trkpt>
			 <trkpt lat="-34.917666" lon="138.60462">
				 <ele>32.4</ele>
			 </trkpt>
			 <trkpt lat="-34.917651" lon="138.604668">
				 <ele>32.7</ele>
			 </trkpt>
			 <trkpt lat="-34.917631" lon="138.604713">
				 <ele>33.1</ele>
			 </trkpt>
			 <trkpt lat="-34.917611" lon="138.604757">
				 <ele>33.5</ele>
			 </trkpt>
			 <trkpt lat="-34.917591" lon="138.604803">
				 <ele>33.8</ele>
			 </trkpt>
			 <trkpt lat="-34.917561" lon="138.604853">
				 <ele>34.2</ele>
			 </trkpt>
			 <trkpt lat="-34.917537" lon="138.604894">
				 <ele>34.5</ele>
			 </trkpt>
			 <trkpt lat="-34.917513" lon="138.604935">
				 <ele>34.9</ele>
			 </trkpt>
			 <trkpt lat="-34.917489" lon="138.604977">
				 <ele>35.3</ele>
			 </trkpt>
			 <trkpt lat="-34.917371" lon="138.605124">
				 <ele>35.7</ele>
			 </trkpt>
			 <trkpt lat="-34.917342" lon="138.605161">
				 <ele>36.1</ele>
			 </trkpt>
			 <trkpt lat="-34.917313" lon="138.605197">
				 <ele>36.5</ele>
			 </trkpt>
			 <trkpt lat="-34.917284" lon="138.605234">
				 <ele>36.7</ele>
			 </trkpt>
			 <trkpt lat="-34.917254" lon="138.605271">
				 <ele>37.1</ele>
			 </trkpt>
			 <trkpt lat="-34.917103" lon="138.605436">
				 <ele>37.5</ele>
			 </trkpt>
			 <trkpt lat="-34.917072" lon="138.60547">
				 <ele>37.9</ele>
			 </trkpt>
			 <trkpt lat="-34.917041" lon="138.605504">
				 <ele>38.3</ele>
			 </trkpt>
			 <trkpt lat="-34.91702" lon="138.605527">
				 <ele>38.7</ele>
			 </trkpt>
			 <trkpt lat="-34.916978" lon="138.605573">
				 <ele>39.1</ele>
			 </trkpt>
			 <trkpt lat="-34.916945" lon="138.605619">
				 <ele>39.5</ele>
			 </trkpt>
			 <trkpt lat="-34.916917" lon="138.605658">
				 <ele>39.8</ele>
			 </trkpt>
			 <trkpt lat="-34.91689" lon="138.605697">
				 <ele>40.2</ele>
			 </trkpt>
			 <trkpt lat="-34.916865" lon="138.60575">
				 <ele>40.5</ele>
			 </trkpt>
			 <trkpt lat="-34.916844" lon="138.605794">
				 <ele>41</ele>
			 </trkpt>
			 <trkpt lat="-34.916823" lon="138.605838">
				 <ele>41.4</ele>
			 </trkpt>
			 <trkpt lat="-34.916802" lon="138.605883">
				 <ele>41.6</ele>
			 </trkpt>
			 <trkpt lat="-34.916779" lon="138.605942">
				 <ele>42</ele>
			 </trkpt>
			 <trkpt lat="-34.916762" lon="138.605988">
				 <ele>42.4</ele>
			 </trkpt>
			 <trkpt lat="-34.916745" lon="138.606033">
				 <ele>42.6</ele>
			 </trkpt>
			 <trkpt lat="-34.91674" lon="138.606083">
				 <ele>42.9</ele>
			 </trkpt>
			 <trkpt lat="-34.916736" lon="138.606134">
				 <ele>43.2</ele>
			 </trkpt>
			 <trkpt lat="-34.916732" lon="138.606185">
				 <ele>43.4</ele>
			 </trkpt>
			 <trkpt lat="-34.916729" lon="138.606237">
				 <ele>43.5</ele>
			 </trkpt>
			 <trkpt lat="-34.916675" lon="138.606316">
				 <ele>43.7</ele>
			 </trkpt>
			 <trkpt lat="-34.916649" lon="138.606356">
				 <ele>43.8</ele>
			 </trkpt>
			 <trkpt lat="-34.916622" lon="138.606396">
				 <ele>43.9</ele>
			 </trkpt>
			 <trkpt lat="-34.916596" lon="138.606435">
				 <ele>44</ele>
			 </trkpt>
			 <trkpt lat="-34.916569" lon="138.606476">
				 <ele>44</ele>
			 </trkpt>
			 <trkpt lat="-34.91654" lon="138.606559">
				 <ele>44</ele>
			 </trkpt>
			 <trkpt lat="-34.916524" lon="138.606606">
				 <ele>44</ele>
			 </trkpt>
			 <trkpt lat="-34.916507" lon="138.606653">
				 <ele>44</ele>
			 </trkpt>
			 <trkpt lat="-34.916491" lon="138.6067">
				 <ele>43.9</ele>
			 </trkpt>
			 <trkpt lat="-34.916474" lon="138.606748">
				 <ele>43.8</ele>
			 </trkpt>
			 <trkpt lat="-34.916444" lon="138.606848">
				 <ele>43.7</ele>
			 </trkpt>
			 <trkpt lat="-34.91643" lon="138.606897">
				 <ele>43.6</ele>
			 </trkpt>
			 <trkpt lat="-34.916416" lon="138.606944">
				 <ele>43.5</ele>
			 </trkpt>
			 <trkpt lat="-34.916402" lon="138.606992">
				 <ele>43.5</ele>
			 </trkpt>
			 <trkpt lat="-34.916387" lon="138.607041">
				 <ele>43.4</ele>
			 </trkpt>
			 <trkpt lat="-34.916372" lon="138.607123">
				 <ele>43.3</ele>
			 </trkpt>
			 <trkpt lat="-34.916363" lon="138.607173">
				 <ele>43.2</ele>
			 </trkpt>
			 <trkpt lat="-34.916354" lon="138.607223">
				 <ele>43</ele>
			 </trkpt>
			 <trkpt lat="-34.916345" lon="138.607273">
				 <ele>42.8</ele>
			 </trkpt>
			 <trkpt lat="-34.916338" lon="138.607309">
				 <ele>42.7</ele>
			 </trkpt>
			 <trkpt lat="-34.916335" lon="138.60736">
				 <ele>42.6</ele>
			 </trkpt>
			 <trkpt lat="-34.916336" lon="138.607411">
				 <ele>42.5</ele>
			 </trkpt>
			 <trkpt lat="-34.916336" lon="138.607462">
				 <ele>42.5</ele>
			 </trkpt>
			 <trkpt lat="-34.916336" lon="138.607515">
				 <ele>42.3</ele>
			 </trkpt>
			 <trkpt lat="-34.916348" lon="138.607782">
				 <ele>42.1</ele>
			 </trkpt>
			 <trkpt lat="-34.91635" lon="138.607833">
				 <ele>41.9</ele>
			 </trkpt>
			 <trkpt lat="-34.916352" lon="138.607884">
				 <ele>41.7</ele>
			 </trkpt>
			 <trkpt lat="-34.916354" lon="138.607935">
				 <ele>41.5</ele>
			 </trkpt>
			 <trkpt lat="-34.916357" lon="138.607987">
				 <ele>41.4</ele>
			 </trkpt>
			 <trkpt lat="-34.916365" lon="138.608146">
				 <ele>41.2</ele>
			 </trkpt>
			 <trkpt lat="-34.916367" lon="138.608197">
				 <ele>40.9</ele>
			 </trkpt>
			 <trkpt lat="-34.91637" lon="138.608248">
				 <ele>40.6</ele>
			 </trkpt>
			 <trkpt lat="-34.916372" lon="138.608299">
				 <ele>40.4</ele>
			 </trkpt>
			 <trkpt lat="-34.916375" lon="138.608351">
				 <ele>40.1</ele>
			 </trkpt>
			 <trkpt lat="-34.91638" lon="138.608405">
				 <ele>39.9</ele>
			 </trkpt>
			 <trkpt lat="-34.916385" lon="138.608458">
				 <ele>39.7</ele>
			 </trkpt>
			 <trkpt lat="-34.916562" lon="138.608525">
				 <ele>39.5</ele>
			 </trkpt>
			 <trkpt lat="-34.916604" lon="138.608536">
				 <ele>39.2</ele>
			 </trkpt>
			 <trkpt lat="-34.916646" lon="138.608548">
				 <ele>38.9</ele>
			 </trkpt>
			 <trkpt lat="-34.916688" lon="138.60856">
				 <ele>38.7</ele>
			 </trkpt>
			 <trkpt lat="-34.916732" lon="138.608572">
				 <ele>38.5</ele>
			 </trkpt>
			 <trkpt lat="-34.916782" lon="138.608584">
				 <ele>38.5</ele>
			 </trkpt>
			 <trkpt lat="-34.916824" lon="138.608594">
				 <ele>38.4</ele>
			 </trkpt>
			 <trkpt lat="-34.916866" lon="138.608604">
				 <ele>38.2</ele>
			 </trkpt>
			 <trkpt lat="-34.916908" lon="138.608614">
				 <ele>38</ele>
			 </trkpt>
			 <trkpt lat="-34.916951" lon="138.608624">
				 <ele>37.8</ele>
			 </trkpt>
			 <trkpt lat="-34.917009" lon="138.608635">
				 <ele>37.6</ele>
			 </trkpt>
			 <trkpt lat="-34.917051" lon="138.608643">
				 <ele>37.5</ele>
			 </trkpt>
			 <trkpt lat="-34.917094" lon="138.608651">
				 <ele>37.5</ele>
			 </trkpt>
			 <trkpt lat="-34.917193" lon="138.608655">
				 <ele>37.4</ele>
			 </trkpt>
			 <trkpt lat="-34.917235" lon="138.608656">
				 <ele>37.3</ele>
			 </trkpt>
			 <trkpt lat="-34.917278" lon="138.608658">
				 <ele>37.2</ele>
			 </trkpt>
			 <trkpt lat="-34.917321" lon="138.60866">
				 <ele>37.1</ele>
			 </trkpt>
			 <trkpt lat="-34.917366" lon="138.608662">
				 <ele>37</ele>
			 </trkpt>
			 <trkpt lat="-34.917464" lon="138.608676">
				 <ele>37</ele>
			 </trkpt>
			 <trkpt lat="-34.917507" lon="138.608682">
				 <ele>37</ele>
			 </trkpt>
			 <trkpt lat="-34.917549" lon="138.608688">
				 <ele>36.9</ele>
			 </trkpt>
			 <trkpt lat="-34.917592" lon="138.608694">
				 <ele>36.8</ele>
			 </trkpt>
			 <trkpt lat="-34.917636" lon="138.608701">
				 <ele>36.7</ele>
			 </trkpt>
			 <trkpt lat="-34.91776" lon="138.60871">
				 <ele>36.6</ele>
			 </trkpt>
			 <trkpt lat="-34.917803" lon="138.608713">
				 <ele>36.5</ele>
			 </trkpt>
			 <trkpt lat="-34.917846" lon="138.608716">
				 <ele>36.5</ele>
			 </trkpt>
			 <trkpt lat="-34.917889" lon="138.608719">
				 <ele>36.4</ele>
			 </trkpt>
			 <trkpt lat="-34.917931" lon="138.608722">
				 <ele>36.4</ele>
			 </trkpt>
			 <trkpt lat="-34.917974" lon="138.60873">
				 <ele>36.4</ele>
			 </trkpt>
			 <trkpt lat="-34.918016" lon="138.608738">
				 <ele>36.4</ele>
			 </trkpt>
			 <trkpt lat="-34.918043" lon="138.608743">
				 <ele>36.4</ele>
			 </trkpt>
			 <trkpt lat="-34.918077" lon="138.608749">
				 <ele>36.5</ele>
			 </trkpt>
			 <trkpt lat="-34.918121" lon="138.608759">
				 <ele>36.5</ele>
			 </trkpt>
			 <trkpt lat="-34.918162" lon="138.608785">
				 <ele>36.7</ele>
			 </trkpt>
			 <trkpt lat="-34.918195" lon="138.608825">
				 <ele>36.9</ele>
			 </trkpt>
			 <trkpt lat="-34.918241" lon="138.608904">
				 <ele>37.1</ele>
			 </trkpt>
			 <trkpt lat="-34.918266" lon="138.608947">
				 <ele>37.4</ele>
			 </trkpt>
			 <trkpt lat="-34.91829" lon="138.608989">
				 <ele>37.6</ele>
			 </trkpt>
			 <trkpt lat="-34.918315" lon="138.609032">
				 <ele>37.8</ele>
			 </trkpt>
			 <trkpt lat="-34.91834" lon="138.609075">
				 <ele>38</ele>
			 </trkpt>
			 <trkpt lat="-34.918377" lon="138.609133">
				 <ele>38.3</ele>
			 </trkpt>
			 <trkpt lat="-34.918411" lon="138.609168">
				 <ele>38.5</ele>
			 </trkpt>
			 <trkpt lat="-34.918445" lon="138.609202">
				 <ele>38.8</ele>
			 </trkpt>
			 <trkpt lat="-34.918483" lon="138.609241">
				 <ele>39.2</ele>
			 </trkpt>
			 <trkpt lat="-34.918515" lon="138.609275">
				 <ele>39.5</ele>
			 </trkpt>
			 <trkpt lat="-34.918548" lon="138.609309">
				 <ele>39.7</ele>
			 </trkpt>
			 <trkpt lat="-34.91858" lon="138.609343">
				 <ele>40</ele>
			 </trkpt>
			 <trkpt lat="-34.918614" lon="138.609378">
				 <ele>40.3</ele>
			 </trkpt>
			 <trkpt lat="-34.918657" lon="138.60942">
				 <ele>40.5</ele>
			 </trkpt>
			 <trkpt lat="-34.918691" lon="138.609452">
				 <ele>40.8</ele>
			 </trkpt>
			 <trkpt lat="-34.918726" lon="138.609486">
				 <ele>41.1</ele>
			 </trkpt>
			 <trkpt lat="-34.918766" lon="138.60952">
				 <ele>41.4</ele>
			 </trkpt>
			 <trkpt lat="-34.918801" lon="138.609551">
				 <ele>41.6</ele>
			 </trkpt>
			 <trkpt lat="-34.918836" lon="138.609581">
				 <ele>41.9</ele>
			 </trkpt>
			 <trkpt lat="-34.918871" lon="138.609612">
				 <ele>42.1</ele>
			 </trkpt>
			 <trkpt lat="-34.918907" lon="138.609643">
				 <ele>42.4</ele>
			 </trkpt>
			 <trkpt lat="-34.918944" lon="138.609692">
				 <ele>42.6</ele>
			 </trkpt>
			 <trkpt lat="-34.918973" lon="138.609731">
				 <ele>42.9</ele>
			 </trkpt>
			 <trkpt lat="-34.919002" lon="138.609769">
				 <ele>43.1</ele>
			 </trkpt>
			 <trkpt lat="-34.919032" lon="138.609809">
				 <ele>43.4</ele>
			 </trkpt>
			 <trkpt lat="-34.919076" lon="138.609902">
				 <ele>43.6</ele>
			 </trkpt>
			 <trkpt lat="-34.919098" lon="138.609948">
				 <ele>43.9</ele>
			 </trkpt>
			 <trkpt lat="-34.919119" lon="138.609993">
				 <ele>44.2</ele>
			 </trkpt>
			 <trkpt lat="-34.919133" lon="138.610022">
				 <ele>44.5</ele>
			 </trkpt>
			 <trkpt lat="-34.919154" lon="138.610067">
				 <ele>44.7</ele>
			 </trkpt>
			 <trkpt lat="-34.919172" lon="138.610115">
				 <ele>45</ele>
			 </trkpt>
			 <trkpt lat="-34.919189" lon="138.610163">
				 <ele>45.2</ele>
			 </trkpt>
			 <trkpt lat="-34.919206" lon="138.610213">
				 <ele>45.5</ele>
			 </trkpt>
			 <trkpt lat="-34.919222" lon="138.610269">
				 <ele>45.7</ele>
			 </trkpt>
			 <trkpt lat="-34.919236" lon="138.610318">
				 <ele>46</ele>
			 </trkpt>
			 <trkpt lat="-34.91925" lon="138.610367">
				 <ele>46.2</ele>
			 </trkpt>
			 <trkpt lat="-34.919264" lon="138.610417">
				 <ele>46.4</ele>
			 </trkpt>
			 <trkpt lat="-34.919279" lon="138.610467">
				 <ele>46.6</ele>
			 </trkpt>
			 <trkpt lat="-34.91933" lon="138.610475">
				 <ele>46.8</ele>
			 </trkpt>
			 <trkpt lat="-34.919373" lon="138.610482">
				 <ele>47</ele>
			 </trkpt>
			 <trkpt lat="-34.919418" lon="138.610489">
				 <ele>47.2</ele>
			 </trkpt>
			 <trkpt lat="-34.919676" lon="138.61052">
				 <ele>47.4</ele>
			 </trkpt>
			 <trkpt lat="-34.91972" lon="138.610525">
				 <ele>47.5</ele>
			 </trkpt>
			 <trkpt lat="-34.919764" lon="138.610531">
				 <ele>47.6</ele>
			 </trkpt>
			 <trkpt lat="-34.919807" lon="138.610536">
				 <ele>47.8</ele>
			 </trkpt>
			 <trkpt lat="-34.919851" lon="138.610541">
				 <ele>48</ele>
			 </trkpt>
			 <trkpt lat="-34.919943" lon="138.610551">
				 <ele>48.2</ele>
			 </trkpt>
			 <trkpt lat="-34.919986" lon="138.610556">
				 <ele>48.4</ele>
			 </trkpt>
			 <trkpt lat="-34.92003" lon="138.610561">
				 <ele>48.5</ele>
			 </trkpt>
			 <trkpt lat="-34.920073" lon="138.610566">
				 <ele>48.5</ele>
			 </trkpt>
			 <trkpt lat="-34.920118" lon="138.610571">
				 <ele>48.6</ele>
			 </trkpt>
			 <trkpt lat="-34.920328" lon="138.610597">
				 <ele>48.7</ele>
			 </trkpt>
			 <trkpt lat="-34.920372" lon="138.610603">
				 <ele>48.8</ele>
			 </trkpt>
			 <trkpt lat="-34.920415" lon="138.610608">
				 <ele>48.9</ele>
			 </trkpt>
			 <trkpt lat="-34.920459" lon="138.610614">
				 <ele>49</ele>
			 </trkpt>
			 <trkpt lat="-34.920503" lon="138.61062">
				 <ele>49</ele>
			 </trkpt>
			 <trkpt lat="-34.920541" lon="138.610624">
				 <ele>49</ele>
			 </trkpt>
			 <trkpt lat="-34.920569" lon="138.610628">
				 <ele>49</ele>
			 </trkpt>
			 <trkpt lat="-34.920599" lon="138.610631">
				 <ele>49</ele>
			 </trkpt>
			 <trkpt lat="-34.920628" lon="138.610635">
				 <ele>49</ele>
			 </trkpt>
			 <trkpt lat="-34.920656" lon="138.610638">
				 <ele>49</ele>
			 </trkpt>
			 <trkpt lat="-34.920686" lon="138.610642">
				 <ele>49</ele>
			 </trkpt>
			 <trkpt lat="-34.920714" lon="138.610652">
				 <ele>49</ele>
			 </trkpt>
			 <trkpt lat="-34.920751" lon="138.610706">
				 <ele>48.9</ele>
			 </trkpt>
			 <trkpt lat="-34.920772" lon="138.610768">
				 <ele>48.8</ele>
			 </trkpt>
			 <trkpt lat="-34.920787" lon="138.610813">
				 <ele>48.7</ele>
			 </trkpt>
			 <trkpt lat="-34.920804" lon="138.610862">
				 <ele>48.6</ele>
			 </trkpt>
			 <trkpt lat="-34.920821" lon="138.610911">
				 <ele>48.5</ele>
			 </trkpt>
			 <trkpt lat="-34.920831" lon="138.610962">
				 <ele>48.5</ele>
			 </trkpt>
			 <trkpt lat="-34.92084" lon="138.611015">
				 <ele>48.4</ele>
			 </trkpt>
			 <trkpt lat="-34.920831" lon="138.611153">
				 <ele>48.3</ele>
			 </trkpt>
			 <trkpt lat="-34.920828" lon="138.611205">
				 <ele>48.2</ele>
			 </trkpt>
			 <trkpt lat="-34.920825" lon="138.611258">
				 <ele>48.1</ele>
			 </trkpt>
			 <trkpt lat="-34.920821" lon="138.61131">
				 <ele>48</ele>
			 </trkpt>
			 <trkpt lat="-34.920818" lon="138.611364">
				 <ele>48</ele>
			 </trkpt>
			 <trkpt lat="-34.920804" lon="138.611524">
				 <ele>48</ele>
			 </trkpt>
			 <trkpt lat="-34.9208" lon="138.611577">
				 <ele>48</ele>
			 </trkpt>
			 <trkpt lat="-34.920795" lon="138.61163">
				 <ele>48</ele>
			 </trkpt>
			 <trkpt lat="-34.920791" lon="138.611682">
				 <ele>48</ele>
			 </trkpt>
			 <trkpt lat="-34.920786" lon="138.611735">
				 <ele>47.9</ele>
			 </trkpt>
			 <trkpt lat="-34.920753" lon="138.612102">
				 <ele>47.8</ele>
			 </trkpt>
			 <trkpt lat="-34.920749" lon="138.612155">
				 <ele>47.7</ele>
			 </trkpt>
			 <trkpt lat="-34.920744" lon="138.612207">
				 <ele>47.6</ele>
			 </trkpt>
			 <trkpt lat="-34.920739" lon="138.61226">
				 <ele>47.5</ele>
			 </trkpt>
			 <trkpt lat="-34.920735" lon="138.612307">
				 <ele>47.5</ele>
			 </trkpt>
			 <trkpt lat="-34.920728" lon="138.61236">
				 <ele>47.4</ele>
			 </trkpt>
			 <trkpt lat="-34.92072" lon="138.612412">
				 <ele>47.3</ele>
			 </trkpt>
			 <trkpt lat="-34.920713" lon="138.612464">
				 <ele>47.2</ele>
			 </trkpt>
			 <trkpt lat="-34.920705" lon="138.612517">
				 <ele>47</ele>
			 </trkpt>
			 <trkpt lat="-34.920693" lon="138.612571">
				 <ele>46.8</ele>
			 </trkpt>
			 <trkpt lat="-34.920682" lon="138.612622">
				 <ele>46.7</ele>
			 </trkpt>
			 <trkpt lat="-34.920671" lon="138.612673">
				 <ele>46.6</ele>
			 </trkpt>
			 <trkpt lat="-34.920659" lon="138.612726">
				 <ele>46.5</ele>
			 </trkpt>
			 <trkpt lat="-34.920628" lon="138.612802">
				 <ele>46.5</ele>
			 </trkpt>
			 <trkpt lat="-34.920609" lon="138.61285">
				 <ele>46.4</ele>
			 </trkpt>
			 <trkpt lat="-34.92059" lon="138.612897">
				 <ele>46.2</ele>
			 </trkpt>
			 <trkpt lat="-34.920571" lon="138.612945">
				 <ele>46</ele>
			 </trkpt>
			 <trkpt lat="-34.920551" lon="138.612993">
				 <ele>45.8</ele>
			 </trkpt>
			 <trkpt lat="-34.920421" lon="138.613256">
				 <ele>45.6</ele>
			 </trkpt>
			 <trkpt lat="-34.920399" lon="138.613301">
				 <ele>45.5</ele>
			 </trkpt>
			 <trkpt lat="-34.920376" lon="138.613347">
				 <ele>45.3</ele>
			 </trkpt>
			 <trkpt lat="-34.920354" lon="138.613392">
				 <ele>45.1</ele>
			 </trkpt>
			 <trkpt lat="-34.920331" lon="138.613439">
				 <ele>44.9</ele>
			 </trkpt>
			 <trkpt lat="-34.920168" lon="138.613767">
				 <ele>44.7</ele>
			 </trkpt>
			 <trkpt lat="-34.920136" lon="138.613832">
				 <ele>44.5</ele>
			 </trkpt>
			 <trkpt lat="-34.920114" lon="138.613877">
				 <ele>44.4</ele>
			 </trkpt>
			 <trkpt lat="-34.920091" lon="138.613923">
				 <ele>44.2</ele>
			 </trkpt>
			 <trkpt lat="-34.920068" lon="138.613969">
				 <ele>44</ele>
			 </trkpt>
			 <trkpt lat="-34.920009" lon="138.614088">
				 <ele>43.8</ele>
			 </trkpt>
			 <trkpt lat="-34.919986" lon="138.614133">
				 <ele>43.6</ele>
			 </trkpt>
			 <trkpt lat="-34.919963" lon="138.614179">
				 <ele>43.5</ele>
			 </trkpt>
			 <trkpt lat="-34.919941" lon="138.614224">
				 <ele>43.5</ele>
			 </trkpt>
			 <trkpt lat="-34.919918" lon="138.614271">
				 <ele>43.3</ele>
			 </trkpt>
			 <trkpt lat="-34.919814" lon="138.614468">
				 <ele>43.1</ele>
			 </trkpt>
			 <trkpt lat="-34.919791" lon="138.614513">
				 <ele>42.9</ele>
			 </trkpt>
			 <trkpt lat="-34.919767" lon="138.614558">
				 <ele>42.6</ele>
			 </trkpt>
			 <trkpt lat="-34.919748" lon="138.614594">
				 <ele>42.4</ele>
			 </trkpt>
			 <trkpt lat="-34.919722" lon="138.614645">
				 <ele>42.1</ele>
			 </trkpt>
			 <trkpt lat="-34.919698" lon="138.61469">
				 <ele>41.8</ele>
			 </trkpt>
			 <trkpt lat="-34.919675" lon="138.614735">
				 <ele>41.5</ele>
			 </trkpt>
			 <trkpt lat="-34.919652" lon="138.61478">
				 <ele>41.3</ele>
			 </trkpt>
			 <trkpt lat="-34.919627" lon="138.614826">
				 <ele>41</ele>
			 </trkpt>
			 <trkpt lat="-34.919593" lon="138.61488">
				 <ele>40.7</ele>
			 </trkpt>
			 <trkpt lat="-34.919556" lon="138.614906">
				 <ele>40.5</ele>
			 </trkpt>
			 <trkpt lat="-34.919513" lon="138.614904">
				 <ele>40.4</ele>
			 </trkpt>
			 <trkpt lat="-34.919468" lon="138.614896">
				 <ele>40.2</ele>
			 </trkpt>
			 <trkpt lat="-34.919422" lon="138.614888">
				 <ele>40.1</ele>
			 </trkpt>
			 <trkpt lat="-34.919378" lon="138.61488">
				 <ele>39.9</ele>
			 </trkpt>
			 <trkpt lat="-34.919334" lon="138.614873">
				 <ele>39.8</ele>
			 </trkpt>
			 <trkpt lat="-34.91929" lon="138.614865">
				 <ele>39.7</ele>
			 </trkpt>
			 <trkpt lat="-34.919244" lon="138.614857">
				 <ele>39.6</ele>
			 </trkpt>
			 <trkpt lat="-34.91912" lon="138.61483">
				 <ele>39.5</ele>
			 </trkpt>
			 <trkpt lat="-34.919076" lon="138.614821">
				 <ele>39.5</ele>
			 </trkpt>
			 <trkpt lat="-34.919032" lon="138.614812">
				 <ele>39.4</ele>
			 </trkpt>
			 <trkpt lat="-34.918988" lon="138.614802">
				 <ele>39.3</ele>
			 </trkpt>
			 <trkpt lat="-34.918943" lon="138.614793">
				 <ele>39.2</ele>
			 </trkpt>
			 <trkpt lat="-34.918885" lon="138.614779">
				 <ele>39.1</ele>
			 </trkpt>
			 <trkpt lat="-34.918842" lon="138.614769">
				 <ele>39</ele>
			 </trkpt>
			 <trkpt lat="-34.918798" lon="138.614758">
				 <ele>39</ele>
			 </trkpt>
			 <trkpt lat="-34.918754" lon="138.614748">
				 <ele>39</ele>
			 </trkpt>
			 <trkpt lat="-34.918709" lon="138.614737">
				 <ele>39</ele>
			 </trkpt>
			 <trkpt lat="-34.918628" lon="138.614717">
				 <ele>39</ele>
			 </trkpt>
			 <trkpt lat="-34.918585" lon="138.614706">
				 <ele>39</ele>
			 </trkpt>
			 <trkpt lat="-34.918541" lon="138.614695">
				 <ele>39</ele>
			 </trkpt>
			 <trkpt lat="-34.918497" lon="138.614684">
				 <ele>39</ele>
			 </trkpt>
			 <trkpt lat="-34.918452" lon="138.614672">
				 <ele>39</ele>
			 </trkpt>
			 <trkpt lat="-34.918368" lon="138.614655">
				 <ele>39</ele>
			 </trkpt>
			 <trkpt lat="-34.918324" lon="138.614646">
				 <ele>39</ele>
			 </trkpt>
			 <trkpt lat="-34.91828" lon="138.614636">
				 <ele>39</ele>
			 </trkpt>
			 <trkpt lat="-34.918236" lon="138.614627">
				 <ele>39</ele>
			 </trkpt>
			 <trkpt lat="-34.91819" lon="138.614618">
				 <ele>39</ele>
			 </trkpt>
			 <trkpt lat="-34.918066" lon="138.614591">
				 <ele>39</ele>
			 </trkpt>
			 <trkpt lat="-34.918022" lon="138.614582">
				 <ele>39</ele>
			 </trkpt>
			 <trkpt lat="-34.917978" lon="138.614572">
				 <ele>39</ele>
			 </trkpt>
			 <trkpt lat="-34.917934" lon="138.614563">
				 <ele>39</ele>
			 </trkpt>
			 <trkpt lat="-34.917888" lon="138.614553">
				 <ele>39</ele>
			 </trkpt>
			 <trkpt lat="-34.917706" lon="138.614512">
				 <ele>39</ele>
			 </trkpt>
			 <trkpt lat="-34.917662" lon="138.614502">
				 <ele>39</ele>
			 </trkpt>
			 <trkpt lat="-34.917617" lon="138.614492">
				 <ele>39</ele>
			 </trkpt>
			 <trkpt lat="-34.917578" lon="138.614483">
				 <ele>39</ele>
			 </trkpt>
			 <trkpt lat="-34.917528" lon="138.614472">
				 <ele>39.1</ele>
			 </trkpt>
			 <trkpt lat="-34.917462" lon="138.614459">
				 <ele>39.2</ele>
			 </trkpt>
			 <trkpt lat="-34.917418" lon="138.61445">
				 <ele>39.3</ele>
			 </trkpt>
			 <trkpt lat="-34.917374" lon="138.614441">
				 <ele>39.4</ele>
			 </trkpt>
			 <trkpt lat="-34.91733" lon="138.614432">
				 <ele>39.5</ele>
			 </trkpt>
			 <trkpt lat="-34.917284" lon="138.614423">
				 <ele>39.5</ele>
			 </trkpt>
			 <trkpt lat="-34.91722" lon="138.614409">
				 <ele>39.6</ele>
			 </trkpt>
			 <trkpt lat="-34.917176" lon="138.614399">
				 <ele>39.7</ele>
			 </trkpt>
			 <trkpt lat="-34.917131" lon="138.614389">
				 <ele>39.8</ele>
			 </trkpt>
			 <trkpt lat="-34.917087" lon="138.61438">
				 <ele>39.9</ele>
			 </trkpt>
			 <trkpt lat="-34.917042" lon="138.61437">
				 <ele>40</ele>
			 </trkpt>
			 <trkpt lat="-34.916942" lon="138.614347">
				 <ele>40</ele>
			 </trkpt>
			 <trkpt lat="-34.916898" lon="138.614336">
				 <ele>40</ele>
			 </trkpt>
			 <trkpt lat="-34.916854" lon="138.614326">
				 <ele>40</ele>
			 </trkpt>
			 <trkpt lat="-34.91681" lon="138.614316">
				 <ele>40</ele>
			 </trkpt>
			 <trkpt lat="-34.916764" lon="138.614305">
				 <ele>40</ele>
			 </trkpt>
			 <trkpt lat="-34.916691" lon="138.614288">
				 <ele>40</ele>
			 </trkpt>
			 <trkpt lat="-34.916647" lon="138.614277">
				 <ele>40</ele>
			 </trkpt>
			 <trkpt lat="-34.916603" lon="138.614267">
				 <ele>40</ele>
			 </trkpt>
			 <trkpt lat="-34.916559" lon="138.614257">
				 <ele>40</ele>
			 </trkpt>
			 <trkpt lat="-34.916514" lon="138.614246">
				 <ele>40</ele>
			 </trkpt>
			 <trkpt lat="-34.916462" lon="138.614233">
				 <ele>40</ele>
			 </trkpt>
			 <trkpt lat="-34.916418" lon="138.614222">
				 <ele>40.1</ele>
			 </trkpt>
			 <trkpt lat="-34.916374" lon="138.614211">
				 <ele>40.2</ele>
			 </trkpt>
			 <trkpt lat="-34.91633" lon="138.6142">
				 <ele>40.3</ele>
			 </trkpt>
			 <trkpt lat="-34.916272" lon="138.614187">
				 <ele>40.4</ele>
			 </trkpt>
			 <trkpt lat="-34.916228" lon="138.614177">
				 <ele>40.5</ele>
			 </trkpt>
			 <trkpt lat="-34.916184" lon="138.614167">
				 <ele>40.7</ele>
			 </trkpt>
			 <trkpt lat="-34.916158" lon="138.61416">
				 <ele>40.9</ele>
			 </trkpt>
			 <trkpt lat="-34.916115" lon="138.614147">
				 <ele>41.1</ele>
			 </trkpt>
			 <trkpt lat="-34.916072" lon="138.614132">
				 <ele>41.4</ele>
			 </trkpt>
			 <trkpt lat="-34.916034" lon="138.614102">
				 <ele>41.6</ele>
			 </trkpt>
			 <trkpt lat="-34.916002" lon="138.614064">
				 <ele>41.9</ele>
			 </trkpt>
			 <trkpt lat="-34.915974" lon="138.614022">
				 <ele>42.1</ele>
			 </trkpt>
			 <trkpt lat="-34.915959" lon="138.613649">
				 <ele>42.3</ele>
			 </trkpt>
			 <trkpt lat="-34.915956" lon="138.613596">
				 <ele>42.5</ele>
			 </trkpt>
			 <trkpt lat="-34.915954" lon="138.613541">
				 <ele>42.6</ele>
			 </trkpt>
			 <trkpt lat="-34.915952" lon="138.613487">
				 <ele>42.7</ele>
			 </trkpt>
			 <trkpt lat="-34.915939" lon="138.613105">
				 <ele>42.8</ele>
			 </trkpt>
			 <trkpt lat="-34.915926" lon="138.612722">
				 <ele>42.9</ele>
			 </trkpt>
			 <trkpt lat="-34.915921" lon="138.612589">
				 <ele>43</ele>
			 </trkpt>
			 <trkpt lat="-34.915919" lon="138.612535">
				 <ele>43.1</ele>
			 </trkpt>
			 <trkpt lat="-34.915917" lon="138.612481">
				 <ele>43.2</ele>
			 </trkpt>
			 <trkpt lat="-34.915916" lon="138.612427">
				 <ele>43.3</ele>
			 </trkpt>
			 <trkpt lat="-34.915909" lon="138.612044">
				 <ele>43.4</ele>
			 </trkpt>
			 <trkpt lat="-34.915902" lon="138.611661">
				 <ele>43.5</ele>
			 </trkpt>
			 <trkpt lat="-34.915901" lon="138.611581">
				 <ele>43.5</ele>
			 </trkpt>
			 <trkpt lat="-34.9159" lon="138.611527">
				 <ele>43.6</ele>
			 </trkpt>
			 <trkpt lat="-34.915899" lon="138.611473">
				 <ele>43.7</ele>
			 </trkpt>
			 <trkpt lat="-34.915898" lon="138.611419">
				 <ele>43.8</ele>
			 </trkpt>
			 <trkpt lat="-34.915897" lon="138.611036">
				 <ele>43.9</ele>
			 </trkpt>
			 <trkpt lat="-34.915896" lon="138.610715">
				 <ele>44</ele>
			 </trkpt>
			 <trkpt lat="-34.915896" lon="138.610661">
				 <ele>43.9</ele>
			 </trkpt>
			 <trkpt lat="-34.915896" lon="138.610607">
				 <ele>43.8</ele>
			 </trkpt>
			 <trkpt lat="-34.915896" lon="138.610552">
				 <ele>43.7</ele>
			 </trkpt>
			 <trkpt lat="-34.91589" lon="138.61017">
				 <ele>43.6</ele>
			 </trkpt>
			 <trkpt lat="-34.915885" lon="138.609911">
				 <ele>43.5</ele>
			 </trkpt>
			 <trkpt lat="-34.915884" lon="138.609857">
				 <ele>43.5</ele>
			 </trkpt>
			 <trkpt lat="-34.915884" lon="138.609803">
				 <ele>43.4</ele>
			 </trkpt>
			 <trkpt lat="-34.915883" lon="138.609749">
				 <ele>43.3</ele>
			 </trkpt>
			 <trkpt lat="-34.91589" lon="138.609367">
				 <ele>43.2</ele>
			 </trkpt>
			 <trkpt lat="-34.915896" lon="138.60905">
				 <ele>43</ele>
			 </trkpt>
			 <trkpt lat="-34.915897" lon="138.608996">
				 <ele>42.8</ele>
			 </trkpt>
			 <trkpt lat="-34.915898" lon="138.608942">
				 <ele>42.7</ele>
			 </trkpt>
			 <trkpt lat="-34.915899" lon="138.608887">
				 <ele>42.6</ele>
			 </trkpt>
			 <trkpt lat="-34.915889" lon="138.608811">
				 <ele>42.5</ele>
			 </trkpt>
			 <trkpt lat="-34.915881" lon="138.608757">
				 <ele>42.5</ele>
			 </trkpt>
			 <trkpt lat="-34.915874" lon="138.608704">
				 <ele>42.3</ele>
			 </trkpt>
			 <trkpt lat="-34.915854" lon="138.608631">
				 <ele>42.1</ele>
			 </trkpt>
			 <trkpt lat="-34.915841" lon="138.608578">
				 <ele>41.9</ele>
			 </trkpt>
			 <trkpt lat="-34.915827" lon="138.608527">
				 <ele>41.7</ele>
			 </trkpt>
			 <trkpt lat="-34.915793" lon="138.608448">
				 <ele>41.5</ele>
			 </trkpt>
			 <trkpt lat="-34.915772" lon="138.6084">
				 <ele>41.5</ele>
			 </trkpt>
			 <trkpt lat="-34.915752" lon="138.608351">
				 <ele>41.4</ele>
			 </trkpt>
			 <trkpt lat="-34.915731" lon="138.608303">
				 <ele>41.2</ele>
			 </trkpt>
			 <trkpt lat="-34.915681" lon="138.608209">
				 <ele>41</ele>
			 </trkpt>
			 <trkpt lat="-34.915657" lon="138.608163">
				 <ele>40.8</ele>
			 </trkpt>
			 <trkpt lat="-34.915632" lon="138.608117">
				 <ele>40.6</ele>
			 </trkpt>
			 <trkpt lat="-34.915608" lon="138.608071">
				 <ele>40.5</ele>
			 </trkpt>
			 <trkpt lat="-34.915414" lon="138.607769">
				 <ele>40.5</ele>
			 </trkpt>
			 <trkpt lat="-34.915357" lon="138.607682">
				 <ele>40.4</ele>
			 </trkpt>
			 <trkpt lat="-34.915329" lon="138.607638">
				 <ele>40.2</ele>
			 </trkpt>
			 <trkpt lat="-34.915302" lon="138.607595">
				 <ele>40</ele>
			 </trkpt>
			 <trkpt lat="-34.915274" lon="138.607552">
				 <ele>39.8</ele>
			 </trkpt>
			 <trkpt lat="-34.915228" lon="138.607488">
				 <ele>39.6</ele>
			 </trkpt>
			 <trkpt lat="-34.915199" lon="138.607446">
				 <ele>39.5</ele>
			 </trkpt>
			 <trkpt lat="-34.915169" lon="138.607404">
				 <ele>39.5</ele>
			 </trkpt>
			 <trkpt lat="-34.91514" lon="138.607363">
				 <ele>39.4</ele>
			 </trkpt>
			 <trkpt lat="-34.915128" lon="138.607329">
				 <ele>39.3</ele>
			 </trkpt>
			 <trkpt lat="-34.91511" lon="138.607278">
				 <ele>39.2</ele>
			 </trkpt>
			 <trkpt lat="-34.915092" lon="138.607228">
				 <ele>39</ele>
			 </trkpt>
			 <trkpt lat="-34.915074" lon="138.607178">
				 <ele>38.8</ele>
			 </trkpt>
			 <trkpt lat="-34.91506" lon="138.607115">
				 <ele>38.7</ele>
			 </trkpt>
			 <trkpt lat="-34.915049" lon="138.607061">
				 <ele>38.6</ele>
			 </trkpt>
			 <trkpt lat="-34.915038" lon="138.607008">
				 <ele>38.5</ele>
			 </trkpt>
			 <trkpt lat="-34.915027" lon="138.606955">
				 <ele>38.5</ele>
			 </trkpt>
			 <trkpt lat="-34.915013" lon="138.606909">
				 <ele>38.3</ele>
			 </trkpt>
			 <trkpt lat="-34.915002" lon="138.606873">
				 <ele>38.1</ele>
			 </trkpt>
			 <trkpt lat="-34.91499" lon="138.606832">
				 <ele>37.9</ele>
			 </trkpt>
			 <trkpt lat="-34.91497" lon="138.606782">
				 <ele>37.7</ele>
			 </trkpt>
			 <trkpt lat="-34.914942" lon="138.60674">
				 <ele>37.5</ele>
			 </trkpt>
			 <trkpt lat="-34.914907" lon="138.606706">
				 <ele>37.5</ele>
			 </trkpt>
			 <trkpt lat="-34.914855" lon="138.606694">
				 <ele>37.4</ele>
			 </trkpt>
			 <trkpt lat="-34.914811" lon="138.606697">
				 <ele>37.3</ele>
			 </trkpt>
			 <trkpt lat="-34.914766" lon="138.606709">
				 <ele>37.2</ele>
			 </trkpt>
			 <trkpt lat="-34.91469" lon="138.60676">
				 <ele>37.1</ele>
			 </trkpt>
			 <trkpt lat="-34.91465" lon="138.606786">
				 <ele>37</ele>
			 </trkpt>
			 <trkpt lat="-34.91461" lon="138.606813">
				 <ele>37</ele>
			 </trkpt>
			 <trkpt lat="-34.914569" lon="138.60684">
				 <ele>37</ele>
			 </trkpt>
			 <trkpt lat="-34.91444" lon="138.606975">
				 <ele>37</ele>
			 </trkpt>
			 <trkpt lat="-34.914405" lon="138.607012">
				 <ele>37</ele>
			 </trkpt>
			 <trkpt lat="-34.91437" lon="138.607048">
				 <ele>37</ele>
			 </trkpt>
			 <trkpt lat="-34.914335" lon="138.607084">
				 <ele>37</ele>
			 </trkpt>
			 <trkpt lat="-34.914177" lon="138.607293">
				 <ele>37</ele>
			 </trkpt>
			 <trkpt lat="-34.914147" lon="138.607333">
				 <ele>37</ele>
			 </trkpt>
			 <trkpt lat="-34.914122" lon="138.607366">
				 <ele>37</ele>
			 </trkpt>
			 <trkpt lat="-34.914085" lon="138.607415">
				 <ele>37</ele>
			 </trkpt>
			 <trkpt lat="-34.913933" lon="138.607677">
				 <ele>37</ele>
			 </trkpt>
			 <trkpt lat="-34.913906" lon="138.607723">
				 <ele>37</ele>
			 </trkpt>
			 <trkpt lat="-34.91388" lon="138.607768">
				 <ele>37</ele>
			 </trkpt>
			 <trkpt lat="-34.913854" lon="138.607813">
				 <ele>37</ele>
			 </trkpt>
			 <trkpt lat="-34.913825" lon="138.607886">
				 <ele>37</ele>
			 </trkpt>
			 <trkpt lat="-34.913805" lon="138.607936">
				 <ele>37</ele>
			 </trkpt>
			 <trkpt lat="-34.913785" lon="138.607986">
				 <ele>37</ele>
			 </trkpt>
			 <trkpt lat="-34.913765" lon="138.608036">
				 <ele>37</ele>
			 </trkpt>
			 <trkpt lat="-34.913665" lon="138.60836">
				 <ele>37</ele>
			 </trkpt>
			 <trkpt lat="-34.913654" lon="138.608395">
				 <ele>37</ele>
			 </trkpt>
			 <trkpt lat="-34.913633" lon="138.608464">
				 <ele>37</ele>
			 </trkpt>
			 <trkpt lat="-34.913617" lon="138.608516">
				 <ele>37</ele>
			 </trkpt>
			 <trkpt lat="-34.913578" lon="138.608761">
				 <ele>37</ele>
			 </trkpt>
			 <trkpt lat="-34.913569" lon="138.608815">
				 <ele>37</ele>
			 </trkpt>
			 <trkpt lat="-34.913561" lon="138.608869">
				 <ele>37</ele>
			 </trkpt>
			 <trkpt lat="-34.913552" lon="138.608923">
				 <ele>37</ele>
			 </trkpt>
			 <trkpt lat="-34.913542" lon="138.609121">
				 <ele>37</ele>
			 </trkpt>
			 <trkpt lat="-34.91354" lon="138.609176">
				 <ele>37</ele>
			 </trkpt>
			 <trkpt lat="-34.913537" lon="138.609231">
				 <ele>37</ele>
			 </trkpt>
			 <trkpt lat="-34.913534" lon="138.609286">
				 <ele>37</ele>
			 </trkpt>
			 <trkpt lat="-34.913525" lon="138.609587">
				 <ele>37</ele>
			 </trkpt>
			 <trkpt lat="-34.913523" lon="138.609642">
				 <ele>37</ele>
			 </trkpt>
			 <trkpt lat="-34.913521" lon="138.609697">
				 <ele>37</ele>
			 </trkpt>
			 <trkpt lat="-34.913519" lon="138.609753">
				 <ele>37</ele>
			 </trkpt>
			 <trkpt lat="-34.913514" lon="138.609917">
				 <ele>37</ele>
			 </trkpt>
			 <trkpt lat="-34.913512" lon="138.609972">
				 <ele>37</ele>
			 </trkpt>
			 <trkpt lat="-34.913511" lon="138.610028">
				 <ele>37</ele>
			 </trkpt>
			 <trkpt lat="-34.913509" lon="138.610083">
				 <ele>37.1</ele>
			 </trkpt>
			 <trkpt lat="-34.913503" lon="138.610132">
				 <ele>37.2</ele>
			 </trkpt>
			 <trkpt lat="-34.913495" lon="138.610188">
				 <ele>37.3</ele>
			 </trkpt>
			 <trkpt lat="-34.913488" lon="138.610243">
				 <ele>37.4</ele>
			 </trkpt>
			 <trkpt lat="-34.913481" lon="138.610297">
				 <ele>37.5</ele>
			 </trkpt>
			 <trkpt lat="-34.913438" lon="138.610493">
				 <ele>37.5</ele>
			 </trkpt>
			 <trkpt lat="-34.913426" lon="138.610547">
				 <ele>37.6</ele>
			 </trkpt>
			 <trkpt lat="-34.913414" lon="138.610601">
				 <ele>37.7</ele>
			 </trkpt>
			 <trkpt lat="-34.913403" lon="138.610654">
				 <ele>37.8</ele>
			 </trkpt>
			 <trkpt lat="-34.913371" lon="138.610748">
				 <ele>37.9</ele>
			 </trkpt>
			 <trkpt lat="-34.913354" lon="138.6108">
				 <ele>38</ele>
			 </trkpt>
			 <trkpt lat="-34.913337" lon="138.610852">
				 <ele>38</ele>
			 </trkpt>
			 <trkpt lat="-34.91332" lon="138.610903">
				 <ele>38</ele>
			 </trkpt>
			 <trkpt lat="-34.913299" lon="138.610956">
				 <ele>38</ele>
			 </trkpt>
			 <trkpt lat="-34.913279" lon="138.611007">
				 <ele>38</ele>
			 </trkpt>
			 <trkpt lat="-34.913259" lon="138.611057">
				 <ele>38</ele>
			 </trkpt>
			 <trkpt lat="-34.913239" lon="138.611107">
				 <ele>37.9</ele>
			 </trkpt>
			 <trkpt lat="-34.913108" lon="138.611308">
				 <ele>37.8</ele>
			 </trkpt>
			 <trkpt lat="-34.913079" lon="138.611352">
				 <ele>37.7</ele>
			 </trkpt>
			 <trkpt lat="-34.913051" lon="138.611396">
				 <ele>37.6</ele>
			 </trkpt>
			 <trkpt lat="-34.913022" lon="138.61144">
				 <ele>37.5</ele>
			 </trkpt>
			 <trkpt lat="-34.912796" lon="138.611706">
				 <ele>37.5</ele>
			 </trkpt>
			 <trkpt lat="-34.91276" lon="138.611748">
				 <ele>37.4</ele>
			 </trkpt>
			 <trkpt lat="-34.912727" lon="138.611787">
				 <ele>37.3</ele>
			 </trkpt>
			 <trkpt lat="-34.912694" lon="138.611826">
				 <ele>37.2</ele>
			 </trkpt>
			 <trkpt lat="-34.912518" lon="138.612021">
				 <ele>37.1</ele>
			 </trkpt>
			 <trkpt lat="-34.912484" lon="138.61206">
				 <ele>37</ele>
			 </trkpt>
			 <trkpt lat="-34.912461" lon="138.612085">
				 <ele>37</ele>
			 </trkpt>
			 <trkpt lat="-34.912416" lon="138.612135">
				 <ele>37</ele>
			 </trkpt>
			 <trkpt lat="-34.912279" lon="138.612377">
				 <ele>37</ele>
			 </trkpt>
			 <trkpt lat="-34.912253" lon="138.612423">
				 <ele>36.9</ele>
			 </trkpt>
			 <trkpt lat="-34.912237" lon="138.612451">
				 <ele>36.8</ele>
			 </trkpt>
			 <trkpt lat="-34.9122" lon="138.612515">
				 <ele>36.7</ele>
			 </trkpt>
			 <trkpt lat="-34.912116" lon="138.612724">
				 <ele>36.6</ele>
			 </trkpt>
			 <trkpt lat="-34.912096" lon="138.612774">
				 <ele>36.5</ele>
			 </trkpt>
			 <trkpt lat="-34.912075" lon="138.612824">
				 <ele>36.5</ele>
			 </trkpt>
			 <trkpt lat="-34.912061" lon="138.612859">
				 <ele>36.4</ele>
			 </trkpt>
			 <trkpt lat="-34.912036" lon="138.612956">
				 <ele>36.3</ele>
			 </trkpt>
			 <trkpt lat="-34.912025" lon="138.612999">
				 <ele>36.2</ele>
			 </trkpt>
			 <trkpt lat="-34.912012" lon="138.613052">
				 <ele>36.1</ele>
			 </trkpt>
			 <trkpt lat="-34.911999" lon="138.613107">
				 <ele>36</ele>
			 </trkpt>
			 <trkpt lat="-34.911978" lon="138.613156">
				 <ele>36</ele>
			 </trkpt>
			 <trkpt lat="-34.911944" lon="138.613195">
				 <ele>36</ele>
			 </trkpt>
			 <trkpt lat="-34.911873" lon="138.613189">
				 <ele>36</ele>
			 </trkpt>
			 <trkpt lat="-34.911562" lon="138.613123">
				 <ele>36</ele>
			 </trkpt>
			 <trkpt lat="-34.911356" lon="138.613079">
				 <ele>35.9</ele>
			 </trkpt>
			 <trkpt lat="-34.911309" lon="138.613069">
				 <ele>35.8</ele>
			 </trkpt>
			 <trkpt lat="-34.911263" lon="138.61306">
				 <ele>35.7</ele>
			 </trkpt>
			 <trkpt lat="-34.911217" lon="138.61305">
				 <ele>35.6</ele>
			 </trkpt>
			 <trkpt lat="-34.910906" lon="138.612981">
				 <ele>35.5</ele>
			 </trkpt>
			 <trkpt lat="-34.91079" lon="138.612956">
				 <ele>35.5</ele>
			 </trkpt>
			 <trkpt lat="-34.910744" lon="138.612945">
				 <ele>35.4</ele>
			 </trkpt>
			 <trkpt lat="-34.910698" lon="138.612935">
				 <ele>35.3</ele>
			 </trkpt>
			 <trkpt lat="-34.910652" lon="138.612925">
				 <ele>35.2</ele>
			 </trkpt>
			 <trkpt lat="-34.910341" lon="138.612859">
				 <ele>35.1</ele>
			 </trkpt>
			 <trkpt lat="-34.91003" lon="138.612793">
				 <ele>35</ele>
			 </trkpt>
			 <trkpt lat="-34.909948" lon="138.612775">
				 <ele>35</ele>
			 </trkpt>
			 <trkpt lat="-34.909901" lon="138.612765">
				 <ele>35</ele>
			 </trkpt>
			 <trkpt lat="-34.909855" lon="138.612755">
				 <ele>35.1</ele>
			 </trkpt>
			 <trkpt lat="-34.909809" lon="138.612745">
				 <ele>35.2</ele>
			 </trkpt>
			 <trkpt lat="-34.9095" lon="138.61267">
				 <ele>35.3</ele>
			 </trkpt>
			 <trkpt lat="-34.909416" lon="138.612649">
				 <ele>35.4</ele>
			 </trkpt>
			 <trkpt lat="-34.90937" lon="138.612638">
				 <ele>35.5</ele>
			 </trkpt>
			 <trkpt lat="-34.909324" lon="138.612627">
				 <ele>35.5</ele>
			 </trkpt>
			 <trkpt lat="-34.909278" lon="138.612615">
				 <ele>35.6</ele>
			 </trkpt>
			 <trkpt lat="-34.909227" lon="138.612594">
				 <ele>35.8</ele>
			 </trkpt>
			 <trkpt lat="-34.909183" lon="138.612576">
				 <ele>36</ele>
			 </trkpt>
			 <trkpt lat="-34.909138" lon="138.612558">
				 <ele>36.2</ele>
			 </trkpt>
			 <trkpt lat="-34.909092" lon="138.612529">
				 <ele>36.4</ele>
			 </trkpt>
			 <trkpt lat="-34.909058" lon="138.612508">
				 <ele>36.5</ele>
			 </trkpt>
			 <trkpt lat="-34.909017" lon="138.61248">
				 <ele>36.6</ele>
			 </trkpt>
			 <trkpt lat="-34.908993" lon="138.612463">
				 <ele>36.8</ele>
			 </trkpt>
			 <trkpt lat="-34.908952" lon="138.612435">
				 <ele>37</ele>
			 </trkpt>
			 <trkpt lat="-34.908913" lon="138.612405">
				 <ele>37.2</ele>
			 </trkpt>
			 <trkpt lat="-34.908889" lon="138.612386">
				 <ele>37.4</ele>
			 </trkpt>
			 <trkpt lat="-34.90886" lon="138.612343">
				 <ele>37.5</ele>
			 </trkpt>
			 <trkpt lat="-34.908838" lon="138.612293">
				 <ele>37.7</ele>
			 </trkpt>
			 <trkpt lat="-34.908816" lon="138.612243">
				 <ele>37.9</ele>
			 </trkpt>
			 <trkpt lat="-34.908765" lon="138.611865">
				 <ele>38.1</ele>
			 </trkpt>
			 <trkpt lat="-34.908753" lon="138.611778">
				 <ele>38.3</ele>
			 </trkpt>
			 <trkpt lat="-34.908745" lon="138.611722">
				 <ele>38.5</ele>
			 </trkpt>
			 <trkpt lat="-34.908737" lon="138.611666">
				 <ele>38.5</ele>
			 </trkpt>
			 <trkpt lat="-34.908684" lon="138.611289">
				 <ele>38.6</ele>
			 </trkpt>
			 <trkpt lat="-34.90863" lon="138.610911">
				 <ele>38.7</ele>
			 </trkpt>
			 <trkpt lat="-34.908576" lon="138.610534">
				 <ele>38.8</ele>
			 </trkpt>
			 <trkpt lat="-34.908565" lon="138.61046">
				 <ele>38.9</ele>
			 </trkpt>
			 <trkpt lat="-34.908557" lon="138.610403">
				 <ele>39</ele>
			 </trkpt>
			 <trkpt lat="-34.90855" lon="138.610348">
				 <ele>39</ele>
			 </trkpt>
			 <trkpt lat="-34.908542" lon="138.610292">
				 <ele>39</ele>
			 </trkpt>
			 <trkpt lat="-34.908497" lon="138.609913">
				 <ele>39</ele>
			 </trkpt>
			 <trkpt lat="-34.908453" lon="138.609539">
				 <ele>39</ele>
			 </trkpt>
			 <trkpt lat="-34.908446" lon="138.609483">
				 <ele>39</ele>
			 </trkpt>
			 <trkpt lat="-34.908439" lon="138.609427">
				 <ele>39</ele>
			 </trkpt>
			 <trkpt lat="-34.908433" lon="138.609371">
				 <ele>39</ele>
			 </trkpt>
			 <trkpt lat="-34.908382" lon="138.608993">
				 <ele>38.9</ele>
			 </trkpt>
			 <trkpt lat="-34.90833" lon="138.608615">
				 <ele>38.8</ele>
			 </trkpt>
			 <trkpt lat="-34.908326" lon="138.608582">
				 <ele>38.7</ele>
			 </trkpt>
			 <trkpt lat="-34.908318" lon="138.608526">
				 <ele>38.5</ele>
			 </trkpt>
			 <trkpt lat="-34.908312" lon="138.608481">
				 <ele>38.4</ele>
			 </trkpt>
			 <trkpt lat="-34.908305" lon="138.608424">
				 <ele>38.2</ele>
			 </trkpt>
			 <trkpt lat="-34.908297" lon="138.608368">
				 <ele>37.9</ele>
			 </trkpt>
			 <trkpt lat="-34.90829" lon="138.608312">
				 <ele>37.6</ele>
			 </trkpt>
			 <trkpt lat="-34.90829" lon="138.608248">
				 <ele>37.4</ele>
			 </trkpt>
			 <trkpt lat="-34.90829" lon="138.608191">
				 <ele>37.1</ele>
			 </trkpt>
			 <trkpt lat="-34.908299" lon="138.608129">
				 <ele>36.7</ele>
			 </trkpt>
			 <trkpt lat="-34.908308" lon="138.608073">
				 <ele>36.5</ele>
			 </trkpt>
			 <trkpt lat="-34.908448" lon="138.60781">
				 <ele>36.2</ele>
			 </trkpt>
			 <trkpt lat="-34.908474" lon="138.607762">
				 <ele>35.9</ele>
			 </trkpt>
			 <trkpt lat="-34.908499" lon="138.607715">
				 <ele>35.6</ele>
			 </trkpt>
			 <trkpt lat="-34.908525" lon="138.607667">
				 <ele>35.4</ele>
			 </trkpt>
			 <trkpt lat="-34.908697" lon="138.607346">
				 <ele>35</ele>
			 </trkpt>
			 <trkpt lat="-34.908757" lon="138.607235">
				 <ele>34.7</ele>
			 </trkpt>
			 <trkpt lat="-34.908783" lon="138.607187">
				 <ele>34.5</ele>
			 </trkpt>
			 <trkpt lat="-34.908808" lon="138.607139">
				 <ele>34.1</ele>
			 </trkpt>
			 <trkpt lat="-34.908834" lon="138.607092">
				 <ele>33.7</ele>
			 </trkpt>
			 <trkpt lat="-34.908861" lon="138.607045">
				 <ele>33.5</ele>
			 </trkpt>
			 <trkpt lat="-34.908889" lon="138.606998">
				 <ele>33.2</ele>
			 </trkpt>
			 <trkpt lat="-34.908918" lon="138.606953">
				 <ele>32.9</ele>
			 </trkpt>
			 <trkpt lat="-34.908963" lon="138.606936">
				 <ele>32.6</ele>
			 </trkpt>
			 <trkpt lat="-34.909024" lon="138.606937">
				 <ele>32.5</ele>
			 </trkpt>
			 <trkpt lat="-34.909293" lon="138.607137">
				 <ele>32.3</ele>
			 </trkpt>
			 <trkpt lat="-34.909355" lon="138.607182">
				 <ele>32.3</ele>
			 </trkpt>
			 <trkpt lat="-34.909396" lon="138.607212">
				 <ele>32.3</ele>
			 </trkpt>
			 <trkpt lat="-34.909436" lon="138.607242">
				 <ele>32.3</ele>
			 </trkpt>
			 <trkpt lat="-34.909477" lon="138.607273">
				 <ele>32.4</ele>
			 </trkpt>
			 <trkpt lat="-34.909526" lon="138.607298">
				 <ele>32.5</ele>
			 </trkpt>
			 <trkpt lat="-34.909571" lon="138.607314">
				 <ele>32.5</ele>
			 </trkpt>
			 <trkpt lat="-34.909617" lon="138.607286">
				 <ele>32.6</ele>
			 </trkpt>
			 <trkpt lat="-34.909659" lon="138.607232">
				 <ele>32.7</ele>
			 </trkpt>
			 <trkpt lat="-34.909692" lon="138.607191">
				 <ele>32.9</ele>
			 </trkpt>
			 <trkpt lat="-34.909868" lon="138.606873">
				 <ele>33.1</ele>
			 </trkpt>
			 <trkpt lat="-34.910044" lon="138.606555">
				 <ele>33.3</ele>
			 </trkpt>
			 <trkpt lat="-34.91022" lon="138.606237">
				 <ele>33.4</ele>
			 </trkpt>
			 <trkpt lat="-34.910348" lon="138.606004">
				 <ele>33.5</ele>
			 </trkpt>
			 <trkpt lat="-34.910374" lon="138.605957">
				 <ele>33.5</ele>
			 </trkpt>
			 <trkpt lat="-34.910396" lon="138.605919">
				 <ele>33.6</ele>
			 </trkpt>
			 <trkpt lat="-34.910428" lon="138.605861">
				 <ele>33.7</ele>
			 </trkpt>
			 <trkpt lat="-34.910602" lon="138.605542">
				 <ele>33.9</ele>
			 </trkpt>
			 <trkpt lat="-34.910776" lon="138.605223">
				 <ele>34.1</ele>
			 </trkpt>
			 <trkpt lat="-34.910834" lon="138.605116">
				 <ele>34.3</ele>
			 </trkpt>
			 <trkpt lat="-34.910861" lon="138.605068">
				 <ele>34.4</ele>
			 </trkpt>
			 <trkpt lat="-34.910887" lon="138.60502">
				 <ele>34.5</ele>
			 </trkpt>
			 <trkpt lat="-34.910913" lon="138.604972">
				 <ele>34.5</ele>
			 </trkpt>
			 <trkpt lat="-34.91109" lon="138.604655">
				 <ele>34.6</ele>
			 </trkpt>
			 <trkpt lat="-34.911268" lon="138.604338">
				 <ele>34.7</ele>
			 </trkpt>
			 <trkpt lat="-34.911445" lon="138.604021">
				 <ele>34.8</ele>
			 </trkpt>
			 <trkpt lat="-34.911492" lon="138.603936">
				 <ele>35</ele>
			 </trkpt>
			 <trkpt lat="-34.911519" lon="138.603888">
				 <ele>35.2</ele>
			 </trkpt>
			 <trkpt lat="-34.911546" lon="138.60384">
				 <ele>35.3</ele>
			 </trkpt>
			 <trkpt lat="-34.911564" lon="138.603808">
				 <ele>35.4</ele>
			 </trkpt>
			 <trkpt lat="-34.911582" lon="138.603771">
				 <ele>35.5</ele>
			 </trkpt>
			 <trkpt lat="-34.911606" lon="138.60372">
				 <ele>35.7</ele>
			 </trkpt>
			 <trkpt lat="-34.911628" lon="138.603653">
				 <ele>35.9</ele>
			 </trkpt>
			 <trkpt lat="-34.911633" lon="138.603588">
				 <ele>36.1</ele>
			 </trkpt>
			 <trkpt lat="-34.911608" lon="138.603532">
				 <ele>36.3</ele>
			 </trkpt>
			 <trkpt lat="-34.911352" lon="138.603309">
				 <ele>36.5</ele>
			 </trkpt>
			 <trkpt lat="-34.911301" lon="138.603264">
				 <ele>36.6</ele>
			 </trkpt>
			 <trkpt lat="-34.911262" lon="138.60323">
				 <ele>36.8</ele>
			 </trkpt>
			 <trkpt lat="-34.911231" lon="138.603204">
				 <ele>37</ele>
			 </trkpt>
			 <trkpt lat="-34.911197" lon="138.603173">
				 <ele>37.2</ele>
			 </trkpt>
			 <trkpt lat="-34.911161" lon="138.603135">
				 <ele>37.4</ele>
			 </trkpt>
			 <trkpt lat="-34.911127" lon="138.603094">
				 <ele>37.5</ele>
			 </trkpt>
			 <trkpt lat="-34.911101" lon="138.603045">
				 <ele>37.5</ele>
			 </trkpt>
			 <trkpt lat="-34.911124" lon="138.602981">
				 <ele>37.6</ele>
			 </trkpt>
			 <trkpt lat="-34.911143" lon="138.602927">
				 <ele>37.8</ele>
			 </trkpt>
			 <trkpt lat="-34.911313" lon="138.602604">
				 <ele>38</ele>
			 </trkpt>
			 <trkpt lat="-34.911377" lon="138.602482">
				 <ele>38.2</ele>
			 </trkpt>
			 <trkpt lat="-34.911402" lon="138.602433">
				 <ele>38.4</ele>
			 </trkpt>
			 <trkpt lat="-34.911428" lon="138.602384">
				 <ele>38.5</ele>
			 </trkpt>
			 <trkpt lat="-34.911454" lon="138.602335">
				 <ele>38.5</ele>
			 </trkpt>
			 <trkpt lat="-34.9115" lon="138.602264">
				 <ele>38.6</ele>
			 </trkpt>
			 <trkpt lat="-34.91153" lon="138.602218">
				 <ele>38.7</ele>
			 </trkpt>
			 <trkpt lat="-34.911556" lon="138.602179">
				 <ele>38.8</ele>
			 </trkpt>
			 <trkpt lat="-34.911589" lon="138.602137">
				 <ele>38.9</ele>
			 </trkpt>
			 <trkpt lat="-34.911621" lon="138.602099">
				 <ele>39</ele>
			 </trkpt>
			 <trkpt lat="-34.911647" lon="138.602067">
				 <ele>39</ele>
			 </trkpt>
			 <trkpt lat="-34.91167" lon="138.602047">
				 <ele>39</ele>
			 </trkpt>
			 <trkpt lat="-34.911697" lon="138.602031">
				 <ele>39</ele>
			 </trkpt>
			 <trkpt lat="-34.911733" lon="138.602022">
				 <ele>39</ele>
			 </trkpt>
			 <trkpt lat="-34.911779" lon="138.602037">
				 <ele>39</ele>
			 </trkpt>
			 <trkpt lat="-34.911837" lon="138.602072">
				 <ele>39</ele>
			 </trkpt>
			 <trkpt lat="-34.912098" lon="138.602286">
				 <ele>38.9</ele>
			 </trkpt>
			 <trkpt lat="-34.912137" lon="138.602318">
				 <ele>38.8</ele>
			 </trkpt>
			 <trkpt lat="-34.912177" lon="138.602351">
				 <ele>38.7</ele>
			 </trkpt>
			 <trkpt lat="-34.912217" lon="138.602383">
				 <ele>38.6</ele>
			 </trkpt>
			 <trkpt lat="-34.912257" lon="138.602417">
				 <ele>38.5</ele>
			 </trkpt>
			 <trkpt lat="-34.91252" lon="138.60263">
				 <ele>38.5</ele>
			 </trkpt>
			 <trkpt lat="-34.912724" lon="138.602797">
				 <ele>38.3</ele>
			 </trkpt>
			 <trkpt lat="-34.912765" lon="138.602829">
				 <ele>38.1</ele>
			 </trkpt>
			 <trkpt lat="-34.912805" lon="138.602862">
				 <ele>37.9</ele>
			 </trkpt>
			 <trkpt lat="-34.912845" lon="138.602895">
				 <ele>37.7</ele>
			 </trkpt>
			 <trkpt lat="-34.913108" lon="138.603108">
				 <ele>37.5</ele>
			 </trkpt>
			 <trkpt lat="-34.91337" lon="138.603321">
				 <ele>37.4</ele>
			 </trkpt>
			 <trkpt lat="-34.913399" lon="138.603345">
				 <ele>37.2</ele>
			 </trkpt>
			 <trkpt lat="-34.913439" lon="138.603378">
				 <ele>36.9</ele>
			 </trkpt>
			 <trkpt lat="-34.913479" lon="138.60341">
				 <ele>36.6</ele>
			 </trkpt>
			 <trkpt lat="-34.913511" lon="138.603437">
				 <ele>36.3</ele>
			 </trkpt>
			 <trkpt lat="-34.91355" lon="138.603472">
				 <ele>35.8</ele>
			 </trkpt>
			 <trkpt lat="-34.913582" lon="138.603504">
				 <ele>35.5</ele>
			 </trkpt>
			 <trkpt lat="-34.91362" lon="138.603541">
				 <ele>35</ele>
			 </trkpt>
			 <trkpt lat="-34.913657" lon="138.603578">
				 <ele>34.5</ele>
			 </trkpt>
			 <trkpt lat="-34.913679" lon="138.603606">
				 <ele>34.1</ele>
			 </trkpt>
			 <trkpt lat="-34.913693" lon="138.603648">
				 <ele>33.5</ele>
			 </trkpt>
			 <trkpt lat="-34.913701" lon="138.603706">
				 <ele>33.1</ele>
			 </trkpt>
			 <trkpt lat="-34.913682" lon="138.603763">
				 <ele>32.6</ele>
			 </trkpt>
			 <trkpt lat="-34.913644" lon="138.603797">
				 <ele>32.3</ele>
			 </trkpt>
			 <trkpt lat="-34.913602" lon="138.603828">
				 <ele>31.8</ele>
			 </trkpt>
			 <trkpt lat="-34.91346" lon="138.603915">
				 <ele>31.5</ele>
			 </trkpt>
			 <trkpt lat="-34.913416" lon="138.603942">
				 <ele>31.2</ele>
			 </trkpt>
			 <trkpt lat="-34.913372" lon="138.603969">
				 <ele>30.8</ele>
			 </trkpt>
			 <trkpt lat="-34.913329" lon="138.603996">
				 <ele>30.5</ele>
			 </trkpt>
			 <trkpt lat="-34.91307" lon="138.604188">
				 <ele>30.3</ele>
			 </trkpt>
			 <trkpt lat="-34.913028" lon="138.604219">
				 <ele>30</ele>
			 </trkpt>
			 <trkpt lat="-34.912987" lon="138.60425">
				 <ele>29.7</ele>
			 </trkpt>
			 <trkpt lat="-34.912945" lon="138.604281">
				 <ele>29.5</ele>
			 </trkpt>
			 <trkpt lat="-34.912739" lon="138.604463">
				 <ele>29.2</ele>
			 </trkpt>
			 <trkpt lat="-34.9127" lon="138.604498">
				 <ele>28.9</ele>
			 </trkpt>
			 <trkpt lat="-34.91266" lon="138.604533">
				 <ele>28.7</ele>
			 </trkpt>
			 <trkpt lat="-34.912621" lon="138.604568">
				 <ele>28.5</ele>
			 </trkpt>
			 <trkpt lat="-34.912378" lon="138.604813">
				 <ele>28.2</ele>
			 </trkpt>
			 <trkpt lat="-34.912341" lon="138.604851">
				 <ele>28</ele>
			 </trkpt>
			 <trkpt lat="-34.912304" lon="138.604889">
				 <ele>27.8</ele>
			 </trkpt>
			 <trkpt lat="-34.912266" lon="138.604927">
				 <ele>27.6</ele>
			 </trkpt>
			 <trkpt lat="-34.912228" lon="138.604965">
				 <ele>27.5</ele>
			 </trkpt>
			 <trkpt lat="-34.911996" lon="138.605224">
				 <ele>27.4</ele>
			 </trkpt>
			 <trkpt lat="-34.911906" lon="138.605326">
				 <ele>27.2</ele>
			 </trkpt>
			 <trkpt lat="-34.91187" lon="138.605366">
				 <ele>27</ele>
			 </trkpt>
			 <trkpt lat="-34.911834" lon="138.605406">
				 <ele>26.8</ele>
			 </trkpt>
			 <trkpt lat="-34.911798" lon="138.605446">
				 <ele>26.6</ele>
			 </trkpt>
			 <trkpt lat="-34.911582" lon="138.605726">
				 <ele>26.5</ele>
			 </trkpt>
			 <trkpt lat="-34.911444" lon="138.605904">
				 <ele>26.5</ele>
			 </trkpt>
			 <trkpt lat="-34.911411" lon="138.605947">
				 <ele>26.4</ele>
			 </trkpt>
			 <trkpt lat="-34.911377" lon="138.60599">
				 <ele>26.3</ele>
			 </trkpt>
			 <trkpt lat="-34.911344" lon="138.606034">
				 <ele>26.2</ele>
			 </trkpt>
			 <trkpt lat="-34.911154" lon="138.606339">
				 <ele>26.1</ele>
			 </trkpt>
			 <trkpt lat="-34.911114" lon="138.606404">
				 <ele>26</ele>
			 </trkpt>
			 <trkpt lat="-34.911084" lon="138.606451">
				 <ele>26</ele>
			 </trkpt>
			 <trkpt lat="-34.911055" lon="138.606499">
				 <ele>26</ele>
			 </trkpt>
			 <trkpt lat="-34.911008" lon="138.606648">
				 <ele>26</ele>
			 </trkpt>
			 <trkpt lat="-34.910991" lon="138.606703">
				 <ele>26</ele>
			 </trkpt>
			 <trkpt lat="-34.910974" lon="138.606758">
				 <ele>26</ele>
			 </trkpt>
			 <trkpt lat="-34.910957" lon="138.606814">
				 <ele>26</ele>
			 </trkpt>
			 <trkpt lat="-34.910945" lon="138.606971">
				 <ele>26</ele>
			 </trkpt>
			 <trkpt lat="-34.910941" lon="138.60703">
				 <ele>26</ele>
			 </trkpt>
			 <trkpt lat="-34.910937" lon="138.607089">
				 <ele>26</ele>
			 </trkpt>
			 <trkpt lat="-34.910933" lon="138.607148">
				 <ele>26.1</ele>
			 </trkpt>
			 <trkpt lat="-34.91094" lon="138.60735">
				 <ele>26.2</ele>
			 </trkpt>
			 <trkpt lat="-34.910942" lon="138.607409">
				 <ele>26.3</ele>
			 </trkpt>
			 <trkpt lat="-34.910945" lon="138.607468">
				 <ele>26.4</ele>
			 </trkpt>
			 <trkpt lat="-34.910946" lon="138.607504">
				 <ele>26.5</ele>
			 </trkpt>
			 <trkpt lat="-34.910956" lon="138.607561">
				 <ele>26.6</ele>
			 </trkpt>
			 <trkpt lat="-34.910971" lon="138.607618">
				 <ele>26.8</ele>
			 </trkpt>
			 <trkpt lat="-34.910987" lon="138.607675">
				 <ele>27.1</ele>
			 </trkpt>
			 <trkpt lat="-34.911007" lon="138.607728">
				 <ele>27.4</ele>
			 </trkpt>
			 <trkpt lat="-34.911028" lon="138.607781">
				 <ele>27.6</ele>
			 </trkpt>
			 <trkpt lat="-34.911049" lon="138.607835">
				 <ele>28</ele>
			 </trkpt>
			 <trkpt lat="-34.91107" lon="138.607889">
				 <ele>28.3</ele>
			 </trkpt>
			 <trkpt lat="-34.911115" lon="138.607958">
				 <ele>28.6</ele>
			 </trkpt>
			 <trkpt lat="-34.911145" lon="138.608004">
				 <ele>29</ele>
			 </trkpt>
			 <trkpt lat="-34.911176" lon="138.608051">
				 <ele>29.4</ele>
			 </trkpt>
			 <trkpt lat="-34.911215" lon="138.608095">
				 <ele>29.8</ele>
			 </trkpt>
			 <trkpt lat="-34.911252" lon="138.608135">
				 <ele>30.2</ele>
			 </trkpt>
			 <trkpt lat="-34.911289" lon="138.608175">
				 <ele>30.5</ele>
			 </trkpt>
			 <trkpt lat="-34.911334" lon="138.608207">
				 <ele>30.9</ele>
			 </trkpt>
			 <trkpt lat="-34.911376" lon="138.608238">
				 <ele>31.3</ele>
			 </trkpt>
			 <trkpt lat="-34.911419" lon="138.608269">
				 <ele>31.6</ele>
			 </trkpt>
			 <trkpt lat="-34.911461" lon="138.608299">
				 <ele>32</ele>
			 </trkpt>
			 <trkpt lat="-34.91161" lon="138.608384">
				 <ele>32.4</ele>
			 </trkpt>
			 <trkpt lat="-34.911655" lon="138.608409">
				 <ele>32.6</ele>
			 </trkpt>
			 <trkpt lat="-34.9117" lon="138.608435">
				 <ele>33</ele>
			 </trkpt>
			 <trkpt lat="-34.911745" lon="138.60846">
				 <ele>33.4</ele>
			 </trkpt>
			 <trkpt lat="-34.911803" lon="138.608492">
				 <ele>33.7</ele>
			 </trkpt>
			 <trkpt lat="-34.911849" lon="138.608516">
				 <ele>34.1</ele>
			 </trkpt>
			 <trkpt lat="-34.911894" lon="138.60854">
				 <ele>34.5</ele>
			 </trkpt>
			 <trkpt lat="-34.911939" lon="138.608565">
				 <ele>34.9</ele>
			 </trkpt>
			 <trkpt lat="-34.911993" lon="138.608603">
				 <ele>35.3</ele>
			 </trkpt>
			 <trkpt lat="-34.912036" lon="138.608633">
				 <ele>35.7</ele>
			 </trkpt>
			 <trkpt lat="-34.912091" lon="138.608687">
				 <ele>36.1</ele>
			 </trkpt>
			 <trkpt lat="-34.91213" lon="138.608724">
				 <ele>36.5</ele>
			 </trkpt>
			 <trkpt lat="-34.912168" lon="138.608777">
				 <ele>36.8</ele>
			 </trkpt>
			 <trkpt lat="-34.912201" lon="138.608822">
				 <ele>37.1</ele>
			 </trkpt>
			 <trkpt lat="-34.91223" lon="138.608871">
				 <ele>37.4</ele>
			 </trkpt>
			 <trkpt lat="-34.912258" lon="138.60892">
				 <ele>37.5</ele>
			 </trkpt>
			 <trkpt lat="-34.912275" lon="138.608963">
				 <ele>37.7</ele>
			 </trkpt>
			 <trkpt lat="-34.912296" lon="138.609017">
				 <ele>37.8</ele>
			 </trkpt>
			 <trkpt lat="-34.912318" lon="138.609071">
				 <ele>37.9</ele>
			 </trkpt>
			 <trkpt lat="-34.912339" lon="138.609125">
				 <ele>38</ele>
			 </trkpt>
			 <trkpt lat="-34.912354" lon="138.609215">
				 <ele>38</ele>
			 </trkpt>
			 <trkpt lat="-34.912363" lon="138.609274">
				 <ele>38</ele>
			 </trkpt>
			 <trkpt lat="-34.912372" lon="138.609333">
				 <ele>38</ele>
			 </trkpt>
			 <trkpt lat="-34.912376" lon="138.609398">
				 <ele>38</ele>
			 </trkpt>
			 <trkpt lat="-34.912379" lon="138.609458">
				 <ele>38</ele>
			 </trkpt>
			 <trkpt lat="-34.912376" lon="138.609496">
				 <ele>38</ele>
			 </trkpt>
			 <trkpt lat="-34.912371" lon="138.609555">
				 <ele>38</ele>
			 </trkpt>
			 <trkpt lat="-34.912365" lon="138.609615">
				 <ele>38</ele>
			 </trkpt>
			 <trkpt lat="-34.91236" lon="138.609675">
				 <ele>37.9</ele>
			 </trkpt>
			 <trkpt lat="-34.912331" lon="138.609796">
				 <ele>37.8</ele>
			 </trkpt>
			 <trkpt lat="-34.912317" lon="138.609853">
				 <ele>37.7</ele>
			 </trkpt>
			 <trkpt lat="-34.912303" lon="138.609911">
				 <ele>37.6</ele>
			 </trkpt>
			 <trkpt lat="-34.912289" lon="138.609969">
				 <ele>37.5</ele>
			 </trkpt>
			 <trkpt lat="-34.912231" lon="138.610187">
				 <ele>37.5</ele>
			 </trkpt>
			 <trkpt lat="-34.912216" lon="138.610244">
				 <ele>37.4</ele>
			 </trkpt>
			 <trkpt lat="-34.912201" lon="138.610302">
				 <ele>37.3</ele>
			 </trkpt>
			 <trkpt lat="-34.912192" lon="138.610333">
				 <ele>37.2</ele>
			 </trkpt>
			 <trkpt lat="-34.912112" lon="138.610513">
				 <ele>37.1</ele>
			 </trkpt>
			 <trkpt lat="-34.912087" lon="138.610565">
				 <ele>37</ele>
			 </trkpt>
			 <trkpt lat="-34.912062" lon="138.610618">
				 <ele>37</ele>
			 </trkpt>
			 <trkpt lat="-34.912034" lon="138.610663">
				 <ele>37</ele>
			 </trkpt>
			 <trkpt lat="-34.912004" lon="138.610711">
				 <ele>37</ele>
			 </trkpt>
			 <trkpt lat="-34.911974" lon="138.610759">
				 <ele>37</ele>
			 </trkpt>
			 <trkpt lat="-34.911905" lon="138.610835">
				 <ele>37</ele>
			 </trkpt>
			 <trkpt lat="-34.911868" lon="138.610876">
				 <ele>37</ele>
			 </trkpt>
			 <trkpt lat="-34.911832" lon="138.610917">
				 <ele>37</ele>
			 </trkpt>
			 <trkpt lat="-34.911763" lon="138.610961">
				 <ele>37</ele>
			 </trkpt>
			 <trkpt lat="-34.911719" lon="138.61099">
				 <ele>37</ele>
			 </trkpt>
			 <trkpt lat="-34.911674" lon="138.611019">
				 <ele>37</ele>
			 </trkpt>
			 <trkpt lat="-34.911568" lon="138.611061">
				 <ele>37</ele>
			 </trkpt>
			 <trkpt lat="-34.911521" lon="138.61108">
				 <ele>37</ele>
			 </trkpt>
			 <trkpt lat="-34.911473" lon="138.6111">
				 <ele>37</ele>
			 </trkpt>
			 <trkpt lat="-34.91138" lon="138.611125">
				 <ele>37</ele>
			 </trkpt>
			 <trkpt lat="-34.911332" lon="138.611139">
				 <ele>37</ele>
			 </trkpt>
			 <trkpt lat="-34.911283" lon="138.611153">
				 <ele>37</ele>
			 </trkpt>
			 <trkpt lat="-34.911173" lon="138.611166">
				 <ele>37</ele>
			 </trkpt>
			 <trkpt lat="-34.911123" lon="138.611173">
				 <ele>37</ele>
			 </trkpt>
			 <trkpt lat="-34.911073" lon="138.611179">
				 <ele>37</ele>
			 </trkpt>
			 <trkpt lat="-34.911024" lon="138.611174">
				 <ele>37</ele>
			 </trkpt>
			 <trkpt lat="-34.910974" lon="138.611168">
				 <ele>37</ele>
			 </trkpt>
			 <trkpt lat="-34.910924" lon="138.611163">
				 <ele>37</ele>
			 </trkpt>
			 <trkpt lat="-34.910816" lon="138.611136">
				 <ele>37</ele>
			 </trkpt>
			 <trkpt lat="-34.910767" lon="138.611124">
				 <ele>37</ele>
			 </trkpt>
			 <trkpt lat="-34.910718" lon="138.611112">
				 <ele>37</ele>
			 </trkpt>
			 <trkpt lat="-34.910665" lon="138.611096">
				 <ele>37</ele>
			 </trkpt>
			 <trkpt lat="-34.910616" lon="138.611081">
				 <ele>37</ele>
			 </trkpt>
			 <trkpt lat="-34.910568" lon="138.611065">
				 <ele>37</ele>
			 </trkpt>
			 <trkpt lat="-34.910465" lon="138.611026">
				 <ele>37</ele>
			 </trkpt>
			 <trkpt lat="-34.910417" lon="138.611007">
				 <ele>37</ele>
			 </trkpt>
			 <trkpt lat="-34.910369" lon="138.610988">
				 <ele>37</ele>
			 </trkpt>
			 <trkpt lat="-34.910265" lon="138.610979">
				 <ele>37</ele>
			 </trkpt>
			 <trkpt lat="-34.910214" lon="138.610974">
				 <ele>37</ele>
			 </trkpt>
			 <trkpt lat="-34.910164" lon="138.610969">
				 <ele>37</ele>
			 </trkpt>
			 <trkpt lat="-34.910047" lon="138.610986">
				 <ele>37</ele>
			 </trkpt>
			 <trkpt lat="-34.909997" lon="138.610994">
				 <ele>37</ele>
			 </trkpt>
			 <trkpt lat="-34.909946" lon="138.611001">
				 <ele>37</ele>
			 </trkpt>
			 <trkpt lat="-34.909858" lon="138.61105">
				 <ele>37</ele>
			 </trkpt>
			 <trkpt lat="-34.909812" lon="138.611075">
				 <ele>37</ele>
			 </trkpt>
			 <trkpt lat="-34.909766" lon="138.611101">
				 <ele>37</ele>
			 </trkpt>
			 <trkpt lat="-34.909708" lon="138.611154">
				 <ele>37</ele>
			 </trkpt>
			 <trkpt lat="-34.909667" lon="138.611191">
				 <ele>37</ele>
			 </trkpt>
			 <trkpt lat="-34.909627" lon="138.611228">
				 <ele>37</ele>
			 </trkpt>
			 <trkpt lat="-34.909565" lon="138.611285">
				 <ele>37.1</ele>
			 </trkpt>
			 <trkpt lat="-34.909525" lon="138.611322">
				 <ele>37.2</ele>
			 </trkpt>
			 <trkpt lat="-34.909485" lon="138.61136">
				 <ele>37.3</ele>
			 </trkpt>
			 <trkpt lat="-34.909437" lon="138.611395">
				 <ele>37.4</ele>
			 </trkpt>
			 <trkpt lat="-34.909394" lon="138.611427">
				 <ele>37.5</ele>
			 </trkpt>
			 <trkpt lat="-34.909226" lon="138.611481">
				 <ele>37.5</ele>
			 </trkpt>
			 <trkpt lat="-34.909177" lon="138.611496">
				 <ele>37.6</ele>
			 </trkpt>
			 <trkpt lat="-34.909118" lon="138.611527">
				 <ele>37.7</ele>
			 </trkpt>
			 <trkpt lat="-34.909168" lon="138.611533">
				 <ele>37.8</ele>
			 </trkpt>
			 <trkpt lat="-34.909218" lon="138.611524">
				 <ele>37.9</ele>
			 </trkpt>
			 <trkpt lat="-34.909269" lon="138.611515">
				 <ele>38</ele>
			 </trkpt>
			 <trkpt lat="-34.90933" lon="138.611491">
				 <ele>38</ele>
			 </trkpt>
			 <trkpt lat="-34.909379" lon="138.611472">
				 <ele>38</ele>
			 </trkpt>
			 <trkpt lat="-34.909425" lon="138.611441">
				 <ele>38</ele>
			 </trkpt>
			 <trkpt lat="-34.90947" lon="138.611411">
				 <ele>38</ele>
			 </trkpt>
			 <trkpt lat="-34.909506" lon="138.61138">
				 <ele>38</ele>
			 </trkpt>
			 <trkpt lat="-34.909547" lon="138.611343">
				 <ele>38</ele>
			 </trkpt>
			 <trkpt lat="-34.909588" lon="138.611307">
				 <ele>38</ele>
			 </trkpt>
			 <trkpt lat="-34.909663" lon="138.611228">
				 <ele>38</ele>
			 </trkpt>
			 <trkpt lat="-34.909701" lon="138.611187">
				 <ele>38</ele>
			 </trkpt>
			 <trkpt lat="-34.909739" lon="138.611147">
				 <ele>38</ele>
			 </trkpt>
			 <trkpt lat="-34.909855" lon="138.611083">
				 <ele>38</ele>
			 </trkpt>
			 <trkpt lat="-34.909901" lon="138.611058">
				 <ele>38</ele>
			 </trkpt>
			 <trkpt lat="-34.909948" lon="138.611032">
				 <ele>38</ele>
			 </trkpt>
			 <trkpt lat="-34.910007" lon="138.61102">
				 <ele>37.9</ele>
			 </trkpt>
			 <trkpt lat="-34.910058" lon="138.611009">
				 <ele>37.8</ele>
			 </trkpt>
			 <trkpt lat="-34.910108" lon="138.610999">
				 <ele>37.7</ele>
			 </trkpt>
			 <trkpt lat="-34.910187" lon="138.611001">
				 <ele>37.6</ele>
			 </trkpt>
			 <trkpt lat="-34.910238" lon="138.611002">
				 <ele>37.5</ele>
			 </trkpt>
			 <trkpt lat="-34.91029" lon="138.611003">
				 <ele>37.5</ele>
			 </trkpt>
			 <trkpt lat="-34.910364" lon="138.611023">
				 <ele>37.4</ele>
			 </trkpt>
			 <trkpt lat="-34.910414" lon="138.611036">
				 <ele>37.3</ele>
			 </trkpt>
			 <trkpt lat="-34.910464" lon="138.611049">
				 <ele>37.2</ele>
			 </trkpt>
			 <trkpt lat="-34.910622" lon="138.611105">
				 <ele>37.1</ele>
			 </trkpt>
			 <trkpt lat="-34.910671" lon="138.611122">
				 <ele>37</ele>
			 </trkpt>
			 <trkpt lat="-34.91072" lon="138.61114">
				 <ele>37</ele>
			 </trkpt>
			 <trkpt lat="-34.910799" lon="138.611161">
				 <ele>37</ele>
			 </trkpt>
			 <trkpt lat="-34.910849" lon="138.611174">
				 <ele>37</ele>
			 </trkpt>
			 <trkpt lat="-34.910899" lon="138.611187">
				 <ele>37</ele>
			 </trkpt>
			 <trkpt lat="-34.910979" lon="138.611199">
				 <ele>37</ele>
			 </trkpt>
			 <trkpt lat="-34.91103" lon="138.611207">
				 <ele>37</ele>
			 </trkpt>
			 <trkpt lat="-34.911081" lon="138.611214">
				 <ele>37</ele>
			 </trkpt>
			 <trkpt lat="-34.911145" lon="138.61121">
				 <ele>37</ele>
			 </trkpt>
			 <trkpt lat="-34.911197" lon="138.611206">
				 <ele>37</ele>
			 </trkpt>
			 <trkpt lat="-34.911315" lon="138.61118">
				 <ele>37</ele>
			 </trkpt>
			 <trkpt lat="-34.911365" lon="138.611169">
				 <ele>37</ele>
			 </trkpt>
			 <trkpt lat="-34.911416" lon="138.611158">
				 <ele>37</ele>
			 </trkpt>
			 <trkpt lat="-34.911471" lon="138.611139">
				 <ele>37</ele>
			 </trkpt>
			 <trkpt lat="-34.911521" lon="138.611122">
				 <ele>37</ele>
			 </trkpt>
			 <trkpt lat="-34.91157" lon="138.611104">
				 <ele>37</ele>
			 </trkpt>
			 <trkpt lat="-34.911606" lon="138.611089">
				 <ele>37</ele>
			 </trkpt>
			 <trkpt lat="-34.911655" lon="138.611068">
				 <ele>37</ele>
			 </trkpt>
			 <trkpt lat="-34.911703" lon="138.611047">
				 <ele>36.9</ele>
			 </trkpt>
			 <trkpt lat="-34.911748" lon="138.611012">
				 <ele>36.8</ele>
			 </trkpt>
			 <trkpt lat="-34.911792" lon="138.610978">
				 <ele>36.7</ele>
			 </trkpt>
			 <trkpt lat="-34.911835" lon="138.610945">
				 <ele>36.6</ele>
			 </trkpt>
			 <trkpt lat="-34.911886" lon="138.610897">
				 <ele>36.5</ele>
			 </trkpt>
			 <trkpt lat="-34.911926" lon="138.610859">
				 <ele>36.5</ele>
			 </trkpt>
			 <trkpt lat="-34.911967" lon="138.61082">
				 <ele>36.4</ele>
			 </trkpt>
			 <trkpt lat="-34.912039" lon="138.61072">
				 <ele>36.3</ele>
			 </trkpt>
			 <trkpt lat="-34.912073" lon="138.610673">
				 <ele>36.2</ele>
			 </trkpt>
			 <trkpt lat="-34.912107" lon="138.610626">
				 <ele>36.1</ele>
			 </trkpt>
			 <trkpt lat="-34.91215" lon="138.610534">
				 <ele>36</ele>
			 </trkpt>
			 <trkpt lat="-34.912175" lon="138.61048">
				 <ele>36</ele>
			 </trkpt>
			 <trkpt lat="-34.912201" lon="138.610426">
				 <ele>36</ele>
			 </trkpt>
			 <trkpt lat="-34.912251" lon="138.61024">
				 <ele>36</ele>
			 </trkpt>
			 <trkpt lat="-34.912267" lon="138.610181">
				 <ele>36</ele>
			 </trkpt>
			 <trkpt lat="-34.912283" lon="138.610122">
				 <ele>36</ele>
			 </trkpt>
			 <trkpt lat="-34.912339" lon="138.609883">
				 <ele>36</ele>
			 </trkpt>
			 <trkpt lat="-34.912353" lon="138.609824">
				 <ele>36</ele>
			 </trkpt>
			 <trkpt lat="-34.912367" lon="138.609764">
				 <ele>36</ele>
			 </trkpt>
			 <trkpt lat="-34.912385" lon="138.609645">
				 <ele>35.9</ele>
			 </trkpt>
			 <trkpt lat="-34.912395" lon="138.609584">
				 <ele>35.8</ele>
			 </trkpt>
			 <trkpt lat="-34.912405" lon="138.609522">
				 <ele>35.7</ele>
			 </trkpt>
			 <trkpt lat="-34.912398" lon="138.609391">
				 <ele>35.6</ele>
			 </trkpt>
			 <trkpt lat="-34.912395" lon="138.609329">
				 <ele>35.5</ele>
			 </trkpt>
			 <trkpt lat="-34.912392" lon="138.609267">
				 <ele>35.5</ele>
			 </trkpt>
			 <trkpt lat="-34.912375" lon="138.609191">
				 <ele>35.4</ele>
			 </trkpt>
			 <trkpt lat="-34.912362" lon="138.609131">
				 <ele>35.2</ele>
			 </trkpt>
			 <trkpt lat="-34.912349" lon="138.60907">
				 <ele>35</ele>
			 </trkpt>
			 <trkpt lat="-34.912319" lon="138.608999">
				 <ele>34.8</ele>
			 </trkpt>
			 <trkpt lat="-34.912296" lon="138.608943">
				 <ele>34.6</ele>
			 </trkpt>
			 <trkpt lat="-34.912273" lon="138.608888">
				 <ele>34.5</ele>
			 </trkpt>
			 <trkpt lat="-34.912254" lon="138.608858">
				 <ele>34.4</ele>
			 </trkpt>
			 <trkpt lat="-34.912223" lon="138.608808">
				 <ele>34.2</ele>
			 </trkpt>
			 <trkpt lat="-34.912191" lon="138.608758">
				 <ele>34</ele>
			 </trkpt>
			 <trkpt lat="-34.912114" lon="138.608679">
				 <ele>33.8</ele>
			 </trkpt>
			 <trkpt lat="-34.912075" lon="138.608638">
				 <ele>33.5</ele>
			 </trkpt>
			 <trkpt lat="-34.912035" lon="138.608597">
				 <ele>33.3</ele>
			 </trkpt>
			 <trkpt lat="-34.911958" lon="138.608544">
				 <ele>33.1</ele>
			 </trkpt>
			 <trkpt lat="-34.911913" lon="138.608513">
				 <ele>32.8</ele>
			 </trkpt>
			 <trkpt lat="-34.911868" lon="138.608482">
				 <ele>32.5</ele>
			 </trkpt>
			 <trkpt lat="-34.911615" lon="138.608345">
				 <ele>32.3</ele>
			 </trkpt>
			 <trkpt lat="-34.91158" lon="138.608325">
				 <ele>32</ele>
			 </trkpt>
			 <trkpt lat="-34.91152" lon="138.608293">
				 <ele>31.7</ele>
			 </trkpt>
			 <trkpt lat="-34.911449" lon="138.608247">
				 <ele>31.5</ele>
			 </trkpt>
			 <trkpt lat="-34.911403" lon="138.608218">
				 <ele>31.2</ele>
			 </trkpt>
			 <trkpt lat="-34.911357" lon="138.608188">
				 <ele>30.9</ele>
			 </trkpt>
			 <trkpt lat="-34.911299" lon="138.608134">
				 <ele>30.6</ele>
			 </trkpt>
			 <trkpt lat="-34.911258" lon="138.608096">
				 <ele>30.4</ele>
			 </trkpt>
			 <trkpt lat="-34.911217" lon="138.608057">
				 <ele>30.1</ele>
			 </trkpt>
			 <trkpt lat="-34.911167" lon="138.607983">
				 <ele>29.9</ele>
			 </trkpt>
			 <trkpt lat="-34.911134" lon="138.607934">
				 <ele>29.7</ele>
			 </trkpt>
			 <trkpt lat="-34.911101" lon="138.607885">
				 <ele>29.5</ele>
			 </trkpt>
			 <trkpt lat="-34.911064" lon="138.607796">
				 <ele>29.3</ele>
			 </trkpt>
			 <trkpt lat="-34.911041" lon="138.60774">
				 <ele>29.1</ele>
			 </trkpt>
			 <trkpt lat="-34.911018" lon="138.607684">
				 <ele>28.9</ele>
			 </trkpt>
			 <trkpt lat="-34.910987" lon="138.607535">
				 <ele>28.7</ele>
			 </trkpt>
			 <trkpt lat="-34.910975" lon="138.607474">
				 <ele>28.5</ele>
			 </trkpt>
			 <trkpt lat="-34.910963" lon="138.607413">
				 <ele>28.5</ele>
			 </trkpt>
			 <trkpt lat="-34.910959" lon="138.607293">
				 <ele>28.4</ele>
			 </trkpt>
			 <trkpt lat="-34.910957" lon="138.60723">
				 <ele>28.3</ele>
			 </trkpt>
			 <trkpt lat="-34.910954" lon="138.607167">
				 <ele>28.2</ele>
			 </trkpt>
			 <trkpt lat="-34.910962" lon="138.607029">
				 <ele>28.1</ele>
			 </trkpt>
			 <trkpt lat="-34.910965" lon="138.606967">
				 <ele>28</ele>
			 </trkpt>
			 <trkpt lat="-34.910968" lon="138.606904">
				 <ele>28</ele>
			 </trkpt>
			 <trkpt lat="-34.910978" lon="138.606852">
				 <ele>28</ele>
			 </trkpt>
			 <trkpt lat="-34.91099" lon="138.60679">
				 <ele>28</ele>
			 </trkpt>
			 <trkpt lat="-34.911002" lon="138.606729">
				 <ele>28</ele>
			 </trkpt>
			 <trkpt lat="-34.911055" lon="138.606582">
				 <ele>27.9</ele>
			 </trkpt>
			 <trkpt lat="-34.911077" lon="138.606524">
				 <ele>27.8</ele>
			 </trkpt>
			 <trkpt lat="-34.911098" lon="138.606467">
				 <ele>27.7</ele>
			 </trkpt>
			 <trkpt lat="-34.911167" lon="138.60635">
				 <ele>27.6</ele>
			 </trkpt>
			 <trkpt lat="-34.911197" lon="138.606298">
				 <ele>27.5</ele>
			 </trkpt>
			 <trkpt lat="-34.911228" lon="138.606247">
				 <ele>27.5</ele>
			 </trkpt>
			 <trkpt lat="-34.91136" lon="138.606066">
				 <ele>27.4</ele>
			 </trkpt>
			 <trkpt lat="-34.911395" lon="138.606019">
				 <ele>27.3</ele>
			 </trkpt>
			 <trkpt lat="-34.91143" lon="138.605971">
				 <ele>27.3</ele>
			 </trkpt>
			 <trkpt lat="-34.911648" lon="138.605695">
				 <ele>27.3</ele>
			 </trkpt>
			 <trkpt lat="-34.911702" lon="138.605627">
				 <ele>27.3</ele>
			 </trkpt>
			 <trkpt lat="-34.911738" lon="138.605581">
				 <ele>27.4</ele>
			 </trkpt>
			 <trkpt lat="-34.911774" lon="138.605536">
				 <ele>27.5</ele>
			 </trkpt>
			 <trkpt lat="-34.912004" lon="138.605274">
				 <ele>27.5</ele>
			 </trkpt>
			 <trkpt lat="-34.912052" lon="138.605219">
				 <ele>27.6</ele>
			 </trkpt>
			 <trkpt lat="-34.91209" lon="138.605176">
				 <ele>27.7</ele>
			 </trkpt>
			 <trkpt lat="-34.912129" lon="138.605132">
				 <ele>27.8</ele>
			 </trkpt>
			 <trkpt lat="-34.912318" lon="138.604928">
				 <ele>27.9</ele>
			 </trkpt>
			 <trkpt lat="-34.912358" lon="138.604886">
				 <ele>28</ele>
			 </trkpt>
			 <trkpt lat="-34.912397" lon="138.604843">
				 <ele>28.1</ele>
			 </trkpt>
			 <trkpt lat="-34.912572" lon="138.604673">
				 <ele>28.2</ele>
			 </trkpt>
			 <trkpt lat="-34.912613" lon="138.604633">
				 <ele>28.3</ele>
			 </trkpt>
			 <trkpt lat="-34.912643" lon="138.604604">
				 <ele>28.4</ele>
			 </trkpt>
			 <trkpt lat="-34.912893" lon="138.604383">
				 <ele>28.5</ele>
			 </trkpt>
			 <trkpt lat="-34.912935" lon="138.604346">
				 <ele>28.5</ele>
			 </trkpt>
			 <trkpt lat="-34.912978" lon="138.604308">
				 <ele>28.6</ele>
			 </trkpt>
			 <trkpt lat="-34.913239" lon="138.604106">
				 <ele>28.7</ele>
			 </trkpt>
			 <trkpt lat="-34.913284" lon="138.604071">
				 <ele>28.9</ele>
			 </trkpt>
			 <trkpt lat="-34.913328" lon="138.604037">
				 <ele>29.1</ele>
			 </trkpt>
			 <trkpt lat="-34.913521" lon="138.603921">
				 <ele>29.3</ele>
			 </trkpt>
			 <trkpt lat="-34.913568" lon="138.603892">
				 <ele>29.4</ele>
			 </trkpt>
			 <trkpt lat="-34.913611" lon="138.603867">
				 <ele>29.5</ele>
			 </trkpt>
			 <trkpt lat="-34.913684" lon="138.603842">
				 <ele>29.7</ele>
			 </trkpt>
			 <trkpt lat="-34.913735" lon="138.603826">
				 <ele>29.9</ele>
			 </trkpt>
			 <trkpt lat="-34.913787" lon="138.60381">
				 <ele>30.1</ele>
			 </trkpt>
			 <trkpt lat="-34.913846" lon="138.603809">
				 <ele>30.3</ele>
			 </trkpt>
			 <trkpt lat="-34.913915" lon="138.603764">
				 <ele>30.5</ele>
			 </trkpt>
			 <trkpt lat="-34.913963" lon="138.603709">
				 <ele>30.7</ele>
			 </trkpt>
			 <trkpt lat="-34.914116" lon="138.603647">
				 <ele>30.9</ele>
			 </trkpt>
			 <trkpt lat="-34.914166" lon="138.603627">
				 <ele>31.1</ele>
			 </trkpt>
			 <trkpt lat="-34.914203" lon="138.603621">
				 <ele>31.3</ele>
			 </trkpt>
			 <trkpt lat="-34.914256" lon="138.603614">
				 <ele>31.5</ele>
			 </trkpt>
			 <trkpt lat="-34.914309" lon="138.603613">
				 <ele>31.5</ele>
			 </trkpt>
			 <trkpt lat="-34.914363" lon="138.603611">
				 <ele>31.7</ele>
			 </trkpt>
			 <trkpt lat="-34.914426" lon="138.603625">
				 <ele>31.9</ele>
			 </trkpt>
			 <trkpt lat="-34.914479" lon="138.603635">
				 <ele>32.1</ele>
			 </trkpt>
			 <trkpt lat="-34.914553" lon="138.603671">
				 <ele>32.3</ele>
			 </trkpt>
			 <trkpt lat="-34.914602" lon="138.603694">
				 <ele>32.5</ele>
			 </trkpt>
			 <trkpt lat="-34.914715" lon="138.603764">
				 <ele>32.6</ele>
			 </trkpt>
			 <trkpt lat="-34.914763" lon="138.603793">
				 <ele>32.8</ele>
			 </trkpt>
			 <trkpt lat="-34.914956" lon="138.603893">
				 <ele>33</ele>
			 </trkpt>
			 <trkpt lat="-34.915005" lon="138.603919">
				 <ele>33.2</ele>
			 </trkpt>
			 <trkpt lat="-34.915188" lon="138.604012">
				 <ele>33.4</ele>
			 </trkpt>
			 <trkpt lat="-34.915237" lon="138.604037">
				 <ele>33.5</ele>
			 </trkpt>
			 <trkpt lat="-34.915357" lon="138.604098">
				 <ele>33.7</ele>
			 </trkpt>
			 <trkpt lat="-34.915407" lon="138.604124">
				 <ele>33.9</ele>
			 </trkpt>
			 <trkpt lat="-34.915484" lon="138.604158">
				 <ele>34.1</ele>
			 </trkpt>
			 <trkpt lat="-34.915535" lon="138.604181">
				 <ele>34.3</ele>
			 </trkpt>
			 <trkpt lat="-34.915597" lon="138.604192">
				 <ele>34.5</ele>
			 </trkpt>
			 <trkpt lat="-34.91565" lon="138.604202">
				 <ele>34.5</ele>
			 </trkpt>
			 <trkpt lat="-34.91573" lon="138.604207">
				 <ele>34.6</ele>
			 </trkpt>
			 <trkpt lat="-34.915783" lon="138.60421">
				 <ele>34.8</ele>
			 </trkpt>
			 <trkpt lat="-34.915828" lon="138.604197">
				 <ele>35</ele>
			 </trkpt>
			 <trkpt lat="-34.91588" lon="138.604182">
				 <ele>35.2</ele>
			 </trkpt>
			 <trkpt lat="-34.915966" lon="138.604138">
				 <ele>35.4</ele>
			 </trkpt>
			 <trkpt lat="-34.916015" lon="138.604114">
				 <ele>35.5</ele>
			 </trkpt>
			 <trkpt lat="-34.916058" lon="138.604064">
				 <ele>35.5</ele>
			 </trkpt>
			 <trkpt lat="-34.916097" lon="138.604019">
				 <ele>35.6</ele>
			 </trkpt>
			 <trkpt lat="-34.916135" lon="138.603959">
				 <ele>35.7</ele>
			 </trkpt>
			 <trkpt lat="-34.916168" lon="138.603908">
				 <ele>35.8</ele>
			 </trkpt>
			 <trkpt lat="-34.916212" lon="138.603813">
				 <ele>35.9</ele>
			 </trkpt>
			 <trkpt lat="-34.916238" lon="138.603757">
				 <ele>36</ele>
			 </trkpt>
			 <trkpt lat="-34.916281" lon="138.603598">
				 <ele>36</ele>
			 </trkpt>
			 <trkpt lat="-34.916298" lon="138.603536">
				 <ele>36</ele>
			 </trkpt>
			 <trkpt lat="-34.916311" lon="138.603442">
				 <ele>36</ele>
			 </trkpt>
			 <trkpt lat="-34.91632" lon="138.603378">
				 <ele>36</ele>
			 </trkpt>
			 <trkpt lat="-34.916315" lon="138.603154">
				 <ele>36</ele>
			 </trkpt>
			 <trkpt lat="-34.916314" lon="138.60309">
				 <ele>36</ele>
			 </trkpt>
			 <trkpt lat="-34.916295" lon="138.602719">
				 <ele>36</ele>
			 </trkpt>
			 <trkpt lat="-34.916292" lon="138.602655">
				 <ele>36</ele>
			 </trkpt>
			 <trkpt lat="-34.916265" lon="138.60241">
				 <ele>36</ele>
			 </trkpt>
			 <trkpt lat="-34.916258" lon="138.602346">
				 <ele>36</ele>
			 </trkpt>
			 <trkpt lat="-34.916182" lon="138.602113">
				 <ele>36</ele>
			 </trkpt>
			 <trkpt lat="-34.916163" lon="138.602053">
				 <ele>36</ele>
			 </trkpt>
			 <trkpt lat="-34.91604" lon="138.601826">
				 <ele>36</ele>
			 </trkpt>
			 <trkpt lat="-34.916011" lon="138.601772">
				 <ele>36</ele>
			 </trkpt>
			 <trkpt lat="-34.915832" lon="138.601457">
				 <ele>36</ele>
			 </trkpt>
			 <trkpt lat="-34.915814" lon="138.601426">
				 <ele>36</ele>
			 </trkpt>
			 <trkpt lat="-34.915784" lon="138.601372">
				 <ele>36</ele>
			 </trkpt>
			 <trkpt lat="-34.915746" lon="138.601293">
				 <ele>36</ele>
			 </trkpt>
			 <trkpt lat="-34.915719" lon="138.601237">
				 <ele>36</ele>
			 </trkpt>
			 <trkpt lat="-34.915846" lon="138.601465">
				 <ele>36</ele>
			 </trkpt>
			 <trkpt lat="-34.915876" lon="138.601519">
				 <ele>36</ele>
			 </trkpt>
			 <trkpt lat="-34.916015" lon="138.601752">
				 <ele>36</ele>
			 </trkpt>
			 <trkpt lat="-34.916046" lon="138.601805">
				 <ele>36</ele>
			 </trkpt>
			 <trkpt lat="-34.916176" lon="138.602025">
				 <ele>36</ele>
			 </trkpt>
			 <trkpt lat="-34.916207" lon="138.602078">
				 <ele>36</ele>
			 </trkpt>
			 <trkpt lat="-34.91624" lon="138.602169">
				 <ele>35.9</ele>
			 </trkpt>
			 <trkpt lat="-34.916262" lon="138.602228">
				 <ele>35.8</ele>
			 </trkpt>
			 <trkpt lat="-34.916283" lon="138.602353">
				 <ele>35.7</ele>
			 </trkpt>
			 <trkpt lat="-34.916294" lon="138.602417">
				 <ele>35.6</ele>
			 </trkpt>
			 <trkpt lat="-34.916324" lon="138.602798">
				 <ele>35.5</ele>
			 </trkpt>
			 <trkpt lat="-34.916333" lon="138.602921">
				 <ele>35.5</ele>
			 </trkpt>
			 <trkpt lat="-34.916338" lon="138.602986">
				 <ele>35.4</ele>
			 </trkpt>
			 <trkpt lat="-34.916353" lon="138.603269">
				 <ele>35.3</ele>
			 </trkpt>
			 <trkpt lat="-34.916356" lon="138.603333">
				 <ele>35.2</ele>
			 </trkpt>
			 <trkpt lat="-34.916349" lon="138.603441">
				 <ele>35.1</ele>
			 </trkpt>
			 <trkpt lat="-34.916345" lon="138.603506">
				 <ele>34.9</ele>
			 </trkpt>
			 <trkpt lat="-34.916307" lon="138.603665">
				 <ele>34.8</ele>
			 </trkpt>
			 <trkpt lat="-34.916292" lon="138.603727">
				 <ele>34.7</ele>
			 </trkpt>
			 <trkpt lat="-34.916265" lon="138.603814">
				 <ele>34.6</ele>
			 </trkpt>
			 <trkpt lat="-34.916256" lon="138.603846">
				 <ele>34.5</ele>
			 </trkpt>
			 <trkpt lat="-34.916271" lon="138.603891">
				 <ele>34.5</ele>
			 </trkpt>
			 <trkpt lat="-34.916299" lon="138.60388">
				 <ele>34.4</ele>
			 </trkpt>
			 <trkpt lat="-34.91635" lon="138.60386">
				 <ele>34.3</ele>
			 </trkpt>
			 <trkpt lat="-34.916484" lon="138.603864">
				 <ele>34.1</ele>
			 </trkpt>
			 <trkpt lat="-34.916531" lon="138.603866">
				 <ele>33.9</ele>
			 </trkpt>
			 <trkpt lat="-34.916577" lon="138.60385">
				 <ele>33.7</ele>
			 </trkpt>
			 <trkpt lat="-34.916612" lon="138.603802">
				 <ele>33.6</ele>
			 </trkpt>
			 <trkpt lat="-34.916637" lon="138.603766">
				 <ele>33.5</ele>
			 </trkpt>
			 <trkpt lat="-34.916671" lon="138.603716">
				 <ele>33.5</ele>
			 </trkpt>
			 <trkpt lat="-34.916725" lon="138.603667">
				 <ele>33.4</ele>
			 </trkpt>
			 <trkpt lat="-34.916768" lon="138.603627">
				 <ele>33.3</ele>
			 </trkpt>
			 <trkpt lat="-34.916824" lon="138.603602">
				 <ele>33.2</ele>
			 </trkpt>
			 <trkpt lat="-34.916861" lon="138.603585">
				 <ele>33.1</ele>
			 </trkpt>
			 <trkpt lat="-34.916894" lon="138.603536">
				 <ele>33</ele>
			 </trkpt>
			 <trkpt lat="-34.916952" lon="138.603322">
				 <ele>33</ele>
			 </trkpt>
			 <trkpt lat="-34.916966" lon="138.603272">
				 <ele>33</ele>
			 </trkpt>
			 <trkpt lat="-34.916976" lon="138.603212">
				 <ele>33</ele>
			 </trkpt>
			 <trkpt lat="-34.916967" lon="138.603147">
				 <ele>33</ele>
			 </trkpt>
			 <trkpt lat="-34.916851" lon="138.602918">
				 <ele>33</ele>
			 </trkpt>
			 <trkpt lat="-34.916822" lon="138.602862">
				 <ele>33.1</ele>
			 </trkpt>
			 <trkpt lat="-34.916622" lon="138.602578">
				 <ele>33.2</ele>
			 </trkpt>
			 <trkpt lat="-34.916586" lon="138.602528">
				 <ele>33.3</ele>
			 </trkpt>
			 <trkpt lat="-34.916493" lon="138.602386">
				 <ele>33.4</ele>
			 </trkpt>
			 <trkpt lat="-34.916459" lon="138.602335">
				 <ele>33.5</ele>
			 </trkpt>
			 <trkpt lat="-34.916334" lon="138.602086">
				 <ele>33.5</ele>
			 </trkpt>
			 <trkpt lat="-34.916306" lon="138.602029">
				 <ele>33.6</ele>
			 </trkpt>
			 <trkpt lat="-34.916164" lon="138.601687">
				 <ele>33.7</ele>
			 </trkpt>
			 <trkpt lat="-34.916132" lon="138.601612">
				 <ele>33.8</ele>
			 </trkpt>
			 <trkpt lat="-34.916108" lon="138.601553">
				 <ele>33.9</ele>
			 </trkpt>
			 <trkpt lat="-34.915953" lon="138.60122">
				 <ele>34</ele>
			 </trkpt>
			 <trkpt lat="-34.915926" lon="138.601163">
				 <ele>34</ele>
			 </trkpt>
			 <trkpt lat="-34.915876" lon="138.601023">
				 <ele>34</ele>
			 </trkpt>
			 <trkpt lat="-34.915854" lon="138.600963">
				 <ele>34</ele>
			 </trkpt>
			 <trkpt lat="-34.915824" lon="138.600735">
				 <ele>34</ele>
			 </trkpt>
			 <trkpt lat="-34.915816" lon="138.60067">
				 <ele>34</ele>
			 </trkpt>
			 <trkpt lat="-34.915781" lon="138.600342">
				 <ele>34</ele>
			 </trkpt>
			 <trkpt lat="-34.915776" lon="138.60029">
				 <ele>34</ele>
			 </trkpt>
			 <trkpt lat="-34.915772" lon="138.600169">
				 <ele>34</ele>
			 </trkpt>
			 <trkpt lat="-34.91577" lon="138.600103">
				 <ele>34</ele>
			 </trkpt>
			 <trkpt lat="-34.915786" lon="138.600044">
				 <ele>34</ele>
			 </trkpt>
			 <trkpt lat="-34.915804" lon="138.599981">
				 <ele>34</ele>
			 </trkpt>
			 <trkpt lat="-34.915843" lon="138.599925">
				 <ele>34</ele>
			 </trkpt>
			 <trkpt lat="-34.915877" lon="138.599873">
				 <ele>34</ele>
			 </trkpt>
			 <trkpt lat="-34.915902" lon="138.59983">
				 <ele>34</ele>
			 </trkpt>
			 <trkpt lat="-34.915934" lon="138.599776">
				 <ele>34</ele>
			 </trkpt>
			 <trkpt lat="-34.915944" lon="138.599709">
				 <ele>34</ele>
			 </trkpt>
			 <trkpt lat="-34.915989" lon="138.599437">
				 <ele>34</ele>
			 </trkpt>
			 <trkpt lat="-34.916" lon="138.599372">
				 <ele>33.9</ele>
			 </trkpt>
			 <trkpt lat="-34.916006" lon="138.59933">
				 <ele>33.8</ele>
			 </trkpt>
			 <trkpt lat="-34.916016" lon="138.599264">
				 <ele>33.7</ele>
			 </trkpt>
			 <trkpt lat="-34.916018" lon="138.599193">
				 <ele>33.6</ele>
			 </trkpt>
			 <trkpt lat="-34.91602" lon="138.599127">
				 <ele>33.5</ele>
			 </trkpt>
			 <trkpt lat="-34.916085" lon="138.598752">
				 <ele>33.5</ele>
			 </trkpt>
			 <trkpt lat="-34.916093" lon="138.598706">
				 <ele>33.4</ele>
			 </trkpt>
			 <trkpt lat="-34.916104" lon="138.598641">
				 <ele>33.3</ele>
			 </trkpt>
			 <trkpt lat="-34.916169" lon="138.5985">
				 <ele>33.2</ele>
			 </trkpt>
			 <trkpt lat="-34.916196" lon="138.598442">
				 <ele>33.1</ele>
			 </trkpt>
			 <trkpt lat="-34.916303" lon="138.598232">
				 <ele>32.9</ele>
			 </trkpt>
			 <trkpt lat="-34.916332" lon="138.598175">
				 <ele>32.8</ele>
			 </trkpt>
			 <trkpt lat="-34.916429" lon="138.598008">
				 <ele>32.7</ele>
			 </trkpt>
			 <trkpt lat="-34.916461" lon="138.597953">
				 <ele>32.6</ele>
			 </trkpt>
			 <trkpt lat="-34.916707" lon="138.597714">
				 <ele>32.5</ele>
			 </trkpt>
			 <trkpt lat="-34.916765" lon="138.597659">
				 <ele>32.5</ele>
			 </trkpt>
			 <trkpt lat="-34.916799" lon="138.597627">
				 <ele>32.4</ele>
			 </trkpt>
			 <trkpt lat="-34.916842" lon="138.597586">
				 <ele>32.3</ele>
			 </trkpt>
			 <trkpt lat="-34.916955" lon="138.597506">
				 <ele>32.2</ele>
			 </trkpt>
			 <trkpt lat="-34.917003" lon="138.597473">
				 <ele>32.1</ele>
			 </trkpt>
			 <trkpt lat="-34.91728" lon="138.597288">
				 <ele>31.9</ele>
			 </trkpt>
			 <trkpt lat="-34.917313" lon="138.597265">
				 <ele>31.8</ele>
			 </trkpt>
			 <trkpt lat="-34.917361" lon="138.597233">
				 <ele>31.7</ele>
			 </trkpt>
			 <trkpt lat="-34.917602" lon="138.597073">
				 <ele>31.6</ele>
			 </trkpt>
			 <trkpt lat="-34.917638" lon="138.597049">
				 <ele>31.5</ele>
			 </trkpt>
			 <trkpt lat="-34.9177" lon="138.597026">
				 <ele>31.5</ele>
			 </trkpt>
			 <trkpt lat="-34.917748" lon="138.597026">
				 <ele>31.4</ele>
			 </trkpt>
			 <trkpt lat="-34.917798" lon="138.597026">
				 <ele>31.3</ele>
			 </trkpt>
			 <trkpt lat="-34.917847" lon="138.596997">
				 <ele>31.1</ele>
			 </trkpt>
			 <trkpt lat="-34.917888" lon="138.596925">
				 <ele>30.9</ele>
			 </trkpt>
			 <trkpt lat="-34.917919" lon="138.596869">
				 <ele>30.7</ele>
			 </trkpt>
			 <trkpt lat="-34.91797" lon="138.596806">
				 <ele>30.6</ele>
			 </trkpt>
			 <trkpt lat="-34.918009" lon="138.596758">
				 <ele>30.5</ele>
			 </trkpt>
			 <trkpt lat="-34.918137" lon="138.596649">
				 <ele>30.5</ele>
			 </trkpt>
			 <trkpt lat="-34.918183" lon="138.59661">
				 <ele>30.4</ele>
			 </trkpt>
			 <trkpt lat="-34.918307" lon="138.596496">
				 <ele>30.3</ele>
			 </trkpt>
			 <trkpt lat="-34.918351" lon="138.596455">
				 <ele>30.2</ele>
			 </trkpt>
			 <trkpt lat="-34.918432" lon="138.596357">
				 <ele>30.1</ele>
			 </trkpt>
			 <trkpt lat="-34.918471" lon="138.59631">
				 <ele>30</ele>
			 </trkpt>
			 <trkpt lat="-34.918519" lon="138.596286">
				 <ele>30</ele>
			 </trkpt>
			 <trkpt lat="-34.918571" lon="138.596261">
				 <ele>30</ele>
			 </trkpt>
			 <trkpt lat="-34.918578" lon="138.596105">
				 <ele>30</ele>
			 </trkpt>
			 <trkpt lat="-34.918581" lon="138.596037">
				 <ele>30</ele>
			 </trkpt>
			 <trkpt lat="-34.918599" lon="138.59592">
				 <ele>30</ele>
			 </trkpt>
			 <trkpt lat="-34.91861" lon="138.595854">
				 <ele>30</ele>
			 </trkpt>
			 <trkpt lat="-34.918647" lon="138.595678">
				 <ele>30</ele>
			 </trkpt>
			 <trkpt lat="-34.918661" lon="138.595613">
				 <ele>30</ele>
			 </trkpt>
			 <trkpt lat="-34.918637" lon="138.595409">
				 <ele>29.9</ele>
			 </trkpt>
			 <trkpt lat="-34.918629" lon="138.595343">
				 <ele>29.8</ele>
			 </trkpt>
			 <trkpt lat="-34.918558" lon="138.595065">
				 <ele>29.7</ele>
			 </trkpt>
			 <trkpt lat="-34.918541" lon="138.595001">
				 <ele>29.6</ele>
			 </trkpt>
			 <trkpt lat="-34.918467" lon="138.594697">
				 <ele>29.5</ele>
			 </trkpt>
			 <trkpt lat="-34.918451" lon="138.594634">
				 <ele>29.5</ele>
			 </trkpt>
			 <trkpt lat="-34.918437" lon="138.594567">
				 <ele>29.4</ele>
			 </trkpt>
			 <trkpt lat="-34.918424" lon="138.594502">
				 <ele>29.3</ele>
			 </trkpt>
			 <trkpt lat="-34.918426" lon="138.594379">
				 <ele>29.2</ele>
			 </trkpt>
			 <trkpt lat="-34.918428" lon="138.594312">
				 <ele>29.1</ele>
			 </trkpt>
			 <trkpt lat="-34.918441" lon="138.594222">
				 <ele>29</ele>
			 </trkpt>
			 <trkpt lat="-34.918451" lon="138.594155">
				 <ele>29</ele>
			 </trkpt>
			 <trkpt lat="-34.918474" lon="138.59409">
				 <ele>29</ele>
			 </trkpt>
			 <trkpt lat="-34.918495" lon="138.594027">
				 <ele>29</ele>
			 </trkpt>
			 <trkpt lat="-34.918624" lon="138.593801">
				 <ele>29</ele>
			 </trkpt>
			 <trkpt lat="-34.918656" lon="138.593745">
				 <ele>29</ele>
			 </trkpt>
			 <trkpt lat="-34.918717" lon="138.593658">
				 <ele>28.9</ele>
			 </trkpt>
			 <trkpt lat="-34.918753" lon="138.593605">
				 <ele>28.8</ele>
			 </trkpt>
			 <trkpt lat="-34.918889" lon="138.593507">
				 <ele>28.7</ele>
			 </trkpt>
			 <trkpt lat="-34.918938" lon="138.593472">
				 <ele>28.6</ele>
			 </trkpt>
			 <trkpt lat="-34.918963" lon="138.593432">
				 <ele>28.5</ele>
			 </trkpt>
			 <trkpt lat="-34.918997" lon="138.593378">
				 <ele>28.5</ele>
			 </trkpt>
			 <trkpt lat="-34.919004" lon="138.593343">
				 <ele>28.4</ele>
			 </trkpt>
			 <trkpt lat="-34.919019" lon="138.593277">
				 <ele>28.3</ele>
			 </trkpt>
			 <trkpt lat="-34.919021" lon="138.593037">
				 <ele>28.2</ele>
			 </trkpt>
			 <trkpt lat="-34.919022" lon="138.592969">
				 <ele>28.1</ele>
			 </trkpt>
			 <trkpt lat="-34.918985" lon="138.59289">
				 <ele>27.9</ele>
			 </trkpt>
			 <trkpt lat="-34.918958" lon="138.592831">
				 <ele>27.8</ele>
			 </trkpt>
			 <trkpt lat="-34.918763" lon="138.592613">
				 <ele>27.7</ele>
			 </trkpt>
			 <trkpt lat="-34.918726" lon="138.592571">
				 <ele>27.6</ele>
			 </trkpt>
			 <trkpt lat="-34.918587" lon="138.592421">
				 <ele>27.5</ele>
			 </trkpt>
			 <trkpt lat="-34.918545" lon="138.592375">
				 <ele>27.5</ele>
			 </trkpt>
			 <trkpt lat="-34.918436" lon="138.592237">
				 <ele>27.4</ele>
			 </trkpt>
			 <trkpt lat="-34.918398" lon="138.592187">
				 <ele>27.3</ele>
			 </trkpt>
			 <trkpt lat="-34.918291" lon="138.592017">
				 <ele>27.2</ele>
			 </trkpt>
			 <trkpt lat="-34.918256" lon="138.591962">
				 <ele>27.1</ele>
			 </trkpt>
			 <trkpt lat="-34.918136" lon="138.591732">
				 <ele>26.9</ele>
			 </trkpt>
			 <trkpt lat="-34.918105" lon="138.591675">
				 <ele>26.8</ele>
			 </trkpt>
			 <trkpt lat="-34.917936" lon="138.591351">
				 <ele>26.7</ele>
			 </trkpt>
			 <trkpt lat="-34.917903" lon="138.591289">
				 <ele>26.6</ele>
			 </trkpt>
			 <trkpt lat="-34.917739" lon="138.590962">
				 <ele>26.5</ele>
			 </trkpt>
			 <trkpt lat="-34.917657" lon="138.590799">
				 <ele>26.5</ele>
			 </trkpt>
			 <trkpt lat="-34.917627" lon="138.59074">
				 <ele>26.4</ele>
			 </trkpt>
			 <trkpt lat="-34.917474" lon="138.590405">
				 <ele>26.3</ele>
			 </trkpt>
			 <trkpt lat="-34.917444" lon="138.590341">
				 <ele>26.1</ele>
			 </trkpt>
			 <trkpt lat="-34.917419" lon="138.590177">
				 <ele>25.9</ele>
			 </trkpt>
			 <trkpt lat="-34.917409" lon="138.59011">
				 <ele>25.7</ele>
			 </trkpt>
			 <trkpt lat="-34.917404" lon="138.58987">
				 <ele>25.6</ele>
			 </trkpt>
			 <trkpt lat="-34.917403" lon="138.589802">
				 <ele>25.5</ele>
			 </trkpt>
			 <trkpt lat="-34.917396" lon="138.589614">
				 <ele>25.5</ele>
			 </trkpt>
			 <trkpt lat="-34.917394" lon="138.589546">
				 <ele>25.4</ele>
			 </trkpt>
			 <trkpt lat="-34.917359" lon="138.58934">
				 <ele>25.3</ele>
			 </trkpt>
			 <trkpt lat="-34.917348" lon="138.589273">
				 <ele>25.2</ele>
			 </trkpt>
			 <trkpt lat="-34.917297" lon="138.588967">
				 <ele>25.1</ele>
			 </trkpt>
			 <trkpt lat="-34.917286" lon="138.5889">
				 <ele>25</ele>
			 </trkpt>
			 <trkpt lat="-34.917286" lon="138.588688">
				 <ele>25</ele>
			 </trkpt>
			 <trkpt lat="-34.917287" lon="138.58862">
				 <ele>24.9</ele>
			 </trkpt>
			 <trkpt lat="-34.917309" lon="138.588343">
				 <ele>24.8</ele>
			 </trkpt>
			 <trkpt lat="-34.917315" lon="138.588275">
				 <ele>24.7</ele>
			 </trkpt>
			 <trkpt lat="-34.917304" lon="138.588227">
				 <ele>24.6</ele>
			 </trkpt>
			 <trkpt lat="-34.91729" lon="138.588166">
				 <ele>24.5</ele>
			 </trkpt>
			 <trkpt lat="-34.917253" lon="138.588129">
				 <ele>24.5</ele>
			 </trkpt>
			 <trkpt lat="-34.917214" lon="138.588167">
				 <ele>24.4</ele>
			 </trkpt>
			 <trkpt lat="-34.917161" lon="138.588545">
				 <ele>24.3</ele>
			 </trkpt>
			 <trkpt lat="-34.917136" lon="138.588724">
				 <ele>24.2</ele>
			 </trkpt>
			 <trkpt lat="-34.917126" lon="138.588792">
				 <ele>24.1</ele>
			 </trkpt>
			 <trkpt lat="-34.917145" lon="138.588959">
				 <ele>24</ele>
			 </trkpt>
			 <trkpt lat="-34.917153" lon="138.589027">
				 <ele>24</ele>
			 </trkpt>
			 <trkpt lat="-34.917172" lon="138.589174">
				 <ele>24</ele>
			 </trkpt>
			 <trkpt lat="-34.917181" lon="138.589242">
				 <ele>24</ele>
			 </trkpt>
			 <trkpt lat="-34.917164" lon="138.589328">
				 <ele>24</ele>
			 </trkpt>
			 <trkpt lat="-34.91715" lon="138.589395">
				 <ele>24</ele>
			 </trkpt>
			 <trkpt lat="-34.917089" lon="138.589478">
				 <ele>24</ele>
			 </trkpt>
			 <trkpt lat="-34.917051" lon="138.589529">
				 <ele>24.1</ele>
			 </trkpt>
			 <trkpt lat="-34.916991" lon="138.589583">
				 <ele>24.2</ele>
			 </trkpt>
			 <trkpt lat="-34.916944" lon="138.589624">
				 <ele>24.3</ele>
			 </trkpt>
			 <trkpt lat="-34.916945" lon="138.589657">
				 <ele>24.4</ele>
			 </trkpt>
			 <trkpt lat="-34.916968" lon="138.589721">
				 <ele>24.5</ele>
			 </trkpt>
			 <trkpt lat="-34.917053" lon="138.589891">
				 <ele>24.5</ele>
			 </trkpt>
			 <trkpt lat="-34.917083" lon="138.58995">
				 <ele>24.6</ele>
			 </trkpt>
			 <trkpt lat="-34.917224" lon="138.590271">
				 <ele>24.7</ele>
			 </trkpt>
			 <trkpt lat="-34.91725" lon="138.590332">
				 <ele>24.9</ele>
			 </trkpt>
			 <trkpt lat="-34.917406" lon="138.590665">
				 <ele>25.1</ele>
			 </trkpt>
			 <trkpt lat="-34.917438" lon="138.590734">
				 <ele>25.3</ele>
			 </trkpt>
			 <trkpt lat="-34.917562" lon="138.591041">
				 <ele>25.4</ele>
			 </trkpt>
			 <trkpt lat="-34.917577" lon="138.591078">
				 <ele>25.5</ele>
			 </trkpt>
			 <trkpt lat="-34.917634" lon="138.591235">
				 <ele>25.5</ele>
			 </trkpt>
			 <trkpt lat="-34.917657" lon="138.591299">
				 <ele>25.7</ele>
			 </trkpt>
			 <trkpt lat="-34.917709" lon="138.59148">
				 <ele>25.9</ele>
			 </trkpt>
			 <trkpt lat="-34.917728" lon="138.591545">
				 <ele>26.1</ele>
			 </trkpt>
			 <trkpt lat="-34.917747" lon="138.591693">
				 <ele>26.3</ele>
			 </trkpt>
			 <trkpt lat="-34.917756" lon="138.591762">
				 <ele>26.5</ele>
			 </trkpt>
			 <trkpt lat="-34.917747" lon="138.591966">
				 <ele>26.6</ele>
			 </trkpt>
			 <trkpt lat="-34.917745" lon="138.592035">
				 <ele>26.8</ele>
			 </trkpt>
			 <trkpt lat="-34.917711" lon="138.592318">
				 <ele>27</ele>
			 </trkpt>
			 <trkpt lat="-34.917703" lon="138.592387">
				 <ele>27.3</ele>
			 </trkpt>
			 <trkpt lat="-34.917679" lon="138.592576">
				 <ele>27.6</ele>
			 </trkpt>
			 <trkpt lat="-34.917671" lon="138.592644">
				 <ele>28</ele>
			 </trkpt>
			 <trkpt lat="-34.917682" lon="138.592734">
				 <ele>28.3</ele>
			 </trkpt>
			 <trkpt lat="-34.917691" lon="138.592803">
				 <ele>28.6</ele>
			 </trkpt>
			 <trkpt lat="-34.917737" lon="138.592876">
				 <ele>29</ele>
			 </trkpt>
			 <trkpt lat="-34.917802" lon="138.592922">
				 <ele>29.5</ele>
			 </trkpt>
			 <trkpt lat="-34.917842" lon="138.592932">
				 <ele>29.9</ele>
			 </trkpt>
			 <trkpt lat="-34.917899" lon="138.592947">
				 <ele>30.3</ele>
			 </trkpt>
			 <trkpt lat="-34.918069" lon="138.592962">
				 <ele>30.7</ele>
			 </trkpt>
			 <trkpt lat="-34.918127" lon="138.592967">
				 <ele>31.2</ele>
			 </trkpt>
			 <trkpt lat="-34.918442" lon="138.592993">
				 <ele>31.6</ele>
			 </trkpt>
			 <trkpt lat="-34.918756" lon="138.59302">
				 <ele>32</ele>
			 </trkpt>
			 <trkpt lat="-34.919071" lon="138.593046">
				 <ele>32.4</ele>
			 </trkpt>
			 <trkpt lat="-34.919386" lon="138.593072">
				 <ele>32.7</ele>
			 </trkpt>
			 <trkpt lat="-34.919701" lon="138.593099">
				 <ele>33.1</ele>
			 </trkpt>
			 <trkpt lat="-34.920015" lon="138.593125">
				 <ele>33.5</ele>
			 </trkpt>
			 <trkpt lat="-34.92033" lon="138.593151">
				 <ele>33.7</ele>
			 </trkpt>
			 <trkpt lat="-34.920645" lon="138.593178">
				 <ele>34</ele>
			 </trkpt>
			 <trkpt lat="-34.92096" lon="138.593204">
				 <ele>34.4</ele>
			 </trkpt>
			 <trkpt lat="-34.921274" lon="138.59323">
				 <ele>34.6</ele>
			 </trkpt>
			 <trkpt lat="-34.921589" lon="138.593257">
				 <ele>34.9</ele>
			 </trkpt>
			 <trkpt lat="-34.921904" lon="138.593283">
				 <ele>35.1</ele>
			 </trkpt>
			 <trkpt lat="-34.922219" lon="138.593309">
				 <ele>35.3</ele>
			 </trkpt>
			 <trkpt lat="-34.922533" lon="138.593336">
				 <ele>35.4</ele>
			 </trkpt>
			 <trkpt lat="-34.922848" lon="138.593362">
				 <ele>35.5</ele>
			 </trkpt>
			 <trkpt lat="-34.923145" lon="138.593387">
				 <ele>35.5</ele>
			 </trkpt>
			 <trkpt lat="-34.923174" lon="138.593389">
				 <ele>35.5</ele>
			 </trkpt>
			 <trkpt lat="-34.923205" lon="138.593404">
				 <ele>35.5</ele>
			 </trkpt>
			 <trkpt lat="-34.922887" lon="138.593397">
				 <ele>35.5</ele>
			 </trkpt>
			 <trkpt lat="-34.922572" lon="138.593381">
				 <ele>35.3</ele>
			 </trkpt>
			 <trkpt lat="-34.922256" lon="138.593364">
				 <ele>35.1</ele>
			 </trkpt>
			 <trkpt lat="-34.921941" lon="138.593348">
				 <ele>34.9</ele>
			 </trkpt>
			 <trkpt lat="-34.921626" lon="138.593332">
				 <ele>34.7</ele>
			 </trkpt>
			 <trkpt lat="-34.921311" lon="138.593315">
				 <ele>34.5</ele>
			 </trkpt>
			 <trkpt lat="-34.920996" lon="138.593299">
				 <ele>34.4</ele>
			 </trkpt>
			 <trkpt lat="-34.92068" lon="138.593282">
				 <ele>34.2</ele>
			 </trkpt>
			 <trkpt lat="-34.920365" lon="138.593266">
				 <ele>33.9</ele>
			 </trkpt>
			 <trkpt lat="-34.920096" lon="138.593252">
				 <ele>33.6</ele>
			 </trkpt>
			 <trkpt lat="-34.920053" lon="138.593249">
				 <ele>33.4</ele>
			 </trkpt>
			 <trkpt lat="-34.920018" lon="138.593295">
				 <ele>33.1</ele>
			 </trkpt>
			 <trkpt lat="-34.920022" lon="138.593411">
				 <ele>32.8</ele>
			 </trkpt>
			 <trkpt lat="-34.920025" lon="138.593481">
				 <ele>32.5</ele>
			 </trkpt>
			 <trkpt lat="-34.920048" lon="138.593863">
				 <ele>32.3</ele>
			 </trkpt>
			 <trkpt lat="-34.920052" lon="138.593924">
				 <ele>31.9</ele>
			 </trkpt>
			 <trkpt lat="-34.920056" lon="138.593995">
				 <ele>31.5</ele>
			 </trkpt>
			 <trkpt lat="-34.920091" lon="138.594295">
				 <ele>31.3</ele>
			 </trkpt>
			 <trkpt lat="-34.920099" lon="138.594365">
				 <ele>31</ele>
			 </trkpt>
			 <trkpt lat="-34.920057" lon="138.594448">
				 <ele>30.7</ele>
			 </trkpt>
			 <trkpt lat="-34.920031" lon="138.594459">
				 <ele>30.5</ele>
			 </trkpt>
			 <trkpt lat="-34.919976" lon="138.594483">
				 <ele>30.2</ele>
			 </trkpt>
			 <trkpt lat="-34.919865" lon="138.594482">
				 <ele>29.9</ele>
			 </trkpt>
			 <trkpt lat="-34.919806" lon="138.594482">
				 <ele>29.6</ele>
			 </trkpt>
			 <trkpt lat="-34.919695" lon="138.594454">
				 <ele>29.4</ele>
			 </trkpt>
			 <trkpt lat="-34.919638" lon="138.594439">
				 <ele>29.1</ele>
			 </trkpt>
			 <trkpt lat="-34.91959" lon="138.594508">
				 <ele>28.9</ele>
			 </trkpt>
			 <trkpt lat="-34.919555" lon="138.594674">
				 <ele>28.7</ele>
			 </trkpt>
			 <trkpt lat="-34.91954" lon="138.594742">
				 <ele>28.5</ele>
			 </trkpt>
			 <trkpt lat="-34.919561" lon="138.595025">
				 <ele>28.4</ele>
			 </trkpt>
			 <trkpt lat="-34.919566" lon="138.595095">
				 <ele>28.2</ele>
			 </trkpt>
			 <trkpt lat="-34.919581" lon="138.595385">
				 <ele>28</ele>
			 </trkpt>
			 <trkpt lat="-34.919585" lon="138.595455">
				 <ele>27.8</ele>
			 </trkpt>
			 <trkpt lat="-34.91957" lon="138.595614">
				 <ele>27.6</ele>
			 </trkpt>
			 <trkpt lat="-34.919564" lon="138.595685">
				 <ele>27.5</ele>
			 </trkpt>
			 <trkpt lat="-34.919527" lon="138.595906">
				 <ele>27.5</ele>
			 </trkpt>
			 <trkpt lat="-34.919516" lon="138.595976">
				 <ele>27.4</ele>
			 </trkpt>
			 <trkpt lat="-34.91941" lon="138.596336">
				 <ele>27.3</ele>
			 </trkpt>
			 <trkpt lat="-34.919386" lon="138.596417">
				 <ele>27.2</ele>
			 </trkpt>
			 <trkpt lat="-34.919243" lon="138.596702">
				 <ele>27.1</ele>
			 </trkpt>
			 <trkpt lat="-34.919222" lon="138.596744">
				 <ele>27</ele>
			 </trkpt>
			 <trkpt lat="-34.919017" lon="138.597063">
				 <ele>27.1</ele>
			 </trkpt>
			 <trkpt lat="-34.918963" lon="138.597146">
				 <ele>27.2</ele>
			 </trkpt>
			 <trkpt lat="-34.918927" lon="138.597202">
				 <ele>27.3</ele>
			 </trkpt>
			 <trkpt lat="-34.918837" lon="138.597327">
				 <ele>27.4</ele>
			 </trkpt>
			 <trkpt lat="-34.918798" lon="138.597381">
				 <ele>27.5</ele>
			 </trkpt>
			 <trkpt lat="-34.918806" lon="138.597416">
				 <ele>27.5</ele>
			 </trkpt>
			 <trkpt lat="-34.918821" lon="138.597485">
				 <ele>27.7</ele>
			 </trkpt>
			 <trkpt lat="-34.91888" lon="138.597579">
				 <ele>27.9</ele>
			 </trkpt>
			 <trkpt lat="-34.918916" lon="138.597635">
				 <ele>28.1</ele>
			 </trkpt>
			 <trkpt lat="-34.918966" lon="138.597733">
				 <ele>28.3</ele>
			 </trkpt>
			 <trkpt lat="-34.918997" lon="138.597794">
				 <ele>28.5</ele>
			 </trkpt>
			 <trkpt lat="-34.919003" lon="138.597942">
				 <ele>28.5</ele>
			 </trkpt>
			 <trkpt lat="-34.919006" lon="138.598013">
				 <ele>28.6</ele>
			 </trkpt>
			 <trkpt lat="-34.91891" lon="138.598337">
				 <ele>28.7</ele>
			 </trkpt>
			 <trkpt lat="-34.918899" lon="138.598374">
				 <ele>28.8</ele>
			 </trkpt>
			 <trkpt lat="-34.918784" lon="138.598604">
				 <ele>28.9</ele>
			 </trkpt>
			 <trkpt lat="-34.918752" lon="138.598664">
				 <ele>29.1</ele>
			 </trkpt>
			 <trkpt lat="-34.918622" lon="138.598774">
				 <ele>29.2</ele>
			 </trkpt>
			 <trkpt lat="-34.918574" lon="138.598815">
				 <ele>29.3</ele>
			 </trkpt>
			 <trkpt lat="-34.918501" lon="138.598882">
				 <ele>29.4</ele>
			 </trkpt>
			 <trkpt lat="-34.918454" lon="138.598925">
				 <ele>29.5</ele>
			 </trkpt>
			 <trkpt lat="-34.918437" lon="138.598969">
				 <ele>29.5</ele>
			 </trkpt>
			 <trkpt lat="-34.918411" lon="138.599034">
				 <ele>29.6</ele>
			 </trkpt>
			 <trkpt lat="-34.918096" lon="138.599013">
				 <ele>29.7</ele>
			 </trkpt>
			 <trkpt lat="-34.917781" lon="138.598993">
				 <ele>29.8</ele>
			 </trkpt>
			 <trkpt lat="-34.917579" lon="138.59898">
				 <ele>29.9</ele>
			 </trkpt>
			 <trkpt lat="-34.917519" lon="138.598976">
				 <ele>30.1</ele>
			 </trkpt>
			 <trkpt lat="-34.917206" lon="138.598932">
				 <ele>30.2</ele>
			 </trkpt>
			 <trkpt lat="-34.916892" lon="138.598887">
				 <ele>30.3</ele>
			 </trkpt>
			 <trkpt lat="-34.916696" lon="138.59886">
				 <ele>30.4</ele>
			 </trkpt>
			 <trkpt lat="-34.916637" lon="138.598851">
				 <ele>30.5</ele>
			 </trkpt>
			 <trkpt lat="-34.916324" lon="138.598809">
				 <ele>30.5</ele>
			 </trkpt>
			 <trkpt lat="-34.916169" lon="138.598788">
				 <ele>30.6</ele>
			 </trkpt>
			 <trkpt lat="-34.91611" lon="138.59878">
				 <ele>30.8</ele>
			 </trkpt>
			 <trkpt lat="-34.916072" lon="138.598773">
				 <ele>31</ele>
			 </trkpt>
			 <trkpt lat="-34.916031" lon="138.598765">
				 <ele>31.2</ele>
			 </trkpt>
			 <trkpt lat="-34.915982" lon="138.598743">
				 <ele>31.4</ele>
			 </trkpt>
			 <trkpt lat="-34.915945" lon="138.598688">
				 <ele>31.5</ele>
			 </trkpt>
			 <trkpt lat="-34.915943" lon="138.598606">
				 <ele>31.5</ele>
			 </trkpt>
			 <trkpt lat="-34.915957" lon="138.598563">
				 <ele>31.6</ele>
			 </trkpt>
			 <trkpt lat="-34.91598" lon="138.598496">
				 <ele>31.7</ele>
			 </trkpt>
			 <trkpt lat="-34.916159" lon="138.598193">
				 <ele>31.8</ele>
			 </trkpt>
			 <trkpt lat="-34.916193" lon="138.598134">
				 <ele>31.9</ele>
			 </trkpt>
			 <trkpt lat="-34.91634" lon="138.597914">
				 <ele>32</ele>
			 </trkpt>
			 <trkpt lat="-34.916378" lon="138.597858">
				 <ele>32</ele>
			 </trkpt>
			 <trkpt lat="-34.916627" lon="138.597624">
				 <ele>32</ele>
			 </trkpt>
			 <trkpt lat="-34.91682" lon="138.597442">
				 <ele>32</ele>
			 </trkpt>
			 <trkpt lat="-34.916868" lon="138.597398">
				 <ele>32</ele>
			 </trkpt>
			 <trkpt lat="-34.917121" lon="138.59717">
				 <ele>32</ele>
			 </trkpt>
			 <trkpt lat="-34.917375" lon="138.596942">
				 <ele>32.1</ele>
			 </trkpt>
			 <trkpt lat="-34.91744" lon="138.596883">
				 <ele>32.2</ele>
			 </trkpt>
			 <trkpt lat="-34.917665" lon="138.596709">
				 <ele>32.3</ele>
			 </trkpt>
			 <trkpt lat="-34.917707" lon="138.596677">
				 <ele>32.4</ele>
			 </trkpt>
			 <trkpt lat="-34.917812" lon="138.596525">
				 <ele>32.5</ele>
			 </trkpt>
			 <trkpt lat="-34.917849" lon="138.596469">
				 <ele>32.5</ele>
			 </trkpt>
			 <trkpt lat="-34.917922" lon="138.596302">
				 <ele>32.6</ele>
			 </trkpt>
			 <trkpt lat="-34.91795" lon="138.596238">
				 <ele>32.7</ele>
			 </trkpt>
			 <trkpt lat="-34.917976" lon="138.596072">
				 <ele>32.8</ele>
			 </trkpt>
			 <trkpt lat="-34.917988" lon="138.596001">
				 <ele>32.9</ele>
			 </trkpt>
			 <trkpt lat="-34.917981" lon="138.595789">
				 <ele>33</ele>
			 </trkpt>
			 <trkpt lat="-34.917979" lon="138.595717">
				 <ele>33</ele>
			 </trkpt>
			 <trkpt lat="-34.917917" lon="138.595479">
				 <ele>33</ele>
			 </trkpt>
			 <trkpt lat="-34.917899" lon="138.59541">
				 <ele>33</ele>
			 </trkpt>
			 <trkpt lat="-34.917809" lon="138.595134">
				 <ele>33</ele>
			 </trkpt>
		 </trkseg>
	 </trk>
</gpx>