<?xml version="1.0" encoding="UTF-8"?>
 <gpx creator="Garmin Connect" version="1.1"
	 xsi:schemaLocation="http://www.topografix.com/GPX/1/1 http://www.topografix.com/GPX/11.xsd"
	 xmlns:ns3="http://www.garmin.com/xmlschemas/TrackPointExtension/v1"
	 xmlns="http://www.topografix.com/GPX/1/1"
	 xmlns:xsi="http://www.w3.org/2001/XMLSchema-instance" xmlns:ns2="http://www.garmin.com/xmlschemas/GpxExtensions/v3">
	 <metadata>
		<name>Anchorage Mayor's Marathon 2025 - 42.195 km</name>
		 <link href="https://www.goandrace.com">
		 <text>Garmin Connect</text>
		 </link>
	 <time>2026-08-08T21:05:50</time>
	 </metadata>
	 <trk>
		 <name>Anchorage Mayor's Marathon 2025 - 42.195 km</name>
		 <trkseg>
			 <trkpt lat="61.152145" lon="-150.057043">
				 <ele>74.3</ele>
			 </trkpt>
			 <trkpt lat="61.152056" lon="-150.056988">
				 <ele>74.1</ele>
			 </trkpt>
			 <trkpt lat="61.152004" lon="-150.056996">
				 <ele>73.1</ele>
			 </trkpt>
			 <trkpt lat="61.151918" lon="-150.057114">
				 <ele>72.3</ele>
			 </trkpt>
			 <trkpt lat="61.151843" lon="-150.057289">
				 <ele>71.7</ele>
			 </trkpt>
			 <trkpt lat="61.152023" lon="-150.05753">
				 <ele>71.1</ele>
			 </trkpt>
			 <trkpt lat="61.152378" lon="-150.0579">
				 <ele>70.5</ele>
			 </trkpt>
			 <trkpt lat="61.152586" lon="-150.057971">
				 <ele>69.7</ele>
			 </trkpt>
			 <trkpt lat="61.152732" lon="-150.057929">
				 <ele>68.8</ele>
			 </trkpt>
			 <trkpt lat="61.15276" lon="-150.057917">
				 <ele>68</ele>
			 </trkpt>
			 <trkpt lat="61.153194" lon="-150.057677">
				 <ele>66.9</ele>
			 </trkpt>
			 <trkpt lat="61.153226" lon="-150.05766">
				 <ele>65.7</ele>
			 </trkpt>
			 <trkpt lat="61.153392" lon="-150.057453">
				 <ele>64.5</ele>
			 </trkpt>
			 <trkpt lat="61.15365" lon="-150.057321">
				 <ele>63.9</ele>
			 </trkpt>
			 <trkpt lat="61.15369" lon="-150.057451">
				 <ele>63.2</ele>
			 </trkpt>
			 <trkpt lat="61.153547" lon="-150.058227">
				 <ele>62.5</ele>
			 </trkpt>
			 <trkpt lat="61.153502" lon="-150.05851">
				 <ele>61.8</ele>
			 </trkpt>
			 <trkpt lat="61.153541" lon="-150.058747">
				 <ele>60.7</ele>
			 </trkpt>
			 <trkpt lat="61.153596" lon="-150.05883">
				 <ele>59.5</ele>
			 </trkpt>
			 <trkpt lat="61.153869" lon="-150.058899">
				 <ele>58.3</ele>
			 </trkpt>
			 <trkpt lat="61.153956" lon="-150.058989">
				 <ele>56.5</ele>
			 </trkpt>
			 <trkpt lat="61.154008" lon="-150.059088">
				 <ele>54.8</ele>
			 </trkpt>
			 <trkpt lat="61.154108" lon="-150.059417">
				 <ele>53.3</ele>
			 </trkpt>
			 <trkpt lat="61.15417" lon="-150.059704">
				 <ele>51.5</ele>
			 </trkpt>
			 <trkpt lat="61.154205" lon="-150.05996">
				 <ele>49.8</ele>
			 </trkpt>
			 <trkpt lat="61.154224" lon="-150.060095">
				 <ele>48.4</ele>
			 </trkpt>
			 <trkpt lat="61.154227" lon="-150.06037">
				 <ele>46.9</ele>
			 </trkpt>
			 <trkpt lat="61.154197" lon="-150.0606">
				 <ele>45.6</ele>
			 </trkpt>
			 <trkpt lat="61.153974" lon="-150.061649">
				 <ele>44.8</ele>
			 </trkpt>
			 <trkpt lat="61.15393" lon="-150.061931">
				 <ele>44.3</ele>
			 </trkpt>
			 <trkpt lat="61.153914" lon="-150.062225">
				 <ele>43.5</ele>
			 </trkpt>
			 <trkpt lat="61.153929" lon="-150.062406">
				 <ele>43.4</ele>
			 </trkpt>
			 <trkpt lat="61.153989" lon="-150.062629">
				 <ele>43.3</ele>
			 </trkpt>
			 <trkpt lat="61.154066" lon="-150.062797">
				 <ele>43.2</ele>
			 </trkpt>
			 <trkpt lat="61.154361" lon="-150.063434">
				 <ele>43.1</ele>
			 </trkpt>
			 <trkpt lat="61.15442" lon="-150.063517">
				 <ele>42.5</ele>
			 </trkpt>
			 <trkpt lat="61.154495" lon="-150.063567">
				 <ele>41.9</ele>
			 </trkpt>
			 <trkpt lat="61.154571" lon="-150.063558">
				 <ele>41.2</ele>
			 </trkpt>
			 <trkpt lat="61.1546" lon="-150.063554">
				 <ele>40.3</ele>
			 </trkpt>
			 <trkpt lat="61.154964" lon="-150.063258">
				 <ele>39.5</ele>
			 </trkpt>
			 <trkpt lat="61.155146" lon="-150.063168">
				 <ele>38.8</ele>
			 </trkpt>
			 <trkpt lat="61.155412" lon="-150.063098">
				 <ele>37.9</ele>
			 </trkpt>
			 <trkpt lat="61.15552" lon="-150.063016">
				 <ele>37</ele>
			 </trkpt>
			 <trkpt lat="61.155717" lon="-150.06267">
				 <ele>36</ele>
			 </trkpt>
			 <trkpt lat="61.155868" lon="-150.062471">
				 <ele>35</ele>
			 </trkpt>
			 <trkpt lat="61.156146" lon="-150.062242">
				 <ele>34.4</ele>
			 </trkpt>
			 <trkpt lat="61.156357" lon="-150.062068">
				 <ele>34.1</ele>
			 </trkpt>
			 <trkpt lat="61.156486" lon="-150.061993">
				 <ele>33.8</ele>
			 </trkpt>
			 <trkpt lat="61.15658" lon="-150.061984">
				 <ele>33.2</ele>
			 </trkpt>
			 <trkpt lat="61.156608" lon="-150.062003">
				 <ele>32.3</ele>
			 </trkpt>
			 <trkpt lat="61.156954" lon="-150.062231">
				 <ele>30.9</ele>
			 </trkpt>
			 <trkpt lat="61.157001" lon="-150.062263">
				 <ele>29.4</ele>
			 </trkpt>
			 <trkpt lat="61.157274" lon="-150.062357">
				 <ele>28.1</ele>
			 </trkpt>
			 <trkpt lat="61.157367" lon="-150.062419">
				 <ele>26.8</ele>
			 </trkpt>
			 <trkpt lat="61.157437" lon="-150.062503">
				 <ele>25.6</ele>
			 </trkpt>
			 <trkpt lat="61.157527" lon="-150.062706">
				 <ele>24.4</ele>
			 </trkpt>
			 <trkpt lat="61.157559" lon="-150.062856">
				 <ele>23.2</ele>
			 </trkpt>
			 <trkpt lat="61.157582" lon="-150.063189">
				 <ele>22</ele>
			 </trkpt>
			 <trkpt lat="61.157594" lon="-150.063348">
				 <ele>20.8</ele>
			 </trkpt>
			 <trkpt lat="61.157602" lon="-150.063681">
				 <ele>20.1</ele>
			 </trkpt>
			 <trkpt lat="61.157566" lon="-150.063962">
				 <ele>19.6</ele>
			 </trkpt>
			 <trkpt lat="61.157476" lon="-150.064162">
				 <ele>19.5</ele>
			 </trkpt>
			 <trkpt lat="61.15739" lon="-150.064259">
				 <ele>19.5</ele>
			 </trkpt>
			 <trkpt lat="61.157348" lon="-150.064284">
				 <ele>19.5</ele>
			 </trkpt>
			 <trkpt lat="61.157254" lon="-150.064341">
				 <ele>19.5</ele>
			 </trkpt>
			 <trkpt lat="61.157009" lon="-150.064434">
				 <ele>19.5</ele>
			 </trkpt>
			 <trkpt lat="61.156867" lon="-150.064556">
				 <ele>19.7</ele>
			 </trkpt>
			 <trkpt lat="61.156779" lon="-150.064631">
				 <ele>19.9</ele>
			 </trkpt>
			 <trkpt lat="61.156648" lon="-150.064684">
				 <ele>20</ele>
			 </trkpt>
			 <trkpt lat="61.155929" lon="-150.065102">
				 <ele>20.1</ele>
			 </trkpt>
			 <trkpt lat="61.155824" lon="-150.065163">
				 <ele>20.2</ele>
			 </trkpt>
			 <trkpt lat="61.155649" lon="-150.065386">
				 <ele>20.3</ele>
			 </trkpt>
			 <trkpt lat="61.15555" lon="-150.065598">
				 <ele>20.2</ele>
			 </trkpt>
			 <trkpt lat="61.155288" lon="-150.066282">
				 <ele>20.1</ele>
			 </trkpt>
			 <trkpt lat="61.155253" lon="-150.06647">
				 <ele>19.9</ele>
			 </trkpt>
			 <trkpt lat="61.155243" lon="-150.066633">
				 <ele>19.7</ele>
			 </trkpt>
			 <trkpt lat="61.155257" lon="-150.066868">
				 <ele>19.5</ele>
			 </trkpt>
			 <trkpt lat="61.155277" lon="-150.067033">
				 <ele>18.7</ele>
			 </trkpt>
			 <trkpt lat="61.155351" lon="-150.067613">
				 <ele>18.1</ele>
			 </trkpt>
			 <trkpt lat="61.155343" lon="-150.067869">
				 <ele>17.5</ele>
			 </trkpt>
			 <trkpt lat="61.155268" lon="-150.068537">
				 <ele>16.6</ele>
			 </trkpt>
			 <trkpt lat="61.15526" lon="-150.068759">
				 <ele>15.9</ele>
			 </trkpt>
			 <trkpt lat="61.155302" lon="-150.069569">
				 <ele>15.5</ele>
			 </trkpt>
			 <trkpt lat="61.155322" lon="-150.069788">
				 <ele>15.1</ele>
			 </trkpt>
			 <trkpt lat="61.155344" lon="-150.069865">
				 <ele>14.7</ele>
			 </trkpt>
			 <trkpt lat="61.155739" lon="-150.070538">
				 <ele>14.5</ele>
			 </trkpt>
			 <trkpt lat="61.155792" lon="-150.070621">
				 <ele>14.2</ele>
			 </trkpt>
			 <trkpt lat="61.155908" lon="-150.070716">
				 <ele>14</ele>
			 </trkpt>
			 <trkpt lat="61.155963" lon="-150.070718">
				 <ele>14.1</ele>
			 </trkpt>
			 <trkpt lat="61.15605" lon="-150.07072">
				 <ele>14.2</ele>
			 </trkpt>
			 <trkpt lat="61.156317" lon="-150.070659">
				 <ele>14.2</ele>
			 </trkpt>
			 <trkpt lat="61.156511" lon="-150.070711">
				 <ele>14.5</ele>
			 </trkpt>
			 <trkpt lat="61.156611" lon="-150.070714">
				 <ele>14.5</ele>
			 </trkpt>
			 <trkpt lat="61.156652" lon="-150.070715">
				 <ele>14.3</ele>
			 </trkpt>
			 <trkpt lat="61.156746" lon="-150.070659">
				 <ele>14.3</ele>
			 </trkpt>
			 <trkpt lat="61.156917" lon="-150.070501">
				 <ele>14.2</ele>
			 </trkpt>
			 <trkpt lat="61.156972" lon="-150.070478">
				 <ele>14.3</ele>
			 </trkpt>
			 <trkpt lat="61.157318" lon="-150.070335">
				 <ele>14.3</ele>
			 </trkpt>
			 <trkpt lat="61.15754" lon="-150.070112">
				 <ele>14.2</ele>
			 </trkpt>
			 <trkpt lat="61.157816" lon="-150.069752">
				 <ele>14.1</ele>
			 </trkpt>
			 <trkpt lat="61.158011" lon="-150.069619">
				 <ele>13.9</ele>
			 </trkpt>
			 <trkpt lat="61.158383" lon="-150.069233">
				 <ele>13.8</ele>
			 </trkpt>
			 <trkpt lat="61.158644" lon="-150.069207">
				 <ele>13.7</ele>
			 </trkpt>
			 <trkpt lat="61.158809" lon="-150.069338">
				 <ele>14</ele>
			 </trkpt>
			 <trkpt lat="61.159038" lon="-150.069402">
				 <ele>14.3</ele>
			 </trkpt>
			 <trkpt lat="61.159317" lon="-150.069323">
				 <ele>14.3</ele>
			 </trkpt>
			 <trkpt lat="61.159621" lon="-150.0693">
				 <ele>14</ele>
			 </trkpt>
			 <trkpt lat="61.160298" lon="-150.068834">
				 <ele>13.5</ele>
			 </trkpt>
			 <trkpt lat="61.160582" lon="-150.068588">
				 <ele>13.4</ele>
			 </trkpt>
			 <trkpt lat="61.160852" lon="-150.068489">
				 <ele>13.2</ele>
			 </trkpt>
			 <trkpt lat="61.161366" lon="-150.068391">
				 <ele>12.9</ele>
			 </trkpt>
			 <trkpt lat="61.162317" lon="-150.067916">
				 <ele>12.9</ele>
			 </trkpt>
			 <trkpt lat="61.162772" lon="-150.067876">
				 <ele>12.9</ele>
			 </trkpt>
			 <trkpt lat="61.163126" lon="-150.067658">
				 <ele>12.8</ele>
			 </trkpt>
			 <trkpt lat="61.163393" lon="-150.067408">
				 <ele>12.3</ele>
			 </trkpt>
			 <trkpt lat="61.163616" lon="-150.067242">
				 <ele>11.7</ele>
			 </trkpt>
			 <trkpt lat="61.163854" lon="-150.066954">
				 <ele>11.5</ele>
			 </trkpt>
			 <trkpt lat="61.163991" lon="-150.066825">
				 <ele>11.5</ele>
			 </trkpt>
			 <trkpt lat="61.164285" lon="-150.066709">
				 <ele>11.6</ele>
			 </trkpt>
			 <trkpt lat="61.164815" lon="-150.066433">
				 <ele>11.6</ele>
			 </trkpt>
			 <trkpt lat="61.164966" lon="-150.066288">
				 <ele>11.7</ele>
			 </trkpt>
			 <trkpt lat="61.165102" lon="-150.065988">
				 <ele>11.8</ele>
			 </trkpt>
			 <trkpt lat="61.165143" lon="-150.065897">
				 <ele>11.6</ele>
			 </trkpt>
			 <trkpt lat="61.165543" lon="-150.065259">
				 <ele>11.4</ele>
			 </trkpt>
			 <trkpt lat="61.165699" lon="-150.064956">
				 <ele>11.1</ele>
			 </trkpt>
			 <trkpt lat="61.1662" lon="-150.06373">
				 <ele>11.5</ele>
			 </trkpt>
			 <trkpt lat="61.166296" lon="-150.063602">
				 <ele>11.7</ele>
			 </trkpt>
			 <trkpt lat="61.166523" lon="-150.063484">
				 <ele>11.7</ele>
			 </trkpt>
			 <trkpt lat="61.166586" lon="-150.063422">
				 <ele>11.9</ele>
			 </trkpt>
			 <trkpt lat="61.166665" lon="-150.063276">
				 <ele>12.1</ele>
			 </trkpt>
			 <trkpt lat="61.166941" lon="-150.062416">
				 <ele>12.2</ele>
			 </trkpt>
			 <trkpt lat="61.16698" lon="-150.062194">
				 <ele>12.4</ele>
			 </trkpt>
			 <trkpt lat="61.167035" lon="-150.061679">
				 <ele>12.5</ele>
			 </trkpt>
			 <trkpt lat="61.167183" lon="-150.061018">
				 <ele>12.8</ele>
			 </trkpt>
			 <trkpt lat="61.167283" lon="-150.060692">
				 <ele>13.1</ele>
			 </trkpt>
			 <trkpt lat="61.167484" lon="-150.060175">
				 <ele>13.5</ele>
			 </trkpt>
			 <trkpt lat="61.167655" lon="-150.059881">
				 <ele>13.6</ele>
			 </trkpt>
			 <trkpt lat="61.167842" lon="-150.059686">
				 <ele>13.9</ele>
			 </trkpt>
			 <trkpt lat="61.168026" lon="-150.059494">
				 <ele>14.1</ele>
			 </trkpt>
			 <trkpt lat="61.168189" lon="-150.059303">
				 <ele>14.3</ele>
			 </trkpt>
			 <trkpt lat="61.168246" lon="-150.059189">
				 <ele>14.2</ele>
			 </trkpt>
			 <trkpt lat="61.168306" lon="-150.058986">
				 <ele>14.3</ele>
			 </trkpt>
			 <trkpt lat="61.168396" lon="-150.058548">
				 <ele>14.3</ele>
			 </trkpt>
			 <trkpt lat="61.168449" lon="-150.058378">
				 <ele>14.1</ele>
			 </trkpt>
			 <trkpt lat="61.168776" lon="-150.057751">
				 <ele>13.9</ele>
			 </trkpt>
			 <trkpt lat="61.168876" lon="-150.057469">
				 <ele>13.9</ele>
			 </trkpt>
			 <trkpt lat="61.169011" lon="-150.056914">
				 <ele>13.9</ele>
			 </trkpt>
			 <trkpt lat="61.169129" lon="-150.056664">
				 <ele>13.8</ele>
			 </trkpt>
			 <trkpt lat="61.169623" lon="-150.056034">
				 <ele>13.5</ele>
			 </trkpt>
			 <trkpt lat="61.169729" lon="-150.055838">
				 <ele>13.5</ele>
			 </trkpt>
			 <trkpt lat="61.170116" lon="-150.054942">
				 <ele>13.3</ele>
			 </trkpt>
			 <trkpt lat="61.170313" lon="-150.054534">
				 <ele>13.3</ele>
			 </trkpt>
			 <trkpt lat="61.170413" lon="-150.054348">
				 <ele>13.1</ele>
			 </trkpt>
			 <trkpt lat="61.170718" lon="-150.053938">
				 <ele>13.1</ele>
			 </trkpt>
			 <trkpt lat="61.170819" lon="-150.053758">
				 <ele>13.3</ele>
			 </trkpt>
			 <trkpt lat="61.170991" lon="-150.053285">
				 <ele>13.5</ele>
			 </trkpt>
			 <trkpt lat="61.171137" lon="-150.052959">
				 <ele>13.4</ele>
			 </trkpt>
			 <trkpt lat="61.171422" lon="-150.052516">
				 <ele>13.3</ele>
			 </trkpt>
			 <trkpt lat="61.171713" lon="-150.05225">
				 <ele>13.4</ele>
			 </trkpt>
			 <trkpt lat="61.171845" lon="-150.052068">
				 <ele>13.5</ele>
			 </trkpt>
			 <trkpt lat="61.172372" lon="-150.050788">
				 <ele>13.7</ele>
			 </trkpt>
			 <trkpt lat="61.172602" lon="-150.050325">
				 <ele>14.1</ele>
			 </trkpt>
			 <trkpt lat="61.172697" lon="-150.049974">
				 <ele>14.4</ele>
			 </trkpt>
			 <trkpt lat="61.172733" lon="-150.049734">
				 <ele>14.7</ele>
			 </trkpt>
			 <trkpt lat="61.172747" lon="-150.049638">
				 <ele>15.2</ele>
			 </trkpt>
			 <trkpt lat="61.172913" lon="-150.048651">
				 <ele>15.7</ele>
			 </trkpt>
			 <trkpt lat="61.173045" lon="-150.048326">
				 <ele>16.3</ele>
			 </trkpt>
			 <trkpt lat="61.173106" lon="-150.048122">
				 <ele>17</ele>
			 </trkpt>
			 <trkpt lat="61.173141" lon="-150.047897">
				 <ele>17.6</ele>
			 </trkpt>
			 <trkpt lat="61.173211" lon="-150.047105">
				 <ele>18.2</ele>
			 </trkpt>
			 <trkpt lat="61.173251" lon="-150.046884">
				 <ele>18.7</ele>
			 </trkpt>
			 <trkpt lat="61.173316" lon="-150.046685">
				 <ele>19.2</ele>
			 </trkpt>
			 <trkpt lat="61.173419" lon="-150.046452">
				 <ele>19.2</ele>
			 </trkpt>
			 <trkpt lat="61.173542" lon="-150.046272">
				 <ele>19.2</ele>
			 </trkpt>
			 <trkpt lat="61.173599" lon="-150.046225">
				 <ele>19.2</ele>
			 </trkpt>
			 <trkpt lat="61.17374" lon="-150.046188">
				 <ele>18.7</ele>
			 </trkpt>
			 <trkpt lat="61.173946" lon="-150.046191">
				 <ele>18.4</ele>
			 </trkpt>
			 <trkpt lat="61.174057" lon="-150.04614">
				 <ele>17.9</ele>
			 </trkpt>
			 <trkpt lat="61.174159" lon="-150.046025">
				 <ele>17.4</ele>
			 </trkpt>
			 <trkpt lat="61.174242" lon="-150.045886">
				 <ele>16.8</ele>
			 </trkpt>
			 <trkpt lat="61.17462" lon="-150.04503">
				 <ele>16.1</ele>
			 </trkpt>
			 <trkpt lat="61.174705" lon="-150.044771">
				 <ele>15.7</ele>
			 </trkpt>
			 <trkpt lat="61.174786" lon="-150.044445">
				 <ele>15.2</ele>
			 </trkpt>
			 <trkpt lat="61.174884" lon="-150.044208">
				 <ele>14.9</ele>
			 </trkpt>
			 <trkpt lat="61.175079" lon="-150.043918">
				 <ele>14.6</ele>
			 </trkpt>
			 <trkpt lat="61.175179" lon="-150.043685">
				 <ele>14.4</ele>
			 </trkpt>
			 <trkpt lat="61.175406" lon="-150.043004">
				 <ele>14.3</ele>
			 </trkpt>
			 <trkpt lat="61.175565" lon="-150.042432">
				 <ele>14.2</ele>
			 </trkpt>
			 <trkpt lat="61.175752" lon="-150.041894">
				 <ele>14.3</ele>
			 </trkpt>
			 <trkpt lat="61.175795" lon="-150.041734">
				 <ele>14.5</ele>
			 </trkpt>
			 <trkpt lat="61.175822" lon="-150.041544">
				 <ele>14.5</ele>
			 </trkpt>
			 <trkpt lat="61.175824" lon="-150.041323">
				 <ele>14.8</ele>
			 </trkpt>
			 <trkpt lat="61.175801" lon="-150.040939">
				 <ele>14.6</ele>
			 </trkpt>
			 <trkpt lat="61.175805" lon="-150.040531">
				 <ele>14.6</ele>
			 </trkpt>
			 <trkpt lat="61.175821" lon="-150.040333">
				 <ele>14.6</ele>
			 </trkpt>
			 <trkpt lat="61.175874" lon="-150.040125">
				 <ele>14.5</ele>
			 </trkpt>
			 <trkpt lat="61.176129" lon="-150.039564">
				 <ele>14.4</ele>
			 </trkpt>
			 <trkpt lat="61.176292" lon="-150.039149">
				 <ele>14.3</ele>
			 </trkpt>
			 <trkpt lat="61.176488" lon="-150.038601">
				 <ele>14.3</ele>
			 </trkpt>
			 <trkpt lat="61.176612" lon="-150.038197">
				 <ele>14.2</ele>
			 </trkpt>
			 <trkpt lat="61.1767" lon="-150.03776">
				 <ele>14.1</ele>
			 </trkpt>
			 <trkpt lat="61.176715" lon="-150.037508">
				 <ele>14.1</ele>
			 </trkpt>
			 <trkpt lat="61.176689" lon="-150.037287">
				 <ele>14.1</ele>
			 </trkpt>
			 <trkpt lat="61.176654" lon="-150.036995">
				 <ele>14.1</ele>
			 </trkpt>
			 <trkpt lat="61.176649" lon="-150.036797">
				 <ele>14</ele>
			 </trkpt>
			 <trkpt lat="61.176676" lon="-150.036627">
				 <ele>14.2</ele>
			 </trkpt>
			 <trkpt lat="61.176721" lon="-150.036512">
				 <ele>14.5</ele>
			 </trkpt>
			 <trkpt lat="61.176913" lon="-150.036384">
				 <ele>14.9</ele>
			 </trkpt>
			 <trkpt lat="61.176978" lon="-150.03629">
				 <ele>15.4</ele>
			 </trkpt>
			 <trkpt lat="61.177201" lon="-150.035546">
				 <ele>15.8</ele>
			 </trkpt>
			 <trkpt lat="61.177645" lon="-150.033786">
				 <ele>16.2</ele>
			 </trkpt>
			 <trkpt lat="61.177729" lon="-150.033364">
				 <ele>16.7</ele>
			 </trkpt>
			 <trkpt lat="61.177806" lon="-150.032726">
				 <ele>17.3</ele>
			 </trkpt>
			 <trkpt lat="61.177855" lon="-150.032532">
				 <ele>17.8</ele>
			 </trkpt>
			 <trkpt lat="61.17799" lon="-150.032189">
				 <ele>18.3</ele>
			 </trkpt>
			 <trkpt lat="61.178219" lon="-150.031697">
				 <ele>18.8</ele>
			 </trkpt>
			 <trkpt lat="61.178406" lon="-150.031355">
				 <ele>19.3</ele>
			 </trkpt>
			 <trkpt lat="61.178766" lon="-150.030836">
				 <ele>19.7</ele>
			 </trkpt>
			 <trkpt lat="61.178884" lon="-150.03071">
				 <ele>20.1</ele>
			 </trkpt>
			 <trkpt lat="61.179248" lon="-150.03043">
				 <ele>20.3</ele>
			 </trkpt>
			 <trkpt lat="61.179378" lon="-150.030271">
				 <ele>20.3</ele>
			 </trkpt>
			 <trkpt lat="61.179642" lon="-150.029725">
				 <ele>20.3</ele>
			 </trkpt>
			 <trkpt lat="61.17972" lon="-150.029644">
				 <ele>20</ele>
			 </trkpt>
			 <trkpt lat="61.179941" lon="-150.029606">
				 <ele>19.6</ele>
			 </trkpt>
			 <trkpt lat="61.18009" lon="-150.029558">
				 <ele>19.5</ele>
			 </trkpt>
			 <trkpt lat="61.180159" lon="-150.029509">
				 <ele>19.6</ele>
			 </trkpt>
			 <trkpt lat="61.18069" lon="-150.029066">
				 <ele>19.6</ele>
			 </trkpt>
			 <trkpt lat="61.180905" lon="-150.02885">
				 <ele>19.5</ele>
			 </trkpt>
			 <trkpt lat="61.181279" lon="-150.028654">
				 <ele>19.4</ele>
			 </trkpt>
			 <trkpt lat="61.181437" lon="-150.028543">
				 <ele>19.3</ele>
			 </trkpt>
			 <trkpt lat="61.181759" lon="-150.028229">
				 <ele>19.2</ele>
			 </trkpt>
			 <trkpt lat="61.182013" lon="-150.028078">
				 <ele>18.7</ele>
			 </trkpt>
			 <trkpt lat="61.182104" lon="-150.027986">
				 <ele>18.4</ele>
			 </trkpt>
			 <trkpt lat="61.182433" lon="-150.027653">
				 <ele>18.5</ele>
			 </trkpt>
			 <trkpt lat="61.182512" lon="-150.02763">
				 <ele>18.8</ele>
			 </trkpt>
			 <trkpt lat="61.182952" lon="-150.027633">
				 <ele>18.7</ele>
			 </trkpt>
			 <trkpt lat="61.183232" lon="-150.027716">
				 <ele>18.6</ele>
			 </trkpt>
			 <trkpt lat="61.18332" lon="-150.027699">
				 <ele>18.6</ele>
			 </trkpt>
			 <trkpt lat="61.183681" lon="-150.027397">
				 <ele>18.5</ele>
			 </trkpt>
			 <trkpt lat="61.183813" lon="-150.027369">
				 <ele>18.4</ele>
			 </trkpt>
			 <trkpt lat="61.184136" lon="-150.027375">
				 <ele>18.2</ele>
			 </trkpt>
			 <trkpt lat="61.184274" lon="-150.027324">
				 <ele>18</ele>
			 </trkpt>
			 <trkpt lat="61.184413" lon="-150.027203">
				 <ele>18.2</ele>
			 </trkpt>
			 <trkpt lat="61.184531" lon="-150.027136">
				 <ele>18.3</ele>
			 </trkpt>
			 <trkpt lat="61.184628" lon="-150.027115">
				 <ele>17.8</ele>
			 </trkpt>
			 <trkpt lat="61.184772" lon="-150.027119">
				 <ele>17.6</ele>
			 </trkpt>
			 <trkpt lat="61.185209" lon="-150.027248">
				 <ele>17.6</ele>
			 </trkpt>
			 <trkpt lat="61.185488" lon="-150.027246">
				 <ele>17.6</ele>
			 </trkpt>
			 <trkpt lat="61.185832" lon="-150.027172">
				 <ele>17.6</ele>
			 </trkpt>
			 <trkpt lat="61.186117" lon="-150.027059">
				 <ele>17.8</ele>
			 </trkpt>
			 <trkpt lat="61.186268" lon="-150.026968">
				 <ele>17.9</ele>
			 </trkpt>
			 <trkpt lat="61.18652" lon="-150.026755">
				 <ele>18.1</ele>
			 </trkpt>
			 <trkpt lat="61.186811" lon="-150.026402">
				 <ele>18.5</ele>
			 </trkpt>
			 <trkpt lat="61.187173" lon="-150.026173">
				 <ele>19</ele>
			 </trkpt>
			 <trkpt lat="61.187444" lon="-150.026088">
				 <ele>19.5</ele>
			 </trkpt>
			 <trkpt lat="61.187831" lon="-150.026175">
				 <ele>20.2</ele>
			 </trkpt>
			 <trkpt lat="61.188009" lon="-150.026151">
				 <ele>20.5</ele>
			 </trkpt>
			 <trkpt lat="61.188316" lon="-150.026">
				 <ele>20.9</ele>
			 </trkpt>
			 <trkpt lat="61.188417" lon="-150.02594">
				 <ele>21.3</ele>
			 </trkpt>
			 <trkpt lat="61.188541" lon="-150.025797">
				 <ele>21.5</ele>
			 </trkpt>
			 <trkpt lat="61.188668" lon="-150.025563">
				 <ele>21.7</ele>
			 </trkpt>
			 <trkpt lat="61.188799" lon="-150.025418">
				 <ele>21.9</ele>
			 </trkpt>
			 <trkpt lat="61.189065" lon="-150.025364">
				 <ele>22</ele>
			 </trkpt>
			 <trkpt lat="61.189298" lon="-150.025358">
				 <ele>21.9</ele>
			 </trkpt>
			 <trkpt lat="61.189394" lon="-150.025392">
				 <ele>21.8</ele>
			 </trkpt>
			 <trkpt lat="61.189928" lon="-150.025934">
				 <ele>21.7</ele>
			 </trkpt>
			 <trkpt lat="61.190011" lon="-150.026">
				 <ele>21.6</ele>
			 </trkpt>
			 <trkpt lat="61.190166" lon="-150.026061">
				 <ele>21.4</ele>
			 </trkpt>
			 <trkpt lat="61.190296" lon="-150.026021">
				 <ele>20.9</ele>
			 </trkpt>
			 <trkpt lat="61.190472" lon="-150.025894">
				 <ele>20.5</ele>
			 </trkpt>
			 <trkpt lat="61.190542" lon="-150.025877">
				 <ele>20.1</ele>
			 </trkpt>
			 <trkpt lat="61.190663" lon="-150.025918">
				 <ele>19.6</ele>
			 </trkpt>
			 <trkpt lat="61.190972" lon="-150.026132">
				 <ele>19.3</ele>
			 </trkpt>
			 <trkpt lat="61.191421" lon="-150.026316">
				 <ele>18.9</ele>
			 </trkpt>
			 <trkpt lat="61.191563" lon="-150.026417">
				 <ele>18.5</ele>
			 </trkpt>
			 <trkpt lat="61.191842" lon="-150.0267">
				 <ele>18.2</ele>
			 </trkpt>
			 <trkpt lat="61.19199" lon="-150.026819">
				 <ele>17.7</ele>
			 </trkpt>
			 <trkpt lat="61.192059" lon="-150.026845">
				 <ele>17.3</ele>
			 </trkpt>
			 <trkpt lat="61.192204" lon="-150.026791">
				 <ele>17</ele>
			 </trkpt>
			 <trkpt lat="61.192473" lon="-150.026553">
				 <ele>16.7</ele>
			 </trkpt>
			 <trkpt lat="61.192604" lon="-150.026513">
				 <ele>16.5</ele>
			 </trkpt>
			 <trkpt lat="61.192741" lon="-150.02656">
				 <ele>16.2</ele>
			 </trkpt>
			 <trkpt lat="61.193142" lon="-150.026503">
				 <ele>16</ele>
			 </trkpt>
			 <trkpt lat="61.193226" lon="-150.026457">
				 <ele>15.8</ele>
			 </trkpt>
			 <trkpt lat="61.193468" lon="-150.026238">
				 <ele>16</ele>
			 </trkpt>
			 <trkpt lat="61.193555" lon="-150.02622">
				 <ele>16.4</ele>
			 </trkpt>
			 <trkpt lat="61.193889" lon="-150.026302">
				 <ele>16.7</ele>
			 </trkpt>
			 <trkpt lat="61.193968" lon="-150.02628">
				 <ele>17.2</ele>
			 </trkpt>
			 <trkpt lat="61.193996" lon="-150.026257">
				 <ele>17.6</ele>
			 </trkpt>
			 <trkpt lat="61.194214" lon="-150.026083">
				 <ele>18.3</ele>
			 </trkpt>
			 <trkpt lat="61.194424" lon="-150.025976">
				 <ele>19.1</ele>
			 </trkpt>
			 <trkpt lat="61.194461" lon="-150.025957">
				 <ele>20</ele>
			 </trkpt>
			 <trkpt lat="61.194542" lon="-150.025883">
				 <ele>21</ele>
			 </trkpt>
			 <trkpt lat="61.194632" lon="-150.025735">
				 <ele>22.2</ele>
			 </trkpt>
			 <trkpt lat="61.194773" lon="-150.025379">
				 <ele>23.5</ele>
			 </trkpt>
			 <trkpt lat="61.194795" lon="-150.024891">
				 <ele>24.4</ele>
			 </trkpt>
			 <trkpt lat="61.194804" lon="-150.0245">
				 <ele>25.1</ele>
			 </trkpt>
			 <trkpt lat="61.194782" lon="-150.023595">
				 <ele>26</ele>
			 </trkpt>
			 <trkpt lat="61.194683" lon="-150.02051">
				 <ele>26.9</ele>
			 </trkpt>
			 <trkpt lat="61.194622" lon="-150.019689">
				 <ele>27.9</ele>
			 </trkpt>
			 <trkpt lat="61.194645" lon="-150.019474">
				 <ele>28.7</ele>
			 </trkpt>
			 <trkpt lat="61.194692" lon="-150.01932">
				 <ele>29.1</ele>
			 </trkpt>
			 <trkpt lat="61.194788" lon="-150.019191">
				 <ele>29.4</ele>
			 </trkpt>
			 <trkpt lat="61.194864" lon="-150.019164">
				 <ele>30</ele>
			 </trkpt>
			 <trkpt lat="61.19492" lon="-150.019144">
				 <ele>30.5</ele>
			 </trkpt>
			 <trkpt lat="61.195475" lon="-150.019178">
				 <ele>30.8</ele>
			 </trkpt>
			 <trkpt lat="61.19585" lon="-150.019348">
				 <ele>30.8</ele>
			 </trkpt>
			 <trkpt lat="61.195948" lon="-150.019334">
				 <ele>30.8</ele>
			 </trkpt>
			 <trkpt lat="61.196351" lon="-150.019084">
				 <ele>30.7</ele>
			 </trkpt>
			 <trkpt lat="61.196476" lon="-150.019066">
				 <ele>30.9</ele>
			 </trkpt>
			 <trkpt lat="61.196635" lon="-150.019112">
				 <ele>31</ele>
			 </trkpt>
			 <trkpt lat="61.197036" lon="-150.01931">
				 <ele>31.1</ele>
			 </trkpt>
			 <trkpt lat="61.19717" lon="-150.01932">
				 <ele>31.5</ele>
			 </trkpt>
			 <trkpt lat="61.197311" lon="-150.019273">
				 <ele>32</ele>
			 </trkpt>
			 <trkpt lat="61.197882" lon="-150.018962">
				 <ele>31.7</ele>
			 </trkpt>
			 <trkpt lat="61.197961" lon="-150.018937">
				 <ele>31.5</ele>
			 </trkpt>
			 <trkpt lat="61.19805" lon="-150.01895">
				 <ele>31.2</ele>
			 </trkpt>
			 <trkpt lat="61.198125" lon="-150.019007">
				 <ele>31.3</ele>
			 </trkpt>
			 <trkpt lat="61.198214" lon="-150.019156">
				 <ele>31.4</ele>
			 </trkpt>
			 <trkpt lat="61.198296" lon="-150.019368">
				 <ele>31.4</ele>
			 </trkpt>
			 <trkpt lat="61.198338" lon="-150.019475">
				 <ele>31</ele>
			 </trkpt>
			 <trkpt lat="61.198409" lon="-150.019614">
				 <ele>30.6</ele>
			 </trkpt>
			 <trkpt lat="61.198545" lon="-150.019753">
				 <ele>30.3</ele>
			 </trkpt>
			 <trkpt lat="61.198732" lon="-150.019878">
				 <ele>29.9</ele>
			 </trkpt>
			 <trkpt lat="61.198785" lon="-150.01993">
				 <ele>29.5</ele>
			 </trkpt>
			 <trkpt lat="61.198832" lon="-150.02">
				 <ele>29.5</ele>
			 </trkpt>
			 <trkpt lat="61.199041" lon="-150.020483">
				 <ele>29.4</ele>
			 </trkpt>
			 <trkpt lat="61.199126" lon="-150.020617">
				 <ele>29.3</ele>
			 </trkpt>
			 <trkpt lat="61.199193" lon="-150.020688">
				 <ele>29.2</ele>
			 </trkpt>
			 <trkpt lat="61.199296" lon="-150.020719">
				 <ele>29.2</ele>
			 </trkpt>
			 <trkpt lat="61.199479" lon="-150.020717">
				 <ele>29.2</ele>
			 </trkpt>
			 <trkpt lat="61.199515" lon="-150.020712">
				 <ele>29.3</ele>
			 </trkpt>
			 <trkpt lat="61.199816" lon="-150.020667">
				 <ele>29.4</ele>
			 </trkpt>
			 <trkpt lat="61.200001" lon="-150.020598">
				 <ele>29.5</ele>
			 </trkpt>
			 <trkpt lat="61.200167" lon="-150.020493">
				 <ele>29.5</ele>
			 </trkpt>
			 <trkpt lat="61.200495" lon="-150.02017">
				 <ele>29.6</ele>
			 </trkpt>
			 <trkpt lat="61.200622" lon="-150.020067">
				 <ele>29.8</ele>
			 </trkpt>
			 <trkpt lat="61.200691" lon="-150.020023">
				 <ele>30</ele>
			 </trkpt>
			 <trkpt lat="61.200749" lon="-150.020005">
				 <ele>30</ele>
			 </trkpt>
			 <trkpt lat="61.200802" lon="-150.020008">
				 <ele>30</ele>
			 </trkpt>
			 <trkpt lat="61.200852" lon="-150.019997">
				 <ele>29.8</ele>
			 </trkpt>
			 <trkpt lat="61.201042" lon="-150.019889">
				 <ele>29.5</ele>
			 </trkpt>
			 <trkpt lat="61.201492" lon="-150.019872">
				 <ele>29.6</ele>
			 </trkpt>
			 <trkpt lat="61.201589" lon="-150.01984">
				 <ele>29.8</ele>
			 </trkpt>
			 <trkpt lat="61.201662" lon="-150.019788">
				 <ele>30</ele>
			 </trkpt>
			 <trkpt lat="61.201887" lon="-150.019494">
				 <ele>30.3</ele>
			 </trkpt>
			 <trkpt lat="61.20205" lon="-150.019349">
				 <ele>30.5</ele>
			 </trkpt>
			 <trkpt lat="61.20229" lon="-150.01916">
				 <ele>31.3</ele>
			 </trkpt>
			 <trkpt lat="61.202557" lon="-150.018914">
				 <ele>32.1</ele>
			 </trkpt>
			 <trkpt lat="61.202867" lon="-150.018565">
				 <ele>32.9</ele>
			 </trkpt>
			 <trkpt lat="61.203033" lon="-150.018323">
				 <ele>33.7</ele>
			 </trkpt>
			 <trkpt lat="61.2031" lon="-150.01806">
				 <ele>34.6</ele>
			 </trkpt>
			 <trkpt lat="61.20323" lon="-150.0176">
				 <ele>35.9</ele>
			 </trkpt>
			 <trkpt lat="61.20337" lon="-150.01726">
				 <ele>37.2</ele>
			 </trkpt>
			 <trkpt lat="61.2035" lon="-150.0169">
				 <ele>38.5</ele>
			 </trkpt>
			 <trkpt lat="61.20353" lon="-150.01675">
				 <ele>39.9</ele>
			 </trkpt>
			 <trkpt lat="61.20354" lon="-150.01665">
				 <ele>41.1</ele>
			 </trkpt>
			 <trkpt lat="61.20344" lon="-150.01594">
				 <ele>42.4</ele>
			 </trkpt>
			 <trkpt lat="61.20337" lon="-150.01547">
				 <ele>43.1</ele>
			 </trkpt>
			 <trkpt lat="61.20332" lon="-150.01485">
				 <ele>43.7</ele>
			 </trkpt>
			 <trkpt lat="61.20324" lon="-150.01413">
				 <ele>44.5</ele>
			 </trkpt>
			 <trkpt lat="61.20314" lon="-150.01368">
				 <ele>45.1</ele>
			 </trkpt>
			 <trkpt lat="61.20294" lon="-150.0129">
				 <ele>45.5</ele>
			 </trkpt>
			 <trkpt lat="61.20286" lon="-150.01242">
				 <ele>45.8</ele>
			 </trkpt>
			 <trkpt lat="61.20278" lon="-150.01184">
				 <ele>45.8</ele>
			 </trkpt>
			 <trkpt lat="61.20278" lon="-150.0116">
				 <ele>45.8</ele>
			 </trkpt>
			 <trkpt lat="61.20278" lon="-150.01133">
				 <ele>45.5</ele>
			 </trkpt>
			 <trkpt lat="61.20275" lon="-150.01086">
				 <ele>45.5</ele>
			 </trkpt>
			 <trkpt lat="61.20271" lon="-150.01059">
				 <ele>45.5</ele>
			 </trkpt>
			 <trkpt lat="61.202515" lon="-150.010039">
				 <ele>45.3</ele>
			 </trkpt>
			 <trkpt lat="61.202308" lon="-150.009347">
				 <ele>45.1</ele>
			 </trkpt>
			 <trkpt lat="61.202258" lon="-150.009074">
				 <ele>44.9</ele>
			 </trkpt>
			 <trkpt lat="61.202191" lon="-150.008439">
				 <ele>45</ele>
			 </trkpt>
			 <trkpt lat="61.202122" lon="-150.007918">
				 <ele>45.2</ele>
			 </trkpt>
			 <trkpt lat="61.201924" lon="-150.0073">
				 <ele>45.4</ele>
			 </trkpt>
			 <trkpt lat="61.201712" lon="-150.006523">
				 <ele>45.2</ele>
			 </trkpt>
			 <trkpt lat="61.201495" lon="-150.005606">
				 <ele>44.9</ele>
			 </trkpt>
			 <trkpt lat="61.201476" lon="-150.005279">
				 <ele>45.2</ele>
			 </trkpt>
			 <trkpt lat="61.201446" lon="-150.005055">
				 <ele>44.9</ele>
			 </trkpt>
			 <trkpt lat="61.201425" lon="-150.004759">
				 <ele>44.4</ele>
			 </trkpt>
			 <trkpt lat="61.201303" lon="-150.003823">
				 <ele>43.5</ele>
			 </trkpt>
			 <trkpt lat="61.201137" lon="-150.003083">
				 <ele>42.5</ele>
			 </trkpt>
			 <trkpt lat="61.200922" lon="-150.002628">
				 <ele>41.2</ele>
			 </trkpt>
			 <trkpt lat="61.200128" lon="-150.000173">
				 <ele>39.8</ele>
			 </trkpt>
			 <trkpt lat="61.199983" lon="-149.999246">
				 <ele>38.5</ele>
			 </trkpt>
			 <trkpt lat="61.199983" lon="-149.998225">
				 <ele>37</ele>
			 </trkpt>
			 <trkpt lat="61.199917" lon="-149.99759">
				 <ele>35.5</ele>
			 </trkpt>
			 <trkpt lat="61.19969" lon="-149.997161">
				 <ele>33.5</ele>
			 </trkpt>
			 <trkpt lat="61.199413" lon="-149.996843">
				 <ele>31</ele>
			 </trkpt>
			 <trkpt lat="61.199301" lon="-149.996483">
				 <ele>29.5</ele>
			 </trkpt>
			 <trkpt lat="61.199293" lon="-149.996114">
				 <ele>27.7</ele>
			 </trkpt>
			 <trkpt lat="61.19916" lon="-149.995573">
				 <ele>26.4</ele>
			 </trkpt>
			 <trkpt lat="61.198828" lon="-149.992958">
				 <ele>25.3</ele>
			 </trkpt>
			 <trkpt lat="61.198712" lon="-149.993025">
				 <ele>24.4</ele>
			 </trkpt>
			 <trkpt lat="61.198954" lon="-149.995226">
				 <ele>23.5</ele>
			 </trkpt>
			 <trkpt lat="61.198712" lon="-149.993025">
				 <ele>22.7</ele>
			 </trkpt>
			 <trkpt lat="61.198828" lon="-149.992958">
				 <ele>22</ele>
			 </trkpt>
			 <trkpt lat="61.198812" lon="-149.992711">
				 <ele>21.4</ele>
			 </trkpt>
			 <trkpt lat="61.198832" lon="-149.992475">
				 <ele>21.2</ele>
			 </trkpt>
			 <trkpt lat="61.198885" lon="-149.992184">
				 <ele>20.9</ele>
			 </trkpt>
			 <trkpt lat="61.198909" lon="-149.99198">
				 <ele>20.2</ele>
			 </trkpt>
			 <trkpt lat="61.198904" lon="-149.991691">
				 <ele>19.9</ele>
			 </trkpt>
			 <trkpt lat="61.198928" lon="-149.991503">
				 <ele>19.8</ele>
			 </trkpt>
			 <trkpt lat="61.198975" lon="-149.991268">
				 <ele>19.8</ele>
			 </trkpt>
			 <trkpt lat="61.198986" lon="-149.991103">
				 <ele>19.8</ele>
			 </trkpt>
			 <trkpt lat="61.198976" lon="-149.990826">
				 <ele>19.8</ele>
			 </trkpt>
			 <trkpt lat="61.198948" lon="-149.990504">
				 <ele>19.8</ele>
			 </trkpt>
			 <trkpt lat="61.198916" lon="-149.990353">
				 <ele>19.8</ele>
			 </trkpt>
			 <trkpt lat="61.198857" lon="-149.990193">
				 <ele>19.9</ele>
			 </trkpt>
			 <trkpt lat="61.198715" lon="-149.989913">
				 <ele>20.1</ele>
			 </trkpt>
			 <trkpt lat="61.198654" lon="-149.989672">
				 <ele>20.3</ele>
			 </trkpt>
			 <trkpt lat="61.19848" lon="-149.988316">
				 <ele>20.5</ele>
			 </trkpt>
			 <trkpt lat="61.198455" lon="-149.988028">
				 <ele>20.6</ele>
			 </trkpt>
			 <trkpt lat="61.198458" lon="-149.987843">
				 <ele>20.6</ele>
			 </trkpt>
			 <trkpt lat="61.198472" lon="-149.987681">
				 <ele>20.5</ele>
			 </trkpt>
			 <trkpt lat="61.198613" lon="-149.986909">
				 <ele>20.4</ele>
			 </trkpt>
			 <trkpt lat="61.198623" lon="-149.986726">
				 <ele>20</ele>
			 </trkpt>
			 <trkpt lat="61.198615" lon="-149.98658">
				 <ele>19.7</ele>
			 </trkpt>
			 <trkpt lat="61.198576" lon="-149.986398">
				 <ele>19.5</ele>
			 </trkpt>
			 <trkpt lat="61.198378" lon="-149.985873">
				 <ele>19.2</ele>
			 </trkpt>
			 <trkpt lat="61.198245" lon="-149.985341">
				 <ele>18.7</ele>
			 </trkpt>
			 <trkpt lat="61.198195" lon="-149.985185">
				 <ele>18.2</ele>
			 </trkpt>
			 <trkpt lat="61.198171" lon="-149.98508">
				 <ele>17.6</ele>
			 </trkpt>
			 <trkpt lat="61.198158" lon="-149.984954">
				 <ele>17.3</ele>
			 </trkpt>
			 <trkpt lat="61.198171" lon="-149.984237">
				 <ele>16.9</ele>
			 </trkpt>
			 <trkpt lat="61.198194" lon="-149.984135">
				 <ele>16.7</ele>
			 </trkpt>
			 <trkpt lat="61.198272" lon="-149.983918">
				 <ele>16.6</ele>
			 </trkpt>
			 <trkpt lat="61.198326" lon="-149.983707">
				 <ele>16.7</ele>
			 </trkpt>
			 <trkpt lat="61.198407" lon="-149.982921">
				 <ele>16.9</ele>
			 </trkpt>
			 <trkpt lat="61.198385" lon="-149.982503">
				 <ele>17</ele>
			 </trkpt>
			 <trkpt lat="61.198361" lon="-149.981449">
				 <ele>17.3</ele>
			 </trkpt>
			 <trkpt lat="61.198332" lon="-149.9812">
				 <ele>17.6</ele>
			 </trkpt>
			 <trkpt lat="61.198268" lon="-149.980899">
				 <ele>17.9</ele>
			 </trkpt>
			 <trkpt lat="61.198128" lon="-149.980405">
				 <ele>17.9</ele>
			 </trkpt>
			 <trkpt lat="61.198033" lon="-149.980019">
				 <ele>17.8</ele>
			 </trkpt>
			 <trkpt lat="61.198006" lon="-149.979832">
				 <ele>17.5</ele>
			 </trkpt>
			 <trkpt lat="61.197996" lon="-149.979648">
				 <ele>17</ele>
			 </trkpt>
			 <trkpt lat="61.19795" lon="-149.978558">
				 <ele>16.5</ele>
			 </trkpt>
			 <trkpt lat="61.197885" lon="-149.978157">
				 <ele>15.8</ele>
			 </trkpt>
			 <trkpt lat="61.197767" lon="-149.977638">
				 <ele>15</ele>
			 </trkpt>
			 <trkpt lat="61.197662" lon="-149.976991">
				 <ele>14.2</ele>
			 </trkpt>
			 <trkpt lat="61.197529" lon="-149.976427">
				 <ele>13.4</ele>
			 </trkpt>
			 <trkpt lat="61.197469" lon="-149.976099">
				 <ele>12.5</ele>
			 </trkpt>
			 <trkpt lat="61.197334" lon="-149.975012">
				 <ele>11.7</ele>
			 </trkpt>
			 <trkpt lat="61.197317" lon="-149.974735">
				 <ele>11.3</ele>
			 </trkpt>
			 <trkpt lat="61.197328" lon="-149.974515">
				 <ele>10.7</ele>
			 </trkpt>
			 <trkpt lat="61.197348" lon="-149.974372">
				 <ele>10.4</ele>
			 </trkpt>
			 <trkpt lat="61.197388" lon="-149.974231">
				 <ele>9.9</ele>
			 </trkpt>
			 <trkpt lat="61.197443" lon="-149.974143">
				 <ele>9.4</ele>
			 </trkpt>
			 <trkpt lat="61.197516" lon="-149.974092">
				 <ele>8.9</ele>
			 </trkpt>
			 <trkpt lat="61.197652" lon="-149.974087">
				 <ele>8.5</ele>
			 </trkpt>
			 <trkpt lat="61.197794" lon="-149.97408">
				 <ele>8</ele>
			 </trkpt>
			 <trkpt lat="61.198025" lon="-149.974122">
				 <ele>7.5</ele>
			 </trkpt>
			 <trkpt lat="61.198286" lon="-149.974126">
				 <ele>7</ele>
			 </trkpt>
			 <trkpt lat="61.198629" lon="-149.974035">
				 <ele>6.6</ele>
			 </trkpt>
			 <trkpt lat="61.19876" lon="-149.974072">
				 <ele>6.3</ele>
			 </trkpt>
			 <trkpt lat="61.198897" lon="-149.974157">
				 <ele>5.9</ele>
			 </trkpt>
			 <trkpt lat="61.199054" lon="-149.974146">
				 <ele>5.5</ele>
			 </trkpt>
			 <trkpt lat="61.199109" lon="-149.974073">
				 <ele>5.4</ele>
			 </trkpt>
			 <trkpt lat="61.199166" lon="-149.97393">
				 <ele>5.3</ele>
			 </trkpt>
			 <trkpt lat="61.199206" lon="-149.973684">
				 <ele>5.4</ele>
			 </trkpt>
			 <trkpt lat="61.199182" lon="-149.973465">
				 <ele>5.5</ele>
			 </trkpt>
			 <trkpt lat="61.199156" lon="-149.973289">
				 <ele>5.5</ele>
			 </trkpt>
			 <trkpt lat="61.199093" lon="-149.973048">
				 <ele>5.7</ele>
			 </trkpt>
			 <trkpt lat="61.199013" lon="-149.972849">
				 <ele>5.9</ele>
			 </trkpt>
			 <trkpt lat="61.198801" lon="-149.97245">
				 <ele>6.1</ele>
			 </trkpt>
			 <trkpt lat="61.198735" lon="-149.972237">
				 <ele>6.3</ele>
			 </trkpt>
			 <trkpt lat="61.198706" lon="-149.971971">
				 <ele>6.4</ele>
			 </trkpt>
			 <trkpt lat="61.198715" lon="-149.971752">
				 <ele>6.5</ele>
			 </trkpt>
			 <trkpt lat="61.198741" lon="-149.97152">
				 <ele>6.5</ele>
			 </trkpt>
			 <trkpt lat="61.198828" lon="-149.971099">
				 <ele>6.6</ele>
			 </trkpt>
			 <trkpt lat="61.198885" lon="-149.970828">
				 <ele>6.4</ele>
			 </trkpt>
			 <trkpt lat="61.198939" lon="-149.970272">
				 <ele>6.1</ele>
			 </trkpt>
			 <trkpt lat="61.198985" lon="-149.970075">
				 <ele>5.8</ele>
			 </trkpt>
			 <trkpt lat="61.19914" lon="-149.969717">
				 <ele>5.6</ele>
			 </trkpt>
			 <trkpt lat="61.19923" lon="-149.969423">
				 <ele>5.4</ele>
			 </trkpt>
			 <trkpt lat="61.199324" lon="-149.968698">
				 <ele>5.2</ele>
			 </trkpt>
			 <trkpt lat="61.199469" lon="-149.967889">
				 <ele>5.1</ele>
			 </trkpt>
			 <trkpt lat="61.199519" lon="-149.967736">
				 <ele>5.1</ele>
			 </trkpt>
			 <trkpt lat="61.199679" lon="-149.967385">
				 <ele>5.1</ele>
			 </trkpt>
			 <trkpt lat="61.19975" lon="-149.967134">
				 <ele>5.1</ele>
			 </trkpt>
			 <trkpt lat="61.199844" lon="-149.966181">
				 <ele>4.9</ele>
			 </trkpt>
			 <trkpt lat="61.199847" lon="-149.965884">
				 <ele>5</ele>
			 </trkpt>
			 <trkpt lat="61.199825" lon="-149.965386">
				 <ele>5</ele>
			 </trkpt>
			 <trkpt lat="61.199867" lon="-149.964954">
				 <ele>4.9</ele>
			 </trkpt>
			 <trkpt lat="61.199937" lon="-149.964595">
				 <ele>4.7</ele>
			 </trkpt>
			 <trkpt lat="61.200088" lon="-149.963985">
				 <ele>4.8</ele>
			 </trkpt>
			 <trkpt lat="61.200331" lon="-149.963344">
				 <ele>4.8</ele>
			 </trkpt>
			 <trkpt lat="61.20041" lon="-149.963014">
				 <ele>4.8</ele>
			 </trkpt>
			 <trkpt lat="61.200476" lon="-149.962637">
				 <ele>4.8</ele>
			 </trkpt>
			 <trkpt lat="61.200606" lon="-149.961786">
				 <ele>4.8</ele>
			 </trkpt>
			 <trkpt lat="61.20073" lon="-149.960972">
				 <ele>4.7</ele>
			 </trkpt>
			 <trkpt lat="61.200752" lon="-149.960721">
				 <ele>4.8</ele>
			 </trkpt>
			 <trkpt lat="61.200754" lon="-149.960424">
				 <ele>4.6</ele>
			 </trkpt>
			 <trkpt lat="61.200723" lon="-149.959799">
				 <ele>4.5</ele>
			 </trkpt>
			 <trkpt lat="61.200769" lon="-149.959537">
				 <ele>4.6</ele>
			 </trkpt>
			 <trkpt lat="61.200922" lon="-149.958933">
				 <ele>4.7</ele>
			 </trkpt>
			 <trkpt lat="61.200957" lon="-149.95851">
				 <ele>4.9</ele>
			 </trkpt>
			 <trkpt lat="61.201195" lon="-149.957044">
				 <ele>5.1</ele>
			 </trkpt>
			 <trkpt lat="61.201228" lon="-149.956735">
				 <ele>5.2</ele>
			 </trkpt>
			 <trkpt lat="61.201253" lon="-149.955619">
				 <ele>5.1</ele>
			 </trkpt>
			 <trkpt lat="61.201334" lon="-149.954661">
				 <ele>5.1</ele>
			 </trkpt>
			 <trkpt lat="61.201372" lon="-149.954479">
				 <ele>5</ele>
			 </trkpt>
			 <trkpt lat="61.201521" lon="-149.953919">
				 <ele>4.9</ele>
			 </trkpt>
			 <trkpt lat="61.201798" lon="-149.952872">
				 <ele>5.1</ele>
			 </trkpt>
			 <trkpt lat="61.201993" lon="-149.952084">
				 <ele>5.3</ele>
			 </trkpt>
			 <trkpt lat="61.20222" lon="-149.951332">
				 <ele>5.4</ele>
			 </trkpt>
			 <trkpt lat="61.202276" lon="-149.951072">
				 <ele>5.6</ele>
			 </trkpt>
			 <trkpt lat="61.202311" lon="-149.950796">
				 <ele>5.6</ele>
			 </trkpt>
			 <trkpt lat="61.20235" lon="-149.950225">
				 <ele>5.8</ele>
			 </trkpt>
			 <trkpt lat="61.202373" lon="-149.950067">
				 <ele>6</ele>
			 </trkpt>
			 <trkpt lat="61.202408" lon="-149.949913">
				 <ele>6.1</ele>
			 </trkpt>
			 <trkpt lat="61.202699" lon="-149.949005">
				 <ele>6</ele>
			 </trkpt>
			 <trkpt lat="61.20282" lon="-149.948566">
				 <ele>6.3</ele>
			 </trkpt>
			 <trkpt lat="61.202886" lon="-149.948354">
				 <ele>6.7</ele>
			 </trkpt>
			 <trkpt lat="61.202907" lon="-149.948259">
				 <ele>7.3</ele>
			 </trkpt>
			 <trkpt lat="61.203014" lon="-149.947785">
				 <ele>7.8</ele>
			 </trkpt>
			 <trkpt lat="61.203033" lon="-149.947703">
				 <ele>8.4</ele>
			 </trkpt>
			 <trkpt lat="61.203064" lon="-149.947499">
				 <ele>8.7</ele>
			 </trkpt>
			 <trkpt lat="61.20308" lon="-149.947091">
				 <ele>8.6</ele>
			 </trkpt>
			 <trkpt lat="61.203121" lon="-149.946716">
				 <ele>8.4</ele>
			 </trkpt>
			 <trkpt lat="61.20317" lon="-149.946548">
				 <ele>8.1</ele>
			 </trkpt>
			 <trkpt lat="61.203226" lon="-149.946389">
				 <ele>8.1</ele>
			 </trkpt>
			 <trkpt lat="61.203309" lon="-149.94626">
				 <ele>8.2</ele>
			 </trkpt>
			 <trkpt lat="61.203833" lon="-149.94574">
				 <ele>8.1</ele>
			 </trkpt>
			 <trkpt lat="61.203941" lon="-149.945516">
				 <ele>7.9</ele>
			 </trkpt>
			 <trkpt lat="61.203988" lon="-149.945358">
				 <ele>7.5</ele>
			 </trkpt>
			 <trkpt lat="61.204027" lon="-149.945225">
				 <ele>7.4</ele>
			 </trkpt>
			 <trkpt lat="61.20423" lon="-149.944032">
				 <ele>7</ele>
			 </trkpt>
			 <trkpt lat="61.204337" lon="-149.943568">
				 <ele>6.5</ele>
			 </trkpt>
			 <trkpt lat="61.204498" lon="-149.942118">
				 <ele>6.6</ele>
			 </trkpt>
			 <trkpt lat="61.204697" lon="-149.941328">
				 <ele>6.7</ele>
			 </trkpt>
			 <trkpt lat="61.204841" lon="-149.940573">
				 <ele>6.7</ele>
			 </trkpt>
			 <trkpt lat="61.204878" lon="-149.940033">
				 <ele>6.9</ele>
			 </trkpt>
			 <trkpt lat="61.204895" lon="-149.939946">
				 <ele>6.9</ele>
			 </trkpt>
			 <trkpt lat="61.205006" lon="-149.93964">
				 <ele>7.2</ele>
			 </trkpt>
			 <trkpt lat="61.205106" lon="-149.93937">
				 <ele>7.4</ele>
			 </trkpt>
			 <trkpt lat="61.205165" lon="-149.939123">
				 <ele>7.5</ele>
			 </trkpt>
			 <trkpt lat="61.205181" lon="-149.938997">
				 <ele>7.4</ele>
			 </trkpt>
			 <trkpt lat="61.205271" lon="-149.938389">
				 <ele>7.3</ele>
			 </trkpt>
			 <trkpt lat="61.205356" lon="-149.938125">
				 <ele>7.4</ele>
			 </trkpt>
			 <trkpt lat="61.205477" lon="-149.937868">
				 <ele>7.4</ele>
			 </trkpt>
			 <trkpt lat="61.205563" lon="-149.937694">
				 <ele>7.4</ele>
			 </trkpt>
			 <trkpt lat="61.205594" lon="-149.937586">
				 <ele>7.2</ele>
			 </trkpt>
			 <trkpt lat="61.205666" lon="-149.937264">
				 <ele>6.7</ele>
			 </trkpt>
			 <trkpt lat="61.20588" lon="-149.93541">
				 <ele>6.4</ele>
			 </trkpt>
			 <trkpt lat="61.2059" lon="-149.93496">
				 <ele>5.7</ele>
			 </trkpt>
			 <trkpt lat="61.20588" lon="-149.93456">
				 <ele>5.3</ele>
			 </trkpt>
			 <trkpt lat="61.20586" lon="-149.93373">
				 <ele>4.9</ele>
			 </trkpt>
			 <trkpt lat="61.20584" lon="-149.93356">
				 <ele>4.5</ele>
			 </trkpt>
			 <trkpt lat="61.2058" lon="-149.93348">
				 <ele>4.4</ele>
			 </trkpt>
			 <trkpt lat="61.20569" lon="-149.93335">
				 <ele>4.1</ele>
			 </trkpt>
			 <trkpt lat="61.20561" lon="-149.93316">
				 <ele>3.8</ele>
			 </trkpt>
			 <trkpt lat="61.20561" lon="-149.93304">
				 <ele>3.5</ele>
			 </trkpt>
			 <trkpt lat="61.205624" lon="-149.932941">
				 <ele>3.5</ele>
			 </trkpt>
			 <trkpt lat="61.205714" lon="-149.932376">
				 <ele>3.5</ele>
			 </trkpt>
			 <trkpt lat="61.205747" lon="-149.932211">
				 <ele>3.6</ele>
			 </trkpt>
			 <trkpt lat="61.20579" lon="-149.93205">
				 <ele>3.7</ele>
			 </trkpt>
			 <trkpt lat="61.205834" lon="-149.93193">
				 <ele>3.6</ele>
			 </trkpt>
			 <trkpt lat="61.205889" lon="-149.93182">
				 <ele>3.5</ele>
			 </trkpt>
			 <trkpt lat="61.205957" lon="-149.931734">
				 <ele>3.5</ele>
			 </trkpt>
			 <trkpt lat="61.206125" lon="-149.931617">
				 <ele>3.4</ele>
			 </trkpt>
			 <trkpt lat="61.206181" lon="-149.931535">
				 <ele>3.4</ele>
			 </trkpt>
			 <trkpt lat="61.206211" lon="-149.931456">
				 <ele>3.5</ele>
			 </trkpt>
			 <trkpt lat="61.20623" lon="-149.931336">
				 <ele>3.5</ele>
			 </trkpt>
			 <trkpt lat="61.206245" lon="-149.931183">
				 <ele>3.5</ele>
			 </trkpt>
			 <trkpt lat="61.206258" lon="-149.930963">
				 <ele>3.6</ele>
			 </trkpt>
			 <trkpt lat="61.206265" lon="-149.930549">
				 <ele>3.9</ele>
			 </trkpt>
			 <trkpt lat="61.206282" lon="-149.930338">
				 <ele>4.3</ele>
			 </trkpt>
			 <trkpt lat="61.206316" lon="-149.930145">
				 <ele>4.6</ele>
			 </trkpt>
			 <trkpt lat="61.206424" lon="-149.92955">
				 <ele>5</ele>
			 </trkpt>
			 <trkpt lat="61.206469" lon="-149.929304">
				 <ele>5.4</ele>
			 </trkpt>
			 <trkpt lat="61.206643" lon="-149.928323">
				 <ele>5.7</ele>
			 </trkpt>
			 <trkpt lat="61.206659" lon="-149.928234">
				 <ele>5.8</ele>
			 </trkpt>
			 <trkpt lat="61.206668" lon="-149.928062">
				 <ele>5.8</ele>
			 </trkpt>
			 <trkpt lat="61.206665" lon="-149.927912">
				 <ele>6.2</ele>
			 </trkpt>
			 <trkpt lat="61.206643" lon="-149.927773">
				 <ele>6.5</ele>
			 </trkpt>
			 <trkpt lat="61.206598" lon="-149.927597">
				 <ele>6.8</ele>
			 </trkpt>
			 <trkpt lat="61.206483" lon="-149.927266">
				 <ele>6.8</ele>
			 </trkpt>
			 <trkpt lat="61.206421" lon="-149.927065">
				 <ele>6.7</ele>
			 </trkpt>
			 <trkpt lat="61.206342" lon="-149.92673">
				 <ele>6.6</ele>
			 </trkpt>
			 <trkpt lat="61.206192" lon="-149.925928">
				 <ele>6.5</ele>
			 </trkpt>
			 <trkpt lat="61.206188" lon="-149.925747">
				 <ele>6.2</ele>
			 </trkpt>
			 <trkpt lat="61.206196" lon="-149.924887">
				 <ele>5.9</ele>
			 </trkpt>
			 <trkpt lat="61.2062" lon="-149.924766">
				 <ele>5.7</ele>
			 </trkpt>
			 <trkpt lat="61.206215" lon="-149.92462">
				 <ele>5.5</ele>
			 </trkpt>
			 <trkpt lat="61.206246" lon="-149.924487">
				 <ele>4.7</ele>
			 </trkpt>
			 <trkpt lat="61.206282" lon="-149.924384">
				 <ele>4.2</ele>
			 </trkpt>
			 <trkpt lat="61.206328" lon="-149.924282">
				 <ele>3.7</ele>
			 </trkpt>
			 <trkpt lat="61.206382" lon="-149.924217">
				 <ele>3.5</ele>
			 </trkpt>
			 <trkpt lat="61.206441" lon="-149.924195">
				 <ele>3.2</ele>
			 </trkpt>
			 <trkpt lat="61.206895" lon="-149.924211">
				 <ele>2.9</ele>
			 </trkpt>
			 <trkpt lat="61.207604" lon="-149.924194">
				 <ele>2.7</ele>
			 </trkpt>
			 <trkpt lat="61.207757" lon="-149.924182">
				 <ele>2.7</ele>
			 </trkpt>
			 <trkpt lat="61.207853" lon="-149.924175">
				 <ele>2.6</ele>
			 </trkpt>
			 <trkpt lat="61.207922" lon="-149.924159">
				 <ele>2.7</ele>
			 </trkpt>
			 <trkpt lat="61.207977" lon="-149.924119">
				 <ele>2.9</ele>
			 </trkpt>
			 <trkpt lat="61.208087" lon="-149.923997">
				 <ele>3.2</ele>
			 </trkpt>
			 <trkpt lat="61.208333" lon="-149.923642">
				 <ele>3.4</ele>
			 </trkpt>
			 <trkpt lat="61.208503" lon="-149.92332">
				 <ele>3.5</ele>
			 </trkpt>
			 <trkpt lat="61.208577" lon="-149.922915">
				 <ele>3.6</ele>
			 </trkpt>
			 <trkpt lat="61.208598" lon="-149.922735">
				 <ele>3.7</ele>
			 </trkpt>
			 <trkpt lat="61.208613" lon="-149.92249">
				 <ele>3.8</ele>
			 </trkpt>
			 <trkpt lat="61.208599" lon="-149.922372">
				 <ele>3.9</ele>
			 </trkpt>
			 <trkpt lat="61.20857" lon="-149.922214">
				 <ele>3.9</ele>
			 </trkpt>
			 <trkpt lat="61.208533" lon="-149.922065">
				 <ele>4</ele>
			 </trkpt>
			 <trkpt lat="61.208463" lon="-149.921856">
				 <ele>4</ele>
			 </trkpt>
			 <trkpt lat="61.208382" lon="-149.921667">
				 <ele>4</ele>
			 </trkpt>
			 <trkpt lat="61.208163" lon="-149.921185">
				 <ele>4</ele>
			 </trkpt>
			 <trkpt lat="61.208022" lon="-149.920823">
				 <ele>4</ele>
			 </trkpt>
			 <trkpt lat="61.207972" lon="-149.920715">
				 <ele>4</ele>
			 </trkpt>
			 <trkpt lat="61.207754" lon="-149.920415">
				 <ele>4.1</ele>
			 </trkpt>
			 <trkpt lat="61.207683" lon="-149.92021">
				 <ele>4.2</ele>
			 </trkpt>
			 <trkpt lat="61.207665" lon="-149.920147">
				 <ele>4.3</ele>
			 </trkpt>
			 <trkpt lat="61.207641" lon="-149.920017">
				 <ele>4.4</ele>
			 </trkpt>
			 <trkpt lat="61.207635" lon="-149.919822">
				 <ele>4.5</ele>
			 </trkpt>
			 <trkpt lat="61.207637" lon="-149.919414">
				 <ele>4.5</ele>
			 </trkpt>
			 <trkpt lat="61.207623" lon="-149.919287">
				 <ele>4.5</ele>
			 </trkpt>
			 <trkpt lat="61.207609" lon="-149.919168">
				 <ele>4.5</ele>
			 </trkpt>
			 <trkpt lat="61.207589" lon="-149.919083">
				 <ele>4.5</ele>
			 </trkpt>
			 <trkpt lat="61.207531" lon="-149.918912">
				 <ele>4.5</ele>
			 </trkpt>
			 <trkpt lat="61.207453" lon="-149.918739">
				 <ele>4.6</ele>
			 </trkpt>
			 <trkpt lat="61.207401" lon="-149.918622">
				 <ele>4.6</ele>
			 </trkpt>
			 <trkpt lat="61.207377" lon="-149.918529">
				 <ele>4.6</ele>
			 </trkpt>
			 <trkpt lat="61.207368" lon="-149.918442">
				 <ele>4.6</ele>
			 </trkpt>
			 <trkpt lat="61.20737" lon="-149.918293">
				 <ele>4.6</ele>
			 </trkpt>
			 <trkpt lat="61.20741" lon="-149.918093">
				 <ele>4.6</ele>
			 </trkpt>
			 <trkpt lat="61.207362" lon="-149.917961">
				 <ele>4.7</ele>
			 </trkpt>
			 <trkpt lat="61.207322" lon="-149.917772">
				 <ele>4.8</ele>
			 </trkpt>
			 <trkpt lat="61.20728" lon="-149.917441">
				 <ele>4.9</ele>
			 </trkpt>
			 <trkpt lat="61.207266" lon="-149.917284">
				 <ele>5</ele>
			 </trkpt>
			 <trkpt lat="61.207223" lon="-149.917005">
				 <ele>5</ele>
			 </trkpt>
			 <trkpt lat="61.207189" lon="-149.916724">
				 <ele>5</ele>
			 </trkpt>
			 <trkpt lat="61.207154" lon="-149.916568">
				 <ele>5</ele>
			 </trkpt>
			 <trkpt lat="61.207068" lon="-149.916298">
				 <ele>5</ele>
			 </trkpt>
			 <trkpt lat="61.207049" lon="-149.916199">
				 <ele>4.9</ele>
			 </trkpt>
			 <trkpt lat="61.20695" lon="-149.916192">
				 <ele>4.8</ele>
			 </trkpt>
			 <trkpt lat="61.206882" lon="-149.916134">
				 <ele>4.7</ele>
			 </trkpt>
			 <trkpt lat="61.206833" lon="-149.916076">
				 <ele>4.6</ele>
			 </trkpt>
			 <trkpt lat="61.206749" lon="-149.915914">
				 <ele>4.5</ele>
			 </trkpt>
			 <trkpt lat="61.206614" lon="-149.915557">
				 <ele>4.5</ele>
			 </trkpt>
			 <trkpt lat="61.206044" lon="-149.913885">
				 <ele>4.4</ele>
			 </trkpt>
			 <trkpt lat="61.205887" lon="-149.913511">
				 <ele>4.3</ele>
			 </trkpt>
			 <trkpt lat="61.205827" lon="-149.91325">
				 <ele>4.2</ele>
			 </trkpt>
			 <trkpt lat="61.205798" lon="-149.91303">
				 <ele>4.1</ele>
			 </trkpt>
			 <trkpt lat="61.205813" lon="-149.912918">
				 <ele>4</ele>
			 </trkpt>
			 <trkpt lat="61.205814" lon="-149.91272">
				 <ele>4</ele>
			 </trkpt>
			 <trkpt lat="61.205817" lon="-149.912224">
				 <ele>4</ele>
			 </trkpt>
			 <trkpt lat="61.205801" lon="-149.911852">
				 <ele>4</ele>
			 </trkpt>
			 <trkpt lat="61.205755" lon="-149.911167">
				 <ele>4</ele>
			 </trkpt>
			 <trkpt lat="61.205758" lon="-149.910964">
				 <ele>4.2</ele>
			 </trkpt>
			 <trkpt lat="61.205787" lon="-149.910693">
				 <ele>4.5</ele>
			 </trkpt>
			 <trkpt lat="61.205827" lon="-149.910438">
				 <ele>4.7</ele>
			 </trkpt>
			 <trkpt lat="61.205866" lon="-149.910266">
				 <ele>5</ele>
			 </trkpt>
			 <trkpt lat="61.205908" lon="-149.910078">
				 <ele>5.3</ele>
			 </trkpt>
			 <trkpt lat="61.206051" lon="-149.909288">
				 <ele>5.5</ele>
			 </trkpt>
			 <trkpt lat="61.206126" lon="-149.908549">
				 <ele>5.6</ele>
			 </trkpt>
			 <trkpt lat="61.20619" lon="-149.908423">
				 <ele>5.8</ele>
			 </trkpt>
			 <trkpt lat="61.2061" lon="-149.908193">
				 <ele>6</ele>
			 </trkpt>
			 <trkpt lat="61.205969" lon="-149.907882">
				 <ele>6.2</ele>
			 </trkpt>
			 <trkpt lat="61.205917" lon="-149.907747">
				 <ele>6.5</ele>
			 </trkpt>
			 <trkpt lat="61.205892" lon="-149.907653">
				 <ele>6.5</ele>
			 </trkpt>
			 <trkpt lat="61.205883" lon="-149.907522">
				 <ele>6.5</ele>
			 </trkpt>
			 <trkpt lat="61.205896" lon="-149.907249">
				 <ele>6.5</ele>
			 </trkpt>
			 <trkpt lat="61.205901" lon="-149.906959">
				 <ele>6.5</ele>
			 </trkpt>
			 <trkpt lat="61.205868" lon="-149.906476">
				 <ele>6.5</ele>
			 </trkpt>
			 <trkpt lat="61.205858" lon="-149.906383">
				 <ele>6.6</ele>
			 </trkpt>
			 <trkpt lat="61.205788" lon="-149.905693">
				 <ele>6.7</ele>
			 </trkpt>
			 <trkpt lat="61.20578" lon="-149.9055">
				 <ele>6.8</ele>
			 </trkpt>
			 <trkpt lat="61.205796" lon="-149.905167">
				 <ele>6.9</ele>
			 </trkpt>
			 <trkpt lat="61.205796" lon="-149.905039">
				 <ele>6.9</ele>
			 </trkpt>
			 <trkpt lat="61.205796" lon="-149.904974">
				 <ele>6.7</ele>
			 </trkpt>
			 <trkpt lat="61.20577" lon="-149.904867">
				 <ele>6.5</ele>
			 </trkpt>
			 <trkpt lat="61.205728" lon="-149.904792">
				 <ele>6.2</ele>
			 </trkpt>
			 <trkpt lat="61.205663" lon="-149.904777">
				 <ele>6</ele>
			 </trkpt>
			 <trkpt lat="61.205449" lon="-149.90492">
				 <ele>5.8</ele>
			 </trkpt>
			 <trkpt lat="61.205271" lon="-149.905097">
				 <ele>5.6</ele>
			 </trkpt>
			 <trkpt lat="61.205193" lon="-149.905156">
				 <ele>5.5</ele>
			 </trkpt>
			 <trkpt lat="61.205116" lon="-149.905162">
				 <ele>5.2</ele>
			 </trkpt>
			 <trkpt lat="61.205054" lon="-149.90513">
				 <ele>4.9</ele>
			 </trkpt>
			 <trkpt lat="61.205005" lon="-149.905089">
				 <ele>4.5</ele>
			 </trkpt>
			 <trkpt lat="61.204956" lon="-149.904931">
				 <ele>4.3</ele>
			 </trkpt>
			 <trkpt lat="61.204873" lon="-149.904615">
				 <ele>4.1</ele>
			 </trkpt>
			 <trkpt lat="61.204834" lon="-149.904454">
				 <ele>4</ele>
			 </trkpt>
			 <trkpt lat="61.204819" lon="-149.904389">
				 <ele>3.9</ele>
			 </trkpt>
			 <trkpt lat="61.204798" lon="-149.904239">
				 <ele>4</ele>
			 </trkpt>
			 <trkpt lat="61.204792" lon="-149.904103">
				 <ele>4.2</ele>
			 </trkpt>
			 <trkpt lat="61.204783" lon="-149.903418">
				 <ele>4.5</ele>
			 </trkpt>
			 <trkpt lat="61.20479" lon="-149.90315">
				 <ele>4.9</ele>
			 </trkpt>
			 <trkpt lat="61.204816" lon="-149.902946">
				 <ele>5.4</ele>
			 </trkpt>
			 <trkpt lat="61.204868" lon="-149.902683">
				 <ele>5.8</ele>
			 </trkpt>
			 <trkpt lat="61.20492" lon="-149.902217">
				 <ele>6.3</ele>
			 </trkpt>
			 <trkpt lat="61.204961" lon="-149.901584">
				 <ele>6.6</ele>
			 </trkpt>
			 <trkpt lat="61.204974" lon="-149.901149">
				 <ele>7</ele>
			 </trkpt>
			 <trkpt lat="61.204997" lon="-149.900784">
				 <ele>7.5</ele>
			 </trkpt>
			 <trkpt lat="61.205006" lon="-149.900694">
				 <ele>7.8</ele>
			 </trkpt>
			 <trkpt lat="61.205017" lon="-149.90058">
				 <ele>7.9</ele>
			 </trkpt>
			 <trkpt lat="61.205119" lon="-149.899669">
				 <ele>7.8</ele>
			 </trkpt>
			 <trkpt lat="61.205155" lon="-149.899327">
				 <ele>7.5</ele>
			 </trkpt>
			 <trkpt lat="61.20517" lon="-149.899175">
				 <ele>7.3</ele>
			 </trkpt>
			 <trkpt lat="61.205183" lon="-149.898939">
				 <ele>7</ele>
			 </trkpt>
			 <trkpt lat="61.205186" lon="-149.89873">
				 <ele>6.7</ele>
			 </trkpt>
			 <trkpt lat="61.205168" lon="-149.898478">
				 <ele>6.5</ele>
			 </trkpt>
			 <trkpt lat="61.205131" lon="-149.898236">
				 <ele>6.5</ele>
			 </trkpt>
			 <trkpt lat="61.205082" lon="-149.897947">
				 <ele>6.5</ele>
			 </trkpt>
			 <trkpt lat="61.205027" lon="-149.897719">
				 <ele>6.5</ele>
			 </trkpt>
			 <trkpt lat="61.205" lon="-149.897609">
				 <ele>6.6</ele>
			 </trkpt>
			 <trkpt lat="61.204834" lon="-149.896961">
				 <ele>6.8</ele>
			 </trkpt>
			 <trkpt lat="61.204573" lon="-149.895908">
				 <ele>7.1</ele>
			 </trkpt>
			 <trkpt lat="61.204297" lon="-149.894894">
				 <ele>7.4</ele>
			 </trkpt>
			 <trkpt lat="61.204199" lon="-149.894344">
				 <ele>7.6</ele>
			 </trkpt>
			 <trkpt lat="61.204098" lon="-149.893579">
				 <ele>7.9</ele>
			 </trkpt>
			 <trkpt lat="61.203989" lon="-149.892893">
				 <ele>8.2</ele>
			 </trkpt>
			 <trkpt lat="61.203852" lon="-149.892587">
				 <ele>8.4</ele>
			 </trkpt>
			 <trkpt lat="61.203821" lon="-149.892453">
				 <ele>8.5</ele>
			 </trkpt>
			 <trkpt lat="61.203806" lon="-149.89226">
				 <ele>8.5</ele>
			 </trkpt>
			 <trkpt lat="61.2038" lon="-149.892045">
				 <ele>8.5</ele>
			 </trkpt>
			 <trkpt lat="61.203793" lon="-149.891621">
				 <ele>8.5</ele>
			 </trkpt>
			 <trkpt lat="61.203775" lon="-149.891085">
				 <ele>8.5</ele>
			 </trkpt>
			 <trkpt lat="61.203728" lon="-149.890629">
				 <ele>8.4</ele>
			 </trkpt>
			 <trkpt lat="61.203594" lon="-149.889658">
				 <ele>8.3</ele>
			 </trkpt>
			 <trkpt lat="61.203581" lon="-149.889511">
				 <ele>8.2</ele>
			 </trkpt>
			 <trkpt lat="61.20356" lon="-149.889266">
				 <ele>8.1</ele>
			 </trkpt>
			 <trkpt lat="61.20355" lon="-149.888837">
				 <ele>8.1</ele>
			 </trkpt>
			 <trkpt lat="61.203553" lon="-149.888727">
				 <ele>8.3</ele>
			 </trkpt>
			 <trkpt lat="61.203559" lon="-149.888515">
				 <ele>8.5</ele>
			 </trkpt>
			 <trkpt lat="61.203563" lon="-149.888403">
				 <ele>8.7</ele>
			 </trkpt>
			 <trkpt lat="61.203555" lon="-149.888272">
				 <ele>9</ele>
			 </trkpt>
			 <trkpt lat="61.203547" lon="-149.888124">
				 <ele>9.3</ele>
			 </trkpt>
			 <trkpt lat="61.203529" lon="-149.887925">
				 <ele>9.5</ele>
			 </trkpt>
			 <trkpt lat="61.203519" lon="-149.887657">
				 <ele>9.8</ele>
			 </trkpt>
			 <trkpt lat="61.203526" lon="-149.887288">
				 <ele>10.1</ele>
			 </trkpt>
			 <trkpt lat="61.20354" lon="-149.886807">
				 <ele>10.4</ele>
			 </trkpt>
			 <trkpt lat="61.203555" lon="-149.886622">
				 <ele>10.6</ele>
			 </trkpt>
			 <trkpt lat="61.203555" lon="-149.886445">
				 <ele>10.8</ele>
			 </trkpt>
			 <trkpt lat="61.203498" lon="-149.886305">
				 <ele>10.9</ele>
			 </trkpt>
			 <trkpt lat="61.203307" lon="-149.885951">
				 <ele>11</ele>
			 </trkpt>
			 <trkpt lat="61.203253" lon="-149.885838">
				 <ele>11</ele>
			 </trkpt>
			 <trkpt lat="61.203242" lon="-149.885651">
				 <ele>11</ele>
			 </trkpt>
			 <trkpt lat="61.20325" lon="-149.885452">
				 <ele>11</ele>
			 </trkpt>
			 <trkpt lat="61.203309" lon="-149.88439">
				 <ele>11</ele>
			 </trkpt>
			 <trkpt lat="61.203335" lon="-149.883821">
				 <ele>11</ele>
			 </trkpt>
			 <trkpt lat="61.203346" lon="-149.883532">
				 <ele>11</ele>
			 </trkpt>
			 <trkpt lat="61.20334" lon="-149.883285">
				 <ele>11</ele>
			 </trkpt>
			 <trkpt lat="61.203309" lon="-149.883076">
				 <ele>11</ele>
			 </trkpt>
			 <trkpt lat="61.20329" lon="-149.883015">
				 <ele>11</ele>
			 </trkpt>
			 <trkpt lat="61.203263" lon="-149.882925">
				 <ele>11</ele>
			 </trkpt>
			 <trkpt lat="61.203103" lon="-149.882555">
				 <ele>11.1</ele>
			 </trkpt>
			 <trkpt lat="61.203033" lon="-149.882355">
				 <ele>11.2</ele>
			 </trkpt>
			 <trkpt lat="61.203" lon="-149.882231">
				 <ele>11.3</ele>
			 </trkpt>
			 <trkpt lat="61.202909" lon="-149.881896">
				 <ele>11.4</ele>
			 </trkpt>
			 <trkpt lat="61.202795" lon="-149.88152">
				 <ele>11.5</ele>
			 </trkpt>
			 <trkpt lat="61.202702" lon="-149.881252">
				 <ele>11.5</ele>
			 </trkpt>
			 <trkpt lat="61.202658" lon="-149.881037">
				 <ele>11.6</ele>
			 </trkpt>
			 <trkpt lat="61.202642" lon="-149.880823">
				 <ele>11.7</ele>
			 </trkpt>
			 <trkpt lat="61.202701" lon="-149.880527">
				 <ele>11.8</ele>
			 </trkpt>
			 <trkpt lat="61.202781" lon="-149.879872">
				 <ele>11.9</ele>
			 </trkpt>
			 <trkpt lat="61.202808" lon="-149.879297">
				 <ele>12</ele>
			 </trkpt>
			 <trkpt lat="61.202795" lon="-149.879096">
				 <ele>12</ele>
			 </trkpt>
			 <trkpt lat="61.20282" lon="-149.879052">
				 <ele>12</ele>
			 </trkpt>
			 <trkpt lat="61.20271" lon="-149.8787">
				 <ele>12.1</ele>
			 </trkpt>
			 <trkpt lat="61.20263" lon="-149.87854">
				 <ele>12.3</ele>
			 </trkpt>
			 <trkpt lat="61.20252" lon="-149.87841">
				 <ele>12.5</ele>
			 </trkpt>
			 <trkpt lat="61.20229" lon="-149.87809">
				 <ele>12.6</ele>
			 </trkpt>
			 <trkpt lat="61.20218" lon="-149.87784">
				 <ele>12.8</ele>
			 </trkpt>
			 <trkpt lat="61.20207" lon="-149.87741">
				 <ele>13</ele>
			 </trkpt>
			 <trkpt lat="61.20202" lon="-149.87719">
				 <ele>13.2</ele>
			 </trkpt>
			 <trkpt lat="61.20201" lon="-149.87694">
				 <ele>13.4</ele>
			 </trkpt>
			 <trkpt lat="61.20201" lon="-149.8766">
				 <ele>13.5</ele>
			 </trkpt>
			 <trkpt lat="61.20204" lon="-149.87627">
				 <ele>13.7</ele>
			 </trkpt>
			 <trkpt lat="61.20212" lon="-149.87598">
				 <ele>13.9</ele>
			 </trkpt>
			 <trkpt lat="61.202323" lon="-149.875804">
				 <ele>14</ele>
			 </trkpt>
			 <trkpt lat="61.202701" lon="-149.875328">
				 <ele>14</ele>
			 </trkpt>
			 <trkpt lat="61.202781" lon="-149.875042">
				 <ele>14</ele>
			 </trkpt>
			 <trkpt lat="61.202802" lon="-149.874798">
				 <ele>14</ele>
			 </trkpt>
			 <trkpt lat="61.202811" lon="-149.874701">
				 <ele>14</ele>
			 </trkpt>
			 <trkpt lat="61.202793" lon="-149.874505">
				 <ele>14</ele>
			 </trkpt>
			 <trkpt lat="61.202705" lon="-149.87402">
				 <ele>14</ele>
			 </trkpt>
			 <trkpt lat="61.202681" lon="-149.873766">
				 <ele>14</ele>
			 </trkpt>
			 <trkpt lat="61.202664" lon="-149.873031">
				 <ele>14</ele>
			 </trkpt>
			 <trkpt lat="61.202658" lon="-149.872669">
				 <ele>14</ele>
			 </trkpt>
			 <trkpt lat="61.202617" lon="-149.872449">
				 <ele>14</ele>
			 </trkpt>
			 <trkpt lat="61.202576" lon="-149.872333">
				 <ele>14</ele>
			 </trkpt>
			 <trkpt lat="61.20254" lon="-149.872277">
				 <ele>14</ele>
			 </trkpt>
			 <trkpt lat="61.202493" lon="-149.872202">
				 <ele>14.1</ele>
			 </trkpt>
			 <trkpt lat="61.202427" lon="-149.872149">
				 <ele>14.3</ele>
			 </trkpt>
			 <trkpt lat="61.202321" lon="-149.872116">
				 <ele>14.4</ele>
			 </trkpt>
			 <trkpt lat="61.202135" lon="-149.872121">
				 <ele>14.5</ele>
			 </trkpt>
			 <trkpt lat="61.201982" lon="-149.87212">
				 <ele>14.5</ele>
			 </trkpt>
			 <trkpt lat="61.201902" lon="-149.872059">
				 <ele>14.6</ele>
			 </trkpt>
			 <trkpt lat="61.20184" lon="-149.871985">
				 <ele>14.6</ele>
			 </trkpt>
			 <trkpt lat="61.201787" lon="-149.871881">
				 <ele>14.8</ele>
			 </trkpt>
			 <trkpt lat="61.201739" lon="-149.871675">
				 <ele>15.3</ele>
			 </trkpt>
			 <trkpt lat="61.201726" lon="-149.871422">
				 <ele>15.7</ele>
			 </trkpt>
			 <trkpt lat="61.201719" lon="-149.871266">
				 <ele>16.2</ele>
			 </trkpt>
			 <trkpt lat="61.201754" lon="-149.870803">
				 <ele>16.5</ele>
			 </trkpt>
			 <trkpt lat="61.201755" lon="-149.869875">
				 <ele>16.8</ele>
			 </trkpt>
			 <trkpt lat="61.201771" lon="-149.869418">
				 <ele>17.2</ele>
			 </trkpt>
			 <trkpt lat="61.201662" lon="-149.868995">
				 <ele>17.5</ele>
			 </trkpt>
			 <trkpt lat="61.201636" lon="-149.868851">
				 <ele>17.7</ele>
			 </trkpt>
			 <trkpt lat="61.201649" lon="-149.868648">
				 <ele>18</ele>
			 </trkpt>
			 <trkpt lat="61.201626" lon="-149.868458">
				 <ele>18.4</ele>
			 </trkpt>
			 <trkpt lat="61.201615" lon="-149.867605">
				 <ele>18.5</ele>
			 </trkpt>
			 <trkpt lat="61.201661" lon="-149.867111">
				 <ele>18.5</ele>
			 </trkpt>
			 <trkpt lat="61.201659" lon="-149.866906">
				 <ele>18.4</ele>
			 </trkpt>
			 <trkpt lat="61.20164" lon="-149.866746">
				 <ele>18.3</ele>
			 </trkpt>
			 <trkpt lat="61.201644" lon="-149.866643">
				 <ele>18.2</ele>
			 </trkpt>
			 <trkpt lat="61.201547" lon="-149.866465">
				 <ele>18</ele>
			 </trkpt>
			 <trkpt lat="61.201462" lon="-149.866312">
				 <ele>17.9</ele>
			 </trkpt>
			 <trkpt lat="61.201349" lon="-149.866106">
				 <ele>18</ele>
			 </trkpt>
			 <trkpt lat="61.201294" lon="-149.865984">
				 <ele>18.1</ele>
			 </trkpt>
			 <trkpt lat="61.201247" lon="-149.86544">
				 <ele>18.2</ele>
			 </trkpt>
			 <trkpt lat="61.201015" lon="-149.863385">
				 <ele>18.3</ele>
			 </trkpt>
			 <trkpt lat="61.200959" lon="-149.862631">
				 <ele>18.3</ele>
			 </trkpt>
			 <trkpt lat="61.200956" lon="-149.861418">
				 <ele>18.2</ele>
			 </trkpt>
			 <trkpt lat="61.200973" lon="-149.861089">
				 <ele>18.1</ele>
			 </trkpt>
			 <trkpt lat="61.200988" lon="-149.860796">
				 <ele>18.2</ele>
			 </trkpt>
			 <trkpt lat="61.200998" lon="-149.860608">
				 <ele>18.3</ele>
			 </trkpt>
			 <trkpt lat="61.200995" lon="-149.860124">
				 <ele>18.6</ele>
			 </trkpt>
			 <trkpt lat="61.200921" lon="-149.859229">
				 <ele>19.1</ele>
			 </trkpt>
			 <trkpt lat="61.200854" lon="-149.858693">
				 <ele>19.1</ele>
			 </trkpt>
			 <trkpt lat="61.200665" lon="-149.857651">
				 <ele>19.2</ele>
			 </trkpt>
			 <trkpt lat="61.20065" lon="-149.857469">
				 <ele>19.5</ele>
			 </trkpt>
			 <trkpt lat="61.200658" lon="-149.856875">
				 <ele>19.7</ele>
			 </trkpt>
			 <trkpt lat="61.200724" lon="-149.856387">
				 <ele>20.1</ele>
			 </trkpt>
			 <trkpt lat="61.200972" lon="-149.854576">
				 <ele>20.5</ele>
			 </trkpt>
			 <trkpt lat="61.201066" lon="-149.853673">
				 <ele>20.8</ele>
			 </trkpt>
			 <trkpt lat="61.201123" lon="-149.852606">
				 <ele>21.3</ele>
			 </trkpt>
			 <trkpt lat="61.201123" lon="-149.850834">
				 <ele>21.6</ele>
			 </trkpt>
			 <trkpt lat="61.201144" lon="-149.849979">
				 <ele>21.8</ele>
			 </trkpt>
			 <trkpt lat="61.201123" lon="-149.849421">
				 <ele>21.8</ele>
			 </trkpt>
			 <trkpt lat="61.201092" lon="-149.84855">
				 <ele>22.2</ele>
			 </trkpt>
			 <trkpt lat="61.200863" lon="-149.846192">
				 <ele>22.5</ele>
			 </trkpt>
			 <trkpt lat="61.200792" lon="-149.845813">
				 <ele>22.7</ele>
			 </trkpt>
			 <trkpt lat="61.200656" lon="-149.845375">
				 <ele>23</ele>
			 </trkpt>
			 <trkpt lat="61.200563" lon="-149.845015">
				 <ele>23.3</ele>
			 </trkpt>
			 <trkpt lat="61.200509" lon="-149.844723">
				 <ele>23.6</ele>
			 </trkpt>
			 <trkpt lat="61.200422" lon="-149.844086">
				 <ele>23.9</ele>
			 </trkpt>
			 <trkpt lat="61.200396" lon="-149.843799">
				 <ele>23.9</ele>
			 </trkpt>
			 <trkpt lat="61.200314" lon="-149.842957">
				 <ele>24</ele>
			 </trkpt>
			 <trkpt lat="61.200319" lon="-149.842662">
				 <ele>24.1</ele>
			 </trkpt>
			 <trkpt lat="61.200355" lon="-149.842574">
				 <ele>24.2</ele>
			 </trkpt>
			 <trkpt lat="61.200437" lon="-149.84238">
				 <ele>24.4</ele>
			 </trkpt>
			 <trkpt lat="61.200511" lon="-149.842302">
				 <ele>24.5</ele>
			 </trkpt>
			 <trkpt lat="61.200577" lon="-149.842115">
				 <ele>24.5</ele>
			 </trkpt>
			 <trkpt lat="61.200605" lon="-149.841939">
				 <ele>24.6</ele>
			 </trkpt>
			 <trkpt lat="61.200695" lon="-149.841282">
				 <ele>24.7</ele>
			 </trkpt>
			 <trkpt lat="61.200707" lon="-149.841097">
				 <ele>24.9</ele>
			 </trkpt>
			 <trkpt lat="61.200704" lon="-149.840953">
				 <ele>25.2</ele>
			 </trkpt>
			 <trkpt lat="61.2007" lon="-149.840801">
				 <ele>25.5</ele>
			 </trkpt>
			 <trkpt lat="61.200608" lon="-149.839534">
				 <ele>25.9</ele>
			 </trkpt>
			 <trkpt lat="61.200643" lon="-149.839134">
				 <ele>26.4</ele>
			 </trkpt>
			 <trkpt lat="61.200747" lon="-149.838649">
				 <ele>26.9</ele>
			 </trkpt>
			 <trkpt lat="61.200754" lon="-149.838493">
				 <ele>27.5</ele>
			 </trkpt>
			 <trkpt lat="61.200762" lon="-149.838337">
				 <ele>27.8</ele>
			 </trkpt>
			 <trkpt lat="61.200769" lon="-149.838185">
				 <ele>28</ele>
			 </trkpt>
			 <trkpt lat="61.200776" lon="-149.83783">
				 <ele>28.1</ele>
			 </trkpt>
			 <trkpt lat="61.200843" lon="-149.836666">
				 <ele>28.3</ele>
			 </trkpt>
			 <trkpt lat="61.200879" lon="-149.835934">
				 <ele>28.4</ele>
			 </trkpt>
			 <trkpt lat="61.200896" lon="-149.835591">
				 <ele>28.5</ele>
			 </trkpt>
			 <trkpt lat="61.200898" lon="-149.834864">
				 <ele>28.5</ele>
			 </trkpt>
			 <trkpt lat="61.200866" lon="-149.834499">
				 <ele>28.4</ele>
			 </trkpt>
			 <trkpt lat="61.2008" lon="-149.834194">
				 <ele>28.2</ele>
			 </trkpt>
			 <trkpt lat="61.200747" lon="-149.834044">
				 <ele>27.9</ele>
			 </trkpt>
			 <trkpt lat="61.200612" lon="-149.833771">
				 <ele>27.5</ele>
			 </trkpt>
			 <trkpt lat="61.200069" lon="-149.832818">
				 <ele>27.4</ele>
			 </trkpt>
			 <trkpt lat="61.199882" lon="-149.832502">
				 <ele>27.5</ele>
			 </trkpt>
			 <trkpt lat="61.199848" lon="-149.832411">
				 <ele>27.6</ele>
			 </trkpt>
			 <trkpt lat="61.199768" lon="-149.831825">
				 <ele>27.8</ele>
			 </trkpt>
			 <trkpt lat="61.199738" lon="-149.831556">
				 <ele>28.1</ele>
			 </trkpt>
			 <trkpt lat="61.199728" lon="-149.83146">
				 <ele>28.4</ele>
			 </trkpt>
			 <trkpt lat="61.199665" lon="-149.830861">
				 <ele>28.9</ele>
			 </trkpt>
			 <trkpt lat="61.199546" lon="-149.829495">
				 <ele>29.5</ele>
			 </trkpt>
			 <trkpt lat="61.199517" lon="-149.829271">
				 <ele>30.2</ele>
			 </trkpt>
			 <trkpt lat="61.199299" lon="-149.828332">
				 <ele>30.8</ele>
			 </trkpt>
			 <trkpt lat="61.199196" lon="-149.827407">
				 <ele>31.5</ele>
			 </trkpt>
			 <trkpt lat="61.199177" lon="-149.827131">
				 <ele>32.3</ele>
			 </trkpt>
			 <trkpt lat="61.199178" lon="-149.827038">
				 <ele>32.9</ele>
			 </trkpt>
			 <trkpt lat="61.199182" lon="-149.826789">
				 <ele>33.5</ele>
			 </trkpt>
			 <trkpt lat="61.199185" lon="-149.826572">
				 <ele>33.9</ele>
			 </trkpt>
			 <trkpt lat="61.199236" lon="-149.825891">
				 <ele>34.3</ele>
			 </trkpt>
			 <trkpt lat="61.199267" lon="-149.825516">
				 <ele>34.6</ele>
			 </trkpt>
			 <trkpt lat="61.199301" lon="-149.825275">
				 <ele>34.7</ele>
			 </trkpt>
			 <trkpt lat="61.199334" lon="-149.825104">
				 <ele>34.8</ele>
			 </trkpt>
			 <trkpt lat="61.199366" lon="-149.825023">
				 <ele>34.8</ele>
			 </trkpt>
			 <trkpt lat="61.199447" lon="-149.824897">
				 <ele>34.8</ele>
			 </trkpt>
			 <trkpt lat="61.199645" lon="-149.824449">
				 <ele>34.7</ele>
			 </trkpt>
			 <trkpt lat="61.199669" lon="-149.82439">
				 <ele>34.6</ele>
			 </trkpt>
			 <trkpt lat="61.199701" lon="-149.824304">
				 <ele>34.5</ele>
			 </trkpt>
			 <trkpt lat="61.199735" lon="-149.824127">
				 <ele>34.6</ele>
			 </trkpt>
			 <trkpt lat="61.199783" lon="-149.823852">
				 <ele>34.7</ele>
			 </trkpt>
			 <trkpt lat="61.199765" lon="-149.823752">
				 <ele>34.9</ele>
			 </trkpt>
			 <trkpt lat="61.19975" lon="-149.823609">
				 <ele>35.1</ele>
			 </trkpt>
			 <trkpt lat="61.199717" lon="-149.823513">
				 <ele>35.3</ele>
			 </trkpt>
			 <trkpt lat="61.199663" lon="-149.823353">
				 <ele>35.7</ele>
			 </trkpt>
			 <trkpt lat="61.199504" lon="-149.823106">
				 <ele>36.3</ele>
			 </trkpt>
			 <trkpt lat="61.199175" lon="-149.822597">
				 <ele>36.8</ele>
			 </trkpt>
			 <trkpt lat="61.19913" lon="-149.822527">
				 <ele>37.5</ele>
			 </trkpt>
			 <trkpt lat="61.198818" lon="-149.82193">
				 <ele>38</ele>
			 </trkpt>
			 <trkpt lat="61.198387" lon="-149.821492">
				 <ele>38.6</ele>
			 </trkpt>
			 <trkpt lat="61.198356" lon="-149.821443">
				 <ele>39.1</ele>
			 </trkpt>
			 <trkpt lat="61.198161" lon="-149.821213">
				 <ele>39.5</ele>
			 </trkpt>
			 <trkpt lat="61.198123" lon="-149.82119">
				 <ele>39.9</ele>
			 </trkpt>
			 <trkpt lat="61.198147" lon="-149.821221">
				 <ele>40.3</ele>
			 </trkpt>
			 <trkpt lat="61.197792" lon="-149.821438">
				 <ele>40.7</ele>
			 </trkpt>
			 <trkpt lat="61.197446" lon="-149.82144">
				 <ele>40.9</ele>
			 </trkpt>
			 <trkpt lat="61.197206" lon="-149.821468">
				 <ele>41.1</ele>
			 </trkpt>
			 <trkpt lat="61.197027" lon="-149.821489">
				 <ele>41.3</ele>
			 </trkpt>
			 <trkpt lat="61.196871" lon="-149.821471">
				 <ele>41.4</ele>
			 </trkpt>
			 <trkpt lat="61.196862" lon="-149.819574">
				 <ele>41.5</ele>
			 </trkpt>
			 <trkpt lat="61.196712" lon="-149.818766">
				 <ele>41.6</ele>
			 </trkpt>
			 <trkpt lat="61.196693" lon="-149.818671">
				 <ele>41.8</ele>
			 </trkpt>
			 <trkpt lat="61.196536" lon="-149.818159">
				 <ele>42</ele>
			 </trkpt>
			 <trkpt lat="61.196514" lon="-149.818055">
				 <ele>42.2</ele>
			 </trkpt>
			 <trkpt lat="61.196498" lon="-149.817979">
				 <ele>42.4</ele>
			 </trkpt>
			 <trkpt lat="61.196498" lon="-149.817687">
				 <ele>42.5</ele>
			 </trkpt>
			 <trkpt lat="61.196565" lon="-149.817035">
				 <ele>42.5</ele>
			 </trkpt>
			 <trkpt lat="61.196543" lon="-149.816785">
				 <ele>42.6</ele>
			 </trkpt>
			 <trkpt lat="61.196549" lon="-149.816707">
				 <ele>42.7</ele>
			 </trkpt>
			 <trkpt lat="61.196579" lon="-149.816627">
				 <ele>42.8</ele>
			 </trkpt>
			 <trkpt lat="61.196623" lon="-149.816575">
				 <ele>42.9</ele>
			 </trkpt>
			 <trkpt lat="61.19674" lon="-149.816357">
				 <ele>43</ele>
			 </trkpt>
			 <trkpt lat="61.196808" lon="-149.816268">
				 <ele>43</ele>
			 </trkpt>
			 <trkpt lat="61.196874" lon="-149.816207">
				 <ele>43</ele>
			 </trkpt>
			 <trkpt lat="61.196939" lon="-149.816093">
				 <ele>43</ele>
			 </trkpt>
			 <trkpt lat="61.197008" lon="-149.815884">
				 <ele>43.1</ele>
			 </trkpt>
			 <trkpt lat="61.197068" lon="-149.81567">
				 <ele>43.2</ele>
			 </trkpt>
			 <trkpt lat="61.197076" lon="-149.815507">
				 <ele>43.3</ele>
			 </trkpt>
			 <trkpt lat="61.197043" lon="-149.815297">
				 <ele>43.4</ele>
			 </trkpt>
			 <trkpt lat="61.196923" lon="-149.814863">
				 <ele>43.5</ele>
			 </trkpt>
			 <trkpt lat="61.19668" lon="-149.814205">
				 <ele>43.5</ele>
			 </trkpt>
			 <trkpt lat="61.196577" lon="-149.814031">
				 <ele>43.7</ele>
			 </trkpt>
			 <trkpt lat="61.196479" lon="-149.813962">
				 <ele>43.9</ele>
			 </trkpt>
			 <trkpt lat="61.196222" lon="-149.813983">
				 <ele>44.1</ele>
			 </trkpt>
			 <trkpt lat="61.196124" lon="-149.813944">
				 <ele>44.3</ele>
			 </trkpt>
			 <trkpt lat="61.196053" lon="-149.813884">
				 <ele>44.5</ele>
			 </trkpt>
			 <trkpt lat="61.195912" lon="-149.81386">
				 <ele>44.7</ele>
			 </trkpt>
			 <trkpt lat="61.195871" lon="-149.813822">
				 <ele>44.9</ele>
			 </trkpt>
			 <trkpt lat="61.195839" lon="-149.813812">
				 <ele>45</ele>
			 </trkpt>
			 <trkpt lat="61.195554" lon="-149.814126">
				 <ele>45.1</ele>
			 </trkpt>
			 <trkpt lat="61.19548" lon="-149.814095">
				 <ele>45.3</ele>
			 </trkpt>
			 <trkpt lat="61.195439" lon="-149.814151">
				 <ele>45.5</ele>
			 </trkpt>
			 <trkpt lat="61.195354" lon="-149.814191">
				 <ele>45.5</ele>
			 </trkpt>
			 <trkpt lat="61.19533" lon="-149.814281">
				 <ele>45.5</ele>
			 </trkpt>
			 <trkpt lat="61.195249" lon="-149.814584">
				 <ele>45.5</ele>
			 </trkpt>
			 <trkpt lat="61.195195" lon="-149.814786">
				 <ele>45.5</ele>
			 </trkpt>
			 <trkpt lat="61.195157" lon="-149.814856">
				 <ele>45.6</ele>
			 </trkpt>
			 <trkpt lat="61.195097" lon="-149.814968">
				 <ele>45.7</ele>
			 </trkpt>
			 <trkpt lat="61.19503" lon="-149.815015">
				 <ele>45.8</ele>
			 </trkpt>
			 <trkpt lat="61.194788" lon="-149.815034">
				 <ele>45.9</ele>
			 </trkpt>
			 <trkpt lat="61.194639" lon="-149.814978">
				 <ele>46</ele>
			 </trkpt>
			 <trkpt lat="61.194374" lon="-149.814772">
				 <ele>46.1</ele>
			 </trkpt>
			 <trkpt lat="61.194304" lon="-149.814758">
				 <ele>46.2</ele>
			 </trkpt>
			 <trkpt lat="61.194002" lon="-149.814901">
				 <ele>46.4</ele>
			 </trkpt>
			 <trkpt lat="61.193894" lon="-149.814987">
				 <ele>46.5</ele>
			 </trkpt>
			 <trkpt lat="61.193746" lon="-149.815187">
				 <ele>46.8</ele>
			 </trkpt>
			 <trkpt lat="61.193475" lon="-149.815451">
				 <ele>47</ele>
			 </trkpt>
			 <trkpt lat="61.193369" lon="-149.815253">
				 <ele>47.1</ele>
			 </trkpt>
			 <trkpt lat="61.193321" lon="-149.81497">
				 <ele>47.2</ele>
			 </trkpt>
			 <trkpt lat="61.193268" lon="-149.814806">
				 <ele>47.3</ele>
			 </trkpt>
			 <trkpt lat="61.193202" lon="-149.814728">
				 <ele>47.5</ele>
			 </trkpt>
			 <trkpt lat="61.193089" lon="-149.814694">
				 <ele>47.6</ele>
			 </trkpt>
			 <trkpt lat="61.193035" lon="-149.814678">
				 <ele>47.7</ele>
			 </trkpt>
			 <trkpt lat="61.19289" lon="-149.814576">
				 <ele>47.8</ele>
			 </trkpt>
			 <trkpt lat="61.192844" lon="-149.814411">
				 <ele>47.9</ele>
			 </trkpt>
			 <trkpt lat="61.192783" lon="-149.814477">
				 <ele>48</ele>
			 </trkpt>
			 <trkpt lat="61.192636" lon="-149.814513">
				 <ele>48</ele>
			 </trkpt>
			 <trkpt lat="61.192482" lon="-149.81471">
				 <ele>47.9</ele>
			 </trkpt>
			 <trkpt lat="61.192346" lon="-149.814797">
				 <ele>47.8</ele>
			 </trkpt>
			 <trkpt lat="61.192213" lon="-149.81484">
				 <ele>47.7</ele>
			 </trkpt>
			 <trkpt lat="61.192119" lon="-149.814919">
				 <ele>47.6</ele>
			 </trkpt>
			 <trkpt lat="61.192071" lon="-149.815031">
				 <ele>47.5</ele>
			 </trkpt>
			 <trkpt lat="61.191943" lon="-149.815267">
				 <ele>47.5</ele>
			 </trkpt>
			 <trkpt lat="61.191838" lon="-149.815368">
				 <ele>47.4</ele>
			 </trkpt>
			 <trkpt lat="61.191797" lon="-149.815407">
				 <ele>47.3</ele>
			 </trkpt>
			 <trkpt lat="61.191759" lon="-149.815362">
				 <ele>47.2</ele>
			 </trkpt>
			 <trkpt lat="61.191716" lon="-149.815346">
				 <ele>47.1</ele>
			 </trkpt>
			 <trkpt lat="61.191673" lon="-149.815361">
				 <ele>47</ele>
			 </trkpt>
			 <trkpt lat="61.191635" lon="-149.815405">
				 <ele>47</ele>
			 </trkpt>
			 <trkpt lat="61.191607" lon="-149.815474">
				 <ele>47</ele>
			 </trkpt>
			 <trkpt lat="61.191462" lon="-149.815356">
				 <ele>46.9</ele>
			 </trkpt>
			 <trkpt lat="61.191249" lon="-149.815276">
				 <ele>46.8</ele>
			 </trkpt>
			 <trkpt lat="61.191149" lon="-149.81526">
				 <ele>46.7</ele>
			 </trkpt>
			 <trkpt lat="61.190953" lon="-149.815337">
				 <ele>46.6</ele>
			 </trkpt>
			 <trkpt lat="61.190725" lon="-149.81546">
				 <ele>46.5</ele>
			 </trkpt>
			 <trkpt lat="61.190353" lon="-149.815583">
				 <ele>46.5</ele>
			 </trkpt>
			 <trkpt lat="61.190257" lon="-149.815594">
				 <ele>46.5</ele>
			 </trkpt>
			 <trkpt lat="61.190127" lon="-149.815609">
				 <ele>46.6</ele>
			 </trkpt>
			 <trkpt lat="61.190108" lon="-149.815534">
				 <ele>46.8</ele>
			 </trkpt>
			 <trkpt lat="61.18997" lon="-149.815087">
				 <ele>47</ele>
			 </trkpt>
			 <trkpt lat="61.189929" lon="-149.814894">
				 <ele>47.2</ele>
			 </trkpt>
			 <trkpt lat="61.189903" lon="-149.81456">
				 <ele>47.5</ele>
			 </trkpt>
			 <trkpt lat="61.189752" lon="-149.814117">
				 <ele>47.8</ele>
			 </trkpt>
			 <trkpt lat="61.189594" lon="-149.813284">
				 <ele>48.2</ele>
			 </trkpt>
			 <trkpt lat="61.189608" lon="-149.813123">
				 <ele>48.6</ele>
			 </trkpt>
			 <trkpt lat="61.189665" lon="-149.812872">
				 <ele>49.2</ele>
			 </trkpt>
			 <trkpt lat="61.189726" lon="-149.812715">
				 <ele>49.6</ele>
			 </trkpt>
			 <trkpt lat="61.189704" lon="-149.812416">
				 <ele>50.1</ele>
			 </trkpt>
			 <trkpt lat="61.189633" lon="-149.812181">
				 <ele>50.5</ele>
			 </trkpt>
			 <trkpt lat="61.189495" lon="-149.811845">
				 <ele>50.9</ele>
			 </trkpt>
			 <trkpt lat="61.189394" lon="-149.811631">
				 <ele>51.3</ele>
			 </trkpt>
			 <trkpt lat="61.189302" lon="-149.811413">
				 <ele>51.7</ele>
			 </trkpt>
			 <trkpt lat="61.189213" lon="-149.81111">
				 <ele>52.3</ele>
			 </trkpt>
			 <trkpt lat="61.189152" lon="-149.811076">
				 <ele>52.7</ele>
			 </trkpt>
			 <trkpt lat="61.189112" lon="-149.81093">
				 <ele>53.1</ele>
			 </trkpt>
			 <trkpt lat="61.189075" lon="-149.810681">
				 <ele>53.3</ele>
			 </trkpt>
			 <trkpt lat="61.189077" lon="-149.810434">
				 <ele>53.4</ele>
			 </trkpt>
			 <trkpt lat="61.189063" lon="-149.810305">
				 <ele>53.4</ele>
			 </trkpt>
			 <trkpt lat="61.189029" lon="-149.81021">
				 <ele>53.2</ele>
			 </trkpt>
			 <trkpt lat="61.188717" lon="-149.810344">
				 <ele>52.9</ele>
			 </trkpt>
			 <trkpt lat="61.188268" lon="-149.810357">
				 <ele>52.6</ele>
			 </trkpt>
			 <trkpt lat="61.187956" lon="-149.810365">
				 <ele>52.3</ele>
			 </trkpt>
			 <trkpt lat="61.187507" lon="-149.810291">
				 <ele>51.8</ele>
			 </trkpt>
			 <trkpt lat="61.187059" lon="-149.810216">
				 <ele>51.3</ele>
			 </trkpt>
			 <trkpt lat="61.18702" lon="-149.81021">
				 <ele>50.7</ele>
			 </trkpt>
			 <trkpt lat="61.186778" lon="-149.81011">
				 <ele>50.3</ele>
			 </trkpt>
			 <trkpt lat="61.186597" lon="-149.809894">
				 <ele>49.9</ele>
			 </trkpt>
			 <trkpt lat="61.1865" lon="-149.809767">
				 <ele>49.5</ele>
			 </trkpt>
			 <trkpt lat="61.186421" lon="-149.809592">
				 <ele>49.3</ele>
			 </trkpt>
			 <trkpt lat="61.186337" lon="-149.809468">
				 <ele>49.2</ele>
			 </trkpt>
			 <trkpt lat="61.186279" lon="-149.809444">
				 <ele>49.1</ele>
			 </trkpt>
			 <trkpt lat="61.186205" lon="-149.809409">
				 <ele>49</ele>
			 </trkpt>
			 <trkpt lat="61.186178" lon="-149.809393">
				 <ele>49</ele>
			 </trkpt>
			 <trkpt lat="61.186096" lon="-149.809471">
				 <ele>49</ele>
			 </trkpt>
			 <trkpt lat="61.186032" lon="-149.809503">
				 <ele>48.9</ele>
			 </trkpt>
			 <trkpt lat="61.185988" lon="-149.809469">
				 <ele>48.8</ele>
			 </trkpt>
			 <trkpt lat="61.185865" lon="-149.809203">
				 <ele>48.7</ele>
			 </trkpt>
			 <trkpt lat="61.18573" lon="-149.809076">
				 <ele>48.6</ele>
			 </trkpt>
			 <trkpt lat="61.185646" lon="-149.809003">
				 <ele>48.5</ele>
			 </trkpt>
			 <trkpt lat="61.185321" lon="-149.808835">
				 <ele>48.5</ele>
			 </trkpt>
			 <trkpt lat="61.185053" lon="-149.808637">
				 <ele>48.5</ele>
			 </trkpt>
			 <trkpt lat="61.185095" lon="-149.808171">
				 <ele>48.5</ele>
			 </trkpt>
			 <trkpt lat="61.18512" lon="-149.807808">
				 <ele>48.5</ele>
			 </trkpt>
			 <trkpt lat="61.185151" lon="-149.807497">
				 <ele>48.5</ele>
			 </trkpt>
			 <trkpt lat="61.185099" lon="-149.807243">
				 <ele>48.5</ele>
			 </trkpt>
			 <trkpt lat="61.184947" lon="-149.806336">
				 <ele>48.5</ele>
			 </trkpt>
			 <trkpt lat="61.184904" lon="-149.806154">
				 <ele>48.6</ele>
			 </trkpt>
			 <trkpt lat="61.184797" lon="-149.8059">
				 <ele>48.7</ele>
			 </trkpt>
			 <trkpt lat="61.184563" lon="-149.805342">
				 <ele>48.8</ele>
			 </trkpt>
			 <trkpt lat="61.18437" lon="-149.80522">
				 <ele>48.9</ele>
			 </trkpt>
			 <trkpt lat="61.18421" lon="-149.80518">
				 <ele>49</ele>
			 </trkpt>
			 <trkpt lat="61.18378" lon="-149.80514">
				 <ele>49</ele>
			 </trkpt>
			 <trkpt lat="61.18356" lon="-149.80511">
				 <ele>49</ele>
			 </trkpt>
			 <trkpt lat="61.18347" lon="-149.80511">
				 <ele>48.9</ele>
			 </trkpt>
			 <trkpt lat="61.18337" lon="-149.80513">
				 <ele>48.8</ele>
			 </trkpt>
			 <trkpt lat="61.18326" lon="-149.80519">
				 <ele>48.7</ele>
			 </trkpt>
			 <trkpt lat="61.18314" lon="-149.8053">
				 <ele>48.6</ele>
			 </trkpt>
			 <trkpt lat="61.18301" lon="-149.80551">
				 <ele>48.5</ele>
			 </trkpt>
			 <trkpt lat="61.18275" lon="-149.80598">
				 <ele>48.5</ele>
			 </trkpt>
			 <trkpt lat="61.18266" lon="-149.8061">
				 <ele>48.4</ele>
			 </trkpt>
			 <trkpt lat="61.18256" lon="-149.8062">
				 <ele>48.3</ele>
			 </trkpt>
			 <trkpt lat="61.18244" lon="-149.80627">
				 <ele>48.2</ele>
			 </trkpt>
			 <trkpt lat="61.18232" lon="-149.8063">
				 <ele>48.1</ele>
			 </trkpt>
			 <trkpt lat="61.18227" lon="-149.80631">
				 <ele>48</ele>
			 </trkpt>
			 <trkpt lat="61.18211" lon="-149.80629">
				 <ele>48</ele>
			 </trkpt>
			 <trkpt lat="61.182" lon="-149.80628">
				 <ele>48</ele>
			 </trkpt>
			 <trkpt lat="61.18192" lon="-149.80631">
				 <ele>48.1</ele>
			 </trkpt>
			 <trkpt lat="61.18184" lon="-149.80638">
				 <ele>48.2</ele>
			 </trkpt>
			 <trkpt lat="61.18177" lon="-149.80649">
				 <ele>48.3</ele>
			 </trkpt>
			 <trkpt lat="61.18161" lon="-149.80693">
				 <ele>48.4</ele>
			 </trkpt>
			 <trkpt lat="61.18152" lon="-149.80725">
				 <ele>48.5</ele>
			 </trkpt>
			 <trkpt lat="61.18146" lon="-149.80739">
				 <ele>48.5</ele>
			 </trkpt>
			 <trkpt lat="61.18138" lon="-149.80749">
				 <ele>48.6</ele>
			 </trkpt>
			 <trkpt lat="61.18131" lon="-149.80756">
				 <ele>48.7</ele>
			 </trkpt>
			 <trkpt lat="61.18123" lon="-149.80761">
				 <ele>48.8</ele>
			 </trkpt>
			 <trkpt lat="61.18116" lon="-149.80763">
				 <ele>48.9</ele>
			 </trkpt>
			 <trkpt lat="61.18104" lon="-149.80763">
				 <ele>49</ele>
			 </trkpt>
			 <trkpt lat="61.18091" lon="-149.80761">
				 <ele>49</ele>
			 </trkpt>
			 <trkpt lat="61.18088" lon="-149.8076">
				 <ele>49</ele>
			 </trkpt>
			 <trkpt lat="61.18083" lon="-149.80754">
				 <ele>49</ele>
			 </trkpt>
			 <trkpt lat="61.18075" lon="-149.8074">
				 <ele>48.9</ele>
			 </trkpt>
			 <trkpt lat="61.18068" lon="-149.80715">
				 <ele>48.8</ele>
			 </trkpt>
			 <trkpt lat="61.18065" lon="-149.80682">
				 <ele>48.7</ele>
			 </trkpt>
			 <trkpt lat="61.18065" lon="-149.80626">
				 <ele>48.6</ele>
			 </trkpt>
			 <trkpt lat="61.18062" lon="-149.80572">
				 <ele>48.5</ele>
			 </trkpt>
			 <trkpt lat="61.18056" lon="-149.80528">
				 <ele>48.5</ele>
			 </trkpt>
			 <trkpt lat="61.18055" lon="-149.80494">
				 <ele>48.5</ele>
			 </trkpt>
			 <trkpt lat="61.18054" lon="-149.80446">
				 <ele>48.5</ele>
			 </trkpt>
			 <trkpt lat="61.18052" lon="-149.80419">
				 <ele>48.6</ele>
			 </trkpt>
			 <trkpt lat="61.1805" lon="-149.80404">
				 <ele>48.9</ele>
			 </trkpt>
			 <trkpt lat="61.18041" lon="-149.80369">
				 <ele>49.3</ele>
			 </trkpt>
			 <trkpt lat="61.1803" lon="-149.80309">
				 <ele>49.8</ele>
			 </trkpt>
			 <trkpt lat="61.18028" lon="-149.80276">
				 <ele>50.6</ele>
			 </trkpt>
			 <trkpt lat="61.18027" lon="-149.80147">
				 <ele>51.5</ele>
			 </trkpt>
			 <trkpt lat="61.18031" lon="-149.80074">
				 <ele>52.3</ele>
			 </trkpt>
			 <trkpt lat="61.18037" lon="-149.80016">
				 <ele>53.2</ele>
			 </trkpt>
			 <trkpt lat="61.18038" lon="-149.79942">
				 <ele>54.1</ele>
			 </trkpt>
			 <trkpt lat="61.18038" lon="-149.7976">
				 <ele>54.9</ele>
			 </trkpt>
			 <trkpt lat="61.18037" lon="-149.79738">
				 <ele>55.7</ele>
			 </trkpt>
			 <trkpt lat="61.18033" lon="-149.79717">
				 <ele>56.4</ele>
			 </trkpt>
			 <trkpt lat="61.180326" lon="-149.797088">
				 <ele>56.9</ele>
			 </trkpt>
			 <trkpt lat="61.180251" lon="-149.796901">
				 <ele>57.4</ele>
			 </trkpt>
			 <trkpt lat="61.180192" lon="-149.796788">
				 <ele>57.7</ele>
			 </trkpt>
			 <trkpt lat="61.180096" lon="-149.796708">
				 <ele>57.9</ele>
			 </trkpt>
			 <trkpt lat="61.179931" lon="-149.796754">
				 <ele>58.2</ele>
			 </trkpt>
			 <trkpt lat="61.17963" lon="-149.79687">
				 <ele>58.5</ele>
			 </trkpt>
			 <trkpt lat="61.179308" lon="-149.796882">
				 <ele>58.6</ele>
			 </trkpt>
			 <trkpt lat="61.179023" lon="-149.796746">
				 <ele>58.8</ele>
			 </trkpt>
			 <trkpt lat="61.178735" lon="-149.796546">
				 <ele>59</ele>
			 </trkpt>
			 <trkpt lat="61.17834" lon="-149.796063">
				 <ele>59.1</ele>
			 </trkpt>
			 <trkpt lat="61.178196" lon="-149.795996">
				 <ele>59.2</ele>
			 </trkpt>
			 <trkpt lat="61.177677" lon="-149.796202">
				 <ele>59.3</ele>
			 </trkpt>
			 <trkpt lat="61.177521" lon="-149.796136">
				 <ele>59.4</ele>
			 </trkpt>
			 <trkpt lat="61.177057" lon="-149.79618">
				 <ele>59.5</ele>
			 </trkpt>
			 <trkpt lat="61.175706" lon="-149.796755">
				 <ele>59.5</ele>
			 </trkpt>
			 <trkpt lat="61.175506" lon="-149.79686">
				 <ele>59.4</ele>
			 </trkpt>
			 <trkpt lat="61.175352" lon="-149.796914">
				 <ele>59.3</ele>
			 </trkpt>
			 <trkpt lat="61.175068" lon="-149.797014">
				 <ele>59.1</ele>
			 </trkpt>
			 <trkpt lat="61.174941" lon="-149.797079">
				 <ele>59.1</ele>
			 </trkpt>
			 <trkpt lat="61.174887" lon="-149.797066">
				 <ele>59.1</ele>
			 </trkpt>
			 <trkpt lat="61.174852" lon="-149.796997">
				 <ele>59.2</ele>
			 </trkpt>
			 <trkpt lat="61.174818" lon="-149.796901">
				 <ele>59.3</ele>
			 </trkpt>
			 <trkpt lat="61.17477" lon="-149.796646">
				 <ele>59.4</ele>
			 </trkpt>
			 <trkpt lat="61.174571" lon="-149.794856">
				 <ele>59.5</ele>
			 </trkpt>
			 <trkpt lat="61.174543" lon="-149.794724">
				 <ele>59.5</ele>
			 </trkpt>
			 <trkpt lat="61.174509" lon="-149.794649">
				 <ele>59.7</ele>
			 </trkpt>
			 <trkpt lat="61.174446" lon="-149.794602">
				 <ele>59.9</ele>
			 </trkpt>
			 <trkpt lat="61.174019" lon="-149.794694">
				 <ele>60.1</ele>
			 </trkpt>
			 <trkpt lat="61.17396" lon="-149.794692">
				 <ele>60.4</ele>
			 </trkpt>
			 <trkpt lat="61.173879" lon="-149.79469">
				 <ele>60.5</ele>
			 </trkpt>
			 <trkpt lat="61.173167" lon="-149.794668">
				 <ele>60.6</ele>
			 </trkpt>
			 <trkpt lat="61.172863" lon="-149.794638">
				 <ele>60.8</ele>
			 </trkpt>
			 <trkpt lat="61.172731" lon="-149.794539">
				 <ele>61</ele>
			 </trkpt>
			 <trkpt lat="61.172643" lon="-149.794332">
				 <ele>61.2</ele>
			 </trkpt>
			 <trkpt lat="61.172612" lon="-149.794201">
				 <ele>61.4</ele>
			 </trkpt>
			 <trkpt lat="61.172582" lon="-149.794065">
				 <ele>61.6</ele>
			 </trkpt>
			 <trkpt lat="61.172479" lon="-149.79338">
				 <ele>61.8</ele>
			 </trkpt>
			 <trkpt lat="61.172406" lon="-149.793025">
				 <ele>62</ele>
			 </trkpt>
			 <trkpt lat="61.172343" lon="-149.792802">
				 <ele>62.2</ele>
			 </trkpt>
			 <trkpt lat="61.172281" lon="-149.792584">
				 <ele>62.4</ele>
			 </trkpt>
			 <trkpt lat="61.172246" lon="-149.792335">
				 <ele>62.5</ele>
			 </trkpt>
			 <trkpt lat="61.172225" lon="-149.792006">
				 <ele>62.6</ele>
			 </trkpt>
			 <trkpt lat="61.172255" lon="-149.791588">
				 <ele>62.7</ele>
			 </trkpt>
			 <trkpt lat="61.17229" lon="-149.791399">
				 <ele>62.9</ele>
			 </trkpt>
			 <trkpt lat="61.172365" lon="-149.791148">
				 <ele>63.2</ele>
			 </trkpt>
			 <trkpt lat="61.172581" lon="-149.790732">
				 <ele>63.5</ele>
			 </trkpt>
			 <trkpt lat="61.172646" lon="-149.790535">
				 <ele>63.9</ele>
			 </trkpt>
			 <trkpt lat="61.172666" lon="-149.790396">
				 <ele>64.4</ele>
			 </trkpt>
			 <trkpt lat="61.172667" lon="-149.790249">
				 <ele>64.9</ele>
			 </trkpt>
			 <trkpt lat="61.172556" lon="-149.789512">
				 <ele>65.5</ele>
			 </trkpt>
			 <trkpt lat="61.172543" lon="-149.789255">
				 <ele>66.5</ele>
			 </trkpt>
			 <trkpt lat="61.17255" lon="-149.788773">
				 <ele>67.5</ele>
			 </trkpt>
			 <trkpt lat="61.172606" lon="-149.788157">
				 <ele>68.9</ele>
			 </trkpt>
			 <trkpt lat="61.172627" lon="-149.787715">
				 <ele>70.4</ele>
			 </trkpt>
			 <trkpt lat="61.172592" lon="-149.786775">
				 <ele>71.7</ele>
			 </trkpt>
			 <trkpt lat="61.172453" lon="-149.785669">
				 <ele>73</ele>
			 </trkpt>
			 <trkpt lat="61.172473" lon="-149.785178">
				 <ele>74.3</ele>
			 </trkpt>
			 <trkpt lat="61.172511" lon="-149.784236">
				 <ele>75.5</ele>
			 </trkpt>
			 <trkpt lat="61.172508" lon="-149.78394">
				 <ele>76.5</ele>
			 </trkpt>
			 <trkpt lat="61.172463" lon="-149.783643">
				 <ele>77.5</ele>
			 </trkpt>
			 <trkpt lat="61.172353" lon="-149.783379">
				 <ele>78.3</ele>
			 </trkpt>
			 <trkpt lat="61.172172" lon="-149.783142">
				 <ele>78.8</ele>
			 </trkpt>
			 <trkpt lat="61.17202" lon="-149.782941">
				 <ele>79.2</ele>
			 </trkpt>
			 <trkpt lat="61.171669" lon="-149.782576">
				 <ele>79.2</ele>
			 </trkpt>
			 <trkpt lat="61.171506" lon="-149.782344">
				 <ele>79.1</ele>
			 </trkpt>
			 <trkpt lat="61.171302" lon="-149.781954">
				 <ele>79</ele>
			 </trkpt>
			 <trkpt lat="61.171216" lon="-149.781835">
				 <ele>78.9</ele>
			 </trkpt>
			 <trkpt lat="61.171139" lon="-149.781816">
				 <ele>78.6</ele>
			 </trkpt>
			 <trkpt lat="61.171069" lon="-149.781848">
				 <ele>78.2</ele>
			 </trkpt>
			 <trkpt lat="61.170987" lon="-149.781907">
				 <ele>77.8</ele>
			 </trkpt>
			 <trkpt lat="61.170823" lon="-149.782027">
				 <ele>77.1</ele>
			 </trkpt>
			 <trkpt lat="61.170726" lon="-149.782061">
				 <ele>76.5</ele>
			 </trkpt>
			 <trkpt lat="61.170416" lon="-149.782033">
				 <ele>75.7</ele>
			 </trkpt>
			 <trkpt lat="61.169945" lon="-149.782132">
				 <ele>74.9</ele>
			 </trkpt>
			 <trkpt lat="61.169614" lon="-149.782296">
				 <ele>74.2</ele>
			 </trkpt>
			 <trkpt lat="61.168923" lon="-149.78271">
				 <ele>73.5</ele>
			 </trkpt>
			 <trkpt lat="61.168575" lon="-149.78294">
				 <ele>72.7</ele>
			 </trkpt>
			 <trkpt lat="61.168454" lon="-149.783164">
				 <ele>72</ele>
			 </trkpt>
			 <trkpt lat="61.16838" lon="-149.783423">
				 <ele>71.4</ele>
			 </trkpt>
			 <trkpt lat="61.168341" lon="-149.784036">
				 <ele>70.9</ele>
			 </trkpt>
			 <trkpt lat="61.168271" lon="-149.784504">
				 <ele>70.5</ele>
			 </trkpt>
			 <trkpt lat="61.168171" lon="-149.784806">
				 <ele>70.4</ele>
			 </trkpt>
			 <trkpt lat="61.168087" lon="-149.784916">
				 <ele>70.3</ele>
			 </trkpt>
			 <trkpt lat="61.167996" lon="-149.784952">
				 <ele>70.3</ele>
			 </trkpt>
			 <trkpt lat="61.1678" lon="-149.784913">
				 <ele>70.4</ele>
			 </trkpt>
			 <trkpt lat="61.167333" lon="-149.785089">
				 <ele>70.5</ele>
			 </trkpt>
			 <trkpt lat="61.167199" lon="-149.785107">
				 <ele>70.5</ele>
			 </trkpt>
			 <trkpt lat="61.16692" lon="-149.785094">
				 <ele>70.6</ele>
			 </trkpt>
			 <trkpt lat="61.166832" lon="-149.78506">
				 <ele>70.7</ele>
			 </trkpt>
			 <trkpt lat="61.166758" lon="-149.784963">
				 <ele>70.8</ele>
			 </trkpt>
			 <trkpt lat="61.166722" lon="-149.784843">
				 <ele>70.9</ele>
			 </trkpt>
			 <trkpt lat="61.166706" lon="-149.784576">
				 <ele>71</ele>
			 </trkpt>
			 <trkpt lat="61.166787" lon="-149.7839">
				 <ele>71</ele>
			 </trkpt>
			 <trkpt lat="61.166775" lon="-149.78372">
				 <ele>71.3</ele>
			 </trkpt>
			 <trkpt lat="61.166691" lon="-149.783213">
				 <ele>71.5</ele>
			 </trkpt>
			 <trkpt lat="61.166596" lon="-149.782634">
				 <ele>72.1</ele>
			 </trkpt>
			 <trkpt lat="61.166419" lon="-149.782024">
				 <ele>72.7</ele>
			 </trkpt>
			 <trkpt lat="61.166409" lon="-149.781817">
				 <ele>73.4</ele>
			 </trkpt>
			 <trkpt lat="61.166411" lon="-149.77982">
				 <ele>74.2</ele>
			 </trkpt>
			 <trkpt lat="61.16639" lon="-149.77966">
				 <ele>75</ele>
			 </trkpt>
			 <trkpt lat="61.166183" lon="-149.778696">
				 <ele>75.8</ele>
			 </trkpt>
			 <trkpt lat="61.165921" lon="-149.777156">
				 <ele>76.7</ele>
			 </trkpt>
			 <trkpt lat="61.165873" lon="-149.777024">
				 <ele>77.6</ele>
			 </trkpt>
			 <trkpt lat="61.165389" lon="-149.775355">
				 <ele>78.5</ele>
			 </trkpt>
			 <trkpt lat="61.165284" lon="-149.774906">
				 <ele>79.3</ele>
			 </trkpt>
			 <trkpt lat="61.16509" lon="-149.774197">
				 <ele>80</ele>
			 </trkpt>
			 <trkpt lat="61.164808" lon="-149.773268">
				 <ele>80.5</ele>
			 </trkpt>
			 <trkpt lat="61.164707" lon="-149.772863">
				 <ele>81</ele>
			 </trkpt>
			 <trkpt lat="61.16471" lon="-149.77264">
				 <ele>81.5</ele>
			 </trkpt>
			 <trkpt lat="61.16485" lon="-149.77177">
				 <ele>82</ele>
			 </trkpt>
			 <trkpt lat="61.16498" lon="-149.77114">
				 <ele>82.5</ele>
			 </trkpt>
			 <trkpt lat="61.16502" lon="-149.77069">
				 <ele>83.2</ele>
			 </trkpt>
			 <trkpt lat="61.16509" lon="-149.76977">
				 <ele>83.8</ele>
			 </trkpt>
			 <trkpt lat="61.16513" lon="-149.769">
				 <ele>84.5</ele>
			 </trkpt>
			 <trkpt lat="61.16514" lon="-149.7686">
				 <ele>85</ele>
			 </trkpt>
			 <trkpt lat="61.16511" lon="-149.76821">
				 <ele>85.5</ele>
			 </trkpt>
			 <trkpt lat="61.16503" lon="-149.76784">
				 <ele>86.1</ele>
			 </trkpt>
			 <trkpt lat="61.16498" lon="-149.76769">
				 <ele>86.5</ele>
			 </trkpt>
			 <trkpt lat="61.1653" lon="-149.76708">
				 <ele>86.8</ele>
			 </trkpt>
			 <trkpt lat="61.16555" lon="-149.76664">
				 <ele>87.1</ele>
			 </trkpt>
			 <trkpt lat="61.16573" lon="-149.76615">
				 <ele>87.2</ele>
			 </trkpt>
			 <trkpt lat="61.16585" lon="-149.7657">
				 <ele>87.3</ele>
			 </trkpt>
			 <trkpt lat="61.16593" lon="-149.7657">
				 <ele>87.3</ele>
			 </trkpt>
			 <trkpt lat="61.16606" lon="-149.7655">
				 <ele>87.1</ele>
			 </trkpt>
			 <trkpt lat="61.16619" lon="-149.76524">
				 <ele>86.9</ele>
			 </trkpt>
			 <trkpt lat="61.16629" lon="-149.76501">
				 <ele>86.7</ele>
			 </trkpt>
			 <trkpt lat="61.16641" lon="-149.76466">
				 <ele>86.4</ele>
			 </trkpt>
			 <trkpt lat="61.1665" lon="-149.76433">
				 <ele>86.1</ele>
			 </trkpt>
			 <trkpt lat="61.166687" lon="-149.764451">
				 <ele>86.1</ele>
			 </trkpt>
			 <trkpt lat="61.166968" lon="-149.764526">
				 <ele>86.3</ele>
			 </trkpt>
			 <trkpt lat="61.167585" lon="-149.764495">
				 <ele>86.4</ele>
			 </trkpt>
			 <trkpt lat="61.167773" lon="-149.764486">
				 <ele>86.5</ele>
			 </trkpt>
			 <trkpt lat="61.168788" lon="-149.764485">
				 <ele>86.5</ele>
			 </trkpt>
			 <trkpt lat="61.168997" lon="-149.764546">
				 <ele>86.5</ele>
			 </trkpt>
			 <trkpt lat="61.169215" lon="-149.764683">
				 <ele>86.7</ele>
			 </trkpt>
			 <trkpt lat="61.169357" lon="-149.764828">
				 <ele>86.9</ele>
			 </trkpt>
			 <trkpt lat="61.169803" lon="-149.765518">
				 <ele>87.3</ele>
			 </trkpt>
			 <trkpt lat="61.170003" lon="-149.765881">
				 <ele>87.9</ele>
			 </trkpt>
			 <trkpt lat="61.1702" lon="-149.766127">
				 <ele>88.5</ele>
			 </trkpt>
			 <trkpt lat="61.170414" lon="-149.766285">
				 <ele>89.1</ele>
			 </trkpt>
			 <trkpt lat="61.170636" lon="-149.766387">
				 <ele>89.7</ele>
			 </trkpt>
			 <trkpt lat="61.171076" lon="-149.766559">
				 <ele>90.3</ele>
			 </trkpt>
			 <trkpt lat="61.171533" lon="-149.766658">
				 <ele>91.2</ele>
			 </trkpt>
			 <trkpt lat="61.172069" lon="-149.76657">
				 <ele>92</ele>
			 </trkpt>
			 <trkpt lat="61.1723" lon="-149.766466">
				 <ele>92.2</ele>
			 </trkpt>
			 <trkpt lat="61.172542" lon="-149.766306">
				 <ele>92.1</ele>
			 </trkpt>
			 <trkpt lat="61.173389" lon="-149.765578">
				 <ele>92.2</ele>
			 </trkpt>
			 <trkpt lat="61.173714" lon="-149.765425">
				 <ele>92.2</ele>
			 </trkpt>
			 <trkpt lat="61.173933" lon="-149.765364">
				 <ele>92.1</ele>
			 </trkpt>
			 <trkpt lat="61.174796" lon="-149.765022">
				 <ele>92</ele>
			 </trkpt>
			 <trkpt lat="61.175019" lon="-149.764914">
				 <ele>91.7</ele>
			 </trkpt>
			 <trkpt lat="61.175228" lon="-149.764774">
				 <ele>91.2</ele>
			 </trkpt>
			 <trkpt lat="61.175534" lon="-149.764491">
				 <ele>90.9</ele>
			 </trkpt>
			 <trkpt lat="61.176587" lon="-149.763217">
				 <ele>90.3</ele>
			 </trkpt>
			 <trkpt lat="61.176626" lon="-149.763171">
				 <ele>89.7</ele>
			 </trkpt>
			 <trkpt lat="61.177113" lon="-149.762809">
				 <ele>89.6</ele>
			 </trkpt>
			 <trkpt lat="61.177399" lon="-149.762664">
				 <ele>89.5</ele>
			 </trkpt>
			 <trkpt lat="61.17762" lon="-149.762597">
				 <ele>89.1</ele>
			 </trkpt>
			 <trkpt lat="61.178043" lon="-149.7626">
				 <ele>88.4</ele>
			 </trkpt>
			 <trkpt lat="61.178103" lon="-149.762602">
				 <ele>87.5</ele>
			 </trkpt>
			 <trkpt lat="61.178585" lon="-149.762814">
				 <ele>86.5</ele>
			 </trkpt>
			 <trkpt lat="61.179048" lon="-149.763054">
				 <ele>85.5</ele>
			 </trkpt>
			 <trkpt lat="61.1794" lon="-149.763237">
				 <ele>84.5</ele>
			 </trkpt>
			 <trkpt lat="61.179622" lon="-149.763362">
				 <ele>83.3</ele>
			 </trkpt>
			 <trkpt lat="61.179922" lon="-149.763474">
				 <ele>82.2</ele>
			 </trkpt>
			 <trkpt lat="61.180191" lon="-149.763495">
				 <ele>80.6</ele>
			 </trkpt>
			 <trkpt lat="61.180664" lon="-149.763457">
				 <ele>78.9</ele>
			 </trkpt>
			 <trkpt lat="61.180641" lon="-149.763685">
				 <ele>77.3</ele>
			 </trkpt>
			 <trkpt lat="61.180577" lon="-149.76431">
				 <ele>75.9</ele>
			 </trkpt>
			 <trkpt lat="61.180579" lon="-149.764491">
				 <ele>74.9</ele>
			 </trkpt>
			 <trkpt lat="61.180604" lon="-149.766737">
				 <ele>74</ele>
			 </trkpt>
			 <trkpt lat="61.180581" lon="-149.7694">
				 <ele>73.1</ele>
			 </trkpt>
			 <trkpt lat="61.18056" lon="-149.770051">
				 <ele>72.3</ele>
			 </trkpt>
			 <trkpt lat="61.180588" lon="-149.770624">
				 <ele>71.5</ele>
			 </trkpt>
			 <trkpt lat="61.180601" lon="-149.772663">
				 <ele>70.9</ele>
			 </trkpt>
			 <trkpt lat="61.180628" lon="-149.773332">
				 <ele>70.4</ele>
			 </trkpt>
			 <trkpt lat="61.180599" lon="-149.774102">
				 <ele>70.4</ele>
			 </trkpt>
			 <trkpt lat="61.180602" lon="-149.775181">
				 <ele>70.7</ele>
			 </trkpt>
			 <trkpt lat="61.180633" lon="-149.775808">
				 <ele>71.1</ele>
			 </trkpt>
			 <trkpt lat="61.180598" lon="-149.776272">
				 <ele>71.5</ele>
			 </trkpt>
			 <trkpt lat="61.180596" lon="-149.77654">
				 <ele>71.7</ele>
			 </trkpt>
			 <trkpt lat="61.180621" lon="-149.777946">
				 <ele>72</ele>
			 </trkpt>
			 <trkpt lat="61.180589" lon="-149.778019">
				 <ele>72.3</ele>
			 </trkpt>
			 <trkpt lat="61.180147" lon="-149.778048">
				 <ele>72.5</ele>
			 </trkpt>
			 <trkpt lat="61.179811" lon="-149.778097">
				 <ele>72.5</ele>
			 </trkpt>
			 <trkpt lat="61.179558" lon="-149.778182">
				 <ele>72.5</ele>
			 </trkpt>
			 <trkpt lat="61.179343" lon="-149.778352">
				 <ele>72.3</ele>
			 </trkpt>
			 <trkpt lat="61.179111" lon="-149.778699">
				 <ele>72</ele>
			 </trkpt>
			 <trkpt lat="61.178932" lon="-149.779143">
				 <ele>71.7</ele>
			 </trkpt>
			 <trkpt lat="61.178852" lon="-149.779449">
				 <ele>71.5</ele>
			 </trkpt>
			 <trkpt lat="61.178743" lon="-149.780015">
				 <ele>71</ele>
			 </trkpt>
			 <trkpt lat="61.178483" lon="-149.782585">
				 <ele>70.3</ele>
			 </trkpt>
			 <trkpt lat="61.178418" lon="-149.782825">
				 <ele>69.5</ele>
			 </trkpt>
			 <trkpt lat="61.178224" lon="-149.784899">
				 <ele>68.5</ele>
			 </trkpt>
			 <trkpt lat="61.178186" lon="-149.785756">
				 <ele>67.6</ele>
			 </trkpt>
			 <trkpt lat="61.17791" lon="-149.788269">
				 <ele>66.8</ele>
			 </trkpt>
			 <trkpt lat="61.177647" lon="-149.79093">
				 <ele>66</ele>
			 </trkpt>
			 <trkpt lat="61.177582" lon="-149.792063">
				 <ele>65.1</ele>
			 </trkpt>
			 <trkpt lat="61.177569" lon="-149.793131">
				 <ele>64.2</ele>
			 </trkpt>
			 <trkpt lat="61.177537" lon="-149.793612">
				 <ele>63.3</ele>
			 </trkpt>
			 <trkpt lat="61.177514" lon="-149.793975">
				 <ele>62.3</ele>
			 </trkpt>
			 <trkpt lat="61.17747" lon="-149.79476">
				 <ele>61.4</ele>
			 </trkpt>
			 <trkpt lat="61.177677" lon="-149.796202">
				 <ele>60.7</ele>
			 </trkpt>
			 <trkpt lat="61.178196" lon="-149.795996">
				 <ele>60.2</ele>
			 </trkpt>
			 <trkpt lat="61.17834" lon="-149.796063">
				 <ele>59.7</ele>
			 </trkpt>
			 <trkpt lat="61.178735" lon="-149.796546">
				 <ele>59.4</ele>
			 </trkpt>
			 <trkpt lat="61.179023" lon="-149.796746">
				 <ele>59</ele>
			 </trkpt>
			 <trkpt lat="61.179308" lon="-149.796882">
				 <ele>58.6</ele>
			 </trkpt>
			 <trkpt lat="61.17963" lon="-149.79687">
				 <ele>58.5</ele>
			 </trkpt>
			 <trkpt lat="61.179931" lon="-149.796754">
				 <ele>58.2</ele>
			 </trkpt>
			 <trkpt lat="61.180096" lon="-149.796708">
				 <ele>57.9</ele>
			 </trkpt>
			 <trkpt lat="61.180192" lon="-149.796788">
				 <ele>57.6</ele>
			 </trkpt>
			 <trkpt lat="61.180251" lon="-149.796901">
				 <ele>57.2</ele>
			 </trkpt>
			 <trkpt lat="61.180326" lon="-149.797088">
				 <ele>56.7</ele>
			 </trkpt>
			 <trkpt lat="61.180337" lon="-149.797165">
				 <ele>56.2</ele>
			 </trkpt>
			 <trkpt lat="61.18037" lon="-149.79738">
				 <ele>55.5</ele>
			 </trkpt>
			 <trkpt lat="61.18038" lon="-149.79792">
				 <ele>54.7</ele>
			 </trkpt>
			 <trkpt lat="61.18038" lon="-149.79966">
				 <ele>53.9</ele>
			 </trkpt>
			 <trkpt lat="61.18037" lon="-149.80016">
				 <ele>53</ele>
			 </trkpt>
			 <trkpt lat="61.18031" lon="-149.80074">
				 <ele>52.1</ele>
			 </trkpt>
			 <trkpt lat="61.18027" lon="-149.80147">
				 <ele>51.3</ele>
			 </trkpt>
			 <trkpt lat="61.18028" lon="-149.80276">
				 <ele>50.5</ele>
			 </trkpt>
			 <trkpt lat="61.1803" lon="-149.80312">
				 <ele>49.7</ele>
			 </trkpt>
			 <trkpt lat="61.18037" lon="-149.80353">
				 <ele>49.4</ele>
			 </trkpt>
			 <trkpt lat="61.18045" lon="-149.80381">
				 <ele>49</ele>
			 </trkpt>
			 <trkpt lat="61.18051" lon="-149.80412">
				 <ele>48.7</ele>
			 </trkpt>
			 <trkpt lat="61.18054" lon="-149.80438">
				 <ele>48.5</ele>
			 </trkpt>
			 <trkpt lat="61.18055" lon="-149.80513">
				 <ele>48.5</ele>
			 </trkpt>
			 <trkpt lat="61.18064" lon="-149.80592">
				 <ele>48.5</ele>
			 </trkpt>
			 <trkpt lat="61.18065" lon="-149.80654">
				 <ele>48.6</ele>
			 </trkpt>
			 <trkpt lat="61.18066" lon="-149.80696">
				 <ele>48.7</ele>
			 </trkpt>
			 <trkpt lat="61.18072" lon="-149.80731">
				 <ele>48.8</ele>
			 </trkpt>
			 <trkpt lat="61.18075" lon="-149.80741">
				 <ele>48.9</ele>
			 </trkpt>
			 <trkpt lat="61.18085" lon="-149.80756">
				 <ele>49</ele>
			 </trkpt>
			 <trkpt lat="61.18089" lon="-149.8076">
				 <ele>49</ele>
			 </trkpt>
			 <trkpt lat="61.18097" lon="-149.80763">
				 <ele>48.9</ele>
			 </trkpt>
			 <trkpt lat="61.18108" lon="-149.80763">
				 <ele>48.8</ele>
			 </trkpt>
			 <trkpt lat="61.1812" lon="-149.80762">
				 <ele>48.7</ele>
			 </trkpt>
			 <trkpt lat="61.18127" lon="-149.80759">
				 <ele>48.6</ele>
			 </trkpt>
			 <trkpt lat="61.18141" lon="-149.80745">
				 <ele>48.5</ele>
			 </trkpt>
			 <trkpt lat="61.18153" lon="-149.80723">
				 <ele>48.5</ele>
			 </trkpt>
			 <trkpt lat="61.18166" lon="-149.80678">
				 <ele>48.4</ele>
			 </trkpt>
			 <trkpt lat="61.18173" lon="-149.80657">
				 <ele>48.3</ele>
			 </trkpt>
			 <trkpt lat="61.1818" lon="-149.80643">
				 <ele>48.2</ele>
			 </trkpt>
			 <trkpt lat="61.18187" lon="-149.80634">
				 <ele>48.1</ele>
			 </trkpt>
			 <trkpt lat="61.18196" lon="-149.80629">
				 <ele>48</ele>
			 </trkpt>
			 <trkpt lat="61.18204" lon="-149.80628">
				 <ele>48</ele>
			 </trkpt>
			 <trkpt lat="61.18219" lon="-149.8063">
				 <ele>48.1</ele>
			 </trkpt>
			 <trkpt lat="61.18239" lon="-149.80629">
				 <ele>48.2</ele>
			 </trkpt>
			 <trkpt lat="61.18249" lon="-149.80625">
				 <ele>48.3</ele>
			 </trkpt>
			 <trkpt lat="61.18262" lon="-149.80615">
				 <ele>48.4</ele>
			 </trkpt>
			 <trkpt lat="61.1828" lon="-149.80589">
				 <ele>48.5</ele>
			 </trkpt>
			 <trkpt lat="61.18306" lon="-149.80542">
				 <ele>48.5</ele>
			 </trkpt>
			 <trkpt lat="61.18321" lon="-149.80524">
				 <ele>48.6</ele>
			 </trkpt>
			 <trkpt lat="61.18337" lon="-149.80513">
				 <ele>48.7</ele>
			 </trkpt>
			 <trkpt lat="61.18356" lon="-149.80511">
				 <ele>48.8</ele>
			 </trkpt>
			 <trkpt lat="61.18405" lon="-149.80516">
				 <ele>49</ele>
			 </trkpt>
			 <trkpt lat="61.18425" lon="-149.80519">
				 <ele>49.2</ele>
			 </trkpt>
			 <trkpt lat="61.18437" lon="-149.80522">
				 <ele>49.3</ele>
			 </trkpt>
			 <trkpt lat="61.18456" lon="-149.80532">
				 <ele>49.5</ele>
			 </trkpt>
			 <trkpt lat="61.18454" lon="-149.80509">
				 <ele>49.6</ele>
			 </trkpt>
			 <trkpt lat="61.18453" lon="-149.80423">
				 <ele>49.8</ele>
			 </trkpt>
			 <trkpt lat="61.18452" lon="-149.80248">
				 <ele>50</ele>
			 </trkpt>
			 <trkpt lat="61.18455" lon="-149.80204">
				 <ele>50.2</ele>
			 </trkpt>
			 <trkpt lat="61.18463" lon="-149.8014">
				 <ele>50.7</ele>
			 </trkpt>
			 <trkpt lat="61.18464" lon="-149.80092">
				 <ele>51.3</ele>
			 </trkpt>
			 <trkpt lat="61.18461" lon="-149.80059">
				 <ele>51.8</ele>
			 </trkpt>
			 <trkpt lat="61.18454" lon="-149.80001">
				 <ele>52.3</ele>
			 </trkpt>
			 <trkpt lat="61.18455" lon="-149.79852">
				 <ele>52.7</ele>
			 </trkpt>
			 <trkpt lat="61.18456" lon="-149.79461">
				 <ele>53.1</ele>
			 </trkpt>
			 <trkpt lat="61.18472" lon="-149.79409">
				 <ele>53.3</ele>
			 </trkpt>
			 <trkpt lat="61.18481" lon="-149.79395">
				 <ele>53.5</ele>
			 </trkpt>
			 <trkpt lat="61.18488" lon="-149.79394">
				 <ele>53.5</ele>
			 </trkpt>
			 <trkpt lat="61.18514" lon="-149.79394">
				 <ele>53.6</ele>
			 </trkpt>
			 <trkpt lat="61.18554" lon="-149.79393">
				 <ele>53.7</ele>
			 </trkpt>
			 <trkpt lat="61.18616" lon="-149.79388">
				 <ele>53.5</ele>
			 </trkpt>
			 <trkpt lat="61.18664" lon="-149.79386">
				 <ele>53.2</ele>
			 </trkpt>
			 <trkpt lat="61.18702" lon="-149.79399">
				 <ele>52.9</ele>
			 </trkpt>
			 <trkpt lat="61.18722" lon="-149.79402">
				 <ele>52.6</ele>
			 </trkpt>
			 <trkpt lat="61.18737" lon="-149.79399">
				 <ele>52.3</ele>
			 </trkpt>
			 <trkpt lat="61.18754" lon="-149.79388">
				 <ele>52</ele>
			 </trkpt>
			 <trkpt lat="61.18777" lon="-149.79371">
				 <ele>51.8</ele>
			 </trkpt>
			 <trkpt lat="61.18787" lon="-149.79367">
				 <ele>51.5</ele>
			 </trkpt>
			 <trkpt lat="61.188" lon="-149.79365">
				 <ele>51.4</ele>
			 </trkpt>
			 <trkpt lat="61.18894" lon="-149.79363">
				 <ele>51.1</ele>
			 </trkpt>
			 <trkpt lat="61.18901" lon="-149.79363">
				 <ele>50.7</ele>
			 </trkpt>
			 <trkpt lat="61.18973" lon="-149.79364">
				 <ele>50.4</ele>
			 </trkpt>
			 <trkpt lat="61.19143" lon="-149.79361">
				 <ele>49.9</ele>
			 </trkpt>
			 <trkpt lat="61.19151" lon="-149.79363">
				 <ele>49.5</ele>
			 </trkpt>
			 <trkpt lat="61.19204" lon="-149.79363">
				 <ele>49</ele>
			 </trkpt>
			 <trkpt lat="61.19267" lon="-149.79362">
				 <ele>48.6</ele>
			 </trkpt>
			 <trkpt lat="61.19297" lon="-149.79362">
				 <ele>48.2</ele>
			 </trkpt>
			 <trkpt lat="61.19312" lon="-149.79362">
				 <ele>47.5</ele>
			 </trkpt>
			 <trkpt lat="61.19323" lon="-149.79366">
				 <ele>47</ele>
			 </trkpt>
			 <trkpt lat="61.19329" lon="-149.79376">
				 <ele>46.6</ele>
			 </trkpt>
			 <trkpt lat="61.19334" lon="-149.79387">
				 <ele>46.6</ele>
			 </trkpt>
			 <trkpt lat="61.19338" lon="-149.7941">
				 <ele>46.7</ele>
			 </trkpt>
			 <trkpt lat="61.19339" lon="-149.79531">
				 <ele>46.8</ele>
			 </trkpt>
			 <trkpt lat="61.19339" lon="-149.79553">
				 <ele>47</ele>
			 </trkpt>
			 <trkpt lat="61.19341" lon="-149.79703">
				 <ele>47</ele>
			 </trkpt>
			 <trkpt lat="61.19346" lon="-149.7973">
				 <ele>47</ele>
			 </trkpt>
			 <trkpt lat="61.19353" lon="-149.79745">
				 <ele>46.9</ele>
			 </trkpt>
			 <trkpt lat="61.19359" lon="-149.79751">
				 <ele>46.7</ele>
			 </trkpt>
			 <trkpt lat="61.19367" lon="-149.79755">
				 <ele>46.6</ele>
			 </trkpt>
			 <trkpt lat="61.19376" lon="-149.7975">
				 <ele>46.6</ele>
			 </trkpt>
			 <trkpt lat="61.19399" lon="-149.79726">
				 <ele>46.4</ele>
			 </trkpt>
			 <trkpt lat="61.19409" lon="-149.79722">
				 <ele>45.8</ele>
			 </trkpt>
			 <trkpt lat="61.19426" lon="-149.79722">
				 <ele>45.3</ele>
			 </trkpt>
			 <trkpt lat="61.19452" lon="-149.79725">
				 <ele>44.6</ele>
			 </trkpt>
			 <trkpt lat="61.19462" lon="-149.7973">
				 <ele>44</ele>
			 </trkpt>
			 <trkpt lat="61.19486" lon="-149.79776">
				 <ele>43.5</ele>
			 </trkpt>
			 <trkpt lat="61.19494" lon="-149.79785">
				 <ele>42.8</ele>
			 </trkpt>
			 <trkpt lat="61.19505" lon="-149.79789">
				 <ele>42.3</ele>
			 </trkpt>
			 <trkpt lat="61.1953" lon="-149.7979">
				 <ele>42.1</ele>
			 </trkpt>
			 <trkpt lat="61.19542" lon="-149.7979">
				 <ele>41.9</ele>
			 </trkpt>
			 <trkpt lat="61.1956" lon="-149.79792">
				 <ele>41.6</ele>
			 </trkpt>
			 <trkpt lat="61.19581" lon="-149.79788">
				 <ele>41.5</ele>
			 </trkpt>
			 <trkpt lat="61.19588" lon="-149.79786">
				 <ele>41.2</ele>
			 </trkpt>
			 <trkpt lat="61.19591" lon="-149.79806">
				 <ele>40.9</ele>
			 </trkpt>
			 <trkpt lat="61.19596" lon="-149.7983">
				 <ele>40.7</ele>
			 </trkpt>
			 <trkpt lat="61.19603" lon="-149.79844">
				 <ele>40.5</ele>
			 </trkpt>
			 <trkpt lat="61.19613" lon="-149.79852">
				 <ele>40.5</ele>
			 </trkpt>
			 <trkpt lat="61.19627" lon="-149.7986">
				 <ele>40.5</ele>
			 </trkpt>
			 <trkpt lat="61.19649" lon="-149.79872">
				 <ele>40.5</ele>
			 </trkpt>
			 <trkpt lat="61.19658" lon="-149.79872">
				 <ele>40.5</ele>
			 </trkpt>
			 <trkpt lat="61.1967" lon="-149.79864">
				 <ele>40.5</ele>
			 </trkpt>
			 <trkpt lat="61.19685" lon="-149.79843">
				 <ele>40.5</ele>
			 </trkpt>
			 <trkpt lat="61.19705" lon="-149.79822">
				 <ele>40.5</ele>
			 </trkpt>
			 <trkpt lat="61.19716" lon="-149.79815">
				 <ele>40.6</ele>
			 </trkpt>
			 <trkpt lat="61.19723" lon="-149.79814">
				 <ele>40.8</ele>
			 </trkpt>
			 <trkpt lat="61.19731" lon="-149.79819">
				 <ele>41.1</ele>
			 </trkpt>
			 <trkpt lat="61.19742" lon="-149.79837">
				 <ele>41.4</ele>
			 </trkpt>
			 <trkpt lat="61.19752" lon="-149.7986">
				 <ele>41.6</ele>
			 </trkpt>
			 <trkpt lat="61.19761" lon="-149.79874">
				 <ele>41.9</ele>
			 </trkpt>
			 <trkpt lat="61.19773" lon="-149.79887">
				 <ele>42.2</ele>
			 </trkpt>
			 <trkpt lat="61.19784" lon="-149.79893">
				 <ele>42.5</ele>
			 </trkpt>
			 <trkpt lat="61.19797" lon="-149.79898">
				 <ele>42.7</ele>
			 </trkpt>
			 <trkpt lat="61.19805" lon="-149.79906">
				 <ele>43</ele>
			 </trkpt>
			 <trkpt lat="61.19811" lon="-149.79929">
				 <ele>43.3</ele>
			 </trkpt>
			 <trkpt lat="61.19807" lon="-149.79943">
				 <ele>43.5</ele>
			 </trkpt>
			 <trkpt lat="61.1979" lon="-149.79985">
				 <ele>43.8</ele>
			 </trkpt>
			 <trkpt lat="61.19783" lon="-149.80014">
				 <ele>44</ele>
			 </trkpt>
			 <trkpt lat="61.19782" lon="-149.80028">
				 <ele>44.2</ele>
			 </trkpt>
			 <trkpt lat="61.19783" lon="-149.80039">
				 <ele>44.5</ele>
			 </trkpt>
			 <trkpt lat="61.19796" lon="-149.80076">
				 <ele>44.9</ele>
			 </trkpt>
			 <trkpt lat="61.19821" lon="-149.80117">
				 <ele>45.2</ele>
			 </trkpt>
			 <trkpt lat="61.19832" lon="-149.80154">
				 <ele>45.5</ele>
			 </trkpt>
			 <trkpt lat="61.19834" lon="-149.80172">
				 <ele>45.7</ele>
			 </trkpt>
			 <trkpt lat="61.19853" lon="-149.80348">
				 <ele>46</ele>
			 </trkpt>
			 <trkpt lat="61.19856" lon="-149.80404">
				 <ele>46.3</ele>
			 </trkpt>
			 <trkpt lat="61.19857" lon="-149.80495">
				 <ele>46.5</ele>
			 </trkpt>
			 <trkpt lat="61.19857" lon="-149.80607">
				 <ele>46.6</ele>
			 </trkpt>
			 <trkpt lat="61.1986" lon="-149.80658">
				 <ele>46.8</ele>
			 </trkpt>
			 <trkpt lat="61.19865" lon="-149.80718">
				 <ele>47</ele>
			 </trkpt>
			 <trkpt lat="61.19866" lon="-149.80787">
				 <ele>47</ele>
			 </trkpt>
			 <trkpt lat="61.19861" lon="-149.80805">
				 <ele>46.9</ele>
			 </trkpt>
			 <trkpt lat="61.19851" lon="-149.80819">
				 <ele>46.8</ele>
			 </trkpt>
			 <trkpt lat="61.19843" lon="-149.80829">
				 <ele>46.7</ele>
			 </trkpt>
			 <trkpt lat="61.19836" lon="-149.80843">
				 <ele>46.6</ele>
			 </trkpt>
			 <trkpt lat="61.19833" lon="-149.80859">
				 <ele>46.5</ele>
			 </trkpt>
			 <trkpt lat="61.1983" lon="-149.80881">
				 <ele>46.3</ele>
			 </trkpt>
			 <trkpt lat="61.1983" lon="-149.80968">
				 <ele>46.1</ele>
			 </trkpt>
			 <trkpt lat="61.19832" lon="-149.80993">
				 <ele>45.8</ele>
			 </trkpt>
			 <trkpt lat="61.19841" lon="-149.81022">
				 <ele>45.5</ele>
			 </trkpt>
			 <trkpt lat="61.19851" lon="-149.81048">
				 <ele>45.2</ele>
			 </trkpt>
			 <trkpt lat="61.19853" lon="-149.81073">
				 <ele>44.7</ele>
			 </trkpt>
			 <trkpt lat="61.19854" lon="-149.81121">
				 <ele>44.3</ele>
			 </trkpt>
			 <trkpt lat="61.19859" lon="-149.81177">
				 <ele>43.8</ele>
			 </trkpt>
			 <trkpt lat="61.1986" lon="-149.81266">
				 <ele>43.5</ele>
			 </trkpt>
			 <trkpt lat="61.19859" lon="-149.81453">
				 <ele>43</ele>
			 </trkpt>
			 <trkpt lat="61.1986" lon="-149.81564">
				 <ele>42.6</ele>
			 </trkpt>
			 <trkpt lat="61.19858" lon="-149.8163">
				 <ele>42.3</ele>
			 </trkpt>
			 <trkpt lat="61.19857" lon="-149.81665">
				 <ele>41.9</ele>
			 </trkpt>
			 <trkpt lat="61.19852" lon="-149.817">
				 <ele>41.6</ele>
			 </trkpt>
			 <trkpt lat="61.19846" lon="-149.8172">
				 <ele>41.4</ele>
			 </trkpt>
			 <trkpt lat="61.19844" lon="-149.8174">
				 <ele>41.1</ele>
			 </trkpt>
			 <trkpt lat="61.19843" lon="-149.81754">
				 <ele>41</ele>
			 </trkpt>
			 <trkpt lat="61.19846" lon="-149.81919">
				 <ele>40.9</ele>
			 </trkpt>
			 <trkpt lat="61.19845" lon="-149.81956">
				 <ele>40.8</ele>
			 </trkpt>
			 <trkpt lat="61.19842" lon="-149.81993">
				 <ele>40.6</ele>
			 </trkpt>
			 <trkpt lat="61.19828" lon="-149.82063">
				 <ele>40.3</ele>
			 </trkpt>
			 <trkpt lat="61.19813" lon="-149.82117">
				 <ele>39.9</ele>
			 </trkpt>
			 <trkpt lat="61.198147" lon="-149.821221">
				 <ele>39.5</ele>
			 </trkpt>
			 <trkpt lat="61.198356" lon="-149.821443">
				 <ele>39.1</ele>
			 </trkpt>
			 <trkpt lat="61.198387" lon="-149.821492">
				 <ele>38.6</ele>
			 </trkpt>
			 <trkpt lat="61.198818" lon="-149.82193">
				 <ele>38</ele>
			 </trkpt>
			 <trkpt lat="61.19913" lon="-149.822527">
				 <ele>37.5</ele>
			 </trkpt>
			 <trkpt lat="61.199175" lon="-149.822597">
				 <ele>36.8</ele>
			 </trkpt>
			 <trkpt lat="61.199504" lon="-149.823106">
				 <ele>36.3</ele>
			 </trkpt>
			 <trkpt lat="61.199663" lon="-149.823353">
				 <ele>35.8</ele>
			 </trkpt>
			 <trkpt lat="61.19975" lon="-149.823609">
				 <ele>35.4</ele>
			 </trkpt>
			 <trkpt lat="61.199765" lon="-149.823752">
				 <ele>35.2</ele>
			 </trkpt>
			 <trkpt lat="61.199783" lon="-149.823852">
				 <ele>35</ele>
			 </trkpt>
			 <trkpt lat="61.19974" lon="-149.824095">
				 <ele>34.8</ele>
			 </trkpt>
			 <trkpt lat="61.199701" lon="-149.824304">
				 <ele>34.7</ele>
			 </trkpt>
			 <trkpt lat="61.199669" lon="-149.82439">
				 <ele>34.6</ele>
			 </trkpt>
			 <trkpt lat="61.199645" lon="-149.824449">
				 <ele>34.7</ele>
			 </trkpt>
			 <trkpt lat="61.199447" lon="-149.824897">
				 <ele>34.8</ele>
			 </trkpt>
			 <trkpt lat="61.199366" lon="-149.825023">
				 <ele>34.8</ele>
			 </trkpt>
			 <trkpt lat="61.199334" lon="-149.825104">
				 <ele>34.8</ele>
			 </trkpt>
			 <trkpt lat="61.199301" lon="-149.825275">
				 <ele>34.7</ele>
			 </trkpt>
			 <trkpt lat="61.199268" lon="-149.825509">
				 <ele>34.4</ele>
			 </trkpt>
			 <trkpt lat="61.199236" lon="-149.825891">
				 <ele>34</ele>
			 </trkpt>
			 <trkpt lat="61.199185" lon="-149.826572">
				 <ele>33.6</ele>
			 </trkpt>
			 <trkpt lat="61.199182" lon="-149.826789">
				 <ele>33.2</ele>
			 </trkpt>
			 <trkpt lat="61.199177" lon="-149.827131">
				 <ele>32.6</ele>
			 </trkpt>
			 <trkpt lat="61.199196" lon="-149.827407">
				 <ele>32</ele>
			 </trkpt>
			 <trkpt lat="61.199237" lon="-149.827777">
				 <ele>31.3</ele>
			 </trkpt>
			 <trkpt lat="61.199299" lon="-149.828332">
				 <ele>30.5</ele>
			 </trkpt>
			 <trkpt lat="61.199517" lon="-149.829271">
				 <ele>29.9</ele>
			 </trkpt>
			 <trkpt lat="61.199546" lon="-149.829495">
				 <ele>29.3</ele>
			 </trkpt>
			 <trkpt lat="61.199665" lon="-149.830861">
				 <ele>28.6</ele>
			 </trkpt>
			 <trkpt lat="61.199728" lon="-149.83146">
				 <ele>28.4</ele>
			 </trkpt>
			 <trkpt lat="61.199738" lon="-149.831556">
				 <ele>28.1</ele>
			 </trkpt>
			 <trkpt lat="61.199768" lon="-149.831825">
				 <ele>27.8</ele>
			 </trkpt>
			 <trkpt lat="61.199848" lon="-149.832411">
				 <ele>27.6</ele>
			 </trkpt>
			 <trkpt lat="61.199882" lon="-149.832502">
				 <ele>27.5</ele>
			 </trkpt>
			 <trkpt lat="61.200069" lon="-149.832818">
				 <ele>27.4</ele>
			 </trkpt>
			 <trkpt lat="61.200612" lon="-149.833771">
				 <ele>27.5</ele>
			 </trkpt>
			 <trkpt lat="61.200747" lon="-149.834044">
				 <ele>27.8</ele>
			 </trkpt>
			 <trkpt lat="61.2008" lon="-149.834194">
				 <ele>28.1</ele>
			 </trkpt>
			 <trkpt lat="61.200866" lon="-149.834499">
				 <ele>28.3</ele>
			 </trkpt>
			 <trkpt lat="61.200898" lon="-149.834864">
				 <ele>28.4</ele>
			 </trkpt>
			 <trkpt lat="61.200896" lon="-149.835591">
				 <ele>28.4</ele>
			 </trkpt>
			 <trkpt lat="61.200889" lon="-149.835716">
				 <ele>28.3</ele>
			 </trkpt>
			 <trkpt lat="61.200843" lon="-149.836666">
				 <ele>28.2</ele>
			 </trkpt>
			 <trkpt lat="61.200776" lon="-149.83783">
				 <ele>28</ele>
			 </trkpt>
			 <trkpt lat="61.20077" lon="-149.83814">
				 <ele>27.9</ele>
			 </trkpt>
			 <trkpt lat="61.200762" lon="-149.838337">
				 <ele>27.7</ele>
			 </trkpt>
			 <trkpt lat="61.200754" lon="-149.838493">
				 <ele>27.4</ele>
			 </trkpt>
			 <trkpt lat="61.200747" lon="-149.838649">
				 <ele>26.9</ele>
			 </trkpt>
			 <trkpt lat="61.200643" lon="-149.839134">
				 <ele>26.4</ele>
			 </trkpt>
			 <trkpt lat="61.200608" lon="-149.839534">
				 <ele>25.9</ele>
			 </trkpt>
			 <trkpt lat="61.2007" lon="-149.840801">
				 <ele>25.5</ele>
			 </trkpt>
			 <trkpt lat="61.200704" lon="-149.840953">
				 <ele>25.2</ele>
			 </trkpt>
			 <trkpt lat="61.200707" lon="-149.841097">
				 <ele>24.9</ele>
			 </trkpt>
			 <trkpt lat="61.200695" lon="-149.841282">
				 <ele>24.7</ele>
			 </trkpt>
			 <trkpt lat="61.200605" lon="-149.841939">
				 <ele>24.6</ele>
			 </trkpt>
			 <trkpt lat="61.200577" lon="-149.842115">
				 <ele>24.5</ele>
			 </trkpt>
			 <trkpt lat="61.200511" lon="-149.842302">
				 <ele>24.5</ele>
			 </trkpt>
			 <trkpt lat="61.200437" lon="-149.84238">
				 <ele>24.4</ele>
			 </trkpt>
			 <trkpt lat="61.200355" lon="-149.842574">
				 <ele>24.2</ele>
			 </trkpt>
			 <trkpt lat="61.200319" lon="-149.842662">
				 <ele>24.1</ele>
			 </trkpt>
			 <trkpt lat="61.200314" lon="-149.842957">
				 <ele>24</ele>
			 </trkpt>
			 <trkpt lat="61.200396" lon="-149.843799">
				 <ele>23.9</ele>
			 </trkpt>
			 <trkpt lat="61.200422" lon="-149.844086">
				 <ele>23.9</ele>
			 </trkpt>
			 <trkpt lat="61.200509" lon="-149.844723">
				 <ele>23.6</ele>
			 </trkpt>
			 <trkpt lat="61.200563" lon="-149.845015">
				 <ele>23.3</ele>
			 </trkpt>
			 <trkpt lat="61.200656" lon="-149.845375">
				 <ele>23</ele>
			 </trkpt>
			 <trkpt lat="61.200792" lon="-149.845813">
				 <ele>22.7</ele>
			 </trkpt>
			 <trkpt lat="61.200863" lon="-149.846192">
				 <ele>22.5</ele>
			 </trkpt>
			 <trkpt lat="61.201092" lon="-149.84855">
				 <ele>22.2</ele>
			 </trkpt>
			 <trkpt lat="61.201128" lon="-149.849561">
				 <ele>21.8</ele>
			 </trkpt>
			 <trkpt lat="61.201144" lon="-149.849979">
				 <ele>21.8</ele>
			 </trkpt>
			 <trkpt lat="61.201123" lon="-149.850834">
				 <ele>21.6</ele>
			 </trkpt>
			 <trkpt lat="61.201123" lon="-149.852606">
				 <ele>21.3</ele>
			 </trkpt>
			 <trkpt lat="61.201066" lon="-149.853673">
				 <ele>20.8</ele>
			 </trkpt>
			 <trkpt lat="61.200972" lon="-149.854576">
				 <ele>20.5</ele>
			 </trkpt>
			 <trkpt lat="61.200717" lon="-149.85644">
				 <ele>20.1</ele>
			 </trkpt>
			 <trkpt lat="61.200658" lon="-149.856875">
				 <ele>19.7</ele>
			 </trkpt>
			 <trkpt lat="61.20065" lon="-149.857469">
				 <ele>19.5</ele>
			 </trkpt>
			 <trkpt lat="61.200665" lon="-149.857651">
				 <ele>19.2</ele>
			 </trkpt>
			 <trkpt lat="61.200854" lon="-149.858693">
				 <ele>19.1</ele>
			 </trkpt>
			 <trkpt lat="61.200921" lon="-149.859229">
				 <ele>19.1</ele>
			 </trkpt>
			 <trkpt lat="61.200995" lon="-149.860124">
				 <ele>18.6</ele>
			 </trkpt>
			 <trkpt lat="61.200998" lon="-149.860608">
				 <ele>18.3</ele>
			 </trkpt>
			 <trkpt lat="61.200988" lon="-149.860796">
				 <ele>18.2</ele>
			 </trkpt>
			 <trkpt lat="61.200973" lon="-149.861089">
				 <ele>18.1</ele>
			 </trkpt>
			 <trkpt lat="61.200956" lon="-149.861418">
				 <ele>18.2</ele>
			 </trkpt>
			 <trkpt lat="61.200959" lon="-149.862631">
				 <ele>18.3</ele>
			 </trkpt>
			 <trkpt lat="61.201015" lon="-149.863385">
				 <ele>18.3</ele>
			 </trkpt>
			 <trkpt lat="61.201247" lon="-149.86544">
				 <ele>18.2</ele>
			 </trkpt>
			 <trkpt lat="61.201294" lon="-149.865984">
				 <ele>18.1</ele>
			 </trkpt>
			 <trkpt lat="61.201349" lon="-149.866106">
				 <ele>18</ele>
			 </trkpt>
			 <trkpt lat="61.201462" lon="-149.866312">
				 <ele>17.9</ele>
			 </trkpt>
			 <trkpt lat="61.201547" lon="-149.866465">
				 <ele>18</ele>
			 </trkpt>
			 <trkpt lat="61.201644" lon="-149.866643">
				 <ele>18.2</ele>
			 </trkpt>
			 <trkpt lat="61.20164" lon="-149.866746">
				 <ele>18.3</ele>
			 </trkpt>
			 <trkpt lat="61.201659" lon="-149.866906">
				 <ele>18.4</ele>
			 </trkpt>
			 <trkpt lat="61.201661" lon="-149.867111">
				 <ele>18.5</ele>
			 </trkpt>
			 <trkpt lat="61.201615" lon="-149.867605">
				 <ele>18.5</ele>
			 </trkpt>
			 <trkpt lat="61.201626" lon="-149.868458">
				 <ele>18.4</ele>
			 </trkpt>
			 <trkpt lat="61.201649" lon="-149.868648">
				 <ele>18</ele>
			 </trkpt>
			 <trkpt lat="61.201636" lon="-149.868851">
				 <ele>17.7</ele>
			 </trkpt>
			 <trkpt lat="61.201662" lon="-149.868995">
				 <ele>17.5</ele>
			 </trkpt>
			 <trkpt lat="61.201771" lon="-149.869418">
				 <ele>17.2</ele>
			 </trkpt>
			 <trkpt lat="61.201755" lon="-149.869875">
				 <ele>16.9</ele>
			 </trkpt>
			 <trkpt lat="61.201754" lon="-149.870803">
				 <ele>16.5</ele>
			 </trkpt>
			 <trkpt lat="61.201719" lon="-149.871266">
				 <ele>16.1</ele>
			 </trkpt>
			 <trkpt lat="61.201739" lon="-149.871675">
				 <ele>15.6</ele>
			 </trkpt>
			 <trkpt lat="61.201787" lon="-149.871881">
				 <ele>15.2</ele>
			 </trkpt>
			 <trkpt lat="61.20184" lon="-149.871985">
				 <ele>14.7</ele>
			 </trkpt>
			 <trkpt lat="61.201902" lon="-149.872059">
				 <ele>14.5</ele>
			 </trkpt>
			 <trkpt lat="61.201982" lon="-149.87212">
				 <ele>14.5</ele>
			 </trkpt>
			 <trkpt lat="61.202135" lon="-149.872121">
				 <ele>14.5</ele>
			 </trkpt>
			 <trkpt lat="61.202321" lon="-149.872116">
				 <ele>14.4</ele>
			 </trkpt>
			 <trkpt lat="61.202427" lon="-149.872149">
				 <ele>14.3</ele>
			 </trkpt>
			 <trkpt lat="61.202493" lon="-149.872202">
				 <ele>14.1</ele>
			 </trkpt>
			 <trkpt lat="61.202557" lon="-149.872304">
				 <ele>14</ele>
			 </trkpt>
			 <trkpt lat="61.202617" lon="-149.872449">
				 <ele>14</ele>
			 </trkpt>
			 <trkpt lat="61.202658" lon="-149.872669">
				 <ele>14</ele>
			 </trkpt>
			 <trkpt lat="61.202664" lon="-149.873031">
				 <ele>14</ele>
			 </trkpt>
			 <trkpt lat="61.202681" lon="-149.873766">
				 <ele>14</ele>
			 </trkpt>
			 <trkpt lat="61.202705" lon="-149.87402">
				 <ele>14</ele>
			 </trkpt>
			 <trkpt lat="61.202793" lon="-149.874505">
				 <ele>14</ele>
			 </trkpt>
			 <trkpt lat="61.202808" lon="-149.874674">
				 <ele>14</ele>
			 </trkpt>
			 <trkpt lat="61.202781" lon="-149.875042">
				 <ele>14</ele>
			 </trkpt>
			 <trkpt lat="61.202701" lon="-149.875328">
				 <ele>14</ele>
			 </trkpt>
			 <trkpt lat="61.202323" lon="-149.875827">
				 <ele>14</ele>
			 </trkpt>
			 <trkpt lat="61.202225" lon="-149.8759">
				 <ele>13.9</ele>
			 </trkpt>
			 <trkpt lat="61.20207" lon="-149.87612">
				 <ele>13.7</ele>
			 </trkpt>
			 <trkpt lat="61.20202" lon="-149.87648">
				 <ele>13.5</ele>
			 </trkpt>
			 <trkpt lat="61.202" lon="-149.87668">
				 <ele>13.4</ele>
			 </trkpt>
			 <trkpt lat="61.20201" lon="-149.87697">
				 <ele>13.2</ele>
			 </trkpt>
			 <trkpt lat="61.20205" lon="-149.87733">
				 <ele>13</ele>
			 </trkpt>
			 <trkpt lat="61.20212" lon="-149.87762">
				 <ele>12.8</ele>
			 </trkpt>
			 <trkpt lat="61.20222" lon="-149.87797">
				 <ele>12.6</ele>
			 </trkpt>
			 <trkpt lat="61.20242" lon="-149.87828">
				 <ele>12.5</ele>
			 </trkpt>
			 <trkpt lat="61.20263" lon="-149.87854">
				 <ele>12.3</ele>
			 </trkpt>
			 <trkpt lat="61.20271" lon="-149.8787">
				 <ele>12.1</ele>
			 </trkpt>
			 <trkpt lat="61.20282" lon="-149.87905">
				 <ele>12</ele>
			 </trkpt>
			 <trkpt lat="61.202795" lon="-149.879096">
				 <ele>12</ele>
			 </trkpt>
			 <trkpt lat="61.202808" lon="-149.879297">
				 <ele>12</ele>
			 </trkpt>
			 <trkpt lat="61.202781" lon="-149.879872">
				 <ele>12</ele>
			 </trkpt>
			 <trkpt lat="61.202704" lon="-149.880515">
				 <ele>11.9</ele>
			 </trkpt>
			 <trkpt lat="61.202642" lon="-149.880823">
				 <ele>11.8</ele>
			 </trkpt>
			 <trkpt lat="61.202658" lon="-149.881037">
				 <ele>11.7</ele>
			 </trkpt>
			 <trkpt lat="61.202675" lon="-149.881121">
				 <ele>11.6</ele>
			 </trkpt>
			 <trkpt lat="61.202702" lon="-149.881252">
				 <ele>11.5</ele>
			 </trkpt>
			 <trkpt lat="61.202795" lon="-149.88152">
				 <ele>11.5</ele>
			 </trkpt>
			 <trkpt lat="61.202909" lon="-149.881896">
				 <ele>11.4</ele>
			 </trkpt>
			 <trkpt lat="61.203" lon="-149.882231">
				 <ele>11.3</ele>
			 </trkpt>
			 <trkpt lat="61.203033" lon="-149.882355">
				 <ele>11.2</ele>
			 </trkpt>
			 <trkpt lat="61.203103" lon="-149.882555">
				 <ele>11.1</ele>
			 </trkpt>
			 <trkpt lat="61.203263" lon="-149.882925">
				 <ele>11</ele>
			 </trkpt>
			 <trkpt lat="61.203309" lon="-149.883076">
				 <ele>11</ele>
			 </trkpt>
			 <trkpt lat="61.203326" lon="-149.883196">
				 <ele>11</ele>
			 </trkpt>
			 <trkpt lat="61.20334" lon="-149.883285">
				 <ele>11</ele>
			 </trkpt>
			 <trkpt lat="61.203346" lon="-149.883532">
				 <ele>11</ele>
			 </trkpt>
			 <trkpt lat="61.203335" lon="-149.883821">
				 <ele>11</ele>
			 </trkpt>
			 <trkpt lat="61.203309" lon="-149.88439">
				 <ele>11</ele>
			 </trkpt>
			 <trkpt lat="61.20325" lon="-149.885452">
				 <ele>11</ele>
			 </trkpt>
			 <trkpt lat="61.203242" lon="-149.885651">
				 <ele>11</ele>
			 </trkpt>
			 <trkpt lat="61.203253" lon="-149.885838">
				 <ele>11</ele>
			 </trkpt>
			 <trkpt lat="61.203307" lon="-149.885951">
				 <ele>11</ele>
			 </trkpt>
			 <trkpt lat="61.203498" lon="-149.886305">
				 <ele>10.9</ele>
			 </trkpt>
			 <trkpt lat="61.203555" lon="-149.886445">
				 <ele>10.8</ele>
			 </trkpt>
			 <trkpt lat="61.203555" lon="-149.886622">
				 <ele>10.6</ele>
			 </trkpt>
			 <trkpt lat="61.20354" lon="-149.886807">
				 <ele>10.4</ele>
			 </trkpt>
			 <trkpt lat="61.203526" lon="-149.887288">
				 <ele>10.1</ele>
			 </trkpt>
			 <trkpt lat="61.203519" lon="-149.887657">
				 <ele>9.8</ele>
			 </trkpt>
			 <trkpt lat="61.203529" lon="-149.887925">
				 <ele>9.5</ele>
			 </trkpt>
			 <trkpt lat="61.203547" lon="-149.888124">
				 <ele>9.3</ele>
			 </trkpt>
			 <trkpt lat="61.203555" lon="-149.888272">
				 <ele>9</ele>
			 </trkpt>
			 <trkpt lat="61.203563" lon="-149.888403">
				 <ele>8.7</ele>
			 </trkpt>
			 <trkpt lat="61.203559" lon="-149.888515">
				 <ele>8.5</ele>
			 </trkpt>
			 <trkpt lat="61.20355" lon="-149.888837">
				 <ele>8.3</ele>
			 </trkpt>
			 <trkpt lat="61.20356" lon="-149.889266">
				 <ele>8.2</ele>
			 </trkpt>
			 <trkpt lat="61.203581" lon="-149.889511">
				 <ele>8.2</ele>
			 </trkpt>
			 <trkpt lat="61.203594" lon="-149.889658">
				 <ele>8.3</ele>
			 </trkpt>
			 <trkpt lat="61.203728" lon="-149.890629">
				 <ele>8.4</ele>
			 </trkpt>
			 <trkpt lat="61.203775" lon="-149.891085">
				 <ele>8.5</ele>
			 </trkpt>
			 <trkpt lat="61.203793" lon="-149.891621">
				 <ele>8.5</ele>
			 </trkpt>
			 <trkpt lat="61.2038" lon="-149.892045">
				 <ele>8.6</ele>
			 </trkpt>
			 <trkpt lat="61.203803" lon="-149.892169">
				 <ele>8.6</ele>
			 </trkpt>
			 <trkpt lat="61.203806" lon="-149.89226">
				 <ele>8.6</ele>
			 </trkpt>
			 <trkpt lat="61.203821" lon="-149.892453">
				 <ele>8.6</ele>
			 </trkpt>
			 <trkpt lat="61.203852" lon="-149.892587">
				 <ele>8.5</ele>
			 </trkpt>
			 <trkpt lat="61.203989" lon="-149.892893">
				 <ele>8.2</ele>
			 </trkpt>
			 <trkpt lat="61.204098" lon="-149.893579">
				 <ele>7.9</ele>
			 </trkpt>
			 <trkpt lat="61.204199" lon="-149.894344">
				 <ele>7.6</ele>
			 </trkpt>
			 <trkpt lat="61.204297" lon="-149.894894">
				 <ele>7.4</ele>
			 </trkpt>
			 <trkpt lat="61.204573" lon="-149.895908">
				 <ele>7.1</ele>
			 </trkpt>
			 <trkpt lat="61.204834" lon="-149.896961">
				 <ele>6.8</ele>
			 </trkpt>
			 <trkpt lat="61.205" lon="-149.897609">
				 <ele>6.6</ele>
			 </trkpt>
			 <trkpt lat="61.205027" lon="-149.897719">
				 <ele>6.5</ele>
			 </trkpt>
			 <trkpt lat="61.205082" lon="-149.897947">
				 <ele>6.5</ele>
			 </trkpt>
			 <trkpt lat="61.205131" lon="-149.898236">
				 <ele>6.5</ele>
			 </trkpt>
			 <trkpt lat="61.205168" lon="-149.898478">
				 <ele>6.5</ele>
			 </trkpt>
			 <trkpt lat="61.205186" lon="-149.89873">
				 <ele>6.7</ele>
			 </trkpt>
			 <trkpt lat="61.205183" lon="-149.898939">
				 <ele>7</ele>
			 </trkpt>
			 <trkpt lat="61.20517" lon="-149.899175">
				 <ele>7.3</ele>
			 </trkpt>
			 <trkpt lat="61.205155" lon="-149.899327">
				 <ele>7.5</ele>
			 </trkpt>
			 <trkpt lat="61.205119" lon="-149.899669">
				 <ele>7.8</ele>
			 </trkpt>
			 <trkpt lat="61.205017" lon="-149.90058">
				 <ele>7.9</ele>
			 </trkpt>
			 <trkpt lat="61.205006" lon="-149.900694">
				 <ele>7.8</ele>
			 </trkpt>
			 <trkpt lat="61.204997" lon="-149.900784">
				 <ele>7.5</ele>
			 </trkpt>
			 <trkpt lat="61.204974" lon="-149.901149">
				 <ele>7</ele>
			 </trkpt>
			 <trkpt lat="61.204961" lon="-149.901584">
				 <ele>6.6</ele>
			 </trkpt>
			 <trkpt lat="61.20492" lon="-149.902217">
				 <ele>6.3</ele>
			 </trkpt>
			 <trkpt lat="61.204868" lon="-149.902683">
				 <ele>5.8</ele>
			 </trkpt>
			 <trkpt lat="61.204816" lon="-149.902946">
				 <ele>5.3</ele>
			 </trkpt>
			 <trkpt lat="61.20479" lon="-149.90315">
				 <ele>4.8</ele>
			 </trkpt>
			 <trkpt lat="61.204783" lon="-149.903418">
				 <ele>4.4</ele>
			 </trkpt>
			 <trkpt lat="61.204788" lon="-149.903931">
				 <ele>4</ele>
			 </trkpt>
			 <trkpt lat="61.20479" lon="-149.904051">
				 <ele>3.8</ele>
			 </trkpt>
			 <trkpt lat="61.204798" lon="-149.904239">
				 <ele>3.7</ele>
			 </trkpt>
			 <trkpt lat="61.204819" lon="-149.904389">
				 <ele>3.9</ele>
			 </trkpt>
			 <trkpt lat="61.204834" lon="-149.904454">
				 <ele>4</ele>
			 </trkpt>
			 <trkpt lat="61.204873" lon="-149.904615">
				 <ele>4.1</ele>
			 </trkpt>
			 <trkpt lat="61.204956" lon="-149.904931">
				 <ele>4.3</ele>
			 </trkpt>
			 <trkpt lat="61.205005" lon="-149.905089">
				 <ele>4.5</ele>
			 </trkpt>
			 <trkpt lat="61.205054" lon="-149.90513">
				 <ele>4.9</ele>
			 </trkpt>
			 <trkpt lat="61.205116" lon="-149.905162">
				 <ele>5.2</ele>
			 </trkpt>
			 <trkpt lat="61.205193" lon="-149.905156">
				 <ele>5.5</ele>
			 </trkpt>
			 <trkpt lat="61.205271" lon="-149.905097">
				 <ele>5.6</ele>
			 </trkpt>
			 <trkpt lat="61.205449" lon="-149.90492">
				 <ele>5.8</ele>
			 </trkpt>
			 <trkpt lat="61.205663" lon="-149.904777">
				 <ele>6</ele>
			 </trkpt>
			 <trkpt lat="61.205728" lon="-149.904792">
				 <ele>6.2</ele>
			 </trkpt>
			 <trkpt lat="61.20577" lon="-149.904867">
				 <ele>6.5</ele>
			 </trkpt>
			 <trkpt lat="61.205796" lon="-149.904974">
				 <ele>6.7</ele>
			 </trkpt>
			 <trkpt lat="61.205796" lon="-149.905167">
				 <ele>6.8</ele>
			 </trkpt>
			 <trkpt lat="61.20578" lon="-149.9055">
				 <ele>6.8</ele>
			 </trkpt>
			 <trkpt lat="61.205788" lon="-149.905693">
				 <ele>6.7</ele>
			 </trkpt>
			 <trkpt lat="61.205858" lon="-149.906383">
				 <ele>6.6</ele>
			 </trkpt>
			 <trkpt lat="61.205868" lon="-149.906476">
				 <ele>6.5</ele>
			 </trkpt>
			 <trkpt lat="61.205901" lon="-149.906959">
				 <ele>6.5</ele>
			 </trkpt>
			 <trkpt lat="61.205896" lon="-149.907249">
				 <ele>6.5</ele>
			 </trkpt>
			 <trkpt lat="61.205883" lon="-149.907522">
				 <ele>6.5</ele>
			 </trkpt>
			 <trkpt lat="61.205891" lon="-149.907645">
				 <ele>6.5</ele>
			 </trkpt>
			 <trkpt lat="61.205917" lon="-149.907747">
				 <ele>6.7</ele>
			 </trkpt>
			 <trkpt lat="61.205969" lon="-149.907882">
				 <ele>6.9</ele>
			 </trkpt>
			 <trkpt lat="61.2061" lon="-149.908193">
				 <ele>7.2</ele>
			 </trkpt>
			 <trkpt lat="61.206192" lon="-149.908419">
				 <ele>7.5</ele>
			 </trkpt>
			 <trkpt lat="61.206253" lon="-149.908327">
				 <ele>7.7</ele>
			 </trkpt>
			 <trkpt lat="61.206431" lon="-149.907935">
				 <ele>8</ele>
			 </trkpt>
			 <trkpt lat="61.20654" lon="-149.907742">
				 <ele>8.5</ele>
			 </trkpt>
			 <trkpt lat="61.206565" lon="-149.907714">
				 <ele>9.3</ele>
			 </trkpt>
			 <trkpt lat="61.20662" lon="-149.907699">
				 <ele>10.1</ele>
			 </trkpt>
			 <trkpt lat="61.206702" lon="-149.907785">
				 <ele>11.2</ele>
			 </trkpt>
			 <trkpt lat="61.206975" lon="-149.907793">
				 <ele>12.4</ele>
			 </trkpt>
			 <trkpt lat="61.207724" lon="-149.907793">
				 <ele>13.5</ele>
			 </trkpt>
			 <trkpt lat="61.208286" lon="-149.90779">
				 <ele>14.7</ele>
			 </trkpt>
			 <trkpt lat="61.208599" lon="-149.907786">
				 <ele>16.3</ele>
			 </trkpt>
			 <trkpt lat="61.20969" lon="-149.907775">
				 <ele>17.8</ele>
			 </trkpt>
			 <trkpt lat="61.210176" lon="-149.907771">
				 <ele>19.4</ele>
			 </trkpt>
			 <trkpt lat="61.210679" lon="-149.907767">
				 <ele>21</ele>
			 </trkpt>
			 <trkpt lat="61.211163" lon="-149.907759">
				 <ele>22.4</ele>
			 </trkpt>
			 <trkpt lat="61.211584" lon="-149.907776">
				 <ele>23.5</ele>
			 </trkpt>
			 <trkpt lat="61.211655" lon="-149.907779">
				 <ele>24.5</ele>
			 </trkpt>
			 <trkpt lat="61.21172" lon="-149.907779">
				 <ele>25.2</ele>
			 </trkpt>
			 <trkpt lat="61.212155" lon="-149.907775">
				 <ele>25.8</ele>
			 </trkpt>
			 <trkpt lat="61.212652" lon="-149.907771">
				 <ele>26.4</ele>
			 </trkpt>
			 <trkpt lat="61.212732" lon="-149.90777">
				 <ele>26.7</ele>
			 </trkpt>
			 <trkpt lat="61.212823" lon="-149.907764">
				 <ele>26.8</ele>
			 </trkpt>
			 <trkpt lat="61.213113" lon="-149.907749">
				 <ele>26.9</ele>
			 </trkpt>
			 <trkpt lat="61.213402" lon="-149.907907">
				 <ele>27</ele>
			 </trkpt>
			 <trkpt lat="61.213396" lon="-149.909248">
				 <ele>27</ele>
			 </trkpt>
		 </trkseg>
	 </trk>
</gpx>