<?xml version="1.0" encoding="UTF-8"?>
 <gpx creator="Garmin Connect" version="1.1"
	 xsi:schemaLocation="http://www.topografix.com/GPX/1/1 http://www.topografix.com/GPX/11.xsd"
	 xmlns:ns3="http://www.garmin.com/xmlschemas/TrackPointExtension/v1"
	 xmlns="http://www.topografix.com/GPX/1/1"
	 xmlns:xsi="http://www.w3.org/2001/XMLSchema-instance" xmlns:ns2="http://www.garmin.com/xmlschemas/GpxExtensions/v3">
	 <metadata>
		<name>Town of Celebration Marathon &amp; Half Marathon 2026 - 42.195 km</name>
		 <link href="https://www.goandrace.com">
		 <text>Garmin Connect</text>
		 </link>
	 <time>2026-08-09T18:07:22</time>
	 </metadata>
	 <trk>
		 <name>Town of Celebration Marathon &amp; Half Marathon 2026 - 42.195 km</name>
		 <trkseg>
			 <trkpt lat="28.317915" lon="-81.538912">
				 <ele>24.2</ele>
			 </trkpt>
			 <trkpt lat="28.317964" lon="-81.53893">
				 <ele>24.3</ele>
			 </trkpt>
			 <trkpt lat="28.318366" lon="-81.539085">
				 <ele>24.4</ele>
			 </trkpt>
			 <trkpt lat="28.318485" lon="-81.539133">
				 <ele>24.4</ele>
			 </trkpt>
			 <trkpt lat="28.318941" lon="-81.539313">
				 <ele>24.5</ele>
			 </trkpt>
			 <trkpt lat="28.319098" lon="-81.539386">
				 <ele>24.5</ele>
			 </trkpt>
			 <trkpt lat="28.31913" lon="-81.539399">
				 <ele>24.6</ele>
			 </trkpt>
			 <trkpt lat="28.319203" lon="-81.539412">
				 <ele>24.7</ele>
			 </trkpt>
			 <trkpt lat="28.319285" lon="-81.539413">
				 <ele>24.8</ele>
			 </trkpt>
			 <trkpt lat="28.31951" lon="-81.539384">
				 <ele>24.9</ele>
			 </trkpt>
			 <trkpt lat="28.319937" lon="-81.539328">
				 <ele>25</ele>
			 </trkpt>
			 <trkpt lat="28.320221" lon="-81.539291">
				 <ele>25</ele>
			 </trkpt>
			 <trkpt lat="28.320288" lon="-81.539282">
				 <ele>25</ele>
			 </trkpt>
			 <trkpt lat="28.320352" lon="-81.539274">
				 <ele>25</ele>
			 </trkpt>
			 <trkpt lat="28.320702" lon="-81.539229">
				 <ele>25</ele>
			 </trkpt>
			 <trkpt lat="28.321104" lon="-81.539178">
				 <ele>25</ele>
			 </trkpt>
			 <trkpt lat="28.321156" lon="-81.539171">
				 <ele>25.1</ele>
			 </trkpt>
			 <trkpt lat="28.321202" lon="-81.539165">
				 <ele>25.2</ele>
			 </trkpt>
			 <trkpt lat="28.321979" lon="-81.539063">
				 <ele>25.3</ele>
			 </trkpt>
			 <trkpt lat="28.322047" lon="-81.539054">
				 <ele>25.4</ele>
			 </trkpt>
			 <trkpt lat="28.32205" lon="-81.539128">
				 <ele>25.5</ele>
			 </trkpt>
			 <trkpt lat="28.322055" lon="-81.539243">
				 <ele>25.5</ele>
			 </trkpt>
			 <trkpt lat="28.32207" lon="-81.539549">
				 <ele>25.7</ele>
			 </trkpt>
			 <trkpt lat="28.322109" lon="-81.540004">
				 <ele>25.9</ele>
			 </trkpt>
			 <trkpt lat="28.322116" lon="-81.540251">
				 <ele>26.1</ele>
			 </trkpt>
			 <trkpt lat="28.322115" lon="-81.540584">
				 <ele>26.2</ele>
			 </trkpt>
			 <trkpt lat="28.322097" lon="-81.541054">
				 <ele>26.3</ele>
			 </trkpt>
			 <trkpt lat="28.322083" lon="-81.541546">
				 <ele>26.3</ele>
			 </trkpt>
			 <trkpt lat="28.322079" lon="-81.541637">
				 <ele>26.3</ele>
			 </trkpt>
			 <trkpt lat="28.321645" lon="-81.541504">
				 <ele>26.2</ele>
			 </trkpt>
			 <trkpt lat="28.321248" lon="-81.541383">
				 <ele>26.1</ele>
			 </trkpt>
			 <trkpt lat="28.320814" lon="-81.541248">
				 <ele>26</ele>
			 </trkpt>
			 <trkpt lat="28.32038" lon="-81.541113">
				 <ele>25.9</ele>
			 </trkpt>
			 <trkpt lat="28.320314" lon="-81.541093">
				 <ele>25.7</ele>
			 </trkpt>
			 <trkpt lat="28.319881" lon="-81.540955">
				 <ele>25.6</ele>
			 </trkpt>
			 <trkpt lat="28.319448" lon="-81.540817">
				 <ele>25.5</ele>
			 </trkpt>
			 <trkpt lat="28.319274" lon="-81.540762">
				 <ele>25.5</ele>
			 </trkpt>
			 <trkpt lat="28.319175" lon="-81.541095">
				 <ele>25.5</ele>
			 </trkpt>
			 <trkpt lat="28.319606" lon="-81.541242">
				 <ele>25.6</ele>
			 </trkpt>
			 <trkpt lat="28.320037" lon="-81.541389">
				 <ele>25.7</ele>
			 </trkpt>
			 <trkpt lat="28.320208" lon="-81.541447">
				 <ele>25.9</ele>
			 </trkpt>
			 <trkpt lat="28.320642" lon="-81.541579">
				 <ele>26.1</ele>
			 </trkpt>
			 <trkpt lat="28.321076" lon="-81.541712">
				 <ele>26.3</ele>
			 </trkpt>
			 <trkpt lat="28.32151" lon="-81.541845">
				 <ele>26.5</ele>
			 </trkpt>
			 <trkpt lat="28.321944" lon="-81.541977">
				 <ele>26.6</ele>
			 </trkpt>
			 <trkpt lat="28.322008" lon="-81.541997">
				 <ele>26.7</ele>
			 </trkpt>
			 <trkpt lat="28.32244" lon="-81.54214">
				 <ele>26.8</ele>
			 </trkpt>
			 <trkpt lat="28.322872" lon="-81.542282">
				 <ele>26.9</ele>
			 </trkpt>
			 <trkpt lat="28.32295" lon="-81.541948">
				 <ele>27</ele>
			 </trkpt>
			 <trkpt lat="28.322966" lon="-81.541844">
				 <ele>26.9</ele>
			 </trkpt>
			 <trkpt lat="28.323" lon="-81.541554">
				 <ele>26.8</ele>
			 </trkpt>
			 <trkpt lat="28.32301" lon="-81.541426">
				 <ele>26.7</ele>
			 </trkpt>
			 <trkpt lat="28.323028" lon="-81.541225">
				 <ele>26.6</ele>
			 </trkpt>
			 <trkpt lat="28.323041" lon="-81.540941">
				 <ele>26.5</ele>
			 </trkpt>
			 <trkpt lat="28.323044" lon="-81.540683">
				 <ele>26.5</ele>
			 </trkpt>
			 <trkpt lat="28.32304" lon="-81.540388">
				 <ele>26.4</ele>
			 </trkpt>
			 <trkpt lat="28.323039" lon="-81.540223">
				 <ele>26.3</ele>
			 </trkpt>
			 <trkpt lat="28.323024" lon="-81.539927">
				 <ele>26.2</ele>
			 </trkpt>
			 <trkpt lat="28.322977" lon="-81.539371">
				 <ele>26.1</ele>
			 </trkpt>
			 <trkpt lat="28.322969" lon="-81.539137">
				 <ele>25.9</ele>
			 </trkpt>
			 <trkpt lat="28.322972" lon="-81.539009">
				 <ele>25.8</ele>
			 </trkpt>
			 <trkpt lat="28.322973" lon="-81.538936">
				 <ele>25.7</ele>
			 </trkpt>
			 <trkpt lat="28.322977" lon="-81.538854">
				 <ele>25.6</ele>
			 </trkpt>
			 <trkpt lat="28.323009" lon="-81.538564">
				 <ele>25.5</ele>
			 </trkpt>
			 <trkpt lat="28.3231" lon="-81.538073">
				 <ele>25.5</ele>
			 </trkpt>
			 <trkpt lat="28.323113" lon="-81.538002">
				 <ele>25.4</ele>
			 </trkpt>
			 <trkpt lat="28.32313" lon="-81.537931">
				 <ele>25.3</ele>
			 </trkpt>
			 <trkpt lat="28.323264" lon="-81.537347">
				 <ele>25.2</ele>
			 </trkpt>
			 <trkpt lat="28.323307" lon="-81.537098">
				 <ele>25.1</ele>
			 </trkpt>
			 <trkpt lat="28.323332" lon="-81.53686">
				 <ele>25</ele>
			 </trkpt>
			 <trkpt lat="28.323343" lon="-81.536611">
				 <ele>24.9</ele>
			 </trkpt>
			 <trkpt lat="28.323341" lon="-81.536463">
				 <ele>24.8</ele>
			 </trkpt>
			 <trkpt lat="28.323325" lon="-81.536223">
				 <ele>24.7</ele>
			 </trkpt>
			 <trkpt lat="28.323288" lon="-81.535971">
				 <ele>24.6</ele>
			 </trkpt>
			 <trkpt lat="28.323263" lon="-81.535847">
				 <ele>24.5</ele>
			 </trkpt>
			 <trkpt lat="28.323234" lon="-81.535733">
				 <ele>24.3</ele>
			 </trkpt>
			 <trkpt lat="28.323219" lon="-81.535688">
				 <ele>24.1</ele>
			 </trkpt>
			 <trkpt lat="28.323161" lon="-81.535503">
				 <ele>23.9</ele>
			 </trkpt>
			 <trkpt lat="28.323122" lon="-81.535398">
				 <ele>23.7</ele>
			 </trkpt>
			 <trkpt lat="28.322847" lon="-81.534799">
				 <ele>23.5</ele>
			 </trkpt>
			 <trkpt lat="28.322805" lon="-81.53471">
				 <ele>23.3</ele>
			 </trkpt>
			 <trkpt lat="28.323048" lon="-81.534512">
				 <ele>23.2</ele>
			 </trkpt>
			 <trkpt lat="28.323304" lon="-81.534224">
				 <ele>23.2</ele>
			 </trkpt>
			 <trkpt lat="28.323329" lon="-81.534196">
				 <ele>23.3</ele>
			 </trkpt>
			 <trkpt lat="28.323848" lon="-81.533637">
				 <ele>23.4</ele>
			 </trkpt>
			 <trkpt lat="28.324201" lon="-81.533319">
				 <ele>23.5</ele>
			 </trkpt>
			 <trkpt lat="28.324293" lon="-81.533235">
				 <ele>23.8</ele>
			 </trkpt>
			 <trkpt lat="28.324618" lon="-81.532882">
				 <ele>24.1</ele>
			 </trkpt>
			 <trkpt lat="28.324942" lon="-81.532528">
				 <ele>24.4</ele>
			 </trkpt>
			 <trkpt lat="28.325266" lon="-81.532174">
				 <ele>24.6</ele>
			 </trkpt>
			 <trkpt lat="28.325492" lon="-81.531928">
				 <ele>25</ele>
			 </trkpt>
			 <trkpt lat="28.325798" lon="-81.531599">
				 <ele>25.3</ele>
			 </trkpt>
			 <trkpt lat="28.32607" lon="-81.531413">
				 <ele>25.5</ele>
			 </trkpt>
			 <trkpt lat="28.326321" lon="-81.5313">
				 <ele>25.7</ele>
			 </trkpt>
			 <trkpt lat="28.326556" lon="-81.53125">
				 <ele>25.8</ele>
			 </trkpt>
			 <trkpt lat="28.327003" lon="-81.531196">
				 <ele>26</ele>
			 </trkpt>
			 <trkpt lat="28.327058" lon="-81.531189">
				 <ele>26.2</ele>
			 </trkpt>
			 <trkpt lat="28.327504" lon="-81.531128">
				 <ele>26.3</ele>
			 </trkpt>
			 <trkpt lat="28.327951" lon="-81.531067">
				 <ele>26.4</ele>
			 </trkpt>
			 <trkpt lat="28.328397" lon="-81.531006">
				 <ele>26.5</ele>
			 </trkpt>
			 <trkpt lat="28.328808" lon="-81.530949">
				 <ele>26.5</ele>
			 </trkpt>
			 <trkpt lat="28.329217" lon="-81.530879">
				 <ele>26.6</ele>
			 </trkpt>
			 <trkpt lat="28.32953" lon="-81.530771">
				 <ele>26.7</ele>
			 </trkpt>
			 <trkpt lat="28.329694" lon="-81.530686">
				 <ele>26.8</ele>
			 </trkpt>
			 <trkpt lat="28.329966" lon="-81.530469">
				 <ele>26.9</ele>
			 </trkpt>
			 <trkpt lat="28.330157" lon="-81.530299">
				 <ele>27</ele>
			 </trkpt>
			 <trkpt lat="28.330273" lon="-81.530268">
				 <ele>27</ele>
			 </trkpt>
			 <trkpt lat="28.330477" lon="-81.530507">
				 <ele>27</ele>
			 </trkpt>
			 <trkpt lat="28.33063" lon="-81.530848">
				 <ele>27</ele>
			 </trkpt>
			 <trkpt lat="28.330691" lon="-81.531322">
				 <ele>27</ele>
			 </trkpt>
			 <trkpt lat="28.33063" lon="-81.531677">
				 <ele>27</ele>
			 </trkpt>
			 <trkpt lat="28.330462" lon="-81.532151">
				 <ele>27</ele>
			 </trkpt>
			 <trkpt lat="28.330295" lon="-81.532625">
				 <ele>27</ele>
			 </trkpt>
			 <trkpt lat="28.330128" lon="-81.533099">
				 <ele>27</ele>
			 </trkpt>
			 <trkpt lat="28.32996" lon="-81.533573">
				 <ele>27</ele>
			 </trkpt>
			 <trkpt lat="28.329796" lon="-81.534038">
				 <ele>26.9</ele>
			 </trkpt>
			 <trkpt lat="28.329776" lon="-81.534097">
				 <ele>26.8</ele>
			 </trkpt>
			 <trkpt lat="28.329634" lon="-81.534515">
				 <ele>26.7</ele>
			 </trkpt>
			 <trkpt lat="28.329472" lon="-81.534991">
				 <ele>26.6</ele>
			 </trkpt>
			 <trkpt lat="28.32931" lon="-81.535468">
				 <ele>26.5</ele>
			 </trkpt>
			 <trkpt lat="28.329232" lon="-81.535696">
				 <ele>26.5</ele>
			 </trkpt>
			 <trkpt lat="28.329189" lon="-81.536002">
				 <ele>26.4</ele>
			 </trkpt>
			 <trkpt lat="28.329159" lon="-81.536438">
				 <ele>26.3</ele>
			 </trkpt>
			 <trkpt lat="28.329208" lon="-81.536842">
				 <ele>26.2</ele>
			 </trkpt>
			 <trkpt lat="28.329326" lon="-81.537335">
				 <ele>26.3</ele>
			 </trkpt>
			 <trkpt lat="28.329362" lon="-81.537483">
				 <ele>26.3</ele>
			 </trkpt>
			 <trkpt lat="28.329503" lon="-81.537968">
				 <ele>26.5</ele>
			 </trkpt>
			 <trkpt lat="28.329643" lon="-81.538453">
				 <ele>26.6</ele>
			 </trkpt>
			 <trkpt lat="28.329784" lon="-81.538939">
				 <ele>26.7</ele>
			 </trkpt>
			 <trkpt lat="28.329925" lon="-81.539424">
				 <ele>26.8</ele>
			 </trkpt>
			 <trkpt lat="28.330066" lon="-81.539909">
				 <ele>26.9</ele>
			 </trkpt>
			 <trkpt lat="28.330207" lon="-81.540394">
				 <ele>27</ele>
			 </trkpt>
			 <trkpt lat="28.330337" lon="-81.54084">
				 <ele>27.2</ele>
			 </trkpt>
			 <trkpt lat="28.330363" lon="-81.541202">
				 <ele>27.4</ele>
			 </trkpt>
			 <trkpt lat="28.330367" lon="-81.541258">
				 <ele>27.5</ele>
			 </trkpt>
			 <trkpt lat="28.330343" lon="-81.541572">
				 <ele>27.5</ele>
			 </trkpt>
			 <trkpt lat="28.330275" lon="-81.541955">
				 <ele>27.6</ele>
			 </trkpt>
			 <trkpt lat="28.33012" lon="-81.542434">
				 <ele>27.6</ele>
			 </trkpt>
			 <trkpt lat="28.330097" lon="-81.542505">
				 <ele>27.6</ele>
			 </trkpt>
			 <trkpt lat="28.329945" lon="-81.542986">
				 <ele>27.7</ele>
			 </trkpt>
			 <trkpt lat="28.329793" lon="-81.543467">
				 <ele>27.8</ele>
			 </trkpt>
			 <trkpt lat="28.329641" lon="-81.543947">
				 <ele>27.9</ele>
			 </trkpt>
			 <trkpt lat="28.329503" lon="-81.544386">
				 <ele>28</ele>
			 </trkpt>
			 <trkpt lat="28.329297" lon="-81.54484">
				 <ele>28</ele>
			 </trkpt>
			 <trkpt lat="28.329184" lon="-81.545089">
				 <ele>28.1</ele>
			 </trkpt>
			 <trkpt lat="28.328975" lon="-81.545542">
				 <ele>28.1</ele>
			 </trkpt>
			 <trkpt lat="28.328865" lon="-81.545779">
				 <ele>28.1</ele>
			 </trkpt>
			 <trkpt lat="28.328643" lon="-81.546156">
				 <ele>28.1</ele>
			 </trkpt>
			 <trkpt lat="28.328389" lon="-81.546426">
				 <ele>28.1</ele>
			 </trkpt>
			 <trkpt lat="28.328135" lon="-81.546671">
				 <ele>28.1</ele>
			 </trkpt>
			 <trkpt lat="28.327831" lon="-81.546865">
				 <ele>28.1</ele>
			 </trkpt>
			 <trkpt lat="28.327517" lon="-81.546984">
				 <ele>28.1</ele>
			 </trkpt>
			 <trkpt lat="28.327119" lon="-81.54711">
				 <ele>28</ele>
			 </trkpt>
			 <trkpt lat="28.326755" lon="-81.547135">
				 <ele>27.9</ele>
			 </trkpt>
			 <trkpt lat="28.326305" lon="-81.547127">
				 <ele>27.8</ele>
			 </trkpt>
			 <trkpt lat="28.325971" lon="-81.54712">
				 <ele>27.6</ele>
			 </trkpt>
			 <trkpt lat="28.325777" lon="-81.547131">
				 <ele>27.5</ele>
			 </trkpt>
			 <trkpt lat="28.325651" lon="-81.547209">
				 <ele>27.5</ele>
			 </trkpt>
			 <trkpt lat="28.325617" lon="-81.547583">
				 <ele>27.4</ele>
			 </trkpt>
			 <trkpt lat="28.325568" lon="-81.547986">
				 <ele>27.2</ele>
			 </trkpt>
			 <trkpt lat="28.325471" lon="-81.548327">
				 <ele>27</ele>
			 </trkpt>
			 <trkpt lat="28.325319" lon="-81.548808">
				 <ele>26.8</ele>
			 </trkpt>
			 <trkpt lat="28.325287" lon="-81.548908">
				 <ele>26.6</ele>
			 </trkpt>
			 <trkpt lat="28.325088" lon="-81.549366">
				 <ele>26.5</ele>
			 </trkpt>
			 <trkpt lat="28.324879" lon="-81.54974">
				 <ele>26.4</ele>
			 </trkpt>
			 <trkpt lat="28.324666" lon="-81.550054">
				 <ele>26.2</ele>
			 </trkpt>
			 <trkpt lat="28.324448" lon="-81.550324">
				 <ele>26</ele>
			 </trkpt>
			 <trkpt lat="28.3242" lon="-81.550616">
				 <ele>25.9</ele>
			 </trkpt>
			 <trkpt lat="28.323928" lon="-81.550859">
				 <ele>25.8</ele>
			 </trkpt>
			 <trkpt lat="28.323642" lon="-81.551085">
				 <ele>25.7</ele>
			 </trkpt>
			 <trkpt lat="28.323257" lon="-81.551348">
				 <ele>25.7</ele>
			 </trkpt>
			 <trkpt lat="28.323231" lon="-81.551366">
				 <ele>25.7</ele>
			 </trkpt>
			 <trkpt lat="28.322818" lon="-81.551567">
				 <ele>25.7</ele>
			 </trkpt>
			 <trkpt lat="28.322746" lon="-81.551603">
				 <ele>25.7</ele>
			 </trkpt>
			 <trkpt lat="28.322317" lon="-81.551755">
				 <ele>25.7</ele>
			 </trkpt>
			 <trkpt lat="28.321888" lon="-81.551907">
				 <ele>25.8</ele>
			 </trkpt>
			 <trkpt lat="28.321566" lon="-81.552021">
				 <ele>25.9</ele>
			 </trkpt>
			 <trkpt lat="28.321136" lon="-81.552173">
				 <ele>26</ele>
			 </trkpt>
			 <trkpt lat="28.320707" lon="-81.552325">
				 <ele>26</ele>
			 </trkpt>
			 <trkpt lat="28.320278" lon="-81.552477">
				 <ele>26</ele>
			 </trkpt>
			 <trkpt lat="28.320168" lon="-81.552516">
				 <ele>26</ele>
			 </trkpt>
			 <trkpt lat="28.319738" lon="-81.552666">
				 <ele>26</ele>
			 </trkpt>
			 <trkpt lat="28.319308" lon="-81.552816">
				 <ele>26</ele>
			 </trkpt>
			 <trkpt lat="28.319235" lon="-81.552841">
				 <ele>26</ele>
			 </trkpt>
			 <trkpt lat="28.318819" lon="-81.553034">
				 <ele>26</ele>
			 </trkpt>
			 <trkpt lat="28.318522" lon="-81.553172">
				 <ele>26</ele>
			 </trkpt>
			 <trkpt lat="28.318202" lon="-81.553348">
				 <ele>26</ele>
			 </trkpt>
			 <trkpt lat="28.31794" lon="-81.553519">
				 <ele>26</ele>
			 </trkpt>
			 <trkpt lat="28.317555" lon="-81.553782">
				 <ele>26</ele>
			 </trkpt>
			 <trkpt lat="28.317445" lon="-81.553857">
				 <ele>26</ele>
			 </trkpt>
			 <trkpt lat="28.31708" lon="-81.554154">
				 <ele>26</ele>
			 </trkpt>
			 <trkpt lat="28.317052" lon="-81.554177">
				 <ele>26</ele>
			 </trkpt>
			 <trkpt lat="28.316912" lon="-81.554303">
				 <ele>26</ele>
			 </trkpt>
			 <trkpt lat="28.316562" lon="-81.554624">
				 <ele>26</ele>
			 </trkpt>
			 <trkpt lat="28.316498" lon="-81.554683">
				 <ele>26</ele>
			 </trkpt>
			 <trkpt lat="28.31628" lon="-81.554909">
				 <ele>26</ele>
			 </trkpt>
			 <trkpt lat="28.316032" lon="-81.555185">
				 <ele>26</ele>
			 </trkpt>
			 <trkpt lat="28.31577" lon="-81.555538">
				 <ele>26</ele>
			 </trkpt>
			 <trkpt lat="28.3155" lon="-81.555946">
				 <ele>26</ele>
			 </trkpt>
			 <trkpt lat="28.315387" lon="-81.556116">
				 <ele>26</ele>
			 </trkpt>
			 <trkpt lat="28.315135" lon="-81.55654">
				 <ele>26</ele>
			 </trkpt>
			 <trkpt lat="28.314951" lon="-81.55685">
				 <ele>25.9</ele>
			 </trkpt>
			 <trkpt lat="28.314919" lon="-81.556903">
				 <ele>25.9</ele>
			 </trkpt>
			 <trkpt lat="28.31471" lon="-81.557356">
				 <ele>25.9</ele>
			 </trkpt>
			 <trkpt lat="28.314502" lon="-81.557808">
				 <ele>25.9</ele>
			 </trkpt>
			 <trkpt lat="28.314293" lon="-81.558261">
				 <ele>25.9</ele>
			 </trkpt>
			 <trkpt lat="28.314085" lon="-81.558713">
				 <ele>25.9</ele>
			 </trkpt>
			 <trkpt lat="28.313876" lon="-81.559165">
				 <ele>25.9</ele>
			 </trkpt>
			 <trkpt lat="28.313667" lon="-81.559618">
				 <ele>25.9</ele>
			 </trkpt>
			 <trkpt lat="28.313479" lon="-81.560026">
				 <ele>25.9</ele>
			 </trkpt>
			 <trkpt lat="28.313244" lon="-81.560462">
				 <ele>25.9</ele>
			 </trkpt>
			 <trkpt lat="28.31301" lon="-81.560897">
				 <ele>25.9</ele>
			 </trkpt>
			 <trkpt lat="28.312984" lon="-81.560945">
				 <ele>25.9</ele>
			 </trkpt>
			 <trkpt lat="28.312708" lon="-81.561349">
				 <ele>25.8</ele>
			 </trkpt>
			 <trkpt lat="28.312499" lon="-81.561628">
				 <ele>25.7</ele>
			 </trkpt>
			 <trkpt lat="28.312239" lon="-81.561937">
				 <ele>25.6</ele>
			 </trkpt>
			 <trkpt lat="28.312187" lon="-81.561995">
				 <ele>25.5</ele>
			 </trkpt>
			 <trkpt lat="28.311975" lon="-81.562235">
				 <ele>25.5</ele>
			 </trkpt>
			 <trkpt lat="28.311701" lon="-81.562499">
				 <ele>25.3</ele>
			 </trkpt>
			 <trkpt lat="28.311343" lon="-81.562808">
				 <ele>25.1</ele>
			 </trkpt>
			 <trkpt lat="28.311258" lon="-81.562882">
				 <ele>24.9</ele>
			 </trkpt>
			 <trkpt lat="28.310979" lon="-81.563079">
				 <ele>24.7</ele>
			 </trkpt>
			 <trkpt lat="28.310717" lon="-81.563247">
				 <ele>24.5</ele>
			 </trkpt>
			 <trkpt lat="28.31035" lon="-81.563448">
				 <ele>24.4</ele>
			 </trkpt>
			 <trkpt lat="28.309932" lon="-81.563637">
				 <ele>24.2</ele>
			 </trkpt>
			 <trkpt lat="28.309867" lon="-81.563666">
				 <ele>24</ele>
			 </trkpt>
			 <trkpt lat="28.309433" lon="-81.563801">
				 <ele>23.8</ele>
			 </trkpt>
			 <trkpt lat="28.30917" lon="-81.563882">
				 <ele>23.6</ele>
			 </trkpt>
			 <trkpt lat="28.308725" lon="-81.563953">
				 <ele>23.5</ele>
			 </trkpt>
			 <trkpt lat="28.30828" lon="-81.564023">
				 <ele>23.4</ele>
			 </trkpt>
			 <trkpt lat="28.307813" lon="-81.564026">
				 <ele>23.3</ele>
			 </trkpt>
			 <trkpt lat="28.307363" lon="-81.564026">
				 <ele>23.2</ele>
			 </trkpt>
			 <trkpt lat="28.307245" lon="-81.564027">
				 <ele>23.1</ele>
			 </trkpt>
			 <trkpt lat="28.306799" lon="-81.563966">
				 <ele>23</ele>
			 </trkpt>
			 <trkpt lat="28.306352" lon="-81.563905">
				 <ele>23</ele>
			 </trkpt>
			 <trkpt lat="28.305906" lon="-81.563844">
				 <ele>23</ele>
			 </trkpt>
			 <trkpt lat="28.30566" lon="-81.563811">
				 <ele>23</ele>
			 </trkpt>
			 <trkpt lat="28.305247" lon="-81.563792">
				 <ele>23</ele>
			 </trkpt>
			 <trkpt lat="28.304798" lon="-81.563821">
				 <ele>23</ele>
			 </trkpt>
			 <trkpt lat="28.304502" lon="-81.56384">
				 <ele>23</ele>
			 </trkpt>
			 <trkpt lat="28.304412" lon="-81.563863">
				 <ele>23</ele>
			 </trkpt>
			 <trkpt lat="28.304063" lon="-81.56395">
				 <ele>23</ele>
			 </trkpt>
			 <trkpt lat="28.303923" lon="-81.563985">
				 <ele>23</ele>
			 </trkpt>
			 <trkpt lat="28.303508" lon="-81.564181">
				 <ele>23</ele>
			 </trkpt>
			 <trkpt lat="28.30325" lon="-81.564304">
				 <ele>23</ele>
			 </trkpt>
			 <trkpt lat="28.30285" lon="-81.564514">
				 <ele>23</ele>
			 </trkpt>
			 <trkpt lat="28.302476" lon="-81.564796">
				 <ele>22.9</ele>
			 </trkpt>
			 <trkpt lat="28.302407" lon="-81.564847">
				 <ele>22.9</ele>
			 </trkpt>
			 <trkpt lat="28.30206" lon="-81.565171">
				 <ele>22.9</ele>
			 </trkpt>
			 <trkpt lat="28.301836" lon="-81.56538">
				 <ele>22.9</ele>
			 </trkpt>
			 <trkpt lat="28.301523" lon="-81.565747">
				 <ele>22.9</ele>
			 </trkpt>
			 <trkpt lat="28.301495" lon="-81.56578">
				 <ele>22.9</ele>
			 </trkpt>
			 <trkpt lat="28.30121" lon="-81.566176">
				 <ele>22.9</ele>
			 </trkpt>
			 <trkpt lat="28.300962" lon="-81.56652">
				 <ele>22.9</ele>
			 </trkpt>
			 <trkpt lat="28.300786" lon="-81.56689">
				 <ele>22.9</ele>
			 </trkpt>
			 <trkpt lat="28.300738" lon="-81.567229">
				 <ele>22.9</ele>
			 </trkpt>
			 <trkpt lat="28.300658" lon="-81.567557">
				 <ele>22.9</ele>
			 </trkpt>
			 <trkpt lat="28.300471" lon="-81.567835">
				 <ele>23</ele>
			 </trkpt>
			 <trkpt lat="28.300353" lon="-81.56812">
				 <ele>23</ele>
			 </trkpt>
			 <trkpt lat="28.300236" lon="-81.568613">
				 <ele>23</ele>
			 </trkpt>
			 <trkpt lat="28.300203" lon="-81.568753">
				 <ele>23</ele>
			 </trkpt>
			 <trkpt lat="28.300165" lon="-81.569262">
				 <ele>23</ele>
			 </trkpt>
			 <trkpt lat="28.30016" lon="-81.569335">
				 <ele>23</ele>
			 </trkpt>
			 <trkpt lat="28.300144" lon="-81.569693">
				 <ele>23</ele>
			 </trkpt>
			 <trkpt lat="28.300134" lon="-81.570203">
				 <ele>23</ele>
			 </trkpt>
			 <trkpt lat="28.300124" lon="-81.570714">
				 <ele>23</ele>
			 </trkpt>
			 <trkpt lat="28.300117" lon="-81.571081">
				 <ele>23</ele>
			 </trkpt>
			 <trkpt lat="28.299987" lon="-81.571266">
				 <ele>23</ele>
			 </trkpt>
			 <trkpt lat="28.299739" lon="-81.571352">
				 <ele>23</ele>
			 </trkpt>
			 <trkpt lat="28.299675" lon="-81.571352">
				 <ele>23</ele>
			 </trkpt>
			 <trkpt lat="28.299661" lon="-81.571682">
				 <ele>23</ele>
			 </trkpt>
			 <trkpt lat="28.299793" lon="-81.571773">
				 <ele>23</ele>
			 </trkpt>
			 <trkpt lat="28.299885" lon="-81.571932">
				 <ele>23</ele>
			 </trkpt>
			 <trkpt lat="28.299928" lon="-81.572103">
				 <ele>23</ele>
			 </trkpt>
			 <trkpt lat="28.299909" lon="-81.572221">
				 <ele>23</ele>
			 </trkpt>
			 <trkpt lat="28.299824" lon="-81.572425">
				 <ele>23</ele>
			 </trkpt>
			 <trkpt lat="28.299717" lon="-81.572524">
				 <ele>23</ele>
			 </trkpt>
			 <trkpt lat="28.299585" lon="-81.572557">
				 <ele>23</ele>
			 </trkpt>
			 <trkpt lat="28.299137" lon="-81.572514">
				 <ele>23</ele>
			 </trkpt>
			 <trkpt lat="28.298968" lon="-81.572498">
				 <ele>23</ele>
			 </trkpt>
			 <trkpt lat="28.298792" lon="-81.572474">
				 <ele>23</ele>
			 </trkpt>
			 <trkpt lat="28.298702" lon="-81.572442">
				 <ele>23</ele>
			 </trkpt>
			 <trkpt lat="28.298608" lon="-81.572353">
				 <ele>23</ele>
			 </trkpt>
			 <trkpt lat="28.298532" lon="-81.572195">
				 <ele>23</ele>
			 </trkpt>
			 <trkpt lat="28.298532" lon="-81.571964">
				 <ele>23</ele>
			 </trkpt>
			 <trkpt lat="28.298577" lon="-81.571798">
				 <ele>23</ele>
			 </trkpt>
			 <trkpt lat="28.298662" lon="-81.571707">
				 <ele>23</ele>
			 </trkpt>
			 <trkpt lat="28.298797" lon="-81.571616">
				 <ele>23</ele>
			 </trkpt>
			 <trkpt lat="28.298955" lon="-81.571597">
				 <ele>23</ele>
			 </trkpt>
			 <trkpt lat="28.299404" lon="-81.571624">
				 <ele>23</ele>
			 </trkpt>
			 <trkpt lat="28.299635" lon="-81.571637">
				 <ele>23</ele>
			 </trkpt>
			 <trkpt lat="28.299654" lon="-81.571339">
				 <ele>23</ele>
			 </trkpt>
			 <trkpt lat="28.299329" lon="-81.571263">
				 <ele>22.9</ele>
			 </trkpt>
			 <trkpt lat="28.299087" lon="-81.571188">
				 <ele>22.8</ele>
			 </trkpt>
			 <trkpt lat="28.298999" lon="-81.571132">
				 <ele>22.7</ele>
			 </trkpt>
			 <trkpt lat="28.298938" lon="-81.571093">
				 <ele>22.6</ele>
			 </trkpt>
			 <trkpt lat="28.29882" lon="-81.571001">
				 <ele>22.5</ele>
			 </trkpt>
			 <trkpt lat="28.298646" lon="-81.570818">
				 <ele>22.5</ele>
			 </trkpt>
			 <trkpt lat="28.298591" lon="-81.570749">
				 <ele>22.4</ele>
			 </trkpt>
			 <trkpt lat="28.298511" lon="-81.570627">
				 <ele>22.3</ele>
			 </trkpt>
			 <trkpt lat="28.298471" lon="-81.57056">
				 <ele>22.2</ele>
			 </trkpt>
			 <trkpt lat="28.298401" lon="-81.570403">
				 <ele>22.1</ele>
			 </trkpt>
			 <trkpt lat="28.298334" lon="-81.570203">
				 <ele>22</ele>
			 </trkpt>
			 <trkpt lat="28.298319" lon="-81.570129">
				 <ele>22</ele>
			 </trkpt>
			 <trkpt lat="28.298288" lon="-81.569974">
				 <ele>22</ele>
			 </trkpt>
			 <trkpt lat="28.298212" lon="-81.56996">
				 <ele>22</ele>
			 </trkpt>
			 <trkpt lat="28.29814" lon="-81.56992">
				 <ele>22</ele>
			 </trkpt>
			 <trkpt lat="28.298087" lon="-81.569866">
				 <ele>22</ele>
			 </trkpt>
			 <trkpt lat="28.298045" lon="-81.569792">
				 <ele>22</ele>
			 </trkpt>
			 <trkpt lat="28.298026" lon="-81.569732">
				 <ele>22</ele>
			 </trkpt>
			 <trkpt lat="28.298019" lon="-81.569658">
				 <ele>22</ele>
			 </trkpt>
			 <trkpt lat="28.298025" lon="-81.56959">
				 <ele>22</ele>
			 </trkpt>
			 <trkpt lat="28.298045" lon="-81.569523">
				 <ele>22</ele>
			 </trkpt>
			 <trkpt lat="28.298087" lon="-81.56945">
				 <ele>22</ele>
			 </trkpt>
			 <trkpt lat="28.298144" lon="-81.569393">
				 <ele>22</ele>
			 </trkpt>
			 <trkpt lat="28.298213" lon="-81.569355">
				 <ele>22</ele>
			 </trkpt>
			 <trkpt lat="28.298285" lon="-81.569341">
				 <ele>22</ele>
			 </trkpt>
			 <trkpt lat="28.298364" lon="-81.569349">
				 <ele>22</ele>
			 </trkpt>
			 <trkpt lat="28.298428" lon="-81.569377">
				 <ele>22</ele>
			 </trkpt>
			 <trkpt lat="28.298492" lon="-81.56943">
				 <ele>22</ele>
			 </trkpt>
			 <trkpt lat="28.298535" lon="-81.56949">
				 <ele>22</ele>
			 </trkpt>
			 <trkpt lat="28.298567" lon="-81.56957">
				 <ele>22</ele>
			 </trkpt>
			 <trkpt lat="28.298577" lon="-81.569665">
				 <ele>22</ele>
			 </trkpt>
			 <trkpt lat="28.298567" lon="-81.569745">
				 <ele>22</ele>
			 </trkpt>
			 <trkpt lat="28.298537" lon="-81.569823">
				 <ele>22</ele>
			 </trkpt>
			 <trkpt lat="28.298495" lon="-81.569882">
				 <ele>22</ele>
			 </trkpt>
			 <trkpt lat="28.298443" lon="-81.569928">
				 <ele>22</ele>
			 </trkpt>
			 <trkpt lat="28.298383" lon="-81.569958">
				 <ele>22</ele>
			 </trkpt>
			 <trkpt lat="28.298423" lon="-81.57017">
				 <ele>22</ele>
			 </trkpt>
			 <trkpt lat="28.298464" lon="-81.570294">
				 <ele>22</ele>
			 </trkpt>
			 <trkpt lat="28.298518" lon="-81.570432">
				 <ele>22</ele>
			 </trkpt>
			 <trkpt lat="28.298584" lon="-81.570555">
				 <ele>22.1</ele>
			 </trkpt>
			 <trkpt lat="28.298625" lon="-81.570624">
				 <ele>22.2</ele>
			 </trkpt>
			 <trkpt lat="28.298664" lon="-81.570686">
				 <ele>22.3</ele>
			 </trkpt>
			 <trkpt lat="28.298756" lon="-81.570797">
				 <ele>22.4</ele>
			 </trkpt>
			 <trkpt lat="28.298864" lon="-81.570909">
				 <ele>22.5</ele>
			 </trkpt>
			 <trkpt lat="28.299031" lon="-81.571028">
				 <ele>22.5</ele>
			 </trkpt>
			 <trkpt lat="28.299088" lon="-81.571062">
				 <ele>22.6</ele>
			 </trkpt>
			 <trkpt lat="28.299207" lon="-81.571119">
				 <ele>22.7</ele>
			 </trkpt>
			 <trkpt lat="28.299327" lon="-81.571162">
				 <ele>22.8</ele>
			 </trkpt>
			 <trkpt lat="28.29945" lon="-81.571192">
				 <ele>22.9</ele>
			 </trkpt>
			 <trkpt lat="28.299584" lon="-81.571209">
				 <ele>23</ele>
			 </trkpt>
			 <trkpt lat="28.299856" lon="-81.57121">
				 <ele>23</ele>
			 </trkpt>
			 <trkpt lat="28.299923" lon="-81.57121">
				 <ele>23</ele>
			 </trkpt>
			 <trkpt lat="28.299971" lon="-81.571212">
				 <ele>23</ele>
			 </trkpt>
			 <trkpt lat="28.300099" lon="-81.571212">
				 <ele>23</ele>
			 </trkpt>
			 <trkpt lat="28.300111" lon="-81.571179">
				 <ele>23</ele>
			 </trkpt>
			 <trkpt lat="28.300133" lon="-81.571153">
				 <ele>23</ele>
			 </trkpt>
			 <trkpt lat="28.300141" lon="-81.571066">
				 <ele>23</ele>
			 </trkpt>
			 <trkpt lat="28.300139" lon="-81.570998">
				 <ele>23</ele>
			 </trkpt>
			 <trkpt lat="28.300136" lon="-81.569642">
				 <ele>23</ele>
			 </trkpt>
			 <trkpt lat="28.300153" lon="-81.569268">
				 <ele>23</ele>
			 </trkpt>
			 <trkpt lat="28.300181" lon="-81.568977">
				 <ele>23</ele>
			 </trkpt>
			 <trkpt lat="28.300205" lon="-81.568803">
				 <ele>23</ele>
			 </trkpt>
			 <trkpt lat="28.300222" lon="-81.568692">
				 <ele>23</ele>
			 </trkpt>
			 <trkpt lat="28.300274" lon="-81.5684">
				 <ele>23</ele>
			 </trkpt>
			 <trkpt lat="28.300342" lon="-81.568102">
				 <ele>23</ele>
			 </trkpt>
			 <trkpt lat="28.300444" lon="-81.567894">
				 <ele>23</ele>
			 </trkpt>
			 <trkpt lat="28.300633" lon="-81.567573">
				 <ele>23</ele>
			 </trkpt>
			 <trkpt lat="28.300706" lon="-81.567441">
				 <ele>23</ele>
			 </trkpt>
			 <trkpt lat="28.30074" lon="-81.567311">
				 <ele>23</ele>
			 </trkpt>
			 <trkpt lat="28.300735" lon="-81.567093">
				 <ele>23</ele>
			 </trkpt>
			 <trkpt lat="28.300718" lon="-81.567026">
				 <ele>23</ele>
			 </trkpt>
			 <trkpt lat="28.300723" lon="-81.566954">
				 <ele>23</ele>
			 </trkpt>
			 <trkpt lat="28.300749" lon="-81.566888">
				 <ele>23</ele>
			 </trkpt>
			 <trkpt lat="28.30079" lon="-81.566836">
				 <ele>22.9</ele>
			 </trkpt>
			 <trkpt lat="28.300809" lon="-81.566804">
				 <ele>22.8</ele>
			 </trkpt>
			 <trkpt lat="28.300904" lon="-81.566653">
				 <ele>22.7</ele>
			 </trkpt>
			 <trkpt lat="28.300839" lon="-81.566606">
				 <ele>22.6</ele>
			 </trkpt>
			 <trkpt lat="28.300659" lon="-81.566539">
				 <ele>22.5</ele>
			 </trkpt>
			 <trkpt lat="28.300602" lon="-81.56643">
				 <ele>22.5</ele>
			 </trkpt>
			 <trkpt lat="28.300567" lon="-81.566267">
				 <ele>22.4</ele>
			 </trkpt>
			 <trkpt lat="28.3006" lon="-81.566167">
				 <ele>22.3</ele>
			 </trkpt>
			 <trkpt lat="28.300683" lon="-81.56605">
				 <ele>22.3</ele>
			 </trkpt>
			 <trkpt lat="28.300683" lon="-81.56555">
				 <ele>22.3</ele>
			 </trkpt>
			 <trkpt lat="28.300817" lon="-81.564967">
				 <ele>22.2</ele>
			 </trkpt>
			 <trkpt lat="28.300717" lon="-81.564817">
				 <ele>22.2</ele>
			 </trkpt>
			 <trkpt lat="28.300706" lon="-81.564283">
				 <ele>22.2</ele>
			 </trkpt>
			 <trkpt lat="28.3007" lon="-81.563983">
				 <ele>22.2</ele>
			 </trkpt>
			 <trkpt lat="28.300683" lon="-81.563933">
				 <ele>22.2</ele>
			 </trkpt>
			 <trkpt lat="28.3004" lon="-81.563483">
				 <ele>22.2</ele>
			 </trkpt>
			 <trkpt lat="28.300292" lon="-81.563287">
				 <ele>22.2</ele>
			 </trkpt>
			 <trkpt lat="28.300247" lon="-81.563066">
				 <ele>22.2</ele>
			 </trkpt>
			 <trkpt lat="28.300367" lon="-81.562883">
				 <ele>22.2</ele>
			 </trkpt>
			 <trkpt lat="28.300383" lon="-81.562783">
				 <ele>22.1</ele>
			 </trkpt>
			 <trkpt lat="28.3005" lon="-81.56275">
				 <ele>22</ele>
			 </trkpt>
			 <trkpt lat="28.300533" lon="-81.5626">
				 <ele>22</ele>
			 </trkpt>
			 <trkpt lat="28.300667" lon="-81.562483">
				 <ele>22</ele>
			 </trkpt>
			 <trkpt lat="28.300633" lon="-81.5623">
				 <ele>22</ele>
			 </trkpt>
			 <trkpt lat="28.300833" lon="-81.561683">
				 <ele>22.1</ele>
			 </trkpt>
			 <trkpt lat="28.3008" lon="-81.561133">
				 <ele>22.2</ele>
			 </trkpt>
			 <trkpt lat="28.300833" lon="-81.560883">
				 <ele>22.3</ele>
			 </trkpt>
			 <trkpt lat="28.300933" lon="-81.56045">
				 <ele>22.4</ele>
			 </trkpt>
			 <trkpt lat="28.30101" lon="-81.560086">
				 <ele>22.5</ele>
			 </trkpt>
			 <trkpt lat="28.301067" lon="-81.559817">
				 <ele>22.5</ele>
			 </trkpt>
			 <trkpt lat="28.301133" lon="-81.5597">
				 <ele>22.6</ele>
			 </trkpt>
			 <trkpt lat="28.30115" lon="-81.559583">
				 <ele>22.7</ele>
			 </trkpt>
			 <trkpt lat="28.301167" lon="-81.55955">
				 <ele>22.8</ele>
			 </trkpt>
			 <trkpt lat="28.30115" lon="-81.5595">
				 <ele>22.9</ele>
			 </trkpt>
			 <trkpt lat="28.30125" lon="-81.559083">
				 <ele>23</ele>
			 </trkpt>
			 <trkpt lat="28.301317" lon="-81.559">
				 <ele>23</ele>
			 </trkpt>
			 <trkpt lat="28.301457" lon="-81.558764">
				 <ele>23</ele>
			 </trkpt>
			 <trkpt lat="28.302" lon="-81.557817">
				 <ele>23</ele>
			 </trkpt>
			 <trkpt lat="28.302117" lon="-81.557767">
				 <ele>23</ele>
			 </trkpt>
			 <trkpt lat="28.302233" lon="-81.557517">
				 <ele>23</ele>
			 </trkpt>
			 <trkpt lat="28.302383" lon="-81.557417">
				 <ele>23</ele>
			 </trkpt>
			 <trkpt lat="28.302417" lon="-81.557167">
				 <ele>23</ele>
			 </trkpt>
			 <trkpt lat="28.302467" lon="-81.557083">
				 <ele>23</ele>
			 </trkpt>
			 <trkpt lat="28.30245" lon="-81.55695">
				 <ele>23</ele>
			 </trkpt>
			 <trkpt lat="28.302537" lon="-81.556682">
				 <ele>23</ele>
			 </trkpt>
			 <trkpt lat="28.302546" lon="-81.556511">
				 <ele>23</ele>
			 </trkpt>
			 <trkpt lat="28.302544" lon="-81.556357">
				 <ele>23</ele>
			 </trkpt>
			 <trkpt lat="28.302516" lon="-81.556143">
				 <ele>23</ele>
			 </trkpt>
			 <trkpt lat="28.302483" lon="-81.55603">
				 <ele>23</ele>
			 </trkpt>
			 <trkpt lat="28.302421" lon="-81.555869">
				 <ele>23</ele>
			 </trkpt>
			 <trkpt lat="28.302298" lon="-81.555665">
				 <ele>23</ele>
			 </trkpt>
			 <trkpt lat="28.302183" lon="-81.555523">
				 <ele>23</ele>
			 </trkpt>
			 <trkpt lat="28.302047" lon="-81.555414">
				 <ele>23</ele>
			 </trkpt>
			 <trkpt lat="28.301658" lon="-81.555201">
				 <ele>23</ele>
			 </trkpt>
			 <trkpt lat="28.301549" lon="-81.555131">
				 <ele>23</ele>
			 </trkpt>
			 <trkpt lat="28.301517" lon="-81.555092">
				 <ele>23</ele>
			 </trkpt>
			 <trkpt lat="28.301486" lon="-81.554956">
				 <ele>23</ele>
			 </trkpt>
			 <trkpt lat="28.301414" lon="-81.554867">
				 <ele>23</ele>
			 </trkpt>
			 <trkpt lat="28.301373" lon="-81.554838">
				 <ele>23</ele>
			 </trkpt>
			 <trkpt lat="28.301315" lon="-81.554821">
				 <ele>23</ele>
			 </trkpt>
			 <trkpt lat="28.301255" lon="-81.554815">
				 <ele>23</ele>
			 </trkpt>
			 <trkpt lat="28.301062" lon="-81.554814">
				 <ele>23</ele>
			 </trkpt>
			 <trkpt lat="28.301003" lon="-81.554808">
				 <ele>23</ele>
			 </trkpt>
			 <trkpt lat="28.300951" lon="-81.554789">
				 <ele>23</ele>
			 </trkpt>
			 <trkpt lat="28.300891" lon="-81.554752">
				 <ele>23</ele>
			 </trkpt>
			 <trkpt lat="28.300847" lon="-81.554739">
				 <ele>23</ele>
			 </trkpt>
			 <trkpt lat="28.300801" lon="-81.55475">
				 <ele>23</ele>
			 </trkpt>
			 <trkpt lat="28.300778" lon="-81.554768">
				 <ele>23</ele>
			 </trkpt>
			 <trkpt lat="28.300627" lon="-81.554928">
				 <ele>23</ele>
			 </trkpt>
			 <trkpt lat="28.30044" lon="-81.55511">
				 <ele>23</ele>
			 </trkpt>
			 <trkpt lat="28.300401" lon="-81.555124">
				 <ele>23</ele>
			 </trkpt>
			 <trkpt lat="28.300368" lon="-81.555122">
				 <ele>23</ele>
			 </trkpt>
			 <trkpt lat="28.300422" lon="-81.555205">
				 <ele>23</ele>
			 </trkpt>
			 <trkpt lat="28.300668" lon="-81.554966">
				 <ele>23</ele>
			 </trkpt>
			 <trkpt lat="28.300695" lon="-81.554948">
				 <ele>23</ele>
			 </trkpt>
			 <trkpt lat="28.30073" lon="-81.55494">
				 <ele>23</ele>
			 </trkpt>
			 <trkpt lat="28.300765" lon="-81.554941">
				 <ele>23</ele>
			 </trkpt>
			 <trkpt lat="28.300802" lon="-81.554951">
				 <ele>23</ele>
			 </trkpt>
			 <trkpt lat="28.300862" lon="-81.554989">
				 <ele>23</ele>
			 </trkpt>
			 <trkpt lat="28.301189" lon="-81.555418">
				 <ele>23</ele>
			 </trkpt>
			 <trkpt lat="28.301224" lon="-81.555475">
				 <ele>23</ele>
			 </trkpt>
			 <trkpt lat="28.301236" lon="-81.555544">
				 <ele>23</ele>
			 </trkpt>
			 <trkpt lat="28.301207" lon="-81.555937">
				 <ele>23</ele>
			 </trkpt>
			 <trkpt lat="28.301322" lon="-81.556099">
				 <ele>23</ele>
			 </trkpt>
			 <trkpt lat="28.301371" lon="-81.556091">
				 <ele>23</ele>
			 </trkpt>
			 <trkpt lat="28.30167" lon="-81.556109">
				 <ele>23</ele>
			 </trkpt>
			 <trkpt lat="28.30172" lon="-81.556124">
				 <ele>23</ele>
			 </trkpt>
			 <trkpt lat="28.301765" lon="-81.556162">
				 <ele>23</ele>
			 </trkpt>
			 <trkpt lat="28.301866" lon="-81.556297">
				 <ele>23</ele>
			 </trkpt>
			 <trkpt lat="28.302118" lon="-81.556632">
				 <ele>23</ele>
			 </trkpt>
			 <trkpt lat="28.302136" lon="-81.556669">
				 <ele>23</ele>
			 </trkpt>
			 <trkpt lat="28.302146" lon="-81.556712">
				 <ele>23</ele>
			 </trkpt>
			 <trkpt lat="28.302142" lon="-81.556755">
				 <ele>23</ele>
			 </trkpt>
			 <trkpt lat="28.302126" lon="-81.556794">
				 <ele>23</ele>
			 </trkpt>
			 <trkpt lat="28.3021" lon="-81.55683">
				 <ele>23</ele>
			 </trkpt>
			 <trkpt lat="28.301693" lon="-81.557229">
				 <ele>23</ele>
			 </trkpt>
			 <trkpt lat="28.301608" lon="-81.557296">
				 <ele>23</ele>
			 </trkpt>
			 <trkpt lat="28.301573" lon="-81.557331">
				 <ele>23</ele>
			 </trkpt>
			 <trkpt lat="28.301135" lon="-81.557827">
				 <ele>23</ele>
			 </trkpt>
			 <trkpt lat="28.301097" lon="-81.55787">
				 <ele>23</ele>
			 </trkpt>
			 <trkpt lat="28.301119" lon="-81.557907">
				 <ele>23</ele>
			 </trkpt>
			 <trkpt lat="28.301129" lon="-81.55795">
				 <ele>23</ele>
			 </trkpt>
			 <trkpt lat="28.301119" lon="-81.55801">
				 <ele>23</ele>
			 </trkpt>
			 <trkpt lat="28.301082" lon="-81.558066">
				 <ele>23</ele>
			 </trkpt>
			 <trkpt lat="28.301047" lon="-81.558086">
				 <ele>23</ele>
			 </trkpt>
			 <trkpt lat="28.301009" lon="-81.558092">
				 <ele>23</ele>
			 </trkpt>
			 <trkpt lat="28.300971" lon="-81.558083">
				 <ele>23</ele>
			 </trkpt>
			 <trkpt lat="28.300937" lon="-81.55806">
				 <ele>23</ele>
			 </trkpt>
			 <trkpt lat="28.300913" lon="-81.558026">
				 <ele>23</ele>
			 </trkpt>
			 <trkpt lat="28.300899" lon="-81.557985">
				 <ele>23</ele>
			 </trkpt>
			 <trkpt lat="28.300898" lon="-81.55794">
				 <ele>23.1</ele>
			 </trkpt>
			 <trkpt lat="28.300911" lon="-81.557898">
				 <ele>23.2</ele>
			 </trkpt>
			 <trkpt lat="28.300934" lon="-81.557863">
				 <ele>23.3</ele>
			 </trkpt>
			 <trkpt lat="28.300371" lon="-81.557198">
				 <ele>23.4</ele>
			 </trkpt>
			 <trkpt lat="28.300105" lon="-81.556846">
				 <ele>23.4</ele>
			 </trkpt>
			 <trkpt lat="28.299556" lon="-81.556088">
				 <ele>23.4</ele>
			 </trkpt>
			 <trkpt lat="28.299536" lon="-81.556056">
				 <ele>23.4</ele>
			 </trkpt>
			 <trkpt lat="28.299496" lon="-81.555986">
				 <ele>23.4</ele>
			 </trkpt>
			 <trkpt lat="28.299475" lon="-81.555931">
				 <ele>23.5</ele>
			 </trkpt>
			 <trkpt lat="28.299401" lon="-81.555677">
				 <ele>23.5</ele>
			 </trkpt>
			 <trkpt lat="28.299344" lon="-81.555536">
				 <ele>23.6</ele>
			 </trkpt>
			 <trkpt lat="28.299294" lon="-81.555479">
				 <ele>23.6</ele>
			 </trkpt>
			 <trkpt lat="28.299228" lon="-81.555421">
				 <ele>23.6</ele>
			 </trkpt>
			 <trkpt lat="28.299055" lon="-81.555303">
				 <ele>23.6</ele>
			 </trkpt>
			 <trkpt lat="28.298965" lon="-81.55523">
				 <ele>23.6</ele>
			 </trkpt>
			 <trkpt lat="28.298894" lon="-81.555141">
				 <ele>23.7</ele>
			 </trkpt>
			 <trkpt lat="28.298857" lon="-81.555079">
				 <ele>23.8</ele>
			 </trkpt>
			 <trkpt lat="28.298829" lon="-81.555017">
				 <ele>23.9</ele>
			 </trkpt>
			 <trkpt lat="28.29879" lon="-81.554887">
				 <ele>24</ele>
			 </trkpt>
			 <trkpt lat="28.298777" lon="-81.554755">
				 <ele>24</ele>
			 </trkpt>
			 <trkpt lat="28.298782" lon="-81.554683">
				 <ele>24.2</ele>
			 </trkpt>
			 <trkpt lat="28.298797" lon="-81.554604">
				 <ele>24.4</ele>
			 </trkpt>
			 <trkpt lat="28.298864" lon="-81.554391">
				 <ele>24.5</ele>
			 </trkpt>
			 <trkpt lat="28.29826" lon="-81.554099">
				 <ele>24.6</ele>
			 </trkpt>
			 <trkpt lat="28.297538" lon="-81.553749">
				 <ele>24.7</ele>
			 </trkpt>
			 <trkpt lat="28.29673" lon="-81.554073">
				 <ele>24.8</ele>
			 </trkpt>
			 <trkpt lat="28.296766" lon="-81.554201">
				 <ele>24.9</ele>
			 </trkpt>
			 <trkpt lat="28.296815" lon="-81.554329">
				 <ele>25</ele>
			 </trkpt>
			 <trkpt lat="28.296843" lon="-81.554401">
				 <ele>25</ele>
			 </trkpt>
			 <trkpt lat="28.29693" lon="-81.554604">
				 <ele>25</ele>
			 </trkpt>
			 <trkpt lat="28.297032" lon="-81.554802">
				 <ele>25</ele>
			 </trkpt>
			 <trkpt lat="28.297135" lon="-81.554985">
				 <ele>24.8</ele>
			 </trkpt>
			 <trkpt lat="28.297367" lon="-81.555373">
				 <ele>24.6</ele>
			 </trkpt>
			 <trkpt lat="28.297551" lon="-81.555694">
				 <ele>24.5</ele>
			 </trkpt>
			 <trkpt lat="28.297562" lon="-81.555744">
				 <ele>24.4</ele>
			 </trkpt>
			 <trkpt lat="28.297563" lon="-81.555792">
				 <ele>24.3</ele>
			 </trkpt>
			 <trkpt lat="28.297554" lon="-81.555836">
				 <ele>24.2</ele>
			 </trkpt>
			 <trkpt lat="28.297536" lon="-81.555879">
				 <ele>24.1</ele>
			 </trkpt>
			 <trkpt lat="28.297509" lon="-81.555913">
				 <ele>24</ele>
			 </trkpt>
			 <trkpt lat="28.297281" lon="-81.556124">
				 <ele>24</ele>
			 </trkpt>
			 <trkpt lat="28.297093" lon="-81.556298">
				 <ele>24</ele>
			 </trkpt>
			 <trkpt lat="28.296972" lon="-81.556395">
				 <ele>24</ele>
			 </trkpt>
			 <trkpt lat="28.296841" lon="-81.55648">
				 <ele>24</ele>
			 </trkpt>
			 <trkpt lat="28.29615" lon="-81.55684">
				 <ele>24</ele>
			 </trkpt>
			 <trkpt lat="28.296039" lon="-81.556892">
				 <ele>24</ele>
			 </trkpt>
			 <trkpt lat="28.295963" lon="-81.55692">
				 <ele>24</ele>
			 </trkpt>
			 <trkpt lat="28.295806" lon="-81.556947">
				 <ele>24</ele>
			 </trkpt>
			 <trkpt lat="28.295713" lon="-81.556949">
				 <ele>24</ele>
			 </trkpt>
			 <trkpt lat="28.295628" lon="-81.556946">
				 <ele>24</ele>
			 </trkpt>
			 <trkpt lat="28.295549" lon="-81.556935">
				 <ele>24</ele>
			 </trkpt>
			 <trkpt lat="28.295468" lon="-81.556915">
				 <ele>24</ele>
			 </trkpt>
			 <trkpt lat="28.295304" lon="-81.556844">
				 <ele>24</ele>
			 </trkpt>
			 <trkpt lat="28.29516" lon="-81.556752">
				 <ele>24</ele>
			 </trkpt>
			 <trkpt lat="28.295097" lon="-81.556696">
				 <ele>24</ele>
			 </trkpt>
			 <trkpt lat="28.295025" lon="-81.55662">
				 <ele>24</ele>
			 </trkpt>
			 <trkpt lat="28.294894" lon="-81.556451">
				 <ele>24</ele>
			 </trkpt>
			 <trkpt lat="28.294786" lon="-81.556295">
				 <ele>24</ele>
			 </trkpt>
			 <trkpt lat="28.29467" lon="-81.556108">
				 <ele>24</ele>
			 </trkpt>
			 <trkpt lat="28.294571" lon="-81.555926">
				 <ele>24.1</ele>
			 </trkpt>
			 <trkpt lat="28.294486" lon="-81.555748">
				 <ele>24.2</ele>
			 </trkpt>
			 <trkpt lat="28.294477" lon="-81.555688">
				 <ele>24.3</ele>
			 </trkpt>
			 <trkpt lat="28.294484" lon="-81.555655">
				 <ele>24.4</ele>
			 </trkpt>
			 <trkpt lat="28.294555" lon="-81.555579">
				 <ele>24.5</ele>
			 </trkpt>
			 <trkpt lat="28.294906" lon="-81.555282">
				 <ele>24.6</ele>
			 </trkpt>
			 <trkpt lat="28.295034" lon="-81.555181">
				 <ele>24.7</ele>
			 </trkpt>
			 <trkpt lat="28.295192" lon="-81.555089">
				 <ele>24.8</ele>
			 </trkpt>
			 <trkpt lat="28.295243" lon="-81.555059">
				 <ele>24.9</ele>
			 </trkpt>
			 <trkpt lat="28.295298" lon="-81.55503">
				 <ele>25</ele>
			 </trkpt>
			 <trkpt lat="28.295273" lon="-81.554955">
				 <ele>25.1</ele>
			 </trkpt>
			 <trkpt lat="28.295177" lon="-81.55466">
				 <ele>25</ele>
			 </trkpt>
			 <trkpt lat="28.29515" lon="-81.554574">
				 <ele>24.9</ele>
			 </trkpt>
			 <trkpt lat="28.295127" lon="-81.554505">
				 <ele>24.8</ele>
			 </trkpt>
			 <trkpt lat="28.29506" lon="-81.554532">
				 <ele>24.7</ele>
			 </trkpt>
			 <trkpt lat="28.294975" lon="-81.554559">
				 <ele>24.6</ele>
			 </trkpt>
			 <trkpt lat="28.294303" lon="-81.554712">
				 <ele>24.5</ele>
			 </trkpt>
			 <trkpt lat="28.294264" lon="-81.55472">
				 <ele>24.4</ele>
			 </trkpt>
			 <trkpt lat="28.294225" lon="-81.554719">
				 <ele>24.3</ele>
			 </trkpt>
			 <trkpt lat="28.294197" lon="-81.554703">
				 <ele>24.1</ele>
			 </trkpt>
			 <trkpt lat="28.294176" lon="-81.554676">
				 <ele>23.9</ele>
			 </trkpt>
			 <trkpt lat="28.294162" lon="-81.554644">
				 <ele>23.7</ele>
			 </trkpt>
			 <trkpt lat="28.294111" lon="-81.554414">
				 <ele>23.6</ele>
			 </trkpt>
			 <trkpt lat="28.294074" lon="-81.554245">
				 <ele>23.5</ele>
			 </trkpt>
			 <trkpt lat="28.294012" lon="-81.553842">
				 <ele>23.5</ele>
			 </trkpt>
			 <trkpt lat="28.293993" lon="-81.553683">
				 <ele>23.4</ele>
			 </trkpt>
			 <trkpt lat="28.293977" lon="-81.553477">
				 <ele>23.3</ele>
			 </trkpt>
			 <trkpt lat="28.293986" lon="-81.553324">
				 <ele>23.2</ele>
			 </trkpt>
			 <trkpt lat="28.294003" lon="-81.553231">
				 <ele>23.2</ele>
			 </trkpt>
			 <trkpt lat="28.294025" lon="-81.553138">
				 <ele>23.2</ele>
			 </trkpt>
			 <trkpt lat="28.294058" lon="-81.553042">
				 <ele>23.3</ele>
			 </trkpt>
			 <trkpt lat="28.29409" lon="-81.55296">
				 <ele>23.4</ele>
			 </trkpt>
			 <trkpt lat="28.294174" lon="-81.552818">
				 <ele>23.5</ele>
			 </trkpt>
			 <trkpt lat="28.294281" lon="-81.552689">
				 <ele>23.5</ele>
			 </trkpt>
			 <trkpt lat="28.294346" lon="-81.552627">
				 <ele>23.6</ele>
			 </trkpt>
			 <trkpt lat="28.294413" lon="-81.552577">
				 <ele>23.7</ele>
			 </trkpt>
			 <trkpt lat="28.294483" lon="-81.552536">
				 <ele>23.8</ele>
			 </trkpt>
			 <trkpt lat="28.29456" lon="-81.5525">
				 <ele>23.9</ele>
			 </trkpt>
			 <trkpt lat="28.294707" lon="-81.552445">
				 <ele>24</ele>
			 </trkpt>
			 <trkpt lat="28.29521" lon="-81.552296">
				 <ele>24</ele>
			 </trkpt>
			 <trkpt lat="28.295508" lon="-81.552208">
				 <ele>24</ele>
			 </trkpt>
			 <trkpt lat="28.296097" lon="-81.552033">
				 <ele>24</ele>
			 </trkpt>
			 <trkpt lat="28.296307" lon="-81.55197">
				 <ele>24</ele>
			 </trkpt>
			 <trkpt lat="28.296764" lon="-81.551828">
				 <ele>24</ele>
			 </trkpt>
			 <trkpt lat="28.296829" lon="-81.551813">
				 <ele>24</ele>
			 </trkpt>
			 <trkpt lat="28.29689" lon="-81.551808">
				 <ele>24</ele>
			 </trkpt>
			 <trkpt lat="28.297034" lon="-81.551815">
				 <ele>24</ele>
			 </trkpt>
			 <trkpt lat="28.297104" lon="-81.551833">
				 <ele>24</ele>
			 </trkpt>
			 <trkpt lat="28.297174" lon="-81.551862">
				 <ele>23.9</ele>
			 </trkpt>
			 <trkpt lat="28.297257" lon="-81.55191">
				 <ele>23.9</ele>
			 </trkpt>
			 <trkpt lat="28.29732" lon="-81.551955">
				 <ele>23.9</ele>
			 </trkpt>
			 <trkpt lat="28.297381" lon="-81.552012">
				 <ele>23.9</ele>
			 </trkpt>
			 <trkpt lat="28.297427" lon="-81.552067">
				 <ele>23.8</ele>
			 </trkpt>
			 <trkpt lat="28.297505" lon="-81.552198">
				 <ele>23.7</ele>
			 </trkpt>
			 <trkpt lat="28.297739" lon="-81.552863">
				 <ele>23.6</ele>
			 </trkpt>
			 <trkpt lat="28.297818" lon="-81.553103">
				 <ele>23.5</ele>
			 </trkpt>
			 <trkpt lat="28.29863" lon="-81.553496">
				 <ele>23.5</ele>
			 </trkpt>
			 <trkpt lat="28.298765" lon="-81.553142">
				 <ele>23.4</ele>
			 </trkpt>
			 <trkpt lat="28.298808" lon="-81.553028">
				 <ele>23.3</ele>
			 </trkpt>
			 <trkpt lat="28.298973" lon="-81.552598">
				 <ele>23.3</ele>
			 </trkpt>
			 <trkpt lat="28.299025" lon="-81.552509">
				 <ele>23.2</ele>
			 </trkpt>
			 <trkpt lat="28.299066" lon="-81.552467">
				 <ele>23.1</ele>
			 </trkpt>
			 <trkpt lat="28.299112" lon="-81.552442">
				 <ele>23</ele>
			 </trkpt>
			 <trkpt lat="28.299159" lon="-81.552426">
				 <ele>23</ele>
			 </trkpt>
			 <trkpt lat="28.299246" lon="-81.55242">
				 <ele>23</ele>
			 </trkpt>
			 <trkpt lat="28.299331" lon="-81.552445">
				 <ele>23</ele>
			 </trkpt>
			 <trkpt lat="28.299483" lon="-81.552514">
				 <ele>23</ele>
			 </trkpt>
			 <trkpt lat="28.2996" lon="-81.552564">
				 <ele>23</ele>
			 </trkpt>
			 <trkpt lat="28.299818" lon="-81.552639">
				 <ele>23</ele>
			 </trkpt>
			 <trkpt lat="28.299976" lon="-81.552688">
				 <ele>23</ele>
			 </trkpt>
			 <trkpt lat="28.300169" lon="-81.552738">
				 <ele>23</ele>
			 </trkpt>
			 <trkpt lat="28.30056" lon="-81.552812">
				 <ele>23</ele>
			 </trkpt>
			 <trkpt lat="28.300772" lon="-81.552844">
				 <ele>23</ele>
			 </trkpt>
			 <trkpt lat="28.300883" lon="-81.552847">
				 <ele>23</ele>
			 </trkpt>
			 <trkpt lat="28.300932" lon="-81.55284">
				 <ele>23</ele>
			 </trkpt>
			 <trkpt lat="28.301029" lon="-81.552811">
				 <ele>23</ele>
			 </trkpt>
			 <trkpt lat="28.301087" lon="-81.552786">
				 <ele>23</ele>
			 </trkpt>
			 <trkpt lat="28.301141" lon="-81.552753">
				 <ele>23</ele>
			 </trkpt>
			 <trkpt lat="28.301232" lon="-81.552683">
				 <ele>23</ele>
			 </trkpt>
			 <trkpt lat="28.301319" lon="-81.552591">
				 <ele>23</ele>
			 </trkpt>
			 <trkpt lat="28.301655" lon="-81.552176">
				 <ele>23</ele>
			 </trkpt>
			 <trkpt lat="28.301873" lon="-81.551922">
				 <ele>23</ele>
			 </trkpt>
			 <trkpt lat="28.301927" lon="-81.551868">
				 <ele>23</ele>
			 </trkpt>
			 <trkpt lat="28.301955" lon="-81.551841">
				 <ele>23</ele>
			 </trkpt>
			 <trkpt lat="28.302144" lon="-81.551674">
				 <ele>23</ele>
			 </trkpt>
			 <trkpt lat="28.302362" lon="-81.551514">
				 <ele>23</ele>
			 </trkpt>
			 <trkpt lat="28.302426" lon="-81.551475">
				 <ele>23</ele>
			 </trkpt>
			 <trkpt lat="28.302573" lon="-81.551408">
				 <ele>23</ele>
			 </trkpt>
			 <trkpt lat="28.302874" lon="-81.551323">
				 <ele>23</ele>
			 </trkpt>
			 <trkpt lat="28.302923" lon="-81.551323">
				 <ele>23</ele>
			 </trkpt>
			 <trkpt lat="28.302968" lon="-81.551333">
				 <ele>23</ele>
			 </trkpt>
			 <trkpt lat="28.30301" lon="-81.551354">
				 <ele>23</ele>
			 </trkpt>
			 <trkpt lat="28.303044" lon="-81.551389">
				 <ele>23</ele>
			 </trkpt>
			 <trkpt lat="28.303067" lon="-81.551434">
				 <ele>23</ele>
			 </trkpt>
			 <trkpt lat="28.303215" lon="-81.551765">
				 <ele>23</ele>
			 </trkpt>
			 <trkpt lat="28.303349" lon="-81.551984">
				 <ele>23</ele>
			 </trkpt>
			 <trkpt lat="28.303371" lon="-81.552028">
				 <ele>23</ele>
			 </trkpt>
			 <trkpt lat="28.303391" lon="-81.552111">
				 <ele>23</ele>
			 </trkpt>
			 <trkpt lat="28.303646" lon="-81.552044">
				 <ele>23</ele>
			 </trkpt>
			 <trkpt lat="28.303834" lon="-81.552018">
				 <ele>23</ele>
			 </trkpt>
			 <trkpt lat="28.303986" lon="-81.552012">
				 <ele>23</ele>
			 </trkpt>
			 <trkpt lat="28.304141" lon="-81.552019">
				 <ele>23</ele>
			 </trkpt>
			 <trkpt lat="28.304143" lon="-81.551874">
				 <ele>23</ele>
			 </trkpt>
			 <trkpt lat="28.304137" lon="-81.551823">
				 <ele>23</ele>
			 </trkpt>
			 <trkpt lat="28.30407" lon="-81.551495">
				 <ele>23</ele>
			 </trkpt>
			 <trkpt lat="28.303992" lon="-81.551127">
				 <ele>23</ele>
			 </trkpt>
			 <trkpt lat="28.303967" lon="-81.551004">
				 <ele>23</ele>
			 </trkpt>
			 <trkpt lat="28.303949" lon="-81.550863">
				 <ele>23</ele>
			 </trkpt>
			 <trkpt lat="28.303936" lon="-81.550662">
				 <ele>23</ele>
			 </trkpt>
			 <trkpt lat="28.303918" lon="-81.550344">
				 <ele>23</ele>
			 </trkpt>
			 <trkpt lat="28.30391" lon="-81.550199">
				 <ele>23</ele>
			 </trkpt>
			 <trkpt lat="28.303869" lon="-81.549457">
				 <ele>23</ele>
			 </trkpt>
			 <trkpt lat="28.303855" lon="-81.549329">
				 <ele>23</ele>
			 </trkpt>
			 <trkpt lat="28.303823" lon="-81.54921">
				 <ele>23</ele>
			 </trkpt>
			 <trkpt lat="28.30349" lon="-81.548403">
				 <ele>23</ele>
			 </trkpt>
			 <trkpt lat="28.303452" lon="-81.548327">
				 <ele>23</ele>
			 </trkpt>
			 <trkpt lat="28.303399" lon="-81.548205">
				 <ele>23</ele>
			 </trkpt>
			 <trkpt lat="28.303382" lon="-81.548147">
				 <ele>22.9</ele>
			 </trkpt>
			 <trkpt lat="28.303364" lon="-81.548007">
				 <ele>22.9</ele>
			 </trkpt>
			 <trkpt lat="28.303365" lon="-81.547947">
				 <ele>22.9</ele>
			 </trkpt>
			 <trkpt lat="28.303383" lon="-81.547813">
				 <ele>22.9</ele>
			 </trkpt>
			 <trkpt lat="28.303423" lon="-81.54768">
				 <ele>22.9</ele>
			 </trkpt>
			 <trkpt lat="28.303451" lon="-81.547621">
				 <ele>22.9</ele>
			 </trkpt>
			 <trkpt lat="28.303483" lon="-81.547565">
				 <ele>22.9</ele>
			 </trkpt>
			 <trkpt lat="28.303517" lon="-81.547522">
				 <ele>22.9</ele>
			 </trkpt>
			 <trkpt lat="28.303612" lon="-81.547429">
				 <ele>22.9</ele>
			 </trkpt>
			 <trkpt lat="28.303659" lon="-81.547395">
				 <ele>22.9</ele>
			 </trkpt>
			 <trkpt lat="28.303866" lon="-81.547275">
				 <ele>22.9</ele>
			 </trkpt>
			 <trkpt lat="28.30393" lon="-81.547226">
				 <ele>23</ele>
			 </trkpt>
			 <trkpt lat="28.304043" lon="-81.547121">
				 <ele>23</ele>
			 </trkpt>
			 <trkpt lat="28.304094" lon="-81.547064">
				 <ele>23</ele>
			 </trkpt>
			 <trkpt lat="28.304139" lon="-81.547002">
				 <ele>23</ele>
			 </trkpt>
			 <trkpt lat="28.304211" lon="-81.546879">
				 <ele>23</ele>
			 </trkpt>
			 <trkpt lat="28.304269" lon="-81.546756">
				 <ele>23</ele>
			 </trkpt>
			 <trkpt lat="28.304291" lon="-81.546695">
				 <ele>23</ele>
			 </trkpt>
			 <trkpt lat="28.304364" lon="-81.546451">
				 <ele>23</ele>
			 </trkpt>
			 <trkpt lat="28.304388" lon="-81.54632">
				 <ele>23</ele>
			 </trkpt>
			 <trkpt lat="28.304402" lon="-81.546188">
				 <ele>23</ele>
			 </trkpt>
			 <trkpt lat="28.304407" lon="-81.546101">
				 <ele>23</ele>
			 </trkpt>
			 <trkpt lat="28.304411" lon="-81.54602">
				 <ele>23</ele>
			 </trkpt>
			 <trkpt lat="28.304407" lon="-81.545747">
				 <ele>23</ele>
			 </trkpt>
			 <trkpt lat="28.304396" lon="-81.545608">
				 <ele>23</ele>
			 </trkpt>
			 <trkpt lat="28.30437" lon="-81.545428">
				 <ele>23</ele>
			 </trkpt>
			 <trkpt lat="28.304329" lon="-81.545198">
				 <ele>23</ele>
			 </trkpt>
			 <trkpt lat="28.304301" lon="-81.545074">
				 <ele>23</ele>
			 </trkpt>
			 <trkpt lat="28.304218" lon="-81.544756">
				 <ele>23</ele>
			 </trkpt>
			 <trkpt lat="28.304147" lon="-81.544468">
				 <ele>22.9</ele>
			 </trkpt>
			 <trkpt lat="28.304126" lon="-81.544319">
				 <ele>22.9</ele>
			 </trkpt>
			 <trkpt lat="28.304105" lon="-81.544107">
				 <ele>22.9</ele>
			 </trkpt>
			 <trkpt lat="28.303776" lon="-81.543986">
				 <ele>22.9</ele>
			 </trkpt>
			 <trkpt lat="28.303652" lon="-81.543906">
				 <ele>22.9</ele>
			 </trkpt>
			 <trkpt lat="28.302901" lon="-81.543621">
				 <ele>22.9</ele>
			 </trkpt>
			 <trkpt lat="28.302597" lon="-81.543559">
				 <ele>22.9</ele>
			 </trkpt>
			 <trkpt lat="28.302541" lon="-81.543547">
				 <ele>22.9</ele>
			 </trkpt>
			 <trkpt lat="28.302524" lon="-81.543603">
				 <ele>22.9</ele>
			 </trkpt>
			 <trkpt lat="28.302465" lon="-81.543729">
				 <ele>22.9</ele>
			 </trkpt>
			 <trkpt lat="28.302427" lon="-81.543849">
				 <ele>22.9</ele>
			 </trkpt>
			 <trkpt lat="28.302413" lon="-81.54393">
				 <ele>23</ele>
			 </trkpt>
			 <trkpt lat="28.302405" lon="-81.54406">
				 <ele>23</ele>
			 </trkpt>
			 <trkpt lat="28.302397" lon="-81.544099">
				 <ele>23</ele>
			 </trkpt>
			 <trkpt lat="28.302367" lon="-81.544192">
				 <ele>23</ele>
			 </trkpt>
			 <trkpt lat="28.302311" lon="-81.544284">
				 <ele>23</ele>
			 </trkpt>
			 <trkpt lat="28.302248" lon="-81.544363">
				 <ele>23</ele>
			 </trkpt>
			 <trkpt lat="28.302126" lon="-81.544482">
				 <ele>23</ele>
			 </trkpt>
			 <trkpt lat="28.301909" lon="-81.544692">
				 <ele>23</ele>
			 </trkpt>
			 <trkpt lat="28.301627" lon="-81.544986">
				 <ele>23</ele>
			 </trkpt>
			 <trkpt lat="28.301465" lon="-81.545071">
				 <ele>23</ele>
			 </trkpt>
			 <trkpt lat="28.301306" lon="-81.545212">
				 <ele>23</ele>
			 </trkpt>
			 <trkpt lat="28.301241" lon="-81.545302">
				 <ele>23</ele>
			 </trkpt>
			 <trkpt lat="28.301095" lon="-81.545573">
				 <ele>23</ele>
			 </trkpt>
			 <trkpt lat="28.301067" lon="-81.545603">
				 <ele>23</ele>
			 </trkpt>
			 <trkpt lat="28.301037" lon="-81.545619">
				 <ele>23</ele>
			 </trkpt>
			 <trkpt lat="28.300999" lon="-81.545618">
				 <ele>23</ele>
			 </trkpt>
			 <trkpt lat="28.300968" lon="-81.545607">
				 <ele>23</ele>
			 </trkpt>
			 <trkpt lat="28.300844" lon="-81.545512">
				 <ele>23</ele>
			 </trkpt>
			 <trkpt lat="28.300646" lon="-81.545359">
				 <ele>23</ele>
			 </trkpt>
			 <trkpt lat="28.300619" lon="-81.545311">
				 <ele>23</ele>
			 </trkpt>
			 <trkpt lat="28.300578" lon="-81.545218">
				 <ele>23</ele>
			 </trkpt>
			 <trkpt lat="28.300517" lon="-81.545132">
				 <ele>23</ele>
			 </trkpt>
			 <trkpt lat="28.300514" lon="-81.545071">
				 <ele>23</ele>
			 </trkpt>
			 <trkpt lat="28.300491" lon="-81.545034">
				 <ele>23</ele>
			 </trkpt>
			 <trkpt lat="28.300457" lon="-81.544914">
				 <ele>23</ele>
			 </trkpt>
			 <trkpt lat="28.300425" lon="-81.54487">
				 <ele>23</ele>
			 </trkpt>
			 <trkpt lat="28.300377" lon="-81.544804">
				 <ele>23</ele>
			 </trkpt>
			 <trkpt lat="28.300352" lon="-81.544825">
				 <ele>23</ele>
			 </trkpt>
			 <trkpt lat="28.300302" lon="-81.544837">
				 <ele>23</ele>
			 </trkpt>
			 <trkpt lat="28.300273" lon="-81.544831">
				 <ele>23</ele>
			 </trkpt>
			 <trkpt lat="28.300246" lon="-81.544813">
				 <ele>23</ele>
			 </trkpt>
			 <trkpt lat="28.300018" lon="-81.544485">
				 <ele>23</ele>
			 </trkpt>
			 <trkpt lat="28.299847" lon="-81.544293">
				 <ele>23</ele>
			 </trkpt>
			 <trkpt lat="28.299814" lon="-81.544261">
				 <ele>23</ele>
			 </trkpt>
			 <trkpt lat="28.299727" lon="-81.544184">
				 <ele>23</ele>
			 </trkpt>
			 <trkpt lat="28.299681" lon="-81.544139">
				 <ele>23</ele>
			 </trkpt>
			 <trkpt lat="28.299584" lon="-81.544037">
				 <ele>23</ele>
			 </trkpt>
			 <trkpt lat="28.299516" lon="-81.54394">
				 <ele>23</ele>
			 </trkpt>
			 <trkpt lat="28.299422" lon="-81.543784">
				 <ele>23</ele>
			 </trkpt>
			 <trkpt lat="28.299325" lon="-81.543548">
				 <ele>23</ele>
			 </trkpt>
			 <trkpt lat="28.299318" lon="-81.543512">
				 <ele>23</ele>
			 </trkpt>
			 <trkpt lat="28.29932" lon="-81.543478">
				 <ele>23</ele>
			 </trkpt>
			 <trkpt lat="28.299333" lon="-81.543445">
				 <ele>23</ele>
			 </trkpt>
			 <trkpt lat="28.299584" lon="-81.54327">
				 <ele>23</ele>
			 </trkpt>
			 <trkpt lat="28.299734" lon="-81.543155">
				 <ele>23</ele>
			 </trkpt>
			 <trkpt lat="28.299936" lon="-81.542977">
				 <ele>23</ele>
			 </trkpt>
			 <trkpt lat="28.300125" lon="-81.542797">
				 <ele>22.9</ele>
			 </trkpt>
			 <trkpt lat="28.300309" lon="-81.542652">
				 <ele>22.8</ele>
			 </trkpt>
			 <trkpt lat="28.300476" lon="-81.542545">
				 <ele>22.7</ele>
			 </trkpt>
			 <trkpt lat="28.300691" lon="-81.54244">
				 <ele>22.6</ele>
			 </trkpt>
			 <trkpt lat="28.301188" lon="-81.54227">
				 <ele>22.5</ele>
			 </trkpt>
			 <trkpt lat="28.301449" lon="-81.542153">
				 <ele>22.5</ele>
			 </trkpt>
			 <trkpt lat="28.301577" lon="-81.542087">
				 <ele>22.4</ele>
			 </trkpt>
			 <trkpt lat="28.301631" lon="-81.542071">
				 <ele>22.4</ele>
			 </trkpt>
			 <trkpt lat="28.301687" lon="-81.542067">
				 <ele>22.4</ele>
			 </trkpt>
			 <trkpt lat="28.301737" lon="-81.542073">
				 <ele>22.4</ele>
			 </trkpt>
			 <trkpt lat="28.301793" lon="-81.542087">
				 <ele>22.3</ele>
			 </trkpt>
			 <trkpt lat="28.301894" lon="-81.542129">
				 <ele>22.3</ele>
			 </trkpt>
			 <trkpt lat="28.302004" lon="-81.542188">
				 <ele>22.3</ele>
			 </trkpt>
			 <trkpt lat="28.30208" lon="-81.542264">
				 <ele>22.3</ele>
			 </trkpt>
			 <trkpt lat="28.302123" lon="-81.542211">
				 <ele>22.3</ele>
			 </trkpt>
			 <trkpt lat="28.302344" lon="-81.541967">
				 <ele>22.3</ele>
			 </trkpt>
			 <trkpt lat="28.302948" lon="-81.541237">
				 <ele>22.3</ele>
			 </trkpt>
			 <trkpt lat="28.303049" lon="-81.541152">
				 <ele>22.3</ele>
			 </trkpt>
			 <trkpt lat="28.3031" lon="-81.541122">
				 <ele>22.2</ele>
			 </trkpt>
			 <trkpt lat="28.303217" lon="-81.541078">
				 <ele>22.1</ele>
			 </trkpt>
			 <trkpt lat="28.303324" lon="-81.541059">
				 <ele>22</ele>
			 </trkpt>
			 <trkpt lat="28.303392" lon="-81.541059">
				 <ele>22</ele>
			 </trkpt>
			 <trkpt lat="28.303518" lon="-81.541084">
				 <ele>22</ele>
			 </trkpt>
			 <trkpt lat="28.303574" lon="-81.541107">
				 <ele>22</ele>
			 </trkpt>
			 <trkpt lat="28.30378" lon="-81.541224">
				 <ele>22</ele>
			 </trkpt>
			 <trkpt lat="28.304351" lon="-81.541591">
				 <ele>22</ele>
			 </trkpt>
			 <trkpt lat="28.304412" lon="-81.54163">
				 <ele>22</ele>
			 </trkpt>
			 <trkpt lat="28.30446" lon="-81.541563">
				 <ele>22</ele>
			 </trkpt>
			 <trkpt lat="28.304561" lon="-81.541434">
				 <ele>22</ele>
			 </trkpt>
			 <trkpt lat="28.30468" lon="-81.541317">
				 <ele>22</ele>
			 </trkpt>
			 <trkpt lat="28.304742" lon="-81.541269">
				 <ele>22</ele>
			 </trkpt>
			 <trkpt lat="28.30481" lon="-81.541229">
				 <ele>22</ele>
			 </trkpt>
			 <trkpt lat="28.304887" lon="-81.541195">
				 <ele>22</ele>
			 </trkpt>
			 <trkpt lat="28.304976" lon="-81.541161">
				 <ele>22.1</ele>
			 </trkpt>
			 <trkpt lat="28.30503" lon="-81.54115">
				 <ele>22.2</ele>
			 </trkpt>
			 <trkpt lat="28.305131" lon="-81.541132">
				 <ele>22.3</ele>
			 </trkpt>
			 <trkpt lat="28.305296" lon="-81.541138">
				 <ele>22.4</ele>
			 </trkpt>
			 <trkpt lat="28.305947" lon="-81.541264">
				 <ele>22.5</ele>
			 </trkpt>
			 <trkpt lat="28.306417" lon="-81.541359">
				 <ele>22.5</ele>
			 </trkpt>
			 <trkpt lat="28.306596" lon="-81.541403">
				 <ele>22.6</ele>
			 </trkpt>
			 <trkpt lat="28.30678" lon="-81.541466">
				 <ele>22.7</ele>
			 </trkpt>
			 <trkpt lat="28.306885" lon="-81.541518">
				 <ele>22.8</ele>
			 </trkpt>
			 <trkpt lat="28.306996" lon="-81.541587">
				 <ele>22.9</ele>
			 </trkpt>
			 <trkpt lat="28.307099" lon="-81.541661">
				 <ele>23</ele>
			 </trkpt>
			 <trkpt lat="28.307207" lon="-81.541759">
				 <ele>22.9</ele>
			 </trkpt>
			 <trkpt lat="28.307373" lon="-81.541952">
				 <ele>22.8</ele>
			 </trkpt>
			 <trkpt lat="28.307421" lon="-81.542022">
				 <ele>22.7</ele>
			 </trkpt>
			 <trkpt lat="28.307511" lon="-81.542166">
				 <ele>22.6</ele>
			 </trkpt>
			 <trkpt lat="28.307633" lon="-81.5424">
				 <ele>22.6</ele>
			 </trkpt>
			 <trkpt lat="28.30771" lon="-81.542572">
				 <ele>22.6</ele>
			 </trkpt>
			 <trkpt lat="28.307774" lon="-81.542747">
				 <ele>22.6</ele>
			 </trkpt>
			 <trkpt lat="28.307853" lon="-81.543039">
				 <ele>22.6</ele>
			 </trkpt>
			 <trkpt lat="28.307866" lon="-81.543086">
				 <ele>22.6</ele>
			 </trkpt>
			 <trkpt lat="28.308006" lon="-81.543699">
				 <ele>22.6</ele>
			 </trkpt>
			 <trkpt lat="28.308045" lon="-81.543872">
				 <ele>22.6</ele>
			 </trkpt>
			 <trkpt lat="28.308063" lon="-81.54395">
				 <ele>22.7</ele>
			 </trkpt>
			 <trkpt lat="28.308129" lon="-81.544238">
				 <ele>22.8</ele>
			 </trkpt>
			 <trkpt lat="28.308159" lon="-81.544362">
				 <ele>22.9</ele>
			 </trkpt>
			 <trkpt lat="28.308244" lon="-81.544729">
				 <ele>23</ele>
			 </trkpt>
			 <trkpt lat="28.308265" lon="-81.544782">
				 <ele>23</ele>
			 </trkpt>
			 <trkpt lat="28.308291" lon="-81.544818">
				 <ele>23</ele>
			 </trkpt>
			 <trkpt lat="28.30832" lon="-81.544844">
				 <ele>23</ele>
			 </trkpt>
			 <trkpt lat="28.308355" lon="-81.544863">
				 <ele>23</ele>
			 </trkpt>
			 <trkpt lat="28.308399" lon="-81.544872">
				 <ele>23</ele>
			 </trkpt>
			 <trkpt lat="28.308486" lon="-81.544876">
				 <ele>23</ele>
			 </trkpt>
			 <trkpt lat="28.308525" lon="-81.544888">
				 <ele>23</ele>
			 </trkpt>
			 <trkpt lat="28.308563" lon="-81.544909">
				 <ele>23</ele>
			 </trkpt>
			 <trkpt lat="28.308597" lon="-81.544938">
				 <ele>23</ele>
			 </trkpt>
			 <trkpt lat="28.308626" lon="-81.544976">
				 <ele>23</ele>
			 </trkpt>
			 <trkpt lat="28.30865" lon="-81.545024">
				 <ele>23</ele>
			 </trkpt>
			 <trkpt lat="28.308686" lon="-81.545143">
				 <ele>23</ele>
			 </trkpt>
			 <trkpt lat="28.308698" lon="-81.545215">
				 <ele>23</ele>
			 </trkpt>
			 <trkpt lat="28.308702" lon="-81.545345">
				 <ele>23</ele>
			 </trkpt>
			 <trkpt lat="28.308694" lon="-81.545413">
				 <ele>23</ele>
			 </trkpt>
			 <trkpt lat="28.308746" lon="-81.54542">
				 <ele>23</ele>
			 </trkpt>
			 <trkpt lat="28.308912" lon="-81.545433">
				 <ele>23</ele>
			 </trkpt>
			 <trkpt lat="28.309175" lon="-81.545435">
				 <ele>23</ele>
			 </trkpt>
			 <trkpt lat="28.309347" lon="-81.545428">
				 <ele>23</ele>
			 </trkpt>
			 <trkpt lat="28.309523" lon="-81.545405">
				 <ele>23</ele>
			 </trkpt>
			 <trkpt lat="28.309686" lon="-81.545379">
				 <ele>23</ele>
			 </trkpt>
			 <trkpt lat="28.309771" lon="-81.545359">
				 <ele>23</ele>
			 </trkpt>
			 <trkpt lat="28.309843" lon="-81.545342">
				 <ele>23</ele>
			 </trkpt>
			 <trkpt lat="28.309915" lon="-81.54533">
				 <ele>23</ele>
			 </trkpt>
			 <trkpt lat="28.310297" lon="-81.54529">
				 <ele>23</ele>
			 </trkpt>
			 <trkpt lat="28.310465" lon="-81.545284">
				 <ele>23</ele>
			 </trkpt>
			 <trkpt lat="28.310838" lon="-81.54529">
				 <ele>23</ele>
			 </trkpt>
			 <trkpt lat="28.311219" lon="-81.545329">
				 <ele>23</ele>
			 </trkpt>
			 <trkpt lat="28.311389" lon="-81.545358">
				 <ele>23</ele>
			 </trkpt>
			 <trkpt lat="28.311684" lon="-81.545423">
				 <ele>23.1</ele>
			 </trkpt>
			 <trkpt lat="28.311752" lon="-81.545439">
				 <ele>23.2</ele>
			 </trkpt>
			 <trkpt lat="28.311948" lon="-81.545499">
				 <ele>23.3</ele>
			 </trkpt>
			 <trkpt lat="28.312137" lon="-81.545568">
				 <ele>23.4</ele>
			 </trkpt>
			 <trkpt lat="28.312328" lon="-81.545646">
				 <ele>23.5</ele>
			 </trkpt>
			 <trkpt lat="28.312515" lon="-81.545733">
				 <ele>23.6</ele>
			 </trkpt>
			 <trkpt lat="28.312685" lon="-81.545818">
				 <ele>23.7</ele>
			 </trkpt>
			 <trkpt lat="28.313014" lon="-81.546011">
				 <ele>23.8</ele>
			 </trkpt>
			 <trkpt lat="28.313198" lon="-81.546134">
				 <ele>23.9</ele>
			 </trkpt>
			 <trkpt lat="28.313468" lon="-81.54634">
				 <ele>24</ele>
			 </trkpt>
			 <trkpt lat="28.313651" lon="-81.546495">
				 <ele>24.2</ele>
			 </trkpt>
			 <trkpt lat="28.313888" lon="-81.546721">
				 <ele>24.3</ele>
			 </trkpt>
			 <trkpt lat="28.314184" lon="-81.547049">
				 <ele>24.4</ele>
			 </trkpt>
			 <trkpt lat="28.314252" lon="-81.547143">
				 <ele>24.5</ele>
			 </trkpt>
			 <trkpt lat="28.314297" lon="-81.547218">
				 <ele>24.5</ele>
			 </trkpt>
			 <trkpt lat="28.314428" lon="-81.54744">
				 <ele>24.6</ele>
			 </trkpt>
			 <trkpt lat="28.314622" lon="-81.547797">
				 <ele>24.6</ele>
			 </trkpt>
			 <trkpt lat="28.31466" lon="-81.547858">
				 <ele>24.7</ele>
			 </trkpt>
			 <trkpt lat="28.3148" lon="-81.548073">
				 <ele>24.8</ele>
			 </trkpt>
			 <trkpt lat="28.314894" lon="-81.548206">
				 <ele>24.9</ele>
			 </trkpt>
			 <trkpt lat="28.314986" lon="-81.548321">
				 <ele>25</ele>
			 </trkpt>
			 <trkpt lat="28.315173" lon="-81.548531">
				 <ele>25</ele>
			 </trkpt>
			 <trkpt lat="28.315369" lon="-81.548721">
				 <ele>25</ele>
			 </trkpt>
			 <trkpt lat="28.315415" lon="-81.54867">
				 <ele>25</ele>
			 </trkpt>
			 <trkpt lat="28.315585" lon="-81.548479">
				 <ele>25</ele>
			 </trkpt>
			 <trkpt lat="28.315573" lon="-81.54844">
				 <ele>25</ele>
			 </trkpt>
			 <trkpt lat="28.315577" lon="-81.548395">
				 <ele>25</ele>
			 </trkpt>
			 <trkpt lat="28.315599" lon="-81.548361">
				 <ele>25</ele>
			 </trkpt>
			 <trkpt lat="28.315805" lon="-81.548138">
				 <ele>25</ele>
			 </trkpt>
			 <trkpt lat="28.316229" lon="-81.547681">
				 <ele>25</ele>
			 </trkpt>
			 <trkpt lat="28.316274" lon="-81.547664">
				 <ele>25</ele>
			 </trkpt>
			 <trkpt lat="28.316303" lon="-81.547667">
				 <ele>25</ele>
			 </trkpt>
			 <trkpt lat="28.316502" lon="-81.547488">
				 <ele>25</ele>
			 </trkpt>
			 <trkpt lat="28.31655" lon="-81.547436">
				 <ele>25</ele>
			 </trkpt>
			 <trkpt lat="28.316593" lon="-81.547482">
				 <ele>25.1</ele>
			 </trkpt>
			 <trkpt lat="28.316819" lon="-81.547699">
				 <ele>25.2</ele>
			 </trkpt>
			 <trkpt lat="28.316928" lon="-81.547783">
				 <ele>25.3</ele>
			 </trkpt>
			 <trkpt lat="28.317143" lon="-81.547923">
				 <ele>25.4</ele>
			 </trkpt>
			 <trkpt lat="28.317277" lon="-81.547993">
				 <ele>25.5</ele>
			 </trkpt>
			 <trkpt lat="28.317438" lon="-81.548075">
				 <ele>25.5</ele>
			 </trkpt>
			 <trkpt lat="28.317384" lon="-81.548133">
				 <ele>25.6</ele>
			 </trkpt>
			 <trkpt lat="28.317228" lon="-81.548304">
				 <ele>25.7</ele>
			 </trkpt>
			 <trkpt lat="28.317227" lon="-81.548364">
				 <ele>25.8</ele>
			 </trkpt>
			 <trkpt lat="28.317216" lon="-81.548397">
				 <ele>25.9</ele>
			 </trkpt>
			 <trkpt lat="28.317186" lon="-81.548445">
				 <ele>26</ele>
			 </trkpt>
			 <trkpt lat="28.316623" lon="-81.54905">
				 <ele>26</ele>
			 </trkpt>
			 <trkpt lat="28.316583" lon="-81.549079">
				 <ele>26</ele>
			 </trkpt>
			 <trkpt lat="28.316556" lon="-81.549086">
				 <ele>26</ele>
			 </trkpt>
			 <trkpt lat="28.316504" lon="-81.549075">
				 <ele>26</ele>
			 </trkpt>
			 <trkpt lat="28.316341" lon="-81.549261">
				 <ele>26</ele>
			 </trkpt>
			 <trkpt lat="28.316306" lon="-81.549325">
				 <ele>26</ele>
			 </trkpt>
			 <trkpt lat="28.316686" lon="-81.549527">
				 <ele>26</ele>
			 </trkpt>
			 <trkpt lat="28.31678" lon="-81.549576">
				 <ele>26</ele>
			 </trkpt>
			 <trkpt lat="28.316999" lon="-81.549714">
				 <ele>26</ele>
			 </trkpt>
			 <trkpt lat="28.317178" lon="-81.549842">
				 <ele>26</ele>
			 </trkpt>
			 <trkpt lat="28.317285" lon="-81.549932">
				 <ele>26</ele>
			 </trkpt>
			 <trkpt lat="28.317374" lon="-81.550018">
				 <ele>26</ele>
			 </trkpt>
			 <trkpt lat="28.317412" lon="-81.550062">
				 <ele>26</ele>
			 </trkpt>
			 <trkpt lat="28.317585" lon="-81.550244">
				 <ele>26</ele>
			 </trkpt>
			 <trkpt lat="28.317634" lon="-81.550286">
				 <ele>26</ele>
			 </trkpt>
			 <trkpt lat="28.317747" lon="-81.550359">
				 <ele>26</ele>
			 </trkpt>
			 <trkpt lat="28.317884" lon="-81.550418">
				 <ele>26</ele>
			 </trkpt>
			 <trkpt lat="28.318029" lon="-81.550451">
				 <ele>26</ele>
			 </trkpt>
			 <trkpt lat="28.318101" lon="-81.550459">
				 <ele>26</ele>
			 </trkpt>
			 <trkpt lat="28.318248" lon="-81.550454">
				 <ele>26</ele>
			 </trkpt>
			 <trkpt lat="28.318644" lon="-81.550389">
				 <ele>26</ele>
			 </trkpt>
			 <trkpt lat="28.318849" lon="-81.550348">
				 <ele>26</ele>
			 </trkpt>
			 <trkpt lat="28.31911" lon="-81.550286">
				 <ele>26</ele>
			 </trkpt>
			 <trkpt lat="28.319414" lon="-81.550212">
				 <ele>26</ele>
			 </trkpt>
			 <trkpt lat="28.319475" lon="-81.550197">
				 <ele>26</ele>
			 </trkpt>
			 <trkpt lat="28.319975" lon="-81.550044">
				 <ele>26</ele>
			 </trkpt>
			 <trkpt lat="28.320112" lon="-81.549978">
				 <ele>26</ele>
			 </trkpt>
			 <trkpt lat="28.320229" lon="-81.549895">
				 <ele>26</ele>
			 </trkpt>
			 <trkpt lat="28.320337" lon="-81.549792">
				 <ele>26</ele>
			 </trkpt>
			 <trkpt lat="28.320388" lon="-81.549735">
				 <ele>26</ele>
			 </trkpt>
			 <trkpt lat="28.320475" lon="-81.549616">
				 <ele>26</ele>
			 </trkpt>
			 <trkpt lat="28.32052" lon="-81.549526">
				 <ele>25.9</ele>
			 </trkpt>
			 <trkpt lat="28.320532" lon="-81.549479">
				 <ele>25.8</ele>
			 </trkpt>
			 <trkpt lat="28.320539" lon="-81.549422">
				 <ele>25.7</ele>
			 </trkpt>
			 <trkpt lat="28.320536" lon="-81.549375">
				 <ele>25.6</ele>
			 </trkpt>
			 <trkpt lat="28.320522" lon="-81.54932">
				 <ele>25.5</ele>
			 </trkpt>
			 <trkpt lat="28.320499" lon="-81.549272">
				 <ele>25.5</ele>
			 </trkpt>
			 <trkpt lat="28.320463" lon="-81.549229">
				 <ele>25.4</ele>
			 </trkpt>
			 <trkpt lat="28.320421" lon="-81.549191">
				 <ele>25.3</ele>
			 </trkpt>
			 <trkpt lat="28.319485" lon="-81.548529">
				 <ele>25.1</ele>
			 </trkpt>
			 <trkpt lat="28.319226" lon="-81.548311">
				 <ele>24.9</ele>
			 </trkpt>
			 <trkpt lat="28.319107" lon="-81.548186">
				 <ele>24.7</ele>
			 </trkpt>
			 <trkpt lat="28.318976" lon="-81.548031">
				 <ele>24.6</ele>
			 </trkpt>
			 <trkpt lat="28.318933" lon="-81.547982">
				 <ele>24.6</ele>
			 </trkpt>
			 <trkpt lat="28.319281" lon="-81.547603">
				 <ele>24.6</ele>
			 </trkpt>
			 <trkpt lat="28.320153" lon="-81.546651">
				 <ele>24.6</ele>
			 </trkpt>
			 <trkpt lat="28.32018" lon="-81.546622">
				 <ele>24.6</ele>
			 </trkpt>
			 <trkpt lat="28.320227" lon="-81.546669">
				 <ele>24.6</ele>
			 </trkpt>
			 <trkpt lat="28.320379" lon="-81.546824">
				 <ele>24.6</ele>
			 </trkpt>
			 <trkpt lat="28.320516" lon="-81.546978">
				 <ele>24.6</ele>
			 </trkpt>
			 <trkpt lat="28.320642" lon="-81.547139">
				 <ele>24.7</ele>
			 </trkpt>
			 <trkpt lat="28.320931" lon="-81.547538">
				 <ele>24.9</ele>
			 </trkpt>
			 <trkpt lat="28.321071" lon="-81.547705">
				 <ele>25.1</ele>
			 </trkpt>
			 <trkpt lat="28.321212" lon="-81.547853">
				 <ele>25.3</ele>
			 </trkpt>
			 <trkpt lat="28.321364" lon="-81.547987">
				 <ele>25.4</ele>
			 </trkpt>
			 <trkpt lat="28.321519" lon="-81.548104">
				 <ele>25.5</ele>
			 </trkpt>
			 <trkpt lat="28.321692" lon="-81.548222">
				 <ele>25.5</ele>
			 </trkpt>
			 <trkpt lat="28.321848" lon="-81.54831">
				 <ele>25.6</ele>
			 </trkpt>
			 <trkpt lat="28.321994" lon="-81.548359">
				 <ele>25.7</ele>
			 </trkpt>
			 <trkpt lat="28.32213" lon="-81.548381">
				 <ele>25.8</ele>
			 </trkpt>
			 <trkpt lat="28.322254" lon="-81.548389">
				 <ele>25.9</ele>
			 </trkpt>
			 <trkpt lat="28.322384" lon="-81.548378">
				 <ele>26</ele>
			 </trkpt>
			 <trkpt lat="28.322507" lon="-81.54834">
				 <ele>26</ele>
			 </trkpt>
			 <trkpt lat="28.32257" lon="-81.548312">
				 <ele>26</ele>
			 </trkpt>
			 <trkpt lat="28.322666" lon="-81.548254">
				 <ele>26</ele>
			 </trkpt>
			 <trkpt lat="28.322754" lon="-81.548169">
				 <ele>26</ele>
			 </trkpt>
			 <trkpt lat="28.322832" lon="-81.548064">
				 <ele>26</ele>
			 </trkpt>
			 <trkpt lat="28.322893" lon="-81.54796">
				 <ele>26</ele>
			 </trkpt>
			 <trkpt lat="28.322918" lon="-81.5479">
				 <ele>26.1</ele>
			 </trkpt>
			 <trkpt lat="28.32296" lon="-81.547753">
				 <ele>26.2</ele>
			 </trkpt>
			 <trkpt lat="28.322972" lon="-81.547678">
				 <ele>26.3</ele>
			 </trkpt>
			 <trkpt lat="28.322975" lon="-81.547529">
				 <ele>26.4</ele>
			 </trkpt>
			 <trkpt lat="28.322965" lon="-81.547429">
				 <ele>26.5</ele>
			 </trkpt>
			 <trkpt lat="28.323103" lon="-81.547415">
				 <ele>26.5</ele>
			 </trkpt>
			 <trkpt lat="28.323236" lon="-81.547386">
				 <ele>26.6</ele>
			 </trkpt>
			 <trkpt lat="28.323351" lon="-81.547349">
				 <ele>26.7</ele>
			 </trkpt>
			 <trkpt lat="28.323421" lon="-81.547329">
				 <ele>26.8</ele>
			 </trkpt>
			 <trkpt lat="28.323417" lon="-81.547227">
				 <ele>26.9</ele>
			 </trkpt>
			 <trkpt lat="28.323423" lon="-81.546911">
				 <ele>27</ele>
			 </trkpt>
			 <trkpt lat="28.323426" lon="-81.546753">
				 <ele>27</ele>
			 </trkpt>
			 <trkpt lat="28.323433" lon="-81.546645">
				 <ele>27</ele>
			 </trkpt>
			 <trkpt lat="28.323443" lon="-81.546547">
				 <ele>27</ele>
			 </trkpt>
			 <trkpt lat="28.323477" lon="-81.54633">
				 <ele>27</ele>
			 </trkpt>
			 <trkpt lat="28.323491" lon="-81.546256">
				 <ele>27</ele>
			 </trkpt>
			 <trkpt lat="28.323506" lon="-81.546189">
				 <ele>27</ele>
			 </trkpt>
			 <trkpt lat="28.323545" lon="-81.546038">
				 <ele>27</ele>
			 </trkpt>
			 <trkpt lat="28.32375" lon="-81.54534">
				 <ele>27</ele>
			 </trkpt>
			 <trkpt lat="28.323777" lon="-81.545247">
				 <ele>27</ele>
			 </trkpt>
			 <trkpt lat="28.323798" lon="-81.54517">
				 <ele>27</ele>
			 </trkpt>
			 <trkpt lat="28.323819" lon="-81.545082">
				 <ele>27</ele>
			 </trkpt>
			 <trkpt lat="28.323847" lon="-81.544907">
				 <ele>27</ele>
			 </trkpt>
			 <trkpt lat="28.323856" lon="-81.544696">
				 <ele>27</ele>
			 </trkpt>
			 <trkpt lat="28.323836" lon="-81.544494">
				 <ele>27</ele>
			 </trkpt>
			 <trkpt lat="28.323794" lon="-81.544297">
				 <ele>27</ele>
			 </trkpt>
			 <trkpt lat="28.32372" lon="-81.544083">
				 <ele>27</ele>
			 </trkpt>
			 <trkpt lat="28.323681" lon="-81.544002">
				 <ele>27</ele>
			 </trkpt>
			 <trkpt lat="28.323626" lon="-81.543907">
				 <ele>27</ele>
			 </trkpt>
			 <trkpt lat="28.323534" lon="-81.543778">
				 <ele>27</ele>
			 </trkpt>
			 <trkpt lat="28.323482" lon="-81.543702">
				 <ele>27</ele>
			 </trkpt>
			 <trkpt lat="28.323252" lon="-81.543426">
				 <ele>27</ele>
			 </trkpt>
			 <trkpt lat="28.323202" lon="-81.543366">
				 <ele>27</ele>
			 </trkpt>
			 <trkpt lat="28.323165" lon="-81.543315">
				 <ele>27</ele>
			 </trkpt>
			 <trkpt lat="28.323088" lon="-81.5432">
				 <ele>27</ele>
			 </trkpt>
			 <trkpt lat="28.32304" lon="-81.543109">
				 <ele>27</ele>
			 </trkpt>
			 <trkpt lat="28.322996" lon="-81.543009">
				 <ele>27</ele>
			 </trkpt>
			 <trkpt lat="28.322958" lon="-81.542903">
				 <ele>27</ele>
			 </trkpt>
			 <trkpt lat="28.322932" lon="-81.542807">
				 <ele>27</ele>
			 </trkpt>
			 <trkpt lat="28.322897" lon="-81.542583">
				 <ele>27</ele>
			 </trkpt>
			 <trkpt lat="28.322891" lon="-81.542356">
				 <ele>27</ele>
			 </trkpt>
			 <trkpt lat="28.322895" lon="-81.542295">
				 <ele>27</ele>
			 </trkpt>
			 <trkpt lat="28.322954" lon="-81.541925">
				 <ele>26.9</ele>
			 </trkpt>
			 <trkpt lat="28.322966" lon="-81.541844">
				 <ele>26.8</ele>
			 </trkpt>
			 <trkpt lat="28.323" lon="-81.541554">
				 <ele>26.7</ele>
			 </trkpt>
			 <trkpt lat="28.323028" lon="-81.541225">
				 <ele>26.6</ele>
			 </trkpt>
			 <trkpt lat="28.323041" lon="-81.540941">
				 <ele>26.5</ele>
			 </trkpt>
			 <trkpt lat="28.323044" lon="-81.540683">
				 <ele>26.5</ele>
			 </trkpt>
			 <trkpt lat="28.323041" lon="-81.540483">
				 <ele>26.4</ele>
			 </trkpt>
			 <trkpt lat="28.323039" lon="-81.540223">
				 <ele>26.3</ele>
			 </trkpt>
			 <trkpt lat="28.323024" lon="-81.539927">
				 <ele>26.2</ele>
			 </trkpt>
			 <trkpt lat="28.322977" lon="-81.539371">
				 <ele>26.1</ele>
			 </trkpt>
			 <trkpt lat="28.322969" lon="-81.539137">
				 <ele>25.9</ele>
			 </trkpt>
			 <trkpt lat="28.322972" lon="-81.539009">
				 <ele>25.8</ele>
			 </trkpt>
			 <trkpt lat="28.322973" lon="-81.538936">
				 <ele>25.7</ele>
			 </trkpt>
			 <trkpt lat="28.322977" lon="-81.538854">
				 <ele>25.6</ele>
			 </trkpt>
			 <trkpt lat="28.323009" lon="-81.538564">
				 <ele>25.5</ele>
			 </trkpt>
			 <trkpt lat="28.3231" lon="-81.538073">
				 <ele>25.5</ele>
			 </trkpt>
			 <trkpt lat="28.323113" lon="-81.538002">
				 <ele>25.4</ele>
			 </trkpt>
			 <trkpt lat="28.32313" lon="-81.537931">
				 <ele>25.3</ele>
			 </trkpt>
			 <trkpt lat="28.323264" lon="-81.537347">
				 <ele>25.2</ele>
			 </trkpt>
			 <trkpt lat="28.323307" lon="-81.537098">
				 <ele>25.1</ele>
			 </trkpt>
			 <trkpt lat="28.323332" lon="-81.53686">
				 <ele>25</ele>
			 </trkpt>
			 <trkpt lat="28.323343" lon="-81.536611">
				 <ele>24.9</ele>
			 </trkpt>
			 <trkpt lat="28.323341" lon="-81.536463">
				 <ele>24.8</ele>
			 </trkpt>
			 <trkpt lat="28.323325" lon="-81.536223">
				 <ele>24.7</ele>
			 </trkpt>
			 <trkpt lat="28.323288" lon="-81.535971">
				 <ele>24.5</ele>
			 </trkpt>
			 <trkpt lat="28.323263" lon="-81.535847">
				 <ele>24.4</ele>
			 </trkpt>
			 <trkpt lat="28.323234" lon="-81.535733">
				 <ele>24.2</ele>
			 </trkpt>
			 <trkpt lat="28.323161" lon="-81.535503">
				 <ele>24</ele>
			 </trkpt>
			 <trkpt lat="28.323122" lon="-81.535398">
				 <ele>23.8</ele>
			 </trkpt>
			 <trkpt lat="28.322847" lon="-81.534799">
				 <ele>23.6</ele>
			 </trkpt>
			 <trkpt lat="28.322805" lon="-81.53471">
				 <ele>23.4</ele>
			 </trkpt>
			 <trkpt lat="28.323048" lon="-81.534512">
				 <ele>23.2</ele>
			 </trkpt>
			 <trkpt lat="28.323304" lon="-81.534224">
				 <ele>23.1</ele>
			 </trkpt>
			 <trkpt lat="28.323329" lon="-81.534196">
				 <ele>23.1</ele>
			 </trkpt>
			 <trkpt lat="28.323619" lon="-81.533884">
				 <ele>23.2</ele>
			 </trkpt>
			 <trkpt lat="28.323955" lon="-81.533545">
				 <ele>23.4</ele>
			 </trkpt>
			 <trkpt lat="28.324045" lon="-81.533455">
				 <ele>23.5</ele>
			 </trkpt>
			 <trkpt lat="28.324279" lon="-81.533242">
				 <ele>23.8</ele>
			 </trkpt>
			 <trkpt lat="28.324601" lon="-81.532886">
				 <ele>24.1</ele>
			 </trkpt>
			 <trkpt lat="28.324923" lon="-81.532529">
				 <ele>24.4</ele>
			 </trkpt>
			 <trkpt lat="28.325245" lon="-81.532173">
				 <ele>24.6</ele>
			 </trkpt>
			 <trkpt lat="28.325487" lon="-81.531905">
				 <ele>25</ele>
			 </trkpt>
			 <trkpt lat="28.325795" lon="-81.531599">
				 <ele>25.3</ele>
			 </trkpt>
			 <trkpt lat="28.326064" lon="-81.531413">
				 <ele>25.5</ele>
			 </trkpt>
			 <trkpt lat="28.326321" lon="-81.531297">
				 <ele>25.7</ele>
			 </trkpt>
			 <trkpt lat="28.326558" lon="-81.531254">
				 <ele>25.8</ele>
			 </trkpt>
			 <trkpt lat="28.327004" lon="-81.531185">
				 <ele>26</ele>
			 </trkpt>
			 <trkpt lat="28.327054" lon="-81.531177">
				 <ele>26.2</ele>
			 </trkpt>
			 <trkpt lat="28.327501" lon="-81.531119">
				 <ele>26.3</ele>
			 </trkpt>
			 <trkpt lat="28.327947" lon="-81.53106">
				 <ele>26.4</ele>
			 </trkpt>
			 <trkpt lat="28.328394" lon="-81.531001">
				 <ele>26.5</ele>
			 </trkpt>
			 <trkpt lat="28.328813" lon="-81.530946">
				 <ele>26.5</ele>
			 </trkpt>
			 <trkpt lat="28.329217" lon="-81.530871">
				 <ele>26.6</ele>
			 </trkpt>
			 <trkpt lat="28.32953" lon="-81.530775">
				 <ele>26.7</ele>
			 </trkpt>
			 <trkpt lat="28.329699" lon="-81.530696">
				 <ele>26.8</ele>
			 </trkpt>
			 <trkpt lat="28.329952" lon="-81.530464">
				 <ele>26.9</ele>
			 </trkpt>
			 <trkpt lat="28.330159" lon="-81.530289">
				 <ele>27</ele>
			 </trkpt>
			 <trkpt lat="28.330274" lon="-81.530244">
				 <ele>27</ele>
			 </trkpt>
			 <trkpt lat="28.330479" lon="-81.530516">
				 <ele>27</ele>
			 </trkpt>
			 <trkpt lat="28.330641" lon="-81.530883">
				 <ele>27</ele>
			 </trkpt>
			 <trkpt lat="28.330681" lon="-81.531331">
				 <ele>27</ele>
			 </trkpt>
			 <trkpt lat="28.330608" lon="-81.531689">
				 <ele>27</ele>
			 </trkpt>
			 <trkpt lat="28.330444" lon="-81.532165">
				 <ele>27</ele>
			 </trkpt>
			 <trkpt lat="28.33028" lon="-81.532641">
				 <ele>27</ele>
			 </trkpt>
			 <trkpt lat="28.330116" lon="-81.533116">
				 <ele>27</ele>
			 </trkpt>
			 <trkpt lat="28.329951" lon="-81.533592">
				 <ele>26.9</ele>
			 </trkpt>
			 <trkpt lat="28.329787" lon="-81.534067">
				 <ele>26.8</ele>
			 </trkpt>
			 <trkpt lat="28.329613" lon="-81.534567">
				 <ele>26.7</ele>
			 </trkpt>
			 <trkpt lat="28.329448" lon="-81.535043">
				 <ele>26.6</ele>
			 </trkpt>
			 <trkpt lat="28.329283" lon="-81.535518">
				 <ele>26.5</ele>
			 </trkpt>
			 <trkpt lat="28.329229" lon="-81.535671">
				 <ele>26.5</ele>
			 </trkpt>
			 <trkpt lat="28.329166" lon="-81.536007">
				 <ele>26.4</ele>
			 </trkpt>
			 <trkpt lat="28.329149" lon="-81.536444">
				 <ele>26.3</ele>
			 </trkpt>
			 <trkpt lat="28.329206" lon="-81.536845">
				 <ele>26.2</ele>
			 </trkpt>
			 <trkpt lat="28.329337" lon="-81.537334">
				 <ele>26.3</ele>
			 </trkpt>
			 <trkpt lat="28.329379" lon="-81.53749">
				 <ele>26.3</ele>
			 </trkpt>
			 <trkpt lat="28.329517" lon="-81.537976">
				 <ele>26.5</ele>
			 </trkpt>
			 <trkpt lat="28.329656" lon="-81.538462">
				 <ele>26.6</ele>
			 </trkpt>
			 <trkpt lat="28.329795" lon="-81.538948">
				 <ele>26.7</ele>
			 </trkpt>
			 <trkpt lat="28.329934" lon="-81.539434">
				 <ele>26.8</ele>
			 </trkpt>
			 <trkpt lat="28.330073" lon="-81.539919">
				 <ele>26.9</ele>
			 </trkpt>
			 <trkpt lat="28.330212" lon="-81.540405">
				 <ele>27.1</ele>
			 </trkpt>
			 <trkpt lat="28.330335" lon="-81.540836">
				 <ele>27.3</ele>
			 </trkpt>
			 <trkpt lat="28.33038" lon="-81.541268">
				 <ele>27.5</ele>
			 </trkpt>
			 <trkpt lat="28.330344" lon="-81.541582">
				 <ele>27.6</ele>
			 </trkpt>
			 <trkpt lat="28.330253" lon="-81.541942">
				 <ele>27.6</ele>
			 </trkpt>
			 <trkpt lat="28.330116" lon="-81.542429">
				 <ele>27.7</ele>
			 </trkpt>
			 <trkpt lat="28.330072" lon="-81.542586">
				 <ele>27.7</ele>
			 </trkpt>
			 <trkpt lat="28.329914" lon="-81.543064">
				 <ele>27.7</ele>
			 </trkpt>
			 <trkpt lat="28.329756" lon="-81.543542">
				 <ele>27.8</ele>
			 </trkpt>
			 <trkpt lat="28.329598" lon="-81.54402">
				 <ele>27.9</ele>
			 </trkpt>
			 <trkpt lat="28.329478" lon="-81.544382">
				 <ele>28</ele>
			 </trkpt>
			 <trkpt lat="28.329282" lon="-81.544841">
				 <ele>28</ele>
			 </trkpt>
			 <trkpt lat="28.329179" lon="-81.545082">
				 <ele>28.1</ele>
			 </trkpt>
			 <trkpt lat="28.328972" lon="-81.545535">
				 <ele>28.1</ele>
			 </trkpt>
			 <trkpt lat="28.328858" lon="-81.545787">
				 <ele>28.1</ele>
			 </trkpt>
			 <trkpt lat="28.328649" lon="-81.546158">
				 <ele>28.1</ele>
			 </trkpt>
			 <trkpt lat="28.328382" lon="-81.546436">
				 <ele>28.1</ele>
			 </trkpt>
			 <trkpt lat="28.328128" lon="-81.546678">
				 <ele>28.1</ele>
			 </trkpt>
			 <trkpt lat="28.327834" lon="-81.546853">
				 <ele>28.1</ele>
			 </trkpt>
			 <trkpt lat="28.327512" lon="-81.546976">
				 <ele>28.1</ele>
			 </trkpt>
			 <trkpt lat="28.327131" lon="-81.547084">
				 <ele>28</ele>
			 </trkpt>
			 <trkpt lat="28.326755" lon="-81.54712">
				 <ele>27.9</ele>
			 </trkpt>
			 <trkpt lat="28.326306" lon="-81.547114">
				 <ele>27.8</ele>
			 </trkpt>
			 <trkpt lat="28.325962" lon="-81.54711">
				 <ele>27.6</ele>
			 </trkpt>
			 <trkpt lat="28.325791" lon="-81.547122">
				 <ele>27.5</ele>
			 </trkpt>
			 <trkpt lat="28.32565" lon="-81.547189">
				 <ele>27.5</ele>
			 </trkpt>
			 <trkpt lat="28.325602" lon="-81.547563">
				 <ele>27.4</ele>
			 </trkpt>
			 <trkpt lat="28.325575" lon="-81.547965">
				 <ele>27.2</ele>
			 </trkpt>
			 <trkpt lat="28.325457" lon="-81.548304">
				 <ele>27</ele>
			 </trkpt>
			 <trkpt lat="28.325311" lon="-81.548787">
				 <ele>26.8</ele>
			 </trkpt>
			 <trkpt lat="28.325281" lon="-81.548886">
				 <ele>26.6</ele>
			 </trkpt>
			 <trkpt lat="28.325081" lon="-81.549344">
				 <ele>26.5</ele>
			 </trkpt>
			 <trkpt lat="28.324855" lon="-81.54974">
				 <ele>26.4</ele>
			 </trkpt>
			 <trkpt lat="28.32466" lon="-81.550039">
				 <ele>26.2</ele>
			 </trkpt>
			 <trkpt lat="28.324433" lon="-81.550312">
				 <ele>26</ele>
			 </trkpt>
			 <trkpt lat="28.324211" lon="-81.550582">
				 <ele>25.9</ele>
			 </trkpt>
			 <trkpt lat="28.323935" lon="-81.550829">
				 <ele>25.8</ele>
			 </trkpt>
			 <trkpt lat="28.323649" lon="-81.551071">
				 <ele>25.7</ele>
			 </trkpt>
			 <trkpt lat="28.323264" lon="-81.551335">
				 <ele>25.7</ele>
			 </trkpt>
			 <trkpt lat="28.323237" lon="-81.551354">
				 <ele>25.7</ele>
			 </trkpt>
			 <trkpt lat="28.322824" lon="-81.551556">
				 <ele>25.7</ele>
			 </trkpt>
			 <trkpt lat="28.322743" lon="-81.551596">
				 <ele>25.7</ele>
			 </trkpt>
			 <trkpt lat="28.322315" lon="-81.551753">
				 <ele>25.7</ele>
			 </trkpt>
			 <trkpt lat="28.321888" lon="-81.551911">
				 <ele>25.8</ele>
			 </trkpt>
			 <trkpt lat="28.321542" lon="-81.552038">
				 <ele>25.9</ele>
			 </trkpt>
			 <trkpt lat="28.321111" lon="-81.552185">
				 <ele>26</ele>
			 </trkpt>
			 <trkpt lat="28.320681" lon="-81.552332">
				 <ele>26</ele>
			 </trkpt>
			 <trkpt lat="28.32025" lon="-81.552479">
				 <ele>26</ele>
			 </trkpt>
			 <trkpt lat="28.320169" lon="-81.552507">
				 <ele>26</ele>
			 </trkpt>
			 <trkpt lat="28.319741" lon="-81.552661">
				 <ele>26</ele>
			 </trkpt>
			 <trkpt lat="28.319312" lon="-81.552815">
				 <ele>26</ele>
			 </trkpt>
			 <trkpt lat="28.319206" lon="-81.552853">
				 <ele>26</ele>
			 </trkpt>
			 <trkpt lat="28.318784" lon="-81.553031">
				 <ele>26</ele>
			 </trkpt>
			 <trkpt lat="28.318512" lon="-81.553147">
				 <ele>26</ele>
			 </trkpt>
			 <trkpt lat="28.318186" lon="-81.553342">
				 <ele>26</ele>
			 </trkpt>
			 <trkpt lat="28.317945" lon="-81.553491">
				 <ele>26</ele>
			 </trkpt>
			 <trkpt lat="28.317565" lon="-81.553763">
				 <ele>26</ele>
			 </trkpt>
			 <trkpt lat="28.31742" lon="-81.553867">
				 <ele>26</ele>
			 </trkpt>
			 <trkpt lat="28.317045" lon="-81.554149">
				 <ele>26</ele>
			 </trkpt>
			 <trkpt lat="28.316694" lon="-81.554499">
				 <ele>26</ele>
			 </trkpt>
			 <trkpt lat="28.316473" lon="-81.554722">
				 <ele>26</ele>
			 </trkpt>
			 <trkpt lat="28.316135" lon="-81.555059">
				 <ele>26</ele>
			 </trkpt>
			 <trkpt lat="28.316017" lon="-81.555178">
				 <ele>26</ele>
			 </trkpt>
			 <trkpt lat="28.315726" lon="-81.555567">
				 <ele>26</ele>
			 </trkpt>
			 <trkpt lat="28.315686" lon="-81.55562">
				 <ele>26</ele>
			 </trkpt>
			 <trkpt lat="28.315422" lon="-81.556034">
				 <ele>26</ele>
			 </trkpt>
			 <trkpt lat="28.315342" lon="-81.556161">
				 <ele>26</ele>
			 </trkpt>
			 <trkpt lat="28.31509" lon="-81.556584">
				 <ele>25.9</ele>
			 </trkpt>
			 <trkpt lat="28.314897" lon="-81.556907">
				 <ele>25.9</ele>
			 </trkpt>
			 <trkpt lat="28.31469" lon="-81.557361">
				 <ele>25.9</ele>
			 </trkpt>
			 <trkpt lat="28.314484" lon="-81.557815">
				 <ele>25.9</ele>
			 </trkpt>
			 <trkpt lat="28.314277" lon="-81.558268">
				 <ele>25.9</ele>
			 </trkpt>
			 <trkpt lat="28.31407" lon="-81.558722">
				 <ele>25.9</ele>
			 </trkpt>
			 <trkpt lat="28.313863" lon="-81.559175">
				 <ele>25.9</ele>
			 </trkpt>
			 <trkpt lat="28.313656" lon="-81.559629">
				 <ele>25.9</ele>
			 </trkpt>
			 <trkpt lat="28.313477" lon="-81.560021">
				 <ele>25.9</ele>
			 </trkpt>
			 <trkpt lat="28.313243" lon="-81.560457">
				 <ele>25.9</ele>
			 </trkpt>
			 <trkpt lat="28.313009" lon="-81.560893">
				 <ele>25.8</ele>
			 </trkpt>
			 <trkpt lat="28.312977" lon="-81.560952">
				 <ele>25.8</ele>
			 </trkpt>
			 <trkpt lat="28.312694" lon="-81.561349">
				 <ele>25.7</ele>
			 </trkpt>
			 <trkpt lat="28.31251" lon="-81.561611">
				 <ele>25.6</ele>
			 </trkpt>
			 <trkpt lat="28.312188" lon="-81.561967">
				 <ele>25.5</ele>
			 </trkpt>
			 <trkpt lat="28.311944" lon="-81.562234">
				 <ele>25.5</ele>
			 </trkpt>
			 <trkpt lat="28.311669" lon="-81.562524">
				 <ele>25.3</ele>
			 </trkpt>
			 <trkpt lat="28.311312" lon="-81.562835">
				 <ele>25.1</ele>
			 </trkpt>
			 <trkpt lat="28.311261" lon="-81.562879">
				 <ele>24.9</ele>
			 </trkpt>
			 <trkpt lat="28.310975" lon="-81.563049">
				 <ele>24.7</ele>
			 </trkpt>
			 <trkpt lat="28.310708" lon="-81.563208">
				 <ele>24.5</ele>
			 </trkpt>
			 <trkpt lat="28.310345" lon="-81.563409">
				 <ele>24.4</ele>
			 </trkpt>
			 <trkpt lat="28.309934" lon="-81.563614">
				 <ele>24.2</ele>
			 </trkpt>
			 <trkpt lat="28.309856" lon="-81.563653">
				 <ele>24</ele>
			 </trkpt>
			 <trkpt lat="28.309422" lon="-81.563786">
				 <ele>23.8</ele>
			 </trkpt>
			 <trkpt lat="28.309158" lon="-81.563867">
				 <ele>23.6</ele>
			 </trkpt>
			 <trkpt lat="28.308713" lon="-81.563937">
				 <ele>23.5</ele>
			 </trkpt>
			 <trkpt lat="28.308267" lon="-81.564007">
				 <ele>23.4</ele>
			 </trkpt>
			 <trkpt lat="28.307815" lon="-81.56404">
				 <ele>23.3</ele>
			 </trkpt>
			 <trkpt lat="28.307686" lon="-81.564049">
				 <ele>23.2</ele>
			 </trkpt>
			 <trkpt lat="28.307242" lon="-81.564008">
				 <ele>23.1</ele>
			 </trkpt>
			 <trkpt lat="28.306796" lon="-81.563946">
				 <ele>23</ele>
			 </trkpt>
			 <trkpt lat="28.30635" lon="-81.563885">
				 <ele>23</ele>
			 </trkpt>
			 <trkpt lat="28.305903" lon="-81.563824">
				 <ele>23</ele>
			 </trkpt>
			 <trkpt lat="28.30566" lon="-81.56379">
				 <ele>23</ele>
			 </trkpt>
			 <trkpt lat="28.30523" lon="-81.563761">
				 <ele>23</ele>
			 </trkpt>
			 <trkpt lat="28.304782" lon="-81.563813">
				 <ele>23</ele>
			 </trkpt>
			 <trkpt lat="28.304477" lon="-81.563848">
				 <ele>23</ele>
			 </trkpt>
			 <trkpt lat="28.304035" lon="-81.563943">
				 <ele>23</ele>
			 </trkpt>
			 <trkpt lat="28.303909" lon="-81.563971">
				 <ele>23</ele>
			 </trkpt>
			 <trkpt lat="28.303488" lon="-81.564152">
				 <ele>23</ele>
			 </trkpt>
			 <trkpt lat="28.303202" lon="-81.564276">
				 <ele>23</ele>
			 </trkpt>
			 <trkpt lat="28.302859" lon="-81.564485">
				 <ele>23</ele>
			 </trkpt>
			 <trkpt lat="28.302485" lon="-81.564768">
				 <ele>22.9</ele>
			 </trkpt>
			 <trkpt lat="28.302398" lon="-81.564834">
				 <ele>22.9</ele>
			 </trkpt>
			 <trkpt lat="28.302041" lon="-81.565144">
				 <ele>22.9</ele>
			 </trkpt>
			 <trkpt lat="28.301814" lon="-81.56534">
				 <ele>22.9</ele>
			 </trkpt>
			 <trkpt lat="28.30151" lon="-81.565716">
				 <ele>22.9</ele>
			 </trkpt>
			 <trkpt lat="28.301441" lon="-81.565802">
				 <ele>22.9</ele>
			 </trkpt>
			 <trkpt lat="28.301153" lon="-81.566193">
				 <ele>22.9</ele>
			 </trkpt>
			 <trkpt lat="28.301016" lon="-81.566378">
				 <ele>22.9</ele>
			 </trkpt>
			 <trkpt lat="28.300827" lon="-81.566841">
				 <ele>22.9</ele>
			 </trkpt>
			 <trkpt lat="28.300706" lon="-81.567137">
				 <ele>22.9</ele>
			 </trkpt>
			 <trkpt lat="28.300665" lon="-81.567568">
				 <ele>22.9</ele>
			 </trkpt>
			 <trkpt lat="28.300465" lon="-81.567812">
				 <ele>23</ele>
			 </trkpt>
			 <trkpt lat="28.300317" lon="-81.568143">
				 <ele>23</ele>
			 </trkpt>
			 <trkpt lat="28.300228" lon="-81.568644">
				 <ele>23</ele>
			 </trkpt>
			 <trkpt lat="28.300205" lon="-81.568778">
				 <ele>23</ele>
			 </trkpt>
			 <trkpt lat="28.300127" lon="-81.569281">
				 <ele>23</ele>
			 </trkpt>
			 <trkpt lat="28.300118" lon="-81.569342">
				 <ele>23</ele>
			 </trkpt>
			 <trkpt lat="28.300092" lon="-81.569697">
				 <ele>23</ele>
			 </trkpt>
			 <trkpt lat="28.300103" lon="-81.570208">
				 <ele>23</ele>
			 </trkpt>
			 <trkpt lat="28.300114" lon="-81.570718">
				 <ele>23</ele>
			 </trkpt>
			 <trkpt lat="28.300123" lon="-81.571133">
				 <ele>23</ele>
			 </trkpt>
			 <trkpt lat="28.299982" lon="-81.571301">
				 <ele>23</ele>
			 </trkpt>
			 <trkpt lat="28.299741" lon="-81.571334">
				 <ele>23</ele>
			 </trkpt>
			 <trkpt lat="28.299681" lon="-81.571378">
				 <ele>23</ele>
			 </trkpt>
			 <trkpt lat="28.299683" lon="-81.571681">
				 <ele>23</ele>
			 </trkpt>
			 <trkpt lat="28.299793" lon="-81.571747">
				 <ele>23</ele>
			 </trkpt>
			 <trkpt lat="28.299891" lon="-81.571914">
				 <ele>23</ele>
			 </trkpt>
			 <trkpt lat="28.299935" lon="-81.572078">
				 <ele>23</ele>
			 </trkpt>
			 <trkpt lat="28.299895" lon="-81.572219">
				 <ele>23</ele>
			 </trkpt>
			 <trkpt lat="28.29981" lon="-81.572425">
				 <ele>23</ele>
			 </trkpt>
			 <trkpt lat="28.299708" lon="-81.572517">
				 <ele>23</ele>
			 </trkpt>
			 <trkpt lat="28.299587" lon="-81.572544">
				 <ele>23</ele>
			 </trkpt>
			 <trkpt lat="28.299138" lon="-81.572501">
				 <ele>23</ele>
			 </trkpt>
			 <trkpt lat="28.298966" lon="-81.572485">
				 <ele>23</ele>
			 </trkpt>
			 <trkpt lat="28.298788" lon="-81.572456">
				 <ele>23</ele>
			 </trkpt>
			 <trkpt lat="28.298708" lon="-81.572416">
				 <ele>23</ele>
			 </trkpt>
			 <trkpt lat="28.298616" lon="-81.57234">
				 <ele>23</ele>
			 </trkpt>
			 <trkpt lat="28.298509" lon="-81.572201">
				 <ele>23</ele>
			 </trkpt>
			 <trkpt lat="28.298512" lon="-81.571962">
				 <ele>23</ele>
			 </trkpt>
			 <trkpt lat="28.298558" lon="-81.571797">
				 <ele>23</ele>
			 </trkpt>
			 <trkpt lat="28.298654" lon="-81.571694">
				 <ele>23</ele>
			 </trkpt>
			 <trkpt lat="28.298792" lon="-81.5716">
				 <ele>23</ele>
			 </trkpt>
			 <trkpt lat="28.298961" lon="-81.571579">
				 <ele>23</ele>
			 </trkpt>
			 <trkpt lat="28.29941" lon="-81.571609">
				 <ele>23</ele>
			 </trkpt>
			 <trkpt lat="28.299624" lon="-81.571623">
				 <ele>23</ele>
			 </trkpt>
			 <trkpt lat="28.299662" lon="-81.571336">
				 <ele>23</ele>
			 </trkpt>
			 <trkpt lat="28.299585" lon="-81.57131">
				 <ele>23</ele>
			 </trkpt>
			 <trkpt lat="28.299519" lon="-81.571306">
				 <ele>23</ele>
			 </trkpt>
			 <trkpt lat="28.299405" lon="-81.571287">
				 <ele>23</ele>
			 </trkpt>
			 <trkpt lat="28.299274" lon="-81.571252">
				 <ele>22.9</ele>
			 </trkpt>
			 <trkpt lat="28.299139" lon="-81.571201">
				 <ele>22.8</ele>
			 </trkpt>
			 <trkpt lat="28.298999" lon="-81.571132">
				 <ele>22.7</ele>
			 </trkpt>
			 <trkpt lat="28.298938" lon="-81.571093">
				 <ele>22.6</ele>
			 </trkpt>
			 <trkpt lat="28.29882" lon="-81.571001">
				 <ele>22.5</ele>
			 </trkpt>
			 <trkpt lat="28.298646" lon="-81.570818">
				 <ele>22.5</ele>
			 </trkpt>
			 <trkpt lat="28.298591" lon="-81.570749">
				 <ele>22.4</ele>
			 </trkpt>
			 <trkpt lat="28.298511" lon="-81.570627">
				 <ele>22.3</ele>
			 </trkpt>
			 <trkpt lat="28.298471" lon="-81.57056">
				 <ele>22.2</ele>
			 </trkpt>
			 <trkpt lat="28.298401" lon="-81.570403">
				 <ele>22.1</ele>
			 </trkpt>
			 <trkpt lat="28.298334" lon="-81.570203">
				 <ele>22</ele>
			 </trkpt>
			 <trkpt lat="28.298299" lon="-81.57003">
				 <ele>22</ele>
			 </trkpt>
			 <trkpt lat="28.298288" lon="-81.569974">
				 <ele>22</ele>
			 </trkpt>
			 <trkpt lat="28.298212" lon="-81.56996">
				 <ele>22</ele>
			 </trkpt>
			 <trkpt lat="28.29814" lon="-81.56992">
				 <ele>22</ele>
			 </trkpt>
			 <trkpt lat="28.298087" lon="-81.569866">
				 <ele>22</ele>
			 </trkpt>
			 <trkpt lat="28.298045" lon="-81.569792">
				 <ele>22</ele>
			 </trkpt>
			 <trkpt lat="28.298026" lon="-81.569732">
				 <ele>22</ele>
			 </trkpt>
			 <trkpt lat="28.298019" lon="-81.569658">
				 <ele>22</ele>
			 </trkpt>
			 <trkpt lat="28.298025" lon="-81.56959">
				 <ele>22</ele>
			 </trkpt>
			 <trkpt lat="28.298045" lon="-81.569523">
				 <ele>22</ele>
			 </trkpt>
			 <trkpt lat="28.298087" lon="-81.56945">
				 <ele>22</ele>
			 </trkpt>
			 <trkpt lat="28.298144" lon="-81.569393">
				 <ele>22</ele>
			 </trkpt>
			 <trkpt lat="28.298171" lon="-81.569378">
				 <ele>22</ele>
			 </trkpt>
			 <trkpt lat="28.298213" lon="-81.569355">
				 <ele>22</ele>
			 </trkpt>
			 <trkpt lat="28.298285" lon="-81.569341">
				 <ele>22</ele>
			 </trkpt>
			 <trkpt lat="28.298364" lon="-81.569349">
				 <ele>22</ele>
			 </trkpt>
			 <trkpt lat="28.298428" lon="-81.569377">
				 <ele>22</ele>
			 </trkpt>
			 <trkpt lat="28.298492" lon="-81.56943">
				 <ele>22</ele>
			 </trkpt>
			 <trkpt lat="28.298513" lon="-81.56946">
				 <ele>22</ele>
			 </trkpt>
			 <trkpt lat="28.298535" lon="-81.56949">
				 <ele>22</ele>
			 </trkpt>
			 <trkpt lat="28.298567" lon="-81.56957">
				 <ele>22</ele>
			 </trkpt>
			 <trkpt lat="28.298577" lon="-81.569665">
				 <ele>22</ele>
			 </trkpt>
			 <trkpt lat="28.298567" lon="-81.569745">
				 <ele>22</ele>
			 </trkpt>
			 <trkpt lat="28.298537" lon="-81.569823">
				 <ele>22</ele>
			 </trkpt>
			 <trkpt lat="28.298495" lon="-81.569882">
				 <ele>22</ele>
			 </trkpt>
			 <trkpt lat="28.298443" lon="-81.569928">
				 <ele>22</ele>
			 </trkpt>
			 <trkpt lat="28.298383" lon="-81.569958">
				 <ele>22</ele>
			 </trkpt>
			 <trkpt lat="28.298423" lon="-81.57017">
				 <ele>22</ele>
			 </trkpt>
			 <trkpt lat="28.298464" lon="-81.570294">
				 <ele>22</ele>
			 </trkpt>
			 <trkpt lat="28.298485" lon="-81.570348">
				 <ele>22</ele>
			 </trkpt>
			 <trkpt lat="28.298518" lon="-81.570432">
				 <ele>22.1</ele>
			 </trkpt>
			 <trkpt lat="28.298584" lon="-81.570555">
				 <ele>22.2</ele>
			 </trkpt>
			 <trkpt lat="28.298664" lon="-81.570686">
				 <ele>22.3</ele>
			 </trkpt>
			 <trkpt lat="28.298756" lon="-81.570797">
				 <ele>22.4</ele>
			 </trkpt>
			 <trkpt lat="28.298864" lon="-81.570909">
				 <ele>22.5</ele>
			 </trkpt>
			 <trkpt lat="28.299031" lon="-81.571028">
				 <ele>22.5</ele>
			 </trkpt>
			 <trkpt lat="28.299088" lon="-81.571062">
				 <ele>22.6</ele>
			 </trkpt>
			 <trkpt lat="28.299207" lon="-81.571119">
				 <ele>22.7</ele>
			 </trkpt>
			 <trkpt lat="28.299327" lon="-81.571162">
				 <ele>22.8</ele>
			 </trkpt>
			 <trkpt lat="28.29945" lon="-81.571192">
				 <ele>22.9</ele>
			 </trkpt>
			 <trkpt lat="28.299483" lon="-81.571197">
				 <ele>23</ele>
			 </trkpt>
			 <trkpt lat="28.299584" lon="-81.571209">
				 <ele>23</ele>
			 </trkpt>
			 <trkpt lat="28.299923" lon="-81.57121">
				 <ele>23</ele>
			 </trkpt>
			 <trkpt lat="28.299971" lon="-81.571212">
				 <ele>23</ele>
			 </trkpt>
			 <trkpt lat="28.300099" lon="-81.571212">
				 <ele>23</ele>
			 </trkpt>
			 <trkpt lat="28.300111" lon="-81.571179">
				 <ele>23</ele>
			 </trkpt>
			 <trkpt lat="28.300133" lon="-81.571153">
				 <ele>23</ele>
			 </trkpt>
			 <trkpt lat="28.300141" lon="-81.571066">
				 <ele>23</ele>
			 </trkpt>
			 <trkpt lat="28.300139" lon="-81.570998">
				 <ele>23</ele>
			 </trkpt>
			 <trkpt lat="28.300138" lon="-81.570645">
				 <ele>23</ele>
			 </trkpt>
			 <trkpt lat="28.300136" lon="-81.569642">
				 <ele>23</ele>
			 </trkpt>
			 <trkpt lat="28.300153" lon="-81.569268">
				 <ele>23</ele>
			 </trkpt>
			 <trkpt lat="28.300181" lon="-81.568977">
				 <ele>23</ele>
			 </trkpt>
			 <trkpt lat="28.300205" lon="-81.568803">
				 <ele>23</ele>
			 </trkpt>
			 <trkpt lat="28.300222" lon="-81.568692">
				 <ele>23</ele>
			 </trkpt>
			 <trkpt lat="28.300274" lon="-81.5684">
				 <ele>23</ele>
			 </trkpt>
			 <trkpt lat="28.300342" lon="-81.568102">
				 <ele>23</ele>
			 </trkpt>
			 <trkpt lat="28.300444" lon="-81.567894">
				 <ele>23</ele>
			 </trkpt>
			 <trkpt lat="28.300633" lon="-81.567573">
				 <ele>23</ele>
			 </trkpt>
			 <trkpt lat="28.300706" lon="-81.567441">
				 <ele>23</ele>
			 </trkpt>
			 <trkpt lat="28.30074" lon="-81.567311">
				 <ele>23</ele>
			 </trkpt>
			 <trkpt lat="28.300735" lon="-81.567093">
				 <ele>23</ele>
			 </trkpt>
			 <trkpt lat="28.300718" lon="-81.567026">
				 <ele>23</ele>
			 </trkpt>
			 <trkpt lat="28.300723" lon="-81.566954">
				 <ele>23</ele>
			 </trkpt>
			 <trkpt lat="28.300749" lon="-81.566888">
				 <ele>22.9</ele>
			 </trkpt>
			 <trkpt lat="28.30079" lon="-81.566836">
				 <ele>22.8</ele>
			 </trkpt>
			 <trkpt lat="28.300904" lon="-81.566653">
				 <ele>22.7</ele>
			 </trkpt>
			 <trkpt lat="28.300839" lon="-81.566606">
				 <ele>22.6</ele>
			 </trkpt>
			 <trkpt lat="28.300659" lon="-81.566539">
				 <ele>22.5</ele>
			 </trkpt>
			 <trkpt lat="28.300602" lon="-81.56643">
				 <ele>22.5</ele>
			 </trkpt>
			 <trkpt lat="28.300567" lon="-81.566267">
				 <ele>22.4</ele>
			 </trkpt>
			 <trkpt lat="28.3006" lon="-81.566167">
				 <ele>22.3</ele>
			 </trkpt>
			 <trkpt lat="28.300683" lon="-81.56605">
				 <ele>22.3</ele>
			 </trkpt>
			 <trkpt lat="28.300683" lon="-81.56555">
				 <ele>22.3</ele>
			 </trkpt>
			 <trkpt lat="28.300817" lon="-81.564967">
				 <ele>22.2</ele>
			 </trkpt>
			 <trkpt lat="28.300798" lon="-81.56494">
				 <ele>22.2</ele>
			 </trkpt>
			 <trkpt lat="28.300717" lon="-81.564817">
				 <ele>22.2</ele>
			 </trkpt>
			 <trkpt lat="28.3007" lon="-81.563983">
				 <ele>22.2</ele>
			 </trkpt>
			 <trkpt lat="28.300683" lon="-81.563933">
				 <ele>22.2</ele>
			 </trkpt>
			 <trkpt lat="28.3004" lon="-81.563483">
				 <ele>22.2</ele>
			 </trkpt>
			 <trkpt lat="28.300292" lon="-81.563287">
				 <ele>22.2</ele>
			 </trkpt>
			 <trkpt lat="28.300275" lon="-81.563208">
				 <ele>22.2</ele>
			 </trkpt>
			 <trkpt lat="28.300247" lon="-81.563066">
				 <ele>22.2</ele>
			 </trkpt>
			 <trkpt lat="28.300367" lon="-81.562883">
				 <ele>22.1</ele>
			 </trkpt>
			 <trkpt lat="28.300383" lon="-81.562783">
				 <ele>22</ele>
			 </trkpt>
			 <trkpt lat="28.3005" lon="-81.56275">
				 <ele>22</ele>
			 </trkpt>
			 <trkpt lat="28.300533" lon="-81.5626">
				 <ele>22</ele>
			 </trkpt>
			 <trkpt lat="28.300667" lon="-81.562483">
				 <ele>22</ele>
			 </trkpt>
			 <trkpt lat="28.300633" lon="-81.5623">
				 <ele>22.1</ele>
			 </trkpt>
			 <trkpt lat="28.300833" lon="-81.561683">
				 <ele>22.2</ele>
			 </trkpt>
			 <trkpt lat="28.3008" lon="-81.561133">
				 <ele>22.3</ele>
			 </trkpt>
			 <trkpt lat="28.300833" lon="-81.560883">
				 <ele>22.4</ele>
			 </trkpt>
			 <trkpt lat="28.300933" lon="-81.56045">
				 <ele>22.5</ele>
			 </trkpt>
			 <trkpt lat="28.301067" lon="-81.559817">
				 <ele>22.5</ele>
			 </trkpt>
			 <trkpt lat="28.301133" lon="-81.5597">
				 <ele>22.6</ele>
			 </trkpt>
			 <trkpt lat="28.30115" lon="-81.559583">
				 <ele>22.7</ele>
			 </trkpt>
			 <trkpt lat="28.301167" lon="-81.55955">
				 <ele>22.8</ele>
			 </trkpt>
			 <trkpt lat="28.30115" lon="-81.5595">
				 <ele>22.9</ele>
			 </trkpt>
			 <trkpt lat="28.30125" lon="-81.559083">
				 <ele>23</ele>
			 </trkpt>
			 <trkpt lat="28.301317" lon="-81.559">
				 <ele>23</ele>
			 </trkpt>
			 <trkpt lat="28.301457" lon="-81.558764">
				 <ele>23</ele>
			 </trkpt>
			 <trkpt lat="28.301908" lon="-81.557978">
				 <ele>23</ele>
			 </trkpt>
			 <trkpt lat="28.302" lon="-81.557817">
				 <ele>23</ele>
			 </trkpt>
			 <trkpt lat="28.302117" lon="-81.557767">
				 <ele>23</ele>
			 </trkpt>
			 <trkpt lat="28.302233" lon="-81.557517">
				 <ele>23</ele>
			 </trkpt>
			 <trkpt lat="28.302383" lon="-81.557417">
				 <ele>23</ele>
			 </trkpt>
			 <trkpt lat="28.302417" lon="-81.557167">
				 <ele>23</ele>
			 </trkpt>
			 <trkpt lat="28.302467" lon="-81.557083">
				 <ele>23</ele>
			 </trkpt>
			 <trkpt lat="28.30245" lon="-81.55695">
				 <ele>23</ele>
			 </trkpt>
			 <trkpt lat="28.302537" lon="-81.556682">
				 <ele>23</ele>
			 </trkpt>
			 <trkpt lat="28.302546" lon="-81.556511">
				 <ele>23</ele>
			 </trkpt>
			 <trkpt lat="28.302544" lon="-81.556357">
				 <ele>23</ele>
			 </trkpt>
			 <trkpt lat="28.302516" lon="-81.556143">
				 <ele>23</ele>
			 </trkpt>
			 <trkpt lat="28.302483" lon="-81.55603">
				 <ele>23</ele>
			 </trkpt>
			 <trkpt lat="28.302421" lon="-81.555869">
				 <ele>23</ele>
			 </trkpt>
			 <trkpt lat="28.302298" lon="-81.555665">
				 <ele>23</ele>
			 </trkpt>
			 <trkpt lat="28.302183" lon="-81.555523">
				 <ele>23</ele>
			 </trkpt>
			 <trkpt lat="28.302047" lon="-81.555414">
				 <ele>23</ele>
			 </trkpt>
			 <trkpt lat="28.301857" lon="-81.555311">
				 <ele>23</ele>
			 </trkpt>
			 <trkpt lat="28.301658" lon="-81.555201">
				 <ele>23</ele>
			 </trkpt>
			 <trkpt lat="28.301549" lon="-81.555131">
				 <ele>23</ele>
			 </trkpt>
			 <trkpt lat="28.301517" lon="-81.555092">
				 <ele>23</ele>
			 </trkpt>
			 <trkpt lat="28.301486" lon="-81.554956">
				 <ele>23</ele>
			 </trkpt>
			 <trkpt lat="28.301414" lon="-81.554867">
				 <ele>23</ele>
			 </trkpt>
			 <trkpt lat="28.301373" lon="-81.554838">
				 <ele>23</ele>
			 </trkpt>
			 <trkpt lat="28.301315" lon="-81.554821">
				 <ele>23</ele>
			 </trkpt>
			 <trkpt lat="28.301255" lon="-81.554815">
				 <ele>23</ele>
			 </trkpt>
			 <trkpt lat="28.301062" lon="-81.554814">
				 <ele>23</ele>
			 </trkpt>
			 <trkpt lat="28.301003" lon="-81.554808">
				 <ele>23</ele>
			 </trkpt>
			 <trkpt lat="28.300951" lon="-81.554789">
				 <ele>23</ele>
			 </trkpt>
			 <trkpt lat="28.300891" lon="-81.554752">
				 <ele>23</ele>
			 </trkpt>
			 <trkpt lat="28.300847" lon="-81.554739">
				 <ele>23</ele>
			 </trkpt>
			 <trkpt lat="28.300801" lon="-81.55475">
				 <ele>23</ele>
			 </trkpt>
			 <trkpt lat="28.300778" lon="-81.554768">
				 <ele>23</ele>
			 </trkpt>
			 <trkpt lat="28.300627" lon="-81.554928">
				 <ele>23</ele>
			 </trkpt>
			 <trkpt lat="28.30044" lon="-81.55511">
				 <ele>23</ele>
			 </trkpt>
			 <trkpt lat="28.300401" lon="-81.555124">
				 <ele>23</ele>
			 </trkpt>
			 <trkpt lat="28.300368" lon="-81.555122">
				 <ele>23</ele>
			 </trkpt>
			 <trkpt lat="28.300422" lon="-81.555205">
				 <ele>23</ele>
			 </trkpt>
			 <trkpt lat="28.300668" lon="-81.554966">
				 <ele>23</ele>
			 </trkpt>
			 <trkpt lat="28.300695" lon="-81.554948">
				 <ele>23</ele>
			 </trkpt>
			 <trkpt lat="28.30073" lon="-81.55494">
				 <ele>23</ele>
			 </trkpt>
			 <trkpt lat="28.300765" lon="-81.554941">
				 <ele>23</ele>
			 </trkpt>
			 <trkpt lat="28.300802" lon="-81.554951">
				 <ele>23</ele>
			 </trkpt>
			 <trkpt lat="28.300862" lon="-81.554989">
				 <ele>23</ele>
			 </trkpt>
			 <trkpt lat="28.30096" lon="-81.555119">
				 <ele>23</ele>
			 </trkpt>
			 <trkpt lat="28.301189" lon="-81.555418">
				 <ele>23</ele>
			 </trkpt>
			 <trkpt lat="28.301224" lon="-81.555475">
				 <ele>23</ele>
			 </trkpt>
			 <trkpt lat="28.301236" lon="-81.555544">
				 <ele>23</ele>
			 </trkpt>
			 <trkpt lat="28.301207" lon="-81.555937">
				 <ele>23</ele>
			 </trkpt>
			 <trkpt lat="28.301322" lon="-81.556099">
				 <ele>23</ele>
			 </trkpt>
			 <trkpt lat="28.301371" lon="-81.556091">
				 <ele>23</ele>
			 </trkpt>
			 <trkpt lat="28.30167" lon="-81.556109">
				 <ele>23</ele>
			 </trkpt>
			 <trkpt lat="28.30172" lon="-81.556124">
				 <ele>23</ele>
			 </trkpt>
			 <trkpt lat="28.301765" lon="-81.556162">
				 <ele>23</ele>
			 </trkpt>
			 <trkpt lat="28.301956" lon="-81.556417">
				 <ele>23</ele>
			 </trkpt>
			 <trkpt lat="28.302118" lon="-81.556632">
				 <ele>23</ele>
			 </trkpt>
			 <trkpt lat="28.302136" lon="-81.556669">
				 <ele>23</ele>
			 </trkpt>
			 <trkpt lat="28.302146" lon="-81.556712">
				 <ele>23</ele>
			 </trkpt>
			 <trkpt lat="28.302142" lon="-81.556755">
				 <ele>23</ele>
			 </trkpt>
			 <trkpt lat="28.302126" lon="-81.556794">
				 <ele>23</ele>
			 </trkpt>
			 <trkpt lat="28.3021" lon="-81.55683">
				 <ele>23</ele>
			 </trkpt>
			 <trkpt lat="28.301693" lon="-81.557229">
				 <ele>23</ele>
			 </trkpt>
			 <trkpt lat="28.301608" lon="-81.557296">
				 <ele>23</ele>
			 </trkpt>
			 <trkpt lat="28.301573" lon="-81.557331">
				 <ele>23</ele>
			 </trkpt>
			 <trkpt lat="28.301097" lon="-81.55787">
				 <ele>23</ele>
			 </trkpt>
			 <trkpt lat="28.301119" lon="-81.557907">
				 <ele>23</ele>
			 </trkpt>
			 <trkpt lat="28.301129" lon="-81.55795">
				 <ele>23</ele>
			 </trkpt>
			 <trkpt lat="28.301119" lon="-81.55801">
				 <ele>23</ele>
			 </trkpt>
			 <trkpt lat="28.301082" lon="-81.558066">
				 <ele>23</ele>
			 </trkpt>
			 <trkpt lat="28.301047" lon="-81.558086">
				 <ele>23</ele>
			 </trkpt>
			 <trkpt lat="28.301009" lon="-81.558092">
				 <ele>23</ele>
			 </trkpt>
			 <trkpt lat="28.300971" lon="-81.558083">
				 <ele>23</ele>
			 </trkpt>
			 <trkpt lat="28.300937" lon="-81.55806">
				 <ele>23</ele>
			 </trkpt>
			 <trkpt lat="28.300913" lon="-81.558026">
				 <ele>23</ele>
			 </trkpt>
			 <trkpt lat="28.300899" lon="-81.557985">
				 <ele>23</ele>
			 </trkpt>
			 <trkpt lat="28.300898" lon="-81.55794">
				 <ele>23.1</ele>
			 </trkpt>
			 <trkpt lat="28.300911" lon="-81.557898">
				 <ele>23.2</ele>
			 </trkpt>
			 <trkpt lat="28.300934" lon="-81.557863">
				 <ele>23.3</ele>
			 </trkpt>
			 <trkpt lat="28.300371" lon="-81.557198">
				 <ele>23.4</ele>
			 </trkpt>
			 <trkpt lat="28.300105" lon="-81.556846">
				 <ele>23.4</ele>
			 </trkpt>
			 <trkpt lat="28.299556" lon="-81.556088">
				 <ele>23.4</ele>
			 </trkpt>
			 <trkpt lat="28.299496" lon="-81.555986">
				 <ele>23.4</ele>
			 </trkpt>
			 <trkpt lat="28.299475" lon="-81.555931">
				 <ele>23.4</ele>
			 </trkpt>
			 <trkpt lat="28.299457" lon="-81.555871">
				 <ele>23.5</ele>
			 </trkpt>
			 <trkpt lat="28.299401" lon="-81.555677">
				 <ele>23.5</ele>
			 </trkpt>
			 <trkpt lat="28.299344" lon="-81.555536">
				 <ele>23.6</ele>
			 </trkpt>
			 <trkpt lat="28.299294" lon="-81.555479">
				 <ele>23.6</ele>
			 </trkpt>
			 <trkpt lat="28.299228" lon="-81.555421">
				 <ele>23.6</ele>
			 </trkpt>
			 <trkpt lat="28.299055" lon="-81.555303">
				 <ele>23.6</ele>
			 </trkpt>
			 <trkpt lat="28.298965" lon="-81.55523">
				 <ele>23.6</ele>
			 </trkpt>
			 <trkpt lat="28.298894" lon="-81.555141">
				 <ele>23.7</ele>
			 </trkpt>
			 <trkpt lat="28.298857" lon="-81.555079">
				 <ele>23.8</ele>
			 </trkpt>
			 <trkpt lat="28.298829" lon="-81.555017">
				 <ele>23.9</ele>
			 </trkpt>
			 <trkpt lat="28.29879" lon="-81.554887">
				 <ele>24</ele>
			 </trkpt>
			 <trkpt lat="28.298777" lon="-81.554755">
				 <ele>24.1</ele>
			 </trkpt>
			 <trkpt lat="28.298782" lon="-81.554683">
				 <ele>24.3</ele>
			 </trkpt>
			 <trkpt lat="28.298797" lon="-81.554604">
				 <ele>24.5</ele>
			 </trkpt>
			 <trkpt lat="28.298864" lon="-81.554391">
				 <ele>24.5</ele>
			 </trkpt>
			 <trkpt lat="28.297538" lon="-81.553749">
				 <ele>24.6</ele>
			 </trkpt>
			 <trkpt lat="28.296847" lon="-81.554026">
				 <ele>24.7</ele>
			 </trkpt>
			 <trkpt lat="28.29673" lon="-81.554073">
				 <ele>24.8</ele>
			 </trkpt>
			 <trkpt lat="28.296766" lon="-81.554201">
				 <ele>24.9</ele>
			 </trkpt>
			 <trkpt lat="28.296843" lon="-81.554401">
				 <ele>24.9</ele>
			 </trkpt>
			 <trkpt lat="28.29693" lon="-81.554604">
				 <ele>24.9</ele>
			 </trkpt>
			 <trkpt lat="28.297032" lon="-81.554802">
				 <ele>24.9</ele>
			 </trkpt>
			 <trkpt lat="28.297135" lon="-81.554985">
				 <ele>24.8</ele>
			 </trkpt>
			 <trkpt lat="28.297367" lon="-81.555373">
				 <ele>24.6</ele>
			 </trkpt>
			 <trkpt lat="28.297551" lon="-81.555694">
				 <ele>24.5</ele>
			 </trkpt>
			 <trkpt lat="28.297562" lon="-81.555744">
				 <ele>24.4</ele>
			 </trkpt>
			 <trkpt lat="28.297563" lon="-81.555792">
				 <ele>24.3</ele>
			 </trkpt>
			 <trkpt lat="28.297554" lon="-81.555836">
				 <ele>24.2</ele>
			 </trkpt>
			 <trkpt lat="28.297536" lon="-81.555879">
				 <ele>24.1</ele>
			 </trkpt>
			 <trkpt lat="28.297509" lon="-81.555913">
				 <ele>24</ele>
			 </trkpt>
			 <trkpt lat="28.297316" lon="-81.556091">
				 <ele>24</ele>
			 </trkpt>
			 <trkpt lat="28.297093" lon="-81.556298">
				 <ele>24</ele>
			 </trkpt>
			 <trkpt lat="28.296972" lon="-81.556395">
				 <ele>24</ele>
			 </trkpt>
			 <trkpt lat="28.296841" lon="-81.55648">
				 <ele>24</ele>
			 </trkpt>
			 <trkpt lat="28.29615" lon="-81.55684">
				 <ele>24</ele>
			 </trkpt>
			 <trkpt lat="28.296039" lon="-81.556892">
				 <ele>24</ele>
			 </trkpt>
			 <trkpt lat="28.295963" lon="-81.55692">
				 <ele>24</ele>
			 </trkpt>
			 <trkpt lat="28.295806" lon="-81.556947">
				 <ele>24</ele>
			 </trkpt>
			 <trkpt lat="28.295713" lon="-81.556949">
				 <ele>24</ele>
			 </trkpt>
			 <trkpt lat="28.295628" lon="-81.556946">
				 <ele>24</ele>
			 </trkpt>
			 <trkpt lat="28.295549" lon="-81.556935">
				 <ele>24</ele>
			 </trkpt>
			 <trkpt lat="28.295468" lon="-81.556915">
				 <ele>24</ele>
			 </trkpt>
			 <trkpt lat="28.295304" lon="-81.556844">
				 <ele>24</ele>
			 </trkpt>
			 <trkpt lat="28.29516" lon="-81.556752">
				 <ele>24</ele>
			 </trkpt>
			 <trkpt lat="28.295092" lon="-81.556691">
				 <ele>24</ele>
			 </trkpt>
			 <trkpt lat="28.295025" lon="-81.55662">
				 <ele>24</ele>
			 </trkpt>
			 <trkpt lat="28.294894" lon="-81.556451">
				 <ele>24</ele>
			 </trkpt>
			 <trkpt lat="28.294833" lon="-81.556365">
				 <ele>24</ele>
			 </trkpt>
			 <trkpt lat="28.294786" lon="-81.556295">
				 <ele>24</ele>
			 </trkpt>
			 <trkpt lat="28.29467" lon="-81.556108">
				 <ele>24</ele>
			 </trkpt>
			 <trkpt lat="28.294571" lon="-81.555926">
				 <ele>24.1</ele>
			 </trkpt>
			 <trkpt lat="28.294486" lon="-81.555748">
				 <ele>24.2</ele>
			 </trkpt>
			 <trkpt lat="28.294477" lon="-81.555688">
				 <ele>24.3</ele>
			 </trkpt>
			 <trkpt lat="28.294484" lon="-81.555655">
				 <ele>24.4</ele>
			 </trkpt>
			 <trkpt lat="28.294555" lon="-81.555579">
				 <ele>24.5</ele>
			 </trkpt>
			 <trkpt lat="28.294906" lon="-81.555282">
				 <ele>24.6</ele>
			 </trkpt>
			 <trkpt lat="28.295034" lon="-81.555181">
				 <ele>24.7</ele>
			 </trkpt>
			 <trkpt lat="28.295243" lon="-81.555059">
				 <ele>24.8</ele>
			 </trkpt>
			 <trkpt lat="28.295298" lon="-81.55503">
				 <ele>24.9</ele>
			 </trkpt>
			 <trkpt lat="28.295273" lon="-81.554955">
				 <ele>25</ele>
			 </trkpt>
			 <trkpt lat="28.295236" lon="-81.554842">
				 <ele>25</ele>
			 </trkpt>
			 <trkpt lat="28.29515" lon="-81.554574">
				 <ele>24.9</ele>
			 </trkpt>
			 <trkpt lat="28.295127" lon="-81.554505">
				 <ele>24.8</ele>
			 </trkpt>
			 <trkpt lat="28.29506" lon="-81.554532">
				 <ele>24.7</ele>
			 </trkpt>
			 <trkpt lat="28.294975" lon="-81.554559">
				 <ele>24.6</ele>
			 </trkpt>
			 <trkpt lat="28.294303" lon="-81.554712">
				 <ele>24.5</ele>
			 </trkpt>
			 <trkpt lat="28.294264" lon="-81.55472">
				 <ele>24.4</ele>
			 </trkpt>
			 <trkpt lat="28.294225" lon="-81.554719">
				 <ele>24.3</ele>
			 </trkpt>
			 <trkpt lat="28.294197" lon="-81.554703">
				 <ele>24.1</ele>
			 </trkpt>
			 <trkpt lat="28.294176" lon="-81.554676">
				 <ele>23.9</ele>
			 </trkpt>
			 <trkpt lat="28.294162" lon="-81.554644">
				 <ele>23.7</ele>
			 </trkpt>
			 <trkpt lat="28.294102" lon="-81.554375">
				 <ele>23.6</ele>
			 </trkpt>
			 <trkpt lat="28.294074" lon="-81.554245">
				 <ele>23.5</ele>
			 </trkpt>
			 <trkpt lat="28.294012" lon="-81.553842">
				 <ele>23.5</ele>
			 </trkpt>
			 <trkpt lat="28.293993" lon="-81.553683">
				 <ele>23.4</ele>
			 </trkpt>
			 <trkpt lat="28.293977" lon="-81.553477">
				 <ele>23.3</ele>
			 </trkpt>
			 <trkpt lat="28.293986" lon="-81.553324">
				 <ele>23.2</ele>
			 </trkpt>
			 <trkpt lat="28.294003" lon="-81.553231">
				 <ele>23.2</ele>
			 </trkpt>
			 <trkpt lat="28.294025" lon="-81.553138">
				 <ele>23.2</ele>
			 </trkpt>
			 <trkpt lat="28.294058" lon="-81.553042">
				 <ele>23.3</ele>
			 </trkpt>
			 <trkpt lat="28.29409" lon="-81.55296">
				 <ele>23.4</ele>
			 </trkpt>
			 <trkpt lat="28.294174" lon="-81.552818">
				 <ele>23.5</ele>
			 </trkpt>
			 <trkpt lat="28.294281" lon="-81.552689">
				 <ele>23.5</ele>
			 </trkpt>
			 <trkpt lat="28.294346" lon="-81.552627">
				 <ele>23.6</ele>
			 </trkpt>
			 <trkpt lat="28.294413" lon="-81.552577">
				 <ele>23.7</ele>
			 </trkpt>
			 <trkpt lat="28.294483" lon="-81.552536">
				 <ele>23.8</ele>
			 </trkpt>
			 <trkpt lat="28.29456" lon="-81.5525">
				 <ele>23.9</ele>
			 </trkpt>
			 <trkpt lat="28.294707" lon="-81.552445">
				 <ele>24</ele>
			 </trkpt>
			 <trkpt lat="28.295021" lon="-81.552352">
				 <ele>24</ele>
			 </trkpt>
			 <trkpt lat="28.29521" lon="-81.552296">
				 <ele>24</ele>
			 </trkpt>
			 <trkpt lat="28.295508" lon="-81.552208">
				 <ele>24</ele>
			 </trkpt>
			 <trkpt lat="28.296307" lon="-81.55197">
				 <ele>24</ele>
			 </trkpt>
			 <trkpt lat="28.296764" lon="-81.551828">
				 <ele>24</ele>
			 </trkpt>
			 <trkpt lat="28.296829" lon="-81.551813">
				 <ele>24</ele>
			 </trkpt>
			 <trkpt lat="28.29689" lon="-81.551808">
				 <ele>24</ele>
			 </trkpt>
			 <trkpt lat="28.297034" lon="-81.551815">
				 <ele>24</ele>
			 </trkpt>
			 <trkpt lat="28.297104" lon="-81.551833">
				 <ele>24</ele>
			 </trkpt>
			 <trkpt lat="28.297174" lon="-81.551862">
				 <ele>23.9</ele>
			 </trkpt>
			 <trkpt lat="28.297257" lon="-81.55191">
				 <ele>23.9</ele>
			 </trkpt>
			 <trkpt lat="28.29732" lon="-81.551955">
				 <ele>23.9</ele>
			 </trkpt>
			 <trkpt lat="28.29738" lon="-81.552012">
				 <ele>23.9</ele>
			 </trkpt>
			 <trkpt lat="28.297427" lon="-81.552067">
				 <ele>23.8</ele>
			 </trkpt>
			 <trkpt lat="28.297505" lon="-81.552198">
				 <ele>23.7</ele>
			 </trkpt>
			 <trkpt lat="28.297739" lon="-81.552863">
				 <ele>23.6</ele>
			 </trkpt>
			 <trkpt lat="28.297818" lon="-81.553103">
				 <ele>23.5</ele>
			 </trkpt>
			 <trkpt lat="28.29863" lon="-81.553496">
				 <ele>23.5</ele>
			 </trkpt>
			 <trkpt lat="28.298689" lon="-81.55334">
				 <ele>23.4</ele>
			 </trkpt>
			 <trkpt lat="28.298808" lon="-81.553028">
				 <ele>23.3</ele>
			 </trkpt>
			 <trkpt lat="28.298973" lon="-81.552598">
				 <ele>23.3</ele>
			 </trkpt>
			 <trkpt lat="28.299025" lon="-81.552509">
				 <ele>23.2</ele>
			 </trkpt>
			 <trkpt lat="28.299066" lon="-81.552467">
				 <ele>23.1</ele>
			 </trkpt>
			 <trkpt lat="28.299112" lon="-81.552442">
				 <ele>23</ele>
			 </trkpt>
			 <trkpt lat="28.299159" lon="-81.552426">
				 <ele>23</ele>
			 </trkpt>
			 <trkpt lat="28.299246" lon="-81.55242">
				 <ele>23</ele>
			 </trkpt>
			 <trkpt lat="28.299331" lon="-81.552445">
				 <ele>23</ele>
			 </trkpt>
			 <trkpt lat="28.299483" lon="-81.552514">
				 <ele>23</ele>
			 </trkpt>
			 <trkpt lat="28.2996" lon="-81.552564">
				 <ele>23</ele>
			 </trkpt>
			 <trkpt lat="28.299818" lon="-81.552639">
				 <ele>23</ele>
			 </trkpt>
			 <trkpt lat="28.299976" lon="-81.552688">
				 <ele>23</ele>
			 </trkpt>
			 <trkpt lat="28.300169" lon="-81.552738">
				 <ele>23</ele>
			 </trkpt>
			 <trkpt lat="28.30056" lon="-81.552812">
				 <ele>23</ele>
			 </trkpt>
			 <trkpt lat="28.300772" lon="-81.552844">
				 <ele>23</ele>
			 </trkpt>
			 <trkpt lat="28.300883" lon="-81.552847">
				 <ele>23</ele>
			 </trkpt>
			 <trkpt lat="28.300932" lon="-81.55284">
				 <ele>23</ele>
			 </trkpt>
			 <trkpt lat="28.301029" lon="-81.552811">
				 <ele>23</ele>
			 </trkpt>
			 <trkpt lat="28.301087" lon="-81.552786">
				 <ele>23</ele>
			 </trkpt>
			 <trkpt lat="28.301141" lon="-81.552753">
				 <ele>23</ele>
			 </trkpt>
			 <trkpt lat="28.301232" lon="-81.552683">
				 <ele>23</ele>
			 </trkpt>
			 <trkpt lat="28.301319" lon="-81.552591">
				 <ele>23</ele>
			 </trkpt>
			 <trkpt lat="28.301655" lon="-81.552176">
				 <ele>23</ele>
			 </trkpt>
			 <trkpt lat="28.301873" lon="-81.551922">
				 <ele>23</ele>
			 </trkpt>
			 <trkpt lat="28.301955" lon="-81.551841">
				 <ele>23</ele>
			 </trkpt>
			 <trkpt lat="28.302144" lon="-81.551674">
				 <ele>23</ele>
			 </trkpt>
			 <trkpt lat="28.302362" lon="-81.551514">
				 <ele>23</ele>
			 </trkpt>
			 <trkpt lat="28.302426" lon="-81.551475">
				 <ele>23</ele>
			 </trkpt>
			 <trkpt lat="28.302526" lon="-81.55143">
				 <ele>23</ele>
			 </trkpt>
			 <trkpt lat="28.302573" lon="-81.551408">
				 <ele>23</ele>
			 </trkpt>
			 <trkpt lat="28.302874" lon="-81.551323">
				 <ele>23</ele>
			 </trkpt>
			 <trkpt lat="28.302923" lon="-81.551323">
				 <ele>23</ele>
			 </trkpt>
			 <trkpt lat="28.302968" lon="-81.551333">
				 <ele>23</ele>
			 </trkpt>
			 <trkpt lat="28.30301" lon="-81.551354">
				 <ele>23</ele>
			 </trkpt>
			 <trkpt lat="28.303044" lon="-81.551389">
				 <ele>23</ele>
			 </trkpt>
			 <trkpt lat="28.303067" lon="-81.551434">
				 <ele>23</ele>
			 </trkpt>
			 <trkpt lat="28.303215" lon="-81.551765">
				 <ele>23</ele>
			 </trkpt>
			 <trkpt lat="28.303349" lon="-81.551984">
				 <ele>23</ele>
			 </trkpt>
			 <trkpt lat="28.303371" lon="-81.552028">
				 <ele>23</ele>
			 </trkpt>
			 <trkpt lat="28.303391" lon="-81.552111">
				 <ele>23</ele>
			 </trkpt>
			 <trkpt lat="28.303646" lon="-81.552044">
				 <ele>23</ele>
			 </trkpt>
			 <trkpt lat="28.303834" lon="-81.552018">
				 <ele>23</ele>
			 </trkpt>
			 <trkpt lat="28.303986" lon="-81.552012">
				 <ele>23</ele>
			 </trkpt>
			 <trkpt lat="28.304141" lon="-81.552019">
				 <ele>23</ele>
			 </trkpt>
			 <trkpt lat="28.304143" lon="-81.551874">
				 <ele>23</ele>
			 </trkpt>
			 <trkpt lat="28.304137" lon="-81.551823">
				 <ele>23</ele>
			 </trkpt>
			 <trkpt lat="28.30407" lon="-81.551495">
				 <ele>23</ele>
			 </trkpt>
			 <trkpt lat="28.303992" lon="-81.551127">
				 <ele>23</ele>
			 </trkpt>
			 <trkpt lat="28.303967" lon="-81.551004">
				 <ele>23</ele>
			 </trkpt>
			 <trkpt lat="28.303949" lon="-81.550863">
				 <ele>23</ele>
			 </trkpt>
			 <trkpt lat="28.303918" lon="-81.550344">
				 <ele>23</ele>
			 </trkpt>
			 <trkpt lat="28.30391" lon="-81.550199">
				 <ele>23</ele>
			 </trkpt>
			 <trkpt lat="28.303869" lon="-81.549457">
				 <ele>23</ele>
			 </trkpt>
			 <trkpt lat="28.303855" lon="-81.549329">
				 <ele>23</ele>
			 </trkpt>
			 <trkpt lat="28.303823" lon="-81.54921">
				 <ele>23</ele>
			 </trkpt>
			 <trkpt lat="28.303755" lon="-81.549047">
				 <ele>23</ele>
			 </trkpt>
			 <trkpt lat="28.30349" lon="-81.548403">
				 <ele>23</ele>
			 </trkpt>
			 <trkpt lat="28.303452" lon="-81.548327">
				 <ele>23</ele>
			 </trkpt>
			 <trkpt lat="28.303399" lon="-81.548205">
				 <ele>23</ele>
			 </trkpt>
			 <trkpt lat="28.303382" lon="-81.548147">
				 <ele>22.9</ele>
			 </trkpt>
			 <trkpt lat="28.303364" lon="-81.548007">
				 <ele>22.9</ele>
			 </trkpt>
			 <trkpt lat="28.303365" lon="-81.547947">
				 <ele>22.9</ele>
			 </trkpt>
			 <trkpt lat="28.303383" lon="-81.547813">
				 <ele>22.9</ele>
			 </trkpt>
			 <trkpt lat="28.303423" lon="-81.54768">
				 <ele>22.9</ele>
			 </trkpt>
			 <trkpt lat="28.303451" lon="-81.547621">
				 <ele>22.9</ele>
			 </trkpt>
			 <trkpt lat="28.303483" lon="-81.547565">
				 <ele>22.9</ele>
			 </trkpt>
			 <trkpt lat="28.303517" lon="-81.547522">
				 <ele>22.9</ele>
			 </trkpt>
			 <trkpt lat="28.303612" lon="-81.547429">
				 <ele>22.9</ele>
			 </trkpt>
			 <trkpt lat="28.303659" lon="-81.547395">
				 <ele>22.9</ele>
			 </trkpt>
			 <trkpt lat="28.303866" lon="-81.547275">
				 <ele>22.9</ele>
			 </trkpt>
			 <trkpt lat="28.30393" lon="-81.547226">
				 <ele>23</ele>
			 </trkpt>
			 <trkpt lat="28.304043" lon="-81.547121">
				 <ele>23</ele>
			 </trkpt>
			 <trkpt lat="28.304094" lon="-81.547064">
				 <ele>23</ele>
			 </trkpt>
			 <trkpt lat="28.304139" lon="-81.547002">
				 <ele>23</ele>
			 </trkpt>
			 <trkpt lat="28.304211" lon="-81.546879">
				 <ele>23</ele>
			 </trkpt>
			 <trkpt lat="28.304269" lon="-81.546756">
				 <ele>23</ele>
			 </trkpt>
			 <trkpt lat="28.304291" lon="-81.546695">
				 <ele>23</ele>
			 </trkpt>
			 <trkpt lat="28.304364" lon="-81.546451">
				 <ele>23</ele>
			 </trkpt>
			 <trkpt lat="28.304388" lon="-81.54632">
				 <ele>23</ele>
			 </trkpt>
			 <trkpt lat="28.304402" lon="-81.546188">
				 <ele>23</ele>
			 </trkpt>
			 <trkpt lat="28.304407" lon="-81.546101">
				 <ele>23</ele>
			 </trkpt>
			 <trkpt lat="28.304411" lon="-81.54602">
				 <ele>23</ele>
			 </trkpt>
			 <trkpt lat="28.304407" lon="-81.545747">
				 <ele>23</ele>
			 </trkpt>
			 <trkpt lat="28.304396" lon="-81.545608">
				 <ele>23</ele>
			 </trkpt>
			 <trkpt lat="28.30437" lon="-81.545428">
				 <ele>23</ele>
			 </trkpt>
			 <trkpt lat="28.304329" lon="-81.545198">
				 <ele>23</ele>
			 </trkpt>
			 <trkpt lat="28.304301" lon="-81.545074">
				 <ele>23</ele>
			 </trkpt>
			 <trkpt lat="28.304218" lon="-81.544756">
				 <ele>23</ele>
			 </trkpt>
			 <trkpt lat="28.304199" lon="-81.544682">
				 <ele>22.9</ele>
			 </trkpt>
			 <trkpt lat="28.304112" lon="-81.544181">
				 <ele>22.8</ele>
			 </trkpt>
			 <trkpt lat="28.304091" lon="-81.544064">
				 <ele>22.8</ele>
			 </trkpt>
			 <trkpt lat="28.303781" lon="-81.543974">
				 <ele>22.8</ele>
			 </trkpt>
			 <trkpt lat="28.303652" lon="-81.543906">
				 <ele>22.8</ele>
			 </trkpt>
			 <trkpt lat="28.303069" lon="-81.543685">
				 <ele>22.8</ele>
			 </trkpt>
			 <trkpt lat="28.302901" lon="-81.543621">
				 <ele>22.8</ele>
			 </trkpt>
			 <trkpt lat="28.302541" lon="-81.543547">
				 <ele>22.8</ele>
			 </trkpt>
			 <trkpt lat="28.302524" lon="-81.543603">
				 <ele>22.8</ele>
			 </trkpt>
			 <trkpt lat="28.302465" lon="-81.543729">
				 <ele>22.8</ele>
			 </trkpt>
			 <trkpt lat="28.302427" lon="-81.543849">
				 <ele>22.8</ele>
			 </trkpt>
			 <trkpt lat="28.302413" lon="-81.54393">
				 <ele>22.9</ele>
			 </trkpt>
			 <trkpt lat="28.302405" lon="-81.54406">
				 <ele>23</ele>
			 </trkpt>
			 <trkpt lat="28.302397" lon="-81.544099">
				 <ele>23</ele>
			 </trkpt>
			 <trkpt lat="28.302367" lon="-81.544192">
				 <ele>23</ele>
			 </trkpt>
			 <trkpt lat="28.302311" lon="-81.544284">
				 <ele>23</ele>
			 </trkpt>
			 <trkpt lat="28.302248" lon="-81.544363">
				 <ele>23</ele>
			 </trkpt>
			 <trkpt lat="28.301909" lon="-81.544692">
				 <ele>23</ele>
			 </trkpt>
			 <trkpt lat="28.301627" lon="-81.544986">
				 <ele>23</ele>
			 </trkpt>
			 <trkpt lat="28.301465" lon="-81.545071">
				 <ele>23</ele>
			 </trkpt>
			 <trkpt lat="28.301306" lon="-81.545212">
				 <ele>23</ele>
			 </trkpt>
			 <trkpt lat="28.301241" lon="-81.545302">
				 <ele>23</ele>
			 </trkpt>
			 <trkpt lat="28.3011" lon="-81.545564">
				 <ele>23</ele>
			 </trkpt>
			 <trkpt lat="28.301067" lon="-81.545603">
				 <ele>23</ele>
			 </trkpt>
			 <trkpt lat="28.301037" lon="-81.545619">
				 <ele>23</ele>
			 </trkpt>
			 <trkpt lat="28.300999" lon="-81.545618">
				 <ele>23</ele>
			 </trkpt>
			 <trkpt lat="28.300968" lon="-81.545607">
				 <ele>23</ele>
			 </trkpt>
			 <trkpt lat="28.300646" lon="-81.545359">
				 <ele>23</ele>
			 </trkpt>
			 <trkpt lat="28.300619" lon="-81.545311">
				 <ele>23</ele>
			 </trkpt>
			 <trkpt lat="28.300578" lon="-81.545218">
				 <ele>23</ele>
			 </trkpt>
			 <trkpt lat="28.300517" lon="-81.545132">
				 <ele>23</ele>
			 </trkpt>
			 <trkpt lat="28.300514" lon="-81.545071">
				 <ele>23</ele>
			 </trkpt>
			 <trkpt lat="28.300491" lon="-81.545034">
				 <ele>23</ele>
			 </trkpt>
			 <trkpt lat="28.300457" lon="-81.544914">
				 <ele>23</ele>
			 </trkpt>
			 <trkpt lat="28.300425" lon="-81.54487">
				 <ele>23</ele>
			 </trkpt>
			 <trkpt lat="28.300377" lon="-81.544804">
				 <ele>23</ele>
			 </trkpt>
			 <trkpt lat="28.300352" lon="-81.544825">
				 <ele>23</ele>
			 </trkpt>
			 <trkpt lat="28.300302" lon="-81.544837">
				 <ele>23</ele>
			 </trkpt>
			 <trkpt lat="28.300273" lon="-81.544831">
				 <ele>23</ele>
			 </trkpt>
			 <trkpt lat="28.300246" lon="-81.544813">
				 <ele>23</ele>
			 </trkpt>
			 <trkpt lat="28.300018" lon="-81.544485">
				 <ele>23</ele>
			 </trkpt>
			 <trkpt lat="28.299847" lon="-81.544293">
				 <ele>23</ele>
			 </trkpt>
			 <trkpt lat="28.299814" lon="-81.544261">
				 <ele>23</ele>
			 </trkpt>
			 <trkpt lat="28.299727" lon="-81.544184">
				 <ele>23</ele>
			 </trkpt>
			 <trkpt lat="28.299681" lon="-81.544139">
				 <ele>23</ele>
			 </trkpt>
			 <trkpt lat="28.299584" lon="-81.544037">
				 <ele>23</ele>
			 </trkpt>
			 <trkpt lat="28.299516" lon="-81.54394">
				 <ele>23</ele>
			 </trkpt>
			 <trkpt lat="28.299422" lon="-81.543784">
				 <ele>23</ele>
			 </trkpt>
			 <trkpt lat="28.299355" lon="-81.543623">
				 <ele>23</ele>
			 </trkpt>
			 <trkpt lat="28.299325" lon="-81.543548">
				 <ele>23</ele>
			 </trkpt>
			 <trkpt lat="28.299318" lon="-81.543512">
				 <ele>23</ele>
			 </trkpt>
			 <trkpt lat="28.29932" lon="-81.543478">
				 <ele>23</ele>
			 </trkpt>
			 <trkpt lat="28.299333" lon="-81.543445">
				 <ele>23</ele>
			 </trkpt>
			 <trkpt lat="28.299584" lon="-81.54327">
				 <ele>23</ele>
			 </trkpt>
			 <trkpt lat="28.299734" lon="-81.543155">
				 <ele>23</ele>
			 </trkpt>
			 <trkpt lat="28.299936" lon="-81.542977">
				 <ele>23</ele>
			 </trkpt>
			 <trkpt lat="28.300125" lon="-81.542797">
				 <ele>23</ele>
			 </trkpt>
			 <trkpt lat="28.300309" lon="-81.542652">
				 <ele>22.9</ele>
			 </trkpt>
			 <trkpt lat="28.300476" lon="-81.542545">
				 <ele>22.8</ele>
			 </trkpt>
			 <trkpt lat="28.300651" lon="-81.54246">
				 <ele>22.7</ele>
			 </trkpt>
			 <trkpt lat="28.300691" lon="-81.54244">
				 <ele>22.6</ele>
			 </trkpt>
			 <trkpt lat="28.301188" lon="-81.54227">
				 <ele>22.5</ele>
			 </trkpt>
			 <trkpt lat="28.301449" lon="-81.542153">
				 <ele>22.5</ele>
			 </trkpt>
			 <trkpt lat="28.301577" lon="-81.542087">
				 <ele>22.4</ele>
			 </trkpt>
			 <trkpt lat="28.301631" lon="-81.542071">
				 <ele>22.4</ele>
			 </trkpt>
			 <trkpt lat="28.301687" lon="-81.542067">
				 <ele>22.4</ele>
			 </trkpt>
			 <trkpt lat="28.301737" lon="-81.542073">
				 <ele>22.4</ele>
			 </trkpt>
			 <trkpt lat="28.301793" lon="-81.542087">
				 <ele>22.3</ele>
			 </trkpt>
			 <trkpt lat="28.301915" lon="-81.542137">
				 <ele>22.3</ele>
			 </trkpt>
			 <trkpt lat="28.302004" lon="-81.542188">
				 <ele>22.3</ele>
			 </trkpt>
			 <trkpt lat="28.30208" lon="-81.542264">
				 <ele>22.3</ele>
			 </trkpt>
			 <trkpt lat="28.302123" lon="-81.542211">
				 <ele>22.3</ele>
			 </trkpt>
			 <trkpt lat="28.302344" lon="-81.541967">
				 <ele>22.3</ele>
			 </trkpt>
			 <trkpt lat="28.302948" lon="-81.541237">
				 <ele>22.3</ele>
			 </trkpt>
			 <trkpt lat="28.303049" lon="-81.541152">
				 <ele>22.3</ele>
			 </trkpt>
			 <trkpt lat="28.3031" lon="-81.541122">
				 <ele>22.2</ele>
			 </trkpt>
			 <trkpt lat="28.303217" lon="-81.541078">
				 <ele>22.1</ele>
			 </trkpt>
			 <trkpt lat="28.303324" lon="-81.541059">
				 <ele>22</ele>
			 </trkpt>
			 <trkpt lat="28.303392" lon="-81.541059">
				 <ele>22</ele>
			 </trkpt>
			 <trkpt lat="28.303518" lon="-81.541084">
				 <ele>22</ele>
			 </trkpt>
			 <trkpt lat="28.303574" lon="-81.541107">
				 <ele>22</ele>
			 </trkpt>
			 <trkpt lat="28.30378" lon="-81.541224">
				 <ele>22</ele>
			 </trkpt>
			 <trkpt lat="28.304351" lon="-81.541591">
				 <ele>22</ele>
			 </trkpt>
			 <trkpt lat="28.304394" lon="-81.541528">
				 <ele>22</ele>
			 </trkpt>
			 <trkpt lat="28.304473" lon="-81.541417">
				 <ele>22</ele>
			 </trkpt>
			 <trkpt lat="28.304626" lon="-81.541253">
				 <ele>22</ele>
			 </trkpt>
			 <trkpt lat="28.304785" lon="-81.541157">
				 <ele>22</ele>
			 </trkpt>
			 <trkpt lat="28.304872" lon="-81.541119">
				 <ele>22</ele>
			 </trkpt>
			 <trkpt lat="28.304998" lon="-81.541077">
				 <ele>22.1</ele>
			 </trkpt>
			 <trkpt lat="28.305134" lon="-81.541052">
				 <ele>22.2</ele>
			 </trkpt>
			 <trkpt lat="28.305288" lon="-81.541058">
				 <ele>22.3</ele>
			 </trkpt>
			 <trkpt lat="28.305518" lon="-81.541099">
				 <ele>22.4</ele>
			 </trkpt>
			 <trkpt lat="28.306449" lon="-81.541289">
				 <ele>22.5</ele>
			 </trkpt>
			 <trkpt lat="28.306523" lon="-81.541303">
				 <ele>22.5</ele>
			 </trkpt>
			 <trkpt lat="28.306666" lon="-81.541339">
				 <ele>22.6</ele>
			 </trkpt>
			 <trkpt lat="28.30689" lon="-81.541425">
				 <ele>22.7</ele>
			 </trkpt>
			 <trkpt lat="28.307125" lon="-81.541586">
				 <ele>22.7</ele>
			 </trkpt>
			 <trkpt lat="28.307286" lon="-81.541738">
				 <ele>22.7</ele>
			 </trkpt>
			 <trkpt lat="28.307355" lon="-81.541816">
				 <ele>22.7</ele>
			 </trkpt>
			 <trkpt lat="28.307488" lon="-81.542001">
				 <ele>22.6</ele>
			 </trkpt>
			 <trkpt lat="28.307624" lon="-81.542235">
				 <ele>22.6</ele>
			 </trkpt>
			 <trkpt lat="28.307711" lon="-81.542417">
				 <ele>22.6</ele>
			 </trkpt>
			 <trkpt lat="28.307813" lon="-81.542673">
				 <ele>22.6</ele>
			 </trkpt>
			 <trkpt lat="28.307854" lon="-81.542794">
				 <ele>22.6</ele>
			 </trkpt>
			 <trkpt lat="28.307905" lon="-81.542978">
				 <ele>22.6</ele>
			 </trkpt>
			 <trkpt lat="28.308065" lon="-81.543677">
				 <ele>22.6</ele>
			 </trkpt>
			 <trkpt lat="28.308107" lon="-81.543856">
				 <ele>22.6</ele>
			 </trkpt>
			 <trkpt lat="28.308183" lon="-81.544183">
				 <ele>22.7</ele>
			 </trkpt>
			 <trkpt lat="28.308204" lon="-81.544275">
				 <ele>22.8</ele>
			 </trkpt>
			 <trkpt lat="28.308321" lon="-81.544245">
				 <ele>22.9</ele>
			 </trkpt>
			 <trkpt lat="28.308495" lon="-81.544214">
				 <ele>23</ele>
			 </trkpt>
			 <trkpt lat="28.308552" lon="-81.544215">
				 <ele>23</ele>
			 </trkpt>
			 <trkpt lat="28.308643" lon="-81.544242">
				 <ele>23</ele>
			 </trkpt>
			 <trkpt lat="28.3087" lon="-81.544232">
				 <ele>23</ele>
			 </trkpt>
			 <trkpt lat="28.308755" lon="-81.544235">
				 <ele>23</ele>
			 </trkpt>
			 <trkpt lat="28.308976" lon="-81.544289">
				 <ele>23</ele>
			 </trkpt>
			 <trkpt lat="28.309026" lon="-81.544274">
				 <ele>23</ele>
			 </trkpt>
			 <trkpt lat="28.309047" lon="-81.544243">
				 <ele>23</ele>
			 </trkpt>
			 <trkpt lat="28.309069" lon="-81.54421">
				 <ele>23</ele>
			 </trkpt>
			 <trkpt lat="28.309101" lon="-81.544185">
				 <ele>22.9</ele>
			 </trkpt>
			 <trkpt lat="28.309128" lon="-81.544181">
				 <ele>22.8</ele>
			 </trkpt>
			 <trkpt lat="28.30929" lon="-81.544193">
				 <ele>22.7</ele>
			 </trkpt>
			 <trkpt lat="28.309408" lon="-81.544183">
				 <ele>22.6</ele>
			 </trkpt>
			 <trkpt lat="28.309582" lon="-81.544124">
				 <ele>22.5</ele>
			 </trkpt>
			 <trkpt lat="28.309739" lon="-81.544045">
				 <ele>22.5</ele>
			 </trkpt>
			 <trkpt lat="28.309823" lon="-81.543978">
				 <ele>22.4</ele>
			 </trkpt>
			 <trkpt lat="28.309894" lon="-81.543904">
				 <ele>22.3</ele>
			 </trkpt>
			 <trkpt lat="28.309969" lon="-81.543779">
				 <ele>22.2</ele>
			 </trkpt>
			 <trkpt lat="28.310019" lon="-81.543678">
				 <ele>22.1</ele>
			 </trkpt>
			 <trkpt lat="28.310067" lon="-81.543654">
				 <ele>22</ele>
			 </trkpt>
			 <trkpt lat="28.310104" lon="-81.543657">
				 <ele>22</ele>
			 </trkpt>
			 <trkpt lat="28.31015" lon="-81.543666">
				 <ele>22</ele>
			 </trkpt>
			 <trkpt lat="28.310211" lon="-81.543692">
				 <ele>22</ele>
			 </trkpt>
			 <trkpt lat="28.310335" lon="-81.54376">
				 <ele>22</ele>
			 </trkpt>
			 <trkpt lat="28.310636" lon="-81.543964">
				 <ele>22</ele>
			 </trkpt>
			 <trkpt lat="28.310985" lon="-81.544157">
				 <ele>22</ele>
			 </trkpt>
			 <trkpt lat="28.311072" lon="-81.544264">
				 <ele>22</ele>
			 </trkpt>
			 <trkpt lat="28.311132" lon="-81.544314">
				 <ele>22</ele>
			 </trkpt>
			 <trkpt lat="28.311682" lon="-81.54458">
				 <ele>22</ele>
			 </trkpt>
			 <trkpt lat="28.311714" lon="-81.544587">
				 <ele>22</ele>
			 </trkpt>
			 <trkpt lat="28.311776" lon="-81.544582">
				 <ele>22</ele>
			 </trkpt>
			 <trkpt lat="28.311806" lon="-81.544572">
				 <ele>22</ele>
			 </trkpt>
			 <trkpt lat="28.311878" lon="-81.544527">
				 <ele>22</ele>
			 </trkpt>
			 <trkpt lat="28.312002" lon="-81.544471">
				 <ele>22</ele>
			 </trkpt>
			 <trkpt lat="28.312482" lon="-81.544335">
				 <ele>22</ele>
			 </trkpt>
			 <trkpt lat="28.312511" lon="-81.544336">
				 <ele>22</ele>
			 </trkpt>
			 <trkpt lat="28.312556" lon="-81.544358">
				 <ele>22</ele>
			 </trkpt>
			 <trkpt lat="28.312602" lon="-81.544462">
				 <ele>22</ele>
			 </trkpt>
			 <trkpt lat="28.312618" lon="-81.544542">
				 <ele>22</ele>
			 </trkpt>
			 <trkpt lat="28.312635" lon="-81.544584">
				 <ele>22</ele>
			 </trkpt>
			 <trkpt lat="28.312652" lon="-81.544612">
				 <ele>22</ele>
			 </trkpt>
			 <trkpt lat="28.312675" lon="-81.544634">
				 <ele>22</ele>
			 </trkpt>
			 <trkpt lat="28.312786" lon="-81.544693">
				 <ele>22</ele>
			 </trkpt>
			 <trkpt lat="28.312925" lon="-81.544747">
				 <ele>22</ele>
			 </trkpt>
			 <trkpt lat="28.31306" lon="-81.54479">
				 <ele>22</ele>
			 </trkpt>
			 <trkpt lat="28.313242" lon="-81.544821">
				 <ele>22</ele>
			 </trkpt>
			 <trkpt lat="28.313453" lon="-81.544827">
				 <ele>22</ele>
			 </trkpt>
			 <trkpt lat="28.313656" lon="-81.544825">
				 <ele>22</ele>
			 </trkpt>
			 <trkpt lat="28.313723" lon="-81.544818">
				 <ele>22</ele>
			 </trkpt>
			 <trkpt lat="28.313817" lon="-81.544784">
				 <ele>22</ele>
			 </trkpt>
			 <trkpt lat="28.313903" lon="-81.544736">
				 <ele>22</ele>
			 </trkpt>
			 <trkpt lat="28.313985" lon="-81.54469">
				 <ele>22</ele>
			 </trkpt>
			 <trkpt lat="28.31404" lon="-81.544681">
				 <ele>22</ele>
			 </trkpt>
			 <trkpt lat="28.314216" lon="-81.544723">
				 <ele>22</ele>
			 </trkpt>
			 <trkpt lat="28.31427" lon="-81.544688">
				 <ele>22</ele>
			 </trkpt>
			 <trkpt lat="28.314336" lon="-81.544575">
				 <ele>22</ele>
			 </trkpt>
			 <trkpt lat="28.314542" lon="-81.54446">
				 <ele>22</ele>
			 </trkpt>
			 <trkpt lat="28.314648" lon="-81.544331">
				 <ele>22</ele>
			 </trkpt>
			 <trkpt lat="28.314991" lon="-81.544031">
				 <ele>22</ele>
			 </trkpt>
			 <trkpt lat="28.315003" lon="-81.543989">
				 <ele>22</ele>
			 </trkpt>
			 <trkpt lat="28.314999" lon="-81.543949">
				 <ele>22</ele>
			 </trkpt>
			 <trkpt lat="28.314936" lon="-81.543862">
				 <ele>22</ele>
			 </trkpt>
			 <trkpt lat="28.314925" lon="-81.543777">
				 <ele>22</ele>
			 </trkpt>
			 <trkpt lat="28.314932" lon="-81.543744">
				 <ele>21.9</ele>
			 </trkpt>
			 <trkpt lat="28.314967" lon="-81.543708">
				 <ele>21.8</ele>
			 </trkpt>
			 <trkpt lat="28.315114" lon="-81.543648">
				 <ele>21.7</ele>
			 </trkpt>
			 <trkpt lat="28.315149" lon="-81.543595">
				 <ele>21.6</ele>
			 </trkpt>
			 <trkpt lat="28.315161" lon="-81.543551">
				 <ele>21.5</ele>
			 </trkpt>
			 <trkpt lat="28.315182" lon="-81.543111">
				 <ele>21.5</ele>
			 </trkpt>
			 <trkpt lat="28.315195" lon="-81.543041">
				 <ele>21.4</ele>
			 </trkpt>
			 <trkpt lat="28.315232" lon="-81.542999">
				 <ele>21.3</ele>
			 </trkpt>
			 <trkpt lat="28.315372" lon="-81.542867">
				 <ele>21.2</ele>
			 </trkpt>
			 <trkpt lat="28.315408" lon="-81.542861">
				 <ele>21.1</ele>
			 </trkpt>
			 <trkpt lat="28.315519" lon="-81.542936">
				 <ele>21</ele>
			 </trkpt>
			 <trkpt lat="28.315596" lon="-81.542964">
				 <ele>21</ele>
			 </trkpt>
			 <trkpt lat="28.315638" lon="-81.542961">
				 <ele>21</ele>
			 </trkpt>
			 <trkpt lat="28.315822" lon="-81.542885">
				 <ele>21</ele>
			 </trkpt>
			 <trkpt lat="28.315892" lon="-81.542889">
				 <ele>21</ele>
			 </trkpt>
			 <trkpt lat="28.315935" lon="-81.542908">
				 <ele>21</ele>
			 </trkpt>
			 <trkpt lat="28.315964" lon="-81.542931">
				 <ele>21</ele>
			 </trkpt>
			 <trkpt lat="28.316039" lon="-81.543023">
				 <ele>21</ele>
			 </trkpt>
			 <trkpt lat="28.316187" lon="-81.542912">
				 <ele>21</ele>
			 </trkpt>
			 <trkpt lat="28.316362" lon="-81.542767">
				 <ele>21</ele>
			 </trkpt>
			 <trkpt lat="28.316404" lon="-81.542645">
				 <ele>21</ele>
			 </trkpt>
			 <trkpt lat="28.316614" lon="-81.542488">
				 <ele>21</ele>
			 </trkpt>
			 <trkpt lat="28.316457" lon="-81.542307">
				 <ele>21</ele>
			 </trkpt>
			 <trkpt lat="28.316325" lon="-81.542068">
				 <ele>21</ele>
			 </trkpt>
			 <trkpt lat="28.316055" lon="-81.541303">
				 <ele>21</ele>
			 </trkpt>
			 <trkpt lat="28.315842" lon="-81.541216">
				 <ele>21</ele>
			 </trkpt>
			 <trkpt lat="28.315629" lon="-81.540983">
				 <ele>21</ele>
			 </trkpt>
			 <trkpt lat="28.315469" lon="-81.540674">
				 <ele>21</ele>
			 </trkpt>
			 <trkpt lat="28.315375" lon="-81.54049">
				 <ele>21</ele>
			 </trkpt>
			 <trkpt lat="28.315399" lon="-81.54027">
				 <ele>21</ele>
			 </trkpt>
			 <trkpt lat="28.315535" lon="-81.540068">
				 <ele>21</ele>
			 </trkpt>
			 <trkpt lat="28.31547" lon="-81.539761">
				 <ele>21</ele>
			 </trkpt>
			 <trkpt lat="28.315531" lon="-81.53953">
				 <ele>21</ele>
			 </trkpt>
			 <trkpt lat="28.315782" lon="-81.539321">
				 <ele>21.1</ele>
			 </trkpt>
			 <trkpt lat="28.315934" lon="-81.538927">
				 <ele>21.2</ele>
			 </trkpt>
			 <trkpt lat="28.316094" lon="-81.538667">
				 <ele>21.3</ele>
			 </trkpt>
			 <trkpt lat="28.31625" lon="-81.538542">
				 <ele>21.4</ele>
			 </trkpt>
			 <trkpt lat="28.316424" lon="-81.53857">
				 <ele>21.5</ele>
			 </trkpt>
			 <trkpt lat="28.316506" lon="-81.538639">
				 <ele>21.5</ele>
			 </trkpt>
			 <trkpt lat="28.316614" lon="-81.538934">
				 <ele>21.6</ele>
			 </trkpt>
			 <trkpt lat="28.316658" lon="-81.538997">
				 <ele>21.8</ele>
			 </trkpt>
			 <trkpt lat="28.316685" lon="-81.539023">
				 <ele>22</ele>
			 </trkpt>
			 <trkpt lat="28.316745" lon="-81.539064">
				 <ele>22.2</ele>
			 </trkpt>
			 <trkpt lat="28.316778" lon="-81.539082">
				 <ele>22.4</ele>
			 </trkpt>
			 <trkpt lat="28.316842" lon="-81.539101">
				 <ele>22.5</ele>
			 </trkpt>
			 <trkpt lat="28.316948" lon="-81.5391">
				 <ele>22.5</ele>
			 </trkpt>
			 <trkpt lat="28.317012" lon="-81.539077">
				 <ele>22.6</ele>
			 </trkpt>
			 <trkpt lat="28.317043" lon="-81.539057">
				 <ele>22.7</ele>
			 </trkpt>
			 <trkpt lat="28.317096" lon="-81.539005">
				 <ele>22.8</ele>
			 </trkpt>
			 <trkpt lat="28.317319" lon="-81.538851">
				 <ele>22.9</ele>
			 </trkpt>
			 <trkpt lat="28.317371" lon="-81.538868">
				 <ele>23.1</ele>
			 </trkpt>
			 <trkpt lat="28.317508" lon="-81.53891">
				 <ele>23.2</ele>
			 </trkpt>
			 <trkpt lat="28.317536" lon="-81.538825">
				 <ele>23.3</ele>
			 </trkpt>
			 <trkpt lat="28.317554" lon="-81.538768">
				 <ele>23.4</ele>
			 </trkpt>
			 <trkpt lat="28.317731" lon="-81.53884">
				 <ele>23.5</ele>
			 </trkpt>
			 <trkpt lat="28.317838" lon="-81.538882">
				 <ele>23.5</ele>
			 </trkpt>
			 <trkpt lat="28.317895" lon="-81.538904">
				 <ele>23.6</ele>
			 </trkpt>
			 <trkpt lat="28.317869" lon="-81.538956">
				 <ele>23.7</ele>
			 </trkpt>
			 <trkpt lat="28.317831" lon="-81.539055">
				 <ele>23.8</ele>
			 </trkpt>
			 <trkpt lat="28.317674" lon="-81.539607">
				 <ele>23.9</ele>
			 </trkpt>
			 <trkpt lat="28.317669" lon="-81.539645">
				 <ele>24</ele>
			 </trkpt>
			 <trkpt lat="28.317673" lon="-81.539682">
				 <ele>24</ele>
			 </trkpt>
			 <trkpt lat="28.317705" lon="-81.539742">
				 <ele>24</ele>
			 </trkpt>
			 <trkpt lat="28.317943" lon="-81.540012">
				 <ele>24</ele>
			 </trkpt>
		 </trkseg>
	 </trk>
</gpx>