<?xml version="1.0" encoding="UTF-8"?>
 <gpx creator="Garmin Connect" version="1.1"
	 xsi:schemaLocation="http://www.topografix.com/GPX/1/1 http://www.topografix.com/GPX/11.xsd"
	 xmlns:ns3="http://www.garmin.com/xmlschemas/TrackPointExtension/v1"
	 xmlns="http://www.topografix.com/GPX/1/1"
	 xmlns:xsi="http://www.w3.org/2001/XMLSchema-instance" xmlns:ns2="http://www.garmin.com/xmlschemas/GpxExtensions/v3">
	 <metadata>
		<name>Edinburgh Marathon Festival 2026 - 42.195 km</name>
		 <link href="https://www.goandrace.com">
		 <text>Garmin Connect</text>
		 </link>
	 <time>2026-08-09T15:50:34</time>
	 </metadata>
	 <trk>
		 <name>Edinburgh Marathon Festival 2026 - 42.195 km</name>
		 <trkseg>
			 <trkpt lat="55.945885" lon="-3.189162">
				 <ele>94.3</ele>
			 </trkpt>
			 <trkpt lat="55.945849" lon="-3.18921">
				 <ele>94.4</ele>
			 </trkpt>
			 <trkpt lat="55.94577" lon="-3.189312">
				 <ele>94.5</ele>
			 </trkpt>
			 <trkpt lat="55.94565" lon="-3.189503">
				 <ele>94.6</ele>
			 </trkpt>
			 <trkpt lat="55.945611" lon="-3.189617">
				 <ele>94.7</ele>
			 </trkpt>
			 <trkpt lat="55.945587" lon="-3.189758">
				 <ele>94.8</ele>
			 </trkpt>
			 <trkpt lat="55.945582" lon="-3.18989">
				 <ele>94.9</ele>
			 </trkpt>
			 <trkpt lat="55.945536" lon="-3.190045">
				 <ele>95</ele>
			 </trkpt>
			 <trkpt lat="55.945488" lon="-3.190285">
				 <ele>95.1</ele>
			 </trkpt>
			 <trkpt lat="55.945469" lon="-3.19038">
				 <ele>95.2</ele>
			 </trkpt>
			 <trkpt lat="55.94541" lon="-3.190674">
				 <ele>95.1</ele>
			 </trkpt>
			 <trkpt lat="55.945403" lon="-3.190887">
				 <ele>95</ele>
			 </trkpt>
			 <trkpt lat="55.945406" lon="-3.190956">
				 <ele>94.9</ele>
			 </trkpt>
			 <trkpt lat="55.945416" lon="-3.191009">
				 <ele>94.7</ele>
			 </trkpt>
			 <trkpt lat="55.945431" lon="-3.191055">
				 <ele>94.5</ele>
			 </trkpt>
			 <trkpt lat="55.945498" lon="-3.191133">
				 <ele>94.3</ele>
			 </trkpt>
			 <trkpt lat="55.945526" lon="-3.191148">
				 <ele>93.9</ele>
			 </trkpt>
			 <trkpt lat="55.945591" lon="-3.19116">
				 <ele>93.6</ele>
			 </trkpt>
			 <trkpt lat="55.945884" lon="-3.191091">
				 <ele>93.4</ele>
			 </trkpt>
			 <trkpt lat="55.946004" lon="-3.191062">
				 <ele>93.1</ele>
			 </trkpt>
			 <trkpt lat="55.946267" lon="-3.191">
				 <ele>92.8</ele>
			 </trkpt>
			 <trkpt lat="55.94633" lon="-3.191013">
				 <ele>92.6</ele>
			 </trkpt>
			 <trkpt lat="55.946461" lon="-3.191012">
				 <ele>92.5</ele>
			 </trkpt>
			 <trkpt lat="55.946582" lon="-3.19102">
				 <ele>92.3</ele>
			 </trkpt>
			 <trkpt lat="55.946788" lon="-3.191088">
				 <ele>92.3</ele>
			 </trkpt>
			 <trkpt lat="55.946861" lon="-3.191134">
				 <ele>92.3</ele>
			 </trkpt>
			 <trkpt lat="55.947093" lon="-3.191283">
				 <ele>92.4</ele>
			 </trkpt>
			 <trkpt lat="55.947653" lon="-3.191617">
				 <ele>92.5</ele>
			 </trkpt>
			 <trkpt lat="55.947747" lon="-3.191673">
				 <ele>92.8</ele>
			 </trkpt>
			 <trkpt lat="55.94814" lon="-3.191909">
				 <ele>93.2</ele>
			 </trkpt>
			 <trkpt lat="55.948248" lon="-3.191973">
				 <ele>93.5</ele>
			 </trkpt>
			 <trkpt lat="55.948349" lon="-3.192034">
				 <ele>93.9</ele>
			 </trkpt>
			 <trkpt lat="55.948674" lon="-3.192229">
				 <ele>94.4</ele>
			 </trkpt>
			 <trkpt lat="55.948785" lon="-3.192295">
				 <ele>94.8</ele>
			 </trkpt>
			 <trkpt lat="55.948812" lon="-3.192312">
				 <ele>95.3</ele>
			 </trkpt>
			 <trkpt lat="55.949311" lon="-3.192611">
				 <ele>95.6</ele>
			 </trkpt>
			 <trkpt lat="55.949427" lon="-3.192678">
				 <ele>96</ele>
			 </trkpt>
			 <trkpt lat="55.949567" lon="-3.192754">
				 <ele>96.3</ele>
			 </trkpt>
			 <trkpt lat="55.949946" lon="-3.192879">
				 <ele>96.5</ele>
			 </trkpt>
			 <trkpt lat="55.949973" lon="-3.192897">
				 <ele>96.6</ele>
			 </trkpt>
			 <trkpt lat="55.949998" lon="-3.192928">
				 <ele>96.6</ele>
			 </trkpt>
			 <trkpt lat="55.950019" lon="-3.192968">
				 <ele>96.5</ele>
			 </trkpt>
			 <trkpt lat="55.950032" lon="-3.193012">
				 <ele>96.4</ele>
			 </trkpt>
			 <trkpt lat="55.950041" lon="-3.193063">
				 <ele>96</ele>
			 </trkpt>
			 <trkpt lat="55.950043" lon="-3.193119">
				 <ele>95.5</ele>
			 </trkpt>
			 <trkpt lat="55.950034" lon="-3.19323">
				 <ele>94.9</ele>
			 </trkpt>
			 <trkpt lat="55.949988" lon="-3.193851">
				 <ele>94.1</ele>
			 </trkpt>
			 <trkpt lat="55.949985" lon="-3.194036">
				 <ele>93.2</ele>
			 </trkpt>
			 <trkpt lat="55.949992" lon="-3.194182">
				 <ele>92.2</ele>
			 </trkpt>
			 <trkpt lat="55.95001" lon="-3.194407">
				 <ele>91</ele>
			 </trkpt>
			 <trkpt lat="55.950028" lon="-3.194534">
				 <ele>89.7</ele>
			 </trkpt>
			 <trkpt lat="55.950049" lon="-3.194632">
				 <ele>88.3</ele>
			 </trkpt>
			 <trkpt lat="55.950093" lon="-3.194778">
				 <ele>86.7</ele>
			 </trkpt>
			 <trkpt lat="55.950174" lon="-3.19502">
				 <ele>85.1</ele>
			 </trkpt>
			 <trkpt lat="55.950198" lon="-3.19514">
				 <ele>83.5</ele>
			 </trkpt>
			 <trkpt lat="55.950192" lon="-3.195688">
				 <ele>81.7</ele>
			 </trkpt>
			 <trkpt lat="55.9502" lon="-3.195761">
				 <ele>80.1</ele>
			 </trkpt>
			 <trkpt lat="55.950214" lon="-3.195825">
				 <ele>78.5</ele>
			 </trkpt>
			 <trkpt lat="55.950237" lon="-3.195876">
				 <ele>76.8</ele>
			 </trkpt>
			 <trkpt lat="55.950285" lon="-3.195941">
				 <ele>75.2</ele>
			 </trkpt>
			 <trkpt lat="55.95067" lon="-3.19615">
				 <ele>73.5</ele>
			 </trkpt>
			 <trkpt lat="55.951338" lon="-3.196233">
				 <ele>72</ele>
			 </trkpt>
			 <trkpt lat="55.951422" lon="-3.195817">
				 <ele>70.5</ele>
			 </trkpt>
			 <trkpt lat="55.951808" lon="-3.195405">
				 <ele>69.3</ele>
			 </trkpt>
			 <trkpt lat="55.951944" lon="-3.19526">
				 <ele>68.3</ele>
			 </trkpt>
			 <trkpt lat="55.952071" lon="-3.194489">
				 <ele>67.4</ele>
			 </trkpt>
			 <trkpt lat="55.952198" lon="-3.193719">
				 <ele>66.7</ele>
			 </trkpt>
			 <trkpt lat="55.952324" lon="-3.192948">
				 <ele>66.2</ele>
			 </trkpt>
			 <trkpt lat="55.952449" lon="-3.192194">
				 <ele>65.9</ele>
			 </trkpt>
			 <trkpt lat="55.952394" lon="-3.192056">
				 <ele>65.7</ele>
			 </trkpt>
			 <trkpt lat="55.95196" lon="-3.191846">
				 <ele>65.7</ele>
			 </trkpt>
			 <trkpt lat="55.951526" lon="-3.191636">
				 <ele>66.1</ele>
			 </trkpt>
			 <trkpt lat="55.951092" lon="-3.191426">
				 <ele>66.7</ele>
			 </trkpt>
			 <trkpt lat="55.951025" lon="-3.191393">
				 <ele>67.5</ele>
			 </trkpt>
			 <trkpt lat="55.950926" lon="-3.19118">
				 <ele>68.4</ele>
			 </trkpt>
			 <trkpt lat="55.950892" lon="-3.191185">
				 <ele>69.2</ele>
			 </trkpt>
			 <trkpt lat="55.950899" lon="-3.19108">
				 <ele>70</ele>
			 </trkpt>
			 <trkpt lat="55.950935" lon="-3.1909">
				 <ele>70.7</ele>
			 </trkpt>
			 <trkpt lat="55.951007" lon="-3.190533">
				 <ele>71.5</ele>
			 </trkpt>
			 <trkpt lat="55.951051" lon="-3.190087">
				 <ele>72.1</ele>
			 </trkpt>
			 <trkpt lat="55.951091" lon="-3.189799">
				 <ele>72.7</ele>
			 </trkpt>
			 <trkpt lat="55.951225" lon="-3.189009">
				 <ele>73.2</ele>
			 </trkpt>
			 <trkpt lat="55.9513" lon="-3.188557">
				 <ele>73.4</ele>
			 </trkpt>
			 <trkpt lat="55.951404" lon="-3.187877">
				 <ele>73.2</ele>
			 </trkpt>
			 <trkpt lat="55.951413" lon="-3.187641">
				 <ele>72.9</ele>
			 </trkpt>
			 <trkpt lat="55.951379" lon="-3.187633">
				 <ele>72.5</ele>
			 </trkpt>
			 <trkpt lat="55.951349" lon="-3.187607">
				 <ele>72.1</ele>
			 </trkpt>
			 <trkpt lat="55.951322" lon="-3.187566">
				 <ele>71.6</ele>
			 </trkpt>
			 <trkpt lat="55.9513" lon="-3.187499">
				 <ele>71.1</ele>
			 </trkpt>
			 <trkpt lat="55.951277" lon="-3.18733">
				 <ele>70.5</ele>
			 </trkpt>
			 <trkpt lat="55.951264" lon="-3.187103">
				 <ele>70</ele>
			 </trkpt>
			 <trkpt lat="55.951274" lon="-3.187022">
				 <ele>69.5</ele>
			 </trkpt>
			 <trkpt lat="55.951285" lon="-3.186729">
				 <ele>69.1</ele>
			 </trkpt>
			 <trkpt lat="55.951313" lon="-3.186042">
				 <ele>68.9</ele>
			 </trkpt>
			 <trkpt lat="55.951341" lon="-3.185307">
				 <ele>69</ele>
			 </trkpt>
			 <trkpt lat="55.951337" lon="-3.185195">
				 <ele>69.1</ele>
			 </trkpt>
			 <trkpt lat="55.951319" lon="-3.185016">
				 <ele>69.4</ele>
			 </trkpt>
			 <trkpt lat="55.951265" lon="-3.184814">
				 <ele>69.6</ele>
			 </trkpt>
			 <trkpt lat="55.95121" lon="-3.184669">
				 <ele>69.9</ele>
			 </trkpt>
			 <trkpt lat="55.951122" lon="-3.184521">
				 <ele>70.4</ele>
			 </trkpt>
			 <trkpt lat="55.951085" lon="-3.184478">
				 <ele>70.7</ele>
			 </trkpt>
			 <trkpt lat="55.951019" lon="-3.184427">
				 <ele>71.1</ele>
			 </trkpt>
			 <trkpt lat="55.950848" lon="-3.184309">
				 <ele>71.5</ele>
			 </trkpt>
			 <trkpt lat="55.95078" lon="-3.184268">
				 <ele>71.6</ele>
			 </trkpt>
			 <trkpt lat="55.950641" lon="-3.184182">
				 <ele>71.7</ele>
			 </trkpt>
			 <trkpt lat="55.950673" lon="-3.183963">
				 <ele>71.6</ele>
			 </trkpt>
			 <trkpt lat="55.950696" lon="-3.183777">
				 <ele>71.5</ele>
			 </trkpt>
			 <trkpt lat="55.950712" lon="-3.183639">
				 <ele>71.1</ele>
			 </trkpt>
			 <trkpt lat="55.95072" lon="-3.183565">
				 <ele>70.6</ele>
			 </trkpt>
			 <trkpt lat="55.950736" lon="-3.18342">
				 <ele>70.2</ele>
			 </trkpt>
			 <trkpt lat="55.950747" lon="-3.183323">
				 <ele>69.5</ele>
			 </trkpt>
			 <trkpt lat="55.950763" lon="-3.183191">
				 <ele>68.8</ele>
			 </trkpt>
			 <trkpt lat="55.950782" lon="-3.183039">
				 <ele>68</ele>
			 </trkpt>
			 <trkpt lat="55.950802" lon="-3.182897">
				 <ele>67.1</ele>
			 </trkpt>
			 <trkpt lat="55.950822" lon="-3.182769">
				 <ele>66.2</ele>
			 </trkpt>
			 <trkpt lat="55.950858" lon="-3.182552">
				 <ele>65.2</ele>
			 </trkpt>
			 <trkpt lat="55.950916" lon="-3.182239">
				 <ele>64.2</ele>
			 </trkpt>
			 <trkpt lat="55.95096" lon="-3.18199">
				 <ele>63.2</ele>
			 </trkpt>
			 <trkpt lat="55.950995" lon="-3.181776">
				 <ele>62.2</ele>
			 </trkpt>
			 <trkpt lat="55.951043" lon="-3.181494">
				 <ele>61.2</ele>
			 </trkpt>
			 <trkpt lat="55.951138" lon="-3.180947">
				 <ele>60.1</ele>
			 </trkpt>
			 <trkpt lat="55.951259" lon="-3.180434">
				 <ele>59</ele>
			 </trkpt>
			 <trkpt lat="55.951297" lon="-3.180273">
				 <ele>58</ele>
			 </trkpt>
			 <trkpt lat="55.95135" lon="-3.180037">
				 <ele>57</ele>
			 </trkpt>
			 <trkpt lat="55.951454" lon="-3.179567">
				 <ele>56</ele>
			 </trkpt>
			 <trkpt lat="55.951489" lon="-3.179404">
				 <ele>55</ele>
			 </trkpt>
			 <trkpt lat="55.951541" lon="-3.179158">
				 <ele>54.1</ele>
			 </trkpt>
			 <trkpt lat="55.951613" lon="-3.178822">
				 <ele>53.2</ele>
			 </trkpt>
			 <trkpt lat="55.95163" lon="-3.178744">
				 <ele>52.3</ele>
			 </trkpt>
			 <trkpt lat="55.951666" lon="-3.178566">
				 <ele>51.4</ele>
			 </trkpt>
			 <trkpt lat="55.95169" lon="-3.178451">
				 <ele>50.5</ele>
			 </trkpt>
			 <trkpt lat="55.951729" lon="-3.17828">
				 <ele>49.7</ele>
			 </trkpt>
			 <trkpt lat="55.951775" lon="-3.178096">
				 <ele>48.9</ele>
			 </trkpt>
			 <trkpt lat="55.951856" lon="-3.177809">
				 <ele>48.1</ele>
			 </trkpt>
			 <trkpt lat="55.951912" lon="-3.177605">
				 <ele>47.3</ele>
			 </trkpt>
			 <trkpt lat="55.951945" lon="-3.177487">
				 <ele>46.5</ele>
			 </trkpt>
			 <trkpt lat="55.951995" lon="-3.177297">
				 <ele>45.7</ele>
			 </trkpt>
			 <trkpt lat="55.952107" lon="-3.176867">
				 <ele>44.9</ele>
			 </trkpt>
			 <trkpt lat="55.952134" lon="-3.176769">
				 <ele>44.1</ele>
			 </trkpt>
			 <trkpt lat="55.952155" lon="-3.176686">
				 <ele>43.3</ele>
			 </trkpt>
			 <trkpt lat="55.952272" lon="-3.176213">
				 <ele>42.5</ele>
			 </trkpt>
			 <trkpt lat="55.952318" lon="-3.176024">
				 <ele>41.7</ele>
			 </trkpt>
			 <trkpt lat="55.952484" lon="-3.175353">
				 <ele>41</ele>
			 </trkpt>
			 <trkpt lat="55.952648" lon="-3.174768">
				 <ele>40.4</ele>
			 </trkpt>
			 <trkpt lat="55.952686" lon="-3.174285">
				 <ele>39.9</ele>
			 </trkpt>
			 <trkpt lat="55.952435" lon="-3.174115">
				 <ele>39.5</ele>
			 </trkpt>
			 <trkpt lat="55.952061" lon="-3.173668">
				 <ele>39.3</ele>
			 </trkpt>
			 <trkpt lat="55.951688" lon="-3.173222">
				 <ele>39</ele>
			 </trkpt>
			 <trkpt lat="55.951314" lon="-3.172775">
				 <ele>38.8</ele>
			 </trkpt>
			 <trkpt lat="55.95094" lon="-3.172328">
				 <ele>38.8</ele>
			 </trkpt>
			 <trkpt lat="55.950693" lon="-3.172032">
				 <ele>38.9</ele>
			 </trkpt>
			 <trkpt lat="55.950514" lon="-3.172121">
				 <ele>39</ele>
			 </trkpt>
			 <trkpt lat="55.950315" lon="-3.172624">
				 <ele>39.2</ele>
			 </trkpt>
			 <trkpt lat="55.950081" lon="-3.173309">
				 <ele>39.4</ele>
			 </trkpt>
			 <trkpt lat="55.949847" lon="-3.173995">
				 <ele>39.5</ele>
			 </trkpt>
			 <trkpt lat="55.949789" lon="-3.174471">
				 <ele>39.7</ele>
			 </trkpt>
			 <trkpt lat="55.949746" lon="-3.174589">
				 <ele>40</ele>
			 </trkpt>
			 <trkpt lat="55.949604" lon="-3.174641">
				 <ele>40.3</ele>
			 </trkpt>
			 <trkpt lat="55.949297" lon="-3.175227">
				 <ele>40.5</ele>
			 </trkpt>
			 <trkpt lat="55.948979" lon="-3.175795">
				 <ele>40.6</ele>
			 </trkpt>
			 <trkpt lat="55.948928" lon="-3.175884">
				 <ele>40.7</ele>
			 </trkpt>
			 <trkpt lat="55.948532" lon="-3.176263">
				 <ele>40.8</ele>
			 </trkpt>
			 <trkpt lat="55.948135" lon="-3.176641">
				 <ele>40.9</ele>
			 </trkpt>
			 <trkpt lat="55.947973" lon="-3.176796">
				 <ele>41</ele>
			 </trkpt>
			 <trkpt lat="55.94754" lon="-3.177013">
				 <ele>41.1</ele>
			 </trkpt>
			 <trkpt lat="55.947346" lon="-3.17711">
				 <ele>41.2</ele>
			 </trkpt>
			 <trkpt lat="55.94733" lon="-3.177027">
				 <ele>41.1</ele>
			 </trkpt>
			 <trkpt lat="55.947764" lon="-3.176815">
				 <ele>40.9</ele>
			 </trkpt>
			 <trkpt lat="55.947964" lon="-3.176717">
				 <ele>40.7</ele>
			 </trkpt>
			 <trkpt lat="55.948367" lon="-3.176361">
				 <ele>40.6</ele>
			 </trkpt>
			 <trkpt lat="55.948489" lon="-3.176254">
				 <ele>40.5</ele>
			 </trkpt>
			 <trkpt lat="55.948867" lon="-3.17582">
				 <ele>40.5</ele>
			 </trkpt>
			 <trkpt lat="55.949208" lon="-3.175242">
				 <ele>40.3</ele>
			 </trkpt>
			 <trkpt lat="55.949531" lon="-3.174683">
				 <ele>40.1</ele>
			 </trkpt>
			 <trkpt lat="55.949625" lon="-3.174316">
				 <ele>39.9</ele>
			 </trkpt>
			 <trkpt lat="55.949727" lon="-3.174181">
				 <ele>39.7</ele>
			 </trkpt>
			 <trkpt lat="55.949964" lon="-3.173498">
				 <ele>39.5</ele>
			 </trkpt>
			 <trkpt lat="55.950201" lon="-3.172815">
				 <ele>39.4</ele>
			 </trkpt>
			 <trkpt lat="55.950438" lon="-3.172133">
				 <ele>39.2</ele>
			 </trkpt>
			 <trkpt lat="55.950533" lon="-3.171859">
				 <ele>39</ele>
			 </trkpt>
			 <trkpt lat="55.950618" lon="-3.171642">
				 <ele>38.8</ele>
			 </trkpt>
			 <trkpt lat="55.950656" lon="-3.171655">
				 <ele>38.6</ele>
			 </trkpt>
			 <trkpt lat="55.950673" lon="-3.171362">
				 <ele>38.5</ele>
			 </trkpt>
			 <trkpt lat="55.950707" lon="-3.171129">
				 <ele>38.5</ele>
			 </trkpt>
			 <trkpt lat="55.950809" lon="-3.170644">
				 <ele>38.5</ele>
			 </trkpt>
			 <trkpt lat="55.95087" lon="-3.170323">
				 <ele>38.5</ele>
			 </trkpt>
			 <trkpt lat="55.950901" lon="-3.170151">
				 <ele>38.5</ele>
			 </trkpt>
			 <trkpt lat="55.951028" lon="-3.169387">
				 <ele>38.5</ele>
			 </trkpt>
			 <trkpt lat="55.951066" lon="-3.169182">
				 <ele>38.6</ele>
			 </trkpt>
			 <trkpt lat="55.951172" lon="-3.168562">
				 <ele>38.9</ele>
			 </trkpt>
			 <trkpt lat="55.951477" lon="-3.16671">
				 <ele>39.2</ele>
			 </trkpt>
			 <trkpt lat="55.951774" lon="-3.165026">
				 <ele>39.5</ele>
			 </trkpt>
			 <trkpt lat="55.951928" lon="-3.164241">
				 <ele>39.6</ele>
			 </trkpt>
			 <trkpt lat="55.951991" lon="-3.163918">
				 <ele>39.8</ele>
			 </trkpt>
			 <trkpt lat="55.952022" lon="-3.163761">
				 <ele>39.9</ele>
			 </trkpt>
			 <trkpt lat="55.952139" lon="-3.163236">
				 <ele>40.1</ele>
			 </trkpt>
			 <trkpt lat="55.952226" lon="-3.16291">
				 <ele>40.3</ele>
			 </trkpt>
			 <trkpt lat="55.952356" lon="-3.162485">
				 <ele>40.5</ele>
			 </trkpt>
			 <trkpt lat="55.952807" lon="-3.161419">
				 <ele>40.5</ele>
			 </trkpt>
			 <trkpt lat="55.953116" lon="-3.160742">
				 <ele>40.5</ele>
			 </trkpt>
			 <trkpt lat="55.953589" lon="-3.15972">
				 <ele>40.5</ele>
			 </trkpt>
			 <trkpt lat="55.953793" lon="-3.159304">
				 <ele>40.4</ele>
			 </trkpt>
			 <trkpt lat="55.954217" lon="-3.158486">
				 <ele>40.3</ele>
			 </trkpt>
			 <trkpt lat="55.954308" lon="-3.158314">
				 <ele>40.3</ele>
			 </trkpt>
			 <trkpt lat="55.954357" lon="-3.158209">
				 <ele>40.2</ele>
			 </trkpt>
			 <trkpt lat="55.95463" lon="-3.157754">
				 <ele>40.1</ele>
			 </trkpt>
			 <trkpt lat="55.954703" lon="-3.157622">
				 <ele>39.8</ele>
			 </trkpt>
			 <trkpt lat="55.954771" lon="-3.15747">
				 <ele>39.5</ele>
			 </trkpt>
			 <trkpt lat="55.955035" lon="-3.156693">
				 <ele>39.3</ele>
			 </trkpt>
			 <trkpt lat="55.955158" lon="-3.156263">
				 <ele>39.1</ele>
			 </trkpt>
			 <trkpt lat="55.955202" lon="-3.156043">
				 <ele>38.9</ele>
			 </trkpt>
			 <trkpt lat="55.955303" lon="-3.155444">
				 <ele>38.8</ele>
			 </trkpt>
			 <trkpt lat="55.955318" lon="-3.15536">
				 <ele>38.7</ele>
			 </trkpt>
			 <trkpt lat="55.955343" lon="-3.155277">
				 <ele>38.6</ele>
			 </trkpt>
			 <trkpt lat="55.955368" lon="-3.155246">
				 <ele>38.5</ele>
			 </trkpt>
			 <trkpt lat="55.955471" lon="-3.155157">
				 <ele>38.5</ele>
			 </trkpt>
			 <trkpt lat="55.955431" lon="-3.15495">
				 <ele>38.6</ele>
			 </trkpt>
			 <trkpt lat="55.955357" lon="-3.154391">
				 <ele>38.8</ele>
			 </trkpt>
			 <trkpt lat="55.955272" lon="-3.153756">
				 <ele>39</ele>
			 </trkpt>
			 <trkpt lat="55.955164" lon="-3.152779">
				 <ele>39.2</ele>
			 </trkpt>
			 <trkpt lat="55.955129" lon="-3.152347">
				 <ele>39.3</ele>
			 </trkpt>
			 <trkpt lat="55.955102" lon="-3.151809">
				 <ele>39.3</ele>
			 </trkpt>
			 <trkpt lat="55.955093" lon="-3.151657">
				 <ele>39.2</ele>
			 </trkpt>
			 <trkpt lat="55.95507" lon="-3.151319">
				 <ele>39</ele>
			 </trkpt>
			 <trkpt lat="55.955055" lon="-3.151052">
				 <ele>38.7</ele>
			 </trkpt>
			 <trkpt lat="55.955037" lon="-3.150735">
				 <ele>38.5</ele>
			 </trkpt>
			 <trkpt lat="55.955029" lon="-3.150592">
				 <ele>38.1</ele>
			 </trkpt>
			 <trkpt lat="55.955007" lon="-3.150185">
				 <ele>37.5</ele>
			 </trkpt>
			 <trkpt lat="55.954999" lon="-3.149937">
				 <ele>36.9</ele>
			 </trkpt>
			 <trkpt lat="55.95499" lon="-3.149603">
				 <ele>36.3</ele>
			 </trkpt>
			 <trkpt lat="55.954994" lon="-3.149427">
				 <ele>35.5</ele>
			 </trkpt>
			 <trkpt lat="55.955006" lon="-3.14917">
				 <ele>34.8</ele>
			 </trkpt>
			 <trkpt lat="55.955061" lon="-3.149212">
				 <ele>34.1</ele>
			 </trkpt>
			 <trkpt lat="55.955121" lon="-3.149256">
				 <ele>33.3</ele>
			 </trkpt>
			 <trkpt lat="55.955348" lon="-3.149426">
				 <ele>32.4</ele>
			 </trkpt>
			 <trkpt lat="55.955874" lon="-3.149805">
				 <ele>31.5</ele>
			 </trkpt>
			 <trkpt lat="55.956061" lon="-3.149938">
				 <ele>30.5</ele>
			 </trkpt>
			 <trkpt lat="55.95613" lon="-3.149986">
				 <ele>29.5</ele>
			 </trkpt>
			 <trkpt lat="55.956203" lon="-3.150018">
				 <ele>28.5</ele>
			 </trkpt>
			 <trkpt lat="55.95625" lon="-3.150032">
				 <ele>27.5</ele>
			 </trkpt>
			 <trkpt lat="55.956566" lon="-3.150073">
				 <ele>26.4</ele>
			 </trkpt>
			 <trkpt lat="55.956899" lon="-3.150083">
				 <ele>25.4</ele>
			 </trkpt>
			 <trkpt lat="55.957021" lon="-3.15008">
				 <ele>24.4</ele>
			 </trkpt>
			 <trkpt lat="55.957046" lon="-3.150064">
				 <ele>23.5</ele>
			 </trkpt>
			 <trkpt lat="55.95712" lon="-3.14993">
				 <ele>22.7</ele>
			 </trkpt>
			 <trkpt lat="55.957278" lon="-3.149426">
				 <ele>22.2</ele>
			 </trkpt>
			 <trkpt lat="55.957284" lon="-3.149359">
				 <ele>21.8</ele>
			 </trkpt>
			 <trkpt lat="55.957281" lon="-3.149224">
				 <ele>21.5</ele>
			 </trkpt>
			 <trkpt lat="55.957303" lon="-3.148649">
				 <ele>21.5</ele>
			 </trkpt>
			 <trkpt lat="55.957303" lon="-3.148127">
				 <ele>21.5</ele>
			 </trkpt>
			 <trkpt lat="55.95729" lon="-3.14762">
				 <ele>21.8</ele>
			 </trkpt>
			 <trkpt lat="55.957268" lon="-3.147139">
				 <ele>22.3</ele>
			 </trkpt>
			 <trkpt lat="55.957261" lon="-3.14697">
				 <ele>22.8</ele>
			 </trkpt>
			 <trkpt lat="55.957075" lon="-3.143587">
				 <ele>23.5</ele>
			 </trkpt>
			 <trkpt lat="55.957064" lon="-3.143402">
				 <ele>24.2</ele>
			 </trkpt>
			 <trkpt lat="55.957012" lon="-3.142466">
				 <ele>24.8</ele>
			 </trkpt>
			 <trkpt lat="55.957001" lon="-3.142278">
				 <ele>25.5</ele>
			 </trkpt>
			 <trkpt lat="55.956841" lon="-3.140817">
				 <ele>26.2</ele>
			 </trkpt>
			 <trkpt lat="55.956756" lon="-3.14001">
				 <ele>26.8</ele>
			 </trkpt>
			 <trkpt lat="55.95673" lon="-3.139799">
				 <ele>27.3</ele>
			 </trkpt>
			 <trkpt lat="55.956279" lon="-3.138679">
				 <ele>27.6</ele>
			 </trkpt>
			 <trkpt lat="55.95631" lon="-3.13864">
				 <ele>27.9</ele>
			 </trkpt>
			 <trkpt lat="55.956279" lon="-3.138679">
				 <ele>28.1</ele>
			 </trkpt>
			 <trkpt lat="55.956239" lon="-3.138499">
				 <ele>28.1</ele>
			 </trkpt>
			 <trkpt lat="55.956234" lon="-3.138325">
				 <ele>28.1</ele>
			 </trkpt>
			 <trkpt lat="55.956506" lon="-3.138461">
				 <ele>27.9</ele>
			 </trkpt>
			 <trkpt lat="55.956731" lon="-3.138545">
				 <ele>27.6</ele>
			 </trkpt>
			 <trkpt lat="55.956881" lon="-3.138581">
				 <ele>27.3</ele>
			 </trkpt>
			 <trkpt lat="55.957167" lon="-3.138603">
				 <ele>26.8</ele>
			 </trkpt>
			 <trkpt lat="55.957309" lon="-3.13859">
				 <ele>26.3</ele>
			 </trkpt>
			 <trkpt lat="55.957447" lon="-3.138561">
				 <ele>25.7</ele>
			 </trkpt>
			 <trkpt lat="55.957658" lon="-3.138491">
				 <ele>25.2</ele>
			 </trkpt>
			 <trkpt lat="55.957879" lon="-3.138395">
				 <ele>24.5</ele>
			 </trkpt>
			 <trkpt lat="55.958024" lon="-3.138318">
				 <ele>23.9</ele>
			 </trkpt>
			 <trkpt lat="55.958279" lon="-3.138161">
				 <ele>23.3</ele>
			 </trkpt>
			 <trkpt lat="55.958589" lon="-3.137903">
				 <ele>22.6</ele>
			 </trkpt>
			 <trkpt lat="55.959234" lon="-3.137337">
				 <ele>22.1</ele>
			 </trkpt>
			 <trkpt lat="55.959833" lon="-3.136813">
				 <ele>21.5</ele>
			 </trkpt>
			 <trkpt lat="55.960103" lon="-3.13653">
				 <ele>21</ele>
			 </trkpt>
			 <trkpt lat="55.960181" lon="-3.136461">
				 <ele>20.5</ele>
			 </trkpt>
			 <trkpt lat="55.960254" lon="-3.136429">
				 <ele>20.2</ele>
			 </trkpt>
			 <trkpt lat="55.960334" lon="-3.136408">
				 <ele>19.9</ele>
			 </trkpt>
			 <trkpt lat="55.960404" lon="-3.136364">
				 <ele>19.6</ele>
			 </trkpt>
			 <trkpt lat="55.960565" lon="-3.13616">
				 <ele>19.5</ele>
			 </trkpt>
			 <trkpt lat="55.960759" lon="-3.135997">
				 <ele>19.2</ele>
			 </trkpt>
			 <trkpt lat="55.96083" lon="-3.135948">
				 <ele>19</ele>
			 </trkpt>
			 <trkpt lat="55.960998" lon="-3.135855">
				 <ele>18.7</ele>
			 </trkpt>
			 <trkpt lat="55.9611" lon="-3.135814">
				 <ele>18.5</ele>
			 </trkpt>
			 <trkpt lat="55.961273" lon="-3.135768">
				 <ele>18.2</ele>
			 </trkpt>
			 <trkpt lat="55.961404" lon="-3.135754">
				 <ele>17.9</ele>
			 </trkpt>
			 <trkpt lat="55.961586" lon="-3.135719">
				 <ele>17.5</ele>
			 </trkpt>
			 <trkpt lat="55.961739" lon="-3.135699">
				 <ele>17.2</ele>
			 </trkpt>
			 <trkpt lat="55.961864" lon="-3.135696">
				 <ele>16.7</ele>
			 </trkpt>
			 <trkpt lat="55.9622" lon="-3.135698">
				 <ele>16.3</ele>
			 </trkpt>
			 <trkpt lat="55.962257" lon="-3.135703">
				 <ele>15.8</ele>
			 </trkpt>
			 <trkpt lat="55.9627" lon="-3.135736">
				 <ele>15.5</ele>
			 </trkpt>
			 <trkpt lat="55.963443" lon="-3.135842">
				 <ele>15.1</ele>
			 </trkpt>
			 <trkpt lat="55.964015" lon="-3.135906">
				 <ele>14.7</ele>
			 </trkpt>
			 <trkpt lat="55.96417" lon="-3.135936">
				 <ele>14.4</ele>
			 </trkpt>
			 <trkpt lat="55.964245" lon="-3.13595">
				 <ele>14.1</ele>
			 </trkpt>
			 <trkpt lat="55.964367" lon="-3.135985">
				 <ele>13.8</ele>
			 </trkpt>
			 <trkpt lat="55.964466" lon="-3.135986">
				 <ele>13.5</ele>
			 </trkpt>
			 <trkpt lat="55.96456" lon="-3.135955">
				 <ele>13.3</ele>
			 </trkpt>
			 <trkpt lat="55.964666" lon="-3.135881">
				 <ele>13.1</ele>
			 </trkpt>
			 <trkpt lat="55.964776" lon="-3.135778">
				 <ele>12.8</ele>
			 </trkpt>
			 <trkpt lat="55.96497" lon="-3.135558">
				 <ele>12.5</ele>
			 </trkpt>
			 <trkpt lat="55.965244" lon="-3.13517">
				 <ele>12.2</ele>
			 </trkpt>
			 <trkpt lat="55.965538" lon="-3.134684">
				 <ele>11.8</ele>
			 </trkpt>
			 <trkpt lat="55.965587" lon="-3.134603">
				 <ele>11.5</ele>
			 </trkpt>
			 <trkpt lat="55.96583" lon="-3.134176">
				 <ele>11.2</ele>
			 </trkpt>
			 <trkpt lat="55.965997" lon="-3.133892">
				 <ele>10.8</ele>
			 </trkpt>
			 <trkpt lat="55.966272" lon="-3.133405">
				 <ele>10.5</ele>
			 </trkpt>
			 <trkpt lat="55.96638" lon="-3.133213">
				 <ele>10.1</ele>
			 </trkpt>
			 <trkpt lat="55.966461" lon="-3.133065">
				 <ele>9.7</ele>
			 </trkpt>
			 <trkpt lat="55.96649" lon="-3.13304">
				 <ele>9.4</ele>
			 </trkpt>
			 <trkpt lat="55.966469" lon="-3.133079">
				 <ele>9</ele>
			 </trkpt>
			 <trkpt lat="55.966281" lon="-3.132823">
				 <ele>8.6</ele>
			 </trkpt>
			 <trkpt lat="55.966091" lon="-3.132593">
				 <ele>8.4</ele>
			 </trkpt>
			 <trkpt lat="55.966014" lon="-3.132272">
				 <ele>8</ele>
			 </trkpt>
			 <trkpt lat="55.965991" lon="-3.132164">
				 <ele>7.6</ele>
			 </trkpt>
			 <trkpt lat="55.965932" lon="-3.131907">
				 <ele>7.4</ele>
			 </trkpt>
			 <trkpt lat="55.965864" lon="-3.131656">
				 <ele>7.1</ele>
			 </trkpt>
			 <trkpt lat="55.965744" lon="-3.13128">
				 <ele>6.8</ele>
			 </trkpt>
			 <trkpt lat="55.96568" lon="-3.131105">
				 <ele>6.6</ele>
			 </trkpt>
			 <trkpt lat="55.965562" lon="-3.130828">
				 <ele>6.5</ele>
			 </trkpt>
			 <trkpt lat="55.965467" lon="-3.130649">
				 <ele>6.3</ele>
			 </trkpt>
			 <trkpt lat="55.965389" lon="-3.130509">
				 <ele>6.2</ele>
			 </trkpt>
			 <trkpt lat="55.965088" lon="-3.130044">
				 <ele>6</ele>
			 </trkpt>
			 <trkpt lat="55.964759" lon="-3.129628">
				 <ele>5.8</ele>
			 </trkpt>
			 <trkpt lat="55.964455" lon="-3.129277">
				 <ele>5.7</ele>
			 </trkpt>
			 <trkpt lat="55.964267" lon="-3.129043">
				 <ele>5.6</ele>
			 </trkpt>
			 <trkpt lat="55.963917" lon="-3.128498">
				 <ele>5.5</ele>
			 </trkpt>
			 <trkpt lat="55.963692" lon="-3.128117">
				 <ele>5.3</ele>
			 </trkpt>
			 <trkpt lat="55.963182" lon="-3.127251">
				 <ele>5</ele>
			 </trkpt>
			 <trkpt lat="55.961738" lon="-3.124852">
				 <ele>4.7</ele>
			 </trkpt>
			 <trkpt lat="55.961135" lon="-3.123835">
				 <ele>4.5</ele>
			 </trkpt>
			 <trkpt lat="55.958657" lon="-3.119662">
				 <ele>4.4</ele>
			 </trkpt>
			 <trkpt lat="55.958502" lon="-3.119381">
				 <ele>4.2</ele>
			 </trkpt>
			 <trkpt lat="55.958406" lon="-3.11901">
				 <ele>4.1</ele>
			 </trkpt>
			 <trkpt lat="55.958225" lon="-3.118703">
				 <ele>4.1</ele>
			 </trkpt>
			 <trkpt lat="55.958033" lon="-3.118378">
				 <ele>4.1</ele>
			 </trkpt>
			 <trkpt lat="55.957975" lon="-3.118282">
				 <ele>4.1</ele>
			 </trkpt>
			 <trkpt lat="55.95791" lon="-3.118069">
				 <ele>4.2</ele>
			 </trkpt>
			 <trkpt lat="55.957887" lon="-3.118033">
				 <ele>4.3</ele>
			 </trkpt>
			 <trkpt lat="55.957742" lon="-3.117874">
				 <ele>4.5</ele>
			 </trkpt>
			 <trkpt lat="55.957553" lon="-3.117613">
				 <ele>4.6</ele>
			 </trkpt>
			 <trkpt lat="55.957331" lon="-3.117305">
				 <ele>4.7</ele>
			 </trkpt>
			 <trkpt lat="55.95729" lon="-3.117248">
				 <ele>4.8</ele>
			 </trkpt>
			 <trkpt lat="55.956972" lon="-3.116739">
				 <ele>4.9</ele>
			 </trkpt>
			 <trkpt lat="55.956915" lon="-3.116613">
				 <ele>5</ele>
			 </trkpt>
			 <trkpt lat="55.956881" lon="-3.116519">
				 <ele>5</ele>
			 </trkpt>
			 <trkpt lat="55.956837" lon="-3.116382">
				 <ele>5</ele>
			 </trkpt>
			 <trkpt lat="55.956785" lon="-3.116184">
				 <ele>5</ele>
			 </trkpt>
			 <trkpt lat="55.95672" lon="-3.115831">
				 <ele>4.9</ele>
			 </trkpt>
			 <trkpt lat="55.956671" lon="-3.115057">
				 <ele>4.8</ele>
			 </trkpt>
			 <trkpt lat="55.956637" lon="-3.114836">
				 <ele>4.8</ele>
			 </trkpt>
			 <trkpt lat="55.95659" lon="-3.114648">
				 <ele>4.8</ele>
			 </trkpt>
			 <trkpt lat="55.956552" lon="-3.114536">
				 <ele>4.7</ele>
			 </trkpt>
			 <trkpt lat="55.956412" lon="-3.11423">
				 <ele>4.7</ele>
			 </trkpt>
			 <trkpt lat="55.956212" lon="-3.113752">
				 <ele>4.7</ele>
			 </trkpt>
			 <trkpt lat="55.95592" lon="-3.112991">
				 <ele>4.7</ele>
			 </trkpt>
			 <trkpt lat="55.955651" lon="-3.112339">
				 <ele>4.7</ele>
			 </trkpt>
			 <trkpt lat="55.955282" lon="-3.111452">
				 <ele>4.8</ele>
			 </trkpt>
			 <trkpt lat="55.954918" lon="-3.110577">
				 <ele>4.9</ele>
			 </trkpt>
			 <trkpt lat="55.954487" lon="-3.109569">
				 <ele>5.1</ele>
			 </trkpt>
			 <trkpt lat="55.95418" lon="-3.108829">
				 <ele>5.3</ele>
			 </trkpt>
			 <trkpt lat="55.954119" lon="-3.108689">
				 <ele>5.4</ele>
			 </trkpt>
			 <trkpt lat="55.953887" lon="-3.108147">
				 <ele>5.5</ele>
			 </trkpt>
			 <trkpt lat="55.953436" lon="-3.107081">
				 <ele>5.7</ele>
			 </trkpt>
			 <trkpt lat="55.953252" lon="-3.106599">
				 <ele>5.9</ele>
			 </trkpt>
			 <trkpt lat="55.953153" lon="-3.106354">
				 <ele>6</ele>
			 </trkpt>
			 <trkpt lat="55.952874" lon="-3.105634">
				 <ele>6.1</ele>
			 </trkpt>
			 <trkpt lat="55.952579" lon="-3.104913">
				 <ele>6.2</ele>
			 </trkpt>
			 <trkpt lat="55.952295" lon="-3.104188">
				 <ele>6.2</ele>
			 </trkpt>
			 <trkpt lat="55.952152" lon="-3.103817">
				 <ele>6.2</ele>
			 </trkpt>
			 <trkpt lat="55.952011" lon="-3.103445">
				 <ele>6.2</ele>
			 </trkpt>
			 <trkpt lat="55.951718" lon="-3.10274">
				 <ele>6.2</ele>
			 </trkpt>
			 <trkpt lat="55.951464" lon="-3.102082">
				 <ele>6.3</ele>
			 </trkpt>
			 <trkpt lat="55.951158" lon="-3.10129">
				 <ele>6.4</ele>
			 </trkpt>
			 <trkpt lat="55.950878" lon="-3.100549">
				 <ele>6.4</ele>
			 </trkpt>
			 <trkpt lat="55.950581" lon="-3.099763">
				 <ele>6.4</ele>
			 </trkpt>
			 <trkpt lat="55.950192" lon="-3.098675">
				 <ele>6.5</ele>
			 </trkpt>
			 <trkpt lat="55.949964" lon="-3.09804">
				 <ele>6.7</ele>
			 </trkpt>
			 <trkpt lat="55.949673" lon="-3.09723">
				 <ele>6.9</ele>
			 </trkpt>
			 <trkpt lat="55.949149" lon="-3.09576">
				 <ele>7.1</ele>
			 </trkpt>
			 <trkpt lat="55.949001" lon="-3.095427">
				 <ele>7.3</ele>
			 </trkpt>
			 <trkpt lat="55.948957" lon="-3.095367">
				 <ele>7.5</ele>
			 </trkpt>
			 <trkpt lat="55.948907" lon="-3.095326">
				 <ele>7.8</ele>
			 </trkpt>
			 <trkpt lat="55.9488" lon="-3.095328">
				 <ele>8</ele>
			 </trkpt>
			 <trkpt lat="55.948799" lon="-3.095041">
				 <ele>8.2</ele>
			 </trkpt>
			 <trkpt lat="55.948799" lon="-3.094914">
				 <ele>8.4</ele>
			 </trkpt>
			 <trkpt lat="55.9488" lon="-3.094464">
				 <ele>8.5</ele>
			 </trkpt>
			 <trkpt lat="55.948784" lon="-3.09388">
				 <ele>8.6</ele>
			 </trkpt>
			 <trkpt lat="55.948772" lon="-3.093651">
				 <ele>8.7</ele>
			 </trkpt>
			 <trkpt lat="55.94856" lon="-3.090599">
				 <ele>8.9</ele>
			 </trkpt>
			 <trkpt lat="55.94855" lon="-3.090333">
				 <ele>9.1</ele>
			 </trkpt>
			 <trkpt lat="55.948549" lon="-3.08934">
				 <ele>9.3</ele>
			 </trkpt>
			 <trkpt lat="55.94855" lon="-3.089086">
				 <ele>9.4</ele>
			 </trkpt>
			 <trkpt lat="55.948549" lon="-3.088677">
				 <ele>9.5</ele>
			 </trkpt>
			 <trkpt lat="55.948547" lon="-3.087747">
				 <ele>9.5</ele>
			 </trkpt>
			 <trkpt lat="55.948545" lon="-3.087587">
				 <ele>9.6</ele>
			 </trkpt>
			 <trkpt lat="55.948543" lon="-3.087434">
				 <ele>9.8</ele>
			 </trkpt>
			 <trkpt lat="55.948536" lon="-3.087232">
				 <ele>10</ele>
			 </trkpt>
			 <trkpt lat="55.94851" lon="-3.08668">
				 <ele>10.2</ele>
			 </trkpt>
			 <trkpt lat="55.948493" lon="-3.086479">
				 <ele>10.4</ele>
			 </trkpt>
			 <trkpt lat="55.948477" lon="-3.086265">
				 <ele>10.5</ele>
			 </trkpt>
			 <trkpt lat="55.948426" lon="-3.085845">
				 <ele>10.5</ele>
			 </trkpt>
			 <trkpt lat="55.948299" lon="-3.085066">
				 <ele>10.6</ele>
			 </trkpt>
			 <trkpt lat="55.94819" lon="-3.08447">
				 <ele>10.7</ele>
			 </trkpt>
			 <trkpt lat="55.948117" lon="-3.084111">
				 <ele>10.7</ele>
			 </trkpt>
			 <trkpt lat="55.94804" lon="-3.083775">
				 <ele>10.7</ele>
			 </trkpt>
			 <trkpt lat="55.947929" lon="-3.083389">
				 <ele>10.7</ele>
			 </trkpt>
			 <trkpt lat="55.947856" lon="-3.08315">
				 <ele>10.5</ele>
			 </trkpt>
			 <trkpt lat="55.947768" lon="-3.082902">
				 <ele>10.4</ele>
			 </trkpt>
			 <trkpt lat="55.947187" lon="-3.081614">
				 <ele>10.2</ele>
			 </trkpt>
			 <trkpt lat="55.946901" lon="-3.080975">
				 <ele>10</ele>
			 </trkpt>
			 <trkpt lat="55.946723" lon="-3.080578">
				 <ele>9.8</ele>
			 </trkpt>
			 <trkpt lat="55.946545" lon="-3.080174">
				 <ele>9.6</ele>
			 </trkpt>
			 <trkpt lat="55.946452" lon="-3.079972">
				 <ele>9.5</ele>
			 </trkpt>
			 <trkpt lat="55.946211" lon="-3.07937">
				 <ele>9.3</ele>
			 </trkpt>
			 <trkpt lat="55.946055" lon="-3.078808">
				 <ele>9.2</ele>
			 </trkpt>
			 <trkpt lat="55.946032" lon="-3.078707">
				 <ele>9.1</ele>
			 </trkpt>
			 <trkpt lat="55.945994" lon="-3.078545">
				 <ele>8.9</ele>
			 </trkpt>
			 <trkpt lat="55.945751" lon="-3.077469">
				 <ele>8.8</ele>
			 </trkpt>
			 <trkpt lat="55.945698" lon="-3.077139">
				 <ele>8.7</ele>
			 </trkpt>
			 <trkpt lat="55.94568" lon="-3.076937">
				 <ele>8.5</ele>
			 </trkpt>
			 <trkpt lat="55.945659" lon="-3.076701">
				 <ele>8.4</ele>
			 </trkpt>
			 <trkpt lat="55.945636" lon="-3.076209">
				 <ele>8.2</ele>
			 </trkpt>
			 <trkpt lat="55.945629" lon="-3.075896">
				 <ele>7.9</ele>
			 </trkpt>
			 <trkpt lat="55.94563" lon="-3.07517">
				 <ele>7.6</ele>
			 </trkpt>
			 <trkpt lat="55.945605" lon="-3.074856">
				 <ele>7.4</ele>
			 </trkpt>
			 <trkpt lat="55.945569" lon="-3.074539">
				 <ele>7.1</ele>
			 </trkpt>
			 <trkpt lat="55.945508" lon="-3.074118">
				 <ele>6.8</ele>
			 </trkpt>
			 <trkpt lat="55.945375" lon="-3.073496">
				 <ele>6.6</ele>
			 </trkpt>
			 <trkpt lat="55.945102" lon="-3.072215">
				 <ele>6.5</ele>
			 </trkpt>
			 <trkpt lat="55.945056" lon="-3.072002">
				 <ele>6.3</ele>
			 </trkpt>
			 <trkpt lat="55.945042" lon="-3.071934">
				 <ele>6.2</ele>
			 </trkpt>
			 <trkpt lat="55.944518" lon="-3.069654">
				 <ele>6.1</ele>
			 </trkpt>
			 <trkpt lat="55.944469" lon="-3.069441">
				 <ele>6</ele>
			 </trkpt>
			 <trkpt lat="55.944459" lon="-3.069394">
				 <ele>6</ele>
			 </trkpt>
			 <trkpt lat="55.944528" lon="-3.069346">
				 <ele>6</ele>
			 </trkpt>
			 <trkpt lat="55.944571" lon="-3.069311">
				 <ele>6</ele>
			 </trkpt>
			 <trkpt lat="55.944593" lon="-3.069273">
				 <ele>6</ele>
			 </trkpt>
			 <trkpt lat="55.944608" lon="-3.069228">
				 <ele>6</ele>
			 </trkpt>
			 <trkpt lat="55.944619" lon="-3.069108">
				 <ele>5.9</ele>
			 </trkpt>
			 <trkpt lat="55.944627" lon="-3.068967">
				 <ele>5.8</ele>
			 </trkpt>
			 <trkpt lat="55.944639" lon="-3.068651">
				 <ele>5.7</ele>
			 </trkpt>
			 <trkpt lat="55.944648" lon="-3.068428">
				 <ele>5.6</ele>
			 </trkpt>
			 <trkpt lat="55.944655" lon="-3.068225">
				 <ele>5.5</ele>
			 </trkpt>
			 <trkpt lat="55.944677" lon="-3.067618">
				 <ele>5.5</ele>
			 </trkpt>
			 <trkpt lat="55.944679" lon="-3.067535">
				 <ele>5.4</ele>
			 </trkpt>
			 <trkpt lat="55.944699" lon="-3.067244">
				 <ele>5.2</ele>
			 </trkpt>
			 <trkpt lat="55.944716" lon="-3.067116">
				 <ele>5</ele>
			 </trkpt>
			 <trkpt lat="55.944742" lon="-3.066967">
				 <ele>4.8</ele>
			 </trkpt>
			 <trkpt lat="55.944811" lon="-3.066642">
				 <ele>4.6</ele>
			 </trkpt>
			 <trkpt lat="55.944846" lon="-3.066403">
				 <ele>4.5</ele>
			 </trkpt>
			 <trkpt lat="55.944878" lon="-3.066048">
				 <ele>4.5</ele>
			 </trkpt>
			 <trkpt lat="55.944916" lon="-3.066057">
				 <ele>4.5</ele>
			 </trkpt>
			 <trkpt lat="55.945004" lon="-3.066076">
				 <ele>4.5</ele>
			 </trkpt>
			 <trkpt lat="55.945069" lon="-3.066">
				 <ele>4.4</ele>
			 </trkpt>
			 <trkpt lat="55.945199" lon="-3.065825">
				 <ele>4.3</ele>
			 </trkpt>
			 <trkpt lat="55.945286" lon="-3.065211">
				 <ele>4.2</ele>
			 </trkpt>
			 <trkpt lat="55.945325" lon="-3.06494">
				 <ele>4.2</ele>
			 </trkpt>
			 <trkpt lat="55.94533" lon="-3.064732">
				 <ele>4.2</ele>
			 </trkpt>
			 <trkpt lat="55.945341" lon="-3.064491">
				 <ele>4.3</ele>
			 </trkpt>
			 <trkpt lat="55.945374" lon="-3.064333">
				 <ele>4.4</ele>
			 </trkpt>
			 <trkpt lat="55.945453" lon="-3.064032">
				 <ele>4.5</ele>
			 </trkpt>
			 <trkpt lat="55.945631" lon="-3.063337">
				 <ele>4.5</ele>
			 </trkpt>
			 <trkpt lat="55.945856" lon="-3.062462">
				 <ele>4.5</ele>
			 </trkpt>
			 <trkpt lat="55.946008" lon="-3.061859">
				 <ele>4.5</ele>
			 </trkpt>
			 <trkpt lat="55.946178" lon="-3.061364">
				 <ele>4.7</ele>
			 </trkpt>
			 <trkpt lat="55.946246" lon="-3.061149">
				 <ele>4.9</ele>
			 </trkpt>
			 <trkpt lat="55.94641" lon="-3.060635">
				 <ele>5.1</ele>
			 </trkpt>
			 <trkpt lat="55.946428" lon="-3.060528">
				 <ele>5.4</ele>
			 </trkpt>
			 <trkpt lat="55.946691" lon="-3.05859">
				 <ele>5.6</ele>
			 </trkpt>
			 <trkpt lat="55.946699" lon="-3.058531">
				 <ele>5.8</ele>
			 </trkpt>
			 <trkpt lat="55.946135" lon="-3.058271">
				 <ele>6</ele>
			 </trkpt>
			 <trkpt lat="55.945439" lon="-3.057961">
				 <ele>6.2</ele>
			 </trkpt>
			 <trkpt lat="55.945392" lon="-3.05794">
				 <ele>6.4</ele>
			 </trkpt>
			 <trkpt lat="55.945403" lon="-3.057841">
				 <ele>6.5</ele>
			 </trkpt>
			 <trkpt lat="55.945429" lon="-3.05754">
				 <ele>6.7</ele>
			 </trkpt>
			 <trkpt lat="55.945437" lon="-3.057276">
				 <ele>6.8</ele>
			 </trkpt>
			 <trkpt lat="55.945437" lon="-3.056971">
				 <ele>6.9</ele>
			 </trkpt>
			 <trkpt lat="55.945437" lon="-3.056869">
				 <ele>7</ele>
			 </trkpt>
			 <trkpt lat="55.945437" lon="-3.056707">
				 <ele>7</ele>
			 </trkpt>
			 <trkpt lat="55.945411" lon="-3.056053">
				 <ele>6.9</ele>
			 </trkpt>
			 <trkpt lat="55.945407" lon="-3.055946">
				 <ele>6.8</ele>
			 </trkpt>
			 <trkpt lat="55.945385" lon="-3.055266">
				 <ele>6.7</ele>
			 </trkpt>
			 <trkpt lat="55.94538" lon="-3.055125">
				 <ele>6.6</ele>
			 </trkpt>
			 <trkpt lat="55.945358" lon="-3.054635">
				 <ele>6.5</ele>
			 </trkpt>
			 <trkpt lat="55.945329" lon="-3.054013">
				 <ele>6.5</ele>
			 </trkpt>
			 <trkpt lat="55.945316" lon="-3.053724">
				 <ele>6.3</ele>
			 </trkpt>
			 <trkpt lat="55.945306" lon="-3.053516">
				 <ele>6.1</ele>
			 </trkpt>
			 <trkpt lat="55.945296" lon="-3.053059">
				 <ele>5.9</ele>
			 </trkpt>
			 <trkpt lat="55.9453" lon="-3.052522">
				 <ele>5.7</ele>
			 </trkpt>
			 <trkpt lat="55.945312" lon="-3.052244">
				 <ele>5.5</ele>
			 </trkpt>
			 <trkpt lat="55.945363" lon="-3.051645">
				 <ele>5.5</ele>
			 </trkpt>
			 <trkpt lat="55.945392" lon="-3.051372">
				 <ele>5.4</ele>
			 </trkpt>
			 <trkpt lat="55.945395" lon="-3.051248">
				 <ele>5.3</ele>
			 </trkpt>
			 <trkpt lat="55.945376" lon="-3.051131">
				 <ele>5.2</ele>
			 </trkpt>
			 <trkpt lat="55.945316" lon="-3.051002">
				 <ele>5.1</ele>
			 </trkpt>
			 <trkpt lat="55.945283" lon="-3.050928">
				 <ele>5</ele>
			 </trkpt>
			 <trkpt lat="55.945252" lon="-3.050883">
				 <ele>5</ele>
			 </trkpt>
			 <trkpt lat="55.945224" lon="-3.05086">
				 <ele>5</ele>
			 </trkpt>
			 <trkpt lat="55.945195" lon="-3.050858">
				 <ele>5</ele>
			 </trkpt>
			 <trkpt lat="55.945166" lon="-3.050873">
				 <ele>5</ele>
			 </trkpt>
			 <trkpt lat="55.944939" lon="-3.051137">
				 <ele>5</ele>
			 </trkpt>
			 <trkpt lat="55.944552" lon="-3.051575">
				 <ele>5</ele>
			 </trkpt>
			 <trkpt lat="55.944124" lon="-3.052067">
				 <ele>5</ele>
			 </trkpt>
			 <trkpt lat="55.943868" lon="-3.052383">
				 <ele>5</ele>
			 </trkpt>
			 <trkpt lat="55.943806" lon="-3.052488">
				 <ele>5</ele>
			 </trkpt>
			 <trkpt lat="55.943785" lon="-3.052538">
				 <ele>5</ele>
			 </trkpt>
			 <trkpt lat="55.943684" lon="-3.052781">
				 <ele>5</ele>
			 </trkpt>
			 <trkpt lat="55.943649" lon="-3.052666">
				 <ele>5.1</ele>
			 </trkpt>
			 <trkpt lat="55.943447" lon="-3.051763">
				 <ele>5.2</ele>
			 </trkpt>
			 <trkpt lat="55.943419" lon="-3.05163">
				 <ele>5.3</ele>
			 </trkpt>
			 <trkpt lat="55.943392" lon="-3.051552">
				 <ele>5.4</ele>
			 </trkpt>
			 <trkpt lat="55.94337" lon="-3.051603">
				 <ele>5.5</ele>
			 </trkpt>
			 <trkpt lat="55.943341" lon="-3.05153">
				 <ele>5.5</ele>
			 </trkpt>
			 <trkpt lat="55.943289" lon="-3.051476">
				 <ele>5.6</ele>
			 </trkpt>
			 <trkpt lat="55.943263" lon="-3.051448">
				 <ele>5.7</ele>
			 </trkpt>
			 <trkpt lat="55.943319" lon="-3.051275">
				 <ele>5.8</ele>
			 </trkpt>
			 <trkpt lat="55.943439" lon="-3.0509">
				 <ele>5.9</ele>
			 </trkpt>
			 <trkpt lat="55.943467" lon="-3.050814">
				 <ele>6</ele>
			 </trkpt>
			 <trkpt lat="55.943591" lon="-3.050437">
				 <ele>6</ele>
			 </trkpt>
			 <trkpt lat="55.943931" lon="-3.049686">
				 <ele>6</ele>
			 </trkpt>
			 <trkpt lat="55.944198" lon="-3.049174">
				 <ele>6.1</ele>
			 </trkpt>
			 <trkpt lat="55.944572" lon="-3.048518">
				 <ele>6.2</ele>
			 </trkpt>
			 <trkpt lat="55.944708" lon="-3.048274">
				 <ele>6.3</ele>
			 </trkpt>
			 <trkpt lat="55.944737" lon="-3.048234">
				 <ele>6.4</ele>
			 </trkpt>
			 <trkpt lat="55.944826" lon="-3.048202">
				 <ele>6.5</ele>
			 </trkpt>
			 <trkpt lat="55.944889" lon="-3.048198">
				 <ele>6.5</ele>
			 </trkpt>
			 <trkpt lat="55.944898" lon="-3.048309">
				 <ele>6.6</ele>
			 </trkpt>
			 <trkpt lat="55.944915" lon="-3.048411">
				 <ele>6.6</ele>
			 </trkpt>
			 <trkpt lat="55.944938" lon="-3.048494">
				 <ele>6.6</ele>
			 </trkpt>
			 <trkpt lat="55.945005" lon="-3.048656">
				 <ele>6.6</ele>
			 </trkpt>
			 <trkpt lat="55.945051" lon="-3.048757">
				 <ele>6.6</ele>
			 </trkpt>
			 <trkpt lat="55.945136" lon="-3.048945">
				 <ele>6.5</ele>
			 </trkpt>
			 <trkpt lat="55.945213" lon="-3.049159">
				 <ele>6.5</ele>
			 </trkpt>
			 <trkpt lat="55.945233" lon="-3.049217">
				 <ele>6.3</ele>
			 </trkpt>
			 <trkpt lat="55.945264" lon="-3.049278">
				 <ele>6.1</ele>
			 </trkpt>
			 <trkpt lat="55.945308" lon="-3.04933">
				 <ele>5.9</ele>
			 </trkpt>
			 <trkpt lat="55.945343" lon="-3.049334">
				 <ele>5.7</ele>
			 </trkpt>
			 <trkpt lat="55.945387" lon="-3.049316">
				 <ele>5.5</ele>
			 </trkpt>
			 <trkpt lat="55.945537" lon="-3.049237">
				 <ele>5.5</ele>
			 </trkpt>
			 <trkpt lat="55.945652" lon="-3.049178">
				 <ele>5.4</ele>
			 </trkpt>
			 <trkpt lat="55.945746" lon="-3.049135">
				 <ele>5.3</ele>
			 </trkpt>
			 <trkpt lat="55.946024" lon="-3.049008">
				 <ele>5.2</ele>
			 </trkpt>
			 <trkpt lat="55.946132" lon="-3.048961">
				 <ele>5</ele>
			 </trkpt>
			 <trkpt lat="55.946509" lon="-3.048849">
				 <ele>4.8</ele>
			 </trkpt>
			 <trkpt lat="55.946941" lon="-3.048744">
				 <ele>4.7</ele>
			 </trkpt>
			 <trkpt lat="55.9472" lon="-3.048706">
				 <ele>4.6</ele>
			 </trkpt>
			 <trkpt lat="55.94732" lon="-3.048697">
				 <ele>4.5</ele>
			 </trkpt>
			 <trkpt lat="55.947811" lon="-3.048686">
				 <ele>4.5</ele>
			 </trkpt>
			 <trkpt lat="55.948145" lon="-3.048676">
				 <ele>4.4</ele>
			 </trkpt>
			 <trkpt lat="55.948212" lon="-3.048674">
				 <ele>4.4</ele>
			 </trkpt>
			 <trkpt lat="55.948328" lon="-3.048673">
				 <ele>4.4</ele>
			 </trkpt>
			 <trkpt lat="55.948363" lon="-3.04866">
				 <ele>4.4</ele>
			 </trkpt>
			 <trkpt lat="55.948389" lon="-3.048634">
				 <ele>4.4</ele>
			 </trkpt>
			 <trkpt lat="55.948411" lon="-3.048595">
				 <ele>4.5</ele>
			 </trkpt>
			 <trkpt lat="55.948441" lon="-3.048491">
				 <ele>4.5</ele>
			 </trkpt>
			 <trkpt lat="55.948456" lon="-3.048326">
				 <ele>4.6</ele>
			 </trkpt>
			 <trkpt lat="55.948471" lon="-3.048159">
				 <ele>4.7</ele>
			 </trkpt>
			 <trkpt lat="55.948506" lon="-3.047778">
				 <ele>4.8</ele>
			 </trkpt>
			 <trkpt lat="55.948521" lon="-3.047611">
				 <ele>4.9</ele>
			 </trkpt>
			 <trkpt lat="55.948579" lon="-3.047007">
				 <ele>5</ele>
			 </trkpt>
			 <trkpt lat="55.948594" lon="-3.046849">
				 <ele>5</ele>
			 </trkpt>
			 <trkpt lat="55.94861" lon="-3.046649">
				 <ele>5</ele>
			 </trkpt>
			 <trkpt lat="55.948602" lon="-3.046571">
				 <ele>5.1</ele>
			 </trkpt>
			 <trkpt lat="55.948569" lon="-3.04652">
				 <ele>5.2</ele>
			 </trkpt>
			 <trkpt lat="55.948519" lon="-3.046504">
				 <ele>5.3</ele>
			 </trkpt>
			 <trkpt lat="55.948491" lon="-3.046505">
				 <ele>5.4</ele>
			 </trkpt>
			 <trkpt lat="55.947962" lon="-3.046506">
				 <ele>5.5</ele>
			 </trkpt>
			 <trkpt lat="55.947833" lon="-3.046496">
				 <ele>5.5</ele>
			 </trkpt>
			 <trkpt lat="55.947411" lon="-3.046363">
				 <ele>5.6</ele>
			 </trkpt>
			 <trkpt lat="55.947251" lon="-3.046314">
				 <ele>5.8</ele>
			 </trkpt>
			 <trkpt lat="55.946931" lon="-3.046179">
				 <ele>6</ele>
			 </trkpt>
			 <trkpt lat="55.9467" lon="-3.046021">
				 <ele>6.2</ele>
			 </trkpt>
			 <trkpt lat="55.9463" lon="-3.045694">
				 <ele>6.4</ele>
			 </trkpt>
			 <trkpt lat="55.946181" lon="-3.045639">
				 <ele>6.5</ele>
			 </trkpt>
			 <trkpt lat="55.945464" lon="-3.045424">
				 <ele>6.7</ele>
			 </trkpt>
			 <trkpt lat="55.945467" lon="-3.045204">
				 <ele>6.9</ele>
			 </trkpt>
			 <trkpt lat="55.945476" lon="-3.044651">
				 <ele>7.1</ele>
			 </trkpt>
			 <trkpt lat="55.945516" lon="-3.043054">
				 <ele>7.3</ele>
			 </trkpt>
			 <trkpt lat="55.945516" lon="-3.042869">
				 <ele>7.5</ele>
			 </trkpt>
			 <trkpt lat="55.945507" lon="-3.042749">
				 <ele>7.5</ele>
			 </trkpt>
			 <trkpt lat="55.945443" lon="-3.042365">
				 <ele>7.5</ele>
			 </trkpt>
			 <trkpt lat="55.945424" lon="-3.042279">
				 <ele>7.5</ele>
			 </trkpt>
			 <trkpt lat="55.945399" lon="-3.042224">
				 <ele>7.5</ele>
			 </trkpt>
			 <trkpt lat="55.945349" lon="-3.042154">
				 <ele>7.4</ele>
			 </trkpt>
			 <trkpt lat="55.945407" lon="-3.042016">
				 <ele>7.2</ele>
			 </trkpt>
			 <trkpt lat="55.94543" lon="-3.041944">
				 <ele>7</ele>
			 </trkpt>
			 <trkpt lat="55.945448" lon="-3.041808">
				 <ele>6.8</ele>
			 </trkpt>
			 <trkpt lat="55.945542" lon="-3.040688">
				 <ele>6.6</ele>
			 </trkpt>
			 <trkpt lat="55.945615" lon="-3.039819">
				 <ele>6.5</ele>
			 </trkpt>
			 <trkpt lat="55.945642" lon="-3.03946">
				 <ele>6.3</ele>
			 </trkpt>
			 <trkpt lat="55.945667" lon="-3.03912">
				 <ele>6.2</ele>
			 </trkpt>
			 <trkpt lat="55.945715" lon="-3.038496">
				 <ele>6.1</ele>
			 </trkpt>
			 <trkpt lat="55.945731" lon="-3.03824">
				 <ele>6</ele>
			 </trkpt>
			 <trkpt lat="55.945734" lon="-3.038013">
				 <ele>6</ele>
			 </trkpt>
			 <trkpt lat="55.945712" lon="-3.037309">
				 <ele>6</ele>
			 </trkpt>
			 <trkpt lat="55.945699" lon="-3.036986">
				 <ele>6</ele>
			 </trkpt>
			 <trkpt lat="55.945692" lon="-3.036763">
				 <ele>6</ele>
			 </trkpt>
			 <trkpt lat="55.945678" lon="-3.036294">
				 <ele>6</ele>
			 </trkpt>
			 <trkpt lat="55.945606" lon="-3.035491">
				 <ele>6</ele>
			 </trkpt>
			 <trkpt lat="55.945573" lon="-3.035205">
				 <ele>6</ele>
			 </trkpt>
			 <trkpt lat="55.945479" lon="-3.034524">
				 <ele>6</ele>
			 </trkpt>
			 <trkpt lat="55.945367" lon="-3.033859">
				 <ele>6</ele>
			 </trkpt>
			 <trkpt lat="55.945268" lon="-3.033311">
				 <ele>6</ele>
			 </trkpt>
			 <trkpt lat="55.945168" lon="-3.032755">
				 <ele>6</ele>
			 </trkpt>
			 <trkpt lat="55.945092" lon="-3.032344">
				 <ele>6</ele>
			 </trkpt>
			 <trkpt lat="55.945015" lon="-3.031928">
				 <ele>6</ele>
			 </trkpt>
			 <trkpt lat="55.944853" lon="-3.030884">
				 <ele>6.1</ele>
			 </trkpt>
			 <trkpt lat="55.944776" lon="-3.030347">
				 <ele>6.2</ele>
			 </trkpt>
			 <trkpt lat="55.944653" lon="-3.029389">
				 <ele>6.3</ele>
			 </trkpt>
			 <trkpt lat="55.944554" lon="-3.028453">
				 <ele>6.4</ele>
			 </trkpt>
			 <trkpt lat="55.944483" lon="-3.027776">
				 <ele>6.5</ele>
			 </trkpt>
			 <trkpt lat="55.944403" lon="-3.026932">
				 <ele>6.5</ele>
			 </trkpt>
			 <trkpt lat="55.944396" lon="-3.026725">
				 <ele>6.7</ele>
			 </trkpt>
			 <trkpt lat="55.944406" lon="-3.026516">
				 <ele>6.9</ele>
			 </trkpt>
			 <trkpt lat="55.944423" lon="-3.026343">
				 <ele>7.1</ele>
			 </trkpt>
			 <trkpt lat="55.944461" lon="-3.026274">
				 <ele>7.3</ele>
			 </trkpt>
			 <trkpt lat="55.944526" lon="-3.026174">
				 <ele>7.5</ele>
			 </trkpt>
			 <trkpt lat="55.944572" lon="-3.026094">
				 <ele>7.5</ele>
			 </trkpt>
			 <trkpt lat="55.944638" lon="-3.025939">
				 <ele>7.6</ele>
			 </trkpt>
			 <trkpt lat="55.944682" lon="-3.02579">
				 <ele>7.7</ele>
			 </trkpt>
			 <trkpt lat="55.94474" lon="-3.025657">
				 <ele>7.9</ele>
			 </trkpt>
			 <trkpt lat="55.94501" lon="-3.025141">
				 <ele>8.1</ele>
			 </trkpt>
			 <trkpt lat="55.945085" lon="-3.024999">
				 <ele>8.4</ele>
			 </trkpt>
			 <trkpt lat="55.945309" lon="-3.024609">
				 <ele>8.5</ele>
			 </trkpt>
			 <trkpt lat="55.945524" lon="-3.02422">
				 <ele>8.8</ele>
			 </trkpt>
			 <trkpt lat="55.945687" lon="-3.023906">
				 <ele>9.1</ele>
			 </trkpt>
			 <trkpt lat="55.94583" lon="-3.023595">
				 <ele>9.4</ele>
			 </trkpt>
			 <trkpt lat="55.946087" lon="-3.022968">
				 <ele>9.7</ele>
			 </trkpt>
			 <trkpt lat="55.94659" lon="-3.021723">
				 <ele>10.1</ele>
			 </trkpt>
			 <trkpt lat="55.946698" lon="-3.021504">
				 <ele>10.5</ele>
			 </trkpt>
			 <trkpt lat="55.946849" lon="-3.021248">
				 <ele>10.8</ele>
			 </trkpt>
			 <trkpt lat="55.947219" lon="-3.02066">
				 <ele>11.1</ele>
			 </trkpt>
			 <trkpt lat="55.947579" lon="-3.020126">
				 <ele>11.4</ele>
			 </trkpt>
			 <trkpt lat="55.947684" lon="-3.019946">
				 <ele>11.5</ele>
			 </trkpt>
			 <trkpt lat="55.947769" lon="-3.019777">
				 <ele>11.5</ele>
			 </trkpt>
			 <trkpt lat="55.947872" lon="-3.019538">
				 <ele>11.5</ele>
			 </trkpt>
			 <trkpt lat="55.947976" lon="-3.019238">
				 <ele>11.5</ele>
			 </trkpt>
			 <trkpt lat="55.948071" lon="-3.01893">
				 <ele>11.4</ele>
			 </trkpt>
			 <trkpt lat="55.948257" lon="-3.018327">
				 <ele>11.2</ele>
			 </trkpt>
			 <trkpt lat="55.948281" lon="-3.018246">
				 <ele>11</ele>
			 </trkpt>
			 <trkpt lat="55.948309" lon="-3.018153">
				 <ele>10.7</ele>
			 </trkpt>
			 <trkpt lat="55.948802" lon="-3.016479">
				 <ele>10.5</ele>
			 </trkpt>
			 <trkpt lat="55.949397" lon="-3.01441">
				 <ele>10.2</ele>
			 </trkpt>
			 <trkpt lat="55.949609" lon="-3.013725">
				 <ele>9.8</ele>
			 </trkpt>
			 <trkpt lat="55.949742" lon="-3.013349">
				 <ele>9.5</ele>
			 </trkpt>
			 <trkpt lat="55.949908" lon="-3.012937">
				 <ele>9.2</ele>
			 </trkpt>
			 <trkpt lat="55.950043" lon="-3.012644">
				 <ele>8.8</ele>
			 </trkpt>
			 <trkpt lat="55.950324" lon="-3.012113">
				 <ele>8.5</ele>
			 </trkpt>
			 <trkpt lat="55.950457" lon="-3.011901">
				 <ele>8.2</ele>
			 </trkpt>
			 <trkpt lat="55.95132" lon="-3.010647">
				 <ele>7.8</ele>
			 </trkpt>
			 <trkpt lat="55.951534" lon="-3.010313">
				 <ele>7.5</ele>
			 </trkpt>
			 <trkpt lat="55.951753" lon="-3.009929">
				 <ele>7.2</ele>
			 </trkpt>
			 <trkpt lat="55.951911" lon="-3.009599">
				 <ele>6.9</ele>
			 </trkpt>
			 <trkpt lat="55.952069" lon="-3.009235">
				 <ele>6.7</ele>
			 </trkpt>
			 <trkpt lat="55.95214" lon="-3.009041">
				 <ele>6.6</ele>
			 </trkpt>
			 <trkpt lat="55.952209" lon="-3.008856">
				 <ele>6.6</ele>
			 </trkpt>
			 <trkpt lat="55.952466" lon="-3.008093">
				 <ele>6.7</ele>
			 </trkpt>
			 <trkpt lat="55.952884" lon="-3.006721">
				 <ele>6.8</ele>
			 </trkpt>
			 <trkpt lat="55.95299" lon="-3.006332">
				 <ele>6.9</ele>
			 </trkpt>
			 <trkpt lat="55.953086" lon="-3.005919">
				 <ele>7.1</ele>
			 </trkpt>
			 <trkpt lat="55.953138" lon="-3.005649">
				 <ele>7.3</ele>
			 </trkpt>
			 <trkpt lat="55.953213" lon="-3.005262">
				 <ele>7.5</ele>
			 </trkpt>
			 <trkpt lat="55.953273" lon="-3.004817">
				 <ele>7.6</ele>
			 </trkpt>
			 <trkpt lat="55.953393" lon="-3.003746">
				 <ele>7.8</ele>
			 </trkpt>
			 <trkpt lat="55.953573" lon="-3.002322">
				 <ele>7.8</ele>
			 </trkpt>
			 <trkpt lat="55.953702" lon="-3.001666">
				 <ele>7.8</ele>
			 </trkpt>
			 <trkpt lat="55.953857" lon="-3.000995">
				 <ele>7.6</ele>
			 </trkpt>
			 <trkpt lat="55.954151" lon="-2.99985">
				 <ele>7.5</ele>
			 </trkpt>
			 <trkpt lat="55.954263" lon="-2.999474">
				 <ele>7.3</ele>
			 </trkpt>
			 <trkpt lat="55.954341" lon="-2.999224">
				 <ele>7.1</ele>
			 </trkpt>
			 <trkpt lat="55.954408" lon="-2.999013">
				 <ele>6.9</ele>
			 </trkpt>
			 <trkpt lat="55.954563" lon="-2.998566">
				 <ele>6.7</ele>
			 </trkpt>
			 <trkpt lat="55.954705" lon="-2.998203">
				 <ele>6.5</ele>
			 </trkpt>
			 <trkpt lat="55.954821" lon="-2.997934">
				 <ele>6.5</ele>
			 </trkpt>
			 <trkpt lat="55.95501" lon="-2.997528">
				 <ele>6.4</ele>
			 </trkpt>
			 <trkpt lat="55.95513" lon="-2.99728">
				 <ele>6.5</ele>
			 </trkpt>
			 <trkpt lat="55.955546" lon="-2.996541">
				 <ele>6.5</ele>
			 </trkpt>
			 <trkpt lat="55.955726" lon="-2.996262">
				 <ele>6.7</ele>
			 </trkpt>
			 <trkpt lat="55.955854" lon="-2.99598">
				 <ele>7</ele>
			 </trkpt>
			 <trkpt lat="55.955905" lon="-2.995832">
				 <ele>7.3</ele>
			 </trkpt>
			 <trkpt lat="55.955958" lon="-2.995648">
				 <ele>7.5</ele>
			 </trkpt>
			 <trkpt lat="55.956042" lon="-2.995362">
				 <ele>7.9</ele>
			 </trkpt>
			 <trkpt lat="55.956348" lon="-2.994295">
				 <ele>8.3</ele>
			 </trkpt>
			 <trkpt lat="55.956589" lon="-2.993432">
				 <ele>8.6</ele>
			 </trkpt>
			 <trkpt lat="55.956633" lon="-2.993289">
				 <ele>8.9</ele>
			 </trkpt>
			 <trkpt lat="55.956699" lon="-2.993073">
				 <ele>9.2</ele>
			 </trkpt>
			 <trkpt lat="55.956774" lon="-2.992832">
				 <ele>9.4</ele>
			 </trkpt>
			 <trkpt lat="55.956885" lon="-2.992527">
				 <ele>9.5</ele>
			 </trkpt>
			 <trkpt lat="55.956947" lon="-2.992367">
				 <ele>9.7</ele>
			 </trkpt>
			 <trkpt lat="55.957016" lon="-2.992194">
				 <ele>9.8</ele>
			 </trkpt>
			 <trkpt lat="55.957097" lon="-2.992018">
				 <ele>9.9</ele>
			 </trkpt>
			 <trkpt lat="55.957236" lon="-2.991726">
				 <ele>10</ele>
			 </trkpt>
			 <trkpt lat="55.957324" lon="-2.991524">
				 <ele>10</ele>
			 </trkpt>
			 <trkpt lat="55.957623" lon="-2.990693">
				 <ele>10</ele>
			 </trkpt>
			 <trkpt lat="55.9577" lon="-2.990485">
				 <ele>10</ele>
			 </trkpt>
			 <trkpt lat="55.957795" lon="-2.990239">
				 <ele>10.1</ele>
			 </trkpt>
			 <trkpt lat="55.95786" lon="-2.990038">
				 <ele>10.2</ele>
			 </trkpt>
			 <trkpt lat="55.957956" lon="-2.989679">
				 <ele>10.3</ele>
			 </trkpt>
			 <trkpt lat="55.958086" lon="-2.989123">
				 <ele>10.4</ele>
			 </trkpt>
			 <trkpt lat="55.958245" lon="-2.988458">
				 <ele>10.5</ele>
			 </trkpt>
			 <trkpt lat="55.958358" lon="-2.987987">
				 <ele>10.5</ele>
			 </trkpt>
			 <trkpt lat="55.958542" lon="-2.987224">
				 <ele>10.6</ele>
			 </trkpt>
			 <trkpt lat="55.958607" lon="-2.986976">
				 <ele>10.7</ele>
			 </trkpt>
			 <trkpt lat="55.958667" lon="-2.986749">
				 <ele>10.7</ele>
			 </trkpt>
			 <trkpt lat="55.958752" lon="-2.98648">
				 <ele>10.7</ele>
			 </trkpt>
			 <trkpt lat="55.958939" lon="-2.985964">
				 <ele>10.7</ele>
			 </trkpt>
			 <trkpt lat="55.958976" lon="-2.985859">
				 <ele>10.6</ele>
			 </trkpt>
			 <trkpt lat="55.959105" lon="-2.985496">
				 <ele>10.5</ele>
			 </trkpt>
			 <trkpt lat="55.959222" lon="-2.985157">
				 <ele>10.3</ele>
			 </trkpt>
			 <trkpt lat="55.959283" lon="-2.984983">
				 <ele>10.1</ele>
			 </trkpt>
			 <trkpt lat="55.959409" lon="-2.984587">
				 <ele>9.9</ele>
			 </trkpt>
			 <trkpt lat="55.959485" lon="-2.984372">
				 <ele>9.7</ele>
			 </trkpt>
			 <trkpt lat="55.959528" lon="-2.984239">
				 <ele>9.6</ele>
			 </trkpt>
			 <trkpt lat="55.9596" lon="-2.984103">
				 <ele>9.5</ele>
			 </trkpt>
			 <trkpt lat="55.959628" lon="-2.98405">
				 <ele>9.5</ele>
			 </trkpt>
			 <trkpt lat="55.959722" lon="-2.983903">
				 <ele>9.5</ele>
			 </trkpt>
			 <trkpt lat="55.959958" lon="-2.983528">
				 <ele>9.5</ele>
			 </trkpt>
			 <trkpt lat="55.960054" lon="-2.98335">
				 <ele>9.5</ele>
			 </trkpt>
			 <trkpt lat="55.960087" lon="-2.983288">
				 <ele>9.6</ele>
			 </trkpt>
			 <trkpt lat="55.960264" lon="-2.9829">
				 <ele>9.7</ele>
			 </trkpt>
			 <trkpt lat="55.960347" lon="-2.982714">
				 <ele>9.8</ele>
			 </trkpt>
			 <trkpt lat="55.960475" lon="-2.982409">
				 <ele>9.9</ele>
			 </trkpt>
			 <trkpt lat="55.960657" lon="-2.981942">
				 <ele>10</ele>
			 </trkpt>
			 <trkpt lat="55.960757" lon="-2.981693">
				 <ele>10</ele>
			 </trkpt>
			 <trkpt lat="55.960932" lon="-2.981298">
				 <ele>10</ele>
			 </trkpt>
			 <trkpt lat="55.961011" lon="-2.981123">
				 <ele>10</ele>
			 </trkpt>
			 <trkpt lat="55.961097" lon="-2.980904">
				 <ele>10</ele>
			 </trkpt>
			 <trkpt lat="55.961218" lon="-2.980595">
				 <ele>9.9</ele>
			 </trkpt>
			 <trkpt lat="55.961427" lon="-2.980042">
				 <ele>9.8</ele>
			 </trkpt>
			 <trkpt lat="55.961613" lon="-2.979528">
				 <ele>9.7</ele>
			 </trkpt>
			 <trkpt lat="55.961726" lon="-2.979213">
				 <ele>9.5</ele>
			 </trkpt>
			 <trkpt lat="55.961799" lon="-2.979009">
				 <ele>9.4</ele>
			 </trkpt>
			 <trkpt lat="55.962013" lon="-2.978447">
				 <ele>9.2</ele>
			 </trkpt>
			 <trkpt lat="55.962055" lon="-2.978339">
				 <ele>8.9</ele>
			 </trkpt>
			 <trkpt lat="55.962301" lon="-2.977721">
				 <ele>8.6</ele>
			 </trkpt>
			 <trkpt lat="55.962432" lon="-2.977455">
				 <ele>8.4</ele>
			 </trkpt>
			 <trkpt lat="55.96246" lon="-2.977402">
				 <ele>8.1</ele>
			 </trkpt>
			 <trkpt lat="55.962798" lon="-2.976738">
				 <ele>7.7</ele>
			 </trkpt>
			 <trkpt lat="55.962905" lon="-2.97653">
				 <ele>7.5</ele>
			 </trkpt>
			 <trkpt lat="55.963146" lon="-2.976053">
				 <ele>7.4</ele>
			 </trkpt>
			 <trkpt lat="55.9632" lon="-2.97595">
				 <ele>7.2</ele>
			 </trkpt>
			 <trkpt lat="55.963314" lon="-2.975727">
				 <ele>7.1</ele>
			 </trkpt>
			 <trkpt lat="55.963406" lon="-2.975567">
				 <ele>7</ele>
			 </trkpt>
			 <trkpt lat="55.963426" lon="-2.975532">
				 <ele>6.9</ele>
			 </trkpt>
			 <trkpt lat="55.963554" lon="-2.975316">
				 <ele>6.8</ele>
			 </trkpt>
			 <trkpt lat="55.963869" lon="-2.974799">
				 <ele>6.7</ele>
			 </trkpt>
			 <trkpt lat="55.964068" lon="-2.974479">
				 <ele>6.6</ele>
			 </trkpt>
			 <trkpt lat="55.96553" lon="-2.972118">
				 <ele>6.5</ele>
			 </trkpt>
			 <trkpt lat="55.966371" lon="-2.970774">
				 <ele>6.5</ele>
			 </trkpt>
			 <trkpt lat="55.968001" lon="-2.968195">
				 <ele>6.5</ele>
			 </trkpt>
			 <trkpt lat="55.968307" lon="-2.967693">
				 <ele>6.5</ele>
			 </trkpt>
			 <trkpt lat="55.968409" lon="-2.96752">
				 <ele>6.5</ele>
			 </trkpt>
			 <trkpt lat="55.968525" lon="-2.967325">
				 <ele>6.5</ele>
			 </trkpt>
			 <trkpt lat="55.968638" lon="-2.967097">
				 <ele>6.5</ele>
			 </trkpt>
			 <trkpt lat="55.968695" lon="-2.96695">
				 <ele>6.6</ele>
			 </trkpt>
			 <trkpt lat="55.968728" lon="-2.966866">
				 <ele>6.8</ele>
			 </trkpt>
			 <trkpt lat="55.968763" lon="-2.966752">
				 <ele>7.1</ele>
			 </trkpt>
			 <trkpt lat="55.968837" lon="-2.966424">
				 <ele>7.4</ele>
			 </trkpt>
			 <trkpt lat="55.969002" lon="-2.965359">
				 <ele>7.6</ele>
			 </trkpt>
			 <trkpt lat="55.969036" lon="-2.965133">
				 <ele>8</ele>
			 </trkpt>
			 <trkpt lat="55.969143" lon="-2.964415">
				 <ele>8.4</ele>
			 </trkpt>
			 <trkpt lat="55.969162" lon="-2.96429">
				 <ele>8.6</ele>
			 </trkpt>
			 <trkpt lat="55.969221" lon="-2.963893">
				 <ele>8.9</ele>
			 </trkpt>
			 <trkpt lat="55.969252" lon="-2.963685">
				 <ele>9.2</ele>
			 </trkpt>
			 <trkpt lat="55.969309" lon="-2.963304">
				 <ele>9.4</ele>
			 </trkpt>
			 <trkpt lat="55.969339" lon="-2.963328">
				 <ele>9.5</ele>
			 </trkpt>
			 <trkpt lat="55.9694" lon="-2.963391">
				 <ele>9.7</ele>
			 </trkpt>
			 <trkpt lat="55.969612" lon="-2.963658">
				 <ele>9.8</ele>
			 </trkpt>
			 <trkpt lat="55.969895" lon="-2.964015">
				 <ele>10</ele>
			 </trkpt>
			 <trkpt lat="55.969924" lon="-2.964039">
				 <ele>10.2</ele>
			 </trkpt>
			 <trkpt lat="55.969951" lon="-2.964044">
				 <ele>10.3</ele>
			 </trkpt>
			 <trkpt lat="55.96998" lon="-2.964037">
				 <ele>10.4</ele>
			 </trkpt>
			 <trkpt lat="55.970005" lon="-2.964015">
				 <ele>10.5</ele>
			 </trkpt>
			 <trkpt lat="55.970049" lon="-2.963914">
				 <ele>10.5</ele>
			 </trkpt>
			 <trkpt lat="55.970115" lon="-2.963762">
				 <ele>10.6</ele>
			 </trkpt>
			 <trkpt lat="55.970169" lon="-2.963648">
				 <ele>10.7</ele>
			 </trkpt>
			 <trkpt lat="55.970208" lon="-2.963578">
				 <ele>10.7</ele>
			 </trkpt>
			 <trkpt lat="55.970262" lon="-2.963508">
				 <ele>10.7</ele>
			 </trkpt>
			 <trkpt lat="55.970322" lon="-2.963453">
				 <ele>10.7</ele>
			 </trkpt>
			 <trkpt lat="55.970387" lon="-2.963404">
				 <ele>10.5</ele>
			 </trkpt>
			 <trkpt lat="55.970451" lon="-2.963321">
				 <ele>10.4</ele>
			 </trkpt>
			 <trkpt lat="55.970574" lon="-2.963059">
				 <ele>10.2</ele>
			 </trkpt>
			 <trkpt lat="55.970676" lon="-2.96269">
				 <ele>10</ele>
			 </trkpt>
			 <trkpt lat="55.970709" lon="-2.962586">
				 <ele>9.7</ele>
			 </trkpt>
			 <trkpt lat="55.970877" lon="-2.962134">
				 <ele>9.5</ele>
			 </trkpt>
			 <trkpt lat="55.971022" lon="-2.961473">
				 <ele>9.2</ele>
			 </trkpt>
			 <trkpt lat="55.97107" lon="-2.961252">
				 <ele>8.9</ele>
			 </trkpt>
			 <trkpt lat="55.971138" lon="-2.960891">
				 <ele>8.7</ele>
			 </trkpt>
			 <trkpt lat="55.971293" lon="-2.960069">
				 <ele>8.5</ele>
			 </trkpt>
			 <trkpt lat="55.971343" lon="-2.959801">
				 <ele>8.2</ele>
			 </trkpt>
			 <trkpt lat="55.971455" lon="-2.959153">
				 <ele>8</ele>
			 </trkpt>
			 <trkpt lat="55.971526" lon="-2.958735">
				 <ele>7.8</ele>
			 </trkpt>
			 <trkpt lat="55.97161" lon="-2.958203">
				 <ele>7.6</ele>
			 </trkpt>
			 <trkpt lat="55.971809" lon="-2.956831">
				 <ele>7.5</ele>
			 </trkpt>
			 <trkpt lat="55.971882" lon="-2.956325">
				 <ele>7.5</ele>
			 </trkpt>
			 <trkpt lat="55.972008" lon="-2.955489">
				 <ele>7.5</ele>
			 </trkpt>
			 <trkpt lat="55.972058" lon="-2.955146">
				 <ele>7.5</ele>
			 </trkpt>
			 <trkpt lat="55.97207" lon="-2.955062">
				 <ele>7.5</ele>
			 </trkpt>
			 <trkpt lat="55.972083" lon="-2.954974">
				 <ele>7.5</ele>
			 </trkpt>
			 <trkpt lat="55.972209" lon="-2.954156">
				 <ele>7.7</ele>
			 </trkpt>
			 <trkpt lat="55.972238" lon="-2.95397">
				 <ele>7.9</ele>
			 </trkpt>
			 <trkpt lat="55.972238" lon="-2.953913">
				 <ele>8.1</ele>
			 </trkpt>
			 <trkpt lat="55.972173" lon="-2.953641">
				 <ele>8.3</ele>
			 </trkpt>
			 <trkpt lat="55.972104" lon="-2.953365">
				 <ele>8.5</ele>
			 </trkpt>
			 <trkpt lat="55.97208" lon="-2.953266">
				 <ele>8.6</ele>
			 </trkpt>
			 <trkpt lat="55.972048" lon="-2.953162">
				 <ele>8.6</ele>
			 </trkpt>
			 <trkpt lat="55.972109" lon="-2.953097">
				 <ele>8.6</ele>
			 </trkpt>
			 <trkpt lat="55.972139" lon="-2.95308">
				 <ele>8.6</ele>
			 </trkpt>
			 <trkpt lat="55.97217" lon="-2.953082">
				 <ele>8.5</ele>
			 </trkpt>
			 <trkpt lat="55.972231" lon="-2.953114">
				 <ele>8.4</ele>
			 </trkpt>
			 <trkpt lat="55.972277" lon="-2.953137">
				 <ele>8.2</ele>
			 </trkpt>
			 <trkpt lat="55.972416" lon="-2.953208">
				 <ele>7.9</ele>
			 </trkpt>
			 <trkpt lat="55.972473" lon="-2.953136">
				 <ele>7.6</ele>
			 </trkpt>
			 <trkpt lat="55.972575" lon="-2.952662">
				 <ele>7.4</ele>
			 </trkpt>
			 <trkpt lat="55.972624" lon="-2.95241">
				 <ele>7.1</ele>
			 </trkpt>
			 <trkpt lat="55.972641" lon="-2.952274">
				 <ele>6.7</ele>
			 </trkpt>
			 <trkpt lat="55.972666" lon="-2.952079">
				 <ele>6.5</ele>
			 </trkpt>
			 <trkpt lat="55.972693" lon="-2.951879">
				 <ele>6.1</ele>
			 </trkpt>
			 <trkpt lat="55.972808" lon="-2.951448">
				 <ele>5.7</ele>
			 </trkpt>
			 <trkpt lat="55.972929" lon="-2.951042">
				 <ele>5.4</ele>
			 </trkpt>
			 <trkpt lat="55.97299" lon="-2.950812">
				 <ele>5</ele>
			 </trkpt>
			 <trkpt lat="55.973044" lon="-2.950515">
				 <ele>4.5</ele>
			 </trkpt>
			 <trkpt lat="55.973057" lon="-2.95039">
				 <ele>4.2</ele>
			 </trkpt>
			 <trkpt lat="55.973063" lon="-2.950249">
				 <ele>3.8</ele>
			 </trkpt>
			 <trkpt lat="55.973065" lon="-2.950139">
				 <ele>3.4</ele>
			 </trkpt>
			 <trkpt lat="55.973068" lon="-2.949875">
				 <ele>2.9</ele>
			 </trkpt>
			 <trkpt lat="55.973056" lon="-2.949711">
				 <ele>2.5</ele>
			 </trkpt>
			 <trkpt lat="55.972975" lon="-2.949149">
				 <ele>2</ele>
			 </trkpt>
			 <trkpt lat="55.972918" lon="-2.948731">
				 <ele>1.6</ele>
			 </trkpt>
			 <trkpt lat="55.972886" lon="-2.948487">
				 <ele>1.3</ele>
			 </trkpt>
			 <trkpt lat="55.972718" lon="-2.947099">
				 <ele>1.1</ele>
			 </trkpt>
			 <trkpt lat="55.972646" lon="-2.946322">
				 <ele>0.9</ele>
			 </trkpt>
			 <trkpt lat="55.972558" lon="-2.945244">
				 <ele>0.9</ele>
			 </trkpt>
			 <trkpt lat="55.972486" lon="-2.943938">
				 <ele>0.9</ele>
			 </trkpt>
			 <trkpt lat="55.972438" lon="-2.942643">
				 <ele>1</ele>
			 </trkpt>
			 <trkpt lat="55.972432" lon="-2.941043">
				 <ele>1.2</ele>
			 </trkpt>
			 <trkpt lat="55.972364" lon="-2.940956">
				 <ele>1.4</ele>
			 </trkpt>
			 <trkpt lat="55.97226" lon="-2.940853">
				 <ele>1.7</ele>
			 </trkpt>
			 <trkpt lat="55.972156" lon="-2.940761">
				 <ele>2.1</ele>
			 </trkpt>
			 <trkpt lat="55.972095" lon="-2.940753">
				 <ele>2.5</ele>
			 </trkpt>
			 <trkpt lat="55.972035" lon="-2.940753">
				 <ele>2.9</ele>
			 </trkpt>
			 <trkpt lat="55.972013" lon="-2.93995">
				 <ele>3.2</ele>
			 </trkpt>
			 <trkpt lat="55.97199" lon="-2.939147">
				 <ele>3.5</ele>
			 </trkpt>
			 <trkpt lat="55.971983" lon="-2.938879">
				 <ele>3.6</ele>
			 </trkpt>
			 <trkpt lat="55.971981" lon="-2.938529">
				 <ele>3.8</ele>
			 </trkpt>
			 <trkpt lat="55.971992" lon="-2.938266">
				 <ele>3.9</ele>
			 </trkpt>
			 <trkpt lat="55.972038" lon="-2.937481">
				 <ele>4</ele>
			 </trkpt>
			 <trkpt lat="55.972065" lon="-2.937145">
				 <ele>4.1</ele>
			 </trkpt>
			 <trkpt lat="55.972183" lon="-2.935341">
				 <ele>4.2</ele>
			 </trkpt>
			 <trkpt lat="55.972214" lon="-2.934839">
				 <ele>4.3</ele>
			 </trkpt>
			 <trkpt lat="55.972345" lon="-2.932749">
				 <ele>4.4</ele>
			 </trkpt>
			 <trkpt lat="55.972377" lon="-2.932011">
				 <ele>4.5</ele>
			 </trkpt>
			 <trkpt lat="55.972406" lon="-2.931128">
				 <ele>4.6</ele>
			 </trkpt>
			 <trkpt lat="55.972421" lon="-2.9307">
				 <ele>4.9</ele>
			 </trkpt>
			 <trkpt lat="55.972472" lon="-2.929608">
				 <ele>5.2</ele>
			 </trkpt>
			 <trkpt lat="55.972516" lon="-2.928856">
				 <ele>5.5</ele>
			 </trkpt>
			 <trkpt lat="55.972583" lon="-2.927636">
				 <ele>5.7</ele>
			 </trkpt>
			 <trkpt lat="55.972697" lon="-2.925443">
				 <ele>6.1</ele>
			 </trkpt>
			 <trkpt lat="55.972706" lon="-2.925288">
				 <ele>6.5</ele>
			 </trkpt>
			 <trkpt lat="55.972724" lon="-2.924933">
				 <ele>6.7</ele>
			 </trkpt>
			 <trkpt lat="55.972732" lon="-2.924785">
				 <ele>7</ele>
			 </trkpt>
			 <trkpt lat="55.972785" lon="-2.923336">
				 <ele>7.3</ele>
			 </trkpt>
			 <trkpt lat="55.972824" lon="-2.9228">
				 <ele>7.5</ele>
			 </trkpt>
			 <trkpt lat="55.972878" lon="-2.922473">
				 <ele>7.6</ele>
			 </trkpt>
			 <trkpt lat="55.973274" lon="-2.920937">
				 <ele>7.7</ele>
			 </trkpt>
			 <trkpt lat="55.973348" lon="-2.9206">
				 <ele>7.8</ele>
			 </trkpt>
			 <trkpt lat="55.973825" lon="-2.917986">
				 <ele>7.9</ele>
			 </trkpt>
			 <trkpt lat="55.974005" lon="-2.917124">
				 <ele>8</ele>
			 </trkpt>
			 <trkpt lat="55.974071" lon="-2.916723">
				 <ele>8</ele>
			 </trkpt>
			 <trkpt lat="55.974151" lon="-2.916127">
				 <ele>8</ele>
			 </trkpt>
			 <trkpt lat="55.974228" lon="-2.914899">
				 <ele>8</ele>
			 </trkpt>
			 <trkpt lat="55.974253" lon="-2.914583">
				 <ele>8</ele>
			 </trkpt>
			 <trkpt lat="55.974283" lon="-2.914355">
				 <ele>8</ele>
			 </trkpt>
			 <trkpt lat="55.974324" lon="-2.914162">
				 <ele>8</ele>
			 </trkpt>
			 <trkpt lat="55.974385" lon="-2.913997">
				 <ele>8</ele>
			 </trkpt>
			 <trkpt lat="55.974439" lon="-2.913871">
				 <ele>8</ele>
			 </trkpt>
			 <trkpt lat="55.974542" lon="-2.913682">
				 <ele>8</ele>
			 </trkpt>
			 <trkpt lat="55.974566" lon="-2.913641">
				 <ele>8</ele>
			 </trkpt>
			 <trkpt lat="55.974767" lon="-2.91331">
				 <ele>8</ele>
			 </trkpt>
			 <trkpt lat="55.97511" lon="-2.912856">
				 <ele>8</ele>
			 </trkpt>
			 <trkpt lat="55.975254" lon="-2.912667">
				 <ele>8</ele>
			 </trkpt>
			 <trkpt lat="55.975398" lon="-2.912516">
				 <ele>8</ele>
			 </trkpt>
			 <trkpt lat="55.97579" lon="-2.912188">
				 <ele>8</ele>
			 </trkpt>
			 <trkpt lat="55.975937" lon="-2.912016">
				 <ele>8</ele>
			 </trkpt>
			 <trkpt lat="55.976101" lon="-2.911769">
				 <ele>8</ele>
			 </trkpt>
			 <trkpt lat="55.976576" lon="-2.910983">
				 <ele>8</ele>
			 </trkpt>
			 <trkpt lat="55.97686" lon="-2.91042">
				 <ele>8</ele>
			 </trkpt>
			 <trkpt lat="55.977337" lon="-2.909323">
				 <ele>7.9</ele>
			 </trkpt>
			 <trkpt lat="55.977431" lon="-2.909058">
				 <ele>7.8</ele>
			 </trkpt>
			 <trkpt lat="55.977567" lon="-2.908624">
				 <ele>7.7</ele>
			 </trkpt>
			 <trkpt lat="55.97768" lon="-2.908357">
				 <ele>7.6</ele>
			 </trkpt>
			 <trkpt lat="55.977844" lon="-2.908106">
				 <ele>7.5</ele>
			 </trkpt>
			 <trkpt lat="55.977982" lon="-2.907946">
				 <ele>7.5</ele>
			 </trkpt>
			 <trkpt lat="55.978115" lon="-2.907839">
				 <ele>7.3</ele>
			 </trkpt>
			 <trkpt lat="55.978423" lon="-2.907666">
				 <ele>7.1</ele>
			 </trkpt>
			 <trkpt lat="55.978561" lon="-2.90755">
				 <ele>6.9</ele>
			 </trkpt>
			 <trkpt lat="55.978726" lon="-2.907293">
				 <ele>6.7</ele>
			 </trkpt>
			 <trkpt lat="55.979223" lon="-2.906398">
				 <ele>6.5</ele>
			 </trkpt>
			 <trkpt lat="55.979258" lon="-2.906308">
				 <ele>6.5</ele>
			 </trkpt>
			 <trkpt lat="55.979306" lon="-2.90619">
				 <ele>6.4</ele>
			 </trkpt>
			 <trkpt lat="55.97939" lon="-2.905808">
				 <ele>6.3</ele>
			 </trkpt>
			 <trkpt lat="55.979454" lon="-2.905452">
				 <ele>6.2</ele>
			 </trkpt>
			 <trkpt lat="55.979515" lon="-2.904999">
				 <ele>6.1</ele>
			 </trkpt>
			 <trkpt lat="55.979541" lon="-2.904706">
				 <ele>6</ele>
			 </trkpt>
			 <trkpt lat="55.97956" lon="-2.904328">
				 <ele>6</ele>
			 </trkpt>
			 <trkpt lat="55.979567" lon="-2.903765">
				 <ele>6</ele>
			 </trkpt>
			 <trkpt lat="55.979582" lon="-2.903609">
				 <ele>6</ele>
			 </trkpt>
			 <trkpt lat="55.979622" lon="-2.903334">
				 <ele>6</ele>
			 </trkpt>
			 <trkpt lat="55.979657" lon="-2.903207">
				 <ele>6</ele>
			 </trkpt>
			 <trkpt lat="55.97971" lon="-2.90305">
				 <ele>6</ele>
			 </trkpt>
			 <trkpt lat="55.979748" lon="-2.902953">
				 <ele>6</ele>
			 </trkpt>
			 <trkpt lat="55.979771" lon="-2.902894">
				 <ele>6</ele>
			 </trkpt>
			 <trkpt lat="55.97985" lon="-2.902739">
				 <ele>6</ele>
			 </trkpt>
			 <trkpt lat="55.97995" lon="-2.902598">
				 <ele>6</ele>
			 </trkpt>
			 <trkpt lat="55.980193" lon="-2.902296">
				 <ele>6</ele>
			 </trkpt>
			 <trkpt lat="55.980366" lon="-2.902116">
				 <ele>6</ele>
			 </trkpt>
			 <trkpt lat="55.980489" lon="-2.90196">
				 <ele>6</ele>
			 </trkpt>
			 <trkpt lat="55.980628" lon="-2.901699">
				 <ele>6</ele>
			 </trkpt>
			 <trkpt lat="55.980806" lon="-2.901221">
				 <ele>6</ele>
			 </trkpt>
			 <trkpt lat="55.98102" lon="-2.900697">
				 <ele>6</ele>
			 </trkpt>
			 <trkpt lat="55.981225" lon="-2.900234">
				 <ele>6</ele>
			 </trkpt>
			 <trkpt lat="55.981377" lon="-2.899938">
				 <ele>6</ele>
			 </trkpt>
			 <trkpt lat="55.9815" lon="-2.899758">
				 <ele>6</ele>
			 </trkpt>
			 <trkpt lat="55.981655" lon="-2.899551">
				 <ele>6</ele>
			 </trkpt>
			 <trkpt lat="55.981891" lon="-2.899279">
				 <ele>6</ele>
			 </trkpt>
			 <trkpt lat="55.982072" lon="-2.89904">
				 <ele>6</ele>
			 </trkpt>
			 <trkpt lat="55.982193" lon="-2.898829">
				 <ele>6</ele>
			 </trkpt>
			 <trkpt lat="55.982679" lon="-2.89782">
				 <ele>6</ele>
			 </trkpt>
			 <trkpt lat="55.982991" lon="-2.897315">
				 <ele>6</ele>
			 </trkpt>
			 <trkpt lat="55.983036" lon="-2.89726">
				 <ele>6</ele>
			 </trkpt>
			 <trkpt lat="55.983159" lon="-2.89711">
				 <ele>6</ele>
			 </trkpt>
			 <trkpt lat="55.983411" lon="-2.896875">
				 <ele>6.1</ele>
			 </trkpt>
			 <trkpt lat="55.983445" lon="-2.896855">
				 <ele>6.2</ele>
			 </trkpt>
			 <trkpt lat="55.98355" lon="-2.896794">
				 <ele>6.4</ele>
			 </trkpt>
			 <trkpt lat="55.983785" lon="-2.896688">
				 <ele>6.5</ele>
			 </trkpt>
			 <trkpt lat="55.983869" lon="-2.896649">
				 <ele>6.7</ele>
			 </trkpt>
			 <trkpt lat="55.984966" lon="-2.896369">
				 <ele>7</ele>
			 </trkpt>
			 <trkpt lat="55.985187" lon="-2.896332">
				 <ele>7.3</ele>
			 </trkpt>
			 <trkpt lat="55.985624" lon="-2.896314">
				 <ele>7.5</ele>
			 </trkpt>
			 <trkpt lat="55.986631" lon="-2.896438">
				 <ele>7.8</ele>
			 </trkpt>
			 <trkpt lat="55.988195" lon="-2.896601">
				 <ele>8.1</ele>
			 </trkpt>
			 <trkpt lat="55.988349" lon="-2.896567">
				 <ele>8.4</ele>
			 </trkpt>
			 <trkpt lat="55.988627" lon="-2.896428">
				 <ele>8.5</ele>
			 </trkpt>
			 <trkpt lat="55.988689" lon="-2.896362">
				 <ele>8.7</ele>
			 </trkpt>
			 <trkpt lat="55.988759" lon="-2.896289">
				 <ele>8.8</ele>
			 </trkpt>
			 <trkpt lat="55.988859" lon="-2.896148">
				 <ele>8.8</ele>
			 </trkpt>
			 <trkpt lat="55.988943" lon="-2.895976">
				 <ele>8.8</ele>
			 </trkpt>
			 <trkpt lat="55.989033" lon="-2.895737">
				 <ele>8.7</ele>
			 </trkpt>
			 <trkpt lat="55.989762" lon="-2.892931">
				 <ele>8.6</ele>
			 </trkpt>
			 <trkpt lat="55.989962" lon="-2.892207">
				 <ele>8.5</ele>
			 </trkpt>
			 <trkpt lat="55.990044" lon="-2.891969">
				 <ele>8.5</ele>
			 </trkpt>
			 <trkpt lat="55.990469" lon="-2.891112">
				 <ele>8.4</ele>
			 </trkpt>
			 <trkpt lat="55.990541" lon="-2.890896">
				 <ele>8.3</ele>
			 </trkpt>
			 <trkpt lat="55.99095" lon="-2.889555">
				 <ele>8.2</ele>
			 </trkpt>
			 <trkpt lat="55.991043" lon="-2.889284">
				 <ele>8.1</ele>
			 </trkpt>
			 <trkpt lat="55.991132" lon="-2.889108">
				 <ele>8</ele>
			 </trkpt>
			 <trkpt lat="55.991205" lon="-2.888981">
				 <ele>7.9</ele>
			 </trkpt>
			 <trkpt lat="55.991386" lon="-2.888733">
				 <ele>7.8</ele>
			 </trkpt>
			 <trkpt lat="55.991745" lon="-2.888358">
				 <ele>7.7</ele>
			 </trkpt>
			 <trkpt lat="55.992645" lon="-2.887419">
				 <ele>7.6</ele>
			 </trkpt>
			 <trkpt lat="55.992859" lon="-2.887212">
				 <ele>7.5</ele>
			 </trkpt>
			 <trkpt lat="55.99303" lon="-2.887077">
				 <ele>7.5</ele>
			 </trkpt>
			 <trkpt lat="55.99318" lon="-2.886983">
				 <ele>7.3</ele>
			 </trkpt>
			 <trkpt lat="55.993886" lon="-2.886756">
				 <ele>7.1</ele>
			 </trkpt>
			 <trkpt lat="55.994027" lon="-2.886678">
				 <ele>6.9</ele>
			 </trkpt>
			 <trkpt lat="55.994309" lon="-2.886358">
				 <ele>6.7</ele>
			 </trkpt>
			 <trkpt lat="55.994666" lon="-2.886072">
				 <ele>6.5</ele>
			 </trkpt>
			 <trkpt lat="55.994991" lon="-2.885884">
				 <ele>6.5</ele>
			 </trkpt>
			 <trkpt lat="55.995578" lon="-2.885675">
				 <ele>6.5</ele>
			 </trkpt>
			 <trkpt lat="55.996066" lon="-2.885561">
				 <ele>6.5</ele>
			 </trkpt>
			 <trkpt lat="55.9965" lon="-2.885425">
				 <ele>6.5</ele>
			 </trkpt>
			 <trkpt lat="55.998087" lon="-2.884718">
				 <ele>6.7</ele>
			 </trkpt>
			 <trkpt lat="55.998296" lon="-2.884661">
				 <ele>7</ele>
			 </trkpt>
			 <trkpt lat="55.999275" lon="-2.884477">
				 <ele>7.5</ele>
			 </trkpt>
			 <trkpt lat="55.99927" lon="-2.884381">
				 <ele>7.9</ele>
			 </trkpt>
			 <trkpt lat="55.99829" lon="-2.88454">
				 <ele>8.5</ele>
			 </trkpt>
			 <trkpt lat="55.998272" lon="-2.883737">
				 <ele>9.1</ele>
			 </trkpt>
			 <trkpt lat="55.998269" lon="-2.883588">
				 <ele>9.8</ele>
			 </trkpt>
			 <trkpt lat="55.998518" lon="-2.882918">
				 <ele>10.5</ele>
			 </trkpt>
			 <trkpt lat="55.998633" lon="-2.882608">
				 <ele>11.2</ele>
			 </trkpt>
			 <trkpt lat="55.998946" lon="-2.882208">
				 <ele>11.8</ele>
			 </trkpt>
			 <trkpt lat="55.999121" lon="-2.881695">
				 <ele>12.3</ele>
			 </trkpt>
			 <trkpt lat="55.999141" lon="-2.881187">
				 <ele>12.6</ele>
			 </trkpt>
			 <trkpt lat="55.999093" lon="-2.880819">
				 <ele>12.8</ele>
			 </trkpt>
			 <trkpt lat="55.998949" lon="-2.880366">
				 <ele>12.8</ele>
			 </trkpt>
			 <trkpt lat="55.998885" lon="-2.880116">
				 <ele>12.8</ele>
			 </trkpt>
			 <trkpt lat="55.998814" lon="-2.879869">
				 <ele>12.6</ele>
			 </trkpt>
			 <trkpt lat="55.99859" lon="-2.880135">
				 <ele>12.4</ele>
			 </trkpt>
			 <trkpt lat="55.998471" lon="-2.880274">
				 <ele>12</ele>
			 </trkpt>
			 <trkpt lat="55.997847" lon="-2.88066">
				 <ele>11.6</ele>
			 </trkpt>
			 <trkpt lat="55.997403" lon="-2.880864">
				 <ele>11.4</ele>
			 </trkpt>
			 <trkpt lat="55.997246" lon="-2.880892">
				 <ele>11.2</ele>
			 </trkpt>
			 <trkpt lat="55.996869" lon="-2.880957">
				 <ele>11.2</ele>
			 </trkpt>
			 <trkpt lat="55.996614" lon="-2.880778">
				 <ele>11.3</ele>
			 </trkpt>
			 <trkpt lat="55.996544" lon="-2.880657">
				 <ele>11.5</ele>
			 </trkpt>
			 <trkpt lat="55.996299" lon="-2.880236">
				 <ele>11.8</ele>
			 </trkpt>
			 <trkpt lat="55.996149" lon="-2.879796">
				 <ele>12.3</ele>
			 </trkpt>
			 <trkpt lat="55.996056" lon="-2.87933">
				 <ele>12.8</ele>
			 </trkpt>
			 <trkpt lat="55.996066" lon="-2.879099">
				 <ele>13.4</ele>
			 </trkpt>
			 <trkpt lat="55.996102" lon="-2.878312">
				 <ele>13.9</ele>
			 </trkpt>
			 <trkpt lat="55.995206" lon="-2.877852">
				 <ele>14.4</ele>
			 </trkpt>
			 <trkpt lat="55.995141" lon="-2.877818">
				 <ele>14.7</ele>
			 </trkpt>
			 <trkpt lat="55.994883" lon="-2.877645">
				 <ele>14.9</ele>
			 </trkpt>
			 <trkpt lat="55.99446" lon="-2.877911">
				 <ele>15</ele>
			 </trkpt>
			 <trkpt lat="55.994302" lon="-2.878015">
				 <ele>14.9</ele>
			 </trkpt>
			 <trkpt lat="55.993939" lon="-2.878335">
				 <ele>14.8</ele>
			 </trkpt>
			 <trkpt lat="55.993485" lon="-2.878718">
				 <ele>14.6</ele>
			 </trkpt>
			 <trkpt lat="55.992915" lon="-2.879394">
				 <ele>14.3</ele>
			 </trkpt>
			 <trkpt lat="55.99224" lon="-2.880245">
				 <ele>13.9</ele>
			 </trkpt>
			 <trkpt lat="55.991073" lon="-2.881928">
				 <ele>13.5</ele>
			 </trkpt>
			 <trkpt lat="55.99079" lon="-2.882417">
				 <ele>13.2</ele>
			 </trkpt>
			 <trkpt lat="55.990494" lon="-2.882927">
				 <ele>12.9</ele>
			 </trkpt>
			 <trkpt lat="55.990359" lon="-2.88316">
				 <ele>12.6</ele>
			 </trkpt>
			 <trkpt lat="55.990313" lon="-2.88326">
				 <ele>12.5</ele>
			 </trkpt>
			 <trkpt lat="55.98995" lon="-2.884051">
				 <ele>12.3</ele>
			 </trkpt>
			 <trkpt lat="55.98965" lon="-2.884963">
				 <ele>12.1</ele>
			 </trkpt>
			 <trkpt lat="55.989509" lon="-2.885589">
				 <ele>11.9</ele>
			 </trkpt>
			 <trkpt lat="55.989445" lon="-2.885844">
				 <ele>11.7</ele>
			 </trkpt>
			 <trkpt lat="55.989384" lon="-2.886089">
				 <ele>11.6</ele>
			 </trkpt>
			 <trkpt lat="55.989398" lon="-2.886475">
				 <ele>11.5</ele>
			 </trkpt>
			 <trkpt lat="55.989428" lon="-2.886947">
				 <ele>11.5</ele>
			 </trkpt>
			 <trkpt lat="55.989572" lon="-2.887419">
				 <ele>11.5</ele>
			 </trkpt>
			 <trkpt lat="55.989782" lon="-2.88787">
				 <ele>11.5</ele>
			 </trkpt>
			 <trkpt lat="55.990051" lon="-2.888254">
				 <ele>11.5</ele>
			 </trkpt>
			 <trkpt lat="55.989945" lon="-2.889035">
				 <ele>11.5</ele>
			 </trkpt>
			 <trkpt lat="55.98984" lon="-2.889817">
				 <ele>11.5</ele>
			 </trkpt>
			 <trkpt lat="55.989734" lon="-2.890598">
				 <ele>11.6</ele>
			 </trkpt>
			 <trkpt lat="55.989629" lon="-2.89138">
				 <ele>11.7</ele>
			 </trkpt>
			 <trkpt lat="55.989523" lon="-2.892161">
				 <ele>11.8</ele>
			 </trkpt>
			 <trkpt lat="55.989417" lon="-2.892943">
				 <ele>11.9</ele>
			 </trkpt>
			 <trkpt lat="55.989312" lon="-2.893724">
				 <ele>11.9</ele>
			 </trkpt>
			 <trkpt lat="55.989206" lon="-2.894505">
				 <ele>11.7</ele>
			 </trkpt>
			 <trkpt lat="55.989101" lon="-2.895287">
				 <ele>11.5</ele>
			 </trkpt>
			 <trkpt lat="55.989047" lon="-2.895684">
				 <ele>11.3</ele>
			 </trkpt>
			 <trkpt lat="55.989033" lon="-2.895737">
				 <ele>11</ele>
			 </trkpt>
			 <trkpt lat="55.988943" lon="-2.895976">
				 <ele>10.6</ele>
			 </trkpt>
			 <trkpt lat="55.988859" lon="-2.896148">
				 <ele>10.3</ele>
			 </trkpt>
			 <trkpt lat="55.988759" lon="-2.896289">
				 <ele>9.9</ele>
			 </trkpt>
			 <trkpt lat="55.988627" lon="-2.896428">
				 <ele>9.5</ele>
			 </trkpt>
			 <trkpt lat="55.988349" lon="-2.896567">
				 <ele>9</ele>
			 </trkpt>
			 <trkpt lat="55.988195" lon="-2.896601">
				 <ele>8.5</ele>
			 </trkpt>
			 <trkpt lat="55.986631" lon="-2.896438">
				 <ele>8</ele>
			 </trkpt>
			 <trkpt lat="55.985624" lon="-2.896314">
				 <ele>7.6</ele>
			 </trkpt>
			 <trkpt lat="55.985187" lon="-2.896332">
				 <ele>7.3</ele>
			 </trkpt>
			 <trkpt lat="55.984966" lon="-2.896369">
				 <ele>7</ele>
			 </trkpt>
			 <trkpt lat="55.983869" lon="-2.896649">
				 <ele>6.7</ele>
			 </trkpt>
			 <trkpt lat="55.983785" lon="-2.896688">
				 <ele>6.5</ele>
			 </trkpt>
			 <trkpt lat="55.98355" lon="-2.896794">
				 <ele>6.4</ele>
			 </trkpt>
			 <trkpt lat="55.983411" lon="-2.896875">
				 <ele>6.2</ele>
			 </trkpt>
			 <trkpt lat="55.983222" lon="-2.897051">
				 <ele>6.1</ele>
			 </trkpt>
			 <trkpt lat="55.983159" lon="-2.89711">
				 <ele>6</ele>
			 </trkpt>
			 <trkpt lat="55.983036" lon="-2.89726">
				 <ele>6</ele>
			 </trkpt>
			 <trkpt lat="55.982991" lon="-2.897315">
				 <ele>6</ele>
			 </trkpt>
			 <trkpt lat="55.982679" lon="-2.89782">
				 <ele>6</ele>
			 </trkpt>
			 <trkpt lat="55.982193" lon="-2.898829">
				 <ele>6</ele>
			 </trkpt>
			 <trkpt lat="55.982072" lon="-2.89904">
				 <ele>6</ele>
			 </trkpt>
			 <trkpt lat="55.981891" lon="-2.899279">
				 <ele>6</ele>
			 </trkpt>
			 <trkpt lat="55.981655" lon="-2.899551">
				 <ele>6</ele>
			 </trkpt>
			 <trkpt lat="55.9815" lon="-2.899758">
				 <ele>6</ele>
			 </trkpt>
			 <trkpt lat="55.981377" lon="-2.899938">
				 <ele>6</ele>
			 </trkpt>
			 <trkpt lat="55.981225" lon="-2.900234">
				 <ele>6</ele>
			 </trkpt>
			 <trkpt lat="55.98102" lon="-2.900697">
				 <ele>6</ele>
			 </trkpt>
			 <trkpt lat="55.980806" lon="-2.901221">
				 <ele>6</ele>
			 </trkpt>
			 <trkpt lat="55.980628" lon="-2.901699">
				 <ele>6</ele>
			 </trkpt>
			 <trkpt lat="55.980489" lon="-2.90196">
				 <ele>6</ele>
			 </trkpt>
			 <trkpt lat="55.980366" lon="-2.902116">
				 <ele>6</ele>
			 </trkpt>
			 <trkpt lat="55.980193" lon="-2.902296">
				 <ele>6</ele>
			 </trkpt>
			 <trkpt lat="55.97995" lon="-2.902598">
				 <ele>6</ele>
			 </trkpt>
			 <trkpt lat="55.97985" lon="-2.902739">
				 <ele>6</ele>
			 </trkpt>
			 <trkpt lat="55.979771" lon="-2.902894">
				 <ele>6</ele>
			 </trkpt>
			 <trkpt lat="55.97971" lon="-2.90305">
				 <ele>6</ele>
			 </trkpt>
			 <trkpt lat="55.979686" lon="-2.90312">
				 <ele>6</ele>
			 </trkpt>
			 <trkpt lat="55.979657" lon="-2.903207">
				 <ele>6</ele>
			 </trkpt>
			 <trkpt lat="55.979622" lon="-2.903334">
				 <ele>6</ele>
			 </trkpt>
			 <trkpt lat="55.979582" lon="-2.903609">
				 <ele>6</ele>
			 </trkpt>
			 <trkpt lat="55.979567" lon="-2.903765">
				 <ele>6</ele>
			 </trkpt>
			 <trkpt lat="55.97956" lon="-2.904328">
				 <ele>6</ele>
			 </trkpt>
			 <trkpt lat="55.979541" lon="-2.904706">
				 <ele>6</ele>
			 </trkpt>
			 <trkpt lat="55.979515" lon="-2.904999">
				 <ele>6.1</ele>
			 </trkpt>
			 <trkpt lat="55.979454" lon="-2.905452">
				 <ele>6.2</ele>
			 </trkpt>
			 <trkpt lat="55.97939" lon="-2.905808">
				 <ele>6.3</ele>
			 </trkpt>
			 <trkpt lat="55.979306" lon="-2.90619">
				 <ele>6.4</ele>
			 </trkpt>
			 <trkpt lat="55.979223" lon="-2.906398">
				 <ele>6.5</ele>
			 </trkpt>
			 <trkpt lat="55.979166" lon="-2.9065">
				 <ele>6.5</ele>
			 </trkpt>
			 <trkpt lat="55.978726" lon="-2.907293">
				 <ele>6.7</ele>
			 </trkpt>
			 <trkpt lat="55.978561" lon="-2.90755">
				 <ele>6.9</ele>
			 </trkpt>
			 <trkpt lat="55.978423" lon="-2.907666">
				 <ele>7.1</ele>
			 </trkpt>
			 <trkpt lat="55.978115" lon="-2.907839">
				 <ele>7.3</ele>
			 </trkpt>
			 <trkpt lat="55.977982" lon="-2.907946">
				 <ele>7.5</ele>
			 </trkpt>
			 <trkpt lat="55.977844" lon="-2.908106">
				 <ele>7.5</ele>
			 </trkpt>
			 <trkpt lat="55.97768" lon="-2.908357">
				 <ele>7.6</ele>
			 </trkpt>
			 <trkpt lat="55.977567" lon="-2.908624">
				 <ele>7.7</ele>
			 </trkpt>
			 <trkpt lat="55.977431" lon="-2.909058">
				 <ele>7.8</ele>
			 </trkpt>
			 <trkpt lat="55.977337" lon="-2.909323">
				 <ele>7.9</ele>
			 </trkpt>
			 <trkpt lat="55.97686" lon="-2.91042">
				 <ele>8</ele>
			 </trkpt>
			 <trkpt lat="55.976576" lon="-2.910983">
				 <ele>8</ele>
			 </trkpt>
			 <trkpt lat="55.976101" lon="-2.911769">
				 <ele>8</ele>
			 </trkpt>
			 <trkpt lat="55.975937" lon="-2.912016">
				 <ele>8</ele>
			 </trkpt>
			 <trkpt lat="55.97579" lon="-2.912188">
				 <ele>8</ele>
			 </trkpt>
			 <trkpt lat="55.975398" lon="-2.912516">
				 <ele>8</ele>
			 </trkpt>
			 <trkpt lat="55.975254" lon="-2.912667">
				 <ele>8</ele>
			 </trkpt>
			 <trkpt lat="55.97511" lon="-2.912856">
				 <ele>8</ele>
			 </trkpt>
			 <trkpt lat="55.974767" lon="-2.91331">
				 <ele>8</ele>
			 </trkpt>
			 <trkpt lat="55.974542" lon="-2.913682">
				 <ele>8</ele>
			 </trkpt>
			 <trkpt lat="55.974487" lon="-2.913783">
				 <ele>8</ele>
			 </trkpt>
			 <trkpt lat="55.974439" lon="-2.913871">
				 <ele>8</ele>
			 </trkpt>
			 <trkpt lat="55.974385" lon="-2.913997">
				 <ele>8</ele>
			 </trkpt>
			 <trkpt lat="55.974324" lon="-2.914162">
				 <ele>8</ele>
			 </trkpt>
			 <trkpt lat="55.974283" lon="-2.914355">
				 <ele>8</ele>
			 </trkpt>
			 <trkpt lat="55.974253" lon="-2.914583">
				 <ele>8</ele>
			 </trkpt>
			 <trkpt lat="55.974228" lon="-2.914899">
				 <ele>8</ele>
			 </trkpt>
			 <trkpt lat="55.974151" lon="-2.916127">
				 <ele>8</ele>
			 </trkpt>
			 <trkpt lat="55.974071" lon="-2.916723">
				 <ele>8</ele>
			 </trkpt>
			 <trkpt lat="55.974005" lon="-2.917124">
				 <ele>8</ele>
			 </trkpt>
			 <trkpt lat="55.973825" lon="-2.917986">
				 <ele>8</ele>
			 </trkpt>
			 <trkpt lat="55.973348" lon="-2.9206">
				 <ele>7.9</ele>
			 </trkpt>
			 <trkpt lat="55.973274" lon="-2.920937">
				 <ele>7.8</ele>
			 </trkpt>
			 <trkpt lat="55.972878" lon="-2.922473">
				 <ele>7.7</ele>
			 </trkpt>
			 <trkpt lat="55.972826" lon="-2.922785">
				 <ele>7.6</ele>
			 </trkpt>
			 <trkpt lat="55.972785" lon="-2.923336">
				 <ele>7.5</ele>
			 </trkpt>
			 <trkpt lat="55.972773" lon="-2.923641">
				 <ele>7.3</ele>
			 </trkpt>
			 <trkpt lat="55.972732" lon="-2.924785">
				 <ele>7</ele>
			 </trkpt>
			 <trkpt lat="55.972724" lon="-2.924933">
				 <ele>6.7</ele>
			 </trkpt>
			 <trkpt lat="55.972706" lon="-2.925288">
				 <ele>6.5</ele>
			 </trkpt>
			 <trkpt lat="55.972697" lon="-2.925443">
				 <ele>6.1</ele>
			 </trkpt>
			 <trkpt lat="55.972583" lon="-2.927636">
				 <ele>5.7</ele>
			 </trkpt>
			 <trkpt lat="55.972516" lon="-2.928856">
				 <ele>5.5</ele>
			 </trkpt>
			 <trkpt lat="55.972472" lon="-2.929608">
				 <ele>5.2</ele>
			 </trkpt>
			 <trkpt lat="55.972421" lon="-2.9307">
				 <ele>4.9</ele>
			 </trkpt>
			 <trkpt lat="55.972406" lon="-2.931128">
				 <ele>4.6</ele>
			 </trkpt>
			 <trkpt lat="55.972377" lon="-2.932011">
				 <ele>4.5</ele>
			 </trkpt>
			 <trkpt lat="55.972345" lon="-2.932749">
				 <ele>4.3</ele>
			 </trkpt>
			 <trkpt lat="55.972214" lon="-2.934839">
				 <ele>4.3</ele>
			 </trkpt>
			 <trkpt lat="55.972183" lon="-2.935341">
				 <ele>4.3</ele>
			 </trkpt>
			 <trkpt lat="55.972065" lon="-2.937145">
				 <ele>4.3</ele>
			 </trkpt>
			 <trkpt lat="55.972038" lon="-2.937481">
				 <ele>4.4</ele>
			 </trkpt>
			 <trkpt lat="55.971992" lon="-2.938266">
				 <ele>4.5</ele>
			 </trkpt>
			 <trkpt lat="55.971981" lon="-2.938529">
				 <ele>4.5</ele>
			 </trkpt>
			 <trkpt lat="55.971984" lon="-2.93904">
				 <ele>4.6</ele>
			 </trkpt>
			 <trkpt lat="55.971995" lon="-2.939538">
				 <ele>4.8</ele>
			 </trkpt>
			 <trkpt lat="55.972029" lon="-2.940676">
				 <ele>5</ele>
			 </trkpt>
			 <trkpt lat="55.972033" lon="-2.940761">
				 <ele>5.2</ele>
			 </trkpt>
			 <trkpt lat="55.972065" lon="-2.941791">
				 <ele>5.4</ele>
			 </trkpt>
			 <trkpt lat="55.972153" lon="-2.944651">
				 <ele>5.5</ele>
			 </trkpt>
			 <trkpt lat="55.972159" lon="-2.944826">
				 <ele>5.7</ele>
			 </trkpt>
			 <trkpt lat="55.972239" lon="-2.947567">
				 <ele>6</ele>
			 </trkpt>
			 <trkpt lat="55.972251" lon="-2.948004">
				 <ele>6.3</ele>
			 </trkpt>
			 <trkpt lat="55.972251" lon="-2.948248">
				 <ele>6.5</ele>
			 </trkpt>
			 <trkpt lat="55.972249" lon="-2.948336">
				 <ele>6.9</ele>
			 </trkpt>
			 <trkpt lat="55.972224" lon="-2.948787">
				 <ele>7.3</ele>
			 </trkpt>
			 <trkpt lat="55.972181" lon="-2.949313">
				 <ele>7.5</ele>
			 </trkpt>
			 <trkpt lat="55.972121" lon="-2.949994">
				 <ele>7.8</ele>
			 </trkpt>
			 <trkpt lat="55.972099" lon="-2.950197">
				 <ele>8.2</ele>
			 </trkpt>
			 <trkpt lat="55.97208" lon="-2.950422">
				 <ele>8.5</ele>
			 </trkpt>
			 <trkpt lat="55.972076" lon="-2.950473">
				 <ele>8.8</ele>
			 </trkpt>
			 <trkpt lat="55.972057" lon="-2.950642">
				 <ele>9.1</ele>
			 </trkpt>
			 <trkpt lat="55.972043" lon="-2.950728">
				 <ele>9.3</ele>
			 </trkpt>
			 <trkpt lat="55.972031" lon="-2.950801">
				 <ele>9.5</ele>
			 </trkpt>
			 <trkpt lat="55.97198" lon="-2.951067">
				 <ele>9.6</ele>
			 </trkpt>
			 <trkpt lat="55.971925" lon="-2.951364">
				 <ele>9.7</ele>
			 </trkpt>
			 <trkpt lat="55.971897" lon="-2.951511">
				 <ele>9.8</ele>
			 </trkpt>
			 <trkpt lat="55.971803" lon="-2.952002">
				 <ele>9.9</ele>
			 </trkpt>
			 <trkpt lat="55.971784" lon="-2.952103">
				 <ele>10</ele>
			 </trkpt>
			 <trkpt lat="55.971766" lon="-2.952201">
				 <ele>10</ele>
			 </trkpt>
			 <trkpt lat="55.971636" lon="-2.952892">
				 <ele>10</ele>
			 </trkpt>
			 <trkpt lat="55.971529" lon="-2.95341">
				 <ele>10</ele>
			 </trkpt>
			 <trkpt lat="55.971277" lon="-2.954768">
				 <ele>10</ele>
			 </trkpt>
			 <trkpt lat="55.971168" lon="-2.955284">
				 <ele>10</ele>
			 </trkpt>
			 <trkpt lat="55.970842" lon="-2.9566">
				 <ele>10</ele>
			 </trkpt>
			 <trkpt lat="55.970689" lon="-2.957236">
				 <ele>10</ele>
			 </trkpt>
			 <trkpt lat="55.970606" lon="-2.957576">
				 <ele>10</ele>
			 </trkpt>
			 <trkpt lat="55.970586" lon="-2.95766">
				 <ele>10</ele>
			 </trkpt>
			 <trkpt lat="55.970523" lon="-2.957917">
				 <ele>10</ele>
			 </trkpt>
			 <trkpt lat="55.970482" lon="-2.95808">
				 <ele>10</ele>
			 </trkpt>
			 <trkpt lat="55.970431" lon="-2.958289">
				 <ele>10</ele>
			 </trkpt>
			 <trkpt lat="55.970386" lon="-2.958461">
				 <ele>10</ele>
			 </trkpt>
			 <trkpt lat="55.970239" lon="-2.959035">
				 <ele>10</ele>
			 </trkpt>
			 <trkpt lat="55.970155" lon="-2.959369">
				 <ele>10</ele>
			 </trkpt>
			 <trkpt lat="55.969819" lon="-2.96071">
				 <ele>10</ele>
			 </trkpt>
			 <trkpt lat="55.969781" lon="-2.960858">
				 <ele>10</ele>
			 </trkpt>
			 <trkpt lat="55.969729" lon="-2.961077">
				 <ele>10</ele>
			 </trkpt>
			 <trkpt lat="55.969712" lon="-2.961145">
				 <ele>10</ele>
			 </trkpt>
			 <trkpt lat="55.969504" lon="-2.961982">
				 <ele>9.9</ele>
			 </trkpt>
			 <trkpt lat="55.969407" lon="-2.962357">
				 <ele>9.8</ele>
			 </trkpt>
			 <trkpt lat="55.969373" lon="-2.962694">
				 <ele>9.7</ele>
			 </trkpt>
			 <trkpt lat="55.969318" lon="-2.963215">
				 <ele>9.5</ele>
			 </trkpt>
			 <trkpt lat="55.969309" lon="-2.963304">
				 <ele>9.4</ele>
			 </trkpt>
			 <trkpt lat="55.969252" lon="-2.963685">
				 <ele>9.2</ele>
			 </trkpt>
			 <trkpt lat="55.969221" lon="-2.963893">
				 <ele>8.9</ele>
			 </trkpt>
			 <trkpt lat="55.969162" lon="-2.96429">
				 <ele>8.6</ele>
			 </trkpt>
			 <trkpt lat="55.969143" lon="-2.964415">
				 <ele>8.4</ele>
			 </trkpt>
			 <trkpt lat="55.969036" lon="-2.965133">
				 <ele>8</ele>
			 </trkpt>
			 <trkpt lat="55.969002" lon="-2.965359">
				 <ele>7.6</ele>
			 </trkpt>
			 <trkpt lat="55.968837" lon="-2.966424">
				 <ele>7.4</ele>
			 </trkpt>
			 <trkpt lat="55.968805" lon="-2.966566">
				 <ele>7.1</ele>
			 </trkpt>
			 <trkpt lat="55.968763" lon="-2.966752">
				 <ele>6.8</ele>
			 </trkpt>
			 <trkpt lat="55.968728" lon="-2.966866">
				 <ele>6.6</ele>
			 </trkpt>
			 <trkpt lat="55.968638" lon="-2.967097">
				 <ele>6.5</ele>
			 </trkpt>
			 <trkpt lat="55.968525" lon="-2.967325">
				 <ele>6.5</ele>
			 </trkpt>
			 <trkpt lat="55.968409" lon="-2.96752">
				 <ele>6.5</ele>
			 </trkpt>
			 <trkpt lat="55.968307" lon="-2.967693">
				 <ele>6.5</ele>
			 </trkpt>
			 <trkpt lat="55.968001" lon="-2.968195">
				 <ele>6.5</ele>
			 </trkpt>
			 <trkpt lat="55.966371" lon="-2.970774">
				 <ele>6.5</ele>
			 </trkpt>
			 <trkpt lat="55.96553" lon="-2.972118">
				 <ele>6.5</ele>
			 </trkpt>
			 <trkpt lat="55.964068" lon="-2.974479">
				 <ele>6.6</ele>
			 </trkpt>
			 <trkpt lat="55.963869" lon="-2.974799">
				 <ele>6.7</ele>
			 </trkpt>
			 <trkpt lat="55.963554" lon="-2.975316">
				 <ele>6.8</ele>
			 </trkpt>
			 <trkpt lat="55.963426" lon="-2.975532">
				 <ele>6.9</ele>
			 </trkpt>
			 <trkpt lat="55.963406" lon="-2.975567">
				 <ele>7</ele>
			 </trkpt>
			 <trkpt lat="55.963314" lon="-2.975727">
				 <ele>7.1</ele>
			 </trkpt>
			 <trkpt lat="55.9632" lon="-2.97595">
				 <ele>7.2</ele>
			 </trkpt>
			 <trkpt lat="55.963146" lon="-2.976053">
				 <ele>7.3</ele>
			 </trkpt>
			 <trkpt lat="55.962905" lon="-2.97653">
				 <ele>7.5</ele>
			 </trkpt>
			 <trkpt lat="55.962798" lon="-2.976738">
				 <ele>7.6</ele>
			 </trkpt>
			 <trkpt lat="55.96246" lon="-2.977402">
				 <ele>7.9</ele>
			 </trkpt>
			 <trkpt lat="55.962432" lon="-2.977455">
				 <ele>8.1</ele>
			 </trkpt>
			 <trkpt lat="55.962402" lon="-2.977415">
				 <ele>8.3</ele>
			 </trkpt>
			 <trkpt lat="55.962423" lon="-2.977368">
				 <ele>8.5</ele>
			 </trkpt>
			 <trkpt lat="55.962402" lon="-2.977415">
				 <ele>8.8</ele>
			 </trkpt>
			 <trkpt lat="55.962432" lon="-2.977455">
				 <ele>9</ele>
			 </trkpt>
			 <trkpt lat="55.962301" lon="-2.977721">
				 <ele>9.2</ele>
			 </trkpt>
			 <trkpt lat="55.962055" lon="-2.978339">
				 <ele>9.4</ele>
			 </trkpt>
			 <trkpt lat="55.962013" lon="-2.978447">
				 <ele>9.5</ele>
			 </trkpt>
			 <trkpt lat="55.961799" lon="-2.979009">
				 <ele>9.6</ele>
			 </trkpt>
			 <trkpt lat="55.961726" lon="-2.979213">
				 <ele>9.7</ele>
			 </trkpt>
			 <trkpt lat="55.961613" lon="-2.979528">
				 <ele>9.8</ele>
			 </trkpt>
			 <trkpt lat="55.961427" lon="-2.980042">
				 <ele>9.9</ele>
			 </trkpt>
			 <trkpt lat="55.961218" lon="-2.980595">
				 <ele>10</ele>
			 </trkpt>
			 <trkpt lat="55.961097" lon="-2.980904">
				 <ele>10</ele>
			 </trkpt>
			 <trkpt lat="55.961011" lon="-2.981123">
				 <ele>10</ele>
			 </trkpt>
			 <trkpt lat="55.960932" lon="-2.981298">
				 <ele>10</ele>
			 </trkpt>
			 <trkpt lat="55.960757" lon="-2.981693">
				 <ele>10</ele>
			 </trkpt>
			 <trkpt lat="55.960657" lon="-2.981942">
				 <ele>10</ele>
			 </trkpt>
			 <trkpt lat="55.960475" lon="-2.982409">
				 <ele>9.9</ele>
			 </trkpt>
			 <trkpt lat="55.960347" lon="-2.982714">
				 <ele>9.8</ele>
			 </trkpt>
			 <trkpt lat="55.960264" lon="-2.9829">
				 <ele>9.7</ele>
			 </trkpt>
			 <trkpt lat="55.960087" lon="-2.983288">
				 <ele>9.6</ele>
			 </trkpt>
			 <trkpt lat="55.960054" lon="-2.98335">
				 <ele>9.5</ele>
			 </trkpt>
			 <trkpt lat="55.959958" lon="-2.983528">
				 <ele>9.5</ele>
			 </trkpt>
			 <trkpt lat="55.959722" lon="-2.983903">
				 <ele>9.5</ele>
			 </trkpt>
			 <trkpt lat="55.959628" lon="-2.98405">
				 <ele>9.5</ele>
			 </trkpt>
			 <trkpt lat="55.959554" lon="-2.98419">
				 <ele>9.5</ele>
			 </trkpt>
			 <trkpt lat="55.959528" lon="-2.984239">
				 <ele>9.6</ele>
			 </trkpt>
			 <trkpt lat="55.959485" lon="-2.984372">
				 <ele>9.7</ele>
			 </trkpt>
			 <trkpt lat="55.959409" lon="-2.984587">
				 <ele>9.9</ele>
			 </trkpt>
			 <trkpt lat="55.959283" lon="-2.984983">
				 <ele>10.1</ele>
			 </trkpt>
			 <trkpt lat="55.959222" lon="-2.985157">
				 <ele>10.3</ele>
			 </trkpt>
			 <trkpt lat="55.959105" lon="-2.985496">
				 <ele>10.5</ele>
			 </trkpt>
			 <trkpt lat="55.958976" lon="-2.985859">
				 <ele>10.6</ele>
			 </trkpt>
			 <trkpt lat="55.958939" lon="-2.985964">
				 <ele>10.7</ele>
			 </trkpt>
			 <trkpt lat="55.958752" lon="-2.98648">
				 <ele>10.7</ele>
			 </trkpt>
			 <trkpt lat="55.958667" lon="-2.986749">
				 <ele>10.7</ele>
			 </trkpt>
			 <trkpt lat="55.958607" lon="-2.986976">
				 <ele>10.7</ele>
			 </trkpt>
			 <trkpt lat="55.958542" lon="-2.987224">
				 <ele>10.6</ele>
			 </trkpt>
			 <trkpt lat="55.958358" lon="-2.987987">
				 <ele>10.5</ele>
			 </trkpt>
			 <trkpt lat="55.958245" lon="-2.988458">
				 <ele>10.5</ele>
			 </trkpt>
			 <trkpt lat="55.958086" lon="-2.989123">
				 <ele>10.4</ele>
			 </trkpt>
			 <trkpt lat="55.957956" lon="-2.989679">
				 <ele>10.3</ele>
			 </trkpt>
			 <trkpt lat="55.95786" lon="-2.990038">
				 <ele>10.2</ele>
			 </trkpt>
			 <trkpt lat="55.957795" lon="-2.990239">
				 <ele>10.1</ele>
			 </trkpt>
			 <trkpt lat="55.9577" lon="-2.990485">
				 <ele>10</ele>
			 </trkpt>
			 <trkpt lat="55.957623" lon="-2.990693">
				 <ele>10</ele>
			 </trkpt>
			 <trkpt lat="55.957324" lon="-2.991524">
				 <ele>10</ele>
			 </trkpt>
			 <trkpt lat="55.957236" lon="-2.991726">
				 <ele>10</ele>
			 </trkpt>
			 <trkpt lat="55.957097" lon="-2.992018">
				 <ele>9.9</ele>
			 </trkpt>
			 <trkpt lat="55.957016" lon="-2.992194">
				 <ele>9.8</ele>
			 </trkpt>
			 <trkpt lat="55.956947" lon="-2.992367">
				 <ele>9.7</ele>
			 </trkpt>
			 <trkpt lat="55.956885" lon="-2.992527">
				 <ele>9.5</ele>
			 </trkpt>
			 <trkpt lat="55.956774" lon="-2.992832">
				 <ele>9.4</ele>
			 </trkpt>
			 <trkpt lat="55.956699" lon="-2.993073">
				 <ele>9.2</ele>
			 </trkpt>
			 <trkpt lat="55.956633" lon="-2.993289">
				 <ele>8.9</ele>
			 </trkpt>
			 <trkpt lat="55.956589" lon="-2.993432">
				 <ele>8.6</ele>
			 </trkpt>
			 <trkpt lat="55.956348" lon="-2.994295">
				 <ele>8.3</ele>
			 </trkpt>
			 <trkpt lat="55.956042" lon="-2.995362">
				 <ele>7.9</ele>
			 </trkpt>
			 <trkpt lat="55.955958" lon="-2.995648">
				 <ele>7.5</ele>
			 </trkpt>
			 <trkpt lat="55.955905" lon="-2.995832">
				 <ele>7.3</ele>
			 </trkpt>
			 <trkpt lat="55.955854" lon="-2.99598">
				 <ele>7</ele>
			 </trkpt>
			 <trkpt lat="55.955726" lon="-2.996262">
				 <ele>6.7</ele>
			 </trkpt>
			 <trkpt lat="55.955546" lon="-2.996541">
				 <ele>6.6</ele>
			 </trkpt>
			 <trkpt lat="55.95513" lon="-2.99728">
				 <ele>6.5</ele>
			 </trkpt>
			 <trkpt lat="55.95501" lon="-2.997528">
				 <ele>6.5</ele>
			 </trkpt>
			 <trkpt lat="55.954821" lon="-2.997934">
				 <ele>6.5</ele>
			 </trkpt>
			 <trkpt lat="55.954705" lon="-2.998203">
				 <ele>6.6</ele>
			 </trkpt>
			 <trkpt lat="55.954563" lon="-2.998566">
				 <ele>6.8</ele>
			 </trkpt>
			 <trkpt lat="55.954416" lon="-2.998989">
				 <ele>7</ele>
			 </trkpt>
			 <trkpt lat="55.954263" lon="-2.999474">
				 <ele>7.2</ele>
			 </trkpt>
			 <trkpt lat="55.954151" lon="-2.99985">
				 <ele>7.4</ele>
			 </trkpt>
			 <trkpt lat="55.953857" lon="-3.000995">
				 <ele>7.5</ele>
			 </trkpt>
			 <trkpt lat="55.953702" lon="-3.001666">
				 <ele>7.7</ele>
			 </trkpt>
			 <trkpt lat="55.953573" lon="-3.002322">
				 <ele>7.7</ele>
			 </trkpt>
			 <trkpt lat="55.953393" lon="-3.003746">
				 <ele>7.7</ele>
			 </trkpt>
			 <trkpt lat="55.953273" lon="-3.004817">
				 <ele>7.7</ele>
			 </trkpt>
			 <trkpt lat="55.953213" lon="-3.005262">
				 <ele>7.5</ele>
			 </trkpt>
			 <trkpt lat="55.953125" lon="-3.005714">
				 <ele>7.4</ele>
			 </trkpt>
			 <trkpt lat="55.953086" lon="-3.005919">
				 <ele>7.2</ele>
			 </trkpt>
			 <trkpt lat="55.95299" lon="-3.006332">
				 <ele>7</ele>
			 </trkpt>
			 <trkpt lat="55.952884" lon="-3.006721">
				 <ele>6.9</ele>
			 </trkpt>
			 <trkpt lat="55.952466" lon="-3.008093">
				 <ele>6.8</ele>
			 </trkpt>
			 <trkpt lat="55.952209" lon="-3.008856">
				 <ele>6.7</ele>
			 </trkpt>
			 <trkpt lat="55.952069" lon="-3.009235">
				 <ele>6.6</ele>
			 </trkpt>
			 <trkpt lat="55.952022" lon="-3.009342">
				 <ele>6.7</ele>
			 </trkpt>
			 <trkpt lat="55.951911" lon="-3.009599">
				 <ele>6.8</ele>
			 </trkpt>
			 <trkpt lat="55.951847" lon="-3.009733">
				 <ele>7</ele>
			 </trkpt>
			 <trkpt lat="55.951753" lon="-3.009929">
				 <ele>7.3</ele>
			 </trkpt>
			 <trkpt lat="55.951534" lon="-3.010313">
				 <ele>7.5</ele>
			 </trkpt>
			 <trkpt lat="55.95132" lon="-3.010647">
				 <ele>7.9</ele>
			 </trkpt>
			 <trkpt lat="55.950457" lon="-3.011901">
				 <ele>8.3</ele>
			 </trkpt>
			 <trkpt lat="55.950324" lon="-3.012113">
				 <ele>8.5</ele>
			 </trkpt>
			 <trkpt lat="55.950043" lon="-3.012644">
				 <ele>8.8</ele>
			 </trkpt>
			 <trkpt lat="55.949908" lon="-3.012937">
				 <ele>9.2</ele>
			 </trkpt>
			 <trkpt lat="55.949742" lon="-3.013349">
				 <ele>9.5</ele>
			 </trkpt>
			 <trkpt lat="55.949609" lon="-3.013725">
				 <ele>9.8</ele>
			 </trkpt>
			 <trkpt lat="55.949397" lon="-3.01441">
				 <ele>10.2</ele>
			 </trkpt>
			 <trkpt lat="55.948802" lon="-3.016479">
				 <ele>10.5</ele>
			 </trkpt>
			 <trkpt lat="55.948309" lon="-3.018153">
				 <ele>10.7</ele>
			 </trkpt>
			 <trkpt lat="55.948281" lon="-3.018246">
				 <ele>11</ele>
			 </trkpt>
			 <trkpt lat="55.948257" lon="-3.018327">
				 <ele>11.2</ele>
			 </trkpt>
			 <trkpt lat="55.948071" lon="-3.01893">
				 <ele>11.4</ele>
			 </trkpt>
			 <trkpt lat="55.947976" lon="-3.019238">
				 <ele>11.5</ele>
			 </trkpt>
			 <trkpt lat="55.947872" lon="-3.019538">
				 <ele>11.5</ele>
			 </trkpt>
			 <trkpt lat="55.947769" lon="-3.019777">
				 <ele>11.5</ele>
			 </trkpt>
			 <trkpt lat="55.947684" lon="-3.019946">
				 <ele>11.5</ele>
			 </trkpt>
			 <trkpt lat="55.947579" lon="-3.020126">
				 <ele>11.5</ele>
			 </trkpt>
			 <trkpt lat="55.947219" lon="-3.02066">
				 <ele>11.2</ele>
			 </trkpt>
			 <trkpt lat="55.946849" lon="-3.021248">
				 <ele>10.9</ele>
			 </trkpt>
			 <trkpt lat="55.946698" lon="-3.021504">
				 <ele>10.6</ele>
			 </trkpt>
			 <trkpt lat="55.94659" lon="-3.021723">
				 <ele>10.3</ele>
			 </trkpt>
			 <trkpt lat="55.946087" lon="-3.022968">
				 <ele>9.9</ele>
			 </trkpt>
			 <trkpt lat="55.945971" lon="-3.023252">
				 <ele>9.5</ele>
			 </trkpt>
			 <trkpt lat="55.94583" lon="-3.023595">
				 <ele>9.3</ele>
			 </trkpt>
			 <trkpt lat="55.945687" lon="-3.023906">
				 <ele>9</ele>
			 </trkpt>
			 <trkpt lat="55.945524" lon="-3.02422">
				 <ele>8.7</ele>
			 </trkpt>
			 <trkpt lat="55.945309" lon="-3.024609">
				 <ele>8.5</ele>
			 </trkpt>
			 <trkpt lat="55.945085" lon="-3.024999">
				 <ele>8.2</ele>
			 </trkpt>
			 <trkpt lat="55.944742" lon="-3.025653">
				 <ele>8</ele>
			 </trkpt>
			 <trkpt lat="55.944682" lon="-3.02579">
				 <ele>7.8</ele>
			 </trkpt>
			 <trkpt lat="55.944638" lon="-3.025939">
				 <ele>7.6</ele>
			 </trkpt>
			 <trkpt lat="55.944572" lon="-3.026094">
				 <ele>7.5</ele>
			 </trkpt>
			 <trkpt lat="55.944526" lon="-3.026174">
				 <ele>7.5</ele>
			 </trkpt>
			 <trkpt lat="55.94447" lon="-3.02625">
				 <ele>7.3</ele>
			 </trkpt>
			 <trkpt lat="55.944423" lon="-3.026343">
				 <ele>7.1</ele>
			 </trkpt>
			 <trkpt lat="55.944406" lon="-3.026516">
				 <ele>6.9</ele>
			 </trkpt>
			 <trkpt lat="55.944396" lon="-3.026725">
				 <ele>6.7</ele>
			 </trkpt>
			 <trkpt lat="55.944403" lon="-3.026932">
				 <ele>6.5</ele>
			 </trkpt>
			 <trkpt lat="55.944483" lon="-3.027776">
				 <ele>6.5</ele>
			 </trkpt>
			 <trkpt lat="55.944554" lon="-3.028453">
				 <ele>6.4</ele>
			 </trkpt>
			 <trkpt lat="55.944653" lon="-3.029389">
				 <ele>6.3</ele>
			 </trkpt>
			 <trkpt lat="55.944776" lon="-3.030347">
				 <ele>6.1</ele>
			 </trkpt>
			 <trkpt lat="55.944853" lon="-3.030884">
				 <ele>6</ele>
			 </trkpt>
			 <trkpt lat="55.945015" lon="-3.031928">
				 <ele>5.9</ele>
			 </trkpt>
			 <trkpt lat="55.945092" lon="-3.032344">
				 <ele>5.9</ele>
			 </trkpt>
			 <trkpt lat="55.945168" lon="-3.032755">
				 <ele>5.9</ele>
			 </trkpt>
			 <trkpt lat="55.945268" lon="-3.033311">
				 <ele>5.9</ele>
			 </trkpt>
			 <trkpt lat="55.945367" lon="-3.033859">
				 <ele>5.8</ele>
			 </trkpt>
			 <trkpt lat="55.945479" lon="-3.034524">
				 <ele>5.7</ele>
			 </trkpt>
			 <trkpt lat="55.945573" lon="-3.035205">
				 <ele>5.7</ele>
			 </trkpt>
			 <trkpt lat="55.945606" lon="-3.035491">
				 <ele>5.7</ele>
			 </trkpt>
			 <trkpt lat="55.945651" lon="-3.035996">
				 <ele>5.7</ele>
			 </trkpt>
			 <trkpt lat="55.945678" lon="-3.036294">
				 <ele>5.9</ele>
			 </trkpt>
			 <trkpt lat="55.945699" lon="-3.036986">
				 <ele>6</ele>
			 </trkpt>
			 <trkpt lat="55.945712" lon="-3.037309">
				 <ele>6.1</ele>
			 </trkpt>
			 <trkpt lat="55.945734" lon="-3.038013">
				 <ele>6.1</ele>
			 </trkpt>
			 <trkpt lat="55.945731" lon="-3.03824">
				 <ele>6.2</ele>
			 </trkpt>
			 <trkpt lat="55.945715" lon="-3.038496">
				 <ele>6.3</ele>
			 </trkpt>
			 <trkpt lat="55.945676" lon="-3.039001">
				 <ele>6.5</ele>
			 </trkpt>
			 <trkpt lat="55.94546" lon="-3.04182">
				 <ele>6.7</ele>
			 </trkpt>
			 <trkpt lat="55.94543" lon="-3.04196">
				 <ele>6.8</ele>
			 </trkpt>
			 <trkpt lat="55.94511" lon="-3.04263">
				 <ele>6.9</ele>
			 </trkpt>
			 <trkpt lat="55.94506" lon="-3.04272">
				 <ele>7</ele>
			 </trkpt>
			 <trkpt lat="55.94476" lon="-3.04285">
				 <ele>7</ele>
			 </trkpt>
			 <trkpt lat="55.944043" lon="-3.041419">
				 <ele>7</ele>
			 </trkpt>
		 </trkseg>
	 </trk>
</gpx>