<?xml version="1.0" encoding="UTF-8"?>
 <gpx creator="Garmin Connect" version="1.1"
	 xsi:schemaLocation="http://www.topografix.com/GPX/1/1 http://www.topografix.com/GPX/11.xsd"
	 xmlns:ns3="http://www.garmin.com/xmlschemas/TrackPointExtension/v1"
	 xmlns="http://www.topografix.com/GPX/1/1"
	 xmlns:xsi="http://www.w3.org/2001/XMLSchema-instance" xmlns:ns2="http://www.garmin.com/xmlschemas/GpxExtensions/v3">
	 <metadata>
		<name>11th Eker I Run Marathon &amp; 15K - 42.195 km</name>
		 <link href="https://www.goandrace.com">
		 <text>Garmin Connect</text>
		 </link>
	 <time>2026-08-11T02:25:35</time>
	 </metadata>
	 <trk>
		 <name>11th Eker I Run Marathon &amp; 15K - 42.195 km</name>
		 <trkseg>
			 <trkpt lat="40.10911" lon="29.1422">
				 <ele>1792.5</ele>
			 </trkpt>
			 <trkpt lat="40.10878" lon="29.14213">
				 <ele>1793.4</ele>
			 </trkpt>
			 <trkpt lat="40.10832" lon="29.14212">
				 <ele>1793.1</ele>
			 </trkpt>
			 <trkpt lat="40.10776" lon="29.14199">
				 <ele>1792.1</ele>
			 </trkpt>
			 <trkpt lat="40.10752" lon="29.14195">
				 <ele>1790.4</ele>
			 </trkpt>
			 <trkpt lat="40.10736" lon="29.14189">
				 <ele>1789.1</ele>
			 </trkpt>
			 <trkpt lat="40.10716" lon="29.14176">
				 <ele>1787.9</ele>
			 </trkpt>
			 <trkpt lat="40.10658" lon="29.14135">
				 <ele>1787.2</ele>
			 </trkpt>
			 <trkpt lat="40.10633" lon="29.1412">
				 <ele>1786.5</ele>
			 </trkpt>
			 <trkpt lat="40.10573" lon="29.14103">
				 <ele>1785.7</ele>
			 </trkpt>
			 <trkpt lat="40.10519" lon="29.14092">
				 <ele>1784.7</ele>
			 </trkpt>
			 <trkpt lat="40.10479" lon="29.14081">
				 <ele>1783.3</ele>
			 </trkpt>
			 <trkpt lat="40.10464" lon="29.14071">
				 <ele>1781.3</ele>
			 </trkpt>
			 <trkpt lat="40.10453" lon="29.14057">
				 <ele>1780</ele>
			 </trkpt>
			 <trkpt lat="40.10445" lon="29.14041">
				 <ele>1779.3</ele>
			 </trkpt>
			 <trkpt lat="40.1044" lon="29.14019">
				 <ele>1780.5</ele>
			 </trkpt>
			 <trkpt lat="40.10439" lon="29.13997">
				 <ele>1781.8</ele>
			 </trkpt>
			 <trkpt lat="40.10443" lon="29.13978">
				 <ele>1783.7</ele>
			 </trkpt>
			 <trkpt lat="40.10449" lon="29.13961">
				 <ele>1785.7</ele>
			 </trkpt>
			 <trkpt lat="40.10465" lon="29.1394">
				 <ele>1788.6</ele>
			 </trkpt>
			 <trkpt lat="40.10566" lon="29.13867">
				 <ele>1792.1</ele>
			 </trkpt>
			 <trkpt lat="40.10579" lon="29.13859">
				 <ele>1795.8</ele>
			 </trkpt>
			 <trkpt lat="40.10652" lon="29.13805">
				 <ele>1799.8</ele>
			 </trkpt>
			 <trkpt lat="40.10664" lon="29.13793">
				 <ele>1804.2</ele>
			 </trkpt>
			 <trkpt lat="40.106819" lon="29.137564">
				 <ele>1808.6</ele>
			 </trkpt>
			 <trkpt lat="40.106968" lon="29.137228">
				 <ele>1813.4</ele>
			 </trkpt>
			 <trkpt lat="40.106974" lon="29.137091">
				 <ele>1816.9</ele>
			 </trkpt>
			 <trkpt lat="40.106981" lon="29.136765">
				 <ele>1820.4</ele>
			 </trkpt>
			 <trkpt lat="40.106912" lon="29.136388">
				 <ele>1822.5</ele>
			 </trkpt>
			 <trkpt lat="40.106899" lon="29.136199">
				 <ele>1824.6</ele>
			 </trkpt>
			 <trkpt lat="40.106773" lon="29.135503">
				 <ele>1826</ele>
			 </trkpt>
			 <trkpt lat="40.106725" lon="29.135174">
				 <ele>1827.1</ele>
			 </trkpt>
			 <trkpt lat="40.106714" lon="29.134892">
				 <ele>1828.1</ele>
			 </trkpt>
			 <trkpt lat="40.106727" lon="29.134569">
				 <ele>1828.1</ele>
			 </trkpt>
			 <trkpt lat="40.106727" lon="29.134224">
				 <ele>1827.7</ele>
			 </trkpt>
			 <trkpt lat="40.106725" lon="29.134153">
				 <ele>1827.5</ele>
			 </trkpt>
			 <trkpt lat="40.106714" lon="29.13349">
				 <ele>1827.6</ele>
			 </trkpt>
			 <trkpt lat="40.106737" lon="29.133387">
				 <ele>1828.2</ele>
			 </trkpt>
			 <trkpt lat="40.10683" lon="29.13325">
				 <ele>1828.5</ele>
			 </trkpt>
			 <trkpt lat="40.10691" lon="29.13312">
				 <ele>1828.4</ele>
			 </trkpt>
			 <trkpt lat="40.10713" lon="29.13287">
				 <ele>1828</ele>
			 </trkpt>
			 <trkpt lat="40.10801" lon="29.13228">
				 <ele>1827.5</ele>
			 </trkpt>
			 <trkpt lat="40.10838" lon="29.13208">
				 <ele>1828.4</ele>
			 </trkpt>
			 <trkpt lat="40.1086" lon="29.13191">
				 <ele>1829.8</ele>
			 </trkpt>
			 <trkpt lat="40.10874" lon="29.13173">
				 <ele>1832.2</ele>
			 </trkpt>
			 <trkpt lat="40.10886" lon="29.13153">
				 <ele>1834.8</ele>
			 </trkpt>
			 <trkpt lat="40.10891" lon="29.13133">
				 <ele>1837.6</ele>
			 </trkpt>
			 <trkpt lat="40.108835" lon="29.131075">
				 <ele>1839.9</ele>
			 </trkpt>
			 <trkpt lat="40.10893" lon="29.129422">
				 <ele>1842.3</ele>
			 </trkpt>
			 <trkpt lat="40.10891" lon="29.129121">
				 <ele>1844.9</ele>
			 </trkpt>
			 <trkpt lat="40.108811" lon="29.1287">
				 <ele>1848.2</ele>
			 </trkpt>
			 <trkpt lat="40.10828" lon="29.126791">
				 <ele>1851.9</ele>
			 </trkpt>
			 <trkpt lat="40.108142" lon="29.126435">
				 <ele>1855.7</ele>
			 </trkpt>
			 <trkpt lat="40.107706" lon="29.125973">
				 <ele>1857.9</ele>
			 </trkpt>
			 <trkpt lat="40.107138" lon="29.125172">
				 <ele>1859.5</ele>
			 </trkpt>
			 <trkpt lat="40.106664" lon="29.124788">
				 <ele>1860.6</ele>
			 </trkpt>
			 <trkpt lat="40.106447" lon="29.124611">
				 <ele>1861.6</ele>
			 </trkpt>
			 <trkpt lat="40.106307" lon="29.124394">
				 <ele>1862.3</ele>
			 </trkpt>
			 <trkpt lat="40.106233" lon="29.124138">
				 <ele>1863</ele>
			 </trkpt>
			 <trkpt lat="40.10625" lon="29.12377">
				 <ele>1863.4</ele>
			 </trkpt>
			 <trkpt lat="40.106303" lon="29.123473">
				 <ele>1863.6</ele>
			 </trkpt>
			 <trkpt lat="40.106425" lon="29.122793">
				 <ele>1863.5</ele>
			 </trkpt>
			 <trkpt lat="40.106464" lon="29.122476">
				 <ele>1863.1</ele>
			 </trkpt>
			 <trkpt lat="40.106481" lon="29.122349">
				 <ele>1862.2</ele>
			 </trkpt>
			 <trkpt lat="40.106551" lon="29.122025">
				 <ele>1860.8</ele>
			 </trkpt>
			 <trkpt lat="40.106697" lon="29.121766">
				 <ele>1859.4</ele>
			 </trkpt>
			 <trkpt lat="40.106892" lon="29.12161">
				 <ele>1857.9</ele>
			 </trkpt>
			 <trkpt lat="40.107141" lon="29.121532">
				 <ele>1856.4</ele>
			 </trkpt>
			 <trkpt lat="40.107723" lon="29.121487">
				 <ele>1854.6</ele>
			 </trkpt>
			 <trkpt lat="40.108427" lon="29.121473">
				 <ele>1853.2</ele>
			 </trkpt>
			 <trkpt lat="40.108578" lon="29.121436">
				 <ele>1851.6</ele>
			 </trkpt>
			 <trkpt lat="40.108845" lon="29.121299">
				 <ele>1850.2</ele>
			 </trkpt>
			 <trkpt lat="40.109054" lon="29.121119">
				 <ele>1848.5</ele>
			 </trkpt>
			 <trkpt lat="40.109307" lon="29.120806">
				 <ele>1846.7</ele>
			 </trkpt>
			 <trkpt lat="40.109539" lon="29.120347">
				 <ele>1845</ele>
			 </trkpt>
			 <trkpt lat="40.109751" lon="29.119987">
				 <ele>1843.7</ele>
			 </trkpt>
			 <trkpt lat="40.109923" lon="29.119826">
				 <ele>1842.5</ele>
			 </trkpt>
			 <trkpt lat="40.110135" lon="29.119787">
				 <ele>1841.4</ele>
			 </trkpt>
			 <trkpt lat="40.110304" lon="29.11986">
				 <ele>1840.3</ele>
			 </trkpt>
			 <trkpt lat="40.110549" lon="29.120014">
				 <ele>1839.1</ele>
			 </trkpt>
			 <trkpt lat="40.11074" lon="29.120083">
				 <ele>1837.4</ele>
			 </trkpt>
			 <trkpt lat="40.110927" lon="29.120108">
				 <ele>1835.5</ele>
			 </trkpt>
			 <trkpt lat="40.111304" lon="29.120144">
				 <ele>1833.4</ele>
			 </trkpt>
			 <trkpt lat="40.111455" lon="29.12009">
				 <ele>1831.1</ele>
			 </trkpt>
			 <trkpt lat="40.111849" lon="29.119978">
				 <ele>1829</ele>
			 </trkpt>
			 <trkpt lat="40.111895" lon="29.11997">
				 <ele>1827.1</ele>
			 </trkpt>
			 <trkpt lat="40.112215" lon="29.11992">
				 <ele>1825.3</ele>
			 </trkpt>
			 <trkpt lat="40.112527" lon="29.119927">
				 <ele>1823.4</ele>
			 </trkpt>
			 <trkpt lat="40.112892" lon="29.119946">
				 <ele>1821.8</ele>
			 </trkpt>
			 <trkpt lat="40.113196" lon="29.119873">
				 <ele>1820.5</ele>
			 </trkpt>
			 <trkpt lat="40.113415" lon="29.119785">
				 <ele>1819.5</ele>
			 </trkpt>
			 <trkpt lat="40.113587" lon="29.119692">
				 <ele>1818.8</ele>
			 </trkpt>
			 <trkpt lat="40.113756" lon="29.119543">
				 <ele>1818.2</ele>
			 </trkpt>
			 <trkpt lat="40.113863" lon="29.119317">
				 <ele>1817.9</ele>
			 </trkpt>
			 <trkpt lat="40.11399" lon="29.11881">
				 <ele>1817.9</ele>
			 </trkpt>
			 <trkpt lat="40.11408" lon="29.118483">
				 <ele>1817.8</ele>
			 </trkpt>
			 <trkpt lat="40.114269" lon="29.118246">
				 <ele>1817.9</ele>
			 </trkpt>
			 <trkpt lat="40.114396" lon="29.118168">
				 <ele>1817.3</ele>
			 </trkpt>
			 <trkpt lat="40.114497" lon="29.118121">
				 <ele>1816.5</ele>
			 </trkpt>
			 <trkpt lat="40.114589" lon="29.118122">
				 <ele>1815.5</ele>
			 </trkpt>
			 <trkpt lat="40.114627" lon="29.11814">
				 <ele>1814.4</ele>
			 </trkpt>
			 <trkpt lat="40.114744" lon="29.118197">
				 <ele>1813.1</ele>
			 </trkpt>
			 <trkpt lat="40.115183" lon="29.118624">
				 <ele>1811.9</ele>
			 </trkpt>
			 <trkpt lat="40.115428" lon="29.118823">
				 <ele>1810.6</ele>
			 </trkpt>
			 <trkpt lat="40.115502" lon="29.118883">
				 <ele>1809.3</ele>
			 </trkpt>
			 <trkpt lat="40.115646" lon="29.118955">
				 <ele>1807.8</ele>
			 </trkpt>
			 <trkpt lat="40.115731" lon="29.118967">
				 <ele>1806.5</ele>
			 </trkpt>
			 <trkpt lat="40.115887" lon="29.118954">
				 <ele>1805</ele>
			 </trkpt>
			 <trkpt lat="40.116029" lon="29.118922">
				 <ele>1804.2</ele>
			 </trkpt>
			 <trkpt lat="40.116188" lon="29.118918">
				 <ele>1803.4</ele>
			 </trkpt>
			 <trkpt lat="40.116477" lon="29.118938">
				 <ele>1802.4</ele>
			 </trkpt>
			 <trkpt lat="40.116737" lon="29.118982">
				 <ele>1801.4</ele>
			 </trkpt>
			 <trkpt lat="40.116874" lon="29.119032">
				 <ele>1800.4</ele>
			 </trkpt>
			 <trkpt lat="40.117181" lon="29.119259">
				 <ele>1799.2</ele>
			 </trkpt>
			 <trkpt lat="40.117649" lon="29.119478">
				 <ele>1798</ele>
			 </trkpt>
			 <trkpt lat="40.117885" lon="29.119538">
				 <ele>1796.8</ele>
			 </trkpt>
			 <trkpt lat="40.118088" lon="29.119532">
				 <ele>1795.7</ele>
			 </trkpt>
			 <trkpt lat="40.118238" lon="29.119471">
				 <ele>1794.6</ele>
			 </trkpt>
			 <trkpt lat="40.118404" lon="29.119385">
				 <ele>1793.5</ele>
			 </trkpt>
			 <trkpt lat="40.11843" lon="29.119372">
				 <ele>1792.6</ele>
			 </trkpt>
			 <trkpt lat="40.11858" lon="29.119254">
				 <ele>1791.9</ele>
			 </trkpt>
			 <trkpt lat="40.118657" lon="29.119095">
				 <ele>1791.3</ele>
			 </trkpt>
			 <trkpt lat="40.118724" lon="29.118868">
				 <ele>1790.8</ele>
			 </trkpt>
			 <trkpt lat="40.118757" lon="29.118577">
				 <ele>1790.5</ele>
			 </trkpt>
			 <trkpt lat="40.11873" lon="29.118285">
				 <ele>1790.2</ele>
			 </trkpt>
			 <trkpt lat="40.11852" lon="29.11759">
				 <ele>1789.2</ele>
			 </trkpt>
			 <trkpt lat="40.118396" lon="29.117341">
				 <ele>1788</ele>
			 </trkpt>
			 <trkpt lat="40.117917" lon="29.116717">
				 <ele>1786.8</ele>
			 </trkpt>
			 <trkpt lat="40.117717" lon="29.116393">
				 <ele>1785.1</ele>
			 </trkpt>
			 <trkpt lat="40.117699" lon="29.116152">
				 <ele>1782.9</ele>
			 </trkpt>
			 <trkpt lat="40.11768" lon="29.115506">
				 <ele>1780.5</ele>
			 </trkpt>
			 <trkpt lat="40.117663" lon="29.115403">
				 <ele>1778.4</ele>
			 </trkpt>
			 <trkpt lat="40.117631" lon="29.115208">
				 <ele>1776.2</ele>
			 </trkpt>
			 <trkpt lat="40.117424" lon="29.114389">
				 <ele>1773.9</ele>
			 </trkpt>
			 <trkpt lat="40.117057" lon="29.113771">
				 <ele>1771.7</ele>
			 </trkpt>
			 <trkpt lat="40.116883" lon="29.113612">
				 <ele>1769.7</ele>
			 </trkpt>
			 <trkpt lat="40.11686" lon="29.11359">
				 <ele>1768.3</ele>
			 </trkpt>
			 <trkpt lat="40.116756" lon="29.113518">
				 <ele>1766.5</ele>
			 </trkpt>
			 <trkpt lat="40.1166" lon="29.113478">
				 <ele>1764.4</ele>
			 </trkpt>
			 <trkpt lat="40.1163" lon="29.113508">
				 <ele>1762.5</ele>
			 </trkpt>
			 <trkpt lat="40.116148" lon="29.113451">
				 <ele>1761.2</ele>
			 </trkpt>
			 <trkpt lat="40.116029" lon="29.113358">
				 <ele>1759.9</ele>
			 </trkpt>
			 <trkpt lat="40.115902" lon="29.112964">
				 <ele>1758.5</ele>
			 </trkpt>
			 <trkpt lat="40.115796" lon="29.112663">
				 <ele>1757</ele>
			 </trkpt>
			 <trkpt lat="40.115685" lon="29.112483">
				 <ele>1755.4</ele>
			 </trkpt>
			 <trkpt lat="40.115248" lon="29.112218">
				 <ele>1753.5</ele>
			 </trkpt>
			 <trkpt lat="40.11499" lon="29.112063">
				 <ele>1752.4</ele>
			 </trkpt>
			 <trkpt lat="40.114796" lon="29.111962">
				 <ele>1751.4</ele>
			 </trkpt>
			 <trkpt lat="40.114624" lon="29.111905">
				 <ele>1750.9</ele>
			 </trkpt>
			 <trkpt lat="40.114464" lon="29.111871">
				 <ele>1750.9</ele>
			 </trkpt>
			 <trkpt lat="40.1143" lon="29.111914">
				 <ele>1751.2</ele>
			 </trkpt>
			 <trkpt lat="40.113722" lon="29.112236">
				 <ele>1751.5</ele>
			 </trkpt>
			 <trkpt lat="40.113595" lon="29.112234">
				 <ele>1752.5</ele>
			 </trkpt>
			 <trkpt lat="40.113443" lon="29.112197">
				 <ele>1753.6</ele>
			 </trkpt>
			 <trkpt lat="40.11257" lon="29.111502">
				 <ele>1755.2</ele>
			 </trkpt>
			 <trkpt lat="40.112412" lon="29.111424">
				 <ele>1756.5</ele>
			 </trkpt>
			 <trkpt lat="40.112257" lon="29.111406">
				 <ele>1757.9</ele>
			 </trkpt>
			 <trkpt lat="40.111877" lon="29.111482">
				 <ele>1758.3</ele>
			 </trkpt>
			 <trkpt lat="40.111692" lon="29.111504">
				 <ele>1758.6</ele>
			 </trkpt>
			 <trkpt lat="40.111511" lon="29.11142">
				 <ele>1759.4</ele>
			 </trkpt>
			 <trkpt lat="40.110647" lon="29.110309">
				 <ele>1760.1</ele>
			 </trkpt>
			 <trkpt lat="40.110627" lon="29.110283">
				 <ele>1760.4</ele>
			 </trkpt>
			 <trkpt lat="40.110436" lon="29.110091">
				 <ele>1760.7</ele>
			 </trkpt>
			 <trkpt lat="40.110165" lon="29.109984">
				 <ele>1760.7</ele>
			 </trkpt>
			 <trkpt lat="40.109649" lon="29.109948">
				 <ele>1760.6</ele>
			 </trkpt>
			 <trkpt lat="40.109452" lon="29.109897">
				 <ele>1760.3</ele>
			 </trkpt>
			 <trkpt lat="40.108953" lon="29.109536">
				 <ele>1760.1</ele>
			 </trkpt>
			 <trkpt lat="40.108583" lon="29.109235">
				 <ele>1759.6</ele>
			 </trkpt>
			 <trkpt lat="40.108545" lon="29.109162">
				 <ele>1758.8</ele>
			 </trkpt>
			 <trkpt lat="40.108501" lon="29.109076">
				 <ele>1757.8</ele>
			 </trkpt>
			 <trkpt lat="40.108444" lon="29.108853">
				 <ele>1756.4</ele>
			 </trkpt>
			 <trkpt lat="40.108467" lon="29.108652">
				 <ele>1754.9</ele>
			 </trkpt>
			 <trkpt lat="40.10852" lon="29.108438">
				 <ele>1753.9</ele>
			 </trkpt>
			 <trkpt lat="40.108642" lon="29.108191">
				 <ele>1752.5</ele>
			 </trkpt>
			 <trkpt lat="40.108645" lon="29.108012">
				 <ele>1750.5</ele>
			 </trkpt>
			 <trkpt lat="40.108631" lon="29.107837">
				 <ele>1748.4</ele>
			 </trkpt>
			 <trkpt lat="40.108411" lon="29.107345">
				 <ele>1744.5</ele>
			 </trkpt>
			 <trkpt lat="40.108363" lon="29.107238">
				 <ele>1740.5</ele>
			 </trkpt>
			 <trkpt lat="40.108218" lon="29.10689">
				 <ele>1736.1</ele>
			 </trkpt>
			 <trkpt lat="40.107943" lon="29.105534">
				 <ele>1732.1</ele>
			 </trkpt>
			 <trkpt lat="40.10793" lon="29.105246">
				 <ele>1727.7</ele>
			 </trkpt>
			 <trkpt lat="40.10807" lon="29.10508">
				 <ele>1723.4</ele>
			 </trkpt>
			 <trkpt lat="40.10816" lon="29.10498">
				 <ele>1718.9</ele>
			 </trkpt>
			 <trkpt lat="40.10845" lon="29.10476">
				 <ele>1714.6</ele>
			 </trkpt>
			 <trkpt lat="40.10864" lon="29.1047">
				 <ele>1711</ele>
			 </trkpt>
			 <trkpt lat="40.10896" lon="29.10453">
				 <ele>1707.9</ele>
			 </trkpt>
			 <trkpt lat="40.10926" lon="29.1044">
				 <ele>1704.8</ele>
			 </trkpt>
			 <trkpt lat="40.10955" lon="29.10441">
				 <ele>1704.2</ele>
			 </trkpt>
			 <trkpt lat="40.10985" lon="29.10439">
				 <ele>1703.7</ele>
			 </trkpt>
			 <trkpt lat="40.1102" lon="29.1044">
				 <ele>1703.7</ele>
			 </trkpt>
			 <trkpt lat="40.11041" lon="29.10435">
				 <ele>1703.7</ele>
			 </trkpt>
			 <trkpt lat="40.11059" lon="29.10425">
				 <ele>1704.1</ele>
			 </trkpt>
			 <trkpt lat="40.110719" lon="29.104106">
				 <ele>1704.3</ele>
			 </trkpt>
			 <trkpt lat="40.110866" lon="29.103915">
				 <ele>1704.5</ele>
			 </trkpt>
			 <trkpt lat="40.110933" lon="29.103757">
				 <ele>1704.5</ele>
			 </trkpt>
			 <trkpt lat="40.111031" lon="29.103443">
				 <ele>1704.1</ele>
			 </trkpt>
			 <trkpt lat="40.111074" lon="29.103112">
				 <ele>1703.4</ele>
			 </trkpt>
			 <trkpt lat="40.111064" lon="29.102947">
				 <ele>1702.5</ele>
			 </trkpt>
			 <trkpt lat="40.111031" lon="29.102335">
				 <ele>1701</ele>
			 </trkpt>
			 <trkpt lat="40.11105" lon="29.102241">
				 <ele>1699.5</ele>
			 </trkpt>
			 <trkpt lat="40.111104" lon="29.102183">
				 <ele>1697.7</ele>
			 </trkpt>
			 <trkpt lat="40.111169" lon="29.102152">
				 <ele>1696.2</ele>
			 </trkpt>
			 <trkpt lat="40.111232" lon="29.102244">
				 <ele>1694.5</ele>
			 </trkpt>
			 <trkpt lat="40.111327" lon="29.102985">
				 <ele>1693</ele>
			 </trkpt>
			 <trkpt lat="40.111503" lon="29.103596">
				 <ele>1691</ele>
			 </trkpt>
			 <trkpt lat="40.111587" lon="29.103804">
				 <ele>1689.5</ele>
			 </trkpt>
			 <trkpt lat="40.111641" lon="29.103938">
				 <ele>1688</ele>
			 </trkpt>
			 <trkpt lat="40.111774" lon="29.103976">
				 <ele>1686.5</ele>
			 </trkpt>
			 <trkpt lat="40.111903" lon="29.103882">
				 <ele>1685.2</ele>
			 </trkpt>
			 <trkpt lat="40.112039" lon="29.103478">
				 <ele>1683.5</ele>
			 </trkpt>
			 <trkpt lat="40.11211" lon="29.10332">
				 <ele>1682.1</ele>
			 </trkpt>
			 <trkpt lat="40.11208" lon="29.1032">
				 <ele>1681</ele>
			 </trkpt>
			 <trkpt lat="40.11196" lon="29.10286">
				 <ele>1679.7</ele>
			 </trkpt>
			 <trkpt lat="40.11184" lon="29.10238">
				 <ele>1678.7</ele>
			 </trkpt>
			 <trkpt lat="40.11176" lon="29.1017">
				 <ele>1677.2</ele>
			 </trkpt>
			 <trkpt lat="40.11173" lon="29.10157">
				 <ele>1675.8</ele>
			 </trkpt>
			 <trkpt lat="40.11172" lon="29.10145">
				 <ele>1673.5</ele>
			 </trkpt>
			 <trkpt lat="40.11175" lon="29.10117">
				 <ele>1670.7</ele>
			 </trkpt>
			 <trkpt lat="40.11175" lon="29.10091">
				 <ele>1668.1</ele>
			 </trkpt>
			 <trkpt lat="40.11168" lon="29.10052">
				 <ele>1665.5</ele>
			 </trkpt>
			 <trkpt lat="40.11156" lon="29.10029">
				 <ele>1663</ele>
			 </trkpt>
			 <trkpt lat="40.11126" lon="29.09985">
				 <ele>1659.5</ele>
			 </trkpt>
			 <trkpt lat="40.111127" lon="29.099685">
				 <ele>1655.9</ele>
			 </trkpt>
			 <trkpt lat="40.110899" lon="29.099529">
				 <ele>1652.4</ele>
			 </trkpt>
			 <trkpt lat="40.110498" lon="29.099294">
				 <ele>1649.1</ele>
			 </trkpt>
			 <trkpt lat="40.110011" lon="29.099066">
				 <ele>1646.7</ele>
			 </trkpt>
			 <trkpt lat="40.10962" lon="29.098732">
				 <ele>1644.6</ele>
			 </trkpt>
			 <trkpt lat="40.10914" lon="29.098323">
				 <ele>1643.1</ele>
			 </trkpt>
			 <trkpt lat="40.108849" lon="29.098215">
				 <ele>1641.8</ele>
			 </trkpt>
			 <trkpt lat="40.108129" lon="29.098241">
				 <ele>1639.8</ele>
			 </trkpt>
			 <trkpt lat="40.107945" lon="29.098121">
				 <ele>1637.6</ele>
			 </trkpt>
			 <trkpt lat="40.107847" lon="29.097885">
				 <ele>1635.4</ele>
			 </trkpt>
			 <trkpt lat="40.107855" lon="29.097735">
				 <ele>1634.1</ele>
			 </trkpt>
			 <trkpt lat="40.1079" lon="29.097611">
				 <ele>1632.8</ele>
			 </trkpt>
			 <trkpt lat="40.108328" lon="29.096738">
				 <ele>1631.6</ele>
			 </trkpt>
			 <trkpt lat="40.108627" lon="29.096397">
				 <ele>1630.2</ele>
			 </trkpt>
			 <trkpt lat="40.108812" lon="29.096061">
				 <ele>1628.3</ele>
			 </trkpt>
			 <trkpt lat="40.108904" lon="29.095769">
				 <ele>1626.4</ele>
			 </trkpt>
			 <trkpt lat="40.108982" lon="29.095598">
				 <ele>1623.5</ele>
			 </trkpt>
			 <trkpt lat="40.109068" lon="29.095503">
				 <ele>1620.9</ele>
			 </trkpt>
			 <trkpt lat="40.109196" lon="29.095383">
				 <ele>1618.9</ele>
			 </trkpt>
			 <trkpt lat="40.109301" lon="29.095403">
				 <ele>1617</ele>
			 </trkpt>
			 <trkpt lat="40.109458" lon="29.095435">
				 <ele>1615</ele>
			 </trkpt>
			 <trkpt lat="40.109969" lon="29.095637">
				 <ele>1612.4</ele>
			 </trkpt>
			 <trkpt lat="40.110461" lon="29.095832">
				 <ele>1609.5</ele>
			 </trkpt>
			 <trkpt lat="40.110691" lon="29.095876">
				 <ele>1606.6</ele>
			 </trkpt>
			 <trkpt lat="40.111288" lon="29.095868">
				 <ele>1603.3</ele>
			 </trkpt>
			 <trkpt lat="40.111652" lon="29.095889">
				 <ele>1600</ele>
			 </trkpt>
			 <trkpt lat="40.112573" lon="29.096084">
				 <ele>1596.5</ele>
			 </trkpt>
			 <trkpt lat="40.112782" lon="29.096161">
				 <ele>1593.7</ele>
			 </trkpt>
			 <trkpt lat="40.113127" lon="29.096131">
				 <ele>1590.8</ele>
			 </trkpt>
			 <trkpt lat="40.113608" lon="29.096112">
				 <ele>1588</ele>
			 </trkpt>
			 <trkpt lat="40.113827" lon="29.096195">
				 <ele>1585.3</ele>
			 </trkpt>
			 <trkpt lat="40.114024" lon="29.096284">
				 <ele>1582.7</ele>
			 </trkpt>
			 <trkpt lat="40.114213" lon="29.09628">
				 <ele>1580.7</ele>
			 </trkpt>
			 <trkpt lat="40.114343" lon="29.096219">
				 <ele>1578.8</ele>
			 </trkpt>
			 <trkpt lat="40.114441" lon="29.096125">
				 <ele>1577</ele>
			 </trkpt>
			 <trkpt lat="40.114468" lon="29.096067">
				 <ele>1575.5</ele>
			 </trkpt>
			 <trkpt lat="40.114529" lon="29.095942">
				 <ele>1573.8</ele>
			 </trkpt>
			 <trkpt lat="40.11458" lon="29.095787">
				 <ele>1572.3</ele>
			 </trkpt>
			 <trkpt lat="40.114553" lon="29.095571">
				 <ele>1570.9</ele>
			 </trkpt>
			 <trkpt lat="40.114432" lon="29.095138">
				 <ele>1569.5</ele>
			 </trkpt>
			 <trkpt lat="40.114383" lon="29.094875">
				 <ele>1568.1</ele>
			 </trkpt>
			 <trkpt lat="40.114396" lon="29.094439">
				 <ele>1566.7</ele>
			 </trkpt>
			 <trkpt lat="40.114295" lon="29.094236">
				 <ele>1564.8</ele>
			 </trkpt>
			 <trkpt lat="40.114072" lon="29.093895">
				 <ele>1562.8</ele>
			 </trkpt>
			 <trkpt lat="40.113913" lon="29.093505">
				 <ele>1560.8</ele>
			 </trkpt>
			 <trkpt lat="40.113732" lon="29.093056">
				 <ele>1558.5</ele>
			 </trkpt>
			 <trkpt lat="40.113641" lon="29.092731">
				 <ele>1556.1</ele>
			 </trkpt>
			 <trkpt lat="40.11361" lon="29.092306">
				 <ele>1554</ele>
			 </trkpt>
			 <trkpt lat="40.11355" lon="29.092164">
				 <ele>1551.8</ele>
			 </trkpt>
			 <trkpt lat="40.113432" lon="29.092019">
				 <ele>1549.4</ele>
			 </trkpt>
			 <trkpt lat="40.112985" lon="29.09156">
				 <ele>1546.7</ele>
			 </trkpt>
			 <trkpt lat="40.112853" lon="29.091387">
				 <ele>1543.4</ele>
			 </trkpt>
			 <trkpt lat="40.112788" lon="29.091263">
				 <ele>1540.2</ele>
			 </trkpt>
			 <trkpt lat="40.112797" lon="29.091153">
				 <ele>1537.5</ele>
			 </trkpt>
			 <trkpt lat="40.112935" lon="29.09107">
				 <ele>1535</ele>
			 </trkpt>
			 <trkpt lat="40.113232" lon="29.090999">
				 <ele>1532.4</ele>
			 </trkpt>
			 <trkpt lat="40.11329" lon="29.090992">
				 <ele>1529.8</ele>
			 </trkpt>
			 <trkpt lat="40.114151" lon="29.090899">
				 <ele>1527.2</ele>
			 </trkpt>
			 <trkpt lat="40.114275" lon="29.090854">
				 <ele>1524.5</ele>
			 </trkpt>
			 <trkpt lat="40.114383" lon="29.090727">
				 <ele>1521.7</ele>
			 </trkpt>
			 <trkpt lat="40.11446" lon="29.090505">
				 <ele>1519.2</ele>
			 </trkpt>
			 <trkpt lat="40.114545" lon="29.089904">
				 <ele>1517.1</ele>
			 </trkpt>
			 <trkpt lat="40.114585" lon="29.089558">
				 <ele>1515.8</ele>
			 </trkpt>
			 <trkpt lat="40.11456" lon="29.089404">
				 <ele>1514.8</ele>
			 </trkpt>
			 <trkpt lat="40.11452" lon="29.08914">
				 <ele>1513.7</ele>
			 </trkpt>
			 <trkpt lat="40.11445" lon="29.08893">
				 <ele>1512.4</ele>
			 </trkpt>
			 <trkpt lat="40.11429" lon="29.08863">
				 <ele>1511.1</ele>
			 </trkpt>
			 <trkpt lat="40.11411" lon="29.08843">
				 <ele>1510.2</ele>
			 </trkpt>
			 <trkpt lat="40.11359" lon="29.088">
				 <ele>1509.3</ele>
			 </trkpt>
			 <trkpt lat="40.11347" lon="29.08793">
				 <ele>1508.4</ele>
			 </trkpt>
			 <trkpt lat="40.11309" lon="29.08767">
				 <ele>1507.7</ele>
			 </trkpt>
			 <trkpt lat="40.11305" lon="29.08755">
				 <ele>1507</ele>
			 </trkpt>
			 <trkpt lat="40.112999" lon="29.087434">
				 <ele>1506.2</ele>
			 </trkpt>
			 <trkpt lat="40.11301" lon="29.087358">
				 <ele>1505.2</ele>
			 </trkpt>
			 <trkpt lat="40.113131" lon="29.087235">
				 <ele>1503.7</ele>
			 </trkpt>
			 <trkpt lat="40.113258" lon="29.087202">
				 <ele>1502.1</ele>
			 </trkpt>
			 <trkpt lat="40.113504" lon="29.087146">
				 <ele>1500.7</ele>
			 </trkpt>
			 <trkpt lat="40.113853" lon="29.087117">
				 <ele>1499</ele>
			 </trkpt>
			 <trkpt lat="40.114094" lon="29.087082">
				 <ele>1497.3</ele>
			 </trkpt>
			 <trkpt lat="40.114277" lon="29.086938">
				 <ele>1494.3</ele>
			 </trkpt>
			 <trkpt lat="40.114568" lon="29.086662">
				 <ele>1491.3</ele>
			 </trkpt>
			 <trkpt lat="40.114979" lon="29.08632">
				 <ele>1488.2</ele>
			 </trkpt>
			 <trkpt lat="40.115036" lon="29.086243">
				 <ele>1485</ele>
			 </trkpt>
			 <trkpt lat="40.115458" lon="29.085684">
				 <ele>1481.7</ele>
			 </trkpt>
			 <trkpt lat="40.116803" lon="29.084173">
				 <ele>1478.4</ele>
			 </trkpt>
			 <trkpt lat="40.116879" lon="29.084013">
				 <ele>1475.2</ele>
			 </trkpt>
			 <trkpt lat="40.116924" lon="29.083857">
				 <ele>1472.1</ele>
			 </trkpt>
			 <trkpt lat="40.116947" lon="29.083684">
				 <ele>1469</ele>
			 </trkpt>
			 <trkpt lat="40.116887" lon="29.083431">
				 <ele>1466.4</ele>
			 </trkpt>
			 <trkpt lat="40.11674" lon="29.083208">
				 <ele>1463.8</ele>
			 </trkpt>
			 <trkpt lat="40.116702" lon="29.083149">
				 <ele>1462.7</ele>
			 </trkpt>
			 <trkpt lat="40.116542" lon="29.083009">
				 <ele>1461.7</ele>
			 </trkpt>
			 <trkpt lat="40.116356" lon="29.08292">
				 <ele>1460.8</ele>
			 </trkpt>
			 <trkpt lat="40.11605" lon="29.082942">
				 <ele>1459.4</ele>
			 </trkpt>
			 <trkpt lat="40.115853" lon="29.083005">
				 <ele>1457.8</ele>
			 </trkpt>
			 <trkpt lat="40.115224" lon="29.083278">
				 <ele>1456.4</ele>
			 </trkpt>
			 <trkpt lat="40.115063" lon="29.083298">
				 <ele>1454.9</ele>
			 </trkpt>
			 <trkpt lat="40.114908" lon="29.083225">
				 <ele>1453.5</ele>
			 </trkpt>
			 <trkpt lat="40.114249" lon="29.082643">
				 <ele>1451.8</ele>
			 </trkpt>
			 <trkpt lat="40.114024" lon="29.082404">
				 <ele>1449.9</ele>
			 </trkpt>
			 <trkpt lat="40.113907" lon="29.082281">
				 <ele>1447.7</ele>
			 </trkpt>
			 <trkpt lat="40.11377" lon="29.082109">
				 <ele>1445.3</ele>
			 </trkpt>
			 <trkpt lat="40.113738" lon="29.081796">
				 <ele>1442.5</ele>
			 </trkpt>
			 <trkpt lat="40.113732" lon="29.081366">
				 <ele>1439.9</ele>
			 </trkpt>
			 <trkpt lat="40.113682" lon="29.080887">
				 <ele>1437.8</ele>
			 </trkpt>
			 <trkpt lat="40.11363" lon="29.080374">
				 <ele>1435.7</ele>
			 </trkpt>
			 <trkpt lat="40.11366" lon="29.079861">
				 <ele>1433.5</ele>
			 </trkpt>
			 <trkpt lat="40.113704" lon="29.079659">
				 <ele>1430.6</ele>
			 </trkpt>
			 <trkpt lat="40.113742" lon="29.079492">
				 <ele>1427.4</ele>
			 </trkpt>
			 <trkpt lat="40.113696" lon="29.079167">
				 <ele>1424.4</ele>
			 </trkpt>
			 <trkpt lat="40.113586" lon="29.078833">
				 <ele>1421.5</ele>
			 </trkpt>
			 <trkpt lat="40.113372" lon="29.078447">
				 <ele>1418.6</ele>
			 </trkpt>
			 <trkpt lat="40.11304" lon="29.077891">
				 <ele>1416.2</ele>
			 </trkpt>
			 <trkpt lat="40.112719" lon="29.077548">
				 <ele>1414.1</ele>
			 </trkpt>
			 <trkpt lat="40.112687" lon="29.077514">
				 <ele>1411.8</ele>
			 </trkpt>
			 <trkpt lat="40.112516" lon="29.077343">
				 <ele>1409.5</ele>
			 </trkpt>
			 <trkpt lat="40.112356" lon="29.077253">
				 <ele>1407.4</ele>
			 </trkpt>
			 <trkpt lat="40.111915" lon="29.077247">
				 <ele>1405.3</ele>
			 </trkpt>
			 <trkpt lat="40.11148" lon="29.0772">
				 <ele>1403.6</ele>
			 </trkpt>
			 <trkpt lat="40.111123" lon="29.077071">
				 <ele>1402.6</ele>
			 </trkpt>
			 <trkpt lat="40.110932" lon="29.076922">
				 <ele>1401.5</ele>
			 </trkpt>
			 <trkpt lat="40.110821" lon="29.076732">
				 <ele>1400.5</ele>
			 </trkpt>
			 <trkpt lat="40.11074" lon="29.076614">
				 <ele>1399.7</ele>
			 </trkpt>
			 <trkpt lat="40.110703" lon="29.076587">
				 <ele>1398.6</ele>
			 </trkpt>
			 <trkpt lat="40.110575" lon="29.076491">
				 <ele>1397.3</ele>
			 </trkpt>
			 <trkpt lat="40.110301" lon="29.076381">
				 <ele>1396</ele>
			 </trkpt>
			 <trkpt lat="40.109977" lon="29.07643">
				 <ele>1394.8</ele>
			 </trkpt>
			 <trkpt lat="40.109777" lon="29.076593">
				 <ele>1393</ele>
			 </trkpt>
			 <trkpt lat="40.109627" lon="29.076602">
				 <ele>1390.4</ele>
			 </trkpt>
			 <trkpt lat="40.10961" lon="29.076467">
				 <ele>1387.4</ele>
			 </trkpt>
			 <trkpt lat="40.109718" lon="29.076278">
				 <ele>1384.3</ele>
			 </trkpt>
			 <trkpt lat="40.109929" lon="29.076027">
				 <ele>1381.4</ele>
			 </trkpt>
			 <trkpt lat="40.110705" lon="29.075462">
				 <ele>1378.3</ele>
			 </trkpt>
			 <trkpt lat="40.111201" lon="29.075132">
				 <ele>1375</ele>
			 </trkpt>
			 <trkpt lat="40.111512" lon="29.074997">
				 <ele>1371.9</ele>
			 </trkpt>
			 <trkpt lat="40.111675" lon="29.074842">
				 <ele>1369.1</ele>
			 </trkpt>
			 <trkpt lat="40.111781" lon="29.074676">
				 <ele>1366.3</ele>
			 </trkpt>
			 <trkpt lat="40.111893" lon="29.074382">
				 <ele>1363.5</ele>
			 </trkpt>
			 <trkpt lat="40.112187" lon="29.073719">
				 <ele>1361.9</ele>
			 </trkpt>
			 <trkpt lat="40.112287" lon="29.073306">
				 <ele>1361.1</ele>
			 </trkpt>
			 <trkpt lat="40.112455" lon="29.072477">
				 <ele>1360.7</ele>
			 </trkpt>
			 <trkpt lat="40.11214" lon="29.073407">
				 <ele>1360.5</ele>
			 </trkpt>
			 <trkpt lat="40.112061" lon="29.073644">
				 <ele>1360</ele>
			 </trkpt>
			 <trkpt lat="40.111893" lon="29.074382">
				 <ele>1359.5</ele>
			 </trkpt>
			 <trkpt lat="40.112187" lon="29.073719">
				 <ele>1359.5</ele>
			 </trkpt>
			 <trkpt lat="40.112287" lon="29.073306">
				 <ele>1359.5</ele>
			 </trkpt>
			 <trkpt lat="40.112455" lon="29.072477">
				 <ele>1359.5</ele>
			 </trkpt>
			 <trkpt lat="40.112753" lon="29.071509">
				 <ele>1359.4</ele>
			 </trkpt>
			 <trkpt lat="40.112859" lon="29.071332">
				 <ele>1359.1</ele>
			 </trkpt>
			 <trkpt lat="40.113159" lon="29.071059">
				 <ele>1358.4</ele>
			 </trkpt>
			 <trkpt lat="40.113388" lon="29.070871">
				 <ele>1357.8</ele>
			 </trkpt>
			 <trkpt lat="40.113635" lon="29.070442">
				 <ele>1356.8</ele>
			 </trkpt>
			 <trkpt lat="40.11368" lon="29.07027">
				 <ele>1355.6</ele>
			 </trkpt>
			 <trkpt lat="40.113708" lon="29.070125">
				 <ele>1354.5</ele>
			 </trkpt>
			 <trkpt lat="40.113684" lon="29.069959">
				 <ele>1353.4</ele>
			 </trkpt>
			 <trkpt lat="40.113622" lon="29.069761">
				 <ele>1351.9</ele>
			 </trkpt>
			 <trkpt lat="40.113405" lon="29.069246">
				 <ele>1350.2</ele>
			 </trkpt>
			 <trkpt lat="40.113352" lon="29.069063">
				 <ele>1348.5</ele>
			 </trkpt>
			 <trkpt lat="40.113286" lon="29.06857">
				 <ele>1346.8</ele>
			 </trkpt>
			 <trkpt lat="40.113302" lon="29.068328">
				 <ele>1345.2</ele>
			 </trkpt>
			 <trkpt lat="40.11336" lon="29.068055">
				 <ele>1343.5</ele>
			 </trkpt>
			 <trkpt lat="40.113512" lon="29.067642">
				 <ele>1341.4</ele>
			 </trkpt>
			 <trkpt lat="40.113803" lon="29.067076">
				 <ele>1339.8</ele>
			 </trkpt>
			 <trkpt lat="40.114085" lon="29.066475">
				 <ele>1338.3</ele>
			 </trkpt>
			 <trkpt lat="40.114177" lon="29.066218">
				 <ele>1336.5</ele>
			 </trkpt>
			 <trkpt lat="40.114203" lon="29.06596">
				 <ele>1334.5</ele>
			 </trkpt>
			 <trkpt lat="40.114181" lon="29.06533">
				 <ele>1332.2</ele>
			 </trkpt>
			 <trkpt lat="40.114361" lon="29.064201">
				 <ele>1329.9</ele>
			 </trkpt>
			 <trkpt lat="40.114394" lon="29.063711">
				 <ele>1327.5</ele>
			 </trkpt>
			 <trkpt lat="40.114335" lon="29.062956">
				 <ele>1324.9</ele>
			 </trkpt>
			 <trkpt lat="40.114335" lon="29.062578">
				 <ele>1322</ele>
			 </trkpt>
			 <trkpt lat="40.114471" lon="29.061834">
				 <ele>1319.2</ele>
			 </trkpt>
			 <trkpt lat="40.11461" lon="29.061085">
				 <ele>1316.5</ele>
			 </trkpt>
			 <trkpt lat="40.114663" lon="29.060776">
				 <ele>1313.5</ele>
			 </trkpt>
			 <trkpt lat="40.114781" lon="29.060544">
				 <ele>1310.5</ele>
			 </trkpt>
			 <trkpt lat="40.115109" lon="29.060115">
				 <ele>1307.6</ele>
			 </trkpt>
			 <trkpt lat="40.115182" lon="29.059901">
				 <ele>1304.6</ele>
			 </trkpt>
			 <trkpt lat="40.115195" lon="29.059574">
				 <ele>1302.3</ele>
			 </trkpt>
			 <trkpt lat="40.115182" lon="29.059214">
				 <ele>1299.9</ele>
			 </trkpt>
			 <trkpt lat="40.115116" lon="29.058999">
				 <ele>1297.8</ele>
			 </trkpt>
			 <trkpt lat="40.114958" lon="29.058656">
				 <ele>1295.9</ele>
			 </trkpt>
			 <trkpt lat="40.114899" lon="29.058356">
				 <ele>1294.1</ele>
			 </trkpt>
			 <trkpt lat="40.114933" lon="29.057975">
				 <ele>1292.3</ele>
			 </trkpt>
			 <trkpt lat="40.114939" lon="29.057909">
				 <ele>1290.4</ele>
			 </trkpt>
			 <trkpt lat="40.115057" lon="29.05748">
				 <ele>1288.5</ele>
			 </trkpt>
			 <trkpt lat="40.115241" lon="29.057085">
				 <ele>1286.5</ele>
			 </trkpt>
			 <trkpt lat="40.115529" lon="29.056759">
				 <ele>1284.5</ele>
			 </trkpt>
			 <trkpt lat="40.11572" lon="29.056613">
				 <ele>1282.1</ele>
			 </trkpt>
			 <trkpt lat="40.115935" lon="29.056377">
				 <ele>1279.6</ele>
			 </trkpt>
			 <trkpt lat="40.116073" lon="29.056096">
				 <ele>1277</ele>
			 </trkpt>
			 <trkpt lat="40.116059" lon="29.055618">
				 <ele>1274.2</ele>
			 </trkpt>
			 <trkpt lat="40.116002" lon="29.055334">
				 <ele>1271.5</ele>
			 </trkpt>
			 <trkpt lat="40.115943" lon="29.054837">
				 <ele>1268.7</ele>
			 </trkpt>
			 <trkpt lat="40.115969" lon="29.054613">
				 <ele>1266.3</ele>
			 </trkpt>
			 <trkpt lat="40.116074" lon="29.054244">
				 <ele>1264</ele>
			 </trkpt>
			 <trkpt lat="40.116183" lon="29.054039">
				 <ele>1261.6</ele>
			 </trkpt>
			 <trkpt lat="40.116225" lon="29.053961">
				 <ele>1259.6</ele>
			 </trkpt>
			 <trkpt lat="40.116652" lon="29.053472">
				 <ele>1257.8</ele>
			 </trkpt>
			 <trkpt lat="40.117026" lon="29.053171">
				 <ele>1256.4</ele>
			 </trkpt>
			 <trkpt lat="40.117216" lon="29.052923">
				 <ele>1254.8</ele>
			 </trkpt>
			 <trkpt lat="40.117403" lon="29.052558">
				 <ele>1253.4</ele>
			 </trkpt>
			 <trkpt lat="40.117485" lon="29.052399">
				 <ele>1251.5</ele>
			 </trkpt>
			 <trkpt lat="40.117499" lon="29.052262">
				 <ele>1249.5</ele>
			 </trkpt>
			 <trkpt lat="40.117459" lon="29.052193">
				 <ele>1248</ele>
			 </trkpt>
			 <trkpt lat="40.117374" lon="29.052133">
				 <ele>1246.3</ele>
			 </trkpt>
			 <trkpt lat="40.117262" lon="29.052124">
				 <ele>1244.5</ele>
			 </trkpt>
			 <trkpt lat="40.116545" lon="29.052297">
				 <ele>1243.1</ele>
			 </trkpt>
			 <trkpt lat="40.116304" lon="29.052356">
				 <ele>1241.6</ele>
			 </trkpt>
			 <trkpt lat="40.116146" lon="29.052356">
				 <ele>1240.1</ele>
			 </trkpt>
			 <trkpt lat="40.116035" lon="29.052296">
				 <ele>1238.6</ele>
			 </trkpt>
			 <trkpt lat="40.11593" lon="29.052184">
				 <ele>1237.3</ele>
			 </trkpt>
			 <trkpt lat="40.115884" lon="29.052013">
				 <ele>1235.8</ele>
			 </trkpt>
			 <trkpt lat="40.115877" lon="29.051764">
				 <ele>1235</ele>
			 </trkpt>
			 <trkpt lat="40.116028" lon="29.051189">
				 <ele>1233.8</ele>
			 </trkpt>
			 <trkpt lat="40.116094" lon="29.050845">
				 <ele>1232.5</ele>
			 </trkpt>
			 <trkpt lat="40.116094" lon="29.050339">
				 <ele>1231.2</ele>
			 </trkpt>
			 <trkpt lat="40.116112" lon="29.050168">
				 <ele>1229.9</ele>
			 </trkpt>
			 <trkpt lat="40.116166" lon="29.049678">
				 <ele>1228.5</ele>
			 </trkpt>
			 <trkpt lat="40.116251" lon="29.049206">
				 <ele>1226.8</ele>
			 </trkpt>
			 <trkpt lat="40.116266" lon="29.049173">
				 <ele>1225</ele>
			 </trkpt>
			 <trkpt lat="40.116409" lon="29.048863">
				 <ele>1222.9</ele>
			 </trkpt>
			 <trkpt lat="40.116632" lon="29.048562">
				 <ele>1220.8</ele>
			 </trkpt>
			 <trkpt lat="40.116816" lon="29.048331">
				 <ele>1218.7</ele>
			 </trkpt>
			 <trkpt lat="40.117111" lon="29.048142">
				 <ele>1216.5</ele>
			 </trkpt>
			 <trkpt lat="40.11765" lon="29.047841">
				 <ele>1214.4</ele>
			 </trkpt>
			 <trkpt lat="40.118004" lon="29.047592">
				 <ele>1212.2</ele>
			 </trkpt>
			 <trkpt lat="40.118096" lon="29.047489">
				 <ele>1209.8</ele>
			 </trkpt>
			 <trkpt lat="40.118129" lon="29.047395">
				 <ele>1207.4</ele>
			 </trkpt>
			 <trkpt lat="40.118135" lon="29.047266">
				 <ele>1205</ele>
			 </trkpt>
			 <trkpt lat="40.118096" lon="29.047138">
				 <ele>1202.9</ele>
			 </trkpt>
			 <trkpt lat="40.117997" lon="29.047043">
				 <ele>1201.1</ele>
			 </trkpt>
			 <trkpt lat="40.117833" lon="29.046974">
				 <ele>1199.4</ele>
			 </trkpt>
			 <trkpt lat="40.11759" lon="29.046983">
				 <ele>1197.4</ele>
			 </trkpt>
			 <trkpt lat="40.117097" lon="29.047181">
				 <ele>1195.3</ele>
			 </trkpt>
			 <trkpt lat="40.116737" lon="29.047326">
				 <ele>1192.4</ele>
			 </trkpt>
			 <trkpt lat="40.116626" lon="29.047326">
				 <ele>1189.7</ele>
			 </trkpt>
			 <trkpt lat="40.116527" lon="29.047232">
				 <ele>1187.2</ele>
			 </trkpt>
			 <trkpt lat="40.116468" lon="29.047069">
				 <ele>1184.2</ele>
			 </trkpt>
			 <trkpt lat="40.116471" lon="29.046985">
				 <ele>1181.5</ele>
			 </trkpt>
			 <trkpt lat="40.11644" lon="29.04687">
				 <ele>1178.5</ele>
			 </trkpt>
			 <trkpt lat="40.11653" lon="29.04674">
				 <ele>1175.5</ele>
			 </trkpt>
			 <trkpt lat="40.11682" lon="29.04627">
				 <ele>1172.5</ele>
			 </trkpt>
			 <trkpt lat="40.11752" lon="29.04531">
				 <ele>1169.5</ele>
			 </trkpt>
			 <trkpt lat="40.11773" lon="29.04511">
				 <ele>1166.5</ele>
			 </trkpt>
			 <trkpt lat="40.11806" lon="29.04488">
				 <ele>1163.7</ele>
			 </trkpt>
			 <trkpt lat="40.11828" lon="29.04463">
				 <ele>1161.8</ele>
			 </trkpt>
			 <trkpt lat="40.11844" lon="29.04443">
				 <ele>1159.5</ele>
			 </trkpt>
			 <trkpt lat="40.11866" lon="29.04397">
				 <ele>1156.8</ele>
			 </trkpt>
			 <trkpt lat="40.1188" lon="29.04362">
				 <ele>1154.3</ele>
			 </trkpt>
			 <trkpt lat="40.11894" lon="29.04332">
				 <ele>1152</ele>
			 </trkpt>
			 <trkpt lat="40.11909" lon="29.04291">
				 <ele>1150.1</ele>
			 </trkpt>
			 <trkpt lat="40.11924" lon="29.04261">
				 <ele>1148.1</ele>
			 </trkpt>
			 <trkpt lat="40.11955" lon="29.04217">
				 <ele>1146.3</ele>
			 </trkpt>
			 <trkpt lat="40.11992" lon="29.04173">
				 <ele>1144.8</ele>
			 </trkpt>
			 <trkpt lat="40.120124" lon="29.041526">
				 <ele>1143.2</ele>
			 </trkpt>
			 <trkpt lat="40.120201" lon="29.041477">
				 <ele>1141.5</ele>
			 </trkpt>
			 <trkpt lat="40.120413" lon="29.041457">
				 <ele>1139.6</ele>
			 </trkpt>
			 <trkpt lat="40.12065" lon="29.041469">
				 <ele>1138</ele>
			 </trkpt>
			 <trkpt lat="40.120723" lon="29.041473">
				 <ele>1136.6</ele>
			 </trkpt>
			 <trkpt lat="40.121277" lon="29.041591">
				 <ele>1135.3</ele>
			 </trkpt>
			 <trkpt lat="40.121916" lon="29.041868">
				 <ele>1133.5</ele>
			 </trkpt>
			 <trkpt lat="40.122207" lon="29.04194">
				 <ele>1131.6</ele>
			 </trkpt>
			 <trkpt lat="40.122484" lon="29.04197">
				 <ele>1129.6</ele>
			 </trkpt>
			 <trkpt lat="40.122744" lon="29.041959">
				 <ele>1127.5</ele>
			 </trkpt>
			 <trkpt lat="40.123429" lon="29.041847">
				 <ele>1125.2</ele>
			 </trkpt>
			 <trkpt lat="40.123586" lon="29.041829">
				 <ele>1123.1</ele>
			 </trkpt>
			 <trkpt lat="40.123678" lon="29.041785">
				 <ele>1121.2</ele>
			 </trkpt>
			 <trkpt lat="40.123774" lon="29.041708">
				 <ele>1119.3</ele>
			 </trkpt>
			 <trkpt lat="40.12384" lon="29.041596">
				 <ele>1117.5</ele>
			 </trkpt>
			 <trkpt lat="40.123906" lon="29.041375">
				 <ele>1115.8</ele>
			 </trkpt>
			 <trkpt lat="40.123921" lon="29.041308">
				 <ele>1115.1</ele>
			 </trkpt>
			 <trkpt lat="40.123942" lon="29.041225">
				 <ele>1114.5</ele>
			 </trkpt>
			 <trkpt lat="40.123986" lon="29.041103">
				 <ele>1113.9</ele>
			 </trkpt>
			 <trkpt lat="40.124046" lon="29.040992">
				 <ele>1113.5</ele>
			 </trkpt>
			 <trkpt lat="40.123864" lon="29.041021">
				 <ele>1112.9</ele>
			 </trkpt>
			 <trkpt lat="40.123625" lon="29.041388">
				 <ele>1112.5</ele>
			 </trkpt>
			 <trkpt lat="40.123547" lon="29.041459">
				 <ele>1112</ele>
			 </trkpt>
			 <trkpt lat="40.123357" lon="29.041412">
				 <ele>1111.6</ele>
			 </trkpt>
			 <trkpt lat="40.123152" lon="29.041302">
				 <ele>1111.5</ele>
			 </trkpt>
			 <trkpt lat="40.123004" lon="29.041132">
				 <ele>1111.5</ele>
			 </trkpt>
			 <trkpt lat="40.122899" lon="29.040981">
				 <ele>1111.5</ele>
			 </trkpt>
			 <trkpt lat="40.122696" lon="29.0408">
				 <ele>1111.2</ele>
			 </trkpt>
			 <trkpt lat="40.122349" lon="29.040576">
				 <ele>1110.8</ele>
			 </trkpt>
			 <trkpt lat="40.12212" lon="29.040448">
				 <ele>1110.3</ele>
			 </trkpt>
			 <trkpt lat="40.121929" lon="29.040381">
				 <ele>1109.7</ele>
			 </trkpt>
			 <trkpt lat="40.121746" lon="29.040338">
				 <ele>1109.1</ele>
			 </trkpt>
			 <trkpt lat="40.12158" lon="29.040267">
				 <ele>1108.5</ele>
			 </trkpt>
			 <trkpt lat="40.121451" lon="29.040162">
				 <ele>1108.1</ele>
			 </trkpt>
			 <trkpt lat="40.121321" lon="29.039949">
				 <ele>1107.6</ele>
			 </trkpt>
			 <trkpt lat="40.121253" lon="29.039839">
				 <ele>1107.1</ele>
			 </trkpt>
			 <trkpt lat="40.121078" lon="29.039601">
				 <ele>1106.2</ele>
			 </trkpt>
			 <trkpt lat="40.12084" lon="29.03948">
				 <ele>1105.2</ele>
			 </trkpt>
			 <trkpt lat="40.120606" lon="29.039429">
				 <ele>1104.1</ele>
			 </trkpt>
			 <trkpt lat="40.12023" lon="29.039327">
				 <ele>1103.1</ele>
			 </trkpt>
			 <trkpt lat="40.120062" lon="29.039233">
				 <ele>1102.4</ele>
			 </trkpt>
			 <trkpt lat="40.119728" lon="29.038997">
				 <ele>1101.6</ele>
			 </trkpt>
			 <trkpt lat="40.119545" lon="29.038914">
				 <ele>1101.2</ele>
			 </trkpt>
			 <trkpt lat="40.119121" lon="29.03886">
				 <ele>1100.8</ele>
			 </trkpt>
			 <trkpt lat="40.118682" lon="29.038874">
				 <ele>1100.5</ele>
			 </trkpt>
			 <trkpt lat="40.118479" lon="29.038844">
				 <ele>1099.9</ele>
			 </trkpt>
			 <trkpt lat="40.118013" lon="29.038638">
				 <ele>1099.5</ele>
			 </trkpt>
			 <trkpt lat="40.117723" lon="29.038587">
				 <ele>1099.1</ele>
			 </trkpt>
			 <trkpt lat="40.117593" lon="29.038554">
				 <ele>1098.7</ele>
			 </trkpt>
			 <trkpt lat="40.11747" lon="29.038544">
				 <ele>1097.9</ele>
			 </trkpt>
			 <trkpt lat="40.117438" lon="29.038545">
				 <ele>1096.7</ele>
			 </trkpt>
			 <trkpt lat="40.11703" lon="29.038561">
				 <ele>1095.3</ele>
			 </trkpt>
			 <trkpt lat="40.116731" lon="29.038643">
				 <ele>1093.6</ele>
			 </trkpt>
			 <trkpt lat="40.116555" lon="29.038759">
				 <ele>1091.8</ele>
			 </trkpt>
			 <trkpt lat="40.116067" lon="29.039106">
				 <ele>1089.8</ele>
			 </trkpt>
			 <trkpt lat="40.115812" lon="29.039197">
				 <ele>1087.7</ele>
			 </trkpt>
			 <trkpt lat="40.115368" lon="29.039429">
				 <ele>1085.5</ele>
			 </trkpt>
			 <trkpt lat="40.115134" lon="29.039504">
				 <ele>1083</ele>
			 </trkpt>
			 <trkpt lat="40.114871" lon="29.039572">
				 <ele>1080.5</ele>
			 </trkpt>
			 <trkpt lat="40.114451" lon="29.039617">
				 <ele>1078</ele>
			 </trkpt>
			 <trkpt lat="40.114203" lon="29.039717">
				 <ele>1075.8</ele>
			 </trkpt>
			 <trkpt lat="40.113849" lon="29.039943">
				 <ele>1073.5</ele>
			 </trkpt>
			 <trkpt lat="40.113582" lon="29.039985">
				 <ele>1071.2</ele>
			 </trkpt>
			 <trkpt lat="40.113283" lon="29.040066">
				 <ele>1068.5</ele>
			 </trkpt>
			 <trkpt lat="40.112875" lon="29.040144">
				 <ele>1065.9</ele>
			 </trkpt>
			 <trkpt lat="40.112552" lon="29.040151">
				 <ele>1063.3</ele>
			 </trkpt>
			 <trkpt lat="40.112314" lon="29.040108">
				 <ele>1060</ele>
			 </trkpt>
			 <trkpt lat="40.112092" lon="29.040045">
				 <ele>1056.6</ele>
			 </trkpt>
			 <trkpt lat="40.11177" lon="29.040002">
				 <ele>1053.4</ele>
			 </trkpt>
			 <trkpt lat="40.111543" lon="29.039998">
				 <ele>1050.3</ele>
			 </trkpt>
			 <trkpt lat="40.110996" lon="29.04005">
				 <ele>1047.3</ele>
			 </trkpt>
			 <trkpt lat="40.110263" lon="29.040165">
				 <ele>1044.3</ele>
			 </trkpt>
			 <trkpt lat="40.109913" lon="29.040227">
				 <ele>1041.4</ele>
			 </trkpt>
			 <trkpt lat="40.109417" lon="29.040412">
				 <ele>1038.5</ele>
			 </trkpt>
			 <trkpt lat="40.108846" lon="29.040627">
				 <ele>1035.8</ele>
			 </trkpt>
			 <trkpt lat="40.108294" lon="29.041001">
				 <ele>1032.9</ele>
			 </trkpt>
			 <trkpt lat="40.108046" lon="29.041129">
				 <ele>1030</ele>
			 </trkpt>
			 <trkpt lat="40.107602" lon="29.041296">
				 <ele>1027.6</ele>
			 </trkpt>
			 <trkpt lat="40.107167" lon="29.041308">
				 <ele>1025.5</ele>
			 </trkpt>
			 <trkpt lat="40.106765" lon="29.041354">
				 <ele>1023.1</ele>
			 </trkpt>
			 <trkpt lat="40.106507" lon="29.041412">
				 <ele>1020.6</ele>
			 </trkpt>
			 <trkpt lat="40.106313" lon="29.041431">
				 <ele>1018</ele>
			 </trkpt>
			 <trkpt lat="40.106056" lon="29.041361">
				 <ele>1015.5</ele>
			 </trkpt>
			 <trkpt lat="40.105856" lon="29.04134">
				 <ele>1012.4</ele>
			 </trkpt>
			 <trkpt lat="40.105717" lon="29.041306">
				 <ele>1009.6</ele>
			 </trkpt>
			 <trkpt lat="40.105199" lon="29.04118">
				 <ele>1007.4</ele>
			 </trkpt>
			 <trkpt lat="40.105074" lon="29.041141">
				 <ele>1005.4</ele>
			 </trkpt>
			 <trkpt lat="40.104949" lon="29.041054">
				 <ele>1003.3</ele>
			 </trkpt>
			 <trkpt lat="40.104189" lon="29.040349">
				 <ele>1001.3</ele>
			 </trkpt>
			 <trkpt lat="40.104278" lon="29.040152">
				 <ele>999.2</ele>
			 </trkpt>
			 <trkpt lat="40.104371" lon="29.039908">
				 <ele>997.6</ele>
			 </trkpt>
			 <trkpt lat="40.104333" lon="29.03985">
				 <ele>995.5</ele>
			 </trkpt>
			 <trkpt lat="40.104187" lon="29.039794">
				 <ele>993.4</ele>
			 </trkpt>
			 <trkpt lat="40.103769" lon="29.039582">
				 <ele>991.1</ele>
			 </trkpt>
			 <trkpt lat="40.1032" lon="29.039247">
				 <ele>989.5</ele>
			 </trkpt>
			 <trkpt lat="40.103066" lon="29.039145">
				 <ele>987.6</ele>
			 </trkpt>
			 <trkpt lat="40.102839" lon="29.038634">
				 <ele>985.4</ele>
			 </trkpt>
			 <trkpt lat="40.102815" lon="29.03858">
				 <ele>982.6</ele>
			 </trkpt>
			 <trkpt lat="40.102552" lon="29.038206">
				 <ele>979.4</ele>
			 </trkpt>
			 <trkpt lat="40.102402" lon="29.037867">
				 <ele>975.9</ele>
			 </trkpt>
			 <trkpt lat="40.102291" lon="29.037532">
				 <ele>971.9</ele>
			 </trkpt>
			 <trkpt lat="40.102144" lon="29.037326">
				 <ele>967.9</ele>
			 </trkpt>
			 <trkpt lat="40.101951" lon="29.037206">
				 <ele>964.4</ele>
			 </trkpt>
			 <trkpt lat="40.10154" lon="29.03698">
				 <ele>960.7</ele>
			 </trkpt>
			 <trkpt lat="40.10132" lon="29.03688">
				 <ele>957.4</ele>
			 </trkpt>
			 <trkpt lat="40.10087" lon="29.03676">
				 <ele>954.5</ele>
			 </trkpt>
			 <trkpt lat="40.10079" lon="29.03676">
				 <ele>951.8</ele>
			 </trkpt>
			 <trkpt lat="40.10057" lon="29.03681">
				 <ele>949</ele>
			 </trkpt>
			 <trkpt lat="40.1003" lon="29.03693">
				 <ele>946.4</ele>
			 </trkpt>
			 <trkpt lat="40.10022" lon="29.03694">
				 <ele>944.5</ele>
			 </trkpt>
			 <trkpt lat="40.10004" lon="29.03692">
				 <ele>943.1</ele>
			 </trkpt>
			 <trkpt lat="40.09987" lon="29.03682">
				 <ele>942.4</ele>
			 </trkpt>
			 <trkpt lat="40.09961" lon="29.03663">
				 <ele>941.1</ele>
			 </trkpt>
			 <trkpt lat="40.09933" lon="29.03645">
				 <ele>939.8</ele>
			 </trkpt>
			 <trkpt lat="40.09927" lon="29.03642">
				 <ele>938.6</ele>
			 </trkpt>
			 <trkpt lat="40.09913" lon="29.036348">
				 <ele>937.5</ele>
			 </trkpt>
			 <trkpt lat="40.099091" lon="29.036346">
				 <ele>936.3</ele>
			 </trkpt>
			 <trkpt lat="40.098805" lon="29.036446">
				 <ele>934.8</ele>
			 </trkpt>
			 <trkpt lat="40.098614" lon="29.036689">
				 <ele>933.6</ele>
			 </trkpt>
			 <trkpt lat="40.098551" lon="29.036895">
				 <ele>932.5</ele>
			 </trkpt>
			 <trkpt lat="40.098513" lon="29.037117">
				 <ele>930.5</ele>
			 </trkpt>
			 <trkpt lat="40.09838" lon="29.037913">
				 <ele>928.2</ele>
			 </trkpt>
			 <trkpt lat="40.098312" lon="29.038106">
				 <ele>925.5</ele>
			 </trkpt>
			 <trkpt lat="40.098153" lon="29.038695">
				 <ele>923.1</ele>
			 </trkpt>
			 <trkpt lat="40.097965" lon="29.03907">
				 <ele>920</ele>
			 </trkpt>
			 <trkpt lat="40.097701" lon="29.039413">
				 <ele>916.6</ele>
			 </trkpt>
			 <trkpt lat="40.097495" lon="29.039808">
				 <ele>913.7</ele>
			 </trkpt>
			 <trkpt lat="40.09746" lon="29.040129">
				 <ele>910.8</ele>
			 </trkpt>
			 <trkpt lat="40.09754" lon="29.040669">
				 <ele>907.8</ele>
			 </trkpt>
			 <trkpt lat="40.09756" lon="29.041403">
				 <ele>904.8</ele>
			 </trkpt>
			 <trkpt lat="40.097491" lon="29.041384">
				 <ele>902.1</ele>
			 </trkpt>
			 <trkpt lat="40.09744" lon="29.0414">
				 <ele>900.4</ele>
			 </trkpt>
			 <trkpt lat="40.0974" lon="29.04138">
				 <ele>898.9</ele>
			 </trkpt>
			 <trkpt lat="40.09732" lon="29.04132">
				 <ele>897.8</ele>
			 </trkpt>
			 <trkpt lat="40.09725" lon="29.04124">
				 <ele>896.8</ele>
			 </trkpt>
			 <trkpt lat="40.09719" lon="29.04109">
				 <ele>896.6</ele>
			 </trkpt>
			 <trkpt lat="40.09712" lon="29.04065">
				 <ele>896.2</ele>
			 </trkpt>
			 <trkpt lat="40.09697" lon="29.04031">
				 <ele>894.9</ele>
			 </trkpt>
			 <trkpt lat="40.09683" lon="29.04009">
				 <ele>892.5</ele>
			 </trkpt>
			 <trkpt lat="40.09662" lon="29.03991">
				 <ele>890.4</ele>
			 </trkpt>
			 <trkpt lat="40.09649" lon="29.03974">
				 <ele>888.2</ele>
			 </trkpt>
			 <trkpt lat="40.09625" lon="29.03929">
				 <ele>886.1</ele>
			 </trkpt>
			 <trkpt lat="40.0962" lon="29.03915">
				 <ele>883.7</ele>
			 </trkpt>
			 <trkpt lat="40.096122" lon="29.038957">
				 <ele>881.5</ele>
			 </trkpt>
			 <trkpt lat="40.096115" lon="29.038914">
				 <ele>879.6</ele>
			 </trkpt>
			 <trkpt lat="40.096128" lon="29.038656">
				 <ele>878.3</ele>
			 </trkpt>
			 <trkpt lat="40.096247" lon="29.038399">
				 <ele>877.2</ele>
			 </trkpt>
			 <trkpt lat="40.096365" lon="29.038227">
				 <ele>876.7</ele>
			 </trkpt>
			 <trkpt lat="40.096516" lon="29.038159">
				 <ele>876.3</ele>
			 </trkpt>
			 <trkpt lat="40.096746" lon="29.038107">
				 <ele>876.7</ele>
			 </trkpt>
			 <trkpt lat="40.096936" lon="29.03797">
				 <ele>877.2</ele>
			 </trkpt>
			 <trkpt lat="40.09733" lon="29.037438">
				 <ele>877.8</ele>
			 </trkpt>
			 <trkpt lat="40.097428" lon="29.037214">
				 <ele>877.7</ele>
			 </trkpt>
			 <trkpt lat="40.097428" lon="29.03694">
				 <ele>877.5</ele>
			 </trkpt>
			 <trkpt lat="40.097444" lon="29.036265">
				 <ele>877.5</ele>
			 </trkpt>
			 <trkpt lat="40.097447" lon="29.036148">
				 <ele>877.1</ele>
			 </trkpt>
			 <trkpt lat="40.097419" lon="29.035877">
				 <ele>876.2</ele>
			 </trkpt>
			 <trkpt lat="40.097256" lon="29.035377">
				 <ele>874.9</ele>
			 </trkpt>
			 <trkpt lat="40.097281" lon="29.035125">
				 <ele>873.5</ele>
			 </trkpt>
			 <trkpt lat="40.097325" lon="29.035006">
				 <ele>872.1</ele>
			 </trkpt>
			 <trkpt lat="40.09752" lon="29.03465">
				 <ele>870.8</ele>
			 </trkpt>
			 <trkpt lat="40.09767" lon="29.0343">
				 <ele>869.7</ele>
			 </trkpt>
			 <trkpt lat="40.09775" lon="29.03419">
				 <ele>868.7</ele>
			 </trkpt>
			 <trkpt lat="40.09788" lon="29.03408">
				 <ele>869.6</ele>
			 </trkpt>
			 <trkpt lat="40.09816" lon="29.03397">
				 <ele>870.9</ele>
			 </trkpt>
			 <trkpt lat="40.09847" lon="29.03373">
				 <ele>871.9</ele>
			 </trkpt>
			 <trkpt lat="40.09867" lon="29.03366">
				 <ele>872.3</ele>
			 </trkpt>
			 <trkpt lat="40.09877" lon="29.03364">
				 <ele>873</ele>
			 </trkpt>
			 <trkpt lat="40.09908" lon="29.03375">
				 <ele>873.9</ele>
			 </trkpt>
			 <trkpt lat="40.09918" lon="29.03374">
				 <ele>875.1</ele>
			 </trkpt>
			 <trkpt lat="40.09935" lon="29.03366">
				 <ele>876.5</ele>
			 </trkpt>
			 <trkpt lat="40.09975" lon="29.03324">
				 <ele>878</ele>
			 </trkpt>
			 <trkpt lat="40.09996" lon="29.03297">
				 <ele>879.1</ele>
			 </trkpt>
			 <trkpt lat="40.10005" lon="29.0329">
				 <ele>880</ele>
			 </trkpt>
			 <trkpt lat="40.1002" lon="29.0328">
				 <ele>879.5</ele>
			 </trkpt>
			 <trkpt lat="40.10037" lon="29.03265">
				 <ele>878.5</ele>
			 </trkpt>
			 <trkpt lat="40.10044" lon="29.03257">
				 <ele>877.3</ele>
			 </trkpt>
			 <trkpt lat="40.100475" lon="29.032446">
				 <ele>876.5</ele>
			 </trkpt>
			 <trkpt lat="40.100398" lon="29.032354">
				 <ele>875.6</ele>
			 </trkpt>
			 <trkpt lat="40.100261" lon="29.032157">
				 <ele>874.8</ele>
			 </trkpt>
			 <trkpt lat="40.100131" lon="29.03181">
				 <ele>873.5</ele>
			 </trkpt>
			 <trkpt lat="40.099885" lon="29.031517">
				 <ele>872</ele>
			 </trkpt>
			 <trkpt lat="40.099735" lon="29.031045">
				 <ele>870.2</ele>
			 </trkpt>
			 <trkpt lat="40.099718" lon="29.030799">
				 <ele>868.8</ele>
			 </trkpt>
			 <trkpt lat="40.099697" lon="29.030609">
				 <ele>867.1</ele>
			 </trkpt>
			 <trkpt lat="40.099471" lon="29.030373">
				 <ele>865.4</ele>
			 </trkpt>
			 <trkpt lat="40.099284" lon="29.030179">
				 <ele>863.5</ele>
			 </trkpt>
			 <trkpt lat="40.098979" lon="29.030033">
				 <ele>861.7</ele>
			 </trkpt>
			 <trkpt lat="40.098772" lon="29.029788">
				 <ele>859.9</ele>
			 </trkpt>
			 <trkpt lat="40.098557" lon="29.029873">
				 <ele>857.6</ele>
			 </trkpt>
			 <trkpt lat="40.098438" lon="29.029884">
				 <ele>855.1</ele>
			 </trkpt>
			 <trkpt lat="40.098229" lon="29.029884">
				 <ele>853.1</ele>
			 </trkpt>
			 <trkpt lat="40.098062" lon="29.029774">
				 <ele>851.4</ele>
			 </trkpt>
			 <trkpt lat="40.097864" lon="29.029291">
				 <ele>849.8</ele>
			 </trkpt>
			 <trkpt lat="40.097737" lon="29.028944">
				 <ele>847.9</ele>
			 </trkpt>
			 <trkpt lat="40.097744" lon="29.028654">
				 <ele>846.1</ele>
			 </trkpt>
			 <trkpt lat="40.097864" lon="29.028262">
				 <ele>843.8</ele>
			 </trkpt>
			 <trkpt lat="40.098067" lon="29.02785">
				 <ele>840.7</ele>
			 </trkpt>
			 <trkpt lat="40.098139" lon="29.027507">
				 <ele>837.8</ele>
			 </trkpt>
			 <trkpt lat="40.098107" lon="29.027129">
				 <ele>834.9</ele>
			 </trkpt>
			 <trkpt lat="40.09801" lon="29.026805">
				 <ele>832.5</ele>
			 </trkpt>
			 <trkpt lat="40.097684" lon="29.026378">
				 <ele>830.3</ele>
			 </trkpt>
			 <trkpt lat="40.097244" lon="29.02626">
				 <ele>828.1</ele>
			 </trkpt>
			 <trkpt lat="40.097149" lon="29.026189">
				 <ele>825.5</ele>
			 </trkpt>
			 <trkpt lat="40.097073" lon="29.026027">
				 <ele>822.7</ele>
			 </trkpt>
			 <trkpt lat="40.097051" lon="29.025749">
				 <ele>820.1</ele>
			 </trkpt>
			 <trkpt lat="40.097293" lon="29.025136">
				 <ele>818</ele>
			 </trkpt>
			 <trkpt lat="40.097487" lon="29.024884">
				 <ele>816.5</ele>
			 </trkpt>
			 <trkpt lat="40.09755" lon="29.024753">
				 <ele>815.7</ele>
			 </trkpt>
			 <trkpt lat="40.097642" lon="29.024341">
				 <ele>815.1</ele>
			 </trkpt>
			 <trkpt lat="40.097741" lon="29.024101">
				 <ele>814.5</ele>
			 </trkpt>
			 <trkpt lat="40.097872" lon="29.023921">
				 <ele>813.8</ele>
			 </trkpt>
			 <trkpt lat="40.097944" lon="29.023672">
				 <ele>812.7</ele>
			 </trkpt>
			 <trkpt lat="40.097977" lon="29.023423">
				 <ele>810.5</ele>
			 </trkpt>
			 <trkpt lat="40.098108" lon="29.023037">
				 <ele>807.9</ele>
			 </trkpt>
			 <trkpt lat="40.098148" lon="29.022891">
				 <ele>805.6</ele>
			 </trkpt>
			 <trkpt lat="40.098164" lon="29.022739">
				 <ele>803.6</ele>
			 </trkpt>
			 <trkpt lat="40.098087" lon="29.022589">
				 <ele>801.5</ele>
			 </trkpt>
			 <trkpt lat="40.097775" lon="29.022464">
				 <ele>799.4</ele>
			 </trkpt>
			 <trkpt lat="40.097652" lon="29.022378">
				 <ele>796.8</ele>
			 </trkpt>
			 <trkpt lat="40.097629" lon="29.021957">
				 <ele>794.3</ele>
			 </trkpt>
			 <trkpt lat="40.097809" lon="29.020867">
				 <ele>791.7</ele>
			 </trkpt>
			 <trkpt lat="40.097815" lon="29.020643">
				 <ele>789.2</ele>
			 </trkpt>
			 <trkpt lat="40.097761" lon="29.020509">
				 <ele>786.4</ele>
			 </trkpt>
			 <trkpt lat="40.097567" lon="29.020115">
				 <ele>784.5</ele>
			 </trkpt>
			 <trkpt lat="40.097514" lon="29.01994">
				 <ele>783.1</ele>
			 </trkpt>
			 <trkpt lat="40.097501" lon="29.019606">
				 <ele>782</ele>
			 </trkpt>
			 <trkpt lat="40.09745" lon="29.019397">
				 <ele>780</ele>
			 </trkpt>
			 <trkpt lat="40.097277" lon="29.019039">
				 <ele>777.6</ele>
			 </trkpt>
			 <trkpt lat="40.097258" lon="29.01879">
				 <ele>775.5</ele>
			 </trkpt>
			 <trkpt lat="40.097282" lon="29.018568">
				 <ele>774.4</ele>
			 </trkpt>
			 <trkpt lat="40.0974" lon="29.018081">
				 <ele>773.4</ele>
			 </trkpt>
			 <trkpt lat="40.097442" lon="29.017546">
				 <ele>772.2</ele>
			 </trkpt>
			 <trkpt lat="40.09764" lon="29.017177">
				 <ele>770.9</ele>
			 </trkpt>
			 <trkpt lat="40.097843" lon="29.01702">
				 <ele>770.1</ele>
			 </trkpt>
			 <trkpt lat="40.09801" lon="29.016999">
				 <ele>769.2</ele>
			 </trkpt>
			 <trkpt lat="40.098124" lon="29.016915">
				 <ele>767.7</ele>
			 </trkpt>
			 <trkpt lat="40.098165" lon="29.016775">
				 <ele>765.8</ele>
			 </trkpt>
			 <trkpt lat="40.098177" lon="29.016576">
				 <ele>764.4</ele>
			 </trkpt>
			 <trkpt lat="40.098367" lon="29.016027">
				 <ele>763.1</ele>
			 </trkpt>
			 <trkpt lat="40.098413" lon="29.015752">
				 <ele>761.9</ele>
			 </trkpt>
			 <trkpt lat="40.098439" lon="29.015306">
				 <ele>760.8</ele>
			 </trkpt>
			 <trkpt lat="40.098525" lon="29.01485">
				 <ele>759.6</ele>
			 </trkpt>
			 <trkpt lat="40.098678" lon="29.014557">
				 <ele>758.5</ele>
			 </trkpt>
			 <trkpt lat="40.098808" lon="29.014388">
				 <ele>757.3</ele>
			 </trkpt>
			 <trkpt lat="40.099077" lon="29.014156">
				 <ele>755.8</ele>
			 </trkpt>
			 <trkpt lat="40.099352" lon="29.014015">
				 <ele>754.3</ele>
			 </trkpt>
			 <trkpt lat="40.099484" lon="29.013883">
				 <ele>752.8</ele>
			 </trkpt>
			 <trkpt lat="40.099512" lon="29.013782">
				 <ele>751.5</ele>
			 </trkpt>
			 <trkpt lat="40.099511" lon="29.013679">
				 <ele>750.2</ele>
			 </trkpt>
			 <trkpt lat="40.099428" lon="29.013438">
				 <ele>748.8</ele>
			 </trkpt>
			 <trkpt lat="40.099448" lon="29.013274">
				 <ele>747.2</ele>
			 </trkpt>
			 <trkpt lat="40.099569" lon="29.012954">
				 <ele>745.3</ele>
			 </trkpt>
			 <trkpt lat="40.099575" lon="29.012851">
				 <ele>743.5</ele>
			 </trkpt>
			 <trkpt lat="40.099529" lon="29.012731">
				 <ele>742.3</ele>
			 </trkpt>
			 <trkpt lat="40.099477" lon="29.012688">
				 <ele>741.5</ele>
			 </trkpt>
			 <trkpt lat="40.099398" lon="29.012705">
				 <ele>741.2</ele>
			 </trkpt>
			 <trkpt lat="40.099322" lon="29.012791">
				 <ele>740.8</ele>
			 </trkpt>
			 <trkpt lat="40.099175" lon="29.013135">
				 <ele>740.3</ele>
			 </trkpt>
			 <trkpt lat="40.099137" lon="29.013406">
				 <ele>739.3</ele>
			 </trkpt>
			 <trkpt lat="40.099095" lon="29.013612">
				 <ele>738.4</ele>
			 </trkpt>
			 <trkpt lat="40.099035" lon="29.013693">
				 <ele>737.5</ele>
			 </trkpt>
			 <trkpt lat="40.098954" lon="29.013653">
				 <ele>736.8</ele>
			 </trkpt>
			 <trkpt lat="40.098925" lon="29.01341">
				 <ele>735.6</ele>
			 </trkpt>
			 <trkpt lat="40.098819" lon="29.012951">
				 <ele>734.3</ele>
			 </trkpt>
			 <trkpt lat="40.09879" lon="29.012802">
				 <ele>732.8</ele>
			 </trkpt>
			 <trkpt lat="40.098818" lon="29.012656">
				 <ele>731.1</ele>
			 </trkpt>
			 <trkpt lat="40.098943" lon="29.012518">
				 <ele>729.4</ele>
			 </trkpt>
			 <trkpt lat="40.09904" lon="29.0124">
				 <ele>727.3</ele>
			 </trkpt>
			 <trkpt lat="40.09921" lon="29.01228">
				 <ele>724.9</ele>
			 </trkpt>
			 <trkpt lat="40.09959" lon="29.01216">
				 <ele>722.9</ele>
			 </trkpt>
			 <trkpt lat="40.09965" lon="29.01212">
				 <ele>720.9</ele>
			 </trkpt>
			 <trkpt lat="40.09975" lon="29.012">
				 <ele>718.9</ele>
			 </trkpt>
			 <trkpt lat="40.09997" lon="29.01159">
				 <ele>717</ele>
			 </trkpt>
			 <trkpt lat="40.10018" lon="29.01143">
				 <ele>716.2</ele>
			 </trkpt>
			 <trkpt lat="40.10035" lon="29.01139">
				 <ele>715.5</ele>
			 </trkpt>
			 <trkpt lat="40.10079" lon="29.01141">
				 <ele>715</ele>
			 </trkpt>
			 <trkpt lat="40.10091" lon="29.01144">
				 <ele>714.5</ele>
			 </trkpt>
			 <trkpt lat="40.10102" lon="29.01149">
				 <ele>713.6</ele>
			 </trkpt>
			 <trkpt lat="40.10128" lon="29.01166">
				 <ele>712.5</ele>
			 </trkpt>
			 <trkpt lat="40.10135" lon="29.01169">
				 <ele>711.9</ele>
			 </trkpt>
			 <trkpt lat="40.10148" lon="29.0117">
				 <ele>711.5</ele>
			 </trkpt>
			 <trkpt lat="40.1016" lon="29.01166">
				 <ele>711.3</ele>
			 </trkpt>
			 <trkpt lat="40.10173" lon="29.01156">
				 <ele>710.7</ele>
			 </trkpt>
			 <trkpt lat="40.10203" lon="29.01128">
				 <ele>710.1</ele>
			 </trkpt>
			 <trkpt lat="40.10232" lon="29.01103">
				 <ele>708.8</ele>
			 </trkpt>
			 <trkpt lat="40.10242" lon="29.01096">
				 <ele>707.7</ele>
			 </trkpt>
			 <trkpt lat="40.10253" lon="29.01093">
				 <ele>706.7</ele>
			 </trkpt>
			 <trkpt lat="40.10276" lon="29.01099">
				 <ele>705.7</ele>
			 </trkpt>
			 <trkpt lat="40.10297" lon="29.01107">
				 <ele>705</ele>
			 </trkpt>
			 <trkpt lat="40.1033" lon="29.01124">
				 <ele>705.5</ele>
			 </trkpt>
			 <trkpt lat="40.10348" lon="29.01138">
				 <ele>705.9</ele>
			 </trkpt>
			 <trkpt lat="40.10363" lon="29.01154">
				 <ele>706.3</ele>
			 </trkpt>
			 <trkpt lat="40.10407" lon="29.01207">
				 <ele>706.9</ele>
			 </trkpt>
			 <trkpt lat="40.10426" lon="29.01218">
				 <ele>707.5</ele>
			 </trkpt>
			 <trkpt lat="40.10454" lon="29.01231">
				 <ele>708.1</ele>
			 </trkpt>
			 <trkpt lat="40.10464" lon="29.01233">
				 <ele>708.6</ele>
			 </trkpt>
			 <trkpt lat="40.10473" lon="29.01234">
				 <ele>709.1</ele>
			 </trkpt>
			 <trkpt lat="40.10484" lon="29.01233">
				 <ele>710.3</ele>
			 </trkpt>
			 <trkpt lat="40.10504" lon="29.01223">
				 <ele>711.5</ele>
			 </trkpt>
			 <trkpt lat="40.10514" lon="29.0122">
				 <ele>712.8</ele>
			 </trkpt>
			 <trkpt lat="40.10525" lon="29.01219">
				 <ele>713.6</ele>
			 </trkpt>
			 <trkpt lat="40.10534" lon="29.01222">
				 <ele>714.5</ele>
			 </trkpt>
			 <trkpt lat="40.10561" lon="29.01239">
				 <ele>715.8</ele>
			 </trkpt>
			 <trkpt lat="40.10572" lon="29.01243">
				 <ele>717.1</ele>
			 </trkpt>
			 <trkpt lat="40.10583" lon="29.01244">
				 <ele>718.6</ele>
			 </trkpt>
			 <trkpt lat="40.10595" lon="29.01241">
				 <ele>720.1</ele>
			 </trkpt>
			 <trkpt lat="40.10607" lon="29.01243">
				 <ele>721.4</ele>
			 </trkpt>
			 <trkpt lat="40.10636" lon="29.01256">
				 <ele>722.9</ele>
			 </trkpt>
			 <trkpt lat="40.10657" lon="29.0126">
				 <ele>723.9</ele>
			 </trkpt>
			 <trkpt lat="40.10668" lon="29.0126">
				 <ele>724.8</ele>
			 </trkpt>
			 <trkpt lat="40.10682" lon="29.01257">
				 <ele>725.6</ele>
			 </trkpt>
			 <trkpt lat="40.10713" lon="29.01257">
				 <ele>726.7</ele>
			 </trkpt>
			 <trkpt lat="40.10755" lon="29.0125">
				 <ele>727.8</ele>
			 </trkpt>
			 <trkpt lat="40.10765" lon="29.01246">
				 <ele>728.7</ele>
			 </trkpt>
			 <trkpt lat="40.10783" lon="29.01231">
				 <ele>729.1</ele>
			 </trkpt>
			 <trkpt lat="40.10793" lon="29.01227">
				 <ele>729.6</ele>
			 </trkpt>
			 <trkpt lat="40.10804" lon="29.01225">
				 <ele>730.6</ele>
			 </trkpt>
			 <trkpt lat="40.10826" lon="29.01227">
				 <ele>732</ele>
			 </trkpt>
			 <trkpt lat="40.10842" lon="29.0123">
				 <ele>733</ele>
			 </trkpt>
			 <trkpt lat="40.10887" lon="29.01233">
				 <ele>733.6</ele>
			 </trkpt>
			 <trkpt lat="40.10909" lon="29.01244">
				 <ele>734.5</ele>
			 </trkpt>
			 <trkpt lat="40.10918" lon="29.01253">
				 <ele>735.8</ele>
			 </trkpt>
			 <trkpt lat="40.10922" lon="29.01264">
				 <ele>737.5</ele>
			 </trkpt>
			 <trkpt lat="40.10925" lon="29.01276">
				 <ele>739.1</ele>
			 </trkpt>
			 <trkpt lat="40.10925" lon="29.01288">
				 <ele>740.3</ele>
			 </trkpt>
			 <trkpt lat="40.10913" lon="29.01326">
				 <ele>741.5</ele>
			 </trkpt>
			 <trkpt lat="40.1091" lon="29.0134">
				 <ele>743.4</ele>
			 </trkpt>
			 <trkpt lat="40.10912" lon="29.01353">
				 <ele>745.2</ele>
			 </trkpt>
			 <trkpt lat="40.10923" lon="29.01358">
				 <ele>746.8</ele>
			 </trkpt>
			 <trkpt lat="40.10932" lon="29.01354">
				 <ele>748.3</ele>
			 </trkpt>
			 <trkpt lat="40.10949" lon="29.01337">
				 <ele>749</ele>
			 </trkpt>
			 <trkpt lat="40.10976" lon="29.01317">
				 <ele>749.5</ele>
			 </trkpt>
			 <trkpt lat="40.10982" lon="29.01311">
				 <ele>749.5</ele>
			 </trkpt>
			 <trkpt lat="40.10994" lon="29.012969">
				 <ele>749</ele>
			 </trkpt>
			 <trkpt lat="40.10996" lon="29.012934">
				 <ele>748.3</ele>
			 </trkpt>
			 <trkpt lat="40.110063" lon="29.012552">
				 <ele>747.9</ele>
			 </trkpt>
			 <trkpt lat="40.110081" lon="29.012345">
				 <ele>748.1</ele>
			 </trkpt>
			 <trkpt lat="40.109985" lon="29.012211">
				 <ele>747.6</ele>
			 </trkpt>
			 <trkpt lat="40.109854" lon="29.011853">
				 <ele>747.2</ele>
			 </trkpt>
			 <trkpt lat="40.10964" lon="29.011178">
				 <ele>746.5</ele>
			 </trkpt>
			 <trkpt lat="40.109553" lon="29.010881">
				 <ele>746.1</ele>
			 </trkpt>
			 <trkpt lat="40.10954" lon="29.010564">
				 <ele>746.5</ele>
			 </trkpt>
			 <trkpt lat="40.109562" lon="29.010263">
				 <ele>747.5</ele>
			 </trkpt>
			 <trkpt lat="40.109556" lon="29.010088">
				 <ele>748.5</ele>
			 </trkpt>
			 <trkpt lat="40.109438" lon="29.009775">
				 <ele>749.4</ele>
			 </trkpt>
			 <trkpt lat="40.109416" lon="29.009535">
				 <ele>750.1</ele>
			 </trkpt>
			 <trkpt lat="40.109432" lon="29.009206">
				 <ele>750.7</ele>
			 </trkpt>
			 <trkpt lat="40.109466" lon="29.008759">
				 <ele>751.2</ele>
			 </trkpt>
			 <trkpt lat="40.109407" lon="29.008523">
				 <ele>751.1</ele>
			 </trkpt>
			 <trkpt lat="40.109192" lon="29.008121">
				 <ele>750.6</ele>
			 </trkpt>
			 <trkpt lat="40.108974" lon="29.007978">
				 <ele>750.2</ele>
			 </trkpt>
			 <trkpt lat="40.1089" lon="29.007816">
				 <ele>749.3</ele>
			 </trkpt>
			 <trkpt lat="40.108822" lon="29.00747">
				 <ele>748</ele>
			 </trkpt>
			 <trkpt lat="40.108716" lon="29.007283">
				 <ele>746.8</ele>
			 </trkpt>
			 <trkpt lat="40.108635" lon="29.007076">
				 <ele>745.6</ele>
			 </trkpt>
			 <trkpt lat="40.108561" lon="29.006755">
				 <ele>744.3</ele>
			 </trkpt>
			 <trkpt lat="40.108465" lon="29.006531">
				 <ele>743</ele>
			 </trkpt>
			 <trkpt lat="40.108471" lon="29.00636">
				 <ele>741.6</ele>
			 </trkpt>
			 <trkpt lat="40.108645" lon="29.005881">
				 <ele>740.1</ele>
			 </trkpt>
			 <trkpt lat="40.108632" lon="29.005714">
				 <ele>738.6</ele>
			 </trkpt>
			 <trkpt lat="40.108451" lon="29.005521">
				 <ele>736.9</ele>
			 </trkpt>
			 <trkpt lat="40.108365" lon="29.005579">
				 <ele>735.2</ele>
			 </trkpt>
			 <trkpt lat="40.108295" lon="29.005592">
				 <ele>733.9</ele>
			 </trkpt>
			 <trkpt lat="40.108209" lon="29.005531">
				 <ele>732.5</ele>
			 </trkpt>
			 <trkpt lat="40.108125" lon="29.005388">
				 <ele>730.3</ele>
			 </trkpt>
			 <trkpt lat="40.107824" lon="29.004753">
				 <ele>727.5</ele>
			 </trkpt>
			 <trkpt lat="40.10769" lon="29.004318">
				 <ele>725.4</ele>
			 </trkpt>
			 <trkpt lat="40.107641" lon="29.003731">
				 <ele>722.8</ele>
			 </trkpt>
			 <trkpt lat="40.107536" lon="29.003334">
				 <ele>720</ele>
			 </trkpt>
			 <trkpt lat="40.107358" lon="29.003076">
				 <ele>717.6</ele>
			 </trkpt>
			 <trkpt lat="40.107116" lon="29.002701">
				 <ele>715.4</ele>
			 </trkpt>
			 <trkpt lat="40.107089" lon="29.002658">
				 <ele>713.2</ele>
			 </trkpt>
			 <trkpt lat="40.106833" lon="29.002207">
				 <ele>710.9</ele>
			 </trkpt>
			 <trkpt lat="40.106683" lon="29.001671">
				 <ele>708.2</ele>
			 </trkpt>
			 <trkpt lat="40.10662" lon="29.0014">
				 <ele>705.5</ele>
			 </trkpt>
			 <trkpt lat="40.10668" lon="29.00125">
				 <ele>703.1</ele>
			 </trkpt>
			 <trkpt lat="40.10682" lon="29.00101">
				 <ele>701.1</ele>
			 </trkpt>
			 <trkpt lat="40.10692" lon="29.0009">
				 <ele>699.1</ele>
			 </trkpt>
			 <trkpt lat="40.10704" lon="29.00083">
				 <ele>698.7</ele>
			 </trkpt>
			 <trkpt lat="40.10716" lon="29.0008">
				 <ele>698.2</ele>
			 </trkpt>
			 <trkpt lat="40.10764" lon="29.00082">
				 <ele>696.9</ele>
			 </trkpt>
			 <trkpt lat="40.10776" lon="29.0008">
				 <ele>695.5</ele>
			 </trkpt>
			 <trkpt lat="40.10787" lon="29.00071">
				 <ele>694.3</ele>
			 </trkpt>
			 <trkpt lat="40.107976" lon="29.000456">
				 <ele>693.4</ele>
			 </trkpt>
			 <trkpt lat="40.107923" lon="29.000028">
				 <ele>692.7</ele>
			 </trkpt>
			 <trkpt lat="40.107812" lon="28.999779">
				 <ele>692.6</ele>
			 </trkpt>
			 <trkpt lat="40.107751" lon="28.99961">
				 <ele>692.7</ele>
			 </trkpt>
			 <trkpt lat="40.107714" lon="28.999432">
				 <ele>693</ele>
			 </trkpt>
			 <trkpt lat="40.107725" lon="28.999348">
				 <ele>693.1</ele>
			 </trkpt>
			 <trkpt lat="40.107747" lon="28.999184">
				 <ele>691.7</ele>
			 </trkpt>
			 <trkpt lat="40.107837" lon="28.998906">
				 <ele>690.8</ele>
			 </trkpt>
			 <trkpt lat="40.107824" lon="28.998628">
				 <ele>690.5</ele>
			 </trkpt>
			 <trkpt lat="40.107689" lon="28.998181">
				 <ele>691.4</ele>
			 </trkpt>
			 <trkpt lat="40.10757" lon="28.998005">
				 <ele>692.5</ele>
			 </trkpt>
			 <trkpt lat="40.107394" lon="28.997824">
				 <ele>693.5</ele>
			 </trkpt>
			 <trkpt lat="40.107273" lon="28.997635">
				 <ele>693.6</ele>
			 </trkpt>
			 <trkpt lat="40.107244" lon="28.997457">
				 <ele>692.9</ele>
			 </trkpt>
			 <trkpt lat="40.107203" lon="28.996852">
				 <ele>691.8</ele>
			 </trkpt>
			 <trkpt lat="40.107109" lon="28.996449">
				 <ele>690.6</ele>
			 </trkpt>
			 <trkpt lat="40.107061" lon="28.996354">
				 <ele>689.5</ele>
			 </trkpt>
			 <trkpt lat="40.10702" lon="28.99626">
				 <ele>688.6</ele>
			 </trkpt>
			 <trkpt lat="40.10694" lon="28.99637">
				 <ele>687.3</ele>
			 </trkpt>
			 <trkpt lat="40.10694" lon="28.99656">
				 <ele>685.5</ele>
			 </trkpt>
			 <trkpt lat="40.10702" lon="28.99709">
				 <ele>683</ele>
			 </trkpt>
			 <trkpt lat="40.10696" lon="28.99736">
				 <ele>680.4</ele>
			 </trkpt>
			 <trkpt lat="40.10699" lon="28.99767">
				 <ele>678</ele>
			 </trkpt>
			 <trkpt lat="40.10701" lon="28.9983">
				 <ele>676.5</ele>
			 </trkpt>
			 <trkpt lat="40.10704" lon="28.99868">
				 <ele>674.8</ele>
			 </trkpt>
			 <trkpt lat="40.10707" lon="28.99883">
				 <ele>672.6</ele>
			 </trkpt>
			 <trkpt lat="40.10715" lon="28.99902">
				 <ele>670.2</ele>
			 </trkpt>
			 <trkpt lat="40.1072" lon="28.99925">
				 <ele>667.7</ele>
			 </trkpt>
			 <trkpt lat="40.10718" lon="28.99964">
				 <ele>665.3</ele>
			 </trkpt>
			 <trkpt lat="40.10705" lon="28.99964">
				 <ele>663.4</ele>
			 </trkpt>
			 <trkpt lat="40.10685" lon="28.99952">
				 <ele>661.5</ele>
			 </trkpt>
			 <trkpt lat="40.10677" lon="28.99944">
				 <ele>659.5</ele>
			 </trkpt>
			 <trkpt lat="40.10671" lon="28.99933">
				 <ele>657.3</ele>
			 </trkpt>
			 <trkpt lat="40.10667" lon="28.99918">
				 <ele>654.5</ele>
			 </trkpt>
			 <trkpt lat="40.10656" lon="28.99918">
				 <ele>651.7</ele>
			 </trkpt>
			 <trkpt lat="40.10639" lon="28.99932">
				 <ele>649.3</ele>
			 </trkpt>
			 <trkpt lat="40.1062" lon="28.99955">
				 <ele>647.6</ele>
			 </trkpt>
			 <trkpt lat="40.10602" lon="28.9997">
				 <ele>646.2</ele>
			 </trkpt>
			 <trkpt lat="40.105997" lon="28.999623">
				 <ele>645</ele>
			 </trkpt>
			 <trkpt lat="40.105968" lon="28.999548">
				 <ele>643.8</ele>
			 </trkpt>
			 <trkpt lat="40.106001" lon="28.999449">
				 <ele>642.7</ele>
			 </trkpt>
			 <trkpt lat="40.106157" lon="28.999264">
				 <ele>641.6</ele>
			 </trkpt>
			 <trkpt lat="40.106231" lon="28.999154">
				 <ele>640.3</ele>
			 </trkpt>
			 <trkpt lat="40.106251" lon="28.998996">
				 <ele>638.4</ele>
			 </trkpt>
			 <trkpt lat="40.106239" lon="28.998666">
				 <ele>636.2</ele>
			 </trkpt>
			 <trkpt lat="40.106218" lon="28.998408">
				 <ele>633.9</ele>
			 </trkpt>
			 <trkpt lat="40.106155" lon="28.998293">
				 <ele>631.7</ele>
			 </trkpt>
			 <trkpt lat="40.105935" lon="28.998054">
				 <ele>629.5</ele>
			 </trkpt>
			 <trkpt lat="40.105642" lon="28.997662">
				 <ele>626.5</ele>
			 </trkpt>
			 <trkpt lat="40.105361" lon="28.997359">
				 <ele>623</ele>
			 </trkpt>
			 <trkpt lat="40.105221" lon="28.997161">
				 <ele>619.5</ele>
			 </trkpt>
			 <trkpt lat="40.105137" lon="28.996903">
				 <ele>616.3</ele>
			 </trkpt>
			 <trkpt lat="40.10509" lon="28.996791">
				 <ele>613.5</ele>
			 </trkpt>
			 <trkpt lat="40.104856" lon="28.996533">
				 <ele>611.4</ele>
			 </trkpt>
			 <trkpt lat="40.104754" lon="28.996354">
				 <ele>609.6</ele>
			 </trkpt>
			 <trkpt lat="40.104698" lon="28.996152">
				 <ele>608.5</ele>
			 </trkpt>
			 <trkpt lat="40.104686" lon="28.995922">
				 <ele>606.5</ele>
			 </trkpt>
			 <trkpt lat="40.104721" lon="28.995694">
				 <ele>604.4</ele>
			 </trkpt>
			 <trkpt lat="40.104733" lon="28.995519">
				 <ele>601.1</ele>
			 </trkpt>
			 <trkpt lat="40.10469" lon="28.995297">
				 <ele>598.4</ele>
			 </trkpt>
			 <trkpt lat="40.104622" lon="28.99512">
				 <ele>595.6</ele>
			 </trkpt>
			 <trkpt lat="40.104068" lon="28.994353">
				 <ele>592.7</ele>
			 </trkpt>
			 <trkpt lat="40.103943" lon="28.994253">
				 <ele>589.5</ele>
			 </trkpt>
			 <trkpt lat="40.103545" lon="28.994135">
				 <ele>585.4</ele>
			 </trkpt>
			 <trkpt lat="40.10343" lon="28.994082">
				 <ele>580.7</ele>
			 </trkpt>
			 <trkpt lat="40.10308" lon="28.993628">
				 <ele>575.9</ele>
			 </trkpt>
			 <trkpt lat="40.102934" lon="28.993411">
				 <ele>570.9</ele>
			 </trkpt>
			 <trkpt lat="40.102823" lon="28.9931">
				 <ele>567</ele>
			 </trkpt>
			 <trkpt lat="40.102698" lon="28.992478">
				 <ele>563.4</ele>
			 </trkpt>
			 <trkpt lat="40.102645" lon="28.992126">
				 <ele>560.8</ele>
			 </trkpt>
			 <trkpt lat="40.10263" lon="28.991729">
				 <ele>558.4</ele>
			 </trkpt>
			 <trkpt lat="40.102636" lon="28.991239">
				 <ele>555.9</ele>
			 </trkpt>
			 <trkpt lat="40.102704" lon="28.990689">
				 <ele>553.4</ele>
			 </trkpt>
			 <trkpt lat="40.102704" lon="28.990544">
				 <ele>550.8</ele>
			 </trkpt>
			 <trkpt lat="40.102696" lon="28.990431">
				 <ele>548.5</ele>
			 </trkpt>
			 <trkpt lat="40.102667" lon="28.990345">
				 <ele>546.2</ele>
			 </trkpt>
			 <trkpt lat="40.102612" lon="28.990324">
				 <ele>544.1</ele>
			 </trkpt>
			 <trkpt lat="40.102544" lon="28.990362">
				 <ele>542.4</ele>
			 </trkpt>
			 <trkpt lat="40.102505" lon="28.990485">
				 <ele>540.5</ele>
			 </trkpt>
			 <trkpt lat="40.10246" lon="28.990707">
				 <ele>538.5</ele>
			 </trkpt>
			 <trkpt lat="40.102392" lon="28.990922">
				 <ele>536.2</ele>
			 </trkpt>
			 <trkpt lat="40.102281" lon="28.991217">
				 <ele>533.9</ele>
			 </trkpt>
			 <trkpt lat="40.102224" lon="28.991448">
				 <ele>531.8</ele>
			 </trkpt>
			 <trkpt lat="40.102191" lon="28.991528">
				 <ele>530</ele>
			 </trkpt>
			 <trkpt lat="40.102158" lon="28.99156">
				 <ele>528.5</ele>
			 </trkpt>
			 <trkpt lat="40.102105" lon="28.991571">
				 <ele>527.3</ele>
			 </trkpt>
			 <trkpt lat="40.102062" lon="28.991536">
				 <ele>526.5</ele>
			 </trkpt>
			 <trkpt lat="40.102046" lon="28.991432">
				 <ele>525.7</ele>
			 </trkpt>
			 <trkpt lat="40.102056" lon="28.991282">
				 <ele>525</ele>
			 </trkpt>
			 <trkpt lat="40.102076" lon="28.99119">
				 <ele>524.2</ele>
			 </trkpt>
			 <trkpt lat="40.102132" lon="28.990941">
				 <ele>522.8</ele>
			 </trkpt>
			 <trkpt lat="40.102183" lon="28.990678">
				 <ele>521.5</ele>
			 </trkpt>
			 <trkpt lat="40.102197" lon="28.990412">
				 <ele>520.5</ele>
			 </trkpt>
			 <trkpt lat="40.102193" lon="28.990217">
				 <ele>519.4</ele>
			 </trkpt>
			 <trkpt lat="40.102162" lon="28.990048">
				 <ele>517.6</ele>
			 </trkpt>
			 <trkpt lat="40.102025" lon="28.989718">
				 <ele>515.7</ele>
			 </trkpt>
			 <trkpt lat="40.10199" lon="28.989554">
				 <ele>513.8</ele>
			 </trkpt>
			 <trkpt lat="40.101986" lon="28.989267">
				 <ele>512</ele>
			 </trkpt>
			 <trkpt lat="40.101953" lon="28.989093">
				 <ele>510.3</ele>
			 </trkpt>
			 <trkpt lat="40.101799" lon="28.988774">
				 <ele>508.3</ele>
			 </trkpt>
			 <trkpt lat="40.101766" lon="28.988631">
				 <ele>506.3</ele>
			 </trkpt>
			 <trkpt lat="40.101783" lon="28.988462">
				 <ele>504.8</ele>
			 </trkpt>
			 <trkpt lat="40.10182" lon="28.988275">
				 <ele>503.2</ele>
			 </trkpt>
			 <trkpt lat="40.101879" lon="28.988047">
				 <ele>501.2</ele>
			 </trkpt>
			 <trkpt lat="40.101892" lon="28.987695">
				 <ele>499.2</ele>
			 </trkpt>
			 <trkpt lat="40.101922" lon="28.987317">
				 <ele>498.1</ele>
			 </trkpt>
			 <trkpt lat="40.101992" lon="28.986832">
				 <ele>497.5</ele>
			 </trkpt>
			 <trkpt lat="40.102119" lon="28.986341">
				 <ele>497</ele>
			 </trkpt>
			 <trkpt lat="40.102304" lon="28.985914">
				 <ele>496.3</ele>
			 </trkpt>
			 <trkpt lat="40.102417" lon="28.985697">
				 <ele>495.5</ele>
			 </trkpt>
			 <trkpt lat="40.102577" lon="28.985507">
				 <ele>495</ele>
			 </trkpt>
			 <trkpt lat="40.102733" lon="28.985357">
				 <ele>494.3</ele>
			 </trkpt>
			 <trkpt lat="40.10295" lon="28.98512">
				 <ele>492.8</ele>
			 </trkpt>
			 <trkpt lat="40.103004" lon="28.985013">
				 <ele>491.2</ele>
			 </trkpt>
			 <trkpt lat="40.103034" lon="28.984914">
				 <ele>489.7</ele>
			 </trkpt>
			 <trkpt lat="40.103026" lon="28.984807">
				 <ele>488.4</ele>
			 </trkpt>
			 <trkpt lat="40.102944" lon="28.984656">
				 <ele>486.1</ele>
			 </trkpt>
			 <trkpt lat="40.102749" lon="28.984243">
				 <ele>483.4</ele>
			 </trkpt>
			 <trkpt lat="40.102616" lon="28.984031">
				 <ele>480.4</ele>
			 </trkpt>
			 <trkpt lat="40.102548" lon="28.983884">
				 <ele>477.4</ele>
			 </trkpt>
			 <trkpt lat="40.102497" lon="28.983417">
				 <ele>474.4</ele>
			 </trkpt>
			 <trkpt lat="40.102409" lon="28.982908">
				 <ele>471.1</ele>
			 </trkpt>
			 <trkpt lat="40.102407" lon="28.982794">
				 <ele>468.5</ele>
			 </trkpt>
			 <trkpt lat="40.102407" lon="28.982747">
				 <ele>467.1</ele>
			 </trkpt>
			 <trkpt lat="40.102445" lon="28.982605">
				 <ele>466.3</ele>
			 </trkpt>
			 <trkpt lat="40.10261" lon="28.982318">
				 <ele>465.6</ele>
			 </trkpt>
			 <trkpt lat="40.102846" lon="28.981811">
				 <ele>465</ele>
			 </trkpt>
			 <trkpt lat="40.103053" lon="28.98147">
				 <ele>464.5</ele>
			 </trkpt>
			 <trkpt lat="40.103147" lon="28.981336">
				 <ele>463.7</ele>
			 </trkpt>
			 <trkpt lat="40.103168" lon="28.981264">
				 <ele>462.6</ele>
			 </trkpt>
			 <trkpt lat="40.103182" lon="28.981218">
				 <ele>460.7</ele>
			 </trkpt>
			 <trkpt lat="40.103153" lon="28.981092">
				 <ele>458.5</ele>
			 </trkpt>
			 <trkpt lat="40.103022" lon="28.980904">
				 <ele>456.6</ele>
			 </trkpt>
			 <trkpt lat="40.102854" lon="28.980537">
				 <ele>454</ele>
			 </trkpt>
			 <trkpt lat="40.102669" lon="28.980166">
				 <ele>450.9</ele>
			 </trkpt>
			 <trkpt lat="40.102368" lon="28.979769">
				 <ele>447.8</ele>
			 </trkpt>
			 <trkpt lat="40.102298" lon="28.979509">
				 <ele>444.8</ele>
			 </trkpt>
			 <trkpt lat="40.102259" lon="28.979161">
				 <ele>442</ele>
			 </trkpt>
			 <trkpt lat="40.102249" lon="28.9789">
				 <ele>439.5</ele>
			 </trkpt>
			 <trkpt lat="40.102294" lon="28.978718">
				 <ele>436.9</ele>
			 </trkpt>
			 <trkpt lat="40.102439" lon="28.978439">
				 <ele>434.1</ele>
			 </trkpt>
			 <trkpt lat="40.102571" lon="28.978211">
				 <ele>431.2</ele>
			 </trkpt>
			 <trkpt lat="40.10271" lon="28.977903">
				 <ele>427.8</ele>
			 </trkpt>
			 <trkpt lat="40.10279" lon="28.977543">
				 <ele>424.5</ele>
			 </trkpt>
			 <trkpt lat="40.102837" lon="28.977103">
				 <ele>421.5</ele>
			 </trkpt>
			 <trkpt lat="40.102842" lon="28.976714">
				 <ele>418.7</ele>
			 </trkpt>
			 <trkpt lat="40.10272" lon="28.975588">
				 <ele>415.6</ele>
			 </trkpt>
			 <trkpt lat="40.102672" lon="28.975231">
				 <ele>412.2</ele>
			 </trkpt>
			 <trkpt lat="40.102651" lon="28.975068">
				 <ele>408.4</ele>
			 </trkpt>
			 <trkpt lat="40.102651" lon="28.974882">
				 <ele>404.7</ele>
			 </trkpt>
			 <trkpt lat="40.102679" lon="28.974679">
				 <ele>401.5</ele>
			 </trkpt>
			 <trkpt lat="40.102659" lon="28.974582">
				 <ele>398.4</ele>
			 </trkpt>
			 <trkpt lat="40.102599" lon="28.974547">
				 <ele>396.3</ele>
			 </trkpt>
			 <trkpt lat="40.10254" lon="28.974566">
				 <ele>394.7</ele>
			 </trkpt>
			 <trkpt lat="40.102392" lon="28.975038">
				 <ele>392.4</ele>
			 </trkpt>
			 <trkpt lat="40.102243" lon="28.975164">
				 <ele>389.6</ele>
			 </trkpt>
			 <trkpt lat="40.102358" lon="28.974705">
				 <ele>386.9</ele>
			 </trkpt>
			 <trkpt lat="40.102674" lon="28.973455">
				 <ele>384.5</ele>
			 </trkpt>
			 <trkpt lat="40.103035" lon="28.972553">
				 <ele>382.5</ele>
			 </trkpt>
			 <trkpt lat="40.103153" lon="28.971961">
				 <ele>380.9</ele>
			 </trkpt>
			 <trkpt lat="40.103228" lon="28.971679">
				 <ele>379.5</ele>
			 </trkpt>
			 <trkpt lat="40.103363" lon="28.97118">
				 <ele>378.5</ele>
			 </trkpt>
			 <trkpt lat="40.103646" lon="28.970579">
				 <ele>378.1</ele>
			 </trkpt>
			 <trkpt lat="40.104893" lon="28.968803">
				 <ele>377.7</ele>
			 </trkpt>
			 <trkpt lat="40.105175" lon="28.968528">
				 <ele>377.5</ele>
			 </trkpt>
			 <trkpt lat="40.105449" lon="28.968393">
				 <ele>378.2</ele>
			 </trkpt>
			 <trkpt lat="40.10549" lon="28.968373">
				 <ele>379.3</ele>
			 </trkpt>
			 <trkpt lat="40.105871" lon="28.968339">
				 <ele>380.5</ele>
			 </trkpt>
			 <trkpt lat="40.106245" lon="28.968425">
				 <ele>381.6</ele>
			 </trkpt>
			 <trkpt lat="40.106567" lon="28.968485">
				 <ele>382.5</ele>
			 </trkpt>
			 <trkpt lat="40.106869" lon="28.968442">
				 <ele>383.6</ele>
			 </trkpt>
			 <trkpt lat="40.10725" lon="28.96827">
				 <ele>384.6</ele>
			 </trkpt>
			 <trkpt lat="40.107887" lon="28.967876">
				 <ele>385.7</ele>
			 </trkpt>
			 <trkpt lat="40.108412" lon="28.967455">
				 <ele>386.7</ele>
			 </trkpt>
			 <trkpt lat="40.108911" lon="28.967009">
				 <ele>387.5</ele>
			 </trkpt>
			 <trkpt lat="40.10916" lon="28.966914">
				 <ele>387.7</ele>
			 </trkpt>
			 <trkpt lat="40.109508" lon="28.966854">
				 <ele>388.1</ele>
			 </trkpt>
			 <trkpt lat="40.109974" lon="28.966888">
				 <ele>388.8</ele>
			 </trkpt>
			 <trkpt lat="40.11027" lon="28.966888">
				 <ele>390.2</ele>
			 </trkpt>
			 <trkpt lat="40.110598" lon="28.966751">
				 <ele>391.5</ele>
			 </trkpt>
			 <trkpt lat="40.111169" lon="28.966485">
				 <ele>392.6</ele>
			 </trkpt>
			 <trkpt lat="40.111425" lon="28.966416">
				 <ele>392.9</ele>
			 </trkpt>
			 <trkpt lat="40.111635" lon="28.966468">
				 <ele>392.5</ele>
			 </trkpt>
			 <trkpt lat="40.11195" lon="28.966691">
				 <ele>391.5</ele>
			 </trkpt>
			 <trkpt lat="40.112147" lon="28.966743">
				 <ele>390.2</ele>
			 </trkpt>
			 <trkpt lat="40.112377" lon="28.966725">
				 <ele>389.2</ele>
			 </trkpt>
			 <trkpt lat="40.112574" lon="28.96658">
				 <ele>387.7</ele>
			 </trkpt>
			 <trkpt lat="40.112836" lon="28.966262">
				 <ele>385.5</ele>
			 </trkpt>
			 <trkpt lat="40.113401" lon="28.96591">
				 <ele>383</ele>
			 </trkpt>
			 <trkpt lat="40.113451" lon="28.965892">
				 <ele>381</ele>
			 </trkpt>
			 <trkpt lat="40.113873" lon="28.965747">
				 <ele>379.2</ele>
			 </trkpt>
			 <trkpt lat="40.114201" lon="28.965524">
				 <ele>377.5</ele>
			 </trkpt>
			 <trkpt lat="40.114412" lon="28.965404">
				 <ele>376.2</ele>
			 </trkpt>
			 <trkpt lat="40.114615" lon="28.965438">
				 <ele>373.7</ele>
			 </trkpt>
			 <trkpt lat="40.115042" lon="28.965644">
				 <ele>371.3</ele>
			 </trkpt>
			 <trkpt lat="40.115285" lon="28.965661">
				 <ele>368.6</ele>
			 </trkpt>
			 <trkpt lat="40.11581" lon="28.965558">
				 <ele>366</ele>
			 </trkpt>
			 <trkpt lat="40.116013" lon="28.965429">
				 <ele>364.3</ele>
			 </trkpt>
			 <trkpt lat="40.116348" lon="28.964777">
				 <ele>363.5</ele>
			 </trkpt>
			 <trkpt lat="40.116597" lon="28.964537">
				 <ele>362.3</ele>
			 </trkpt>
			 <trkpt lat="40.116886" lon="28.964442">
				 <ele>360.3</ele>
			 </trkpt>
			 <trkpt lat="40.117166" lon="28.964446">
				 <ele>358</ele>
			 </trkpt>
			 <trkpt lat="40.117347" lon="28.96449">
				 <ele>355.4</ele>
			 </trkpt>
			 <trkpt lat="40.117586" lon="28.964549">
				 <ele>352.3</ele>
			 </trkpt>
			 <trkpt lat="40.117777" lon="28.964635">
				 <ele>350.9</ele>
			 </trkpt>
			 <trkpt lat="40.117947" lon="28.964849">
				 <ele>349.5</ele>
			 </trkpt>
			 <trkpt lat="40.118125" lon="28.964995">
				 <ele>347.5</ele>
			 </trkpt>
			 <trkpt lat="40.118394" lon="28.965098">
				 <ele>345.5</ele>
			 </trkpt>
			 <trkpt lat="40.119076" lon="28.965227">
				 <ele>343.5</ele>
			 </trkpt>
			 <trkpt lat="40.119831" lon="28.965442">
				 <ele>341.2</ele>
			 </trkpt>
			 <trkpt lat="40.120317" lon="28.965716">
				 <ele>339.2</ele>
			 </trkpt>
			 <trkpt lat="40.120357" lon="28.96575">
				 <ele>336.3</ele>
			 </trkpt>
			 <trkpt lat="40.120855" lon="28.966163">
				 <ele>333.3</ele>
			 </trkpt>
			 <trkpt lat="40.121183" lon="28.96666">
				 <ele>330.7</ele>
			 </trkpt>
			 <trkpt lat="40.121465" lon="28.966935">
				 <ele>328.9</ele>
			 </trkpt>
			 <trkpt lat="40.121767" lon="28.967313">
				 <ele>328.1</ele>
			 </trkpt>
			 <trkpt lat="40.122187" lon="28.967871">
				 <ele>327.8</ele>
			 </trkpt>
			 <trkpt lat="40.122509" lon="28.968497">
				 <ele>328.2</ele>
			 </trkpt>
			 <trkpt lat="40.12262" lon="28.968806">
				 <ele>328.5</ele>
			 </trkpt>
			 <trkpt lat="40.122634" lon="28.969004">
				 <ele>328.7</ele>
			 </trkpt>
			 <trkpt lat="40.122411" lon="28.970068">
				 <ele>329.1</ele>
			 </trkpt>
			 <trkpt lat="40.122352" lon="28.970506">
				 <ele>328.7</ele>
			 </trkpt>
			 <trkpt lat="40.122378" lon="28.970772">
				 <ele>328.4</ele>
			 </trkpt>
			 <trkpt lat="40.122437" lon="28.970995">
				 <ele>328.3</ele>
			 </trkpt>
			 <trkpt lat="40.122529" lon="28.971149">
				 <ele>328.1</ele>
			 </trkpt>
			 <trkpt lat="40.12268" lon="28.971218">
				 <ele>327.7</ele>
			 </trkpt>
			 <trkpt lat="40.123102" lon="28.971209">
				 <ele>325.7</ele>
			 </trkpt>
			 <trkpt lat="40.123493" lon="28.971201">
				 <ele>323.5</ele>
			 </trkpt>
			 <trkpt lat="40.123966" lon="28.971287">
				 <ele>320.8</ele>
			 </trkpt>
			 <trkpt lat="40.124189" lon="28.971278">
				 <ele>317</ele>
			 </trkpt>
			 <trkpt lat="40.124432" lon="28.971175">
				 <ele>313.5</ele>
			 </trkpt>
			 <trkpt lat="40.124983" lon="28.970883">
				 <ele>309.7</ele>
			 </trkpt>
			 <trkpt lat="40.125436" lon="28.970566">
				 <ele>306.5</ele>
			 </trkpt>
			 <trkpt lat="40.125666" lon="28.970317">
				 <ele>303.7</ele>
			 </trkpt>
			 <trkpt lat="40.126125" lon="28.969622">
				 <ele>300.5</ele>
			 </trkpt>
			 <trkpt lat="40.126703" lon="28.969004">
				 <ele>297.4</ele>
			 </trkpt>
			 <trkpt lat="40.126952" lon="28.968832">
				 <ele>294.4</ele>
			 </trkpt>
			 <trkpt lat="40.127166" lon="28.968807">
				 <ele>292.4</ele>
			 </trkpt>
			 <trkpt lat="40.127488" lon="28.96877">
				 <ele>290.9</ele>
			 </trkpt>
			 <trkpt lat="40.127862" lon="28.968713">
				 <ele>290.3</ele>
			 </trkpt>
			 <trkpt lat="40.128045" lon="28.968747">
				 <ele>290.9</ele>
			 </trkpt>
			 <trkpt lat="40.128249" lon="28.968902">
				 <ele>291.1</ele>
			 </trkpt>
			 <trkpt lat="40.128367" lon="28.969134">
				 <ele>291.4</ele>
			 </trkpt>
			 <trkpt lat="40.128439" lon="28.969468">
				 <ele>291.3</ele>
			 </trkpt>
			 <trkpt lat="40.128564" lon="28.9697">
				 <ele>291.1</ele>
			 </trkpt>
			 <trkpt lat="40.128767" lon="28.969846">
				 <ele>291.3</ele>
			 </trkpt>
			 <trkpt lat="40.129036" lon="28.96988">
				 <ele>291.3</ele>
			 </trkpt>
			 <trkpt lat="40.129305" lon="28.96982">
				 <ele>290.1</ele>
			 </trkpt>
			 <trkpt lat="40.129627" lon="28.969709">
				 <ele>288.2</ele>
			 </trkpt>
			 <trkpt lat="40.129929" lon="28.969691">
				 <ele>285.5</ele>
			 </trkpt>
			 <trkpt lat="40.130185" lon="28.969614">
				 <ele>282.5</ele>
			 </trkpt>
			 <trkpt lat="40.130414" lon="28.969451">
				 <ele>279</ele>
			 </trkpt>
			 <trkpt lat="40.130664" lon="28.969073">
				 <ele>275.6</ele>
			 </trkpt>
			 <trkpt lat="40.131084" lon="28.968704">
				 <ele>272.8</ele>
			 </trkpt>
			 <trkpt lat="40.131609" lon="28.968335">
				 <ele>270.5</ele>
			 </trkpt>
			 <trkpt lat="40.131825" lon="28.968284">
				 <ele>268.4</ele>
			 </trkpt>
			 <trkpt lat="40.132042" lon="28.96831">
				 <ele>265.9</ele>
			 </trkpt>
			 <trkpt lat="40.132316" lon="28.968477">
				 <ele>263.5</ele>
			 </trkpt>
			 <trkpt lat="40.132967" lon="28.968876">
				 <ele>262</ele>
			 </trkpt>
			 <trkpt lat="40.133197" lon="28.968936">
				 <ele>260.5</ele>
			 </trkpt>
			 <trkpt lat="40.133486" lon="28.968885">
				 <ele>259.2</ele>
			 </trkpt>
			 <trkpt lat="40.134024" lon="28.968567">
				 <ele>257.6</ele>
			 </trkpt>
			 <trkpt lat="40.134279" lon="28.968327">
				 <ele>256.4</ele>
			 </trkpt>
			 <trkpt lat="40.134542" lon="28.968018">
				 <ele>254.9</ele>
			 </trkpt>
			 <trkpt lat="40.134811" lon="28.967597">
				 <ele>252.8</ele>
			 </trkpt>
			 <trkpt lat="40.13506" lon="28.967408">
				 <ele>250.3</ele>
			 </trkpt>
			 <trkpt lat="40.135183" lon="28.967362">
				 <ele>247.6</ele>
			 </trkpt>
			 <trkpt lat="40.135454" lon="28.967262">
				 <ele>245.3</ele>
			 </trkpt>
			 <trkpt lat="40.136084" lon="28.967125">
				 <ele>243.2</ele>
			 </trkpt>
			 <trkpt lat="40.137278" lon="28.966842">
				 <ele>240.4</ele>
			 </trkpt>
			 <trkpt lat="40.138558" lon="28.966227">
				 <ele>238.2</ele>
			 </trkpt>
			 <trkpt lat="40.138753" lon="28.966177">
				 <ele>236.2</ele>
			 </trkpt>
			 <trkpt lat="40.138933" lon="28.966151">
				 <ele>234.7</ele>
			 </trkpt>
			 <trkpt lat="40.139025" lon="28.966161">
				 <ele>233.1</ele>
			 </trkpt>
			 <trkpt lat="40.13912" lon="28.96614">
				 <ele>232</ele>
			 </trkpt>
			 <trkpt lat="40.13931" lon="28.96622">
				 <ele>231.3</ele>
			 </trkpt>
			 <trkpt lat="40.13954" lon="28.96633">
				 <ele>231</ele>
			 </trkpt>
			 <trkpt lat="40.14006" lon="28.96671">
				 <ele>230.7</ele>
			 </trkpt>
			 <trkpt lat="40.14029" lon="28.96679">
				 <ele>230.5</ele>
			 </trkpt>
			 <trkpt lat="40.14055" lon="28.96684">
				 <ele>230.2</ele>
			 </trkpt>
			 <trkpt lat="40.14063" lon="28.96681">
				 <ele>230.5</ele>
			 </trkpt>
			 <trkpt lat="40.1411" lon="28.96678">
				 <ele>230.7</ele>
			 </trkpt>
			 <trkpt lat="40.1414" lon="28.96672">
				 <ele>230.7</ele>
			 </trkpt>
			 <trkpt lat="40.14151" lon="28.96673">
				 <ele>230.8</ele>
			 </trkpt>
			 <trkpt lat="40.14158" lon="28.96673">
				 <ele>230.8</ele>
			 </trkpt>
			 <trkpt lat="40.14203" lon="28.96687">
				 <ele>230.3</ele>
			 </trkpt>
			 <trkpt lat="40.14228" lon="28.96696">
				 <ele>229.9</ele>
			 </trkpt>
			 <trkpt lat="40.14251" lon="28.9671">
				 <ele>229.3</ele>
			 </trkpt>
			 <trkpt lat="40.14285" lon="28.9674">
				 <ele>228.8</ele>
			 </trkpt>
			 <trkpt lat="40.14331" lon="28.96794">
				 <ele>228.6</ele>
			 </trkpt>
			 <trkpt lat="40.14359" lon="28.96836">
				 <ele>228.6</ele>
			 </trkpt>
			 <trkpt lat="40.14371" lon="28.96864">
				 <ele>228.7</ele>
			 </trkpt>
			 <trkpt lat="40.14391" lon="28.96895">
				 <ele>228.3</ele>
			 </trkpt>
			 <trkpt lat="40.14434" lon="28.96974">
				 <ele>227</ele>
			 </trkpt>
			 <trkpt lat="40.14455" lon="28.97018">
				 <ele>225.2</ele>
			 </trkpt>
			 <trkpt lat="40.14471" lon="28.97047">
				 <ele>223.5</ele>
			 </trkpt>
			 <trkpt lat="40.14487" lon="28.9707">
				 <ele>222.2</ele>
			 </trkpt>
			 <trkpt lat="40.14567" lon="28.97165">
				 <ele>220.9</ele>
			 </trkpt>
			 <trkpt lat="40.14651" lon="28.97257">
				 <ele>219.8</ele>
			 </trkpt>
			 <trkpt lat="40.14695" lon="28.97313">
				 <ele>218.8</ele>
			 </trkpt>
			 <trkpt lat="40.14706" lon="28.97323">
				 <ele>217.5</ele>
			 </trkpt>
			 <trkpt lat="40.14717" lon="28.97337">
				 <ele>216</ele>
			 </trkpt>
			 <trkpt lat="40.14738" lon="28.97358">
				 <ele>214.3</ele>
			 </trkpt>
			 <trkpt lat="40.14754" lon="28.97376">
				 <ele>213</ele>
			 </trkpt>
			 <trkpt lat="40.14779" lon="28.97395">
				 <ele>212.5</ele>
			 </trkpt>
			 <trkpt lat="40.14792" lon="28.97402">
				 <ele>212.5</ele>
			 </trkpt>
			 <trkpt lat="40.14811" lon="28.97411">
				 <ele>212.9</ele>
			 </trkpt>
			 <trkpt lat="40.14828" lon="28.97415">
				 <ele>213.1</ele>
			 </trkpt>
			 <trkpt lat="40.14885" lon="28.97418">
				 <ele>213</ele>
			 </trkpt>
			 <trkpt lat="40.14913" lon="28.97415">
				 <ele>212.5</ele>
			 </trkpt>
			 <trkpt lat="40.14949" lon="28.97414">
				 <ele>211.9</ele>
			 </trkpt>
			 <trkpt lat="40.14969" lon="28.97417">
				 <ele>211.1</ele>
			 </trkpt>
			 <trkpt lat="40.15057" lon="28.97446">
				 <ele>210.6</ele>
			 </trkpt>
			 <trkpt lat="40.1508" lon="28.97458">
				 <ele>210.5</ele>
			 </trkpt>
			 <trkpt lat="40.15114" lon="28.97471">
				 <ele>210.4</ele>
			 </trkpt>
			 <trkpt lat="40.15129" lon="28.97478">
				 <ele>210.5</ele>
			 </trkpt>
			 <trkpt lat="40.15216" lon="28.97504">
				 <ele>210.4</ele>
			 </trkpt>
			 <trkpt lat="40.15256" lon="28.97525">
				 <ele>209.9</ele>
			 </trkpt>
			 <trkpt lat="40.1527" lon="28.97529">
				 <ele>209.8</ele>
			 </trkpt>
			 <trkpt lat="40.152796" lon="28.975371">
				 <ele>210</ele>
			 </trkpt>
			 <trkpt lat="40.15297" lon="28.97541">
				 <ele>210.3</ele>
			 </trkpt>
			 <trkpt lat="40.15385" lon="28.97583">
				 <ele>210</ele>
			 </trkpt>
			 <trkpt lat="40.15416" lon="28.97595">
				 <ele>209.7</ele>
			 </trkpt>
			 <trkpt lat="40.15449" lon="28.97612">
				 <ele>209.4</ele>
			 </trkpt>
			 <trkpt lat="40.15483" lon="28.97625">
				 <ele>208.8</ele>
			 </trkpt>
			 <trkpt lat="40.15529" lon="28.9765">
				 <ele>208.3</ele>
			 </trkpt>
			 <trkpt lat="40.15563" lon="28.97667">
				 <ele>208.1</ele>
			 </trkpt>
			 <trkpt lat="40.15606" lon="28.97689">
				 <ele>208.3</ele>
			 </trkpt>
			 <trkpt lat="40.15628" lon="28.97697">
				 <ele>208.7</ele>
			 </trkpt>
			 <trkpt lat="40.15692" lon="28.9773">
				 <ele>209.1</ele>
			 </trkpt>
			 <trkpt lat="40.1571" lon="28.97736">
				 <ele>208.5</ele>
			 </trkpt>
			 <trkpt lat="40.15749" lon="28.97755">
				 <ele>208.3</ele>
			 </trkpt>
			 <trkpt lat="40.15774" lon="28.97765">
				 <ele>208.2</ele>
			 </trkpt>
			 <trkpt lat="40.15794" lon="28.97772">
				 <ele>209.4</ele>
			 </trkpt>
			 <trkpt lat="40.15806" lon="28.97773">
				 <ele>210.7</ele>
			 </trkpt>
			 <trkpt lat="40.15828" lon="28.97775">
				 <ele>212.2</ele>
			 </trkpt>
			 <trkpt lat="40.15848" lon="28.97772">
				 <ele>214.3</ele>
			 </trkpt>
			 <trkpt lat="40.15894" lon="28.97759">
				 <ele>215.8</ele>
			 </trkpt>
			 <trkpt lat="40.15942" lon="28.97748">
				 <ele>217.3</ele>
			 </trkpt>
			 <trkpt lat="40.15977" lon="28.97733">
				 <ele>218.7</ele>
			 </trkpt>
			 <trkpt lat="40.15988" lon="28.97726">
				 <ele>220</ele>
			 </trkpt>
			 <trkpt lat="40.16047" lon="28.97703">
				 <ele>221.9</ele>
			 </trkpt>
			 <trkpt lat="40.16095" lon="28.97676">
				 <ele>223.6</ele>
			 </trkpt>
			 <trkpt lat="40.16133" lon="28.97659">
				 <ele>225.7</ele>
			 </trkpt>
			 <trkpt lat="40.16143" lon="28.97657">
				 <ele>226.8</ele>
			 </trkpt>
			 <trkpt lat="40.16158" lon="28.9765">
				 <ele>228.5</ele>
			 </trkpt>
			 <trkpt lat="40.16163" lon="28.9765">
				 <ele>230.1</ele>
			 </trkpt>
			 <trkpt lat="40.1617" lon="28.97644">
				 <ele>231.4</ele>
			 </trkpt>
			 <trkpt lat="40.16177" lon="28.97641">
				 <ele>233.6</ele>
			 </trkpt>
			 <trkpt lat="40.16187" lon="28.9764">
				 <ele>235.9</ele>
			 </trkpt>
			 <trkpt lat="40.16222" lon="28.97642">
				 <ele>238.2</ele>
			 </trkpt>
			 <trkpt lat="40.16347" lon="28.97657">
				 <ele>240.2</ele>
			 </trkpt>
			 <trkpt lat="40.16368" lon="28.97662">
				 <ele>242.2</ele>
			 </trkpt>
			 <trkpt lat="40.16409" lon="28.97678">
				 <ele>244.3</ele>
			 </trkpt>
			 <trkpt lat="40.16477" lon="28.97707">
				 <ele>246.9</ele>
			 </trkpt>
			 <trkpt lat="40.16503" lon="28.97716">
				 <ele>249.5</ele>
			 </trkpt>
			 <trkpt lat="40.16538" lon="28.97724">
				 <ele>251</ele>
			 </trkpt>
			 <trkpt lat="40.16567" lon="28.97728">
				 <ele>252.7</ele>
			 </trkpt>
			 <trkpt lat="40.16582" lon="28.97728">
				 <ele>254.5</ele>
			 </trkpt>
			 <trkpt lat="40.16634" lon="28.97723">
				 <ele>255.4</ele>
			 </trkpt>
			 <trkpt lat="40.16648" lon="28.9772">
				 <ele>255.6</ele>
			 </trkpt>
			 <trkpt lat="40.16669" lon="28.97713">
				 <ele>256</ele>
			 </trkpt>
			 <trkpt lat="40.16687" lon="28.97712">
				 <ele>256.8</ele>
			 </trkpt>
			 <trkpt lat="40.16704" lon="28.97715">
				 <ele>257.7</ele>
			 </trkpt>
			 <trkpt lat="40.16729" lon="28.97724">
				 <ele>258.5</ele>
			 </trkpt>
			 <trkpt lat="40.16763" lon="28.97749">
				 <ele>258.5</ele>
			 </trkpt>
			 <trkpt lat="40.16807" lon="28.97786">
				 <ele>258.1</ele>
			 </trkpt>
			 <trkpt lat="40.1682" lon="28.97794">
				 <ele>257.8</ele>
			 </trkpt>
			 <trkpt lat="40.1683" lon="28.97796">
				 <ele>257.4</ele>
			 </trkpt>
			 <trkpt lat="40.16844" lon="28.97795">
				 <ele>256.6</ele>
			 </trkpt>
			 <trkpt lat="40.16854" lon="28.97792">
				 <ele>255.9</ele>
			 </trkpt>
			 <trkpt lat="40.16893" lon="28.97766">
				 <ele>255.5</ele>
			 </trkpt>
			 <trkpt lat="40.16926" lon="28.97751">
				 <ele>254.4</ele>
			 </trkpt>
			 <trkpt lat="40.16938" lon="28.97748">
				 <ele>252.3</ele>
			 </trkpt>
			 <trkpt lat="40.16954" lon="28.97748">
				 <ele>249.6</ele>
			 </trkpt>
			 <trkpt lat="40.16966" lon="28.97751">
				 <ele>246.5</ele>
			 </trkpt>
			 <trkpt lat="40.16982" lon="28.97754">
				 <ele>243.1</ele>
			 </trkpt>
			 <trkpt lat="40.17035" lon="28.97772">
				 <ele>239.7</ele>
			 </trkpt>
			 <trkpt lat="40.17065" lon="28.97778">
				 <ele>235.9</ele>
			 </trkpt>
			 <trkpt lat="40.17091" lon="28.97779">
				 <ele>232.2</ele>
			 </trkpt>
			 <trkpt lat="40.17133" lon="28.97771">
				 <ele>228.5</ele>
			 </trkpt>
			 <trkpt lat="40.17152" lon="28.97762">
				 <ele>224.3</ele>
			 </trkpt>
			 <trkpt lat="40.17164" lon="28.97758">
				 <ele>219.6</ele>
			 </trkpt>
			 <trkpt lat="40.17205" lon="28.97736">
				 <ele>215.3</ele>
			 </trkpt>
			 <trkpt lat="40.17213" lon="28.97734">
				 <ele>211.6</ele>
			 </trkpt>
			 <trkpt lat="40.17243" lon="28.97721">
				 <ele>208.5</ele>
			 </trkpt>
			 <trkpt lat="40.17282" lon="28.97695">
				 <ele>205.6</ele>
			 </trkpt>
			 <trkpt lat="40.17298" lon="28.97679">
				 <ele>202.4</ele>
			 </trkpt>
			 <trkpt lat="40.17307" lon="28.97668">
				 <ele>199.6</ele>
			 </trkpt>
			 <trkpt lat="40.17323" lon="28.97637">
				 <ele>197.6</ele>
			 </trkpt>
			 <trkpt lat="40.17332" lon="28.97609">
				 <ele>195.5</ele>
			 </trkpt>
			 <trkpt lat="40.17338" lon="28.97573">
				 <ele>193.5</ele>
			 </trkpt>
			 <trkpt lat="40.17342" lon="28.97504">
				 <ele>191.8</ele>
			 </trkpt>
			 <trkpt lat="40.17353" lon="28.97456">
				 <ele>190</ele>
			 </trkpt>
			 <trkpt lat="40.17361" lon="28.97436">
				 <ele>188.5</ele>
			 </trkpt>
			 <trkpt lat="40.17378" lon="28.97407">
				 <ele>186.2</ele>
			 </trkpt>
			 <trkpt lat="40.17384" lon="28.97399">
				 <ele>184</ele>
			 </trkpt>
			 <trkpt lat="40.17399" lon="28.97384">
				 <ele>182.2</ele>
			 </trkpt>
			 <trkpt lat="40.17435" lon="28.97363">
				 <ele>181.5</ele>
			 </trkpt>
			 <trkpt lat="40.17537" lon="28.9731">
				 <ele>180.5</ele>
			 </trkpt>
			 <trkpt lat="40.17592" lon="28.97275">
				 <ele>179.4</ele>
			 </trkpt>
			 <trkpt lat="40.17625" lon="28.97257">
				 <ele>178.1</ele>
			 </trkpt>
			 <trkpt lat="40.17656" lon="28.97245">
				 <ele>177</ele>
			 </trkpt>
			 <trkpt lat="40.17675" lon="28.97243">
				 <ele>176.1</ele>
			 </trkpt>
			 <trkpt lat="40.1769" lon="28.97242">
				 <ele>175.5</ele>
			 </trkpt>
			 <trkpt lat="40.17718" lon="28.97247">
				 <ele>174.8</ele>
			 </trkpt>
			 <trkpt lat="40.17743" lon="28.97255">
				 <ele>174.1</ele>
			 </trkpt>
			 <trkpt lat="40.17782" lon="28.97282">
				 <ele>173</ele>
			 </trkpt>
			 <trkpt lat="40.17795" lon="28.97286">
				 <ele>171.2</ele>
			 </trkpt>
			 <trkpt lat="40.17813" lon="28.97296">
				 <ele>169.2</ele>
			 </trkpt>
			 <trkpt lat="40.17829" lon="28.97308">
				 <ele>167.2</ele>
			 </trkpt>
			 <trkpt lat="40.17859" lon="28.97341">
				 <ele>164.7</ele>
			 </trkpt>
			 <trkpt lat="40.17874" lon="28.97355">
				 <ele>162.1</ele>
			 </trkpt>
			 <trkpt lat="40.17909" lon="28.97391">
				 <ele>159.4</ele>
			 </trkpt>
			 <trkpt lat="40.17938" lon="28.97427">
				 <ele>157</ele>
			 </trkpt>
			 <trkpt lat="40.1796" lon="28.97461">
				 <ele>154.9</ele>
			 </trkpt>
			 <trkpt lat="40.17993" lon="28.97501">
				 <ele>152.9</ele>
			 </trkpt>
			 <trkpt lat="40.18025" lon="28.97545">
				 <ele>151.7</ele>
			 </trkpt>
			 <trkpt lat="40.18064" lon="28.97589">
				 <ele>151.4</ele>
			 </trkpt>
			 <trkpt lat="40.18101" lon="28.97619">
				 <ele>151.9</ele>
			 </trkpt>
			 <trkpt lat="40.18152" lon="28.97648">
				 <ele>152.9</ele>
			 </trkpt>
			 <trkpt lat="40.18199" lon="28.97667">
				 <ele>154.1</ele>
			 </trkpt>
			 <trkpt lat="40.18231" lon="28.97674">
				 <ele>155.9</ele>
			 </trkpt>
			 <trkpt lat="40.18281" lon="28.97677">
				 <ele>158.3</ele>
			 </trkpt>
			 <trkpt lat="40.1835" lon="28.9767">
				 <ele>160.7</ele>
			 </trkpt>
			 <trkpt lat="40.18373" lon="28.97663">
				 <ele>163.1</ele>
			 </trkpt>
			 <trkpt lat="40.18388" lon="28.97662">
				 <ele>165.5</ele>
			 </trkpt>
			 <trkpt lat="40.18403" lon="28.97658">
				 <ele>169.2</ele>
			 </trkpt>
			 <trkpt lat="40.18423" lon="28.97656">
				 <ele>173.2</ele>
			 </trkpt>
			 <trkpt lat="40.18478" lon="28.97646">
				 <ele>176.7</ele>
			 </trkpt>
			 <trkpt lat="40.18503" lon="28.97644">
				 <ele>180</ele>
			 </trkpt>
			 <trkpt lat="40.18535" lon="28.97646">
				 <ele>183.1</ele>
			 </trkpt>
			 <trkpt lat="40.18614" lon="28.97665">
				 <ele>186</ele>
			 </trkpt>
			 <trkpt lat="40.18638" lon="28.97673">
				 <ele>188.2</ele>
			 </trkpt>
			 <trkpt lat="40.18662" lon="28.97684">
				 <ele>189.7</ele>
			 </trkpt>
			 <trkpt lat="40.18675" lon="28.97691">
				 <ele>191</ele>
			 </trkpt>
			 <trkpt lat="40.18709" lon="28.97715">
				 <ele>191.9</ele>
			 </trkpt>
			 <trkpt lat="40.18718" lon="28.9772">
				 <ele>192.1</ele>
			 </trkpt>
			 <trkpt lat="40.18767" lon="28.97761">
				 <ele>190.9</ele>
			 </trkpt>
			 <trkpt lat="40.18795" lon="28.97792">
				 <ele>189.4</ele>
			 </trkpt>
			 <trkpt lat="40.18806" lon="28.97809">
				 <ele>187.3</ele>
			 </trkpt>
			 <trkpt lat="40.18819" lon="28.97824">
				 <ele>185.1</ele>
			 </trkpt>
			 <trkpt lat="40.18844" lon="28.97857">
				 <ele>183</ele>
			 </trkpt>
			 <trkpt lat="40.1886" lon="28.97883">
				 <ele>180.3</ele>
			 </trkpt>
			 <trkpt lat="40.18883" lon="28.97926">
				 <ele>178.1</ele>
			 </trkpt>
			 <trkpt lat="40.1891" lon="28.97982">
				 <ele>175.9</ele>
			 </trkpt>
			 <trkpt lat="40.18924" lon="28.98003">
				 <ele>173.5</ele>
			 </trkpt>
			 <trkpt lat="40.1896" lon="28.98079">
				 <ele>170.6</ele>
			 </trkpt>
			 <trkpt lat="40.19002" lon="28.98159">
				 <ele>168</ele>
			 </trkpt>
			 <trkpt lat="40.19012" lon="28.98176">
				 <ele>165.5</ele>
			 </trkpt>
			 <trkpt lat="40.19065" lon="28.9828">
				 <ele>162.9</ele>
			 </trkpt>
			 <trkpt lat="40.19082" lon="28.9831">
				 <ele>160.7</ele>
			 </trkpt>
			 <trkpt lat="40.19113" lon="28.98385">
				 <ele>158.5</ele>
			 </trkpt>
			 <trkpt lat="40.19135" lon="28.98419">
				 <ele>155.3</ele>
			 </trkpt>
			 <trkpt lat="40.19153" lon="28.98453">
				 <ele>152.3</ele>
			 </trkpt>
			 <trkpt lat="40.19164" lon="28.9848">
				 <ele>148.9</ele>
			 </trkpt>
			 <trkpt lat="40.19175" lon="28.98495">
				 <ele>145.8</ele>
			 </trkpt>
			 <trkpt lat="40.19223" lon="28.98572">
				 <ele>142.7</ele>
			 </trkpt>
			 <trkpt lat="40.1929" lon="28.98651">
				 <ele>139.7</ele>
			 </trkpt>
			 <trkpt lat="40.19329" lon="28.98702">
				 <ele>137.1</ele>
			 </trkpt>
			 <trkpt lat="40.19387" lon="28.98754">
				 <ele>134.6</ele>
			 </trkpt>
			 <trkpt lat="40.19402" lon="28.98771">
				 <ele>132.4</ele>
			 </trkpt>
			 <trkpt lat="40.19453" lon="28.98814">
				 <ele>130.4</ele>
			 </trkpt>
			 <trkpt lat="40.19478" lon="28.98838">
				 <ele>128.8</ele>
			 </trkpt>
			 <trkpt lat="40.19502" lon="28.98868">
				 <ele>127.8</ele>
			 </trkpt>
			 <trkpt lat="40.19517" lon="28.98882">
				 <ele>127.2</ele>
			 </trkpt>
			 <trkpt lat="40.19527" lon="28.98893">
				 <ele>127.2</ele>
			 </trkpt>
			 <trkpt lat="40.19563" lon="28.98924">
				 <ele>127.3</ele>
			 </trkpt>
			 <trkpt lat="40.19576" lon="28.98932">
				 <ele>127.7</ele>
			 </trkpt>
			 <trkpt lat="40.19599" lon="28.98943">
				 <ele>128.2</ele>
			 </trkpt>
			 <trkpt lat="40.19645" lon="28.98975">
				 <ele>128.4</ele>
			 </trkpt>
			 <trkpt lat="40.19672" lon="28.98991">
				 <ele>128.3</ele>
			 </trkpt>
			 <trkpt lat="40.19691" lon="28.99001">
				 <ele>128.1</ele>
			 </trkpt>
			 <trkpt lat="40.19737" lon="28.99028">
				 <ele>127.5</ele>
			 </trkpt>
			 <trkpt lat="40.19758" lon="28.99038">
				 <ele>126.9</ele>
			 </trkpt>
			 <trkpt lat="40.1977" lon="28.9904">
				 <ele>126.2</ele>
			 </trkpt>
			 <trkpt lat="40.19777" lon="28.99044">
				 <ele>125.2</ele>
			 </trkpt>
			 <trkpt lat="40.19802" lon="28.99051">
				 <ele>123.9</ele>
			 </trkpt>
			 <trkpt lat="40.19822" lon="28.99061">
				 <ele>122.8</ele>
			 </trkpt>
			 <trkpt lat="40.19872" lon="28.99082">
				 <ele>122.1</ele>
			 </trkpt>
			 <trkpt lat="40.19922" lon="28.991">
				 <ele>122.2</ele>
			 </trkpt>
			 <trkpt lat="40.19955" lon="28.99107">
				 <ele>122.2</ele>
			 </trkpt>
			 <trkpt lat="40.19992" lon="28.99111">
				 <ele>122.2</ele>
			 </trkpt>
			 <trkpt lat="40.20011" lon="28.99117">
				 <ele>122.1</ele>
			 </trkpt>
			 <trkpt lat="40.20042" lon="28.99124">
				 <ele>121.9</ele>
			 </trkpt>
			 <trkpt lat="40.20074" lon="28.99126">
				 <ele>121.5</ele>
			 </trkpt>
			 <trkpt lat="40.20125" lon="28.99134">
				 <ele>121.5</ele>
			 </trkpt>
			 <trkpt lat="40.20139" lon="28.99134">
				 <ele>121.9</ele>
			 </trkpt>
			 <trkpt lat="40.20182" lon="28.99142">
				 <ele>122.4</ele>
			 </trkpt>
			 <trkpt lat="40.20282" lon="28.99155">
				 <ele>122.7</ele>
			 </trkpt>
			 <trkpt lat="40.20309" lon="28.99157">
				 <ele>122.5</ele>
			 </trkpt>
		 </trkseg>
	 </trk>
</gpx>