<?xml version="1.0" encoding="UTF-8"?>
 <gpx creator="Garmin Connect" version="1.1"
	 xsi:schemaLocation="http://www.topografix.com/GPX/1/1 http://www.topografix.com/GPX/11.xsd"
	 xmlns:ns3="http://www.garmin.com/xmlschemas/TrackPointExtension/v1"
	 xmlns="http://www.topografix.com/GPX/1/1"
	 xmlns:xsi="http://www.w3.org/2001/XMLSchema-instance" xmlns:ns2="http://www.garmin.com/xmlschemas/GpxExtensions/v3">
	 <metadata>
		<name>8° Maratona dell'Isola d'Elba - 42.195 km</name>
		 <link href="https://www.goandrace.com">
		 <text>Garmin Connect</text>
		 </link>
	 <time>2026-08-11T02:51:46</time>
	 </metadata>
	 <trk>
		 <name>8° Maratona dell'Isola d'Elba - 42.195 km</name>
		 <trkseg>
			 <trkpt lat="42.743353" lon="10.235193">
				 <ele>2</ele>
			 </trkpt>
			 <trkpt lat="42.743386" lon="10.235154">
				 <ele>2</ele>
			 </trkpt>
			 <trkpt lat="42.743677" lon="10.23496">
				 <ele>2</ele>
			 </trkpt>
			 <trkpt lat="42.743713" lon="10.234936">
				 <ele>3</ele>
			 </trkpt>
			 <trkpt lat="42.743766" lon="10.234915">
				 <ele>3</ele>
			 </trkpt>
			 <trkpt lat="42.743801" lon="10.234902">
				 <ele>3</ele>
			 </trkpt>
			 <trkpt lat="42.744132" lon="10.234831">
				 <ele>3</ele>
			 </trkpt>
			 <trkpt lat="42.744299" lon="10.234814">
				 <ele>4</ele>
			 </trkpt>
			 <trkpt lat="42.745059" lon="10.234821">
				 <ele>6</ele>
			 </trkpt>
			 <trkpt lat="42.745304" lon="10.234846">
				 <ele>5</ele>
			 </trkpt>
			 <trkpt lat="42.745547" lon="10.234934">
				 <ele>5</ele>
			 </trkpt>
			 <trkpt lat="42.74569" lon="10.235021">
				 <ele>4</ele>
			 </trkpt>
			 <trkpt lat="42.745734" lon="10.235047">
				 <ele>4</ele>
			 </trkpt>
			 <trkpt lat="42.745758" lon="10.235095">
				 <ele>4</ele>
			 </trkpt>
			 <trkpt lat="42.745798" lon="10.235112">
				 <ele>4</ele>
			 </trkpt>
			 <trkpt lat="42.745838" lon="10.235091">
				 <ele>4</ele>
			 </trkpt>
			 <trkpt lat="42.745968" lon="10.235181">
				 <ele>4</ele>
			 </trkpt>
			 <trkpt lat="42.746073" lon="10.235256">
				 <ele>4</ele>
			 </trkpt>
			 <trkpt lat="42.74622" lon="10.235341">
				 <ele>4</ele>
			 </trkpt>
			 <trkpt lat="42.746343" lon="10.235443">
				 <ele>4</ele>
			 </trkpt>
			 <trkpt lat="42.746481" lon="10.235593">
				 <ele>4</ele>
			 </trkpt>
			 <trkpt lat="42.746842" lon="10.235985">
				 <ele>3</ele>
			 </trkpt>
			 <trkpt lat="42.747532" lon="10.236734">
				 <ele>3</ele>
			 </trkpt>
			 <trkpt lat="42.747616" lon="10.236815">
				 <ele>3</ele>
			 </trkpt>
			 <trkpt lat="42.747661" lon="10.236848">
				 <ele>3</ele>
			 </trkpt>
			 <trkpt lat="42.747692" lon="10.236871">
				 <ele>3</ele>
			 </trkpt>
			 <trkpt lat="42.747927" lon="10.237018">
				 <ele>3</ele>
			 </trkpt>
			 <trkpt lat="42.748045" lon="10.237123">
				 <ele>3</ele>
			 </trkpt>
			 <trkpt lat="42.748084" lon="10.237177">
				 <ele>4</ele>
			 </trkpt>
			 <trkpt lat="42.748162" lon="10.23732">
				 <ele>5</ele>
			 </trkpt>
			 <trkpt lat="42.748289" lon="10.237532">
				 <ele>5</ele>
			 </trkpt>
			 <trkpt lat="42.748368" lon="10.237685">
				 <ele>5</ele>
			 </trkpt>
			 <trkpt lat="42.748386" lon="10.237724">
				 <ele>5</ele>
			 </trkpt>
			 <trkpt lat="42.748424" lon="10.237803">
				 <ele>5</ele>
			 </trkpt>
			 <trkpt lat="42.748538" lon="10.238049">
				 <ele>5</ele>
			 </trkpt>
			 <trkpt lat="42.748559" lon="10.238088">
				 <ele>5</ele>
			 </trkpt>
			 <trkpt lat="42.748677" lon="10.238324">
				 <ele>5</ele>
			 </trkpt>
			 <trkpt lat="42.748787" lon="10.23843">
				 <ele>5</ele>
			 </trkpt>
			 <trkpt lat="42.748822" lon="10.238423">
				 <ele>5</ele>
			 </trkpt>
			 <trkpt lat="42.748989" lon="10.238278">
				 <ele>5</ele>
			 </trkpt>
			 <trkpt lat="42.749099" lon="10.238144">
				 <ele>5</ele>
			 </trkpt>
			 <trkpt lat="42.749257" lon="10.237953">
				 <ele>5</ele>
			 </trkpt>
			 <trkpt lat="42.749377" lon="10.23784">
				 <ele>5</ele>
			 </trkpt>
			 <trkpt lat="42.749537" lon="10.23767">
				 <ele>5</ele>
			 </trkpt>
			 <trkpt lat="42.749654" lon="10.237551">
				 <ele>5</ele>
			 </trkpt>
			 <trkpt lat="42.749823" lon="10.237384">
				 <ele>5</ele>
			 </trkpt>
			 <trkpt lat="42.749932" lon="10.237265">
				 <ele>5</ele>
			 </trkpt>
			 <trkpt lat="42.749963" lon="10.23724">
				 <ele>5</ele>
			 </trkpt>
			 <trkpt lat="42.750028" lon="10.237213">
				 <ele>5</ele>
			 </trkpt>
			 <trkpt lat="42.750181" lon="10.237296">
				 <ele>5</ele>
			 </trkpt>
			 <trkpt lat="42.750229" lon="10.237366">
				 <ele>5</ele>
			 </trkpt>
			 <trkpt lat="42.750369" lon="10.237579">
				 <ele>5</ele>
			 </trkpt>
			 <trkpt lat="42.750455" lon="10.237724">
				 <ele>5</ele>
			 </trkpt>
			 <trkpt lat="42.750582" lon="10.237932">
				 <ele>5</ele>
			 </trkpt>
			 <trkpt lat="42.750673" lon="10.23807">
				 <ele>5</ele>
			 </trkpt>
			 <trkpt lat="42.750762" lon="10.238219">
				 <ele>5</ele>
			 </trkpt>
			 <trkpt lat="42.7509" lon="10.238428">
				 <ele>5</ele>
			 </trkpt>
			 <trkpt lat="42.751046" lon="10.238629">
				 <ele>5</ele>
			 </trkpt>
			 <trkpt lat="42.751136" lon="10.238768">
				 <ele>5</ele>
			 </trkpt>
			 <trkpt lat="42.75127" lon="10.238963">
				 <ele>5</ele>
			 </trkpt>
			 <trkpt lat="42.75135" lon="10.239118">
				 <ele>5</ele>
			 </trkpt>
			 <trkpt lat="42.751443" lon="10.239328">
				 <ele>5</ele>
			 </trkpt>
			 <trkpt lat="42.751511" lon="10.239539">
				 <ele>5</ele>
			 </trkpt>
			 <trkpt lat="42.751548" lon="10.239669">
				 <ele>5</ele>
			 </trkpt>
			 <trkpt lat="42.751587" lon="10.239805">
				 <ele>5</ele>
			 </trkpt>
			 <trkpt lat="42.751631" lon="10.239993">
				 <ele>5</ele>
			 </trkpt>
			 <trkpt lat="42.751695" lon="10.240254">
				 <ele>5</ele>
			 </trkpt>
			 <trkpt lat="42.751739" lon="10.240429">
				 <ele>5</ele>
			 </trkpt>
			 <trkpt lat="42.751786" lon="10.240599">
				 <ele>5</ele>
			 </trkpt>
			 <trkpt lat="42.751833" lon="10.240843">
				 <ele>5</ele>
			 </trkpt>
			 <trkpt lat="42.751836" lon="10.241128">
				 <ele>5</ele>
			 </trkpt>
			 <trkpt lat="42.751837" lon="10.241316">
				 <ele>5</ele>
			 </trkpt>
			 <trkpt lat="42.751866" lon="10.24159">
				 <ele>5</ele>
			 </trkpt>
			 <trkpt lat="42.751877" lon="10.241765">
				 <ele>5</ele>
			 </trkpt>
			 <trkpt lat="42.751886" lon="10.24181">
				 <ele>5</ele>
			 </trkpt>
			 <trkpt lat="42.75192" lon="10.242063">
				 <ele>5</ele>
			 </trkpt>
			 <trkpt lat="42.751928" lon="10.242184">
				 <ele>5</ele>
			 </trkpt>
			 <trkpt lat="42.751933" lon="10.242458">
				 <ele>5</ele>
			 </trkpt>
			 <trkpt lat="42.751936" lon="10.242641">
				 <ele>5</ele>
			 </trkpt>
			 <trkpt lat="42.751953" lon="10.242767">
				 <ele>5</ele>
			 </trkpt>
			 <trkpt lat="42.751967" lon="10.243026">
				 <ele>4</ele>
			 </trkpt>
			 <trkpt lat="42.751968" lon="10.243074">
				 <ele>4</ele>
			 </trkpt>
			 <trkpt lat="42.751969" lon="10.243319">
				 <ele>5</ele>
			 </trkpt>
			 <trkpt lat="42.752054" lon="10.243524">
				 <ele>5</ele>
			 </trkpt>
			 <trkpt lat="42.752081" lon="10.243553">
				 <ele>5</ele>
			 </trkpt>
			 <trkpt lat="42.752241" lon="10.243667">
				 <ele>5</ele>
			 </trkpt>
			 <trkpt lat="42.752339" lon="10.243788">
				 <ele>5</ele>
			 </trkpt>
			 <trkpt lat="42.752445" lon="10.244017">
				 <ele>6</ele>
			 </trkpt>
			 <trkpt lat="42.752507" lon="10.244178">
				 <ele>6</ele>
			 </trkpt>
			 <trkpt lat="42.752607" lon="10.244421">
				 <ele>6</ele>
			 </trkpt>
			 <trkpt lat="42.752683" lon="10.244582">
				 <ele>5</ele>
			 </trkpt>
			 <trkpt lat="42.752809" lon="10.244808">
				 <ele>5</ele>
			 </trkpt>
			 <trkpt lat="42.752893" lon="10.244955">
				 <ele>4</ele>
			 </trkpt>
			 <trkpt lat="42.753023" lon="10.245161">
				 <ele>4</ele>
			 </trkpt>
			 <trkpt lat="42.753111" lon="10.245293">
				 <ele>4</ele>
			 </trkpt>
			 <trkpt lat="42.753132" lon="10.245328">
				 <ele>4</ele>
			 </trkpt>
			 <trkpt lat="42.753236" lon="10.245507">
				 <ele>4</ele>
			 </trkpt>
			 <trkpt lat="42.753327" lon="10.24564">
				 <ele>5</ele>
			 </trkpt>
			 <trkpt lat="42.753458" lon="10.245832">
				 <ele>5</ele>
			 </trkpt>
			 <trkpt lat="42.753546" lon="10.245964">
				 <ele>5</ele>
			 </trkpt>
			 <trkpt lat="42.75368" lon="10.246164">
				 <ele>5</ele>
			 </trkpt>
			 <trkpt lat="42.75377" lon="10.2463">
				 <ele>5</ele>
			 </trkpt>
			 <trkpt lat="42.753905" lon="10.246495">
				 <ele>5</ele>
			 </trkpt>
			 <trkpt lat="42.753987" lon="10.246637">
				 <ele>5</ele>
			 </trkpt>
			 <trkpt lat="42.754115" lon="10.246833">
				 <ele>5</ele>
			 </trkpt>
			 <trkpt lat="42.754195" lon="10.246964">
				 <ele>6</ele>
			 </trkpt>
			 <trkpt lat="42.754327" lon="10.247155">
				 <ele>6</ele>
			 </trkpt>
			 <trkpt lat="42.754415" lon="10.247291">
				 <ele>6</ele>
			 </trkpt>
			 <trkpt lat="42.754547" lon="10.247491">
				 <ele>6</ele>
			 </trkpt>
			 <trkpt lat="42.75463" lon="10.247617">
				 <ele>7</ele>
			 </trkpt>
			 <trkpt lat="42.754724" lon="10.247841">
				 <ele>7</ele>
			 </trkpt>
			 <trkpt lat="42.754809" lon="10.247962">
				 <ele>7</ele>
			 </trkpt>
			 <trkpt lat="42.754954" lon="10.248124">
				 <ele>8</ele>
			 </trkpt>
			 <trkpt lat="42.755063" lon="10.248225">
				 <ele>8</ele>
			 </trkpt>
			 <trkpt lat="42.755143" lon="10.248297">
				 <ele>8</ele>
			 </trkpt>
			 <trkpt lat="42.755316" lon="10.248434">
				 <ele>8</ele>
			 </trkpt>
			 <trkpt lat="42.755344" lon="10.248456">
				 <ele>8</ele>
			 </trkpt>
			 <trkpt lat="42.755505" lon="10.248591">
				 <ele>9</ele>
			 </trkpt>
			 <trkpt lat="42.755614" lon="10.248682">
				 <ele>9</ele>
			 </trkpt>
			 <trkpt lat="42.755773" lon="10.248815">
				 <ele>9</ele>
			 </trkpt>
			 <trkpt lat="42.755874" lon="10.248912">
				 <ele>9</ele>
			 </trkpt>
			 <trkpt lat="42.756016" lon="10.24902">
				 <ele>10</ele>
			 </trkpt>
			 <trkpt lat="42.75613" lon="10.249098">
				 <ele>10</ele>
			 </trkpt>
			 <trkpt lat="42.756158" lon="10.249113">
				 <ele>10</ele>
			 </trkpt>
			 <trkpt lat="42.756338" lon="10.249206">
				 <ele>10</ele>
			 </trkpt>
			 <trkpt lat="42.75645" lon="10.249284">
				 <ele>10</ele>
			 </trkpt>
			 <trkpt lat="42.756619" lon="10.249406">
				 <ele>11</ele>
			 </trkpt>
			 <trkpt lat="42.756725" lon="10.249484">
				 <ele>11</ele>
			 </trkpt>
			 <trkpt lat="42.75686" lon="10.249669">
				 <ele>11</ele>
			 </trkpt>
			 <trkpt lat="42.75694" lon="10.249798">
				 <ele>12</ele>
			 </trkpt>
			 <trkpt lat="42.757069" lon="10.249983">
				 <ele>13</ele>
			 </trkpt>
			 <trkpt lat="42.757153" lon="10.250104">
				 <ele>13</ele>
			 </trkpt>
			 <trkpt lat="42.757274" lon="10.250288">
				 <ele>14</ele>
			 </trkpt>
			 <trkpt lat="42.757326" lon="10.250417">
				 <ele>15</ele>
			 </trkpt>
			 <trkpt lat="42.757415" lon="10.250669">
				 <ele>16</ele>
			 </trkpt>
			 <trkpt lat="42.757447" lon="10.250781">
				 <ele>17</ele>
			 </trkpt>
			 <trkpt lat="42.757528" lon="10.25103">
				 <ele>18</ele>
			 </trkpt>
			 <trkpt lat="42.757564" lon="10.251135">
				 <ele>19</ele>
			 </trkpt>
			 <trkpt lat="42.75764" lon="10.251392">
				 <ele>20</ele>
			 </trkpt>
			 <trkpt lat="42.757675" lon="10.251505">
				 <ele>21</ele>
			 </trkpt>
			 <trkpt lat="42.757695" lon="10.251583">
				 <ele>21</ele>
			 </trkpt>
			 <trkpt lat="42.757749" lon="10.251769">
				 <ele>22</ele>
			 </trkpt>
			 <trkpt lat="42.757773" lon="10.251875">
				 <ele>23</ele>
			 </trkpt>
			 <trkpt lat="42.757824" lon="10.252132">
				 <ele>24</ele>
			 </trkpt>
			 <trkpt lat="42.757836" lon="10.252244">
				 <ele>24</ele>
			 </trkpt>
			 <trkpt lat="42.757928" lon="10.252445">
				 <ele>25</ele>
			 </trkpt>
			 <trkpt lat="42.758073" lon="10.252408">
				 <ele>24</ele>
			 </trkpt>
			 <trkpt lat="42.758269" lon="10.252446">
				 <ele>22</ele>
			 </trkpt>
			 <trkpt lat="42.758446" lon="10.252534">
				 <ele>21</ele>
			 </trkpt>
			 <trkpt lat="42.75848" lon="10.252553">
				 <ele>21</ele>
			 </trkpt>
			 <trkpt lat="42.758648" lon="10.252649">
				 <ele>20</ele>
			 </trkpt>
			 <trkpt lat="42.758775" lon="10.252728">
				 <ele>20</ele>
			 </trkpt>
			 <trkpt lat="42.758922" lon="10.252873">
				 <ele>19</ele>
			 </trkpt>
			 <trkpt lat="42.758978" lon="10.252931">
				 <ele>19</ele>
			 </trkpt>
			 <trkpt lat="42.759059" lon="10.253009">
				 <ele>19</ele>
			 </trkpt>
			 <trkpt lat="42.759201" lon="10.253174">
				 <ele>18</ele>
			 </trkpt>
			 <trkpt lat="42.759351" lon="10.253304">
				 <ele>18</ele>
			 </trkpt>
			 <trkpt lat="42.759538" lon="10.253386">
				 <ele>18</ele>
			 </trkpt>
			 <trkpt lat="42.759648" lon="10.25328">
				 <ele>18</ele>
			 </trkpt>
			 <trkpt lat="42.759766" lon="10.253057">
				 <ele>18</ele>
			 </trkpt>
			 <trkpt lat="42.759835" lon="10.252902">
				 <ele>19</ele>
			 </trkpt>
			 <trkpt lat="42.759942" lon="10.252684">
				 <ele>19</ele>
			 </trkpt>
			 <trkpt lat="42.76002" lon="10.252537">
				 <ele>19</ele>
			 </trkpt>
			 <trkpt lat="42.759988" lon="10.252281">
				 <ele>19</ele>
			 </trkpt>
			 <trkpt lat="42.759884" lon="10.252137">
				 <ele>18</ele>
			 </trkpt>
			 <trkpt lat="42.759744" lon="10.251973">
				 <ele>18</ele>
			 </trkpt>
			 <trkpt lat="42.759629" lon="10.251785">
				 <ele>18</ele>
			 </trkpt>
			 <trkpt lat="42.759528" lon="10.251559">
				 <ele>17</ele>
			 </trkpt>
			 <trkpt lat="42.759466" lon="10.251387">
				 <ele>17</ele>
			 </trkpt>
			 <trkpt lat="42.759396" lon="10.251161">
				 <ele>17</ele>
			 </trkpt>
			 <trkpt lat="42.759314" lon="10.250947">
				 <ele>16</ele>
			 </trkpt>
			 <trkpt lat="42.759228" lon="10.25069">
				 <ele>16</ele>
			 </trkpt>
			 <trkpt lat="42.759171" lon="10.250522">
				 <ele>16</ele>
			 </trkpt>
			 <trkpt lat="42.759085" lon="10.250253">
				 <ele>16</ele>
			 </trkpt>
			 <trkpt lat="42.759072" lon="10.250208">
				 <ele>16</ele>
			 </trkpt>
			 <trkpt lat="42.759037" lon="10.250074">
				 <ele>16</ele>
			 </trkpt>
			 <trkpt lat="42.758973" lon="10.249813">
				 <ele>16</ele>
			 </trkpt>
			 <trkpt lat="42.758972" lon="10.249623">
				 <ele>16</ele>
			 </trkpt>
			 <trkpt lat="42.758986" lon="10.249336">
				 <ele>16</ele>
			 </trkpt>
			 <trkpt lat="42.758966" lon="10.249153">
				 <ele>15</ele>
			 </trkpt>
			 <trkpt lat="42.758924" lon="10.248901">
				 <ele>15</ele>
			 </trkpt>
			 <trkpt lat="42.758875" lon="10.248723">
				 <ele>14</ele>
			 </trkpt>
			 <trkpt lat="42.75881" lon="10.248472">
				 <ele>14</ele>
			 </trkpt>
			 <trkpt lat="42.758806" lon="10.248282">
				 <ele>13</ele>
			 </trkpt>
			 <trkpt lat="42.758833" lon="10.247996">
				 <ele>13</ele>
			 </trkpt>
			 <trkpt lat="42.758862" lon="10.247805">
				 <ele>12</ele>
			 </trkpt>
			 <trkpt lat="42.758863" lon="10.24752">
				 <ele>12</ele>
			 </trkpt>
			 <trkpt lat="42.758813" lon="10.247341">
				 <ele>12</ele>
			 </trkpt>
			 <trkpt lat="42.758716" lon="10.2471">
				 <ele>12</ele>
			 </trkpt>
			 <trkpt lat="42.758658" lon="10.246939">
				 <ele>12</ele>
			 </trkpt>
			 <trkpt lat="42.75856" lon="10.246694">
				 <ele>12</ele>
			 </trkpt>
			 <trkpt lat="42.758503" lon="10.24652">
				 <ele>12</ele>
			 </trkpt>
			 <trkpt lat="42.758457" lon="10.246253">
				 <ele>12</ele>
			 </trkpt>
			 <trkpt lat="42.758428" lon="10.246073">
				 <ele>11</ele>
			 </trkpt>
			 <trkpt lat="42.758388" lon="10.245812">
				 <ele>11</ele>
			 </trkpt>
			 <trkpt lat="42.75836" lon="10.245646">
				 <ele>10</ele>
			 </trkpt>
			 <trkpt lat="42.758334" lon="10.245362">
				 <ele>9</ele>
			 </trkpt>
			 <trkpt lat="42.758322" lon="10.245215">
				 <ele>8</ele>
			 </trkpt>
			 <trkpt lat="42.758285" lon="10.245139">
				 <ele>8</ele>
			 </trkpt>
			 <trkpt lat="42.758215" lon="10.245118">
				 <ele>7</ele>
			 </trkpt>
			 <trkpt lat="42.758033" lon="10.245151">
				 <ele>6</ele>
			 </trkpt>
			 <trkpt lat="42.757998" lon="10.245162">
				 <ele>6</ele>
			 </trkpt>
			 <trkpt lat="42.757818" lon="10.245213">
				 <ele>6</ele>
			 </trkpt>
			 <trkpt lat="42.75764" lon="10.245262">
				 <ele>5</ele>
			 </trkpt>
			 <trkpt lat="42.757462" lon="10.245314">
				 <ele>5</ele>
			 </trkpt>
			 <trkpt lat="42.757295" lon="10.245359">
				 <ele>5</ele>
			 </trkpt>
			 <trkpt lat="42.757093" lon="10.245403">
				 <ele>5</ele>
			 </trkpt>
			 <trkpt lat="42.75696" lon="10.245441">
				 <ele>5</ele>
			 </trkpt>
			 <trkpt lat="42.756765" lon="10.245506">
				 <ele>5</ele>
			 </trkpt>
			 <trkpt lat="42.756667" lon="10.245531">
				 <ele>5</ele>
			 </trkpt>
			 <trkpt lat="42.756636" lon="10.245542">
				 <ele>5</ele>
			 </trkpt>
			 <trkpt lat="42.756539" lon="10.245565">
				 <ele>5</ele>
			 </trkpt>
			 <trkpt lat="42.756339" lon="10.245622">
				 <ele>5</ele>
			 </trkpt>
			 <trkpt lat="42.756305" lon="10.245631">
				 <ele>5</ele>
			 </trkpt>
			 <trkpt lat="42.756112" lon="10.24569">
				 <ele>5</ele>
			 </trkpt>
			 <trkpt lat="42.755982" lon="10.245732">
				 <ele>5</ele>
			 </trkpt>
			 <trkpt lat="42.755786" lon="10.245788">
				 <ele>6</ele>
			 </trkpt>
			 <trkpt lat="42.755655" lon="10.245826">
				 <ele>6</ele>
			 </trkpt>
			 <trkpt lat="42.755452" lon="10.245885">
				 <ele>7</ele>
			 </trkpt>
			 <trkpt lat="42.755364" lon="10.245916">
				 <ele>7</ele>
			 </trkpt>
			 <trkpt lat="42.755197" lon="10.246046">
				 <ele>7</ele>
			 </trkpt>
			 <trkpt lat="42.75512" lon="10.246141">
				 <ele>6</ele>
			 </trkpt>
			 <trkpt lat="42.755093" lon="10.246173">
				 <ele>6</ele>
			 </trkpt>
			 <trkpt lat="42.75495" lon="10.246387">
				 <ele>6</ele>
			 </trkpt>
			 <trkpt lat="42.75485" lon="10.246532">
				 <ele>5</ele>
			 </trkpt>
			 <trkpt lat="42.754803" lon="10.246609">
				 <ele>5</ele>
			 </trkpt>
			 <trkpt lat="42.754666" lon="10.246822">
				 <ele>5</ele>
			 </trkpt>
			 <trkpt lat="42.754619" lon="10.246888">
				 <ele>5</ele>
			 </trkpt>
			 <trkpt lat="42.754494" lon="10.247034">
				 <ele>6</ele>
			 </trkpt>
			 <trkpt lat="42.754345" lon="10.24712">
				 <ele>6</ele>
			 </trkpt>
			 <trkpt lat="42.754202" lon="10.246989">
				 <ele>6</ele>
			 </trkpt>
			 <trkpt lat="42.754114" lon="10.246843">
				 <ele>5</ele>
			 </trkpt>
			 <trkpt lat="42.753987" lon="10.246634">
				 <ele>5</ele>
			 </trkpt>
			 <trkpt lat="42.753902" lon="10.246493">
				 <ele>5</ele>
			 </trkpt>
			 <trkpt lat="42.753835" lon="10.246384">
				 <ele>5</ele>
			 </trkpt>
			 <trkpt lat="42.753708" lon="10.246172">
				 <ele>5</ele>
			 </trkpt>
			 <trkpt lat="42.753687" lon="10.24614">
				 <ele>5</ele>
			 </trkpt>
			 <trkpt lat="42.753558" lon="10.24594">
				 <ele>5</ele>
			 </trkpt>
			 <trkpt lat="42.753473" lon="10.245803">
				 <ele>5</ele>
			 </trkpt>
			 <trkpt lat="42.753346" lon="10.245603">
				 <ele>5</ele>
			 </trkpt>
			 <trkpt lat="42.753257" lon="10.24547">
				 <ele>4</ele>
			 </trkpt>
			 <trkpt lat="42.753117" lon="10.245269">
				 <ele>4</ele>
			 </trkpt>
			 <trkpt lat="42.753028" lon="10.24514">
				 <ele>4</ele>
			 </trkpt>
			 <trkpt lat="42.752898" lon="10.244927">
				 <ele>4</ele>
			 </trkpt>
			 <trkpt lat="42.752816" lon="10.244783">
				 <ele>5</ele>
			 </trkpt>
			 <trkpt lat="42.752762" lon="10.244673">
				 <ele>5</ele>
			 </trkpt>
			 <trkpt lat="42.752653" lon="10.244443">
				 <ele>5</ele>
			 </trkpt>
			 <trkpt lat="42.752638" lon="10.244405">
				 <ele>5</ele>
			 </trkpt>
			 <trkpt lat="42.752565" lon="10.244212">
				 <ele>6</ele>
			 </trkpt>
			 <trkpt lat="42.752485" lon="10.244019">
				 <ele>6</ele>
			 </trkpt>
			 <trkpt lat="42.7524" lon="10.243767">
				 <ele>5</ele>
			 </trkpt>
			 <trkpt lat="42.752361" lon="10.243584">
				 <ele>5</ele>
			 </trkpt>
			 <trkpt lat="42.752434" lon="10.243367">
				 <ele>4</ele>
			 </trkpt>
			 <trkpt lat="42.752591" lon="10.243212">
				 <ele>4</ele>
			 </trkpt>
			 <trkpt lat="42.752743" lon="10.243071">
				 <ele>4</ele>
			 </trkpt>
			 <trkpt lat="42.752885" lon="10.242946">
				 <ele>4</ele>
			 </trkpt>
			 <trkpt lat="42.753066" lon="10.242786">
				 <ele>4</ele>
			 </trkpt>
			 <trkpt lat="42.753192" lon="10.242678">
				 <ele>4</ele>
			 </trkpt>
			 <trkpt lat="42.753355" lon="10.242525">
				 <ele>4</ele>
			 </trkpt>
			 <trkpt lat="42.753462" lon="10.242417">
				 <ele>4</ele>
			 </trkpt>
			 <trkpt lat="42.753601" lon="10.242254">
				 <ele>4</ele>
			 </trkpt>
			 <trkpt lat="42.753703" lon="10.242136">
				 <ele>4</ele>
			 </trkpt>
			 <trkpt lat="42.753866" lon="10.241962">
				 <ele>4</ele>
			 </trkpt>
			 <trkpt lat="42.753983" lon="10.241844">
				 <ele>4</ele>
			 </trkpt>
			 <trkpt lat="42.754165" lon="10.241724">
				 <ele>4</ele>
			 </trkpt>
			 <trkpt lat="42.754304" lon="10.241698">
				 <ele>4</ele>
			 </trkpt>
			 <trkpt lat="42.754474" lon="10.241717">
				 <ele>4</ele>
			 </trkpt>
			 <trkpt lat="42.754511" lon="10.241707">
				 <ele>4</ele>
			 </trkpt>
			 <trkpt lat="42.754638" lon="10.241726">
				 <ele>4</ele>
			 </trkpt>
			 <trkpt lat="42.754836" lon="10.241746">
				 <ele>4</ele>
			 </trkpt>
			 <trkpt lat="42.754964" lon="10.241751">
				 <ele>5</ele>
			 </trkpt>
			 <trkpt lat="42.755166" lon="10.241745">
				 <ele>5</ele>
			 </trkpt>
			 <trkpt lat="42.755302" lon="10.241743">
				 <ele>5</ele>
			 </trkpt>
			 <trkpt lat="42.755501" lon="10.241684">
				 <ele>5</ele>
			 </trkpt>
			 <trkpt lat="42.755633" lon="10.241616">
				 <ele>5</ele>
			 </trkpt>
			 <trkpt lat="42.755792" lon="10.241494">
				 <ele>5</ele>
			 </trkpt>
			 <trkpt lat="42.755947" lon="10.241369">
				 <ele>5</ele>
			 </trkpt>
			 <trkpt lat="42.756134" lon="10.241229">
				 <ele>5</ele>
			 </trkpt>
			 <trkpt lat="42.756257" lon="10.241135">
				 <ele>5</ele>
			 </trkpt>
			 <trkpt lat="42.756438" lon="10.240994">
				 <ele>5</ele>
			 </trkpt>
			 <trkpt lat="42.756555" lon="10.240899">
				 <ele>5</ele>
			 </trkpt>
			 <trkpt lat="42.756572" lon="10.24086">
				 <ele>6</ele>
			 </trkpt>
			 <trkpt lat="42.75655" lon="10.240759">
				 <ele>6</ele>
			 </trkpt>
			 <trkpt lat="42.756429" lon="10.240539">
				 <ele>5</ele>
			 </trkpt>
			 <trkpt lat="42.756379" lon="10.240455">
				 <ele>5</ele>
			 </trkpt>
			 <trkpt lat="42.756262" lon="10.240252">
				 <ele>5</ele>
			 </trkpt>
			 <trkpt lat="42.756139" lon="10.240066">
				 <ele>5</ele>
			 </trkpt>
			 <trkpt lat="42.755977" lon="10.239879">
				 <ele>5</ele>
			 </trkpt>
			 <trkpt lat="42.755863" lon="10.239757">
				 <ele>5</ele>
			 </trkpt>
			 <trkpt lat="42.755703" lon="10.239572">
				 <ele>5</ele>
			 </trkpt>
			 <trkpt lat="42.755606" lon="10.239447">
				 <ele>5</ele>
			 </trkpt>
			 <trkpt lat="42.75558" lon="10.239416">
				 <ele>5</ele>
			 </trkpt>
			 <trkpt lat="42.755504" lon="10.239317">
				 <ele>5</ele>
			 </trkpt>
			 <trkpt lat="42.755358" lon="10.239134">
				 <ele>5</ele>
			 </trkpt>
			 <trkpt lat="42.755217" lon="10.238935">
				 <ele>5</ele>
			 </trkpt>
			 <trkpt lat="42.755123" lon="10.238799">
				 <ele>5</ele>
			 </trkpt>
			 <trkpt lat="42.7551" lon="10.238768">
				 <ele>5</ele>
			 </trkpt>
			 <trkpt lat="42.754999" lon="10.238537">
				 <ele>5</ele>
			 </trkpt>
			 <trkpt lat="42.754969" lon="10.238409">
				 <ele>5</ele>
			 </trkpt>
			 <trkpt lat="42.754914" lon="10.238207">
				 <ele>5</ele>
			 </trkpt>
			 <trkpt lat="42.754898" lon="10.238165">
				 <ele>5</ele>
			 </trkpt>
			 <trkpt lat="42.754838" lon="10.237992">
				 <ele>5</ele>
			 </trkpt>
			 <trkpt lat="42.754761" lon="10.237782">
				 <ele>5</ele>
			 </trkpt>
			 <trkpt lat="42.754688" lon="10.237582">
				 <ele>5</ele>
			 </trkpt>
			 <trkpt lat="42.754599" lon="10.237326">
				 <ele>4</ele>
			 </trkpt>
			 <trkpt lat="42.754547" lon="10.237155">
				 <ele>4</ele>
			 </trkpt>
			 <trkpt lat="42.754472" lon="10.236886">
				 <ele>4</ele>
			 </trkpt>
			 <trkpt lat="42.754422" lon="10.236716">
				 <ele>5</ele>
			 </trkpt>
			 <trkpt lat="42.754348" lon="10.23647">
				 <ele>5</ele>
			 </trkpt>
			 <trkpt lat="42.754289" lon="10.236309">
				 <ele>5</ele>
			 </trkpt>
			 <trkpt lat="42.754193" lon="10.236064">
				 <ele>5</ele>
			 </trkpt>
			 <trkpt lat="42.754131" lon="10.235901">
				 <ele>5</ele>
			 </trkpt>
			 <trkpt lat="42.754063" lon="10.235696">
				 <ele>5</ele>
			 </trkpt>
			 <trkpt lat="42.753975" lon="10.2355">
				 <ele>5</ele>
			 </trkpt>
			 <trkpt lat="42.753842" lon="10.235297">
				 <ele>5</ele>
			 </trkpt>
			 <trkpt lat="42.75373" lon="10.235165">
				 <ele>5</ele>
			 </trkpt>
			 <trkpt lat="42.753563" lon="10.235005">
				 <ele>5</ele>
			 </trkpt>
			 <trkpt lat="42.75344" lon="10.23492">
				 <ele>5</ele>
			 </trkpt>
			 <trkpt lat="42.753252" lon="10.234835">
				 <ele>5</ele>
			 </trkpt>
			 <trkpt lat="42.753117" lon="10.234808">
				 <ele>5</ele>
			 </trkpt>
			 <trkpt lat="42.752947" lon="10.234792">
				 <ele>5</ele>
			 </trkpt>
			 <trkpt lat="42.752783" lon="10.234757">
				 <ele>5</ele>
			 </trkpt>
			 <trkpt lat="42.752589" lon="10.234722">
				 <ele>5</ele>
			 </trkpt>
			 <trkpt lat="42.752456" lon="10.234705">
				 <ele>6</ele>
			 </trkpt>
			 <trkpt lat="42.752268" lon="10.23467">
				 <ele>6</ele>
			 </trkpt>
			 <trkpt lat="42.752136" lon="10.234653">
				 <ele>6</ele>
			 </trkpt>
			 <trkpt lat="42.751942" lon="10.234618">
				 <ele>6</ele>
			 </trkpt>
			 <trkpt lat="42.751811" lon="10.234594">
				 <ele>6</ele>
			 </trkpt>
			 <trkpt lat="42.751628" lon="10.234588">
				 <ele>6</ele>
			 </trkpt>
			 <trkpt lat="42.751504" lon="10.234563">
				 <ele>6</ele>
			 </trkpt>
			 <trkpt lat="42.751296" lon="10.234511">
				 <ele>6</ele>
			 </trkpt>
			 <trkpt lat="42.751163" lon="10.234484">
				 <ele>6</ele>
			 </trkpt>
			 <trkpt lat="42.750968" lon="10.234459">
				 <ele>7</ele>
			 </trkpt>
			 <trkpt lat="42.750846" lon="10.234458">
				 <ele>7</ele>
			 </trkpt>
			 <trkpt lat="42.750641" lon="10.234466">
				 <ele>7</ele>
			 </trkpt>
			 <trkpt lat="42.75054" lon="10.234467">
				 <ele>7</ele>
			 </trkpt>
			 <trkpt lat="42.750503" lon="10.234471">
				 <ele>7</ele>
			 </trkpt>
			 <trkpt lat="42.750299" lon="10.234499">
				 <ele>7</ele>
			 </trkpt>
			 <trkpt lat="42.750196" lon="10.234522">
				 <ele>6</ele>
			 </trkpt>
			 <trkpt lat="42.750162" lon="10.23453">
				 <ele>6</ele>
			 </trkpt>
			 <trkpt lat="42.75006" lon="10.23456">
				 <ele>6</ele>
			 </trkpt>
			 <trkpt lat="42.749851" lon="10.234624">
				 <ele>6</ele>
			 </trkpt>
			 <trkpt lat="42.749814" lon="10.234635">
				 <ele>6</ele>
			 </trkpt>
			 <trkpt lat="42.749621" lon="10.234692">
				 <ele>6</ele>
			 </trkpt>
			 <trkpt lat="42.749485" lon="10.234727">
				 <ele>5</ele>
			 </trkpt>
			 <trkpt lat="42.749282" lon="10.234785">
				 <ele>5</ele>
			 </trkpt>
			 <trkpt lat="42.749159" lon="10.234816">
				 <ele>5</ele>
			 </trkpt>
			 <trkpt lat="42.74899" lon="10.234865">
				 <ele>5</ele>
			 </trkpt>
			 <trkpt lat="42.748822" lon="10.234905">
				 <ele>5</ele>
			 </trkpt>
			 <trkpt lat="42.748627" lon="10.234963">
				 <ele>5</ele>
			 </trkpt>
			 <trkpt lat="42.748494" lon="10.234997">
				 <ele>5</ele>
			 </trkpt>
			 <trkpt lat="42.748427" lon="10.235012">
				 <ele>4</ele>
			 </trkpt>
			 <trkpt lat="42.748298" lon="10.234975">
				 <ele>4</ele>
			 </trkpt>
			 <trkpt lat="42.747878" lon="10.234741">
				 <ele>4</ele>
			 </trkpt>
			 <trkpt lat="42.747266" lon="10.234422">
				 <ele>4</ele>
			 </trkpt>
			 <trkpt lat="42.747078" lon="10.234325">
				 <ele>4</ele>
			 </trkpt>
			 <trkpt lat="42.746879" lon="10.234223">
				 <ele>4</ele>
			 </trkpt>
			 <trkpt lat="42.746841" lon="10.234203">
				 <ele>4</ele>
			 </trkpt>
			 <trkpt lat="42.746729" lon="10.234144">
				 <ele>4</ele>
			 </trkpt>
			 <trkpt lat="42.746654" lon="10.234103">
				 <ele>4</ele>
			 </trkpt>
			 <trkpt lat="42.746569" lon="10.234006">
				 <ele>4</ele>
			 </trkpt>
			 <trkpt lat="42.746521" lon="10.233906">
				 <ele>4</ele>
			 </trkpt>
			 <trkpt lat="42.746546" lon="10.233876">
				 <ele>4</ele>
			 </trkpt>
			 <trkpt lat="42.746679" lon="10.233576">
				 <ele>3</ele>
			 </trkpt>
			 <trkpt lat="42.746694" lon="10.233505">
				 <ele>3</ele>
			 </trkpt>
			 <trkpt lat="42.74673" lon="10.233067">
				 <ele>3</ele>
			 </trkpt>
			 <trkpt lat="42.746722" lon="10.232919">
				 <ele>2</ele>
			 </trkpt>
			 <trkpt lat="42.7467" lon="10.232803">
				 <ele>2</ele>
			 </trkpt>
			 <trkpt lat="42.746654" lon="10.232719">
				 <ele>2</ele>
			 </trkpt>
			 <trkpt lat="42.746476" lon="10.232393">
				 <ele>2</ele>
			 </trkpt>
			 <trkpt lat="42.7464" lon="10.232254">
				 <ele>2</ele>
			 </trkpt>
			 <trkpt lat="42.746279" lon="10.232112">
				 <ele>2</ele>
			 </trkpt>
			 <trkpt lat="42.745922" lon="10.232147">
				 <ele>2</ele>
			 </trkpt>
			 <trkpt lat="42.745905" lon="10.232114">
				 <ele>2</ele>
			 </trkpt>
			 <trkpt lat="42.745881" lon="10.232091">
				 <ele>2</ele>
			 </trkpt>
			 <trkpt lat="42.745837" lon="10.232082">
				 <ele>2</ele>
			 </trkpt>
			 <trkpt lat="42.745833" lon="10.231847">
				 <ele>2</ele>
			 </trkpt>
			 <trkpt lat="42.745829" lon="10.231648">
				 <ele>2</ele>
			 </trkpt>
			 <trkpt lat="42.745827" lon="10.231519">
				 <ele>2</ele>
			 </trkpt>
			 <trkpt lat="42.745816" lon="10.231333">
				 <ele>2</ele>
			 </trkpt>
			 <trkpt lat="42.745661" lon="10.230164">
				 <ele>1</ele>
			 </trkpt>
			 <trkpt lat="42.745628" lon="10.22926">
				 <ele>1</ele>
			 </trkpt>
			 <trkpt lat="42.745627" lon="10.229178">
				 <ele>1</ele>
			 </trkpt>
			 <trkpt lat="42.745627" lon="10.228954">
				 <ele>1</ele>
			 </trkpt>
			 <trkpt lat="42.745561" lon="10.228214">
				 <ele>1</ele>
			 </trkpt>
			 <trkpt lat="42.745567" lon="10.228051">
				 <ele>1</ele>
			 </trkpt>
			 <trkpt lat="42.745593" lon="10.22786">
				 <ele>1</ele>
			 </trkpt>
			 <trkpt lat="42.745707" lon="10.227201">
				 <ele>2</ele>
			 </trkpt>
			 <trkpt lat="42.745726" lon="10.226942">
				 <ele>3</ele>
			 </trkpt>
			 <trkpt lat="42.745717" lon="10.226718">
				 <ele>4</ele>
			 </trkpt>
			 <trkpt lat="42.745694" lon="10.226518">
				 <ele>4</ele>
			 </trkpt>
			 <trkpt lat="42.745643" lon="10.226288">
				 <ele>3</ele>
			 </trkpt>
			 <trkpt lat="42.745605" lon="10.226115">
				 <ele>6</ele>
			 </trkpt>
			 <trkpt lat="42.745504" lon="10.225885">
				 <ele>6</ele>
			 </trkpt>
			 <trkpt lat="42.745435" lon="10.225734">
				 <ele>6</ele>
			 </trkpt>
			 <trkpt lat="42.745325" lon="10.225511">
				 <ele>7</ele>
			 </trkpt>
			 <trkpt lat="42.745278" lon="10.225398">
				 <ele>7</ele>
			 </trkpt>
			 <trkpt lat="42.745264" lon="10.225364">
				 <ele>7</ele>
			 </trkpt>
			 <trkpt lat="42.745198" lon="10.225173">
				 <ele>7</ele>
			 </trkpt>
			 <trkpt lat="42.745136" lon="10.22498">
				 <ele>8</ele>
			 </trkpt>
			 <trkpt lat="42.745098" lon="10.224765">
				 <ele>8</ele>
			 </trkpt>
			 <trkpt lat="42.74507" lon="10.224546">
				 <ele>9</ele>
			 </trkpt>
			 <trkpt lat="42.745034" lon="10.224286">
				 <ele>9</ele>
			 </trkpt>
			 <trkpt lat="42.745012" lon="10.224121">
				 <ele>9</ele>
			 </trkpt>
			 <trkpt lat="42.744972" lon="10.223872">
				 <ele>10</ele>
			 </trkpt>
			 <trkpt lat="42.744943" lon="10.223705">
				 <ele>10</ele>
			 </trkpt>
			 <trkpt lat="42.744912" lon="10.223449">
				 <ele>11</ele>
			 </trkpt>
			 <trkpt lat="42.744889" lon="10.223278">
				 <ele>11</ele>
			 </trkpt>
			 <trkpt lat="42.74485" lon="10.223031">
				 <ele>12</ele>
			 </trkpt>
			 <trkpt lat="42.744823" lon="10.222863">
				 <ele>12</ele>
			 </trkpt>
			 <trkpt lat="42.744795" lon="10.222606">
				 <ele>12</ele>
			 </trkpt>
			 <trkpt lat="42.744777" lon="10.222431">
				 <ele>13</ele>
			 </trkpt>
			 <trkpt lat="42.74474" lon="10.222165">
				 <ele>13</ele>
			 </trkpt>
			 <trkpt lat="42.744723" lon="10.222077">
				 <ele>13</ele>
			 </trkpt>
			 <trkpt lat="42.744705" lon="10.221987">
				 <ele>13</ele>
			 </trkpt>
			 <trkpt lat="42.744684" lon="10.221807">
				 <ele>13</ele>
			 </trkpt>
			 <trkpt lat="42.744644" lon="10.221522">
				 <ele>13</ele>
			 </trkpt>
			 <trkpt lat="42.744609" lon="10.22126">
				 <ele>13</ele>
			 </trkpt>
			 <trkpt lat="42.744583" lon="10.221137">
				 <ele>13</ele>
			 </trkpt>
			 <trkpt lat="42.744574" lon="10.221093">
				 <ele>13</ele>
			 </trkpt>
			 <trkpt lat="42.744546" lon="10.220833">
				 <ele>13</ele>
			 </trkpt>
			 <trkpt lat="42.744529" lon="10.220646">
				 <ele>13</ele>
			 </trkpt>
			 <trkpt lat="42.744507" lon="10.220365">
				 <ele>13</ele>
			 </trkpt>
			 <trkpt lat="42.744498" lon="10.220269">
				 <ele>13</ele>
			 </trkpt>
			 <trkpt lat="42.744488" lon="10.220177">
				 <ele>13</ele>
			 </trkpt>
			 <trkpt lat="42.744453" lon="10.219913">
				 <ele>13</ele>
			 </trkpt>
			 <trkpt lat="42.744436" lon="10.219737">
				 <ele>13</ele>
			 </trkpt>
			 <trkpt lat="42.744411" lon="10.219472">
				 <ele>13</ele>
			 </trkpt>
			 <trkpt lat="42.744383" lon="10.219287">
				 <ele>13</ele>
			 </trkpt>
			 <trkpt lat="42.74433" lon="10.21901">
				 <ele>13</ele>
			 </trkpt>
			 <trkpt lat="42.744262" lon="10.218852">
				 <ele>14</ele>
			 </trkpt>
			 <trkpt lat="42.744137" lon="10.218653">
				 <ele>14</ele>
			 </trkpt>
			 <trkpt lat="42.744047" lon="10.21853">
				 <ele>14</ele>
			 </trkpt>
			 <trkpt lat="42.743905" lon="10.218354">
				 <ele>14</ele>
			 </trkpt>
			 <trkpt lat="42.743813" lon="10.218234">
				 <ele>15</ele>
			 </trkpt>
			 <trkpt lat="42.743671" lon="10.21806">
				 <ele>15</ele>
			 </trkpt>
			 <trkpt lat="42.74358" lon="10.217934">
				 <ele>15</ele>
			 </trkpt>
			 <trkpt lat="42.74345" lon="10.217727">
				 <ele>16</ele>
			 </trkpt>
			 <trkpt lat="42.743381" lon="10.217578">
				 <ele>16</ele>
			 </trkpt>
			 <trkpt lat="42.743302" lon="10.217353">
				 <ele>16</ele>
			 </trkpt>
			 <trkpt lat="42.743285" lon="10.217066">
				 <ele>17</ele>
			 </trkpt>
			 <trkpt lat="42.743283" lon="10.216976">
				 <ele>17</ele>
			 </trkpt>
			 <trkpt lat="42.743282" lon="10.216884">
				 <ele>17</ele>
			 </trkpt>
			 <trkpt lat="42.743286" lon="10.216605">
				 <ele>18</ele>
			 </trkpt>
			 <trkpt lat="42.743284" lon="10.216517">
				 <ele>18</ele>
			 </trkpt>
			 <trkpt lat="42.743275" lon="10.216261">
				 <ele>18</ele>
			 </trkpt>
			 <trkpt lat="42.743259" lon="10.216088">
				 <ele>19</ele>
			 </trkpt>
			 <trkpt lat="42.743248" lon="10.215911">
				 <ele>19</ele>
			 </trkpt>
			 <trkpt lat="42.743249" lon="10.215652">
				 <ele>20</ele>
			 </trkpt>
			 <trkpt lat="42.743232" lon="10.215394">
				 <ele>21</ele>
			 </trkpt>
			 <trkpt lat="42.743215" lon="10.215222">
				 <ele>19</ele>
			 </trkpt>
			 <trkpt lat="42.743208" lon="10.21516">
				 <ele>19</ele>
			 </trkpt>
			 <trkpt lat="42.743132" lon="10.214936">
				 <ele>20</ele>
			 </trkpt>
			 <trkpt lat="42.742707" lon="10.214181">
				 <ele>21</ele>
			 </trkpt>
			 <trkpt lat="42.742609" lon="10.213992">
				 <ele>22</ele>
			 </trkpt>
			 <trkpt lat="42.742424" lon="10.213635">
				 <ele>22</ele>
			 </trkpt>
			 <trkpt lat="42.74237" lon="10.213457">
				 <ele>24</ele>
			 </trkpt>
			 <trkpt lat="42.742306" lon="10.213247">
				 <ele>24</ele>
			 </trkpt>
			 <trkpt lat="42.74226" lon="10.212952">
				 <ele>24</ele>
			 </trkpt>
			 <trkpt lat="42.742271" lon="10.212611">
				 <ele>26</ele>
			 </trkpt>
			 <trkpt lat="42.742294" lon="10.212367">
				 <ele>26</ele>
			 </trkpt>
			 <trkpt lat="42.742348" lon="10.212135">
				 <ele>26</ele>
			 </trkpt>
			 <trkpt lat="42.742449" lon="10.211888">
				 <ele>25</ele>
			 </trkpt>
			 <trkpt lat="42.742489" lon="10.211792">
				 <ele>25</ele>
			 </trkpt>
			 <trkpt lat="42.742593" lon="10.211576">
				 <ele>27</ele>
			 </trkpt>
			 <trkpt lat="42.742733" lon="10.211388">
				 <ele>31</ele>
			 </trkpt>
			 <trkpt lat="42.743035" lon="10.211057">
				 <ele>36</ele>
			 </trkpt>
			 <trkpt lat="42.74308" lon="10.210982">
				 <ele>36</ele>
			 </trkpt>
			 <trkpt lat="42.743126" lon="10.210907">
				 <ele>36</ele>
			 </trkpt>
			 <trkpt lat="42.74335" lon="10.210404">
				 <ele>38</ele>
			 </trkpt>
			 <trkpt lat="42.74336" lon="10.210363">
				 <ele>38</ele>
			 </trkpt>
			 <trkpt lat="42.743372" lon="10.210322">
				 <ele>38</ele>
			 </trkpt>
			 <trkpt lat="42.743378" lon="10.210264">
				 <ele>39</ele>
			 </trkpt>
			 <trkpt lat="42.743369" lon="10.210159">
				 <ele>38</ele>
			 </trkpt>
			 <trkpt lat="42.743343" lon="10.210114">
				 <ele>37</ele>
			 </trkpt>
			 <trkpt lat="42.743238" lon="10.21003">
				 <ele>38</ele>
			 </trkpt>
			 <trkpt lat="42.743167" lon="10.210037">
				 <ele>39</ele>
			 </trkpt>
			 <trkpt lat="42.743135" lon="10.210041">
				 <ele>39</ele>
			 </trkpt>
			 <trkpt lat="42.74303" lon="10.210152">
				 <ele>40</ele>
			 </trkpt>
			 <trkpt lat="42.742913" lon="10.210322">
				 <ele>39</ele>
			 </trkpt>
			 <trkpt lat="42.742884" lon="10.210348">
				 <ele>39</ele>
			 </trkpt>
			 <trkpt lat="42.742821" lon="10.210406">
				 <ele>39</ele>
			 </trkpt>
			 <trkpt lat="42.742472" lon="10.210652">
				 <ele>34</ele>
			 </trkpt>
			 <trkpt lat="42.74225" lon="10.210793">
				 <ele>34</ele>
			 </trkpt>
			 <trkpt lat="42.742117" lon="10.210879">
				 <ele>34</ele>
			 </trkpt>
			 <trkpt lat="42.741996" lon="10.210945">
				 <ele>34</ele>
			 </trkpt>
			 <trkpt lat="42.741803" lon="10.211053">
				 <ele>34</ele>
			 </trkpt>
			 <trkpt lat="42.741385" lon="10.211168">
				 <ele>34</ele>
			 </trkpt>
			 <trkpt lat="42.741349" lon="10.211168">
				 <ele>34</ele>
			 </trkpt>
			 <trkpt lat="42.741166" lon="10.211168">
				 <ele>34</ele>
			 </trkpt>
			 <trkpt lat="42.741056" lon="10.211158">
				 <ele>35</ele>
			 </trkpt>
			 <trkpt lat="42.740962" lon="10.211138">
				 <ele>36</ele>
			 </trkpt>
			 <trkpt lat="42.740667" lon="10.211075">
				 <ele>36</ele>
			 </trkpt>
			 <trkpt lat="42.740542" lon="10.210982">
				 <ele>36</ele>
			 </trkpt>
			 <trkpt lat="42.740514" lon="10.210954">
				 <ele>37</ele>
			 </trkpt>
			 <trkpt lat="42.740432" lon="10.210873">
				 <ele>37</ele>
			 </trkpt>
			 <trkpt lat="42.74037" lon="10.210788">
				 <ele>40</ele>
			 </trkpt>
			 <trkpt lat="42.740149" lon="10.21048">
				 <ele>40</ele>
			 </trkpt>
			 <trkpt lat="42.739992" lon="10.210231">
				 <ele>42</ele>
			 </trkpt>
			 <trkpt lat="42.739801" lon="10.209761">
				 <ele>47</ele>
			 </trkpt>
			 <trkpt lat="42.739694" lon="10.209592">
				 <ele>49</ele>
			 </trkpt>
			 <trkpt lat="42.739604" lon="10.209509">
				 <ele>49</ele>
			 </trkpt>
			 <trkpt lat="42.73915" lon="10.209157">
				 <ele>47</ele>
			 </trkpt>
			 <trkpt lat="42.739105" lon="10.20912">
				 <ele>48</ele>
			 </trkpt>
			 <trkpt lat="42.738984" lon="10.209018">
				 <ele>48</ele>
			 </trkpt>
			 <trkpt lat="42.73884" lon="10.208863">
				 <ele>49</ele>
			 </trkpt>
			 <trkpt lat="42.738817" lon="10.208826">
				 <ele>50</ele>
			 </trkpt>
			 <trkpt lat="42.738686" lon="10.208615">
				 <ele>50</ele>
			 </trkpt>
			 <trkpt lat="42.738538" lon="10.208255">
				 <ele>52</ele>
			 </trkpt>
			 <trkpt lat="42.73844" lon="10.207987">
				 <ele>53</ele>
			 </trkpt>
			 <trkpt lat="42.738396" lon="10.20789">
				 <ele>54</ele>
			 </trkpt>
			 <trkpt lat="42.738325" lon="10.207706">
				 <ele>54</ele>
			 </trkpt>
			 <trkpt lat="42.738259" lon="10.207587">
				 <ele>56</ele>
			 </trkpt>
			 <trkpt lat="42.738076" lon="10.207428">
				 <ele>58</ele>
			 </trkpt>
			 <trkpt lat="42.737953" lon="10.207311">
				 <ele>59</ele>
			 </trkpt>
			 <trkpt lat="42.737916" lon="10.207191">
				 <ele>60</ele>
			 </trkpt>
			 <trkpt lat="42.7379" lon="10.207064">
				 <ele>61</ele>
			 </trkpt>
			 <trkpt lat="42.737883" lon="10.206885">
				 <ele>62</ele>
			 </trkpt>
			 <trkpt lat="42.737866" lon="10.206772">
				 <ele>63</ele>
			 </trkpt>
			 <trkpt lat="42.737842" lon="10.2067">
				 <ele>63</ele>
			 </trkpt>
			 <trkpt lat="42.737787" lon="10.206626">
				 <ele>64</ele>
			 </trkpt>
			 <trkpt lat="42.737634" lon="10.206554">
				 <ele>63</ele>
			 </trkpt>
			 <trkpt lat="42.737543" lon="10.206489">
				 <ele>63</ele>
			 </trkpt>
			 <trkpt lat="42.73748" lon="10.206411">
				 <ele>62</ele>
			 </trkpt>
			 <trkpt lat="42.737454" lon="10.20635">
				 <ele>62</ele>
			 </trkpt>
			 <trkpt lat="42.737445" lon="10.206304">
				 <ele>62</ele>
			 </trkpt>
			 <trkpt lat="42.737437" lon="10.206262">
				 <ele>62</ele>
			 </trkpt>
			 <trkpt lat="42.737475" lon="10.206006">
				 <ele>63</ele>
			 </trkpt>
			 <trkpt lat="42.737511" lon="10.205892">
				 <ele>63</ele>
			 </trkpt>
			 <trkpt lat="42.737641" lon="10.20545">
				 <ele>65</ele>
			 </trkpt>
			 <trkpt lat="42.73773" lon="10.205006">
				 <ele>68</ele>
			 </trkpt>
			 <trkpt lat="42.737775" lon="10.2047">
				 <ele>71</ele>
			 </trkpt>
			 <trkpt lat="42.737801" lon="10.204528">
				 <ele>71</ele>
			 </trkpt>
			 <trkpt lat="42.737817" lon="10.204399">
				 <ele>72</ele>
			 </trkpt>
			 <trkpt lat="42.737822" lon="10.204271">
				 <ele>73</ele>
			 </trkpt>
			 <trkpt lat="42.737808" lon="10.203823">
				 <ele>78</ele>
			 </trkpt>
			 <trkpt lat="42.737781" lon="10.203655">
				 <ele>79</ele>
			 </trkpt>
			 <trkpt lat="42.737699" lon="10.20348">
				 <ele>79</ele>
			 </trkpt>
			 <trkpt lat="42.737609" lon="10.203324">
				 <ele>79</ele>
			 </trkpt>
			 <trkpt lat="42.737562" lon="10.203147">
				 <ele>80</ele>
			 </trkpt>
			 <trkpt lat="42.737537" lon="10.20294">
				 <ele>83</ele>
			 </trkpt>
			 <trkpt lat="42.73749" lon="10.202808">
				 <ele>84</ele>
			 </trkpt>
			 <trkpt lat="42.737402" lon="10.202658">
				 <ele>83</ele>
			 </trkpt>
			 <trkpt lat="42.73731" lon="10.202543">
				 <ele>81</ele>
			 </trkpt>
			 <trkpt lat="42.737093" lon="10.202246">
				 <ele>79</ele>
			 </trkpt>
			 <trkpt lat="42.73685" lon="10.201861">
				 <ele>77</ele>
			 </trkpt>
			 <trkpt lat="42.736657" lon="10.201343">
				 <ele>78</ele>
			 </trkpt>
			 <trkpt lat="42.736511" lon="10.200968">
				 <ele>76</ele>
			 </trkpt>
			 <trkpt lat="42.736421" lon="10.200664">
				 <ele>75</ele>
			 </trkpt>
			 <trkpt lat="42.73636" lon="10.200341">
				 <ele>76</ele>
			 </trkpt>
			 <trkpt lat="42.736353" lon="10.199827">
				 <ele>84</ele>
			 </trkpt>
			 <trkpt lat="42.736337" lon="10.199261">
				 <ele>92</ele>
			 </trkpt>
			 <trkpt lat="42.736306" lon="10.199002">
				 <ele>94</ele>
			 </trkpt>
			 <trkpt lat="42.736289" lon="10.198952">
				 <ele>92</ele>
			 </trkpt>
			 <trkpt lat="42.736249" lon="10.198824">
				 <ele>92</ele>
			 </trkpt>
			 <trkpt lat="42.736092" lon="10.198585">
				 <ele>86</ele>
			 </trkpt>
			 <trkpt lat="42.736016" lon="10.19837">
				 <ele>86</ele>
			 </trkpt>
			 <trkpt lat="42.735958" lon="10.19806">
				 <ele>86</ele>
			 </trkpt>
			 <trkpt lat="42.735945" lon="10.197962">
				 <ele>86</ele>
			 </trkpt>
			 <trkpt lat="42.735929" lon="10.197841">
				 <ele>86</ele>
			 </trkpt>
			 <trkpt lat="42.735811" lon="10.19756">
				 <ele>82</ele>
			 </trkpt>
			 <trkpt lat="42.735757" lon="10.197374">
				 <ele>75</ele>
			 </trkpt>
			 <trkpt lat="42.735731" lon="10.197283">
				 <ele>75</ele>
			 </trkpt>
			 <trkpt lat="42.735736" lon="10.197012">
				 <ele>72</ele>
			 </trkpt>
			 <trkpt lat="42.735825" lon="10.196556">
				 <ele>72</ele>
			 </trkpt>
			 <trkpt lat="42.735852" lon="10.196449">
				 <ele>72</ele>
			 </trkpt>
			 <trkpt lat="42.735969" lon="10.196188">
				 <ele>76</ele>
			 </trkpt>
			 <trkpt lat="42.735996" lon="10.196069">
				 <ele>75</ele>
			 </trkpt>
			 <trkpt lat="42.735984" lon="10.195695">
				 <ele>68</ele>
			 </trkpt>
			 <trkpt lat="42.735988" lon="10.195512">
				 <ele>66</ele>
			 </trkpt>
			 <trkpt lat="42.736008" lon="10.195384">
				 <ele>66</ele>
			 </trkpt>
			 <trkpt lat="42.736058" lon="10.195224">
				 <ele>67</ele>
			 </trkpt>
			 <trkpt lat="42.736227" lon="10.194857">
				 <ele>73</ele>
			 </trkpt>
			 <trkpt lat="42.736294" lon="10.194685">
				 <ele>75</ele>
			 </trkpt>
			 <trkpt lat="42.736373" lon="10.19424">
				 <ele>74</ele>
			 </trkpt>
			 <trkpt lat="42.736427" lon="10.193963">
				 <ele>76</ele>
			 </trkpt>
			 <trkpt lat="42.736429" lon="10.193825">
				 <ele>76</ele>
			 </trkpt>
			 <trkpt lat="42.736419" lon="10.193727">
				 <ele>74</ele>
			 </trkpt>
			 <trkpt lat="42.736411" lon="10.193639">
				 <ele>74</ele>
			 </trkpt>
			 <trkpt lat="42.73637" lon="10.19344">
				 <ele>70</ele>
			 </trkpt>
			 <trkpt lat="42.73634" lon="10.193169">
				 <ele>69</ele>
			 </trkpt>
			 <trkpt lat="42.736331" lon="10.19288">
				 <ele>70</ele>
			 </trkpt>
			 <trkpt lat="42.736316" lon="10.192753">
				 <ele>70</ele>
			 </trkpt>
			 <trkpt lat="42.736232" lon="10.192418">
				 <ele>67</ele>
			 </trkpt>
			 <trkpt lat="42.736105" lon="10.192055">
				 <ele>65</ele>
			 </trkpt>
			 <trkpt lat="42.736033" lon="10.19182">
				 <ele>65</ele>
			 </trkpt>
			 <trkpt lat="42.735975" lon="10.191485">
				 <ele>66</ele>
			 </trkpt>
			 <trkpt lat="42.735861" lon="10.191187">
				 <ele>63</ele>
			 </trkpt>
			 <trkpt lat="42.735792" lon="10.190904">
				 <ele>63</ele>
			 </trkpt>
			 <trkpt lat="42.735659" lon="10.190532">
				 <ele>54</ele>
			 </trkpt>
			 <trkpt lat="42.735641" lon="10.190386">
				 <ele>52</ele>
			 </trkpt>
			 <trkpt lat="42.735652" lon="10.190281">
				 <ele>51</ele>
			 </trkpt>
			 <trkpt lat="42.735674" lon="10.190178">
				 <ele>51</ele>
			 </trkpt>
			 <trkpt lat="42.735712" lon="10.190143">
				 <ele>52</ele>
			 </trkpt>
			 <trkpt lat="42.735764" lon="10.190116">
				 <ele>53</ele>
			 </trkpt>
			 <trkpt lat="42.735828" lon="10.190117">
				 <ele>55</ele>
			 </trkpt>
			 <trkpt lat="42.735926" lon="10.19016">
				 <ele>57</ele>
			 </trkpt>
			 <trkpt lat="42.736071" lon="10.190224">
				 <ele>57</ele>
			 </trkpt>
			 <trkpt lat="42.736388" lon="10.19039">
				 <ele>62</ele>
			 </trkpt>
			 <trkpt lat="42.736541" lon="10.190445">
				 <ele>65</ele>
			 </trkpt>
			 <trkpt lat="42.73671" lon="10.190437">
				 <ele>65</ele>
			 </trkpt>
			 <trkpt lat="42.736752" lon="10.19044">
				 <ele>63</ele>
			 </trkpt>
			 <trkpt lat="42.736881" lon="10.19045">
				 <ele>63</ele>
			 </trkpt>
			 <trkpt lat="42.737277" lon="10.190562">
				 <ele>60</ele>
			 </trkpt>
			 <trkpt lat="42.737352" lon="10.190591">
				 <ele>58</ele>
			 </trkpt>
			 <trkpt lat="42.737529" lon="10.19066">
				 <ele>58</ele>
			 </trkpt>
			 <trkpt lat="42.737646" lon="10.190719">
				 <ele>58</ele>
			 </trkpt>
			 <trkpt lat="42.737781" lon="10.190856">
				 <ele>60</ele>
			 </trkpt>
			 <trkpt lat="42.73792" lon="10.191038">
				 <ele>62</ele>
			 </trkpt>
			 <trkpt lat="42.738048" lon="10.191234">
				 <ele>64</ele>
			 </trkpt>
			 <trkpt lat="42.73809" lon="10.191318">
				 <ele>67</ele>
			 </trkpt>
			 <trkpt lat="42.738325" lon="10.191785">
				 <ele>67</ele>
			 </trkpt>
			 <trkpt lat="42.738385" lon="10.191893">
				 <ele>69</ele>
			 </trkpt>
			 <trkpt lat="42.738465" lon="10.191949">
				 <ele>71</ele>
			 </trkpt>
			 <trkpt lat="42.7385" lon="10.191942">
				 <ele>71</ele>
			 </trkpt>
			 <trkpt lat="42.73855" lon="10.191933">
				 <ele>71</ele>
			 </trkpt>
			 <trkpt lat="42.738576" lon="10.191911">
				 <ele>71</ele>
			 </trkpt>
			 <trkpt lat="42.738634" lon="10.191861">
				 <ele>71</ele>
			 </trkpt>
			 <trkpt lat="42.738699" lon="10.191679">
				 <ele>69</ele>
			 </trkpt>
			 <trkpt lat="42.73879" lon="10.191237">
				 <ele>66</ele>
			 </trkpt>
			 <trkpt lat="42.738843" lon="10.191006">
				 <ele>65</ele>
			 </trkpt>
			 <trkpt lat="42.738859" lon="10.190954">
				 <ele>65</ele>
			 </trkpt>
			 <trkpt lat="42.738902" lon="10.190804">
				 <ele>64</ele>
			 </trkpt>
			 <trkpt lat="42.738913" lon="10.190677">
				 <ele>63</ele>
			 </trkpt>
			 <trkpt lat="42.738918" lon="10.190632">
				 <ele>63</ele>
			 </trkpt>
			 <trkpt lat="42.738898" lon="10.190288">
				 <ele>60</ele>
			 </trkpt>
			 <trkpt lat="42.738886" lon="10.189444">
				 <ele>53</ele>
			 </trkpt>
			 <trkpt lat="42.73896" lon="10.188959">
				 <ele>52</ele>
			 </trkpt>
			 <trkpt lat="42.739027" lon="10.188381">
				 <ele>51</ele>
			 </trkpt>
			 <trkpt lat="42.739012" lon="10.188098">
				 <ele>49</ele>
			 </trkpt>
			 <trkpt lat="42.738951" lon="10.187647">
				 <ele>45</ele>
			 </trkpt>
			 <trkpt lat="42.738961" lon="10.187372">
				 <ele>45</ele>
			 </trkpt>
			 <trkpt lat="42.738971" lon="10.186568">
				 <ele>47</ele>
			 </trkpt>
			 <trkpt lat="42.738963" lon="10.186465">
				 <ele>48</ele>
			 </trkpt>
			 <trkpt lat="42.738958" lon="10.186402">
				 <ele>48</ele>
			 </trkpt>
			 <trkpt lat="42.738884" lon="10.186258">
				 <ele>46</ele>
			 </trkpt>
			 <trkpt lat="42.738779" lon="10.186213">
				 <ele>44</ele>
			 </trkpt>
			 <trkpt lat="42.738505" lon="10.186232">
				 <ele>35</ele>
			 </trkpt>
			 <trkpt lat="42.738382" lon="10.186145">
				 <ele>32</ele>
			 </trkpt>
			 <trkpt lat="42.738264" lon="10.185939">
				 <ele>31</ele>
			 </trkpt>
			 <trkpt lat="42.738148" lon="10.185686">
				 <ele>31</ele>
			 </trkpt>
			 <trkpt lat="42.738087" lon="10.18553">
				 <ele>30</ele>
			 </trkpt>
			 <trkpt lat="42.737978" lon="10.185245">
				 <ele>30</ele>
			 </trkpt>
			 <trkpt lat="42.737921" lon="10.184911">
				 <ele>31</ele>
			 </trkpt>
			 <trkpt lat="42.737839" lon="10.184295">
				 <ele>30</ele>
			 </trkpt>
			 <trkpt lat="42.737757" lon="10.183734">
				 <ele>32</ele>
			 </trkpt>
			 <trkpt lat="42.737695" lon="10.183642">
				 <ele>30</ele>
			 </trkpt>
			 <trkpt lat="42.737628" lon="10.183542">
				 <ele>30</ele>
			 </trkpt>
			 <trkpt lat="42.737488" lon="10.183483">
				 <ele>27</ele>
			 </trkpt>
			 <trkpt lat="42.737163" lon="10.183521">
				 <ele>22</ele>
			 </trkpt>
			 <trkpt lat="42.737005" lon="10.183462">
				 <ele>21</ele>
			 </trkpt>
			 <trkpt lat="42.736838" lon="10.183315">
				 <ele>21</ele>
			 </trkpt>
			 <trkpt lat="42.736775" lon="10.183283">
				 <ele>20</ele>
			 </trkpt>
			 <trkpt lat="42.73669" lon="10.183207">
				 <ele>20</ele>
			 </trkpt>
			 <trkpt lat="42.736597" lon="10.183123">
				 <ele>20</ele>
			 </trkpt>
			 <trkpt lat="42.73645" lon="10.18292">
				 <ele>20</ele>
			 </trkpt>
			 <trkpt lat="42.736254" lon="10.18261">
				 <ele>21</ele>
			 </trkpt>
			 <trkpt lat="42.736066" lon="10.18235">
				 <ele>20</ele>
			 </trkpt>
			 <trkpt lat="42.735673" lon="10.181809">
				 <ele>20</ele>
			 </trkpt>
			 <trkpt lat="42.735555" lon="10.181582">
				 <ele>19</ele>
			 </trkpt>
			 <trkpt lat="42.735534" lon="10.181529">
				 <ele>18</ele>
			 </trkpt>
			 <trkpt lat="42.735492" lon="10.181422">
				 <ele>18</ele>
			 </trkpt>
			 <trkpt lat="42.735513" lon="10.181205">
				 <ele>19</ele>
			 </trkpt>
			 <trkpt lat="42.735677" lon="10.180504">
				 <ele>21</ele>
			 </trkpt>
			 <trkpt lat="42.735728" lon="10.180274">
				 <ele>20</ele>
			 </trkpt>
			 <trkpt lat="42.735757" lon="10.18015">
				 <ele>20</ele>
			 </trkpt>
			 <trkpt lat="42.735834" lon="10.179813">
				 <ele>17</ele>
			 </trkpt>
			 <trkpt lat="42.73598" lon="10.179338">
				 <ele>12</ele>
			 </trkpt>
			 <trkpt lat="42.73606" lon="10.179227">
				 <ele>12</ele>
			 </trkpt>
			 <trkpt lat="42.73618" lon="10.179208">
				 <ele>14</ele>
			 </trkpt>
			 <trkpt lat="42.736314" lon="10.179151">
				 <ele>16</ele>
			 </trkpt>
			 <trkpt lat="42.736383" lon="10.179077">
				 <ele>17</ele>
			 </trkpt>
			 <trkpt lat="42.736427" lon="10.178986">
				 <ele>17</ele>
			 </trkpt>
			 <trkpt lat="42.736443" lon="10.178838">
				 <ele>16</ele>
			 </trkpt>
			 <trkpt lat="42.736438" lon="10.178693">
				 <ele>11</ele>
			 </trkpt>
			 <trkpt lat="42.736419" lon="10.178102">
				 <ele>11</ele>
			 </trkpt>
			 <trkpt lat="42.736435" lon="10.177865">
				 <ele>9</ele>
			 </trkpt>
			 <trkpt lat="42.73647" lon="10.177834">
				 <ele>10</ele>
			 </trkpt>
			 <trkpt lat="42.736545" lon="10.177771">
				 <ele>10</ele>
			 </trkpt>
			 <trkpt lat="42.736687" lon="10.177739">
				 <ele>11</ele>
			 </trkpt>
			 <trkpt lat="42.736844" lon="10.177804">
				 <ele>13</ele>
			 </trkpt>
			 <trkpt lat="42.737" lon="10.177929">
				 <ele>15</ele>
			 </trkpt>
			 <trkpt lat="42.73717" lon="10.177912">
				 <ele>16</ele>
			 </trkpt>
			 <trkpt lat="42.737342" lon="10.177806">
				 <ele>16</ele>
			 </trkpt>
			 <trkpt lat="42.737536" lon="10.177478">
				 <ele>14</ele>
			 </trkpt>
			 <trkpt lat="42.737637" lon="10.177165">
				 <ele>15</ele>
			 </trkpt>
			 <trkpt lat="42.737657" lon="10.177098">
				 <ele>15</ele>
			 </trkpt>
			 <trkpt lat="42.737683" lon="10.177021">
				 <ele>15</ele>
			 </trkpt>
			 <trkpt lat="42.737686" lon="10.176852">
				 <ele>15</ele>
			 </trkpt>
			 <trkpt lat="42.737688" lon="10.176785">
				 <ele>15</ele>
			 </trkpt>
			 <trkpt lat="42.737553" lon="10.176219">
				 <ele>14</ele>
			 </trkpt>
			 <trkpt lat="42.737523" lon="10.175969">
				 <ele>14</ele>
			 </trkpt>
			 <trkpt lat="42.737518" lon="10.175459">
				 <ele>18</ele>
			 </trkpt>
			 <trkpt lat="42.737459" lon="10.175278">
				 <ele>20</ele>
			 </trkpt>
			 <trkpt lat="42.737402" lon="10.175221">
				 <ele>23</ele>
			 </trkpt>
			 <trkpt lat="42.73732" lon="10.175141">
				 <ele>23</ele>
			 </trkpt>
			 <trkpt lat="42.737245" lon="10.175159">
				 <ele>23</ele>
			 </trkpt>
			 <trkpt lat="42.73714" lon="10.175202">
				 <ele>24</ele>
			 </trkpt>
			 <trkpt lat="42.736929" lon="10.175554">
				 <ele>17</ele>
			 </trkpt>
			 <trkpt lat="42.736836" lon="10.175711">
				 <ele>17</ele>
			 </trkpt>
			 <trkpt lat="42.736669" lon="10.175742">
				 <ele>17</ele>
			 </trkpt>
			 <trkpt lat="42.736358" lon="10.175681">
				 <ele>16</ele>
			 </trkpt>
			 <trkpt lat="42.73608" lon="10.1756">
				 <ele>16</ele>
			 </trkpt>
			 <trkpt lat="42.735754" lon="10.17548">
				 <ele>15</ele>
			 </trkpt>
			 <trkpt lat="42.735721" lon="10.175468">
				 <ele>15</ele>
			 </trkpt>
			 <trkpt lat="42.735568" lon="10.175229">
				 <ele>16</ele>
			 </trkpt>
			 <trkpt lat="42.735378" lon="10.1749">
				 <ele>16</ele>
			 </trkpt>
			 <trkpt lat="42.735121" lon="10.174457">
				 <ele>16</ele>
			 </trkpt>
			 <trkpt lat="42.735016" lon="10.174274">
				 <ele>16</ele>
			 </trkpt>
			 <trkpt lat="42.734977" lon="10.17411">
				 <ele>17</ele>
			 </trkpt>
			 <trkpt lat="42.734835" lon="10.173684">
				 <ele>18</ele>
			 </trkpt>
			 <trkpt lat="42.734701" lon="10.172577">
				 <ele>23</ele>
			 </trkpt>
			 <trkpt lat="42.734638" lon="10.172102">
				 <ele>25</ele>
			 </trkpt>
			 <trkpt lat="42.734606" lon="10.171946">
				 <ele>25</ele>
			 </trkpt>
			 <trkpt lat="42.734514" lon="10.171747">
				 <ele>25</ele>
			 </trkpt>
			 <trkpt lat="42.734375" lon="10.171574">
				 <ele>21</ele>
			 </trkpt>
			 <trkpt lat="42.734333" lon="10.171521">
				 <ele>21</ele>
			 </trkpt>
			 <trkpt lat="42.734267" lon="10.171407">
				 <ele>20</ele>
			 </trkpt>
			 <trkpt lat="42.734209" lon="10.171139">
				 <ele>20</ele>
			 </trkpt>
			 <trkpt lat="42.73421" lon="10.170761">
				 <ele>23</ele>
			 </trkpt>
			 <trkpt lat="42.734199" lon="10.170327">
				 <ele>25</ele>
			 </trkpt>
			 <trkpt lat="42.734178" lon="10.169974">
				 <ele>26</ele>
			 </trkpt>
			 <trkpt lat="42.734162" lon="10.169903">
				 <ele>26</ele>
			 </trkpt>
			 <trkpt lat="42.734107" lon="10.16965">
				 <ele>26</ele>
			 </trkpt>
			 <trkpt lat="42.734098" lon="10.169587">
				 <ele>27</ele>
			 </trkpt>
			 <trkpt lat="42.733966" lon="10.169003">
				 <ele>28</ele>
			 </trkpt>
			 <trkpt lat="42.733745" lon="10.168001">
				 <ele>32</ele>
			 </trkpt>
			 <trkpt lat="42.733721" lon="10.167893">
				 <ele>32</ele>
			 </trkpt>
			 <trkpt lat="42.733631" lon="10.167597">
				 <ele>32</ele>
			 </trkpt>
			 <trkpt lat="42.733431" lon="10.167268">
				 <ele>29</ele>
			 </trkpt>
			 <trkpt lat="42.73324" lon="10.166904">
				 <ele>29</ele>
			 </trkpt>
			 <trkpt lat="42.733183" lon="10.166697">
				 <ele>30</ele>
			 </trkpt>
			 <trkpt lat="42.733014" lon="10.165612">
				 <ele>35</ele>
			 </trkpt>
			 <trkpt lat="42.732881" lon="10.165253">
				 <ele>34</ele>
			 </trkpt>
			 <trkpt lat="42.732744" lon="10.165024">
				 <ele>31</ele>
			 </trkpt>
			 <trkpt lat="42.732707" lon="10.164929">
				 <ele>28</ele>
			 </trkpt>
			 <trkpt lat="42.732636" lon="10.164749">
				 <ele>28</ele>
			 </trkpt>
			 <trkpt lat="42.732624" lon="10.164619">
				 <ele>29</ele>
			 </trkpt>
			 <trkpt lat="42.7326" lon="10.164339">
				 <ele>29</ele>
			 </trkpt>
			 <trkpt lat="42.732584" lon="10.163898">
				 <ele>31</ele>
			 </trkpt>
			 <trkpt lat="42.732409" lon="10.162026">
				 <ele>35</ele>
			 </trkpt>
			 <trkpt lat="42.732385" lon="10.161586">
				 <ele>35</ele>
			 </trkpt>
			 <trkpt lat="42.732436" lon="10.161141">
				 <ele>35</ele>
			 </trkpt>
			 <trkpt lat="42.73252" lon="10.16042">
				 <ele>35</ele>
			 </trkpt>
			 <trkpt lat="42.732595" lon="10.159699">
				 <ele>39</ele>
			 </trkpt>
			 <trkpt lat="42.732575" lon="10.15934">
				 <ele>38</ele>
			 </trkpt>
			 <trkpt lat="42.732551" lon="10.159087">
				 <ele>37</ele>
			 </trkpt>
			 <trkpt lat="42.732539" lon="10.158738">
				 <ele>34</ele>
			 </trkpt>
			 <trkpt lat="42.732558" lon="10.15862">
				 <ele>33</ele>
			 </trkpt>
			 <trkpt lat="42.732671" lon="10.157956">
				 <ele>33</ele>
			 </trkpt>
			 <trkpt lat="42.732755" lon="10.157737">
				 <ele>33</ele>
			 </trkpt>
			 <trkpt lat="42.733169" lon="10.157169">
				 <ele>41</ele>
			 </trkpt>
			 <trkpt lat="42.733226" lon="10.156758">
				 <ele>40</ele>
			 </trkpt>
			 <trkpt lat="42.733274" lon="10.156475">
				 <ele>39</ele>
			 </trkpt>
			 <trkpt lat="42.733371" lon="10.156225">
				 <ele>38</ele>
			 </trkpt>
			 <trkpt lat="42.733653" lon="10.155596">
				 <ele>39</ele>
			 </trkpt>
			 <trkpt lat="42.733698" lon="10.155499">
				 <ele>39</ele>
			 </trkpt>
			 <trkpt lat="42.733762" lon="10.155321">
				 <ele>39</ele>
			 </trkpt>
			 <trkpt lat="42.733874" lon="10.154789">
				 <ele>35</ele>
			 </trkpt>
			 <trkpt lat="42.733927" lon="10.154574">
				 <ele>33</ele>
			 </trkpt>
			 <trkpt lat="42.733979" lon="10.154481">
				 <ele>33</ele>
			 </trkpt>
			 <trkpt lat="42.734032" lon="10.154409">
				 <ele>34</ele>
			 </trkpt>
			 <trkpt lat="42.734265" lon="10.154095">
				 <ele>34</ele>
			 </trkpt>
			 <trkpt lat="42.734442" lon="10.153676">
				 <ele>30</ele>
			 </trkpt>
			 <trkpt lat="42.73452" lon="10.153491">
				 <ele>29</ele>
			 </trkpt>
			 <trkpt lat="42.734662" lon="10.153313">
				 <ele>29</ele>
			 </trkpt>
			 <trkpt lat="42.734892" lon="10.153169">
				 <ele>35</ele>
			 </trkpt>
			 <trkpt lat="42.734946" lon="10.153112">
				 <ele>36</ele>
			 </trkpt>
			 <trkpt lat="42.734983" lon="10.153047">
				 <ele>37</ele>
			 </trkpt>
			 <trkpt lat="42.735001" lon="10.15297">
				 <ele>37</ele>
			 </trkpt>
			 <trkpt lat="42.735016" lon="10.152914">
				 <ele>37</ele>
			 </trkpt>
			 <trkpt lat="42.735025" lon="10.152769">
				 <ele>37</ele>
			 </trkpt>
			 <trkpt lat="42.735024" lon="10.152121">
				 <ele>33</ele>
			 </trkpt>
			 <trkpt lat="42.735024" lon="10.151928">
				 <ele>33</ele>
			 </trkpt>
			 <trkpt lat="42.735039" lon="10.151812">
				 <ele>33</ele>
			 </trkpt>
			 <trkpt lat="42.735047" lon="10.151754">
				 <ele>33</ele>
			 </trkpt>
			 <trkpt lat="42.735088" lon="10.151609">
				 <ele>35</ele>
			 </trkpt>
			 <trkpt lat="42.735157" lon="10.151459">
				 <ele>37</ele>
			 </trkpt>
			 <trkpt lat="42.735451" lon="10.150941">
				 <ele>45</ele>
			 </trkpt>
			 <trkpt lat="42.735488" lon="10.150841">
				 <ele>45</ele>
			 </trkpt>
			 <trkpt lat="42.735496" lon="10.150756">
				 <ele>47</ele>
			 </trkpt>
			 <trkpt lat="42.735481" lon="10.150585">
				 <ele>47</ele>
			 </trkpt>
			 <trkpt lat="42.735287" lon="10.150008">
				 <ele>44</ele>
			 </trkpt>
			 <trkpt lat="42.735229" lon="10.149683">
				 <ele>43</ele>
			 </trkpt>
			 <trkpt lat="42.735195" lon="10.149371">
				 <ele>42</ele>
			 </trkpt>
			 <trkpt lat="42.735206" lon="10.149109">
				 <ele>43</ele>
			 </trkpt>
			 <trkpt lat="42.735267" lon="10.148689">
				 <ele>43</ele>
			 </trkpt>
			 <trkpt lat="42.735322" lon="10.14854">
				 <ele>43</ele>
			 </trkpt>
			 <trkpt lat="42.735594" lon="10.148136">
				 <ele>48</ele>
			 </trkpt>
			 <trkpt lat="42.735624" lon="10.148082">
				 <ele>48</ele>
			 </trkpt>
			 <trkpt lat="42.735655" lon="10.148025">
				 <ele>49</ele>
			 </trkpt>
			 <trkpt lat="42.735703" lon="10.147938">
				 <ele>50</ele>
			 </trkpt>
			 <trkpt lat="42.735744" lon="10.147802">
				 <ele>50</ele>
			 </trkpt>
			 <trkpt lat="42.73574" lon="10.147448">
				 <ele>51</ele>
			 </trkpt>
			 <trkpt lat="42.73574" lon="10.147376">
				 <ele>51</ele>
			 </trkpt>
			 <trkpt lat="42.735702" lon="10.147151">
				 <ele>53</ele>
			 </trkpt>
			 <trkpt lat="42.735623" lon="10.146839">
				 <ele>55</ele>
			 </trkpt>
			 <trkpt lat="42.735511" lon="10.146732">
				 <ele>56</ele>
			 </trkpt>
			 <trkpt lat="42.735414" lon="10.146661">
				 <ele>53</ele>
			 </trkpt>
			 <trkpt lat="42.735214" lon="10.146697">
				 <ele>54</ele>
			 </trkpt>
			 <trkpt lat="42.735066" lon="10.146761">
				 <ele>55</ele>
			 </trkpt>
			 <trkpt lat="42.734882" lon="10.146797">
				 <ele>52</ele>
			 </trkpt>
			 <trkpt lat="42.734654" lon="10.146701">
				 <ele>53</ele>
			 </trkpt>
			 <trkpt lat="42.734423" lon="10.146469">
				 <ele>57</ele>
			 </trkpt>
			 <trkpt lat="42.734364" lon="10.14641">
				 <ele>57</ele>
			 </trkpt>
			 <trkpt lat="42.734277" lon="10.146279">
				 <ele>58</ele>
			 </trkpt>
			 <trkpt lat="42.734215" lon="10.14614">
				 <ele>59</ele>
			 </trkpt>
			 <trkpt lat="42.73408" lon="10.144991">
				 <ele>71</ele>
			 </trkpt>
			 <trkpt lat="42.734034" lon="10.144864">
				 <ele>71</ele>
			 </trkpt>
			 <trkpt lat="42.734009" lon="10.144821">
				 <ele>71</ele>
			 </trkpt>
			 <trkpt lat="42.733973" lon="10.144757">
				 <ele>71</ele>
			 </trkpt>
			 <trkpt lat="42.733879" lon="10.144658">
				 <ele>71</ele>
			 </trkpt>
			 <trkpt lat="42.733638" lon="10.144556">
				 <ele>67</ele>
			 </trkpt>
			 <trkpt lat="42.733588" lon="10.144535">
				 <ele>67</ele>
			 </trkpt>
			 <trkpt lat="42.733491" lon="10.144447">
				 <ele>66</ele>
			 </trkpt>
			 <trkpt lat="42.733421" lon="10.144325">
				 <ele>65</ele>
			 </trkpt>
			 <trkpt lat="42.733398" lon="10.144233">
				 <ele>66</ele>
			 </trkpt>
			 <trkpt lat="42.733361" lon="10.144021">
				 <ele>66</ele>
			 </trkpt>
			 <trkpt lat="42.733447" lon="10.14283">
				 <ele>70</ele>
			 </trkpt>
			 <trkpt lat="42.733491" lon="10.142421">
				 <ele>71</ele>
			 </trkpt>
			 <trkpt lat="42.733506" lon="10.142364">
				 <ele>71</ele>
			 </trkpt>
			 <trkpt lat="42.733578" lon="10.142099">
				 <ele>71</ele>
			 </trkpt>
			 <trkpt lat="42.733798" lon="10.141672">
				 <ele>75</ele>
			 </trkpt>
			 <trkpt lat="42.73398" lon="10.141421">
				 <ele>76</ele>
			 </trkpt>
			 <trkpt lat="42.734419" lon="10.140933">
				 <ele>82</ele>
			 </trkpt>
			 <trkpt lat="42.734719" lon="10.140374">
				 <ele>82</ele>
			 </trkpt>
			 <trkpt lat="42.735776" lon="10.138522">
				 <ele>82</ele>
			 </trkpt>
			 <trkpt lat="42.735814" lon="10.138457">
				 <ele>82</ele>
			 </trkpt>
			 <trkpt lat="42.735846" lon="10.13826">
				 <ele>82</ele>
			 </trkpt>
			 <trkpt lat="42.735833" lon="10.13789">
				 <ele>75</ele>
			 </trkpt>
			 <trkpt lat="42.735808" lon="10.137126">
				 <ele>75</ele>
			 </trkpt>
			 <trkpt lat="42.73582" lon="10.136977">
				 <ele>73</ele>
			 </trkpt>
			 <trkpt lat="42.735894" lon="10.13686">
				 <ele>74</ele>
			 </trkpt>
			 <trkpt lat="42.735924" lon="10.136815">
				 <ele>74</ele>
			 </trkpt>
			 <trkpt lat="42.736068" lon="10.136691">
				 <ele>75</ele>
			 </trkpt>
			 <trkpt lat="42.737521" lon="10.135807">
				 <ele>88</ele>
			 </trkpt>
			 <trkpt lat="42.737649" lon="10.135693">
				 <ele>92</ele>
			 </trkpt>
			 <trkpt lat="42.737717" lon="10.135573">
				 <ele>94</ele>
			 </trkpt>
			 <trkpt lat="42.737771" lon="10.135437">
				 <ele>95</ele>
			 </trkpt>
			 <trkpt lat="42.73817" lon="10.13398">
				 <ele>94</ele>
			 </trkpt>
			 <trkpt lat="42.738226" lon="10.133765">
				 <ele>93</ele>
			 </trkpt>
			 <trkpt lat="42.738357" lon="10.132982">
				 <ele>87</ele>
			 </trkpt>
			 <trkpt lat="42.738403" lon="10.13276">
				 <ele>86</ele>
			 </trkpt>
			 <trkpt lat="42.738459" lon="10.132598">
				 <ele>86</ele>
			 </trkpt>
			 <trkpt lat="42.738637" lon="10.132187">
				 <ele>88</ele>
			 </trkpt>
			 <trkpt lat="42.738672" lon="10.132044">
				 <ele>88</ele>
			 </trkpt>
			 <trkpt lat="42.738812" lon="10.131032">
				 <ele>78</ele>
			 </trkpt>
			 <trkpt lat="42.738843" lon="10.130885">
				 <ele>78</ele>
			 </trkpt>
			 <trkpt lat="42.738877" lon="10.130798">
				 <ele>78</ele>
			 </trkpt>
			 <trkpt lat="42.738937" lon="10.130686">
				 <ele>78</ele>
			 </trkpt>
			 <trkpt lat="42.738981" lon="10.130607">
				 <ele>78</ele>
			 </trkpt>
			 <trkpt lat="42.739522" lon="10.12974">
				 <ele>69</ele>
			 </trkpt>
			 <trkpt lat="42.739822" lon="10.129294">
				 <ele>65</ele>
			 </trkpt>
			 <trkpt lat="42.739884" lon="10.129253">
				 <ele>67</ele>
			 </trkpt>
			 <trkpt lat="42.739943" lon="10.129228">
				 <ele>69</ele>
			 </trkpt>
			 <trkpt lat="42.740012" lon="10.129252">
				 <ele>73</ele>
			 </trkpt>
			 <trkpt lat="42.740076" lon="10.129294">
				 <ele>76</ele>
			 </trkpt>
			 <trkpt lat="42.740187" lon="10.129487">
				 <ele>84</ele>
			 </trkpt>
			 <trkpt lat="42.740292" lon="10.129551">
				 <ele>88</ele>
			 </trkpt>
			 <trkpt lat="42.740383" lon="10.129542">
				 <ele>90</ele>
			 </trkpt>
			 <trkpt lat="42.740461" lon="10.12947">
				 <ele>91</ele>
			 </trkpt>
			 <trkpt lat="42.740475" lon="10.12943">
				 <ele>86</ele>
			 </trkpt>
			 <trkpt lat="42.740689" lon="10.128861">
				 <ele>86</ele>
			 </trkpt>
			 <trkpt lat="42.740766" lon="10.128294">
				 <ele>81</ele>
			 </trkpt>
			 <trkpt lat="42.74096" lon="10.127613">
				 <ele>73</ele>
			 </trkpt>
			 <trkpt lat="42.741033" lon="10.127451">
				 <ele>72</ele>
			 </trkpt>
			 <trkpt lat="42.741248" lon="10.127156">
				 <ele>72</ele>
			 </trkpt>
			 <trkpt lat="42.741371" lon="10.127002">
				 <ele>72</ele>
			 </trkpt>
			 <trkpt lat="42.741469" lon="10.126818">
				 <ele>70</ele>
			 </trkpt>
			 <trkpt lat="42.741619" lon="10.126403">
				 <ele>64</ele>
			 </trkpt>
			 <trkpt lat="42.741703" lon="10.126291">
				 <ele>64</ele>
			 </trkpt>
			 <trkpt lat="42.741789" lon="10.126255">
				 <ele>66</ele>
			 </trkpt>
			 <trkpt lat="42.742081" lon="10.126293">
				 <ele>77</ele>
			 </trkpt>
			 <trkpt lat="42.742168" lon="10.126232">
				 <ele>79</ele>
			 </trkpt>
			 <trkpt lat="42.742213" lon="10.126118">
				 <ele>79</ele>
			 </trkpt>
			 <trkpt lat="42.742228" lon="10.125963">
				 <ele>76</ele>
			 </trkpt>
			 <trkpt lat="42.742238" lon="10.125566">
				 <ele>69</ele>
			 </trkpt>
			 <trkpt lat="42.742257" lon="10.125404">
				 <ele>67</ele>
			 </trkpt>
			 <trkpt lat="42.7423" lon="10.125203">
				 <ele>64</ele>
			 </trkpt>
			 <trkpt lat="42.742441" lon="10.124889">
				 <ele>62</ele>
			 </trkpt>
			 <trkpt lat="42.742606" lon="10.124571">
				 <ele>59</ele>
			 </trkpt>
			 <trkpt lat="42.742722" lon="10.124419">
				 <ele>53</ele>
			 </trkpt>
			 <trkpt lat="42.742944" lon="10.124132">
				 <ele>53</ele>
			 </trkpt>
			 <trkpt lat="42.743093" lon="10.124">
				 <ele>52</ele>
			 </trkpt>
			 <trkpt lat="42.743238" lon="10.123932">
				 <ele>53</ele>
			 </trkpt>
			 <trkpt lat="42.743536" lon="10.123962">
				 <ele>60</ele>
			 </trkpt>
			 <trkpt lat="42.743709" lon="10.123923">
				 <ele>63</ele>
			 </trkpt>
			 <trkpt lat="42.743811" lon="10.123825">
				 <ele>63</ele>
			 </trkpt>
			 <trkpt lat="42.743863" lon="10.123666">
				 <ele>61</ele>
			 </trkpt>
			 <trkpt lat="42.743882" lon="10.123446">
				 <ele>56</ele>
			 </trkpt>
			 <trkpt lat="42.743891" lon="10.123349">
				 <ele>56</ele>
			 </trkpt>
			 <trkpt lat="42.743941" lon="10.123058">
				 <ele>50</ele>
			 </trkpt>
			 <trkpt lat="42.744083" lon="10.12271">
				 <ele>46</ele>
			 </trkpt>
			 <trkpt lat="42.744112" lon="10.122642">
				 <ele>45</ele>
			 </trkpt>
			 <trkpt lat="42.744274" lon="10.122465">
				 <ele>44</ele>
			 </trkpt>
			 <trkpt lat="42.744341" lon="10.122393">
				 <ele>44</ele>
			 </trkpt>
			 <trkpt lat="42.744601" lon="10.122179">
				 <ele>44</ele>
			 </trkpt>
			 <trkpt lat="42.745095" lon="10.121725">
				 <ele>42</ele>
			 </trkpt>
			 <trkpt lat="42.745171" lon="10.121634">
				 <ele>41</ele>
			 </trkpt>
			 <trkpt lat="42.745243" lon="10.121515">
				 <ele>40</ele>
			 </trkpt>
			 <trkpt lat="42.745465" lon="10.120977">
				 <ele>24</ele>
			 </trkpt>
			 <trkpt lat="42.745654" lon="10.120524">
				 <ele>24</ele>
			 </trkpt>
			 <trkpt lat="42.745729" lon="10.120404">
				 <ele>22</ele>
			 </trkpt>
			 <trkpt lat="42.74582" lon="10.120401">
				 <ele>23</ele>
			 </trkpt>
			 <trkpt lat="42.74591" lon="10.120416">
				 <ele>23</ele>
			 </trkpt>
			 <trkpt lat="42.746009" lon="10.120469">
				 <ele>23</ele>
			 </trkpt>
			 <trkpt lat="42.746167" lon="10.120574">
				 <ele>23</ele>
			 </trkpt>
			 <trkpt lat="42.746227" lon="10.120603">
				 <ele>23</ele>
			 </trkpt>
			 <trkpt lat="42.746331" lon="10.120762">
				 <ele>24</ele>
			 </trkpt>
			 <trkpt lat="42.746426" lon="10.120962">
				 <ele>25</ele>
			 </trkpt>
			 <trkpt lat="42.74655" lon="10.121222">
				 <ele>27</ele>
			 </trkpt>
			 <trkpt lat="42.746695" lon="10.121626">
				 <ele>28</ele>
			 </trkpt>
			 <trkpt lat="42.746902" lon="10.12202">
				 <ele>29</ele>
			 </trkpt>
			 <trkpt lat="42.746966" lon="10.122127">
				 <ele>28</ele>
			 </trkpt>
			 <trkpt lat="42.747" lon="10.122314">
				 <ele>29</ele>
			 </trkpt>
			 <trkpt lat="42.747004" lon="10.122389">
				 <ele>31</ele>
			 </trkpt>
			 <trkpt lat="42.747028" lon="10.122839">
				 <ele>31</ele>
			 </trkpt>
			 <trkpt lat="42.747044" lon="10.122926">
				 <ele>31</ele>
			 </trkpt>
			 <trkpt lat="42.747077" lon="10.122963">
				 <ele>31</ele>
			 </trkpt>
			 <trkpt lat="42.747105" lon="10.122993">
				 <ele>29</ele>
			 </trkpt>
			 <trkpt lat="42.747145" lon="10.123035">
				 <ele>29</ele>
			 </trkpt>
			 <trkpt lat="42.747223" lon="10.12304">
				 <ele>27</ele>
			 </trkpt>
			 <trkpt lat="42.747378" lon="10.122937">
				 <ele>23</ele>
			 </trkpt>
			 <trkpt lat="42.747446" lon="10.122879">
				 <ele>21</ele>
			 </trkpt>
			 <trkpt lat="42.747486" lon="10.122794">
				 <ele>20</ele>
			 </trkpt>
			 <trkpt lat="42.747522" lon="10.122703">
				 <ele>20</ele>
			 </trkpt>
			 <trkpt lat="42.74753" lon="10.122598">
				 <ele>19</ele>
			 </trkpt>
			 <trkpt lat="42.747546" lon="10.122395">
				 <ele>19</ele>
			 </trkpt>
			 <trkpt lat="42.747584" lon="10.122272">
				 <ele>19</ele>
			 </trkpt>
			 <trkpt lat="42.747639" lon="10.122176">
				 <ele>19</ele>
			 </trkpt>
			 <trkpt lat="42.747866" lon="10.121837">
				 <ele>19</ele>
			 </trkpt>
			 <trkpt lat="42.748159" lon="10.121423">
				 <ele>20</ele>
			 </trkpt>
			 <trkpt lat="42.748294" lon="10.121236">
				 <ele>21</ele>
			 </trkpt>
			 <trkpt lat="42.748534" lon="10.121069">
				 <ele>23</ele>
			 </trkpt>
			 <trkpt lat="42.748523" lon="10.121158">
				 <ele>23</ele>
			 </trkpt>
			 <trkpt lat="42.748515" lon="10.121228">
				 <ele>23</ele>
			 </trkpt>
			 <trkpt lat="42.748472" lon="10.121503">
				 <ele>24</ele>
			 </trkpt>
			 <trkpt lat="42.748385" lon="10.122087">
				 <ele>24</ele>
			 </trkpt>
			 <trkpt lat="42.74835" lon="10.122388">
				 <ele>25</ele>
			 </trkpt>
			 <trkpt lat="42.748318" lon="10.122668">
				 <ele>26</ele>
			 </trkpt>
			 <trkpt lat="42.748309" lon="10.122751">
				 <ele>26</ele>
			 </trkpt>
			 <trkpt lat="42.748274" lon="10.123007">
				 <ele>27</ele>
			 </trkpt>
			 <trkpt lat="42.748275" lon="10.123278">
				 <ele>29</ele>
			 </trkpt>
			 <trkpt lat="42.748348" lon="10.123953">
				 <ele>32</ele>
			 </trkpt>
			 <trkpt lat="42.748367" lon="10.12447">
				 <ele>33</ele>
			 </trkpt>
			 <trkpt lat="42.748456" lon="10.124852">
				 <ele>34</ele>
			 </trkpt>
			 <trkpt lat="42.748484" lon="10.125085">
				 <ele>35</ele>
			 </trkpt>
			 <trkpt lat="42.748513" lon="10.125164">
				 <ele>36</ele>
			 </trkpt>
			 <trkpt lat="42.748573" lon="10.125273">
				 <ele>37</ele>
			 </trkpt>
			 <trkpt lat="42.748626" lon="10.125322">
				 <ele>37</ele>
			 </trkpt>
			 <trkpt lat="42.748664" lon="10.125331">
				 <ele>38</ele>
			 </trkpt>
			 <trkpt lat="42.748706" lon="10.125341">
				 <ele>38</ele>
			 </trkpt>
			 <trkpt lat="42.748784" lon="10.1253">
				 <ele>39</ele>
			 </trkpt>
			 <trkpt lat="42.74888" lon="10.125165">
				 <ele>40</ele>
			 </trkpt>
			 <trkpt lat="42.749004" lon="10.124879">
				 <ele>42</ele>
			 </trkpt>
			 <trkpt lat="42.749063" lon="10.124694">
				 <ele>43</ele>
			 </trkpt>
			 <trkpt lat="42.749092" lon="10.124606">
				 <ele>43</ele>
			 </trkpt>
			 <trkpt lat="42.749132" lon="10.124441">
				 <ele>43</ele>
			 </trkpt>
			 <trkpt lat="42.749174" lon="10.124272">
				 <ele>43</ele>
			 </trkpt>
			 <trkpt lat="42.749231" lon="10.123309">
				 <ele>44</ele>
			 </trkpt>
			 <trkpt lat="42.749341" lon="10.122862">
				 <ele>47</ele>
			 </trkpt>
			 <trkpt lat="42.749382" lon="10.122604">
				 <ele>48</ele>
			 </trkpt>
			 <trkpt lat="42.749388" lon="10.122513">
				 <ele>48</ele>
			 </trkpt>
			 <trkpt lat="42.74941" lon="10.122365">
				 <ele>48</ele>
			 </trkpt>
			 <trkpt lat="42.749568" lon="10.121588">
				 <ele>46</ele>
			 </trkpt>
			 <trkpt lat="42.749593" lon="10.121459">
				 <ele>46</ele>
			 </trkpt>
			 <trkpt lat="42.749615" lon="10.121337">
				 <ele>46</ele>
			 </trkpt>
			 <trkpt lat="42.749638" lon="10.121072">
				 <ele>45</ele>
			 </trkpt>
			 <trkpt lat="42.749604" lon="10.120917">
				 <ele>43</ele>
			 </trkpt>
			 <trkpt lat="42.749568" lon="10.120577">
				 <ele>40</ele>
			 </trkpt>
			 <trkpt lat="42.749556" lon="10.120386">
				 <ele>39</ele>
			 </trkpt>
			 <trkpt lat="42.749519" lon="10.120159">
				 <ele>38</ele>
			 </trkpt>
			 <trkpt lat="42.749504" lon="10.119863">
				 <ele>36</ele>
			 </trkpt>
			 <trkpt lat="42.749507" lon="10.119769">
				 <ele>35</ele>
			 </trkpt>
			 <trkpt lat="42.749509" lon="10.11972">
				 <ele>35</ele>
			 </trkpt>
			 <trkpt lat="42.749531" lon="10.119558">
				 <ele>34</ele>
			 </trkpt>
			 <trkpt lat="42.749563" lon="10.119451">
				 <ele>34</ele>
			 </trkpt>
			 <trkpt lat="42.749706" lon="10.119166">
				 <ele>35</ele>
			 </trkpt>
			 <trkpt lat="42.749944" lon="10.118896">
				 <ele>35</ele>
			 </trkpt>
			 <trkpt lat="42.750129" lon="10.118728">
				 <ele>37</ele>
			 </trkpt>
			 <trkpt lat="42.750174" lon="10.118581">
				 <ele>35</ele>
			 </trkpt>
			 <trkpt lat="42.750627" lon="10.118324">
				 <ele>41</ele>
			 </trkpt>
			 <trkpt lat="42.750746" lon="10.118223">
				 <ele>41</ele>
			 </trkpt>
			 <trkpt lat="42.751293" lon="10.117466">
				 <ele>47</ele>
			 </trkpt>
			 <trkpt lat="42.751328" lon="10.117387">
				 <ele>48</ele>
			 </trkpt>
			 <trkpt lat="42.751383" lon="10.117268">
				 <ele>50</ele>
			 </trkpt>
			 <trkpt lat="42.751407" lon="10.117085">
				 <ele>50</ele>
			 </trkpt>
			 <trkpt lat="42.751415" lon="10.116946">
				 <ele>50</ele>
			 </trkpt>
			 <trkpt lat="42.751353" lon="10.115777">
				 <ele>36</ele>
			 </trkpt>
			 <trkpt lat="42.751351" lon="10.115738">
				 <ele>36</ele>
			 </trkpt>
			 <trkpt lat="42.751363" lon="10.115492">
				 <ele>30</ele>
			 </trkpt>
			 <trkpt lat="42.751426" lon="10.115335">
				 <ele>28</ele>
			 </trkpt>
			 <trkpt lat="42.751529" lon="10.115235">
				 <ele>28</ele>
			 </trkpt>
			 <trkpt lat="42.751594" lon="10.11523">
				 <ele>30</ele>
			 </trkpt>
			 <trkpt lat="42.751654" lon="10.115227">
				 <ele>32</ele>
			 </trkpt>
			 <trkpt lat="42.751918" lon="10.115292">
				 <ele>38</ele>
			 </trkpt>
			 <trkpt lat="42.752088" lon="10.115346">
				 <ele>41</ele>
			 </trkpt>
			 <trkpt lat="42.75221" lon="10.115464">
				 <ele>47</ele>
			 </trkpt>
			 <trkpt lat="42.752349" lon="10.115549">
				 <ele>53</ele>
			 </trkpt>
			 <trkpt lat="42.752463" lon="10.115559">
				 <ele>54</ele>
			 </trkpt>
			 <trkpt lat="42.752614" lon="10.11552">
				 <ele>52</ele>
			 </trkpt>
			 <trkpt lat="42.752818" lon="10.115447">
				 <ele>47</ele>
			 </trkpt>
			 <trkpt lat="42.752928" lon="10.115469">
				 <ele>47</ele>
			 </trkpt>
			 <trkpt lat="42.753924" lon="10.116166">
				 <ele>65</ele>
			 </trkpt>
			 <trkpt lat="42.754054" lon="10.116179">
				 <ele>65</ele>
			 </trkpt>
			 <trkpt lat="42.754116" lon="10.116145">
				 <ele>63</ele>
			 </trkpt>
			 <trkpt lat="42.754188" lon="10.116108">
				 <ele>62</ele>
			 </trkpt>
			 <trkpt lat="42.754672" lon="10.115761">
				 <ele>58</ele>
			 </trkpt>
			 <trkpt lat="42.75474" lon="10.115657">
				 <ele>56</ele>
			 </trkpt>
			 <trkpt lat="42.754917" lon="10.115238">
				 <ele>42</ele>
			 </trkpt>
			 <trkpt lat="42.754944" lon="10.115226">
				 <ele>42</ele>
			 </trkpt>
			 <trkpt lat="42.755007" lon="10.115201">
				 <ele>42</ele>
			 </trkpt>
			 <trkpt lat="42.755262" lon="10.115213">
				 <ele>46</ele>
			 </trkpt>
			 <trkpt lat="42.755456" lon="10.115193">
				 <ele>48</ele>
			 </trkpt>
			 <trkpt lat="42.755598" lon="10.115137">
				 <ele>48</ele>
			 </trkpt>
			 <trkpt lat="42.75657" lon="10.114527">
				 <ele>40</ele>
			 </trkpt>
			 <trkpt lat="42.756631" lon="10.114509">
				 <ele>39</ele>
			 </trkpt>
			 <trkpt lat="42.757136" lon="10.114366">
				 <ele>35</ele>
			 </trkpt>
			 <trkpt lat="42.757394" lon="10.114272">
				 <ele>32</ele>
			 </trkpt>
			 <trkpt lat="42.757511" lon="10.11429">
				 <ele>32</ele>
			 </trkpt>
			 <trkpt lat="42.757563" lon="10.114337">
				 <ele>39</ele>
			 </trkpt>
			 <trkpt lat="42.757929" lon="10.114665">
				 <ele>39</ele>
			 </trkpt>
			 <trkpt lat="42.757979" lon="10.114656">
				 <ele>39</ele>
			 </trkpt>
			 <trkpt lat="42.758029" lon="10.114648">
				 <ele>38</ele>
			 </trkpt>
			 <trkpt lat="42.758143" lon="10.114541">
				 <ele>36</ele>
			 </trkpt>
			 <trkpt lat="42.75828" lon="10.11433">
				 <ele>33</ele>
			 </trkpt>
			 <trkpt lat="42.758383" lon="10.114059">
				 <ele>27</ele>
			 </trkpt>
			 <trkpt lat="42.758504" lon="10.113745">
				 <ele>27</ele>
			 </trkpt>
			 <trkpt lat="42.758567" lon="10.113583">
				 <ele>25</ele>
			 </trkpt>
			 <trkpt lat="42.758638" lon="10.113477">
				 <ele>25</ele>
			 </trkpt>
			 <trkpt lat="42.758732" lon="10.113412">
				 <ele>24</ele>
			 </trkpt>
			 <trkpt lat="42.758888" lon="10.113419">
				 <ele>26</ele>
			 </trkpt>
			 <trkpt lat="42.759065" lon="10.113345">
				 <ele>24</ele>
			 </trkpt>
			 <trkpt lat="42.759228" lon="10.113311">
				 <ele>23</ele>
			 </trkpt>
			 <trkpt lat="42.759366" lon="10.113187">
				 <ele>22</ele>
			 </trkpt>
			 <trkpt lat="42.759369" lon="10.113071">
				 <ele>22</ele>
			 </trkpt>
			 <trkpt lat="42.759341" lon="10.113032">
				 <ele>22</ele>
			 </trkpt>
			 <trkpt lat="42.759313" lon="10.113022">
				 <ele>22</ele>
			 </trkpt>
			 <trkpt lat="42.759135" lon="10.113155">
				 <ele>23</ele>
			 </trkpt>
			 <trkpt lat="42.759055" lon="10.113212">
				 <ele>24</ele>
			 </trkpt>
			 <trkpt lat="42.75892" lon="10.113284">
				 <ele>25</ele>
			 </trkpt>
			 <trkpt lat="42.75884" lon="10.113323">
				 <ele>26</ele>
			 </trkpt>
			 <trkpt lat="42.758794" lon="10.113349">
				 <ele>26</ele>
			 </trkpt>
			 <trkpt lat="42.758631" lon="10.113487">
				 <ele>25</ele>
			 </trkpt>
			 <trkpt lat="42.758567" lon="10.113583">
				 <ele>25</ele>
			 </trkpt>
			 <trkpt lat="42.758504" lon="10.113745">
				 <ele>27</ele>
			 </trkpt>
			 <trkpt lat="42.75828" lon="10.11433">
				 <ele>33</ele>
			 </trkpt>
			 <trkpt lat="42.758143" lon="10.114541">
				 <ele>36</ele>
			 </trkpt>
			 <trkpt lat="42.758029" lon="10.114648">
				 <ele>38</ele>
			 </trkpt>
			 <trkpt lat="42.757982" lon="10.114656">
				 <ele>39</ele>
			 </trkpt>
			 <trkpt lat="42.757929" lon="10.114665">
				 <ele>39</ele>
			 </trkpt>
			 <trkpt lat="42.757511" lon="10.11429">
				 <ele>32</ele>
			 </trkpt>
			 <trkpt lat="42.75742" lon="10.114276">
				 <ele>32</ele>
			 </trkpt>
			 <trkpt lat="42.757136" lon="10.114366">
				 <ele>35</ele>
			 </trkpt>
			 <trkpt lat="42.75657" lon="10.114527">
				 <ele>40</ele>
			 </trkpt>
			 <trkpt lat="42.755788" lon="10.115017">
				 <ele>48</ele>
			 </trkpt>
			 <trkpt lat="42.755598" lon="10.115137">
				 <ele>48</ele>
			 </trkpt>
			 <trkpt lat="42.755456" lon="10.115193">
				 <ele>48</ele>
			 </trkpt>
			 <trkpt lat="42.755262" lon="10.115213">
				 <ele>46</ele>
			 </trkpt>
			 <trkpt lat="42.755007" lon="10.115201">
				 <ele>42</ele>
			 </trkpt>
			 <trkpt lat="42.754917" lon="10.115238">
				 <ele>42</ele>
			 </trkpt>
			 <trkpt lat="42.75474" lon="10.115657">
				 <ele>56</ele>
			 </trkpt>
			 <trkpt lat="42.754672" lon="10.115761">
				 <ele>58</ele>
			 </trkpt>
			 <trkpt lat="42.75441" lon="10.115948">
				 <ele>62</ele>
			 </trkpt>
			 <trkpt lat="42.754188" lon="10.116108">
				 <ele>62</ele>
			 </trkpt>
			 <trkpt lat="42.754054" lon="10.116179">
				 <ele>65</ele>
			 </trkpt>
			 <trkpt lat="42.753946" lon="10.116168">
				 <ele>65</ele>
			 </trkpt>
			 <trkpt lat="42.752983" lon="10.115508">
				 <ele>47</ele>
			 </trkpt>
			 <trkpt lat="42.752928" lon="10.115469">
				 <ele>47</ele>
			 </trkpt>
			 <trkpt lat="42.752818" lon="10.115447">
				 <ele>47</ele>
			 </trkpt>
			 <trkpt lat="42.752614" lon="10.11552">
				 <ele>52</ele>
			 </trkpt>
			 <trkpt lat="42.752463" lon="10.115559">
				 <ele>54</ele>
			 </trkpt>
			 <trkpt lat="42.752354" lon="10.115553">
				 <ele>53</ele>
			 </trkpt>
			 <trkpt lat="42.75221" lon="10.115464">
				 <ele>47</ele>
			 </trkpt>
			 <trkpt lat="42.752088" lon="10.115346">
				 <ele>41</ele>
			 </trkpt>
			 <trkpt lat="42.751918" lon="10.115292">
				 <ele>38</ele>
			 </trkpt>
			 <trkpt lat="42.751654" lon="10.115227">
				 <ele>32</ele>
			 </trkpt>
			 <trkpt lat="42.751529" lon="10.115235">
				 <ele>28</ele>
			 </trkpt>
			 <trkpt lat="42.751472" lon="10.11529">
				 <ele>28</ele>
			 </trkpt>
			 <trkpt lat="42.751426" lon="10.115335">
				 <ele>28</ele>
			 </trkpt>
			 <trkpt lat="42.751363" lon="10.115492">
				 <ele>30</ele>
			 </trkpt>
			 <trkpt lat="42.751352" lon="10.115698">
				 <ele>36</ele>
			 </trkpt>
			 <trkpt lat="42.751351" lon="10.115738">
				 <ele>36</ele>
			 </trkpt>
			 <trkpt lat="42.751415" lon="10.116946">
				 <ele>50</ele>
			 </trkpt>
			 <trkpt lat="42.751407" lon="10.117085">
				 <ele>50</ele>
			 </trkpt>
			 <trkpt lat="42.751383" lon="10.117268">
				 <ele>50</ele>
			 </trkpt>
			 <trkpt lat="42.751311" lon="10.117424">
				 <ele>47</ele>
			 </trkpt>
			 <trkpt lat="42.751293" lon="10.117466">
				 <ele>47</ele>
			 </trkpt>
			 <trkpt lat="42.750746" lon="10.118223">
				 <ele>41</ele>
			 </trkpt>
			 <trkpt lat="42.750627" lon="10.118324">
				 <ele>41</ele>
			 </trkpt>
			 <trkpt lat="42.750517" lon="10.118386">
				 <ele>35</ele>
			 </trkpt>
			 <trkpt lat="42.750174" lon="10.118581">
				 <ele>35</ele>
			 </trkpt>
			 <trkpt lat="42.74988" lon="10.118762">
				 <ele>31</ele>
			 </trkpt>
			 <trkpt lat="42.749717" lon="10.118902">
				 <ele>30</ele>
			 </trkpt>
			 <trkpt lat="42.749636" lon="10.118999">
				 <ele>30</ele>
			 </trkpt>
			 <trkpt lat="42.749592" lon="10.119053">
				 <ele>30</ele>
			 </trkpt>
			 <trkpt lat="42.749369" lon="10.119536">
				 <ele>28</ele>
			 </trkpt>
			 <trkpt lat="42.74924" lon="10.119818">
				 <ele>28</ele>
			 </trkpt>
			 <trkpt lat="42.749109" lon="10.120138">
				 <ele>28</ele>
			 </trkpt>
			 <trkpt lat="42.749089" lon="10.120183">
				 <ele>27</ele>
			 </trkpt>
			 <trkpt lat="42.748901" lon="10.120716">
				 <ele>26</ele>
			 </trkpt>
			 <trkpt lat="42.748869" lon="10.120808">
				 <ele>26</ele>
			 </trkpt>
			 <trkpt lat="42.748851" lon="10.120839">
				 <ele>26</ele>
			 </trkpt>
			 <trkpt lat="42.748823" lon="10.120892">
				 <ele>26</ele>
			 </trkpt>
			 <trkpt lat="42.748796" lon="10.120917">
				 <ele>26</ele>
			 </trkpt>
			 <trkpt lat="42.748651" lon="10.121">
				 <ele>24</ele>
			 </trkpt>
			 <trkpt lat="42.748607" lon="10.121022">
				 <ele>24</ele>
			 </trkpt>
			 <trkpt lat="42.748534" lon="10.121069">
				 <ele>23</ele>
			 </trkpt>
			 <trkpt lat="42.748294" lon="10.121236">
				 <ele>21</ele>
			 </trkpt>
			 <trkpt lat="42.748159" lon="10.121423">
				 <ele>20</ele>
			 </trkpt>
			 <trkpt lat="42.747866" lon="10.121837">
				 <ele>19</ele>
			 </trkpt>
			 <trkpt lat="42.747639" lon="10.122176">
				 <ele>19</ele>
			 </trkpt>
			 <trkpt lat="42.747584" lon="10.122272">
				 <ele>19</ele>
			 </trkpt>
			 <trkpt lat="42.74757" lon="10.122316">
				 <ele>19</ele>
			 </trkpt>
			 <trkpt lat="42.747546" lon="10.122395">
				 <ele>19</ele>
			 </trkpt>
			 <trkpt lat="42.747522" lon="10.122703">
				 <ele>20</ele>
			 </trkpt>
			 <trkpt lat="42.747486" lon="10.122794">
				 <ele>20</ele>
			 </trkpt>
			 <trkpt lat="42.747446" lon="10.122879">
				 <ele>21</ele>
			 </trkpt>
			 <trkpt lat="42.747378" lon="10.122937">
				 <ele>23</ele>
			 </trkpt>
			 <trkpt lat="42.747223" lon="10.12304">
				 <ele>27</ele>
			 </trkpt>
			 <trkpt lat="42.747185" lon="10.123037">
				 <ele>28</ele>
			 </trkpt>
			 <trkpt lat="42.747145" lon="10.123035">
				 <ele>29</ele>
			 </trkpt>
			 <trkpt lat="42.747077" lon="10.122963">
				 <ele>31</ele>
			 </trkpt>
			 <trkpt lat="42.747044" lon="10.122926">
				 <ele>31</ele>
			 </trkpt>
			 <trkpt lat="42.747028" lon="10.122839">
				 <ele>31</ele>
			 </trkpt>
			 <trkpt lat="42.747" lon="10.122314">
				 <ele>29</ele>
			 </trkpt>
			 <trkpt lat="42.746966" lon="10.122127">
				 <ele>28</ele>
			 </trkpt>
			 <trkpt lat="42.746915" lon="10.122043">
				 <ele>29</ele>
			 </trkpt>
			 <trkpt lat="42.746695" lon="10.121626">
				 <ele>28</ele>
			 </trkpt>
			 <trkpt lat="42.74655" lon="10.121222">
				 <ele>27</ele>
			 </trkpt>
			 <trkpt lat="42.74634" lon="10.120781">
				 <ele>24</ele>
			 </trkpt>
			 <trkpt lat="42.746227" lon="10.120603">
				 <ele>23</ele>
			 </trkpt>
			 <trkpt lat="42.746167" lon="10.120574">
				 <ele>23</ele>
			 </trkpt>
			 <trkpt lat="42.746009" lon="10.120469">
				 <ele>23</ele>
			 </trkpt>
			 <trkpt lat="42.745949" lon="10.120437">
				 <ele>23</ele>
			 </trkpt>
			 <trkpt lat="42.74591" lon="10.120416">
				 <ele>23</ele>
			 </trkpt>
			 <trkpt lat="42.745838" lon="10.120404">
				 <ele>23</ele>
			 </trkpt>
			 <trkpt lat="42.745729" lon="10.120404">
				 <ele>22</ele>
			 </trkpt>
			 <trkpt lat="42.745654" lon="10.120524">
				 <ele>24</ele>
			 </trkpt>
			 <trkpt lat="42.745243" lon="10.121515">
				 <ele>40</ele>
			 </trkpt>
			 <trkpt lat="42.745171" lon="10.121634">
				 <ele>41</ele>
			 </trkpt>
			 <trkpt lat="42.745105" lon="10.121712">
				 <ele>42</ele>
			 </trkpt>
			 <trkpt lat="42.744601" lon="10.122179">
				 <ele>44</ele>
			 </trkpt>
			 <trkpt lat="42.744341" lon="10.122393">
				 <ele>44</ele>
			 </trkpt>
			 <trkpt lat="42.744234" lon="10.122508">
				 <ele>44</ele>
			 </trkpt>
			 <trkpt lat="42.744112" lon="10.122642">
				 <ele>45</ele>
			 </trkpt>
			 <trkpt lat="42.744048" lon="10.122797">
				 <ele>50</ele>
			 </trkpt>
			 <trkpt lat="42.743941" lon="10.123058">
				 <ele>50</ele>
			 </trkpt>
			 <trkpt lat="42.743891" lon="10.123349">
				 <ele>56</ele>
			 </trkpt>
			 <trkpt lat="42.743863" lon="10.123666">
				 <ele>61</ele>
			 </trkpt>
			 <trkpt lat="42.743811" lon="10.123825">
				 <ele>63</ele>
			 </trkpt>
			 <trkpt lat="42.743709" lon="10.123923">
				 <ele>63</ele>
			 </trkpt>
			 <trkpt lat="42.743536" lon="10.123962">
				 <ele>60</ele>
			 </trkpt>
			 <trkpt lat="42.743238" lon="10.123932">
				 <ele>53</ele>
			 </trkpt>
			 <trkpt lat="42.743096" lon="10.123998">
				 <ele>52</ele>
			 </trkpt>
			 <trkpt lat="42.742944" lon="10.124132">
				 <ele>53</ele>
			 </trkpt>
			 <trkpt lat="42.742606" lon="10.124571">
				 <ele>59</ele>
			 </trkpt>
			 <trkpt lat="42.742441" lon="10.124889">
				 <ele>62</ele>
			 </trkpt>
			 <trkpt lat="42.742334" lon="10.125125">
				 <ele>64</ele>
			 </trkpt>
			 <trkpt lat="42.7423" lon="10.125203">
				 <ele>64</ele>
			 </trkpt>
			 <trkpt lat="42.742257" lon="10.125404">
				 <ele>67</ele>
			 </trkpt>
			 <trkpt lat="42.742238" lon="10.125566">
				 <ele>69</ele>
			 </trkpt>
			 <trkpt lat="42.742228" lon="10.125963">
				 <ele>76</ele>
			 </trkpt>
			 <trkpt lat="42.742213" lon="10.126118">
				 <ele>79</ele>
			 </trkpt>
			 <trkpt lat="42.742181" lon="10.126197">
				 <ele>79</ele>
			 </trkpt>
			 <trkpt lat="42.742168" lon="10.126232">
				 <ele>79</ele>
			 </trkpt>
			 <trkpt lat="42.742081" lon="10.126293">
				 <ele>77</ele>
			 </trkpt>
			 <trkpt lat="42.741789" lon="10.126255">
				 <ele>66</ele>
			 </trkpt>
			 <trkpt lat="42.741703" lon="10.126291">
				 <ele>64</ele>
			 </trkpt>
			 <trkpt lat="42.741619" lon="10.126403">
				 <ele>64</ele>
			 </trkpt>
			 <trkpt lat="42.741469" lon="10.126818">
				 <ele>70</ele>
			 </trkpt>
			 <trkpt lat="42.741371" lon="10.127002">
				 <ele>72</ele>
			 </trkpt>
			 <trkpt lat="42.741248" lon="10.127156">
				 <ele>72</ele>
			 </trkpt>
			 <trkpt lat="42.741033" lon="10.127451">
				 <ele>72</ele>
			 </trkpt>
			 <trkpt lat="42.741004" lon="10.127514">
				 <ele>73</ele>
			 </trkpt>
			 <trkpt lat="42.74096" lon="10.127613">
				 <ele>73</ele>
			 </trkpt>
			 <trkpt lat="42.740766" lon="10.128294">
				 <ele>81</ele>
			 </trkpt>
			 <trkpt lat="42.740689" lon="10.128861">
				 <ele>86</ele>
			 </trkpt>
			 <trkpt lat="42.740461" lon="10.12947">
				 <ele>91</ele>
			 </trkpt>
			 <trkpt lat="42.740435" lon="10.129493">
				 <ele>91</ele>
			 </trkpt>
			 <trkpt lat="42.740383" lon="10.129542">
				 <ele>90</ele>
			 </trkpt>
			 <trkpt lat="42.740292" lon="10.129551">
				 <ele>88</ele>
			 </trkpt>
			 <trkpt lat="42.740187" lon="10.129487">
				 <ele>84</ele>
			 </trkpt>
			 <trkpt lat="42.740076" lon="10.129294">
				 <ele>76</ele>
			 </trkpt>
			 <trkpt lat="42.740051" lon="10.129278">
				 <ele>73</ele>
			 </trkpt>
			 <trkpt lat="42.740012" lon="10.129252">
				 <ele>73</ele>
			 </trkpt>
			 <trkpt lat="42.739943" lon="10.129228">
				 <ele>69</ele>
			 </trkpt>
			 <trkpt lat="42.739884" lon="10.129253">
				 <ele>67</ele>
			 </trkpt>
			 <trkpt lat="42.739822" lon="10.129294">
				 <ele>65</ele>
			 </trkpt>
			 <trkpt lat="42.739522" lon="10.12974">
				 <ele>69</ele>
			 </trkpt>
			 <trkpt lat="42.73901" lon="10.13056">
				 <ele>78</ele>
			 </trkpt>
			 <trkpt lat="42.738981" lon="10.130607">
				 <ele>78</ele>
			 </trkpt>
			 <trkpt lat="42.738877" lon="10.130798">
				 <ele>78</ele>
			 </trkpt>
			 <trkpt lat="42.738843" lon="10.130885">
				 <ele>78</ele>
			 </trkpt>
			 <trkpt lat="42.738812" lon="10.131032">
				 <ele>78</ele>
			 </trkpt>
			 <trkpt lat="42.738672" lon="10.132044">
				 <ele>88</ele>
			 </trkpt>
			 <trkpt lat="42.738637" lon="10.132187">
				 <ele>88</ele>
			 </trkpt>
			 <trkpt lat="42.738459" lon="10.132598">
				 <ele>86</ele>
			 </trkpt>
			 <trkpt lat="42.738403" lon="10.13276">
				 <ele>86</ele>
			 </trkpt>
			 <trkpt lat="42.738357" lon="10.132982">
				 <ele>87</ele>
			 </trkpt>
			 <trkpt lat="42.738226" lon="10.133765">
				 <ele>93</ele>
			 </trkpt>
			 <trkpt lat="42.73817" lon="10.13398">
				 <ele>94</ele>
			 </trkpt>
			 <trkpt lat="42.737771" lon="10.135437">
				 <ele>95</ele>
			 </trkpt>
			 <trkpt lat="42.737757" lon="10.135471">
				 <ele>94</ele>
			 </trkpt>
			 <trkpt lat="42.737717" lon="10.135573">
				 <ele>94</ele>
			 </trkpt>
			 <trkpt lat="42.737649" lon="10.135693">
				 <ele>92</ele>
			 </trkpt>
			 <trkpt lat="42.737521" lon="10.135807">
				 <ele>88</ele>
			 </trkpt>
			 <trkpt lat="42.736068" lon="10.136691">
				 <ele>75</ele>
			 </trkpt>
			 <trkpt lat="42.735954" lon="10.136788">
				 <ele>74</ele>
			 </trkpt>
			 <trkpt lat="42.735924" lon="10.136815">
				 <ele>74</ele>
			 </trkpt>
			 <trkpt lat="42.73582" lon="10.136977">
				 <ele>73</ele>
			 </trkpt>
			 <trkpt lat="42.735808" lon="10.137126">
				 <ele>75</ele>
			 </trkpt>
			 <trkpt lat="42.735846" lon="10.13826">
				 <ele>82</ele>
			 </trkpt>
			 <trkpt lat="42.735814" lon="10.138457">
				 <ele>82</ele>
			 </trkpt>
			 <trkpt lat="42.735701" lon="10.138653">
				 <ele>82</ele>
			 </trkpt>
			 <trkpt lat="42.734719" lon="10.140374">
				 <ele>82</ele>
			 </trkpt>
			 <trkpt lat="42.734513" lon="10.140757">
				 <ele>82</ele>
			 </trkpt>
			 <trkpt lat="42.734419" lon="10.140933">
				 <ele>82</ele>
			 </trkpt>
			 <trkpt lat="42.73398" lon="10.141421">
				 <ele>76</ele>
			 </trkpt>
			 <trkpt lat="42.733798" lon="10.141672">
				 <ele>75</ele>
			 </trkpt>
			 <trkpt lat="42.733578" lon="10.142099">
				 <ele>71</ele>
			 </trkpt>
			 <trkpt lat="42.733491" lon="10.142421">
				 <ele>71</ele>
			 </trkpt>
			 <trkpt lat="42.733447" lon="10.14283">
				 <ele>70</ele>
			 </trkpt>
			 <trkpt lat="42.733361" lon="10.144021">
				 <ele>66</ele>
			 </trkpt>
			 <trkpt lat="42.733396" lon="10.144224">
				 <ele>66</ele>
			 </trkpt>
			 <trkpt lat="42.733421" lon="10.144325">
				 <ele>65</ele>
			 </trkpt>
			 <trkpt lat="42.733491" lon="10.144447">
				 <ele>66</ele>
			 </trkpt>
			 <trkpt lat="42.733588" lon="10.144535">
				 <ele>67</ele>
			 </trkpt>
			 <trkpt lat="42.733879" lon="10.144658">
				 <ele>71</ele>
			 </trkpt>
			 <trkpt lat="42.733973" lon="10.144757">
				 <ele>71</ele>
			 </trkpt>
			 <trkpt lat="42.734026" lon="10.144851">
				 <ele>71</ele>
			 </trkpt>
			 <trkpt lat="42.73408" lon="10.144991">
				 <ele>71</ele>
			 </trkpt>
			 <trkpt lat="42.734215" lon="10.14614">
				 <ele>59</ele>
			 </trkpt>
			 <trkpt lat="42.734277" lon="10.146279">
				 <ele>58</ele>
			 </trkpt>
			 <trkpt lat="42.73436" lon="10.146404">
				 <ele>57</ele>
			 </trkpt>
			 <trkpt lat="42.734654" lon="10.146701">
				 <ele>53</ele>
			 </trkpt>
			 <trkpt lat="42.734808" lon="10.146765">
				 <ele>52</ele>
			 </trkpt>
			 <trkpt lat="42.734882" lon="10.146797">
				 <ele>52</ele>
			 </trkpt>
			 <trkpt lat="42.735071" lon="10.146765">
				 <ele>54</ele>
			 </trkpt>
			 <trkpt lat="42.735266" lon="10.146669">
				 <ele>57</ele>
			 </trkpt>
			 <trkpt lat="42.735407" lon="10.146663">
				 <ele>57</ele>
			 </trkpt>
			 <trkpt lat="42.735494" lon="10.146716">
				 <ele>56</ele>
			 </trkpt>
			 <trkpt lat="42.735571" lon="10.14679">
				 <ele>55</ele>
			 </trkpt>
			 <trkpt lat="42.735623" lon="10.146839">
				 <ele>55</ele>
			 </trkpt>
			 <trkpt lat="42.735702" lon="10.147151">
				 <ele>53</ele>
			 </trkpt>
			 <trkpt lat="42.73574" lon="10.147376">
				 <ele>51</ele>
			 </trkpt>
			 <trkpt lat="42.735742" lon="10.147636">
				 <ele>50</ele>
			 </trkpt>
			 <trkpt lat="42.735744" lon="10.147802">
				 <ele>50</ele>
			 </trkpt>
			 <trkpt lat="42.735703" lon="10.147938">
				 <ele>50</ele>
			 </trkpt>
			 <trkpt lat="42.735655" lon="10.148025">
				 <ele>49</ele>
			 </trkpt>
			 <trkpt lat="42.735624" lon="10.148082">
				 <ele>48</ele>
			 </trkpt>
			 <trkpt lat="42.735594" lon="10.148136">
				 <ele>48</ele>
			 </trkpt>
			 <trkpt lat="42.735322" lon="10.14854">
				 <ele>43</ele>
			 </trkpt>
			 <trkpt lat="42.735267" lon="10.148689">
				 <ele>43</ele>
			 </trkpt>
			 <trkpt lat="42.735207" lon="10.149099">
				 <ele>43</ele>
			 </trkpt>
			 <trkpt lat="42.735201" lon="10.149216">
				 <ele>42</ele>
			 </trkpt>
			 <trkpt lat="42.735195" lon="10.149371">
				 <ele>42</ele>
			 </trkpt>
			 <trkpt lat="42.735229" lon="10.149683">
				 <ele>43</ele>
			 </trkpt>
			 <trkpt lat="42.735287" lon="10.150008">
				 <ele>44</ele>
			 </trkpt>
			 <trkpt lat="42.735481" lon="10.150585">
				 <ele>47</ele>
			 </trkpt>
			 <trkpt lat="42.7355" lon="10.150727">
				 <ele>47</ele>
			 </trkpt>
			 <trkpt lat="42.735488" lon="10.150841">
				 <ele>45</ele>
			 </trkpt>
			 <trkpt lat="42.735474" lon="10.150877">
				 <ele>45</ele>
			 </trkpt>
			 <trkpt lat="42.735451" lon="10.150941">
				 <ele>45</ele>
			 </trkpt>
			 <trkpt lat="42.735157" lon="10.151459">
				 <ele>37</ele>
			 </trkpt>
			 <trkpt lat="42.735088" lon="10.151609">
				 <ele>35</ele>
			 </trkpt>
			 <trkpt lat="42.735047" lon="10.151754">
				 <ele>33</ele>
			 </trkpt>
			 <trkpt lat="42.735024" lon="10.151928">
				 <ele>33</ele>
			 </trkpt>
			 <trkpt lat="42.735024" lon="10.15225">
				 <ele>37</ele>
			 </trkpt>
			 <trkpt lat="42.735025" lon="10.152769">
				 <ele>37</ele>
			 </trkpt>
			 <trkpt lat="42.735016" lon="10.152914">
				 <ele>37</ele>
			 </trkpt>
			 <trkpt lat="42.734999" lon="10.152982">
				 <ele>37</ele>
			 </trkpt>
			 <trkpt lat="42.734983" lon="10.153047">
				 <ele>37</ele>
			 </trkpt>
			 <trkpt lat="42.734946" lon="10.153112">
				 <ele>36</ele>
			 </trkpt>
			 <trkpt lat="42.734892" lon="10.153169">
				 <ele>35</ele>
			 </trkpt>
			 <trkpt lat="42.734662" lon="10.153313">
				 <ele>29</ele>
			 </trkpt>
			 <trkpt lat="42.73452" lon="10.153491">
				 <ele>29</ele>
			 </trkpt>
			 <trkpt lat="42.734442" lon="10.153676">
				 <ele>30</ele>
			 </trkpt>
			 <trkpt lat="42.734265" lon="10.154095">
				 <ele>34</ele>
			 </trkpt>
			 <trkpt lat="42.733979" lon="10.154481">
				 <ele>33</ele>
			 </trkpt>
			 <trkpt lat="42.733927" lon="10.154574">
				 <ele>33</ele>
			 </trkpt>
			 <trkpt lat="42.733874" lon="10.154789">
				 <ele>35</ele>
			 </trkpt>
			 <trkpt lat="42.733762" lon="10.155321">
				 <ele>39</ele>
			 </trkpt>
			 <trkpt lat="42.733698" lon="10.155499">
				 <ele>39</ele>
			 </trkpt>
			 <trkpt lat="42.733371" lon="10.156225">
				 <ele>40</ele>
			 </trkpt>
			 <trkpt lat="42.733274" lon="10.156475">
				 <ele>41</ele>
			 </trkpt>
			 <trkpt lat="42.733226" lon="10.156758">
				 <ele>41</ele>
			 </trkpt>
			 <trkpt lat="42.733169" lon="10.157169">
				 <ele>41</ele>
			 </trkpt>
			 <trkpt lat="42.732755" lon="10.157737">
				 <ele>33</ele>
			 </trkpt>
			 <trkpt lat="42.732671" lon="10.157956">
				 <ele>33</ele>
			 </trkpt>
			 <trkpt lat="42.732633" lon="10.158177">
				 <ele>33</ele>
			 </trkpt>
			 <trkpt lat="42.732539" lon="10.158738">
				 <ele>34</ele>
			 </trkpt>
			 <trkpt lat="42.732551" lon="10.159087">
				 <ele>37</ele>
			 </trkpt>
			 <trkpt lat="42.732575" lon="10.15934">
				 <ele>38</ele>
			 </trkpt>
			 <trkpt lat="42.732595" lon="10.159699">
				 <ele>39</ele>
			 </trkpt>
			 <trkpt lat="42.73252" lon="10.16042">
				 <ele>35</ele>
			 </trkpt>
			 <trkpt lat="42.732385" lon="10.161586">
				 <ele>35</ele>
			 </trkpt>
			 <trkpt lat="42.73239" lon="10.161688">
				 <ele>35</ele>
			 </trkpt>
			 <trkpt lat="42.732409" lon="10.162026">
				 <ele>35</ele>
			 </trkpt>
			 <trkpt lat="42.732584" lon="10.163898">
				 <ele>31</ele>
			 </trkpt>
			 <trkpt lat="42.7326" lon="10.164339">
				 <ele>29</ele>
			 </trkpt>
			 <trkpt lat="42.732619" lon="10.16456">
				 <ele>28</ele>
			 </trkpt>
			 <trkpt lat="42.732636" lon="10.164749">
				 <ele>28</ele>
			 </trkpt>
			 <trkpt lat="42.732744" lon="10.165024">
				 <ele>31</ele>
			 </trkpt>
			 <trkpt lat="42.732881" lon="10.165253">
				 <ele>34</ele>
			 </trkpt>
			 <trkpt lat="42.733014" lon="10.165612">
				 <ele>35</ele>
			 </trkpt>
			 <trkpt lat="42.733181" lon="10.166685">
				 <ele>30</ele>
			 </trkpt>
			 <trkpt lat="42.73324" lon="10.166904">
				 <ele>29</ele>
			 </trkpt>
			 <trkpt lat="42.733431" lon="10.167268">
				 <ele>29</ele>
			 </trkpt>
			 <trkpt lat="42.733631" lon="10.167597">
				 <ele>32</ele>
			 </trkpt>
			 <trkpt lat="42.733714" lon="10.167872">
				 <ele>32</ele>
			 </trkpt>
			 <trkpt lat="42.733966" lon="10.169003">
				 <ele>28</ele>
			 </trkpt>
			 <trkpt lat="42.734098" lon="10.169587">
				 <ele>27</ele>
			 </trkpt>
			 <trkpt lat="42.734107" lon="10.16965">
				 <ele>26</ele>
			 </trkpt>
			 <trkpt lat="42.734128" lon="10.16975">
				 <ele>26</ele>
			 </trkpt>
			 <trkpt lat="42.734178" lon="10.169974">
				 <ele>26</ele>
			 </trkpt>
			 <trkpt lat="42.734199" lon="10.170327">
				 <ele>25</ele>
			 </trkpt>
			 <trkpt lat="42.73421" lon="10.170761">
				 <ele>23</ele>
			 </trkpt>
			 <trkpt lat="42.734209" lon="10.171139">
				 <ele>20</ele>
			 </trkpt>
			 <trkpt lat="42.734267" lon="10.171407">
				 <ele>20</ele>
			 </trkpt>
			 <trkpt lat="42.734333" lon="10.171521">
				 <ele>21</ele>
			 </trkpt>
			 <trkpt lat="42.734514" lon="10.171747">
				 <ele>25</ele>
			 </trkpt>
			 <trkpt lat="42.734606" lon="10.171946">
				 <ele>25</ele>
			 </trkpt>
			 <trkpt lat="42.734621" lon="10.17202">
				 <ele>25</ele>
			 </trkpt>
			 <trkpt lat="42.734638" lon="10.172102">
				 <ele>25</ele>
			 </trkpt>
			 <trkpt lat="42.734701" lon="10.172577">
				 <ele>23</ele>
			 </trkpt>
			 <trkpt lat="42.734835" lon="10.173684">
				 <ele>18</ele>
			 </trkpt>
			 <trkpt lat="42.734977" lon="10.17411">
				 <ele>17</ele>
			 </trkpt>
			 <trkpt lat="42.735011" lon="10.174257">
				 <ele>16</ele>
			 </trkpt>
			 <trkpt lat="42.735568" lon="10.175229">
				 <ele>16</ele>
			 </trkpt>
			 <trkpt lat="42.735721" lon="10.175468">
				 <ele>15</ele>
			 </trkpt>
			 <trkpt lat="42.736009" lon="10.175573">
				 <ele>16</ele>
			 </trkpt>
			 <trkpt lat="42.73608" lon="10.1756">
				 <ele>16</ele>
			 </trkpt>
			 <trkpt lat="42.736358" lon="10.175681">
				 <ele>16</ele>
			 </trkpt>
			 <trkpt lat="42.736669" lon="10.175742">
				 <ele>17</ele>
			 </trkpt>
			 <trkpt lat="42.736722" lon="10.175732">
				 <ele>17</ele>
			 </trkpt>
			 <trkpt lat="42.736836" lon="10.175711">
				 <ele>17</ele>
			 </trkpt>
			 <trkpt lat="42.73714" lon="10.175202">
				 <ele>24</ele>
			 </trkpt>
			 <trkpt lat="42.737245" lon="10.175159">
				 <ele>23</ele>
			 </trkpt>
			 <trkpt lat="42.737275" lon="10.175151">
				 <ele>23</ele>
			 </trkpt>
			 <trkpt lat="42.73732" lon="10.175141">
				 <ele>23</ele>
			 </trkpt>
			 <trkpt lat="42.737459" lon="10.175278">
				 <ele>20</ele>
			 </trkpt>
			 <trkpt lat="42.737499" lon="10.1754">
				 <ele>19</ele>
			 </trkpt>
			 <trkpt lat="42.737518" lon="10.175459">
				 <ele>18</ele>
			 </trkpt>
			 <trkpt lat="42.737523" lon="10.175969">
				 <ele>14</ele>
			 </trkpt>
			 <trkpt lat="42.737553" lon="10.176219">
				 <ele>14</ele>
			 </trkpt>
			 <trkpt lat="42.737688" lon="10.176785">
				 <ele>15</ele>
			 </trkpt>
			 <trkpt lat="42.737686" lon="10.176852">
				 <ele>15</ele>
			 </trkpt>
			 <trkpt lat="42.737684" lon="10.176923">
				 <ele>15</ele>
			 </trkpt>
			 <trkpt lat="42.737683" lon="10.177021">
				 <ele>15</ele>
			 </trkpt>
			 <trkpt lat="42.737663" lon="10.177082">
				 <ele>15</ele>
			 </trkpt>
			 <trkpt lat="42.737643" lon="10.177144">
				 <ele>15</ele>
			 </trkpt>
			 <trkpt lat="42.737536" lon="10.177478">
				 <ele>14</ele>
			 </trkpt>
			 <trkpt lat="42.737342" lon="10.177806">
				 <ele>16</ele>
			 </trkpt>
			 <trkpt lat="42.737183" lon="10.177911">
				 <ele>16</ele>
			 </trkpt>
			 <trkpt lat="42.737015" lon="10.177927">
				 <ele>15</ele>
			 </trkpt>
			 <trkpt lat="42.736988" lon="10.177906">
				 <ele>16</ele>
			 </trkpt>
			 <trkpt lat="42.736873" lon="10.177821">
				 <ele>16</ele>
			 </trkpt>
			 <trkpt lat="42.736696" lon="10.177743">
				 <ele>11</ele>
			 </trkpt>
			 <trkpt lat="42.736545" lon="10.177771">
				 <ele>10</ele>
			 </trkpt>
			 <trkpt lat="42.736435" lon="10.177865">
				 <ele>9</ele>
			 </trkpt>
			 <trkpt lat="42.736425" lon="10.178004">
				 <ele>11</ele>
			 </trkpt>
			 <trkpt lat="42.736419" lon="10.178102">
				 <ele>11</ele>
			 </trkpt>
			 <trkpt lat="42.736443" lon="10.178838">
				 <ele>16</ele>
			 </trkpt>
			 <trkpt lat="42.736427" lon="10.178986">
				 <ele>17</ele>
			 </trkpt>
			 <trkpt lat="42.736383" lon="10.179077">
				 <ele>17</ele>
			 </trkpt>
			 <trkpt lat="42.736314" lon="10.179151">
				 <ele>16</ele>
			 </trkpt>
			 <trkpt lat="42.736213" lon="10.179193">
				 <ele>14</ele>
			 </trkpt>
			 <trkpt lat="42.73618" lon="10.179208">
				 <ele>14</ele>
			 </trkpt>
			 <trkpt lat="42.73606" lon="10.179227">
				 <ele>12</ele>
			 </trkpt>
			 <trkpt lat="42.735987" lon="10.179317">
				 <ele>12</ele>
			 </trkpt>
			 <trkpt lat="42.735976" lon="10.179351">
				 <ele>17</ele>
			 </trkpt>
			 <trkpt lat="42.735834" lon="10.179813">
				 <ele>17</ele>
			 </trkpt>
			 <trkpt lat="42.735757" lon="10.18015">
				 <ele>20</ele>
			 </trkpt>
			 <trkpt lat="42.735692" lon="10.180433">
				 <ele>21</ele>
			 </trkpt>
			 <trkpt lat="42.735677" lon="10.180504">
				 <ele>21</ele>
			 </trkpt>
			 <trkpt lat="42.735513" lon="10.181205">
				 <ele>19</ele>
			 </trkpt>
			 <trkpt lat="42.735492" lon="10.181422">
				 <ele>18</ele>
			 </trkpt>
			 <trkpt lat="42.735555" lon="10.181582">
				 <ele>19</ele>
			 </trkpt>
			 <trkpt lat="42.735673" lon="10.181809">
				 <ele>20</ele>
			 </trkpt>
			 <trkpt lat="42.736254" lon="10.18261">
				 <ele>21</ele>
			 </trkpt>
			 <trkpt lat="42.73645" lon="10.18292">
				 <ele>20</ele>
			 </trkpt>
			 <trkpt lat="42.736597" lon="10.183123">
				 <ele>20</ele>
			 </trkpt>
			 <trkpt lat="42.736775" lon="10.183283">
				 <ele>20</ele>
			 </trkpt>
			 <trkpt lat="42.736806" lon="10.183299">
				 <ele>21</ele>
			 </trkpt>
			 <trkpt lat="42.736838" lon="10.183315">
				 <ele>21</ele>
			 </trkpt>
			 <trkpt lat="42.737005" lon="10.183462">
				 <ele>21</ele>
			 </trkpt>
			 <trkpt lat="42.737163" lon="10.183521">
				 <ele>22</ele>
			 </trkpt>
			 <trkpt lat="42.737488" lon="10.183483">
				 <ele>27</ele>
			 </trkpt>
			 <trkpt lat="42.737628" lon="10.183542">
				 <ele>30</ele>
			 </trkpt>
			 <trkpt lat="42.7377" lon="10.183649">
				 <ele>31</ele>
			 </trkpt>
			 <trkpt lat="42.737757" lon="10.183734">
				 <ele>32</ele>
			 </trkpt>
			 <trkpt lat="42.737839" lon="10.184295">
				 <ele>30</ele>
			 </trkpt>
			 <trkpt lat="42.737921" lon="10.184911">
				 <ele>31</ele>
			 </trkpt>
			 <trkpt lat="42.737937" lon="10.185004">
				 <ele>30</ele>
			 </trkpt>
			 <trkpt lat="42.737978" lon="10.185245">
				 <ele>30</ele>
			 </trkpt>
			 <trkpt lat="42.737998" lon="10.185299">
				 <ele>30</ele>
			 </trkpt>
			 <trkpt lat="42.738148" lon="10.185686">
				 <ele>31</ele>
			 </trkpt>
			 <trkpt lat="42.738264" lon="10.185939">
				 <ele>31</ele>
			 </trkpt>
			 <trkpt lat="42.738382" lon="10.186145">
				 <ele>32</ele>
			 </trkpt>
			 <trkpt lat="42.738505" lon="10.186232">
				 <ele>35</ele>
			 </trkpt>
			 <trkpt lat="42.738779" lon="10.186213">
				 <ele>44</ele>
			 </trkpt>
			 <trkpt lat="42.738884" lon="10.186258">
				 <ele>46</ele>
			 </trkpt>
			 <trkpt lat="42.738958" lon="10.186402">
				 <ele>48</ele>
			 </trkpt>
			 <trkpt lat="42.738971" lon="10.186568">
				 <ele>47</ele>
			 </trkpt>
			 <trkpt lat="42.73897" lon="10.186632">
				 <ele>45</ele>
			 </trkpt>
			 <trkpt lat="42.738961" lon="10.187372">
				 <ele>45</ele>
			 </trkpt>
			 <trkpt lat="42.738951" lon="10.187647">
				 <ele>45</ele>
			 </trkpt>
			 <trkpt lat="42.739012" lon="10.188098">
				 <ele>49</ele>
			 </trkpt>
			 <trkpt lat="42.739027" lon="10.188381">
				 <ele>51</ele>
			 </trkpt>
			 <trkpt lat="42.73896" lon="10.188959">
				 <ele>52</ele>
			 </trkpt>
			 <trkpt lat="42.738886" lon="10.189444">
				 <ele>53</ele>
			 </trkpt>
			 <trkpt lat="42.738898" lon="10.190288">
				 <ele>60</ele>
			 </trkpt>
			 <trkpt lat="42.738913" lon="10.190547">
				 <ele>62</ele>
			 </trkpt>
			 <trkpt lat="42.738918" lon="10.190632">
				 <ele>63</ele>
			 </trkpt>
			 <trkpt lat="42.738902" lon="10.190804">
				 <ele>64</ele>
			 </trkpt>
			 <trkpt lat="42.738859" lon="10.190954">
				 <ele>65</ele>
			 </trkpt>
			 <trkpt lat="42.738843" lon="10.191006">
				 <ele>65</ele>
			 </trkpt>
			 <trkpt lat="42.738795" lon="10.191217">
				 <ele>66</ele>
			 </trkpt>
			 <trkpt lat="42.738699" lon="10.191679">
				 <ele>69</ele>
			 </trkpt>
			 <trkpt lat="42.738634" lon="10.191861">
				 <ele>71</ele>
			 </trkpt>
			 <trkpt lat="42.738592" lon="10.191896">
				 <ele>71</ele>
			 </trkpt>
			 <trkpt lat="42.73855" lon="10.191933">
				 <ele>71</ele>
			 </trkpt>
			 <trkpt lat="42.738465" lon="10.191949">
				 <ele>71</ele>
			 </trkpt>
			 <trkpt lat="42.738385" lon="10.191893">
				 <ele>69</ele>
			 </trkpt>
			 <trkpt lat="42.738325" lon="10.191785">
				 <ele>67</ele>
			 </trkpt>
			 <trkpt lat="42.738048" lon="10.191234">
				 <ele>64</ele>
			 </trkpt>
			 <trkpt lat="42.73792" lon="10.191038">
				 <ele>62</ele>
			 </trkpt>
			 <trkpt lat="42.737781" lon="10.190856">
				 <ele>60</ele>
			 </trkpt>
			 <trkpt lat="42.737646" lon="10.190719">
				 <ele>58</ele>
			 </trkpt>
			 <trkpt lat="42.737557" lon="10.190674">
				 <ele>58</ele>
			 </trkpt>
			 <trkpt lat="42.737529" lon="10.19066">
				 <ele>58</ele>
			 </trkpt>
			 <trkpt lat="42.737277" lon="10.190562">
				 <ele>60</ele>
			 </trkpt>
			 <trkpt lat="42.736881" lon="10.19045">
				 <ele>63</ele>
			 </trkpt>
			 <trkpt lat="42.73671" lon="10.190437">
				 <ele>65</ele>
			 </trkpt>
			 <trkpt lat="42.736541" lon="10.190445">
				 <ele>65</ele>
			 </trkpt>
			 <trkpt lat="42.736388" lon="10.19039">
				 <ele>62</ele>
			 </trkpt>
			 <trkpt lat="42.736071" lon="10.190224">
				 <ele>57</ele>
			 </trkpt>
			 <trkpt lat="42.735828" lon="10.190117">
				 <ele>55</ele>
			 </trkpt>
			 <trkpt lat="42.735764" lon="10.190116">
				 <ele>53</ele>
			 </trkpt>
			 <trkpt lat="42.73572" lon="10.190137">
				 <ele>52</ele>
			 </trkpt>
			 <trkpt lat="42.735674" lon="10.190178">
				 <ele>51</ele>
			 </trkpt>
			 <trkpt lat="42.735652" lon="10.190281">
				 <ele>51</ele>
			 </trkpt>
			 <trkpt lat="42.735641" lon="10.190386">
				 <ele>52</ele>
			 </trkpt>
			 <trkpt lat="42.735659" lon="10.190532">
				 <ele>54</ele>
			 </trkpt>
			 <trkpt lat="42.735792" lon="10.190904">
				 <ele>63</ele>
			 </trkpt>
			 <trkpt lat="42.735861" lon="10.191187">
				 <ele>63</ele>
			 </trkpt>
			 <trkpt lat="42.735975" lon="10.191485">
				 <ele>66</ele>
			 </trkpt>
			 <trkpt lat="42.736033" lon="10.19182">
				 <ele>65</ele>
			 </trkpt>
			 <trkpt lat="42.736105" lon="10.192055">
				 <ele>65</ele>
			 </trkpt>
			 <trkpt lat="42.736232" lon="10.192418">
				 <ele>67</ele>
			 </trkpt>
			 <trkpt lat="42.736316" lon="10.192753">
				 <ele>70</ele>
			 </trkpt>
			 <trkpt lat="42.736331" lon="10.19288">
				 <ele>70</ele>
			 </trkpt>
			 <trkpt lat="42.73634" lon="10.193169">
				 <ele>69</ele>
			 </trkpt>
			 <trkpt lat="42.73637" lon="10.19344">
				 <ele>70</ele>
			 </trkpt>
			 <trkpt lat="42.736411" lon="10.193639">
				 <ele>74</ele>
			 </trkpt>
			 <trkpt lat="42.736429" lon="10.193825">
				 <ele>76</ele>
			 </trkpt>
			 <trkpt lat="42.736427" lon="10.193963">
				 <ele>76</ele>
			 </trkpt>
			 <trkpt lat="42.736373" lon="10.19424">
				 <ele>74</ele>
			 </trkpt>
			 <trkpt lat="42.736354" lon="10.194344">
				 <ele>75</ele>
			 </trkpt>
			 <trkpt lat="42.736294" lon="10.194685">
				 <ele>75</ele>
			 </trkpt>
			 <trkpt lat="42.736227" lon="10.194857">
				 <ele>73</ele>
			 </trkpt>
			 <trkpt lat="42.736058" lon="10.195224">
				 <ele>67</ele>
			 </trkpt>
			 <trkpt lat="42.736008" lon="10.195384">
				 <ele>66</ele>
			 </trkpt>
			 <trkpt lat="42.735988" lon="10.195512">
				 <ele>66</ele>
			 </trkpt>
			 <trkpt lat="42.735984" lon="10.195695">
				 <ele>68</ele>
			 </trkpt>
			 <trkpt lat="42.735996" lon="10.196069">
				 <ele>75</ele>
			 </trkpt>
			 <trkpt lat="42.735969" lon="10.196188">
				 <ele>76</ele>
			 </trkpt>
			 <trkpt lat="42.735852" lon="10.196449">
				 <ele>72</ele>
			 </trkpt>
			 <trkpt lat="42.735825" lon="10.196556">
				 <ele>72</ele>
			 </trkpt>
			 <trkpt lat="42.735736" lon="10.197012">
				 <ele>72</ele>
			 </trkpt>
			 <trkpt lat="42.735731" lon="10.197254">
				 <ele>74</ele>
			 </trkpt>
			 <trkpt lat="42.735801" lon="10.197525">
				 <ele>82</ele>
			 </trkpt>
			 <trkpt lat="42.735811" lon="10.19756">
				 <ele>82</ele>
			 </trkpt>
			 <trkpt lat="42.735929" lon="10.197841">
				 <ele>86</ele>
			 </trkpt>
			 <trkpt lat="42.735958" lon="10.19806">
				 <ele>86</ele>
			 </trkpt>
			 <trkpt lat="42.736016" lon="10.19837">
				 <ele>86</ele>
			 </trkpt>
			 <trkpt lat="42.736092" lon="10.198585">
				 <ele>86</ele>
			 </trkpt>
			 <trkpt lat="42.736249" lon="10.198824">
				 <ele>92</ele>
			 </trkpt>
			 <trkpt lat="42.736279" lon="10.198917">
				 <ele>93</ele>
			 </trkpt>
			 <trkpt lat="42.736306" lon="10.199002">
				 <ele>94</ele>
			 </trkpt>
			 <trkpt lat="42.736337" lon="10.199261">
				 <ele>92</ele>
			 </trkpt>
			 <trkpt lat="42.736353" lon="10.199827">
				 <ele>84</ele>
			 </trkpt>
			 <trkpt lat="42.73636" lon="10.200341">
				 <ele>76</ele>
			 </trkpt>
			 <trkpt lat="42.736421" lon="10.200664">
				 <ele>75</ele>
			 </trkpt>
			 <trkpt lat="42.736511" lon="10.200968">
				 <ele>76</ele>
			 </trkpt>
			 <trkpt lat="42.736572" lon="10.201124">
				 <ele>78</ele>
			 </trkpt>
			 <trkpt lat="42.736657" lon="10.201343">
				 <ele>78</ele>
			 </trkpt>
			 <trkpt lat="42.73685" lon="10.201861">
				 <ele>77</ele>
			 </trkpt>
			 <trkpt lat="42.737093" lon="10.202246">
				 <ele>79</ele>
			 </trkpt>
			 <trkpt lat="42.73731" lon="10.202543">
				 <ele>81</ele>
			 </trkpt>
			 <trkpt lat="42.737402" lon="10.202658">
				 <ele>83</ele>
			 </trkpt>
			 <trkpt lat="42.73749" lon="10.202808">
				 <ele>84</ele>
			 </trkpt>
			 <trkpt lat="42.737537" lon="10.20294">
				 <ele>83</ele>
			 </trkpt>
			 <trkpt lat="42.737562" lon="10.203147">
				 <ele>80</ele>
			 </trkpt>
			 <trkpt lat="42.737609" lon="10.203324">
				 <ele>79</ele>
			 </trkpt>
			 <trkpt lat="42.737699" lon="10.20348">
				 <ele>79</ele>
			 </trkpt>
			 <trkpt lat="42.737769" lon="10.203631">
				 <ele>79</ele>
			 </trkpt>
			 <trkpt lat="42.737808" lon="10.203823">
				 <ele>78</ele>
			 </trkpt>
			 <trkpt lat="42.737822" lon="10.204271">
				 <ele>73</ele>
			 </trkpt>
			 <trkpt lat="42.737817" lon="10.204399">
				 <ele>72</ele>
			 </trkpt>
			 <trkpt lat="42.737801" lon="10.204528">
				 <ele>71</ele>
			 </trkpt>
			 <trkpt lat="42.73773" lon="10.205006">
				 <ele>68</ele>
			 </trkpt>
			 <trkpt lat="42.737641" lon="10.20545">
				 <ele>65</ele>
			 </trkpt>
			 <trkpt lat="42.737511" lon="10.205892">
				 <ele>63</ele>
			 </trkpt>
			 <trkpt lat="42.737475" lon="10.206006">
				 <ele>63</ele>
			 </trkpt>
			 <trkpt lat="42.737437" lon="10.206228">
				 <ele>62</ele>
			 </trkpt>
			 <trkpt lat="42.737454" lon="10.20635">
				 <ele>62</ele>
			 </trkpt>
			 <trkpt lat="42.73748" lon="10.206411">
				 <ele>62</ele>
			 </trkpt>
			 <trkpt lat="42.737543" lon="10.206489">
				 <ele>63</ele>
			 </trkpt>
			 <trkpt lat="42.737634" lon="10.206554">
				 <ele>63</ele>
			 </trkpt>
			 <trkpt lat="42.737787" lon="10.206626">
				 <ele>64</ele>
			 </trkpt>
			 <trkpt lat="42.737842" lon="10.2067">
				 <ele>63</ele>
			 </trkpt>
			 <trkpt lat="42.737866" lon="10.206772">
				 <ele>63</ele>
			 </trkpt>
			 <trkpt lat="42.737883" lon="10.206885">
				 <ele>62</ele>
			 </trkpt>
			 <trkpt lat="42.7379" lon="10.207064">
				 <ele>61</ele>
			 </trkpt>
			 <trkpt lat="42.737916" lon="10.207191">
				 <ele>60</ele>
			 </trkpt>
			 <trkpt lat="42.737953" lon="10.207311">
				 <ele>59</ele>
			 </trkpt>
			 <trkpt lat="42.738076" lon="10.207428">
				 <ele>58</ele>
			 </trkpt>
			 <trkpt lat="42.738259" lon="10.207587">
				 <ele>56</ele>
			 </trkpt>
			 <trkpt lat="42.738325" lon="10.207706">
				 <ele>54</ele>
			 </trkpt>
			 <trkpt lat="42.738396" lon="10.20789">
				 <ele>54</ele>
			 </trkpt>
			 <trkpt lat="42.73844" lon="10.207987">
				 <ele>53</ele>
			 </trkpt>
			 <trkpt lat="42.738538" lon="10.208255">
				 <ele>52</ele>
			 </trkpt>
			 <trkpt lat="42.738686" lon="10.208615">
				 <ele>50</ele>
			 </trkpt>
			 <trkpt lat="42.73884" lon="10.208863">
				 <ele>49</ele>
			 </trkpt>
			 <trkpt lat="42.738984" lon="10.209018">
				 <ele>48</ele>
			 </trkpt>
			 <trkpt lat="42.73915" lon="10.209157">
				 <ele>47</ele>
			 </trkpt>
			 <trkpt lat="42.739594" lon="10.209499">
				 <ele>49</ele>
			 </trkpt>
			 <trkpt lat="42.739694" lon="10.209592">
				 <ele>49</ele>
			 </trkpt>
			 <trkpt lat="42.739801" lon="10.209761">
				 <ele>47</ele>
			 </trkpt>
			 <trkpt lat="42.739992" lon="10.210231">
				 <ele>42</ele>
			 </trkpt>
			 <trkpt lat="42.740149" lon="10.21048">
				 <ele>40</ele>
			 </trkpt>
			 <trkpt lat="42.740432" lon="10.210873">
				 <ele>37</ele>
			 </trkpt>
			 <trkpt lat="42.740542" lon="10.210982">
				 <ele>36</ele>
			 </trkpt>
			 <trkpt lat="42.740575" lon="10.211006">
				 <ele>36</ele>
			 </trkpt>
			 <trkpt lat="42.740667" lon="10.211075">
				 <ele>36</ele>
			 </trkpt>
			 <trkpt lat="42.741056" lon="10.211158">
				 <ele>35</ele>
			 </trkpt>
			 <trkpt lat="42.741166" lon="10.211168">
				 <ele>34</ele>
			 </trkpt>
			 <trkpt lat="42.741385" lon="10.211168">
				 <ele>34</ele>
			 </trkpt>
			 <trkpt lat="42.741803" lon="10.211053">
				 <ele>34</ele>
			 </trkpt>
			 <trkpt lat="42.741972" lon="10.210959">
				 <ele>34</ele>
			 </trkpt>
			 <trkpt lat="42.742117" lon="10.210879">
				 <ele>34</ele>
			 </trkpt>
			 <trkpt lat="42.742472" lon="10.210652">
				 <ele>34</ele>
			 </trkpt>
			 <trkpt lat="42.742821" lon="10.210406">
				 <ele>39</ele>
			 </trkpt>
			 <trkpt lat="42.742913" lon="10.210322">
				 <ele>39</ele>
			 </trkpt>
			 <trkpt lat="42.74303" lon="10.210152">
				 <ele>40</ele>
			 </trkpt>
			 <trkpt lat="42.743109" lon="10.210067">
				 <ele>39</ele>
			 </trkpt>
			 <trkpt lat="42.743135" lon="10.210041">
				 <ele>39</ele>
			 </trkpt>
			 <trkpt lat="42.743238" lon="10.21003">
				 <ele>38</ele>
			 </trkpt>
			 <trkpt lat="42.743327" lon="10.210087">
				 <ele>37</ele>
			 </trkpt>
			 <trkpt lat="42.743369" lon="10.210159">
				 <ele>38</ele>
			 </trkpt>
			 <trkpt lat="42.743378" lon="10.210264">
				 <ele>39</ele>
			 </trkpt>
			 <trkpt lat="42.743372" lon="10.210322">
				 <ele>38</ele>
			 </trkpt>
			 <trkpt lat="42.74335" lon="10.210404">
				 <ele>38</ele>
			 </trkpt>
			 <trkpt lat="42.743126" lon="10.210907">
				 <ele>36</ele>
			 </trkpt>
			 <trkpt lat="42.743035" lon="10.211057">
				 <ele>36</ele>
			 </trkpt>
			 <trkpt lat="42.742733" lon="10.211388">
				 <ele>31</ele>
			 </trkpt>
			 <trkpt lat="42.742593" lon="10.211576">
				 <ele>27</ele>
			 </trkpt>
			 <trkpt lat="42.742489" lon="10.211792">
				 <ele>25</ele>
			 </trkpt>
			 <trkpt lat="42.742348" lon="10.212135">
				 <ele>26</ele>
			 </trkpt>
			 <trkpt lat="42.742294" lon="10.212367">
				 <ele>26</ele>
			 </trkpt>
			 <trkpt lat="42.742271" lon="10.212611">
				 <ele>26</ele>
			 </trkpt>
			 <trkpt lat="42.74226" lon="10.212952">
				 <ele>24</ele>
			 </trkpt>
			 <trkpt lat="42.742306" lon="10.213247">
				 <ele>24</ele>
			 </trkpt>
			 <trkpt lat="42.742424" lon="10.213635">
				 <ele>22</ele>
			 </trkpt>
			 <trkpt lat="42.742609" lon="10.213992">
				 <ele>22</ele>
			 </trkpt>
			 <trkpt lat="42.742707" lon="10.214181">
				 <ele>21</ele>
			 </trkpt>
			 <trkpt lat="42.743132" lon="10.214936">
				 <ele>20</ele>
			 </trkpt>
			 <trkpt lat="42.743208" lon="10.21516">
				 <ele>19</ele>
			 </trkpt>
			 <trkpt lat="42.743243" lon="10.215451">
				 <ele>18</ele>
			 </trkpt>
			 <trkpt lat="42.743277" lon="10.21627">
				 <ele>16</ele>
			 </trkpt>
			 <trkpt lat="42.743284" lon="10.21666">
				 <ele>15</ele>
			 </trkpt>
			 <trkpt lat="42.743289" lon="10.216915">
				 <ele>14</ele>
			 </trkpt>
			 <trkpt lat="42.743315" lon="10.217465">
				 <ele>11</ele>
			 </trkpt>
			 <trkpt lat="42.743331" lon="10.217791">
				 <ele>11</ele>
			 </trkpt>
			 <trkpt lat="42.743361" lon="10.218426">
				 <ele>10</ele>
			 </trkpt>
			 <trkpt lat="42.743399" lon="10.219352">
				 <ele>9</ele>
			 </trkpt>
			 <trkpt lat="42.743385" lon="10.219532">
				 <ele>9</ele>
			 </trkpt>
			 <trkpt lat="42.743369" lon="10.219573">
				 <ele>9</ele>
			 </trkpt>
			 <trkpt lat="42.743323" lon="10.219701">
				 <ele>9</ele>
			 </trkpt>
			 <trkpt lat="42.743096" lon="10.220074">
				 <ele>9</ele>
			 </trkpt>
			 <trkpt lat="42.742973" lon="10.220247">
				 <ele>9</ele>
			 </trkpt>
			 <trkpt lat="42.742844" lon="10.220477">
				 <ele>8</ele>
			 </trkpt>
			 <trkpt lat="42.742778" lon="10.220598">
				 <ele>8</ele>
			 </trkpt>
			 <trkpt lat="42.742685" lon="10.220891">
				 <ele>8</ele>
			 </trkpt>
			 <trkpt lat="42.742651" lon="10.221068">
				 <ele>7</ele>
			 </trkpt>
			 <trkpt lat="42.74264" lon="10.221221">
				 <ele>7</ele>
			 </trkpt>
			 <trkpt lat="42.742629" lon="10.221669">
				 <ele>6</ele>
			 </trkpt>
			 <trkpt lat="42.742553" lon="10.222542">
				 <ele>5</ele>
			 </trkpt>
			 <trkpt lat="42.742445" lon="10.223389">
				 <ele>6</ele>
			 </trkpt>
			 <trkpt lat="42.742417" lon="10.223797">
				 <ele>6</ele>
			 </trkpt>
			 <trkpt lat="42.742438" lon="10.224063">
				 <ele>7</ele>
			 </trkpt>
			 <trkpt lat="42.742505" lon="10.22459">
				 <ele>6</ele>
			 </trkpt>
			 <trkpt lat="42.742584" lon="10.225134">
				 <ele>5</ele>
			 </trkpt>
			 <trkpt lat="42.742428" lon="10.225248">
				 <ele>8</ele>
			 </trkpt>
			 <trkpt lat="42.742229" lon="10.225305">
				 <ele>8</ele>
			 </trkpt>
			 <trkpt lat="42.742099" lon="10.225329">
				 <ele>8</ele>
			 </trkpt>
			 <trkpt lat="42.741919" lon="10.225369">
				 <ele>7</ele>
			 </trkpt>
			 <trkpt lat="42.741797" lon="10.225392">
				 <ele>7</ele>
			 </trkpt>
			 <trkpt lat="42.741595" lon="10.225425">
				 <ele>7</ele>
			 </trkpt>
			 <trkpt lat="42.741504" lon="10.225438">
				 <ele>7</ele>
			 </trkpt>
			 <trkpt lat="42.741306" lon="10.225466">
				 <ele>7</ele>
			 </trkpt>
			 <trkpt lat="42.741229" lon="10.225486">
				 <ele>7</ele>
			 </trkpt>
			 <trkpt lat="42.74104" lon="10.22551">
				 <ele>7</ele>
			 </trkpt>
			 <trkpt lat="42.740956" lon="10.225515">
				 <ele>7</ele>
			 </trkpt>
			 <trkpt lat="42.740842" lon="10.225528">
				 <ele>8</ele>
			 </trkpt>
			 <trkpt lat="42.74068" lon="10.225621">
				 <ele>4</ele>
			 </trkpt>
			 <trkpt lat="42.740588" lon="10.225635">
				 <ele>5</ele>
			 </trkpt>
			 <trkpt lat="42.740799" lon="10.226464">
				 <ele>4</ele>
			 </trkpt>
			 <trkpt lat="42.74079" lon="10.226526">
				 <ele>4</ele>
			 </trkpt>
			 <trkpt lat="42.740766" lon="10.226594">
				 <ele>4</ele>
			 </trkpt>
			 <trkpt lat="42.740651" lon="10.226751">
				 <ele>5</ele>
			 </trkpt>
			 <trkpt lat="42.740351" lon="10.227067">
				 <ele>6</ele>
			 </trkpt>
			 <trkpt lat="42.740314" lon="10.227135">
				 <ele>6</ele>
			 </trkpt>
			 <trkpt lat="42.74029" lon="10.22718">
				 <ele>6</ele>
			 </trkpt>
			 <trkpt lat="42.740063" lon="10.227642">
				 <ele>7</ele>
			 </trkpt>
			 <trkpt lat="42.73988" lon="10.22812">
				 <ele>7</ele>
			 </trkpt>
			 <trkpt lat="42.739752" lon="10.228309">
				 <ele>8</ele>
			 </trkpt>
			 <trkpt lat="42.739653" lon="10.228402">
				 <ele>8</ele>
			 </trkpt>
			 <trkpt lat="42.739611" lon="10.228441">
				 <ele>8</ele>
			 </trkpt>
			 <trkpt lat="42.739575" lon="10.228476">
				 <ele>8</ele>
			 </trkpt>
			 <trkpt lat="42.739471" lon="10.228611">
				 <ele>9</ele>
			 </trkpt>
			 <trkpt lat="42.739386" lon="10.228759">
				 <ele>9</ele>
			 </trkpt>
			 <trkpt lat="42.739339" lon="10.228721">
				 <ele>10</ele>
			 </trkpt>
			 <trkpt lat="42.739386" lon="10.228759">
				 <ele>9</ele>
			 </trkpt>
			 <trkpt lat="42.739478" lon="10.228949">
				 <ele>9</ele>
			 </trkpt>
			 <trkpt lat="42.739609" lon="10.229141">
				 <ele>9</ele>
			 </trkpt>
			 <trkpt lat="42.73965" lon="10.22922">
				 <ele>9</ele>
			 </trkpt>
			 <trkpt lat="42.73999" lon="10.22958">
				 <ele>10</ele>
			 </trkpt>
			 <trkpt lat="42.74019" lon="10.22979">
				 <ele>9</ele>
			 </trkpt>
			 <trkpt lat="42.74053" lon="10.23046">
				 <ele>10</ele>
			 </trkpt>
			 <trkpt lat="42.740547" lon="10.230555">
				 <ele>11</ele>
			 </trkpt>
			 <trkpt lat="42.740819" lon="10.232052">
				 <ele>10</ele>
			 </trkpt>
			 <trkpt lat="42.74085" lon="10.23222">
				 <ele>10</ele>
			 </trkpt>
			 <trkpt lat="42.741079" lon="10.232767">
				 <ele>9</ele>
			 </trkpt>
			 <trkpt lat="42.741158" lon="10.233304">
				 <ele>9</ele>
			 </trkpt>
			 <trkpt lat="42.741206" lon="10.233675">
				 <ele>10</ele>
			 </trkpt>
			 <trkpt lat="42.74124" lon="10.233749">
				 <ele>10</ele>
			 </trkpt>
			 <trkpt lat="42.741364" lon="10.233908">
				 <ele>6</ele>
			 </trkpt>
			 <trkpt lat="42.741539" lon="10.234022">
				 <ele>5</ele>
			 </trkpt>
			 <trkpt lat="42.74157" lon="10.234041">
				 <ele>5</ele>
			 </trkpt>
			 <trkpt lat="42.741644" lon="10.234107">
				 <ele>5</ele>
			 </trkpt>
			 <trkpt lat="42.741774" lon="10.234249">
				 <ele>5</ele>
			 </trkpt>
			 <trkpt lat="42.741857" lon="10.234384">
				 <ele>4</ele>
			 </trkpt>
			 <trkpt lat="42.741915" lon="10.234453">
				 <ele>4</ele>
			 </trkpt>
			 <trkpt lat="42.741966" lon="10.234425">
				 <ele>4</ele>
			 </trkpt>
			 <trkpt lat="42.742066" lon="10.234264">
				 <ele>4</ele>
			 </trkpt>
			 <trkpt lat="42.742184" lon="10.234056">
				 <ele>4</ele>
			 </trkpt>
			 <trkpt lat="42.742247" lon="10.233924">
				 <ele>4</ele>
			 </trkpt>
			 <trkpt lat="42.742373" lon="10.233637">
				 <ele>3</ele>
			 </trkpt>
			 <trkpt lat="42.742299" lon="10.233561">
				 <ele>3</ele>
			 </trkpt>
			 <trkpt lat="42.742356" lon="10.233373">
				 <ele>2</ele>
			 </trkpt>
			 <trkpt lat="42.742363" lon="10.233333">
				 <ele>2</ele>
			 </trkpt>
			 <trkpt lat="42.742393" lon="10.233177">
				 <ele>2</ele>
			 </trkpt>
			 <trkpt lat="42.742402" lon="10.233077">
				 <ele>2</ele>
			 </trkpt>
			 <trkpt lat="42.742415" lon="10.232499">
				 <ele>3</ele>
			 </trkpt>
			 <trkpt lat="42.742492" lon="10.231026">
				 <ele>3</ele>
			 </trkpt>
			 <trkpt lat="42.742556" lon="10.230447">
				 <ele>3</ele>
			 </trkpt>
			 <trkpt lat="42.742577" lon="10.229755">
				 <ele>3</ele>
			 </trkpt>
			 <trkpt lat="42.742619" lon="10.229043">
				 <ele>3</ele>
			 </trkpt>
			 <trkpt lat="42.742562" lon="10.228655">
				 <ele>4</ele>
			 </trkpt>
			 <trkpt lat="42.742537" lon="10.22855">
				 <ele>4</ele>
			 </trkpt>
			 <trkpt lat="42.742546" lon="10.228474">
				 <ele>4</ele>
			 </trkpt>
			 <trkpt lat="42.742591" lon="10.228397">
				 <ele>4</ele>
			 </trkpt>
			 <trkpt lat="42.742652" lon="10.228359">
				 <ele>4</ele>
			 </trkpt>
			 <trkpt lat="42.742693" lon="10.227781">
				 <ele>4</ele>
			 </trkpt>
			 <trkpt lat="42.742747" lon="10.227775">
				 <ele>4</ele>
			 </trkpt>
			 <trkpt lat="42.742828" lon="10.227747">
				 <ele>7</ele>
			 </trkpt>
			 <trkpt lat="42.743016" lon="10.227698">
				 <ele>6</ele>
			 </trkpt>
			 <trkpt lat="42.743144" lon="10.227655">
				 <ele>6</ele>
			 </trkpt>
			 <trkpt lat="42.743177" lon="10.227644">
				 <ele>6</ele>
			 </trkpt>
			 <trkpt lat="42.743353" lon="10.227575">
				 <ele>5</ele>
			 </trkpt>
			 <trkpt lat="42.743435" lon="10.227539">
				 <ele>5</ele>
			 </trkpt>
			 <trkpt lat="42.743633" lon="10.227465">
				 <ele>5</ele>
			 </trkpt>
			 <trkpt lat="42.74372" lon="10.227426">
				 <ele>5</ele>
			 </trkpt>
			 <trkpt lat="42.743896" lon="10.227347">
				 <ele>5</ele>
			 </trkpt>
			 <trkpt lat="42.744013" lon="10.227281">
				 <ele>5</ele>
			 </trkpt>
			 <trkpt lat="42.744194" lon="10.227173">
				 <ele>5</ele>
			 </trkpt>
			 <trkpt lat="42.74428" lon="10.227125">
				 <ele>5</ele>
			 </trkpt>
			 <trkpt lat="42.744449" lon="10.226965">
				 <ele>5</ele>
			 </trkpt>
			 <trkpt lat="42.74447" lon="10.226941">
				 <ele>5</ele>
			 </trkpt>
			 <trkpt lat="42.744508" lon="10.226892">
				 <ele>5</ele>
			 </trkpt>
			 <trkpt lat="42.744547" lon="10.226852">
				 <ele>5</ele>
			 </trkpt>
			 <trkpt lat="42.744715" lon="10.226728">
				 <ele>5</ele>
			 </trkpt>
			 <trkpt lat="42.744742" lon="10.226712">
				 <ele>5</ele>
			 </trkpt>
			 <trkpt lat="42.744939" lon="10.226616">
				 <ele>5</ele>
			 </trkpt>
			 <trkpt lat="42.745023" lon="10.226577">
				 <ele>5</ele>
			 </trkpt>
			 <trkpt lat="42.745199" lon="10.226479">
				 <ele>5</ele>
			 </trkpt>
			 <trkpt lat="42.74531" lon="10.226433">
				 <ele>5</ele>
			 </trkpt>
			 <trkpt lat="42.745501" lon="10.226406">
				 <ele>5</ele>
			 </trkpt>
			 <trkpt lat="42.745579" lon="10.226433">
				 <ele>6</ele>
			 </trkpt>
			 <trkpt lat="42.745655" lon="10.226657">
				 <ele>6</ele>
			 </trkpt>
			 <trkpt lat="42.745668" lon="10.226759">
				 <ele>6</ele>
			 </trkpt>
			 <trkpt lat="42.74568" lon="10.227039">
				 <ele>5</ele>
			 </trkpt>
			 <trkpt lat="42.745672" lon="10.227106">
				 <ele>5</ele>
			 </trkpt>
			 <trkpt lat="42.745611" lon="10.227345">
				 <ele>5</ele>
			 </trkpt>
			 <trkpt lat="42.745601" lon="10.227459">
				 <ele>5</ele>
			 </trkpt>
			 <trkpt lat="42.74559" lon="10.227503">
				 <ele>5</ele>
			 </trkpt>
			 <trkpt lat="42.745565" lon="10.227725">
				 <ele>5</ele>
			 </trkpt>
			 <trkpt lat="42.745549" lon="10.227844">
				 <ele>5</ele>
			 </trkpt>
			 <trkpt lat="42.745542" lon="10.228121">
				 <ele>5</ele>
			 </trkpt>
			 <trkpt lat="42.745552" lon="10.228246">
				 <ele>5</ele>
			 </trkpt>
			 <trkpt lat="42.745564" lon="10.228442">
				 <ele>5</ele>
			 </trkpt>
			 <trkpt lat="42.745566" lon="10.228626">
				 <ele>5</ele>
			 </trkpt>
			 <trkpt lat="42.745575" lon="10.228894">
				 <ele>5</ele>
			 </trkpt>
			 <trkpt lat="42.745583" lon="10.229013">
				 <ele>5</ele>
			 </trkpt>
			 <trkpt lat="42.74559" lon="10.229288">
				 <ele>4</ele>
			 </trkpt>
			 <trkpt lat="42.745594" lon="10.2294">
				 <ele>4</ele>
			 </trkpt>
			 <trkpt lat="42.74561" lon="10.229665">
				 <ele>4</ele>
			 </trkpt>
			 <trkpt lat="42.745625" lon="10.229779">
				 <ele>4</ele>
			 </trkpt>
			 <trkpt lat="42.745666" lon="10.230044">
				 <ele>4</ele>
			 </trkpt>
			 <trkpt lat="42.745681" lon="10.230154">
				 <ele>4</ele>
			 </trkpt>
			 <trkpt lat="42.745736" lon="10.230419">
				 <ele>4</ele>
			 </trkpt>
			 <trkpt lat="42.745748" lon="10.230494">
				 <ele>4</ele>
			 </trkpt>
			 <trkpt lat="42.745753" lon="10.230533">
				 <ele>4</ele>
			 </trkpt>
			 <trkpt lat="42.745779" lon="10.230794">
				 <ele>4</ele>
			 </trkpt>
			 <trkpt lat="42.745784" lon="10.230904">
				 <ele>4</ele>
			 </trkpt>
			 <trkpt lat="42.745806" lon="10.231094">
				 <ele>4</ele>
			 </trkpt>
			 <trkpt lat="42.745815" lon="10.231167">
				 <ele>4</ele>
			 </trkpt>
			 <trkpt lat="42.745826" lon="10.231282">
				 <ele>4</ele>
			 </trkpt>
			 <trkpt lat="42.745829" lon="10.23156">
				 <ele>4</ele>
			 </trkpt>
			 <trkpt lat="42.745827" lon="10.231687">
				 <ele>4</ele>
			 </trkpt>
			 <trkpt lat="42.745816" lon="10.231931">
				 <ele>4</ele>
			 </trkpt>
			 <trkpt lat="42.745789" lon="10.232085">
				 <ele>4</ele>
			 </trkpt>
			 <trkpt lat="42.745798" lon="10.232242">
				 <ele>4</ele>
			 </trkpt>
			 <trkpt lat="42.745824" lon="10.23247">
				 <ele>4</ele>
			 </trkpt>
			 <trkpt lat="42.745841" lon="10.232727">
				 <ele>4</ele>
			 </trkpt>
			 <trkpt lat="42.745836" lon="10.232841">
				 <ele>4</ele>
			 </trkpt>
			 <trkpt lat="42.745837" lon="10.233099">
				 <ele>4</ele>
			 </trkpt>
			 <trkpt lat="42.745834" lon="10.233208">
				 <ele>4</ele>
			 </trkpt>
			 <trkpt lat="42.745841" lon="10.233453">
				 <ele>4</ele>
			 </trkpt>
			 <trkpt lat="42.745825" lon="10.233552">
				 <ele>4</ele>
			 </trkpt>
			 <trkpt lat="42.745863" lon="10.233832">
				 <ele>4</ele>
			 </trkpt>
			 <trkpt lat="42.745937" lon="10.233903">
				 <ele>4</ele>
			 </trkpt>
			 <trkpt lat="42.746119" lon="10.233939">
				 <ele>4</ele>
			 </trkpt>
			 <trkpt lat="42.746219" lon="10.233977">
				 <ele>4</ele>
			 </trkpt>
			 <trkpt lat="42.746406" lon="10.234038">
				 <ele>4</ele>
			 </trkpt>
			 <trkpt lat="42.746485" lon="10.234091">
				 <ele>4</ele>
			 </trkpt>
			 <trkpt lat="42.746636" lon="10.234224">
				 <ele>4</ele>
			 </trkpt>
			 <trkpt lat="42.746744" lon="10.234281">
				 <ele>4</ele>
			 </trkpt>
			 <trkpt lat="42.746923" lon="10.23435">
				 <ele>4</ele>
			 </trkpt>
			 <trkpt lat="42.747039" lon="10.234415">
				 <ele>4</ele>
			 </trkpt>
			 <trkpt lat="42.747225" lon="10.234521">
				 <ele>4</ele>
			 </trkpt>
			 <trkpt lat="42.747307" lon="10.23456">
				 <ele>4</ele>
			 </trkpt>
			 <trkpt lat="42.747477" lon="10.234646">
				 <ele>4</ele>
			 </trkpt>
			 <trkpt lat="42.747586" lon="10.234698">
				 <ele>4</ele>
			 </trkpt>
			 <trkpt lat="42.747768" lon="10.234783">
				 <ele>4</ele>
			 </trkpt>
			 <trkpt lat="42.747847" lon="10.234821">
				 <ele>4</ele>
			 </trkpt>
			 <trkpt lat="42.748039" lon="10.234914">
				 <ele>4</ele>
			 </trkpt>
			 <trkpt lat="42.74812" lon="10.234958">
				 <ele>5</ele>
			 </trkpt>
			 <trkpt lat="42.748317" lon="10.235015">
				 <ele>5</ele>
			 </trkpt>
			 <trkpt lat="42.748389" lon="10.235035">
				 <ele>5</ele>
			 </trkpt>
			 <trkpt lat="42.748491" lon="10.235107">
				 <ele>5</ele>
			 </trkpt>
			 <trkpt lat="42.74856" lon="10.23516">
				 <ele>5</ele>
			 </trkpt>
			 <trkpt lat="42.748671" lon="10.235248">
				 <ele>5</ele>
			 </trkpt>
			 <trkpt lat="42.748794" lon="10.23535">
				 <ele>5</ele>
			 </trkpt>
			 <trkpt lat="42.748883" lon="10.235423">
				 <ele>5</ele>
			 </trkpt>
			 <trkpt lat="42.748922" lon="10.235463">
				 <ele>5</ele>
			 </trkpt>
			 <trkpt lat="42.749066" lon="10.23563">
				 <ele>5</ele>
			 </trkpt>
			 <trkpt lat="42.749108" lon="10.235682">
				 <ele>5</ele>
			 </trkpt>
			 <trkpt lat="42.749168" lon="10.23576">
				 <ele>5</ele>
			 </trkpt>
			 <trkpt lat="42.749281" lon="10.235891">
				 <ele>5</ele>
			 </trkpt>
			 <trkpt lat="42.749326" lon="10.23595">
				 <ele>5</ele>
			 </trkpt>
			 <trkpt lat="42.749453" lon="10.23614">
				 <ele>5</ele>
			 </trkpt>
			 <trkpt lat="42.74949" lon="10.236213">
				 <ele>5</ele>
			 </trkpt>
			 <trkpt lat="42.749526" lon="10.236279">
				 <ele>5</ele>
			 </trkpt>
			 <trkpt lat="42.74956" lon="10.236337">
				 <ele>5</ele>
			 </trkpt>
			 <trkpt lat="42.749659" lon="10.236451">
				 <ele>5</ele>
			 </trkpt>
			 <trkpt lat="42.749679" lon="10.236476">
				 <ele>5</ele>
			 </trkpt>
			 <trkpt lat="42.74972" lon="10.236525">
				 <ele>5</ele>
			 </trkpt>
			 <trkpt lat="42.749819" lon="10.236688">
				 <ele>5</ele>
			 </trkpt>
			 <trkpt lat="42.749895" lon="10.236786">
				 <ele>5</ele>
			 </trkpt>
			 <trkpt lat="42.749976" lon="10.236884">
				 <ele>5</ele>
			 </trkpt>
			 <trkpt lat="42.750012" lon="10.236939">
				 <ele>5</ele>
			 </trkpt>
			 <trkpt lat="42.75006" lon="10.237025">
				 <ele>5</ele>
			 </trkpt>
			 <trkpt lat="42.750076" lon="10.237054">
				 <ele>5</ele>
			 </trkpt>
			 <trkpt lat="42.750191" lon="10.237272">
				 <ele>5</ele>
			 </trkpt>
			 <trkpt lat="42.750226" lon="10.237321">
				 <ele>5</ele>
			 </trkpt>
			 <trkpt lat="42.750347" lon="10.237526">
				 <ele>5</ele>
			 </trkpt>
			 <trkpt lat="42.750402" lon="10.237608">
				 <ele>5</ele>
			 </trkpt>
			 <trkpt lat="42.750509" lon="10.237807">
				 <ele>5</ele>
			 </trkpt>
			 <trkpt lat="42.750559" lon="10.237896">
				 <ele>5</ele>
			 </trkpt>
			 <trkpt lat="42.750632" lon="10.238016">
				 <ele>5</ele>
			 </trkpt>
			 <trkpt lat="42.750674" lon="10.238069">
				 <ele>5</ele>
			 </trkpt>
			 <trkpt lat="42.750749" lon="10.238189">
				 <ele>5</ele>
			 </trkpt>
			 <trkpt lat="42.750805" lon="10.23828">
				 <ele>5</ele>
			 </trkpt>
			 <trkpt lat="42.750959" lon="10.238453">
				 <ele>5</ele>
			 </trkpt>
			 <trkpt lat="42.751082" lon="10.238643">
				 <ele>5</ele>
			 </trkpt>
			 <trkpt lat="42.751141" lon="10.238725">
				 <ele>5</ele>
			 </trkpt>
			 <trkpt lat="42.751196" lon="10.238816">
				 <ele>5</ele>
			 </trkpt>
			 <trkpt lat="42.75126" lon="10.238945">
				 <ele>5</ele>
			 </trkpt>
			 <trkpt lat="42.751314" lon="10.239045">
				 <ele>5</ele>
			 </trkpt>
			 <trkpt lat="42.751424" lon="10.239281">
				 <ele>5</ele>
			 </trkpt>
			 <trkpt lat="42.751461" lon="10.239392">
				 <ele>5</ele>
			 </trkpt>
			 <trkpt lat="42.751538" lon="10.239657">
				 <ele>5</ele>
			 </trkpt>
			 <trkpt lat="42.751566" lon="10.239769">
				 <ele>5</ele>
			 </trkpt>
			 <trkpt lat="42.751633" lon="10.240027">
				 <ele>5</ele>
			 </trkpt>
			 <trkpt lat="42.751665" lon="10.240135">
				 <ele>5</ele>
			 </trkpt>
			 <trkpt lat="42.75173" lon="10.240385">
				 <ele>5</ele>
			 </trkpt>
			 <trkpt lat="42.751751" lon="10.240451">
				 <ele>5</ele>
			 </trkpt>
			 <trkpt lat="42.751841" lon="10.240729">
				 <ele>5</ele>
			 </trkpt>
			 <trkpt lat="42.751845" lon="10.240795">
				 <ele>5</ele>
			 </trkpt>
			 <trkpt lat="42.751868" lon="10.241064">
				 <ele>5</ele>
			 </trkpt>
			 <trkpt lat="42.751874" lon="10.241171">
				 <ele>5</ele>
			 </trkpt>
			 <trkpt lat="42.751869" lon="10.241427">
				 <ele>4</ele>
			 </trkpt>
			 <trkpt lat="42.751875" lon="10.241532">
				 <ele>5</ele>
			 </trkpt>
			 <trkpt lat="42.751885" lon="10.241806">
				 <ele>5</ele>
			 </trkpt>
			 <trkpt lat="42.75189" lon="10.241877">
				 <ele>5</ele>
			 </trkpt>
			 <trkpt lat="42.751892" lon="10.242141">
				 <ele>5</ele>
			 </trkpt>
			 <trkpt lat="42.751893" lon="10.242209">
				 <ele>5</ele>
			 </trkpt>
			 <trkpt lat="42.751889" lon="10.242468">
				 <ele>5</ele>
			 </trkpt>
			 <trkpt lat="42.751883" lon="10.242538">
				 <ele>5</ele>
			 </trkpt>
			 <trkpt lat="42.751897" lon="10.242797">
				 <ele>5</ele>
			 </trkpt>
			 <trkpt lat="42.751924" lon="10.242916">
				 <ele>5</ele>
			 </trkpt>
			 <trkpt lat="42.751967" lon="10.243196">
				 <ele>5</ele>
			 </trkpt>
			 <trkpt lat="42.751983" lon="10.243322">
				 <ele>5</ele>
			 </trkpt>
			 <trkpt lat="42.752046" lon="10.243525">
				 <ele>5</ele>
			 </trkpt>
			 <trkpt lat="42.75221" lon="10.243616">
				 <ele>5</ele>
			 </trkpt>
			 <trkpt lat="42.752272" lon="10.243627">
				 <ele>5</ele>
			 </trkpt>
			 <trkpt lat="42.752296" lon="10.243573">
				 <ele>5</ele>
			 </trkpt>
			 <trkpt lat="42.752296" lon="10.24338">
				 <ele>5</ele>
			 </trkpt>
			 <trkpt lat="42.752335" lon="10.243109">
				 <ele>4</ele>
			 </trkpt>
			 <trkpt lat="42.752375" lon="10.243002">
				 <ele>4</ele>
			 </trkpt>
			 <trkpt lat="42.752435" lon="10.24282">
				 <ele>4</ele>
			 </trkpt>
			 <trkpt lat="42.752502" lon="10.242644">
				 <ele>4</ele>
			 </trkpt>
			 <trkpt lat="42.752573" lon="10.242474">
				 <ele>4</ele>
			 </trkpt>
			 <trkpt lat="42.7526" lon="10.242405">
				 <ele>4</ele>
			 </trkpt>
			 <trkpt lat="42.75263" lon="10.242334">
				 <ele>4</ele>
			 </trkpt>
			 <trkpt lat="42.752646" lon="10.242298">
				 <ele>4</ele>
			 </trkpt>
			 <trkpt lat="42.75273" lon="10.242079">
				 <ele>4</ele>
			 </trkpt>
			 <trkpt lat="42.752782" lon="10.241927">
				 <ele>4</ele>
			 </trkpt>
			 <trkpt lat="42.752869" lon="10.241711">
				 <ele>4</ele>
			 </trkpt>
			 <trkpt lat="42.752924" lon="10.241572">
				 <ele>4</ele>
			 </trkpt>
			 <trkpt lat="42.753013" lon="10.241338">
				 <ele>4</ele>
			 </trkpt>
			 <trkpt lat="42.753038" lon="10.24127">
				 <ele>4</ele>
			 </trkpt>
			 <trkpt lat="42.75305" lon="10.241236">
				 <ele>4</ele>
			 </trkpt>
			 <trkpt lat="42.753063" lon="10.241202">
				 <ele>4</ele>
			 </trkpt>
			 <trkpt lat="42.753076" lon="10.241167">
				 <ele>4</ele>
			 </trkpt>
			 <trkpt lat="42.753125" lon="10.241016">
				 <ele>4</ele>
			 </trkpt>
			 <trkpt lat="42.753134" lon="10.240977">
				 <ele>4</ele>
			 </trkpt>
			 <trkpt lat="42.753176" lon="10.240844">
				 <ele>4</ele>
			 </trkpt>
			 <trkpt lat="42.753199" lon="10.240784">
				 <ele>4</ele>
			 </trkpt>
			 <trkpt lat="42.753286" lon="10.24054">
				 <ele>4</ele>
			 </trkpt>
			 <trkpt lat="42.753314" lon="10.240472">
				 <ele>4</ele>
			 </trkpt>
			 <trkpt lat="42.753397" lon="10.240232">
				 <ele>4</ele>
			 </trkpt>
			 <trkpt lat="42.75344" lon="10.240133">
				 <ele>4</ele>
			 </trkpt>
			 <trkpt lat="42.753485" lon="10.239993">
				 <ele>4</ele>
			 </trkpt>
			 <trkpt lat="42.753511" lon="10.239926">
				 <ele>4</ele>
			 </trkpt>
			 <trkpt lat="42.753535" lon="10.239859">
				 <ele>4</ele>
			 </trkpt>
			 <trkpt lat="42.753562" lon="10.239793">
				 <ele>5</ele>
			 </trkpt>
			 <trkpt lat="42.753677" lon="10.239595">
				 <ele>5</ele>
			 </trkpt>
			 <trkpt lat="42.753742" lon="10.239517">
				 <ele>5</ele>
			 </trkpt>
			 <trkpt lat="42.753787" lon="10.239465">
				 <ele>5</ele>
			 </trkpt>
			 <trkpt lat="42.75388" lon="10.239372">
				 <ele>5</ele>
			 </trkpt>
			 <trkpt lat="42.753972" lon="10.239271">
				 <ele>5</ele>
			 </trkpt>
			 <trkpt lat="42.754021" lon="10.239223">
				 <ele>5</ele>
			 </trkpt>
			 <trkpt lat="42.754183" lon="10.23908">
				 <ele>5</ele>
			 </trkpt>
			 <trkpt lat="42.754377" lon="10.238901">
				 <ele>5</ele>
			 </trkpt>
			 <trkpt lat="42.754451" lon="10.238839">
				 <ele>5</ele>
			 </trkpt>
			 <trkpt lat="42.754619" lon="10.238736">
				 <ele>5</ele>
			 </trkpt>
			 <trkpt lat="42.754676" lon="10.238612">
				 <ele>2</ele>
			 </trkpt>
			 <trkpt lat="42.754746" lon="10.238588">
				 <ele>2</ele>
			 </trkpt>
			 <trkpt lat="42.754792" lon="10.238622">
				 <ele>2</ele>
			 </trkpt>
			 <trkpt lat="42.754842" lon="10.238637">
				 <ele>2</ele>
			 </trkpt>
			 <trkpt lat="42.754894" lon="10.23863">
				 <ele>2</ele>
			 </trkpt>
			 <trkpt lat="42.754942" lon="10.238604">
				 <ele>2</ele>
			 </trkpt>
			 <trkpt lat="42.755079" lon="10.238715">
				 <ele>2</ele>
			 </trkpt>
			 <trkpt lat="42.75527" lon="10.239022">
				 <ele>1</ele>
			 </trkpt>
			 <trkpt lat="42.755522" lon="10.239352">
				 <ele>0</ele>
			 </trkpt>
			 <trkpt lat="42.755648" lon="10.239537">
				 <ele>0</ele>
			 </trkpt>
			 <trkpt lat="42.755798" lon="10.239717">
				 <ele>0</ele>
			 </trkpt>
			 <trkpt lat="42.755999" lon="10.239895">
				 <ele>1</ele>
			 </trkpt>
			 <trkpt lat="42.756128" lon="10.24004">
				 <ele>1</ele>
			 </trkpt>
			 <trkpt lat="42.756233" lon="10.240239">
				 <ele>1</ele>
			 </trkpt>
			 <trkpt lat="42.756322" lon="10.240451">
				 <ele>1</ele>
			 </trkpt>
			 <trkpt lat="42.756411" lon="10.240638">
				 <ele>1</ele>
			 </trkpt>
			 <trkpt lat="42.756453" lon="10.240689">
				 <ele>1</ele>
			 </trkpt>
			 <trkpt lat="42.756501" lon="10.240724">
				 <ele>1</ele>
			 </trkpt>
			 <trkpt lat="42.756555" lon="10.240752">
				 <ele>1</ele>
			 </trkpt>
			 <trkpt lat="42.756628" lon="10.240754">
				 <ele>1</ele>
			 </trkpt>
			 <trkpt lat="42.756535" lon="10.240847">
				 <ele>1</ele>
			 </trkpt>
			 <trkpt lat="42.756503" lon="10.240871">
				 <ele>1</ele>
			 </trkpt>
			 <trkpt lat="42.755617" lon="10.241554">
				 <ele>1</ele>
			 </trkpt>
			 <trkpt lat="42.755444" lon="10.241649">
				 <ele>1</ele>
			 </trkpt>
			 <trkpt lat="42.755291" lon="10.241687">
				 <ele>1</ele>
			 </trkpt>
			 <trkpt lat="42.754962" lon="10.241683">
				 <ele>1</ele>
			 </trkpt>
			 <trkpt lat="42.754181" lon="10.241681">
				 <ele>2</ele>
			 </trkpt>
			 <trkpt lat="42.75396" lon="10.241787">
				 <ele>2</ele>
			 </trkpt>
			 <trkpt lat="42.753879" lon="10.241872">
				 <ele>1</ele>
			 </trkpt>
			 <trkpt lat="42.752476" lon="10.243367">
				 <ele>1</ele>
			 </trkpt>
			 <trkpt lat="42.752316" lon="10.243619">
				 <ele>2</ele>
			 </trkpt>
			 <trkpt lat="42.752226" lon="10.243616">
				 <ele>3</ele>
			 </trkpt>
			 <trkpt lat="42.752132" lon="10.24359">
				 <ele>3</ele>
			 </trkpt>
			 <trkpt lat="42.752087" lon="10.243563">
				 <ele>4</ele>
			 </trkpt>
			 <trkpt lat="42.752079" lon="10.2435">
				 <ele>5</ele>
			 </trkpt>
			 <trkpt lat="42.752034" lon="10.243451">
				 <ele>5</ele>
			 </trkpt>
			 <trkpt lat="42.751956" lon="10.243219">
				 <ele>5</ele>
			 </trkpt>
			 <trkpt lat="42.751943" lon="10.243116">
				 <ele>5</ele>
			 </trkpt>
			 <trkpt lat="42.75194" lon="10.243042">
				 <ele>4</ele>
			 </trkpt>
			 <trkpt lat="42.751931" lon="10.24297">
				 <ele>4</ele>
			 </trkpt>
			 <trkpt lat="42.751918" lon="10.242749">
				 <ele>5</ele>
			 </trkpt>
			 <trkpt lat="42.751911" lon="10.242505">
				 <ele>5</ele>
			 </trkpt>
			 <trkpt lat="42.751918" lon="10.242271">
				 <ele>5</ele>
			 </trkpt>
			 <trkpt lat="42.751924" lon="10.242208">
				 <ele>5</ele>
			 </trkpt>
			 <trkpt lat="42.751943" lon="10.242037">
				 <ele>5</ele>
			 </trkpt>
			 <trkpt lat="42.75196" lon="10.241945">
				 <ele>5</ele>
			 </trkpt>
			 <trkpt lat="42.751956" lon="10.241834">
				 <ele>5</ele>
			 </trkpt>
			 <trkpt lat="42.751934" lon="10.241556">
				 <ele>5</ele>
			 </trkpt>
			 <trkpt lat="42.751915" lon="10.241436">
				 <ele>4</ele>
			 </trkpt>
			 <trkpt lat="42.751879" lon="10.241193">
				 <ele>5</ele>
			 </trkpt>
			 <trkpt lat="42.751864" lon="10.24103">
				 <ele>5</ele>
			 </trkpt>
			 <trkpt lat="42.751845" lon="10.240788">
				 <ele>5</ele>
			 </trkpt>
			 <trkpt lat="42.751827" lon="10.240644">
				 <ele>5</ele>
			 </trkpt>
			 <trkpt lat="42.751775" lon="10.240395">
				 <ele>5</ele>
			 </trkpt>
			 <trkpt lat="42.751735" lon="10.240295">
				 <ele>5</ele>
			 </trkpt>
			 <trkpt lat="42.751656" lon="10.240036">
				 <ele>5</ele>
			 </trkpt>
			 <trkpt lat="42.751618" lon="10.239917">
				 <ele>5</ele>
			 </trkpt>
			 <trkpt lat="42.751543" lon="10.239656">
				 <ele>5</ele>
			 </trkpt>
			 <trkpt lat="42.751514" lon="10.239544">
				 <ele>5</ele>
			 </trkpt>
			 <trkpt lat="42.751429" lon="10.239291">
				 <ele>5</ele>
			 </trkpt>
			 <trkpt lat="42.751385" lon="10.239192">
				 <ele>5</ele>
			 </trkpt>
			 <trkpt lat="42.751272" lon="10.238982">
				 <ele>5</ele>
			 </trkpt>
			 <trkpt lat="42.751219" lon="10.238898">
				 <ele>5</ele>
			 </trkpt>
			 <trkpt lat="42.751096" lon="10.238711">
				 <ele>5</ele>
			 </trkpt>
			 <trkpt lat="42.751044" lon="10.238617">
				 <ele>5</ele>
			 </trkpt>
			 <trkpt lat="42.750938" lon="10.238417">
				 <ele>5</ele>
			 </trkpt>
			 <trkpt lat="42.750869" lon="10.238293">
				 <ele>5</ele>
			 </trkpt>
			 <trkpt lat="42.75074" lon="10.238093">
				 <ele>5</ele>
			 </trkpt>
			 <trkpt lat="42.750689" lon="10.238001">
				 <ele>5</ele>
			 </trkpt>
			 <trkpt lat="42.750602" lon="10.237862">
				 <ele>5</ele>
			 </trkpt>
			 <trkpt lat="42.750582" lon="10.237829">
				 <ele>5</ele>
			 </trkpt>
			 <trkpt lat="42.75056" lon="10.237797">
				 <ele>5</ele>
			 </trkpt>
			 <trkpt lat="42.750501" lon="10.237712">
				 <ele>5</ele>
			 </trkpt>
			 <trkpt lat="42.750383" lon="10.237516">
				 <ele>5</ele>
			 </trkpt>
			 <trkpt lat="42.750366" lon="10.237486">
				 <ele>5</ele>
			 </trkpt>
			 <trkpt lat="42.750323" lon="10.237435">
				 <ele>5</ele>
			 </trkpt>
			 <trkpt lat="42.750264" lon="10.237349">
				 <ele>5</ele>
			 </trkpt>
			 <trkpt lat="42.750245" lon="10.237318">
				 <ele>5</ele>
			 </trkpt>
			 <trkpt lat="42.750224" lon="10.23729">
				 <ele>5</ele>
			 </trkpt>
			 <trkpt lat="42.750088" lon="10.237199">
				 <ele>5</ele>
			 </trkpt>
			 <trkpt lat="42.750037" lon="10.237123">
				 <ele>5</ele>
			 </trkpt>
			 <trkpt lat="42.74952" lon="10.237662">
				 <ele>6</ele>
			 </trkpt>
			 <trkpt lat="42.74944" lon="10.237744">
				 <ele>5</ele>
			 </trkpt>
			 <trkpt lat="42.748861" lon="10.238342">
				 <ele>5</ele>
			 </trkpt>
			 <trkpt lat="42.748768" lon="10.238439">
				 <ele>4</ele>
			 </trkpt>
			 <trkpt lat="42.748145" lon="10.237259">
				 <ele>3</ele>
			 </trkpt>
			 <trkpt lat="42.748045" lon="10.237123">
				 <ele>3</ele>
			 </trkpt>
			 <trkpt lat="42.747977" lon="10.237063">
				 <ele>3</ele>
			 </trkpt>
			 <trkpt lat="42.747927" lon="10.237018">
				 <ele>3</ele>
			 </trkpt>
			 <trkpt lat="42.747692" lon="10.236871">
				 <ele>3</ele>
			 </trkpt>
			 <trkpt lat="42.747661" lon="10.236848">
				 <ele>3</ele>
			 </trkpt>
			 <trkpt lat="42.747616" lon="10.236815">
				 <ele>3</ele>
			 </trkpt>
			 <trkpt lat="42.747532" lon="10.236734">
				 <ele>3</ele>
			 </trkpt>
			 <trkpt lat="42.746842" lon="10.235985">
				 <ele>3</ele>
			 </trkpt>
			 <trkpt lat="42.746481" lon="10.235593">
				 <ele>4</ele>
			 </trkpt>
			 <trkpt lat="42.746343" lon="10.235443">
				 <ele>4</ele>
			 </trkpt>
			 <trkpt lat="42.74622" lon="10.235341">
				 <ele>4</ele>
			 </trkpt>
			 <trkpt lat="42.746073" lon="10.235256">
				 <ele>4</ele>
			 </trkpt>
			 <trkpt lat="42.745968" lon="10.235181">
				 <ele>4</ele>
			 </trkpt>
			 <trkpt lat="42.745852" lon="10.235069">
				 <ele>4</ele>
			 </trkpt>
			 <trkpt lat="42.745798" lon="10.235112">
				 <ele>4</ele>
			 </trkpt>
			 <trkpt lat="42.745758" lon="10.235095">
				 <ele>4</ele>
			 </trkpt>
			 <trkpt lat="42.745734" lon="10.235047">
				 <ele>5</ele>
			 </trkpt>
			 <trkpt lat="42.745547" lon="10.234934">
				 <ele>5</ele>
			 </trkpt>
			 <trkpt lat="42.745304" lon="10.234846">
				 <ele>5</ele>
			 </trkpt>
			 <trkpt lat="42.745255" lon="10.234841">
				 <ele>5</ele>
			 </trkpt>
			 <trkpt lat="42.745222" lon="10.234837">
				 <ele>6</ele>
			 </trkpt>
			 <trkpt lat="42.745059" lon="10.234821">
				 <ele>6</ele>
			 </trkpt>
			 <trkpt lat="42.744299" lon="10.234814">
				 <ele>4</ele>
			 </trkpt>
			 <trkpt lat="42.744132" lon="10.234831">
				 <ele>3</ele>
			 </trkpt>
			 <trkpt lat="42.743801" lon="10.234902">
				 <ele>3</ele>
			 </trkpt>
			 <trkpt lat="42.743713" lon="10.234936">
				 <ele>3</ele>
			 </trkpt>
			 <trkpt lat="42.743677" lon="10.23496">
				 <ele>2</ele>
			 </trkpt>
			 <trkpt lat="42.743535" lon="10.235054">
				 <ele>2</ele>
			 </trkpt>
			 <trkpt lat="42.743386" lon="10.235154">
				 <ele>2</ele>
			 </trkpt>
			 <trkpt lat="42.743338" lon="10.235211">
				 <ele>2</ele>
			 </trkpt>
			 <trkpt lat="42.743251" lon="10.235336">
				 <ele>2</ele>
			 </trkpt>
			 <trkpt lat="42.743211" lon="10.23539">
				 <ele>2</ele>
			 </trkpt>
			 <trkpt lat="42.743014" lon="10.235709">
				 <ele>2</ele>
			 </trkpt>
			 <trkpt lat="42.742963" lon="10.235814">
				 <ele>1</ele>
			 </trkpt>
			 <trkpt lat="42.742949" lon="10.23589">
				 <ele>2</ele>
			 </trkpt>
			 <trkpt lat="42.742765" lon="10.235891">
				 <ele>2</ele>
			 </trkpt>
			 <trkpt lat="42.742735" lon="10.23581">
				 <ele>2</ele>
			 </trkpt>
			 <trkpt lat="42.742715" lon="10.235619">
				 <ele>2</ele>
			 </trkpt>
			 <trkpt lat="42.742711" lon="10.235314">
				 <ele>2</ele>
			 </trkpt>
			 <trkpt lat="42.742705" lon="10.234997">
				 <ele>3</ele>
			 </trkpt>
			 <trkpt lat="42.742715" lon="10.234322">
				 <ele>3</ele>
			 </trkpt>
			 <trkpt lat="42.74273" lon="10.234266">
				 <ele>3</ele>
			 </trkpt>
			 <trkpt lat="42.742751" lon="10.234229">
				 <ele>3</ele>
			 </trkpt>
			 <trkpt lat="42.742782" lon="10.234203">
				 <ele>3</ele>
			 </trkpt>
			 <trkpt lat="42.742818" lon="10.234197">
				 <ele>3</ele>
			 </trkpt>
			 <trkpt lat="42.742899" lon="10.234189">
				 <ele>3</ele>
			 </trkpt>
			 <trkpt lat="42.743411" lon="10.234152">
				 <ele>3</ele>
			 </trkpt>
			 <trkpt lat="42.743679" lon="10.234134">
				 <ele>3</ele>
			 </trkpt>
			 <trkpt lat="42.744007" lon="10.23409">
				 <ele>4</ele>
			 </trkpt>
			 <trkpt lat="42.744292" lon="10.234069">
				 <ele>4</ele>
			 </trkpt>
			 <trkpt lat="42.744513" lon="10.234054">
				 <ele>4</ele>
			 </trkpt>
		 </trkseg>
	 </trk>
</gpx>