<?xml version="1.0" encoding="UTF-8"?>
 <gpx creator="Garmin Connect" version="1.1"
	 xsi:schemaLocation="http://www.topografix.com/GPX/1/1 http://www.topografix.com/GPX/11.xsd"
	 xmlns:ns3="http://www.garmin.com/xmlschemas/TrackPointExtension/v1"
	 xmlns="http://www.topografix.com/GPX/1/1"
	 xmlns:xsi="http://www.w3.org/2001/XMLSchema-instance" xmlns:ns2="http://www.garmin.com/xmlschemas/GpxExtensions/v3">
	 <metadata>
		<name>Finlandia Marathon 2025 - 42.195 km</name>
		 <link href="https://www.goandrace.com">
		 <text>Garmin Connect</text>
		 </link>
	 <time>2026-08-10T03:09:27</time>
	 </metadata>
	 <trk>
		 <name>Finlandia Marathon 2025 - 42.195 km</name>
		 <trkseg>
			 <trkpt lat="62.23869" lon="25.754477">
				 <ele>81</ele>
			 </trkpt>
			 <trkpt lat="62.23834" lon="25.753297">
				 <ele>80.9</ele>
			 </trkpt>
			 <trkpt lat="62.23834" lon="25.75329">
				 <ele>80.6</ele>
			 </trkpt>
			 <trkpt lat="62.23842" lon="25.75298">
				 <ele>80.4</ele>
			 </trkpt>
			 <trkpt lat="62.23842" lon="25.75285">
				 <ele>80.3</ele>
			 </trkpt>
			 <trkpt lat="62.2383" lon="25.75237">
				 <ele>80.1</ele>
			 </trkpt>
			 <trkpt lat="62.238" lon="25.75143">
				 <ele>79.7</ele>
			 </trkpt>
			 <trkpt lat="62.23767" lon="25.75057">
				 <ele>79.4</ele>
			 </trkpt>
			 <trkpt lat="62.23771" lon="25.7504">
				 <ele>79.1</ele>
			 </trkpt>
			 <trkpt lat="62.23769" lon="25.75025">
				 <ele>78.9</ele>
			 </trkpt>
			 <trkpt lat="62.23758" lon="25.75">
				 <ele>78.6</ele>
			 </trkpt>
			 <trkpt lat="62.23726" lon="25.74933">
				 <ele>78.5</ele>
			 </trkpt>
			 <trkpt lat="62.23725" lon="25.74931">
				 <ele>78.3</ele>
			 </trkpt>
			 <trkpt lat="62.23725" lon="25.74931">
				 <ele>78.2</ele>
			 </trkpt>
			 <trkpt lat="62.23682" lon="25.74844">
				 <ele>78.1</ele>
			 </trkpt>
			 <trkpt lat="62.23665" lon="25.74807">
				 <ele>78</ele>
			 </trkpt>
			 <trkpt lat="62.23656" lon="25.74795">
				 <ele>78</ele>
			 </trkpt>
			 <trkpt lat="62.23646" lon="25.74793">
				 <ele>78</ele>
			 </trkpt>
			 <trkpt lat="62.23636" lon="25.74787">
				 <ele>78</ele>
			 </trkpt>
			 <trkpt lat="62.2363" lon="25.74775">
				 <ele>78</ele>
			 </trkpt>
			 <trkpt lat="62.23603" lon="25.74702">
				 <ele>78</ele>
			 </trkpt>
			 <trkpt lat="62.2359" lon="25.74662">
				 <ele>78</ele>
			 </trkpt>
			 <trkpt lat="62.23573" lon="25.74627">
				 <ele>78</ele>
			 </trkpt>
			 <trkpt lat="62.23539" lon="25.74536">
				 <ele>78</ele>
			 </trkpt>
			 <trkpt lat="62.23525" lon="25.74492">
				 <ele>78</ele>
			 </trkpt>
			 <trkpt lat="62.23519" lon="25.74453">
				 <ele>78</ele>
			 </trkpt>
			 <trkpt lat="62.23518" lon="25.74428">
				 <ele>78</ele>
			 </trkpt>
			 <trkpt lat="62.23518" lon="25.74414">
				 <ele>78</ele>
			 </trkpt>
			 <trkpt lat="62.23514" lon="25.74392">
				 <ele>78</ele>
			 </trkpt>
			 <trkpt lat="62.23499" lon="25.74337">
				 <ele>78.1</ele>
			 </trkpt>
			 <trkpt lat="62.23446" lon="25.74132">
				 <ele>78.2</ele>
			 </trkpt>
			 <trkpt lat="62.2344" lon="25.7412">
				 <ele>78.3</ele>
			 </trkpt>
			 <trkpt lat="62.23436" lon="25.74118">
				 <ele>78.3</ele>
			 </trkpt>
			 <trkpt lat="62.23436" lon="25.74119">
				 <ele>78.3</ele>
			 </trkpt>
			 <trkpt lat="62.23436" lon="25.7412">
				 <ele>78.3</ele>
			 </trkpt>
			 <trkpt lat="62.23435" lon="25.74121">
				 <ele>78.3</ele>
			 </trkpt>
			 <trkpt lat="62.23434" lon="25.74122">
				 <ele>78.3</ele>
			 </trkpt>
			 <trkpt lat="62.23433" lon="25.74123">
				 <ele>78.4</ele>
			 </trkpt>
			 <trkpt lat="62.23431" lon="25.74121">
				 <ele>78.5</ele>
			 </trkpt>
			 <trkpt lat="62.2343" lon="25.7412">
				 <ele>78.5</ele>
			 </trkpt>
			 <trkpt lat="62.23412" lon="25.74129">
				 <ele>78.5</ele>
			 </trkpt>
			 <trkpt lat="62.23385" lon="25.74147">
				 <ele>78.5</ele>
			 </trkpt>
			 <trkpt lat="62.23375" lon="25.74153">
				 <ele>78.5</ele>
			 </trkpt>
			 <trkpt lat="62.23367" lon="25.74153">
				 <ele>78.6</ele>
			 </trkpt>
			 <trkpt lat="62.23359" lon="25.74152">
				 <ele>78.7</ele>
			 </trkpt>
			 <trkpt lat="62.23351" lon="25.74146">
				 <ele>78.8</ele>
			 </trkpt>
			 <trkpt lat="62.23335" lon="25.74117">
				 <ele>78.9</ele>
			 </trkpt>
			 <trkpt lat="62.23284" lon="25.74018">
				 <ele>79</ele>
			 </trkpt>
			 <trkpt lat="62.23274" lon="25.73998">
				 <ele>79</ele>
			 </trkpt>
			 <trkpt lat="62.23274" lon="25.73998">
				 <ele>79</ele>
			 </trkpt>
			 <trkpt lat="62.23255" lon="25.73956">
				 <ele>79</ele>
			 </trkpt>
			 <trkpt lat="62.23252" lon="25.73946">
				 <ele>79</ele>
			 </trkpt>
			 <trkpt lat="62.23252" lon="25.7393">
				 <ele>79</ele>
			 </trkpt>
			 <trkpt lat="62.23256" lon="25.73915">
				 <ele>79</ele>
			 </trkpt>
			 <trkpt lat="62.23247" lon="25.73896">
				 <ele>79</ele>
			 </trkpt>
			 <trkpt lat="62.23203" lon="25.73808">
				 <ele>79</ele>
			 </trkpt>
			 <trkpt lat="62.23169" lon="25.73755">
				 <ele>79</ele>
			 </trkpt>
			 <trkpt lat="62.23152" lon="25.73704">
				 <ele>79</ele>
			 </trkpt>
			 <trkpt lat="62.23145" lon="25.73682">
				 <ele>79</ele>
			 </trkpt>
			 <trkpt lat="62.23125" lon="25.73645">
				 <ele>79</ele>
			 </trkpt>
			 <trkpt lat="62.23092" lon="25.7358">
				 <ele>79</ele>
			 </trkpt>
			 <trkpt lat="62.23061" lon="25.73522">
				 <ele>79</ele>
			 </trkpt>
			 <trkpt lat="62.2304" lon="25.73573">
				 <ele>79</ele>
			 </trkpt>
			 <trkpt lat="62.22988" lon="25.73692">
				 <ele>79</ele>
			 </trkpt>
			 <trkpt lat="62.22963" lon="25.73749">
				 <ele>79</ele>
			 </trkpt>
			 <trkpt lat="62.22963" lon="25.7375">
				 <ele>79</ele>
			 </trkpt>
			 <trkpt lat="62.2294" lon="25.73803">
				 <ele>79</ele>
			 </trkpt>
			 <trkpt lat="62.22927" lon="25.73835">
				 <ele>79</ele>
			 </trkpt>
			 <trkpt lat="62.2292" lon="25.7385">
				 <ele>79</ele>
			 </trkpt>
			 <trkpt lat="62.22923" lon="25.73857">
				 <ele>79</ele>
			 </trkpt>
			 <trkpt lat="62.22935" lon="25.7388">
				 <ele>79</ele>
			 </trkpt>
			 <trkpt lat="62.22942" lon="25.73893">
				 <ele>79</ele>
			 </trkpt>
			 <trkpt lat="62.22959" lon="25.73918">
				 <ele>79.1</ele>
			 </trkpt>
			 <trkpt lat="62.23001" lon="25.73968">
				 <ele>79.2</ele>
			 </trkpt>
			 <trkpt lat="62.23006" lon="25.73975">
				 <ele>79.3</ele>
			 </trkpt>
			 <trkpt lat="62.23016" lon="25.74004">
				 <ele>79.4</ele>
			 </trkpt>
			 <trkpt lat="62.23036" lon="25.74066">
				 <ele>79.5</ele>
			 </trkpt>
			 <trkpt lat="62.23043" lon="25.74095">
				 <ele>79.5</ele>
			 </trkpt>
			 <trkpt lat="62.23048" lon="25.74134">
				 <ele>79.6</ele>
			 </trkpt>
			 <trkpt lat="62.23051" lon="25.74233">
				 <ele>79.7</ele>
			 </trkpt>
			 <trkpt lat="62.23054" lon="25.74277">
				 <ele>79.8</ele>
			 </trkpt>
			 <trkpt lat="62.23063" lon="25.74326">
				 <ele>79.9</ele>
			 </trkpt>
			 <trkpt lat="62.23082" lon="25.74395">
				 <ele>79.9</ele>
			 </trkpt>
			 <trkpt lat="62.23099" lon="25.74461">
				 <ele>79.8</ele>
			 </trkpt>
			 <trkpt lat="62.23115" lon="25.74532">
				 <ele>79.7</ele>
			 </trkpt>
			 <trkpt lat="62.2312" lon="25.74637">
				 <ele>79.6</ele>
			 </trkpt>
			 <trkpt lat="62.2312" lon="25.74669">
				 <ele>79.5</ele>
			 </trkpt>
			 <trkpt lat="62.23113" lon="25.74712">
				 <ele>79.5</ele>
			 </trkpt>
			 <trkpt lat="62.23105" lon="25.74738">
				 <ele>79.5</ele>
			 </trkpt>
			 <trkpt lat="62.231" lon="25.74744">
				 <ele>79.5</ele>
			 </trkpt>
			 <trkpt lat="62.23092" lon="25.74746">
				 <ele>79.5</ele>
			 </trkpt>
			 <trkpt lat="62.23078" lon="25.74748">
				 <ele>79.4</ele>
			 </trkpt>
			 <trkpt lat="62.23069" lon="25.74752">
				 <ele>79.4</ele>
			 </trkpt>
			 <trkpt lat="62.23065" lon="25.74754">
				 <ele>79.5</ele>
			 </trkpt>
			 <trkpt lat="62.23058" lon="25.74761">
				 <ele>79.5</ele>
			 </trkpt>
			 <trkpt lat="62.23023" lon="25.74819">
				 <ele>79.5</ele>
			 </trkpt>
			 <trkpt lat="62.23006" lon="25.74858">
				 <ele>79.5</ele>
			 </trkpt>
			 <trkpt lat="62.23006" lon="25.74858">
				 <ele>79.5</ele>
			 </trkpt>
			 <trkpt lat="62.22992" lon="25.74904">
				 <ele>79.5</ele>
			 </trkpt>
			 <trkpt lat="62.22986" lon="25.74924">
				 <ele>79.5</ele>
			 </trkpt>
			 <trkpt lat="62.22967" lon="25.7495">
				 <ele>79.4</ele>
			 </trkpt>
			 <trkpt lat="62.22935" lon="25.74998">
				 <ele>79.4</ele>
			 </trkpt>
			 <trkpt lat="62.22927" lon="25.75012">
				 <ele>79.5</ele>
			 </trkpt>
			 <trkpt lat="62.22924" lon="25.75025">
				 <ele>79.5</ele>
			 </trkpt>
			 <trkpt lat="62.22919" lon="25.75049">
				 <ele>79.5</ele>
			 </trkpt>
			 <trkpt lat="62.22906" lon="25.7513">
				 <ele>79.4</ele>
			 </trkpt>
			 <trkpt lat="62.22902" lon="25.75204">
				 <ele>79.4</ele>
			 </trkpt>
			 <trkpt lat="62.22901" lon="25.75223">
				 <ele>79.4</ele>
			 </trkpt>
			 <trkpt lat="62.22903" lon="25.75251">
				 <ele>79.4</ele>
			 </trkpt>
			 <trkpt lat="62.22907" lon="25.75279">
				 <ele>79.4</ele>
			 </trkpt>
			 <trkpt lat="62.22915" lon="25.75345">
				 <ele>79.4</ele>
			 </trkpt>
			 <trkpt lat="62.22928" lon="25.75411">
				 <ele>79.4</ele>
			 </trkpt>
			 <trkpt lat="62.22938" lon="25.75443">
				 <ele>79.3</ele>
			 </trkpt>
			 <trkpt lat="62.2295" lon="25.7546">
				 <ele>79.2</ele>
			 </trkpt>
			 <trkpt lat="62.22966" lon="25.75474">
				 <ele>79.1</ele>
			 </trkpt>
			 <trkpt lat="62.22983" lon="25.75491">
				 <ele>79</ele>
			 </trkpt>
			 <trkpt lat="62.22993" lon="25.75496">
				 <ele>79</ele>
			 </trkpt>
			 <trkpt lat="62.23008" lon="25.75503">
				 <ele>79</ele>
			 </trkpt>
			 <trkpt lat="62.23015" lon="25.75511">
				 <ele>79</ele>
			 </trkpt>
			 <trkpt lat="62.23043" lon="25.75539">
				 <ele>79.1</ele>
			 </trkpt>
			 <trkpt lat="62.23059" lon="25.75556">
				 <ele>79.2</ele>
			 </trkpt>
			 <trkpt lat="62.23108" lon="25.75607">
				 <ele>79.3</ele>
			 </trkpt>
			 <trkpt lat="62.23134" lon="25.75638">
				 <ele>79.4</ele>
			 </trkpt>
			 <trkpt lat="62.2315" lon="25.75659">
				 <ele>79.5</ele>
			 </trkpt>
			 <trkpt lat="62.23195" lon="25.75708">
				 <ele>79.5</ele>
			 </trkpt>
			 <trkpt lat="62.23206" lon="25.75724">
				 <ele>79.6</ele>
			 </trkpt>
			 <trkpt lat="62.23219" lon="25.75756">
				 <ele>79.8</ele>
			 </trkpt>
			 <trkpt lat="62.23235" lon="25.75835">
				 <ele>80</ele>
			 </trkpt>
			 <trkpt lat="62.23236" lon="25.75871">
				 <ele>80.1</ele>
			 </trkpt>
			 <trkpt lat="62.23231" lon="25.75912">
				 <ele>80.2</ele>
			 </trkpt>
			 <trkpt lat="62.23223" lon="25.75947">
				 <ele>80.2</ele>
			 </trkpt>
			 <trkpt lat="62.23211" lon="25.76017">
				 <ele>80.2</ele>
			 </trkpt>
			 <trkpt lat="62.23211" lon="25.76017">
				 <ele>80.1</ele>
			 </trkpt>
			 <trkpt lat="62.23208" lon="25.76052">
				 <ele>80</ele>
			 </trkpt>
			 <trkpt lat="62.23209" lon="25.761">
				 <ele>79.9</ele>
			 </trkpt>
			 <trkpt lat="62.23219" lon="25.76207">
				 <ele>79.9</ele>
			 </trkpt>
			 <trkpt lat="62.23229" lon="25.76241">
				 <ele>79.9</ele>
			 </trkpt>
			 <trkpt lat="62.23241" lon="25.76297">
				 <ele>79.8</ele>
			 </trkpt>
			 <trkpt lat="62.23256" lon="25.76371">
				 <ele>79.7</ele>
			 </trkpt>
			 <trkpt lat="62.23266" lon="25.76419">
				 <ele>79.6</ele>
			 </trkpt>
			 <trkpt lat="62.23276" lon="25.76473">
				 <ele>79.5</ele>
			 </trkpt>
			 <trkpt lat="62.23291" lon="25.76556">
				 <ele>79.5</ele>
			 </trkpt>
			 <trkpt lat="62.23292" lon="25.76567">
				 <ele>79.4</ele>
			 </trkpt>
			 <trkpt lat="62.23289" lon="25.76576">
				 <ele>79.5</ele>
			 </trkpt>
			 <trkpt lat="62.23284" lon="25.7659">
				 <ele>79.5</ele>
			 </trkpt>
			 <trkpt lat="62.23283" lon="25.76602">
				 <ele>79.6</ele>
			 </trkpt>
			 <trkpt lat="62.23285" lon="25.76623">
				 <ele>79.7</ele>
			 </trkpt>
			 <trkpt lat="62.2329" lon="25.76632">
				 <ele>79.8</ele>
			 </trkpt>
			 <trkpt lat="62.23302" lon="25.76669">
				 <ele>79.9</ele>
			 </trkpt>
			 <trkpt lat="62.23313" lon="25.76724">
				 <ele>80</ele>
			 </trkpt>
			 <trkpt lat="62.23312" lon="25.76748">
				 <ele>80.2</ele>
			 </trkpt>
			 <trkpt lat="62.23313" lon="25.76769">
				 <ele>80.4</ele>
			 </trkpt>
			 <trkpt lat="62.23321" lon="25.7681">
				 <ele>80.5</ele>
			 </trkpt>
			 <trkpt lat="62.23336" lon="25.76887">
				 <ele>80.7</ele>
			 </trkpt>
			 <trkpt lat="62.2333" lon="25.76934">
				 <ele>80.8</ele>
			 </trkpt>
			 <trkpt lat="62.23311" lon="25.77008">
				 <ele>80.9</ele>
			 </trkpt>
			 <trkpt lat="62.23306" lon="25.77026">
				 <ele>81.1</ele>
			 </trkpt>
			 <trkpt lat="62.23296" lon="25.77048">
				 <ele>81.2</ele>
			 </trkpt>
			 <trkpt lat="62.23282" lon="25.77089">
				 <ele>81.2</ele>
			 </trkpt>
			 <trkpt lat="62.23277" lon="25.77103">
				 <ele>81.1</ele>
			 </trkpt>
			 <trkpt lat="62.2327" lon="25.77156">
				 <ele>80.9</ele>
			 </trkpt>
			 <trkpt lat="62.23268" lon="25.77213">
				 <ele>80.7</ele>
			 </trkpt>
			 <trkpt lat="62.23267" lon="25.77293">
				 <ele>80.6</ele>
			 </trkpt>
			 <trkpt lat="62.23263" lon="25.77334">
				 <ele>80.5</ele>
			 </trkpt>
			 <trkpt lat="62.23254" lon="25.77396">
				 <ele>80.5</ele>
			 </trkpt>
			 <trkpt lat="62.23248" lon="25.77418">
				 <ele>80.4</ele>
			 </trkpt>
			 <trkpt lat="62.23237" lon="25.77442">
				 <ele>80.3</ele>
			 </trkpt>
			 <trkpt lat="62.23217" lon="25.77469">
				 <ele>80.1</ele>
			 </trkpt>
			 <trkpt lat="62.23207" lon="25.77489">
				 <ele>79.9</ele>
			 </trkpt>
			 <trkpt lat="62.23196" lon="25.77521">
				 <ele>79.8</ele>
			 </trkpt>
			 <trkpt lat="62.23191" lon="25.77538">
				 <ele>79.9</ele>
			 </trkpt>
			 <trkpt lat="62.23187" lon="25.77566">
				 <ele>80.1</ele>
			 </trkpt>
			 <trkpt lat="62.23188" lon="25.77582">
				 <ele>80.4</ele>
			 </trkpt>
			 <trkpt lat="62.23193" lon="25.77616">
				 <ele>80.6</ele>
			 </trkpt>
			 <trkpt lat="62.23193" lon="25.77638">
				 <ele>80.9</ele>
			 </trkpt>
			 <trkpt lat="62.23189" lon="25.77659">
				 <ele>81.3</ele>
			 </trkpt>
			 <trkpt lat="62.23161" lon="25.77735">
				 <ele>81.6</ele>
			 </trkpt>
			 <trkpt lat="62.23142" lon="25.77797">
				 <ele>82</ele>
			 </trkpt>
			 <trkpt lat="62.23131" lon="25.77864">
				 <ele>82.4</ele>
			 </trkpt>
			 <trkpt lat="62.23122" lon="25.7791">
				 <ele>82.7</ele>
			 </trkpt>
			 <trkpt lat="62.23112" lon="25.77924">
				 <ele>83.1</ele>
			 </trkpt>
			 <trkpt lat="62.23103" lon="25.77933">
				 <ele>83.3</ele>
			 </trkpt>
			 <trkpt lat="62.23095" lon="25.77937">
				 <ele>83.5</ele>
			 </trkpt>
			 <trkpt lat="62.23077" lon="25.77946">
				 <ele>83.5</ele>
			 </trkpt>
			 <trkpt lat="62.23051" lon="25.77959">
				 <ele>83.5</ele>
			 </trkpt>
			 <trkpt lat="62.23024" lon="25.77971">
				 <ele>83.5</ele>
			 </trkpt>
			 <trkpt lat="62.23024" lon="25.77972">
				 <ele>83.3</ele>
			 </trkpt>
			 <trkpt lat="62.23002" lon="25.77977">
				 <ele>83.1</ele>
			 </trkpt>
			 <trkpt lat="62.22989" lon="25.77976">
				 <ele>82.8</ele>
			 </trkpt>
			 <trkpt lat="62.2297" lon="25.77972">
				 <ele>82.5</ele>
			 </trkpt>
			 <trkpt lat="62.22963" lon="25.77972">
				 <ele>82.3</ele>
			 </trkpt>
			 <trkpt lat="62.22958" lon="25.77975">
				 <ele>82</ele>
			 </trkpt>
			 <trkpt lat="62.22953" lon="25.77977">
				 <ele>81.8</ele>
			 </trkpt>
			 <trkpt lat="62.22949" lon="25.77984">
				 <ele>81.6</ele>
			 </trkpt>
			 <trkpt lat="62.22932" lon="25.78013">
				 <ele>81.5</ele>
			 </trkpt>
			 <trkpt lat="62.22918" lon="25.78046">
				 <ele>81.5</ele>
			 </trkpt>
			 <trkpt lat="62.22909" lon="25.78056">
				 <ele>81.5</ele>
			 </trkpt>
			 <trkpt lat="62.22893" lon="25.78066">
				 <ele>81.5</ele>
			 </trkpt>
			 <trkpt lat="62.22887" lon="25.7808">
				 <ele>81.5</ele>
			 </trkpt>
			 <trkpt lat="62.22878" lon="25.78114">
				 <ele>81.5</ele>
			 </trkpt>
			 <trkpt lat="62.22864" lon="25.78199">
				 <ele>81.5</ele>
			 </trkpt>
			 <trkpt lat="62.22863" lon="25.7823">
				 <ele>81.5</ele>
			 </trkpt>
			 <trkpt lat="62.22862" lon="25.78263">
				 <ele>81.5</ele>
			 </trkpt>
			 <trkpt lat="62.22868" lon="25.78328">
				 <ele>81.4</ele>
			 </trkpt>
			 <trkpt lat="62.22881" lon="25.78449">
				 <ele>81.3</ele>
			 </trkpt>
			 <trkpt lat="62.22885" lon="25.78513">
				 <ele>81.1</ele>
			 </trkpt>
			 <trkpt lat="62.22882" lon="25.78574">
				 <ele>80.9</ele>
			 </trkpt>
			 <trkpt lat="62.22879" lon="25.7859">
				 <ele>80.7</ele>
			 </trkpt>
			 <trkpt lat="62.22873" lon="25.78612">
				 <ele>80.5</ele>
			 </trkpt>
			 <trkpt lat="62.22859" lon="25.78655">
				 <ele>80.3</ele>
			 </trkpt>
			 <trkpt lat="62.22855" lon="25.7867">
				 <ele>80.2</ele>
			 </trkpt>
			 <trkpt lat="62.22852" lon="25.78708">
				 <ele>80.1</ele>
			 </trkpt>
			 <trkpt lat="62.22852" lon="25.78761">
				 <ele>80.1</ele>
			 </trkpt>
			 <trkpt lat="62.22852" lon="25.78815">
				 <ele>80.1</ele>
			 </trkpt>
			 <trkpt lat="62.22856" lon="25.78861">
				 <ele>80.2</ele>
			 </trkpt>
			 <trkpt lat="62.22866" lon="25.78899">
				 <ele>80.2</ele>
			 </trkpt>
			 <trkpt lat="62.2288" lon="25.78923">
				 <ele>80.2</ele>
			 </trkpt>
			 <trkpt lat="62.22909" lon="25.78982">
				 <ele>80.2</ele>
			 </trkpt>
			 <trkpt lat="62.22927" lon="25.79022">
				 <ele>80.2</ele>
			 </trkpt>
			 <trkpt lat="62.2293" lon="25.79034">
				 <ele>80.3</ele>
			 </trkpt>
			 <trkpt lat="62.22936" lon="25.7907">
				 <ele>80.3</ele>
			 </trkpt>
			 <trkpt lat="62.22939" lon="25.79101">
				 <ele>80.2</ele>
			 </trkpt>
			 <trkpt lat="62.2294" lon="25.79108">
				 <ele>80.1</ele>
			 </trkpt>
			 <trkpt lat="62.2294" lon="25.79108">
				 <ele>79.9</ele>
			 </trkpt>
			 <trkpt lat="62.2294" lon="25.79124">
				 <ele>79.7</ele>
			 </trkpt>
			 <trkpt lat="62.22954" lon="25.79196">
				 <ele>79.5</ele>
			 </trkpt>
			 <trkpt lat="62.22963" lon="25.79251">
				 <ele>79.5</ele>
			 </trkpt>
			 <trkpt lat="62.22963" lon="25.79293">
				 <ele>79.4</ele>
			 </trkpt>
			 <trkpt lat="62.22965" lon="25.79369">
				 <ele>79.3</ele>
			 </trkpt>
			 <trkpt lat="62.2298" lon="25.79423">
				 <ele>79.2</ele>
			 </trkpt>
			 <trkpt lat="62.22983" lon="25.79473">
				 <ele>79.1</ele>
			 </trkpt>
			 <trkpt lat="62.22984" lon="25.79512">
				 <ele>79</ele>
			 </trkpt>
			 <trkpt lat="62.22982" lon="25.79636">
				 <ele>78.9</ele>
			 </trkpt>
			 <trkpt lat="62.2298" lon="25.79705">
				 <ele>78.8</ele>
			 </trkpt>
			 <trkpt lat="62.22976" lon="25.79797">
				 <ele>78.8</ele>
			 </trkpt>
			 <trkpt lat="62.22968" lon="25.79902">
				 <ele>78.8</ele>
			 </trkpt>
			 <trkpt lat="62.22962" lon="25.79977">
				 <ele>78.9</ele>
			 </trkpt>
			 <trkpt lat="62.22955" lon="25.80036">
				 <ele>79</ele>
			 </trkpt>
			 <trkpt lat="62.22942" lon="25.80116">
				 <ele>79.2</ele>
			 </trkpt>
			 <trkpt lat="62.22935" lon="25.80175">
				 <ele>79.5</ele>
			 </trkpt>
			 <trkpt lat="62.22935" lon="25.80175">
				 <ele>79.6</ele>
			 </trkpt>
			 <trkpt lat="62.22923" lon="25.80297">
				 <ele>79.8</ele>
			 </trkpt>
			 <trkpt lat="62.22918" lon="25.80328">
				 <ele>80</ele>
			 </trkpt>
			 <trkpt lat="62.22912" lon="25.80353">
				 <ele>80.3</ele>
			 </trkpt>
			 <trkpt lat="62.22909" lon="25.80359">
				 <ele>80.6</ele>
			 </trkpt>
			 <trkpt lat="62.22897" lon="25.80367">
				 <ele>80.9</ele>
			 </trkpt>
			 <trkpt lat="62.22894" lon="25.80371">
				 <ele>81.1</ele>
			 </trkpt>
			 <trkpt lat="62.22889" lon="25.80381">
				 <ele>81.2</ele>
			 </trkpt>
			 <trkpt lat="62.22877" lon="25.80422">
				 <ele>81.3</ele>
			 </trkpt>
			 <trkpt lat="62.22904" lon="25.80444">
				 <ele>81.2</ele>
			 </trkpt>
			 <trkpt lat="62.22928" lon="25.80461">
				 <ele>81</ele>
			 </trkpt>
			 <trkpt lat="62.22945" lon="25.80475">
				 <ele>80.9</ele>
			 </trkpt>
			 <trkpt lat="62.22979" lon="25.80502">
				 <ele>80.8</ele>
			 </trkpt>
			 <trkpt lat="62.23017" lon="25.80531">
				 <ele>80.7</ele>
			 </trkpt>
			 <trkpt lat="62.23053" lon="25.80557">
				 <ele>80.6</ele>
			 </trkpt>
			 <trkpt lat="62.23058" lon="25.80544">
				 <ele>80.5</ele>
			 </trkpt>
			 <trkpt lat="62.2306" lon="25.80495">
				 <ele>80.2</ele>
			 </trkpt>
			 <trkpt lat="62.2306" lon="25.8049">
				 <ele>80</ele>
			 </trkpt>
			 <trkpt lat="62.2306" lon="25.8049">
				 <ele>79.8</ele>
			 </trkpt>
			 <trkpt lat="62.23063" lon="25.80477">
				 <ele>79.6</ele>
			 </trkpt>
			 <trkpt lat="62.23072" lon="25.80454">
				 <ele>79.5</ele>
			 </trkpt>
			 <trkpt lat="62.23079" lon="25.80442">
				 <ele>79.5</ele>
			 </trkpt>
			 <trkpt lat="62.23086" lon="25.80437">
				 <ele>79.4</ele>
			 </trkpt>
			 <trkpt lat="62.23092" lon="25.80438">
				 <ele>79.3</ele>
			 </trkpt>
			 <trkpt lat="62.23106" lon="25.80453">
				 <ele>79.2</ele>
			 </trkpt>
			 <trkpt lat="62.23117" lon="25.8047">
				 <ele>79.1</ele>
			 </trkpt>
			 <trkpt lat="62.23124" lon="25.80478">
				 <ele>79</ele>
			 </trkpt>
			 <trkpt lat="62.23132" lon="25.80482">
				 <ele>79</ele>
			 </trkpt>
			 <trkpt lat="62.23147" lon="25.80481">
				 <ele>79</ele>
			 </trkpt>
			 <trkpt lat="62.23158" lon="25.80488">
				 <ele>79</ele>
			 </trkpt>
			 <trkpt lat="62.23167" lon="25.80491">
				 <ele>79</ele>
			 </trkpt>
			 <trkpt lat="62.23193" lon="25.80486">
				 <ele>79</ele>
			 </trkpt>
			 <trkpt lat="62.23227" lon="25.80479">
				 <ele>79</ele>
			 </trkpt>
			 <trkpt lat="62.23291" lon="25.80467">
				 <ele>79</ele>
			 </trkpt>
			 <trkpt lat="62.233" lon="25.8047">
				 <ele>79.1</ele>
			 </trkpt>
			 <trkpt lat="62.23313" lon="25.80468">
				 <ele>79.2</ele>
			 </trkpt>
			 <trkpt lat="62.2332" lon="25.80467">
				 <ele>79.3</ele>
			 </trkpt>
			 <trkpt lat="62.23329" lon="25.80471">
				 <ele>79.3</ele>
			 </trkpt>
			 <trkpt lat="62.23342" lon="25.80487">
				 <ele>79.3</ele>
			 </trkpt>
			 <trkpt lat="62.2336" lon="25.80511">
				 <ele>79.3</ele>
			 </trkpt>
			 <trkpt lat="62.2336" lon="25.80511">
				 <ele>79.3</ele>
			 </trkpt>
			 <trkpt lat="62.23367" lon="25.8052">
				 <ele>79.3</ele>
			 </trkpt>
			 <trkpt lat="62.23374" lon="25.80525">
				 <ele>79.3</ele>
			 </trkpt>
			 <trkpt lat="62.23381" lon="25.80525">
				 <ele>79.3</ele>
			 </trkpt>
			 <trkpt lat="62.23391" lon="25.80521">
				 <ele>79.3</ele>
			 </trkpt>
			 <trkpt lat="62.23415" lon="25.80496">
				 <ele>79.2</ele>
			 </trkpt>
			 <trkpt lat="62.23434" lon="25.80474">
				 <ele>79.1</ele>
			 </trkpt>
			 <trkpt lat="62.23452" lon="25.80462">
				 <ele>79</ele>
			 </trkpt>
			 <trkpt lat="62.23477" lon="25.80446">
				 <ele>79</ele>
			 </trkpt>
			 <trkpt lat="62.23538" lon="25.80421">
				 <ele>79</ele>
			 </trkpt>
			 <trkpt lat="62.23566" lon="25.80404">
				 <ele>79</ele>
			 </trkpt>
			 <trkpt lat="62.23573" lon="25.80405">
				 <ele>79</ele>
			 </trkpt>
			 <trkpt lat="62.23581" lon="25.80413">
				 <ele>79</ele>
			 </trkpt>
			 <trkpt lat="62.23586" lon="25.80423">
				 <ele>79</ele>
			 </trkpt>
			 <trkpt lat="62.23589" lon="25.80441">
				 <ele>79</ele>
			 </trkpt>
			 <trkpt lat="62.23591" lon="25.80483">
				 <ele>79</ele>
			 </trkpt>
			 <trkpt lat="62.23595" lon="25.80504">
				 <ele>79.1</ele>
			 </trkpt>
			 <trkpt lat="62.23603" lon="25.80529">
				 <ele>79.2</ele>
			 </trkpt>
			 <trkpt lat="62.23622" lon="25.80549">
				 <ele>79.3</ele>
			 </trkpt>
			 <trkpt lat="62.23643" lon="25.80557">
				 <ele>79.4</ele>
			 </trkpt>
			 <trkpt lat="62.23643" lon="25.80557">
				 <ele>79.5</ele>
			 </trkpt>
			 <trkpt lat="62.23672" lon="25.80563">
				 <ele>79.5</ele>
			 </trkpt>
			 <trkpt lat="62.23708" lon="25.80573">
				 <ele>79.6</ele>
			 </trkpt>
			 <trkpt lat="62.23709" lon="25.80566">
				 <ele>79.7</ele>
			 </trkpt>
			 <trkpt lat="62.2372" lon="25.8054">
				 <ele>79.8</ele>
			 </trkpt>
			 <trkpt lat="62.23739" lon="25.80506">
				 <ele>79.9</ele>
			 </trkpt>
			 <trkpt lat="62.23758" lon="25.80473">
				 <ele>80</ele>
			 </trkpt>
			 <trkpt lat="62.23778" lon="25.8046">
				 <ele>80</ele>
			 </trkpt>
			 <trkpt lat="62.23792" lon="25.80442">
				 <ele>80</ele>
			 </trkpt>
			 <trkpt lat="62.23821" lon="25.80395">
				 <ele>80</ele>
			 </trkpt>
			 <trkpt lat="62.23849" lon="25.80341">
				 <ele>80</ele>
			 </trkpt>
			 <trkpt lat="62.23883" lon="25.80285">
				 <ele>79.9</ele>
			 </trkpt>
			 <trkpt lat="62.23915" lon="25.8024">
				 <ele>79.8</ele>
			 </trkpt>
			 <trkpt lat="62.2393" lon="25.80213">
				 <ele>79.7</ele>
			 </trkpt>
			 <trkpt lat="62.23946" lon="25.80176">
				 <ele>79.6</ele>
			 </trkpt>
			 <trkpt lat="62.23958" lon="25.80127">
				 <ele>79.5</ele>
			 </trkpt>
			 <trkpt lat="62.23961" lon="25.80118">
				 <ele>79.5</ele>
			 </trkpt>
			 <trkpt lat="62.23972" lon="25.80101">
				 <ele>79.4</ele>
			 </trkpt>
			 <trkpt lat="62.23983" lon="25.80084">
				 <ele>79.3</ele>
			 </trkpt>
			 <trkpt lat="62.23986" lon="25.80074">
				 <ele>79.2</ele>
			 </trkpt>
			 <trkpt lat="62.2399" lon="25.80021">
				 <ele>79.1</ele>
			 </trkpt>
			 <trkpt lat="62.23997" lon="25.79876">
				 <ele>79</ele>
			 </trkpt>
			 <trkpt lat="62.24001" lon="25.79849">
				 <ele>79</ele>
			 </trkpt>
			 <trkpt lat="62.24017" lon="25.79803">
				 <ele>79</ele>
			 </trkpt>
			 <trkpt lat="62.2399" lon="25.79614">
				 <ele>79</ele>
			 </trkpt>
			 <trkpt lat="62.23987" lon="25.79597">
				 <ele>79</ele>
			 </trkpt>
			 <trkpt lat="62.23987" lon="25.79597">
				 <ele>79</ele>
			 </trkpt>
			 <trkpt lat="62.23979" lon="25.79518">
				 <ele>79</ele>
			 </trkpt>
			 <trkpt lat="62.23974" lon="25.79413">
				 <ele>79</ele>
			 </trkpt>
			 <trkpt lat="62.23973" lon="25.79352">
				 <ele>79</ele>
			 </trkpt>
			 <trkpt lat="62.23975" lon="25.79274">
				 <ele>79</ele>
			 </trkpt>
			 <trkpt lat="62.23982" lon="25.79179">
				 <ele>79</ele>
			 </trkpt>
			 <trkpt lat="62.23993" lon="25.79038">
				 <ele>79</ele>
			 </trkpt>
			 <trkpt lat="62.23988" lon="25.7901">
				 <ele>79</ele>
			 </trkpt>
			 <trkpt lat="62.23987" lon="25.78989">
				 <ele>79</ele>
			 </trkpt>
			 <trkpt lat="62.2399" lon="25.78958">
				 <ele>79</ele>
			 </trkpt>
			 <trkpt lat="62.23995" lon="25.78928">
				 <ele>79</ele>
			 </trkpt>
			 <trkpt lat="62.24019" lon="25.7887">
				 <ele>79</ele>
			 </trkpt>
			 <trkpt lat="62.24068" lon="25.78756">
				 <ele>79</ele>
			 </trkpt>
			 <trkpt lat="62.24105" lon="25.7867">
				 <ele>79</ele>
			 </trkpt>
			 <trkpt lat="62.24159" lon="25.78602">
				 <ele>79</ele>
			 </trkpt>
			 <trkpt lat="62.24197" lon="25.78553">
				 <ele>79</ele>
			 </trkpt>
			 <trkpt lat="62.24225" lon="25.78504">
				 <ele>79</ele>
			 </trkpt>
			 <trkpt lat="62.2427" lon="25.78423">
				 <ele>79</ele>
			 </trkpt>
			 <trkpt lat="62.24314" lon="25.78329">
				 <ele>79</ele>
			 </trkpt>
			 <trkpt lat="62.24326" lon="25.7827">
				 <ele>79</ele>
			 </trkpt>
			 <trkpt lat="62.24336" lon="25.78248">
				 <ele>79</ele>
			 </trkpt>
			 <trkpt lat="62.24395" lon="25.78113">
				 <ele>79</ele>
			 </trkpt>
			 <trkpt lat="62.24411" lon="25.78056">
				 <ele>79</ele>
			 </trkpt>
			 <trkpt lat="62.24418" lon="25.78033">
				 <ele>79</ele>
			 </trkpt>
			 <trkpt lat="62.24433" lon="25.78003">
				 <ele>79</ele>
			 </trkpt>
			 <trkpt lat="62.24448" lon="25.77973">
				 <ele>79</ele>
			 </trkpt>
			 <trkpt lat="62.24461" lon="25.77942">
				 <ele>79</ele>
			 </trkpt>
			 <trkpt lat="62.24474" lon="25.779">
				 <ele>79</ele>
			 </trkpt>
			 <trkpt lat="62.24503" lon="25.77805">
				 <ele>79</ele>
			 </trkpt>
			 <trkpt lat="62.24532" lon="25.77707">
				 <ele>79</ele>
			 </trkpt>
			 <trkpt lat="62.24554" lon="25.77633">
				 <ele>79</ele>
			 </trkpt>
			 <trkpt lat="62.24565" lon="25.77584">
				 <ele>79</ele>
			 </trkpt>
			 <trkpt lat="62.24567" lon="25.77557">
				 <ele>79</ele>
			 </trkpt>
			 <trkpt lat="62.24566" lon="25.77523">
				 <ele>79.1</ele>
			 </trkpt>
			 <trkpt lat="62.24564" lon="25.77477">
				 <ele>79.1</ele>
			 </trkpt>
			 <trkpt lat="62.24565" lon="25.7746">
				 <ele>79.1</ele>
			 </trkpt>
			 <trkpt lat="62.24572" lon="25.77433">
				 <ele>79.1</ele>
			 </trkpt>
			 <trkpt lat="62.24582" lon="25.77409">
				 <ele>79.1</ele>
			 </trkpt>
			 <trkpt lat="62.24598" lon="25.7738">
				 <ele>79.1</ele>
			 </trkpt>
			 <trkpt lat="62.24606" lon="25.77358">
				 <ele>79.1</ele>
			 </trkpt>
			 <trkpt lat="62.2461" lon="25.77337">
				 <ele>79.1</ele>
			 </trkpt>
			 <trkpt lat="62.24612" lon="25.77309">
				 <ele>79.1</ele>
			 </trkpt>
			 <trkpt lat="62.24614" lon="25.77212">
				 <ele>79.1</ele>
			 </trkpt>
			 <trkpt lat="62.24606" lon="25.77118">
				 <ele>79.1</ele>
			 </trkpt>
			 <trkpt lat="62.246" lon="25.77082">
				 <ele>79</ele>
			 </trkpt>
			 <trkpt lat="62.24592" lon="25.77048">
				 <ele>79</ele>
			 </trkpt>
			 <trkpt lat="62.24582" lon="25.77016">
				 <ele>79</ele>
			 </trkpt>
			 <trkpt lat="62.24571" lon="25.76987">
				 <ele>79</ele>
			 </trkpt>
			 <trkpt lat="62.24571" lon="25.76987">
				 <ele>79</ele>
			 </trkpt>
			 <trkpt lat="62.24513" lon="25.76837">
				 <ele>79</ele>
			 </trkpt>
			 <trkpt lat="62.24502" lon="25.76789">
				 <ele>79</ele>
			 </trkpt>
			 <trkpt lat="62.24492" lon="25.76733">
				 <ele>79</ele>
			 </trkpt>
			 <trkpt lat="62.24484" lon="25.76656">
				 <ele>79</ele>
			 </trkpt>
			 <trkpt lat="62.24474" lon="25.76542">
				 <ele>79</ele>
			 </trkpt>
			 <trkpt lat="62.24462" lon="25.7645">
				 <ele>79</ele>
			 </trkpt>
			 <trkpt lat="62.24455" lon="25.76399">
				 <ele>79</ele>
			 </trkpt>
			 <trkpt lat="62.24447" lon="25.76368">
				 <ele>79</ele>
			 </trkpt>
			 <trkpt lat="62.24429" lon="25.76288">
				 <ele>79</ele>
			 </trkpt>
			 <trkpt lat="62.24418" lon="25.76243">
				 <ele>79</ele>
			 </trkpt>
			 <trkpt lat="62.24403" lon="25.76238">
				 <ele>79</ele>
			 </trkpt>
			 <trkpt lat="62.24369" lon="25.76212">
				 <ele>79</ele>
			 </trkpt>
			 <trkpt lat="62.24367" lon="25.76212">
				 <ele>79</ele>
			 </trkpt>
			 <trkpt lat="62.24364" lon="25.76213">
				 <ele>79</ele>
			 </trkpt>
			 <trkpt lat="62.24352" lon="25.76195">
				 <ele>79.1</ele>
			 </trkpt>
			 <trkpt lat="62.24336" lon="25.76174">
				 <ele>79.2</ele>
			 </trkpt>
			 <trkpt lat="62.24325" lon="25.76166">
				 <ele>79.3</ele>
			 </trkpt>
			 <trkpt lat="62.24317" lon="25.76165">
				 <ele>79.4</ele>
			 </trkpt>
			 <trkpt lat="62.24305" lon="25.76171">
				 <ele>79.5</ele>
			 </trkpt>
			 <trkpt lat="62.24299" lon="25.76171">
				 <ele>79.5</ele>
			 </trkpt>
			 <trkpt lat="62.24294" lon="25.76159">
				 <ele>79.6</ele>
			 </trkpt>
			 <trkpt lat="62.2429" lon="25.7613">
				 <ele>79.7</ele>
			 </trkpt>
			 <trkpt lat="62.24286" lon="25.7613">
				 <ele>79.8</ele>
			 </trkpt>
			 <trkpt lat="62.24265" lon="25.76097">
				 <ele>79.9</ele>
			 </trkpt>
			 <trkpt lat="62.24262" lon="25.76087">
				 <ele>80.1</ele>
			 </trkpt>
			 <trkpt lat="62.24262" lon="25.76087">
				 <ele>80.2</ele>
			 </trkpt>
			 <trkpt lat="62.24248" lon="25.76045">
				 <ele>80.3</ele>
			 </trkpt>
			 <trkpt lat="62.24215" lon="25.76023">
				 <ele>80.4</ele>
			 </trkpt>
			 <trkpt lat="62.24207" lon="25.76017">
				 <ele>80.5</ele>
			 </trkpt>
			 <trkpt lat="62.242" lon="25.76016">
				 <ele>80.6</ele>
			 </trkpt>
			 <trkpt lat="62.24191" lon="25.76001">
				 <ele>80.9</ele>
			 </trkpt>
			 <trkpt lat="62.24126" lon="25.75973">
				 <ele>81.2</ele>
			 </trkpt>
			 <trkpt lat="62.2412" lon="25.75962">
				 <ele>81.5</ele>
			 </trkpt>
			 <trkpt lat="62.24114" lon="25.75937">
				 <ele>81.9</ele>
			 </trkpt>
			 <trkpt lat="62.24088" lon="25.75824">
				 <ele>82.3</ele>
			 </trkpt>
			 <trkpt lat="62.24088" lon="25.75814">
				 <ele>82.5</ele>
			 </trkpt>
			 <trkpt lat="62.24083" lon="25.75817">
				 <ele>82.7</ele>
			 </trkpt>
			 <trkpt lat="62.24078" lon="25.75814">
				 <ele>82.9</ele>
			 </trkpt>
			 <trkpt lat="62.24072" lon="25.75805">
				 <ele>83</ele>
			 </trkpt>
			 <trkpt lat="62.24047" lon="25.75749">
				 <ele>83.2</ele>
			 </trkpt>
			 <trkpt lat="62.2403" lon="25.75713">
				 <ele>83.3</ele>
			 </trkpt>
			 <trkpt lat="62.24001" lon="25.75675">
				 <ele>83.4</ele>
			 </trkpt>
			 <trkpt lat="62.23993" lon="25.75666">
				 <ele>83.4</ele>
			 </trkpt>
			 <trkpt lat="62.238699" lon="25.754479">
				 <ele>83.3</ele>
			 </trkpt>
			 <trkpt lat="62.23869" lon="25.754477">
				 <ele>81</ele>
			 </trkpt>
			 <trkpt lat="62.23834" lon="25.753297">
				 <ele>80.9</ele>
			 </trkpt>
			 <trkpt lat="62.23834" lon="25.75329">
				 <ele>80.6</ele>
			 </trkpt>
			 <trkpt lat="62.23842" lon="25.75298">
				 <ele>80.4</ele>
			 </trkpt>
			 <trkpt lat="62.23842" lon="25.75285">
				 <ele>80.3</ele>
			 </trkpt>
			 <trkpt lat="62.2383" lon="25.75237">
				 <ele>80.1</ele>
			 </trkpt>
			 <trkpt lat="62.238" lon="25.75143">
				 <ele>79.7</ele>
			 </trkpt>
			 <trkpt lat="62.23767" lon="25.75057">
				 <ele>79.4</ele>
			 </trkpt>
			 <trkpt lat="62.23771" lon="25.7504">
				 <ele>79.1</ele>
			 </trkpt>
			 <trkpt lat="62.23769" lon="25.75025">
				 <ele>78.9</ele>
			 </trkpt>
			 <trkpt lat="62.23758" lon="25.75">
				 <ele>78.6</ele>
			 </trkpt>
			 <trkpt lat="62.23726" lon="25.74933">
				 <ele>78.5</ele>
			 </trkpt>
			 <trkpt lat="62.23725" lon="25.74931">
				 <ele>78.3</ele>
			 </trkpt>
			 <trkpt lat="62.23725" lon="25.74931">
				 <ele>78.2</ele>
			 </trkpt>
			 <trkpt lat="62.23682" lon="25.74844">
				 <ele>78.1</ele>
			 </trkpt>
			 <trkpt lat="62.23665" lon="25.74807">
				 <ele>78</ele>
			 </trkpt>
			 <trkpt lat="62.23656" lon="25.74795">
				 <ele>78</ele>
			 </trkpt>
			 <trkpt lat="62.23646" lon="25.74793">
				 <ele>78</ele>
			 </trkpt>
			 <trkpt lat="62.23636" lon="25.74787">
				 <ele>78</ele>
			 </trkpt>
			 <trkpt lat="62.2363" lon="25.74775">
				 <ele>78</ele>
			 </trkpt>
			 <trkpt lat="62.23603" lon="25.74702">
				 <ele>78</ele>
			 </trkpt>
			 <trkpt lat="62.2359" lon="25.74662">
				 <ele>78</ele>
			 </trkpt>
			 <trkpt lat="62.23573" lon="25.74627">
				 <ele>78</ele>
			 </trkpt>
			 <trkpt lat="62.23539" lon="25.74536">
				 <ele>78</ele>
			 </trkpt>
			 <trkpt lat="62.23525" lon="25.74492">
				 <ele>78</ele>
			 </trkpt>
			 <trkpt lat="62.23519" lon="25.74453">
				 <ele>78</ele>
			 </trkpt>
			 <trkpt lat="62.23518" lon="25.74428">
				 <ele>78</ele>
			 </trkpt>
			 <trkpt lat="62.23518" lon="25.74414">
				 <ele>78</ele>
			 </trkpt>
			 <trkpt lat="62.23514" lon="25.74392">
				 <ele>78</ele>
			 </trkpt>
			 <trkpt lat="62.23499" lon="25.74337">
				 <ele>78.1</ele>
			 </trkpt>
			 <trkpt lat="62.23446" lon="25.74132">
				 <ele>78.2</ele>
			 </trkpt>
			 <trkpt lat="62.2344" lon="25.7412">
				 <ele>78.3</ele>
			 </trkpt>
			 <trkpt lat="62.23436" lon="25.74118">
				 <ele>78.3</ele>
			 </trkpt>
			 <trkpt lat="62.23436" lon="25.74119">
				 <ele>78.3</ele>
			 </trkpt>
			 <trkpt lat="62.23436" lon="25.7412">
				 <ele>78.3</ele>
			 </trkpt>
			 <trkpt lat="62.23435" lon="25.74121">
				 <ele>78.3</ele>
			 </trkpt>
			 <trkpt lat="62.23434" lon="25.74122">
				 <ele>78.3</ele>
			 </trkpt>
			 <trkpt lat="62.23433" lon="25.74123">
				 <ele>78.4</ele>
			 </trkpt>
			 <trkpt lat="62.23431" lon="25.74121">
				 <ele>78.5</ele>
			 </trkpt>
			 <trkpt lat="62.2343" lon="25.7412">
				 <ele>78.5</ele>
			 </trkpt>
			 <trkpt lat="62.23412" lon="25.74129">
				 <ele>78.5</ele>
			 </trkpt>
			 <trkpt lat="62.23385" lon="25.74147">
				 <ele>78.5</ele>
			 </trkpt>
			 <trkpt lat="62.23375" lon="25.74153">
				 <ele>78.5</ele>
			 </trkpt>
			 <trkpt lat="62.23367" lon="25.74153">
				 <ele>78.6</ele>
			 </trkpt>
			 <trkpt lat="62.23359" lon="25.74152">
				 <ele>78.7</ele>
			 </trkpt>
			 <trkpt lat="62.23351" lon="25.74146">
				 <ele>78.8</ele>
			 </trkpt>
			 <trkpt lat="62.23335" lon="25.74117">
				 <ele>78.9</ele>
			 </trkpt>
			 <trkpt lat="62.23284" lon="25.74018">
				 <ele>79</ele>
			 </trkpt>
			 <trkpt lat="62.23274" lon="25.73998">
				 <ele>79</ele>
			 </trkpt>
			 <trkpt lat="62.23274" lon="25.73998">
				 <ele>79</ele>
			 </trkpt>
			 <trkpt lat="62.23255" lon="25.73956">
				 <ele>79</ele>
			 </trkpt>
			 <trkpt lat="62.23252" lon="25.73946">
				 <ele>79</ele>
			 </trkpt>
			 <trkpt lat="62.23252" lon="25.7393">
				 <ele>79</ele>
			 </trkpt>
			 <trkpt lat="62.23256" lon="25.73915">
				 <ele>79</ele>
			 </trkpt>
			 <trkpt lat="62.23247" lon="25.73896">
				 <ele>79</ele>
			 </trkpt>
			 <trkpt lat="62.23203" lon="25.73808">
				 <ele>79</ele>
			 </trkpt>
			 <trkpt lat="62.23169" lon="25.73755">
				 <ele>79</ele>
			 </trkpt>
			 <trkpt lat="62.23152" lon="25.73704">
				 <ele>79</ele>
			 </trkpt>
			 <trkpt lat="62.23145" lon="25.73682">
				 <ele>79</ele>
			 </trkpt>
			 <trkpt lat="62.23125" lon="25.73645">
				 <ele>79</ele>
			 </trkpt>
			 <trkpt lat="62.23092" lon="25.7358">
				 <ele>79</ele>
			 </trkpt>
			 <trkpt lat="62.23061" lon="25.73522">
				 <ele>79</ele>
			 </trkpt>
			 <trkpt lat="62.2304" lon="25.73573">
				 <ele>79</ele>
			 </trkpt>
			 <trkpt lat="62.22988" lon="25.73692">
				 <ele>79</ele>
			 </trkpt>
			 <trkpt lat="62.22963" lon="25.73749">
				 <ele>79</ele>
			 </trkpt>
			 <trkpt lat="62.22963" lon="25.7375">
				 <ele>79</ele>
			 </trkpt>
			 <trkpt lat="62.2294" lon="25.73803">
				 <ele>79</ele>
			 </trkpt>
			 <trkpt lat="62.22927" lon="25.73835">
				 <ele>79</ele>
			 </trkpt>
			 <trkpt lat="62.2292" lon="25.7385">
				 <ele>79</ele>
			 </trkpt>
			 <trkpt lat="62.22923" lon="25.73857">
				 <ele>79</ele>
			 </trkpt>
			 <trkpt lat="62.22935" lon="25.7388">
				 <ele>79</ele>
			 </trkpt>
			 <trkpt lat="62.22942" lon="25.73893">
				 <ele>79</ele>
			 </trkpt>
			 <trkpt lat="62.22959" lon="25.73918">
				 <ele>79.1</ele>
			 </trkpt>
			 <trkpt lat="62.23001" lon="25.73968">
				 <ele>79.2</ele>
			 </trkpt>
			 <trkpt lat="62.23006" lon="25.73975">
				 <ele>79.3</ele>
			 </trkpt>
			 <trkpt lat="62.23016" lon="25.74004">
				 <ele>79.4</ele>
			 </trkpt>
			 <trkpt lat="62.23036" lon="25.74066">
				 <ele>79.5</ele>
			 </trkpt>
			 <trkpt lat="62.23043" lon="25.74095">
				 <ele>79.5</ele>
			 </trkpt>
			 <trkpt lat="62.23048" lon="25.74134">
				 <ele>79.6</ele>
			 </trkpt>
			 <trkpt lat="62.23051" lon="25.74233">
				 <ele>79.7</ele>
			 </trkpt>
			 <trkpt lat="62.23054" lon="25.74277">
				 <ele>79.8</ele>
			 </trkpt>
			 <trkpt lat="62.23063" lon="25.74326">
				 <ele>79.9</ele>
			 </trkpt>
			 <trkpt lat="62.23082" lon="25.74395">
				 <ele>79.9</ele>
			 </trkpt>
			 <trkpt lat="62.23099" lon="25.74461">
				 <ele>79.8</ele>
			 </trkpt>
			 <trkpt lat="62.23115" lon="25.74532">
				 <ele>79.7</ele>
			 </trkpt>
			 <trkpt lat="62.2312" lon="25.74637">
				 <ele>79.6</ele>
			 </trkpt>
			 <trkpt lat="62.2312" lon="25.74669">
				 <ele>79.5</ele>
			 </trkpt>
			 <trkpt lat="62.23113" lon="25.74712">
				 <ele>79.5</ele>
			 </trkpt>
			 <trkpt lat="62.23105" lon="25.74738">
				 <ele>79.5</ele>
			 </trkpt>
			 <trkpt lat="62.231" lon="25.74744">
				 <ele>79.5</ele>
			 </trkpt>
			 <trkpt lat="62.23092" lon="25.74746">
				 <ele>79.5</ele>
			 </trkpt>
			 <trkpt lat="62.23078" lon="25.74748">
				 <ele>79.4</ele>
			 </trkpt>
			 <trkpt lat="62.23069" lon="25.74752">
				 <ele>79.4</ele>
			 </trkpt>
			 <trkpt lat="62.23065" lon="25.74754">
				 <ele>79.5</ele>
			 </trkpt>
			 <trkpt lat="62.23058" lon="25.74761">
				 <ele>79.5</ele>
			 </trkpt>
			 <trkpt lat="62.23023" lon="25.74819">
				 <ele>79.5</ele>
			 </trkpt>
			 <trkpt lat="62.23006" lon="25.74858">
				 <ele>79.5</ele>
			 </trkpt>
			 <trkpt lat="62.23006" lon="25.74858">
				 <ele>79.5</ele>
			 </trkpt>
			 <trkpt lat="62.22992" lon="25.74904">
				 <ele>79.5</ele>
			 </trkpt>
			 <trkpt lat="62.22986" lon="25.74924">
				 <ele>79.5</ele>
			 </trkpt>
			 <trkpt lat="62.22967" lon="25.7495">
				 <ele>79.4</ele>
			 </trkpt>
			 <trkpt lat="62.22935" lon="25.74998">
				 <ele>79.4</ele>
			 </trkpt>
			 <trkpt lat="62.22927" lon="25.75012">
				 <ele>79.5</ele>
			 </trkpt>
			 <trkpt lat="62.22924" lon="25.75025">
				 <ele>79.5</ele>
			 </trkpt>
			 <trkpt lat="62.22919" lon="25.75049">
				 <ele>79.5</ele>
			 </trkpt>
			 <trkpt lat="62.22906" lon="25.7513">
				 <ele>79.4</ele>
			 </trkpt>
			 <trkpt lat="62.22902" lon="25.75204">
				 <ele>79.4</ele>
			 </trkpt>
			 <trkpt lat="62.22901" lon="25.75223">
				 <ele>79.4</ele>
			 </trkpt>
			 <trkpt lat="62.22903" lon="25.75251">
				 <ele>79.4</ele>
			 </trkpt>
			 <trkpt lat="62.22907" lon="25.75279">
				 <ele>79.4</ele>
			 </trkpt>
			 <trkpt lat="62.22915" lon="25.75345">
				 <ele>79.4</ele>
			 </trkpt>
			 <trkpt lat="62.22928" lon="25.75411">
				 <ele>79.4</ele>
			 </trkpt>
			 <trkpt lat="62.22938" lon="25.75443">
				 <ele>79.3</ele>
			 </trkpt>
			 <trkpt lat="62.2295" lon="25.7546">
				 <ele>79.2</ele>
			 </trkpt>
			 <trkpt lat="62.22966" lon="25.75474">
				 <ele>79.1</ele>
			 </trkpt>
			 <trkpt lat="62.22983" lon="25.75491">
				 <ele>79</ele>
			 </trkpt>
			 <trkpt lat="62.22993" lon="25.75496">
				 <ele>79</ele>
			 </trkpt>
			 <trkpt lat="62.23008" lon="25.75503">
				 <ele>79</ele>
			 </trkpt>
			 <trkpt lat="62.23015" lon="25.75511">
				 <ele>79</ele>
			 </trkpt>
			 <trkpt lat="62.23043" lon="25.75539">
				 <ele>79.1</ele>
			 </trkpt>
			 <trkpt lat="62.23059" lon="25.75556">
				 <ele>79.2</ele>
			 </trkpt>
			 <trkpt lat="62.23108" lon="25.75607">
				 <ele>79.3</ele>
			 </trkpt>
			 <trkpt lat="62.23134" lon="25.75638">
				 <ele>79.4</ele>
			 </trkpt>
			 <trkpt lat="62.2315" lon="25.75659">
				 <ele>79.5</ele>
			 </trkpt>
			 <trkpt lat="62.23195" lon="25.75708">
				 <ele>79.5</ele>
			 </trkpt>
			 <trkpt lat="62.23206" lon="25.75724">
				 <ele>79.6</ele>
			 </trkpt>
			 <trkpt lat="62.23219" lon="25.75756">
				 <ele>79.8</ele>
			 </trkpt>
			 <trkpt lat="62.23235" lon="25.75835">
				 <ele>80</ele>
			 </trkpt>
			 <trkpt lat="62.23236" lon="25.75871">
				 <ele>80.1</ele>
			 </trkpt>
			 <trkpt lat="62.23231" lon="25.75912">
				 <ele>80.2</ele>
			 </trkpt>
			 <trkpt lat="62.23223" lon="25.75947">
				 <ele>80.2</ele>
			 </trkpt>
			 <trkpt lat="62.23211" lon="25.76017">
				 <ele>80.2</ele>
			 </trkpt>
			 <trkpt lat="62.23211" lon="25.76017">
				 <ele>80.1</ele>
			 </trkpt>
			 <trkpt lat="62.23208" lon="25.76052">
				 <ele>80</ele>
			 </trkpt>
			 <trkpt lat="62.23209" lon="25.761">
				 <ele>79.9</ele>
			 </trkpt>
			 <trkpt lat="62.23219" lon="25.76207">
				 <ele>79.9</ele>
			 </trkpt>
			 <trkpt lat="62.23229" lon="25.76241">
				 <ele>79.9</ele>
			 </trkpt>
			 <trkpt lat="62.23241" lon="25.76297">
				 <ele>79.8</ele>
			 </trkpt>
			 <trkpt lat="62.23256" lon="25.76371">
				 <ele>79.7</ele>
			 </trkpt>
			 <trkpt lat="62.23266" lon="25.76419">
				 <ele>79.6</ele>
			 </trkpt>
			 <trkpt lat="62.23276" lon="25.76473">
				 <ele>79.5</ele>
			 </trkpt>
			 <trkpt lat="62.23291" lon="25.76556">
				 <ele>79.5</ele>
			 </trkpt>
			 <trkpt lat="62.23292" lon="25.76567">
				 <ele>79.4</ele>
			 </trkpt>
			 <trkpt lat="62.23289" lon="25.76576">
				 <ele>79.5</ele>
			 </trkpt>
			 <trkpt lat="62.23284" lon="25.7659">
				 <ele>79.5</ele>
			 </trkpt>
			 <trkpt lat="62.23283" lon="25.76602">
				 <ele>79.6</ele>
			 </trkpt>
			 <trkpt lat="62.23285" lon="25.76623">
				 <ele>79.7</ele>
			 </trkpt>
			 <trkpt lat="62.2329" lon="25.76632">
				 <ele>79.8</ele>
			 </trkpt>
			 <trkpt lat="62.23302" lon="25.76669">
				 <ele>79.9</ele>
			 </trkpt>
			 <trkpt lat="62.23313" lon="25.76724">
				 <ele>80</ele>
			 </trkpt>
			 <trkpt lat="62.23312" lon="25.76748">
				 <ele>80.2</ele>
			 </trkpt>
			 <trkpt lat="62.23313" lon="25.76769">
				 <ele>80.4</ele>
			 </trkpt>
			 <trkpt lat="62.23321" lon="25.7681">
				 <ele>80.5</ele>
			 </trkpt>
			 <trkpt lat="62.23336" lon="25.76887">
				 <ele>80.7</ele>
			 </trkpt>
			 <trkpt lat="62.2333" lon="25.76934">
				 <ele>80.8</ele>
			 </trkpt>
			 <trkpt lat="62.23311" lon="25.77008">
				 <ele>80.9</ele>
			 </trkpt>
			 <trkpt lat="62.23306" lon="25.77026">
				 <ele>81.1</ele>
			 </trkpt>
			 <trkpt lat="62.23296" lon="25.77048">
				 <ele>81.2</ele>
			 </trkpt>
			 <trkpt lat="62.23282" lon="25.77089">
				 <ele>81.2</ele>
			 </trkpt>
			 <trkpt lat="62.23277" lon="25.77103">
				 <ele>81.1</ele>
			 </trkpt>
			 <trkpt lat="62.2327" lon="25.77156">
				 <ele>80.9</ele>
			 </trkpt>
			 <trkpt lat="62.23268" lon="25.77213">
				 <ele>80.7</ele>
			 </trkpt>
			 <trkpt lat="62.23267" lon="25.77293">
				 <ele>80.6</ele>
			 </trkpt>
			 <trkpt lat="62.23263" lon="25.77334">
				 <ele>80.5</ele>
			 </trkpt>
			 <trkpt lat="62.23254" lon="25.77396">
				 <ele>80.5</ele>
			 </trkpt>
			 <trkpt lat="62.23248" lon="25.77418">
				 <ele>80.4</ele>
			 </trkpt>
			 <trkpt lat="62.23237" lon="25.77442">
				 <ele>80.3</ele>
			 </trkpt>
			 <trkpt lat="62.23217" lon="25.77469">
				 <ele>80.1</ele>
			 </trkpt>
			 <trkpt lat="62.23207" lon="25.77489">
				 <ele>79.9</ele>
			 </trkpt>
			 <trkpt lat="62.23196" lon="25.77521">
				 <ele>79.8</ele>
			 </trkpt>
			 <trkpt lat="62.23191" lon="25.77538">
				 <ele>79.9</ele>
			 </trkpt>
			 <trkpt lat="62.23187" lon="25.77566">
				 <ele>80.1</ele>
			 </trkpt>
			 <trkpt lat="62.23188" lon="25.77582">
				 <ele>80.4</ele>
			 </trkpt>
			 <trkpt lat="62.23193" lon="25.77616">
				 <ele>80.6</ele>
			 </trkpt>
			 <trkpt lat="62.23193" lon="25.77638">
				 <ele>80.9</ele>
			 </trkpt>
			 <trkpt lat="62.23189" lon="25.77659">
				 <ele>81.3</ele>
			 </trkpt>
			 <trkpt lat="62.23161" lon="25.77735">
				 <ele>81.6</ele>
			 </trkpt>
			 <trkpt lat="62.23142" lon="25.77797">
				 <ele>82</ele>
			 </trkpt>
			 <trkpt lat="62.23131" lon="25.77864">
				 <ele>82.4</ele>
			 </trkpt>
			 <trkpt lat="62.23122" lon="25.7791">
				 <ele>82.7</ele>
			 </trkpt>
			 <trkpt lat="62.23112" lon="25.77924">
				 <ele>83.1</ele>
			 </trkpt>
			 <trkpt lat="62.23103" lon="25.77933">
				 <ele>83.3</ele>
			 </trkpt>
			 <trkpt lat="62.23095" lon="25.77937">
				 <ele>83.5</ele>
			 </trkpt>
			 <trkpt lat="62.23077" lon="25.77946">
				 <ele>83.5</ele>
			 </trkpt>
			 <trkpt lat="62.23051" lon="25.77959">
				 <ele>83.5</ele>
			 </trkpt>
			 <trkpt lat="62.23024" lon="25.77971">
				 <ele>83.5</ele>
			 </trkpt>
			 <trkpt lat="62.23024" lon="25.77972">
				 <ele>83.3</ele>
			 </trkpt>
			 <trkpt lat="62.23002" lon="25.77977">
				 <ele>83.1</ele>
			 </trkpt>
			 <trkpt lat="62.22989" lon="25.77976">
				 <ele>82.8</ele>
			 </trkpt>
			 <trkpt lat="62.2297" lon="25.77972">
				 <ele>82.5</ele>
			 </trkpt>
			 <trkpt lat="62.22963" lon="25.77972">
				 <ele>82.3</ele>
			 </trkpt>
			 <trkpt lat="62.22958" lon="25.77975">
				 <ele>82</ele>
			 </trkpt>
			 <trkpt lat="62.22953" lon="25.77977">
				 <ele>81.8</ele>
			 </trkpt>
			 <trkpt lat="62.22949" lon="25.77984">
				 <ele>81.6</ele>
			 </trkpt>
			 <trkpt lat="62.22932" lon="25.78013">
				 <ele>81.5</ele>
			 </trkpt>
			 <trkpt lat="62.22918" lon="25.78046">
				 <ele>81.5</ele>
			 </trkpt>
			 <trkpt lat="62.22909" lon="25.78056">
				 <ele>81.5</ele>
			 </trkpt>
			 <trkpt lat="62.22893" lon="25.78066">
				 <ele>81.5</ele>
			 </trkpt>
			 <trkpt lat="62.22887" lon="25.7808">
				 <ele>81.5</ele>
			 </trkpt>
			 <trkpt lat="62.22878" lon="25.78114">
				 <ele>81.5</ele>
			 </trkpt>
			 <trkpt lat="62.22864" lon="25.78199">
				 <ele>81.5</ele>
			 </trkpt>
			 <trkpt lat="62.22863" lon="25.7823">
				 <ele>81.5</ele>
			 </trkpt>
			 <trkpt lat="62.22862" lon="25.78263">
				 <ele>81.5</ele>
			 </trkpt>
			 <trkpt lat="62.22868" lon="25.78328">
				 <ele>81.4</ele>
			 </trkpt>
			 <trkpt lat="62.22881" lon="25.78449">
				 <ele>81.3</ele>
			 </trkpt>
			 <trkpt lat="62.22885" lon="25.78513">
				 <ele>81.1</ele>
			 </trkpt>
			 <trkpt lat="62.22882" lon="25.78574">
				 <ele>80.9</ele>
			 </trkpt>
			 <trkpt lat="62.22879" lon="25.7859">
				 <ele>80.7</ele>
			 </trkpt>
			 <trkpt lat="62.22873" lon="25.78612">
				 <ele>80.5</ele>
			 </trkpt>
			 <trkpt lat="62.22859" lon="25.78655">
				 <ele>80.3</ele>
			 </trkpt>
			 <trkpt lat="62.22855" lon="25.7867">
				 <ele>80.2</ele>
			 </trkpt>
			 <trkpt lat="62.22852" lon="25.78708">
				 <ele>80.1</ele>
			 </trkpt>
			 <trkpt lat="62.22852" lon="25.78761">
				 <ele>80.1</ele>
			 </trkpt>
			 <trkpt lat="62.22852" lon="25.78815">
				 <ele>80.1</ele>
			 </trkpt>
			 <trkpt lat="62.22856" lon="25.78861">
				 <ele>80.2</ele>
			 </trkpt>
			 <trkpt lat="62.22866" lon="25.78899">
				 <ele>80.2</ele>
			 </trkpt>
			 <trkpt lat="62.2288" lon="25.78923">
				 <ele>80.2</ele>
			 </trkpt>
			 <trkpt lat="62.22909" lon="25.78982">
				 <ele>80.2</ele>
			 </trkpt>
			 <trkpt lat="62.22927" lon="25.79022">
				 <ele>80.2</ele>
			 </trkpt>
			 <trkpt lat="62.2293" lon="25.79034">
				 <ele>80.3</ele>
			 </trkpt>
			 <trkpt lat="62.22936" lon="25.7907">
				 <ele>80.3</ele>
			 </trkpt>
			 <trkpt lat="62.22939" lon="25.79101">
				 <ele>80.2</ele>
			 </trkpt>
			 <trkpt lat="62.2294" lon="25.79108">
				 <ele>80.1</ele>
			 </trkpt>
			 <trkpt lat="62.2294" lon="25.79108">
				 <ele>79.9</ele>
			 </trkpt>
			 <trkpt lat="62.2294" lon="25.79124">
				 <ele>79.7</ele>
			 </trkpt>
			 <trkpt lat="62.22954" lon="25.79196">
				 <ele>79.5</ele>
			 </trkpt>
			 <trkpt lat="62.22963" lon="25.79251">
				 <ele>79.5</ele>
			 </trkpt>
			 <trkpt lat="62.22963" lon="25.79293">
				 <ele>79.4</ele>
			 </trkpt>
			 <trkpt lat="62.22965" lon="25.79369">
				 <ele>79.3</ele>
			 </trkpt>
			 <trkpt lat="62.2298" lon="25.79423">
				 <ele>79.2</ele>
			 </trkpt>
			 <trkpt lat="62.22983" lon="25.79473">
				 <ele>79.1</ele>
			 </trkpt>
			 <trkpt lat="62.22984" lon="25.79512">
				 <ele>79</ele>
			 </trkpt>
			 <trkpt lat="62.22982" lon="25.79636">
				 <ele>78.9</ele>
			 </trkpt>
			 <trkpt lat="62.2298" lon="25.79705">
				 <ele>78.8</ele>
			 </trkpt>
			 <trkpt lat="62.22976" lon="25.79797">
				 <ele>78.8</ele>
			 </trkpt>
			 <trkpt lat="62.22968" lon="25.79902">
				 <ele>78.8</ele>
			 </trkpt>
			 <trkpt lat="62.22962" lon="25.79977">
				 <ele>78.9</ele>
			 </trkpt>
			 <trkpt lat="62.22955" lon="25.80036">
				 <ele>79</ele>
			 </trkpt>
			 <trkpt lat="62.22942" lon="25.80116">
				 <ele>79.2</ele>
			 </trkpt>
			 <trkpt lat="62.22935" lon="25.80175">
				 <ele>79.5</ele>
			 </trkpt>
			 <trkpt lat="62.22935" lon="25.80175">
				 <ele>79.6</ele>
			 </trkpt>
			 <trkpt lat="62.22923" lon="25.80297">
				 <ele>79.8</ele>
			 </trkpt>
			 <trkpt lat="62.22918" lon="25.80328">
				 <ele>80</ele>
			 </trkpt>
			 <trkpt lat="62.22912" lon="25.80353">
				 <ele>80.3</ele>
			 </trkpt>
			 <trkpt lat="62.22909" lon="25.80359">
				 <ele>80.6</ele>
			 </trkpt>
			 <trkpt lat="62.22897" lon="25.80367">
				 <ele>80.9</ele>
			 </trkpt>
			 <trkpt lat="62.22894" lon="25.80371">
				 <ele>81.1</ele>
			 </trkpt>
			 <trkpt lat="62.22889" lon="25.80381">
				 <ele>81.2</ele>
			 </trkpt>
			 <trkpt lat="62.22877" lon="25.80422">
				 <ele>81.3</ele>
			 </trkpt>
			 <trkpt lat="62.22904" lon="25.80444">
				 <ele>81.2</ele>
			 </trkpt>
			 <trkpt lat="62.22928" lon="25.80461">
				 <ele>81</ele>
			 </trkpt>
			 <trkpt lat="62.22945" lon="25.80475">
				 <ele>80.9</ele>
			 </trkpt>
			 <trkpt lat="62.22979" lon="25.80502">
				 <ele>80.8</ele>
			 </trkpt>
			 <trkpt lat="62.23017" lon="25.80531">
				 <ele>80.7</ele>
			 </trkpt>
			 <trkpt lat="62.23053" lon="25.80557">
				 <ele>80.6</ele>
			 </trkpt>
			 <trkpt lat="62.23058" lon="25.80544">
				 <ele>80.5</ele>
			 </trkpt>
			 <trkpt lat="62.2306" lon="25.80495">
				 <ele>80.2</ele>
			 </trkpt>
			 <trkpt lat="62.2306" lon="25.8049">
				 <ele>80</ele>
			 </trkpt>
			 <trkpt lat="62.2306" lon="25.8049">
				 <ele>79.8</ele>
			 </trkpt>
			 <trkpt lat="62.23063" lon="25.80477">
				 <ele>79.6</ele>
			 </trkpt>
			 <trkpt lat="62.23072" lon="25.80454">
				 <ele>79.5</ele>
			 </trkpt>
			 <trkpt lat="62.23079" lon="25.80442">
				 <ele>79.5</ele>
			 </trkpt>
			 <trkpt lat="62.23086" lon="25.80437">
				 <ele>79.4</ele>
			 </trkpt>
			 <trkpt lat="62.23092" lon="25.80438">
				 <ele>79.3</ele>
			 </trkpt>
			 <trkpt lat="62.23106" lon="25.80453">
				 <ele>79.2</ele>
			 </trkpt>
			 <trkpt lat="62.23117" lon="25.8047">
				 <ele>79.1</ele>
			 </trkpt>
			 <trkpt lat="62.23124" lon="25.80478">
				 <ele>79</ele>
			 </trkpt>
			 <trkpt lat="62.23132" lon="25.80482">
				 <ele>79</ele>
			 </trkpt>
			 <trkpt lat="62.23147" lon="25.80481">
				 <ele>79</ele>
			 </trkpt>
			 <trkpt lat="62.23158" lon="25.80488">
				 <ele>79</ele>
			 </trkpt>
			 <trkpt lat="62.23167" lon="25.80491">
				 <ele>79</ele>
			 </trkpt>
			 <trkpt lat="62.23193" lon="25.80486">
				 <ele>79</ele>
			 </trkpt>
			 <trkpt lat="62.23227" lon="25.80479">
				 <ele>79</ele>
			 </trkpt>
			 <trkpt lat="62.23291" lon="25.80467">
				 <ele>79</ele>
			 </trkpt>
			 <trkpt lat="62.233" lon="25.8047">
				 <ele>79.1</ele>
			 </trkpt>
			 <trkpt lat="62.23313" lon="25.80468">
				 <ele>79.2</ele>
			 </trkpt>
			 <trkpt lat="62.2332" lon="25.80467">
				 <ele>79.3</ele>
			 </trkpt>
			 <trkpt lat="62.23329" lon="25.80471">
				 <ele>79.3</ele>
			 </trkpt>
			 <trkpt lat="62.23342" lon="25.80487">
				 <ele>79.3</ele>
			 </trkpt>
			 <trkpt lat="62.2336" lon="25.80511">
				 <ele>79.3</ele>
			 </trkpt>
			 <trkpt lat="62.2336" lon="25.80511">
				 <ele>79.3</ele>
			 </trkpt>
			 <trkpt lat="62.23367" lon="25.8052">
				 <ele>79.3</ele>
			 </trkpt>
			 <trkpt lat="62.23374" lon="25.80525">
				 <ele>79.3</ele>
			 </trkpt>
			 <trkpt lat="62.23381" lon="25.80525">
				 <ele>79.3</ele>
			 </trkpt>
			 <trkpt lat="62.23391" lon="25.80521">
				 <ele>79.3</ele>
			 </trkpt>
			 <trkpt lat="62.23415" lon="25.80496">
				 <ele>79.2</ele>
			 </trkpt>
			 <trkpt lat="62.23434" lon="25.80474">
				 <ele>79.1</ele>
			 </trkpt>
			 <trkpt lat="62.23452" lon="25.80462">
				 <ele>79</ele>
			 </trkpt>
			 <trkpt lat="62.23477" lon="25.80446">
				 <ele>79</ele>
			 </trkpt>
			 <trkpt lat="62.23538" lon="25.80421">
				 <ele>79</ele>
			 </trkpt>
			 <trkpt lat="62.23566" lon="25.80404">
				 <ele>79</ele>
			 </trkpt>
			 <trkpt lat="62.23573" lon="25.80405">
				 <ele>79</ele>
			 </trkpt>
			 <trkpt lat="62.23581" lon="25.80413">
				 <ele>79</ele>
			 </trkpt>
			 <trkpt lat="62.23586" lon="25.80423">
				 <ele>79</ele>
			 </trkpt>
			 <trkpt lat="62.23589" lon="25.80441">
				 <ele>79</ele>
			 </trkpt>
			 <trkpt lat="62.23591" lon="25.80483">
				 <ele>79</ele>
			 </trkpt>
			 <trkpt lat="62.23595" lon="25.80504">
				 <ele>79.1</ele>
			 </trkpt>
			 <trkpt lat="62.23603" lon="25.80529">
				 <ele>79.2</ele>
			 </trkpt>
			 <trkpt lat="62.23622" lon="25.80549">
				 <ele>79.3</ele>
			 </trkpt>
			 <trkpt lat="62.23643" lon="25.80557">
				 <ele>79.4</ele>
			 </trkpt>
			 <trkpt lat="62.23643" lon="25.80557">
				 <ele>79.5</ele>
			 </trkpt>
			 <trkpt lat="62.23672" lon="25.80563">
				 <ele>79.5</ele>
			 </trkpt>
			 <trkpt lat="62.23708" lon="25.80573">
				 <ele>79.6</ele>
			 </trkpt>
			 <trkpt lat="62.23709" lon="25.80566">
				 <ele>79.7</ele>
			 </trkpt>
			 <trkpt lat="62.2372" lon="25.8054">
				 <ele>79.8</ele>
			 </trkpt>
			 <trkpt lat="62.23739" lon="25.80506">
				 <ele>79.9</ele>
			 </trkpt>
			 <trkpt lat="62.23758" lon="25.80473">
				 <ele>80</ele>
			 </trkpt>
			 <trkpt lat="62.23778" lon="25.8046">
				 <ele>80</ele>
			 </trkpt>
			 <trkpt lat="62.23792" lon="25.80442">
				 <ele>80</ele>
			 </trkpt>
			 <trkpt lat="62.23821" lon="25.80395">
				 <ele>80</ele>
			 </trkpt>
			 <trkpt lat="62.23849" lon="25.80341">
				 <ele>80</ele>
			 </trkpt>
			 <trkpt lat="62.23883" lon="25.80285">
				 <ele>79.9</ele>
			 </trkpt>
			 <trkpt lat="62.23915" lon="25.8024">
				 <ele>79.8</ele>
			 </trkpt>
			 <trkpt lat="62.2393" lon="25.80213">
				 <ele>79.7</ele>
			 </trkpt>
			 <trkpt lat="62.23946" lon="25.80176">
				 <ele>79.6</ele>
			 </trkpt>
			 <trkpt lat="62.23958" lon="25.80127">
				 <ele>79.5</ele>
			 </trkpt>
			 <trkpt lat="62.23961" lon="25.80118">
				 <ele>79.5</ele>
			 </trkpt>
			 <trkpt lat="62.23972" lon="25.80101">
				 <ele>79.4</ele>
			 </trkpt>
			 <trkpt lat="62.23983" lon="25.80084">
				 <ele>79.3</ele>
			 </trkpt>
			 <trkpt lat="62.23986" lon="25.80074">
				 <ele>79.2</ele>
			 </trkpt>
			 <trkpt lat="62.2399" lon="25.80021">
				 <ele>79.1</ele>
			 </trkpt>
			 <trkpt lat="62.23997" lon="25.79876">
				 <ele>79</ele>
			 </trkpt>
			 <trkpt lat="62.24001" lon="25.79849">
				 <ele>79</ele>
			 </trkpt>
			 <trkpt lat="62.24017" lon="25.79803">
				 <ele>79</ele>
			 </trkpt>
			 <trkpt lat="62.2399" lon="25.79614">
				 <ele>79</ele>
			 </trkpt>
			 <trkpt lat="62.23987" lon="25.79597">
				 <ele>79</ele>
			 </trkpt>
			 <trkpt lat="62.23987" lon="25.79597">
				 <ele>79</ele>
			 </trkpt>
			 <trkpt lat="62.23979" lon="25.79518">
				 <ele>79</ele>
			 </trkpt>
			 <trkpt lat="62.23974" lon="25.79413">
				 <ele>79</ele>
			 </trkpt>
			 <trkpt lat="62.23973" lon="25.79352">
				 <ele>79</ele>
			 </trkpt>
			 <trkpt lat="62.23975" lon="25.79274">
				 <ele>79</ele>
			 </trkpt>
			 <trkpt lat="62.23982" lon="25.79179">
				 <ele>79</ele>
			 </trkpt>
			 <trkpt lat="62.23993" lon="25.79038">
				 <ele>79</ele>
			 </trkpt>
			 <trkpt lat="62.23988" lon="25.7901">
				 <ele>79</ele>
			 </trkpt>
			 <trkpt lat="62.23987" lon="25.78989">
				 <ele>79</ele>
			 </trkpt>
			 <trkpt lat="62.2399" lon="25.78958">
				 <ele>79</ele>
			 </trkpt>
			 <trkpt lat="62.23995" lon="25.78928">
				 <ele>79</ele>
			 </trkpt>
			 <trkpt lat="62.24019" lon="25.7887">
				 <ele>79</ele>
			 </trkpt>
			 <trkpt lat="62.24068" lon="25.78756">
				 <ele>79</ele>
			 </trkpt>
			 <trkpt lat="62.24105" lon="25.7867">
				 <ele>79</ele>
			 </trkpt>
			 <trkpt lat="62.24159" lon="25.78602">
				 <ele>79</ele>
			 </trkpt>
			 <trkpt lat="62.24197" lon="25.78553">
				 <ele>79</ele>
			 </trkpt>
			 <trkpt lat="62.24225" lon="25.78504">
				 <ele>79</ele>
			 </trkpt>
			 <trkpt lat="62.2427" lon="25.78423">
				 <ele>79</ele>
			 </trkpt>
			 <trkpt lat="62.24314" lon="25.78329">
				 <ele>79</ele>
			 </trkpt>
			 <trkpt lat="62.24326" lon="25.7827">
				 <ele>79</ele>
			 </trkpt>
			 <trkpt lat="62.24336" lon="25.78248">
				 <ele>79</ele>
			 </trkpt>
			 <trkpt lat="62.24395" lon="25.78113">
				 <ele>79</ele>
			 </trkpt>
			 <trkpt lat="62.24411" lon="25.78056">
				 <ele>79</ele>
			 </trkpt>
			 <trkpt lat="62.24418" lon="25.78033">
				 <ele>79</ele>
			 </trkpt>
			 <trkpt lat="62.24433" lon="25.78003">
				 <ele>79</ele>
			 </trkpt>
			 <trkpt lat="62.24448" lon="25.77973">
				 <ele>79</ele>
			 </trkpt>
			 <trkpt lat="62.24461" lon="25.77942">
				 <ele>79</ele>
			 </trkpt>
			 <trkpt lat="62.24474" lon="25.779">
				 <ele>79</ele>
			 </trkpt>
			 <trkpt lat="62.24503" lon="25.77805">
				 <ele>79</ele>
			 </trkpt>
			 <trkpt lat="62.24532" lon="25.77707">
				 <ele>79</ele>
			 </trkpt>
			 <trkpt lat="62.24554" lon="25.77633">
				 <ele>79</ele>
			 </trkpt>
			 <trkpt lat="62.24565" lon="25.77584">
				 <ele>79</ele>
			 </trkpt>
			 <trkpt lat="62.24567" lon="25.77557">
				 <ele>79</ele>
			 </trkpt>
			 <trkpt lat="62.24566" lon="25.77523">
				 <ele>79.1</ele>
			 </trkpt>
			 <trkpt lat="62.24564" lon="25.77477">
				 <ele>79.1</ele>
			 </trkpt>
			 <trkpt lat="62.24565" lon="25.7746">
				 <ele>79.1</ele>
			 </trkpt>
			 <trkpt lat="62.24572" lon="25.77433">
				 <ele>79.1</ele>
			 </trkpt>
			 <trkpt lat="62.24582" lon="25.77409">
				 <ele>79.1</ele>
			 </trkpt>
			 <trkpt lat="62.24598" lon="25.7738">
				 <ele>79.1</ele>
			 </trkpt>
			 <trkpt lat="62.24606" lon="25.77358">
				 <ele>79.1</ele>
			 </trkpt>
			 <trkpt lat="62.2461" lon="25.77337">
				 <ele>79.1</ele>
			 </trkpt>
			 <trkpt lat="62.24612" lon="25.77309">
				 <ele>79.1</ele>
			 </trkpt>
			 <trkpt lat="62.24614" lon="25.77212">
				 <ele>79.1</ele>
			 </trkpt>
			 <trkpt lat="62.24606" lon="25.77118">
				 <ele>79.1</ele>
			 </trkpt>
			 <trkpt lat="62.246" lon="25.77082">
				 <ele>79</ele>
			 </trkpt>
			 <trkpt lat="62.24592" lon="25.77048">
				 <ele>79</ele>
			 </trkpt>
			 <trkpt lat="62.24582" lon="25.77016">
				 <ele>79</ele>
			 </trkpt>
			 <trkpt lat="62.24571" lon="25.76987">
				 <ele>79</ele>
			 </trkpt>
			 <trkpt lat="62.24571" lon="25.76987">
				 <ele>79</ele>
			 </trkpt>
			 <trkpt lat="62.24513" lon="25.76837">
				 <ele>79</ele>
			 </trkpt>
			 <trkpt lat="62.24502" lon="25.76789">
				 <ele>79</ele>
			 </trkpt>
			 <trkpt lat="62.24492" lon="25.76733">
				 <ele>79</ele>
			 </trkpt>
			 <trkpt lat="62.24484" lon="25.76656">
				 <ele>79</ele>
			 </trkpt>
			 <trkpt lat="62.24474" lon="25.76542">
				 <ele>79</ele>
			 </trkpt>
			 <trkpt lat="62.24462" lon="25.7645">
				 <ele>79</ele>
			 </trkpt>
			 <trkpt lat="62.24455" lon="25.76399">
				 <ele>79</ele>
			 </trkpt>
			 <trkpt lat="62.24447" lon="25.76368">
				 <ele>79</ele>
			 </trkpt>
			 <trkpt lat="62.24429" lon="25.76288">
				 <ele>79</ele>
			 </trkpt>
			 <trkpt lat="62.24418" lon="25.76243">
				 <ele>79</ele>
			 </trkpt>
			 <trkpt lat="62.24403" lon="25.76238">
				 <ele>79</ele>
			 </trkpt>
			 <trkpt lat="62.24369" lon="25.76212">
				 <ele>79</ele>
			 </trkpt>
			 <trkpt lat="62.24367" lon="25.76212">
				 <ele>79</ele>
			 </trkpt>
			 <trkpt lat="62.24364" lon="25.76213">
				 <ele>79</ele>
			 </trkpt>
			 <trkpt lat="62.24352" lon="25.76195">
				 <ele>79.1</ele>
			 </trkpt>
			 <trkpt lat="62.24336" lon="25.76174">
				 <ele>79.2</ele>
			 </trkpt>
			 <trkpt lat="62.24325" lon="25.76166">
				 <ele>79.3</ele>
			 </trkpt>
			 <trkpt lat="62.24317" lon="25.76165">
				 <ele>79.4</ele>
			 </trkpt>
			 <trkpt lat="62.24305" lon="25.76171">
				 <ele>79.5</ele>
			 </trkpt>
			 <trkpt lat="62.24299" lon="25.76171">
				 <ele>79.5</ele>
			 </trkpt>
			 <trkpt lat="62.24294" lon="25.76159">
				 <ele>79.6</ele>
			 </trkpt>
			 <trkpt lat="62.2429" lon="25.7613">
				 <ele>79.7</ele>
			 </trkpt>
			 <trkpt lat="62.24286" lon="25.7613">
				 <ele>79.8</ele>
			 </trkpt>
			 <trkpt lat="62.24265" lon="25.76097">
				 <ele>79.9</ele>
			 </trkpt>
			 <trkpt lat="62.24262" lon="25.76087">
				 <ele>80.1</ele>
			 </trkpt>
			 <trkpt lat="62.24262" lon="25.76087">
				 <ele>80.2</ele>
			 </trkpt>
			 <trkpt lat="62.24248" lon="25.76045">
				 <ele>80.3</ele>
			 </trkpt>
			 <trkpt lat="62.24215" lon="25.76023">
				 <ele>80.4</ele>
			 </trkpt>
			 <trkpt lat="62.24207" lon="25.76017">
				 <ele>80.5</ele>
			 </trkpt>
			 <trkpt lat="62.242" lon="25.76016">
				 <ele>80.6</ele>
			 </trkpt>
			 <trkpt lat="62.24191" lon="25.76001">
				 <ele>80.9</ele>
			 </trkpt>
			 <trkpt lat="62.24126" lon="25.75973">
				 <ele>81.2</ele>
			 </trkpt>
			 <trkpt lat="62.2412" lon="25.75962">
				 <ele>81.5</ele>
			 </trkpt>
			 <trkpt lat="62.24114" lon="25.75937">
				 <ele>81.9</ele>
			 </trkpt>
			 <trkpt lat="62.24088" lon="25.75824">
				 <ele>82.3</ele>
			 </trkpt>
			 <trkpt lat="62.24088" lon="25.75814">
				 <ele>82.5</ele>
			 </trkpt>
			 <trkpt lat="62.24083" lon="25.75817">
				 <ele>82.7</ele>
			 </trkpt>
			 <trkpt lat="62.24078" lon="25.75814">
				 <ele>82.9</ele>
			 </trkpt>
			 <trkpt lat="62.24072" lon="25.75805">
				 <ele>83</ele>
			 </trkpt>
			 <trkpt lat="62.24047" lon="25.75749">
				 <ele>83.2</ele>
			 </trkpt>
			 <trkpt lat="62.2403" lon="25.75713">
				 <ele>83.3</ele>
			 </trkpt>
			 <trkpt lat="62.24001" lon="25.75675">
				 <ele>83.4</ele>
			 </trkpt>
			 <trkpt lat="62.23993" lon="25.75666">
				 <ele>83.4</ele>
			 </trkpt>
			 <trkpt lat="62.238699" lon="25.754479">
				 <ele>83.3</ele>
			 </trkpt>
			 <trkpt lat="62.23869" lon="25.754477">
				 <ele>81</ele>
			 </trkpt>
			 <trkpt lat="62.23834" lon="25.753297">
				 <ele>80.9</ele>
			 </trkpt>
			 <trkpt lat="62.23834" lon="25.75329">
				 <ele>80.6</ele>
			 </trkpt>
			 <trkpt lat="62.23842" lon="25.75298">
				 <ele>80.4</ele>
			 </trkpt>
			 <trkpt lat="62.23842" lon="25.75285">
				 <ele>80.3</ele>
			 </trkpt>
			 <trkpt lat="62.2383" lon="25.75237">
				 <ele>80.1</ele>
			 </trkpt>
			 <trkpt lat="62.238" lon="25.75143">
				 <ele>79.7</ele>
			 </trkpt>
			 <trkpt lat="62.23767" lon="25.75057">
				 <ele>79.4</ele>
			 </trkpt>
			 <trkpt lat="62.23771" lon="25.7504">
				 <ele>79.1</ele>
			 </trkpt>
			 <trkpt lat="62.23769" lon="25.75025">
				 <ele>78.9</ele>
			 </trkpt>
			 <trkpt lat="62.23758" lon="25.75">
				 <ele>78.6</ele>
			 </trkpt>
			 <trkpt lat="62.23726" lon="25.74933">
				 <ele>78.5</ele>
			 </trkpt>
			 <trkpt lat="62.23725" lon="25.74931">
				 <ele>78.3</ele>
			 </trkpt>
			 <trkpt lat="62.23725" lon="25.74931">
				 <ele>78.2</ele>
			 </trkpt>
			 <trkpt lat="62.23682" lon="25.74844">
				 <ele>78.1</ele>
			 </trkpt>
			 <trkpt lat="62.23665" lon="25.74807">
				 <ele>78</ele>
			 </trkpt>
			 <trkpt lat="62.23656" lon="25.74795">
				 <ele>78</ele>
			 </trkpt>
			 <trkpt lat="62.23646" lon="25.74793">
				 <ele>78</ele>
			 </trkpt>
			 <trkpt lat="62.23636" lon="25.74787">
				 <ele>78</ele>
			 </trkpt>
			 <trkpt lat="62.2363" lon="25.74775">
				 <ele>78</ele>
			 </trkpt>
			 <trkpt lat="62.23603" lon="25.74702">
				 <ele>78</ele>
			 </trkpt>
			 <trkpt lat="62.2359" lon="25.74662">
				 <ele>78</ele>
			 </trkpt>
			 <trkpt lat="62.23573" lon="25.74627">
				 <ele>78</ele>
			 </trkpt>
			 <trkpt lat="62.23539" lon="25.74536">
				 <ele>78</ele>
			 </trkpt>
			 <trkpt lat="62.23525" lon="25.74492">
				 <ele>78</ele>
			 </trkpt>
			 <trkpt lat="62.23519" lon="25.74453">
				 <ele>78</ele>
			 </trkpt>
			 <trkpt lat="62.23518" lon="25.74428">
				 <ele>78</ele>
			 </trkpt>
			 <trkpt lat="62.23518" lon="25.74414">
				 <ele>78</ele>
			 </trkpt>
			 <trkpt lat="62.23514" lon="25.74392">
				 <ele>78</ele>
			 </trkpt>
			 <trkpt lat="62.23499" lon="25.74337">
				 <ele>78.1</ele>
			 </trkpt>
			 <trkpt lat="62.23446" lon="25.74132">
				 <ele>78.2</ele>
			 </trkpt>
			 <trkpt lat="62.2344" lon="25.7412">
				 <ele>78.3</ele>
			 </trkpt>
			 <trkpt lat="62.23436" lon="25.74118">
				 <ele>78.3</ele>
			 </trkpt>
			 <trkpt lat="62.23436" lon="25.74119">
				 <ele>78.3</ele>
			 </trkpt>
			 <trkpt lat="62.23436" lon="25.7412">
				 <ele>78.3</ele>
			 </trkpt>
			 <trkpt lat="62.23435" lon="25.74121">
				 <ele>78.3</ele>
			 </trkpt>
			 <trkpt lat="62.23434" lon="25.74122">
				 <ele>78.3</ele>
			 </trkpt>
			 <trkpt lat="62.23433" lon="25.74123">
				 <ele>78.4</ele>
			 </trkpt>
			 <trkpt lat="62.23431" lon="25.74121">
				 <ele>78.5</ele>
			 </trkpt>
			 <trkpt lat="62.2343" lon="25.7412">
				 <ele>78.5</ele>
			 </trkpt>
			 <trkpt lat="62.23412" lon="25.74129">
				 <ele>78.5</ele>
			 </trkpt>
			 <trkpt lat="62.23385" lon="25.74147">
				 <ele>78.5</ele>
			 </trkpt>
			 <trkpt lat="62.23375" lon="25.74153">
				 <ele>78.5</ele>
			 </trkpt>
			 <trkpt lat="62.23367" lon="25.74153">
				 <ele>78.6</ele>
			 </trkpt>
			 <trkpt lat="62.23359" lon="25.74152">
				 <ele>78.7</ele>
			 </trkpt>
			 <trkpt lat="62.23351" lon="25.74146">
				 <ele>78.8</ele>
			 </trkpt>
			 <trkpt lat="62.23335" lon="25.74117">
				 <ele>78.9</ele>
			 </trkpt>
			 <trkpt lat="62.23284" lon="25.74018">
				 <ele>79</ele>
			 </trkpt>
			 <trkpt lat="62.23274" lon="25.73998">
				 <ele>79</ele>
			 </trkpt>
			 <trkpt lat="62.23274" lon="25.73998">
				 <ele>79</ele>
			 </trkpt>
			 <trkpt lat="62.23255" lon="25.73956">
				 <ele>79</ele>
			 </trkpt>
			 <trkpt lat="62.23252" lon="25.73946">
				 <ele>79</ele>
			 </trkpt>
			 <trkpt lat="62.23252" lon="25.7393">
				 <ele>79</ele>
			 </trkpt>
			 <trkpt lat="62.23256" lon="25.73915">
				 <ele>79</ele>
			 </trkpt>
			 <trkpt lat="62.23247" lon="25.73896">
				 <ele>79</ele>
			 </trkpt>
			 <trkpt lat="62.23203" lon="25.73808">
				 <ele>79</ele>
			 </trkpt>
			 <trkpt lat="62.23169" lon="25.73755">
				 <ele>79</ele>
			 </trkpt>
			 <trkpt lat="62.23152" lon="25.73704">
				 <ele>79</ele>
			 </trkpt>
			 <trkpt lat="62.23145" lon="25.73682">
				 <ele>79</ele>
			 </trkpt>
			 <trkpt lat="62.23125" lon="25.73645">
				 <ele>79</ele>
			 </trkpt>
			 <trkpt lat="62.23092" lon="25.7358">
				 <ele>79</ele>
			 </trkpt>
			 <trkpt lat="62.23061" lon="25.73522">
				 <ele>79</ele>
			 </trkpt>
			 <trkpt lat="62.2304" lon="25.73573">
				 <ele>79</ele>
			 </trkpt>
			 <trkpt lat="62.22988" lon="25.73692">
				 <ele>79</ele>
			 </trkpt>
			 <trkpt lat="62.22963" lon="25.73749">
				 <ele>79</ele>
			 </trkpt>
			 <trkpt lat="62.22963" lon="25.7375">
				 <ele>79</ele>
			 </trkpt>
			 <trkpt lat="62.2294" lon="25.73803">
				 <ele>79</ele>
			 </trkpt>
			 <trkpt lat="62.22927" lon="25.73835">
				 <ele>79</ele>
			 </trkpt>
			 <trkpt lat="62.2292" lon="25.7385">
				 <ele>79</ele>
			 </trkpt>
			 <trkpt lat="62.22923" lon="25.73857">
				 <ele>79</ele>
			 </trkpt>
			 <trkpt lat="62.22935" lon="25.7388">
				 <ele>79</ele>
			 </trkpt>
			 <trkpt lat="62.22942" lon="25.73893">
				 <ele>79</ele>
			 </trkpt>
			 <trkpt lat="62.22959" lon="25.73918">
				 <ele>79.1</ele>
			 </trkpt>
			 <trkpt lat="62.23001" lon="25.73968">
				 <ele>79.2</ele>
			 </trkpt>
			 <trkpt lat="62.23006" lon="25.73975">
				 <ele>79.3</ele>
			 </trkpt>
			 <trkpt lat="62.23016" lon="25.74004">
				 <ele>79.4</ele>
			 </trkpt>
			 <trkpt lat="62.23036" lon="25.74066">
				 <ele>79.5</ele>
			 </trkpt>
			 <trkpt lat="62.23043" lon="25.74095">
				 <ele>79.5</ele>
			 </trkpt>
			 <trkpt lat="62.23048" lon="25.74134">
				 <ele>79.6</ele>
			 </trkpt>
			 <trkpt lat="62.23051" lon="25.74233">
				 <ele>79.7</ele>
			 </trkpt>
			 <trkpt lat="62.23054" lon="25.74277">
				 <ele>79.8</ele>
			 </trkpt>
			 <trkpt lat="62.23063" lon="25.74326">
				 <ele>79.9</ele>
			 </trkpt>
			 <trkpt lat="62.23082" lon="25.74395">
				 <ele>79.9</ele>
			 </trkpt>
			 <trkpt lat="62.23099" lon="25.74461">
				 <ele>79.8</ele>
			 </trkpt>
			 <trkpt lat="62.23115" lon="25.74532">
				 <ele>79.7</ele>
			 </trkpt>
			 <trkpt lat="62.2312" lon="25.74637">
				 <ele>79.6</ele>
			 </trkpt>
			 <trkpt lat="62.2312" lon="25.74669">
				 <ele>79.5</ele>
			 </trkpt>
			 <trkpt lat="62.23113" lon="25.74712">
				 <ele>79.5</ele>
			 </trkpt>
			 <trkpt lat="62.23105" lon="25.74738">
				 <ele>79.5</ele>
			 </trkpt>
			 <trkpt lat="62.231" lon="25.74744">
				 <ele>79.5</ele>
			 </trkpt>
			 <trkpt lat="62.23092" lon="25.74746">
				 <ele>79.5</ele>
			 </trkpt>
			 <trkpt lat="62.23078" lon="25.74748">
				 <ele>79.4</ele>
			 </trkpt>
			 <trkpt lat="62.23069" lon="25.74752">
				 <ele>79.4</ele>
			 </trkpt>
			 <trkpt lat="62.23065" lon="25.74754">
				 <ele>79.5</ele>
			 </trkpt>
			 <trkpt lat="62.23058" lon="25.74761">
				 <ele>79.5</ele>
			 </trkpt>
			 <trkpt lat="62.23023" lon="25.74819">
				 <ele>79.5</ele>
			 </trkpt>
			 <trkpt lat="62.23006" lon="25.74858">
				 <ele>79.5</ele>
			 </trkpt>
			 <trkpt lat="62.23006" lon="25.74858">
				 <ele>79.5</ele>
			 </trkpt>
			 <trkpt lat="62.22992" lon="25.74904">
				 <ele>79.5</ele>
			 </trkpt>
			 <trkpt lat="62.22986" lon="25.74924">
				 <ele>79.5</ele>
			 </trkpt>
			 <trkpt lat="62.22967" lon="25.7495">
				 <ele>79.4</ele>
			 </trkpt>
			 <trkpt lat="62.22935" lon="25.74998">
				 <ele>79.4</ele>
			 </trkpt>
			 <trkpt lat="62.22927" lon="25.75012">
				 <ele>79.5</ele>
			 </trkpt>
			 <trkpt lat="62.22924" lon="25.75025">
				 <ele>79.5</ele>
			 </trkpt>
			 <trkpt lat="62.22919" lon="25.75049">
				 <ele>79.5</ele>
			 </trkpt>
			 <trkpt lat="62.22906" lon="25.7513">
				 <ele>79.4</ele>
			 </trkpt>
			 <trkpt lat="62.22902" lon="25.75204">
				 <ele>79.4</ele>
			 </trkpt>
			 <trkpt lat="62.22901" lon="25.75223">
				 <ele>79.4</ele>
			 </trkpt>
			 <trkpt lat="62.22903" lon="25.75251">
				 <ele>79.4</ele>
			 </trkpt>
			 <trkpt lat="62.22907" lon="25.75279">
				 <ele>79.4</ele>
			 </trkpt>
			 <trkpt lat="62.22915" lon="25.75345">
				 <ele>79.4</ele>
			 </trkpt>
			 <trkpt lat="62.22928" lon="25.75411">
				 <ele>79.4</ele>
			 </trkpt>
			 <trkpt lat="62.22938" lon="25.75443">
				 <ele>79.3</ele>
			 </trkpt>
			 <trkpt lat="62.2295" lon="25.7546">
				 <ele>79.2</ele>
			 </trkpt>
			 <trkpt lat="62.22966" lon="25.75474">
				 <ele>79.1</ele>
			 </trkpt>
			 <trkpt lat="62.22983" lon="25.75491">
				 <ele>79</ele>
			 </trkpt>
			 <trkpt lat="62.22993" lon="25.75496">
				 <ele>79</ele>
			 </trkpt>
			 <trkpt lat="62.23008" lon="25.75503">
				 <ele>79</ele>
			 </trkpt>
			 <trkpt lat="62.23015" lon="25.75511">
				 <ele>79</ele>
			 </trkpt>
			 <trkpt lat="62.23043" lon="25.75539">
				 <ele>79.1</ele>
			 </trkpt>
			 <trkpt lat="62.23059" lon="25.75556">
				 <ele>79.2</ele>
			 </trkpt>
			 <trkpt lat="62.23108" lon="25.75607">
				 <ele>79.3</ele>
			 </trkpt>
			 <trkpt lat="62.23134" lon="25.75638">
				 <ele>79.4</ele>
			 </trkpt>
			 <trkpt lat="62.2315" lon="25.75659">
				 <ele>79.5</ele>
			 </trkpt>
			 <trkpt lat="62.23195" lon="25.75708">
				 <ele>79.5</ele>
			 </trkpt>
			 <trkpt lat="62.23206" lon="25.75724">
				 <ele>79.6</ele>
			 </trkpt>
			 <trkpt lat="62.23219" lon="25.75756">
				 <ele>79.8</ele>
			 </trkpt>
			 <trkpt lat="62.23235" lon="25.75835">
				 <ele>80</ele>
			 </trkpt>
			 <trkpt lat="62.23236" lon="25.75871">
				 <ele>80.1</ele>
			 </trkpt>
			 <trkpt lat="62.23231" lon="25.75912">
				 <ele>80.2</ele>
			 </trkpt>
			 <trkpt lat="62.23223" lon="25.75947">
				 <ele>80.2</ele>
			 </trkpt>
			 <trkpt lat="62.23211" lon="25.76017">
				 <ele>80.2</ele>
			 </trkpt>
			 <trkpt lat="62.23211" lon="25.76017">
				 <ele>80.1</ele>
			 </trkpt>
			 <trkpt lat="62.23208" lon="25.76052">
				 <ele>80</ele>
			 </trkpt>
			 <trkpt lat="62.23209" lon="25.761">
				 <ele>79.9</ele>
			 </trkpt>
			 <trkpt lat="62.23219" lon="25.76207">
				 <ele>79.9</ele>
			 </trkpt>
			 <trkpt lat="62.23229" lon="25.76241">
				 <ele>79.9</ele>
			 </trkpt>
			 <trkpt lat="62.23241" lon="25.76297">
				 <ele>79.8</ele>
			 </trkpt>
			 <trkpt lat="62.23256" lon="25.76371">
				 <ele>79.7</ele>
			 </trkpt>
			 <trkpt lat="62.23266" lon="25.76419">
				 <ele>79.6</ele>
			 </trkpt>
			 <trkpt lat="62.23276" lon="25.76473">
				 <ele>79.5</ele>
			 </trkpt>
			 <trkpt lat="62.23291" lon="25.76556">
				 <ele>79.5</ele>
			 </trkpt>
			 <trkpt lat="62.23292" lon="25.76567">
				 <ele>79.4</ele>
			 </trkpt>
			 <trkpt lat="62.23289" lon="25.76576">
				 <ele>79.5</ele>
			 </trkpt>
			 <trkpt lat="62.23284" lon="25.7659">
				 <ele>79.5</ele>
			 </trkpt>
			 <trkpt lat="62.23283" lon="25.76602">
				 <ele>79.6</ele>
			 </trkpt>
			 <trkpt lat="62.23285" lon="25.76623">
				 <ele>79.7</ele>
			 </trkpt>
			 <trkpt lat="62.2329" lon="25.76632">
				 <ele>79.8</ele>
			 </trkpt>
			 <trkpt lat="62.23302" lon="25.76669">
				 <ele>79.9</ele>
			 </trkpt>
			 <trkpt lat="62.23313" lon="25.76724">
				 <ele>80</ele>
			 </trkpt>
			 <trkpt lat="62.23312" lon="25.76748">
				 <ele>80.2</ele>
			 </trkpt>
			 <trkpt lat="62.23313" lon="25.76769">
				 <ele>80.4</ele>
			 </trkpt>
			 <trkpt lat="62.23321" lon="25.7681">
				 <ele>80.5</ele>
			 </trkpt>
			 <trkpt lat="62.23336" lon="25.76887">
				 <ele>80.7</ele>
			 </trkpt>
			 <trkpt lat="62.2333" lon="25.76934">
				 <ele>80.8</ele>
			 </trkpt>
			 <trkpt lat="62.23311" lon="25.77008">
				 <ele>80.9</ele>
			 </trkpt>
			 <trkpt lat="62.23306" lon="25.77026">
				 <ele>81.1</ele>
			 </trkpt>
			 <trkpt lat="62.23296" lon="25.77048">
				 <ele>81.2</ele>
			 </trkpt>
			 <trkpt lat="62.23282" lon="25.77089">
				 <ele>81.2</ele>
			 </trkpt>
			 <trkpt lat="62.23277" lon="25.77103">
				 <ele>81.1</ele>
			 </trkpt>
			 <trkpt lat="62.2327" lon="25.77156">
				 <ele>80.9</ele>
			 </trkpt>
			 <trkpt lat="62.23268" lon="25.77213">
				 <ele>80.7</ele>
			 </trkpt>
			 <trkpt lat="62.23267" lon="25.77293">
				 <ele>80.6</ele>
			 </trkpt>
			 <trkpt lat="62.23263" lon="25.77334">
				 <ele>80.5</ele>
			 </trkpt>
			 <trkpt lat="62.23254" lon="25.77396">
				 <ele>80.5</ele>
			 </trkpt>
			 <trkpt lat="62.23248" lon="25.77418">
				 <ele>80.4</ele>
			 </trkpt>
			 <trkpt lat="62.23237" lon="25.77442">
				 <ele>80.3</ele>
			 </trkpt>
			 <trkpt lat="62.23217" lon="25.77469">
				 <ele>80.1</ele>
			 </trkpt>
			 <trkpt lat="62.23207" lon="25.77489">
				 <ele>79.9</ele>
			 </trkpt>
			 <trkpt lat="62.23196" lon="25.77521">
				 <ele>79.8</ele>
			 </trkpt>
			 <trkpt lat="62.23191" lon="25.77538">
				 <ele>79.9</ele>
			 </trkpt>
			 <trkpt lat="62.23187" lon="25.77566">
				 <ele>80.1</ele>
			 </trkpt>
			 <trkpt lat="62.23188" lon="25.77582">
				 <ele>80.4</ele>
			 </trkpt>
			 <trkpt lat="62.23193" lon="25.77616">
				 <ele>80.6</ele>
			 </trkpt>
			 <trkpt lat="62.23193" lon="25.77638">
				 <ele>80.9</ele>
			 </trkpt>
			 <trkpt lat="62.23189" lon="25.77659">
				 <ele>81.3</ele>
			 </trkpt>
			 <trkpt lat="62.23161" lon="25.77735">
				 <ele>81.6</ele>
			 </trkpt>
			 <trkpt lat="62.23142" lon="25.77797">
				 <ele>82</ele>
			 </trkpt>
			 <trkpt lat="62.23131" lon="25.77864">
				 <ele>82.4</ele>
			 </trkpt>
			 <trkpt lat="62.23122" lon="25.7791">
				 <ele>82.7</ele>
			 </trkpt>
			 <trkpt lat="62.23112" lon="25.77924">
				 <ele>83.1</ele>
			 </trkpt>
			 <trkpt lat="62.23103" lon="25.77933">
				 <ele>83.3</ele>
			 </trkpt>
			 <trkpt lat="62.23095" lon="25.77937">
				 <ele>83.5</ele>
			 </trkpt>
			 <trkpt lat="62.23077" lon="25.77946">
				 <ele>83.5</ele>
			 </trkpt>
			 <trkpt lat="62.23051" lon="25.77959">
				 <ele>83.5</ele>
			 </trkpt>
			 <trkpt lat="62.23024" lon="25.77971">
				 <ele>83.5</ele>
			 </trkpt>
			 <trkpt lat="62.23024" lon="25.77972">
				 <ele>83.3</ele>
			 </trkpt>
			 <trkpt lat="62.23002" lon="25.77977">
				 <ele>83.1</ele>
			 </trkpt>
			 <trkpt lat="62.22989" lon="25.77976">
				 <ele>82.8</ele>
			 </trkpt>
			 <trkpt lat="62.2297" lon="25.77972">
				 <ele>82.5</ele>
			 </trkpt>
			 <trkpt lat="62.22963" lon="25.77972">
				 <ele>82.3</ele>
			 </trkpt>
			 <trkpt lat="62.22958" lon="25.77975">
				 <ele>82</ele>
			 </trkpt>
			 <trkpt lat="62.22953" lon="25.77977">
				 <ele>81.8</ele>
			 </trkpt>
			 <trkpt lat="62.22949" lon="25.77984">
				 <ele>81.6</ele>
			 </trkpt>
			 <trkpt lat="62.22932" lon="25.78013">
				 <ele>81.5</ele>
			 </trkpt>
			 <trkpt lat="62.22918" lon="25.78046">
				 <ele>81.5</ele>
			 </trkpt>
			 <trkpt lat="62.22909" lon="25.78056">
				 <ele>81.5</ele>
			 </trkpt>
			 <trkpt lat="62.22893" lon="25.78066">
				 <ele>81.5</ele>
			 </trkpt>
			 <trkpt lat="62.22887" lon="25.7808">
				 <ele>81.5</ele>
			 </trkpt>
			 <trkpt lat="62.22878" lon="25.78114">
				 <ele>81.5</ele>
			 </trkpt>
			 <trkpt lat="62.22864" lon="25.78199">
				 <ele>81.5</ele>
			 </trkpt>
			 <trkpt lat="62.22863" lon="25.7823">
				 <ele>81.5</ele>
			 </trkpt>
			 <trkpt lat="62.22862" lon="25.78263">
				 <ele>81.5</ele>
			 </trkpt>
			 <trkpt lat="62.22868" lon="25.78328">
				 <ele>81.4</ele>
			 </trkpt>
			 <trkpt lat="62.22881" lon="25.78449">
				 <ele>81.3</ele>
			 </trkpt>
			 <trkpt lat="62.22885" lon="25.78513">
				 <ele>81.1</ele>
			 </trkpt>
			 <trkpt lat="62.22882" lon="25.78574">
				 <ele>80.9</ele>
			 </trkpt>
			 <trkpt lat="62.22879" lon="25.7859">
				 <ele>80.7</ele>
			 </trkpt>
			 <trkpt lat="62.22873" lon="25.78612">
				 <ele>80.5</ele>
			 </trkpt>
			 <trkpt lat="62.22859" lon="25.78655">
				 <ele>80.3</ele>
			 </trkpt>
			 <trkpt lat="62.22855" lon="25.7867">
				 <ele>80.2</ele>
			 </trkpt>
			 <trkpt lat="62.22852" lon="25.78708">
				 <ele>80.1</ele>
			 </trkpt>
			 <trkpt lat="62.22852" lon="25.78761">
				 <ele>80.1</ele>
			 </trkpt>
			 <trkpt lat="62.22852" lon="25.78815">
				 <ele>80.1</ele>
			 </trkpt>
			 <trkpt lat="62.22856" lon="25.78861">
				 <ele>80.2</ele>
			 </trkpt>
			 <trkpt lat="62.22866" lon="25.78899">
				 <ele>80.2</ele>
			 </trkpt>
			 <trkpt lat="62.2288" lon="25.78923">
				 <ele>80.2</ele>
			 </trkpt>
			 <trkpt lat="62.22909" lon="25.78982">
				 <ele>80.2</ele>
			 </trkpt>
			 <trkpt lat="62.22927" lon="25.79022">
				 <ele>80.2</ele>
			 </trkpt>
			 <trkpt lat="62.2293" lon="25.79034">
				 <ele>80.3</ele>
			 </trkpt>
			 <trkpt lat="62.22936" lon="25.7907">
				 <ele>80.3</ele>
			 </trkpt>
			 <trkpt lat="62.22939" lon="25.79101">
				 <ele>80.2</ele>
			 </trkpt>
			 <trkpt lat="62.2294" lon="25.79108">
				 <ele>80.1</ele>
			 </trkpt>
			 <trkpt lat="62.2294" lon="25.79108">
				 <ele>79.9</ele>
			 </trkpt>
			 <trkpt lat="62.2294" lon="25.79124">
				 <ele>79.7</ele>
			 </trkpt>
			 <trkpt lat="62.22954" lon="25.79196">
				 <ele>79.5</ele>
			 </trkpt>
			 <trkpt lat="62.22963" lon="25.79251">
				 <ele>79.5</ele>
			 </trkpt>
			 <trkpt lat="62.22963" lon="25.79293">
				 <ele>79.4</ele>
			 </trkpt>
			 <trkpt lat="62.22965" lon="25.79369">
				 <ele>79.3</ele>
			 </trkpt>
			 <trkpt lat="62.2298" lon="25.79423">
				 <ele>79.2</ele>
			 </trkpt>
			 <trkpt lat="62.22983" lon="25.79473">
				 <ele>79.1</ele>
			 </trkpt>
			 <trkpt lat="62.22984" lon="25.79512">
				 <ele>79</ele>
			 </trkpt>
			 <trkpt lat="62.22982" lon="25.79636">
				 <ele>78.9</ele>
			 </trkpt>
			 <trkpt lat="62.2298" lon="25.79705">
				 <ele>78.8</ele>
			 </trkpt>
			 <trkpt lat="62.22976" lon="25.79797">
				 <ele>78.8</ele>
			 </trkpt>
			 <trkpt lat="62.22968" lon="25.79902">
				 <ele>78.8</ele>
			 </trkpt>
			 <trkpt lat="62.22962" lon="25.79977">
				 <ele>78.9</ele>
			 </trkpt>
			 <trkpt lat="62.22955" lon="25.80036">
				 <ele>79</ele>
			 </trkpt>
			 <trkpt lat="62.22942" lon="25.80116">
				 <ele>79.2</ele>
			 </trkpt>
			 <trkpt lat="62.22935" lon="25.80175">
				 <ele>79.5</ele>
			 </trkpt>
			 <trkpt lat="62.22935" lon="25.80175">
				 <ele>79.6</ele>
			 </trkpt>
			 <trkpt lat="62.22923" lon="25.80297">
				 <ele>79.8</ele>
			 </trkpt>
			 <trkpt lat="62.22918" lon="25.80328">
				 <ele>80</ele>
			 </trkpt>
			 <trkpt lat="62.22912" lon="25.80353">
				 <ele>80.3</ele>
			 </trkpt>
			 <trkpt lat="62.22909" lon="25.80359">
				 <ele>80.6</ele>
			 </trkpt>
			 <trkpt lat="62.22897" lon="25.80367">
				 <ele>80.9</ele>
			 </trkpt>
			 <trkpt lat="62.22894" lon="25.80371">
				 <ele>81.1</ele>
			 </trkpt>
			 <trkpt lat="62.22889" lon="25.80381">
				 <ele>81.2</ele>
			 </trkpt>
			 <trkpt lat="62.22877" lon="25.80422">
				 <ele>81.3</ele>
			 </trkpt>
			 <trkpt lat="62.22904" lon="25.80444">
				 <ele>81.2</ele>
			 </trkpt>
			 <trkpt lat="62.22928" lon="25.80461">
				 <ele>81</ele>
			 </trkpt>
			 <trkpt lat="62.22945" lon="25.80475">
				 <ele>80.9</ele>
			 </trkpt>
			 <trkpt lat="62.22979" lon="25.80502">
				 <ele>80.8</ele>
			 </trkpt>
			 <trkpt lat="62.23017" lon="25.80531">
				 <ele>80.7</ele>
			 </trkpt>
			 <trkpt lat="62.23053" lon="25.80557">
				 <ele>80.6</ele>
			 </trkpt>
			 <trkpt lat="62.23058" lon="25.80544">
				 <ele>80.5</ele>
			 </trkpt>
			 <trkpt lat="62.2306" lon="25.80495">
				 <ele>80.2</ele>
			 </trkpt>
			 <trkpt lat="62.2306" lon="25.8049">
				 <ele>80</ele>
			 </trkpt>
			 <trkpt lat="62.2306" lon="25.8049">
				 <ele>79.8</ele>
			 </trkpt>
			 <trkpt lat="62.23063" lon="25.80477">
				 <ele>79.6</ele>
			 </trkpt>
			 <trkpt lat="62.23072" lon="25.80454">
				 <ele>79.5</ele>
			 </trkpt>
			 <trkpt lat="62.23079" lon="25.80442">
				 <ele>79.5</ele>
			 </trkpt>
			 <trkpt lat="62.23086" lon="25.80437">
				 <ele>79.4</ele>
			 </trkpt>
			 <trkpt lat="62.23092" lon="25.80438">
				 <ele>79.3</ele>
			 </trkpt>
			 <trkpt lat="62.23106" lon="25.80453">
				 <ele>79.2</ele>
			 </trkpt>
			 <trkpt lat="62.23117" lon="25.8047">
				 <ele>79.1</ele>
			 </trkpt>
			 <trkpt lat="62.23124" lon="25.80478">
				 <ele>79</ele>
			 </trkpt>
			 <trkpt lat="62.23132" lon="25.80482">
				 <ele>79</ele>
			 </trkpt>
			 <trkpt lat="62.23147" lon="25.80481">
				 <ele>79</ele>
			 </trkpt>
			 <trkpt lat="62.23158" lon="25.80488">
				 <ele>79</ele>
			 </trkpt>
			 <trkpt lat="62.23167" lon="25.80491">
				 <ele>79</ele>
			 </trkpt>
			 <trkpt lat="62.23193" lon="25.80486">
				 <ele>79</ele>
			 </trkpt>
			 <trkpt lat="62.23227" lon="25.80479">
				 <ele>79</ele>
			 </trkpt>
			 <trkpt lat="62.23291" lon="25.80467">
				 <ele>79</ele>
			 </trkpt>
			 <trkpt lat="62.233" lon="25.8047">
				 <ele>79.1</ele>
			 </trkpt>
			 <trkpt lat="62.23313" lon="25.80468">
				 <ele>79.2</ele>
			 </trkpt>
			 <trkpt lat="62.2332" lon="25.80467">
				 <ele>79.3</ele>
			 </trkpt>
			 <trkpt lat="62.23329" lon="25.80471">
				 <ele>79.3</ele>
			 </trkpt>
			 <trkpt lat="62.23342" lon="25.80487">
				 <ele>79.3</ele>
			 </trkpt>
			 <trkpt lat="62.2336" lon="25.80511">
				 <ele>79.3</ele>
			 </trkpt>
			 <trkpt lat="62.2336" lon="25.80511">
				 <ele>79.3</ele>
			 </trkpt>
			 <trkpt lat="62.23367" lon="25.8052">
				 <ele>79.3</ele>
			 </trkpt>
			 <trkpt lat="62.23374" lon="25.80525">
				 <ele>79.3</ele>
			 </trkpt>
			 <trkpt lat="62.23381" lon="25.80525">
				 <ele>79.3</ele>
			 </trkpt>
			 <trkpt lat="62.23391" lon="25.80521">
				 <ele>79.3</ele>
			 </trkpt>
			 <trkpt lat="62.23415" lon="25.80496">
				 <ele>79.2</ele>
			 </trkpt>
			 <trkpt lat="62.23434" lon="25.80474">
				 <ele>79.1</ele>
			 </trkpt>
			 <trkpt lat="62.23452" lon="25.80462">
				 <ele>79</ele>
			 </trkpt>
			 <trkpt lat="62.23477" lon="25.80446">
				 <ele>79</ele>
			 </trkpt>
			 <trkpt lat="62.23538" lon="25.80421">
				 <ele>79</ele>
			 </trkpt>
			 <trkpt lat="62.23566" lon="25.80404">
				 <ele>79</ele>
			 </trkpt>
			 <trkpt lat="62.23573" lon="25.80405">
				 <ele>79</ele>
			 </trkpt>
			 <trkpt lat="62.23581" lon="25.80413">
				 <ele>79</ele>
			 </trkpt>
			 <trkpt lat="62.23586" lon="25.80423">
				 <ele>79</ele>
			 </trkpt>
			 <trkpt lat="62.23589" lon="25.80441">
				 <ele>79</ele>
			 </trkpt>
			 <trkpt lat="62.23591" lon="25.80483">
				 <ele>79</ele>
			 </trkpt>
			 <trkpt lat="62.23595" lon="25.80504">
				 <ele>79.1</ele>
			 </trkpt>
			 <trkpt lat="62.23603" lon="25.80529">
				 <ele>79.2</ele>
			 </trkpt>
			 <trkpt lat="62.23622" lon="25.80549">
				 <ele>79.3</ele>
			 </trkpt>
			 <trkpt lat="62.23643" lon="25.80557">
				 <ele>79.4</ele>
			 </trkpt>
			 <trkpt lat="62.23643" lon="25.80557">
				 <ele>79.5</ele>
			 </trkpt>
			 <trkpt lat="62.23672" lon="25.80563">
				 <ele>79.5</ele>
			 </trkpt>
			 <trkpt lat="62.23708" lon="25.80573">
				 <ele>79.6</ele>
			 </trkpt>
			 <trkpt lat="62.23709" lon="25.80566">
				 <ele>79.7</ele>
			 </trkpt>
			 <trkpt lat="62.2372" lon="25.8054">
				 <ele>79.8</ele>
			 </trkpt>
			 <trkpt lat="62.23739" lon="25.80506">
				 <ele>79.9</ele>
			 </trkpt>
			 <trkpt lat="62.23758" lon="25.80473">
				 <ele>80</ele>
			 </trkpt>
			 <trkpt lat="62.23778" lon="25.8046">
				 <ele>80</ele>
			 </trkpt>
			 <trkpt lat="62.23792" lon="25.80442">
				 <ele>80</ele>
			 </trkpt>
			 <trkpt lat="62.23821" lon="25.80395">
				 <ele>80</ele>
			 </trkpt>
			 <trkpt lat="62.23849" lon="25.80341">
				 <ele>80</ele>
			 </trkpt>
			 <trkpt lat="62.23883" lon="25.80285">
				 <ele>79.9</ele>
			 </trkpt>
			 <trkpt lat="62.23915" lon="25.8024">
				 <ele>79.8</ele>
			 </trkpt>
			 <trkpt lat="62.2393" lon="25.80213">
				 <ele>79.7</ele>
			 </trkpt>
			 <trkpt lat="62.23946" lon="25.80176">
				 <ele>79.6</ele>
			 </trkpt>
			 <trkpt lat="62.23958" lon="25.80127">
				 <ele>79.5</ele>
			 </trkpt>
			 <trkpt lat="62.23961" lon="25.80118">
				 <ele>79.5</ele>
			 </trkpt>
			 <trkpt lat="62.23972" lon="25.80101">
				 <ele>79.4</ele>
			 </trkpt>
			 <trkpt lat="62.23983" lon="25.80084">
				 <ele>79.3</ele>
			 </trkpt>
			 <trkpt lat="62.23986" lon="25.80074">
				 <ele>79.2</ele>
			 </trkpt>
			 <trkpt lat="62.2399" lon="25.80021">
				 <ele>79.1</ele>
			 </trkpt>
			 <trkpt lat="62.23997" lon="25.79876">
				 <ele>79</ele>
			 </trkpt>
			 <trkpt lat="62.24001" lon="25.79849">
				 <ele>79</ele>
			 </trkpt>
			 <trkpt lat="62.24017" lon="25.79803">
				 <ele>79</ele>
			 </trkpt>
			 <trkpt lat="62.2399" lon="25.79614">
				 <ele>79</ele>
			 </trkpt>
			 <trkpt lat="62.23987" lon="25.79597">
				 <ele>79</ele>
			 </trkpt>
			 <trkpt lat="62.23987" lon="25.79597">
				 <ele>79</ele>
			 </trkpt>
			 <trkpt lat="62.23979" lon="25.79518">
				 <ele>79</ele>
			 </trkpt>
			 <trkpt lat="62.23974" lon="25.79413">
				 <ele>79</ele>
			 </trkpt>
			 <trkpt lat="62.23973" lon="25.79352">
				 <ele>79</ele>
			 </trkpt>
			 <trkpt lat="62.23975" lon="25.79274">
				 <ele>79</ele>
			 </trkpt>
			 <trkpt lat="62.23982" lon="25.79179">
				 <ele>79</ele>
			 </trkpt>
			 <trkpt lat="62.23993" lon="25.79038">
				 <ele>79</ele>
			 </trkpt>
			 <trkpt lat="62.23988" lon="25.7901">
				 <ele>79</ele>
			 </trkpt>
			 <trkpt lat="62.23987" lon="25.78989">
				 <ele>79</ele>
			 </trkpt>
			 <trkpt lat="62.2399" lon="25.78958">
				 <ele>79</ele>
			 </trkpt>
			 <trkpt lat="62.23995" lon="25.78928">
				 <ele>79</ele>
			 </trkpt>
			 <trkpt lat="62.24019" lon="25.7887">
				 <ele>79</ele>
			 </trkpt>
			 <trkpt lat="62.24068" lon="25.78756">
				 <ele>79</ele>
			 </trkpt>
			 <trkpt lat="62.24105" lon="25.7867">
				 <ele>79</ele>
			 </trkpt>
			 <trkpt lat="62.24159" lon="25.78602">
				 <ele>79</ele>
			 </trkpt>
			 <trkpt lat="62.24197" lon="25.78553">
				 <ele>79</ele>
			 </trkpt>
			 <trkpt lat="62.24225" lon="25.78504">
				 <ele>79</ele>
			 </trkpt>
			 <trkpt lat="62.2427" lon="25.78423">
				 <ele>79</ele>
			 </trkpt>
			 <trkpt lat="62.24314" lon="25.78329">
				 <ele>79</ele>
			 </trkpt>
			 <trkpt lat="62.24326" lon="25.7827">
				 <ele>79</ele>
			 </trkpt>
			 <trkpt lat="62.24336" lon="25.78248">
				 <ele>79</ele>
			 </trkpt>
			 <trkpt lat="62.24395" lon="25.78113">
				 <ele>79</ele>
			 </trkpt>
			 <trkpt lat="62.24411" lon="25.78056">
				 <ele>79</ele>
			 </trkpt>
			 <trkpt lat="62.24418" lon="25.78033">
				 <ele>79</ele>
			 </trkpt>
			 <trkpt lat="62.24433" lon="25.78003">
				 <ele>79</ele>
			 </trkpt>
			 <trkpt lat="62.24448" lon="25.77973">
				 <ele>79</ele>
			 </trkpt>
			 <trkpt lat="62.24461" lon="25.77942">
				 <ele>79</ele>
			 </trkpt>
			 <trkpt lat="62.24474" lon="25.779">
				 <ele>79</ele>
			 </trkpt>
			 <trkpt lat="62.24503" lon="25.77805">
				 <ele>79</ele>
			 </trkpt>
			 <trkpt lat="62.24532" lon="25.77707">
				 <ele>79</ele>
			 </trkpt>
			 <trkpt lat="62.24554" lon="25.77633">
				 <ele>79</ele>
			 </trkpt>
			 <trkpt lat="62.24565" lon="25.77584">
				 <ele>79</ele>
			 </trkpt>
			 <trkpt lat="62.24567" lon="25.77557">
				 <ele>79</ele>
			 </trkpt>
			 <trkpt lat="62.24566" lon="25.77523">
				 <ele>79.1</ele>
			 </trkpt>
			 <trkpt lat="62.24564" lon="25.77477">
				 <ele>79.1</ele>
			 </trkpt>
			 <trkpt lat="62.24565" lon="25.7746">
				 <ele>79.1</ele>
			 </trkpt>
			 <trkpt lat="62.24572" lon="25.77433">
				 <ele>79.1</ele>
			 </trkpt>
			 <trkpt lat="62.24582" lon="25.77409">
				 <ele>79.1</ele>
			 </trkpt>
			 <trkpt lat="62.24598" lon="25.7738">
				 <ele>79.1</ele>
			 </trkpt>
			 <trkpt lat="62.24606" lon="25.77358">
				 <ele>79.1</ele>
			 </trkpt>
			 <trkpt lat="62.2461" lon="25.77337">
				 <ele>79.1</ele>
			 </trkpt>
			 <trkpt lat="62.24612" lon="25.77309">
				 <ele>79.1</ele>
			 </trkpt>
			 <trkpt lat="62.24614" lon="25.77212">
				 <ele>79.1</ele>
			 </trkpt>
			 <trkpt lat="62.24606" lon="25.77118">
				 <ele>79.1</ele>
			 </trkpt>
			 <trkpt lat="62.246" lon="25.77082">
				 <ele>79</ele>
			 </trkpt>
			 <trkpt lat="62.24592" lon="25.77048">
				 <ele>79</ele>
			 </trkpt>
			 <trkpt lat="62.24582" lon="25.77016">
				 <ele>79</ele>
			 </trkpt>
			 <trkpt lat="62.24571" lon="25.76987">
				 <ele>79</ele>
			 </trkpt>
			 <trkpt lat="62.24571" lon="25.76987">
				 <ele>79</ele>
			 </trkpt>
			 <trkpt lat="62.24513" lon="25.76837">
				 <ele>79</ele>
			 </trkpt>
			 <trkpt lat="62.24502" lon="25.76789">
				 <ele>79</ele>
			 </trkpt>
			 <trkpt lat="62.24492" lon="25.76733">
				 <ele>79</ele>
			 </trkpt>
			 <trkpt lat="62.24484" lon="25.76656">
				 <ele>79</ele>
			 </trkpt>
			 <trkpt lat="62.24474" lon="25.76542">
				 <ele>79</ele>
			 </trkpt>
			 <trkpt lat="62.24462" lon="25.7645">
				 <ele>79</ele>
			 </trkpt>
			 <trkpt lat="62.24455" lon="25.76399">
				 <ele>79</ele>
			 </trkpt>
			 <trkpt lat="62.24447" lon="25.76368">
				 <ele>79</ele>
			 </trkpt>
			 <trkpt lat="62.24429" lon="25.76288">
				 <ele>79</ele>
			 </trkpt>
			 <trkpt lat="62.24418" lon="25.76243">
				 <ele>79</ele>
			 </trkpt>
			 <trkpt lat="62.24403" lon="25.76238">
				 <ele>79</ele>
			 </trkpt>
			 <trkpt lat="62.24369" lon="25.76212">
				 <ele>79</ele>
			 </trkpt>
			 <trkpt lat="62.24367" lon="25.76212">
				 <ele>79</ele>
			 </trkpt>
			 <trkpt lat="62.24364" lon="25.76213">
				 <ele>79</ele>
			 </trkpt>
			 <trkpt lat="62.24352" lon="25.76195">
				 <ele>79.1</ele>
			 </trkpt>
			 <trkpt lat="62.24336" lon="25.76174">
				 <ele>79.2</ele>
			 </trkpt>
			 <trkpt lat="62.24325" lon="25.76166">
				 <ele>79.3</ele>
			 </trkpt>
			 <trkpt lat="62.24317" lon="25.76165">
				 <ele>79.4</ele>
			 </trkpt>
			 <trkpt lat="62.24305" lon="25.76171">
				 <ele>79.5</ele>
			 </trkpt>
			 <trkpt lat="62.24299" lon="25.76171">
				 <ele>79.5</ele>
			 </trkpt>
			 <trkpt lat="62.24294" lon="25.76159">
				 <ele>79.6</ele>
			 </trkpt>
			 <trkpt lat="62.2429" lon="25.7613">
				 <ele>79.7</ele>
			 </trkpt>
			 <trkpt lat="62.24286" lon="25.7613">
				 <ele>79.8</ele>
			 </trkpt>
			 <trkpt lat="62.24265" lon="25.76097">
				 <ele>79.9</ele>
			 </trkpt>
			 <trkpt lat="62.24262" lon="25.76087">
				 <ele>80.1</ele>
			 </trkpt>
			 <trkpt lat="62.24262" lon="25.76087">
				 <ele>80.2</ele>
			 </trkpt>
			 <trkpt lat="62.24248" lon="25.76045">
				 <ele>80.3</ele>
			 </trkpt>
			 <trkpt lat="62.24215" lon="25.76023">
				 <ele>80.4</ele>
			 </trkpt>
			 <trkpt lat="62.24207" lon="25.76017">
				 <ele>80.5</ele>
			 </trkpt>
			 <trkpt lat="62.242" lon="25.76016">
				 <ele>80.6</ele>
			 </trkpt>
			 <trkpt lat="62.24191" lon="25.76001">
				 <ele>80.9</ele>
			 </trkpt>
			 <trkpt lat="62.24126" lon="25.75973">
				 <ele>81.2</ele>
			 </trkpt>
			 <trkpt lat="62.2412" lon="25.75962">
				 <ele>81.5</ele>
			 </trkpt>
			 <trkpt lat="62.24114" lon="25.75937">
				 <ele>81.9</ele>
			 </trkpt>
			 <trkpt lat="62.24088" lon="25.75824">
				 <ele>82.3</ele>
			 </trkpt>
			 <trkpt lat="62.24088" lon="25.75814">
				 <ele>82.5</ele>
			 </trkpt>
			 <trkpt lat="62.24083" lon="25.75817">
				 <ele>82.7</ele>
			 </trkpt>
			 <trkpt lat="62.24078" lon="25.75814">
				 <ele>82.9</ele>
			 </trkpt>
			 <trkpt lat="62.24072" lon="25.75805">
				 <ele>83</ele>
			 </trkpt>
			 <trkpt lat="62.24047" lon="25.75749">
				 <ele>83.2</ele>
			 </trkpt>
			 <trkpt lat="62.2403" lon="25.75713">
				 <ele>83.3</ele>
			 </trkpt>
			 <trkpt lat="62.24001" lon="25.75675">
				 <ele>83.4</ele>
			 </trkpt>
			 <trkpt lat="62.23993" lon="25.75666">
				 <ele>83.4</ele>
			 </trkpt>
			 <trkpt lat="62.238699" lon="25.754479">
				 <ele>83.3</ele>
			 </trkpt>
			 <trkpt lat="62.23869" lon="25.754477">
				 <ele>81</ele>
			 </trkpt>
			 <trkpt lat="62.23834" lon="25.753297">
				 <ele>80.9</ele>
			 </trkpt>
			 <trkpt lat="62.23834" lon="25.75329">
				 <ele>80.6</ele>
			 </trkpt>
			 <trkpt lat="62.23842" lon="25.75298">
				 <ele>80.4</ele>
			 </trkpt>
			 <trkpt lat="62.23842" lon="25.75285">
				 <ele>80.3</ele>
			 </trkpt>
			 <trkpt lat="62.2383" lon="25.75237">
				 <ele>80.1</ele>
			 </trkpt>
			 <trkpt lat="62.238" lon="25.75143">
				 <ele>79.7</ele>
			 </trkpt>
			 <trkpt lat="62.23767" lon="25.75057">
				 <ele>79.4</ele>
			 </trkpt>
			 <trkpt lat="62.23771" lon="25.7504">
				 <ele>79.1</ele>
			 </trkpt>
			 <trkpt lat="62.23769" lon="25.75025">
				 <ele>78.9</ele>
			 </trkpt>
			 <trkpt lat="62.23758" lon="25.75">
				 <ele>78.6</ele>
			 </trkpt>
			 <trkpt lat="62.23726" lon="25.74933">
				 <ele>78.5</ele>
			 </trkpt>
			 <trkpt lat="62.23725" lon="25.74931">
				 <ele>78.3</ele>
			 </trkpt>
			 <trkpt lat="62.23725" lon="25.74931">
				 <ele>78.2</ele>
			 </trkpt>
			 <trkpt lat="62.23682" lon="25.74844">
				 <ele>78.1</ele>
			 </trkpt>
			 <trkpt lat="62.23665" lon="25.74807">
				 <ele>78</ele>
			 </trkpt>
			 <trkpt lat="62.23656" lon="25.74795">
				 <ele>78</ele>
			 </trkpt>
			 <trkpt lat="62.23646" lon="25.74793">
				 <ele>78</ele>
			 </trkpt>
			 <trkpt lat="62.23636" lon="25.74787">
				 <ele>78</ele>
			 </trkpt>
			 <trkpt lat="62.2363" lon="25.74775">
				 <ele>78</ele>
			 </trkpt>
			 <trkpt lat="62.23603" lon="25.74702">
				 <ele>78</ele>
			 </trkpt>
			 <trkpt lat="62.2359" lon="25.74662">
				 <ele>78</ele>
			 </trkpt>
			 <trkpt lat="62.23573" lon="25.74627">
				 <ele>78</ele>
			 </trkpt>
			 <trkpt lat="62.23539" lon="25.74536">
				 <ele>78</ele>
			 </trkpt>
			 <trkpt lat="62.23525" lon="25.74492">
				 <ele>78</ele>
			 </trkpt>
			 <trkpt lat="62.23519" lon="25.74453">
				 <ele>78</ele>
			 </trkpt>
			 <trkpt lat="62.23518" lon="25.74428">
				 <ele>78</ele>
			 </trkpt>
			 <trkpt lat="62.23518" lon="25.74414">
				 <ele>78</ele>
			 </trkpt>
			 <trkpt lat="62.23514" lon="25.74392">
				 <ele>78</ele>
			 </trkpt>
			 <trkpt lat="62.23499" lon="25.74337">
				 <ele>78.1</ele>
			 </trkpt>
			 <trkpt lat="62.23446" lon="25.74132">
				 <ele>78.2</ele>
			 </trkpt>
			 <trkpt lat="62.2344" lon="25.7412">
				 <ele>78.3</ele>
			 </trkpt>
			 <trkpt lat="62.23436" lon="25.74118">
				 <ele>78.3</ele>
			 </trkpt>
			 <trkpt lat="62.23436" lon="25.74119">
				 <ele>78.3</ele>
			 </trkpt>
			 <trkpt lat="62.23436" lon="25.7412">
				 <ele>78.3</ele>
			 </trkpt>
			 <trkpt lat="62.23435" lon="25.74121">
				 <ele>78.3</ele>
			 </trkpt>
			 <trkpt lat="62.23434" lon="25.74122">
				 <ele>78.3</ele>
			 </trkpt>
			 <trkpt lat="62.23433" lon="25.74123">
				 <ele>78.4</ele>
			 </trkpt>
			 <trkpt lat="62.23431" lon="25.74121">
				 <ele>78.5</ele>
			 </trkpt>
			 <trkpt lat="62.2343" lon="25.7412">
				 <ele>78.5</ele>
			 </trkpt>
			 <trkpt lat="62.23412" lon="25.74129">
				 <ele>78.5</ele>
			 </trkpt>
			 <trkpt lat="62.23385" lon="25.74147">
				 <ele>78.5</ele>
			 </trkpt>
			 <trkpt lat="62.23375" lon="25.74153">
				 <ele>78.5</ele>
			 </trkpt>
			 <trkpt lat="62.23367" lon="25.74153">
				 <ele>78.6</ele>
			 </trkpt>
			 <trkpt lat="62.23359" lon="25.74152">
				 <ele>78.7</ele>
			 </trkpt>
			 <trkpt lat="62.23351" lon="25.74146">
				 <ele>78.8</ele>
			 </trkpt>
			 <trkpt lat="62.23335" lon="25.74117">
				 <ele>78.9</ele>
			 </trkpt>
			 <trkpt lat="62.23284" lon="25.74018">
				 <ele>79</ele>
			 </trkpt>
			 <trkpt lat="62.23274" lon="25.73998">
				 <ele>79</ele>
			 </trkpt>
			 <trkpt lat="62.23274" lon="25.73998">
				 <ele>79</ele>
			 </trkpt>
			 <trkpt lat="62.23255" lon="25.73956">
				 <ele>79</ele>
			 </trkpt>
			 <trkpt lat="62.23252" lon="25.73946">
				 <ele>79</ele>
			 </trkpt>
			 <trkpt lat="62.23252" lon="25.7393">
				 <ele>79</ele>
			 </trkpt>
			 <trkpt lat="62.23256" lon="25.73915">
				 <ele>79</ele>
			 </trkpt>
			 <trkpt lat="62.23247" lon="25.73896">
				 <ele>79</ele>
			 </trkpt>
			 <trkpt lat="62.23203" lon="25.73808">
				 <ele>79</ele>
			 </trkpt>
			 <trkpt lat="62.23169" lon="25.73755">
				 <ele>79</ele>
			 </trkpt>
			 <trkpt lat="62.23152" lon="25.73704">
				 <ele>79</ele>
			 </trkpt>
			 <trkpt lat="62.23145" lon="25.73682">
				 <ele>79</ele>
			 </trkpt>
			 <trkpt lat="62.23125" lon="25.73645">
				 <ele>79</ele>
			 </trkpt>
			 <trkpt lat="62.23092" lon="25.7358">
				 <ele>79</ele>
			 </trkpt>
			 <trkpt lat="62.23061" lon="25.73522">
				 <ele>79</ele>
			 </trkpt>
			 <trkpt lat="62.2304" lon="25.73573">
				 <ele>79</ele>
			 </trkpt>
			 <trkpt lat="62.22988" lon="25.73692">
				 <ele>79</ele>
			 </trkpt>
			 <trkpt lat="62.22963" lon="25.73749">
				 <ele>79</ele>
			 </trkpt>
			 <trkpt lat="62.22963" lon="25.7375">
				 <ele>79</ele>
			 </trkpt>
			 <trkpt lat="62.2294" lon="25.73803">
				 <ele>79</ele>
			 </trkpt>
			 <trkpt lat="62.22927" lon="25.73835">
				 <ele>79</ele>
			 </trkpt>
			 <trkpt lat="62.2292" lon="25.7385">
				 <ele>79</ele>
			 </trkpt>
			 <trkpt lat="62.22923" lon="25.73857">
				 <ele>79</ele>
			 </trkpt>
			 <trkpt lat="62.22935" lon="25.7388">
				 <ele>79</ele>
			 </trkpt>
			 <trkpt lat="62.22942" lon="25.73893">
				 <ele>79</ele>
			 </trkpt>
			 <trkpt lat="62.22959" lon="25.73918">
				 <ele>79.1</ele>
			 </trkpt>
			 <trkpt lat="62.23001" lon="25.73968">
				 <ele>79.2</ele>
			 </trkpt>
			 <trkpt lat="62.23006" lon="25.73975">
				 <ele>79.3</ele>
			 </trkpt>
			 <trkpt lat="62.23016" lon="25.74004">
				 <ele>79.4</ele>
			 </trkpt>
			 <trkpt lat="62.23036" lon="25.74066">
				 <ele>79.5</ele>
			 </trkpt>
			 <trkpt lat="62.23043" lon="25.74095">
				 <ele>79.5</ele>
			 </trkpt>
			 <trkpt lat="62.23048" lon="25.74134">
				 <ele>79.6</ele>
			 </trkpt>
			 <trkpt lat="62.23051" lon="25.74233">
				 <ele>79.7</ele>
			 </trkpt>
			 <trkpt lat="62.23054" lon="25.74277">
				 <ele>79.8</ele>
			 </trkpt>
			 <trkpt lat="62.23063" lon="25.74326">
				 <ele>79.9</ele>
			 </trkpt>
			 <trkpt lat="62.23082" lon="25.74395">
				 <ele>79.9</ele>
			 </trkpt>
			 <trkpt lat="62.23099" lon="25.74461">
				 <ele>79.8</ele>
			 </trkpt>
			 <trkpt lat="62.23115" lon="25.74532">
				 <ele>79.7</ele>
			 </trkpt>
			 <trkpt lat="62.2312" lon="25.74637">
				 <ele>79.6</ele>
			 </trkpt>
			 <trkpt lat="62.2312" lon="25.74669">
				 <ele>79.5</ele>
			 </trkpt>
			 <trkpt lat="62.23113" lon="25.74712">
				 <ele>79.5</ele>
			 </trkpt>
			 <trkpt lat="62.23105" lon="25.74738">
				 <ele>79.5</ele>
			 </trkpt>
			 <trkpt lat="62.231" lon="25.74744">
				 <ele>79.5</ele>
			 </trkpt>
			 <trkpt lat="62.23092" lon="25.74746">
				 <ele>79.5</ele>
			 </trkpt>
			 <trkpt lat="62.23078" lon="25.74748">
				 <ele>79.4</ele>
			 </trkpt>
			 <trkpt lat="62.23069" lon="25.74752">
				 <ele>79.4</ele>
			 </trkpt>
			 <trkpt lat="62.23065" lon="25.74754">
				 <ele>79.5</ele>
			 </trkpt>
			 <trkpt lat="62.23058" lon="25.74761">
				 <ele>79.5</ele>
			 </trkpt>
			 <trkpt lat="62.23023" lon="25.74819">
				 <ele>79.5</ele>
			 </trkpt>
			 <trkpt lat="62.23006" lon="25.74858">
				 <ele>79.5</ele>
			 </trkpt>
			 <trkpt lat="62.23006" lon="25.74858">
				 <ele>79.5</ele>
			 </trkpt>
			 <trkpt lat="62.22992" lon="25.74904">
				 <ele>79.5</ele>
			 </trkpt>
			 <trkpt lat="62.22986" lon="25.74924">
				 <ele>79.5</ele>
			 </trkpt>
			 <trkpt lat="62.22967" lon="25.7495">
				 <ele>79.4</ele>
			 </trkpt>
			 <trkpt lat="62.22935" lon="25.74998">
				 <ele>79.4</ele>
			 </trkpt>
			 <trkpt lat="62.22927" lon="25.75012">
				 <ele>79.5</ele>
			 </trkpt>
			 <trkpt lat="62.22924" lon="25.75025">
				 <ele>79.5</ele>
			 </trkpt>
			 <trkpt lat="62.22919" lon="25.75049">
				 <ele>79.5</ele>
			 </trkpt>
			 <trkpt lat="62.22906" lon="25.7513">
				 <ele>79.4</ele>
			 </trkpt>
			 <trkpt lat="62.22902" lon="25.75204">
				 <ele>79.4</ele>
			 </trkpt>
			 <trkpt lat="62.22901" lon="25.75223">
				 <ele>79.4</ele>
			 </trkpt>
			 <trkpt lat="62.22903" lon="25.75251">
				 <ele>79.4</ele>
			 </trkpt>
			 <trkpt lat="62.22907" lon="25.75279">
				 <ele>79.4</ele>
			 </trkpt>
			 <trkpt lat="62.22915" lon="25.75345">
				 <ele>79.4</ele>
			 </trkpt>
			 <trkpt lat="62.22928" lon="25.75411">
				 <ele>79.4</ele>
			 </trkpt>
			 <trkpt lat="62.22938" lon="25.75443">
				 <ele>79.3</ele>
			 </trkpt>
			 <trkpt lat="62.2295" lon="25.7546">
				 <ele>79.2</ele>
			 </trkpt>
			 <trkpt lat="62.22966" lon="25.75474">
				 <ele>79.1</ele>
			 </trkpt>
			 <trkpt lat="62.22983" lon="25.75491">
				 <ele>79</ele>
			 </trkpt>
			 <trkpt lat="62.22993" lon="25.75496">
				 <ele>79</ele>
			 </trkpt>
			 <trkpt lat="62.23008" lon="25.75503">
				 <ele>79</ele>
			 </trkpt>
			 <trkpt lat="62.23015" lon="25.75511">
				 <ele>79</ele>
			 </trkpt>
			 <trkpt lat="62.23043" lon="25.75539">
				 <ele>79.1</ele>
			 </trkpt>
			 <trkpt lat="62.23059" lon="25.75556">
				 <ele>79.2</ele>
			 </trkpt>
			 <trkpt lat="62.23108" lon="25.75607">
				 <ele>79.3</ele>
			 </trkpt>
			 <trkpt lat="62.23134" lon="25.75638">
				 <ele>79.4</ele>
			 </trkpt>
			 <trkpt lat="62.2315" lon="25.75659">
				 <ele>79.5</ele>
			 </trkpt>
			 <trkpt lat="62.23195" lon="25.75708">
				 <ele>79.5</ele>
			 </trkpt>
			 <trkpt lat="62.23206" lon="25.75724">
				 <ele>79.6</ele>
			 </trkpt>
			 <trkpt lat="62.23219" lon="25.75756">
				 <ele>79.8</ele>
			 </trkpt>
			 <trkpt lat="62.23235" lon="25.75835">
				 <ele>80</ele>
			 </trkpt>
			 <trkpt lat="62.23236" lon="25.75871">
				 <ele>80.1</ele>
			 </trkpt>
			 <trkpt lat="62.23231" lon="25.75912">
				 <ele>80.2</ele>
			 </trkpt>
			 <trkpt lat="62.23223" lon="25.75947">
				 <ele>80.2</ele>
			 </trkpt>
			 <trkpt lat="62.23211" lon="25.76017">
				 <ele>80.2</ele>
			 </trkpt>
			 <trkpt lat="62.23211" lon="25.76017">
				 <ele>80.1</ele>
			 </trkpt>
			 <trkpt lat="62.23208" lon="25.76052">
				 <ele>80</ele>
			 </trkpt>
			 <trkpt lat="62.23209" lon="25.761">
				 <ele>79.9</ele>
			 </trkpt>
			 <trkpt lat="62.23219" lon="25.76207">
				 <ele>79.9</ele>
			 </trkpt>
			 <trkpt lat="62.23229" lon="25.76241">
				 <ele>79.9</ele>
			 </trkpt>
			 <trkpt lat="62.23241" lon="25.76297">
				 <ele>79.8</ele>
			 </trkpt>
			 <trkpt lat="62.23256" lon="25.76371">
				 <ele>79.7</ele>
			 </trkpt>
			 <trkpt lat="62.23266" lon="25.76419">
				 <ele>79.6</ele>
			 </trkpt>
			 <trkpt lat="62.23276" lon="25.76473">
				 <ele>79.5</ele>
			 </trkpt>
			 <trkpt lat="62.23291" lon="25.76556">
				 <ele>79.5</ele>
			 </trkpt>
			 <trkpt lat="62.23292" lon="25.76567">
				 <ele>79.4</ele>
			 </trkpt>
			 <trkpt lat="62.23289" lon="25.76576">
				 <ele>79.5</ele>
			 </trkpt>
			 <trkpt lat="62.23284" lon="25.7659">
				 <ele>79.5</ele>
			 </trkpt>
			 <trkpt lat="62.23283" lon="25.76602">
				 <ele>79.6</ele>
			 </trkpt>
			 <trkpt lat="62.23285" lon="25.76623">
				 <ele>79.7</ele>
			 </trkpt>
			 <trkpt lat="62.2329" lon="25.76632">
				 <ele>79.8</ele>
			 </trkpt>
			 <trkpt lat="62.23302" lon="25.76669">
				 <ele>79.9</ele>
			 </trkpt>
			 <trkpt lat="62.23313" lon="25.76724">
				 <ele>80</ele>
			 </trkpt>
			 <trkpt lat="62.23312" lon="25.76748">
				 <ele>80.2</ele>
			 </trkpt>
			 <trkpt lat="62.23313" lon="25.76769">
				 <ele>80.4</ele>
			 </trkpt>
			 <trkpt lat="62.23321" lon="25.7681">
				 <ele>80.5</ele>
			 </trkpt>
			 <trkpt lat="62.23336" lon="25.76887">
				 <ele>80.7</ele>
			 </trkpt>
			 <trkpt lat="62.2333" lon="25.76934">
				 <ele>80.8</ele>
			 </trkpt>
			 <trkpt lat="62.23311" lon="25.77008">
				 <ele>80.9</ele>
			 </trkpt>
			 <trkpt lat="62.23306" lon="25.77026">
				 <ele>81.1</ele>
			 </trkpt>
			 <trkpt lat="62.23296" lon="25.77048">
				 <ele>81.2</ele>
			 </trkpt>
			 <trkpt lat="62.23282" lon="25.77089">
				 <ele>81.2</ele>
			 </trkpt>
			 <trkpt lat="62.23277" lon="25.77103">
				 <ele>81.1</ele>
			 </trkpt>
			 <trkpt lat="62.2327" lon="25.77156">
				 <ele>80.9</ele>
			 </trkpt>
			 <trkpt lat="62.23268" lon="25.77213">
				 <ele>80.7</ele>
			 </trkpt>
			 <trkpt lat="62.23267" lon="25.77293">
				 <ele>80.6</ele>
			 </trkpt>
			 <trkpt lat="62.23263" lon="25.77334">
				 <ele>80.5</ele>
			 </trkpt>
			 <trkpt lat="62.23254" lon="25.77396">
				 <ele>80.5</ele>
			 </trkpt>
			 <trkpt lat="62.23248" lon="25.77418">
				 <ele>80.4</ele>
			 </trkpt>
			 <trkpt lat="62.23237" lon="25.77442">
				 <ele>80.3</ele>
			 </trkpt>
			 <trkpt lat="62.23217" lon="25.77469">
				 <ele>80.1</ele>
			 </trkpt>
			 <trkpt lat="62.23207" lon="25.77489">
				 <ele>79.9</ele>
			 </trkpt>
			 <trkpt lat="62.23196" lon="25.77521">
				 <ele>79.8</ele>
			 </trkpt>
			 <trkpt lat="62.23191" lon="25.77538">
				 <ele>79.9</ele>
			 </trkpt>
			 <trkpt lat="62.23187" lon="25.77566">
				 <ele>80.1</ele>
			 </trkpt>
			 <trkpt lat="62.23188" lon="25.77582">
				 <ele>80.4</ele>
			 </trkpt>
			 <trkpt lat="62.23193" lon="25.77616">
				 <ele>80.6</ele>
			 </trkpt>
			 <trkpt lat="62.23193" lon="25.77638">
				 <ele>80.9</ele>
			 </trkpt>
			 <trkpt lat="62.23189" lon="25.77659">
				 <ele>81.3</ele>
			 </trkpt>
			 <trkpt lat="62.23161" lon="25.77735">
				 <ele>81.6</ele>
			 </trkpt>
			 <trkpt lat="62.23142" lon="25.77797">
				 <ele>82</ele>
			 </trkpt>
			 <trkpt lat="62.23131" lon="25.77864">
				 <ele>82.4</ele>
			 </trkpt>
			 <trkpt lat="62.23122" lon="25.7791">
				 <ele>82.7</ele>
			 </trkpt>
			 <trkpt lat="62.23112" lon="25.77924">
				 <ele>83.1</ele>
			 </trkpt>
			 <trkpt lat="62.23103" lon="25.77933">
				 <ele>83.3</ele>
			 </trkpt>
			 <trkpt lat="62.23095" lon="25.77937">
				 <ele>83.5</ele>
			 </trkpt>
			 <trkpt lat="62.23077" lon="25.77946">
				 <ele>83.5</ele>
			 </trkpt>
			 <trkpt lat="62.23051" lon="25.77959">
				 <ele>83.5</ele>
			 </trkpt>
			 <trkpt lat="62.23024" lon="25.77971">
				 <ele>83.5</ele>
			 </trkpt>
			 <trkpt lat="62.23024" lon="25.77972">
				 <ele>83.3</ele>
			 </trkpt>
			 <trkpt lat="62.23002" lon="25.77977">
				 <ele>83.1</ele>
			 </trkpt>
			 <trkpt lat="62.22989" lon="25.77976">
				 <ele>82.8</ele>
			 </trkpt>
			 <trkpt lat="62.2297" lon="25.77972">
				 <ele>82.5</ele>
			 </trkpt>
			 <trkpt lat="62.22963" lon="25.77972">
				 <ele>82.3</ele>
			 </trkpt>
			 <trkpt lat="62.22958" lon="25.77975">
				 <ele>82</ele>
			 </trkpt>
			 <trkpt lat="62.22953" lon="25.77977">
				 <ele>81.8</ele>
			 </trkpt>
			 <trkpt lat="62.22949" lon="25.77984">
				 <ele>81.6</ele>
			 </trkpt>
			 <trkpt lat="62.22932" lon="25.78013">
				 <ele>81.5</ele>
			 </trkpt>
			 <trkpt lat="62.22918" lon="25.78046">
				 <ele>81.5</ele>
			 </trkpt>
			 <trkpt lat="62.22909" lon="25.78056">
				 <ele>81.5</ele>
			 </trkpt>
			 <trkpt lat="62.22893" lon="25.78066">
				 <ele>81.5</ele>
			 </trkpt>
			 <trkpt lat="62.22887" lon="25.7808">
				 <ele>81.5</ele>
			 </trkpt>
			 <trkpt lat="62.22878" lon="25.78114">
				 <ele>81.5</ele>
			 </trkpt>
			 <trkpt lat="62.22864" lon="25.78199">
				 <ele>81.5</ele>
			 </trkpt>
			 <trkpt lat="62.22863" lon="25.7823">
				 <ele>81.5</ele>
			 </trkpt>
			 <trkpt lat="62.22862" lon="25.78263">
				 <ele>81.5</ele>
			 </trkpt>
			 <trkpt lat="62.22868" lon="25.78328">
				 <ele>81.4</ele>
			 </trkpt>
			 <trkpt lat="62.22881" lon="25.78449">
				 <ele>81.3</ele>
			 </trkpt>
			 <trkpt lat="62.22885" lon="25.78513">
				 <ele>81.1</ele>
			 </trkpt>
			 <trkpt lat="62.22882" lon="25.78574">
				 <ele>80.9</ele>
			 </trkpt>
			 <trkpt lat="62.22879" lon="25.7859">
				 <ele>80.7</ele>
			 </trkpt>
			 <trkpt lat="62.22873" lon="25.78612">
				 <ele>80.5</ele>
			 </trkpt>
			 <trkpt lat="62.22859" lon="25.78655">
				 <ele>80.3</ele>
			 </trkpt>
			 <trkpt lat="62.22855" lon="25.7867">
				 <ele>80.2</ele>
			 </trkpt>
			 <trkpt lat="62.22852" lon="25.78708">
				 <ele>80.1</ele>
			 </trkpt>
			 <trkpt lat="62.22852" lon="25.78761">
				 <ele>80.1</ele>
			 </trkpt>
			 <trkpt lat="62.22852" lon="25.78815">
				 <ele>80.1</ele>
			 </trkpt>
			 <trkpt lat="62.22856" lon="25.78861">
				 <ele>80.2</ele>
			 </trkpt>
			 <trkpt lat="62.22866" lon="25.78899">
				 <ele>80.2</ele>
			 </trkpt>
			 <trkpt lat="62.2288" lon="25.78923">
				 <ele>80.2</ele>
			 </trkpt>
			 <trkpt lat="62.22909" lon="25.78982">
				 <ele>80.2</ele>
			 </trkpt>
			 <trkpt lat="62.22927" lon="25.79022">
				 <ele>80.2</ele>
			 </trkpt>
			 <trkpt lat="62.2293" lon="25.79034">
				 <ele>80.3</ele>
			 </trkpt>
			 <trkpt lat="62.22936" lon="25.7907">
				 <ele>80.3</ele>
			 </trkpt>
			 <trkpt lat="62.22939" lon="25.79101">
				 <ele>80.2</ele>
			 </trkpt>
			 <trkpt lat="62.2294" lon="25.79108">
				 <ele>80.1</ele>
			 </trkpt>
			 <trkpt lat="62.2294" lon="25.79108">
				 <ele>79.9</ele>
			 </trkpt>
			 <trkpt lat="62.2294" lon="25.79124">
				 <ele>79.7</ele>
			 </trkpt>
			 <trkpt lat="62.22954" lon="25.79196">
				 <ele>79.5</ele>
			 </trkpt>
			 <trkpt lat="62.22963" lon="25.79251">
				 <ele>79.5</ele>
			 </trkpt>
			 <trkpt lat="62.22963" lon="25.79293">
				 <ele>79.4</ele>
			 </trkpt>
			 <trkpt lat="62.22965" lon="25.79369">
				 <ele>79.3</ele>
			 </trkpt>
			 <trkpt lat="62.2298" lon="25.79423">
				 <ele>79.2</ele>
			 </trkpt>
			 <trkpt lat="62.22983" lon="25.79473">
				 <ele>79.1</ele>
			 </trkpt>
			 <trkpt lat="62.22984" lon="25.79512">
				 <ele>79</ele>
			 </trkpt>
			 <trkpt lat="62.22982" lon="25.79636">
				 <ele>78.9</ele>
			 </trkpt>
			 <trkpt lat="62.2298" lon="25.79705">
				 <ele>78.8</ele>
			 </trkpt>
			 <trkpt lat="62.22976" lon="25.79797">
				 <ele>78.8</ele>
			 </trkpt>
			 <trkpt lat="62.22968" lon="25.79902">
				 <ele>78.8</ele>
			 </trkpt>
			 <trkpt lat="62.22962" lon="25.79977">
				 <ele>78.9</ele>
			 </trkpt>
			 <trkpt lat="62.22955" lon="25.80036">
				 <ele>79</ele>
			 </trkpt>
			 <trkpt lat="62.22942" lon="25.80116">
				 <ele>79.2</ele>
			 </trkpt>
			 <trkpt lat="62.22935" lon="25.80175">
				 <ele>79.5</ele>
			 </trkpt>
			 <trkpt lat="62.22935" lon="25.80175">
				 <ele>79.6</ele>
			 </trkpt>
			 <trkpt lat="62.22923" lon="25.80297">
				 <ele>79.8</ele>
			 </trkpt>
			 <trkpt lat="62.22918" lon="25.80328">
				 <ele>80</ele>
			 </trkpt>
			 <trkpt lat="62.22912" lon="25.80353">
				 <ele>80.3</ele>
			 </trkpt>
			 <trkpt lat="62.22909" lon="25.80359">
				 <ele>80.6</ele>
			 </trkpt>
			 <trkpt lat="62.22897" lon="25.80367">
				 <ele>80.9</ele>
			 </trkpt>
			 <trkpt lat="62.22894" lon="25.80371">
				 <ele>81.1</ele>
			 </trkpt>
			 <trkpt lat="62.22889" lon="25.80381">
				 <ele>81.2</ele>
			 </trkpt>
			 <trkpt lat="62.22877" lon="25.80422">
				 <ele>81.3</ele>
			 </trkpt>
			 <trkpt lat="62.22904" lon="25.80444">
				 <ele>81.2</ele>
			 </trkpt>
			 <trkpt lat="62.22928" lon="25.80461">
				 <ele>81</ele>
			 </trkpt>
			 <trkpt lat="62.22945" lon="25.80475">
				 <ele>80.9</ele>
			 </trkpt>
			 <trkpt lat="62.22979" lon="25.80502">
				 <ele>80.8</ele>
			 </trkpt>
			 <trkpt lat="62.23017" lon="25.80531">
				 <ele>80.7</ele>
			 </trkpt>
			 <trkpt lat="62.23053" lon="25.80557">
				 <ele>80.6</ele>
			 </trkpt>
			 <trkpt lat="62.23058" lon="25.80544">
				 <ele>80.5</ele>
			 </trkpt>
			 <trkpt lat="62.2306" lon="25.80495">
				 <ele>80.2</ele>
			 </trkpt>
			 <trkpt lat="62.2306" lon="25.8049">
				 <ele>80</ele>
			 </trkpt>
			 <trkpt lat="62.2306" lon="25.8049">
				 <ele>79.8</ele>
			 </trkpt>
			 <trkpt lat="62.23063" lon="25.80477">
				 <ele>79.6</ele>
			 </trkpt>
			 <trkpt lat="62.23072" lon="25.80454">
				 <ele>79.5</ele>
			 </trkpt>
			 <trkpt lat="62.23079" lon="25.80442">
				 <ele>79.5</ele>
			 </trkpt>
			 <trkpt lat="62.23086" lon="25.80437">
				 <ele>79.4</ele>
			 </trkpt>
			 <trkpt lat="62.23092" lon="25.80438">
				 <ele>79.3</ele>
			 </trkpt>
			 <trkpt lat="62.23106" lon="25.80453">
				 <ele>79.2</ele>
			 </trkpt>
			 <trkpt lat="62.23117" lon="25.8047">
				 <ele>79.1</ele>
			 </trkpt>
			 <trkpt lat="62.23124" lon="25.80478">
				 <ele>79</ele>
			 </trkpt>
			 <trkpt lat="62.23132" lon="25.80482">
				 <ele>79</ele>
			 </trkpt>
			 <trkpt lat="62.23147" lon="25.80481">
				 <ele>79</ele>
			 </trkpt>
			 <trkpt lat="62.23158" lon="25.80488">
				 <ele>79</ele>
			 </trkpt>
			 <trkpt lat="62.23167" lon="25.80491">
				 <ele>79</ele>
			 </trkpt>
			 <trkpt lat="62.23193" lon="25.80486">
				 <ele>79</ele>
			 </trkpt>
			 <trkpt lat="62.23227" lon="25.80479">
				 <ele>79</ele>
			 </trkpt>
			 <trkpt lat="62.23291" lon="25.80467">
				 <ele>79</ele>
			 </trkpt>
			 <trkpt lat="62.233" lon="25.8047">
				 <ele>79.1</ele>
			 </trkpt>
			 <trkpt lat="62.23313" lon="25.80468">
				 <ele>79.2</ele>
			 </trkpt>
			 <trkpt lat="62.2332" lon="25.80467">
				 <ele>79.3</ele>
			 </trkpt>
			 <trkpt lat="62.23329" lon="25.80471">
				 <ele>79.3</ele>
			 </trkpt>
			 <trkpt lat="62.23342" lon="25.80487">
				 <ele>79.3</ele>
			 </trkpt>
			 <trkpt lat="62.2336" lon="25.80511">
				 <ele>79.3</ele>
			 </trkpt>
			 <trkpt lat="62.2336" lon="25.80511">
				 <ele>79.3</ele>
			 </trkpt>
			 <trkpt lat="62.23367" lon="25.8052">
				 <ele>79.3</ele>
			 </trkpt>
			 <trkpt lat="62.23374" lon="25.80525">
				 <ele>79.3</ele>
			 </trkpt>
			 <trkpt lat="62.23381" lon="25.80525">
				 <ele>79.3</ele>
			 </trkpt>
			 <trkpt lat="62.23391" lon="25.80521">
				 <ele>79.3</ele>
			 </trkpt>
			 <trkpt lat="62.23415" lon="25.80496">
				 <ele>79.2</ele>
			 </trkpt>
			 <trkpt lat="62.23434" lon="25.80474">
				 <ele>79.1</ele>
			 </trkpt>
			 <trkpt lat="62.23452" lon="25.80462">
				 <ele>79</ele>
			 </trkpt>
			 <trkpt lat="62.23477" lon="25.80446">
				 <ele>79</ele>
			 </trkpt>
			 <trkpt lat="62.23538" lon="25.80421">
				 <ele>79</ele>
			 </trkpt>
			 <trkpt lat="62.23566" lon="25.80404">
				 <ele>79</ele>
			 </trkpt>
			 <trkpt lat="62.23573" lon="25.80405">
				 <ele>79</ele>
			 </trkpt>
			 <trkpt lat="62.23581" lon="25.80413">
				 <ele>79</ele>
			 </trkpt>
			 <trkpt lat="62.23586" lon="25.80423">
				 <ele>79</ele>
			 </trkpt>
			 <trkpt lat="62.23589" lon="25.80441">
				 <ele>79</ele>
			 </trkpt>
			 <trkpt lat="62.23591" lon="25.80483">
				 <ele>79</ele>
			 </trkpt>
			 <trkpt lat="62.23595" lon="25.80504">
				 <ele>79.1</ele>
			 </trkpt>
			 <trkpt lat="62.23603" lon="25.80529">
				 <ele>79.2</ele>
			 </trkpt>
			 <trkpt lat="62.23622" lon="25.80549">
				 <ele>79.3</ele>
			 </trkpt>
			 <trkpt lat="62.23643" lon="25.80557">
				 <ele>79.4</ele>
			 </trkpt>
			 <trkpt lat="62.23643" lon="25.80557">
				 <ele>79.5</ele>
			 </trkpt>
			 <trkpt lat="62.23672" lon="25.80563">
				 <ele>79.5</ele>
			 </trkpt>
			 <trkpt lat="62.23708" lon="25.80573">
				 <ele>79.6</ele>
			 </trkpt>
			 <trkpt lat="62.23709" lon="25.80566">
				 <ele>79.7</ele>
			 </trkpt>
			 <trkpt lat="62.2372" lon="25.8054">
				 <ele>79.8</ele>
			 </trkpt>
			 <trkpt lat="62.23739" lon="25.80506">
				 <ele>79.9</ele>
			 </trkpt>
			 <trkpt lat="62.23758" lon="25.80473">
				 <ele>80</ele>
			 </trkpt>
			 <trkpt lat="62.23778" lon="25.8046">
				 <ele>80</ele>
			 </trkpt>
			 <trkpt lat="62.23792" lon="25.80442">
				 <ele>80</ele>
			 </trkpt>
			 <trkpt lat="62.23821" lon="25.80395">
				 <ele>80</ele>
			 </trkpt>
			 <trkpt lat="62.23849" lon="25.80341">
				 <ele>80</ele>
			 </trkpt>
			 <trkpt lat="62.23883" lon="25.80285">
				 <ele>79.9</ele>
			 </trkpt>
			 <trkpt lat="62.23915" lon="25.8024">
				 <ele>79.8</ele>
			 </trkpt>
			 <trkpt lat="62.2393" lon="25.80213">
				 <ele>79.7</ele>
			 </trkpt>
			 <trkpt lat="62.23946" lon="25.80176">
				 <ele>79.6</ele>
			 </trkpt>
			 <trkpt lat="62.23958" lon="25.80127">
				 <ele>79.5</ele>
			 </trkpt>
			 <trkpt lat="62.23961" lon="25.80118">
				 <ele>79.5</ele>
			 </trkpt>
			 <trkpt lat="62.23972" lon="25.80101">
				 <ele>79.4</ele>
			 </trkpt>
			 <trkpt lat="62.23983" lon="25.80084">
				 <ele>79.3</ele>
			 </trkpt>
			 <trkpt lat="62.23986" lon="25.80074">
				 <ele>79.2</ele>
			 </trkpt>
			 <trkpt lat="62.2399" lon="25.80021">
				 <ele>79.1</ele>
			 </trkpt>
			 <trkpt lat="62.23997" lon="25.79876">
				 <ele>79</ele>
			 </trkpt>
			 <trkpt lat="62.24001" lon="25.79849">
				 <ele>79</ele>
			 </trkpt>
			 <trkpt lat="62.24017" lon="25.79803">
				 <ele>79</ele>
			 </trkpt>
			 <trkpt lat="62.2399" lon="25.79614">
				 <ele>79</ele>
			 </trkpt>
			 <trkpt lat="62.23987" lon="25.79597">
				 <ele>79</ele>
			 </trkpt>
			 <trkpt lat="62.23987" lon="25.79597">
				 <ele>79</ele>
			 </trkpt>
			 <trkpt lat="62.23979" lon="25.79518">
				 <ele>79</ele>
			 </trkpt>
			 <trkpt lat="62.23974" lon="25.79413">
				 <ele>79</ele>
			 </trkpt>
			 <trkpt lat="62.23973" lon="25.79352">
				 <ele>79</ele>
			 </trkpt>
			 <trkpt lat="62.23975" lon="25.79274">
				 <ele>79</ele>
			 </trkpt>
			 <trkpt lat="62.23982" lon="25.79179">
				 <ele>79</ele>
			 </trkpt>
			 <trkpt lat="62.23993" lon="25.79038">
				 <ele>79</ele>
			 </trkpt>
			 <trkpt lat="62.23988" lon="25.7901">
				 <ele>79</ele>
			 </trkpt>
			 <trkpt lat="62.23987" lon="25.78989">
				 <ele>79</ele>
			 </trkpt>
			 <trkpt lat="62.2399" lon="25.78958">
				 <ele>79</ele>
			 </trkpt>
			 <trkpt lat="62.23995" lon="25.78928">
				 <ele>79</ele>
			 </trkpt>
			 <trkpt lat="62.24019" lon="25.7887">
				 <ele>79</ele>
			 </trkpt>
			 <trkpt lat="62.24068" lon="25.78756">
				 <ele>79</ele>
			 </trkpt>
			 <trkpt lat="62.24105" lon="25.7867">
				 <ele>79</ele>
			 </trkpt>
			 <trkpt lat="62.24159" lon="25.78602">
				 <ele>79</ele>
			 </trkpt>
			 <trkpt lat="62.24197" lon="25.78553">
				 <ele>79</ele>
			 </trkpt>
			 <trkpt lat="62.24225" lon="25.78504">
				 <ele>79</ele>
			 </trkpt>
			 <trkpt lat="62.2427" lon="25.78423">
				 <ele>79</ele>
			 </trkpt>
			 <trkpt lat="62.24314" lon="25.78329">
				 <ele>79</ele>
			 </trkpt>
			 <trkpt lat="62.24326" lon="25.7827">
				 <ele>79</ele>
			 </trkpt>
			 <trkpt lat="62.24336" lon="25.78248">
				 <ele>79</ele>
			 </trkpt>
			 <trkpt lat="62.24395" lon="25.78113">
				 <ele>79</ele>
			 </trkpt>
			 <trkpt lat="62.24411" lon="25.78056">
				 <ele>79</ele>
			 </trkpt>
			 <trkpt lat="62.24418" lon="25.78033">
				 <ele>79</ele>
			 </trkpt>
			 <trkpt lat="62.24433" lon="25.78003">
				 <ele>79</ele>
			 </trkpt>
			 <trkpt lat="62.24448" lon="25.77973">
				 <ele>79</ele>
			 </trkpt>
			 <trkpt lat="62.24461" lon="25.77942">
				 <ele>79</ele>
			 </trkpt>
			 <trkpt lat="62.24474" lon="25.779">
				 <ele>79</ele>
			 </trkpt>
			 <trkpt lat="62.24503" lon="25.77805">
				 <ele>79</ele>
			 </trkpt>
			 <trkpt lat="62.24532" lon="25.77707">
				 <ele>79</ele>
			 </trkpt>
			 <trkpt lat="62.24554" lon="25.77633">
				 <ele>79</ele>
			 </trkpt>
			 <trkpt lat="62.24565" lon="25.77584">
				 <ele>79</ele>
			 </trkpt>
			 <trkpt lat="62.24567" lon="25.77557">
				 <ele>79</ele>
			 </trkpt>
			 <trkpt lat="62.24566" lon="25.77523">
				 <ele>79.1</ele>
			 </trkpt>
			 <trkpt lat="62.24564" lon="25.77477">
				 <ele>79.1</ele>
			 </trkpt>
			 <trkpt lat="62.24565" lon="25.7746">
				 <ele>79.1</ele>
			 </trkpt>
			 <trkpt lat="62.24572" lon="25.77433">
				 <ele>79.1</ele>
			 </trkpt>
			 <trkpt lat="62.24582" lon="25.77409">
				 <ele>79.1</ele>
			 </trkpt>
			 <trkpt lat="62.24598" lon="25.7738">
				 <ele>79.1</ele>
			 </trkpt>
			 <trkpt lat="62.24606" lon="25.77358">
				 <ele>79.1</ele>
			 </trkpt>
			 <trkpt lat="62.2461" lon="25.77337">
				 <ele>79.1</ele>
			 </trkpt>
			 <trkpt lat="62.24612" lon="25.77309">
				 <ele>79.1</ele>
			 </trkpt>
			 <trkpt lat="62.24614" lon="25.77212">
				 <ele>79.1</ele>
			 </trkpt>
			 <trkpt lat="62.24606" lon="25.77118">
				 <ele>79.1</ele>
			 </trkpt>
			 <trkpt lat="62.246" lon="25.77082">
				 <ele>79</ele>
			 </trkpt>
			 <trkpt lat="62.24592" lon="25.77048">
				 <ele>79</ele>
			 </trkpt>
			 <trkpt lat="62.24582" lon="25.77016">
				 <ele>79</ele>
			 </trkpt>
			 <trkpt lat="62.24571" lon="25.76987">
				 <ele>79</ele>
			 </trkpt>
			 <trkpt lat="62.24571" lon="25.76987">
				 <ele>79</ele>
			 </trkpt>
			 <trkpt lat="62.24513" lon="25.76837">
				 <ele>79</ele>
			 </trkpt>
			 <trkpt lat="62.24502" lon="25.76789">
				 <ele>79</ele>
			 </trkpt>
			 <trkpt lat="62.24492" lon="25.76733">
				 <ele>79</ele>
			 </trkpt>
			 <trkpt lat="62.24484" lon="25.76656">
				 <ele>79</ele>
			 </trkpt>
			 <trkpt lat="62.24474" lon="25.76542">
				 <ele>79</ele>
			 </trkpt>
			 <trkpt lat="62.24462" lon="25.7645">
				 <ele>79</ele>
			 </trkpt>
			 <trkpt lat="62.24455" lon="25.76399">
				 <ele>79</ele>
			 </trkpt>
			 <trkpt lat="62.24447" lon="25.76368">
				 <ele>79</ele>
			 </trkpt>
			 <trkpt lat="62.24429" lon="25.76288">
				 <ele>79</ele>
			 </trkpt>
			 <trkpt lat="62.24418" lon="25.76243">
				 <ele>79</ele>
			 </trkpt>
			 <trkpt lat="62.24403" lon="25.76238">
				 <ele>79</ele>
			 </trkpt>
			 <trkpt lat="62.24369" lon="25.76212">
				 <ele>79</ele>
			 </trkpt>
			 <trkpt lat="62.24367" lon="25.76212">
				 <ele>79</ele>
			 </trkpt>
			 <trkpt lat="62.24364" lon="25.76213">
				 <ele>79</ele>
			 </trkpt>
			 <trkpt lat="62.24352" lon="25.76195">
				 <ele>79.1</ele>
			 </trkpt>
			 <trkpt lat="62.24336" lon="25.76174">
				 <ele>79.2</ele>
			 </trkpt>
			 <trkpt lat="62.24325" lon="25.76166">
				 <ele>79.3</ele>
			 </trkpt>
			 <trkpt lat="62.24317" lon="25.76165">
				 <ele>79.4</ele>
			 </trkpt>
			 <trkpt lat="62.24305" lon="25.76171">
				 <ele>79.5</ele>
			 </trkpt>
			 <trkpt lat="62.24299" lon="25.76171">
				 <ele>79.5</ele>
			 </trkpt>
			 <trkpt lat="62.24294" lon="25.76159">
				 <ele>79.6</ele>
			 </trkpt>
			 <trkpt lat="62.2429" lon="25.7613">
				 <ele>79.7</ele>
			 </trkpt>
			 <trkpt lat="62.24286" lon="25.7613">
				 <ele>79.8</ele>
			 </trkpt>
			 <trkpt lat="62.24265" lon="25.76097">
				 <ele>79.9</ele>
			 </trkpt>
			 <trkpt lat="62.24262" lon="25.76087">
				 <ele>80.1</ele>
			 </trkpt>
			 <trkpt lat="62.24262" lon="25.76087">
				 <ele>80.2</ele>
			 </trkpt>
			 <trkpt lat="62.24248" lon="25.76045">
				 <ele>80.3</ele>
			 </trkpt>
			 <trkpt lat="62.24215" lon="25.76023">
				 <ele>80.4</ele>
			 </trkpt>
			 <trkpt lat="62.24207" lon="25.76017">
				 <ele>80.5</ele>
			 </trkpt>
			 <trkpt lat="62.242" lon="25.76016">
				 <ele>80.6</ele>
			 </trkpt>
			 <trkpt lat="62.24191" lon="25.76001">
				 <ele>80.9</ele>
			 </trkpt>
			 <trkpt lat="62.24126" lon="25.75973">
				 <ele>81.2</ele>
			 </trkpt>
			 <trkpt lat="62.2412" lon="25.75962">
				 <ele>81.5</ele>
			 </trkpt>
			 <trkpt lat="62.24114" lon="25.75937">
				 <ele>81.9</ele>
			 </trkpt>
			 <trkpt lat="62.24088" lon="25.75824">
				 <ele>82.3</ele>
			 </trkpt>
			 <trkpt lat="62.24088" lon="25.75814">
				 <ele>82.5</ele>
			 </trkpt>
			 <trkpt lat="62.24083" lon="25.75817">
				 <ele>82.7</ele>
			 </trkpt>
			 <trkpt lat="62.24078" lon="25.75814">
				 <ele>82.9</ele>
			 </trkpt>
			 <trkpt lat="62.24072" lon="25.75805">
				 <ele>83</ele>
			 </trkpt>
			 <trkpt lat="62.24047" lon="25.75749">
				 <ele>83.2</ele>
			 </trkpt>
			 <trkpt lat="62.2403" lon="25.75713">
				 <ele>83.3</ele>
			 </trkpt>
			 <trkpt lat="62.24001" lon="25.75675">
				 <ele>83.4</ele>
			 </trkpt>
			 <trkpt lat="62.23993" lon="25.75666">
				 <ele>83.4</ele>
			 </trkpt>
			 <trkpt lat="62.238699" lon="25.754479">
				 <ele>83.3</ele>
			 </trkpt>
		 </trkseg>
	 </trk>
</gpx>