<?xml version="1.0" encoding="UTF-8"?>
 <gpx creator="Garmin Connect" version="1.1"
	 xsi:schemaLocation="http://www.topografix.com/GPX/1/1 http://www.topografix.com/GPX/11.xsd"
	 xmlns:ns3="http://www.garmin.com/xmlschemas/TrackPointExtension/v1"
	 xmlns="http://www.topografix.com/GPX/1/1"
	 xmlns:xsi="http://www.w3.org/2001/XMLSchema-instance" xmlns:ns2="http://www.garmin.com/xmlschemas/GpxExtensions/v3">
	 <metadata>
		<name>Glendalough Lap of the Gap Marathon 2025 - 42.195 km</name>
		 <link href="https://www.goandrace.com">
		 <text>Garmin Connect</text>
		 </link>
	 <time>2026-08-10T03:09:41</time>
	 </metadata>
	 <trk>
		 <name>Glendalough Lap of the Gap Marathon 2025 - 42.195 km</name>
		 <trkseg>
			 <trkpt lat="53.009946" lon="-6.337262">
				 <ele>142.5</ele>
			 </trkpt>
			 <trkpt lat="53.010027" lon="-6.337048">
				 <ele>142.4</ele>
			 </trkpt>
			 <trkpt lat="53.010136" lon="-6.336734">
				 <ele>142.5</ele>
			 </trkpt>
			 <trkpt lat="53.01038" lon="-6.335966">
				 <ele>142.6</ele>
			 </trkpt>
			 <trkpt lat="53.010659" lon="-6.335033">
				 <ele>142.6</ele>
			 </trkpt>
			 <trkpt lat="53.010865" lon="-6.334379">
				 <ele>142.7</ele>
			 </trkpt>
			 <trkpt lat="53.011303" lon="-6.333229">
				 <ele>142.9</ele>
			 </trkpt>
			 <trkpt lat="53.011496" lon="-6.332655">
				 <ele>143.3</ele>
			 </trkpt>
			 <trkpt lat="53.011551" lon="-6.332436">
				 <ele>143.5</ele>
			 </trkpt>
			 <trkpt lat="53.011654" lon="-6.331996">
				 <ele>143.7</ele>
			 </trkpt>
			 <trkpt lat="53.011775" lon="-6.331428">
				 <ele>144.1</ele>
			 </trkpt>
			 <trkpt lat="53.011922" lon="-6.330401">
				 <ele>144.3</ele>
			 </trkpt>
			 <trkpt lat="53.012042" lon="-6.329445">
				 <ele>144.2</ele>
			 </trkpt>
			 <trkpt lat="53.012059" lon="-6.329268">
				 <ele>143.9</ele>
			 </trkpt>
			 <trkpt lat="53.012065" lon="-6.329081">
				 <ele>143.5</ele>
			 </trkpt>
			 <trkpt lat="53.012056" lon="-6.329002">
				 <ele>143.2</ele>
			 </trkpt>
			 <trkpt lat="53.011972" lon="-6.328825">
				 <ele>142.7</ele>
			 </trkpt>
			 <trkpt lat="53.011732" lon="-6.328395">
				 <ele>142.2</ele>
			 </trkpt>
			 <trkpt lat="53.011652" lon="-6.328239">
				 <ele>141.5</ele>
			 </trkpt>
			 <trkpt lat="53.011529" lon="-6.327896">
				 <ele>140.7</ele>
			 </trkpt>
			 <trkpt lat="53.011445" lon="-6.327588">
				 <ele>140</ele>
			 </trkpt>
			 <trkpt lat="53.011352" lon="-6.327132">
				 <ele>139.3</ele>
			 </trkpt>
			 <trkpt lat="53.011286" lon="-6.326766">
				 <ele>138.5</ele>
			 </trkpt>
			 <trkpt lat="53.011271" lon="-6.326636">
				 <ele>137.9</ele>
			 </trkpt>
			 <trkpt lat="53.011262" lon="-6.326432">
				 <ele>137.5</ele>
			 </trkpt>
			 <trkpt lat="53.01127" lon="-6.326225">
				 <ele>137.1</ele>
			 </trkpt>
			 <trkpt lat="53.011283" lon="-6.326168">
				 <ele>136.7</ele>
			 </trkpt>
			 <trkpt lat="53.011411" lon="-6.32608">
				 <ele>136.4</ele>
			 </trkpt>
			 <trkpt lat="53.011484" lon="-6.32603">
				 <ele>135.9</ele>
			 </trkpt>
			 <trkpt lat="53.011514" lon="-6.32599">
				 <ele>135.5</ele>
			 </trkpt>
			 <trkpt lat="53.011531" lon="-6.325929">
				 <ele>135.1</ele>
			 </trkpt>
			 <trkpt lat="53.011549" lon="-6.325787">
				 <ele>134.9</ele>
			 </trkpt>
			 <trkpt lat="53.011556" lon="-6.325633">
				 <ele>134.7</ele>
			 </trkpt>
			 <trkpt lat="53.01155" lon="-6.325481">
				 <ele>134.7</ele>
			 </trkpt>
			 <trkpt lat="53.011508" lon="-6.324991">
				 <ele>134.7</ele>
			 </trkpt>
			 <trkpt lat="53.011496" lon="-6.324866">
				 <ele>135.1</ele>
			 </trkpt>
			 <trkpt lat="53.011449" lon="-6.324529">
				 <ele>135.5</ele>
			 </trkpt>
			 <trkpt lat="53.011391" lon="-6.324193">
				 <ele>136.1</ele>
			 </trkpt>
			 <trkpt lat="53.011282" lon="-6.323576">
				 <ele>136.7</ele>
			 </trkpt>
			 <trkpt lat="53.01125" lon="-6.323403">
				 <ele>137.5</ele>
			 </trkpt>
			 <trkpt lat="53.011021" lon="-6.322058">
				 <ele>138.2</ele>
			 </trkpt>
			 <trkpt lat="53.010953" lon="-6.321624">
				 <ele>138.8</ele>
			 </trkpt>
			 <trkpt lat="53.010826" lon="-6.320778">
				 <ele>139.4</ele>
			 </trkpt>
			 <trkpt lat="53.01073" lon="-6.320184">
				 <ele>139.9</ele>
			 </trkpt>
			 <trkpt lat="53.010604" lon="-6.319409">
				 <ele>140.4</ele>
			 </trkpt>
			 <trkpt lat="53.010555" lon="-6.319123">
				 <ele>140.8</ele>
			 </trkpt>
			 <trkpt lat="53.010377" lon="-6.318161">
				 <ele>140.9</ele>
			 </trkpt>
			 <trkpt lat="53.010254" lon="-6.317542">
				 <ele>141</ele>
			 </trkpt>
			 <trkpt lat="53.010154" lon="-6.31709">
				 <ele>140.7</ele>
			 </trkpt>
			 <trkpt lat="53.010128" lon="-6.316974">
				 <ele>140.7</ele>
			 </trkpt>
			 <trkpt lat="53.010003" lon="-6.316427">
				 <ele>141.1</ele>
			 </trkpt>
			 <trkpt lat="53.00971" lon="-6.315146">
				 <ele>141.5</ele>
			 </trkpt>
			 <trkpt lat="53.009563" lon="-6.314425">
				 <ele>142.1</ele>
			 </trkpt>
			 <trkpt lat="53.009541" lon="-6.314211">
				 <ele>143</ele>
			 </trkpt>
			 <trkpt lat="53.009491" lon="-6.313401">
				 <ele>144.2</ele>
			 </trkpt>
			 <trkpt lat="53.00943" lon="-6.312361">
				 <ele>145.5</ele>
			 </trkpt>
			 <trkpt lat="53.009374" lon="-6.311932">
				 <ele>146.8</ele>
			 </trkpt>
			 <trkpt lat="53.009264" lon="-6.311481">
				 <ele>148.3</ele>
			 </trkpt>
			 <trkpt lat="53.009163" lon="-6.310912">
				 <ele>149.6</ele>
			 </trkpt>
			 <trkpt lat="53.009114" lon="-6.310547">
				 <ele>150.7</ele>
			 </trkpt>
			 <trkpt lat="53.009078" lon="-6.310278">
				 <ele>151.5</ele>
			 </trkpt>
			 <trkpt lat="53.009061" lon="-6.310144">
				 <ele>152.1</ele>
			 </trkpt>
			 <trkpt lat="53.009" lon="-6.309332">
				 <ele>152.5</ele>
			 </trkpt>
			 <trkpt lat="53.008989" lon="-6.308703">
				 <ele>153</ele>
			 </trkpt>
			 <trkpt lat="53.008977" lon="-6.307804">
				 <ele>153</ele>
			 </trkpt>
			 <trkpt lat="53.008977" lon="-6.307665">
				 <ele>152.5</ele>
			 </trkpt>
			 <trkpt lat="53.008987" lon="-6.306734">
				 <ele>152.1</ele>
			 </trkpt>
			 <trkpt lat="53.008989" lon="-6.306569">
				 <ele>151.5</ele>
			 </trkpt>
			 <trkpt lat="53.008992" lon="-6.306288">
				 <ele>150.7</ele>
			 </trkpt>
			 <trkpt lat="53.008997" lon="-6.305758">
				 <ele>150</ele>
			 </trkpt>
			 <trkpt lat="53.009006" lon="-6.30496">
				 <ele>149.7</ele>
			 </trkpt>
			 <trkpt lat="53.009009" lon="-6.304599">
				 <ele>149.5</ele>
			 </trkpt>
			 <trkpt lat="53.00901" lon="-6.304491">
				 <ele>149.3</ele>
			 </trkpt>
			 <trkpt lat="53.009029" lon="-6.303256">
				 <ele>149.1</ele>
			 </trkpt>
			 <trkpt lat="53.009034" lon="-6.303032">
				 <ele>149.1</ele>
			 </trkpt>
			 <trkpt lat="53.009041" lon="-6.302802">
				 <ele>149.1</ele>
			 </trkpt>
			 <trkpt lat="53.009042" lon="-6.302706">
				 <ele>149.3</ele>
			 </trkpt>
			 <trkpt lat="53.009042" lon="-6.302428">
				 <ele>149.3</ele>
			 </trkpt>
			 <trkpt lat="53.009043" lon="-6.302243">
				 <ele>149.3</ele>
			 </trkpt>
			 <trkpt lat="53.009019" lon="-6.301806">
				 <ele>149.4</ele>
			 </trkpt>
			 <trkpt lat="53.009005" lon="-6.301535">
				 <ele>149.4</ele>
			 </trkpt>
			 <trkpt lat="53.008999" lon="-6.301436">
				 <ele>149.3</ele>
			 </trkpt>
			 <trkpt lat="53.008973" lon="-6.301046">
				 <ele>149.1</ele>
			 </trkpt>
			 <trkpt lat="53.008964" lon="-6.30093">
				 <ele>148.6</ele>
			 </trkpt>
			 <trkpt lat="53.008914" lon="-6.300315">
				 <ele>148.1</ele>
			 </trkpt>
			 <trkpt lat="53.0089" lon="-6.300124">
				 <ele>147.3</ele>
			 </trkpt>
			 <trkpt lat="53.008893" lon="-6.300049">
				 <ele>146.5</ele>
			 </trkpt>
			 <trkpt lat="53.00887" lon="-6.299822">
				 <ele>145.5</ele>
			 </trkpt>
			 <trkpt lat="53.008817" lon="-6.299292">
				 <ele>144.8</ele>
			 </trkpt>
			 <trkpt lat="53.008716" lon="-6.298831">
				 <ele>144</ele>
			 </trkpt>
			 <trkpt lat="53.008557" lon="-6.298063">
				 <ele>143.4</ele>
			 </trkpt>
			 <trkpt lat="53.008478" lon="-6.297752">
				 <ele>143</ele>
			 </trkpt>
			 <trkpt lat="53.00843" lon="-6.297487">
				 <ele>142.6</ele>
			 </trkpt>
			 <trkpt lat="53.008457" lon="-6.29726">
				 <ele>142.5</ele>
			 </trkpt>
			 <trkpt lat="53.008551" lon="-6.296813">
				 <ele>142.5</ele>
			 </trkpt>
			 <trkpt lat="53.008725" lon="-6.296062">
				 <ele>142.8</ele>
			 </trkpt>
			 <trkpt lat="53.008774" lon="-6.29586">
				 <ele>143.3</ele>
			 </trkpt>
			 <trkpt lat="53.008781" lon="-6.295768">
				 <ele>143.8</ele>
			 </trkpt>
			 <trkpt lat="53.008795" lon="-6.295584">
				 <ele>144.4</ele>
			 </trkpt>
			 <trkpt lat="53.008786" lon="-6.295373">
				 <ele>144.8</ele>
			 </trkpt>
			 <trkpt lat="53.008769" lon="-6.295252">
				 <ele>145.4</ele>
			 </trkpt>
			 <trkpt lat="53.008811" lon="-6.29523">
				 <ele>145.8</ele>
			 </trkpt>
			 <trkpt lat="53.008843" lon="-6.295235">
				 <ele>146.2</ele>
			 </trkpt>
			 <trkpt lat="53.008985" lon="-6.295418">
				 <ele>146.6</ele>
			 </trkpt>
			 <trkpt lat="53.009044" lon="-6.295493">
				 <ele>147.4</ele>
			 </trkpt>
			 <trkpt lat="53.009124" lon="-6.295568">
				 <ele>148.2</ele>
			 </trkpt>
			 <trkpt lat="53.009202" lon="-6.295587">
				 <ele>149.2</ele>
			 </trkpt>
			 <trkpt lat="53.009319" lon="-6.295589">
				 <ele>150.3</ele>
			 </trkpt>
			 <trkpt lat="53.009399" lon="-6.295589">
				 <ele>151.5</ele>
			 </trkpt>
			 <trkpt lat="53.009732" lon="-6.295594">
				 <ele>152.7</ele>
			 </trkpt>
			 <trkpt lat="53.010135" lon="-6.29559">
				 <ele>154.2</ele>
			 </trkpt>
			 <trkpt lat="53.010342" lon="-6.295581">
				 <ele>155.7</ele>
			 </trkpt>
			 <trkpt lat="53.010563" lon="-6.295613">
				 <ele>157.4</ele>
			 </trkpt>
			 <trkpt lat="53.010843" lon="-6.295751">
				 <ele>159.1</ele>
			 </trkpt>
			 <trkpt lat="53.011117" lon="-6.295954">
				 <ele>161</ele>
			 </trkpt>
			 <trkpt lat="53.011163" lon="-6.295988">
				 <ele>162.5</ele>
			 </trkpt>
			 <trkpt lat="53.011417" lon="-6.29618">
				 <ele>163.8</ele>
			 </trkpt>
			 <trkpt lat="53.011593" lon="-6.296291">
				 <ele>164.8</ele>
			 </trkpt>
			 <trkpt lat="53.011884" lon="-6.296445">
				 <ele>165.8</ele>
			 </trkpt>
			 <trkpt lat="53.012447" lon="-6.296773">
				 <ele>166.8</ele>
			 </trkpt>
			 <trkpt lat="53.012538" lon="-6.296846">
				 <ele>167.9</ele>
			 </trkpt>
			 <trkpt lat="53.012728" lon="-6.297101">
				 <ele>169.1</ele>
			 </trkpt>
			 <trkpt lat="53.012979" lon="-6.297435">
				 <ele>170.4</ele>
			 </trkpt>
			 <trkpt lat="53.013317" lon="-6.29787">
				 <ele>171.9</ele>
			 </trkpt>
			 <trkpt lat="53.01354" lon="-6.298174">
				 <ele>173.5</ele>
			 </trkpt>
			 <trkpt lat="53.013722" lon="-6.298397">
				 <ele>174.8</ele>
			 </trkpt>
			 <trkpt lat="53.014016" lon="-6.298723">
				 <ele>176.2</ele>
			 </trkpt>
			 <trkpt lat="53.014374" lon="-6.29904">
				 <ele>177.7</ele>
			 </trkpt>
			 <trkpt lat="53.014655" lon="-6.299311">
				 <ele>179.5</ele>
			 </trkpt>
			 <trkpt lat="53.014792" lon="-6.299456">
				 <ele>181</ele>
			 </trkpt>
			 <trkpt lat="53.01511" lon="-6.299825">
				 <ele>182.7</ele>
			 </trkpt>
			 <trkpt lat="53.015391" lon="-6.300193">
				 <ele>184.5</ele>
			 </trkpt>
			 <trkpt lat="53.015633" lon="-6.300474">
				 <ele>186.1</ele>
			 </trkpt>
			 <trkpt lat="53.015779" lon="-6.300672">
				 <ele>187.7</ele>
			 </trkpt>
			 <trkpt lat="53.015982" lon="-6.300989">
				 <ele>189.1</ele>
			 </trkpt>
			 <trkpt lat="53.016422" lon="-6.301571">
				 <ele>190.5</ele>
			 </trkpt>
			 <trkpt lat="53.016513" lon="-6.301681">
				 <ele>191.8</ele>
			 </trkpt>
			 <trkpt lat="53.016669" lon="-6.301886">
				 <ele>193.2</ele>
			 </trkpt>
			 <trkpt lat="53.016851" lon="-6.30215">
				 <ele>194.4</ele>
			 </trkpt>
			 <trkpt lat="53.016966" lon="-6.302288">
				 <ele>195.2</ele>
			 </trkpt>
			 <trkpt lat="53.017088" lon="-6.3024">
				 <ele>196</ele>
			 </trkpt>
			 <trkpt lat="53.017208" lon="-6.302491">
				 <ele>196.6</ele>
			 </trkpt>
			 <trkpt lat="53.017335" lon="-6.302567">
				 <ele>197.2</ele>
			 </trkpt>
			 <trkpt lat="53.017598" lon="-6.302663">
				 <ele>197.6</ele>
			 </trkpt>
			 <trkpt lat="53.01794" lon="-6.302722">
				 <ele>197.9</ele>
			 </trkpt>
			 <trkpt lat="53.018023" lon="-6.302736">
				 <ele>198.2</ele>
			 </trkpt>
			 <trkpt lat="53.018292" lon="-6.302828">
				 <ele>198.4</ele>
			 </trkpt>
			 <trkpt lat="53.018424" lon="-6.302905">
				 <ele>198.5</ele>
			 </trkpt>
			 <trkpt lat="53.018551" lon="-6.302992">
				 <ele>198.5</ele>
			 </trkpt>
			 <trkpt lat="53.018976" lon="-6.303363">
				 <ele>198.6</ele>
			 </trkpt>
			 <trkpt lat="53.019118" lon="-6.303542">
				 <ele>198.9</ele>
			 </trkpt>
			 <trkpt lat="53.019276" lon="-6.303776">
				 <ele>199.3</ele>
			 </trkpt>
			 <trkpt lat="53.01938" lon="-6.303914">
				 <ele>199.6</ele>
			 </trkpt>
			 <trkpt lat="53.019439" lon="-6.303992">
				 <ele>200.1</ele>
			 </trkpt>
			 <trkpt lat="53.019502" lon="-6.30406">
				 <ele>200.6</ele>
			 </trkpt>
			 <trkpt lat="53.019671" lon="-6.304223">
				 <ele>201.2</ele>
			 </trkpt>
			 <trkpt lat="53.019791" lon="-6.304317">
				 <ele>201.7</ele>
			 </trkpt>
			 <trkpt lat="53.020154" lon="-6.304517">
				 <ele>202.2</ele>
			 </trkpt>
			 <trkpt lat="53.020269" lon="-6.304597">
				 <ele>202.7</ele>
			 </trkpt>
			 <trkpt lat="53.020498" lon="-6.304806">
				 <ele>203.3</ele>
			 </trkpt>
			 <trkpt lat="53.020671" lon="-6.305037">
				 <ele>203.8</ele>
			 </trkpt>
			 <trkpt lat="53.020892" lon="-6.305387">
				 <ele>204.3</ele>
			 </trkpt>
			 <trkpt lat="53.021034" lon="-6.305585">
				 <ele>204.6</ele>
			 </trkpt>
			 <trkpt lat="53.02135" lon="-6.305959">
				 <ele>205</ele>
			 </trkpt>
			 <trkpt lat="53.021444" lon="-6.306047">
				 <ele>205.4</ele>
			 </trkpt>
			 <trkpt lat="53.021527" lon="-6.306107">
				 <ele>205.7</ele>
			 </trkpt>
			 <trkpt lat="53.02162" lon="-6.306157">
				 <ele>206.1</ele>
			 </trkpt>
			 <trkpt lat="53.021731" lon="-6.306232">
				 <ele>206.4</ele>
			 </trkpt>
			 <trkpt lat="53.021993" lon="-6.306447">
				 <ele>206.7</ele>
			 </trkpt>
			 <trkpt lat="53.02207" lon="-6.30652">
				 <ele>207.1</ele>
			 </trkpt>
			 <trkpt lat="53.022171" lon="-6.306656">
				 <ele>207.5</ele>
			 </trkpt>
			 <trkpt lat="53.022261" lon="-6.306805">
				 <ele>208</ele>
			 </trkpt>
			 <trkpt lat="53.022362" lon="-6.306939">
				 <ele>208.5</ele>
			 </trkpt>
			 <trkpt lat="53.022453" lon="-6.307108">
				 <ele>209.1</ele>
			 </trkpt>
			 <trkpt lat="53.022654" lon="-6.307429">
				 <ele>209.6</ele>
			 </trkpt>
			 <trkpt lat="53.022896" lon="-6.307733">
				 <ele>210.1</ele>
			 </trkpt>
			 <trkpt lat="53.023022" lon="-6.307877">
				 <ele>210.5</ele>
			 </trkpt>
			 <trkpt lat="53.023121" lon="-6.308015">
				 <ele>210.9</ele>
			 </trkpt>
			 <trkpt lat="53.02323" lon="-6.308097">
				 <ele>211.5</ele>
			 </trkpt>
			 <trkpt lat="53.023584" lon="-6.308294">
				 <ele>211.9</ele>
			 </trkpt>
			 <trkpt lat="53.023749" lon="-6.308359">
				 <ele>212.3</ele>
			 </trkpt>
			 <trkpt lat="53.023867" lon="-6.308377">
				 <ele>212.5</ele>
			 </trkpt>
			 <trkpt lat="53.023965" lon="-6.308385">
				 <ele>212.8</ele>
			 </trkpt>
			 <trkpt lat="53.02442" lon="-6.308417">
				 <ele>213.2</ele>
			 </trkpt>
			 <trkpt lat="53.024578" lon="-6.308421">
				 <ele>213.5</ele>
			 </trkpt>
			 <trkpt lat="53.024714" lon="-6.308408">
				 <ele>213.8</ele>
			 </trkpt>
			 <trkpt lat="53.024842" lon="-6.308347">
				 <ele>214</ele>
			 </trkpt>
			 <trkpt lat="53.024937" lon="-6.308266">
				 <ele>214.2</ele>
			 </trkpt>
			 <trkpt lat="53.025043" lon="-6.308157">
				 <ele>214.4</ele>
			 </trkpt>
			 <trkpt lat="53.025144" lon="-6.308071">
				 <ele>214.5</ele>
			 </trkpt>
			 <trkpt lat="53.025259" lon="-6.307956">
				 <ele>214.5</ele>
			 </trkpt>
			 <trkpt lat="53.025451" lon="-6.307868">
				 <ele>214.6</ele>
			 </trkpt>
			 <trkpt lat="53.025599" lon="-6.307829">
				 <ele>214.8</ele>
			 </trkpt>
			 <trkpt lat="53.025841" lon="-6.307809">
				 <ele>215</ele>
			 </trkpt>
			 <trkpt lat="53.026241" lon="-6.307822">
				 <ele>215</ele>
			 </trkpt>
			 <trkpt lat="53.026348" lon="-6.307835">
				 <ele>214.9</ele>
			 </trkpt>
			 <trkpt lat="53.026647" lon="-6.307849">
				 <ele>214.8</ele>
			 </trkpt>
			 <trkpt lat="53.02714" lon="-6.307778">
				 <ele>214.8</ele>
			 </trkpt>
			 <trkpt lat="53.027339" lon="-6.307698">
				 <ele>214.8</ele>
			 </trkpt>
			 <trkpt lat="53.027479" lon="-6.307616">
				 <ele>214.7</ele>
			 </trkpt>
			 <trkpt lat="53.027603" lon="-6.307567">
				 <ele>214.6</ele>
			 </trkpt>
			 <trkpt lat="53.027682" lon="-6.307557">
				 <ele>214.5</ele>
			 </trkpt>
			 <trkpt lat="53.027766" lon="-6.307547">
				 <ele>214.5</ele>
			 </trkpt>
			 <trkpt lat="53.027971" lon="-6.307568">
				 <ele>214.2</ele>
			 </trkpt>
			 <trkpt lat="53.028144" lon="-6.307625">
				 <ele>213.9</ele>
			 </trkpt>
			 <trkpt lat="53.028251" lon="-6.307659">
				 <ele>213.6</ele>
			 </trkpt>
			 <trkpt lat="53.028534" lon="-6.307752">
				 <ele>213.4</ele>
			 </trkpt>
			 <trkpt lat="53.028636" lon="-6.307801">
				 <ele>213.1</ele>
			 </trkpt>
			 <trkpt lat="53.028746" lon="-6.307876">
				 <ele>212.8</ele>
			 </trkpt>
			 <trkpt lat="53.028822" lon="-6.307948">
				 <ele>212.5</ele>
			 </trkpt>
			 <trkpt lat="53.028931" lon="-6.308088">
				 <ele>212.3</ele>
			 </trkpt>
			 <trkpt lat="53.029001" lon="-6.308203">
				 <ele>212</ele>
			 </trkpt>
			 <trkpt lat="53.029397" lon="-6.309072">
				 <ele>211.7</ele>
			 </trkpt>
			 <trkpt lat="53.029443" lon="-6.30917">
				 <ele>211.5</ele>
			 </trkpt>
			 <trkpt lat="53.0298" lon="-6.309842">
				 <ele>211.5</ele>
			 </trkpt>
			 <trkpt lat="53.029901" lon="-6.310012">
				 <ele>211.5</ele>
			 </trkpt>
			 <trkpt lat="53.030123" lon="-6.31035">
				 <ele>211.5</ele>
			 </trkpt>
			 <trkpt lat="53.030698" lon="-6.311206">
				 <ele>211.9</ele>
			 </trkpt>
			 <trkpt lat="53.030918" lon="-6.311524">
				 <ele>212.4</ele>
			 </trkpt>
			 <trkpt lat="53.031125" lon="-6.311806">
				 <ele>212.8</ele>
			 </trkpt>
			 <trkpt lat="53.031658" lon="-6.312442">
				 <ele>213.3</ele>
			 </trkpt>
			 <trkpt lat="53.031772" lon="-6.312571">
				 <ele>213.6</ele>
			 </trkpt>
			 <trkpt lat="53.032084" lon="-6.312958">
				 <ele>214</ele>
			 </trkpt>
			 <trkpt lat="53.032259" lon="-6.313212">
				 <ele>214.4</ele>
			 </trkpt>
			 <trkpt lat="53.032415" lon="-6.313421">
				 <ele>214.6</ele>
			 </trkpt>
			 <trkpt lat="53.032496" lon="-6.313576">
				 <ele>214.7</ele>
			 </trkpt>
			 <trkpt lat="53.032641" lon="-6.313922">
				 <ele>215</ele>
			 </trkpt>
			 <trkpt lat="53.032693" lon="-6.314072">
				 <ele>215.2</ele>
			 </trkpt>
			 <trkpt lat="53.032803" lon="-6.314531">
				 <ele>215</ele>
			 </trkpt>
			 <trkpt lat="53.032899" lon="-6.314919">
				 <ele>214.7</ele>
			 </trkpt>
			 <trkpt lat="53.032959" lon="-6.315113">
				 <ele>214.5</ele>
			 </trkpt>
			 <trkpt lat="53.033026" lon="-6.315292">
				 <ele>214.5</ele>
			 </trkpt>
			 <trkpt lat="53.033124" lon="-6.315505">
				 <ele>214.9</ele>
			 </trkpt>
			 <trkpt lat="53.033335" lon="-6.315926">
				 <ele>215.5</ele>
			 </trkpt>
			 <trkpt lat="53.033478" lon="-6.316242">
				 <ele>216.2</ele>
			 </trkpt>
			 <trkpt lat="53.03357" lon="-6.316448">
				 <ele>217</ele>
			 </trkpt>
			 <trkpt lat="53.033641" lon="-6.31669">
				 <ele>217.9</ele>
			 </trkpt>
			 <trkpt lat="53.03376" lon="-6.317039">
				 <ele>219</ele>
			 </trkpt>
			 <trkpt lat="53.0339" lon="-6.317338">
				 <ele>220.2</ele>
			 </trkpt>
			 <trkpt lat="53.034032" lon="-6.317618">
				 <ele>221.5</ele>
			 </trkpt>
			 <trkpt lat="53.034454" lon="-6.318316">
				 <ele>222.8</ele>
			 </trkpt>
			 <trkpt lat="53.03472" lon="-6.318884">
				 <ele>224.1</ele>
			 </trkpt>
			 <trkpt lat="53.034903" lon="-6.319241">
				 <ele>225.2</ele>
			 </trkpt>
			 <trkpt lat="53.035208" lon="-6.319656">
				 <ele>226</ele>
			 </trkpt>
			 <trkpt lat="53.035349" lon="-6.319869">
				 <ele>226.5</ele>
			 </trkpt>
			 <trkpt lat="53.035449" lon="-6.320046">
				 <ele>226.9</ele>
			 </trkpt>
			 <trkpt lat="53.035541" lon="-6.320234">
				 <ele>226.8</ele>
			 </trkpt>
			 <trkpt lat="53.035768" lon="-6.320797">
				 <ele>226.3</ele>
			 </trkpt>
			 <trkpt lat="53.035832" lon="-6.320978">
				 <ele>225.5</ele>
			 </trkpt>
			 <trkpt lat="53.035906" lon="-6.321151">
				 <ele>224.6</ele>
			 </trkpt>
			 <trkpt lat="53.035994" lon="-6.321291">
				 <ele>223.9</ele>
			 </trkpt>
			 <trkpt lat="53.036266" lon="-6.321635">
				 <ele>223.4</ele>
			 </trkpt>
			 <trkpt lat="53.036538" lon="-6.321923">
				 <ele>222.9</ele>
			 </trkpt>
			 <trkpt lat="53.037021" lon="-6.322415">
				 <ele>222.5</ele>
			 </trkpt>
			 <trkpt lat="53.03735" lon="-6.322765">
				 <ele>222.4</ele>
			 </trkpt>
			 <trkpt lat="53.03765" lon="-6.323048">
				 <ele>222.5</ele>
			 </trkpt>
			 <trkpt lat="53.037805" lon="-6.323193">
				 <ele>222.6</ele>
			 </trkpt>
			 <trkpt lat="53.038044" lon="-6.323455">
				 <ele>223.3</ele>
			 </trkpt>
			 <trkpt lat="53.038174" lon="-6.323579">
				 <ele>224.3</ele>
			 </trkpt>
			 <trkpt lat="53.038389" lon="-6.323807">
				 <ele>225.3</ele>
			 </trkpt>
			 <trkpt lat="53.038596" lon="-6.323978">
				 <ele>226.2</ele>
			 </trkpt>
			 <trkpt lat="53.038976" lon="-6.324288">
				 <ele>227.3</ele>
			 </trkpt>
			 <trkpt lat="53.039191" lon="-6.324448">
				 <ele>228.3</ele>
			 </trkpt>
			 <trkpt lat="53.039425" lon="-6.324596">
				 <ele>229.1</ele>
			 </trkpt>
			 <trkpt lat="53.039643" lon="-6.324758">
				 <ele>229.7</ele>
			 </trkpt>
			 <trkpt lat="53.039785" lon="-6.324917">
				 <ele>230.3</ele>
			 </trkpt>
			 <trkpt lat="53.040118" lon="-6.325252">
				 <ele>230.5</ele>
			 </trkpt>
			 <trkpt lat="53.040221" lon="-6.325324">
				 <ele>230.6</ele>
			 </trkpt>
			 <trkpt lat="53.040326" lon="-6.325378">
				 <ele>230.6</ele>
			 </trkpt>
			 <trkpt lat="53.040533" lon="-6.325433">
				 <ele>230.7</ele>
			 </trkpt>
			 <trkpt lat="53.041237" lon="-6.325623">
				 <ele>230.7</ele>
			 </trkpt>
			 <trkpt lat="53.041319" lon="-6.325644">
				 <ele>230.7</ele>
			 </trkpt>
			 <trkpt lat="53.041548" lon="-6.325737">
				 <ele>230.5</ele>
			 </trkpt>
			 <trkpt lat="53.041775" lon="-6.325869">
				 <ele>230.4</ele>
			 </trkpt>
			 <trkpt lat="53.041899" lon="-6.325907">
				 <ele>230.3</ele>
			 </trkpt>
			 <trkpt lat="53.042142" lon="-6.325932">
				 <ele>230.6</ele>
			 </trkpt>
			 <trkpt lat="53.042264" lon="-6.325932">
				 <ele>230.9</ele>
			 </trkpt>
			 <trkpt lat="53.042499" lon="-6.32596">
				 <ele>231.3</ele>
			 </trkpt>
			 <trkpt lat="53.042619" lon="-6.325986">
				 <ele>231.7</ele>
			 </trkpt>
			 <trkpt lat="53.042974" lon="-6.326087">
				 <ele>232.3</ele>
			 </trkpt>
			 <trkpt lat="53.04333" lon="-6.326126">
				 <ele>232.9</ele>
			 </trkpt>
			 <trkpt lat="53.043575" lon="-6.3262">
				 <ele>233.7</ele>
			 </trkpt>
			 <trkpt lat="53.043778" lon="-6.32632">
				 <ele>234.5</ele>
			 </trkpt>
			 <trkpt lat="53.043959" lon="-6.326393">
				 <ele>235.3</ele>
			 </trkpt>
			 <trkpt lat="53.044091" lon="-6.326426">
				 <ele>235.9</ele>
			 </trkpt>
			 <trkpt lat="53.044283" lon="-6.326458">
				 <ele>236.3</ele>
			 </trkpt>
			 <trkpt lat="53.044406" lon="-6.326501">
				 <ele>236.2</ele>
			 </trkpt>
			 <trkpt lat="53.0445" lon="-6.326548">
				 <ele>236</ele>
			 </trkpt>
			 <trkpt lat="53.044606" lon="-6.326632">
				 <ele>235.8</ele>
			 </trkpt>
			 <trkpt lat="53.045048" lon="-6.327093">
				 <ele>235.6</ele>
			 </trkpt>
			 <trkpt lat="53.045253" lon="-6.327244">
				 <ele>235.4</ele>
			 </trkpt>
			 <trkpt lat="53.045339" lon="-6.32729">
				 <ele>235</ele>
			 </trkpt>
			 <trkpt lat="53.045444" lon="-6.327328">
				 <ele>234.6</ele>
			 </trkpt>
			 <trkpt lat="53.045774" lon="-6.327415">
				 <ele>234.4</ele>
			 </trkpt>
			 <trkpt lat="53.045871" lon="-6.327462">
				 <ele>234.1</ele>
			 </trkpt>
			 <trkpt lat="53.045981" lon="-6.327551">
				 <ele>233.9</ele>
			 </trkpt>
			 <trkpt lat="53.046208" lon="-6.327803">
				 <ele>234</ele>
			 </trkpt>
			 <trkpt lat="53.046344" lon="-6.327904">
				 <ele>234.5</ele>
			 </trkpt>
			 <trkpt lat="53.04704" lon="-6.328314">
				 <ele>235.1</ele>
			 </trkpt>
			 <trkpt lat="53.047159" lon="-6.328369">
				 <ele>235.7</ele>
			 </trkpt>
			 <trkpt lat="53.047265" lon="-6.328405">
				 <ele>236.3</ele>
			 </trkpt>
			 <trkpt lat="53.04744" lon="-6.32843">
				 <ele>236.7</ele>
			 </trkpt>
			 <trkpt lat="53.047999" lon="-6.328491">
				 <ele>237.2</ele>
			 </trkpt>
			 <trkpt lat="53.048095" lon="-6.328508">
				 <ele>237.6</ele>
			 </trkpt>
			 <trkpt lat="53.04816" lon="-6.328537">
				 <ele>238.1</ele>
			 </trkpt>
			 <trkpt lat="53.048353" lon="-6.328649">
				 <ele>238.6</ele>
			 </trkpt>
			 <trkpt lat="53.04845" lon="-6.328715">
				 <ele>239.3</ele>
			 </trkpt>
			 <trkpt lat="53.048901" lon="-6.329112">
				 <ele>240</ele>
			 </trkpt>
			 <trkpt lat="53.049215" lon="-6.32933">
				 <ele>240.7</ele>
			 </trkpt>
			 <trkpt lat="53.049683" lon="-6.32959">
				 <ele>241.5</ele>
			 </trkpt>
			 <trkpt lat="53.050135" lon="-6.329867">
				 <ele>242.4</ele>
			 </trkpt>
			 <trkpt lat="53.05036" lon="-6.329979">
				 <ele>243.4</ele>
			 </trkpt>
			 <trkpt lat="53.050863" lon="-6.33012">
				 <ele>244.5</ele>
			 </trkpt>
			 <trkpt lat="53.051332" lon="-6.330207">
				 <ele>245.6</ele>
			 </trkpt>
			 <trkpt lat="53.051581" lon="-6.330291">
				 <ele>246.8</ele>
			 </trkpt>
			 <trkpt lat="53.051777" lon="-6.330375">
				 <ele>248</ele>
			 </trkpt>
			 <trkpt lat="53.052005" lon="-6.330495">
				 <ele>249.2</ele>
			 </trkpt>
			 <trkpt lat="53.052128" lon="-6.330565">
				 <ele>250.3</ele>
			 </trkpt>
			 <trkpt lat="53.052325" lon="-6.330714">
				 <ele>251.1</ele>
			 </trkpt>
			 <trkpt lat="53.052421" lon="-6.330758">
				 <ele>251.6</ele>
			 </trkpt>
			 <trkpt lat="53.052517" lon="-6.330781">
				 <ele>252.1</ele>
			 </trkpt>
			 <trkpt lat="53.052627" lon="-6.330791">
				 <ele>252.5</ele>
			 </trkpt>
			 <trkpt lat="53.052711" lon="-6.330771">
				 <ele>253</ele>
			 </trkpt>
			 <trkpt lat="53.052794" lon="-6.330719">
				 <ele>253.5</ele>
			 </trkpt>
			 <trkpt lat="53.052876" lon="-6.330624">
				 <ele>254</ele>
			 </trkpt>
			 <trkpt lat="53.053025" lon="-6.330427">
				 <ele>254.4</ele>
			 </trkpt>
			 <trkpt lat="53.053096" lon="-6.330357">
				 <ele>254.9</ele>
			 </trkpt>
			 <trkpt lat="53.053157" lon="-6.330324">
				 <ele>255.2</ele>
			 </trkpt>
			 <trkpt lat="53.053226" lon="-6.330293">
				 <ele>255.4</ele>
			 </trkpt>
			 <trkpt lat="53.053324" lon="-6.330321">
				 <ele>255.6</ele>
			 </trkpt>
			 <trkpt lat="53.053505" lon="-6.330401">
				 <ele>255.9</ele>
			 </trkpt>
			 <trkpt lat="53.053899" lon="-6.330506">
				 <ele>256.1</ele>
			 </trkpt>
			 <trkpt lat="53.054091" lon="-6.330633">
				 <ele>256.5</ele>
			 </trkpt>
			 <trkpt lat="53.054166" lon="-6.330704">
				 <ele>256.8</ele>
			 </trkpt>
			 <trkpt lat="53.054246" lon="-6.330757">
				 <ele>257.3</ele>
			 </trkpt>
			 <trkpt lat="53.054314" lon="-6.330782">
				 <ele>258</ele>
			 </trkpt>
			 <trkpt lat="53.054404" lon="-6.330798">
				 <ele>258.8</ele>
			 </trkpt>
			 <trkpt lat="53.054684" lon="-6.330788">
				 <ele>259.5</ele>
			 </trkpt>
			 <trkpt lat="53.054812" lon="-6.330804">
				 <ele>260.9</ele>
			 </trkpt>
			 <trkpt lat="53.055032" lon="-6.330865">
				 <ele>262.7</ele>
			 </trkpt>
			 <trkpt lat="53.055476" lon="-6.331047">
				 <ele>264.6</ele>
			 </trkpt>
			 <trkpt lat="53.055578" lon="-6.331063">
				 <ele>266.9</ele>
			 </trkpt>
			 <trkpt lat="53.055681" lon="-6.331071">
				 <ele>269.1</ele>
			 </trkpt>
			 <trkpt lat="53.055987" lon="-6.33103">
				 <ele>271.1</ele>
			 </trkpt>
			 <trkpt lat="53.056174" lon="-6.331019">
				 <ele>273.2</ele>
			 </trkpt>
			 <trkpt lat="53.056252" lon="-6.331037">
				 <ele>275.3</ele>
			 </trkpt>
			 <trkpt lat="53.056655" lon="-6.331144">
				 <ele>277</ele>
			 </trkpt>
			 <trkpt lat="53.056858" lon="-6.331219">
				 <ele>279.1</ele>
			 </trkpt>
			 <trkpt lat="53.057212" lon="-6.33127">
				 <ele>281.3</ele>
			 </trkpt>
			 <trkpt lat="53.057425" lon="-6.331333">
				 <ele>282.8</ele>
			 </trkpt>
			 <trkpt lat="53.057611" lon="-6.331375">
				 <ele>284.1</ele>
			 </trkpt>
			 <trkpt lat="53.058003" lon="-6.331515">
				 <ele>285.5</ele>
			 </trkpt>
			 <trkpt lat="53.058353" lon="-6.331557">
				 <ele>286.9</ele>
			 </trkpt>
			 <trkpt lat="53.058476" lon="-6.33158">
				 <ele>288.7</ele>
			 </trkpt>
			 <trkpt lat="53.059001" lon="-6.331767">
				 <ele>290.7</ele>
			 </trkpt>
			 <trkpt lat="53.059169" lon="-6.331807">
				 <ele>292.6</ele>
			 </trkpt>
			 <trkpt lat="53.059863" lon="-6.331955">
				 <ele>294.6</ele>
			 </trkpt>
			 <trkpt lat="53.06016" lon="-6.332008">
				 <ele>297</ele>
			 </trkpt>
			 <trkpt lat="53.060391" lon="-6.332036">
				 <ele>299.2</ele>
			 </trkpt>
			 <trkpt lat="53.060562" lon="-6.332082">
				 <ele>301.5</ele>
			 </trkpt>
			 <trkpt lat="53.060981" lon="-6.332249">
				 <ele>304.1</ele>
			 </trkpt>
			 <trkpt lat="53.061315" lon="-6.332306">
				 <ele>306.9</ele>
			 </trkpt>
			 <trkpt lat="53.061646" lon="-6.332391">
				 <ele>309.5</ele>
			 </trkpt>
			 <trkpt lat="53.062117" lon="-6.332477">
				 <ele>311.8</ele>
			 </trkpt>
			 <trkpt lat="53.062406" lon="-6.332541">
				 <ele>314.2</ele>
			 </trkpt>
			 <trkpt lat="53.062547" lon="-6.33256">
				 <ele>316.6</ele>
			 </trkpt>
			 <trkpt lat="53.062831" lon="-6.332578">
				 <ele>319.2</ele>
			 </trkpt>
			 <trkpt lat="53.062939" lon="-6.332642">
				 <ele>321.8</ele>
			 </trkpt>
			 <trkpt lat="53.063179" lon="-6.332807">
				 <ele>324.3</ele>
			 </trkpt>
			 <trkpt lat="53.063621" lon="-6.33317">
				 <ele>326.4</ele>
			 </trkpt>
			 <trkpt lat="53.06382" lon="-6.33331">
				 <ele>328.1</ele>
			 </trkpt>
			 <trkpt lat="53.064" lon="-6.333507">
				 <ele>329.8</ele>
			 </trkpt>
			 <trkpt lat="53.064211" lon="-6.333707">
				 <ele>331.4</ele>
			 </trkpt>
			 <trkpt lat="53.064313" lon="-6.333845">
				 <ele>333</ele>
			 </trkpt>
			 <trkpt lat="53.064479" lon="-6.334147">
				 <ele>334.5</ele>
			 </trkpt>
			 <trkpt lat="53.064563" lon="-6.334297">
				 <ele>335.7</ele>
			 </trkpt>
			 <trkpt lat="53.064633" lon="-6.334405">
				 <ele>336.8</ele>
			 </trkpt>
			 <trkpt lat="53.064704" lon="-6.334543">
				 <ele>337.7</ele>
			 </trkpt>
			 <trkpt lat="53.064803" lon="-6.3348">
				 <ele>338.4</ele>
			 </trkpt>
			 <trkpt lat="53.064869" lon="-6.335071">
				 <ele>339.1</ele>
			 </trkpt>
			 <trkpt lat="53.064907" lon="-6.33536">
				 <ele>340.2</ele>
			 </trkpt>
			 <trkpt lat="53.064958" lon="-6.336126">
				 <ele>341.6</ele>
			 </trkpt>
			 <trkpt lat="53.064909" lon="-6.336719">
				 <ele>343.3</ele>
			 </trkpt>
			 <trkpt lat="53.064919" lon="-6.336923">
				 <ele>345</ele>
			 </trkpt>
			 <trkpt lat="53.064958" lon="-6.337108">
				 <ele>347.2</ele>
			 </trkpt>
			 <trkpt lat="53.065019" lon="-6.337328">
				 <ele>349.4</ele>
			 </trkpt>
			 <trkpt lat="53.065116" lon="-6.337532">
				 <ele>351.6</ele>
			 </trkpt>
			 <trkpt lat="53.065212" lon="-6.337674">
				 <ele>353.7</ele>
			 </trkpt>
			 <trkpt lat="53.065326" lon="-6.337784">
				 <ele>355.8</ele>
			 </trkpt>
			 <trkpt lat="53.065811" lon="-6.338055">
				 <ele>357.8</ele>
			 </trkpt>
			 <trkpt lat="53.065995" lon="-6.338195">
				 <ele>359.6</ele>
			 </trkpt>
			 <trkpt lat="53.066198" lon="-6.33839">
				 <ele>361.4</ele>
			 </trkpt>
			 <trkpt lat="53.066383" lon="-6.338629">
				 <ele>362.7</ele>
			 </trkpt>
			 <trkpt lat="53.066509" lon="-6.338879">
				 <ele>363.6</ele>
			 </trkpt>
			 <trkpt lat="53.066617" lon="-6.339211">
				 <ele>364.4</ele>
			 </trkpt>
			 <trkpt lat="53.066682" lon="-6.339382">
				 <ele>364.5</ele>
			 </trkpt>
			 <trkpt lat="53.066895" lon="-6.339804">
				 <ele>364.7</ele>
			 </trkpt>
			 <trkpt lat="53.067004" lon="-6.339999">
				 <ele>365.3</ele>
			 </trkpt>
			 <trkpt lat="53.067111" lon="-6.340219">
				 <ele>365.9</ele>
			 </trkpt>
			 <trkpt lat="53.067196" lon="-6.34046">
				 <ele>366.6</ele>
			 </trkpt>
			 <trkpt lat="53.067269" lon="-6.340713">
				 <ele>367.4</ele>
			 </trkpt>
			 <trkpt lat="53.067357" lon="-6.340954">
				 <ele>368.4</ele>
			 </trkpt>
			 <trkpt lat="53.067754" lon="-6.341876">
				 <ele>369.2</ele>
			 </trkpt>
			 <trkpt lat="53.06785" lon="-6.342116">
				 <ele>370.1</ele>
			 </trkpt>
			 <trkpt lat="53.068011" lon="-6.342612">
				 <ele>371.1</ele>
			 </trkpt>
			 <trkpt lat="53.068117" lon="-6.342826">
				 <ele>372.3</ele>
			 </trkpt>
			 <trkpt lat="53.068368" lon="-6.343276">
				 <ele>373.5</ele>
			 </trkpt>
			 <trkpt lat="53.068494" lon="-6.343488">
				 <ele>374.7</ele>
			 </trkpt>
			 <trkpt lat="53.068612" lon="-6.343715">
				 <ele>375.6</ele>
			 </trkpt>
			 <trkpt lat="53.068667" lon="-6.343835">
				 <ele>376.5</ele>
			 </trkpt>
			 <trkpt lat="53.068818" lon="-6.344238">
				 <ele>377.1</ele>
			 </trkpt>
			 <trkpt lat="53.068872" lon="-6.344366">
				 <ele>377.8</ele>
			 </trkpt>
			 <trkpt lat="53.068932" lon="-6.344483">
				 <ele>378.5</ele>
			 </trkpt>
			 <trkpt lat="53.069176" lon="-6.344855">
				 <ele>379.2</ele>
			 </trkpt>
			 <trkpt lat="53.069249" lon="-6.345096">
				 <ele>379.8</ele>
			 </trkpt>
			 <trkpt lat="53.069311" lon="-6.345367">
				 <ele>380.5</ele>
			 </trkpt>
			 <trkpt lat="53.06936" lon="-6.345499">
				 <ele>381.2</ele>
			 </trkpt>
			 <trkpt lat="53.069526" lon="-6.345862">
				 <ele>381.9</ele>
			 </trkpt>
			 <trkpt lat="53.069618" lon="-6.346106">
				 <ele>382.5</ele>
			 </trkpt>
			 <trkpt lat="53.069691" lon="-6.34633">
				 <ele>383.1</ele>
			 </trkpt>
			 <trkpt lat="53.069761" lon="-6.346499">
				 <ele>383.9</ele>
			 </trkpt>
			 <trkpt lat="53.069854" lon="-6.346625">
				 <ele>384.9</ele>
			 </trkpt>
			 <trkpt lat="53.070082" lon="-6.34686">
				 <ele>385.9</ele>
			 </trkpt>
			 <trkpt lat="53.070154" lon="-6.346973">
				 <ele>386.9</ele>
			 </trkpt>
			 <trkpt lat="53.070221" lon="-6.347101">
				 <ele>387.9</ele>
			 </trkpt>
			 <trkpt lat="53.070623" lon="-6.348006">
				 <ele>389.2</ele>
			 </trkpt>
			 <trkpt lat="53.070756" lon="-6.348281">
				 <ele>390.5</ele>
			 </trkpt>
			 <trkpt lat="53.070898" lon="-6.34851">
				 <ele>391.9</ele>
			 </trkpt>
			 <trkpt lat="53.07112" lon="-6.348839">
				 <ele>393.3</ele>
			 </trkpt>
			 <trkpt lat="53.071254" lon="-6.349086">
				 <ele>394.8</ele>
			 </trkpt>
			 <trkpt lat="53.071554" lon="-6.349765">
				 <ele>396.5</ele>
			 </trkpt>
			 <trkpt lat="53.071616" lon="-6.349895">
				 <ele>397.9</ele>
			 </trkpt>
			 <trkpt lat="53.071993" lon="-6.350618">
				 <ele>399.4</ele>
			 </trkpt>
			 <trkpt lat="53.072053" lon="-6.350743">
				 <ele>400.8</ele>
			 </trkpt>
			 <trkpt lat="53.072272" lon="-6.351256">
				 <ele>402.1</ele>
			 </trkpt>
			 <trkpt lat="53.072387" lon="-6.351474">
				 <ele>403.4</ele>
			 </trkpt>
			 <trkpt lat="53.072514" lon="-6.35167">
				 <ele>404.4</ele>
			 </trkpt>
			 <trkpt lat="53.07265" lon="-6.351844">
				 <ele>405.5</ele>
			 </trkpt>
			 <trkpt lat="53.072863" lon="-6.352084">
				 <ele>406.4</ele>
			 </trkpt>
			 <trkpt lat="53.07299" lon="-6.352199">
				 <ele>407.5</ele>
			 </trkpt>
			 <trkpt lat="53.073145" lon="-6.352269">
				 <ele>408.5</ele>
			 </trkpt>
			 <trkpt lat="53.073215" lon="-6.352291">
				 <ele>410</ele>
			 </trkpt>
			 <trkpt lat="53.073421" lon="-6.352354">
				 <ele>411.4</ele>
			 </trkpt>
			 <trkpt lat="53.073544" lon="-6.352408">
				 <ele>412.7</ele>
			 </trkpt>
			 <trkpt lat="53.074196" lon="-6.352835">
				 <ele>414</ele>
			 </trkpt>
			 <trkpt lat="53.074223" lon="-6.352852">
				 <ele>415.3</ele>
			 </trkpt>
			 <trkpt lat="53.075016" lon="-6.353244">
				 <ele>416.6</ele>
			 </trkpt>
			 <trkpt lat="53.075111" lon="-6.353302">
				 <ele>418.1</ele>
			 </trkpt>
			 <trkpt lat="53.075387" lon="-6.353517">
				 <ele>419.4</ele>
			 </trkpt>
			 <trkpt lat="53.075476" lon="-6.353574">
				 <ele>420.6</ele>
			 </trkpt>
			 <trkpt lat="53.075565" lon="-6.353616">
				 <ele>421.6</ele>
			 </trkpt>
			 <trkpt lat="53.075842" lon="-6.353697">
				 <ele>422.7</ele>
			 </trkpt>
			 <trkpt lat="53.075936" lon="-6.353739">
				 <ele>423.3</ele>
			 </trkpt>
			 <trkpt lat="53.076026" lon="-6.353795">
				 <ele>423.9</ele>
			 </trkpt>
			 <trkpt lat="53.076196" lon="-6.353929">
				 <ele>424.5</ele>
			 </trkpt>
			 <trkpt lat="53.076362" lon="-6.354044">
				 <ele>425.3</ele>
			 </trkpt>
			 <trkpt lat="53.076537" lon="-6.354118">
				 <ele>426</ele>
			 </trkpt>
			 <trkpt lat="53.076719" lon="-6.354167">
				 <ele>426.6</ele>
			 </trkpt>
			 <trkpt lat="53.076903" lon="-6.354242">
				 <ele>427.2</ele>
			 </trkpt>
			 <trkpt lat="53.077083" lon="-6.354363">
				 <ele>427.8</ele>
			 </trkpt>
			 <trkpt lat="53.077347" lon="-6.354575">
				 <ele>428.4</ele>
			 </trkpt>
			 <trkpt lat="53.077439" lon="-6.354634">
				 <ele>429</ele>
			 </trkpt>
			 <trkpt lat="53.077534" lon="-6.354679">
				 <ele>429.6</ele>
			 </trkpt>
			 <trkpt lat="53.077625" lon="-6.354708">
				 <ele>430.4</ele>
			 </trkpt>
			 <trkpt lat="53.077722" lon="-6.354722">
				 <ele>431</ele>
			 </trkpt>
			 <trkpt lat="53.077821" lon="-6.35473">
				 <ele>431.5</ele>
			 </trkpt>
			 <trkpt lat="53.07802" lon="-6.354722">
				 <ele>432</ele>
			 </trkpt>
			 <trkpt lat="53.078516" lon="-6.354668">
				 <ele>432.5</ele>
			 </trkpt>
			 <trkpt lat="53.078965" lon="-6.354562">
				 <ele>432.8</ele>
			 </trkpt>
			 <trkpt lat="53.079307" lon="-6.354514">
				 <ele>433.2</ele>
			 </trkpt>
			 <trkpt lat="53.079577" lon="-6.354509">
				 <ele>433.4</ele>
			 </trkpt>
			 <trkpt lat="53.079749" lon="-6.354531">
				 <ele>433.5</ele>
			 </trkpt>
			 <trkpt lat="53.079904" lon="-6.354606">
				 <ele>433.5</ele>
			 </trkpt>
			 <trkpt lat="53.080053" lon="-6.354736">
				 <ele>433.5</ele>
			 </trkpt>
			 <trkpt lat="53.080127" lon="-6.35483">
				 <ele>433.2</ele>
			 </trkpt>
			 <trkpt lat="53.080403" lon="-6.355231">
				 <ele>432.9</ele>
			 </trkpt>
			 <trkpt lat="53.080541" lon="-6.355407">
				 <ele>432.5</ele>
			 </trkpt>
			 <trkpt lat="53.080981" lon="-6.355873">
				 <ele>432.1</ele>
			 </trkpt>
			 <trkpt lat="53.081129" lon="-6.356016">
				 <ele>431.5</ele>
			 </trkpt>
			 <trkpt lat="53.081269" lon="-6.356125">
				 <ele>431</ele>
			 </trkpt>
			 <trkpt lat="53.081412" lon="-6.356214">
				 <ele>430.5</ele>
			 </trkpt>
			 <trkpt lat="53.081566" lon="-6.356293">
				 <ele>430.1</ele>
			 </trkpt>
			 <trkpt lat="53.082107" lon="-6.356544">
				 <ele>429.6</ele>
			 </trkpt>
			 <trkpt lat="53.082197" lon="-6.356576">
				 <ele>429.3</ele>
			 </trkpt>
			 <trkpt lat="53.082855" lon="-6.356758">
				 <ele>428.8</ele>
			 </trkpt>
			 <trkpt lat="53.083036" lon="-6.356828">
				 <ele>428.4</ele>
			 </trkpt>
			 <trkpt lat="53.083212" lon="-6.356956">
				 <ele>428</ele>
			 </trkpt>
			 <trkpt lat="53.083389" lon="-6.35713">
				 <ele>427.9</ele>
			 </trkpt>
			 <trkpt lat="53.083486" lon="-6.35721">
				 <ele>427.6</ele>
			 </trkpt>
			 <trkpt lat="53.083696" lon="-6.35733">
				 <ele>427.5</ele>
			 </trkpt>
			 <trkpt lat="53.083915" lon="-6.357385">
				 <ele>427.2</ele>
			 </trkpt>
			 <trkpt lat="53.084129" lon="-6.357386">
				 <ele>426.8</ele>
			 </trkpt>
			 <trkpt lat="53.084573" lon="-6.357347">
				 <ele>426.3</ele>
			 </trkpt>
			 <trkpt lat="53.085012" lon="-6.35728">
				 <ele>425.7</ele>
			 </trkpt>
			 <trkpt lat="53.085103" lon="-6.357246">
				 <ele>425.2</ele>
			 </trkpt>
			 <trkpt lat="53.085193" lon="-6.357199">
				 <ele>424.6</ele>
			 </trkpt>
			 <trkpt lat="53.085351" lon="-6.357068">
				 <ele>424.1</ele>
			 </trkpt>
			 <trkpt lat="53.085474" lon="-6.35688">
				 <ele>423.4</ele>
			 </trkpt>
			 <trkpt lat="53.085536" lon="-6.356721">
				 <ele>422.3</ele>
			 </trkpt>
			 <trkpt lat="53.085568" lon="-6.356639">
				 <ele>421.4</ele>
			 </trkpt>
			 <trkpt lat="53.085694" lon="-6.356428">
				 <ele>420.4</ele>
			 </trkpt>
			 <trkpt lat="53.085822" lon="-6.356273">
				 <ele>419.3</ele>
			 </trkpt>
			 <trkpt lat="53.085982" lon="-6.356132">
				 <ele>418.1</ele>
			 </trkpt>
			 <trkpt lat="53.086147" lon="-6.355951">
				 <ele>417</ele>
			 </trkpt>
			 <trkpt lat="53.086228" lon="-6.355846">
				 <ele>415.9</ele>
			 </trkpt>
			 <trkpt lat="53.086298" lon="-6.355734">
				 <ele>414.6</ele>
			 </trkpt>
			 <trkpt lat="53.086482" lon="-6.355345">
				 <ele>413.4</ele>
			 </trkpt>
			 <trkpt lat="53.086727" lon="-6.354791">
				 <ele>412.1</ele>
			 </trkpt>
			 <trkpt lat="53.086793" lon="-6.354661">
				 <ele>410.9</ele>
			 </trkpt>
			 <trkpt lat="53.086866" lon="-6.354539">
				 <ele>409.8</ele>
			 </trkpt>
			 <trkpt lat="53.087387" lon="-6.353841">
				 <ele>408.6</ele>
			 </trkpt>
			 <trkpt lat="53.087544" lon="-6.353618">
				 <ele>407.5</ele>
			 </trkpt>
			 <trkpt lat="53.087624" lon="-6.353514">
				 <ele>406.6</ele>
			 </trkpt>
			 <trkpt lat="53.08771" lon="-6.353418">
				 <ele>405.9</ele>
			 </trkpt>
			 <trkpt lat="53.087798" lon="-6.353335">
				 <ele>405.3</ele>
			 </trkpt>
			 <trkpt lat="53.088466" lon="-6.35288">
				 <ele>404.7</ele>
			 </trkpt>
			 <trkpt lat="53.088583" lon="-6.352763">
				 <ele>404.5</ele>
			 </trkpt>
			 <trkpt lat="53.08862" lon="-6.352719">
				 <ele>404.2</ele>
			 </trkpt>
			 <trkpt lat="53.088713" lon="-6.35259">
				 <ele>403.9</ele>
			 </trkpt>
			 <trkpt lat="53.088773" lon="-6.352471">
				 <ele>403.5</ele>
			 </trkpt>
			 <trkpt lat="53.088832" lon="-6.352347">
				 <ele>403.3</ele>
			 </trkpt>
			 <trkpt lat="53.088935" lon="-6.35207">
				 <ele>403.2</ele>
			 </trkpt>
			 <trkpt lat="53.089007" lon="-6.351764">
				 <ele>403.1</ele>
			 </trkpt>
			 <trkpt lat="53.089036" lon="-6.351448">
				 <ele>402.7</ele>
			 </trkpt>
			 <trkpt lat="53.08905" lon="-6.351291">
				 <ele>402.4</ele>
			 </trkpt>
			 <trkpt lat="53.0891" lon="-6.350988">
				 <ele>401.7</ele>
			 </trkpt>
			 <trkpt lat="53.089134" lon="-6.350845">
				 <ele>400.9</ele>
			 </trkpt>
			 <trkpt lat="53.089265" lon="-6.350427">
				 <ele>399.9</ele>
			 </trkpt>
			 <trkpt lat="53.089582" lon="-6.349579">
				 <ele>398.9</ele>
			 </trkpt>
			 <trkpt lat="53.08981" lon="-6.349123">
				 <ele>397.9</ele>
			 </trkpt>
			 <trkpt lat="53.089951" lon="-6.348882">
				 <ele>397.1</ele>
			 </trkpt>
			 <trkpt lat="53.090116" lon="-6.348675">
				 <ele>396.3</ele>
			 </trkpt>
			 <trkpt lat="53.090206" lon="-6.348583">
				 <ele>395.5</ele>
			 </trkpt>
			 <trkpt lat="53.090395" lon="-6.348418">
				 <ele>394.7</ele>
			 </trkpt>
			 <trkpt lat="53.090884" lon="-6.34809">
				 <ele>394.4</ele>
			 </trkpt>
			 <trkpt lat="53.091078" lon="-6.347989">
				 <ele>394.1</ele>
			 </trkpt>
			 <trkpt lat="53.091168" lon="-6.347967">
				 <ele>394.1</ele>
			 </trkpt>
			 <trkpt lat="53.091353" lon="-6.347961">
				 <ele>394.3</ele>
			 </trkpt>
			 <trkpt lat="53.091537" lon="-6.347984">
				 <ele>394.5</ele>
			 </trkpt>
			 <trkpt lat="53.09242" lon="-6.348193">
				 <ele>394.9</ele>
			 </trkpt>
			 <trkpt lat="53.093136" lon="-6.348335">
				 <ele>395.3</ele>
			 </trkpt>
			 <trkpt lat="53.093312" lon="-6.348396">
				 <ele>395.5</ele>
			 </trkpt>
			 <trkpt lat="53.093397" lon="-6.348438">
				 <ele>395.9</ele>
			 </trkpt>
			 <trkpt lat="53.093554" lon="-6.348565">
				 <ele>396.3</ele>
			 </trkpt>
			 <trkpt lat="53.093719" lon="-6.348714">
				 <ele>396.5</ele>
			 </trkpt>
			 <trkpt lat="53.093798" lon="-6.348779">
				 <ele>396.6</ele>
			 </trkpt>
			 <trkpt lat="53.094094" lon="-6.348932">
				 <ele>396.6</ele>
			 </trkpt>
			 <trkpt lat="53.094195" lon="-6.349013">
				 <ele>396.4</ele>
			 </trkpt>
			 <trkpt lat="53.094758" lon="-6.349573">
				 <ele>396.2</ele>
			 </trkpt>
			 <trkpt lat="53.094823" lon="-6.349596">
				 <ele>396.1</ele>
			 </trkpt>
			 <trkpt lat="53.094909" lon="-6.349587">
				 <ele>396.1</ele>
			 </trkpt>
			 <trkpt lat="53.09503" lon="-6.349539">
				 <ele>396.3</ele>
			 </trkpt>
			 <trkpt lat="53.095359" lon="-6.349296">
				 <ele>396.5</ele>
			 </trkpt>
			 <trkpt lat="53.095527" lon="-6.349113">
				 <ele>396.5</ele>
			 </trkpt>
			 <trkpt lat="53.095642" lon="-6.348948">
				 <ele>396.9</ele>
			 </trkpt>
			 <trkpt lat="53.095738" lon="-6.34886">
				 <ele>397.3</ele>
			 </trkpt>
			 <trkpt lat="53.095772" lon="-6.348848">
				 <ele>397.8</ele>
			 </trkpt>
			 <trkpt lat="53.095822" lon="-6.348831">
				 <ele>398.5</ele>
			 </trkpt>
			 <trkpt lat="53.095909" lon="-6.34883">
				 <ele>399.5</ele>
			 </trkpt>
			 <trkpt lat="53.096457" lon="-6.348922">
				 <ele>400.6</ele>
			 </trkpt>
			 <trkpt lat="53.096551" lon="-6.34893">
				 <ele>401.8</ele>
			 </trkpt>
			 <trkpt lat="53.096644" lon="-6.34893">
				 <ele>402.9</ele>
			 </trkpt>
			 <trkpt lat="53.096809" lon="-6.348891">
				 <ele>404.1</ele>
			 </trkpt>
			 <trkpt lat="53.096939" lon="-6.348767">
				 <ele>405.3</ele>
			 </trkpt>
			 <trkpt lat="53.097021" lon="-6.348565">
				 <ele>406.5</ele>
			 </trkpt>
			 <trkpt lat="53.097088" lon="-6.348322">
				 <ele>407.6</ele>
			 </trkpt>
			 <trkpt lat="53.097183" lon="-6.348109">
				 <ele>408.8</ele>
			 </trkpt>
			 <trkpt lat="53.097311" lon="-6.347939">
				 <ele>409.9</ele>
			 </trkpt>
			 <trkpt lat="53.097541" lon="-6.347695">
				 <ele>410.9</ele>
			 </trkpt>
			 <trkpt lat="53.097701" lon="-6.347507">
				 <ele>411.8</ele>
			 </trkpt>
			 <trkpt lat="53.097839" lon="-6.347287">
				 <ele>412.6</ele>
			 </trkpt>
			 <trkpt lat="53.097923" lon="-6.34711">
				 <ele>413.3</ele>
			 </trkpt>
			 <trkpt lat="53.097952" lon="-6.347045">
				 <ele>413.9</ele>
			 </trkpt>
			 <trkpt lat="53.098034" lon="-6.346767">
				 <ele>414.5</ele>
			 </trkpt>
			 <trkpt lat="53.09817" lon="-6.346034">
				 <ele>415.1</ele>
			 </trkpt>
			 <trkpt lat="53.09824" lon="-6.34574">
				 <ele>415.8</ele>
			 </trkpt>
			 <trkpt lat="53.098288" lon="-6.345602">
				 <ele>416.5</ele>
			 </trkpt>
			 <trkpt lat="53.098342" lon="-6.345475">
				 <ele>417.2</ele>
			 </trkpt>
			 <trkpt lat="53.098402" lon="-6.345362">
				 <ele>417.8</ele>
			 </trkpt>
			 <trkpt lat="53.098545" lon="-6.34516">
				 <ele>418.5</ele>
			 </trkpt>
			 <trkpt lat="53.098695" lon="-6.344993">
				 <ele>419.5</ele>
			 </trkpt>
			 <trkpt lat="53.098826" lon="-6.344874">
				 <ele>420.4</ele>
			 </trkpt>
			 <trkpt lat="53.098955" lon="-6.344798">
				 <ele>421.5</ele>
			 </trkpt>
			 <trkpt lat="53.099108" lon="-6.344794">
				 <ele>422.6</ele>
			 </trkpt>
			 <trkpt lat="53.09954" lon="-6.345008">
				 <ele>423.8</ele>
			 </trkpt>
			 <trkpt lat="53.09973" lon="-6.345085">
				 <ele>424.8</ele>
			 </trkpt>
			 <trkpt lat="53.099929" lon="-6.345136">
				 <ele>425.6</ele>
			 </trkpt>
			 <trkpt lat="53.100126" lon="-6.345165">
				 <ele>426.4</ele>
			 </trkpt>
			 <trkpt lat="53.100322" lon="-6.345169">
				 <ele>427.1</ele>
			 </trkpt>
			 <trkpt lat="53.100624" lon="-6.345156">
				 <ele>427.8</ele>
			 </trkpt>
			 <trkpt lat="53.100816" lon="-6.34511">
				 <ele>428.4</ele>
			 </trkpt>
			 <trkpt lat="53.100915" lon="-6.345066">
				 <ele>428.7</ele>
			 </trkpt>
			 <trkpt lat="53.101102" lon="-6.344957">
				 <ele>429.1</ele>
			 </trkpt>
			 <trkpt lat="53.101186" lon="-6.344888">
				 <ele>429.4</ele>
			 </trkpt>
			 <trkpt lat="53.101263" lon="-6.344799">
				 <ele>429.5</ele>
			 </trkpt>
			 <trkpt lat="53.101329" lon="-6.344692">
				 <ele>429.7</ele>
			 </trkpt>
			 <trkpt lat="53.101436" lon="-6.344457">
				 <ele>430</ele>
			 </trkpt>
			 <trkpt lat="53.101585" lon="-6.344063">
				 <ele>430.3</ele>
			 </trkpt>
			 <trkpt lat="53.101694" lon="-6.343816">
				 <ele>430.4</ele>
			 </trkpt>
			 <trkpt lat="53.10175" lon="-6.343699">
				 <ele>430.4</ele>
			 </trkpt>
			 <trkpt lat="53.101937" lon="-6.343361">
				 <ele>430.5</ele>
			 </trkpt>
			 <trkpt lat="53.102052" lon="-6.343117">
				 <ele>430.8</ele>
			 </trkpt>
			 <trkpt lat="53.102097" lon="-6.342982">
				 <ele>431.4</ele>
			 </trkpt>
			 <trkpt lat="53.102246" lon="-6.342421">
				 <ele>431.9</ele>
			 </trkpt>
			 <trkpt lat="53.102345" lon="-6.342143">
				 <ele>432.5</ele>
			 </trkpt>
			 <trkpt lat="53.102403" lon="-6.342015">
				 <ele>433.1</ele>
			 </trkpt>
			 <trkpt lat="53.102469" lon="-6.341892">
				 <ele>433.7</ele>
			 </trkpt>
			 <trkpt lat="53.102701" lon="-6.34154">
				 <ele>434.4</ele>
			 </trkpt>
			 <trkpt lat="53.102786" lon="-6.341432">
				 <ele>435</ele>
			 </trkpt>
			 <trkpt lat="53.102875" lon="-6.341336">
				 <ele>435.8</ele>
			 </trkpt>
			 <trkpt lat="53.10306" lon="-6.34117">
				 <ele>436.7</ele>
			 </trkpt>
			 <trkpt lat="53.103142" lon="-6.34108">
				 <ele>437.5</ele>
			 </trkpt>
			 <trkpt lat="53.103216" lon="-6.34097">
				 <ele>438.3</ele>
			 </trkpt>
			 <trkpt lat="53.103321" lon="-6.340728">
				 <ele>438.7</ele>
			 </trkpt>
			 <trkpt lat="53.103427" lon="-6.340442">
				 <ele>439.1</ele>
			 </trkpt>
			 <trkpt lat="53.103489" lon="-6.3403">
				 <ele>439.4</ele>
			 </trkpt>
			 <trkpt lat="53.103563" lon="-6.340173">
				 <ele>439.6</ele>
			 </trkpt>
			 <trkpt lat="53.103644" lon="-6.340057">
				 <ele>439.9</ele>
			 </trkpt>
			 <trkpt lat="53.10373" lon="-6.33996">
				 <ele>440.4</ele>
			 </trkpt>
			 <trkpt lat="53.103813" lon="-6.339878">
				 <ele>440.8</ele>
			 </trkpt>
			 <trkpt lat="53.103899" lon="-6.339829">
				 <ele>441.1</ele>
			 </trkpt>
			 <trkpt lat="53.103994" lon="-6.339802">
				 <ele>441.3</ele>
			 </trkpt>
			 <trkpt lat="53.104185" lon="-6.339775">
				 <ele>441.3</ele>
			 </trkpt>
			 <trkpt lat="53.104389" lon="-6.339765">
				 <ele>441.3</ele>
			 </trkpt>
			 <trkpt lat="53.104497" lon="-6.339749">
				 <ele>441.5</ele>
			 </trkpt>
			 <trkpt lat="53.104826" lon="-6.339634">
				 <ele>441.5</ele>
			 </trkpt>
			 <trkpt lat="53.104903" lon="-6.339607">
				 <ele>441.6</ele>
			 </trkpt>
			 <trkpt lat="53.105076" lon="-6.339565">
				 <ele>441.5</ele>
			 </trkpt>
			 <trkpt lat="53.10515" lon="-6.339594">
				 <ele>441.3</ele>
			 </trkpt>
			 <trkpt lat="53.105358" lon="-6.339701">
				 <ele>440.8</ele>
			 </trkpt>
			 <trkpt lat="53.105409" lon="-6.339707">
				 <ele>440.3</ele>
			 </trkpt>
			 <trkpt lat="53.105469" lon="-6.339677">
				 <ele>439.8</ele>
			 </trkpt>
			 <trkpt lat="53.105505" lon="-6.339642">
				 <ele>439.5</ele>
			 </trkpt>
			 <trkpt lat="53.105543" lon="-6.339561">
				 <ele>439.4</ele>
			 </trkpt>
			 <trkpt lat="53.105568" lon="-6.339462">
				 <ele>439.3</ele>
			 </trkpt>
			 <trkpt lat="53.105577" lon="-6.339307">
				 <ele>439</ele>
			 </trkpt>
			 <trkpt lat="53.105551" lon="-6.338693">
				 <ele>438.9</ele>
			 </trkpt>
			 <trkpt lat="53.10553" lon="-6.338542">
				 <ele>438.8</ele>
			 </trkpt>
			 <trkpt lat="53.105497" lon="-6.338431">
				 <ele>438.8</ele>
			 </trkpt>
			 <trkpt lat="53.105424" lon="-6.338299">
				 <ele>438.9</ele>
			 </trkpt>
			 <trkpt lat="53.105287" lon="-6.338096">
				 <ele>439</ele>
			 </trkpt>
			 <trkpt lat="53.104957" lon="-6.337656">
				 <ele>439.3</ele>
			 </trkpt>
			 <trkpt lat="53.104828" lon="-6.337421">
				 <ele>439.6</ele>
			 </trkpt>
			 <trkpt lat="53.104746" lon="-6.337247">
				 <ele>440</ele>
			 </trkpt>
			 <trkpt lat="53.104689" lon="-6.337109">
				 <ele>440.4</ele>
			 </trkpt>
			 <trkpt lat="53.104562" lon="-6.336749">
				 <ele>440.7</ele>
			 </trkpt>
			 <trkpt lat="53.104449" lon="-6.336463">
				 <ele>441.1</ele>
			 </trkpt>
			 <trkpt lat="53.104143" lon="-6.335854">
				 <ele>441.5</ele>
			 </trkpt>
			 <trkpt lat="53.10401" lon="-6.335542">
				 <ele>441.8</ele>
			 </trkpt>
			 <trkpt lat="53.103845" lon="-6.334998">
				 <ele>442.3</ele>
			 </trkpt>
			 <trkpt lat="53.10379" lon="-6.334773">
				 <ele>442.7</ele>
			 </trkpt>
			 <trkpt lat="53.103726" lon="-6.334537">
				 <ele>443.3</ele>
			 </trkpt>
			 <trkpt lat="53.103686" lon="-6.334316">
				 <ele>443.8</ele>
			 </trkpt>
			 <trkpt lat="53.10367" lon="-6.33415">
				 <ele>444.5</ele>
			 </trkpt>
			 <trkpt lat="53.10368" lon="-6.333806">
				 <ele>445.1</ele>
			 </trkpt>
			 <trkpt lat="53.103711" lon="-6.333487">
				 <ele>445.7</ele>
			 </trkpt>
			 <trkpt lat="53.103752" lon="-6.33315">
				 <ele>446.4</ele>
			 </trkpt>
			 <trkpt lat="53.103806" lon="-6.332814">
				 <ele>447</ele>
			 </trkpt>
			 <trkpt lat="53.103896" lon="-6.332358">
				 <ele>447.5</ele>
			 </trkpt>
			 <trkpt lat="53.10392" lon="-6.332193">
				 <ele>448.2</ele>
			 </trkpt>
			 <trkpt lat="53.103957" lon="-6.332037">
				 <ele>448.7</ele>
			 </trkpt>
			 <trkpt lat="53.104084" lon="-6.331577">
				 <ele>449.4</ele>
			 </trkpt>
			 <trkpt lat="53.104234" lon="-6.331141">
				 <ele>449.7</ele>
			 </trkpt>
			 <trkpt lat="53.104351" lon="-6.330874">
				 <ele>450</ele>
			 </trkpt>
			 <trkpt lat="53.10466" lon="-6.330231">
				 <ele>450.2</ele>
			 </trkpt>
			 <trkpt lat="53.104764" lon="-6.329963">
				 <ele>450.3</ele>
			 </trkpt>
			 <trkpt lat="53.104858" lon="-6.329679">
				 <ele>450.4</ele>
			 </trkpt>
			 <trkpt lat="53.105244" lon="-6.32838">
				 <ele>450.4</ele>
			 </trkpt>
			 <trkpt lat="53.105315" lon="-6.328141">
				 <ele>450.4</ele>
			 </trkpt>
			 <trkpt lat="53.105421" lon="-6.327823">
				 <ele>450.4</ele>
			 </trkpt>
			 <trkpt lat="53.105478" lon="-6.327684">
				 <ele>450.3</ele>
			 </trkpt>
			 <trkpt lat="53.10554" lon="-6.327567">
				 <ele>450.2</ele>
			 </trkpt>
			 <trkpt lat="53.1056" lon="-6.327494">
				 <ele>450.1</ele>
			 </trkpt>
			 <trkpt lat="53.105677" lon="-6.327401">
				 <ele>450.2</ele>
			 </trkpt>
			 <trkpt lat="53.105839" lon="-6.327333">
				 <ele>450.4</ele>
			 </trkpt>
			 <trkpt lat="53.106013" lon="-6.32731">
				 <ele>450.5</ele>
			 </trkpt>
			 <trkpt lat="53.106194" lon="-6.327321">
				 <ele>450.5</ele>
			 </trkpt>
			 <trkpt lat="53.106391" lon="-6.327369">
				 <ele>450.5</ele>
			 </trkpt>
			 <trkpt lat="53.106499" lon="-6.327405">
				 <ele>450.5</ele>
			 </trkpt>
			 <trkpt lat="53.106833" lon="-6.327564">
				 <ele>450.5</ele>
			 </trkpt>
			 <trkpt lat="53.106948" lon="-6.327614">
				 <ele>450.6</ele>
			 </trkpt>
			 <trkpt lat="53.107059" lon="-6.32765">
				 <ele>450.7</ele>
			 </trkpt>
			 <trkpt lat="53.107172" lon="-6.327663">
				 <ele>450.9</ele>
			 </trkpt>
			 <trkpt lat="53.107278" lon="-6.327661">
				 <ele>451</ele>
			 </trkpt>
			 <trkpt lat="53.107601" lon="-6.327589">
				 <ele>451.1</ele>
			 </trkpt>
			 <trkpt lat="53.107705" lon="-6.327577">
				 <ele>451</ele>
			 </trkpt>
			 <trkpt lat="53.107811" lon="-6.327582">
				 <ele>450.9</ele>
			 </trkpt>
			 <trkpt lat="53.107923" lon="-6.327602">
				 <ele>450.7</ele>
			 </trkpt>
			 <trkpt lat="53.108032" lon="-6.327628">
				 <ele>450.6</ele>
			 </trkpt>
			 <trkpt lat="53.108139" lon="-6.327666">
				 <ele>450.5</ele>
			 </trkpt>
			 <trkpt lat="53.108585" lon="-6.327848">
				 <ele>450.6</ele>
			 </trkpt>
			 <trkpt lat="53.108814" lon="-6.327951">
				 <ele>450.6</ele>
			 </trkpt>
			 <trkpt lat="53.109042" lon="-6.328039">
				 <ele>450.5</ele>
			 </trkpt>
			 <trkpt lat="53.109274" lon="-6.328102">
				 <ele>450.4</ele>
			 </trkpt>
			 <trkpt lat="53.109391" lon="-6.328123">
				 <ele>450.2</ele>
			 </trkpt>
			 <trkpt lat="53.109623" lon="-6.328138">
				 <ele>450</ele>
			 </trkpt>
			 <trkpt lat="53.109858" lon="-6.32813">
				 <ele>449.9</ele>
			 </trkpt>
			 <trkpt lat="53.11055" lon="-6.32805">
				 <ele>450</ele>
			 </trkpt>
			 <trkpt lat="53.11079" lon="-6.328037">
				 <ele>450.2</ele>
			 </trkpt>
			 <trkpt lat="53.111161" lon="-6.328033">
				 <ele>450.5</ele>
			 </trkpt>
			 <trkpt lat="53.111284" lon="-6.328022">
				 <ele>450.7</ele>
			 </trkpt>
			 <trkpt lat="53.1114" lon="-6.327995">
				 <ele>450.8</ele>
			 </trkpt>
			 <trkpt lat="53.111513" lon="-6.327947">
				 <ele>450.9</ele>
			 </trkpt>
			 <trkpt lat="53.111818" lon="-6.327768">
				 <ele>451.1</ele>
			 </trkpt>
			 <trkpt lat="53.111913" lon="-6.327744">
				 <ele>451.2</ele>
			 </trkpt>
			 <trkpt lat="53.112031" lon="-6.327736">
				 <ele>451.2</ele>
			 </trkpt>
			 <trkpt lat="53.112291" lon="-6.327767">
				 <ele>451.2</ele>
			 </trkpt>
			 <trkpt lat="53.1124" lon="-6.327769">
				 <ele>451.3</ele>
			 </trkpt>
			 <trkpt lat="53.112593" lon="-6.327754">
				 <ele>451.3</ele>
			 </trkpt>
			 <trkpt lat="53.112775" lon="-6.327688">
				 <ele>451.3</ele>
			 </trkpt>
			 <trkpt lat="53.112944" lon="-6.327593">
				 <ele>451.2</ele>
			 </trkpt>
			 <trkpt lat="53.113127" lon="-6.327513">
				 <ele>451.2</ele>
			 </trkpt>
			 <trkpt lat="53.113363" lon="-6.327448">
				 <ele>451.2</ele>
			 </trkpt>
			 <trkpt lat="53.113583" lon="-6.327406">
				 <ele>451.1</ele>
			 </trkpt>
			 <trkpt lat="53.113673" lon="-6.327379">
				 <ele>451</ele>
			 </trkpt>
			 <trkpt lat="53.113726" lon="-6.327349">
				 <ele>451.1</ele>
			 </trkpt>
			 <trkpt lat="53.113767" lon="-6.327316">
				 <ele>451.4</ele>
			 </trkpt>
			 <trkpt lat="53.113905" lon="-6.327169">
				 <ele>451.6</ele>
			 </trkpt>
			 <trkpt lat="53.11401" lon="-6.327029">
				 <ele>451.8</ele>
			 </trkpt>
			 <trkpt lat="53.11423" lon="-6.326759">
				 <ele>451.9</ele>
			 </trkpt>
			 <trkpt lat="53.114395" lon="-6.326531">
				 <ele>452</ele>
			 </trkpt>
			 <trkpt lat="53.114448" lon="-6.326426">
				 <ele>452.1</ele>
			 </trkpt>
			 <trkpt lat="53.114488" lon="-6.326321">
				 <ele>452</ele>
			 </trkpt>
			 <trkpt lat="53.114576" lon="-6.326071">
				 <ele>451.9</ele>
			 </trkpt>
			 <trkpt lat="53.114656" lon="-6.325846">
				 <ele>451.9</ele>
			 </trkpt>
			 <trkpt lat="53.11468" lon="-6.32571">
				 <ele>451.7</ele>
			 </trkpt>
			 <trkpt lat="53.114693" lon="-6.325537">
				 <ele>451.5</ele>
			 </trkpt>
			 <trkpt lat="53.114676" lon="-6.325386">
				 <ele>451</ele>
			 </trkpt>
			 <trkpt lat="53.114651" lon="-6.325282">
				 <ele>450.6</ele>
			 </trkpt>
			 <trkpt lat="53.114614" lon="-6.325171">
				 <ele>450.4</ele>
			 </trkpt>
			 <trkpt lat="53.114432" lon="-6.324817">
				 <ele>450.3</ele>
			 </trkpt>
			 <trkpt lat="53.114388" lon="-6.324694">
				 <ele>450.2</ele>
			 </trkpt>
			 <trkpt lat="53.114358" lon="-6.324514">
				 <ele>450.1</ele>
			 </trkpt>
			 <trkpt lat="53.114335" lon="-6.324265">
				 <ele>450.1</ele>
			 </trkpt>
			 <trkpt lat="53.114319" lon="-6.323959">
				 <ele>450</ele>
			 </trkpt>
			 <trkpt lat="53.114289" lon="-6.323692">
				 <ele>449.9</ele>
			 </trkpt>
			 <trkpt lat="53.114262" lon="-6.32356">
				 <ele>450</ele>
			 </trkpt>
			 <trkpt lat="53.114221" lon="-6.323407">
				 <ele>450.1</ele>
			 </trkpt>
			 <trkpt lat="53.114119" lon="-6.323156">
				 <ele>450.4</ele>
			 </trkpt>
			 <trkpt lat="53.114079" lon="-6.323015">
				 <ele>450.5</ele>
			 </trkpt>
			 <trkpt lat="53.114061" lon="-6.322881">
				 <ele>450.6</ele>
			 </trkpt>
			 <trkpt lat="53.114079" lon="-6.322733">
				 <ele>450.7</ele>
			 </trkpt>
			 <trkpt lat="53.114111" lon="-6.322608">
				 <ele>450.9</ele>
			 </trkpt>
			 <trkpt lat="53.114199" lon="-6.322378">
				 <ele>451.1</ele>
			 </trkpt>
			 <trkpt lat="53.114266" lon="-6.322273">
				 <ele>451.4</ele>
			 </trkpt>
			 <trkpt lat="53.11434" lon="-6.322182">
				 <ele>451.7</ele>
			 </trkpt>
			 <trkpt lat="53.114575" lon="-6.321942">
				 <ele>452.2</ele>
			 </trkpt>
			 <trkpt lat="53.114707" lon="-6.321738">
				 <ele>452.7</ele>
			 </trkpt>
			 <trkpt lat="53.114761" lon="-6.321614">
				 <ele>453.3</ele>
			 </trkpt>
			 <trkpt lat="53.114895" lon="-6.321209">
				 <ele>453.8</ele>
			 </trkpt>
			 <trkpt lat="53.114951" lon="-6.321074">
				 <ele>454.6</ele>
			 </trkpt>
			 <trkpt lat="53.115019" lon="-6.320951">
				 <ele>455.5</ele>
			 </trkpt>
			 <trkpt lat="53.115167" lon="-6.320719">
				 <ele>456.4</ele>
			 </trkpt>
			 <trkpt lat="53.115244" lon="-6.32063">
				 <ele>457.2</ele>
			 </trkpt>
			 <trkpt lat="53.115333" lon="-6.320536">
				 <ele>458</ele>
			 </trkpt>
			 <trkpt lat="53.115599" lon="-6.320314">
				 <ele>458.8</ele>
			 </trkpt>
			 <trkpt lat="53.115673" lon="-6.320236">
				 <ele>459.6</ele>
			 </trkpt>
			 <trkpt lat="53.115727" lon="-6.320123">
				 <ele>460.4</ele>
			 </trkpt>
			 <trkpt lat="53.115774" lon="-6.319997">
				 <ele>461</ele>
			 </trkpt>
			 <trkpt lat="53.115812" lon="-6.319861">
				 <ele>461.6</ele>
			 </trkpt>
			 <trkpt lat="53.115881" lon="-6.319401">
				 <ele>462.2</ele>
			 </trkpt>
			 <trkpt lat="53.115872" lon="-6.319237">
				 <ele>462.5</ele>
			 </trkpt>
			 <trkpt lat="53.115842" lon="-6.318981">
				 <ele>462.5</ele>
			 </trkpt>
			 <trkpt lat="53.115755" lon="-6.31863">
				 <ele>462.7</ele>
			 </trkpt>
			 <trkpt lat="53.115631" lon="-6.318209">
				 <ele>462.8</ele>
			 </trkpt>
			 <trkpt lat="53.115567" lon="-6.317882">
				 <ele>462.9</ele>
			 </trkpt>
			 <trkpt lat="53.115545" lon="-6.317722">
				 <ele>462.9</ele>
			 </trkpt>
			 <trkpt lat="53.115515" lon="-6.317408">
				 <ele>463</ele>
			 </trkpt>
			 <trkpt lat="53.115422" lon="-6.316215">
				 <ele>463.1</ele>
			 </trkpt>
			 <trkpt lat="53.115415" lon="-6.315887">
				 <ele>463.3</ele>
			 </trkpt>
			 <trkpt lat="53.115422" lon="-6.315731">
				 <ele>463.5</ele>
			 </trkpt>
			 <trkpt lat="53.115489" lon="-6.314938">
				 <ele>463.6</ele>
			 </trkpt>
			 <trkpt lat="53.115509" lon="-6.314785">
				 <ele>463.9</ele>
			 </trkpt>
			 <trkpt lat="53.115541" lon="-6.314642">
				 <ele>464.2</ele>
			 </trkpt>
			 <trkpt lat="53.115583" lon="-6.314499">
				 <ele>464.4</ele>
			 </trkpt>
			 <trkpt lat="53.115632" lon="-6.314368">
				 <ele>464.5</ele>
			 </trkpt>
			 <trkpt lat="53.115746" lon="-6.314142">
				 <ele>464.8</ele>
			 </trkpt>
			 <trkpt lat="53.116078" lon="-6.313623">
				 <ele>465.2</ele>
			 </trkpt>
			 <trkpt lat="53.116171" lon="-6.313378">
				 <ele>465.7</ele>
			 </trkpt>
			 <trkpt lat="53.116297" lon="-6.312804">
				 <ele>466.4</ele>
			 </trkpt>
			 <trkpt lat="53.116344" lon="-6.312671">
				 <ele>466.9</ele>
			 </trkpt>
			 <trkpt lat="53.116475" lon="-6.312471">
				 <ele>467.5</ele>
			 </trkpt>
			 <trkpt lat="53.116607" lon="-6.312343">
				 <ele>467.8</ele>
			 </trkpt>
			 <trkpt lat="53.116935" lon="-6.312113">
				 <ele>468.1</ele>
			 </trkpt>
			 <trkpt lat="53.117009" lon="-6.312007">
				 <ele>468.5</ele>
			 </trkpt>
			 <trkpt lat="53.117068" lon="-6.311883">
				 <ele>468.9</ele>
			 </trkpt>
			 <trkpt lat="53.117115" lon="-6.311741">
				 <ele>469.4</ele>
			 </trkpt>
			 <trkpt lat="53.117207" lon="-6.311195">
				 <ele>469.7</ele>
			 </trkpt>
			 <trkpt lat="53.117254" lon="-6.310999">
				 <ele>470</ele>
			 </trkpt>
			 <trkpt lat="53.117343" lon="-6.310745">
				 <ele>470</ele>
			 </trkpt>
			 <trkpt lat="53.117523" lon="-6.310334">
				 <ele>469.9</ele>
			 </trkpt>
			 <trkpt lat="53.117571" lon="-6.310176">
				 <ele>469.9</ele>
			 </trkpt>
			 <trkpt lat="53.117583" lon="-6.310087">
				 <ele>469.9</ele>
			 </trkpt>
			 <trkpt lat="53.117591" lon="-6.309907">
				 <ele>470.1</ele>
			 </trkpt>
			 <trkpt lat="53.117562" lon="-6.309419">
				 <ele>470.3</ele>
			 </trkpt>
			 <trkpt lat="53.117525" lon="-6.309245">
				 <ele>470.6</ele>
			 </trkpt>
			 <trkpt lat="53.117471" lon="-6.309097">
				 <ele>471</ele>
			 </trkpt>
			 <trkpt lat="53.117335" lon="-6.308837">
				 <ele>471.5</ele>
			 </trkpt>
			 <trkpt lat="53.117289" lon="-6.308702">
				 <ele>472</ele>
			 </trkpt>
			 <trkpt lat="53.117248" lon="-6.308549">
				 <ele>472.5</ele>
			 </trkpt>
			 <trkpt lat="53.117145" lon="-6.308089">
				 <ele>473.2</ele>
			 </trkpt>
			 <trkpt lat="53.117089" lon="-6.307726">
				 <ele>473.9</ele>
			 </trkpt>
			 <trkpt lat="53.117064" lon="-6.307437">
				 <ele>474.6</ele>
			 </trkpt>
			 <trkpt lat="53.117047" lon="-6.307145">
				 <ele>475.5</ele>
			 </trkpt>
			 <trkpt lat="53.117015" lon="-6.30689">
				 <ele>476.4</ele>
			 </trkpt>
			 <trkpt lat="53.116959" lon="-6.306622">
				 <ele>477.2</ele>
			 </trkpt>
			 <trkpt lat="53.116833" lon="-6.306149">
				 <ele>477.8</ele>
			 </trkpt>
			 <trkpt lat="53.116789" lon="-6.305889">
				 <ele>478.5</ele>
			 </trkpt>
			 <trkpt lat="53.116768" lon="-6.305678">
				 <ele>479.3</ele>
			 </trkpt>
			 <trkpt lat="53.11672" lon="-6.305359">
				 <ele>479.9</ele>
			 </trkpt>
			 <trkpt lat="53.116589" lon="-6.304893">
				 <ele>480.6</ele>
			 </trkpt>
			 <trkpt lat="53.116536" lon="-6.304654">
				 <ele>481.4</ele>
			 </trkpt>
			 <trkpt lat="53.116394" lon="-6.303941">
				 <ele>482.1</ele>
			 </trkpt>
			 <trkpt lat="53.116364" lon="-6.303696">
				 <ele>482.8</ele>
			 </trkpt>
			 <trkpt lat="53.11636" lon="-6.30345">
				 <ele>483.5</ele>
			 </trkpt>
			 <trkpt lat="53.11639" lon="-6.303208">
				 <ele>484.1</ele>
			 </trkpt>
			 <trkpt lat="53.116461" lon="-6.302981">
				 <ele>485</ele>
			 </trkpt>
			 <trkpt lat="53.116557" lon="-6.302766">
				 <ele>485.9</ele>
			 </trkpt>
			 <trkpt lat="53.116617" lon="-6.302648">
				 <ele>486.7</ele>
			 </trkpt>
			 <trkpt lat="53.11676" lon="-6.302412">
				 <ele>487.5</ele>
			 </trkpt>
			 <trkpt lat="53.116916" lon="-6.302205">
				 <ele>488.3</ele>
			 </trkpt>
			 <trkpt lat="53.117154" lon="-6.301916">
				 <ele>489</ele>
			 </trkpt>
			 <trkpt lat="53.117234" lon="-6.301822">
				 <ele>489.7</ele>
			 </trkpt>
			 <trkpt lat="53.117336" lon="-6.301728">
				 <ele>490.5</ele>
			 </trkpt>
			 <trkpt lat="53.117668" lon="-6.301498">
				 <ele>491.1</ele>
			 </trkpt>
			 <trkpt lat="53.117734" lon="-6.301441">
				 <ele>491.8</ele>
			 </trkpt>
			 <trkpt lat="53.117836" lon="-6.30134">
				 <ele>492.5</ele>
			 </trkpt>
			 <trkpt lat="53.11816" lon="-6.300984">
				 <ele>493</ele>
			 </trkpt>
			 <trkpt lat="53.118339" lon="-6.300847">
				 <ele>493.5</ele>
			 </trkpt>
			 <trkpt lat="53.118434" lon="-6.300794">
				 <ele>493.9</ele>
			 </trkpt>
			 <trkpt lat="53.118529" lon="-6.300752">
				 <ele>494.3</ele>
			 </trkpt>
			 <trkpt lat="53.118623" lon="-6.300728">
				 <ele>494.6</ele>
			 </trkpt>
			 <trkpt lat="53.118719" lon="-6.300721">
				 <ele>495</ele>
			 </trkpt>
			 <trkpt lat="53.118914" lon="-6.300733">
				 <ele>495.3</ele>
			 </trkpt>
			 <trkpt lat="53.119108" lon="-6.300796">
				 <ele>495.5</ele>
			 </trkpt>
			 <trkpt lat="53.119584" lon="-6.301097">
				 <ele>495.6</ele>
			 </trkpt>
			 <trkpt lat="53.119795" lon="-6.30123">
				 <ele>495.8</ele>
			 </trkpt>
			 <trkpt lat="53.120368" lon="-6.30165">
				 <ele>496</ele>
			 </trkpt>
			 <trkpt lat="53.120555" lon="-6.301805">
				 <ele>495.9</ele>
			 </trkpt>
			 <trkpt lat="53.120747" lon="-6.301975">
				 <ele>495.8</ele>
			 </trkpt>
			 <trkpt lat="53.120941" lon="-6.302163">
				 <ele>495.8</ele>
			 </trkpt>
			 <trkpt lat="53.121289" lon="-6.302538">
				 <ele>495.8</ele>
			 </trkpt>
			 <trkpt lat="53.121362" lon="-6.302618">
				 <ele>495.7</ele>
			 </trkpt>
			 <trkpt lat="53.121666" lon="-6.303004">
				 <ele>495.6</ele>
			 </trkpt>
			 <trkpt lat="53.121826" lon="-6.303178">
				 <ele>495.7</ele>
			 </trkpt>
			 <trkpt lat="53.121974" lon="-6.303274">
				 <ele>495.7</ele>
			 </trkpt>
			 <trkpt lat="53.122328" lon="-6.303412">
				 <ele>495.5</ele>
			 </trkpt>
			 <trkpt lat="53.122615" lon="-6.30354">
				 <ele>495.1</ele>
			 </trkpt>
			 <trkpt lat="53.12307" lon="-6.303822">
				 <ele>494.7</ele>
			 </trkpt>
			 <trkpt lat="53.123458" lon="-6.30402">
				 <ele>494.5</ele>
			 </trkpt>
			 <trkpt lat="53.123634" lon="-6.304082">
				 <ele>494.2</ele>
			 </trkpt>
			 <trkpt lat="53.124132" lon="-6.304174">
				 <ele>493.9</ele>
			 </trkpt>
			 <trkpt lat="53.124263" lon="-6.304232">
				 <ele>493.7</ele>
			 </trkpt>
			 <trkpt lat="53.124439" lon="-6.304332">
				 <ele>493.5</ele>
			 </trkpt>
			 <trkpt lat="53.124587" lon="-6.304401">
				 <ele>493.3</ele>
			 </trkpt>
			 <trkpt lat="53.124966" lon="-6.304605">
				 <ele>492.8</ele>
			 </trkpt>
			 <trkpt lat="53.125178" lon="-6.304715">
				 <ele>492.4</ele>
			 </trkpt>
			 <trkpt lat="53.125292" lon="-6.304753">
				 <ele>492</ele>
			 </trkpt>
			 <trkpt lat="53.125391" lon="-6.30476">
				 <ele>491.6</ele>
			 </trkpt>
			 <trkpt lat="53.125481" lon="-6.30475">
				 <ele>491.3</ele>
			 </trkpt>
			 <trkpt lat="53.125592" lon="-6.304719">
				 <ele>491</ele>
			 </trkpt>
			 <trkpt lat="53.125707" lon="-6.304673">
				 <ele>490.6</ele>
			 </trkpt>
			 <trkpt lat="53.126266" lon="-6.304315">
				 <ele>490.2</ele>
			 </trkpt>
			 <trkpt lat="53.126379" lon="-6.304255">
				 <ele>489.7</ele>
			 </trkpt>
			 <trkpt lat="53.126527" lon="-6.304208">
				 <ele>489.3</ele>
			 </trkpt>
			 <trkpt lat="53.126638" lon="-6.30418">
				 <ele>489.2</ele>
			 </trkpt>
			 <trkpt lat="53.1268" lon="-6.304169">
				 <ele>489.1</ele>
			 </trkpt>
			 <trkpt lat="53.127038" lon="-6.304216">
				 <ele>489.1</ele>
			 </trkpt>
			 <trkpt lat="53.127142" lon="-6.30429">
				 <ele>489.3</ele>
			 </trkpt>
			 <trkpt lat="53.127208" lon="-6.304374">
				 <ele>489.5</ele>
			 </trkpt>
			 <trkpt lat="53.127437" lon="-6.3048">
				 <ele>489.7</ele>
			 </trkpt>
			 <trkpt lat="53.127552" lon="-6.304973">
				 <ele>490.1</ele>
			 </trkpt>
			 <trkpt lat="53.127652" lon="-6.305098">
				 <ele>490.5</ele>
			 </trkpt>
			 <trkpt lat="53.128204" lon="-6.305611">
				 <ele>491.2</ele>
			 </trkpt>
			 <trkpt lat="53.128759" lon="-6.306093">
				 <ele>491.7</ele>
			 </trkpt>
			 <trkpt lat="53.128834" lon="-6.306203">
				 <ele>492.3</ele>
			 </trkpt>
			 <trkpt lat="53.128897" lon="-6.306313">
				 <ele>492.5</ele>
			 </trkpt>
			 <trkpt lat="53.128941" lon="-6.306434">
				 <ele>492.7</ele>
			 </trkpt>
			 <trkpt lat="53.129029" lon="-6.306601">
				 <ele>492.9</ele>
			 </trkpt>
			 <trkpt lat="53.129131" lon="-6.306699">
				 <ele>493.1</ele>
			 </trkpt>
			 <trkpt lat="53.129275" lon="-6.30681">
				 <ele>493.3</ele>
			 </trkpt>
			 <trkpt lat="53.12934" lon="-6.306882">
				 <ele>493.4</ele>
			 </trkpt>
			 <trkpt lat="53.1294" lon="-6.307">
				 <ele>493.5</ele>
			 </trkpt>
			 <trkpt lat="53.129439" lon="-6.307122">
				 <ele>493.5</ele>
			 </trkpt>
			 <trkpt lat="53.129455" lon="-6.307247">
				 <ele>493.7</ele>
			 </trkpt>
			 <trkpt lat="53.129455" lon="-6.307377">
				 <ele>494</ele>
			 </trkpt>
			 <trkpt lat="53.129429" lon="-6.307501">
				 <ele>494.4</ele>
			 </trkpt>
			 <trkpt lat="53.129393" lon="-6.307606">
				 <ele>494.8</ele>
			 </trkpt>
			 <trkpt lat="53.129343" lon="-6.307719">
				 <ele>495.5</ele>
			 </trkpt>
			 <trkpt lat="53.129315" lon="-6.307856">
				 <ele>496.1</ele>
			 </trkpt>
			 <trkpt lat="53.129321" lon="-6.307988">
				 <ele>496.7</ele>
			 </trkpt>
			 <trkpt lat="53.129368" lon="-6.308157">
				 <ele>497.3</ele>
			 </trkpt>
			 <trkpt lat="53.129439" lon="-6.308334">
				 <ele>497.7</ele>
			 </trkpt>
			 <trkpt lat="53.129523" lon="-6.308473">
				 <ele>498</ele>
			 </trkpt>
			 <trkpt lat="53.129627" lon="-6.308537">
				 <ele>498.2</ele>
			 </trkpt>
			 <trkpt lat="53.129705" lon="-6.30854">
				 <ele>498.2</ele>
			 </trkpt>
			 <trkpt lat="53.12977" lon="-6.308526">
				 <ele>498</ele>
			 </trkpt>
			 <trkpt lat="53.129919" lon="-6.308476">
				 <ele>497.8</ele>
			 </trkpt>
			 <trkpt lat="53.13006" lon="-6.308416">
				 <ele>497.5</ele>
			 </trkpt>
			 <trkpt lat="53.130203" lon="-6.308306">
				 <ele>497.2</ele>
			 </trkpt>
			 <trkpt lat="53.130276" lon="-6.308224">
				 <ele>496.7</ele>
			 </trkpt>
			 <trkpt lat="53.130405" lon="-6.308128">
				 <ele>496.2</ele>
			 </trkpt>
			 <trkpt lat="53.130497" lon="-6.308089">
				 <ele>495.6</ele>
			 </trkpt>
			 <trkpt lat="53.130743" lon="-6.308017">
				 <ele>495</ele>
			 </trkpt>
			 <trkpt lat="53.130891" lon="-6.30796">
				 <ele>494.4</ele>
			 </trkpt>
			 <trkpt lat="53.131072" lon="-6.307859">
				 <ele>493.8</ele>
			 </trkpt>
			 <trkpt lat="53.131174" lon="-6.307763">
				 <ele>493.2</ele>
			 </trkpt>
			 <trkpt lat="53.131314" lon="-6.307582">
				 <ele>492.6</ele>
			 </trkpt>
			 <trkpt lat="53.131563" lon="-6.307188">
				 <ele>492</ele>
			 </trkpt>
			 <trkpt lat="53.131673" lon="-6.307043">
				 <ele>491.5</ele>
			 </trkpt>
			 <trkpt lat="53.131731" lon="-6.306985">
				 <ele>491</ele>
			 </trkpt>
			 <trkpt lat="53.131821" lon="-6.306936">
				 <ele>490.6</ele>
			 </trkpt>
			 <trkpt lat="53.131898" lon="-6.306926">
				 <ele>490.4</ele>
			 </trkpt>
			 <trkpt lat="53.131994" lon="-6.306944">
				 <ele>490.3</ele>
			 </trkpt>
			 <trkpt lat="53.132084" lon="-6.306976">
				 <ele>490.4</ele>
			 </trkpt>
			 <trkpt lat="53.132242" lon="-6.30706">
				 <ele>490.5</ele>
			 </trkpt>
			 <trkpt lat="53.132332" lon="-6.307123">
				 <ele>490.8</ele>
			 </trkpt>
			 <trkpt lat="53.132397" lon="-6.307183">
				 <ele>491.3</ele>
			 </trkpt>
			 <trkpt lat="53.132474" lon="-6.307271">
				 <ele>491.7</ele>
			 </trkpt>
			 <trkpt lat="53.132542" lon="-6.307365">
				 <ele>492.3</ele>
			 </trkpt>
			 <trkpt lat="53.13267" lon="-6.30756">
				 <ele>492.7</ele>
			 </trkpt>
			 <trkpt lat="53.132769" lon="-6.307765">
				 <ele>493.2</ele>
			 </trkpt>
			 <trkpt lat="53.132878" lon="-6.30802">
				 <ele>493.6</ele>
			 </trkpt>
			 <trkpt lat="53.132971" lon="-6.308216">
				 <ele>494.2</ele>
			 </trkpt>
			 <trkpt lat="53.133087" lon="-6.3084">
				 <ele>494.6</ele>
			 </trkpt>
			 <trkpt lat="53.133318" lon="-6.308725">
				 <ele>495.1</ele>
			 </trkpt>
			 <trkpt lat="53.133446" lon="-6.308881">
				 <ele>495.4</ele>
			 </trkpt>
			 <trkpt lat="53.133538" lon="-6.308978">
				 <ele>495.5</ele>
			 </trkpt>
			 <trkpt lat="53.133629" lon="-6.309046">
				 <ele>495.6</ele>
			 </trkpt>
			 <trkpt lat="53.13373" lon="-6.30909">
				 <ele>495.7</ele>
			 </trkpt>
			 <trkpt lat="53.133867" lon="-6.309123">
				 <ele>495.7</ele>
			 </trkpt>
			 <trkpt lat="53.134221" lon="-6.309186">
				 <ele>495.9</ele>
			 </trkpt>
			 <trkpt lat="53.13433" lon="-6.309224">
				 <ele>496.1</ele>
			 </trkpt>
			 <trkpt lat="53.134414" lon="-6.309282">
				 <ele>496.3</ele>
			 </trkpt>
			 <trkpt lat="53.134496" lon="-6.309357">
				 <ele>496.4</ele>
			 </trkpt>
			 <trkpt lat="53.13457" lon="-6.309441">
				 <ele>496.3</ele>
			 </trkpt>
			 <trkpt lat="53.134699" lon="-6.30962">
				 <ele>496.2</ele>
			 </trkpt>
			 <trkpt lat="53.13478" lon="-6.309703">
				 <ele>496.3</ele>
			 </trkpt>
			 <trkpt lat="53.13488" lon="-6.30978">
				 <ele>496.4</ele>
			 </trkpt>
			 <trkpt lat="53.134978" lon="-6.3098">
				 <ele>496.5</ele>
			 </trkpt>
			 <trkpt lat="53.135269" lon="-6.309789">
				 <ele>496.7</ele>
			 </trkpt>
			 <trkpt lat="53.135354" lon="-6.309823">
				 <ele>497</ele>
			 </trkpt>
			 <trkpt lat="53.135424" lon="-6.309887">
				 <ele>497</ele>
			 </trkpt>
			 <trkpt lat="53.135493" lon="-6.30998">
				 <ele>496.9</ele>
			 </trkpt>
			 <trkpt lat="53.135581" lon="-6.310123">
				 <ele>497</ele>
			 </trkpt>
			 <trkpt lat="53.135652" lon="-6.31021">
				 <ele>497.1</ele>
			 </trkpt>
			 <trkpt lat="53.135859" lon="-6.310342">
				 <ele>497.4</ele>
			 </trkpt>
			 <trkpt lat="53.13615" lon="-6.310444">
				 <ele>497.5</ele>
			 </trkpt>
			 <trkpt lat="53.136289" lon="-6.310592">
				 <ele>497.7</ele>
			 </trkpt>
			 <trkpt lat="53.136552" lon="-6.31106">
				 <ele>497.9</ele>
			 </trkpt>
			 <trkpt lat="53.136687" lon="-6.311239">
				 <ele>498</ele>
			 </trkpt>
			 <trkpt lat="53.136802" lon="-6.311357">
				 <ele>498</ele>
			 </trkpt>
			 <trkpt lat="53.136992" lon="-6.311571">
				 <ele>497.8</ele>
			 </trkpt>
			 <trkpt lat="53.137276" lon="-6.311961">
				 <ele>497.6</ele>
			 </trkpt>
			 <trkpt lat="53.137367" lon="-6.31204">
				 <ele>497.5</ele>
			 </trkpt>
			 <trkpt lat="53.137426" lon="-6.312051">
				 <ele>497.2</ele>
			 </trkpt>
			 <trkpt lat="53.137499" lon="-6.312039">
				 <ele>496.7</ele>
			 </trkpt>
			 <trkpt lat="53.137624" lon="-6.311994">
				 <ele>496</ele>
			 </trkpt>
			 <trkpt lat="53.137736" lon="-6.311973">
				 <ele>495.3</ele>
			 </trkpt>
			 <trkpt lat="53.13771" lon="-6.311847">
				 <ele>494.3</ele>
			 </trkpt>
			 <trkpt lat="53.137522" lon="-6.311193">
				 <ele>493.1</ele>
			 </trkpt>
			 <trkpt lat="53.137401" lon="-6.310863">
				 <ele>491.7</ele>
			 </trkpt>
			 <trkpt lat="53.136997" lon="-6.309948">
				 <ele>490.2</ele>
			 </trkpt>
			 <trkpt lat="53.136853" lon="-6.309658">
				 <ele>488.6</ele>
			 </trkpt>
			 <trkpt lat="53.13647" lon="-6.309015">
				 <ele>487.1</ele>
			 </trkpt>
			 <trkpt lat="53.135545" lon="-6.307678">
				 <ele>485.3</ele>
			 </trkpt>
			 <trkpt lat="53.135406" lon="-6.307437">
				 <ele>483.3</ele>
			 </trkpt>
			 <trkpt lat="53.13517" lon="-6.306967">
				 <ele>481.3</ele>
			 </trkpt>
			 <trkpt lat="53.135001" lon="-6.306607">
				 <ele>479.1</ele>
			 </trkpt>
			 <trkpt lat="53.134928" lon="-6.306421">
				 <ele>476.9</ele>
			 </trkpt>
			 <trkpt lat="53.134842" lon="-6.306112">
				 <ele>474.6</ele>
			 </trkpt>
			 <trkpt lat="53.134732" lon="-6.305656">
				 <ele>472.5</ele>
			 </trkpt>
			 <trkpt lat="53.13468" lon="-6.305505">
				 <ele>470.5</ele>
			 </trkpt>
			 <trkpt lat="53.134045" lon="-6.304051">
				 <ele>468.6</ele>
			 </trkpt>
			 <trkpt lat="53.133936" lon="-6.303753">
				 <ele>466.9</ele>
			 </trkpt>
			 <trkpt lat="53.133722" lon="-6.303037">
				 <ele>465.1</ele>
			 </trkpt>
			 <trkpt lat="53.133648" lon="-6.302843">
				 <ele>463.5</ele>
			 </trkpt>
			 <trkpt lat="53.133513" lon="-6.30252">
				 <ele>462</ele>
			 </trkpt>
			 <trkpt lat="53.133431" lon="-6.302283">
				 <ele>460.5</ele>
			 </trkpt>
			 <trkpt lat="53.133291" lon="-6.301988">
				 <ele>459.4</ele>
			 </trkpt>
			 <trkpt lat="53.133079" lon="-6.301636">
				 <ele>457.9</ele>
			 </trkpt>
			 <trkpt lat="53.13299" lon="-6.301506">
				 <ele>456.5</ele>
			 </trkpt>
			 <trkpt lat="53.132893" lon="-6.301394">
				 <ele>454.6</ele>
			 </trkpt>
			 <trkpt lat="53.132805" lon="-6.301278">
				 <ele>452.6</ele>
			 </trkpt>
			 <trkpt lat="53.132686" lon="-6.300999">
				 <ele>450.5</ele>
			 </trkpt>
			 <trkpt lat="53.132414" lon="-6.300236">
				 <ele>447.4</ele>
			 </trkpt>
			 <trkpt lat="53.132243" lon="-6.299811">
				 <ele>444.2</ele>
			 </trkpt>
			 <trkpt lat="53.13176" lon="-6.298666">
				 <ele>440.8</ele>
			 </trkpt>
			 <trkpt lat="53.131497" lon="-6.298109">
				 <ele>437.3</ele>
			 </trkpt>
			 <trkpt lat="53.131113" lon="-6.297384">
				 <ele>433.4</ele>
			 </trkpt>
			 <trkpt lat="53.130112" lon="-6.295417">
				 <ele>429.5</ele>
			 </trkpt>
			 <trkpt lat="53.129806" lon="-6.294841">
				 <ele>425.5</ele>
			 </trkpt>
			 <trkpt lat="53.129641" lon="-6.294571">
				 <ele>421.8</ele>
			 </trkpt>
			 <trkpt lat="53.129417" lon="-6.294276">
				 <ele>418.6</ele>
			 </trkpt>
			 <trkpt lat="53.12895" lon="-6.293597">
				 <ele>415.5</ele>
			 </trkpt>
			 <trkpt lat="53.128744" lon="-6.293324">
				 <ele>412.6</ele>
			 </trkpt>
			 <trkpt lat="53.128223" lon="-6.292557">
				 <ele>410.5</ele>
			 </trkpt>
			 <trkpt lat="53.128152" lon="-6.292447">
				 <ele>408.6</ele>
			 </trkpt>
			 <trkpt lat="53.128101" lon="-6.292344">
				 <ele>406.9</ele>
			 </trkpt>
			 <trkpt lat="53.128056" lon="-6.292264">
				 <ele>405.4</ele>
			 </trkpt>
			 <trkpt lat="53.128004" lon="-6.292198">
				 <ele>404.3</ele>
			 </trkpt>
			 <trkpt lat="53.127829" lon="-6.292075">
				 <ele>403.4</ele>
			 </trkpt>
			 <trkpt lat="53.127721" lon="-6.29197">
				 <ele>402.8</ele>
			 </trkpt>
			 <trkpt lat="53.127658" lon="-6.291889">
				 <ele>402.3</ele>
			 </trkpt>
			 <trkpt lat="53.127587" lon="-6.291758">
				 <ele>401.8</ele>
			 </trkpt>
			 <trkpt lat="53.127501" lon="-6.29157">
				 <ele>401.4</ele>
			 </trkpt>
			 <trkpt lat="53.127342" lon="-6.291146">
				 <ele>401.4</ele>
			 </trkpt>
			 <trkpt lat="53.127297" lon="-6.291005">
				 <ele>401.7</ele>
			 </trkpt>
			 <trkpt lat="53.127268" lon="-6.290875">
				 <ele>402.4</ele>
			 </trkpt>
			 <trkpt lat="53.127236" lon="-6.29031">
				 <ele>403.1</ele>
			 </trkpt>
			 <trkpt lat="53.127217" lon="-6.290091">
				 <ele>403.9</ele>
			 </trkpt>
			 <trkpt lat="53.127007" lon="-6.288988">
				 <ele>404.5</ele>
			 </trkpt>
			 <trkpt lat="53.126918" lon="-6.288379">
				 <ele>405.1</ele>
			 </trkpt>
			 <trkpt lat="53.126855" lon="-6.288069">
				 <ele>405.5</ele>
			 </trkpt>
			 <trkpt lat="53.126797" lon="-6.287848">
				 <ele>405.6</ele>
			 </trkpt>
			 <trkpt lat="53.126521" lon="-6.287101">
				 <ele>405.9</ele>
			 </trkpt>
			 <trkpt lat="53.12625" lon="-6.286177">
				 <ele>406.7</ele>
			 </trkpt>
			 <trkpt lat="53.126121" lon="-6.285711">
				 <ele>407.3</ele>
			 </trkpt>
			 <trkpt lat="53.12604" lon="-6.285351">
				 <ele>407.8</ele>
			 </trkpt>
			 <trkpt lat="53.125937" lon="-6.284835">
				 <ele>408.4</ele>
			 </trkpt>
			 <trkpt lat="53.125882" lon="-6.284592">
				 <ele>408.7</ele>
			 </trkpt>
			 <trkpt lat="53.125617" lon="-6.283432">
				 <ele>408.9</ele>
			 </trkpt>
			 <trkpt lat="53.125512" lon="-6.282912">
				 <ele>409.2</ele>
			 </trkpt>
			 <trkpt lat="53.125344" lon="-6.282299">
				 <ele>409.5</ele>
			 </trkpt>
			 <trkpt lat="53.12511" lon="-6.28139">
				 <ele>410.1</ele>
			 </trkpt>
			 <trkpt lat="53.12487" lon="-6.280569">
				 <ele>411</ele>
			 </trkpt>
			 <trkpt lat="53.124745" lon="-6.280202">
				 <ele>411.8</ele>
			 </trkpt>
			 <trkpt lat="53.12426" lon="-6.278972">
				 <ele>412.1</ele>
			 </trkpt>
			 <trkpt lat="53.124156" lon="-6.278692">
				 <ele>412.3</ele>
			 </trkpt>
			 <trkpt lat="53.124062" lon="-6.278395">
				 <ele>412.3</ele>
			 </trkpt>
			 <trkpt lat="53.124005" lon="-6.278251">
				 <ele>412</ele>
			 </trkpt>
			 <trkpt lat="53.123944" lon="-6.278134">
				 <ele>411.7</ele>
			 </trkpt>
			 <trkpt lat="53.123893" lon="-6.278069">
				 <ele>411.6</ele>
			 </trkpt>
			 <trkpt lat="53.123748" lon="-6.277947">
				 <ele>411.5</ele>
			 </trkpt>
			 <trkpt lat="53.123646" lon="-6.277879">
				 <ele>411.4</ele>
			 </trkpt>
			 <trkpt lat="53.123485" lon="-6.277764">
				 <ele>411.2</ele>
			 </trkpt>
			 <trkpt lat="53.12326" lon="-6.27757">
				 <ele>410.9</ele>
			 </trkpt>
			 <trkpt lat="53.123222" lon="-6.277536">
				 <ele>410.6</ele>
			 </trkpt>
			 <trkpt lat="53.12288" lon="-6.27718">
				 <ele>410.3</ele>
			 </trkpt>
			 <trkpt lat="53.122717" lon="-6.276968">
				 <ele>409.9</ele>
			 </trkpt>
			 <trkpt lat="53.122476" lon="-6.276624">
				 <ele>409.5</ele>
			 </trkpt>
			 <trkpt lat="53.122183" lon="-6.27624">
				 <ele>408.9</ele>
			 </trkpt>
			 <trkpt lat="53.12178" lon="-6.275709">
				 <ele>408.4</ele>
			 </trkpt>
			 <trkpt lat="53.121612" lon="-6.275476">
				 <ele>407.8</ele>
			 </trkpt>
			 <trkpt lat="53.121457" lon="-6.275223">
				 <ele>407.4</ele>
			 </trkpt>
			 <trkpt lat="53.120582" lon="-6.273919">
				 <ele>407.3</ele>
			 </trkpt>
			 <trkpt lat="53.120477" lon="-6.273776">
				 <ele>407.3</ele>
			 </trkpt>
			 <trkpt lat="53.120398" lon="-6.273634">
				 <ele>406.6</ele>
			 </trkpt>
			 <trkpt lat="53.120355" lon="-6.273539">
				 <ele>406.2</ele>
			 </trkpt>
			 <trkpt lat="53.120229" lon="-6.273274">
				 <ele>405.6</ele>
			 </trkpt>
			 <trkpt lat="53.120003" lon="-6.272691">
				 <ele>404.7</ele>
			 </trkpt>
			 <trkpt lat="53.119702" lon="-6.271952">
				 <ele>404.1</ele>
			 </trkpt>
			 <trkpt lat="53.119108" lon="-6.270559">
				 <ele>403.6</ele>
			 </trkpt>
			 <trkpt lat="53.118675" lon="-6.269497">
				 <ele>403.3</ele>
			 </trkpt>
			 <trkpt lat="53.118456" lon="-6.268992">
				 <ele>402.9</ele>
			 </trkpt>
			 <trkpt lat="53.118163" lon="-6.268507">
				 <ele>402.7</ele>
			 </trkpt>
			 <trkpt lat="53.117063" lon="-6.266843">
				 <ele>402.4</ele>
			 </trkpt>
			 <trkpt lat="53.116572" lon="-6.266195">
				 <ele>402</ele>
			 </trkpt>
			 <trkpt lat="53.116187" lon="-6.265617">
				 <ele>402.5</ele>
			 </trkpt>
			 <trkpt lat="53.115872" lon="-6.265273">
				 <ele>402.7</ele>
			 </trkpt>
			 <trkpt lat="53.115767" lon="-6.265123">
				 <ele>403.2</ele>
			 </trkpt>
			 <trkpt lat="53.115689" lon="-6.264956">
				 <ele>404</ele>
			 </trkpt>
			 <trkpt lat="53.115648" lon="-6.264789">
				 <ele>404.5</ele>
			 </trkpt>
			 <trkpt lat="53.115573" lon="-6.264563">
				 <ele>404.9</ele>
			 </trkpt>
			 <trkpt lat="53.11551" lon="-6.264481">
				 <ele>405.4</ele>
			 </trkpt>
			 <trkpt lat="53.115435" lon="-6.264405">
				 <ele>405.8</ele>
			 </trkpt>
			 <trkpt lat="53.115386" lon="-6.264381">
				 <ele>406</ele>
			 </trkpt>
			 <trkpt lat="53.115343" lon="-6.264399">
				 <ele>406</ele>
			 </trkpt>
			 <trkpt lat="53.115264" lon="-6.264473">
				 <ele>405.9</ele>
			 </trkpt>
			 <trkpt lat="53.115166" lon="-6.264596">
				 <ele>405.6</ele>
			 </trkpt>
			 <trkpt lat="53.115" lon="-6.264828">
				 <ele>405.3</ele>
			 </trkpt>
			 <trkpt lat="53.114915" lon="-6.264918">
				 <ele>405.2</ele>
			 </trkpt>
			 <trkpt lat="53.114837" lon="-6.264979">
				 <ele>405.5</ele>
			 </trkpt>
			 <trkpt lat="53.114781" lon="-6.264993">
				 <ele>406.2</ele>
			 </trkpt>
			 <trkpt lat="53.11473" lon="-6.264969">
				 <ele>407.3</ele>
			 </trkpt>
			 <trkpt lat="53.114686" lon="-6.264927">
				 <ele>408.5</ele>
			 </trkpt>
			 <trkpt lat="53.11451" lon="-6.264572">
				 <ele>409.8</ele>
			 </trkpt>
			 <trkpt lat="53.114303" lon="-6.264056">
				 <ele>411.7</ele>
			 </trkpt>
			 <trkpt lat="53.114203" lon="-6.263738">
				 <ele>413.7</ele>
			 </trkpt>
			 <trkpt lat="53.114009" lon="-6.263251">
				 <ele>415.8</ele>
			 </trkpt>
			 <trkpt lat="53.113889" lon="-6.262949">
				 <ele>418.5</ele>
			 </trkpt>
			 <trkpt lat="53.11362" lon="-6.26235">
				 <ele>421.6</ele>
			 </trkpt>
			 <trkpt lat="53.112947" lon="-6.261018">
				 <ele>424.7</ele>
			 </trkpt>
			 <trkpt lat="53.112787" lon="-6.26077">
				 <ele>427.7</ele>
			 </trkpt>
			 <trkpt lat="53.11239" lon="-6.260228">
				 <ele>430.5</ele>
			 </trkpt>
			 <trkpt lat="53.111759" lon="-6.259472">
				 <ele>433</ele>
			 </trkpt>
			 <trkpt lat="53.111533" lon="-6.25916">
				 <ele>435.5</ele>
			 </trkpt>
			 <trkpt lat="53.111397" lon="-6.259008">
				 <ele>438.3</ele>
			 </trkpt>
			 <trkpt lat="53.110799" lon="-6.258498">
				 <ele>440</ele>
			 </trkpt>
			 <trkpt lat="53.110608" lon="-6.25839">
				 <ele>441.7</ele>
			 </trkpt>
			 <trkpt lat="53.110366" lon="-6.258298">
				 <ele>443.6</ele>
			 </trkpt>
			 <trkpt lat="53.110274" lon="-6.258246">
				 <ele>445.3</ele>
			 </trkpt>
			 <trkpt lat="53.109969" lon="-6.258115">
				 <ele>446.7</ele>
			 </trkpt>
			 <trkpt lat="53.109411" lon="-6.257897">
				 <ele>448.5</ele>
			 </trkpt>
			 <trkpt lat="53.109217" lon="-6.25777">
				 <ele>450</ele>
			 </trkpt>
			 <trkpt lat="53.108353" lon="-6.257164">
				 <ele>451.5</ele>
			 </trkpt>
			 <trkpt lat="53.108201" lon="-6.25704">
				 <ele>453</ele>
			 </trkpt>
			 <trkpt lat="53.107944" lon="-6.256905">
				 <ele>454.5</ele>
			 </trkpt>
			 <trkpt lat="53.107511" lon="-6.256784">
				 <ele>455.5</ele>
			 </trkpt>
			 <trkpt lat="53.107416" lon="-6.256745">
				 <ele>457.1</ele>
			 </trkpt>
			 <trkpt lat="53.107293" lon="-6.256671">
				 <ele>458.7</ele>
			 </trkpt>
			 <trkpt lat="53.107169" lon="-6.256571">
				 <ele>460.1</ele>
			 </trkpt>
			 <trkpt lat="53.107039" lon="-6.256441">
				 <ele>461.2</ele>
			 </trkpt>
			 <trkpt lat="53.106922" lon="-6.256248">
				 <ele>462.3</ele>
			 </trkpt>
			 <trkpt lat="53.106728" lon="-6.255897">
				 <ele>463.2</ele>
			 </trkpt>
			 <trkpt lat="53.106619" lon="-6.255721">
				 <ele>464</ele>
			 </trkpt>
			 <trkpt lat="53.106512" lon="-6.255571">
				 <ele>464.6</ele>
			 </trkpt>
			 <trkpt lat="53.106406" lon="-6.255467">
				 <ele>465.5</ele>
			 </trkpt>
			 <trkpt lat="53.106048" lon="-6.255225">
				 <ele>466.5</ele>
			 </trkpt>
			 <trkpt lat="53.105714" lon="-6.255094">
				 <ele>467.9</ele>
			 </trkpt>
			 <trkpt lat="53.105462" lon="-6.255024">
				 <ele>469.6</ele>
			 </trkpt>
			 <trkpt lat="53.105257" lon="-6.254976">
				 <ele>471.4</ele>
			 </trkpt>
			 <trkpt lat="53.10493" lon="-6.254921">
				 <ele>473.2</ele>
			 </trkpt>
			 <trkpt lat="53.104593" lon="-6.254883">
				 <ele>474.8</ele>
			 </trkpt>
			 <trkpt lat="53.104152" lon="-6.254935">
				 <ele>475.9</ele>
			 </trkpt>
			 <trkpt lat="53.103829" lon="-6.254962">
				 <ele>476.7</ele>
			 </trkpt>
			 <trkpt lat="53.103728" lon="-6.254935">
				 <ele>477.5</ele>
			 </trkpt>
			 <trkpt lat="53.103611" lon="-6.254889">
				 <ele>478.2</ele>
			 </trkpt>
			 <trkpt lat="53.102792" lon="-6.254525">
				 <ele>478.5</ele>
			 </trkpt>
			 <trkpt lat="53.102461" lon="-6.254403">
				 <ele>477</ele>
			 </trkpt>
			 <trkpt lat="53.102054" lon="-6.254308">
				 <ele>474.7</ele>
			 </trkpt>
			 <trkpt lat="53.101916" lon="-6.254289">
				 <ele>472.2</ele>
			 </trkpt>
			 <trkpt lat="53.101796" lon="-6.254245">
				 <ele>469.1</ele>
			 </trkpt>
			 <trkpt lat="53.101694" lon="-6.254187">
				 <ele>465.5</ele>
			 </trkpt>
			 <trkpt lat="53.100492" lon="-6.253354">
				 <ele>461.6</ele>
			 </trkpt>
			 <trkpt lat="53.100299" lon="-6.253244">
				 <ele>457.7</ele>
			 </trkpt>
			 <trkpt lat="53.100229" lon="-6.253184">
				 <ele>453.5</ele>
			 </trkpt>
			 <trkpt lat="53.099753" lon="-6.252832">
				 <ele>448.9</ele>
			 </trkpt>
			 <trkpt lat="53.099288" lon="-6.252516">
				 <ele>444</ele>
			 </trkpt>
			 <trkpt lat="53.098326" lon="-6.251823">
				 <ele>438.7</ele>
			 </trkpt>
			 <trkpt lat="53.098154" lon="-6.2517">
				 <ele>435</ele>
			 </trkpt>
			 <trkpt lat="53.09793" lon="-6.251563">
				 <ele>431.3</ele>
			 </trkpt>
			 <trkpt lat="53.097687" lon="-6.251442">
				 <ele>427.5</ele>
			 </trkpt>
			 <trkpt lat="53.097421" lon="-6.251326">
				 <ele>424.1</ele>
			 </trkpt>
			 <trkpt lat="53.096861" lon="-6.251124">
				 <ele>420.7</ele>
			 </trkpt>
			 <trkpt lat="53.096767" lon="-6.251105">
				 <ele>417.8</ele>
			 </trkpt>
			 <trkpt lat="53.096432" lon="-6.251112">
				 <ele>415.2</ele>
			 </trkpt>
			 <trkpt lat="53.096347" lon="-6.251105">
				 <ele>412.8</ele>
			 </trkpt>
			 <trkpt lat="53.096242" lon="-6.251086">
				 <ele>410.7</ele>
			 </trkpt>
			 <trkpt lat="53.09589" lon="-6.25098">
				 <ele>408.6</ele>
			 </trkpt>
			 <trkpt lat="53.095375" lon="-6.250802">
				 <ele>406.7</ele>
			 </trkpt>
			 <trkpt lat="53.095226" lon="-6.250737">
				 <ele>404.5</ele>
			 </trkpt>
			 <trkpt lat="53.095124" lon="-6.250634">
				 <ele>401.7</ele>
			 </trkpt>
			 <trkpt lat="53.094996" lon="-6.250315">
				 <ele>398.8</ele>
			 </trkpt>
			 <trkpt lat="53.094702" lon="-6.249578">
				 <ele>395.1</ele>
			 </trkpt>
			 <trkpt lat="53.094506" lon="-6.249052">
				 <ele>390.4</ele>
			 </trkpt>
			 <trkpt lat="53.094097" lon="-6.248039">
				 <ele>385.5</ele>
			 </trkpt>
			 <trkpt lat="53.093725" lon="-6.24701">
				 <ele>380.2</ele>
			 </trkpt>
			 <trkpt lat="53.093638" lon="-6.246698">
				 <ele>374.7</ele>
			 </trkpt>
			 <trkpt lat="53.09327" lon="-6.24498">
				 <ele>369</ele>
			 </trkpt>
			 <trkpt lat="53.092951" lon="-6.24288">
				 <ele>363.5</ele>
			 </trkpt>
			 <trkpt lat="53.092836" lon="-6.242348">
				 <ele>358</ele>
			 </trkpt>
			 <trkpt lat="53.092717" lon="-6.241755">
				 <ele>352.2</ele>
			 </trkpt>
			 <trkpt lat="53.092607" lon="-6.241429">
				 <ele>346.4</ele>
			 </trkpt>
			 <trkpt lat="53.092459" lon="-6.241114">
				 <ele>340.4</ele>
			 </trkpt>
			 <trkpt lat="53.092309" lon="-6.240735">
				 <ele>335.2</ele>
			 </trkpt>
			 <trkpt lat="53.092168" lon="-6.240222">
				 <ele>331.3</ele>
			 </trkpt>
			 <trkpt lat="53.091881" lon="-6.238932">
				 <ele>327.4</ele>
			 </trkpt>
			 <trkpt lat="53.091709" lon="-6.238016">
				 <ele>323.8</ele>
			 </trkpt>
			 <trkpt lat="53.091646" lon="-6.237538">
				 <ele>320.4</ele>
			 </trkpt>
			 <trkpt lat="53.09158" lon="-6.236804">
				 <ele>317.1</ele>
			 </trkpt>
			 <trkpt lat="53.091548" lon="-6.236044">
				 <ele>313.9</ele>
			 </trkpt>
			 <trkpt lat="53.091515" lon="-6.234671">
				 <ele>311</ele>
			 </trkpt>
			 <trkpt lat="53.091469" lon="-6.234681">
				 <ele>308.8</ele>
			 </trkpt>
			 <trkpt lat="53.091239" lon="-6.23489">
				 <ele>307.4</ele>
			 </trkpt>
			 <trkpt lat="53.09093" lon="-6.235202">
				 <ele>306.4</ele>
			 </trkpt>
			 <trkpt lat="53.090881" lon="-6.235255">
				 <ele>305.6</ele>
			 </trkpt>
			 <trkpt lat="53.090684" lon="-6.235465">
				 <ele>304.9</ele>
			 </trkpt>
			 <trkpt lat="53.090548" lon="-6.235589">
				 <ele>304.5</ele>
			 </trkpt>
			 <trkpt lat="53.090497" lon="-6.235613">
				 <ele>304.4</ele>
			 </trkpt>
			 <trkpt lat="53.090427" lon="-6.235637">
				 <ele>304.5</ele>
			 </trkpt>
			 <trkpt lat="53.090285" lon="-6.235662">
				 <ele>304.7</ele>
			 </trkpt>
			 <trkpt lat="53.090035" lon="-6.235647">
				 <ele>305.2</ele>
			 </trkpt>
			 <trkpt lat="53.089833" lon="-6.235619">
				 <ele>305.9</ele>
			 </trkpt>
			 <trkpt lat="53.089404" lon="-6.2355">
				 <ele>306.7</ele>
			 </trkpt>
			 <trkpt lat="53.08895" lon="-6.23539">
				 <ele>307.5</ele>
			 </trkpt>
			 <trkpt lat="53.088822" lon="-6.235389">
				 <ele>308.5</ele>
			 </trkpt>
			 <trkpt lat="53.088471" lon="-6.235416">
				 <ele>309.3</ele>
			 </trkpt>
			 <trkpt lat="53.08818" lon="-6.235473">
				 <ele>310.1</ele>
			 </trkpt>
			 <trkpt lat="53.088003" lon="-6.235508">
				 <ele>310.7</ele>
			 </trkpt>
			 <trkpt lat="53.087937" lon="-6.235546">
				 <ele>311.2</ele>
			 </trkpt>
			 <trkpt lat="53.087835" lon="-6.235629">
				 <ele>311.5</ele>
			 </trkpt>
			 <trkpt lat="53.087807" lon="-6.235653">
				 <ele>311.8</ele>
			 </trkpt>
			 <trkpt lat="53.087728" lon="-6.235684">
				 <ele>312</ele>
			 </trkpt>
			 <trkpt lat="53.087603" lon="-6.235693">
				 <ele>311.9</ele>
			 </trkpt>
			 <trkpt lat="53.087408" lon="-6.235744">
				 <ele>311.5</ele>
			 </trkpt>
			 <trkpt lat="53.087114" lon="-6.235822">
				 <ele>311.2</ele>
			 </trkpt>
			 <trkpt lat="53.086898" lon="-6.235929">
				 <ele>310.6</ele>
			 </trkpt>
			 <trkpt lat="53.086528" lon="-6.236113">
				 <ele>310</ele>
			 </trkpt>
			 <trkpt lat="53.086328" lon="-6.236241">
				 <ele>309.3</ele>
			 </trkpt>
			 <trkpt lat="53.086147" lon="-6.236371">
				 <ele>308.7</ele>
			 </trkpt>
			 <trkpt lat="53.085797" lon="-6.236582">
				 <ele>308.3</ele>
			 </trkpt>
			 <trkpt lat="53.085379" lon="-6.236855">
				 <ele>307.5</ele>
			 </trkpt>
			 <trkpt lat="53.085188" lon="-6.236996">
				 <ele>306.8</ele>
			 </trkpt>
			 <trkpt lat="53.084998" lon="-6.237136">
				 <ele>306.1</ele>
			 </trkpt>
			 <trkpt lat="53.084339" lon="-6.237684">
				 <ele>305.4</ele>
			 </trkpt>
			 <trkpt lat="53.083938" lon="-6.238016">
				 <ele>304.7</ele>
			 </trkpt>
			 <trkpt lat="53.08301" lon="-6.238883">
				 <ele>304.1</ele>
			 </trkpt>
			 <trkpt lat="53.082767" lon="-6.239098">
				 <ele>303.5</ele>
			 </trkpt>
			 <trkpt lat="53.082561" lon="-6.239257">
				 <ele>303.1</ele>
			 </trkpt>
			 <trkpt lat="53.082392" lon="-6.239382">
				 <ele>302.7</ele>
			 </trkpt>
			 <trkpt lat="53.082182" lon="-6.239563">
				 <ele>302.1</ele>
			 </trkpt>
			 <trkpt lat="53.08203" lon="-6.239714">
				 <ele>301.3</ele>
			 </trkpt>
			 <trkpt lat="53.081891" lon="-6.239899">
				 <ele>300.8</ele>
			 </trkpt>
			 <trkpt lat="53.08179" lon="-6.24004">
				 <ele>300.3</ele>
			 </trkpt>
			 <trkpt lat="53.081762" lon="-6.24008">
				 <ele>299.7</ele>
			 </trkpt>
			 <trkpt lat="53.081194" lon="-6.240862">
				 <ele>299.3</ele>
			 </trkpt>
			 <trkpt lat="53.080874" lon="-6.241293">
				 <ele>299</ele>
			 </trkpt>
			 <trkpt lat="53.080773" lon="-6.241452">
				 <ele>298.7</ele>
			 </trkpt>
			 <trkpt lat="53.080468" lon="-6.241995">
				 <ele>298.4</ele>
			 </trkpt>
			 <trkpt lat="53.080314" lon="-6.242269">
				 <ele>298</ele>
			 </trkpt>
			 <trkpt lat="53.080206" lon="-6.242505">
				 <ele>297.6</ele>
			 </trkpt>
			 <trkpt lat="53.080145" lon="-6.242609">
				 <ele>297.5</ele>
			 </trkpt>
			 <trkpt lat="53.080102" lon="-6.242649">
				 <ele>297.5</ele>
			 </trkpt>
			 <trkpt lat="53.080061" lon="-6.242669">
				 <ele>297.6</ele>
			 </trkpt>
			 <trkpt lat="53.08002" lon="-6.242682">
				 <ele>297.8</ele>
			 </trkpt>
			 <trkpt lat="53.079705" lon="-6.242634">
				 <ele>298.1</ele>
			 </trkpt>
			 <trkpt lat="53.079554" lon="-6.242631">
				 <ele>298.4</ele>
			 </trkpt>
			 <trkpt lat="53.0795" lon="-6.24264">
				 <ele>298.8</ele>
			 </trkpt>
			 <trkpt lat="53.079431" lon="-6.242652">
				 <ele>299.2</ele>
			 </trkpt>
			 <trkpt lat="53.079058" lon="-6.242762">
				 <ele>299.5</ele>
			 </trkpt>
			 <trkpt lat="53.078967" lon="-6.242782">
				 <ele>299.9</ele>
			 </trkpt>
			 <trkpt lat="53.078882" lon="-6.242791">
				 <ele>300.2</ele>
			 </trkpt>
			 <trkpt lat="53.078375" lon="-6.24275">
				 <ele>300.5</ele>
			 </trkpt>
			 <trkpt lat="53.078253" lon="-6.242739">
				 <ele>300.7</ele>
			 </trkpt>
			 <trkpt lat="53.077826" lon="-6.242694">
				 <ele>300.9</ele>
			 </trkpt>
			 <trkpt lat="53.077705" lon="-6.242669">
				 <ele>301</ele>
			 </trkpt>
			 <trkpt lat="53.077406" lon="-6.242554">
				 <ele>301.2</ele>
			 </trkpt>
			 <trkpt lat="53.077051" lon="-6.242427">
				 <ele>301.4</ele>
			 </trkpt>
			 <trkpt lat="53.076879" lon="-6.242386">
				 <ele>301.3</ele>
			 </trkpt>
			 <trkpt lat="53.076592" lon="-6.242334">
				 <ele>301.5</ele>
			 </trkpt>
			 <trkpt lat="53.076371" lon="-6.242308">
				 <ele>301.9</ele>
			 </trkpt>
			 <trkpt lat="53.076085" lon="-6.242314">
				 <ele>302.5</ele>
			 </trkpt>
			 <trkpt lat="53.075801" lon="-6.242319">
				 <ele>303.1</ele>
			 </trkpt>
			 <trkpt lat="53.075739" lon="-6.242317">
				 <ele>303.7</ele>
			 </trkpt>
			 <trkpt lat="53.075401" lon="-6.242286">
				 <ele>304.5</ele>
			 </trkpt>
			 <trkpt lat="53.075356" lon="-6.242282">
				 <ele>305.3</ele>
			 </trkpt>
			 <trkpt lat="53.07502" lon="-6.24225">
				 <ele>306.2</ele>
			 </trkpt>
			 <trkpt lat="53.07483" lon="-6.242258">
				 <ele>307</ele>
			 </trkpt>
			 <trkpt lat="53.074738" lon="-6.242274">
				 <ele>308</ele>
			 </trkpt>
			 <trkpt lat="53.074524" lon="-6.242323">
				 <ele>309</ele>
			 </trkpt>
			 <trkpt lat="53.07428" lon="-6.242395">
				 <ele>309.7</ele>
			 </trkpt>
			 <trkpt lat="53.074131" lon="-6.242446">
				 <ele>310.5</ele>
			 </trkpt>
			 <trkpt lat="53.073957" lon="-6.242536">
				 <ele>311</ele>
			 </trkpt>
			 <trkpt lat="53.073672" lon="-6.242706">
				 <ele>311.5</ele>
			 </trkpt>
			 <trkpt lat="53.073482" lon="-6.242776">
				 <ele>312.1</ele>
			 </trkpt>
			 <trkpt lat="53.073224" lon="-6.242833">
				 <ele>312.5</ele>
			 </trkpt>
			 <trkpt lat="53.07311" lon="-6.242883">
				 <ele>312.9</ele>
			 </trkpt>
			 <trkpt lat="53.073064" lon="-6.242903">
				 <ele>313.3</ele>
			 </trkpt>
			 <trkpt lat="53.07302" lon="-6.242919">
				 <ele>313.7</ele>
			 </trkpt>
			 <trkpt lat="53.07278" lon="-6.243006">
				 <ele>314.1</ele>
			 </trkpt>
			 <trkpt lat="53.072721" lon="-6.243028">
				 <ele>314.4</ele>
			 </trkpt>
			 <trkpt lat="53.072582" lon="-6.243133">
				 <ele>314.6</ele>
			 </trkpt>
			 <trkpt lat="53.072393" lon="-6.243245">
				 <ele>314.8</ele>
			 </trkpt>
			 <trkpt lat="53.072301" lon="-6.2433">
				 <ele>314.8</ele>
			 </trkpt>
			 <trkpt lat="53.072049" lon="-6.24342">
				 <ele>314.8</ele>
			 </trkpt>
			 <trkpt lat="53.071871" lon="-6.243489">
				 <ele>314.6</ele>
			 </trkpt>
			 <trkpt lat="53.071507" lon="-6.243579">
				 <ele>314.5</ele>
			 </trkpt>
			 <trkpt lat="53.071004" lon="-6.243671">
				 <ele>314.3</ele>
			 </trkpt>
			 <trkpt lat="53.07052" lon="-6.243763">
				 <ele>314</ele>
			 </trkpt>
			 <trkpt lat="53.070343" lon="-6.243802">
				 <ele>313.7</ele>
			 </trkpt>
			 <trkpt lat="53.069812" lon="-6.243925">
				 <ele>313.3</ele>
			 </trkpt>
			 <trkpt lat="53.06967" lon="-6.243944">
				 <ele>312.8</ele>
			 </trkpt>
			 <trkpt lat="53.069615" lon="-6.24395">
				 <ele>312.4</ele>
			 </trkpt>
			 <trkpt lat="53.069367" lon="-6.243976">
				 <ele>312</ele>
			 </trkpt>
			 <trkpt lat="53.069065" lon="-6.244022">
				 <ele>311.9</ele>
			 </trkpt>
			 <trkpt lat="53.06863" lon="-6.244111">
				 <ele>311.8</ele>
			 </trkpt>
			 <trkpt lat="53.06854" lon="-6.244137">
				 <ele>311.8</ele>
			 </trkpt>
			 <trkpt lat="53.068488" lon="-6.244152">
				 <ele>311.8</ele>
			 </trkpt>
			 <trkpt lat="53.068303" lon="-6.244248">
				 <ele>311.9</ele>
			 </trkpt>
			 <trkpt lat="53.0681" lon="-6.244339">
				 <ele>312</ele>
			 </trkpt>
			 <trkpt lat="53.068001" lon="-6.244383">
				 <ele>311.9</ele>
			 </trkpt>
			 <trkpt lat="53.067968" lon="-6.244449">
				 <ele>311.9</ele>
			 </trkpt>
			 <trkpt lat="53.067942" lon="-6.244482">
				 <ele>311.9</ele>
			 </trkpt>
			 <trkpt lat="53.067898" lon="-6.244538">
				 <ele>311.8</ele>
			 </trkpt>
			 <trkpt lat="53.067269" lon="-6.24532">
				 <ele>311.7</ele>
			 </trkpt>
			 <trkpt lat="53.066952" lon="-6.24572">
				 <ele>311.5</ele>
			 </trkpt>
			 <trkpt lat="53.066753" lon="-6.246002">
				 <ele>311.2</ele>
			 </trkpt>
			 <trkpt lat="53.066433" lon="-6.246558">
				 <ele>311</ele>
			 </trkpt>
			 <trkpt lat="53.066034" lon="-6.247286">
				 <ele>310.5</ele>
			 </trkpt>
			 <trkpt lat="53.065871" lon="-6.247596">
				 <ele>309.6</ele>
			 </trkpt>
			 <trkpt lat="53.065669" lon="-6.247982">
				 <ele>308.7</ele>
			 </trkpt>
			 <trkpt lat="53.065546" lon="-6.248196">
				 <ele>307.7</ele>
			 </trkpt>
			 <trkpt lat="53.065436" lon="-6.24837">
				 <ele>306.3</ele>
			 </trkpt>
			 <trkpt lat="53.065059" lon="-6.24887">
				 <ele>304.9</ele>
			 </trkpt>
			 <trkpt lat="53.064564" lon="-6.249573">
				 <ele>303.6</ele>
			 </trkpt>
			 <trkpt lat="53.064439" lon="-6.249761">
				 <ele>302.3</ele>
			 </trkpt>
			 <trkpt lat="53.06423" lon="-6.250064">
				 <ele>300.8</ele>
			 </trkpt>
			 <trkpt lat="53.063474" lon="-6.251141">
				 <ele>299.1</ele>
			 </trkpt>
			 <trkpt lat="53.063066" lon="-6.25171">
				 <ele>296.9</ele>
			 </trkpt>
			 <trkpt lat="53.06276" lon="-6.252151">
				 <ele>294.6</ele>
			 </trkpt>
			 <trkpt lat="53.062515" lon="-6.252505">
				 <ele>292.6</ele>
			 </trkpt>
			 <trkpt lat="53.0622" lon="-6.252841">
				 <ele>290.6</ele>
			 </trkpt>
			 <trkpt lat="53.061703" lon="-6.253371">
				 <ele>288.7</ele>
			 </trkpt>
			 <trkpt lat="53.061063" lon="-6.2541">
				 <ele>287.3</ele>
			 </trkpt>
			 <trkpt lat="53.060175" lon="-6.255193">
				 <ele>285.8</ele>
			 </trkpt>
			 <trkpt lat="53.060083" lon="-6.25529">
				 <ele>284.1</ele>
			 </trkpt>
			 <trkpt lat="53.060031" lon="-6.255331">
				 <ele>282.1</ele>
			 </trkpt>
			 <trkpt lat="53.059971" lon="-6.25555">
				 <ele>280.4</ele>
			 </trkpt>
			 <trkpt lat="53.059888" lon="-6.25577">
				 <ele>278.9</ele>
			 </trkpt>
			 <trkpt lat="53.059783" lon="-6.255985">
				 <ele>277.8</ele>
			 </trkpt>
			 <trkpt lat="53.059498" lon="-6.256445">
				 <ele>277.2</ele>
			 </trkpt>
			 <trkpt lat="53.05872" lon="-6.257527">
				 <ele>276.5</ele>
			 </trkpt>
			 <trkpt lat="53.058469" lon="-6.257823">
				 <ele>275.8</ele>
			 </trkpt>
			 <trkpt lat="53.058439" lon="-6.257882">
				 <ele>274.9</ele>
			 </trkpt>
			 <trkpt lat="53.058217" lon="-6.258143">
				 <ele>273.9</ele>
			 </trkpt>
			 <trkpt lat="53.058125" lon="-6.258276">
				 <ele>272.7</ele>
			 </trkpt>
			 <trkpt lat="53.058047" lon="-6.258445">
				 <ele>271.5</ele>
			 </trkpt>
			 <trkpt lat="53.057816" lon="-6.25898">
				 <ele>270.4</ele>
			 </trkpt>
			 <trkpt lat="53.057551" lon="-6.259567">
				 <ele>269</ele>
			 </trkpt>
			 <trkpt lat="53.057346" lon="-6.26008">
				 <ele>266.7</ele>
			 </trkpt>
			 <trkpt lat="53.057222" lon="-6.260433">
				 <ele>263.6</ele>
			 </trkpt>
			 <trkpt lat="53.057135" lon="-6.260753">
				 <ele>259.9</ele>
			 </trkpt>
			 <trkpt lat="53.056785" lon="-6.261828">
				 <ele>255.9</ele>
			 </trkpt>
			 <trkpt lat="53.056725" lon="-6.262041">
				 <ele>250.9</ele>
			 </trkpt>
			 <trkpt lat="53.056521" lon="-6.263728">
				 <ele>246</ele>
			 </trkpt>
			 <trkpt lat="53.056334" lon="-6.264779">
				 <ele>240.6</ele>
			 </trkpt>
			 <trkpt lat="53.056127" lon="-6.265868">
				 <ele>235.1</ele>
			 </trkpt>
			 <trkpt lat="53.05604" lon="-6.266547">
				 <ele>229.8</ele>
			 </trkpt>
			 <trkpt lat="53.055674" lon="-6.268227">
				 <ele>224.9</ele>
			 </trkpt>
			 <trkpt lat="53.055472" lon="-6.268647">
				 <ele>220.3</ele>
			 </trkpt>
			 <trkpt lat="53.055099" lon="-6.269424">
				 <ele>216.6</ele>
			 </trkpt>
			 <trkpt lat="53.054918" lon="-6.269933">
				 <ele>213.8</ele>
			 </trkpt>
			 <trkpt lat="53.054878" lon="-6.270045">
				 <ele>211.6</ele>
			 </trkpt>
			 <trkpt lat="53.054807" lon="-6.270232">
				 <ele>210</ele>
			 </trkpt>
			 <trkpt lat="53.054648" lon="-6.270555">
				 <ele>209.5</ele>
			 </trkpt>
			 <trkpt lat="53.054408" lon="-6.271068">
				 <ele>209.3</ele>
			 </trkpt>
			 <trkpt lat="53.054132" lon="-6.27168">
				 <ele>209.5</ele>
			 </trkpt>
			 <trkpt lat="53.054041" lon="-6.272378">
				 <ele>210.4</ele>
			 </trkpt>
			 <trkpt lat="53.053944" lon="-6.272858">
				 <ele>211.4</ele>
			 </trkpt>
			 <trkpt lat="53.053891" lon="-6.27307">
				 <ele>212.6</ele>
			 </trkpt>
			 <trkpt lat="53.053841" lon="-6.27312">
				 <ele>213.9</ele>
			 </trkpt>
			 <trkpt lat="53.05367" lon="-6.273222">
				 <ele>215.3</ele>
			 </trkpt>
			 <trkpt lat="53.053365" lon="-6.273439">
				 <ele>217</ele>
			 </trkpt>
			 <trkpt lat="53.053216" lon="-6.273575">
				 <ele>218.8</ele>
			 </trkpt>
			 <trkpt lat="53.053048" lon="-6.273755">
				 <ele>220.5</ele>
			 </trkpt>
			 <trkpt lat="53.052981" lon="-6.273848">
				 <ele>222.1</ele>
			 </trkpt>
			 <trkpt lat="53.052905" lon="-6.273962">
				 <ele>223.9</ele>
			 </trkpt>
			 <trkpt lat="53.052796" lon="-6.27421">
				 <ele>225.8</ele>
			 </trkpt>
			 <trkpt lat="53.052719" lon="-6.274467">
				 <ele>228.8</ele>
			 </trkpt>
			 <trkpt lat="53.052689" lon="-6.27456">
				 <ele>231.6</ele>
			 </trkpt>
			 <trkpt lat="53.052645" lon="-6.274624">
				 <ele>234.8</ele>
			 </trkpt>
			 <trkpt lat="53.052482" lon="-6.274711">
				 <ele>238</ele>
			 </trkpt>
			 <trkpt lat="53.052366" lon="-6.274756">
				 <ele>241.1</ele>
			 </trkpt>
			 <trkpt lat="53.051479" lon="-6.275047">
				 <ele>244.2</ele>
			 </trkpt>
			 <trkpt lat="53.051452" lon="-6.275049">
				 <ele>247.2</ele>
			 </trkpt>
			 <trkpt lat="53.051021" lon="-6.275075">
				 <ele>250.3</ele>
			 </trkpt>
			 <trkpt lat="53.050851" lon="-6.275048">
				 <ele>253.4</ele>
			 </trkpt>
			 <trkpt lat="53.050714" lon="-6.275005">
				 <ele>256.4</ele>
			 </trkpt>
			 <trkpt lat="53.050216" lon="-6.274785">
				 <ele>259.5</ele>
			 </trkpt>
			 <trkpt lat="53.050007" lon="-6.274664">
				 <ele>261.7</ele>
			 </trkpt>
			 <trkpt lat="53.049847" lon="-6.274559">
				 <ele>264.2</ele>
			 </trkpt>
			 <trkpt lat="53.049644" lon="-6.274396">
				 <ele>266.4</ele>
			 </trkpt>
			 <trkpt lat="53.049475" lon="-6.274239">
				 <ele>269.2</ele>
			 </trkpt>
			 <trkpt lat="53.049229" lon="-6.27399">
				 <ele>272.1</ele>
			 </trkpt>
			 <trkpt lat="53.04883" lon="-6.27363">
				 <ele>274.7</ele>
			 </trkpt>
			 <trkpt lat="53.048591" lon="-6.27347">
				 <ele>277.2</ele>
			 </trkpt>
			 <trkpt lat="53.048334" lon="-6.27333">
				 <ele>279.5</ele>
			 </trkpt>
			 <trkpt lat="53.047494" lon="-6.272962">
				 <ele>281.9</ele>
			 </trkpt>
			 <trkpt lat="53.047157" lon="-6.272764">
				 <ele>284.3</ele>
			 </trkpt>
			 <trkpt lat="53.046597" lon="-6.272371">
				 <ele>286.4</ele>
			 </trkpt>
			 <trkpt lat="53.046203" lon="-6.272035">
				 <ele>288.1</ele>
			 </trkpt>
			 <trkpt lat="53.046017" lon="-6.271899">
				 <ele>289.5</ele>
			 </trkpt>
			 <trkpt lat="53.045743" lon="-6.271719">
				 <ele>289.7</ele>
			 </trkpt>
			 <trkpt lat="53.04564" lon="-6.271666">
				 <ele>289</ele>
			 </trkpt>
			 <trkpt lat="53.045228" lon="-6.27149">
				 <ele>287.3</ele>
			 </trkpt>
			 <trkpt lat="53.044959" lon="-6.271435">
				 <ele>285</ele>
			 </trkpt>
			 <trkpt lat="53.044822" lon="-6.271437">
				 <ele>282.6</ele>
			 </trkpt>
			 <trkpt lat="53.043299" lon="-6.271663">
				 <ele>280.2</ele>
			 </trkpt>
			 <trkpt lat="53.042671" lon="-6.271797">
				 <ele>277.3</ele>
			 </trkpt>
			 <trkpt lat="53.041906" lon="-6.271995">
				 <ele>273.5</ele>
			 </trkpt>
			 <trkpt lat="53.041457" lon="-6.272169">
				 <ele>269.3</ele>
			 </trkpt>
			 <trkpt lat="53.0412" lon="-6.272285">
				 <ele>264.5</ele>
			 </trkpt>
			 <trkpt lat="53.041109" lon="-6.272326">
				 <ele>259.7</ele>
			 </trkpt>
			 <trkpt lat="53.040795" lon="-6.272487">
				 <ele>255.6</ele>
			 </trkpt>
			 <trkpt lat="53.040183" lon="-6.272782">
				 <ele>251.8</ele>
			 </trkpt>
			 <trkpt lat="53.03967" lon="-6.273051">
				 <ele>248.9</ele>
			 </trkpt>
			 <trkpt lat="53.039128" lon="-6.273308">
				 <ele>246.6</ele>
			 </trkpt>
			 <trkpt lat="53.039085" lon="-6.273346">
				 <ele>244.6</ele>
			 </trkpt>
			 <trkpt lat="53.038506" lon="-6.273567">
				 <ele>242.8</ele>
			 </trkpt>
			 <trkpt lat="53.038064" lon="-6.273624">
				 <ele>241.5</ele>
			 </trkpt>
			 <trkpt lat="53.037897" lon="-6.273624">
				 <ele>240.9</ele>
			 </trkpt>
			 <trkpt lat="53.03763" lon="-6.273624">
				 <ele>241</ele>
			 </trkpt>
			 <trkpt lat="53.037476" lon="-6.273606">
				 <ele>242.2</ele>
			 </trkpt>
			 <trkpt lat="53.036996" lon="-6.273528">
				 <ele>243.4</ele>
			 </trkpt>
			 <trkpt lat="53.036791" lon="-6.273509">
				 <ele>244.6</ele>
			 </trkpt>
			 <trkpt lat="53.036482" lon="-6.273486">
				 <ele>246</ele>
			 </trkpt>
			 <trkpt lat="53.036355" lon="-6.273489">
				 <ele>247.5</ele>
			 </trkpt>
			 <trkpt lat="53.035824" lon="-6.273453">
				 <ele>248.8</ele>
			 </trkpt>
			 <trkpt lat="53.035703" lon="-6.273464">
				 <ele>250.1</ele>
			 </trkpt>
			 <trkpt lat="53.035575" lon="-6.273514">
				 <ele>251.4</ele>
			 </trkpt>
			 <trkpt lat="53.035287" lon="-6.273676">
				 <ele>252.7</ele>
			 </trkpt>
			 <trkpt lat="53.035051" lon="-6.27378">
				 <ele>254</ele>
			 </trkpt>
			 <trkpt lat="53.03474" lon="-6.273934">
				 <ele>255.2</ele>
			 </trkpt>
			 <trkpt lat="53.034512" lon="-6.274047">
				 <ele>255.8</ele>
			 </trkpt>
			 <trkpt lat="53.034022" lon="-6.274174">
				 <ele>256.6</ele>
			 </trkpt>
			 <trkpt lat="53.033793" lon="-6.274199">
				 <ele>257.4</ele>
			 </trkpt>
			 <trkpt lat="53.033584" lon="-6.274169">
				 <ele>257.9</ele>
			 </trkpt>
			 <trkpt lat="53.033368" lon="-6.274159">
				 <ele>258.1</ele>
			 </trkpt>
			 <trkpt lat="53.033237" lon="-6.274179">
				 <ele>258.2</ele>
			 </trkpt>
			 <trkpt lat="53.032433" lon="-6.274442">
				 <ele>258.3</ele>
			 </trkpt>
			 <trkpt lat="53.032344" lon="-6.274465">
				 <ele>258.2</ele>
			 </trkpt>
			 <trkpt lat="53.032196" lon="-6.274502">
				 <ele>257.8</ele>
			 </trkpt>
			 <trkpt lat="53.031674" lon="-6.274583">
				 <ele>257.5</ele>
			 </trkpt>
			 <trkpt lat="53.031537" lon="-6.274629">
				 <ele>257.2</ele>
			 </trkpt>
			 <trkpt lat="53.031314" lon="-6.274796">
				 <ele>256.8</ele>
			 </trkpt>
			 <trkpt lat="53.031014" lon="-6.27505">
				 <ele>256.3</ele>
			 </trkpt>
			 <trkpt lat="53.030644" lon="-6.275373">
				 <ele>255.8</ele>
			 </trkpt>
			 <trkpt lat="53.030506" lon="-6.275507">
				 <ele>255.4</ele>
			 </trkpt>
			 <trkpt lat="53.030247" lon="-6.275815">
				 <ele>255.2</ele>
			 </trkpt>
			 <trkpt lat="53.029937" lon="-6.276207">
				 <ele>254.9</ele>
			 </trkpt>
			 <trkpt lat="53.029746" lon="-6.276474">
				 <ele>254.7</ele>
			 </trkpt>
			 <trkpt lat="53.029594" lon="-6.276664">
				 <ele>254.7</ele>
			 </trkpt>
			 <trkpt lat="53.029463" lon="-6.276854">
				 <ele>254.8</ele>
			 </trkpt>
			 <trkpt lat="53.029192" lon="-6.277247">
				 <ele>254.8</ele>
			 </trkpt>
			 <trkpt lat="53.028881" lon="-6.277736">
				 <ele>255</ele>
			 </trkpt>
			 <trkpt lat="53.028618" lon="-6.278243">
				 <ele>255.6</ele>
			 </trkpt>
			 <trkpt lat="53.028402" lon="-6.278725">
				 <ele>256.4</ele>
			 </trkpt>
			 <trkpt lat="53.028185" lon="-6.279183">
				 <ele>257</ele>
			 </trkpt>
			 <trkpt lat="53.028055" lon="-6.279479">
				 <ele>257.6</ele>
			 </trkpt>
			 <trkpt lat="53.027925" lon="-6.279786">
				 <ele>258.3</ele>
			 </trkpt>
			 <trkpt lat="53.02767" lon="-6.28032">
				 <ele>259</ele>
			 </trkpt>
			 <trkpt lat="53.027469" lon="-6.280597">
				 <ele>259.9</ele>
			 </trkpt>
			 <trkpt lat="53.027026" lon="-6.281092">
				 <ele>260.8</ele>
			 </trkpt>
			 <trkpt lat="53.026764" lon="-6.281194">
				 <ele>261.7</ele>
			 </trkpt>
			 <trkpt lat="53.026598" lon="-6.281247">
				 <ele>262.7</ele>
			 </trkpt>
			 <trkpt lat="53.026328" lon="-6.281294">
				 <ele>263.6</ele>
			 </trkpt>
			 <trkpt lat="53.025979" lon="-6.281388">
				 <ele>264.1</ele>
			 </trkpt>
			 <trkpt lat="53.02544" lon="-6.281556">
				 <ele>264.4</ele>
			 </trkpt>
			 <trkpt lat="53.025315" lon="-6.28156">
				 <ele>264.5</ele>
			 </trkpt>
			 <trkpt lat="53.025207" lon="-6.281527">
				 <ele>264.6</ele>
			 </trkpt>
			 <trkpt lat="53.025028" lon="-6.28141">
				 <ele>264.5</ele>
			 </trkpt>
			 <trkpt lat="53.024866" lon="-6.281273">
				 <ele>264.3</ele>
			 </trkpt>
			 <trkpt lat="53.024694" lon="-6.281098">
				 <ele>263.7</ele>
			 </trkpt>
			 <trkpt lat="53.024317" lon="-6.280705">
				 <ele>263.4</ele>
			 </trkpt>
			 <trkpt lat="53.024162" lon="-6.280575">
				 <ele>263.3</ele>
			 </trkpt>
			 <trkpt lat="53.023997" lon="-6.280483">
				 <ele>262.9</ele>
			 </trkpt>
			 <trkpt lat="53.023963" lon="-6.280468">
				 <ele>262.5</ele>
			 </trkpt>
			 <trkpt lat="53.023712" lon="-6.280524">
				 <ele>262.2</ele>
			 </trkpt>
			 <trkpt lat="53.022691" lon="-6.280804">
				 <ele>261.7</ele>
			 </trkpt>
			 <trkpt lat="53.021723" lon="-6.28107">
				 <ele>261.2</ele>
			 </trkpt>
			 <trkpt lat="53.020776" lon="-6.28131">
				 <ele>260.4</ele>
			 </trkpt>
			 <trkpt lat="53.020588" lon="-6.281348">
				 <ele>259.6</ele>
			 </trkpt>
			 <trkpt lat="53.020426" lon="-6.281361">
				 <ele>258.7</ele>
			 </trkpt>
			 <trkpt lat="53.020184" lon="-6.281349">
				 <ele>257.8</ele>
			 </trkpt>
			 <trkpt lat="53.01965" lon="-6.281283">
				 <ele>256.7</ele>
			 </trkpt>
			 <trkpt lat="53.019164" lon="-6.281169">
				 <ele>255.5</ele>
			 </trkpt>
			 <trkpt lat="53.018823" lon="-6.28102">
				 <ele>254.8</ele>
			 </trkpt>
			 <trkpt lat="53.0185" lon="-6.280902">
				 <ele>254.2</ele>
			 </trkpt>
			 <trkpt lat="53.018367" lon="-6.280891">
				 <ele>253.2</ele>
			 </trkpt>
			 <trkpt lat="53.018224" lon="-6.280992">
				 <ele>252.3</ele>
			 </trkpt>
			 <trkpt lat="53.018092" lon="-6.281102">
				 <ele>251.5</ele>
			 </trkpt>
			 <trkpt lat="53.017243" lon="-6.281986">
				 <ele>251</ele>
			 </trkpt>
			 <trkpt lat="53.017134" lon="-6.282099">
				 <ele>250.1</ele>
			 </trkpt>
			 <trkpt lat="53.016351" lon="-6.282903">
				 <ele>249.1</ele>
			 </trkpt>
			 <trkpt lat="53.016165" lon="-6.283056">
				 <ele>248.1</ele>
			 </trkpt>
			 <trkpt lat="53.015946" lon="-6.283261">
				 <ele>246.7</ele>
			 </trkpt>
			 <trkpt lat="53.015802" lon="-6.28337">
				 <ele>245.3</ele>
			 </trkpt>
			 <trkpt lat="53.015357" lon="-6.283824">
				 <ele>243.2</ele>
			 </trkpt>
			 <trkpt lat="53.015184" lon="-6.28406">
				 <ele>241</ele>
			 </trkpt>
			 <trkpt lat="53.015135" lon="-6.28413">
				 <ele>239.1</ele>
			 </trkpt>
			 <trkpt lat="53.014917" lon="-6.284466">
				 <ele>237.1</ele>
			 </trkpt>
			 <trkpt lat="53.014797" lon="-6.28471">
				 <ele>235.1</ele>
			 </trkpt>
			 <trkpt lat="53.014615" lon="-6.285071">
				 <ele>233.2</ele>
			 </trkpt>
			 <trkpt lat="53.014454" lon="-6.28543">
				 <ele>231.6</ele>
			 </trkpt>
			 <trkpt lat="53.014266" lon="-6.285851">
				 <ele>230.3</ele>
			 </trkpt>
			 <trkpt lat="53.014169" lon="-6.286142">
				 <ele>228.8</ele>
			 </trkpt>
			 <trkpt lat="53.014064" lon="-6.28649">
				 <ele>227.5</ele>
			 </trkpt>
			 <trkpt lat="53.013969" lon="-6.286744">
				 <ele>226.2</ele>
			 </trkpt>
			 <trkpt lat="53.013858" lon="-6.286999">
				 <ele>224.7</ele>
			 </trkpt>
			 <trkpt lat="53.013724" lon="-6.287306">
				 <ele>223.3</ele>
			 </trkpt>
			 <trkpt lat="53.013557" lon="-6.287635">
				 <ele>221.9</ele>
			 </trkpt>
			 <trkpt lat="53.013496" lon="-6.287765">
				 <ele>220.6</ele>
			 </trkpt>
			 <trkpt lat="53.013418" lon="-6.287919">
				 <ele>219.4</ele>
			 </trkpt>
			 <trkpt lat="53.013284" lon="-6.288295">
				 <ele>218</ele>
			 </trkpt>
			 <trkpt lat="53.01325" lon="-6.288426">
				 <ele>216.6</ele>
			 </trkpt>
			 <trkpt lat="53.0132" lon="-6.288646">
				 <ele>215.3</ele>
			 </trkpt>
			 <trkpt lat="53.013171" lon="-6.288818">
				 <ele>214</ele>
			 </trkpt>
			 <trkpt lat="53.01312" lon="-6.289115">
				 <ele>212.6</ele>
			 </trkpt>
			 <trkpt lat="53.013072" lon="-6.289454">
				 <ele>210.4</ele>
			 </trkpt>
			 <trkpt lat="53.01304" lon="-6.289727">
				 <ele>208.1</ele>
			 </trkpt>
			 <trkpt lat="53.012987" lon="-6.289849">
				 <ele>205.5</ele>
			 </trkpt>
			 <trkpt lat="53.012881" lon="-6.29001">
				 <ele>202.7</ele>
			 </trkpt>
			 <trkpt lat="53.012742" lon="-6.290141">
				 <ele>199.9</ele>
			 </trkpt>
			 <trkpt lat="53.011909" lon="-6.290814">
				 <ele>197</ele>
			 </trkpt>
			 <trkpt lat="53.011736" lon="-6.290953">
				 <ele>194.3</ele>
			 </trkpt>
			 <trkpt lat="53.011349" lon="-6.291235">
				 <ele>191.5</ele>
			 </trkpt>
			 <trkpt lat="53.01105" lon="-6.291435">
				 <ele>188.6</ele>
			 </trkpt>
			 <trkpt lat="53.010916" lon="-6.291526">
				 <ele>185.7</ele>
			 </trkpt>
			 <trkpt lat="53.01076" lon="-6.291633">
				 <ele>182.9</ele>
			 </trkpt>
			 <trkpt lat="53.010347" lon="-6.291762">
				 <ele>180.6</ele>
			 </trkpt>
			 <trkpt lat="53.010069" lon="-6.291825">
				 <ele>176.8</ele>
			 </trkpt>
			 <trkpt lat="53.009909" lon="-6.291989">
				 <ele>173.3</ele>
			 </trkpt>
			 <trkpt lat="53.009798" lon="-6.292167">
				 <ele>170.1</ele>
			 </trkpt>
			 <trkpt lat="53.009701" lon="-6.29232">
				 <ele>166.9</ele>
			 </trkpt>
			 <trkpt lat="53.009446" lon="-6.292756">
				 <ele>163.8</ele>
			 </trkpt>
			 <trkpt lat="53.008446" lon="-6.294511">
				 <ele>160.6</ele>
			 </trkpt>
			 <trkpt lat="53.00851" lon="-6.294661">
				 <ele>157.5</ele>
			 </trkpt>
			 <trkpt lat="53.008597" lon="-6.29486">
				 <ele>154.3</ele>
			 </trkpt>
			 <trkpt lat="53.008703" lon="-6.295076">
				 <ele>151.3</ele>
			 </trkpt>
			 <trkpt lat="53.008761" lon="-6.295215">
				 <ele>148.2</ele>
			 </trkpt>
			 <trkpt lat="53.008786" lon="-6.295373">
				 <ele>145.5</ele>
			 </trkpt>
			 <trkpt lat="53.008795" lon="-6.295584">
				 <ele>144.6</ele>
			 </trkpt>
			 <trkpt lat="53.008781" lon="-6.295768">
				 <ele>143.9</ele>
			 </trkpt>
			 <trkpt lat="53.008774" lon="-6.29586">
				 <ele>143.3</ele>
			 </trkpt>
			 <trkpt lat="53.008725" lon="-6.296062">
				 <ele>142.8</ele>
			 </trkpt>
			 <trkpt lat="53.008551" lon="-6.296813">
				 <ele>142.5</ele>
			 </trkpt>
			 <trkpt lat="53.008457" lon="-6.29726">
				 <ele>142.5</ele>
			 </trkpt>
			 <trkpt lat="53.00843" lon="-6.297487">
				 <ele>142.5</ele>
			 </trkpt>
			 <trkpt lat="53.008478" lon="-6.297752">
				 <ele>142.9</ele>
			 </trkpt>
			 <trkpt lat="53.008557" lon="-6.298063">
				 <ele>143.5</ele>
			 </trkpt>
			 <trkpt lat="53.008716" lon="-6.298831">
				 <ele>144.4</ele>
			 </trkpt>
			 <trkpt lat="53.008817" lon="-6.299292">
				 <ele>145.8</ele>
			 </trkpt>
			 <trkpt lat="53.008823" lon="-6.299353">
				 <ele>147.3</ele>
			 </trkpt>
			 <trkpt lat="53.008948" lon="-6.299377">
				 <ele>149.1</ele>
			 </trkpt>
			 <trkpt lat="53.009191" lon="-6.299658">
				 <ele>150.9</ele>
			 </trkpt>
			 <trkpt lat="53.009416" lon="-6.29987">
				 <ele>153</ele>
			 </trkpt>
			 <trkpt lat="53.009797" lon="-6.299963">
				 <ele>155.6</ele>
			 </trkpt>
			 <trkpt lat="53.009888" lon="-6.299985">
				 <ele>158.2</ele>
			 </trkpt>
			 <trkpt lat="53.010035" lon="-6.300257">
				 <ele>160.7</ele>
			 </trkpt>
			 <trkpt lat="53.010108" lon="-6.300654">
				 <ele>163.1</ele>
			 </trkpt>
			 <trkpt lat="53.010301" lon="-6.301378">
				 <ele>164.6</ele>
			 </trkpt>
			 <trkpt lat="53.010658" lon="-6.302486">
				 <ele>166</ele>
			 </trkpt>
			 <trkpt lat="53.010682" lon="-6.302628">
				 <ele>166.8</ele>
			 </trkpt>
			 <trkpt lat="53.010681" lon="-6.302782">
				 <ele>167</ele>
			 </trkpt>
			 <trkpt lat="53.01063" lon="-6.302922">
				 <ele>166.6</ele>
			 </trkpt>
			 <trkpt lat="53.010258" lon="-6.302623">
				 <ele>166.2</ele>
			 </trkpt>
			 <trkpt lat="53.010182" lon="-6.302566">
				 <ele>165.3</ele>
			 </trkpt>
			 <trkpt lat="53.0101" lon="-6.302549">
				 <ele>163.5</ele>
			 </trkpt>
			 <trkpt lat="53.00961" lon="-6.302585">
				 <ele>162.5</ele>
			 </trkpt>
			 <trkpt lat="53.009496" lon="-6.302644">
				 <ele>161.3</ele>
			 </trkpt>
			 <trkpt lat="53.009532" lon="-6.302805">
				 <ele>159.9</ele>
			 </trkpt>
			 <trkpt lat="53.009531" lon="-6.302952">
				 <ele>159</ele>
			 </trkpt>
			 <trkpt lat="53.009409" lon="-6.303103">
				 <ele>157.8</ele>
			 </trkpt>
		 </trkseg>
	 </trk>
</gpx>