<?xml version="1.0" encoding="UTF-8"?>
 <gpx creator="Garmin Connect" version="1.1"
	 xsi:schemaLocation="http://www.topografix.com/GPX/1/1 http://www.topografix.com/GPX/11.xsd"
	 xmlns:ns3="http://www.garmin.com/xmlschemas/TrackPointExtension/v1"
	 xmlns="http://www.topografix.com/GPX/1/1"
	 xmlns:xsi="http://www.w3.org/2001/XMLSchema-instance" xmlns:ns2="http://www.garmin.com/xmlschemas/GpxExtensions/v3">
	 <metadata>
		<name>Jovia Long Island Marathon Festival of Races - 42.195 km</name>
		 <link href="https://www.goandrace.com">
		 <text>Garmin Connect</text>
		 </link>
	 <time>2026-08-09T17:13:40</time>
	 </metadata>
	 <trk>
		 <name>Jovia Long Island Marathon Festival of Races - 42.195 km</name>
		 <trkseg>
			 <trkpt lat="40.72888" lon="-73.56788">
				 <ele>27</ele>
			 </trkpt>
			 <trkpt lat="40.72892" lon="-73.56793">
				 <ele>27</ele>
			 </trkpt>
			 <trkpt lat="40.729" lon="-73.56804">
				 <ele>27</ele>
			 </trkpt>
			 <trkpt lat="40.72909" lon="-73.56818">
				 <ele>27</ele>
			 </trkpt>
			 <trkpt lat="40.7292" lon="-73.56833">
				 <ele>27</ele>
			 </trkpt>
			 <trkpt lat="40.72933" lon="-73.56855">
				 <ele>27</ele>
			 </trkpt>
			 <trkpt lat="40.72943" lon="-73.56873">
				 <ele>27</ele>
			 </trkpt>
			 <trkpt lat="40.72952" lon="-73.56891">
				 <ele>27</ele>
			 </trkpt>
			 <trkpt lat="40.72957" lon="-73.56902">
				 <ele>27</ele>
			 </trkpt>
			 <trkpt lat="40.72961" lon="-73.56909">
				 <ele>27</ele>
			 </trkpt>
			 <trkpt lat="40.72975" lon="-73.56939">
				 <ele>27</ele>
			 </trkpt>
			 <trkpt lat="40.72989" lon="-73.56975">
				 <ele>27</ele>
			 </trkpt>
			 <trkpt lat="40.73001" lon="-73.57013">
				 <ele>27</ele>
			 </trkpt>
			 <trkpt lat="40.73003" lon="-73.57019">
				 <ele>27</ele>
			 </trkpt>
			 <trkpt lat="40.73012" lon="-73.57054">
				 <ele>27</ele>
			 </trkpt>
			 <trkpt lat="40.73015" lon="-73.5707">
				 <ele>27</ele>
			 </trkpt>
			 <trkpt lat="40.73027" lon="-73.5713">
				 <ele>27</ele>
			 </trkpt>
			 <trkpt lat="40.73044" lon="-73.5721">
				 <ele>26</ele>
			 </trkpt>
			 <trkpt lat="40.73047" lon="-73.57224">
				 <ele>26</ele>
			 </trkpt>
			 <trkpt lat="40.7305" lon="-73.57241">
				 <ele>26</ele>
			 </trkpt>
			 <trkpt lat="40.73053" lon="-73.57253">
				 <ele>26</ele>
			 </trkpt>
			 <trkpt lat="40.73058" lon="-73.57269">
				 <ele>26</ele>
			 </trkpt>
			 <trkpt lat="40.73062" lon="-73.57286">
				 <ele>26</ele>
			 </trkpt>
			 <trkpt lat="40.73067" lon="-73.57301">
				 <ele>26</ele>
			 </trkpt>
			 <trkpt lat="40.73074" lon="-73.57322">
				 <ele>26</ele>
			 </trkpt>
			 <trkpt lat="40.73082" lon="-73.57345">
				 <ele>26</ele>
			 </trkpt>
			 <trkpt lat="40.73085" lon="-73.57353">
				 <ele>26</ele>
			 </trkpt>
			 <trkpt lat="40.73094" lon="-73.57375">
				 <ele>26</ele>
			 </trkpt>
			 <trkpt lat="40.73098" lon="-73.57386">
				 <ele>26</ele>
			 </trkpt>
			 <trkpt lat="40.73102" lon="-73.57395">
				 <ele>26</ele>
			 </trkpt>
			 <trkpt lat="40.7311" lon="-73.5741">
				 <ele>27</ele>
			 </trkpt>
			 <trkpt lat="40.7312" lon="-73.57429">
				 <ele>27</ele>
			 </trkpt>
			 <trkpt lat="40.73128" lon="-73.57442">
				 <ele>27</ele>
			 </trkpt>
			 <trkpt lat="40.73142" lon="-73.57463">
				 <ele>27</ele>
			 </trkpt>
			 <trkpt lat="40.73149" lon="-73.57473">
				 <ele>27</ele>
			 </trkpt>
			 <trkpt lat="40.73156" lon="-73.57482">
				 <ele>27</ele>
			 </trkpt>
			 <trkpt lat="40.73164" lon="-73.57492">
				 <ele>27</ele>
			 </trkpt>
			 <trkpt lat="40.73173" lon="-73.57501">
				 <ele>27</ele>
			 </trkpt>
			 <trkpt lat="40.73181" lon="-73.5751">
				 <ele>27</ele>
			 </trkpt>
			 <trkpt lat="40.73188" lon="-73.57517">
				 <ele>27</ele>
			 </trkpt>
			 <trkpt lat="40.73197" lon="-73.57525">
				 <ele>26</ele>
			 </trkpt>
			 <trkpt lat="40.73206" lon="-73.57533">
				 <ele>26</ele>
			 </trkpt>
			 <trkpt lat="40.73215" lon="-73.57541">
				 <ele>26</ele>
			 </trkpt>
			 <trkpt lat="40.73227" lon="-73.57549">
				 <ele>26</ele>
			 </trkpt>
			 <trkpt lat="40.73232" lon="-73.57553">
				 <ele>26</ele>
			 </trkpt>
			 <trkpt lat="40.73236" lon="-73.57556">
				 <ele>26</ele>
			 </trkpt>
			 <trkpt lat="40.73243" lon="-73.5756">
				 <ele>26</ele>
			 </trkpt>
			 <trkpt lat="40.73251" lon="-73.57565">
				 <ele>26</ele>
			 </trkpt>
			 <trkpt lat="40.73272" lon="-73.57576">
				 <ele>26</ele>
			 </trkpt>
			 <trkpt lat="40.7329" lon="-73.57584">
				 <ele>26</ele>
			 </trkpt>
			 <trkpt lat="40.73302" lon="-73.57588">
				 <ele>26</ele>
			 </trkpt>
			 <trkpt lat="40.73312" lon="-73.57591">
				 <ele>26</ele>
			 </trkpt>
			 <trkpt lat="40.73322" lon="-73.57594">
				 <ele>26</ele>
			 </trkpt>
			 <trkpt lat="40.73332" lon="-73.57597">
				 <ele>26</ele>
			 </trkpt>
			 <trkpt lat="40.73347" lon="-73.576">
				 <ele>26</ele>
			 </trkpt>
			 <trkpt lat="40.73361" lon="-73.57603">
				 <ele>26</ele>
			 </trkpt>
			 <trkpt lat="40.73383" lon="-73.57606">
				 <ele>26</ele>
			 </trkpt>
			 <trkpt lat="40.73394" lon="-73.57607">
				 <ele>26</ele>
			 </trkpt>
			 <trkpt lat="40.734" lon="-73.57607">
				 <ele>26</ele>
			 </trkpt>
			 <trkpt lat="40.7341" lon="-73.57608">
				 <ele>26</ele>
			 </trkpt>
			 <trkpt lat="40.73415" lon="-73.57608">
				 <ele>26</ele>
			 </trkpt>
			 <trkpt lat="40.73432" lon="-73.57607">
				 <ele>26</ele>
			 </trkpt>
			 <trkpt lat="40.73446" lon="-73.57607">
				 <ele>26</ele>
			 </trkpt>
			 <trkpt lat="40.73456" lon="-73.57607">
				 <ele>26</ele>
			 </trkpt>
			 <trkpt lat="40.73518" lon="-73.57605">
				 <ele>25</ele>
			 </trkpt>
			 <trkpt lat="40.7353" lon="-73.57605">
				 <ele>25</ele>
			 </trkpt>
			 <trkpt lat="40.73545" lon="-73.57605">
				 <ele>25</ele>
			 </trkpt>
			 <trkpt lat="40.7356" lon="-73.57606">
				 <ele>25</ele>
			 </trkpt>
			 <trkpt lat="40.73571" lon="-73.57607">
				 <ele>25</ele>
			 </trkpt>
			 <trkpt lat="40.73578" lon="-73.57608">
				 <ele>24</ele>
			 </trkpt>
			 <trkpt lat="40.73591" lon="-73.5761">
				 <ele>24</ele>
			 </trkpt>
			 <trkpt lat="40.73595" lon="-73.5761">
				 <ele>24</ele>
			 </trkpt>
			 <trkpt lat="40.73605" lon="-73.57612">
				 <ele>24</ele>
			 </trkpt>
			 <trkpt lat="40.7362" lon="-73.57616">
				 <ele>23</ele>
			 </trkpt>
			 <trkpt lat="40.73633" lon="-73.5762">
				 <ele>23</ele>
			 </trkpt>
			 <trkpt lat="40.73644" lon="-73.57624">
				 <ele>23</ele>
			 </trkpt>
			 <trkpt lat="40.73653" lon="-73.57627">
				 <ele>23</ele>
			 </trkpt>
			 <trkpt lat="40.73656" lon="-73.57628">
				 <ele>23</ele>
			 </trkpt>
			 <trkpt lat="40.73669" lon="-73.57634">
				 <ele>23</ele>
			 </trkpt>
			 <trkpt lat="40.7368" lon="-73.57639">
				 <ele>23</ele>
			 </trkpt>
			 <trkpt lat="40.73692" lon="-73.57646">
				 <ele>23</ele>
			 </trkpt>
			 <trkpt lat="40.73703" lon="-73.57653">
				 <ele>23</ele>
			 </trkpt>
			 <trkpt lat="40.73714" lon="-73.5766">
				 <ele>23</ele>
			 </trkpt>
			 <trkpt lat="40.73725" lon="-73.57669">
				 <ele>24</ele>
			 </trkpt>
			 <trkpt lat="40.73729" lon="-73.57673">
				 <ele>24</ele>
			 </trkpt>
			 <trkpt lat="40.73734" lon="-73.57677">
				 <ele>24</ele>
			 </trkpt>
			 <trkpt lat="40.73739" lon="-73.57681">
				 <ele>24</ele>
			 </trkpt>
			 <trkpt lat="40.73749" lon="-73.57691">
				 <ele>24</ele>
			 </trkpt>
			 <trkpt lat="40.73759" lon="-73.57703">
				 <ele>25</ele>
			 </trkpt>
			 <trkpt lat="40.73767" lon="-73.57711">
				 <ele>25</ele>
			 </trkpt>
			 <trkpt lat="40.73775" lon="-73.57723">
				 <ele>26</ele>
			 </trkpt>
			 <trkpt lat="40.73782" lon="-73.57733">
				 <ele>26</ele>
			 </trkpt>
			 <trkpt lat="40.73789" lon="-73.57744">
				 <ele>27</ele>
			 </trkpt>
			 <trkpt lat="40.73794" lon="-73.57755">
				 <ele>27</ele>
			 </trkpt>
			 <trkpt lat="40.73799" lon="-73.57765">
				 <ele>27</ele>
			 </trkpt>
			 <trkpt lat="40.73805" lon="-73.57778">
				 <ele>27</ele>
			 </trkpt>
			 <trkpt lat="40.7381" lon="-73.57791">
				 <ele>27</ele>
			 </trkpt>
			 <trkpt lat="40.73812" lon="-73.578">
				 <ele>27</ele>
			 </trkpt>
			 <trkpt lat="40.73817" lon="-73.57816">
				 <ele>28</ele>
			 </trkpt>
			 <trkpt lat="40.7382" lon="-73.57829">
				 <ele>28</ele>
			 </trkpt>
			 <trkpt lat="40.73821" lon="-73.5784">
				 <ele>28</ele>
			 </trkpt>
			 <trkpt lat="40.73823" lon="-73.57854">
				 <ele>28</ele>
			 </trkpt>
			 <trkpt lat="40.73825" lon="-73.57867">
				 <ele>28</ele>
			 </trkpt>
			 <trkpt lat="40.73825" lon="-73.57873">
				 <ele>28</ele>
			 </trkpt>
			 <trkpt lat="40.73825" lon="-73.57878">
				 <ele>28</ele>
			 </trkpt>
			 <trkpt lat="40.73826" lon="-73.57891">
				 <ele>28</ele>
			 </trkpt>
			 <trkpt lat="40.73825" lon="-73.57897">
				 <ele>28</ele>
			 </trkpt>
			 <trkpt lat="40.73825" lon="-73.57908">
				 <ele>28</ele>
			 </trkpt>
			 <trkpt lat="40.73825" lon="-73.57913">
				 <ele>28</ele>
			 </trkpt>
			 <trkpt lat="40.73824" lon="-73.5792">
				 <ele>28</ele>
			 </trkpt>
			 <trkpt lat="40.73823" lon="-73.57927">
				 <ele>28</ele>
			 </trkpt>
			 <trkpt lat="40.73822" lon="-73.57936">
				 <ele>28</ele>
			 </trkpt>
			 <trkpt lat="40.7382" lon="-73.57947">
				 <ele>28</ele>
			 </trkpt>
			 <trkpt lat="40.73817" lon="-73.5796">
				 <ele>28</ele>
			 </trkpt>
			 <trkpt lat="40.73814" lon="-73.5797">
				 <ele>27</ele>
			 </trkpt>
			 <trkpt lat="40.73811" lon="-73.5798">
				 <ele>27</ele>
			 </trkpt>
			 <trkpt lat="40.73806" lon="-73.57994">
				 <ele>27</ele>
			 </trkpt>
			 <trkpt lat="40.73804" lon="-73.58">
				 <ele>27</ele>
			 </trkpt>
			 <trkpt lat="40.73802" lon="-73.58004">
				 <ele>27</ele>
			 </trkpt>
			 <trkpt lat="40.73797" lon="-73.58016">
				 <ele>27</ele>
			 </trkpt>
			 <trkpt lat="40.73792" lon="-73.58028">
				 <ele>27</ele>
			 </trkpt>
			 <trkpt lat="40.73785" lon="-73.58041">
				 <ele>27</ele>
			 </trkpt>
			 <trkpt lat="40.73779" lon="-73.58053">
				 <ele>27</ele>
			 </trkpt>
			 <trkpt lat="40.73769" lon="-73.58072">
				 <ele>27</ele>
			 </trkpt>
			 <trkpt lat="40.73753" lon="-73.58102">
				 <ele>26</ele>
			 </trkpt>
			 <trkpt lat="40.73749" lon="-73.58108">
				 <ele>26</ele>
			 </trkpt>
			 <trkpt lat="40.73738" lon="-73.58128">
				 <ele>26</ele>
			 </trkpt>
			 <trkpt lat="40.73728" lon="-73.58148">
				 <ele>25</ele>
			 </trkpt>
			 <trkpt lat="40.73721" lon="-73.58164">
				 <ele>25</ele>
			 </trkpt>
			 <trkpt lat="40.73712" lon="-73.58185">
				 <ele>25</ele>
			 </trkpt>
			 <trkpt lat="40.73708" lon="-73.58193">
				 <ele>24</ele>
			 </trkpt>
			 <trkpt lat="40.73702" lon="-73.5821">
				 <ele>24</ele>
			 </trkpt>
			 <trkpt lat="40.73699" lon="-73.58217">
				 <ele>24</ele>
			 </trkpt>
			 <trkpt lat="40.73696" lon="-73.58225">
				 <ele>24</ele>
			 </trkpt>
			 <trkpt lat="40.73693" lon="-73.58235">
				 <ele>24</ele>
			 </trkpt>
			 <trkpt lat="40.73691" lon="-73.58242">
				 <ele>24</ele>
			 </trkpt>
			 <trkpt lat="40.73685" lon="-73.58261">
				 <ele>24</ele>
			 </trkpt>
			 <trkpt lat="40.73683" lon="-73.5827">
				 <ele>23</ele>
			 </trkpt>
			 <trkpt lat="40.73682" lon="-73.58276">
				 <ele>23</ele>
			 </trkpt>
			 <trkpt lat="40.7368" lon="-73.58282">
				 <ele>23</ele>
			 </trkpt>
			 <trkpt lat="40.73675" lon="-73.58283">
				 <ele>23</ele>
			 </trkpt>
			 <trkpt lat="40.73669" lon="-73.5828">
				 <ele>23</ele>
			 </trkpt>
			 <trkpt lat="40.73661" lon="-73.58277">
				 <ele>23</ele>
			 </trkpt>
			 <trkpt lat="40.7364" lon="-73.58267">
				 <ele>23</ele>
			 </trkpt>
			 <trkpt lat="40.736" lon="-73.58248">
				 <ele>24</ele>
			 </trkpt>
			 <trkpt lat="40.73554" lon="-73.58226">
				 <ele>24</ele>
			 </trkpt>
			 <trkpt lat="40.73545" lon="-73.58222">
				 <ele>24</ele>
			 </trkpt>
			 <trkpt lat="40.73531" lon="-73.58216">
				 <ele>24</ele>
			 </trkpt>
			 <trkpt lat="40.73511" lon="-73.58207">
				 <ele>24</ele>
			 </trkpt>
			 <trkpt lat="40.73496" lon="-73.582">
				 <ele>24</ele>
			 </trkpt>
			 <trkpt lat="40.73486" lon="-73.58195">
				 <ele>24</ele>
			 </trkpt>
			 <trkpt lat="40.73473" lon="-73.5819">
				 <ele>24</ele>
			 </trkpt>
			 <trkpt lat="40.73462" lon="-73.58185">
				 <ele>24</ele>
			 </trkpt>
			 <trkpt lat="40.7345" lon="-73.58179">
				 <ele>24</ele>
			 </trkpt>
			 <trkpt lat="40.7344" lon="-73.58175">
				 <ele>24</ele>
			 </trkpt>
			 <trkpt lat="40.73421" lon="-73.58167">
				 <ele>24</ele>
			 </trkpt>
			 <trkpt lat="40.73411" lon="-73.58163">
				 <ele>24</ele>
			 </trkpt>
			 <trkpt lat="40.73395" lon="-73.58156">
				 <ele>24</ele>
			 </trkpt>
			 <trkpt lat="40.73385" lon="-73.58152">
				 <ele>24</ele>
			 </trkpt>
			 <trkpt lat="40.73372" lon="-73.58146">
				 <ele>24</ele>
			 </trkpt>
			 <trkpt lat="40.73348" lon="-73.58135">
				 <ele>23</ele>
			 </trkpt>
			 <trkpt lat="40.73335" lon="-73.5813">
				 <ele>22</ele>
			 </trkpt>
			 <trkpt lat="40.7331" lon="-73.58119">
				 <ele>21</ele>
			 </trkpt>
			 <trkpt lat="40.73242" lon="-73.5809">
				 <ele>20</ele>
			 </trkpt>
			 <trkpt lat="40.73218" lon="-73.5808">
				 <ele>20</ele>
			 </trkpt>
			 <trkpt lat="40.73211" lon="-73.58076">
				 <ele>20</ele>
			 </trkpt>
			 <trkpt lat="40.7316" lon="-73.58054">
				 <ele>21</ele>
			 </trkpt>
			 <trkpt lat="40.73152" lon="-73.58051">
				 <ele>21</ele>
			 </trkpt>
			 <trkpt lat="40.73072" lon="-73.58016">
				 <ele>23</ele>
			 </trkpt>
			 <trkpt lat="40.73067" lon="-73.58013">
				 <ele>24</ele>
			 </trkpt>
			 <trkpt lat="40.73033" lon="-73.57998">
				 <ele>24</ele>
			 </trkpt>
			 <trkpt lat="40.73027" lon="-73.57996">
				 <ele>24</ele>
			 </trkpt>
			 <trkpt lat="40.73001" lon="-73.57985">
				 <ele>24</ele>
			 </trkpt>
			 <trkpt lat="40.72998" lon="-73.57984">
				 <ele>24</ele>
			 </trkpt>
			 <trkpt lat="40.72996" lon="-73.57993">
				 <ele>24</ele>
			 </trkpt>
			 <trkpt lat="40.729558" lon="-73.581474">
				 <ele>20</ele>
			 </trkpt>
			 <trkpt lat="40.72949" lon="-73.58145">
				 <ele>20</ele>
			 </trkpt>
			 <trkpt lat="40.72944" lon="-73.58166">
				 <ele>19</ele>
			 </trkpt>
			 <trkpt lat="40.72938" lon="-73.58191">
				 <ele>19</ele>
			 </trkpt>
			 <trkpt lat="40.72933" lon="-73.58208">
				 <ele>19</ele>
			 </trkpt>
			 <trkpt lat="40.72931" lon="-73.58217">
				 <ele>19</ele>
			 </trkpt>
			 <trkpt lat="40.72928" lon="-73.58225">
				 <ele>19</ele>
			 </trkpt>
			 <trkpt lat="40.72926" lon="-73.58231">
				 <ele>19</ele>
			 </trkpt>
			 <trkpt lat="40.72923" lon="-73.58238">
				 <ele>19</ele>
			 </trkpt>
			 <trkpt lat="40.7292" lon="-73.58246">
				 <ele>19</ele>
			 </trkpt>
			 <trkpt lat="40.72917" lon="-73.58254">
				 <ele>19</ele>
			 </trkpt>
			 <trkpt lat="40.72912" lon="-73.58264">
				 <ele>19</ele>
			 </trkpt>
			 <trkpt lat="40.72908" lon="-73.58272">
				 <ele>18</ele>
			 </trkpt>
			 <trkpt lat="40.72904" lon="-73.58279">
				 <ele>18</ele>
			 </trkpt>
			 <trkpt lat="40.72898" lon="-73.58289">
				 <ele>18</ele>
			 </trkpt>
			 <trkpt lat="40.72895" lon="-73.58293">
				 <ele>18</ele>
			 </trkpt>
			 <trkpt lat="40.72892" lon="-73.58298">
				 <ele>18</ele>
			 </trkpt>
			 <trkpt lat="40.72884" lon="-73.58308">
				 <ele>18</ele>
			 </trkpt>
			 <trkpt lat="40.72877" lon="-73.58317">
				 <ele>18</ele>
			 </trkpt>
			 <trkpt lat="40.72868" lon="-73.58326">
				 <ele>18</ele>
			 </trkpt>
			 <trkpt lat="40.72856" lon="-73.58338">
				 <ele>19</ele>
			 </trkpt>
			 <trkpt lat="40.72847" lon="-73.58347">
				 <ele>21</ele>
			 </trkpt>
			 <trkpt lat="40.72841" lon="-73.58352">
				 <ele>22</ele>
			 </trkpt>
			 <trkpt lat="40.72808" lon="-73.58381">
				 <ele>24</ele>
			 </trkpt>
			 <trkpt lat="40.72796" lon="-73.58392">
				 <ele>24</ele>
			 </trkpt>
			 <trkpt lat="40.728" lon="-73.584">
				 <ele>24</ele>
			 </trkpt>
			 <trkpt lat="40.72776" lon="-73.58421">
				 <ele>24</ele>
			 </trkpt>
			 <trkpt lat="40.72752" lon="-73.58443">
				 <ele>24</ele>
			 </trkpt>
			 <trkpt lat="40.72716" lon="-73.58475">
				 <ele>25</ele>
			 </trkpt>
			 <trkpt lat="40.72696" lon="-73.58495">
				 <ele>25</ele>
			 </trkpt>
			 <trkpt lat="40.72686" lon="-73.58506">
				 <ele>25</ele>
			 </trkpt>
			 <trkpt lat="40.72681" lon="-73.58499">
				 <ele>25</ele>
			 </trkpt>
			 <trkpt lat="40.72672" lon="-73.5851">
				 <ele>25</ele>
			 </trkpt>
			 <trkpt lat="40.72666" lon="-73.58517">
				 <ele>25</ele>
			 </trkpt>
			 <trkpt lat="40.7266" lon="-73.58525">
				 <ele>25</ele>
			 </trkpt>
			 <trkpt lat="40.72654" lon="-73.58536">
				 <ele>25</ele>
			 </trkpt>
			 <trkpt lat="40.72646" lon="-73.5855">
				 <ele>25</ele>
			 </trkpt>
			 <trkpt lat="40.72642" lon="-73.58557">
				 <ele>25</ele>
			 </trkpt>
			 <trkpt lat="40.72638" lon="-73.58564">
				 <ele>25</ele>
			 </trkpt>
			 <trkpt lat="40.72634" lon="-73.58574">
				 <ele>25</ele>
			 </trkpt>
			 <trkpt lat="40.72631" lon="-73.58581">
				 <ele>25</ele>
			 </trkpt>
			 <trkpt lat="40.72628" lon="-73.58589">
				 <ele>25</ele>
			 </trkpt>
			 <trkpt lat="40.72626" lon="-73.58596">
				 <ele>25</ele>
			 </trkpt>
			 <trkpt lat="40.72618" lon="-73.58627">
				 <ele>25</ele>
			 </trkpt>
			 <trkpt lat="40.72614" lon="-73.58648">
				 <ele>25</ele>
			 </trkpt>
			 <trkpt lat="40.72604" lon="-73.58694">
				 <ele>25</ele>
			 </trkpt>
			 <trkpt lat="40.72598" lon="-73.5872">
				 <ele>25</ele>
			 </trkpt>
			 <trkpt lat="40.72591" lon="-73.58752">
				 <ele>25</ele>
			 </trkpt>
			 <trkpt lat="40.72583" lon="-73.58789">
				 <ele>25</ele>
			 </trkpt>
			 <trkpt lat="40.72567" lon="-73.58858">
				 <ele>25</ele>
			 </trkpt>
			 <trkpt lat="40.72556" lon="-73.58907">
				 <ele>25</ele>
			 </trkpt>
			 <trkpt lat="40.72546" lon="-73.5895">
				 <ele>25</ele>
			 </trkpt>
			 <trkpt lat="40.72533" lon="-73.59009">
				 <ele>25</ele>
			 </trkpt>
			 <trkpt lat="40.72509" lon="-73.59116">
				 <ele>25</ele>
			 </trkpt>
			 <trkpt lat="40.72516" lon="-73.59119">
				 <ele>25</ele>
			 </trkpt>
			 <trkpt lat="40.72508" lon="-73.59148">
				 <ele>25</ele>
			 </trkpt>
			 <trkpt lat="40.72502" lon="-73.59168">
				 <ele>25</ele>
			 </trkpt>
			 <trkpt lat="40.72498" lon="-73.59179">
				 <ele>25</ele>
			 </trkpt>
			 <trkpt lat="40.72495" lon="-73.59186">
				 <ele>25</ele>
			 </trkpt>
			 <trkpt lat="40.72491" lon="-73.59195">
				 <ele>25</ele>
			 </trkpt>
			 <trkpt lat="40.72489" lon="-73.59201">
				 <ele>25</ele>
			 </trkpt>
			 <trkpt lat="40.72487" lon="-73.59205">
				 <ele>25</ele>
			 </trkpt>
			 <trkpt lat="40.72485" lon="-73.5921">
				 <ele>25</ele>
			 </trkpt>
			 <trkpt lat="40.72479" lon="-73.59222">
				 <ele>25</ele>
			 </trkpt>
			 <trkpt lat="40.72476" lon="-73.59227">
				 <ele>25</ele>
			 </trkpt>
			 <trkpt lat="40.72473" lon="-73.59232">
				 <ele>25</ele>
			 </trkpt>
			 <trkpt lat="40.7247" lon="-73.59237">
				 <ele>25</ele>
			 </trkpt>
			 <trkpt lat="40.72466" lon="-73.59243">
				 <ele>25</ele>
			 </trkpt>
			 <trkpt lat="40.7246" lon="-73.59251">
				 <ele>25</ele>
			 </trkpt>
			 <trkpt lat="40.72452" lon="-73.59263">
				 <ele>25</ele>
			 </trkpt>
			 <trkpt lat="40.72441" lon="-73.59276">
				 <ele>25</ele>
			 </trkpt>
			 <trkpt lat="40.72435" lon="-73.59282">
				 <ele>25</ele>
			 </trkpt>
			 <trkpt lat="40.72426" lon="-73.59293">
				 <ele>25</ele>
			 </trkpt>
			 <trkpt lat="40.72418" lon="-73.593">
				 <ele>25</ele>
			 </trkpt>
			 <trkpt lat="40.72414" lon="-73.59293">
				 <ele>25</ele>
			 </trkpt>
			 <trkpt lat="40.72389" lon="-73.59316">
				 <ele>25</ele>
			 </trkpt>
			 <trkpt lat="40.72365" lon="-73.59325">
				 <ele>25</ele>
			 </trkpt>
			 <trkpt lat="40.72349" lon="-73.59332">
				 <ele>24</ele>
			 </trkpt>
			 <trkpt lat="40.72321" lon="-73.59341">
				 <ele>24</ele>
			 </trkpt>
			 <trkpt lat="40.72306" lon="-73.59345">
				 <ele>24</ele>
			 </trkpt>
			 <trkpt lat="40.723" lon="-73.59346">
				 <ele>24</ele>
			 </trkpt>
			 <trkpt lat="40.72301" lon="-73.59356">
				 <ele>24</ele>
			 </trkpt>
			 <trkpt lat="40.723" lon="-73.59364">
				 <ele>24</ele>
			 </trkpt>
			 <trkpt lat="40.72298" lon="-73.59373">
				 <ele>24</ele>
			 </trkpt>
			 <trkpt lat="40.72291" lon="-73.59417">
				 <ele>24</ele>
			 </trkpt>
			 <trkpt lat="40.7229" lon="-73.59423">
				 <ele>24</ele>
			 </trkpt>
			 <trkpt lat="40.72288" lon="-73.59443">
				 <ele>24</ele>
			 </trkpt>
			 <trkpt lat="40.72288" lon="-73.5945">
				 <ele>25</ele>
			 </trkpt>
			 <trkpt lat="40.72287" lon="-73.59479">
				 <ele>25</ele>
			 </trkpt>
			 <trkpt lat="40.72294" lon="-73.5948">
				 <ele>25</ele>
			 </trkpt>
			 <trkpt lat="40.72293" lon="-73.59493">
				 <ele>25</ele>
			 </trkpt>
			 <trkpt lat="40.72292" lon="-73.59512">
				 <ele>25</ele>
			 </trkpt>
			 <trkpt lat="40.72291" lon="-73.59525">
				 <ele>25</ele>
			 </trkpt>
			 <trkpt lat="40.72287" lon="-73.59549">
				 <ele>25</ele>
			 </trkpt>
			 <trkpt lat="40.72285" lon="-73.59562">
				 <ele>25</ele>
			 </trkpt>
			 <trkpt lat="40.72277" lon="-73.59594">
				 <ele>25</ele>
			 </trkpt>
			 <trkpt lat="40.72274" lon="-73.5961">
				 <ele>25</ele>
			 </trkpt>
			 <trkpt lat="40.72268" lon="-73.59634">
				 <ele>25</ele>
			 </trkpt>
			 <trkpt lat="40.72259" lon="-73.59675">
				 <ele>25</ele>
			 </trkpt>
			 <trkpt lat="40.72246" lon="-73.59733">
				 <ele>25</ele>
			 </trkpt>
			 <trkpt lat="40.72243" lon="-73.59749">
				 <ele>25</ele>
			 </trkpt>
			 <trkpt lat="40.72235" lon="-73.59788">
				 <ele>25</ele>
			 </trkpt>
			 <trkpt lat="40.72206" lon="-73.59919">
				 <ele>24</ele>
			 </trkpt>
			 <trkpt lat="40.72204" lon="-73.59925">
				 <ele>24</ele>
			 </trkpt>
			 <trkpt lat="40.72191" lon="-73.59981">
				 <ele>24</ele>
			 </trkpt>
			 <trkpt lat="40.72173" lon="-73.60059">
				 <ele>24</ele>
			 </trkpt>
			 <trkpt lat="40.72171" lon="-73.60066">
				 <ele>24</ele>
			 </trkpt>
			 <trkpt lat="40.72169" lon="-73.60076">
				 <ele>24</ele>
			 </trkpt>
			 <trkpt lat="40.72168" lon="-73.60084">
				 <ele>24</ele>
			 </trkpt>
			 <trkpt lat="40.72167" lon="-73.60092">
				 <ele>24</ele>
			 </trkpt>
			 <trkpt lat="40.72166" lon="-73.60101">
				 <ele>24</ele>
			 </trkpt>
			 <trkpt lat="40.72166" lon="-73.6011">
				 <ele>24</ele>
			 </trkpt>
			 <trkpt lat="40.72165" lon="-73.60122">
				 <ele>24</ele>
			 </trkpt>
			 <trkpt lat="40.72166" lon="-73.60135">
				 <ele>24</ele>
			 </trkpt>
			 <trkpt lat="40.72166" lon="-73.60146">
				 <ele>24</ele>
			 </trkpt>
			 <trkpt lat="40.72167" lon="-73.6016">
				 <ele>24</ele>
			 </trkpt>
			 <trkpt lat="40.72169" lon="-73.60171">
				 <ele>24</ele>
			 </trkpt>
			 <trkpt lat="40.7217" lon="-73.6018">
				 <ele>24</ele>
			 </trkpt>
			 <trkpt lat="40.72172" lon="-73.60189">
				 <ele>24</ele>
			 </trkpt>
			 <trkpt lat="40.72175" lon="-73.60201">
				 <ele>24</ele>
			 </trkpt>
			 <trkpt lat="40.72178" lon="-73.6021">
				 <ele>24</ele>
			 </trkpt>
			 <trkpt lat="40.72181" lon="-73.60218">
				 <ele>24</ele>
			 </trkpt>
			 <trkpt lat="40.72184" lon="-73.60228">
				 <ele>24</ele>
			 </trkpt>
			 <trkpt lat="40.7219" lon="-73.60241">
				 <ele>24</ele>
			 </trkpt>
			 <trkpt lat="40.72195" lon="-73.60251">
				 <ele>24</ele>
			 </trkpt>
			 <trkpt lat="40.72202" lon="-73.60263">
				 <ele>24</ele>
			 </trkpt>
			 <trkpt lat="40.72214" lon="-73.60282">
				 <ele>25</ele>
			 </trkpt>
			 <trkpt lat="40.72227" lon="-73.60296">
				 <ele>25</ele>
			 </trkpt>
			 <trkpt lat="40.72238" lon="-73.60307">
				 <ele>25</ele>
			 </trkpt>
			 <trkpt lat="40.7225" lon="-73.60316">
				 <ele>25</ele>
			 </trkpt>
			 <trkpt lat="40.72257" lon="-73.60322">
				 <ele>25</ele>
			 </trkpt>
			 <trkpt lat="40.72278" lon="-73.60333">
				 <ele>25</ele>
			 </trkpt>
			 <trkpt lat="40.72302" lon="-73.60343">
				 <ele>25</ele>
			 </trkpt>
			 <trkpt lat="40.72308" lon="-73.60345">
				 <ele>25</ele>
			 </trkpt>
			 <trkpt lat="40.72325" lon="-73.60352">
				 <ele>25</ele>
			 </trkpt>
			 <trkpt lat="40.72352" lon="-73.60363">
				 <ele>25</ele>
			 </trkpt>
			 <trkpt lat="40.72375" lon="-73.60372">
				 <ele>25</ele>
			 </trkpt>
			 <trkpt lat="40.72406" lon="-73.60384">
				 <ele>25</ele>
			 </trkpt>
			 <trkpt lat="40.72456" lon="-73.60404">
				 <ele>25</ele>
			 </trkpt>
			 <trkpt lat="40.72475" lon="-73.60412">
				 <ele>25</ele>
			 </trkpt>
			 <trkpt lat="40.72494" lon="-73.6042">
				 <ele>25</ele>
			 </trkpt>
			 <trkpt lat="40.7251" lon="-73.60426">
				 <ele>25</ele>
			 </trkpt>
			 <trkpt lat="40.72527" lon="-73.60433">
				 <ele>25</ele>
			 </trkpt>
			 <trkpt lat="40.72545" lon="-73.60441">
				 <ele>25</ele>
			 </trkpt>
			 <trkpt lat="40.72554" lon="-73.60444">
				 <ele>25</ele>
			 </trkpt>
			 <trkpt lat="40.72593" lon="-73.6046">
				 <ele>25</ele>
			 </trkpt>
			 <trkpt lat="40.7261" lon="-73.60467">
				 <ele>25</ele>
			 </trkpt>
			 <trkpt lat="40.72615" lon="-73.60465">
				 <ele>25</ele>
			 </trkpt>
			 <trkpt lat="40.72626" lon="-73.60467">
				 <ele>25</ele>
			 </trkpt>
			 <trkpt lat="40.72635" lon="-73.6047">
				 <ele>25</ele>
			 </trkpt>
			 <trkpt lat="40.7264" lon="-73.6047">
				 <ele>25</ele>
			 </trkpt>
			 <trkpt lat="40.72646" lon="-73.60471">
				 <ele>25</ele>
			 </trkpt>
			 <trkpt lat="40.72651" lon="-73.60471">
				 <ele>25</ele>
			 </trkpt>
			 <trkpt lat="40.72657" lon="-73.60471">
				 <ele>25</ele>
			 </trkpt>
			 <trkpt lat="40.72663" lon="-73.60471">
				 <ele>25</ele>
			 </trkpt>
			 <trkpt lat="40.72669" lon="-73.6047">
				 <ele>25</ele>
			 </trkpt>
			 <trkpt lat="40.72676" lon="-73.60468">
				 <ele>25</ele>
			 </trkpt>
			 <trkpt lat="40.7268" lon="-73.60465">
				 <ele>25</ele>
			 </trkpt>
			 <trkpt lat="40.72687" lon="-73.60462">
				 <ele>25</ele>
			 </trkpt>
			 <trkpt lat="40.7269" lon="-73.60459">
				 <ele>25</ele>
			 </trkpt>
			 <trkpt lat="40.72697" lon="-73.60455">
				 <ele>25</ele>
			 </trkpt>
			 <trkpt lat="40.72705" lon="-73.60447">
				 <ele>26</ele>
			 </trkpt>
			 <trkpt lat="40.72709" lon="-73.60442">
				 <ele>26</ele>
			 </trkpt>
			 <trkpt lat="40.72713" lon="-73.60437">
				 <ele>26</ele>
			 </trkpt>
			 <trkpt lat="40.72717" lon="-73.60431">
				 <ele>26</ele>
			 </trkpt>
			 <trkpt lat="40.72719" lon="-73.60428">
				 <ele>26</ele>
			 </trkpt>
			 <trkpt lat="40.72722" lon="-73.60423">
				 <ele>26</ele>
			 </trkpt>
			 <trkpt lat="40.72726" lon="-73.60415">
				 <ele>26</ele>
			 </trkpt>
			 <trkpt lat="40.72731" lon="-73.60405">
				 <ele>26</ele>
			 </trkpt>
			 <trkpt lat="40.72732" lon="-73.604">
				 <ele>26</ele>
			 </trkpt>
			 <trkpt lat="40.72734" lon="-73.60393">
				 <ele>26</ele>
			 </trkpt>
			 <trkpt lat="40.72738" lon="-73.6038">
				 <ele>26</ele>
			 </trkpt>
			 <trkpt lat="40.72745" lon="-73.60354">
				 <ele>26</ele>
			 </trkpt>
			 <trkpt lat="40.72746" lon="-73.60335">
				 <ele>26</ele>
			 </trkpt>
			 <trkpt lat="40.72744" lon="-73.60276">
				 <ele>26</ele>
			 </trkpt>
			 <trkpt lat="40.72743" lon="-73.60248">
				 <ele>26</ele>
			 </trkpt>
			 <trkpt lat="40.72742" lon="-73.60231">
				 <ele>26</ele>
			 </trkpt>
			 <trkpt lat="40.72742" lon="-73.60227">
				 <ele>26</ele>
			 </trkpt>
			 <trkpt lat="40.72711" lon="-73.60218">
				 <ele>26</ele>
			 </trkpt>
			 <trkpt lat="40.72707" lon="-73.60234">
				 <ele>26</ele>
			 </trkpt>
			 <trkpt lat="40.72706" lon="-73.60238">
				 <ele>26</ele>
			 </trkpt>
			 <trkpt lat="40.72703" lon="-73.60238">
				 <ele>26</ele>
			 </trkpt>
			 <trkpt lat="40.72684" lon="-73.6023">
				 <ele>26</ele>
			 </trkpt>
			 <trkpt lat="40.72601" lon="-73.60197">
				 <ele>25</ele>
			 </trkpt>
			 <trkpt lat="40.72532" lon="-73.6017">
				 <ele>25</ele>
			 </trkpt>
			 <trkpt lat="40.72517" lon="-73.60164">
				 <ele>25</ele>
			 </trkpt>
			 <trkpt lat="40.72504" lon="-73.60159">
				 <ele>25</ele>
			 </trkpt>
			 <trkpt lat="40.724153" lon="-73.601227">
				 <ele>25</ele>
			 </trkpt>
			 <trkpt lat="40.723266" lon="-73.600865">
				 <ele>25</ele>
			 </trkpt>
			 <trkpt lat="40.722378" lon="-73.600502">
				 <ele>25</ele>
			 </trkpt>
			 <trkpt lat="40.722167" lon="-73.600357">
				 <ele>25</ele>
			 </trkpt>
			 <trkpt lat="40.7225" lon="-73.598901">
				 <ele>25</ele>
			 </trkpt>
			 <trkpt lat="40.722834" lon="-73.597444">
				 <ele>25</ele>
			 </trkpt>
			 <trkpt lat="40.72272" lon="-73.597331">
				 <ele>25</ele>
			 </trkpt>
			 <trkpt lat="40.722687" lon="-73.597133">
				 <ele>25</ele>
			 </trkpt>
			 <trkpt lat="40.723167" lon="-73.5951">
				 <ele>25</ele>
			 </trkpt>
			 <trkpt lat="40.723923" lon="-73.594558">
				 <ele>25</ele>
			 </trkpt>
			 <trkpt lat="40.724541" lon="-73.594875">
				 <ele>25</ele>
			 </trkpt>
			 <trkpt lat="40.724232" lon="-73.596393">
				 <ele>25</ele>
			 </trkpt>
			 <trkpt lat="40.72433" lon="-73.596559">
				 <ele>25</ele>
			 </trkpt>
			 <trkpt lat="40.725606" lon="-73.59709">
				 <ele>26</ele>
			 </trkpt>
			 <trkpt lat="40.725322" lon="-73.598329">
				 <ele>26</ele>
			 </trkpt>
			 <trkpt lat="40.72468" lon="-73.598077">
				 <ele>25</ele>
			 </trkpt>
			 <trkpt lat="40.724566" lon="-73.597782">
				 <ele>25</ele>
			 </trkpt>
			 <trkpt lat="40.724704" lon="-73.597326">
				 <ele>25</ele>
			 </trkpt>
			 <trkpt lat="40.724655" lon="-73.597081">
				 <ele>25</ele>
			 </trkpt>
			 <trkpt lat="40.724476" lon="-73.596934">
				 <ele>25</ele>
			 </trkpt>
			 <trkpt lat="40.723679" lon="-73.59665">
				 <ele>25</ele>
			 </trkpt>
			 <trkpt lat="40.723403" lon="-73.596774">
				 <ele>25</ele>
			 </trkpt>
			 <trkpt lat="40.723322" lon="-73.597101">
				 <ele>25</ele>
			 </trkpt>
			 <trkpt lat="40.723346" lon="-73.597321">
				 <ele>25</ele>
			 </trkpt>
			 <trkpt lat="40.723533" lon="-73.597573">
				 <ele>25</ele>
			 </trkpt>
			 <trkpt lat="40.723721" lon="-73.597655">
				 <ele>25</ele>
			 </trkpt>
			 <trkpt lat="40.724558" lon="-73.598018">
				 <ele>25</ele>
			 </trkpt>
			 <trkpt lat="40.724574" lon="-73.598217">
				 <ele>25</ele>
			 </trkpt>
			 <trkpt lat="40.724444" lon="-73.598329">
				 <ele>25</ele>
			 </trkpt>
			 <trkpt lat="40.72385" lon="-73.598066">
				 <ele>25</ele>
			 </trkpt>
			 <trkpt lat="40.723631" lon="-73.598984">
				 <ele>25</ele>
			 </trkpt>
			 <trkpt lat="40.723809" lon="-73.599472">
				 <ele>25</ele>
			 </trkpt>
			 <trkpt lat="40.724013" lon="-73.59966">
				 <ele>25</ele>
			 </trkpt>
			 <trkpt lat="40.72459" lon="-73.59988">
				 <ele>25</ele>
			 </trkpt>
			 <trkpt lat="40.724867" lon="-73.598801">
				 <ele>25</ele>
			 </trkpt>
			 <trkpt lat="40.725883" lon="-73.598206">
				 <ele>26</ele>
			 </trkpt>
			 <trkpt lat="40.727192" lon="-73.598587">
				 <ele>27</ele>
			 </trkpt>
			 <trkpt lat="40.727208" lon="-73.597959">
				 <ele>26</ele>
			 </trkpt>
			 <trkpt lat="40.72721" lon="-73.59768">
				 <ele>26</ele>
			 </trkpt>
			 <trkpt lat="40.7272" lon="-73.59749">
				 <ele>26</ele>
			 </trkpt>
			 <trkpt lat="40.72719" lon="-73.59733">
				 <ele>26</ele>
			 </trkpt>
			 <trkpt lat="40.72719" lon="-73.59725">
				 <ele>26</ele>
			 </trkpt>
			 <trkpt lat="40.72716" lon="-73.59703">
				 <ele>26</ele>
			 </trkpt>
			 <trkpt lat="40.72714" lon="-73.59691">
				 <ele>26</ele>
			 </trkpt>
			 <trkpt lat="40.72712" lon="-73.59677">
				 <ele>26</ele>
			 </trkpt>
			 <trkpt lat="40.72709" lon="-73.59665">
				 <ele>26</ele>
			 </trkpt>
			 <trkpt lat="40.72706" lon="-73.59651">
				 <ele>26</ele>
			 </trkpt>
			 <trkpt lat="40.72703" lon="-73.59643">
				 <ele>26</ele>
			 </trkpt>
			 <trkpt lat="40.72701" lon="-73.59636">
				 <ele>26</ele>
			 </trkpt>
			 <trkpt lat="40.72671" lon="-73.59554">
				 <ele>26</ele>
			 </trkpt>
			 <trkpt lat="40.72662" lon="-73.59529">
				 <ele>26</ele>
			 </trkpt>
			 <trkpt lat="40.72656" lon="-73.59514">
				 <ele>26</ele>
			 </trkpt>
			 <trkpt lat="40.7265" lon="-73.59495">
				 <ele>26</ele>
			 </trkpt>
			 <trkpt lat="40.72643" lon="-73.59472">
				 <ele>26</ele>
			 </trkpt>
			 <trkpt lat="40.72634" lon="-73.59446">
				 <ele>26</ele>
			 </trkpt>
			 <trkpt lat="40.72616" lon="-73.59391">
				 <ele>25</ele>
			 </trkpt>
			 <trkpt lat="40.72606" lon="-73.59363">
				 <ele>25</ele>
			 </trkpt>
			 <trkpt lat="40.726" lon="-73.59341">
				 <ele>25</ele>
			 </trkpt>
			 <trkpt lat="40.72592" lon="-73.59315">
				 <ele>25</ele>
			 </trkpt>
			 <trkpt lat="40.72591" lon="-73.59309">
				 <ele>25</ele>
			 </trkpt>
			 <trkpt lat="40.72578" lon="-73.59264">
				 <ele>25</ele>
			 </trkpt>
			 <trkpt lat="40.72585" lon="-73.5926">
				 <ele>25</ele>
			 </trkpt>
			 <trkpt lat="40.72583" lon="-73.59256">
				 <ele>25</ele>
			 </trkpt>
			 <trkpt lat="40.7258" lon="-73.59245">
				 <ele>25</ele>
			 </trkpt>
			 <trkpt lat="40.72577" lon="-73.59236">
				 <ele>25</ele>
			 </trkpt>
			 <trkpt lat="40.7257" lon="-73.59206">
				 <ele>25</ele>
			 </trkpt>
			 <trkpt lat="40.72566" lon="-73.59188">
				 <ele>25</ele>
			 </trkpt>
			 <trkpt lat="40.72562" lon="-73.59169">
				 <ele>25</ele>
			 </trkpt>
			 <trkpt lat="40.72559" lon="-73.59148">
				 <ele>25</ele>
			 </trkpt>
			 <trkpt lat="40.72557" lon="-73.59132">
				 <ele>25</ele>
			 </trkpt>
			 <trkpt lat="40.72556" lon="-73.59119">
				 <ele>25</ele>
			 </trkpt>
			 <trkpt lat="40.72555" lon="-73.59103">
				 <ele>25</ele>
			 </trkpt>
			 <trkpt lat="40.72555" lon="-73.59086">
				 <ele>25</ele>
			 </trkpt>
			 <trkpt lat="40.72556" lon="-73.59062">
				 <ele>25</ele>
			 </trkpt>
			 <trkpt lat="40.72558" lon="-73.59041">
				 <ele>25</ele>
			 </trkpt>
			 <trkpt lat="40.7256" lon="-73.59023">
				 <ele>25</ele>
			 </trkpt>
			 <trkpt lat="40.72564" lon="-73.59004">
				 <ele>25</ele>
			 </trkpt>
			 <trkpt lat="40.72569" lon="-73.58982">
				 <ele>25</ele>
			 </trkpt>
			 <trkpt lat="40.72573" lon="-73.58964">
				 <ele>25</ele>
			 </trkpt>
			 <trkpt lat="40.72598" lon="-73.58846">
				 <ele>25</ele>
			 </trkpt>
			 <trkpt lat="40.72614" lon="-73.58775">
				 <ele>25</ele>
			 </trkpt>
			 <trkpt lat="40.72615" lon="-73.58769">
				 <ele>25</ele>
			 </trkpt>
			 <trkpt lat="40.7262" lon="-73.58765">
				 <ele>25</ele>
			 </trkpt>
			 <trkpt lat="40.7263" lon="-73.58754">
				 <ele>25</ele>
			 </trkpt>
			 <trkpt lat="40.72634" lon="-73.5875">
				 <ele>25</ele>
			 </trkpt>
			 <trkpt lat="40.72639" lon="-73.58747">
				 <ele>25</ele>
			 </trkpt>
			 <trkpt lat="40.72644" lon="-73.58746">
				 <ele>25</ele>
			 </trkpt>
			 <trkpt lat="40.72649" lon="-73.58745">
				 <ele>25</ele>
			 </trkpt>
			 <trkpt lat="40.72657" lon="-73.58744">
				 <ele>25</ele>
			 </trkpt>
			 <trkpt lat="40.72667" lon="-73.58744">
				 <ele>25</ele>
			 </trkpt>
			 <trkpt lat="40.72687" lon="-73.58754">
				 <ele>25</ele>
			 </trkpt>
			 <trkpt lat="40.72698" lon="-73.58762">
				 <ele>25</ele>
			 </trkpt>
			 <trkpt lat="40.72716" lon="-73.58772">
				 <ele>25</ele>
			 </trkpt>
			 <trkpt lat="40.72723" lon="-73.58777">
				 <ele>25</ele>
			 </trkpt>
			 <trkpt lat="40.72729" lon="-73.58784">
				 <ele>25</ele>
			 </trkpt>
			 <trkpt lat="40.72733" lon="-73.58791">
				 <ele>26</ele>
			 </trkpt>
			 <trkpt lat="40.72738" lon="-73.58799">
				 <ele>26</ele>
			 </trkpt>
			 <trkpt lat="40.72753" lon="-73.58827">
				 <ele>26</ele>
			 </trkpt>
			 <trkpt lat="40.72769" lon="-73.58855">
				 <ele>26</ele>
			 </trkpt>
			 <trkpt lat="40.72771" lon="-73.58859">
				 <ele>26</ele>
			 </trkpt>
			 <trkpt lat="40.72779" lon="-73.58873">
				 <ele>26</ele>
			 </trkpt>
			 <trkpt lat="40.72789" lon="-73.58888">
				 <ele>26</ele>
			 </trkpt>
			 <trkpt lat="40.72802" lon="-73.58908">
				 <ele>26</ele>
			 </trkpt>
			 <trkpt lat="40.7281" lon="-73.58918">
				 <ele>26</ele>
			 </trkpt>
			 <trkpt lat="40.72823" lon="-73.58943">
				 <ele>26</ele>
			 </trkpt>
			 <trkpt lat="40.72826" lon="-73.58948">
				 <ele>26</ele>
			 </trkpt>
			 <trkpt lat="40.72828" lon="-73.58952">
				 <ele>26</ele>
			 </trkpt>
			 <trkpt lat="40.72831" lon="-73.58957">
				 <ele>26</ele>
			 </trkpt>
			 <trkpt lat="40.72834" lon="-73.58966">
				 <ele>26</ele>
			 </trkpt>
			 <trkpt lat="40.72836" lon="-73.58973">
				 <ele>26</ele>
			 </trkpt>
			 <trkpt lat="40.72837" lon="-73.5898">
				 <ele>26</ele>
			 </trkpt>
			 <trkpt lat="40.72836" lon="-73.58984">
				 <ele>26</ele>
			 </trkpt>
			 <trkpt lat="40.72836" lon="-73.58994">
				 <ele>26</ele>
			 </trkpt>
			 <trkpt lat="40.72836" lon="-73.58999">
				 <ele>26</ele>
			 </trkpt>
			 <trkpt lat="40.72837" lon="-73.59004">
				 <ele>26</ele>
			 </trkpt>
			 <trkpt lat="40.72839" lon="-73.59007">
				 <ele>26</ele>
			 </trkpt>
			 <trkpt lat="40.72842" lon="-73.5901">
				 <ele>26</ele>
			 </trkpt>
			 <trkpt lat="40.72844" lon="-73.59013">
				 <ele>26</ele>
			 </trkpt>
			 <trkpt lat="40.72849" lon="-73.59012">
				 <ele>26</ele>
			 </trkpt>
			 <trkpt lat="40.72854" lon="-73.59008">
				 <ele>26</ele>
			 </trkpt>
			 <trkpt lat="40.72855" lon="-73.59002">
				 <ele>26</ele>
			 </trkpt>
			 <trkpt lat="40.72856" lon="-73.58987">
				 <ele>26</ele>
			 </trkpt>
			 <trkpt lat="40.72854" lon="-73.58983">
				 <ele>26</ele>
			 </trkpt>
			 <trkpt lat="40.7285" lon="-73.58981">
				 <ele>26</ele>
			 </trkpt>
			 <trkpt lat="40.72847" lon="-73.58979">
				 <ele>26</ele>
			 </trkpt>
			 <trkpt lat="40.72844" lon="-73.58978">
				 <ele>26</ele>
			 </trkpt>
			 <trkpt lat="40.72841" lon="-73.58968">
				 <ele>26</ele>
			 </trkpt>
			 <trkpt lat="40.72838" lon="-73.58959">
				 <ele>26</ele>
			 </trkpt>
			 <trkpt lat="40.72834" lon="-73.5895">
				 <ele>26</ele>
			 </trkpt>
			 <trkpt lat="40.72829" lon="-73.5894">
				 <ele>26</ele>
			 </trkpt>
			 <trkpt lat="40.72824" lon="-73.58933">
				 <ele>26</ele>
			 </trkpt>
			 <trkpt lat="40.7281" lon="-73.58918">
				 <ele>26</ele>
			 </trkpt>
			 <trkpt lat="40.72802" lon="-73.58908">
				 <ele>26</ele>
			 </trkpt>
			 <trkpt lat="40.72789" lon="-73.58888">
				 <ele>26</ele>
			 </trkpt>
			 <trkpt lat="40.72779" lon="-73.58873">
				 <ele>26</ele>
			 </trkpt>
			 <trkpt lat="40.72771" lon="-73.58859">
				 <ele>26</ele>
			 </trkpt>
			 <trkpt lat="40.72769" lon="-73.58855">
				 <ele>26</ele>
			 </trkpt>
			 <trkpt lat="40.72753" lon="-73.58827">
				 <ele>26</ele>
			 </trkpt>
			 <trkpt lat="40.72738" lon="-73.58799">
				 <ele>26</ele>
			 </trkpt>
			 <trkpt lat="40.72733" lon="-73.58791">
				 <ele>26</ele>
			 </trkpt>
			 <trkpt lat="40.72729" lon="-73.58784">
				 <ele>25</ele>
			 </trkpt>
			 <trkpt lat="40.72723" lon="-73.58777">
				 <ele>25</ele>
			 </trkpt>
			 <trkpt lat="40.72716" lon="-73.58772">
				 <ele>25</ele>
			 </trkpt>
			 <trkpt lat="40.72698" lon="-73.58762">
				 <ele>25</ele>
			 </trkpt>
			 <trkpt lat="40.72687" lon="-73.58754">
				 <ele>25</ele>
			 </trkpt>
			 <trkpt lat="40.72715" lon="-73.58722">
				 <ele>25</ele>
			 </trkpt>
			 <trkpt lat="40.72753" lon="-73.58678">
				 <ele>25</ele>
			 </trkpt>
			 <trkpt lat="40.72767" lon="-73.58662">
				 <ele>25</ele>
			 </trkpt>
			 <trkpt lat="40.7277" lon="-73.58659">
				 <ele>25</ele>
			 </trkpt>
			 <trkpt lat="40.72774" lon="-73.58654">
				 <ele>25</ele>
			 </trkpt>
			 <trkpt lat="40.72777" lon="-73.58649">
				 <ele>25</ele>
			 </trkpt>
			 <trkpt lat="40.7278" lon="-73.58644">
				 <ele>25</ele>
			 </trkpt>
			 <trkpt lat="40.72782" lon="-73.58641">
				 <ele>25</ele>
			 </trkpt>
			 <trkpt lat="40.72784" lon="-73.58635">
				 <ele>25</ele>
			 </trkpt>
			 <trkpt lat="40.72786" lon="-73.58632">
				 <ele>25</ele>
			 </trkpt>
			 <trkpt lat="40.72787" lon="-73.58628">
				 <ele>25</ele>
			 </trkpt>
			 <trkpt lat="40.72789" lon="-73.58622">
				 <ele>25</ele>
			 </trkpt>
			 <trkpt lat="40.72791" lon="-73.58616">
				 <ele>25</ele>
			 </trkpt>
			 <trkpt lat="40.72793" lon="-73.58609">
				 <ele>25</ele>
			 </trkpt>
			 <trkpt lat="40.72795" lon="-73.58602">
				 <ele>25</ele>
			 </trkpt>
			 <trkpt lat="40.72801" lon="-73.58576">
				 <ele>25</ele>
			 </trkpt>
			 <trkpt lat="40.72805" lon="-73.58556">
				 <ele>25</ele>
			 </trkpt>
			 <trkpt lat="40.72811" lon="-73.58532">
				 <ele>25</ele>
			 </trkpt>
			 <trkpt lat="40.72812" lon="-73.58524">
				 <ele>25</ele>
			 </trkpt>
			 <trkpt lat="40.72814" lon="-73.58517">
				 <ele>25</ele>
			 </trkpt>
			 <trkpt lat="40.72817" lon="-73.58506">
				 <ele>25</ele>
			 </trkpt>
			 <trkpt lat="40.72819" lon="-73.58498">
				 <ele>25</ele>
			 </trkpt>
			 <trkpt lat="40.7282" lon="-73.58494">
				 <ele>25</ele>
			 </trkpt>
			 <trkpt lat="40.72822" lon="-73.58491">
				 <ele>25</ele>
			 </trkpt>
			 <trkpt lat="40.72826" lon="-73.58481">
				 <ele>25</ele>
			 </trkpt>
			 <trkpt lat="40.72829" lon="-73.58474">
				 <ele>25</ele>
			 </trkpt>
			 <trkpt lat="40.72832" lon="-73.58469">
				 <ele>25</ele>
			 </trkpt>
			 <trkpt lat="40.72834" lon="-73.58465">
				 <ele>25</ele>
			 </trkpt>
			 <trkpt lat="40.72836" lon="-73.58462">
				 <ele>25</ele>
			 </trkpt>
			 <trkpt lat="40.72839" lon="-73.58458">
				 <ele>25</ele>
			 </trkpt>
			 <trkpt lat="40.72843" lon="-73.58452">
				 <ele>25</ele>
			 </trkpt>
			 <trkpt lat="40.72848" lon="-73.58444">
				 <ele>25</ele>
			 </trkpt>
			 <trkpt lat="40.72853" lon="-73.58439">
				 <ele>25</ele>
			 </trkpt>
			 <trkpt lat="40.72856" lon="-73.58436">
				 <ele>25</ele>
			 </trkpt>
			 <trkpt lat="40.7286" lon="-73.58431">
				 <ele>25</ele>
			 </trkpt>
			 <trkpt lat="40.72868" lon="-73.58424">
				 <ele>24</ele>
			 </trkpt>
			 <trkpt lat="40.72875" lon="-73.58417">
				 <ele>24</ele>
			 </trkpt>
			 <trkpt lat="40.72887" lon="-73.58406">
				 <ele>24</ele>
			 </trkpt>
			 <trkpt lat="40.72893" lon="-73.58401">
				 <ele>24</ele>
			 </trkpt>
			 <trkpt lat="40.72897" lon="-73.58397">
				 <ele>24</ele>
			 </trkpt>
			 <trkpt lat="40.72901" lon="-73.58395">
				 <ele>23</ele>
			 </trkpt>
			 <trkpt lat="40.72904" lon="-73.58393">
				 <ele>23</ele>
			 </trkpt>
			 <trkpt lat="40.72909" lon="-73.5839">
				 <ele>23</ele>
			 </trkpt>
			 <trkpt lat="40.72916" lon="-73.58386">
				 <ele>23</ele>
			 </trkpt>
			 <trkpt lat="40.72921" lon="-73.58383">
				 <ele>22</ele>
			 </trkpt>
			 <trkpt lat="40.72925" lon="-73.58382">
				 <ele>22</ele>
			 </trkpt>
			 <trkpt lat="40.7293" lon="-73.5838">
				 <ele>22</ele>
			 </trkpt>
			 <trkpt lat="40.72936" lon="-73.58378">
				 <ele>22</ele>
			 </trkpt>
			 <trkpt lat="40.72939" lon="-73.58378">
				 <ele>22</ele>
			 </trkpt>
			 <trkpt lat="40.72944" lon="-73.58376">
				 <ele>22</ele>
			 </trkpt>
			 <trkpt lat="40.72949" lon="-73.58376">
				 <ele>21</ele>
			 </trkpt>
			 <trkpt lat="40.72953" lon="-73.58375">
				 <ele>21</ele>
			 </trkpt>
			 <trkpt lat="40.72962" lon="-73.58375">
				 <ele>21</ele>
			 </trkpt>
			 <trkpt lat="40.72971" lon="-73.58375">
				 <ele>21</ele>
			 </trkpt>
			 <trkpt lat="40.72976" lon="-73.58376">
				 <ele>21</ele>
			 </trkpt>
			 <trkpt lat="40.72981" lon="-73.58376">
				 <ele>21</ele>
			 </trkpt>
			 <trkpt lat="40.72989" lon="-73.58378">
				 <ele>21</ele>
			 </trkpt>
			 <trkpt lat="40.72994" lon="-73.58379">
				 <ele>21</ele>
			 </trkpt>
			 <trkpt lat="40.73" lon="-73.5838">
				 <ele>21</ele>
			 </trkpt>
			 <trkpt lat="40.73003" lon="-73.58381">
				 <ele>21</ele>
			 </trkpt>
			 <trkpt lat="40.73007" lon="-73.58382">
				 <ele>21</ele>
			 </trkpt>
			 <trkpt lat="40.73012" lon="-73.58384">
				 <ele>21</ele>
			 </trkpt>
			 <trkpt lat="40.73018" lon="-73.58386">
				 <ele>21</ele>
			 </trkpt>
			 <trkpt lat="40.73025" lon="-73.58389">
				 <ele>21</ele>
			 </trkpt>
			 <trkpt lat="40.73075" lon="-73.58411">
				 <ele>22</ele>
			 </trkpt>
			 <trkpt lat="40.73084" lon="-73.58415">
				 <ele>22</ele>
			 </trkpt>
			 <trkpt lat="40.7312" lon="-73.5843">
				 <ele>22</ele>
			 </trkpt>
			 <trkpt lat="40.73167" lon="-73.5845">
				 <ele>22</ele>
			 </trkpt>
			 <trkpt lat="40.73191" lon="-73.58461">
				 <ele>22</ele>
			 </trkpt>
			 <trkpt lat="40.73197" lon="-73.58468">
				 <ele>22</ele>
			 </trkpt>
			 <trkpt lat="40.73215" lon="-73.58474">
				 <ele>22</ele>
			 </trkpt>
			 <trkpt lat="40.73222" lon="-73.58477">
				 <ele>22</ele>
			 </trkpt>
			 <trkpt lat="40.73215" lon="-73.58474">
				 <ele>22</ele>
			 </trkpt>
			 <trkpt lat="40.73197" lon="-73.58468">
				 <ele>22</ele>
			 </trkpt>
			 <trkpt lat="40.73191" lon="-73.58461">
				 <ele>22</ele>
			 </trkpt>
			 <trkpt lat="40.73167" lon="-73.5845">
				 <ele>22</ele>
			 </trkpt>
			 <trkpt lat="40.7312" lon="-73.5843">
				 <ele>22</ele>
			 </trkpt>
			 <trkpt lat="40.73075" lon="-73.58411">
				 <ele>22</ele>
			 </trkpt>
			 <trkpt lat="40.73025" lon="-73.58389">
				 <ele>21</ele>
			 </trkpt>
			 <trkpt lat="40.73018" lon="-73.58386">
				 <ele>21</ele>
			 </trkpt>
			 <trkpt lat="40.73012" lon="-73.58384">
				 <ele>21</ele>
			 </trkpt>
			 <trkpt lat="40.73007" lon="-73.58382">
				 <ele>21</ele>
			 </trkpt>
			 <trkpt lat="40.73003" lon="-73.58381">
				 <ele>21</ele>
			 </trkpt>
			 <trkpt lat="40.73" lon="-73.5838">
				 <ele>21</ele>
			 </trkpt>
			 <trkpt lat="40.72994" lon="-73.58379">
				 <ele>21</ele>
			 </trkpt>
			 <trkpt lat="40.7299" lon="-73.58378">
				 <ele>21</ele>
			 </trkpt>
			 <trkpt lat="40.72981" lon="-73.58376">
				 <ele>21</ele>
			 </trkpt>
			 <trkpt lat="40.72976" lon="-73.58376">
				 <ele>21</ele>
			 </trkpt>
			 <trkpt lat="40.72972" lon="-73.58375">
				 <ele>21</ele>
			 </trkpt>
			 <trkpt lat="40.72962" lon="-73.58375">
				 <ele>21</ele>
			 </trkpt>
			 <trkpt lat="40.72954" lon="-73.58375">
				 <ele>21</ele>
			 </trkpt>
			 <trkpt lat="40.72949" lon="-73.58376">
				 <ele>21</ele>
			 </trkpt>
			 <trkpt lat="40.72944" lon="-73.58376">
				 <ele>22</ele>
			 </trkpt>
			 <trkpt lat="40.72939" lon="-73.58378">
				 <ele>22</ele>
			 </trkpt>
			 <trkpt lat="40.72936" lon="-73.58378">
				 <ele>22</ele>
			 </trkpt>
			 <trkpt lat="40.7293" lon="-73.5838">
				 <ele>22</ele>
			 </trkpt>
			 <trkpt lat="40.72925" lon="-73.58382">
				 <ele>22</ele>
			 </trkpt>
			 <trkpt lat="40.72921" lon="-73.58383">
				 <ele>22</ele>
			 </trkpt>
			 <trkpt lat="40.72916" lon="-73.58386">
				 <ele>23</ele>
			 </trkpt>
			 <trkpt lat="40.72909" lon="-73.5839">
				 <ele>23</ele>
			 </trkpt>
			 <trkpt lat="40.72904" lon="-73.58393">
				 <ele>23</ele>
			 </trkpt>
			 <trkpt lat="40.72901" lon="-73.58395">
				 <ele>23</ele>
			 </trkpt>
			 <trkpt lat="40.72897" lon="-73.58397">
				 <ele>24</ele>
			 </trkpt>
			 <trkpt lat="40.72893" lon="-73.58401">
				 <ele>24</ele>
			 </trkpt>
			 <trkpt lat="40.72887" lon="-73.58406">
				 <ele>24</ele>
			 </trkpt>
			 <trkpt lat="40.72877" lon="-73.58415">
				 <ele>24</ele>
			 </trkpt>
			 <trkpt lat="40.72868" lon="-73.58424">
				 <ele>24</ele>
			 </trkpt>
			 <trkpt lat="40.7286" lon="-73.58431">
				 <ele>25</ele>
			 </trkpt>
			 <trkpt lat="40.72856" lon="-73.58436">
				 <ele>25</ele>
			 </trkpt>
			 <trkpt lat="40.72853" lon="-73.58439">
				 <ele>25</ele>
			 </trkpt>
			 <trkpt lat="40.72848" lon="-73.58444">
				 <ele>25</ele>
			 </trkpt>
			 <trkpt lat="40.72843" lon="-73.58452">
				 <ele>25</ele>
			 </trkpt>
			 <trkpt lat="40.72839" lon="-73.58458">
				 <ele>25</ele>
			 </trkpt>
			 <trkpt lat="40.72836" lon="-73.58462">
				 <ele>25</ele>
			 </trkpt>
			 <trkpt lat="40.72834" lon="-73.58465">
				 <ele>25</ele>
			 </trkpt>
			 <trkpt lat="40.72832" lon="-73.58469">
				 <ele>25</ele>
			 </trkpt>
			 <trkpt lat="40.72829" lon="-73.58474">
				 <ele>25</ele>
			 </trkpt>
			 <trkpt lat="40.72826" lon="-73.58481">
				 <ele>25</ele>
			 </trkpt>
			 <trkpt lat="40.72822" lon="-73.58491">
				 <ele>25</ele>
			 </trkpt>
			 <trkpt lat="40.7282" lon="-73.58494">
				 <ele>25</ele>
			 </trkpt>
			 <trkpt lat="40.72819" lon="-73.58498">
				 <ele>25</ele>
			 </trkpt>
			 <trkpt lat="40.72817" lon="-73.58506">
				 <ele>25</ele>
			 </trkpt>
			 <trkpt lat="40.72814" lon="-73.58517">
				 <ele>25</ele>
			 </trkpt>
			 <trkpt lat="40.72812" lon="-73.58524">
				 <ele>25</ele>
			 </trkpt>
			 <trkpt lat="40.72811" lon="-73.58532">
				 <ele>25</ele>
			 </trkpt>
			 <trkpt lat="40.72805" lon="-73.58556">
				 <ele>25</ele>
			 </trkpt>
			 <trkpt lat="40.72801" lon="-73.58576">
				 <ele>25</ele>
			 </trkpt>
			 <trkpt lat="40.72795" lon="-73.58602">
				 <ele>25</ele>
			 </trkpt>
			 <trkpt lat="40.72793" lon="-73.58609">
				 <ele>25</ele>
			 </trkpt>
			 <trkpt lat="40.72791" lon="-73.58616">
				 <ele>25</ele>
			 </trkpt>
			 <trkpt lat="40.72789" lon="-73.58622">
				 <ele>25</ele>
			 </trkpt>
			 <trkpt lat="40.72787" lon="-73.58628">
				 <ele>25</ele>
			 </trkpt>
			 <trkpt lat="40.72786" lon="-73.58632">
				 <ele>25</ele>
			 </trkpt>
			 <trkpt lat="40.72784" lon="-73.58635">
				 <ele>25</ele>
			 </trkpt>
			 <trkpt lat="40.72782" lon="-73.58641">
				 <ele>25</ele>
			 </trkpt>
			 <trkpt lat="40.7278" lon="-73.58644">
				 <ele>25</ele>
			 </trkpt>
			 <trkpt lat="40.72777" lon="-73.58649">
				 <ele>25</ele>
			 </trkpt>
			 <trkpt lat="40.72774" lon="-73.58654">
				 <ele>25</ele>
			 </trkpt>
			 <trkpt lat="40.7277" lon="-73.58659">
				 <ele>25</ele>
			 </trkpt>
			 <trkpt lat="40.72767" lon="-73.58662">
				 <ele>25</ele>
			 </trkpt>
			 <trkpt lat="40.72753" lon="-73.58678">
				 <ele>25</ele>
			 </trkpt>
			 <trkpt lat="40.72687" lon="-73.58754">
				 <ele>25</ele>
			 </trkpt>
			 <trkpt lat="40.72675" lon="-73.58748">
				 <ele>25</ele>
			 </trkpt>
			 <trkpt lat="40.72667" lon="-73.58744">
				 <ele>25</ele>
			 </trkpt>
			 <trkpt lat="40.72658" lon="-73.58733">
				 <ele>25</ele>
			 </trkpt>
			 <trkpt lat="40.72653" lon="-73.5873">
				 <ele>25</ele>
			 </trkpt>
			 <trkpt lat="40.72648" lon="-73.58726">
				 <ele>25</ele>
			 </trkpt>
			 <trkpt lat="40.72645" lon="-73.58723">
				 <ele>25</ele>
			 </trkpt>
			 <trkpt lat="40.72643" lon="-73.5872">
				 <ele>25</ele>
			 </trkpt>
			 <trkpt lat="40.72639" lon="-73.58715">
				 <ele>25</ele>
			 </trkpt>
			 <trkpt lat="40.72637" lon="-73.58709">
				 <ele>25</ele>
			 </trkpt>
			 <trkpt lat="40.72635" lon="-73.58703">
				 <ele>25</ele>
			 </trkpt>
			 <trkpt lat="40.72634" lon="-73.58692">
				 <ele>25</ele>
			 </trkpt>
			 <trkpt lat="40.72635" lon="-73.58684">
				 <ele>25</ele>
			 </trkpt>
			 <trkpt lat="40.72643" lon="-73.58659">
				 <ele>25</ele>
			 </trkpt>
			 <trkpt lat="40.72648" lon="-73.58646">
				 <ele>25</ele>
			 </trkpt>
			 <trkpt lat="40.72654" lon="-73.58634">
				 <ele>25</ele>
			 </trkpt>
			 <trkpt lat="40.72662" lon="-73.58617">
				 <ele>25</ele>
			 </trkpt>
			 <trkpt lat="40.72672" lon="-73.58601">
				 <ele>25</ele>
			 </trkpt>
			 <trkpt lat="40.72681" lon="-73.58587">
				 <ele>25</ele>
			 </trkpt>
			 <trkpt lat="40.72692" lon="-73.58573">
				 <ele>25</ele>
			 </trkpt>
			 <trkpt lat="40.72701" lon="-73.58562">
				 <ele>25</ele>
			 </trkpt>
			 <trkpt lat="40.72714" lon="-73.58547">
				 <ele>25</ele>
			 </trkpt>
			 <trkpt lat="40.72725" lon="-73.58534">
				 <ele>25</ele>
			 </trkpt>
			 <trkpt lat="40.72728" lon="-73.58531">
				 <ele>25</ele>
			 </trkpt>
			 <trkpt lat="40.72785" lon="-73.58464">
				 <ele>25</ele>
			 </trkpt>
			 <trkpt lat="40.72818" lon="-73.58425">
				 <ele>24</ele>
			 </trkpt>
			 <trkpt lat="40.72858" lon="-73.58375">
				 <ele>24</ele>
			 </trkpt>
			 <trkpt lat="40.72865" lon="-73.58367">
				 <ele>23</ele>
			 </trkpt>
			 <trkpt lat="40.72883" lon="-73.58346">
				 <ele>20</ele>
			 </trkpt>
			 <trkpt lat="40.72892" lon="-73.58335">
				 <ele>19</ele>
			 </trkpt>
			 <trkpt lat="40.72904" lon="-73.58318">
				 <ele>18</ele>
			 </trkpt>
			 <trkpt lat="40.72913" lon="-73.58304">
				 <ele>18</ele>
			 </trkpt>
			 <trkpt lat="40.72919" lon="-73.58294">
				 <ele>18</ele>
			 </trkpt>
			 <trkpt lat="40.72924" lon="-73.58286">
				 <ele>18</ele>
			 </trkpt>
			 <trkpt lat="40.72927" lon="-73.58279">
				 <ele>19</ele>
			 </trkpt>
			 <trkpt lat="40.72934" lon="-73.58266">
				 <ele>19</ele>
			 </trkpt>
			 <trkpt lat="40.72937" lon="-73.58257">
				 <ele>19</ele>
			 </trkpt>
			 <trkpt lat="40.7294" lon="-73.5825">
				 <ele>19</ele>
			 </trkpt>
			 <trkpt lat="40.72942" lon="-73.58244">
				 <ele>19</ele>
			 </trkpt>
			 <trkpt lat="40.72945" lon="-73.58234">
				 <ele>19</ele>
			 </trkpt>
			 <trkpt lat="40.72955" lon="-73.58197">
				 <ele>19</ele>
			 </trkpt>
			 <trkpt lat="40.7296" lon="-73.58175">
				 <ele>19</ele>
			 </trkpt>
			 <trkpt lat="40.72961" lon="-73.58171">
				 <ele>19</ele>
			 </trkpt>
			 <trkpt lat="40.72968" lon="-73.58144">
				 <ele>20</ele>
			 </trkpt>
			 <trkpt lat="40.72976" lon="-73.58112">
				 <ele>20</ele>
			 </trkpt>
			 <trkpt lat="40.72982" lon="-73.58089">
				 <ele>21</ele>
			 </trkpt>
			 <trkpt lat="40.72986" lon="-73.58069">
				 <ele>22</ele>
			 </trkpt>
			 <trkpt lat="40.72987" lon="-73.58053">
				 <ele>23</ele>
			 </trkpt>
			 <trkpt lat="40.72989" lon="-73.58047">
				 <ele>23</ele>
			 </trkpt>
			 <trkpt lat="40.72992" lon="-73.58038">
				 <ele>23</ele>
			 </trkpt>
			 <trkpt lat="40.72993" lon="-73.58033">
				 <ele>23</ele>
			 </trkpt>
			 <trkpt lat="40.72997" lon="-73.5802">
				 <ele>23</ele>
			 </trkpt>
			 <trkpt lat="40.73002" lon="-73.58017">
				 <ele>23</ele>
			 </trkpt>
			 <trkpt lat="40.73008" lon="-73.58014">
				 <ele>23</ele>
			 </trkpt>
			 <trkpt lat="40.73013" lon="-73.58011">
				 <ele>23</ele>
			 </trkpt>
			 <trkpt lat="40.73023" lon="-73.58016">
				 <ele>23</ele>
			 </trkpt>
			 <trkpt lat="40.73027" lon="-73.58018">
				 <ele>23</ele>
			 </trkpt>
			 <trkpt lat="40.73061" lon="-73.58034">
				 <ele>23</ele>
			 </trkpt>
			 <trkpt lat="40.73066" lon="-73.58036">
				 <ele>23</ele>
			 </trkpt>
			 <trkpt lat="40.73147" lon="-73.58071">
				 <ele>21</ele>
			 </trkpt>
			 <trkpt lat="40.73164" lon="-73.58078">
				 <ele>21</ele>
			 </trkpt>
			 <trkpt lat="40.73195" lon="-73.58091">
				 <ele>20</ele>
			 </trkpt>
			 <trkpt lat="40.73207" lon="-73.58096">
				 <ele>20</ele>
			 </trkpt>
			 <trkpt lat="40.73214" lon="-73.58099">
				 <ele>20</ele>
			 </trkpt>
			 <trkpt lat="40.73241" lon="-73.58111">
				 <ele>20</ele>
			 </trkpt>
			 <trkpt lat="40.73304" lon="-73.58139">
				 <ele>21</ele>
			 </trkpt>
			 <trkpt lat="40.73309" lon="-73.58141">
				 <ele>22</ele>
			 </trkpt>
			 <trkpt lat="40.73343" lon="-73.58156">
				 <ele>23</ele>
			 </trkpt>
			 <trkpt lat="40.73367" lon="-73.58167">
				 <ele>23</ele>
			 </trkpt>
			 <trkpt lat="40.73382" lon="-73.58173">
				 <ele>24</ele>
			 </trkpt>
			 <trkpt lat="40.73388" lon="-73.58176">
				 <ele>24</ele>
			 </trkpt>
			 <trkpt lat="40.73393" lon="-73.58178">
				 <ele>24</ele>
			 </trkpt>
			 <trkpt lat="40.73398" lon="-73.5818">
				 <ele>24</ele>
			 </trkpt>
			 <trkpt lat="40.73406" lon="-73.58183">
				 <ele>24</ele>
			 </trkpt>
			 <trkpt lat="40.73416" lon="-73.58188">
				 <ele>24</ele>
			 </trkpt>
			 <trkpt lat="40.73436" lon="-73.58196">
				 <ele>24</ele>
			 </trkpt>
			 <trkpt lat="40.73445" lon="-73.58201">
				 <ele>25</ele>
			 </trkpt>
			 <trkpt lat="40.73457" lon="-73.58206">
				 <ele>25</ele>
			 </trkpt>
			 <trkpt lat="40.73472" lon="-73.58213">
				 <ele>24</ele>
			 </trkpt>
			 <trkpt lat="40.73481" lon="-73.58217">
				 <ele>24</ele>
			 </trkpt>
			 <trkpt lat="40.73487" lon="-73.5822">
				 <ele>24</ele>
			 </trkpt>
			 <trkpt lat="40.73506" lon="-73.58229">
				 <ele>24</ele>
			 </trkpt>
			 <trkpt lat="40.73529" lon="-73.58239">
				 <ele>23</ele>
			 </trkpt>
			 <trkpt lat="40.73541" lon="-73.58244">
				 <ele>23</ele>
			 </trkpt>
			 <trkpt lat="40.73547" lon="-73.58247">
				 <ele>23</ele>
			 </trkpt>
			 <trkpt lat="40.73595" lon="-73.58269">
				 <ele>23</ele>
			 </trkpt>
			 <trkpt lat="40.73602" lon="-73.58273">
				 <ele>23</ele>
			 </trkpt>
			 <trkpt lat="40.736721" lon="-73.582991">
				 <ele>23</ele>
			 </trkpt>
			 <trkpt lat="40.737127" lon="-73.582917">
				 <ele>23</ele>
			 </trkpt>
			 <trkpt lat="40.73711" lon="-73.58295">
				 <ele>23</ele>
			 </trkpt>
			 <trkpt lat="40.73737" lon="-73.58306">
				 <ele>24</ele>
			 </trkpt>
			 <trkpt lat="40.73752" lon="-73.58313">
				 <ele>24</ele>
			 </trkpt>
			 <trkpt lat="40.73765" lon="-73.58319">
				 <ele>24</ele>
			 </trkpt>
			 <trkpt lat="40.73794" lon="-73.58332">
				 <ele>24</ele>
			 </trkpt>
			 <trkpt lat="40.73816" lon="-73.58342">
				 <ele>24</ele>
			 </trkpt>
			 <trkpt lat="40.73839" lon="-73.58353">
				 <ele>23</ele>
			 </trkpt>
			 <trkpt lat="40.73901" lon="-73.58381">
				 <ele>23</ele>
			 </trkpt>
			 <trkpt lat="40.73969" lon="-73.58413">
				 <ele>24</ele>
			 </trkpt>
			 <trkpt lat="40.74013" lon="-73.58433">
				 <ele>24</ele>
			 </trkpt>
			 <trkpt lat="40.74018" lon="-73.58434">
				 <ele>24</ele>
			 </trkpt>
			 <trkpt lat="40.74022" lon="-73.58434">
				 <ele>24</ele>
			 </trkpt>
			 <trkpt lat="40.74027" lon="-73.58435">
				 <ele>24</ele>
			 </trkpt>
			 <trkpt lat="40.74038" lon="-73.5844">
				 <ele>24</ele>
			 </trkpt>
			 <trkpt lat="40.74049" lon="-73.58445">
				 <ele>24</ele>
			 </trkpt>
			 <trkpt lat="40.74053" lon="-73.58448">
				 <ele>24</ele>
			 </trkpt>
			 <trkpt lat="40.74057" lon="-73.58453">
				 <ele>24</ele>
			 </trkpt>
			 <trkpt lat="40.74061" lon="-73.58456">
				 <ele>24</ele>
			 </trkpt>
			 <trkpt lat="40.74092" lon="-73.5847">
				 <ele>24</ele>
			 </trkpt>
			 <trkpt lat="40.7412" lon="-73.58483">
				 <ele>24</ele>
			 </trkpt>
			 <trkpt lat="40.74143" lon="-73.58493">
				 <ele>24</ele>
			 </trkpt>
			 <trkpt lat="40.74194" lon="-73.58517">
				 <ele>24</ele>
			 </trkpt>
			 <trkpt lat="40.74203" lon="-73.58521">
				 <ele>24</ele>
			 </trkpt>
			 <trkpt lat="40.74207" lon="-73.58523">
				 <ele>24</ele>
			 </trkpt>
			 <trkpt lat="40.74211" lon="-73.58524">
				 <ele>24</ele>
			 </trkpt>
			 <trkpt lat="40.74215" lon="-73.58524">
				 <ele>24</ele>
			 </trkpt>
			 <trkpt lat="40.7422" lon="-73.58524">
				 <ele>24</ele>
			 </trkpt>
			 <trkpt lat="40.74223" lon="-73.58525">
				 <ele>24</ele>
			 </trkpt>
			 <trkpt lat="40.74246" lon="-73.58535">
				 <ele>24</ele>
			 </trkpt>
			 <trkpt lat="40.74249" lon="-73.58536">
				 <ele>25</ele>
			 </trkpt>
			 <trkpt lat="40.74261" lon="-73.58544">
				 <ele>25</ele>
			 </trkpt>
			 <trkpt lat="40.74265" lon="-73.58549">
				 <ele>25</ele>
			 </trkpt>
			 <trkpt lat="40.74268" lon="-73.58551">
				 <ele>25</ele>
			 </trkpt>
			 <trkpt lat="40.74271" lon="-73.58552">
				 <ele>25</ele>
			 </trkpt>
			 <trkpt lat="40.74278" lon="-73.58556">
				 <ele>25</ele>
			 </trkpt>
			 <trkpt lat="40.74312" lon="-73.58571">
				 <ele>25</ele>
			 </trkpt>
			 <trkpt lat="40.74325" lon="-73.58577">
				 <ele>25</ele>
			 </trkpt>
			 <trkpt lat="40.74349" lon="-73.58588">
				 <ele>25</ele>
			 </trkpt>
			 <trkpt lat="40.74353" lon="-73.5859">
				 <ele>25</ele>
			 </trkpt>
			 <trkpt lat="40.74356" lon="-73.58591">
				 <ele>25</ele>
			 </trkpt>
			 <trkpt lat="40.74363" lon="-73.5859">
				 <ele>26</ele>
			 </trkpt>
			 <trkpt lat="40.74368" lon="-73.58591">
				 <ele>26</ele>
			 </trkpt>
			 <trkpt lat="40.74389" lon="-73.58601">
				 <ele>26</ele>
			 </trkpt>
			 <trkpt lat="40.74394" lon="-73.58603">
				 <ele>26</ele>
			 </trkpt>
			 <trkpt lat="40.74397" lon="-73.58605">
				 <ele>26</ele>
			 </trkpt>
			 <trkpt lat="40.744" lon="-73.58607">
				 <ele>26</ele>
			 </trkpt>
			 <trkpt lat="40.74404" lon="-73.58612">
				 <ele>26</ele>
			 </trkpt>
			 <trkpt lat="40.74408" lon="-73.58615">
				 <ele>26</ele>
			 </trkpt>
			 <trkpt lat="40.74413" lon="-73.58618">
				 <ele>26</ele>
			 </trkpt>
			 <trkpt lat="40.7444" lon="-73.5863">
				 <ele>26</ele>
			 </trkpt>
			 <trkpt lat="40.74474" lon="-73.58646">
				 <ele>26</ele>
			 </trkpt>
			 <trkpt lat="40.7453" lon="-73.58672">
				 <ele>27</ele>
			 </trkpt>
			 <trkpt lat="40.746711" lon="-73.587284">
				 <ele>27</ele>
			 </trkpt>
			 <trkpt lat="40.747231" lon="-73.587236">
				 <ele>27</ele>
			 </trkpt>
			 <trkpt lat="40.74754" lon="-73.586994">
				 <ele>28</ele>
			 </trkpt>
			 <trkpt lat="40.747751" lon="-73.586399">
				 <ele>29</ele>
			 </trkpt>
			 <trkpt lat="40.747922" lon="-73.585578">
				 <ele>29</ele>
			 </trkpt>
			 <trkpt lat="40.74806" lon="-73.584682">
				 <ele>30</ele>
			 </trkpt>
			 <trkpt lat="40.748271" lon="-73.583818">
				 <ele>30</ele>
			 </trkpt>
			 <trkpt lat="40.748482" lon="-73.583105">
				 <ele>30</ele>
			 </trkpt>
			 <trkpt lat="40.748718" lon="-73.582552">
				 <ele>31</ele>
			 </trkpt>
			 <trkpt lat="40.748938" lon="-73.581764">
				 <ele>31</ele>
			 </trkpt>
			 <trkpt lat="40.749116" lon="-73.580772">
				 <ele>32</ele>
			 </trkpt>
			 <trkpt lat="40.74932" lon="-73.579747">
				 <ele>32</ele>
			 </trkpt>
			 <trkpt lat="40.749011" lon="-73.57957">
				 <ele>32</ele>
			 </trkpt>
			 <trkpt lat="40.74902" lon="-73.57953">
				 <ele>32</ele>
			 </trkpt>
			 <trkpt lat="40.74898" lon="-73.57952">
				 <ele>32</ele>
			 </trkpt>
			 <trkpt lat="40.74875" lon="-73.57945">
				 <ele>32</ele>
			 </trkpt>
			 <trkpt lat="40.74841" lon="-73.57936">
				 <ele>32</ele>
			 </trkpt>
			 <trkpt lat="40.74808" lon="-73.57928">
				 <ele>32</ele>
			 </trkpt>
			 <trkpt lat="40.7477" lon="-73.57918">
				 <ele>31</ele>
			 </trkpt>
			 <trkpt lat="40.7474" lon="-73.57909">
				 <ele>31</ele>
			 </trkpt>
			 <trkpt lat="40.74683" lon="-73.57893">
				 <ele>30</ele>
			 </trkpt>
			 <trkpt lat="40.74663" lon="-73.57887">
				 <ele>30</ele>
			 </trkpt>
			 <trkpt lat="40.74656" lon="-73.57884">
				 <ele>30</ele>
			 </trkpt>
			 <trkpt lat="40.7465" lon="-73.57881">
				 <ele>30</ele>
			 </trkpt>
			 <trkpt lat="40.74641" lon="-73.57877">
				 <ele>30</ele>
			 </trkpt>
			 <trkpt lat="40.74632" lon="-73.57871">
				 <ele>30</ele>
			 </trkpt>
			 <trkpt lat="40.74596" lon="-73.57851">
				 <ele>29</ele>
			 </trkpt>
			 <trkpt lat="40.74592" lon="-73.57849">
				 <ele>29</ele>
			 </trkpt>
			 <trkpt lat="40.74566" lon="-73.57833">
				 <ele>29</ele>
			 </trkpt>
			 <trkpt lat="40.74541" lon="-73.57819">
				 <ele>29</ele>
			 </trkpt>
			 <trkpt lat="40.74527" lon="-73.57811">
				 <ele>29</ele>
			 </trkpt>
			 <trkpt lat="40.74517" lon="-73.57806">
				 <ele>29</ele>
			 </trkpt>
			 <trkpt lat="40.74499" lon="-73.57798">
				 <ele>30</ele>
			 </trkpt>
			 <trkpt lat="40.7447" lon="-73.57785">
				 <ele>30</ele>
			 </trkpt>
			 <trkpt lat="40.74407" lon="-73.57758">
				 <ele>30</ele>
			 </trkpt>
			 <trkpt lat="40.74395" lon="-73.57752">
				 <ele>30</ele>
			 </trkpt>
			 <trkpt lat="40.74332" lon="-73.57725">
				 <ele>30</ele>
			 </trkpt>
			 <trkpt lat="40.74258" lon="-73.57692">
				 <ele>29</ele>
			 </trkpt>
			 <trkpt lat="40.74248" lon="-73.57688">
				 <ele>29</ele>
			 </trkpt>
			 <trkpt lat="40.74213" lon="-73.57672">
				 <ele>29</ele>
			 </trkpt>
			 <trkpt lat="40.74189" lon="-73.57661">
				 <ele>29</ele>
			 </trkpt>
			 <trkpt lat="40.7417" lon="-73.57652">
				 <ele>29</ele>
			 </trkpt>
			 <trkpt lat="40.74152" lon="-73.57642">
				 <ele>29</ele>
			 </trkpt>
			 <trkpt lat="40.74141" lon="-73.57636">
				 <ele>29</ele>
			 </trkpt>
			 <trkpt lat="40.74106" lon="-73.57617">
				 <ele>28</ele>
			 </trkpt>
			 <trkpt lat="40.74079" lon="-73.57602">
				 <ele>28</ele>
			 </trkpt>
			 <trkpt lat="40.74064" lon="-73.57594">
				 <ele>27</ele>
			 </trkpt>
			 <trkpt lat="40.74043" lon="-73.57583">
				 <ele>27</ele>
			 </trkpt>
			 <trkpt lat="40.74024" lon="-73.57573">
				 <ele>27</ele>
			 </trkpt>
			 <trkpt lat="40.74006" lon="-73.57565">
				 <ele>26</ele>
			 </trkpt>
			 <trkpt lat="40.73994" lon="-73.57564">
				 <ele>26</ele>
			 </trkpt>
			 <trkpt lat="40.73953" lon="-73.57546">
				 <ele>25</ele>
			 </trkpt>
			 <trkpt lat="40.73916" lon="-73.57529">
				 <ele>25</ele>
			 </trkpt>
			 <trkpt lat="40.73899" lon="-73.57522">
				 <ele>24</ele>
			 </trkpt>
			 <trkpt lat="40.73895" lon="-73.5752">
				 <ele>24</ele>
			 </trkpt>
			 <trkpt lat="40.73889" lon="-73.57517">
				 <ele>24</ele>
			 </trkpt>
			 <trkpt lat="40.73878" lon="-73.5751">
				 <ele>24</ele>
			 </trkpt>
			 <trkpt lat="40.73869" lon="-73.57504">
				 <ele>24</ele>
			 </trkpt>
			 <trkpt lat="40.73861" lon="-73.57497">
				 <ele>24</ele>
			 </trkpt>
			 <trkpt lat="40.73853" lon="-73.5749">
				 <ele>24</ele>
			 </trkpt>
			 <trkpt lat="40.73842" lon="-73.5748">
				 <ele>24</ele>
			 </trkpt>
			 <trkpt lat="40.7383" lon="-73.57468">
				 <ele>24</ele>
			 </trkpt>
			 <trkpt lat="40.73822" lon="-73.57459">
				 <ele>24</ele>
			 </trkpt>
			 <trkpt lat="40.73814" lon="-73.57449">
				 <ele>24</ele>
			 </trkpt>
			 <trkpt lat="40.73806" lon="-73.57437">
				 <ele>24</ele>
			 </trkpt>
			 <trkpt lat="40.738" lon="-73.57427">
				 <ele>24</ele>
			 </trkpt>
			 <trkpt lat="40.73793" lon="-73.57414">
				 <ele>24</ele>
			 </trkpt>
			 <trkpt lat="40.73789" lon="-73.57406">
				 <ele>25</ele>
			 </trkpt>
			 <trkpt lat="40.73782" lon="-73.57394">
				 <ele>25</ele>
			 </trkpt>
			 <trkpt lat="40.73778" lon="-73.57384">
				 <ele>25</ele>
			 </trkpt>
			 <trkpt lat="40.7377" lon="-73.57365">
				 <ele>26</ele>
			 </trkpt>
			 <trkpt lat="40.73766" lon="-73.57351">
				 <ele>26</ele>
			 </trkpt>
			 <trkpt lat="40.73761" lon="-73.57339">
				 <ele>26</ele>
			 </trkpt>
			 <trkpt lat="40.73759" lon="-73.57329">
				 <ele>27</ele>
			 </trkpt>
			 <trkpt lat="40.73756" lon="-73.57319">
				 <ele>27</ele>
			 </trkpt>
			 <trkpt lat="40.73754" lon="-73.57313">
				 <ele>27</ele>
			 </trkpt>
			 <trkpt lat="40.73753" lon="-73.57309">
				 <ele>27</ele>
			 </trkpt>
			 <trkpt lat="40.73752" lon="-73.57303">
				 <ele>27</ele>
			 </trkpt>
			 <trkpt lat="40.7375" lon="-73.57292">
				 <ele>27</ele>
			 </trkpt>
			 <trkpt lat="40.73749" lon="-73.57282">
				 <ele>27</ele>
			 </trkpt>
			 <trkpt lat="40.73748" lon="-73.57278">
				 <ele>27</ele>
			 </trkpt>
			 <trkpt lat="40.73747" lon="-73.57268">
				 <ele>28</ele>
			 </trkpt>
			 <trkpt lat="40.73745" lon="-73.57255">
				 <ele>28</ele>
			 </trkpt>
			 <trkpt lat="40.73744" lon="-73.57236">
				 <ele>28</ele>
			 </trkpt>
			 <trkpt lat="40.73744" lon="-73.57232">
				 <ele>28</ele>
			 </trkpt>
			 <trkpt lat="40.73744" lon="-73.57222">
				 <ele>28</ele>
			 </trkpt>
			 <trkpt lat="40.73745" lon="-73.57193">
				 <ele>29</ele>
			 </trkpt>
			 <trkpt lat="40.73746" lon="-73.5718">
				 <ele>29</ele>
			 </trkpt>
			 <trkpt lat="40.73749" lon="-73.57168">
				 <ele>29</ele>
			 </trkpt>
			 <trkpt lat="40.7375" lon="-73.5716">
				 <ele>29</ele>
			 </trkpt>
			 <trkpt lat="40.73753" lon="-73.57149">
				 <ele>29</ele>
			 </trkpt>
			 <trkpt lat="40.73754" lon="-73.57144">
				 <ele>29</ele>
			 </trkpt>
			 <trkpt lat="40.73759" lon="-73.5714">
				 <ele>29</ele>
			 </trkpt>
			 <trkpt lat="40.73764" lon="-73.57123">
				 <ele>29</ele>
			 </trkpt>
			 <trkpt lat="40.73766" lon="-73.57115">
				 <ele>29</ele>
			 </trkpt>
			 <trkpt lat="40.73769" lon="-73.57107">
				 <ele>29</ele>
			 </trkpt>
			 <trkpt lat="40.73772" lon="-73.57102">
				 <ele>29</ele>
			 </trkpt>
			 <trkpt lat="40.73774" lon="-73.57096">
				 <ele>29</ele>
			 </trkpt>
			 <trkpt lat="40.73778" lon="-73.57088">
				 <ele>29</ele>
			 </trkpt>
			 <trkpt lat="40.73782" lon="-73.5708">
				 <ele>29</ele>
			 </trkpt>
			 <trkpt lat="40.73788" lon="-73.57067">
				 <ele>29</ele>
			 </trkpt>
			 <trkpt lat="40.73796" lon="-73.57053">
				 <ele>29</ele>
			 </trkpt>
			 <trkpt lat="40.73808" lon="-73.57027">
				 <ele>29</ele>
			 </trkpt>
			 <trkpt lat="40.73817" lon="-73.57005">
				 <ele>29</ele>
			 </trkpt>
			 <trkpt lat="40.7382" lon="-73.56997">
				 <ele>29</ele>
			 </trkpt>
			 <trkpt lat="40.73823" lon="-73.5699">
				 <ele>29</ele>
			 </trkpt>
			 <trkpt lat="40.73825" lon="-73.56984">
				 <ele>29</ele>
			 </trkpt>
			 <trkpt lat="40.73827" lon="-73.56977">
				 <ele>29</ele>
			 </trkpt>
			 <trkpt lat="40.7383" lon="-73.56967">
				 <ele>29</ele>
			 </trkpt>
			 <trkpt lat="40.73832" lon="-73.56957">
				 <ele>29</ele>
			 </trkpt>
			 <trkpt lat="40.73834" lon="-73.56949">
				 <ele>29</ele>
			 </trkpt>
			 <trkpt lat="40.73836" lon="-73.56943">
				 <ele>29</ele>
			 </trkpt>
			 <trkpt lat="40.73839" lon="-73.56926">
				 <ele>29</ele>
			 </trkpt>
			 <trkpt lat="40.73842" lon="-73.56911">
				 <ele>29</ele>
			 </trkpt>
			 <trkpt lat="40.73843" lon="-73.56904">
				 <ele>29</ele>
			 </trkpt>
			 <trkpt lat="40.73844" lon="-73.56897">
				 <ele>29</ele>
			 </trkpt>
			 <trkpt lat="40.73844" lon="-73.56888">
				 <ele>29</ele>
			 </trkpt>
			 <trkpt lat="40.73844" lon="-73.56881">
				 <ele>29</ele>
			 </trkpt>
			 <trkpt lat="40.73844" lon="-73.56869">
				 <ele>29</ele>
			 </trkpt>
			 <trkpt lat="40.73843" lon="-73.56837">
				 <ele>29</ele>
			 </trkpt>
			 <trkpt lat="40.73843" lon="-73.5681">
				 <ele>30</ele>
			 </trkpt>
			 <trkpt lat="40.73841" lon="-73.56754">
				 <ele>30</ele>
			 </trkpt>
			 <trkpt lat="40.7384" lon="-73.56697">
				 <ele>30</ele>
			 </trkpt>
			 <trkpt lat="40.73839" lon="-73.56667">
				 <ele>30</ele>
			 </trkpt>
			 <trkpt lat="40.73837" lon="-73.56605">
				 <ele>30</ele>
			 </trkpt>
			 <trkpt lat="40.73836" lon="-73.56556">
				 <ele>30</ele>
			 </trkpt>
			 <trkpt lat="40.73834" lon="-73.56503">
				 <ele>30</ele>
			 </trkpt>
			 <trkpt lat="40.73833" lon="-73.56461">
				 <ele>30</ele>
			 </trkpt>
			 <trkpt lat="40.73832" lon="-73.56426">
				 <ele>30</ele>
			 </trkpt>
			 <trkpt lat="40.73831" lon="-73.56404">
				 <ele>30</ele>
			 </trkpt>
			 <trkpt lat="40.73831" lon="-73.56394">
				 <ele>30</ele>
			 </trkpt>
			 <trkpt lat="40.73819" lon="-73.55924">
				 <ele>31</ele>
			 </trkpt>
			 <trkpt lat="40.73819" lon="-73.55913">
				 <ele>31</ele>
			 </trkpt>
			 <trkpt lat="40.73807" lon="-73.55506">
				 <ele>31</ele>
			 </trkpt>
			 <trkpt lat="40.73805" lon="-73.55465">
				 <ele>31</ele>
			 </trkpt>
			 <trkpt lat="40.73805" lon="-73.55438">
				 <ele>31</ele>
			 </trkpt>
			 <trkpt lat="40.73805" lon="-73.55423">
				 <ele>31</ele>
			 </trkpt>
			 <trkpt lat="40.73804" lon="-73.5541">
				 <ele>31</ele>
			 </trkpt>
			 <trkpt lat="40.73804" lon="-73.55387">
				 <ele>31</ele>
			 </trkpt>
			 <trkpt lat="40.73804" lon="-73.55364">
				 <ele>31</ele>
			 </trkpt>
			 <trkpt lat="40.73805" lon="-73.55345">
				 <ele>31</ele>
			 </trkpt>
			 <trkpt lat="40.73801" lon="-73.55341">
				 <ele>31</ele>
			 </trkpt>
			 <trkpt lat="40.73798" lon="-73.55342">
				 <ele>31</ele>
			 </trkpt>
			 <trkpt lat="40.73769" lon="-73.55348">
				 <ele>31</ele>
			 </trkpt>
			 <trkpt lat="40.73751" lon="-73.55352">
				 <ele>31</ele>
			 </trkpt>
			 <trkpt lat="40.73736" lon="-73.55355">
				 <ele>31</ele>
			 </trkpt>
			 <trkpt lat="40.73566" lon="-73.55389">
				 <ele>30</ele>
			 </trkpt>
			 <trkpt lat="40.73512" lon="-73.554">
				 <ele>30</ele>
			 </trkpt>
			 <trkpt lat="40.73442" lon="-73.55414">
				 <ele>30</ele>
			 </trkpt>
			 <trkpt lat="40.73409" lon="-73.55422">
				 <ele>30</ele>
			 </trkpt>
			 <trkpt lat="40.734" lon="-73.55424">
				 <ele>30</ele>
			 </trkpt>
			 <trkpt lat="40.73394" lon="-73.55425">
				 <ele>30</ele>
			 </trkpt>
			 <trkpt lat="40.7339" lon="-73.55426">
				 <ele>30</ele>
			 </trkpt>
			 <trkpt lat="40.73369" lon="-73.5543">
				 <ele>30</ele>
			 </trkpt>
			 <trkpt lat="40.73331" lon="-73.55438">
				 <ele>29</ele>
			 </trkpt>
			 <trkpt lat="40.73298" lon="-73.55446">
				 <ele>29</ele>
			 </trkpt>
			 <trkpt lat="40.73287" lon="-73.55448">
				 <ele>29</ele>
			 </trkpt>
			 <trkpt lat="40.73279" lon="-73.5545">
				 <ele>29</ele>
			 </trkpt>
			 <trkpt lat="40.73245" lon="-73.55457">
				 <ele>29</ele>
			 </trkpt>
			 <trkpt lat="40.73074" lon="-73.55494">
				 <ele>28</ele>
			 </trkpt>
			 <trkpt lat="40.73056" lon="-73.55498">
				 <ele>28</ele>
			 </trkpt>
			 <trkpt lat="40.73033" lon="-73.55503">
				 <ele>28</ele>
			 </trkpt>
			 <trkpt lat="40.73028" lon="-73.55504">
				 <ele>28</ele>
			 </trkpt>
			 <trkpt lat="40.73024" lon="-73.55505">
				 <ele>28</ele>
			 </trkpt>
			 <trkpt lat="40.73013" lon="-73.55508">
				 <ele>28</ele>
			 </trkpt>
			 <trkpt lat="40.73005" lon="-73.5551">
				 <ele>28</ele>
			 </trkpt>
			 <trkpt lat="40.72999" lon="-73.5551">
				 <ele>28</ele>
			 </trkpt>
			 <trkpt lat="40.72983" lon="-73.55514">
				 <ele>28</ele>
			 </trkpt>
			 <trkpt lat="40.72979" lon="-73.55515">
				 <ele>28</ele>
			 </trkpt>
			 <trkpt lat="40.73015" lon="-73.556418">
				 <ele>28</ele>
			 </trkpt>
			 <trkpt lat="40.73005" lon="-73.55646">
				 <ele>28</ele>
			 </trkpt>
			 <trkpt lat="40.73008" lon="-73.55659">
				 <ele>28</ele>
			 </trkpt>
			 <trkpt lat="40.7301" lon="-73.55664">
				 <ele>28</ele>
			 </trkpt>
			 <trkpt lat="40.73013" lon="-73.55669">
				 <ele>28</ele>
			 </trkpt>
			 <trkpt lat="40.73018" lon="-73.55678">
				 <ele>28</ele>
			 </trkpt>
			 <trkpt lat="40.73029" lon="-73.55692">
				 <ele>28</ele>
			 </trkpt>
			 <trkpt lat="40.73033" lon="-73.55698">
				 <ele>28</ele>
			 </trkpt>
			 <trkpt lat="40.7304" lon="-73.55705">
				 <ele>28</ele>
			 </trkpt>
			 <trkpt lat="40.73046" lon="-73.55709">
				 <ele>28</ele>
			 </trkpt>
			 <trkpt lat="40.73055" lon="-73.55711">
				 <ele>28</ele>
			 </trkpt>
			 <trkpt lat="40.73068" lon="-73.55714">
				 <ele>28</ele>
			 </trkpt>
			 <trkpt lat="40.73077" lon="-73.55717">
				 <ele>28</ele>
			 </trkpt>
			 <trkpt lat="40.73096" lon="-73.55723">
				 <ele>29</ele>
			 </trkpt>
			 <trkpt lat="40.73113" lon="-73.55729">
				 <ele>29</ele>
			 </trkpt>
			 <trkpt lat="40.73111" lon="-73.55745">
				 <ele>29</ele>
			 </trkpt>
			 <trkpt lat="40.73105" lon="-73.55787">
				 <ele>29</ele>
			 </trkpt>
			 <trkpt lat="40.73096" lon="-73.55872">
				 <ele>28</ele>
			 </trkpt>
			 <trkpt lat="40.73093" lon="-73.55898">
				 <ele>28</ele>
			 </trkpt>
			 <trkpt lat="40.73091" lon="-73.55907">
				 <ele>28</ele>
			 </trkpt>
			 <trkpt lat="40.73082" lon="-73.55946">
				 <ele>28</ele>
			 </trkpt>
			 <trkpt lat="40.73078" lon="-73.55958">
				 <ele>28</ele>
			 </trkpt>
			 <trkpt lat="40.73073" lon="-73.55978">
				 <ele>28</ele>
			 </trkpt>
			 <trkpt lat="40.73071" lon="-73.55989">
				 <ele>28</ele>
			 </trkpt>
			 <trkpt lat="40.73069" lon="-73.56002">
				 <ele>28</ele>
			 </trkpt>
			 <trkpt lat="40.73067" lon="-73.5602">
				 <ele>28</ele>
			 </trkpt>
			 <trkpt lat="40.73064" lon="-73.5603">
				 <ele>28</ele>
			 </trkpt>
			 <trkpt lat="40.73062" lon="-73.56038">
				 <ele>28</ele>
			 </trkpt>
			 <trkpt lat="40.73059" lon="-73.56049">
				 <ele>28</ele>
			 </trkpt>
			 <trkpt lat="40.73056" lon="-73.56056">
				 <ele>28</ele>
			 </trkpt>
			 <trkpt lat="40.73052" lon="-73.56063">
				 <ele>28</ele>
			 </trkpt>
			 <trkpt lat="40.73047" lon="-73.5607">
				 <ele>28</ele>
			 </trkpt>
			 <trkpt lat="40.73042" lon="-73.56076">
				 <ele>28</ele>
			 </trkpt>
			 <trkpt lat="40.7304" lon="-73.56079">
				 <ele>28</ele>
			 </trkpt>
			 <trkpt lat="40.73038" lon="-73.56082">
				 <ele>28</ele>
			 </trkpt>
			 <trkpt lat="40.73035" lon="-73.56088">
				 <ele>28</ele>
			 </trkpt>
			 <trkpt lat="40.73034" lon="-73.561">
				 <ele>28</ele>
			 </trkpt>
			 <trkpt lat="40.73034" lon="-73.56108">
				 <ele>28</ele>
			 </trkpt>
			 <trkpt lat="40.73035" lon="-73.56119">
				 <ele>28</ele>
			 </trkpt>
			 <trkpt lat="40.73038" lon="-73.56133">
				 <ele>28</ele>
			 </trkpt>
			 <trkpt lat="40.73044" lon="-73.56161">
				 <ele>28</ele>
			 </trkpt>
			 <trkpt lat="40.73048" lon="-73.56185">
				 <ele>28</ele>
			 </trkpt>
			 <trkpt lat="40.7305" lon="-73.562">
				 <ele>28</ele>
			 </trkpt>
			 <trkpt lat="40.73052" lon="-73.56214">
				 <ele>28</ele>
			 </trkpt>
			 <trkpt lat="40.73056" lon="-73.56232">
				 <ele>28</ele>
			 </trkpt>
			 <trkpt lat="40.73061" lon="-73.56258">
				 <ele>28</ele>
			 </trkpt>
			 <trkpt lat="40.73064" lon="-73.56268">
				 <ele>28</ele>
			 </trkpt>
			 <trkpt lat="40.73066" lon="-73.56279">
				 <ele>28</ele>
			 </trkpt>
			 <trkpt lat="40.73069" lon="-73.56288">
				 <ele>28</ele>
			 </trkpt>
			 <trkpt lat="40.73071" lon="-73.56297">
				 <ele>28</ele>
			 </trkpt>
			 <trkpt lat="40.73072" lon="-73.56307">
				 <ele>28</ele>
			 </trkpt>
			 <trkpt lat="40.73073" lon="-73.56318">
				 <ele>28</ele>
			 </trkpt>
			 <trkpt lat="40.73073" lon="-73.56327">
				 <ele>28</ele>
			 </trkpt>
			 <trkpt lat="40.73072" lon="-73.56336">
				 <ele>28</ele>
			 </trkpt>
			 <trkpt lat="40.73071" lon="-73.56347">
				 <ele>28</ele>
			 </trkpt>
			 <trkpt lat="40.73069" lon="-73.56359">
				 <ele>28</ele>
			 </trkpt>
			 <trkpt lat="40.73067" lon="-73.56381">
				 <ele>28</ele>
			 </trkpt>
			 <trkpt lat="40.73066" lon="-73.56391">
				 <ele>28</ele>
			 </trkpt>
			 <trkpt lat="40.73065" lon="-73.56403">
				 <ele>28</ele>
			 </trkpt>
			 <trkpt lat="40.73067" lon="-73.56412">
				 <ele>28</ele>
			 </trkpt>
			 <trkpt lat="40.73069" lon="-73.56419">
				 <ele>28</ele>
			 </trkpt>
			 <trkpt lat="40.73071" lon="-73.56424">
				 <ele>28</ele>
			 </trkpt>
			 <trkpt lat="40.73075" lon="-73.56429">
				 <ele>28</ele>
			 </trkpt>
			 <trkpt lat="40.73079" lon="-73.56434">
				 <ele>28</ele>
			 </trkpt>
			 <trkpt lat="40.73084" lon="-73.56439">
				 <ele>28</ele>
			 </trkpt>
			 <trkpt lat="40.73093" lon="-73.56446">
				 <ele>28</ele>
			 </trkpt>
			 <trkpt lat="40.73101" lon="-73.56454">
				 <ele>28</ele>
			 </trkpt>
			 <trkpt lat="40.73107" lon="-73.56459">
				 <ele>29</ele>
			 </trkpt>
			 <trkpt lat="40.73116" lon="-73.56469">
				 <ele>29</ele>
			 </trkpt>
			 <trkpt lat="40.7312" lon="-73.56478">
				 <ele>29</ele>
			 </trkpt>
			 <trkpt lat="40.73124" lon="-73.56489">
				 <ele>29</ele>
			 </trkpt>
			 <trkpt lat="40.73126" lon="-73.565">
				 <ele>28</ele>
			 </trkpt>
			 <trkpt lat="40.73126" lon="-73.56514">
				 <ele>28</ele>
			 </trkpt>
			 <trkpt lat="40.73126" lon="-73.56521">
				 <ele>28</ele>
			 </trkpt>
			 <trkpt lat="40.73124" lon="-73.56526">
				 <ele>28</ele>
			 </trkpt>
			 <trkpt lat="40.73121" lon="-73.56532">
				 <ele>28</ele>
			 </trkpt>
			 <trkpt lat="40.73117" lon="-73.56535">
				 <ele>28</ele>
			 </trkpt>
			 <trkpt lat="40.73113" lon="-73.56539">
				 <ele>28</ele>
			 </trkpt>
			 <trkpt lat="40.73107" lon="-73.56541">
				 <ele>28</ele>
			 </trkpt>
			 <trkpt lat="40.73098" lon="-73.56543">
				 <ele>28</ele>
			 </trkpt>
			 <trkpt lat="40.73084" lon="-73.56546">
				 <ele>28</ele>
			 </trkpt>
			 <trkpt lat="40.73079" lon="-73.56545">
				 <ele>28</ele>
			 </trkpt>
			 <trkpt lat="40.73065" lon="-73.56543">
				 <ele>28</ele>
			 </trkpt>
			 <trkpt lat="40.73055" lon="-73.56542">
				 <ele>28</ele>
			 </trkpt>
			 <trkpt lat="40.72996" lon="-73.56535">
				 <ele>27</ele>
			 </trkpt>
			 <trkpt lat="40.7297" lon="-73.56534">
				 <ele>27</ele>
			 </trkpt>
			 <trkpt lat="40.72957" lon="-73.56531">
				 <ele>27</ele>
			 </trkpt>
			 <trkpt lat="40.728906" lon="-73.565241">
				 <ele>27</ele>
			 </trkpt>
			 <trkpt lat="40.728792" lon="-73.565675">
				 <ele>27</ele>
			 </trkpt>
			 <trkpt lat="40.727987" lon="-73.565166">
				 <ele>27</ele>
			 </trkpt>
			 <trkpt lat="40.727597" lon="-73.56515">
				 <ele>27</ele>
			 </trkpt>
			 <trkpt lat="40.727304" lon="-73.566121">
				 <ele>27</ele>
			 </trkpt>
			 <trkpt lat="40.727296" lon="-73.566228">
				 <ele>27</ele>
			 </trkpt>
			 <trkpt lat="40.726703" lon="-73.566072">
				 <ele>26</ele>
			 </trkpt>
			 <trkpt lat="40.726077" lon="-73.566088">
				 <ele>26</ele>
			 </trkpt>
			 <trkpt lat="40.725291" lon="-73.566159">
				 <ele>26</ele>
			 </trkpt>
			 <trkpt lat="40.725171" lon="-73.566293">
				 <ele>26</ele>
			 </trkpt>
			 <trkpt lat="40.725147" lon="-73.566395">
				 <ele>26</ele>
			 </trkpt>
			 <trkpt lat="40.725171" lon="-73.566478">
				 <ele>26</ele>
			 </trkpt>
			 <trkpt lat="40.725236" lon="-73.566579">
				 <ele>26</ele>
			 </trkpt>
			 <trkpt lat="40.725314" lon="-73.566633">
				 <ele>26</ele>
			 </trkpt>
			 <trkpt lat="40.725379" lon="-73.566677">
				 <ele>26</ele>
			 </trkpt>
			 <trkpt lat="40.725419" lon="-73.566715">
				 <ele>26</ele>
			 </trkpt>
			 <trkpt lat="40.725387" lon="-73.566883">
				 <ele>26</ele>
			 </trkpt>
			 <trkpt lat="40.725342" lon="-73.567216">
				 <ele>26</ele>
			 </trkpt>
			 <trkpt lat="40.725324" lon="-73.567501">
				 <ele>26</ele>
			 </trkpt>
			 <trkpt lat="40.725265" lon="-73.567808">
				 <ele>26</ele>
			 </trkpt>
			 <trkpt lat="40.725151" lon="-73.56811">
				 <ele>26</ele>
			 </trkpt>
			 <trkpt lat="40.725023" lon="-73.5685">
				 <ele>26</ele>
			 </trkpt>
			 <trkpt lat="40.725179" lon="-73.568797">
				 <ele>26</ele>
			 </trkpt>
			 <trkpt lat="40.725368" lon="-73.569219">
				 <ele>26</ele>
			 </trkpt>
			 <trkpt lat="40.725448" lon="-73.569639">
				 <ele>26</ele>
			 </trkpt>
			 <trkpt lat="40.72547" lon="-73.56975">
				 <ele>26</ele>
			 </trkpt>
			 <trkpt lat="40.72548" lon="-73.56988">
				 <ele>26</ele>
			 </trkpt>
			 <trkpt lat="40.72549" lon="-73.56992">
				 <ele>26</ele>
			 </trkpt>
			 <trkpt lat="40.72549" lon="-73.57012">
				 <ele>26</ele>
			 </trkpt>
			 <trkpt lat="40.72548" lon="-73.57035">
				 <ele>26</ele>
			 </trkpt>
			 <trkpt lat="40.72545" lon="-73.57064">
				 <ele>26</ele>
			 </trkpt>
			 <trkpt lat="40.7254" lon="-73.57081">
				 <ele>26</ele>
			 </trkpt>
			 <trkpt lat="40.72539" lon="-73.57086">
				 <ele>26</ele>
			 </trkpt>
			 <trkpt lat="40.72531" lon="-73.57109">
				 <ele>26</ele>
			 </trkpt>
			 <trkpt lat="40.72524" lon="-73.57129">
				 <ele>26</ele>
			 </trkpt>
			 <trkpt lat="40.72515" lon="-73.57145">
				 <ele>25</ele>
			 </trkpt>
			 <trkpt lat="40.72504" lon="-73.57163">
				 <ele>25</ele>
			 </trkpt>
			 <trkpt lat="40.72494" lon="-73.57175">
				 <ele>25</ele>
			 </trkpt>
			 <trkpt lat="40.72481" lon="-73.57189">
				 <ele>25</ele>
			 </trkpt>
			 <trkpt lat="40.725" lon="-73.57222">
				 <ele>25</ele>
			 </trkpt>
			 <trkpt lat="40.72501" lon="-73.57226">
				 <ele>25</ele>
			 </trkpt>
			 <trkpt lat="40.72486" lon="-73.5724">
				 <ele>25</ele>
			 </trkpt>
			 <trkpt lat="40.72475" lon="-73.57249">
				 <ele>25</ele>
			 </trkpt>
			 <trkpt lat="40.72468" lon="-73.57258">
				 <ele>25</ele>
			 </trkpt>
			 <trkpt lat="40.72464" lon="-73.57264">
				 <ele>25</ele>
			 </trkpt>
			 <trkpt lat="40.72453" lon="-73.57282">
				 <ele>25</ele>
			 </trkpt>
			 <trkpt lat="40.72448" lon="-73.57291">
				 <ele>25</ele>
			 </trkpt>
			 <trkpt lat="40.72438" lon="-73.57312">
				 <ele>25</ele>
			 </trkpt>
			 <trkpt lat="40.7243" lon="-73.57331">
				 <ele>25</ele>
			 </trkpt>
			 <trkpt lat="40.72424" lon="-73.5735">
				 <ele>25</ele>
			 </trkpt>
			 <trkpt lat="40.72418" lon="-73.57375">
				 <ele>25</ele>
			 </trkpt>
			 <trkpt lat="40.72414" lon="-73.57402">
				 <ele>25</ele>
			 </trkpt>
			 <trkpt lat="40.72413" lon="-73.5742">
				 <ele>25</ele>
			 </trkpt>
			 <trkpt lat="40.72413" lon="-73.57427">
				 <ele>25</ele>
			 </trkpt>
			 <trkpt lat="40.72414" lon="-73.57453">
				 <ele>25</ele>
			 </trkpt>
			 <trkpt lat="40.72417" lon="-73.57479">
				 <ele>25</ele>
			 </trkpt>
			 <trkpt lat="40.7242" lon="-73.57494">
				 <ele>25</ele>
			 </trkpt>
			 <trkpt lat="40.72422" lon="-73.57502">
				 <ele>25</ele>
			 </trkpt>
			 <trkpt lat="40.72429" lon="-73.57528">
				 <ele>25</ele>
			 </trkpt>
			 <trkpt lat="40.72438" lon="-73.57552">
				 <ele>24</ele>
			 </trkpt>
			 <trkpt lat="40.7244" lon="-73.57556">
				 <ele>24</ele>
			 </trkpt>
			 <trkpt lat="40.72447" lon="-73.57574">
				 <ele>24</ele>
			 </trkpt>
			 <trkpt lat="40.72449" lon="-73.57578">
				 <ele>24</ele>
			 </trkpt>
			 <trkpt lat="40.72461" lon="-73.576">
				 <ele>24</ele>
			 </trkpt>
			 <trkpt lat="40.72471" lon="-73.57615">
				 <ele>24</ele>
			 </trkpt>
			 <trkpt lat="40.72483" lon="-73.57632">
				 <ele>24</ele>
			 </trkpt>
			 <trkpt lat="40.72498" lon="-73.57648">
				 <ele>24</ele>
			 </trkpt>
			 <trkpt lat="40.72503" lon="-73.57654">
				 <ele>24</ele>
			 </trkpt>
			 <trkpt lat="40.72515" lon="-73.57664">
				 <ele>24</ele>
			 </trkpt>
			 <trkpt lat="40.72519" lon="-73.57666">
				 <ele>24</ele>
			 </trkpt>
			 <trkpt lat="40.72528" lon="-73.57674">
				 <ele>24</ele>
			 </trkpt>
			 <trkpt lat="40.72537" lon="-73.5768">
				 <ele>24</ele>
			 </trkpt>
			 <trkpt lat="40.7255" lon="-73.57687">
				 <ele>24</ele>
			 </trkpt>
			 <trkpt lat="40.72558" lon="-73.57692">
				 <ele>24</ele>
			 </trkpt>
			 <trkpt lat="40.72564" lon="-73.57695">
				 <ele>24</ele>
			 </trkpt>
			 <trkpt lat="40.7257" lon="-73.57693">
				 <ele>24</ele>
			 </trkpt>
			 <trkpt lat="40.72574" lon="-73.57692">
				 <ele>24</ele>
			 </trkpt>
			 <trkpt lat="40.72579" lon="-73.57691">
				 <ele>24</ele>
			 </trkpt>
			 <trkpt lat="40.72584" lon="-73.57692">
				 <ele>24</ele>
			 </trkpt>
			 <trkpt lat="40.72589" lon="-73.57693">
				 <ele>24</ele>
			 </trkpt>
			 <trkpt lat="40.72594" lon="-73.57694">
				 <ele>24</ele>
			 </trkpt>
			 <trkpt lat="40.72597" lon="-73.57696">
				 <ele>23</ele>
			 </trkpt>
			 <trkpt lat="40.726" lon="-73.57699">
				 <ele>23</ele>
			 </trkpt>
			 <trkpt lat="40.72603" lon="-73.57703">
				 <ele>23</ele>
			 </trkpt>
			 <trkpt lat="40.72605" lon="-73.57706">
				 <ele>22</ele>
			 </trkpt>
			 <trkpt lat="40.72611" lon="-73.57719">
				 <ele>21</ele>
			 </trkpt>
			 <trkpt lat="40.72614" lon="-73.57728">
				 <ele>21</ele>
			 </trkpt>
			 <trkpt lat="40.72616" lon="-73.57732">
				 <ele>21</ele>
			 </trkpt>
			 <trkpt lat="40.7262" lon="-73.57737">
				 <ele>21</ele>
			 </trkpt>
			 <trkpt lat="40.72628" lon="-73.57743">
				 <ele>22</ele>
			 </trkpt>
			 <trkpt lat="40.72637" lon="-73.57748">
				 <ele>22</ele>
			 </trkpt>
			 <trkpt lat="40.72644" lon="-73.57751">
				 <ele>23</ele>
			 </trkpt>
			 <trkpt lat="40.72662" lon="-73.57759">
				 <ele>24</ele>
			 </trkpt>
			 <trkpt lat="40.72669" lon="-73.57762">
				 <ele>24</ele>
			 </trkpt>
			 <trkpt lat="40.7268" lon="-73.57767">
				 <ele>24</ele>
			 </trkpt>
			 <trkpt lat="40.72687" lon="-73.57744">
				 <ele>24</ele>
			 </trkpt>
			 <trkpt lat="40.7269" lon="-73.5773">
				 <ele>24</ele>
			 </trkpt>
			 <trkpt lat="40.72694" lon="-73.57725">
				 <ele>24</ele>
			 </trkpt>
			 <trkpt lat="40.72698" lon="-73.57722">
				 <ele>24</ele>
			 </trkpt>
			 <trkpt lat="40.72702" lon="-73.57722">
				 <ele>24</ele>
			 </trkpt>
			 <trkpt lat="40.72706" lon="-73.57722">
				 <ele>24</ele>
			 </trkpt>
			 <trkpt lat="40.72713" lon="-73.57724">
				 <ele>25</ele>
			 </trkpt>
			 <trkpt lat="40.72717" lon="-73.57726">
				 <ele>25</ele>
			 </trkpt>
			 <trkpt lat="40.72723" lon="-73.5773">
				 <ele>25</ele>
			 </trkpt>
			 <trkpt lat="40.72734" lon="-73.57736">
				 <ele>25</ele>
			 </trkpt>
			 <trkpt lat="40.72754" lon="-73.57745">
				 <ele>26</ele>
			 </trkpt>
			 <trkpt lat="40.72773" lon="-73.57754">
				 <ele>26</ele>
			 </trkpt>
			 <trkpt lat="40.72776" lon="-73.57755">
				 <ele>26</ele>
			 </trkpt>
			 <trkpt lat="40.72782" lon="-73.57757">
				 <ele>26</ele>
			 </trkpt>
			 <trkpt lat="40.72787" lon="-73.5776">
				 <ele>26</ele>
			 </trkpt>
			 <trkpt lat="40.72792" lon="-73.57763">
				 <ele>26</ele>
			 </trkpt>
			 <trkpt lat="40.72796" lon="-73.57768">
				 <ele>26</ele>
			 </trkpt>
			 <trkpt lat="40.72802" lon="-73.57777">
				 <ele>26</ele>
			 </trkpt>
			 <trkpt lat="40.72818" lon="-73.57795">
				 <ele>26</ele>
			 </trkpt>
			 <trkpt lat="40.72821" lon="-73.57799">
				 <ele>26</ele>
			 </trkpt>
			 <trkpt lat="40.72824" lon="-73.57801">
				 <ele>26</ele>
			 </trkpt>
			 <trkpt lat="40.72827" lon="-73.57802">
				 <ele>26</ele>
			 </trkpt>
			 <trkpt lat="40.7283" lon="-73.57803">
				 <ele>26</ele>
			 </trkpt>
			 <trkpt lat="40.72837" lon="-73.57805">
				 <ele>26</ele>
			 </trkpt>
			 <trkpt lat="40.72842" lon="-73.57805">
				 <ele>26</ele>
			 </trkpt>
			 <trkpt lat="40.72847" lon="-73.57804">
				 <ele>26</ele>
			 </trkpt>
			 <trkpt lat="40.72852" lon="-73.57803">
				 <ele>26</ele>
			 </trkpt>
			 <trkpt lat="40.72856" lon="-73.57802">
				 <ele>26</ele>
			 </trkpt>
			 <trkpt lat="40.72876" lon="-73.57795">
				 <ele>26</ele>
			 </trkpt>
			 <trkpt lat="40.72884" lon="-73.57793">
				 <ele>26</ele>
			 </trkpt>
			 <trkpt lat="40.72887" lon="-73.57793">
				 <ele>26</ele>
			 </trkpt>
			 <trkpt lat="40.72891" lon="-73.57792">
				 <ele>26</ele>
			 </trkpt>
			 <trkpt lat="40.72904" lon="-73.57791">
				 <ele>26</ele>
			 </trkpt>
			 <trkpt lat="40.72954" lon="-73.57789">
				 <ele>25</ele>
			 </trkpt>
			 <trkpt lat="40.73043" lon="-73.57785">
				 <ele>26</ele>
			 </trkpt>
			 <trkpt lat="40.73066" lon="-73.57784">
				 <ele>26</ele>
			 </trkpt>
			 <trkpt lat="40.73066" lon="-73.57806">
				 <ele>26</ele>
			 </trkpt>
			 <trkpt lat="40.73065" lon="-73.57824">
				 <ele>26</ele>
			 </trkpt>
			 <trkpt lat="40.73064" lon="-73.57836">
				 <ele>26</ele>
			 </trkpt>
			 <trkpt lat="40.73065" lon="-73.57848">
				 <ele>26</ele>
			 </trkpt>
			 <trkpt lat="40.73065" lon="-73.57853">
				 <ele>26</ele>
			 </trkpt>
			 <trkpt lat="40.73064" lon="-73.57857">
				 <ele>25</ele>
			 </trkpt>
			 <trkpt lat="40.73062" lon="-73.5786">
				 <ele>25</ele>
			 </trkpt>
			 <trkpt lat="40.7306" lon="-73.57863">
				 <ele>25</ele>
			 </trkpt>
			 <trkpt lat="40.73057" lon="-73.57867">
				 <ele>25</ele>
			 </trkpt>
			 <trkpt lat="40.73056" lon="-73.57871">
				 <ele>25</ele>
			 </trkpt>
			 <trkpt lat="40.73058" lon="-73.57876">
				 <ele>25</ele>
			 </trkpt>
			 <trkpt lat="40.7306" lon="-73.5788">
				 <ele>25</ele>
			 </trkpt>
			 <trkpt lat="40.73063" lon="-73.57888">
				 <ele>25</ele>
			 </trkpt>
			 <trkpt lat="40.73065" lon="-73.57894">
				 <ele>25</ele>
			 </trkpt>
			 <trkpt lat="40.73067" lon="-73.579">
				 <ele>25</ele>
			 </trkpt>
			 <trkpt lat="40.73069" lon="-73.57903">
				 <ele>25</ele>
			 </trkpt>
			 <trkpt lat="40.73071" lon="-73.57906">
				 <ele>25</ele>
			 </trkpt>
			 <trkpt lat="40.73074" lon="-73.57905">
				 <ele>25</ele>
			 </trkpt>
			 <trkpt lat="40.73101" lon="-73.57888">
				 <ele>25</ele>
			 </trkpt>
			 <trkpt lat="40.73112" lon="-73.57882">
				 <ele>26</ele>
			 </trkpt>
			 <trkpt lat="40.73116" lon="-73.57881">
				 <ele>26</ele>
			 </trkpt>
			 <trkpt lat="40.73119" lon="-73.5788">
				 <ele>26</ele>
			 </trkpt>
			 <trkpt lat="40.73123" lon="-73.5788">
				 <ele>26</ele>
			 </trkpt>
			 <trkpt lat="40.73126" lon="-73.57879">
				 <ele>26</ele>
			 </trkpt>
			 <trkpt lat="40.73131" lon="-73.5788">
				 <ele>26</ele>
			 </trkpt>
			 <trkpt lat="40.73137" lon="-73.57882">
				 <ele>25</ele>
			 </trkpt>
			 <trkpt lat="40.73137" lon="-73.57874">
				 <ele>26</ele>
			 </trkpt>
			 <trkpt lat="40.73138" lon="-73.57863">
				 <ele>26</ele>
			 </trkpt>
			 <trkpt lat="40.73139" lon="-73.57839">
				 <ele>26</ele>
			 </trkpt>
			 <trkpt lat="40.73155" lon="-73.57842">
				 <ele>26</ele>
			 </trkpt>
			 <trkpt lat="40.73166" lon="-73.57846">
				 <ele>25</ele>
			 </trkpt>
			 <trkpt lat="40.73155" lon="-73.57842">
				 <ele>26</ele>
			 </trkpt>
			 <trkpt lat="40.73139" lon="-73.57839">
				 <ele>26</ele>
			 </trkpt>
			 <trkpt lat="40.73138" lon="-73.57863">
				 <ele>26</ele>
			 </trkpt>
			 <trkpt lat="40.73137" lon="-73.57879">
				 <ele>26</ele>
			 </trkpt>
			 <trkpt lat="40.73141" lon="-73.57892">
				 <ele>25</ele>
			 </trkpt>
			 <trkpt lat="40.73145" lon="-73.57904">
				 <ele>25</ele>
			 </trkpt>
			 <trkpt lat="40.73146" lon="-73.5791">
				 <ele>25</ele>
			 </trkpt>
			 <trkpt lat="40.73149" lon="-73.5792">
				 <ele>24</ele>
			 </trkpt>
			 <trkpt lat="40.73151" lon="-73.57926">
				 <ele>24</ele>
			 </trkpt>
			 <trkpt lat="40.73152" lon="-73.57932">
				 <ele>24</ele>
			 </trkpt>
			 <trkpt lat="40.73157" lon="-73.57942">
				 <ele>24</ele>
			 </trkpt>
			 <trkpt lat="40.7316" lon="-73.57946">
				 <ele>24</ele>
			 </trkpt>
			 <trkpt lat="40.73172" lon="-73.57961">
				 <ele>23</ele>
			 </trkpt>
			 <trkpt lat="40.73183" lon="-73.57978">
				 <ele>20</ele>
			 </trkpt>
			 <trkpt lat="40.73185" lon="-73.57981">
				 <ele>19</ele>
			 </trkpt>
			 <trkpt lat="40.73191" lon="-73.57992">
				 <ele>19</ele>
			 </trkpt>
			 <trkpt lat="40.73201" lon="-73.57984">
				 <ele>19</ele>
			 </trkpt>
			 <trkpt lat="40.7321" lon="-73.57982">
				 <ele>19</ele>
			 </trkpt>
			 <trkpt lat="40.73228" lon="-73.57982">
				 <ele>19</ele>
			 </trkpt>
			 <trkpt lat="40.73266" lon="-73.57979">
				 <ele>19</ele>
			 </trkpt>
			 <trkpt lat="40.73286" lon="-73.57977">
				 <ele>19</ele>
			 </trkpt>
			 <trkpt lat="40.73306" lon="-73.57975">
				 <ele>19</ele>
			 </trkpt>
			 <trkpt lat="40.73318" lon="-73.57971">
				 <ele>19</ele>
			 </trkpt>
			 <trkpt lat="40.73321" lon="-73.5797">
				 <ele>19</ele>
			 </trkpt>
			 <trkpt lat="40.73333" lon="-73.57965">
				 <ele>19</ele>
			 </trkpt>
			 <trkpt lat="40.73338" lon="-73.57962">
				 <ele>19</ele>
			 </trkpt>
			 <trkpt lat="40.73344" lon="-73.57959">
				 <ele>19</ele>
			 </trkpt>
			 <trkpt lat="40.73352" lon="-73.57951">
				 <ele>19</ele>
			 </trkpt>
			 <trkpt lat="40.73358" lon="-73.57944">
				 <ele>19</ele>
			 </trkpt>
			 <trkpt lat="40.73363" lon="-73.57936">
				 <ele>19</ele>
			 </trkpt>
			 <trkpt lat="40.73364" lon="-73.57932">
				 <ele>19</ele>
			 </trkpt>
			 <trkpt lat="40.73366" lon="-73.57925">
				 <ele>19</ele>
			 </trkpt>
			 <trkpt lat="40.73367" lon="-73.57911">
				 <ele>19</ele>
			 </trkpt>
			 <trkpt lat="40.73362" lon="-73.579">
				 <ele>19</ele>
			 </trkpt>
			 <trkpt lat="40.73368" lon="-73.57883">
				 <ele>19</ele>
			 </trkpt>
			 <trkpt lat="40.73373" lon="-73.57877">
				 <ele>19</ele>
			 </trkpt>
			 <trkpt lat="40.73377" lon="-73.57871">
				 <ele>19</ele>
			 </trkpt>
			 <trkpt lat="40.73387" lon="-73.57864">
				 <ele>19</ele>
			 </trkpt>
			 <trkpt lat="40.734" lon="-73.57861">
				 <ele>19</ele>
			 </trkpt>
			 <trkpt lat="40.73412" lon="-73.57862">
				 <ele>20</ele>
			 </trkpt>
			 <trkpt lat="40.73423" lon="-73.5787">
				 <ele>20</ele>
			 </trkpt>
			 <trkpt lat="40.73433" lon="-73.57885">
				 <ele>20</ele>
			 </trkpt>
			 <trkpt lat="40.73437" lon="-73.579">
				 <ele>21</ele>
			 </trkpt>
			 <trkpt lat="40.73439" lon="-73.57906">
				 <ele>21</ele>
			 </trkpt>
			 <trkpt lat="40.73443" lon="-73.57936">
				 <ele>22</ele>
			 </trkpt>
			 <trkpt lat="40.73444" lon="-73.57951">
				 <ele>23</ele>
			 </trkpt>
			 <trkpt lat="40.73445" lon="-73.57959">
				 <ele>23</ele>
			 </trkpt>
			 <trkpt lat="40.73443" lon="-73.57979">
				 <ele>22</ele>
			 </trkpt>
			 <trkpt lat="40.7344" lon="-73.57994">
				 <ele>22</ele>
			 </trkpt>
			 <trkpt lat="40.73434" lon="-73.58005">
				 <ele>22</ele>
			 </trkpt>
			 <trkpt lat="40.73428" lon="-73.58009">
				 <ele>21</ele>
			 </trkpt>
			 <trkpt lat="40.73404" lon="-73.58018">
				 <ele>19</ele>
			 </trkpt>
			 <trkpt lat="40.73391" lon="-73.58026">
				 <ele>19</ele>
			 </trkpt>
			 <trkpt lat="40.73384" lon="-73.58037">
				 <ele>19</ele>
			 </trkpt>
			 <trkpt lat="40.73373" lon="-73.58058">
				 <ele>21</ele>
			 </trkpt>
			 <trkpt lat="40.73368" lon="-73.58066">
				 <ele>21</ele>
			 </trkpt>
			 <trkpt lat="40.73356" lon="-73.58081">
				 <ele>21</ele>
			 </trkpt>
			 <trkpt lat="40.73341" lon="-73.58091">
				 <ele>21</ele>
			 </trkpt>
			 <trkpt lat="40.7333" lon="-73.58096">
				 <ele>21</ele>
			 </trkpt>
			 <trkpt lat="40.73325" lon="-73.58098">
				 <ele>20</ele>
			 </trkpt>
			 <trkpt lat="40.73314" lon="-73.58097">
				 <ele>20</ele>
			 </trkpt>
			 <trkpt lat="40.73299" lon="-73.58093">
				 <ele>20</ele>
			 </trkpt>
			 <trkpt lat="40.73284" lon="-73.58084">
				 <ele>19</ele>
			 </trkpt>
			 <trkpt lat="40.7327" lon="-73.58073">
				 <ele>19</ele>
			 </trkpt>
			 <trkpt lat="40.73262" lon="-73.58069">
				 <ele>19</ele>
			 </trkpt>
			 <trkpt lat="40.73258" lon="-73.58067">
				 <ele>19</ele>
			 </trkpt>
			 <trkpt lat="40.73244" lon="-73.58062">
				 <ele>20</ele>
			 </trkpt>
			 <trkpt lat="40.7323" lon="-73.58059">
				 <ele>20</ele>
			 </trkpt>
			 <trkpt lat="40.73214" lon="-73.58059">
				 <ele>20</ele>
			 </trkpt>
			 <trkpt lat="40.73201" lon="-73.58057">
				 <ele>20</ele>
			 </trkpt>
			 <trkpt lat="40.73196" lon="-73.58055">
				 <ele>20</ele>
			 </trkpt>
			 <trkpt lat="40.73192" lon="-73.58052">
				 <ele>20</ele>
			 </trkpt>
			 <trkpt lat="40.73189" lon="-73.58049">
				 <ele>20</ele>
			 </trkpt>
			 <trkpt lat="40.73187" lon="-73.58046">
				 <ele>20</ele>
			 </trkpt>
			 <trkpt lat="40.731606" lon="-73.580321">
				 <ele>20</ele>
			 </trkpt>
			 <trkpt lat="40.731547" lon="-73.58052">
				 <ele>21</ele>
			 </trkpt>
			 <trkpt lat="40.73152" lon="-73.58051">
				 <ele>21</ele>
			 </trkpt>
			 <trkpt lat="40.73072" lon="-73.58016">
				 <ele>23</ele>
			 </trkpt>
			 <trkpt lat="40.73067" lon="-73.58013">
				 <ele>24</ele>
			 </trkpt>
			 <trkpt lat="40.73033" lon="-73.57998">
				 <ele>24</ele>
			 </trkpt>
			 <trkpt lat="40.73027" lon="-73.57996">
				 <ele>24</ele>
			 </trkpt>
			 <trkpt lat="40.73001" lon="-73.57985">
				 <ele>24</ele>
			 </trkpt>
			 <trkpt lat="40.72996" lon="-73.57983">
				 <ele>24</ele>
			 </trkpt>
			 <trkpt lat="40.729619" lon="-73.581239">
				 <ele>20</ele>
			 </trkpt>
			 <trkpt lat="40.72955" lon="-73.58121">
				 <ele>20</ele>
			 </trkpt>
			 <trkpt lat="40.72944" lon="-73.58166">
				 <ele>19</ele>
			 </trkpt>
			 <trkpt lat="40.72938" lon="-73.58191">
				 <ele>19</ele>
			 </trkpt>
			 <trkpt lat="40.72933" lon="-73.58208">
				 <ele>19</ele>
			 </trkpt>
			 <trkpt lat="40.72931" lon="-73.58217">
				 <ele>19</ele>
			 </trkpt>
			 <trkpt lat="40.72928" lon="-73.58225">
				 <ele>19</ele>
			 </trkpt>
			 <trkpt lat="40.72926" lon="-73.58231">
				 <ele>19</ele>
			 </trkpt>
			 <trkpt lat="40.72923" lon="-73.58238">
				 <ele>19</ele>
			 </trkpt>
			 <trkpt lat="40.7292" lon="-73.58246">
				 <ele>19</ele>
			 </trkpt>
			 <trkpt lat="40.72917" lon="-73.58254">
				 <ele>19</ele>
			 </trkpt>
			 <trkpt lat="40.72912" lon="-73.58264">
				 <ele>19</ele>
			 </trkpt>
			 <trkpt lat="40.72908" lon="-73.58272">
				 <ele>18</ele>
			 </trkpt>
			 <trkpt lat="40.72905" lon="-73.58278">
				 <ele>18</ele>
			 </trkpt>
			 <trkpt lat="40.72898" lon="-73.58289">
				 <ele>18</ele>
			 </trkpt>
			 <trkpt lat="40.72895" lon="-73.58293">
				 <ele>18</ele>
			 </trkpt>
			 <trkpt lat="40.72892" lon="-73.58298">
				 <ele>18</ele>
			 </trkpt>
			 <trkpt lat="40.72884" lon="-73.58308">
				 <ele>18</ele>
			 </trkpt>
			 <trkpt lat="40.72877" lon="-73.58317">
				 <ele>18</ele>
			 </trkpt>
			 <trkpt lat="40.72868" lon="-73.58326">
				 <ele>18</ele>
			 </trkpt>
			 <trkpt lat="40.72856" lon="-73.58338">
				 <ele>19</ele>
			 </trkpt>
			 <trkpt lat="40.72847" lon="-73.58347">
				 <ele>21</ele>
			 </trkpt>
			 <trkpt lat="40.72841" lon="-73.58352">
				 <ele>22</ele>
			 </trkpt>
			 <trkpt lat="40.72808" lon="-73.58381">
				 <ele>24</ele>
			 </trkpt>
			 <trkpt lat="40.72796" lon="-73.58392">
				 <ele>24</ele>
			 </trkpt>
			 <trkpt lat="40.72748" lon="-73.58435">
				 <ele>24</ele>
			 </trkpt>
			 <trkpt lat="40.72712" lon="-73.58468">
				 <ele>25</ele>
			 </trkpt>
			 <trkpt lat="40.72691" lon="-73.58488">
				 <ele>25</ele>
			 </trkpt>
			 <trkpt lat="40.72681" lon="-73.58499">
				 <ele>25</ele>
			 </trkpt>
			 <trkpt lat="40.72672" lon="-73.5851">
				 <ele>25</ele>
			 </trkpt>
			 <trkpt lat="40.72666" lon="-73.58517">
				 <ele>25</ele>
			 </trkpt>
			 <trkpt lat="40.7266" lon="-73.58525">
				 <ele>25</ele>
			 </trkpt>
			 <trkpt lat="40.72654" lon="-73.58536">
				 <ele>25</ele>
			 </trkpt>
			 <trkpt lat="40.72646" lon="-73.5855">
				 <ele>25</ele>
			 </trkpt>
			 <trkpt lat="40.72642" lon="-73.58557">
				 <ele>25</ele>
			 </trkpt>
			 <trkpt lat="40.72638" lon="-73.58564">
				 <ele>25</ele>
			 </trkpt>
			 <trkpt lat="40.72634" lon="-73.58574">
				 <ele>25</ele>
			 </trkpt>
			 <trkpt lat="40.72631" lon="-73.58581">
				 <ele>25</ele>
			 </trkpt>
			 <trkpt lat="40.72628" lon="-73.58589">
				 <ele>25</ele>
			 </trkpt>
			 <trkpt lat="40.72626" lon="-73.58596">
				 <ele>25</ele>
			 </trkpt>
			 <trkpt lat="40.72618" lon="-73.58627">
				 <ele>25</ele>
			 </trkpt>
			 <trkpt lat="40.72614" lon="-73.58648">
				 <ele>25</ele>
			 </trkpt>
			 <trkpt lat="40.72604" lon="-73.58694">
				 <ele>25</ele>
			 </trkpt>
			 <trkpt lat="40.72598" lon="-73.5872">
				 <ele>25</ele>
			 </trkpt>
			 <trkpt lat="40.72591" lon="-73.58752">
				 <ele>25</ele>
			 </trkpt>
			 <trkpt lat="40.72583" lon="-73.58789">
				 <ele>25</ele>
			 </trkpt>
			 <trkpt lat="40.72556" lon="-73.58907">
				 <ele>25</ele>
			 </trkpt>
			 <trkpt lat="40.72546" lon="-73.5895">
				 <ele>25</ele>
			 </trkpt>
			 <trkpt lat="40.72533" lon="-73.59009">
				 <ele>25</ele>
			 </trkpt>
			 <trkpt lat="40.72509" lon="-73.59116">
				 <ele>25</ele>
			 </trkpt>
			 <trkpt lat="40.72501" lon="-73.59145">
				 <ele>25</ele>
			 </trkpt>
			 <trkpt lat="40.72495" lon="-73.59164">
				 <ele>25</ele>
			 </trkpt>
			 <trkpt lat="40.72491" lon="-73.59174">
				 <ele>25</ele>
			 </trkpt>
			 <trkpt lat="40.72488" lon="-73.59182">
				 <ele>25</ele>
			 </trkpt>
			 <trkpt lat="40.72485" lon="-73.59191">
				 <ele>25</ele>
			 </trkpt>
			 <trkpt lat="40.72483" lon="-73.59196">
				 <ele>25</ele>
			 </trkpt>
			 <trkpt lat="40.72481" lon="-73.592">
				 <ele>25</ele>
			 </trkpt>
			 <trkpt lat="40.72479" lon="-73.59205">
				 <ele>25</ele>
			 </trkpt>
			 <trkpt lat="40.72473" lon="-73.59216">
				 <ele>25</ele>
			 </trkpt>
			 <trkpt lat="40.7247" lon="-73.59221">
				 <ele>25</ele>
			 </trkpt>
			 <trkpt lat="40.72467" lon="-73.59226">
				 <ele>25</ele>
			 </trkpt>
			 <trkpt lat="40.72464" lon="-73.59231">
				 <ele>25</ele>
			 </trkpt>
			 <trkpt lat="40.72461" lon="-73.59236">
				 <ele>25</ele>
			 </trkpt>
			 <trkpt lat="40.72455" lon="-73.59245">
				 <ele>25</ele>
			 </trkpt>
			 <trkpt lat="40.72447" lon="-73.59256">
				 <ele>25</ele>
			 </trkpt>
			 <trkpt lat="40.72436" lon="-73.59269">
				 <ele>25</ele>
			 </trkpt>
			 <trkpt lat="40.72421" lon="-73.59285">
				 <ele>25</ele>
			 </trkpt>
			 <trkpt lat="40.72412" lon="-73.59295">
				 <ele>25</ele>
			 </trkpt>
			 <trkpt lat="40.72389" lon="-73.59316">
				 <ele>25</ele>
			 </trkpt>
			 <trkpt lat="40.72365" lon="-73.59325">
				 <ele>25</ele>
			 </trkpt>
			 <trkpt lat="40.72349" lon="-73.59332">
				 <ele>24</ele>
			 </trkpt>
			 <trkpt lat="40.72321" lon="-73.59341">
				 <ele>24</ele>
			 </trkpt>
			 <trkpt lat="40.72306" lon="-73.59345">
				 <ele>24</ele>
			 </trkpt>
			 <trkpt lat="40.723" lon="-73.59346">
				 <ele>24</ele>
			 </trkpt>
			 <trkpt lat="40.72301" lon="-73.59356">
				 <ele>24</ele>
			 </trkpt>
			 <trkpt lat="40.723" lon="-73.59364">
				 <ele>24</ele>
			 </trkpt>
			 <trkpt lat="40.72298" lon="-73.59373">
				 <ele>24</ele>
			 </trkpt>
			 <trkpt lat="40.72291" lon="-73.59417">
				 <ele>24</ele>
			 </trkpt>
			 <trkpt lat="40.7229" lon="-73.59423">
				 <ele>24</ele>
			 </trkpt>
			 <trkpt lat="40.72288" lon="-73.59443">
				 <ele>24</ele>
			 </trkpt>
			 <trkpt lat="40.72288" lon="-73.5945">
				 <ele>25</ele>
			 </trkpt>
			 <trkpt lat="40.72287" lon="-73.59479">
				 <ele>25</ele>
			 </trkpt>
			 <trkpt lat="40.72294" lon="-73.5948">
				 <ele>25</ele>
			 </trkpt>
			 <trkpt lat="40.72293" lon="-73.59493">
				 <ele>25</ele>
			 </trkpt>
			 <trkpt lat="40.72292" lon="-73.59512">
				 <ele>25</ele>
			 </trkpt>
			 <trkpt lat="40.72291" lon="-73.59525">
				 <ele>25</ele>
			 </trkpt>
			 <trkpt lat="40.72287" lon="-73.59549">
				 <ele>25</ele>
			 </trkpt>
			 <trkpt lat="40.72285" lon="-73.59562">
				 <ele>25</ele>
			 </trkpt>
			 <trkpt lat="40.72277" lon="-73.59594">
				 <ele>25</ele>
			 </trkpt>
			 <trkpt lat="40.72274" lon="-73.5961">
				 <ele>25</ele>
			 </trkpt>
			 <trkpt lat="40.72259" lon="-73.59675">
				 <ele>25</ele>
			 </trkpt>
			 <trkpt lat="40.72246" lon="-73.59733">
				 <ele>25</ele>
			 </trkpt>
			 <trkpt lat="40.72243" lon="-73.59749">
				 <ele>25</ele>
			 </trkpt>
			 <trkpt lat="40.72235" lon="-73.59788">
				 <ele>25</ele>
			 </trkpt>
			 <trkpt lat="40.72222" lon="-73.59847">
				 <ele>25</ele>
			 </trkpt>
			 <trkpt lat="40.72206" lon="-73.59919">
				 <ele>24</ele>
			 </trkpt>
			 <trkpt lat="40.72204" lon="-73.59925">
				 <ele>24</ele>
			 </trkpt>
			 <trkpt lat="40.72191" lon="-73.59981">
				 <ele>24</ele>
			 </trkpt>
			 <trkpt lat="40.72173" lon="-73.60059">
				 <ele>24</ele>
			 </trkpt>
			 <trkpt lat="40.72171" lon="-73.60066">
				 <ele>24</ele>
			 </trkpt>
			 <trkpt lat="40.72169" lon="-73.60076">
				 <ele>24</ele>
			 </trkpt>
			 <trkpt lat="40.72168" lon="-73.60084">
				 <ele>24</ele>
			 </trkpt>
			 <trkpt lat="40.72167" lon="-73.60092">
				 <ele>24</ele>
			 </trkpt>
			 <trkpt lat="40.72166" lon="-73.60101">
				 <ele>24</ele>
			 </trkpt>
			 <trkpt lat="40.72166" lon="-73.6011">
				 <ele>24</ele>
			 </trkpt>
			 <trkpt lat="40.72165" lon="-73.60122">
				 <ele>24</ele>
			 </trkpt>
			 <trkpt lat="40.72166" lon="-73.60135">
				 <ele>24</ele>
			 </trkpt>
			 <trkpt lat="40.72166" lon="-73.60146">
				 <ele>24</ele>
			 </trkpt>
			 <trkpt lat="40.72167" lon="-73.6016">
				 <ele>24</ele>
			 </trkpt>
			 <trkpt lat="40.72169" lon="-73.60171">
				 <ele>24</ele>
			 </trkpt>
			 <trkpt lat="40.7217" lon="-73.6018">
				 <ele>24</ele>
			 </trkpt>
			 <trkpt lat="40.72172" lon="-73.60189">
				 <ele>24</ele>
			 </trkpt>
			 <trkpt lat="40.72175" lon="-73.60201">
				 <ele>24</ele>
			 </trkpt>
			 <trkpt lat="40.72178" lon="-73.6021">
				 <ele>24</ele>
			 </trkpt>
			 <trkpt lat="40.72181" lon="-73.60218">
				 <ele>24</ele>
			 </trkpt>
			 <trkpt lat="40.72184" lon="-73.60228">
				 <ele>24</ele>
			 </trkpt>
			 <trkpt lat="40.7219" lon="-73.60241">
				 <ele>24</ele>
			 </trkpt>
			 <trkpt lat="40.72195" lon="-73.60251">
				 <ele>24</ele>
			 </trkpt>
			 <trkpt lat="40.72202" lon="-73.60263">
				 <ele>24</ele>
			 </trkpt>
			 <trkpt lat="40.72214" lon="-73.60282">
				 <ele>25</ele>
			 </trkpt>
			 <trkpt lat="40.72227" lon="-73.60296">
				 <ele>25</ele>
			 </trkpt>
			 <trkpt lat="40.72238" lon="-73.60307">
				 <ele>25</ele>
			 </trkpt>
			 <trkpt lat="40.7225" lon="-73.60316">
				 <ele>25</ele>
			 </trkpt>
			 <trkpt lat="40.72257" lon="-73.60322">
				 <ele>25</ele>
			 </trkpt>
			 <trkpt lat="40.72278" lon="-73.60333">
				 <ele>25</ele>
			 </trkpt>
			 <trkpt lat="40.72302" lon="-73.60343">
				 <ele>25</ele>
			 </trkpt>
			 <trkpt lat="40.72308" lon="-73.60345">
				 <ele>25</ele>
			 </trkpt>
			 <trkpt lat="40.72325" lon="-73.60352">
				 <ele>25</ele>
			 </trkpt>
			 <trkpt lat="40.72336" lon="-73.60357">
				 <ele>25</ele>
			 </trkpt>
			 <trkpt lat="40.72352" lon="-73.60363">
				 <ele>25</ele>
			 </trkpt>
			 <trkpt lat="40.72406" lon="-73.60384">
				 <ele>25</ele>
			 </trkpt>
			 <trkpt lat="40.72456" lon="-73.60404">
				 <ele>25</ele>
			 </trkpt>
			 <trkpt lat="40.72475" lon="-73.60412">
				 <ele>25</ele>
			 </trkpt>
			 <trkpt lat="40.72494" lon="-73.6042">
				 <ele>25</ele>
			 </trkpt>
			 <trkpt lat="40.7251" lon="-73.60426">
				 <ele>25</ele>
			 </trkpt>
			 <trkpt lat="40.72527" lon="-73.60433">
				 <ele>25</ele>
			 </trkpt>
			 <trkpt lat="40.72545" lon="-73.60441">
				 <ele>25</ele>
			 </trkpt>
			 <trkpt lat="40.72554" lon="-73.60444">
				 <ele>25</ele>
			 </trkpt>
			 <trkpt lat="40.7261" lon="-73.60467">
				 <ele>25</ele>
			 </trkpt>
			 <trkpt lat="40.72615" lon="-73.60465">
				 <ele>25</ele>
			 </trkpt>
			 <trkpt lat="40.72626" lon="-73.60467">
				 <ele>25</ele>
			 </trkpt>
			 <trkpt lat="40.72635" lon="-73.6047">
				 <ele>25</ele>
			 </trkpt>
			 <trkpt lat="40.7264" lon="-73.6047">
				 <ele>25</ele>
			 </trkpt>
			 <trkpt lat="40.72646" lon="-73.60471">
				 <ele>25</ele>
			 </trkpt>
			 <trkpt lat="40.72651" lon="-73.60471">
				 <ele>25</ele>
			 </trkpt>
			 <trkpt lat="40.72657" lon="-73.60471">
				 <ele>25</ele>
			 </trkpt>
			 <trkpt lat="40.72663" lon="-73.60471">
				 <ele>25</ele>
			 </trkpt>
			 <trkpt lat="40.72669" lon="-73.6047">
				 <ele>25</ele>
			 </trkpt>
			 <trkpt lat="40.72676" lon="-73.60468">
				 <ele>25</ele>
			 </trkpt>
			 <trkpt lat="40.7268" lon="-73.60465">
				 <ele>25</ele>
			 </trkpt>
			 <trkpt lat="40.72687" lon="-73.60462">
				 <ele>25</ele>
			 </trkpt>
			 <trkpt lat="40.7269" lon="-73.60459">
				 <ele>25</ele>
			 </trkpt>
			 <trkpt lat="40.72697" lon="-73.60455">
				 <ele>25</ele>
			 </trkpt>
			 <trkpt lat="40.72705" lon="-73.60447">
				 <ele>26</ele>
			 </trkpt>
			 <trkpt lat="40.72709" lon="-73.60442">
				 <ele>26</ele>
			 </trkpt>
			 <trkpt lat="40.72713" lon="-73.60437">
				 <ele>26</ele>
			 </trkpt>
			 <trkpt lat="40.72717" lon="-73.60431">
				 <ele>26</ele>
			 </trkpt>
			 <trkpt lat="40.72719" lon="-73.60428">
				 <ele>26</ele>
			 </trkpt>
			 <trkpt lat="40.72722" lon="-73.60423">
				 <ele>26</ele>
			 </trkpt>
			 <trkpt lat="40.72726" lon="-73.60415">
				 <ele>26</ele>
			 </trkpt>
			 <trkpt lat="40.72731" lon="-73.60405">
				 <ele>26</ele>
			 </trkpt>
			 <trkpt lat="40.72732" lon="-73.604">
				 <ele>26</ele>
			 </trkpt>
			 <trkpt lat="40.72734" lon="-73.60393">
				 <ele>26</ele>
			 </trkpt>
			 <trkpt lat="40.72738" lon="-73.6038">
				 <ele>26</ele>
			 </trkpt>
			 <trkpt lat="40.72745" lon="-73.60354">
				 <ele>26</ele>
			 </trkpt>
			 <trkpt lat="40.72746" lon="-73.60335">
				 <ele>26</ele>
			 </trkpt>
			 <trkpt lat="40.72744" lon="-73.60276">
				 <ele>26</ele>
			 </trkpt>
			 <trkpt lat="40.72744" lon="-73.60267">
				 <ele>26</ele>
			 </trkpt>
			 <trkpt lat="40.72743" lon="-73.60248">
				 <ele>26</ele>
			 </trkpt>
			 <trkpt lat="40.72742" lon="-73.60229">
				 <ele>26</ele>
			 </trkpt>
			 <trkpt lat="40.72711" lon="-73.60218">
				 <ele>26</ele>
			 </trkpt>
			 <trkpt lat="40.72709" lon="-73.60227">
				 <ele>26</ele>
			 </trkpt>
			 <trkpt lat="40.72707" lon="-73.60234">
				 <ele>26</ele>
			 </trkpt>
			 <trkpt lat="40.72706" lon="-73.60238">
				 <ele>26</ele>
			 </trkpt>
			 <trkpt lat="40.72684" lon="-73.6023">
				 <ele>26</ele>
			 </trkpt>
			 <trkpt lat="40.72662" lon="-73.60222">
				 <ele>26</ele>
			 </trkpt>
			 <trkpt lat="40.72601" lon="-73.60197">
				 <ele>25</ele>
			 </trkpt>
			 <trkpt lat="40.72532" lon="-73.6017">
				 <ele>25</ele>
			 </trkpt>
			 <trkpt lat="40.72517" lon="-73.60164">
				 <ele>25</ele>
			 </trkpt>
			 <trkpt lat="40.72475" lon="-73.60148">
				 <ele>25</ele>
			 </trkpt>
			 <trkpt lat="40.723633" lon="-73.601019">
				 <ele>25</ele>
			 </trkpt>
			 <trkpt lat="40.722517" lon="-73.600559">
				 <ele>25</ele>
			 </trkpt>
			 <trkpt lat="40.722257" lon="-73.600414">
				 <ele>25</ele>
			 </trkpt>
			 <trkpt lat="40.722201" lon="-73.60021">
				 <ele>25</ele>
			 </trkpt>
			 <trkpt lat="40.722509" lon="-73.598877">
				 <ele>25</ele>
			 </trkpt>
			 <trkpt lat="40.722818" lon="-73.597544">
				 <ele>25</ele>
			 </trkpt>
			 <trkpt lat="40.722785" lon="-73.597395">
				 <ele>25</ele>
			 </trkpt>
			 <trkpt lat="40.722707" lon="-73.597251">
				 <ele>25</ele>
			 </trkpt>
			 <trkpt lat="40.723149" lon="-73.595174">
				 <ele>25</ele>
			 </trkpt>
			 <trkpt lat="40.723871" lon="-73.594595">
				 <ele>25</ele>
			 </trkpt>
			 <trkpt lat="40.724488" lon="-73.594848">
				 <ele>25</ele>
			 </trkpt>
			 <trkpt lat="40.724266" lon="-73.596225">
				 <ele>25</ele>
			 </trkpt>
			 <trkpt lat="40.724289" lon="-73.596489">
				 <ele>25</ele>
			 </trkpt>
			 <trkpt lat="40.725166" lon="-73.596907">
				 <ele>25</ele>
			 </trkpt>
			 <trkpt lat="40.725558" lon="-73.59707">
				 <ele>26</ele>
			 </trkpt>
			 <trkpt lat="40.72559" lon="-73.597162">
				 <ele>26</ele>
			 </trkpt>
			 <trkpt lat="40.725338" lon="-73.59826">
				 <ele>26</ele>
			 </trkpt>
			 <trkpt lat="40.725273" lon="-73.59831">
				 <ele>26</ele>
			 </trkpt>
			 <trkpt lat="40.72475" lon="-73.598104">
				 <ele>25</ele>
			 </trkpt>
			 <trkpt lat="40.724649" lon="-73.597996">
				 <ele>25</ele>
			 </trkpt>
			 <trkpt lat="40.724588" lon="-73.59771">
				 <ele>25</ele>
			 </trkpt>
			 <trkpt lat="40.724685" lon="-73.597355">
				 <ele>25</ele>
			 </trkpt>
			 <trkpt lat="40.724661" lon="-73.597253">
				 <ele>25</ele>
			 </trkpt>
			 <trkpt lat="40.724608" lon="-73.597043">
				 <ele>25</ele>
			 </trkpt>
			 <trkpt lat="40.724312" lon="-73.596876">
				 <ele>25</ele>
			 </trkpt>
			 <trkpt lat="40.723735" lon="-73.59667">
				 <ele>25</ele>
			 </trkpt>
			 <trkpt lat="40.723547" lon="-73.596709">
				 <ele>25</ele>
			 </trkpt>
			 <trkpt lat="40.723382" lon="-73.596859">
				 <ele>25</ele>
			 </trkpt>
			 <trkpt lat="40.72333" lon="-73.597176">
				 <ele>25</ele>
			 </trkpt>
			 <trkpt lat="40.7234" lon="-73.597393">
				 <ele>25</ele>
			 </trkpt>
			 <trkpt lat="40.723592" lon="-73.597599">
				 <ele>25</ele>
			 </trkpt>
			 <trkpt lat="40.724507" lon="-73.597996">
				 <ele>25</ele>
			 </trkpt>
			 <trkpt lat="40.724563" lon="-73.598084">
				 <ele>25</ele>
			 </trkpt>
			 <trkpt lat="40.724522" lon="-73.598262">
				 <ele>25</ele>
			 </trkpt>
			 <trkpt lat="40.724396" lon="-73.598308">
				 <ele>25</ele>
			 </trkpt>
			 <trkpt lat="40.7239" lon="-73.598088">
				 <ele>25</ele>
			 </trkpt>
			 <trkpt lat="40.723834" lon="-73.598135">
				 <ele>25</ele>
			 </trkpt>
			 <trkpt lat="40.723647" lon="-73.598915">
				 <ele>25</ele>
			 </trkpt>
			 <trkpt lat="40.723784" lon="-73.599404">
				 <ele>25</ele>
			 </trkpt>
			 <trkpt lat="40.723971" lon="-73.599632">
				 <ele>25</ele>
			 </trkpt>
			 <trkpt lat="40.724537" lon="-73.59986">
				 <ele>25</ele>
			 </trkpt>
			 <trkpt lat="40.724609" lon="-73.599805">
				 <ele>25</ele>
			 </trkpt>
			 <trkpt lat="40.724853" lon="-73.598863">
				 <ele>25</ele>
			 </trkpt>
			 <trkpt lat="40.724933" lon="-73.598762">
				 <ele>25</ele>
			 </trkpt>
			 <trkpt lat="40.725836" lon="-73.598234">
				 <ele>26</ele>
			 </trkpt>
			 <trkpt lat="40.725954" lon="-73.598227">
				 <ele>26</ele>
			 </trkpt>
			 <trkpt lat="40.727138" lon="-73.598571">
				 <ele>27</ele>
			 </trkpt>
			 <trkpt lat="40.727194" lon="-73.59852">
				 <ele>27</ele>
			 </trkpt>
			 <trkpt lat="40.727206" lon="-73.598056">
				 <ele>26</ele>
			 </trkpt>
			 <trkpt lat="40.727207" lon="-73.597618">
				 <ele>26</ele>
			 </trkpt>
			 <trkpt lat="40.7272" lon="-73.59749">
				 <ele>26</ele>
			 </trkpt>
			 <trkpt lat="40.72719" lon="-73.59733">
				 <ele>26</ele>
			 </trkpt>
			 <trkpt lat="40.72719" lon="-73.59725">
				 <ele>26</ele>
			 </trkpt>
			 <trkpt lat="40.72716" lon="-73.59703">
				 <ele>26</ele>
			 </trkpt>
			 <trkpt lat="40.72714" lon="-73.59691">
				 <ele>26</ele>
			 </trkpt>
			 <trkpt lat="40.72712" lon="-73.59677">
				 <ele>26</ele>
			 </trkpt>
			 <trkpt lat="40.72709" lon="-73.59665">
				 <ele>26</ele>
			 </trkpt>
			 <trkpt lat="40.72706" lon="-73.59651">
				 <ele>26</ele>
			 </trkpt>
			 <trkpt lat="40.72703" lon="-73.59643">
				 <ele>26</ele>
			 </trkpt>
			 <trkpt lat="40.72701" lon="-73.59636">
				 <ele>26</ele>
			 </trkpt>
			 <trkpt lat="40.72671" lon="-73.59554">
				 <ele>26</ele>
			 </trkpt>
			 <trkpt lat="40.72662" lon="-73.59529">
				 <ele>26</ele>
			 </trkpt>
			 <trkpt lat="40.72656" lon="-73.59514">
				 <ele>26</ele>
			 </trkpt>
			 <trkpt lat="40.72653" lon="-73.59503">
				 <ele>26</ele>
			 </trkpt>
			 <trkpt lat="40.7265" lon="-73.59495">
				 <ele>26</ele>
			 </trkpt>
			 <trkpt lat="40.72643" lon="-73.59472">
				 <ele>26</ele>
			 </trkpt>
			 <trkpt lat="40.72634" lon="-73.59446">
				 <ele>26</ele>
			 </trkpt>
			 <trkpt lat="40.72616" lon="-73.59391">
				 <ele>25</ele>
			 </trkpt>
			 <trkpt lat="40.72606" lon="-73.59363">
				 <ele>25</ele>
			 </trkpt>
			 <trkpt lat="40.726" lon="-73.59341">
				 <ele>25</ele>
			 </trkpt>
			 <trkpt lat="40.72592" lon="-73.59315">
				 <ele>25</ele>
			 </trkpt>
			 <trkpt lat="40.72578" lon="-73.59264">
				 <ele>25</ele>
			 </trkpt>
			 <trkpt lat="40.72585" lon="-73.5926">
				 <ele>25</ele>
			 </trkpt>
			 <trkpt lat="40.72583" lon="-73.59256">
				 <ele>25</ele>
			 </trkpt>
			 <trkpt lat="40.7258" lon="-73.59245">
				 <ele>25</ele>
			 </trkpt>
			 <trkpt lat="40.72577" lon="-73.59236">
				 <ele>25</ele>
			 </trkpt>
			 <trkpt lat="40.7257" lon="-73.59206">
				 <ele>25</ele>
			 </trkpt>
			 <trkpt lat="40.72566" lon="-73.59188">
				 <ele>25</ele>
			 </trkpt>
			 <trkpt lat="40.72562" lon="-73.59169">
				 <ele>25</ele>
			 </trkpt>
			 <trkpt lat="40.72559" lon="-73.59148">
				 <ele>25</ele>
			 </trkpt>
			 <trkpt lat="40.72557" lon="-73.59132">
				 <ele>25</ele>
			 </trkpt>
			 <trkpt lat="40.72556" lon="-73.59119">
				 <ele>25</ele>
			 </trkpt>
			 <trkpt lat="40.72555" lon="-73.59103">
				 <ele>25</ele>
			 </trkpt>
			 <trkpt lat="40.72555" lon="-73.59086">
				 <ele>25</ele>
			 </trkpt>
			 <trkpt lat="40.72556" lon="-73.59062">
				 <ele>25</ele>
			 </trkpt>
			 <trkpt lat="40.72558" lon="-73.59041">
				 <ele>25</ele>
			 </trkpt>
			 <trkpt lat="40.7256" lon="-73.59023">
				 <ele>25</ele>
			 </trkpt>
			 <trkpt lat="40.72564" lon="-73.59004">
				 <ele>25</ele>
			 </trkpt>
			 <trkpt lat="40.72569" lon="-73.58982">
				 <ele>25</ele>
			 </trkpt>
			 <trkpt lat="40.72573" lon="-73.58964">
				 <ele>25</ele>
			 </trkpt>
			 <trkpt lat="40.72598" lon="-73.58846">
				 <ele>25</ele>
			 </trkpt>
			 <trkpt lat="40.72614" lon="-73.58775">
				 <ele>25</ele>
			 </trkpt>
			 <trkpt lat="40.72615" lon="-73.58769">
				 <ele>25</ele>
			 </trkpt>
			 <trkpt lat="40.7262" lon="-73.58765">
				 <ele>25</ele>
			 </trkpt>
			 <trkpt lat="40.7263" lon="-73.58754">
				 <ele>25</ele>
			 </trkpt>
			 <trkpt lat="40.72634" lon="-73.5875">
				 <ele>25</ele>
			 </trkpt>
			 <trkpt lat="40.72639" lon="-73.58747">
				 <ele>25</ele>
			 </trkpt>
			 <trkpt lat="40.72644" lon="-73.58746">
				 <ele>25</ele>
			 </trkpt>
			 <trkpt lat="40.72648" lon="-73.58745">
				 <ele>25</ele>
			 </trkpt>
			 <trkpt lat="40.72657" lon="-73.58744">
				 <ele>25</ele>
			 </trkpt>
			 <trkpt lat="40.72667" lon="-73.58744">
				 <ele>25</ele>
			 </trkpt>
			 <trkpt lat="40.72687" lon="-73.58754">
				 <ele>25</ele>
			 </trkpt>
			 <trkpt lat="40.72698" lon="-73.58762">
				 <ele>25</ele>
			 </trkpt>
			 <trkpt lat="40.72716" lon="-73.58772">
				 <ele>25</ele>
			 </trkpt>
			 <trkpt lat="40.72723" lon="-73.58777">
				 <ele>25</ele>
			 </trkpt>
			 <trkpt lat="40.72729" lon="-73.58784">
				 <ele>25</ele>
			 </trkpt>
			 <trkpt lat="40.72733" lon="-73.58791">
				 <ele>26</ele>
			 </trkpt>
			 <trkpt lat="40.72737" lon="-73.58797">
				 <ele>25</ele>
			 </trkpt>
			 <trkpt lat="40.72753" lon="-73.58827">
				 <ele>26</ele>
			 </trkpt>
			 <trkpt lat="40.72769" lon="-73.58855">
				 <ele>26</ele>
			 </trkpt>
			 <trkpt lat="40.72771" lon="-73.58859">
				 <ele>26</ele>
			 </trkpt>
			 <trkpt lat="40.72779" lon="-73.58873">
				 <ele>26</ele>
			 </trkpt>
			 <trkpt lat="40.72789" lon="-73.58888">
				 <ele>26</ele>
			 </trkpt>
			 <trkpt lat="40.72802" lon="-73.58908">
				 <ele>26</ele>
			 </trkpt>
			 <trkpt lat="40.7281" lon="-73.58918">
				 <ele>26</ele>
			 </trkpt>
			 <trkpt lat="40.72823" lon="-73.58943">
				 <ele>26</ele>
			 </trkpt>
			 <trkpt lat="40.72828" lon="-73.58952">
				 <ele>26</ele>
			 </trkpt>
			 <trkpt lat="40.72831" lon="-73.58957">
				 <ele>26</ele>
			 </trkpt>
			 <trkpt lat="40.72834" lon="-73.58966">
				 <ele>26</ele>
			 </trkpt>
			 <trkpt lat="40.72836" lon="-73.58973">
				 <ele>26</ele>
			 </trkpt>
			 <trkpt lat="40.72837" lon="-73.5898">
				 <ele>26</ele>
			 </trkpt>
			 <trkpt lat="40.72836" lon="-73.58984">
				 <ele>26</ele>
			 </trkpt>
			 <trkpt lat="40.72836" lon="-73.58994">
				 <ele>26</ele>
			 </trkpt>
			 <trkpt lat="40.72836" lon="-73.58999">
				 <ele>26</ele>
			 </trkpt>
			 <trkpt lat="40.72837" lon="-73.59004">
				 <ele>26</ele>
			 </trkpt>
			 <trkpt lat="40.72839" lon="-73.59007">
				 <ele>26</ele>
			 </trkpt>
			 <trkpt lat="40.72842" lon="-73.5901">
				 <ele>26</ele>
			 </trkpt>
			 <trkpt lat="40.72844" lon="-73.59013">
				 <ele>26</ele>
			 </trkpt>
			 <trkpt lat="40.72849" lon="-73.59012">
				 <ele>26</ele>
			 </trkpt>
			 <trkpt lat="40.72854" lon="-73.59008">
				 <ele>26</ele>
			 </trkpt>
			 <trkpt lat="40.72855" lon="-73.59003">
				 <ele>26</ele>
			 </trkpt>
			 <trkpt lat="40.72856" lon="-73.58987">
				 <ele>26</ele>
			 </trkpt>
			 <trkpt lat="40.72854" lon="-73.58983">
				 <ele>26</ele>
			 </trkpt>
			 <trkpt lat="40.7285" lon="-73.58981">
				 <ele>26</ele>
			 </trkpt>
			 <trkpt lat="40.72847" lon="-73.58979">
				 <ele>26</ele>
			 </trkpt>
			 <trkpt lat="40.72844" lon="-73.58978">
				 <ele>26</ele>
			 </trkpt>
			 <trkpt lat="40.72841" lon="-73.58968">
				 <ele>26</ele>
			 </trkpt>
			 <trkpt lat="40.72838" lon="-73.58959">
				 <ele>26</ele>
			 </trkpt>
			 <trkpt lat="40.72834" lon="-73.5895">
				 <ele>26</ele>
			 </trkpt>
			 <trkpt lat="40.72829" lon="-73.5894">
				 <ele>26</ele>
			 </trkpt>
			 <trkpt lat="40.72824" lon="-73.58933">
				 <ele>26</ele>
			 </trkpt>
			 <trkpt lat="40.7281" lon="-73.58918">
				 <ele>26</ele>
			 </trkpt>
			 <trkpt lat="40.72802" lon="-73.58908">
				 <ele>26</ele>
			 </trkpt>
			 <trkpt lat="40.72789" lon="-73.58888">
				 <ele>26</ele>
			 </trkpt>
			 <trkpt lat="40.72779" lon="-73.58873">
				 <ele>26</ele>
			 </trkpt>
			 <trkpt lat="40.72771" lon="-73.58859">
				 <ele>26</ele>
			 </trkpt>
			 <trkpt lat="40.72769" lon="-73.58855">
				 <ele>26</ele>
			 </trkpt>
			 <trkpt lat="40.72765" lon="-73.58849">
				 <ele>26</ele>
			 </trkpt>
			 <trkpt lat="40.72753" lon="-73.58827">
				 <ele>26</ele>
			 </trkpt>
			 <trkpt lat="40.72738" lon="-73.58799">
				 <ele>26</ele>
			 </trkpt>
			 <trkpt lat="40.72733" lon="-73.58791">
				 <ele>26</ele>
			 </trkpt>
			 <trkpt lat="40.72729" lon="-73.58784">
				 <ele>25</ele>
			 </trkpt>
			 <trkpt lat="40.72723" lon="-73.58777">
				 <ele>25</ele>
			 </trkpt>
			 <trkpt lat="40.72716" lon="-73.58772">
				 <ele>25</ele>
			 </trkpt>
			 <trkpt lat="40.72698" lon="-73.58762">
				 <ele>25</ele>
			 </trkpt>
			 <trkpt lat="40.72687" lon="-73.58754">
				 <ele>25</ele>
			 </trkpt>
			 <trkpt lat="40.72753" lon="-73.58678">
				 <ele>25</ele>
			 </trkpt>
			 <trkpt lat="40.72767" lon="-73.58662">
				 <ele>25</ele>
			 </trkpt>
			 <trkpt lat="40.7277" lon="-73.58659">
				 <ele>25</ele>
			 </trkpt>
			 <trkpt lat="40.72774" lon="-73.58654">
				 <ele>25</ele>
			 </trkpt>
			 <trkpt lat="40.72777" lon="-73.58649">
				 <ele>25</ele>
			 </trkpt>
			 <trkpt lat="40.7278" lon="-73.58644">
				 <ele>25</ele>
			 </trkpt>
			 <trkpt lat="40.72782" lon="-73.58641">
				 <ele>25</ele>
			 </trkpt>
			 <trkpt lat="40.72784" lon="-73.58635">
				 <ele>25</ele>
			 </trkpt>
			 <trkpt lat="40.72786" lon="-73.58632">
				 <ele>25</ele>
			 </trkpt>
			 <trkpt lat="40.72787" lon="-73.58628">
				 <ele>25</ele>
			 </trkpt>
			 <trkpt lat="40.72789" lon="-73.58622">
				 <ele>25</ele>
			 </trkpt>
			 <trkpt lat="40.72791" lon="-73.58616">
				 <ele>25</ele>
			 </trkpt>
			 <trkpt lat="40.72793" lon="-73.58609">
				 <ele>25</ele>
			 </trkpt>
			 <trkpt lat="40.72795" lon="-73.58602">
				 <ele>25</ele>
			 </trkpt>
			 <trkpt lat="40.72801" lon="-73.58576">
				 <ele>25</ele>
			 </trkpt>
			 <trkpt lat="40.72805" lon="-73.58556">
				 <ele>25</ele>
			 </trkpt>
			 <trkpt lat="40.72811" lon="-73.58532">
				 <ele>25</ele>
			 </trkpt>
			 <trkpt lat="40.72812" lon="-73.58524">
				 <ele>25</ele>
			 </trkpt>
			 <trkpt lat="40.72814" lon="-73.58517">
				 <ele>25</ele>
			 </trkpt>
			 <trkpt lat="40.72817" lon="-73.58506">
				 <ele>25</ele>
			 </trkpt>
			 <trkpt lat="40.72819" lon="-73.58498">
				 <ele>25</ele>
			 </trkpt>
			 <trkpt lat="40.7282" lon="-73.58494">
				 <ele>25</ele>
			 </trkpt>
			 <trkpt lat="40.72822" lon="-73.58491">
				 <ele>25</ele>
			 </trkpt>
			 <trkpt lat="40.72826" lon="-73.58481">
				 <ele>25</ele>
			 </trkpt>
			 <trkpt lat="40.72829" lon="-73.58474">
				 <ele>25</ele>
			 </trkpt>
			 <trkpt lat="40.72832" lon="-73.58469">
				 <ele>25</ele>
			 </trkpt>
			 <trkpt lat="40.72834" lon="-73.58465">
				 <ele>25</ele>
			 </trkpt>
			 <trkpt lat="40.72836" lon="-73.58462">
				 <ele>25</ele>
			 </trkpt>
			 <trkpt lat="40.72839" lon="-73.58458">
				 <ele>25</ele>
			 </trkpt>
			 <trkpt lat="40.72843" lon="-73.58452">
				 <ele>25</ele>
			 </trkpt>
			 <trkpt lat="40.72848" lon="-73.58444">
				 <ele>25</ele>
			 </trkpt>
			 <trkpt lat="40.72853" lon="-73.58439">
				 <ele>25</ele>
			 </trkpt>
			 <trkpt lat="40.72856" lon="-73.58436">
				 <ele>25</ele>
			 </trkpt>
			 <trkpt lat="40.7286" lon="-73.58431">
				 <ele>25</ele>
			 </trkpt>
			 <trkpt lat="40.72868" lon="-73.58424">
				 <ele>24</ele>
			 </trkpt>
			 <trkpt lat="40.72877" lon="-73.58415">
				 <ele>24</ele>
			 </trkpt>
			 <trkpt lat="40.72887" lon="-73.58406">
				 <ele>24</ele>
			 </trkpt>
			 <trkpt lat="40.72893" lon="-73.58401">
				 <ele>24</ele>
			 </trkpt>
			 <trkpt lat="40.72897" lon="-73.58397">
				 <ele>24</ele>
			 </trkpt>
			 <trkpt lat="40.72901" lon="-73.58395">
				 <ele>23</ele>
			 </trkpt>
			 <trkpt lat="40.72904" lon="-73.58393">
				 <ele>23</ele>
			 </trkpt>
			 <trkpt lat="40.72909" lon="-73.5839">
				 <ele>23</ele>
			 </trkpt>
			 <trkpt lat="40.72916" lon="-73.58386">
				 <ele>23</ele>
			 </trkpt>
			 <trkpt lat="40.72921" lon="-73.58383">
				 <ele>22</ele>
			 </trkpt>
			 <trkpt lat="40.72925" lon="-73.58382">
				 <ele>22</ele>
			 </trkpt>
			 <trkpt lat="40.7293" lon="-73.5838">
				 <ele>22</ele>
			 </trkpt>
			 <trkpt lat="40.72936" lon="-73.58378">
				 <ele>22</ele>
			 </trkpt>
			 <trkpt lat="40.72939" lon="-73.58378">
				 <ele>22</ele>
			 </trkpt>
			 <trkpt lat="40.72944" lon="-73.58376">
				 <ele>22</ele>
			 </trkpt>
			 <trkpt lat="40.72949" lon="-73.58376">
				 <ele>21</ele>
			 </trkpt>
			 <trkpt lat="40.72953" lon="-73.58375">
				 <ele>21</ele>
			 </trkpt>
			 <trkpt lat="40.72962" lon="-73.58375">
				 <ele>21</ele>
			 </trkpt>
			 <trkpt lat="40.72971" lon="-73.58375">
				 <ele>21</ele>
			 </trkpt>
			 <trkpt lat="40.72976" lon="-73.58376">
				 <ele>21</ele>
			 </trkpt>
			 <trkpt lat="40.72981" lon="-73.58376">
				 <ele>21</ele>
			 </trkpt>
			 <trkpt lat="40.72989" lon="-73.58378">
				 <ele>21</ele>
			 </trkpt>
			 <trkpt lat="40.72994" lon="-73.58379">
				 <ele>21</ele>
			 </trkpt>
			 <trkpt lat="40.73" lon="-73.5838">
				 <ele>21</ele>
			 </trkpt>
			 <trkpt lat="40.73003" lon="-73.58381">
				 <ele>21</ele>
			 </trkpt>
			 <trkpt lat="40.73007" lon="-73.58382">
				 <ele>21</ele>
			 </trkpt>
			 <trkpt lat="40.73012" lon="-73.58384">
				 <ele>21</ele>
			 </trkpt>
			 <trkpt lat="40.73018" lon="-73.58386">
				 <ele>21</ele>
			 </trkpt>
			 <trkpt lat="40.73025" lon="-73.58389">
				 <ele>21</ele>
			 </trkpt>
			 <trkpt lat="40.73075" lon="-73.58411">
				 <ele>22</ele>
			 </trkpt>
			 <trkpt lat="40.7312" lon="-73.5843">
				 <ele>22</ele>
			 </trkpt>
			 <trkpt lat="40.73167" lon="-73.5845">
				 <ele>22</ele>
			 </trkpt>
			 <trkpt lat="40.73191" lon="-73.58461">
				 <ele>22</ele>
			 </trkpt>
			 <trkpt lat="40.73199" lon="-73.58459">
				 <ele>21</ele>
			 </trkpt>
			 <trkpt lat="40.73217" lon="-73.58465">
				 <ele>21</ele>
			 </trkpt>
			 <trkpt lat="40.73215" lon="-73.58474">
				 <ele>22</ele>
			 </trkpt>
			 <trkpt lat="40.73197" lon="-73.58468">
				 <ele>22</ele>
			 </trkpt>
			 <trkpt lat="40.73191" lon="-73.58461">
				 <ele>22</ele>
			 </trkpt>
			 <trkpt lat="40.73167" lon="-73.5845">
				 <ele>22</ele>
			 </trkpt>
			 <trkpt lat="40.7312" lon="-73.5843">
				 <ele>22</ele>
			 </trkpt>
			 <trkpt lat="40.73075" lon="-73.58411">
				 <ele>22</ele>
			 </trkpt>
			 <trkpt lat="40.73025" lon="-73.58389">
				 <ele>21</ele>
			 </trkpt>
			 <trkpt lat="40.73018" lon="-73.58386">
				 <ele>21</ele>
			 </trkpt>
			 <trkpt lat="40.73012" lon="-73.58384">
				 <ele>21</ele>
			 </trkpt>
			 <trkpt lat="40.73007" lon="-73.58382">
				 <ele>21</ele>
			 </trkpt>
			 <trkpt lat="40.73003" lon="-73.58381">
				 <ele>21</ele>
			 </trkpt>
			 <trkpt lat="40.73" lon="-73.5838">
				 <ele>21</ele>
			 </trkpt>
			 <trkpt lat="40.72994" lon="-73.58379">
				 <ele>21</ele>
			 </trkpt>
			 <trkpt lat="40.7299" lon="-73.58378">
				 <ele>21</ele>
			 </trkpt>
			 <trkpt lat="40.72981" lon="-73.58376">
				 <ele>21</ele>
			 </trkpt>
			 <trkpt lat="40.72976" lon="-73.58376">
				 <ele>21</ele>
			 </trkpt>
			 <trkpt lat="40.72972" lon="-73.58375">
				 <ele>21</ele>
			 </trkpt>
			 <trkpt lat="40.72962" lon="-73.58375">
				 <ele>21</ele>
			 </trkpt>
			 <trkpt lat="40.72954" lon="-73.58375">
				 <ele>21</ele>
			 </trkpt>
			 <trkpt lat="40.72949" lon="-73.58376">
				 <ele>21</ele>
			 </trkpt>
			 <trkpt lat="40.72944" lon="-73.58376">
				 <ele>22</ele>
			 </trkpt>
			 <trkpt lat="40.72939" lon="-73.58378">
				 <ele>22</ele>
			 </trkpt>
			 <trkpt lat="40.72936" lon="-73.58378">
				 <ele>22</ele>
			 </trkpt>
			 <trkpt lat="40.7293" lon="-73.5838">
				 <ele>22</ele>
			 </trkpt>
			 <trkpt lat="40.72925" lon="-73.58382">
				 <ele>22</ele>
			 </trkpt>
			 <trkpt lat="40.72921" lon="-73.58383">
				 <ele>22</ele>
			 </trkpt>
			 <trkpt lat="40.72916" lon="-73.58386">
				 <ele>23</ele>
			 </trkpt>
			 <trkpt lat="40.72909" lon="-73.5839">
				 <ele>23</ele>
			 </trkpt>
			 <trkpt lat="40.72904" lon="-73.58393">
				 <ele>23</ele>
			 </trkpt>
			 <trkpt lat="40.72901" lon="-73.58395">
				 <ele>23</ele>
			 </trkpt>
			 <trkpt lat="40.72897" lon="-73.58397">
				 <ele>24</ele>
			 </trkpt>
			 <trkpt lat="40.72893" lon="-73.58401">
				 <ele>24</ele>
			 </trkpt>
			 <trkpt lat="40.72887" lon="-73.58406">
				 <ele>24</ele>
			 </trkpt>
			 <trkpt lat="40.72877" lon="-73.58415">
				 <ele>24</ele>
			 </trkpt>
			 <trkpt lat="40.72868" lon="-73.58424">
				 <ele>24</ele>
			 </trkpt>
			 <trkpt lat="40.7286" lon="-73.58431">
				 <ele>25</ele>
			 </trkpt>
			 <trkpt lat="40.72856" lon="-73.58436">
				 <ele>25</ele>
			 </trkpt>
			 <trkpt lat="40.72853" lon="-73.58439">
				 <ele>25</ele>
			 </trkpt>
			 <trkpt lat="40.72848" lon="-73.58444">
				 <ele>25</ele>
			 </trkpt>
			 <trkpt lat="40.72843" lon="-73.58452">
				 <ele>25</ele>
			 </trkpt>
			 <trkpt lat="40.72839" lon="-73.58458">
				 <ele>25</ele>
			 </trkpt>
			 <trkpt lat="40.72836" lon="-73.58462">
				 <ele>25</ele>
			 </trkpt>
			 <trkpt lat="40.72834" lon="-73.58465">
				 <ele>25</ele>
			 </trkpt>
			 <trkpt lat="40.72832" lon="-73.58469">
				 <ele>25</ele>
			 </trkpt>
			 <trkpt lat="40.72829" lon="-73.58474">
				 <ele>25</ele>
			 </trkpt>
			 <trkpt lat="40.72826" lon="-73.58481">
				 <ele>25</ele>
			 </trkpt>
			 <trkpt lat="40.72822" lon="-73.58491">
				 <ele>25</ele>
			 </trkpt>
			 <trkpt lat="40.7282" lon="-73.58494">
				 <ele>25</ele>
			 </trkpt>
			 <trkpt lat="40.72819" lon="-73.58498">
				 <ele>25</ele>
			 </trkpt>
			 <trkpt lat="40.72817" lon="-73.58506">
				 <ele>25</ele>
			 </trkpt>
			 <trkpt lat="40.72814" lon="-73.58517">
				 <ele>25</ele>
			 </trkpt>
			 <trkpt lat="40.72812" lon="-73.58524">
				 <ele>25</ele>
			 </trkpt>
			 <trkpt lat="40.72811" lon="-73.58532">
				 <ele>25</ele>
			 </trkpt>
			 <trkpt lat="40.72807" lon="-73.58548">
				 <ele>25</ele>
			 </trkpt>
			 <trkpt lat="40.72805" lon="-73.58556">
				 <ele>25</ele>
			 </trkpt>
			 <trkpt lat="40.72801" lon="-73.58576">
				 <ele>25</ele>
			 </trkpt>
			 <trkpt lat="40.72795" lon="-73.58602">
				 <ele>25</ele>
			 </trkpt>
			 <trkpt lat="40.72793" lon="-73.58609">
				 <ele>25</ele>
			 </trkpt>
			 <trkpt lat="40.72791" lon="-73.58616">
				 <ele>25</ele>
			 </trkpt>
			 <trkpt lat="40.72789" lon="-73.58622">
				 <ele>25</ele>
			 </trkpt>
			 <trkpt lat="40.72787" lon="-73.58628">
				 <ele>25</ele>
			 </trkpt>
			 <trkpt lat="40.72786" lon="-73.58632">
				 <ele>25</ele>
			 </trkpt>
			 <trkpt lat="40.72784" lon="-73.58635">
				 <ele>25</ele>
			 </trkpt>
			 <trkpt lat="40.72782" lon="-73.58641">
				 <ele>25</ele>
			 </trkpt>
			 <trkpt lat="40.7278" lon="-73.58644">
				 <ele>25</ele>
			 </trkpt>
			 <trkpt lat="40.72777" lon="-73.58649">
				 <ele>25</ele>
			 </trkpt>
			 <trkpt lat="40.72774" lon="-73.58654">
				 <ele>25</ele>
			 </trkpt>
			 <trkpt lat="40.7277" lon="-73.58659">
				 <ele>25</ele>
			 </trkpt>
			 <trkpt lat="40.72767" lon="-73.58662">
				 <ele>25</ele>
			 </trkpt>
			 <trkpt lat="40.72753" lon="-73.58678">
				 <ele>25</ele>
			 </trkpt>
			 <trkpt lat="40.72687" lon="-73.58754">
				 <ele>25</ele>
			 </trkpt>
			 <trkpt lat="40.72667" lon="-73.58744">
				 <ele>25</ele>
			 </trkpt>
			 <trkpt lat="40.72658" lon="-73.58733">
				 <ele>25</ele>
			 </trkpt>
			 <trkpt lat="40.72653" lon="-73.5873">
				 <ele>25</ele>
			 </trkpt>
			 <trkpt lat="40.72648" lon="-73.58726">
				 <ele>25</ele>
			 </trkpt>
			 <trkpt lat="40.72645" lon="-73.58723">
				 <ele>25</ele>
			 </trkpt>
			 <trkpt lat="40.72643" lon="-73.5872">
				 <ele>25</ele>
			 </trkpt>
			 <trkpt lat="40.72639" lon="-73.58715">
				 <ele>25</ele>
			 </trkpt>
			 <trkpt lat="40.72637" lon="-73.58709">
				 <ele>25</ele>
			 </trkpt>
			 <trkpt lat="40.72635" lon="-73.58703">
				 <ele>25</ele>
			 </trkpt>
			 <trkpt lat="40.72634" lon="-73.58692">
				 <ele>25</ele>
			 </trkpt>
			 <trkpt lat="40.72635" lon="-73.58684">
				 <ele>25</ele>
			 </trkpt>
			 <trkpt lat="40.72643" lon="-73.58659">
				 <ele>25</ele>
			 </trkpt>
			 <trkpt lat="40.72648" lon="-73.58646">
				 <ele>25</ele>
			 </trkpt>
			 <trkpt lat="40.72654" lon="-73.58634">
				 <ele>25</ele>
			 </trkpt>
			 <trkpt lat="40.72662" lon="-73.58617">
				 <ele>25</ele>
			 </trkpt>
			 <trkpt lat="40.72672" lon="-73.58601">
				 <ele>25</ele>
			 </trkpt>
			 <trkpt lat="40.72681" lon="-73.58587">
				 <ele>25</ele>
			 </trkpt>
			 <trkpt lat="40.72692" lon="-73.58573">
				 <ele>25</ele>
			 </trkpt>
			 <trkpt lat="40.72701" lon="-73.58562">
				 <ele>25</ele>
			 </trkpt>
			 <trkpt lat="40.72714" lon="-73.58547">
				 <ele>25</ele>
			 </trkpt>
			 <trkpt lat="40.72725" lon="-73.58534">
				 <ele>25</ele>
			 </trkpt>
			 <trkpt lat="40.72785" lon="-73.58464">
				 <ele>25</ele>
			 </trkpt>
			 <trkpt lat="40.72818" lon="-73.58425">
				 <ele>24</ele>
			 </trkpt>
			 <trkpt lat="40.72858" lon="-73.58375">
				 <ele>24</ele>
			 </trkpt>
			 <trkpt lat="40.72865" lon="-73.58367">
				 <ele>23</ele>
			 </trkpt>
			 <trkpt lat="40.72883" lon="-73.58346">
				 <ele>20</ele>
			 </trkpt>
			 <trkpt lat="40.72892" lon="-73.58335">
				 <ele>19</ele>
			 </trkpt>
			 <trkpt lat="40.72904" lon="-73.58318">
				 <ele>18</ele>
			 </trkpt>
			 <trkpt lat="40.72919" lon="-73.58294">
				 <ele>18</ele>
			 </trkpt>
			 <trkpt lat="40.72924" lon="-73.58286">
				 <ele>18</ele>
			 </trkpt>
			 <trkpt lat="40.72927" lon="-73.58279">
				 <ele>19</ele>
			 </trkpt>
			 <trkpt lat="40.72934" lon="-73.58266">
				 <ele>19</ele>
			 </trkpt>
			 <trkpt lat="40.72936" lon="-73.5826">
				 <ele>19</ele>
			 </trkpt>
			 <trkpt lat="40.7294" lon="-73.5825">
				 <ele>19</ele>
			 </trkpt>
			 <trkpt lat="40.72942" lon="-73.58244">
				 <ele>19</ele>
			 </trkpt>
			 <trkpt lat="40.72945" lon="-73.58234">
				 <ele>19</ele>
			 </trkpt>
			 <trkpt lat="40.72955" lon="-73.58197">
				 <ele>19</ele>
			 </trkpt>
			 <trkpt lat="40.7296" lon="-73.58175">
				 <ele>19</ele>
			 </trkpt>
			 <trkpt lat="40.72961" lon="-73.58171">
				 <ele>19</ele>
			 </trkpt>
			 <trkpt lat="40.72968" lon="-73.58144">
				 <ele>20</ele>
			 </trkpt>
			 <trkpt lat="40.72976" lon="-73.58112">
				 <ele>20</ele>
			 </trkpt>
			 <trkpt lat="40.72982" lon="-73.58089">
				 <ele>21</ele>
			 </trkpt>
			 <trkpt lat="40.72986" lon="-73.58069">
				 <ele>22</ele>
			 </trkpt>
			 <trkpt lat="40.72987" lon="-73.58053">
				 <ele>23</ele>
			 </trkpt>
			 <trkpt lat="40.72989" lon="-73.58047">
				 <ele>23</ele>
			 </trkpt>
			 <trkpt lat="40.72992" lon="-73.58038">
				 <ele>23</ele>
			 </trkpt>
			 <trkpt lat="40.72993" lon="-73.58033">
				 <ele>23</ele>
			 </trkpt>
			 <trkpt lat="40.73001" lon="-73.58028">
				 <ele>23</ele>
			 </trkpt>
			 <trkpt lat="40.73004" lon="-73.58026">
				 <ele>23</ele>
			 </trkpt>
			 <trkpt lat="40.7301" lon="-73.58023">
				 <ele>23</ele>
			 </trkpt>
			 <trkpt lat="40.73022" lon="-73.58017">
				 <ele>23</ele>
			 </trkpt>
			 <trkpt lat="40.73027" lon="-73.58018">
				 <ele>23</ele>
			 </trkpt>
			 <trkpt lat="40.73061" lon="-73.58034">
				 <ele>23</ele>
			 </trkpt>
			 <trkpt lat="40.73066" lon="-73.58036">
				 <ele>23</ele>
			 </trkpt>
			 <trkpt lat="40.73147" lon="-73.58071">
				 <ele>21</ele>
			 </trkpt>
			 <trkpt lat="40.73164" lon="-73.58078">
				 <ele>21</ele>
			 </trkpt>
			 <trkpt lat="40.73207" lon="-73.58096">
				 <ele>20</ele>
			 </trkpt>
			 <trkpt lat="40.73214" lon="-73.58099">
				 <ele>20</ele>
			 </trkpt>
			 <trkpt lat="40.73241" lon="-73.58111">
				 <ele>20</ele>
			 </trkpt>
			 <trkpt lat="40.73304" lon="-73.58139">
				 <ele>21</ele>
			 </trkpt>
			 <trkpt lat="40.73309" lon="-73.58141">
				 <ele>22</ele>
			 </trkpt>
			 <trkpt lat="40.73343" lon="-73.58156">
				 <ele>23</ele>
			 </trkpt>
			 <trkpt lat="40.73367" lon="-73.58167">
				 <ele>23</ele>
			 </trkpt>
			 <trkpt lat="40.73382" lon="-73.58173">
				 <ele>24</ele>
			 </trkpt>
			 <trkpt lat="40.73388" lon="-73.58176">
				 <ele>24</ele>
			 </trkpt>
			 <trkpt lat="40.73393" lon="-73.58178">
				 <ele>24</ele>
			 </trkpt>
			 <trkpt lat="40.73398" lon="-73.5818">
				 <ele>24</ele>
			 </trkpt>
			 <trkpt lat="40.73406" lon="-73.58183">
				 <ele>24</ele>
			 </trkpt>
			 <trkpt lat="40.73416" lon="-73.58188">
				 <ele>24</ele>
			 </trkpt>
			 <trkpt lat="40.73436" lon="-73.58196">
				 <ele>24</ele>
			 </trkpt>
			 <trkpt lat="40.73445" lon="-73.58201">
				 <ele>25</ele>
			 </trkpt>
			 <trkpt lat="40.73457" lon="-73.58206">
				 <ele>25</ele>
			 </trkpt>
			 <trkpt lat="40.73472" lon="-73.58213">
				 <ele>24</ele>
			 </trkpt>
			 <trkpt lat="40.73481" lon="-73.58217">
				 <ele>24</ele>
			 </trkpt>
			 <trkpt lat="40.73487" lon="-73.5822">
				 <ele>24</ele>
			 </trkpt>
			 <trkpt lat="40.73506" lon="-73.58229">
				 <ele>24</ele>
			 </trkpt>
			 <trkpt lat="40.73529" lon="-73.58239">
				 <ele>23</ele>
			 </trkpt>
			 <trkpt lat="40.73541" lon="-73.58244">
				 <ele>23</ele>
			 </trkpt>
			 <trkpt lat="40.73547" lon="-73.58247">
				 <ele>23</ele>
			 </trkpt>
			 <trkpt lat="40.73595" lon="-73.58269">
				 <ele>23</ele>
			 </trkpt>
			 <trkpt lat="40.73663" lon="-73.583">
				 <ele>23</ele>
			 </trkpt>
			 <trkpt lat="40.73717" lon="-73.58298">
				 <ele>23</ele>
			 </trkpt>
			 <trkpt lat="40.738064" lon="-73.583376">
				 <ele>24</ele>
			 </trkpt>
			 <trkpt lat="40.73816" lon="-73.58342">
				 <ele>24</ele>
			 </trkpt>
			 <trkpt lat="40.73839" lon="-73.58353">
				 <ele>23</ele>
			 </trkpt>
			 <trkpt lat="40.73969" lon="-73.58413">
				 <ele>24</ele>
			 </trkpt>
			 <trkpt lat="40.74013" lon="-73.58433">
				 <ele>24</ele>
			 </trkpt>
			 <trkpt lat="40.74018" lon="-73.58434">
				 <ele>24</ele>
			 </trkpt>
			 <trkpt lat="40.74022" lon="-73.58434">
				 <ele>24</ele>
			 </trkpt>
			 <trkpt lat="40.74027" lon="-73.58435">
				 <ele>24</ele>
			 </trkpt>
			 <trkpt lat="40.74038" lon="-73.5844">
				 <ele>24</ele>
			 </trkpt>
			 <trkpt lat="40.74049" lon="-73.58445">
				 <ele>24</ele>
			 </trkpt>
			 <trkpt lat="40.74053" lon="-73.58448">
				 <ele>24</ele>
			 </trkpt>
			 <trkpt lat="40.74057" lon="-73.58453">
				 <ele>24</ele>
			 </trkpt>
			 <trkpt lat="40.74061" lon="-73.58456">
				 <ele>24</ele>
			 </trkpt>
			 <trkpt lat="40.74092" lon="-73.5847">
				 <ele>24</ele>
			 </trkpt>
			 <trkpt lat="40.74143" lon="-73.58493">
				 <ele>24</ele>
			 </trkpt>
			 <trkpt lat="40.74194" lon="-73.58517">
				 <ele>24</ele>
			 </trkpt>
			 <trkpt lat="40.74203" lon="-73.58521">
				 <ele>24</ele>
			 </trkpt>
			 <trkpt lat="40.74207" lon="-73.58523">
				 <ele>24</ele>
			 </trkpt>
			 <trkpt lat="40.74211" lon="-73.58524">
				 <ele>24</ele>
			 </trkpt>
			 <trkpt lat="40.74215" lon="-73.58524">
				 <ele>24</ele>
			 </trkpt>
			 <trkpt lat="40.7422" lon="-73.58524">
				 <ele>24</ele>
			 </trkpt>
			 <trkpt lat="40.74223" lon="-73.58525">
				 <ele>24</ele>
			 </trkpt>
			 <trkpt lat="40.74246" lon="-73.58535">
				 <ele>24</ele>
			 </trkpt>
			 <trkpt lat="40.74249" lon="-73.58536">
				 <ele>25</ele>
			 </trkpt>
			 <trkpt lat="40.74261" lon="-73.58544">
				 <ele>25</ele>
			 </trkpt>
			 <trkpt lat="40.74265" lon="-73.58549">
				 <ele>25</ele>
			 </trkpt>
			 <trkpt lat="40.74268" lon="-73.58551">
				 <ele>25</ele>
			 </trkpt>
			 <trkpt lat="40.74271" lon="-73.58552">
				 <ele>25</ele>
			 </trkpt>
			 <trkpt lat="40.74278" lon="-73.58556">
				 <ele>25</ele>
			 </trkpt>
			 <trkpt lat="40.74312" lon="-73.58571">
				 <ele>25</ele>
			 </trkpt>
			 <trkpt lat="40.74349" lon="-73.58588">
				 <ele>25</ele>
			 </trkpt>
			 <trkpt lat="40.74353" lon="-73.5859">
				 <ele>25</ele>
			 </trkpt>
			 <trkpt lat="40.74356" lon="-73.58591">
				 <ele>25</ele>
			 </trkpt>
			 <trkpt lat="40.74363" lon="-73.5859">
				 <ele>26</ele>
			 </trkpt>
			 <trkpt lat="40.74366" lon="-73.5859">
				 <ele>26</ele>
			 </trkpt>
			 <trkpt lat="40.74389" lon="-73.58601">
				 <ele>26</ele>
			 </trkpt>
			 <trkpt lat="40.74394" lon="-73.58603">
				 <ele>26</ele>
			 </trkpt>
			 <trkpt lat="40.74397" lon="-73.58605">
				 <ele>26</ele>
			 </trkpt>
			 <trkpt lat="40.744" lon="-73.58607">
				 <ele>26</ele>
			 </trkpt>
			 <trkpt lat="40.74404" lon="-73.58612">
				 <ele>26</ele>
			 </trkpt>
			 <trkpt lat="40.74408" lon="-73.58615">
				 <ele>26</ele>
			 </trkpt>
			 <trkpt lat="40.74413" lon="-73.58618">
				 <ele>26</ele>
			 </trkpt>
			 <trkpt lat="40.7444" lon="-73.5863">
				 <ele>26</ele>
			 </trkpt>
			 <trkpt lat="40.74474" lon="-73.58646">
				 <ele>26</ele>
			 </trkpt>
			 <trkpt lat="40.74509" lon="-73.58662">
				 <ele>26</ele>
			 </trkpt>
			 <trkpt lat="40.746796" lon="-73.587276">
				 <ele>27</ele>
			 </trkpt>
			 <trkpt lat="40.747294" lon="-73.587187">
				 <ele>27</ele>
			 </trkpt>
			 <trkpt lat="40.747565" lon="-73.586924">
				 <ele>28</ele>
			 </trkpt>
			 <trkpt lat="40.747779" lon="-73.586265">
				 <ele>29</ele>
			 </trkpt>
			 <trkpt lat="40.748093" lon="-73.584547">
				 <ele>30</ele>
			 </trkpt>
			 <trkpt lat="40.748514" lon="-73.583031">
				 <ele>31</ele>
			 </trkpt>
			 <trkpt lat="40.748951" lon="-73.581693">
				 <ele>32</ele>
			 </trkpt>
			 <trkpt lat="40.749307" lon="-73.579812">
				 <ele>32</ele>
			 </trkpt>
			 <trkpt lat="40.749233" lon="-73.579697">
				 <ele>32</ele>
			 </trkpt>
			 <trkpt lat="40.74918" lon="-73.57963">
				 <ele>32</ele>
			 </trkpt>
			 <trkpt lat="40.74914" lon="-73.57956">
				 <ele>32</ele>
			 </trkpt>
			 <trkpt lat="40.74898" lon="-73.57952">
				 <ele>32</ele>
			 </trkpt>
			 <trkpt lat="40.74875" lon="-73.57945">
				 <ele>32</ele>
			 </trkpt>
			 <trkpt lat="40.74841" lon="-73.57936">
				 <ele>32</ele>
			 </trkpt>
			 <trkpt lat="40.74808" lon="-73.57928">
				 <ele>32</ele>
			 </trkpt>
			 <trkpt lat="40.7477" lon="-73.57918">
				 <ele>31</ele>
			 </trkpt>
			 <trkpt lat="40.7474" lon="-73.57909">
				 <ele>31</ele>
			 </trkpt>
			 <trkpt lat="40.74683" lon="-73.57893">
				 <ele>30</ele>
			 </trkpt>
			 <trkpt lat="40.74663" lon="-73.57887">
				 <ele>30</ele>
			 </trkpt>
			 <trkpt lat="40.74656" lon="-73.57884">
				 <ele>30</ele>
			 </trkpt>
			 <trkpt lat="40.7465" lon="-73.57881">
				 <ele>30</ele>
			 </trkpt>
			 <trkpt lat="40.74641" lon="-73.57877">
				 <ele>30</ele>
			 </trkpt>
			 <trkpt lat="40.74632" lon="-73.57871">
				 <ele>30</ele>
			 </trkpt>
			 <trkpt lat="40.74596" lon="-73.57851">
				 <ele>29</ele>
			 </trkpt>
			 <trkpt lat="40.74592" lon="-73.57849">
				 <ele>29</ele>
			 </trkpt>
			 <trkpt lat="40.74566" lon="-73.57833">
				 <ele>29</ele>
			 </trkpt>
			 <trkpt lat="40.74541" lon="-73.57819">
				 <ele>29</ele>
			 </trkpt>
			 <trkpt lat="40.74527" lon="-73.57811">
				 <ele>29</ele>
			 </trkpt>
			 <trkpt lat="40.74517" lon="-73.57806">
				 <ele>29</ele>
			 </trkpt>
			 <trkpt lat="40.74499" lon="-73.57798">
				 <ele>30</ele>
			 </trkpt>
			 <trkpt lat="40.7447" lon="-73.57785">
				 <ele>30</ele>
			 </trkpt>
			 <trkpt lat="40.74407" lon="-73.57758">
				 <ele>30</ele>
			 </trkpt>
			 <trkpt lat="40.74395" lon="-73.57752">
				 <ele>30</ele>
			 </trkpt>
			 <trkpt lat="40.74332" lon="-73.57725">
				 <ele>30</ele>
			 </trkpt>
			 <trkpt lat="40.74258" lon="-73.57692">
				 <ele>29</ele>
			 </trkpt>
			 <trkpt lat="40.74248" lon="-73.57688">
				 <ele>29</ele>
			 </trkpt>
			 <trkpt lat="40.74213" lon="-73.57672">
				 <ele>29</ele>
			 </trkpt>
			 <trkpt lat="40.74189" lon="-73.57661">
				 <ele>29</ele>
			 </trkpt>
			 <trkpt lat="40.7417" lon="-73.57652">
				 <ele>29</ele>
			 </trkpt>
			 <trkpt lat="40.74152" lon="-73.57642">
				 <ele>29</ele>
			 </trkpt>
			 <trkpt lat="40.74141" lon="-73.57636">
				 <ele>29</ele>
			 </trkpt>
			 <trkpt lat="40.74106" lon="-73.57617">
				 <ele>28</ele>
			 </trkpt>
			 <trkpt lat="40.74079" lon="-73.57602">
				 <ele>28</ele>
			 </trkpt>
			 <trkpt lat="40.74064" lon="-73.57594">
				 <ele>27</ele>
			 </trkpt>
			 <trkpt lat="40.74043" lon="-73.57583">
				 <ele>27</ele>
			 </trkpt>
			 <trkpt lat="40.74024" lon="-73.57573">
				 <ele>27</ele>
			 </trkpt>
			 <trkpt lat="40.74006" lon="-73.57565">
				 <ele>26</ele>
			 </trkpt>
			 <trkpt lat="40.73994" lon="-73.57564">
				 <ele>26</ele>
			 </trkpt>
			 <trkpt lat="40.73953" lon="-73.57546">
				 <ele>25</ele>
			 </trkpt>
			 <trkpt lat="40.73916" lon="-73.57529">
				 <ele>25</ele>
			 </trkpt>
			 <trkpt lat="40.73899" lon="-73.57522">
				 <ele>24</ele>
			 </trkpt>
			 <trkpt lat="40.73895" lon="-73.5752">
				 <ele>24</ele>
			 </trkpt>
			 <trkpt lat="40.73889" lon="-73.57517">
				 <ele>24</ele>
			 </trkpt>
			 <trkpt lat="40.73878" lon="-73.5751">
				 <ele>24</ele>
			 </trkpt>
			 <trkpt lat="40.73869" lon="-73.57504">
				 <ele>24</ele>
			 </trkpt>
			 <trkpt lat="40.73861" lon="-73.57497">
				 <ele>24</ele>
			 </trkpt>
			 <trkpt lat="40.73853" lon="-73.5749">
				 <ele>24</ele>
			 </trkpt>
			 <trkpt lat="40.73842" lon="-73.5748">
				 <ele>24</ele>
			 </trkpt>
			 <trkpt lat="40.7383" lon="-73.57468">
				 <ele>24</ele>
			 </trkpt>
			 <trkpt lat="40.73822" lon="-73.57459">
				 <ele>24</ele>
			 </trkpt>
			 <trkpt lat="40.73814" lon="-73.57449">
				 <ele>24</ele>
			 </trkpt>
			 <trkpt lat="40.73806" lon="-73.57437">
				 <ele>24</ele>
			 </trkpt>
			 <trkpt lat="40.738" lon="-73.57427">
				 <ele>24</ele>
			 </trkpt>
			 <trkpt lat="40.73793" lon="-73.57414">
				 <ele>24</ele>
			 </trkpt>
			 <trkpt lat="40.73789" lon="-73.57406">
				 <ele>25</ele>
			 </trkpt>
			 <trkpt lat="40.73782" lon="-73.57394">
				 <ele>25</ele>
			 </trkpt>
			 <trkpt lat="40.73778" lon="-73.57384">
				 <ele>25</ele>
			 </trkpt>
			 <trkpt lat="40.7377" lon="-73.57365">
				 <ele>26</ele>
			 </trkpt>
			 <trkpt lat="40.73766" lon="-73.57351">
				 <ele>26</ele>
			 </trkpt>
			 <trkpt lat="40.73761" lon="-73.57339">
				 <ele>26</ele>
			 </trkpt>
			 <trkpt lat="40.73759" lon="-73.57329">
				 <ele>27</ele>
			 </trkpt>
			 <trkpt lat="40.73756" lon="-73.57319">
				 <ele>27</ele>
			 </trkpt>
			 <trkpt lat="40.73754" lon="-73.57313">
				 <ele>27</ele>
			 </trkpt>
			 <trkpt lat="40.73753" lon="-73.57309">
				 <ele>27</ele>
			 </trkpt>
			 <trkpt lat="40.73752" lon="-73.57303">
				 <ele>27</ele>
			 </trkpt>
			 <trkpt lat="40.7375" lon="-73.57292">
				 <ele>27</ele>
			 </trkpt>
			 <trkpt lat="40.73749" lon="-73.57282">
				 <ele>27</ele>
			 </trkpt>
			 <trkpt lat="40.73748" lon="-73.57278">
				 <ele>27</ele>
			 </trkpt>
			 <trkpt lat="40.73747" lon="-73.57268">
				 <ele>28</ele>
			 </trkpt>
			 <trkpt lat="40.73745" lon="-73.57255">
				 <ele>28</ele>
			 </trkpt>
			 <trkpt lat="40.73744" lon="-73.57236">
				 <ele>28</ele>
			 </trkpt>
			 <trkpt lat="40.73744" lon="-73.57232">
				 <ele>28</ele>
			 </trkpt>
			 <trkpt lat="40.73744" lon="-73.57222">
				 <ele>28</ele>
			 </trkpt>
			 <trkpt lat="40.73745" lon="-73.57193">
				 <ele>29</ele>
			 </trkpt>
			 <trkpt lat="40.73746" lon="-73.5718">
				 <ele>29</ele>
			 </trkpt>
			 <trkpt lat="40.73749" lon="-73.57168">
				 <ele>29</ele>
			 </trkpt>
			 <trkpt lat="40.7375" lon="-73.5716">
				 <ele>29</ele>
			 </trkpt>
			 <trkpt lat="40.73753" lon="-73.57149">
				 <ele>29</ele>
			 </trkpt>
			 <trkpt lat="40.73754" lon="-73.57144">
				 <ele>29</ele>
			 </trkpt>
			 <trkpt lat="40.73759" lon="-73.5714">
				 <ele>29</ele>
			 </trkpt>
			 <trkpt lat="40.73764" lon="-73.57123">
				 <ele>29</ele>
			 </trkpt>
			 <trkpt lat="40.73766" lon="-73.57115">
				 <ele>29</ele>
			 </trkpt>
			 <trkpt lat="40.73769" lon="-73.57107">
				 <ele>29</ele>
			 </trkpt>
			 <trkpt lat="40.73772" lon="-73.57102">
				 <ele>29</ele>
			 </trkpt>
			 <trkpt lat="40.73774" lon="-73.57096">
				 <ele>29</ele>
			 </trkpt>
			 <trkpt lat="40.73778" lon="-73.57088">
				 <ele>29</ele>
			 </trkpt>
			 <trkpt lat="40.73782" lon="-73.5708">
				 <ele>29</ele>
			 </trkpt>
			 <trkpt lat="40.73788" lon="-73.57067">
				 <ele>29</ele>
			 </trkpt>
			 <trkpt lat="40.73796" lon="-73.57053">
				 <ele>29</ele>
			 </trkpt>
			 <trkpt lat="40.73808" lon="-73.57027">
				 <ele>29</ele>
			 </trkpt>
			 <trkpt lat="40.73817" lon="-73.57005">
				 <ele>29</ele>
			 </trkpt>
			 <trkpt lat="40.7382" lon="-73.56997">
				 <ele>29</ele>
			 </trkpt>
			 <trkpt lat="40.73823" lon="-73.5699">
				 <ele>29</ele>
			 </trkpt>
			 <trkpt lat="40.73825" lon="-73.56984">
				 <ele>29</ele>
			 </trkpt>
			 <trkpt lat="40.73827" lon="-73.56977">
				 <ele>29</ele>
			 </trkpt>
			 <trkpt lat="40.7383" lon="-73.56967">
				 <ele>29</ele>
			 </trkpt>
			 <trkpt lat="40.73832" lon="-73.56957">
				 <ele>29</ele>
			 </trkpt>
			 <trkpt lat="40.73834" lon="-73.56949">
				 <ele>29</ele>
			 </trkpt>
			 <trkpt lat="40.73836" lon="-73.56943">
				 <ele>29</ele>
			 </trkpt>
			 <trkpt lat="40.73839" lon="-73.56926">
				 <ele>29</ele>
			 </trkpt>
			 <trkpt lat="40.73842" lon="-73.56911">
				 <ele>29</ele>
			 </trkpt>
			 <trkpt lat="40.73843" lon="-73.56904">
				 <ele>29</ele>
			 </trkpt>
			 <trkpt lat="40.73844" lon="-73.56897">
				 <ele>29</ele>
			 </trkpt>
			 <trkpt lat="40.73844" lon="-73.56888">
				 <ele>29</ele>
			 </trkpt>
			 <trkpt lat="40.73844" lon="-73.56881">
				 <ele>29</ele>
			 </trkpt>
			 <trkpt lat="40.73844" lon="-73.56869">
				 <ele>29</ele>
			 </trkpt>
			 <trkpt lat="40.73843" lon="-73.56837">
				 <ele>29</ele>
			 </trkpt>
			 <trkpt lat="40.73843" lon="-73.5681">
				 <ele>30</ele>
			 </trkpt>
			 <trkpt lat="40.73841" lon="-73.56754">
				 <ele>30</ele>
			 </trkpt>
			 <trkpt lat="40.7384" lon="-73.56697">
				 <ele>30</ele>
			 </trkpt>
			 <trkpt lat="40.73839" lon="-73.56667">
				 <ele>30</ele>
			 </trkpt>
			 <trkpt lat="40.73837" lon="-73.56605">
				 <ele>30</ele>
			 </trkpt>
			 <trkpt lat="40.73836" lon="-73.56556">
				 <ele>30</ele>
			 </trkpt>
			 <trkpt lat="40.73834" lon="-73.56503">
				 <ele>30</ele>
			 </trkpt>
			 <trkpt lat="40.73833" lon="-73.56461">
				 <ele>30</ele>
			 </trkpt>
			 <trkpt lat="40.73832" lon="-73.56426">
				 <ele>30</ele>
			 </trkpt>
			 <trkpt lat="40.73831" lon="-73.56404">
				 <ele>30</ele>
			 </trkpt>
			 <trkpt lat="40.73831" lon="-73.56394">
				 <ele>30</ele>
			 </trkpt>
			 <trkpt lat="40.73819" lon="-73.55924">
				 <ele>31</ele>
			 </trkpt>
			 <trkpt lat="40.73819" lon="-73.55913">
				 <ele>31</ele>
			 </trkpt>
			 <trkpt lat="40.73807" lon="-73.55506">
				 <ele>31</ele>
			 </trkpt>
			 <trkpt lat="40.73805" lon="-73.55465">
				 <ele>31</ele>
			 </trkpt>
			 <trkpt lat="40.73805" lon="-73.55438">
				 <ele>31</ele>
			 </trkpt>
			 <trkpt lat="40.73805" lon="-73.55423">
				 <ele>31</ele>
			 </trkpt>
			 <trkpt lat="40.73804" lon="-73.5541">
				 <ele>31</ele>
			 </trkpt>
			 <trkpt lat="40.73804" lon="-73.55387">
				 <ele>31</ele>
			 </trkpt>
			 <trkpt lat="40.73804" lon="-73.55364">
				 <ele>31</ele>
			 </trkpt>
			 <trkpt lat="40.73805" lon="-73.55345">
				 <ele>31</ele>
			 </trkpt>
			 <trkpt lat="40.73801" lon="-73.55341">
				 <ele>31</ele>
			 </trkpt>
			 <trkpt lat="40.73798" lon="-73.55342">
				 <ele>31</ele>
			 </trkpt>
			 <trkpt lat="40.73769" lon="-73.55348">
				 <ele>31</ele>
			 </trkpt>
			 <trkpt lat="40.73751" lon="-73.55352">
				 <ele>31</ele>
			 </trkpt>
			 <trkpt lat="40.73736" lon="-73.55355">
				 <ele>31</ele>
			 </trkpt>
			 <trkpt lat="40.73566" lon="-73.55389">
				 <ele>30</ele>
			 </trkpt>
			 <trkpt lat="40.73512" lon="-73.554">
				 <ele>30</ele>
			 </trkpt>
			 <trkpt lat="40.73442" lon="-73.55414">
				 <ele>30</ele>
			 </trkpt>
			 <trkpt lat="40.73409" lon="-73.55422">
				 <ele>30</ele>
			 </trkpt>
			 <trkpt lat="40.734" lon="-73.55424">
				 <ele>30</ele>
			 </trkpt>
			 <trkpt lat="40.73394" lon="-73.55425">
				 <ele>30</ele>
			 </trkpt>
			 <trkpt lat="40.7339" lon="-73.55426">
				 <ele>30</ele>
			 </trkpt>
			 <trkpt lat="40.73369" lon="-73.5543">
				 <ele>30</ele>
			 </trkpt>
			 <trkpt lat="40.73331" lon="-73.55438">
				 <ele>29</ele>
			 </trkpt>
			 <trkpt lat="40.73298" lon="-73.55446">
				 <ele>29</ele>
			 </trkpt>
			 <trkpt lat="40.73287" lon="-73.55448">
				 <ele>29</ele>
			 </trkpt>
			 <trkpt lat="40.73279" lon="-73.5545">
				 <ele>29</ele>
			 </trkpt>
			 <trkpt lat="40.73245" lon="-73.55457">
				 <ele>29</ele>
			 </trkpt>
			 <trkpt lat="40.73074" lon="-73.55494">
				 <ele>28</ele>
			 </trkpt>
			 <trkpt lat="40.73056" lon="-73.55498">
				 <ele>28</ele>
			 </trkpt>
			 <trkpt lat="40.73037" lon="-73.55503">
				 <ele>28</ele>
			 </trkpt>
			 <trkpt lat="40.73033" lon="-73.55503">
				 <ele>28</ele>
			 </trkpt>
			 <trkpt lat="40.73028" lon="-73.55504">
				 <ele>28</ele>
			 </trkpt>
			 <trkpt lat="40.73024" lon="-73.55505">
				 <ele>28</ele>
			 </trkpt>
			 <trkpt lat="40.73013" lon="-73.55508">
				 <ele>28</ele>
			 </trkpt>
			 <trkpt lat="40.73005" lon="-73.5551">
				 <ele>28</ele>
			 </trkpt>
			 <trkpt lat="40.72999" lon="-73.5551">
				 <ele>28</ele>
			 </trkpt>
			 <trkpt lat="40.72983" lon="-73.55514">
				 <ele>28</ele>
			 </trkpt>
			 <trkpt lat="40.730079" lon="-73.55617">
				 <ele>28</ele>
			 </trkpt>
			 <trkpt lat="40.730165" lon="-73.556753">
				 <ele>28</ele>
			 </trkpt>
			 <trkpt lat="40.73029" lon="-73.55692">
				 <ele>28</ele>
			 </trkpt>
			 <trkpt lat="40.73033" lon="-73.55698">
				 <ele>28</ele>
			 </trkpt>
			 <trkpt lat="40.7304" lon="-73.55705">
				 <ele>28</ele>
			 </trkpt>
			 <trkpt lat="40.73046" lon="-73.55709">
				 <ele>28</ele>
			 </trkpt>
			 <trkpt lat="40.73055" lon="-73.55711">
				 <ele>28</ele>
			 </trkpt>
			 <trkpt lat="40.73068" lon="-73.55714">
				 <ele>28</ele>
			 </trkpt>
			 <trkpt lat="40.73077" lon="-73.55717">
				 <ele>28</ele>
			 </trkpt>
			 <trkpt lat="40.73096" lon="-73.55723">
				 <ele>29</ele>
			 </trkpt>
			 <trkpt lat="40.73113" lon="-73.55729">
				 <ele>29</ele>
			 </trkpt>
			 <trkpt lat="40.73111" lon="-73.55745">
				 <ele>29</ele>
			 </trkpt>
			 <trkpt lat="40.73105" lon="-73.55787">
				 <ele>29</ele>
			 </trkpt>
			 <trkpt lat="40.73096" lon="-73.55872">
				 <ele>28</ele>
			 </trkpt>
			 <trkpt lat="40.73093" lon="-73.55898">
				 <ele>28</ele>
			 </trkpt>
			 <trkpt lat="40.73091" lon="-73.55907">
				 <ele>28</ele>
			 </trkpt>
			 <trkpt lat="40.73082" lon="-73.55946">
				 <ele>28</ele>
			 </trkpt>
			 <trkpt lat="40.73078" lon="-73.55958">
				 <ele>28</ele>
			 </trkpt>
			 <trkpt lat="40.73073" lon="-73.55978">
				 <ele>28</ele>
			 </trkpt>
			 <trkpt lat="40.73071" lon="-73.55989">
				 <ele>28</ele>
			 </trkpt>
			 <trkpt lat="40.73069" lon="-73.56002">
				 <ele>28</ele>
			 </trkpt>
			 <trkpt lat="40.73067" lon="-73.5602">
				 <ele>28</ele>
			 </trkpt>
			 <trkpt lat="40.73064" lon="-73.5603">
				 <ele>28</ele>
			 </trkpt>
			 <trkpt lat="40.73062" lon="-73.56038">
				 <ele>28</ele>
			 </trkpt>
			 <trkpt lat="40.73059" lon="-73.56049">
				 <ele>28</ele>
			 </trkpt>
			 <trkpt lat="40.73056" lon="-73.56056">
				 <ele>28</ele>
			 </trkpt>
			 <trkpt lat="40.73052" lon="-73.56063">
				 <ele>28</ele>
			 </trkpt>
			 <trkpt lat="40.73047" lon="-73.5607">
				 <ele>28</ele>
			 </trkpt>
			 <trkpt lat="40.73042" lon="-73.56076">
				 <ele>28</ele>
			 </trkpt>
			 <trkpt lat="40.7304" lon="-73.56079">
				 <ele>28</ele>
			 </trkpt>
			 <trkpt lat="40.73038" lon="-73.56082">
				 <ele>28</ele>
			 </trkpt>
			 <trkpt lat="40.73035" lon="-73.56088">
				 <ele>28</ele>
			 </trkpt>
			 <trkpt lat="40.73034" lon="-73.561">
				 <ele>28</ele>
			 </trkpt>
			 <trkpt lat="40.73034" lon="-73.56108">
				 <ele>28</ele>
			 </trkpt>
			 <trkpt lat="40.73035" lon="-73.56119">
				 <ele>28</ele>
			 </trkpt>
			 <trkpt lat="40.73038" lon="-73.56133">
				 <ele>28</ele>
			 </trkpt>
			 <trkpt lat="40.73044" lon="-73.56161">
				 <ele>28</ele>
			 </trkpt>
			 <trkpt lat="40.73048" lon="-73.56185">
				 <ele>28</ele>
			 </trkpt>
			 <trkpt lat="40.7305" lon="-73.562">
				 <ele>28</ele>
			 </trkpt>
			 <trkpt lat="40.73052" lon="-73.56214">
				 <ele>28</ele>
			 </trkpt>
			 <trkpt lat="40.73056" lon="-73.56232">
				 <ele>28</ele>
			 </trkpt>
			 <trkpt lat="40.73061" lon="-73.56258">
				 <ele>28</ele>
			 </trkpt>
			 <trkpt lat="40.73064" lon="-73.56268">
				 <ele>28</ele>
			 </trkpt>
			 <trkpt lat="40.73066" lon="-73.56279">
				 <ele>28</ele>
			 </trkpt>
			 <trkpt lat="40.73069" lon="-73.56288">
				 <ele>28</ele>
			 </trkpt>
			 <trkpt lat="40.73071" lon="-73.56297">
				 <ele>28</ele>
			 </trkpt>
			 <trkpt lat="40.73072" lon="-73.56307">
				 <ele>28</ele>
			 </trkpt>
			 <trkpt lat="40.73073" lon="-73.56318">
				 <ele>28</ele>
			 </trkpt>
			 <trkpt lat="40.73073" lon="-73.56327">
				 <ele>28</ele>
			 </trkpt>
			 <trkpt lat="40.73072" lon="-73.56336">
				 <ele>28</ele>
			 </trkpt>
			 <trkpt lat="40.73071" lon="-73.56347">
				 <ele>28</ele>
			 </trkpt>
			 <trkpt lat="40.73069" lon="-73.56359">
				 <ele>28</ele>
			 </trkpt>
			 <trkpt lat="40.73067" lon="-73.56381">
				 <ele>28</ele>
			 </trkpt>
			 <trkpt lat="40.73066" lon="-73.56391">
				 <ele>28</ele>
			 </trkpt>
			 <trkpt lat="40.73065" lon="-73.56403">
				 <ele>28</ele>
			 </trkpt>
			 <trkpt lat="40.73067" lon="-73.56412">
				 <ele>28</ele>
			 </trkpt>
			 <trkpt lat="40.73069" lon="-73.56419">
				 <ele>28</ele>
			 </trkpt>
			 <trkpt lat="40.73071" lon="-73.56424">
				 <ele>28</ele>
			 </trkpt>
			 <trkpt lat="40.73075" lon="-73.56429">
				 <ele>28</ele>
			 </trkpt>
			 <trkpt lat="40.73079" lon="-73.56434">
				 <ele>28</ele>
			 </trkpt>
			 <trkpt lat="40.73084" lon="-73.56439">
				 <ele>28</ele>
			 </trkpt>
			 <trkpt lat="40.73093" lon="-73.56446">
				 <ele>28</ele>
			 </trkpt>
			 <trkpt lat="40.73101" lon="-73.56454">
				 <ele>28</ele>
			 </trkpt>
			 <trkpt lat="40.73107" lon="-73.56459">
				 <ele>29</ele>
			 </trkpt>
			 <trkpt lat="40.73116" lon="-73.56469">
				 <ele>29</ele>
			 </trkpt>
			 <trkpt lat="40.7312" lon="-73.56478">
				 <ele>29</ele>
			 </trkpt>
			 <trkpt lat="40.73124" lon="-73.56489">
				 <ele>29</ele>
			 </trkpt>
			 <trkpt lat="40.73126" lon="-73.565">
				 <ele>28</ele>
			 </trkpt>
			 <trkpt lat="40.73126" lon="-73.56514">
				 <ele>28</ele>
			 </trkpt>
			 <trkpt lat="40.73126" lon="-73.56521">
				 <ele>28</ele>
			 </trkpt>
			 <trkpt lat="40.73124" lon="-73.56526">
				 <ele>28</ele>
			 </trkpt>
			 <trkpt lat="40.73121" lon="-73.56532">
				 <ele>28</ele>
			 </trkpt>
			 <trkpt lat="40.73117" lon="-73.56535">
				 <ele>28</ele>
			 </trkpt>
			 <trkpt lat="40.73113" lon="-73.56539">
				 <ele>28</ele>
			 </trkpt>
			 <trkpt lat="40.73107" lon="-73.56541">
				 <ele>28</ele>
			 </trkpt>
			 <trkpt lat="40.73098" lon="-73.56543">
				 <ele>28</ele>
			 </trkpt>
			 <trkpt lat="40.73084" lon="-73.56546">
				 <ele>28</ele>
			 </trkpt>
			 <trkpt lat="40.73079" lon="-73.56545">
				 <ele>28</ele>
			 </trkpt>
			 <trkpt lat="40.73065" lon="-73.56543">
				 <ele>28</ele>
			 </trkpt>
			 <trkpt lat="40.73055" lon="-73.56542">
				 <ele>28</ele>
			 </trkpt>
			 <trkpt lat="40.73008" lon="-73.56537">
				 <ele>27</ele>
			 </trkpt>
			 <trkpt lat="40.729035" lon="-73.565254">
				 <ele>27</ele>
			 </trkpt>
			 <trkpt lat="40.728827" lon="-73.56554">
				 <ele>27</ele>
			 </trkpt>
			 <trkpt lat="40.728627" lon="-73.565571">
				 <ele>27</ele>
			 </trkpt>
			 <trkpt lat="40.727797" lon="-73.565158">
				 <ele>27</ele>
			 </trkpt>
			 <trkpt lat="40.727548" lon="-73.565313">
				 <ele>27</ele>
			 </trkpt>
			 <trkpt lat="40.72741" lon="-73.56623">
				 <ele>27</ele>
			 </trkpt>
			 <trkpt lat="40.728182" lon="-73.566579">
				 <ele>27</ele>
			 </trkpt>
			 <trkpt lat="40.729093" lon="-73.567443">
				 <ele>27</ele>
			 </trkpt>
			 <trkpt lat="40.729792" lon="-73.568467">
				 <ele>27</ele>
			 </trkpt>
			 <trkpt lat="40.730028" lon="-73.569106">
				 <ele>27</ele>
			 </trkpt>
			 <trkpt lat="40.730345" lon="-73.569229">
				 <ele>27</ele>
			 </trkpt>
			 <trkpt lat="40.730824" lon="-73.570125">
				 <ele>27</ele>
			 </trkpt>
		 </trkseg>
	 </trk>
</gpx>