<?xml version="1.0" encoding="UTF-8"?>
 <gpx creator="Garmin Connect" version="1.1"
	 xsi:schemaLocation="http://www.topografix.com/GPX/1/1 http://www.topografix.com/GPX/11.xsd"
	 xmlns:ns3="http://www.garmin.com/xmlschemas/TrackPointExtension/v1"
	 xmlns="http://www.topografix.com/GPX/1/1"
	 xmlns:xsi="http://www.w3.org/2001/XMLSchema-instance" xmlns:ns2="http://www.garmin.com/xmlschemas/GpxExtensions/v3">
	 <metadata>
		<name>Marathon du Golfe de Saint-Tropez 2026 - 42.195 km</name>
		 <link href="https://www.goandrace.com">
		 <text>Garmin Connect</text>
		 </link>
	 <time>2026-08-09T22:15:22</time>
	 </metadata>
	 <trk>
		 <name>Marathon du Golfe de Saint-Tropez 2026 - 42.195 km</name>
		 <trkseg>
			 <trkpt lat="43.306986" lon="6.633522">
				 <ele>1.8</ele>
			 </trkpt>
			 <trkpt lat="43.306862" lon="6.63335">
				 <ele>2.1</ele>
			 </trkpt>
			 <trkpt lat="43.306798" lon="6.633278">
				 <ele>2.4</ele>
			 </trkpt>
			 <trkpt lat="43.306751" lon="6.633235">
				 <ele>2.6</ele>
			 </trkpt>
			 <trkpt lat="43.306667" lon="6.633153">
				 <ele>2.8</ele>
			 </trkpt>
			 <trkpt lat="43.306284" lon="6.632782">
				 <ele>3</ele>
			 </trkpt>
			 <trkpt lat="43.306125" lon="6.632626">
				 <ele>3.5</ele>
			 </trkpt>
			 <trkpt lat="43.30598" lon="6.632445">
				 <ele>3.9</ele>
			 </trkpt>
			 <trkpt lat="43.305822" lon="6.63227">
				 <ele>4.4</ele>
			 </trkpt>
			 <trkpt lat="43.305696" lon="6.632119">
				 <ele>4.8</ele>
			 </trkpt>
			 <trkpt lat="43.305617" lon="6.632017">
				 <ele>5.3</ele>
			 </trkpt>
			 <trkpt lat="43.305543" lon="6.631906">
				 <ele>5.5</ele>
			 </trkpt>
			 <trkpt lat="43.305476" lon="6.631776">
				 <ele>5.8</ele>
			 </trkpt>
			 <trkpt lat="43.305404" lon="6.631597">
				 <ele>6.1</ele>
			 </trkpt>
			 <trkpt lat="43.305358" lon="6.63144">
				 <ele>6.2</ele>
			 </trkpt>
			 <trkpt lat="43.30533" lon="6.631313">
				 <ele>6</ele>
			 </trkpt>
			 <trkpt lat="43.305317" lon="6.631225">
				 <ele>5.7</ele>
			 </trkpt>
			 <trkpt lat="43.305298" lon="6.630955">
				 <ele>5.5</ele>
			 </trkpt>
			 <trkpt lat="43.305294" lon="6.630751">
				 <ele>5</ele>
			 </trkpt>
			 <trkpt lat="43.305293" lon="6.630462">
				 <ele>4.5</ele>
			 </trkpt>
			 <trkpt lat="43.305319" lon="6.630153">
				 <ele>4.3</ele>
			 </trkpt>
			 <trkpt lat="43.305323" lon="6.630072">
				 <ele>4.1</ele>
			 </trkpt>
			 <trkpt lat="43.305324" lon="6.630034">
				 <ele>3.8</ele>
			 </trkpt>
			 <trkpt lat="43.30532" lon="6.629948">
				 <ele>3.5</ele>
			 </trkpt>
			 <trkpt lat="43.30529" lon="6.629768">
				 <ele>3.2</ele>
			 </trkpt>
			 <trkpt lat="43.305236" lon="6.629567">
				 <ele>2.9</ele>
			 </trkpt>
			 <trkpt lat="43.305103" lon="6.629255">
				 <ele>2.8</ele>
			 </trkpt>
			 <trkpt lat="43.304984" lon="6.628955">
				 <ele>2.8</ele>
			 </trkpt>
			 <trkpt lat="43.304947" lon="6.628881">
				 <ele>2.8</ele>
			 </trkpt>
			 <trkpt lat="43.304748" lon="6.628601">
				 <ele>2.9</ele>
			 </trkpt>
			 <trkpt lat="43.30438" lon="6.628082">
				 <ele>3</ele>
			 </trkpt>
			 <trkpt lat="43.30399" lon="6.627531">
				 <ele>2.9</ele>
			 </trkpt>
			 <trkpt lat="43.303917" lon="6.627445">
				 <ele>2.8</ele>
			 </trkpt>
			 <trkpt lat="43.303764" lon="6.627288">
				 <ele>2.8</ele>
			 </trkpt>
			 <trkpt lat="43.303683" lon="6.62723">
				 <ele>2.7</ele>
			 </trkpt>
			 <trkpt lat="43.303503" lon="6.627099">
				 <ele>2.6</ele>
			 </trkpt>
			 <trkpt lat="43.303397" lon="6.627048">
				 <ele>2.6</ele>
			 </trkpt>
			 <trkpt lat="43.303259" lon="6.626951">
				 <ele>2.7</ele>
			 </trkpt>
			 <trkpt lat="43.302918" lon="6.626722">
				 <ele>2.8</ele>
			 </trkpt>
			 <trkpt lat="43.302422" lon="6.626444">
				 <ele>2.8</ele>
			 </trkpt>
			 <trkpt lat="43.302272" lon="6.626362">
				 <ele>2.8</ele>
			 </trkpt>
			 <trkpt lat="43.302185" lon="6.626309">
				 <ele>2.8</ele>
			 </trkpt>
			 <trkpt lat="43.301973" lon="6.626193">
				 <ele>2.8</ele>
			 </trkpt>
			 <trkpt lat="43.301183" lon="6.625766">
				 <ele>2.7</ele>
			 </trkpt>
			 <trkpt lat="43.300993" lon="6.625674">
				 <ele>2.7</ele>
			 </trkpt>
			 <trkpt lat="43.300858" lon="6.625621">
				 <ele>2.8</ele>
			 </trkpt>
			 <trkpt lat="43.300746" lon="6.625546">
				 <ele>3</ele>
			 </trkpt>
			 <trkpt lat="43.300706" lon="6.625525">
				 <ele>3.3</ele>
			 </trkpt>
			 <trkpt lat="43.300669" lon="6.625467">
				 <ele>3.6</ele>
			 </trkpt>
			 <trkpt lat="43.300623" lon="6.625451">
				 <ele>3.9</ele>
			 </trkpt>
			 <trkpt lat="43.300571" lon="6.625477">
				 <ele>4.3</ele>
			 </trkpt>
			 <trkpt lat="43.300547" lon="6.625518">
				 <ele>4.8</ele>
			 </trkpt>
			 <trkpt lat="43.300437" lon="6.62552">
				 <ele>5.2</ele>
			 </trkpt>
			 <trkpt lat="43.299879" lon="6.625412">
				 <ele>5.5</ele>
			 </trkpt>
			 <trkpt lat="43.299382" lon="6.625329">
				 <ele>6</ele>
			 </trkpt>
			 <trkpt lat="43.299212" lon="6.62531">
				 <ele>6.5</ele>
			 </trkpt>
			 <trkpt lat="43.298707" lon="6.625225">
				 <ele>7.1</ele>
			 </trkpt>
			 <trkpt lat="43.298408" lon="6.625136">
				 <ele>7.6</ele>
			 </trkpt>
			 <trkpt lat="43.298092" lon="6.625034">
				 <ele>8.1</ele>
			 </trkpt>
			 <trkpt lat="43.29772" lon="6.624879">
				 <ele>8.4</ele>
			 </trkpt>
			 <trkpt lat="43.297526" lon="6.62479">
				 <ele>8.6</ele>
			 </trkpt>
			 <trkpt lat="43.297259" lon="6.624679">
				 <ele>8.8</ele>
			 </trkpt>
			 <trkpt lat="43.29712" lon="6.624603">
				 <ele>8.8</ele>
			 </trkpt>
			 <trkpt lat="43.296988" lon="6.624499">
				 <ele>8.9</ele>
			 </trkpt>
			 <trkpt lat="43.296903" lon="6.624405">
				 <ele>9</ele>
			 </trkpt>
			 <trkpt lat="43.296836" lon="6.624304">
				 <ele>9.1</ele>
			 </trkpt>
			 <trkpt lat="43.296735" lon="6.624111">
				 <ele>9.2</ele>
			 </trkpt>
			 <trkpt lat="43.296665" lon="6.623912">
				 <ele>9.1</ele>
			 </trkpt>
			 <trkpt lat="43.29663" lon="6.623769">
				 <ele>9.1</ele>
			 </trkpt>
			 <trkpt lat="43.296604" lon="6.623554">
				 <ele>8.9</ele>
			 </trkpt>
			 <trkpt lat="43.296604" lon="6.623345">
				 <ele>8.6</ele>
			 </trkpt>
			 <trkpt lat="43.296615" lon="6.623148">
				 <ele>8.5</ele>
			 </trkpt>
			 <trkpt lat="43.296634" lon="6.622979">
				 <ele>8.4</ele>
			 </trkpt>
			 <trkpt lat="43.296676" lon="6.622667">
				 <ele>8.5</ele>
			 </trkpt>
			 <trkpt lat="43.296695" lon="6.622389">
				 <ele>8.5</ele>
			 </trkpt>
			 <trkpt lat="43.296702" lon="6.622139">
				 <ele>8.4</ele>
			 </trkpt>
			 <trkpt lat="43.29669" lon="6.621817">
				 <ele>8.2</ele>
			 </trkpt>
			 <trkpt lat="43.296683" lon="6.621687">
				 <ele>7.8</ele>
			 </trkpt>
			 <trkpt lat="43.29667" lon="6.621221">
				 <ele>7.5</ele>
			 </trkpt>
			 <trkpt lat="43.296651" lon="6.620987">
				 <ele>7</ele>
			 </trkpt>
			 <trkpt lat="43.296624" lon="6.62081">
				 <ele>6.7</ele>
			 </trkpt>
			 <trkpt lat="43.296597" lon="6.620693">
				 <ele>6.5</ele>
			 </trkpt>
			 <trkpt lat="43.296566" lon="6.620587">
				 <ele>6.4</ele>
			 </trkpt>
			 <trkpt lat="43.296526" lon="6.620452">
				 <ele>6.3</ele>
			 </trkpt>
			 <trkpt lat="43.29644" lon="6.620236">
				 <ele>6</ele>
			 </trkpt>
			 <trkpt lat="43.296249" lon="6.619829">
				 <ele>5.9</ele>
			 </trkpt>
			 <trkpt lat="43.296178" lon="6.619677">
				 <ele>6</ele>
			 </trkpt>
			 <trkpt lat="43.296096" lon="6.619499">
				 <ele>6.1</ele>
			 </trkpt>
			 <trkpt lat="43.295998" lon="6.619298">
				 <ele>6.2</ele>
			 </trkpt>
			 <trkpt lat="43.295826" lon="6.618943">
				 <ele>6.3</ele>
			 </trkpt>
			 <trkpt lat="43.295715" lon="6.618694">
				 <ele>6.5</ele>
			 </trkpt>
			 <trkpt lat="43.295625" lon="6.618433">
				 <ele>6.6</ele>
			 </trkpt>
			 <trkpt lat="43.295549" lon="6.618158">
				 <ele>6.8</ele>
			 </trkpt>
			 <trkpt lat="43.29548" lon="6.617773">
				 <ele>7</ele>
			 </trkpt>
			 <trkpt lat="43.295435" lon="6.617571">
				 <ele>7.2</ele>
			 </trkpt>
			 <trkpt lat="43.295391" lon="6.617372">
				 <ele>7.4</ele>
			 </trkpt>
			 <trkpt lat="43.295358" lon="6.617222">
				 <ele>7.5</ele>
			 </trkpt>
			 <trkpt lat="43.295333" lon="6.617152">
				 <ele>7.6</ele>
			 </trkpt>
			 <trkpt lat="43.295279" lon="6.616998">
				 <ele>7.5</ele>
			 </trkpt>
			 <trkpt lat="43.295175" lon="6.616757">
				 <ele>7.2</ele>
			 </trkpt>
			 <trkpt lat="43.295071" lon="6.616552">
				 <ele>6.9</ele>
			 </trkpt>
			 <trkpt lat="43.294948" lon="6.616306">
				 <ele>6.6</ele>
			 </trkpt>
			 <trkpt lat="43.294829" lon="6.616055">
				 <ele>6.3</ele>
			 </trkpt>
			 <trkpt lat="43.294548" lon="6.6155">
				 <ele>6</ele>
			 </trkpt>
			 <trkpt lat="43.294297" lon="6.61506">
				 <ele>5.6</ele>
			 </trkpt>
			 <trkpt lat="43.294158" lon="6.614865">
				 <ele>5.3</ele>
			 </trkpt>
			 <trkpt lat="43.294084" lon="6.614788">
				 <ele>4.8</ele>
			 </trkpt>
			 <trkpt lat="43.293514" lon="6.614193">
				 <ele>4.3</ele>
			 </trkpt>
			 <trkpt lat="43.2934" lon="6.614074">
				 <ele>3.7</ele>
			 </trkpt>
			 <trkpt lat="43.292778" lon="6.613418">
				 <ele>3.5</ele>
			 </trkpt>
			 <trkpt lat="43.2925" lon="6.613111">
				 <ele>3.5</ele>
			 </trkpt>
			 <trkpt lat="43.292359" lon="6.612911">
				 <ele>3.6</ele>
			 </trkpt>
			 <trkpt lat="43.292229" lon="6.612704">
				 <ele>3.9</ele>
			 </trkpt>
			 <trkpt lat="43.292129" lon="6.612453">
				 <ele>4.3</ele>
			 </trkpt>
			 <trkpt lat="43.292047" lon="6.612194">
				 <ele>4.5</ele>
			 </trkpt>
			 <trkpt lat="43.291834" lon="6.611386">
				 <ele>4.9</ele>
			 </trkpt>
			 <trkpt lat="43.291477" lon="6.610027">
				 <ele>5.2</ele>
			 </trkpt>
			 <trkpt lat="43.291414" lon="6.609727">
				 <ele>5.5</ele>
			 </trkpt>
			 <trkpt lat="43.291367" lon="6.609564">
				 <ele>5.7</ele>
			 </trkpt>
			 <trkpt lat="43.291304" lon="6.609411">
				 <ele>6</ele>
			 </trkpt>
			 <trkpt lat="43.291248" lon="6.609309">
				 <ele>6.3</ele>
			 </trkpt>
			 <trkpt lat="43.291209" lon="6.609254">
				 <ele>6.5</ele>
			 </trkpt>
			 <trkpt lat="43.291059" lon="6.609048">
				 <ele>6.6</ele>
			 </trkpt>
			 <trkpt lat="43.291019" lon="6.608954">
				 <ele>6.6</ele>
			 </trkpt>
			 <trkpt lat="43.290985" lon="6.608849">
				 <ele>6.6</ele>
			 </trkpt>
			 <trkpt lat="43.290967" lon="6.608775">
				 <ele>6.6</ele>
			 </trkpt>
			 <trkpt lat="43.290949" lon="6.608745">
				 <ele>6.6</ele>
			 </trkpt>
			 <trkpt lat="43.290919" lon="6.608717">
				 <ele>6.6</ele>
			 </trkpt>
			 <trkpt lat="43.290885" lon="6.608703">
				 <ele>6.7</ele>
			 </trkpt>
			 <trkpt lat="43.290849" lon="6.608705">
				 <ele>6.8</ele>
			 </trkpt>
			 <trkpt lat="43.290739" lon="6.608689">
				 <ele>6.9</ele>
			 </trkpt>
			 <trkpt lat="43.290681" lon="6.608663">
				 <ele>7</ele>
			 </trkpt>
			 <trkpt lat="43.290619" lon="6.608614">
				 <ele>7</ele>
			 </trkpt>
			 <trkpt lat="43.290517" lon="6.608515">
				 <ele>7.1</ele>
			 </trkpt>
			 <trkpt lat="43.290436" lon="6.608414">
				 <ele>7.3</ele>
			 </trkpt>
			 <trkpt lat="43.290355" lon="6.608274">
				 <ele>7.5</ele>
			 </trkpt>
			 <trkpt lat="43.290315" lon="6.608162">
				 <ele>7.8</ele>
			 </trkpt>
			 <trkpt lat="43.290284" lon="6.608026">
				 <ele>8.2</ele>
			 </trkpt>
			 <trkpt lat="43.290257" lon="6.607856">
				 <ele>8.5</ele>
			 </trkpt>
			 <trkpt lat="43.290195" lon="6.607559">
				 <ele>8.9</ele>
			 </trkpt>
			 <trkpt lat="43.290121" lon="6.606935">
				 <ele>9.2</ele>
			 </trkpt>
			 <trkpt lat="43.29009" lon="6.606772">
				 <ele>9.2</ele>
			 </trkpt>
			 <trkpt lat="43.290019" lon="6.606476">
				 <ele>9.2</ele>
			 </trkpt>
			 <trkpt lat="43.289962" lon="6.606294">
				 <ele>9.3</ele>
			 </trkpt>
			 <trkpt lat="43.289878" lon="6.606056">
				 <ele>9.4</ele>
			 </trkpt>
			 <trkpt lat="43.289819" lon="6.605909">
				 <ele>9.4</ele>
			 </trkpt>
			 <trkpt lat="43.289665" lon="6.60559">
				 <ele>9.3</ele>
			 </trkpt>
			 <trkpt lat="43.289638" lon="6.605536">
				 <ele>9.3</ele>
			 </trkpt>
			 <trkpt lat="43.289243" lon="6.604827">
				 <ele>9.2</ele>
			 </trkpt>
			 <trkpt lat="43.2892" lon="6.604703">
				 <ele>9.1</ele>
			 </trkpt>
			 <trkpt lat="43.289092" lon="6.604543">
				 <ele>9.1</ele>
			 </trkpt>
			 <trkpt lat="43.288848" lon="6.604232">
				 <ele>9.4</ele>
			 </trkpt>
			 <trkpt lat="43.28864" lon="6.603982">
				 <ele>9.9</ele>
			 </trkpt>
			 <trkpt lat="43.288534" lon="6.603856">
				 <ele>10</ele>
			 </trkpt>
			 <trkpt lat="43.28845" lon="6.603739">
				 <ele>10.1</ele>
			 </trkpt>
			 <trkpt lat="43.288264" lon="6.603439">
				 <ele>10.3</ele>
			 </trkpt>
			 <trkpt lat="43.28765" lon="6.602363">
				 <ele>10.5</ele>
			 </trkpt>
			 <trkpt lat="43.287587" lon="6.602251">
				 <ele>10.7</ele>
			 </trkpt>
			 <trkpt lat="43.286835" lon="6.600928">
				 <ele>10.8</ele>
			 </trkpt>
			 <trkpt lat="43.286754" lon="6.600785">
				 <ele>10.9</ele>
			 </trkpt>
			 <trkpt lat="43.286148" lon="6.599724">
				 <ele>11.1</ele>
			 </trkpt>
			 <trkpt lat="43.285923" lon="6.599331">
				 <ele>10.6</ele>
			 </trkpt>
			 <trkpt lat="43.285801" lon="6.599104">
				 <ele>9.9</ele>
			 </trkpt>
			 <trkpt lat="43.285741" lon="6.598967">
				 <ele>9.2</ele>
			 </trkpt>
			 <trkpt lat="43.285618" lon="6.59862">
				 <ele>8.9</ele>
			 </trkpt>
			 <trkpt lat="43.285492" lon="6.598175">
				 <ele>8.6</ele>
			 </trkpt>
			 <trkpt lat="43.284975" lon="6.596209">
				 <ele>8.2</ele>
			 </trkpt>
			 <trkpt lat="43.284948" lon="6.596106">
				 <ele>7.5</ele>
			 </trkpt>
			 <trkpt lat="43.284897" lon="6.595919">
				 <ele>6.8</ele>
			 </trkpt>
			 <trkpt lat="43.284839" lon="6.595714">
				 <ele>6.3</ele>
			 </trkpt>
			 <trkpt lat="43.28433" lon="6.593872">
				 <ele>5.9</ele>
			 </trkpt>
			 <trkpt lat="43.284159" lon="6.593355">
				 <ele>5.3</ele>
			 </trkpt>
			 <trkpt lat="43.283791" lon="6.592014">
				 <ele>5.2</ele>
			 </trkpt>
			 <trkpt lat="43.283758" lon="6.591888">
				 <ele>5.2</ele>
			 </trkpt>
			 <trkpt lat="43.283707" lon="6.591705">
				 <ele>5.2</ele>
			 </trkpt>
			 <trkpt lat="43.283116" lon="6.589563">
				 <ele>5.2</ele>
			 </trkpt>
			 <trkpt lat="43.282758" lon="6.588237">
				 <ele>5.1</ele>
			 </trkpt>
			 <trkpt lat="43.282683" lon="6.587967">
				 <ele>5</ele>
			 </trkpt>
			 <trkpt lat="43.282389" lon="6.586909">
				 <ele>5.2</ele>
			 </trkpt>
			 <trkpt lat="43.28224" lon="6.586379">
				 <ele>5.5</ele>
			 </trkpt>
			 <trkpt lat="43.282224" lon="6.586319">
				 <ele>5.9</ele>
			 </trkpt>
			 <trkpt lat="43.282193" lon="6.586205">
				 <ele>6.1</ele>
			 </trkpt>
			 <trkpt lat="43.282164" lon="6.586095">
				 <ele>6.3</ele>
			 </trkpt>
			 <trkpt lat="43.282149" lon="6.58604">
				 <ele>6.4</ele>
			 </trkpt>
			 <trkpt lat="43.281829" lon="6.584874">
				 <ele>6.5</ele>
			 </trkpt>
			 <trkpt lat="43.281722" lon="6.584488">
				 <ele>6.5</ele>
			 </trkpt>
			 <trkpt lat="43.281712" lon="6.584435">
				 <ele>6.6</ele>
			 </trkpt>
			 <trkpt lat="43.281554" lon="6.583857">
				 <ele>6.8</ele>
			 </trkpt>
			 <trkpt lat="43.281433" lon="6.583413">
				 <ele>7</ele>
			 </trkpt>
			 <trkpt lat="43.281279" lon="6.582833">
				 <ele>6.9</ele>
			 </trkpt>
			 <trkpt lat="43.281203" lon="6.582548">
				 <ele>6.6</ele>
			 </trkpt>
			 <trkpt lat="43.281122" lon="6.58207">
				 <ele>6.3</ele>
			 </trkpt>
			 <trkpt lat="43.280955" lon="6.581496">
				 <ele>6</ele>
			 </trkpt>
			 <trkpt lat="43.280909" lon="6.58134">
				 <ele>5.9</ele>
			 </trkpt>
			 <trkpt lat="43.280768" lon="6.580753">
				 <ele>6</ele>
			 </trkpt>
			 <trkpt lat="43.280627" lon="6.580167">
				 <ele>6.1</ele>
			 </trkpt>
			 <trkpt lat="43.280486" lon="6.57958">
				 <ele>6.2</ele>
			 </trkpt>
			 <trkpt lat="43.28041" lon="6.579262">
				 <ele>6.3</ele>
			 </trkpt>
			 <trkpt lat="43.280324" lon="6.578953">
				 <ele>6.2</ele>
			 </trkpt>
			 <trkpt lat="43.280019" lon="6.578228">
				 <ele>6.1</ele>
			 </trkpt>
			 <trkpt lat="43.279927" lon="6.577887">
				 <ele>6.2</ele>
			 </trkpt>
			 <trkpt lat="43.279893" lon="6.577733">
				 <ele>6.4</ele>
			 </trkpt>
			 <trkpt lat="43.279879" lon="6.577666">
				 <ele>6.5</ele>
			 </trkpt>
			 <trkpt lat="43.279793" lon="6.577269">
				 <ele>6.7</ele>
			 </trkpt>
			 <trkpt lat="43.279765" lon="6.577078">
				 <ele>6.9</ele>
			 </trkpt>
			 <trkpt lat="43.279762" lon="6.576785">
				 <ele>7</ele>
			 </trkpt>
			 <trkpt lat="43.279748" lon="6.576523">
				 <ele>7</ele>
			 </trkpt>
			 <trkpt lat="43.279632" lon="6.576407">
				 <ele>7.1</ele>
			 </trkpt>
			 <trkpt lat="43.279603" lon="6.576366">
				 <ele>7.3</ele>
			 </trkpt>
			 <trkpt lat="43.279558" lon="6.576295">
				 <ele>7.5</ele>
			 </trkpt>
			 <trkpt lat="43.279443" lon="6.575948">
				 <ele>7.9</ele>
			 </trkpt>
			 <trkpt lat="43.279396" lon="6.575764">
				 <ele>8.3</ele>
			 </trkpt>
			 <trkpt lat="43.279363" lon="6.575507">
				 <ele>8.5</ele>
			 </trkpt>
			 <trkpt lat="43.279341" lon="6.575118">
				 <ele>8.8</ele>
			 </trkpt>
			 <trkpt lat="43.279352" lon="6.57492">
				 <ele>9</ele>
			 </trkpt>
			 <trkpt lat="43.279364" lon="6.574737">
				 <ele>9.5</ele>
			 </trkpt>
			 <trkpt lat="43.279428" lon="6.573985">
				 <ele>9.9</ele>
			 </trkpt>
			 <trkpt lat="43.279431" lon="6.573617">
				 <ele>10.3</ele>
			 </trkpt>
			 <trkpt lat="43.279406" lon="6.573313">
				 <ele>10.6</ele>
			 </trkpt>
			 <trkpt lat="43.279379" lon="6.573125">
				 <ele>11</ele>
			 </trkpt>
			 <trkpt lat="43.279172" lon="6.571824">
				 <ele>11.4</ele>
			 </trkpt>
			 <trkpt lat="43.279156" lon="6.571681">
				 <ele>11.6</ele>
			 </trkpt>
			 <trkpt lat="43.279087" lon="6.571084">
				 <ele>11.8</ele>
			 </trkpt>
			 <trkpt lat="43.278943" lon="6.569718">
				 <ele>12</ele>
			 </trkpt>
			 <trkpt lat="43.278886" lon="6.569151">
				 <ele>12.2</ele>
			 </trkpt>
			 <trkpt lat="43.278885" lon="6.56908">
				 <ele>12.4</ele>
			 </trkpt>
			 <trkpt lat="43.278882" lon="6.568947">
				 <ele>12.2</ele>
			 </trkpt>
			 <trkpt lat="43.278894" lon="6.568307">
				 <ele>12</ele>
			 </trkpt>
			 <trkpt lat="43.278879" lon="6.567993">
				 <ele>11.9</ele>
			 </trkpt>
			 <trkpt lat="43.278836" lon="6.567716">
				 <ele>11.7</ele>
			 </trkpt>
			 <trkpt lat="43.278809" lon="6.567604">
				 <ele>11.5</ele>
			 </trkpt>
			 <trkpt lat="43.278664" lon="6.566998">
				 <ele>11</ele>
			 </trkpt>
			 <trkpt lat="43.278561" lon="6.566602">
				 <ele>10.5</ele>
			 </trkpt>
			 <trkpt lat="43.278459" lon="6.566211">
				 <ele>10.2</ele>
			 </trkpt>
			 <trkpt lat="43.278329" lon="6.56579">
				 <ele>9.7</ele>
			 </trkpt>
			 <trkpt lat="43.27825" lon="6.565572">
				 <ele>9.3</ele>
			 </trkpt>
			 <trkpt lat="43.278015" lon="6.565034">
				 <ele>8.8</ele>
			 </trkpt>
			 <trkpt lat="43.277714" lon="6.564462">
				 <ele>8.5</ele>
			 </trkpt>
			 <trkpt lat="43.27754" lon="6.564131">
				 <ele>8</ele>
			 </trkpt>
			 <trkpt lat="43.27737" lon="6.563766">
				 <ele>7.6</ele>
			 </trkpt>
			 <trkpt lat="43.277303" lon="6.563606">
				 <ele>7.3</ele>
			 </trkpt>
			 <trkpt lat="43.277255" lon="6.563468">
				 <ele>6.9</ele>
			 </trkpt>
			 <trkpt lat="43.277226" lon="6.563384">
				 <ele>7.1</ele>
			 </trkpt>
			 <trkpt lat="43.277033" lon="6.562773">
				 <ele>7.2</ele>
			 </trkpt>
			 <trkpt lat="43.276786" lon="6.561938">
				 <ele>7.3</ele>
			 </trkpt>
			 <trkpt lat="43.276744" lon="6.561797">
				 <ele>7.5</ele>
			 </trkpt>
			 <trkpt lat="43.276619" lon="6.56139">
				 <ele>7.6</ele>
			 </trkpt>
			 <trkpt lat="43.276315" lon="6.560421">
				 <ele>7.9</ele>
			 </trkpt>
			 <trkpt lat="43.276207" lon="6.560107">
				 <ele>8.2</ele>
			 </trkpt>
			 <trkpt lat="43.276165" lon="6.559986">
				 <ele>8.5</ele>
			 </trkpt>
			 <trkpt lat="43.276075" lon="6.559708">
				 <ele>9</ele>
			 </trkpt>
			 <trkpt lat="43.276043" lon="6.5596">
				 <ele>9.5</ele>
			 </trkpt>
			 <trkpt lat="43.275952" lon="6.559216">
				 <ele>9.8</ele>
			 </trkpt>
			 <trkpt lat="43.27593" lon="6.559075">
				 <ele>9.7</ele>
			 </trkpt>
			 <trkpt lat="43.275919" lon="6.558944">
				 <ele>9.7</ele>
			 </trkpt>
			 <trkpt lat="43.275911" lon="6.558731">
				 <ele>9.6</ele>
			 </trkpt>
			 <trkpt lat="43.275917" lon="6.558517">
				 <ele>9.5</ele>
			 </trkpt>
			 <trkpt lat="43.27593" lon="6.558343">
				 <ele>9.8</ele>
			 </trkpt>
			 <trkpt lat="43.275964" lon="6.557901">
				 <ele>10.3</ele>
			 </trkpt>
			 <trkpt lat="43.27598" lon="6.557604">
				 <ele>10.7</ele>
			 </trkpt>
			 <trkpt lat="43.275989" lon="6.557282">
				 <ele>11.1</ele>
			 </trkpt>
			 <trkpt lat="43.27599" lon="6.557173">
				 <ele>11.1</ele>
			 </trkpt>
			 <trkpt lat="43.27601" lon="6.555826">
				 <ele>11</ele>
			 </trkpt>
			 <trkpt lat="43.276022" lon="6.554923">
				 <ele>10.9</ele>
			 </trkpt>
			 <trkpt lat="43.276024" lon="6.554812">
				 <ele>10.9</ele>
			 </trkpt>
			 <trkpt lat="43.275941" lon="6.554847">
				 <ele>10.7</ele>
			 </trkpt>
			 <trkpt lat="43.274988" lon="6.555256">
				 <ele>10.6</ele>
			 </trkpt>
			 <trkpt lat="43.27493" lon="6.555288">
				 <ele>10.5</ele>
			 </trkpt>
			 <trkpt lat="43.274703" lon="6.555546">
				 <ele>10.1</ele>
			 </trkpt>
			 <trkpt lat="43.274669" lon="6.55557">
				 <ele>9.4</ele>
			 </trkpt>
			 <trkpt lat="43.273458" lon="6.55612">
				 <ele>8.6</ele>
			 </trkpt>
			 <trkpt lat="43.273402" lon="6.556131">
				 <ele>8</ele>
			 </trkpt>
			 <trkpt lat="43.273353" lon="6.556128">
				 <ele>7.5</ele>
			 </trkpt>
			 <trkpt lat="43.273254" lon="6.555972">
				 <ele>7.2</ele>
			 </trkpt>
			 <trkpt lat="43.273214" lon="6.555948">
				 <ele>7</ele>
			 </trkpt>
			 <trkpt lat="43.272824" lon="6.555828">
				 <ele>6.8</ele>
			 </trkpt>
			 <trkpt lat="43.272753" lon="6.555828">
				 <ele>6.8</ele>
			 </trkpt>
			 <trkpt lat="43.2721" lon="6.556001">
				 <ele>6.8</ele>
			 </trkpt>
			 <trkpt lat="43.271847" lon="6.556008">
				 <ele>6.8</ele>
			 </trkpt>
			 <trkpt lat="43.271765" lon="6.555974">
				 <ele>6.8</ele>
			 </trkpt>
			 <trkpt lat="43.271681" lon="6.555989">
				 <ele>6.7</ele>
			 </trkpt>
			 <trkpt lat="43.27165" lon="6.555928">
				 <ele>6.6</ele>
			 </trkpt>
			 <trkpt lat="43.271609" lon="6.555879">
				 <ele>6.5</ele>
			 </trkpt>
			 <trkpt lat="43.271554" lon="6.555837">
				 <ele>6.5</ele>
			 </trkpt>
			 <trkpt lat="43.271499" lon="6.555841">
				 <ele>6.5</ele>
			 </trkpt>
			 <trkpt lat="43.271372" lon="6.555853">
				 <ele>6.5</ele>
			 </trkpt>
			 <trkpt lat="43.271347" lon="6.555888">
				 <ele>6.5</ele>
			 </trkpt>
			 <trkpt lat="43.271315" lon="6.555913">
				 <ele>6.5</ele>
			 </trkpt>
			 <trkpt lat="43.271302" lon="6.555971">
				 <ele>6.5</ele>
			 </trkpt>
			 <trkpt lat="43.271262" lon="6.556079">
				 <ele>6.4</ele>
			 </trkpt>
			 <trkpt lat="43.271193" lon="6.55627">
				 <ele>6.2</ele>
			 </trkpt>
			 <trkpt lat="43.271154" lon="6.556322">
				 <ele>6.2</ele>
			 </trkpt>
			 <trkpt lat="43.27112" lon="6.55641">
				 <ele>6.3</ele>
			 </trkpt>
			 <trkpt lat="43.271006" lon="6.556981">
				 <ele>6.2</ele>
			 </trkpt>
			 <trkpt lat="43.270945" lon="6.557549">
				 <ele>6.1</ele>
			 </trkpt>
			 <trkpt lat="43.270907" lon="6.558068">
				 <ele>6.1</ele>
			 </trkpt>
			 <trkpt lat="43.270874" lon="6.558529">
				 <ele>6</ele>
			 </trkpt>
			 <trkpt lat="43.270871" lon="6.558975">
				 <ele>5.9</ele>
			 </trkpt>
			 <trkpt lat="43.270952" lon="6.560138">
				 <ele>5.7</ele>
			 </trkpt>
			 <trkpt lat="43.270994" lon="6.560746">
				 <ele>5.5</ele>
			 </trkpt>
			 <trkpt lat="43.270985" lon="6.561332">
				 <ele>5.5</ele>
			 </trkpt>
			 <trkpt lat="43.270936" lon="6.561764">
				 <ele>5.4</ele>
			 </trkpt>
			 <trkpt lat="43.270868" lon="6.562141">
				 <ele>5.1</ele>
			 </trkpt>
			 <trkpt lat="43.270828" lon="6.562284">
				 <ele>4.8</ele>
			 </trkpt>
			 <trkpt lat="43.270737" lon="6.562599">
				 <ele>4.6</ele>
			 </trkpt>
			 <trkpt lat="43.270444" lon="6.563477">
				 <ele>4.5</ele>
			 </trkpt>
			 <trkpt lat="43.270251" lon="6.564034">
				 <ele>4.3</ele>
			 </trkpt>
			 <trkpt lat="43.270082" lon="6.564549">
				 <ele>4.2</ele>
			 </trkpt>
			 <trkpt lat="43.269933" lon="6.565056">
				 <ele>4.1</ele>
			 </trkpt>
			 <trkpt lat="43.269824" lon="6.56561">
				 <ele>4</ele>
			 </trkpt>
			 <trkpt lat="43.269789" lon="6.565991">
				 <ele>3.6</ele>
			 </trkpt>
			 <trkpt lat="43.269788" lon="6.56641">
				 <ele>3.5</ele>
			 </trkpt>
			 <trkpt lat="43.269847" lon="6.566845">
				 <ele>3.4</ele>
			 </trkpt>
			 <trkpt lat="43.269885" lon="6.56703">
				 <ele>3.4</ele>
			 </trkpt>
			 <trkpt lat="43.27013" lon="6.56781">
				 <ele>3.3</ele>
			 </trkpt>
			 <trkpt lat="43.27085" lon="6.56914">
				 <ele>3.5</ele>
			 </trkpt>
			 <trkpt lat="43.27174" lon="6.57064">
				 <ele>3.5</ele>
			 </trkpt>
			 <trkpt lat="43.27346" lon="6.57371">
				 <ele>3.5</ele>
			 </trkpt>
			 <trkpt lat="43.27369" lon="6.57374">
				 <ele>3.4</ele>
			 </trkpt>
			 <trkpt lat="43.27385" lon="6.57395">
				 <ele>3.3</ele>
			 </trkpt>
			 <trkpt lat="43.27386" lon="6.57428">
				 <ele>3.3</ele>
			 </trkpt>
			 <trkpt lat="43.27378" lon="6.57466">
				 <ele>3.5</ele>
			 </trkpt>
			 <trkpt lat="43.27383" lon="6.57493">
				 <ele>3.9</ele>
			 </trkpt>
			 <trkpt lat="43.27404" lon="6.57507">
				 <ele>4.3</ele>
			 </trkpt>
			 <trkpt lat="43.27431" lon="6.5751">
				 <ele>4.5</ele>
			 </trkpt>
			 <trkpt lat="43.27445" lon="6.57561">
				 <ele>4.5</ele>
			 </trkpt>
			 <trkpt lat="43.27527" lon="6.57921">
				 <ele>4.3</ele>
			 </trkpt>
			 <trkpt lat="43.27611" lon="6.58271">
				 <ele>4.1</ele>
			 </trkpt>
			 <trkpt lat="43.27578" lon="6.58284">
				 <ele>4</ele>
			 </trkpt>
			 <trkpt lat="43.27574" lon="6.58242">
				 <ele>4</ele>
			 </trkpt>
			 <trkpt lat="43.27563" lon="6.58194">
				 <ele>3.9</ele>
			 </trkpt>
			 <trkpt lat="43.27549" lon="6.58156">
				 <ele>3.8</ele>
			 </trkpt>
			 <trkpt lat="43.27532" lon="6.58084">
				 <ele>3.9</ele>
			 </trkpt>
			 <trkpt lat="43.27507" lon="6.5804">
				 <ele>3.5</ele>
			 </trkpt>
			 <trkpt lat="43.27499" lon="6.58015">
				 <ele>3.2</ele>
			 </trkpt>
			 <trkpt lat="43.27496" lon="6.57976">
				 <ele>3</ele>
			 </trkpt>
			 <trkpt lat="43.27524" lon="6.57917">
				 <ele>3</ele>
			 </trkpt>
			 <trkpt lat="43.27444" lon="6.57572">
				 <ele>3</ele>
			 </trkpt>
			 <trkpt lat="43.27427" lon="6.57554">
				 <ele>3.1</ele>
			 </trkpt>
			 <trkpt lat="43.27419" lon="6.575488">
				 <ele>3.1</ele>
			 </trkpt>
			 <trkpt lat="43.274144" lon="6.575485">
				 <ele>3.1</ele>
			 </trkpt>
			 <trkpt lat="43.2741" lon="6.575465">
				 <ele>3.1</ele>
			 </trkpt>
			 <trkpt lat="43.274062" lon="6.57543">
				 <ele>3.2</ele>
			 </trkpt>
			 <trkpt lat="43.274033" lon="6.575382">
				 <ele>3.2</ele>
			 </trkpt>
			 <trkpt lat="43.273982" lon="6.575356">
				 <ele>3.3</ele>
			 </trkpt>
			 <trkpt lat="43.273853" lon="6.575314">
				 <ele>3.4</ele>
			 </trkpt>
			 <trkpt lat="43.273689" lon="6.575165">
				 <ele>3.5</ele>
			 </trkpt>
			 <trkpt lat="43.27352" lon="6.575021">
				 <ele>3.5</ele>
			 </trkpt>
			 <trkpt lat="43.273466" lon="6.574969">
				 <ele>3.6</ele>
			 </trkpt>
			 <trkpt lat="43.273377" lon="6.574901">
				 <ele>3.7</ele>
			 </trkpt>
			 <trkpt lat="43.273258" lon="6.57481">
				 <ele>3.8</ele>
			 </trkpt>
			 <trkpt lat="43.273118" lon="6.574703">
				 <ele>3.9</ele>
			 </trkpt>
			 <trkpt lat="43.273044" lon="6.574661">
				 <ele>4</ele>
			 </trkpt>
			 <trkpt lat="43.272814" lon="6.57453">
				 <ele>4</ele>
			 </trkpt>
			 <trkpt lat="43.272724" lon="6.574478">
				 <ele>4</ele>
			 </trkpt>
			 <trkpt lat="43.271778" lon="6.574135">
				 <ele>4</ele>
			 </trkpt>
			 <trkpt lat="43.271606" lon="6.574067">
				 <ele>3.9</ele>
			 </trkpt>
			 <trkpt lat="43.271284" lon="6.573939">
				 <ele>3.8</ele>
			 </trkpt>
			 <trkpt lat="43.270788" lon="6.573789">
				 <ele>3.7</ele>
			 </trkpt>
			 <trkpt lat="43.270739" lon="6.573785">
				 <ele>3.6</ele>
			 </trkpt>
			 <trkpt lat="43.27056" lon="6.573774">
				 <ele>3.5</ele>
			 </trkpt>
			 <trkpt lat="43.270499" lon="6.57377">
				 <ele>3.5</ele>
			 </trkpt>
			 <trkpt lat="43.270275" lon="6.573802">
				 <ele>3.5</ele>
			 </trkpt>
			 <trkpt lat="43.270126" lon="6.573918">
				 <ele>3.5</ele>
			 </trkpt>
			 <trkpt lat="43.27003" lon="6.574032">
				 <ele>3.5</ele>
			 </trkpt>
			 <trkpt lat="43.269887" lon="6.574213">
				 <ele>3.4</ele>
			 </trkpt>
			 <trkpt lat="43.26961" lon="6.574404">
				 <ele>3.3</ele>
			 </trkpt>
			 <trkpt lat="43.269179" lon="6.574533">
				 <ele>3.3</ele>
			 </trkpt>
			 <trkpt lat="43.269119" lon="6.574561">
				 <ele>3.3</ele>
			 </trkpt>
			 <trkpt lat="43.268873" lon="6.574673">
				 <ele>3.3</ele>
			 </trkpt>
			 <trkpt lat="43.268813" lon="6.574511">
				 <ele>3.3</ele>
			 </trkpt>
			 <trkpt lat="43.268747" lon="6.57443">
				 <ele>3.3</ele>
			 </trkpt>
			 <trkpt lat="43.268769" lon="6.574317">
				 <ele>3.2</ele>
			 </trkpt>
			 <trkpt lat="43.268716" lon="6.574061">
				 <ele>3</ele>
			 </trkpt>
			 <trkpt lat="43.268667" lon="6.573993">
				 <ele>2.7</ele>
			 </trkpt>
			 <trkpt lat="43.268636" lon="6.573962">
				 <ele>2.5</ele>
			 </trkpt>
			 <trkpt lat="43.268589" lon="6.573938">
				 <ele>2.2</ele>
			 </trkpt>
			 <trkpt lat="43.26857" lon="6.57399">
				 <ele>2</ele>
			 </trkpt>
			 <trkpt lat="43.268527" lon="6.574054">
				 <ele>2.1</ele>
			 </trkpt>
			 <trkpt lat="43.268231" lon="6.574083">
				 <ele>2.3</ele>
			 </trkpt>
			 <trkpt lat="43.268038" lon="6.574129">
				 <ele>2.5</ele>
			 </trkpt>
			 <trkpt lat="43.267866" lon="6.574198">
				 <ele>2.8</ele>
			 </trkpt>
			 <trkpt lat="43.267374" lon="6.574422">
				 <ele>3</ele>
			 </trkpt>
			 <trkpt lat="43.267048" lon="6.574548">
				 <ele>3.1</ele>
			 </trkpt>
			 <trkpt lat="43.266892" lon="6.574609">
				 <ele>3.3</ele>
			 </trkpt>
			 <trkpt lat="43.26665" lon="6.57473">
				 <ele>3.5</ele>
			 </trkpt>
			 <trkpt lat="43.26651" lon="6.57495">
				 <ele>4</ele>
			 </trkpt>
			 <trkpt lat="43.26582" lon="6.57586">
				 <ele>4.5</ele>
			 </trkpt>
			 <trkpt lat="43.26547" lon="6.57635">
				 <ele>5</ele>
			 </trkpt>
			 <trkpt lat="43.2652" lon="6.57707">
				 <ele>5.2</ele>
			 </trkpt>
			 <trkpt lat="43.26512" lon="6.57709">
				 <ele>5.1</ele>
			 </trkpt>
			 <trkpt lat="43.26494" lon="6.57729">
				 <ele>4.9</ele>
			 </trkpt>
			 <trkpt lat="43.264994" lon="6.577577">
				 <ele>4.8</ele>
			 </trkpt>
			 <trkpt lat="43.265002" lon="6.577756">
				 <ele>4.8</ele>
			 </trkpt>
			 <trkpt lat="43.264962" lon="6.578032">
				 <ele>4.8</ele>
			 </trkpt>
			 <trkpt lat="43.26485" lon="6.578651">
				 <ele>4.9</ele>
			 </trkpt>
			 <trkpt lat="43.264826" lon="6.578767">
				 <ele>5</ele>
			 </trkpt>
			 <trkpt lat="43.264724" lon="6.579286">
				 <ele>5</ele>
			 </trkpt>
			 <trkpt lat="43.264615" lon="6.579907">
				 <ele>5</ele>
			 </trkpt>
			 <trkpt lat="43.264423" lon="6.580995">
				 <ele>5</ele>
			 </trkpt>
			 <trkpt lat="43.264169" lon="6.58095">
				 <ele>5</ele>
			 </trkpt>
			 <trkpt lat="43.264164" lon="6.58101">
				 <ele>5.3</ele>
			 </trkpt>
			 <trkpt lat="43.264195" lon="6.581096">
				 <ele>5.5</ele>
			 </trkpt>
			 <trkpt lat="43.264286" lon="6.581425">
				 <ele>5.7</ele>
			 </trkpt>
			 <trkpt lat="43.264303" lon="6.581521">
				 <ele>5.8</ele>
			 </trkpt>
			 <trkpt lat="43.264303" lon="6.581601">
				 <ele>6</ele>
			 </trkpt>
			 <trkpt lat="43.26417" lon="6.582582">
				 <ele>6.2</ele>
			 </trkpt>
			 <trkpt lat="43.264154" lon="6.582632">
				 <ele>6.4</ele>
			 </trkpt>
			 <trkpt lat="43.264076" lon="6.582878">
				 <ele>6.5</ele>
			 </trkpt>
			 <trkpt lat="43.263952" lon="6.583105">
				 <ele>6.5</ele>
			 </trkpt>
			 <trkpt lat="43.263838" lon="6.583231">
				 <ele>6.5</ele>
			 </trkpt>
			 <trkpt lat="43.263414" lon="6.583609">
				 <ele>6.5</ele>
			 </trkpt>
			 <trkpt lat="43.263303" lon="6.583731">
				 <ele>6.4</ele>
			 </trkpt>
			 <trkpt lat="43.263251" lon="6.583928">
				 <ele>6.1</ele>
			 </trkpt>
			 <trkpt lat="43.263489" lon="6.584037">
				 <ele>6</ele>
			 </trkpt>
			 <trkpt lat="43.263529" lon="6.584084">
				 <ele>6.1</ele>
			 </trkpt>
			 <trkpt lat="43.263535" lon="6.584158">
				 <ele>6.2</ele>
			 </trkpt>
			 <trkpt lat="43.263487" lon="6.584538">
				 <ele>6.2</ele>
			 </trkpt>
			 <trkpt lat="43.263362" lon="6.585541">
				 <ele>6.2</ele>
			 </trkpt>
			 <trkpt lat="43.263273" lon="6.586022">
				 <ele>6.2</ele>
			 </trkpt>
			 <trkpt lat="43.263216" lon="6.586234">
				 <ele>6.3</ele>
			 </trkpt>
			 <trkpt lat="43.263165" lon="6.586328">
				 <ele>6.4</ele>
			 </trkpt>
			 <trkpt lat="43.263106" lon="6.586441">
				 <ele>6.5</ele>
			 </trkpt>
			 <trkpt lat="43.263054" lon="6.586513">
				 <ele>6.6</ele>
			 </trkpt>
			 <trkpt lat="43.263027" lon="6.586491">
				 <ele>6.8</ele>
			 </trkpt>
			 <trkpt lat="43.262996" lon="6.586479">
				 <ele>6.8</ele>
			 </trkpt>
			 <trkpt lat="43.262965" lon="6.586479">
				 <ele>6.6</ele>
			 </trkpt>
			 <trkpt lat="43.262934" lon="6.586491">
				 <ele>6.5</ele>
			 </trkpt>
			 <trkpt lat="43.262907" lon="6.586513">
				 <ele>6.2</ele>
			 </trkpt>
			 <trkpt lat="43.262863" lon="6.586461">
				 <ele>5.9</ele>
			 </trkpt>
			 <trkpt lat="43.262809" lon="6.58642">
				 <ele>5.6</ele>
			 </trkpt>
			 <trkpt lat="43.262422" lon="6.586148">
				 <ele>5.4</ele>
			 </trkpt>
			 <trkpt lat="43.262312" lon="6.586078">
				 <ele>5.1</ele>
			 </trkpt>
			 <trkpt lat="43.262254" lon="6.586058">
				 <ele>4.8</ele>
			 </trkpt>
			 <trkpt lat="43.262167" lon="6.586064">
				 <ele>4.5</ele>
			 </trkpt>
			 <trkpt lat="43.262119" lon="6.586094">
				 <ele>4.4</ele>
			 </trkpt>
			 <trkpt lat="43.262093" lon="6.586178">
				 <ele>4.3</ele>
			 </trkpt>
			 <trkpt lat="43.261988" lon="6.586283">
				 <ele>4.3</ele>
			 </trkpt>
			 <trkpt lat="43.261931" lon="6.586319">
				 <ele>4.2</ele>
			 </trkpt>
			 <trkpt lat="43.261857" lon="6.586329">
				 <ele>4.2</ele>
			 </trkpt>
			 <trkpt lat="43.261824" lon="6.586366">
				 <ele>4.2</ele>
			 </trkpt>
			 <trkpt lat="43.261729" lon="6.586598">
				 <ele>4.4</ele>
			 </trkpt>
			 <trkpt lat="43.261664" lon="6.586708">
				 <ele>4.5</ele>
			 </trkpt>
			 <trkpt lat="43.261276" lon="6.587641">
				 <ele>4.6</ele>
			 </trkpt>
			 <trkpt lat="43.261168" lon="6.587876">
				 <ele>4.5</ele>
			 </trkpt>
			 <trkpt lat="43.261043" lon="6.588123">
				 <ele>4.5</ele>
			 </trkpt>
			 <trkpt lat="43.260886" lon="6.58847">
				 <ele>4.5</ele>
			 </trkpt>
			 <trkpt lat="43.260627" lon="6.589091">
				 <ele>4.5</ele>
			 </trkpt>
			 <trkpt lat="43.260367" lon="6.589612">
				 <ele>4.4</ele>
			 </trkpt>
			 <trkpt lat="43.259752" lon="6.590778">
				 <ele>4.4</ele>
			 </trkpt>
			 <trkpt lat="43.259658" lon="6.591007">
				 <ele>4.5</ele>
			 </trkpt>
			 <trkpt lat="43.259623" lon="6.591126">
				 <ele>4.6</ele>
			 </trkpt>
			 <trkpt lat="43.259604" lon="6.591246">
				 <ele>4.6</ele>
			 </trkpt>
			 <trkpt lat="43.259591" lon="6.591475">
				 <ele>4.6</ele>
			 </trkpt>
			 <trkpt lat="43.259596" lon="6.591558">
				 <ele>4.8</ele>
			 </trkpt>
			 <trkpt lat="43.25963" lon="6.59174">
				 <ele>5.2</ele>
			 </trkpt>
			 <trkpt lat="43.25982" lon="6.59234">
				 <ele>5.6</ele>
			 </trkpt>
			 <trkpt lat="43.26041" lon="6.59384">
				 <ele>6.5</ele>
			 </trkpt>
			 <trkpt lat="43.26048" lon="6.5939">
				 <ele>7.3</ele>
			 </trkpt>
			 <trkpt lat="43.26056" lon="6.59411">
				 <ele>8.1</ele>
			 </trkpt>
			 <trkpt lat="43.26057" lon="6.59425">
				 <ele>9.3</ele>
			 </trkpt>
			 <trkpt lat="43.26089" lon="6.59513">
				 <ele>10.3</ele>
			 </trkpt>
			 <trkpt lat="43.26173" lon="6.59719">
				 <ele>11</ele>
			 </trkpt>
			 <trkpt lat="43.26174" lon="6.59731">
				 <ele>11.6</ele>
			 </trkpt>
			 <trkpt lat="43.26179" lon="6.59746">
				 <ele>12.3</ele>
			 </trkpt>
			 <trkpt lat="43.26216" lon="6.59835">
				 <ele>12.8</ele>
			 </trkpt>
			 <trkpt lat="43.26234" lon="6.59888">
				 <ele>13.4</ele>
			 </trkpt>
			 <trkpt lat="43.26242" lon="6.59934">
				 <ele>13.7</ele>
			 </trkpt>
			 <trkpt lat="43.262458" lon="6.599727">
				 <ele>13.7</ele>
			 </trkpt>
			 <trkpt lat="43.262462" lon="6.600139">
				 <ele>13.7</ele>
			 </trkpt>
			 <trkpt lat="43.262447" lon="6.600489">
				 <ele>13.7</ele>
			 </trkpt>
			 <trkpt lat="43.262415" lon="6.601281">
				 <ele>14</ele>
			 </trkpt>
			 <trkpt lat="43.262392" lon="6.601591">
				 <ele>14.3</ele>
			 </trkpt>
			 <trkpt lat="43.262349" lon="6.601997">
				 <ele>14.6</ele>
			 </trkpt>
			 <trkpt lat="43.262335" lon="6.602113">
				 <ele>15.2</ele>
			 </trkpt>
			 <trkpt lat="43.262323" lon="6.602209">
				 <ele>15.7</ele>
			 </trkpt>
			 <trkpt lat="43.262229" lon="6.603052">
				 <ele>16.1</ele>
			 </trkpt>
			 <trkpt lat="43.262219" lon="6.603445">
				 <ele>16.8</ele>
			 </trkpt>
			 <trkpt lat="43.262236" lon="6.603562">
				 <ele>17.4</ele>
			 </trkpt>
			 <trkpt lat="43.262284" lon="6.603765">
				 <ele>17.8</ele>
			 </trkpt>
			 <trkpt lat="43.262362" lon="6.603992">
				 <ele>18</ele>
			 </trkpt>
			 <trkpt lat="43.262766" lon="6.604852">
				 <ele>18.1</ele>
			 </trkpt>
			 <trkpt lat="43.263204" lon="6.605788">
				 <ele>17.4</ele>
			 </trkpt>
			 <trkpt lat="43.263296" lon="6.606007">
				 <ele>16.5</ele>
			 </trkpt>
			 <trkpt lat="43.263357" lon="6.606242">
				 <ele>15.8</ele>
			 </trkpt>
			 <trkpt lat="43.263421" lon="6.606528">
				 <ele>15</ele>
			 </trkpt>
			 <trkpt lat="43.263429" lon="6.606717">
				 <ele>14.1</ele>
			 </trkpt>
			 <trkpt lat="43.263411" lon="6.606923">
				 <ele>13.4</ele>
			 </trkpt>
			 <trkpt lat="43.263316" lon="6.607401">
				 <ele>12.3</ele>
			 </trkpt>
			 <trkpt lat="43.263288" lon="6.607576">
				 <ele>11.3</ele>
			 </trkpt>
			 <trkpt lat="43.26328" lon="6.607629">
				 <ele>10.4</ele>
			 </trkpt>
			 <trkpt lat="43.263269" lon="6.607886">
				 <ele>9.6</ele>
			 </trkpt>
			 <trkpt lat="43.263286" lon="6.608188">
				 <ele>9.2</ele>
			 </trkpt>
			 <trkpt lat="43.263322" lon="6.608546">
				 <ele>9</ele>
			 </trkpt>
			 <trkpt lat="43.26333" lon="6.608626">
				 <ele>9.1</ele>
			 </trkpt>
			 <trkpt lat="43.263345" lon="6.608768">
				 <ele>9.2</ele>
			 </trkpt>
			 <trkpt lat="43.263352" lon="6.609094">
				 <ele>9.2</ele>
			 </trkpt>
			 <trkpt lat="43.263329" lon="6.609943">
				 <ele>9.1</ele>
			 </trkpt>
			 <trkpt lat="43.263368" lon="6.610201">
				 <ele>8.9</ele>
			 </trkpt>
			 <trkpt lat="43.26343" lon="6.610466">
				 <ele>8.7</ele>
			 </trkpt>
			 <trkpt lat="43.263538" lon="6.610721">
				 <ele>8.6</ele>
			 </trkpt>
			 <trkpt lat="43.26366" lon="6.610959">
				 <ele>8.5</ele>
			 </trkpt>
			 <trkpt lat="43.263746" lon="6.611197">
				 <ele>8.5</ele>
			 </trkpt>
			 <trkpt lat="43.263796" lon="6.611419">
				 <ele>8.5</ele>
			 </trkpt>
			 <trkpt lat="43.263823" lon="6.611639">
				 <ele>8.3</ele>
			 </trkpt>
			 <trkpt lat="43.263832" lon="6.611908">
				 <ele>8</ele>
			 </trkpt>
			 <trkpt lat="43.26382" lon="6.612184">
				 <ele>7.9</ele>
			 </trkpt>
			 <trkpt lat="43.263787" lon="6.612658">
				 <ele>7.6</ele>
			 </trkpt>
			 <trkpt lat="43.263727" lon="6.613369">
				 <ele>7.5</ele>
			 </trkpt>
			 <trkpt lat="43.263721" lon="6.613427">
				 <ele>7.5</ele>
			 </trkpt>
			 <trkpt lat="43.26371" lon="6.613544">
				 <ele>7.4</ele>
			 </trkpt>
			 <trkpt lat="43.263581" lon="6.615128">
				 <ele>7.4</ele>
			 </trkpt>
			 <trkpt lat="43.263575" lon="6.615613">
				 <ele>7.7</ele>
			 </trkpt>
			 <trkpt lat="43.263585" lon="6.615964">
				 <ele>8</ele>
			 </trkpt>
			 <trkpt lat="43.263632" lon="6.616313">
				 <ele>8.2</ele>
			 </trkpt>
			 <trkpt lat="43.263677" lon="6.616583">
				 <ele>7.8</ele>
			 </trkpt>
			 <trkpt lat="43.263725" lon="6.616851">
				 <ele>7.3</ele>
			 </trkpt>
			 <trkpt lat="43.263912" lon="6.617903">
				 <ele>6.5</ele>
			 </trkpt>
			 <trkpt lat="43.263943" lon="6.618212">
				 <ele>6.5</ele>
			 </trkpt>
			 <trkpt lat="43.263955" lon="6.618396">
				 <ele>6.5</ele>
			 </trkpt>
			 <trkpt lat="43.263996" lon="6.619343">
				 <ele>6.5</ele>
			 </trkpt>
			 <trkpt lat="43.264002" lon="6.6195">
				 <ele>6.4</ele>
			 </trkpt>
			 <trkpt lat="43.264008" lon="6.619666">
				 <ele>6.2</ele>
			 </trkpt>
			 <trkpt lat="43.264058" lon="6.621288">
				 <ele>5.6</ele>
			 </trkpt>
			 <trkpt lat="43.264089" lon="6.621922">
				 <ele>5.2</ele>
			 </trkpt>
			 <trkpt lat="43.26413" lon="6.622249">
				 <ele>4.7</ele>
			 </trkpt>
			 <trkpt lat="43.264248" lon="6.622953">
				 <ele>4.8</ele>
			 </trkpt>
			 <trkpt lat="43.264365" lon="6.62362">
				 <ele>5.1</ele>
			 </trkpt>
			 <trkpt lat="43.264397" lon="6.623802">
				 <ele>5.5</ele>
			 </trkpt>
			 <trkpt lat="43.264404" lon="6.623843">
				 <ele>5.4</ele>
			 </trkpt>
			 <trkpt lat="43.26448" lon="6.624072">
				 <ele>5.2</ele>
			 </trkpt>
			 <trkpt lat="43.264505" lon="6.624124">
				 <ele>5.1</ele>
			 </trkpt>
			 <trkpt lat="43.264587" lon="6.624288">
				 <ele>5.1</ele>
			 </trkpt>
			 <trkpt lat="43.26475" lon="6.624506">
				 <ele>5.1</ele>
			 </trkpt>
			 <trkpt lat="43.264866" lon="6.624644">
				 <ele>5.1</ele>
			 </trkpt>
			 <trkpt lat="43.264897" lon="6.624682">
				 <ele>5.1</ele>
			 </trkpt>
			 <trkpt lat="43.265008" lon="6.62482">
				 <ele>5.1</ele>
			 </trkpt>
			 <trkpt lat="43.265084" lon="6.624917">
				 <ele>5.1</ele>
			 </trkpt>
			 <trkpt lat="43.265148" lon="6.624997">
				 <ele>5.1</ele>
			 </trkpt>
			 <trkpt lat="43.265173" lon="6.625029">
				 <ele>5.1</ele>
			 </trkpt>
			 <trkpt lat="43.265389" lon="6.625296">
				 <ele>5.2</ele>
			 </trkpt>
			 <trkpt lat="43.265636" lon="6.62559">
				 <ele>5.3</ele>
			 </trkpt>
			 <trkpt lat="43.265654" lon="6.625637">
				 <ele>5.3</ele>
			 </trkpt>
			 <trkpt lat="43.265946" lon="6.625958">
				 <ele>5.3</ele>
			 </trkpt>
			 <trkpt lat="43.266089" lon="6.626137">
				 <ele>5.2</ele>
			 </trkpt>
			 <trkpt lat="43.26631" lon="6.626427">
				 <ele>5.2</ele>
			 </trkpt>
			 <trkpt lat="43.266414" lon="6.6266">
				 <ele>5.2</ele>
			 </trkpt>
			 <trkpt lat="43.266511" lon="6.626825">
				 <ele>5.2</ele>
			 </trkpt>
			 <trkpt lat="43.266554" lon="6.626987">
				 <ele>5.3</ele>
			 </trkpt>
			 <trkpt lat="43.26661" lon="6.627254">
				 <ele>5.4</ele>
			 </trkpt>
			 <trkpt lat="43.266829" lon="6.628293">
				 <ele>5.3</ele>
			 </trkpt>
			 <trkpt lat="43.266859" lon="6.628434">
				 <ele>5.1</ele>
			 </trkpt>
			 <trkpt lat="43.266921" lon="6.628788">
				 <ele>5</ele>
			 </trkpt>
			 <trkpt lat="43.26695" lon="6.628951">
				 <ele>5.1</ele>
			 </trkpt>
			 <trkpt lat="43.266979" lon="6.629118">
				 <ele>5.2</ele>
			 </trkpt>
			 <trkpt lat="43.267029" lon="6.629437">
				 <ele>5.3</ele>
			 </trkpt>
			 <trkpt lat="43.267123" lon="6.629929">
				 <ele>5.2</ele>
			 </trkpt>
			 <trkpt lat="43.267202" lon="6.630323">
				 <ele>5.1</ele>
			 </trkpt>
			 <trkpt lat="43.267249" lon="6.6306">
				 <ele>5.1</ele>
			 </trkpt>
			 <trkpt lat="43.26726" lon="6.63064">
				 <ele>5</ele>
			 </trkpt>
			 <trkpt lat="43.267339" lon="6.630902">
				 <ele>4.9</ele>
			 </trkpt>
			 <trkpt lat="43.26744" lon="6.631181">
				 <ele>4.9</ele>
			 </trkpt>
			 <trkpt lat="43.267483" lon="6.631293">
				 <ele>5</ele>
			 </trkpt>
			 <trkpt lat="43.267723" lon="6.631881">
				 <ele>5</ele>
			 </trkpt>
			 <trkpt lat="43.2678" lon="6.632071">
				 <ele>4.9</ele>
			 </trkpt>
			 <trkpt lat="43.267877" lon="6.632245">
				 <ele>4.8</ele>
			 </trkpt>
			 <trkpt lat="43.26794" lon="6.632401">
				 <ele>4.6</ele>
			 </trkpt>
			 <trkpt lat="43.268195" lon="6.633003">
				 <ele>4.5</ele>
			 </trkpt>
			 <trkpt lat="43.268218" lon="6.633057">
				 <ele>4.5</ele>
			 </trkpt>
			 <trkpt lat="43.268244" lon="6.63312">
				 <ele>4.3</ele>
			 </trkpt>
			 <trkpt lat="43.268314" lon="6.633293">
				 <ele>4.4</ele>
			 </trkpt>
			 <trkpt lat="43.268531" lon="6.633823">
				 <ele>4.5</ele>
			 </trkpt>
			 <trkpt lat="43.268661" lon="6.634141">
				 <ele>4.5</ele>
			 </trkpt>
			 <trkpt lat="43.268752" lon="6.634373">
				 <ele>4.6</ele>
			 </trkpt>
			 <trkpt lat="43.268809" lon="6.634509">
				 <ele>4.7</ele>
			 </trkpt>
			 <trkpt lat="43.269003" lon="6.634988">
				 <ele>4.8</ele>
			 </trkpt>
			 <trkpt lat="43.269168" lon="6.635366">
				 <ele>4.9</ele>
			 </trkpt>
			 <trkpt lat="43.269228" lon="6.635516">
				 <ele>5.2</ele>
			 </trkpt>
			 <trkpt lat="43.269449" lon="6.636057">
				 <ele>5.5</ele>
			 </trkpt>
			 <trkpt lat="43.269475" lon="6.636131">
				 <ele>5.8</ele>
			 </trkpt>
			 <trkpt lat="43.2695" lon="6.636191">
				 <ele>6.2</ele>
			 </trkpt>
			 <trkpt lat="43.269562" lon="6.636305">
				 <ele>6.3</ele>
			 </trkpt>
			 <trkpt lat="43.269587" lon="6.636327">
				 <ele>6.4</ele>
			 </trkpt>
			 <trkpt lat="43.269626" lon="6.636344">
				 <ele>6.5</ele>
			 </trkpt>
			 <trkpt lat="43.269669" lon="6.636365">
				 <ele>6.5</ele>
			 </trkpt>
			 <trkpt lat="43.269772" lon="6.636422">
				 <ele>6.5</ele>
			 </trkpt>
			 <trkpt lat="43.269842" lon="6.636465">
				 <ele>6.6</ele>
			 </trkpt>
			 <trkpt lat="43.270044" lon="6.636626">
				 <ele>6.7</ele>
			 </trkpt>
			 <trkpt lat="43.270387" lon="6.636979">
				 <ele>6.8</ele>
			 </trkpt>
			 <trkpt lat="43.270612" lon="6.637251">
				 <ele>6.9</ele>
			 </trkpt>
			 <trkpt lat="43.270829" lon="6.637605">
				 <ele>7</ele>
			 </trkpt>
			 <trkpt lat="43.270875" lon="6.637705">
				 <ele>7.1</ele>
			 </trkpt>
			 <trkpt lat="43.270973" lon="6.637953">
				 <ele>7.3</ele>
			 </trkpt>
			 <trkpt lat="43.271073" lon="6.638184">
				 <ele>7.5</ele>
			 </trkpt>
			 <trkpt lat="43.27121" lon="6.638492">
				 <ele>7.6</ele>
			 </trkpt>
			 <trkpt lat="43.271312" lon="6.638708">
				 <ele>7.9</ele>
			 </trkpt>
			 <trkpt lat="43.271448" lon="6.638747">
				 <ele>7.8</ele>
			 </trkpt>
			 <trkpt lat="43.271707" lon="6.638945">
				 <ele>7.7</ele>
			 </trkpt>
			 <trkpt lat="43.271938" lon="6.639108">
				 <ele>7.6</ele>
			 </trkpt>
			 <trkpt lat="43.272016" lon="6.639116">
				 <ele>7.6</ele>
			 </trkpt>
			 <trkpt lat="43.272078" lon="6.639072">
				 <ele>7.7</ele>
			 </trkpt>
			 <trkpt lat="43.272951" lon="6.638773">
				 <ele>7.8</ele>
			 </trkpt>
			 <trkpt lat="43.273001" lon="6.638767">
				 <ele>8.2</ele>
			 </trkpt>
			 <trkpt lat="43.273044" lon="6.638779">
				 <ele>8.6</ele>
			 </trkpt>
			 <trkpt lat="43.273084" lon="6.638819">
				 <ele>9.2</ele>
			 </trkpt>
			 <trkpt lat="43.273107" lon="6.638883">
				 <ele>9.8</ele>
			 </trkpt>
			 <trkpt lat="43.27312" lon="6.63898">
				 <ele>10.5</ele>
			 </trkpt>
			 <trkpt lat="43.273117" lon="6.639195">
				 <ele>11.3</ele>
			 </trkpt>
			 <trkpt lat="43.273111" lon="6.639354">
				 <ele>12</ele>
			 </trkpt>
			 <trkpt lat="43.27301" lon="6.63942">
				 <ele>12.5</ele>
			 </trkpt>
			 <trkpt lat="43.27257" lon="6.63957">
				 <ele>12.9</ele>
			 </trkpt>
			 <trkpt lat="43.27239" lon="6.63978">
				 <ele>13</ele>
			 </trkpt>
			 <trkpt lat="43.27217" lon="6.63996">
				 <ele>12.8</ele>
			 </trkpt>
			 <trkpt lat="43.27216" lon="6.63972">
				 <ele>12.5</ele>
			 </trkpt>
			 <trkpt lat="43.27206" lon="6.63945">
				 <ele>11.8</ele>
			 </trkpt>
			 <trkpt lat="43.27188" lon="6.63962">
				 <ele>11.1</ele>
			 </trkpt>
			 <trkpt lat="43.27103" lon="6.63987">
				 <ele>10.3</ele>
			 </trkpt>
			 <trkpt lat="43.27047" lon="6.64054">
				 <ele>9.7</ele>
			 </trkpt>
			 <trkpt lat="43.27018" lon="6.64095">
				 <ele>9.4</ele>
			 </trkpt>
			 <trkpt lat="43.26939" lon="6.63903">
				 <ele>9.1</ele>
			 </trkpt>
			 <trkpt lat="43.26947" lon="6.63786">
				 <ele>9</ele>
			 </trkpt>
			 <trkpt lat="43.26936" lon="6.63787">
				 <ele>9.6</ele>
			 </trkpt>
			 <trkpt lat="43.26826" lon="6.63854">
				 <ele>10.5</ele>
			 </trkpt>
			 <trkpt lat="43.26803" lon="6.63923">
				 <ele>11.5</ele>
			 </trkpt>
			 <trkpt lat="43.26755" lon="6.63933">
				 <ele>12.5</ele>
			 </trkpt>
			 <trkpt lat="43.26728" lon="6.63909">
				 <ele>13.5</ele>
			 </trkpt>
			 <trkpt lat="43.26634" lon="6.63936">
				 <ele>14.5</ele>
			 </trkpt>
			 <trkpt lat="43.26604" lon="6.63942">
				 <ele>15.5</ele>
			 </trkpt>
			 <trkpt lat="43.265986" lon="6.63943">
				 <ele>16.1</ele>
			 </trkpt>
			 <trkpt lat="43.265695" lon="6.638994">
				 <ele>16.7</ele>
			 </trkpt>
			 <trkpt lat="43.265608" lon="6.638829">
				 <ele>17.5</ele>
			 </trkpt>
			 <trkpt lat="43.265523" lon="6.638601">
				 <ele>18.4</ele>
			 </trkpt>
			 <trkpt lat="43.265429" lon="6.638247">
				 <ele>18.9</ele>
			 </trkpt>
			 <trkpt lat="43.265275" lon="6.637588">
				 <ele>19.5</ele>
			 </trkpt>
			 <trkpt lat="43.265223" lon="6.637366">
				 <ele>20.3</ele>
			 </trkpt>
			 <trkpt lat="43.265133" lon="6.637093">
				 <ele>20.7</ele>
			 </trkpt>
			 <trkpt lat="43.265048" lon="6.636883">
				 <ele>21.2</ele>
			 </trkpt>
			 <trkpt lat="43.264908" lon="6.636561">
				 <ele>21.8</ele>
			 </trkpt>
			 <trkpt lat="43.264841" lon="6.636316">
				 <ele>22.6</ele>
			 </trkpt>
			 <trkpt lat="43.264772" lon="6.635993">
				 <ele>23.8</ele>
			 </trkpt>
			 <trkpt lat="43.264736" lon="6.635762">
				 <ele>25.1</ele>
			 </trkpt>
			 <trkpt lat="43.264727" lon="6.635702">
				 <ele>26.5</ele>
			 </trkpt>
			 <trkpt lat="43.264712" lon="6.63539">
				 <ele>27.7</ele>
			 </trkpt>
			 <trkpt lat="43.264683" lon="6.635231">
				 <ele>28.7</ele>
			 </trkpt>
			 <trkpt lat="43.264427" lon="6.634641">
				 <ele>29.7</ele>
			 </trkpt>
			 <trkpt lat="43.264246" lon="6.634333">
				 <ele>30.8</ele>
			 </trkpt>
			 <trkpt lat="43.264031" lon="6.633969">
				 <ele>32.3</ele>
			 </trkpt>
			 <trkpt lat="43.26397" lon="6.6339">
				 <ele>33.8</ele>
			 </trkpt>
			 <trkpt lat="43.263899" lon="6.633819">
				 <ele>35.4</ele>
			 </trkpt>
			 <trkpt lat="43.263814" lon="6.633794">
				 <ele>36.7</ele>
			 </trkpt>
			 <trkpt lat="43.263559" lon="6.633695">
				 <ele>37.6</ele>
			 </trkpt>
			 <trkpt lat="43.263432" lon="6.633634">
				 <ele>38.1</ele>
			 </trkpt>
			 <trkpt lat="43.263267" lon="6.633439">
				 <ele>38.1</ele>
			 </trkpt>
			 <trkpt lat="43.263079" lon="6.633122">
				 <ele>37.6</ele>
			 </trkpt>
			 <trkpt lat="43.262959" lon="6.632942">
				 <ele>36.7</ele>
			 </trkpt>
			 <trkpt lat="43.262698" lon="6.632632">
				 <ele>35.5</ele>
			 </trkpt>
			 <trkpt lat="43.262151" lon="6.632455">
				 <ele>34</ele>
			 </trkpt>
			 <trkpt lat="43.261901" lon="6.632247">
				 <ele>32.4</ele>
			 </trkpt>
			 <trkpt lat="43.261535" lon="6.631943">
				 <ele>30.6</ele>
			 </trkpt>
			 <trkpt lat="43.260985" lon="6.631354">
				 <ele>28.9</ele>
			 </trkpt>
			 <trkpt lat="43.260346" lon="6.630803">
				 <ele>27.5</ele>
			 </trkpt>
			 <trkpt lat="43.260223" lon="6.63094">
				 <ele>26.3</ele>
			 </trkpt>
			 <trkpt lat="43.259578" lon="6.631665">
				 <ele>25.4</ele>
			 </trkpt>
			 <trkpt lat="43.259515" lon="6.631728">
				 <ele>24.7</ele>
			 </trkpt>
			 <trkpt lat="43.259278" lon="6.631981">
				 <ele>24.6</ele>
			 </trkpt>
			 <trkpt lat="43.257922" lon="6.633443">
				 <ele>25.3</ele>
			 </trkpt>
			 <trkpt lat="43.257858" lon="6.633511">
				 <ele>26.4</ele>
			 </trkpt>
			 <trkpt lat="43.257809" lon="6.633566">
				 <ele>27.7</ele>
			 </trkpt>
			 <trkpt lat="43.257732" lon="6.633652">
				 <ele>29.1</ele>
			 </trkpt>
			 <trkpt lat="43.257283" lon="6.63418">
				 <ele>30.7</ele>
			 </trkpt>
			 <trkpt lat="43.256776" lon="6.634777">
				 <ele>32.3</ele>
			 </trkpt>
			 <trkpt lat="43.256333" lon="6.635364">
				 <ele>33.5</ele>
			 </trkpt>
			 <trkpt lat="43.255648" lon="6.636332">
				 <ele>34.8</ele>
			 </trkpt>
			 <trkpt lat="43.255617" lon="6.636377">
				 <ele>36</ele>
			 </trkpt>
			 <trkpt lat="43.255349" lon="6.636785">
				 <ele>37.5</ele>
			 </trkpt>
			 <trkpt lat="43.255243" lon="6.636955">
				 <ele>38.8</ele>
			 </trkpt>
			 <trkpt lat="43.255171" lon="6.637067">
				 <ele>39.8</ele>
			 </trkpt>
			 <trkpt lat="43.254976" lon="6.637417">
				 <ele>39.8</ele>
			 </trkpt>
			 <trkpt lat="43.254786" lon="6.637748">
				 <ele>39.5</ele>
			 </trkpt>
			 <trkpt lat="43.254318" lon="6.638593">
				 <ele>39.3</ele>
			 </trkpt>
			 <trkpt lat="43.253253" lon="6.640632">
				 <ele>38.6</ele>
			 </trkpt>
			 <trkpt lat="43.253226" lon="6.640683">
				 <ele>37.9</ele>
			 </trkpt>
			 <trkpt lat="43.251765" lon="6.643497">
				 <ele>37.1</ele>
			 </trkpt>
			 <trkpt lat="43.251656" lon="6.643708">
				 <ele>36.1</ele>
			 </trkpt>
			 <trkpt lat="43.251454" lon="6.644076">
				 <ele>34.7</ele>
			 </trkpt>
			 <trkpt lat="43.251333" lon="6.644265">
				 <ele>33</ele>
			 </trkpt>
			 <trkpt lat="43.251207" lon="6.644423">
				 <ele>31.1</ele>
			 </trkpt>
			 <trkpt lat="43.251096" lon="6.644508">
				 <ele>29.1</ele>
			 </trkpt>
			 <trkpt lat="43.249971" lon="6.64536">
				 <ele>27.9</ele>
			 </trkpt>
			 <trkpt lat="43.248563" lon="6.646635">
				 <ele>26.6</ele>
			 </trkpt>
			 <trkpt lat="43.24714" lon="6.647945">
				 <ele>25.4</ele>
			 </trkpt>
			 <trkpt lat="43.24655" lon="6.648503">
				 <ele>23.9</ele>
			 </trkpt>
			 <trkpt lat="43.246468" lon="6.648562">
				 <ele>22.5</ele>
			 </trkpt>
			 <trkpt lat="43.246435" lon="6.648587">
				 <ele>21</ele>
			 </trkpt>
			 <trkpt lat="43.246299" lon="6.648673">
				 <ele>19.6</ele>
			 </trkpt>
			 <trkpt lat="43.246115" lon="6.648738">
				 <ele>18.6</ele>
			 </trkpt>
			 <trkpt lat="43.245771" lon="6.648754">
				 <ele>17.6</ele>
			 </trkpt>
			 <trkpt lat="43.245634" lon="6.648737">
				 <ele>17</ele>
			 </trkpt>
			 <trkpt lat="43.245467" lon="6.648687">
				 <ele>16.5</ele>
			 </trkpt>
			 <trkpt lat="43.245252" lon="6.648578">
				 <ele>15.8</ele>
			 </trkpt>
			 <trkpt lat="43.244989" lon="6.648421">
				 <ele>15.2</ele>
			 </trkpt>
			 <trkpt lat="43.244791" lon="6.648331">
				 <ele>14.6</ele>
			 </trkpt>
			 <trkpt lat="43.244596" lon="6.648283">
				 <ele>14.5</ele>
			 </trkpt>
			 <trkpt lat="43.244421" lon="6.648263">
				 <ele>14.3</ele>
			 </trkpt>
			 <trkpt lat="43.244254" lon="6.648275">
				 <ele>14.2</ele>
			 </trkpt>
			 <trkpt lat="43.244052" lon="6.648331">
				 <ele>14.2</ele>
			 </trkpt>
			 <trkpt lat="43.243393" lon="6.648657">
				 <ele>14.2</ele>
			 </trkpt>
			 <trkpt lat="43.240887" lon="6.649952">
				 <ele>14.2</ele>
			 </trkpt>
			 <trkpt lat="43.240576" lon="6.650088">
				 <ele>14.1</ele>
			 </trkpt>
			 <trkpt lat="43.240328" lon="6.650167">
				 <ele>14</ele>
			 </trkpt>
			 <trkpt lat="43.240065" lon="6.650225">
				 <ele>14.1</ele>
			 </trkpt>
			 <trkpt lat="43.239826" lon="6.650225">
				 <ele>14.5</ele>
			 </trkpt>
			 <trkpt lat="43.239577" lon="6.6502">
				 <ele>14.7</ele>
			 </trkpt>
			 <trkpt lat="43.23936" lon="6.650163">
				 <ele>14.9</ele>
			 </trkpt>
			 <trkpt lat="43.239139" lon="6.650104">
				 <ele>15.3</ele>
			 </trkpt>
			 <trkpt lat="43.238843" lon="6.649968">
				 <ele>15.6</ele>
			 </trkpt>
			 <trkpt lat="43.238612" lon="6.64989">
				 <ele>16</ele>
			 </trkpt>
			 <trkpt lat="43.238531" lon="6.64986">
				 <ele>16.5</ele>
			 </trkpt>
			 <trkpt lat="43.238507" lon="6.649798">
				 <ele>17</ele>
			 </trkpt>
			 <trkpt lat="43.238468" lon="6.649769">
				 <ele>17.7</ele>
			 </trkpt>
			 <trkpt lat="43.238441" lon="6.649774">
				 <ele>18.5</ele>
			 </trkpt>
			 <trkpt lat="43.238354" lon="6.649774">
				 <ele>19.5</ele>
			 </trkpt>
			 <trkpt lat="43.238223" lon="6.649661">
				 <ele>20.3</ele>
			 </trkpt>
			 <trkpt lat="43.238116" lon="6.649595">
				 <ele>21.2</ele>
			 </trkpt>
			 <trkpt lat="43.237952" lon="6.649517">
				 <ele>22.2</ele>
			 </trkpt>
			 <trkpt lat="43.237774" lon="6.649489">
				 <ele>23.2</ele>
			 </trkpt>
			 <trkpt lat="43.237625" lon="6.649481">
				 <ele>24.2</ele>
			 </trkpt>
			 <trkpt lat="43.237442" lon="6.649505">
				 <ele>25.4</ele>
			 </trkpt>
			 <trkpt lat="43.237251" lon="6.649548">
				 <ele>26.8</ele>
			 </trkpt>
			 <trkpt lat="43.237021" lon="6.649613">
				 <ele>28.3</ele>
			 </trkpt>
			 <trkpt lat="43.236785" lon="6.649702">
				 <ele>30</ele>
			 </trkpt>
			 <trkpt lat="43.236663" lon="6.649757">
				 <ele>31.6</ele>
			 </trkpt>
			 <trkpt lat="43.236433" lon="6.649902">
				 <ele>33.3</ele>
			 </trkpt>
			 <trkpt lat="43.23594" lon="6.650334">
				 <ele>34.9</ele>
			 </trkpt>
			 <trkpt lat="43.235753" lon="6.650469">
				 <ele>36.5</ele>
			 </trkpt>
			 <trkpt lat="43.234409" lon="6.651188">
				 <ele>37.9</ele>
			 </trkpt>
			 <trkpt lat="43.234331" lon="6.65123">
				 <ele>39.5</ele>
			 </trkpt>
			 <trkpt lat="43.233197" lon="6.651834">
				 <ele>41.2</ele>
			 </trkpt>
			 <trkpt lat="43.232938" lon="6.651945">
				 <ele>42.6</ele>
			 </trkpt>
			 <trkpt lat="43.23278" lon="6.651988">
				 <ele>43.7</ele>
			 </trkpt>
			 <trkpt lat="43.232635" lon="6.652004">
				 <ele>44.7</ele>
			 </trkpt>
			 <trkpt lat="43.231885" lon="6.65207">
				 <ele>45.2</ele>
			 </trkpt>
			 <trkpt lat="43.23171" lon="6.652094">
				 <ele>45.5</ele>
			 </trkpt>
			 <trkpt lat="43.231522" lon="6.65211">
				 <ele>45.7</ele>
			 </trkpt>
			 <trkpt lat="43.231318" lon="6.652129">
				 <ele>45.7</ele>
			 </trkpt>
			 <trkpt lat="43.231249" lon="6.652135">
				 <ele>45.5</ele>
			 </trkpt>
			 <trkpt lat="43.230971" lon="6.652112">
				 <ele>45.3</ele>
			 </trkpt>
			 <trkpt lat="43.230198" lon="6.651972">
				 <ele>44.6</ele>
			 </trkpt>
			 <trkpt lat="43.229952" lon="6.651921">
				 <ele>43.9</ele>
			 </trkpt>
			 <trkpt lat="43.229606" lon="6.651846">
				 <ele>43</ele>
			 </trkpt>
			 <trkpt lat="43.229359" lon="6.651774">
				 <ele>41.9</ele>
			 </trkpt>
			 <trkpt lat="43.22923" lon="6.65171">
				 <ele>40.8</ele>
			 </trkpt>
			 <trkpt lat="43.229102" lon="6.651624">
				 <ele>39.8</ele>
			 </trkpt>
			 <trkpt lat="43.228985" lon="6.651509">
				 <ele>39</ele>
			 </trkpt>
			 <trkpt lat="43.228867" lon="6.651378">
				 <ele>38.2</ele>
			 </trkpt>
			 <trkpt lat="43.228353" lon="6.65076">
				 <ele>37.7</ele>
			 </trkpt>
			 <trkpt lat="43.228306" lon="6.650725">
				 <ele>37.5</ele>
			 </trkpt>
			 <trkpt lat="43.228186" lon="6.650635">
				 <ele>37.5</ele>
			 </trkpt>
			 <trkpt lat="43.228041" lon="6.650561">
				 <ele>37.7</ele>
			 </trkpt>
			 <trkpt lat="43.227896" lon="6.650513">
				 <ele>38.1</ele>
			 </trkpt>
			 <trkpt lat="43.227539" lon="6.650462">
				 <ele>38.6</ele>
			 </trkpt>
			 <trkpt lat="43.22737" lon="6.650488">
				 <ele>39.5</ele>
			 </trkpt>
			 <trkpt lat="43.227227" lon="6.650532">
				 <ele>40.4</ele>
			 </trkpt>
			 <trkpt lat="43.227094" lon="6.650607">
				 <ele>41.5</ele>
			 </trkpt>
			 <trkpt lat="43.226739" lon="6.65081">
				 <ele>42.8</ele>
			 </trkpt>
			 <trkpt lat="43.226628" lon="6.65084">
				 <ele>43.9</ele>
			 </trkpt>
			 <trkpt lat="43.226503" lon="6.650842">
				 <ele>44.7</ele>
			 </trkpt>
			 <trkpt lat="43.226372" lon="6.650826">
				 <ele>45.3</ele>
			 </trkpt>
			 <trkpt lat="43.226224" lon="6.650742">
				 <ele>45.5</ele>
			 </trkpt>
			 <trkpt lat="43.225688" lon="6.650335">
				 <ele>45.5</ele>
			 </trkpt>
			 <trkpt lat="43.22533" lon="6.65074">
				 <ele>44.8</ele>
			 </trkpt>
			 <trkpt lat="43.22522" lon="6.65095">
				 <ele>43.8</ele>
			 </trkpt>
			 <trkpt lat="43.22509" lon="6.65183">
				 <ele>42.6</ele>
			 </trkpt>
			 <trkpt lat="43.22494" lon="6.65214">
				 <ele>41.3</ele>
			 </trkpt>
			 <trkpt lat="43.22472" lon="6.65229">
				 <ele>39.5</ele>
			 </trkpt>
			 <trkpt lat="43.22416" lon="6.6525">
				 <ele>37.4</ele>
			 </trkpt>
			 <trkpt lat="43.22366" lon="6.65363">
				 <ele>35.2</ele>
			 </trkpt>
			 <trkpt lat="43.223556" lon="6.653744">
				 <ele>32.9</ele>
			 </trkpt>
			 <trkpt lat="43.22332" lon="6.653896">
				 <ele>30.7</ele>
			 </trkpt>
			 <trkpt lat="43.222708" lon="6.65416">
				 <ele>28.7</ele>
			 </trkpt>
			 <trkpt lat="43.222544" lon="6.654161">
				 <ele>26.9</ele>
			 </trkpt>
			 <trkpt lat="43.222092" lon="6.653966">
				 <ele>25.4</ele>
			 </trkpt>
			 <trkpt lat="43.221974" lon="6.653959">
				 <ele>23.9</ele>
			 </trkpt>
			 <trkpt lat="43.221867" lon="6.654015">
				 <ele>22.5</ele>
			 </trkpt>
			 <trkpt lat="43.221832" lon="6.654075">
				 <ele>21.1</ele>
			 </trkpt>
			 <trkpt lat="43.221719" lon="6.654276">
				 <ele>19.8</ele>
			 </trkpt>
			 <trkpt lat="43.221485" lon="6.654848">
				 <ele>18.6</ele>
			 </trkpt>
			 <trkpt lat="43.221356" lon="6.655091">
				 <ele>17.7</ele>
			 </trkpt>
			 <trkpt lat="43.221312" lon="6.655193">
				 <ele>16.9</ele>
			 </trkpt>
			 <trkpt lat="43.221297" lon="6.65514">
				 <ele>16</ele>
			 </trkpt>
			 <trkpt lat="43.221041" lon="6.65441">
				 <ele>15.1</ele>
			 </trkpt>
			 <trkpt lat="43.220896" lon="6.653996">
				 <ele>14.5</ele>
			 </trkpt>
			 <trkpt lat="43.220828" lon="6.653915">
				 <ele>14</ele>
			 </trkpt>
			 <trkpt lat="43.220807" lon="6.653889">
				 <ele>13.8</ele>
			 </trkpt>
			 <trkpt lat="43.220569" lon="6.653801">
				 <ele>13.9</ele>
			 </trkpt>
			 <trkpt lat="43.220481" lon="6.653736">
				 <ele>14.2</ele>
			 </trkpt>
			 <trkpt lat="43.220393" lon="6.652592">
				 <ele>14.5</ele>
			 </trkpt>
			 <trkpt lat="43.220353" lon="6.652085">
				 <ele>14.9</ele>
			 </trkpt>
			 <trkpt lat="43.220315" lon="6.651599">
				 <ele>15.5</ele>
			 </trkpt>
			 <trkpt lat="43.220262" lon="6.651093">
				 <ele>16.4</ele>
			 </trkpt>
			 <trkpt lat="43.220257" lon="6.650626">
				 <ele>17.4</ele>
			 </trkpt>
			 <trkpt lat="43.220248" lon="6.650487">
				 <ele>18.4</ele>
			 </trkpt>
			 <trkpt lat="43.220215" lon="6.650199">
				 <ele>19.2</ele>
			 </trkpt>
			 <trkpt lat="43.220149" lon="6.649085">
				 <ele>19.6</ele>
			 </trkpt>
			 <trkpt lat="43.220072" lon="6.648549">
				 <ele>19.5</ele>
			 </trkpt>
			 <trkpt lat="43.220053" lon="6.648332">
				 <ele>19.2</ele>
			 </trkpt>
			 <trkpt lat="43.220048" lon="6.648279">
				 <ele>18.5</ele>
			 </trkpt>
			 <trkpt lat="43.219995" lon="6.648274">
				 <ele>17.9</ele>
			 </trkpt>
			 <trkpt lat="43.219674" lon="6.648257">
				 <ele>17.3</ele>
			 </trkpt>
			 <trkpt lat="43.218518" lon="6.648319">
				 <ele>16.3</ele>
			 </trkpt>
			 <trkpt lat="43.217358" lon="6.648381">
				 <ele>15.1</ele>
			 </trkpt>
			 <trkpt lat="43.216977" lon="6.648372">
				 <ele>13.8</ele>
			 </trkpt>
			 <trkpt lat="43.216741" lon="6.648325">
				 <ele>12.5</ele>
			 </trkpt>
			 <trkpt lat="43.216603" lon="6.648279">
				 <ele>11.3</ele>
			 </trkpt>
			 <trkpt lat="43.216336" lon="6.648145">
				 <ele>10.5</ele>
			 </trkpt>
			 <trkpt lat="43.216113" lon="6.647985">
				 <ele>10.3</ele>
			 </trkpt>
			 <trkpt lat="43.215927" lon="6.647828">
				 <ele>10.2</ele>
			 </trkpt>
			 <trkpt lat="43.21576" lon="6.647654">
				 <ele>10.3</ele>
			 </trkpt>
			 <trkpt lat="43.215645" lon="6.647502">
				 <ele>10.4</ele>
			 </trkpt>
			 <trkpt lat="43.215563" lon="6.647389">
				 <ele>10.4</ele>
			 </trkpt>
			 <trkpt lat="43.215408" lon="6.6471">
				 <ele>10.5</ele>
			 </trkpt>
			 <trkpt lat="43.215211" lon="6.646639">
				 <ele>10.6</ele>
			 </trkpt>
			 <trkpt lat="43.214838" lon="6.645583">
				 <ele>11</ele>
			 </trkpt>
			 <trkpt lat="43.214748" lon="6.645315">
				 <ele>11.5</ele>
			 </trkpt>
			 <trkpt lat="43.214475" lon="6.644639">
				 <ele>11.9</ele>
			 </trkpt>
			 <trkpt lat="43.214286" lon="6.644258">
				 <ele>12.4</ele>
			 </trkpt>
			 <trkpt lat="43.213751" lon="6.643178">
				 <ele>12.8</ele>
			 </trkpt>
			 <trkpt lat="43.213145" lon="6.641981">
				 <ele>13.3</ele>
			 </trkpt>
			 <trkpt lat="43.213035" lon="6.641765">
				 <ele>13.5</ele>
			 </trkpt>
			 <trkpt lat="43.213013" lon="6.64172">
				 <ele>14.1</ele>
			 </trkpt>
			 <trkpt lat="43.212887" lon="6.641483">
				 <ele>14.8</ele>
			 </trkpt>
			 <trkpt lat="43.212696" lon="6.641119">
				 <ele>15.5</ele>
			 </trkpt>
			 <trkpt lat="43.212641" lon="6.641019">
				 <ele>16.3</ele>
			 </trkpt>
			 <trkpt lat="43.21256" lon="6.640874">
				 <ele>16.9</ele>
			 </trkpt>
			 <trkpt lat="43.211811" lon="6.639684">
				 <ele>17.5</ele>
			 </trkpt>
			 <trkpt lat="43.211706" lon="6.639485">
				 <ele>18.3</ele>
			 </trkpt>
			 <trkpt lat="43.211568" lon="6.639102">
				 <ele>19.1</ele>
			 </trkpt>
			 <trkpt lat="43.21153" lon="6.638962">
				 <ele>20.2</ele>
			 </trkpt>
			 <trkpt lat="43.21147" lon="6.638673">
				 <ele>21.4</ele>
			 </trkpt>
			 <trkpt lat="43.211445" lon="6.638446">
				 <ele>22.6</ele>
			 </trkpt>
			 <trkpt lat="43.211423" lon="6.638236">
				 <ele>24.2</ele>
			 </trkpt>
			 <trkpt lat="43.211434" lon="6.637917">
				 <ele>25.9</ele>
			 </trkpt>
			 <trkpt lat="43.211492" lon="6.637249">
				 <ele>27.6</ele>
			 </trkpt>
			 <trkpt lat="43.211502" lon="6.637119">
				 <ele>29.3</ele>
			 </trkpt>
			 <trkpt lat="43.211509" lon="6.637022">
				 <ele>30.3</ele>
			 </trkpt>
			 <trkpt lat="43.211602" lon="6.635972">
				 <ele>31.1</ele>
			 </trkpt>
			 <trkpt lat="43.211645" lon="6.635423">
				 <ele>31.8</ele>
			 </trkpt>
			 <trkpt lat="43.211651" lon="6.635152">
				 <ele>32.4</ele>
			 </trkpt>
			 <trkpt lat="43.211649" lon="6.634884">
				 <ele>32.6</ele>
			 </trkpt>
			 <trkpt lat="43.211597" lon="6.63377">
				 <ele>32.8</ele>
			 </trkpt>
			 <trkpt lat="43.211593" lon="6.633504">
				 <ele>33.1</ele>
			 </trkpt>
			 <trkpt lat="43.211602" lon="6.63324">
				 <ele>32.9</ele>
			 </trkpt>
			 <trkpt lat="43.21161" lon="6.633011">
				 <ele>32.5</ele>
			 </trkpt>
			 <trkpt lat="43.211728" lon="6.631646">
				 <ele>31.9</ele>
			 </trkpt>
			 <trkpt lat="43.211749" lon="6.631387">
				 <ele>31.2</ele>
			 </trkpt>
			 <trkpt lat="43.211813" lon="6.630628">
				 <ele>31.2</ele>
			 </trkpt>
			 <trkpt lat="43.211839" lon="6.630304">
				 <ele>31.3</ele>
			 </trkpt>
			 <trkpt lat="43.211835" lon="6.629571">
				 <ele>31.4</ele>
			 </trkpt>
			 <trkpt lat="43.21184" lon="6.629207">
				 <ele>31.5</ele>
			 </trkpt>
			 <trkpt lat="43.21188" lon="6.628832">
				 <ele>31.4</ele>
			 </trkpt>
			 <trkpt lat="43.211969" lon="6.628366">
				 <ele>31.3</ele>
			 </trkpt>
			 <trkpt lat="43.21199" lon="6.628006">
				 <ele>31.1</ele>
			 </trkpt>
			 <trkpt lat="43.211997" lon="6.6277">
				 <ele>30.8</ele>
			 </trkpt>
			 <trkpt lat="43.211965" lon="6.627361">
				 <ele>30.5</ele>
			 </trkpt>
			 <trkpt lat="43.211953" lon="6.627127">
				 <ele>30.4</ele>
			 </trkpt>
			 <trkpt lat="43.211954" lon="6.626882">
				 <ele>30.5</ele>
			 </trkpt>
			 <trkpt lat="43.211986" lon="6.626655">
				 <ele>30.6</ele>
			 </trkpt>
			 <trkpt lat="43.21204" lon="6.626427">
				 <ele>30.9</ele>
			 </trkpt>
			 <trkpt lat="43.212131" lon="6.62624">
				 <ele>31.4</ele>
			 </trkpt>
			 <trkpt lat="43.212264" lon="6.625995">
				 <ele>32</ele>
			 </trkpt>
			 <trkpt lat="43.212511" lon="6.625569">
				 <ele>32.8</ele>
			 </trkpt>
			 <trkpt lat="43.212696" lon="6.625074">
				 <ele>33.6</ele>
			 </trkpt>
			 <trkpt lat="43.212755" lon="6.624798">
				 <ele>34.6</ele>
			 </trkpt>
			 <trkpt lat="43.212705" lon="6.624528">
				 <ele>35.6</ele>
			 </trkpt>
			 <trkpt lat="43.212554" lon="6.624044">
				 <ele>36.7</ele>
			 </trkpt>
			 <trkpt lat="43.212474" lon="6.623923">
				 <ele>37.8</ele>
			 </trkpt>
			 <trkpt lat="43.212443" lon="6.623848">
				 <ele>38.7</ele>
			 </trkpt>
			 <trkpt lat="43.212212" lon="6.623296">
				 <ele>39.4</ele>
			 </trkpt>
			 <trkpt lat="43.212128" lon="6.62317">
				 <ele>40</ele>
			 </trkpt>
			 <trkpt lat="43.212051" lon="6.623056">
				 <ele>40.5</ele>
			 </trkpt>
			 <trkpt lat="43.211892" lon="6.622876">
				 <ele>40.7</ele>
			 </trkpt>
			 <trkpt lat="43.211662" lon="6.622747">
				 <ele>41</ele>
			 </trkpt>
			 <trkpt lat="43.211302" lon="6.622611">
				 <ele>42.1</ele>
			 </trkpt>
			 <trkpt lat="43.210853" lon="6.622431">
				 <ele>43.1</ele>
			 </trkpt>
			 <trkpt lat="43.210555" lon="6.622233">
				 <ele>44.1</ele>
			 </trkpt>
			 <trkpt lat="43.210363" lon="6.622037">
				 <ele>45</ele>
			 </trkpt>
			 <trkpt lat="43.210279" lon="6.621914">
				 <ele>45.9</ele>
			 </trkpt>
			 <trkpt lat="43.2099" lon="6.621354">
				 <ele>46.8</ele>
			 </trkpt>
			 <trkpt lat="43.209749" lon="6.621212">
				 <ele>47.8</ele>
			 </trkpt>
			 <trkpt lat="43.209629" lon="6.621138">
				 <ele>48.6</ele>
			 </trkpt>
			 <trkpt lat="43.209559" lon="6.62111">
				 <ele>49.4</ele>
			 </trkpt>
			 <trkpt lat="43.209488" lon="6.621082">
				 <ele>49.9</ele>
			 </trkpt>
			 <trkpt lat="43.209378" lon="6.621052">
				 <ele>50.4</ele>
			 </trkpt>
			 <trkpt lat="43.20934" lon="6.621042">
				 <ele>49.8</ele>
			 </trkpt>
			 <trkpt lat="43.209192" lon="6.621036">
				 <ele>49</ele>
			 </trkpt>
			 <trkpt lat="43.208974" lon="6.621082">
				 <ele>48</ele>
			 </trkpt>
			 <trkpt lat="43.208615" lon="6.621301">
				 <ele>47</ele>
			 </trkpt>
			 <trkpt lat="43.208506" lon="6.621378">
				 <ele>46</ele>
			 </trkpt>
			 <trkpt lat="43.207839" lon="6.621814">
				 <ele>45.1</ele>
			 </trkpt>
			 <trkpt lat="43.207551" lon="6.621981">
				 <ele>44.3</ele>
			 </trkpt>
			 <trkpt lat="43.207319" lon="6.622049">
				 <ele>43.6</ele>
			 </trkpt>
			 <trkpt lat="43.207152" lon="6.622075">
				 <ele>43</ele>
			 </trkpt>
			 <trkpt lat="43.206986" lon="6.622083">
				 <ele>42.5</ele>
			 </trkpt>
			 <trkpt lat="43.20624" lon="6.62204">
				 <ele>42.1</ele>
			 </trkpt>
			 <trkpt lat="43.205997" lon="6.622001">
				 <ele>41.7</ele>
			 </trkpt>
			 <trkpt lat="43.205784" lon="6.621987">
				 <ele>41.5</ele>
			 </trkpt>
			 <trkpt lat="43.205731" lon="6.621984">
				 <ele>41.6</ele>
			 </trkpt>
			 <trkpt lat="43.205583" lon="6.621965">
				 <ele>41.8</ele>
			 </trkpt>
			 <trkpt lat="43.205449" lon="6.621956">
				 <ele>42.1</ele>
			 </trkpt>
			 <trkpt lat="43.205268" lon="6.62194">
				 <ele>42.5</ele>
			 </trkpt>
			 <trkpt lat="43.205106" lon="6.62188">
				 <ele>42.9</ele>
			 </trkpt>
			 <trkpt lat="43.205001" lon="6.621819">
				 <ele>43.4</ele>
			 </trkpt>
			 <trkpt lat="43.204919" lon="6.621757">
				 <ele>44.1</ele>
			 </trkpt>
			 <trkpt lat="43.204838" lon="6.621664">
				 <ele>44.8</ele>
			 </trkpt>
			 <trkpt lat="43.204744" lon="6.621535">
				 <ele>45.5</ele>
			 </trkpt>
			 <trkpt lat="43.2047" lon="6.621473">
				 <ele>46.2</ele>
			 </trkpt>
			 <trkpt lat="43.204513" lon="6.621163">
				 <ele>46.9</ele>
			 </trkpt>
			 <trkpt lat="43.20425" lon="6.62069">
				 <ele>47.5</ele>
			 </trkpt>
			 <trkpt lat="43.204051" lon="6.620481">
				 <ele>47.8</ele>
			 </trkpt>
			 <trkpt lat="43.203848" lon="6.620369">
				 <ele>48.1</ele>
			 </trkpt>
			 <trkpt lat="43.203789" lon="6.620336">
				 <ele>48.4</ele>
			 </trkpt>
			 <trkpt lat="43.203501" lon="6.620215">
				 <ele>48.7</ele>
			 </trkpt>
			 <trkpt lat="43.20314" lon="6.620064">
				 <ele>49</ele>
			 </trkpt>
			 <trkpt lat="43.202755" lon="6.619915">
				 <ele>49.3</ele>
			 </trkpt>
			 <trkpt lat="43.202506" lon="6.619763">
				 <ele>49.5</ele>
			 </trkpt>
			 <trkpt lat="43.202019" lon="6.619428">
				 <ele>49.6</ele>
			 </trkpt>
			 <trkpt lat="43.201903" lon="6.619262">
				 <ele>49.7</ele>
			 </trkpt>
			 <trkpt lat="43.20182" lon="6.619083">
				 <ele>49.8</ele>
			 </trkpt>
			 <trkpt lat="43.201657" lon="6.618893">
				 <ele>50.1</ele>
			 </trkpt>
			 <trkpt lat="43.201319" lon="6.618777">
				 <ele>50.5</ele>
			 </trkpt>
			 <trkpt lat="43.201126" lon="6.618669">
				 <ele>51</ele>
			 </trkpt>
			 <trkpt lat="43.200891" lon="6.618267">
				 <ele>51.4</ele>
			 </trkpt>
			 <trkpt lat="43.200711" lon="6.617996">
				 <ele>51.7</ele>
			 </trkpt>
			 <trkpt lat="43.200443" lon="6.617681">
				 <ele>52.2</ele>
			 </trkpt>
			 <trkpt lat="43.200265" lon="6.617368">
				 <ele>52.6</ele>
			 </trkpt>
			 <trkpt lat="43.200235" lon="6.617316">
				 <ele>53.5</ele>
			 </trkpt>
			 <trkpt lat="43.200185" lon="6.61706">
				 <ele>54.7</ele>
			 </trkpt>
			 <trkpt lat="43.20019" lon="6.616792">
				 <ele>56.1</ele>
			 </trkpt>
			 <trkpt lat="43.200319" lon="6.616297">
				 <ele>57.7</ele>
			 </trkpt>
			 <trkpt lat="43.200521" lon="6.615831">
				 <ele>59.7</ele>
			 </trkpt>
			 <trkpt lat="43.200931" lon="6.615311">
				 <ele>61.7</ele>
			 </trkpt>
			 <trkpt lat="43.201123" lon="6.614936">
				 <ele>63.7</ele>
			 </trkpt>
			 <trkpt lat="43.201314" lon="6.614563">
				 <ele>65.6</ele>
			 </trkpt>
			 <trkpt lat="43.201593" lon="6.613825">
				 <ele>67.6</ele>
			 </trkpt>
			 <trkpt lat="43.201996" lon="6.613374">
				 <ele>69.5</ele>
			 </trkpt>
			 <trkpt lat="43.202056" lon="6.613181">
				 <ele>71.2</ele>
			 </trkpt>
			 <trkpt lat="43.202028" lon="6.612929">
				 <ele>72.7</ele>
			 </trkpt>
			 <trkpt lat="43.201901" lon="6.612451">
				 <ele>74.4</ele>
			 </trkpt>
			 <trkpt lat="43.201869" lon="6.611987">
				 <ele>76.2</ele>
			 </trkpt>
			 <trkpt lat="43.201832" lon="6.611711">
				 <ele>77.9</ele>
			 </trkpt>
			 <trkpt lat="43.201776" lon="6.6115">
				 <ele>79.4</ele>
			 </trkpt>
			 <trkpt lat="43.201639" lon="6.610981">
				 <ele>81.1</ele>
			 </trkpt>
			 <trkpt lat="43.201627" lon="6.610602">
				 <ele>82.8</ele>
			 </trkpt>
			 <trkpt lat="43.201737" lon="6.610196">
				 <ele>84.5</ele>
			 </trkpt>
			 <trkpt lat="43.201856" lon="6.610001">
				 <ele>86</ele>
			 </trkpt>
			 <trkpt lat="43.202021" lon="6.609876">
				 <ele>87.5</ele>
			 </trkpt>
			 <trkpt lat="43.202487" lon="6.609648">
				 <ele>88.9</ele>
			 </trkpt>
			 <trkpt lat="43.202529" lon="6.609579">
				 <ele>89.9</ele>
			 </trkpt>
			 <trkpt lat="43.202548" lon="6.609486">
				 <ele>90.6</ele>
			 </trkpt>
			 <trkpt lat="43.202531" lon="6.609309">
				 <ele>91.3</ele>
			 </trkpt>
			 <trkpt lat="43.202492" lon="6.609228">
				 <ele>91.8</ele>
			 </trkpt>
			 <trkpt lat="43.202417" lon="6.609223">
				 <ele>92.1</ele>
			 </trkpt>
			 <trkpt lat="43.202261" lon="6.609263">
				 <ele>92</ele>
			 </trkpt>
			 <trkpt lat="43.202147" lon="6.609294">
				 <ele>91.9</ele>
			 </trkpt>
			 <trkpt lat="43.201964" lon="6.60921">
				 <ele>92.1</ele>
			 </trkpt>
			 <trkpt lat="43.201868" lon="6.609219">
				 <ele>92.3</ele>
			 </trkpt>
			 <trkpt lat="43.201663" lon="6.609459">
				 <ele>92.3</ele>
			 </trkpt>
			 <trkpt lat="43.201505" lon="6.609562">
				 <ele>92.4</ele>
			 </trkpt>
			 <trkpt lat="43.201399" lon="6.609684">
				 <ele>92.5</ele>
			 </trkpt>
			 <trkpt lat="43.201134" lon="6.610027">
				 <ele>92.7</ele>
			 </trkpt>
			 <trkpt lat="43.200761" lon="6.610586">
				 <ele>92.7</ele>
			 </trkpt>
			 <trkpt lat="43.200708" lon="6.61063">
				 <ele>92.6</ele>
			 </trkpt>
			 <trkpt lat="43.200662" lon="6.610649">
				 <ele>92.7</ele>
			 </trkpt>
			 <trkpt lat="43.200612" lon="6.610657">
				 <ele>93.4</ele>
			 </trkpt>
			 <trkpt lat="43.200549" lon="6.610642">
				 <ele>94.2</ele>
			 </trkpt>
			 <trkpt lat="43.200495" lon="6.610616">
				 <ele>95</ele>
			 </trkpt>
			 <trkpt lat="43.200454" lon="6.610568">
				 <ele>96.3</ele>
			 </trkpt>
			 <trkpt lat="43.200404" lon="6.61047">
				 <ele>98.2</ele>
			 </trkpt>
			 <trkpt lat="43.200223" lon="6.609884">
				 <ele>100.2</ele>
			 </trkpt>
			 <trkpt lat="43.200135" lon="6.609765">
				 <ele>101.5</ele>
			 </trkpt>
			 <trkpt lat="43.200025" lon="6.609701">
				 <ele>102.8</ele>
			 </trkpt>
			 <trkpt lat="43.199762" lon="6.609757">
				 <ele>103.9</ele>
			 </trkpt>
			 <trkpt lat="43.199548" lon="6.609731">
				 <ele>105.2</ele>
			 </trkpt>
			 <trkpt lat="43.199434" lon="6.609842">
				 <ele>106.7</ele>
			 </trkpt>
			 <trkpt lat="43.199285" lon="6.610522">
				 <ele>107.6</ele>
			 </trkpt>
			 <trkpt lat="43.19919" lon="6.610641">
				 <ele>108.3</ele>
			 </trkpt>
			 <trkpt lat="43.199" lon="6.610699">
				 <ele>108.6</ele>
			 </trkpt>
			 <trkpt lat="43.198668" lon="6.610682">
				 <ele>108.9</ele>
			 </trkpt>
			 <trkpt lat="43.198194" lon="6.610711">
				 <ele>108.9</ele>
			 </trkpt>
			 <trkpt lat="43.198016" lon="6.610787">
				 <ele>108.8</ele>
			 </trkpt>
			 <trkpt lat="43.197884" lon="6.610803">
				 <ele>109.2</ele>
			 </trkpt>
			 <trkpt lat="43.19778" lon="6.610767">
				 <ele>109.5</ele>
			 </trkpt>
			 <trkpt lat="43.197612" lon="6.610511">
				 <ele>110.3</ele>
			 </trkpt>
			 <trkpt lat="43.197478" lon="6.610307">
				 <ele>111.4</ele>
			 </trkpt>
			 <trkpt lat="43.197393" lon="6.610259">
				 <ele>112.3</ele>
			 </trkpt>
			 <trkpt lat="43.197234" lon="6.610288">
				 <ele>113.3</ele>
			 </trkpt>
			 <trkpt lat="43.197112" lon="6.610259">
				 <ele>114.1</ele>
			 </trkpt>
			 <trkpt lat="43.197014" lon="6.61016">
				 <ele>114.8</ele>
			 </trkpt>
			 <trkpt lat="43.19686" lon="6.609904">
				 <ele>115.5</ele>
			 </trkpt>
			 <trkpt lat="43.196804" lon="6.609855">
				 <ele>116.5</ele>
			 </trkpt>
			 <trkpt lat="43.196739" lon="6.609843">
				 <ele>118.1</ele>
			 </trkpt>
			 <trkpt lat="43.196565" lon="6.609922">
				 <ele>120.1</ele>
			 </trkpt>
			 <trkpt lat="43.196457" lon="6.60993">
				 <ele>122.3</ele>
			 </trkpt>
			 <trkpt lat="43.19631" lon="6.609791">
				 <ele>124.3</ele>
			 </trkpt>
			 <trkpt lat="43.196037" lon="6.60945">
				 <ele>125.7</ele>
			 </trkpt>
			 <trkpt lat="43.195584" lon="6.608908">
				 <ele>127.1</ele>
			 </trkpt>
			 <trkpt lat="43.195555" lon="6.608849">
				 <ele>128.3</ele>
			 </trkpt>
			 <trkpt lat="43.195536" lon="6.608775">
				 <ele>129.7</ele>
			 </trkpt>
			 <trkpt lat="43.195543" lon="6.608685">
				 <ele>131.4</ele>
			 </trkpt>
			 <trkpt lat="43.195568" lon="6.608591">
				 <ele>132.9</ele>
			 </trkpt>
			 <trkpt lat="43.19567" lon="6.608393">
				 <ele>133.9</ele>
			 </trkpt>
			 <trkpt lat="43.195874" lon="6.608045">
				 <ele>134.2</ele>
			 </trkpt>
			 <trkpt lat="43.195912" lon="6.607981">
				 <ele>133.9</ele>
			 </trkpt>
			 <trkpt lat="43.196043" lon="6.607811">
				 <ele>133.4</ele>
			 </trkpt>
			 <trkpt lat="43.196238" lon="6.607661">
				 <ele>133</ele>
			 </trkpt>
			 <trkpt lat="43.196349" lon="6.60756">
				 <ele>132.6</ele>
			 </trkpt>
			 <trkpt lat="43.196484" lon="6.607382">
				 <ele>132</ele>
			 </trkpt>
			 <trkpt lat="43.196629" lon="6.607119">
				 <ele>131.2</ele>
			 </trkpt>
			 <trkpt lat="43.196974" lon="6.606683">
				 <ele>130.2</ele>
			 </trkpt>
			 <trkpt lat="43.197441" lon="6.605994">
				 <ele>128.9</ele>
			 </trkpt>
			 <trkpt lat="43.197633" lon="6.605795">
				 <ele>126.8</ele>
			 </trkpt>
			 <trkpt lat="43.197793" lon="6.605548">
				 <ele>124.5</ele>
			 </trkpt>
			 <trkpt lat="43.197913" lon="6.605185">
				 <ele>122</ele>
			 </trkpt>
			 <trkpt lat="43.197928" lon="6.605021">
				 <ele>119.5</ele>
			 </trkpt>
			 <trkpt lat="43.197941" lon="6.604881">
				 <ele>116.8</ele>
			 </trkpt>
			 <trkpt lat="43.197886" lon="6.604123">
				 <ele>114</ele>
			 </trkpt>
			 <trkpt lat="43.197756" lon="6.603889">
				 <ele>111.2</ele>
			 </trkpt>
			 <trkpt lat="43.197594" lon="6.603751">
				 <ele>108.5</ele>
			 </trkpt>
			 <trkpt lat="43.197418" lon="6.603615">
				 <ele>106.4</ele>
			 </trkpt>
			 <trkpt lat="43.197314" lon="6.603487">
				 <ele>104.5</ele>
			 </trkpt>
			 <trkpt lat="43.197276" lon="6.603331">
				 <ele>102.8</ele>
			 </trkpt>
			 <trkpt lat="43.197275" lon="6.603167">
				 <ele>102</ele>
			 </trkpt>
			 <trkpt lat="43.197296" lon="6.602994">
				 <ele>101.5</ele>
			 </trkpt>
			 <trkpt lat="43.197351" lon="6.60285">
				 <ele>101.4</ele>
			 </trkpt>
			 <trkpt lat="43.197408" lon="6.602761">
				 <ele>101.9</ele>
			 </trkpt>
			 <trkpt lat="43.19748" lon="6.602719">
				 <ele>102.8</ele>
			 </trkpt>
			 <trkpt lat="43.19765" lon="6.602727">
				 <ele>103.6</ele>
			 </trkpt>
			 <trkpt lat="43.197844" lon="6.60281">
				 <ele>103.6</ele>
			 </trkpt>
			 <trkpt lat="43.19801" lon="6.602924">
				 <ele>103.7</ele>
			 </trkpt>
			 <trkpt lat="43.198155" lon="6.603066">
				 <ele>103.8</ele>
			 </trkpt>
			 <trkpt lat="43.198324" lon="6.603115">
				 <ele>103.6</ele>
			 </trkpt>
			 <trkpt lat="43.198476" lon="6.603085">
				 <ele>103.3</ele>
			 </trkpt>
			 <trkpt lat="43.199306" lon="6.602541">
				 <ele>102.5</ele>
			 </trkpt>
			 <trkpt lat="43.199489" lon="6.602487">
				 <ele>101.5</ele>
			 </trkpt>
			 <trkpt lat="43.199664" lon="6.602423">
				 <ele>100.4</ele>
			 </trkpt>
			 <trkpt lat="43.199867" lon="6.602218">
				 <ele>98.9</ele>
			 </trkpt>
			 <trkpt lat="43.200054" lon="6.60201">
				 <ele>97.3</ele>
			 </trkpt>
			 <trkpt lat="43.199821" lon="6.601967">
				 <ele>95.8</ele>
			 </trkpt>
			 <trkpt lat="43.199649" lon="6.601954">
				 <ele>95</ele>
			 </trkpt>
			 <trkpt lat="43.19951" lon="6.601971">
				 <ele>94.1</ele>
			 </trkpt>
			 <trkpt lat="43.199438" lon="6.602011">
				 <ele>93.1</ele>
			 </trkpt>
			 <trkpt lat="43.199234" lon="6.602125">
				 <ele>92.3</ele>
			 </trkpt>
			 <trkpt lat="43.199165" lon="6.602243">
				 <ele>91.3</ele>
			 </trkpt>
			 <trkpt lat="43.198601" lon="6.602354">
				 <ele>90.2</ele>
			 </trkpt>
			 <trkpt lat="43.198519" lon="6.602357">
				 <ele>89.2</ele>
			 </trkpt>
			 <trkpt lat="43.198382" lon="6.602335">
				 <ele>88.3</ele>
			 </trkpt>
			 <trkpt lat="43.198309" lon="6.602292">
				 <ele>87.2</ele>
			 </trkpt>
			 <trkpt lat="43.198261" lon="6.602137">
				 <ele>86.1</ele>
			 </trkpt>
			 <trkpt lat="43.198154" lon="6.601915">
				 <ele>84.8</ele>
			 </trkpt>
			 <trkpt lat="43.197941" lon="6.601706">
				 <ele>83.7</ele>
			 </trkpt>
			 <trkpt lat="43.197768" lon="6.601584">
				 <ele>82.5</ele>
			 </trkpt>
			 <trkpt lat="43.197686" lon="6.601451">
				 <ele>80.4</ele>
			 </trkpt>
			 <trkpt lat="43.197584" lon="6.601377">
				 <ele>78.3</ele>
			 </trkpt>
			 <trkpt lat="43.197377" lon="6.601331">
				 <ele>76.3</ele>
			 </trkpt>
			 <trkpt lat="43.197159" lon="6.601351">
				 <ele>74.4</ele>
			 </trkpt>
			 <trkpt lat="43.196638" lon="6.60143">
				 <ele>72.4</ele>
			 </trkpt>
			 <trkpt lat="43.19588" lon="6.601448">
				 <ele>70.1</ele>
			 </trkpt>
			 <trkpt lat="43.195759" lon="6.601504">
				 <ele>67.7</ele>
			 </trkpt>
			 <trkpt lat="43.195642" lon="6.601485">
				 <ele>65.3</ele>
			 </trkpt>
			 <trkpt lat="43.195553" lon="6.60143">
				 <ele>62.9</ele>
			 </trkpt>
			 <trkpt lat="43.195391" lon="6.601347">
				 <ele>60.5</ele>
			 </trkpt>
			 <trkpt lat="43.194919" lon="6.601221">
				 <ele>58.1</ele>
			 </trkpt>
			 <trkpt lat="43.194721" lon="6.601094">
				 <ele>56.5</ele>
			 </trkpt>
			 <trkpt lat="43.194595" lon="6.601101">
				 <ele>54.8</ele>
			 </trkpt>
			 <trkpt lat="43.194348" lon="6.601521">
				 <ele>53.2</ele>
			 </trkpt>
			 <trkpt lat="43.19425" lon="6.601561">
				 <ele>51.6</ele>
			 </trkpt>
			 <trkpt lat="43.194119" lon="6.601513">
				 <ele>50</ele>
			 </trkpt>
			 <trkpt lat="43.193769" lon="6.601261">
				 <ele>48.5</ele>
			 </trkpt>
			 <trkpt lat="43.193604" lon="6.601245">
				 <ele>47.3</ele>
			 </trkpt>
			 <trkpt lat="43.193088" lon="6.60135">
				 <ele>46.1</ele>
			 </trkpt>
			 <trkpt lat="43.192902" lon="6.601405">
				 <ele>44.8</ele>
			 </trkpt>
			 <trkpt lat="43.192514" lon="6.601483">
				 <ele>43.9</ele>
			 </trkpt>
			 <trkpt lat="43.192252" lon="6.601569">
				 <ele>43.2</ele>
			 </trkpt>
			 <trkpt lat="43.192118" lon="6.601757">
				 <ele>42.6</ele>
			 </trkpt>
			 <trkpt lat="43.192027" lon="6.602025">
				 <ele>42</ele>
			 </trkpt>
			 <trkpt lat="43.191831" lon="6.602359">
				 <ele>41.5</ele>
			 </trkpt>
			 <trkpt lat="43.191764" lon="6.602826">
				 <ele>41.1</ele>
			 </trkpt>
			 <trkpt lat="43.191734" lon="6.602913">
				 <ele>40.9</ele>
			 </trkpt>
			 <trkpt lat="43.191675" lon="6.602882">
				 <ele>40.7</ele>
			 </trkpt>
			 <trkpt lat="43.191469" lon="6.602586">
				 <ele>40.6</ele>
			 </trkpt>
			 <trkpt lat="43.191325" lon="6.602515">
				 <ele>40.5</ele>
			 </trkpt>
			 <trkpt lat="43.191108" lon="6.602473">
				 <ele>40.5</ele>
			 </trkpt>
			 <trkpt lat="43.19104" lon="6.60246">
				 <ele>40.4</ele>
			 </trkpt>
			 <trkpt lat="43.190608" lon="6.602201">
				 <ele>40</ele>
			 </trkpt>
			 <trkpt lat="43.190439" lon="6.602029">
				 <ele>39.5</ele>
			 </trkpt>
			 <trkpt lat="43.190261" lon="6.601675">
				 <ele>38.9</ele>
			 </trkpt>
			 <trkpt lat="43.190036" lon="6.601639">
				 <ele>38.2</ele>
			 </trkpt>
			 <trkpt lat="43.189818" lon="6.601675">
				 <ele>37.1</ele>
			 </trkpt>
			 <trkpt lat="43.189753" lon="6.601602">
				 <ele>35.9</ele>
			 </trkpt>
			 <trkpt lat="43.189591" lon="6.601606">
				 <ele>34.9</ele>
			 </trkpt>
			 <trkpt lat="43.189422" lon="6.601549">
				 <ele>33.9</ele>
			 </trkpt>
			 <trkpt lat="43.189343" lon="6.601464">
				 <ele>32.9</ele>
			 </trkpt>
			 <trkpt lat="43.189242" lon="6.600962">
				 <ele>31.8</ele>
			 </trkpt>
			 <trkpt lat="43.189145" lon="6.600848">
				 <ele>30.5</ele>
			 </trkpt>
			 <trkpt lat="43.188985" lon="6.600816">
				 <ele>29.3</ele>
			 </trkpt>
			 <trkpt lat="43.188921" lon="6.600815">
				 <ele>27.9</ele>
			 </trkpt>
			 <trkpt lat="43.188737" lon="6.600812">
				 <ele>26.6</ele>
			 </trkpt>
			 <trkpt lat="43.188438" lon="6.600787">
				 <ele>25.2</ele>
			 </trkpt>
			 <trkpt lat="43.188302" lon="6.600783">
				 <ele>24.2</ele>
			 </trkpt>
			 <trkpt lat="43.188164" lon="6.600698">
				 <ele>23.1</ele>
			 </trkpt>
			 <trkpt lat="43.187919" lon="6.600463">
				 <ele>21.8</ele>
			 </trkpt>
			 <trkpt lat="43.18767" lon="6.600402">
				 <ele>20.5</ele>
			 </trkpt>
			 <trkpt lat="43.187348" lon="6.600261">
				 <ele>19.2</ele>
			 </trkpt>
			 <trkpt lat="43.187291" lon="6.600248">
				 <ele>18</ele>
			 </trkpt>
			 <trkpt lat="43.186887" lon="6.600159">
				 <ele>17</ele>
			 </trkpt>
			 <trkpt lat="43.186332" lon="6.600167">
				 <ele>16.1</ele>
			 </trkpt>
			 <trkpt lat="43.185827" lon="6.600265">
				 <ele>15.4</ele>
			 </trkpt>
			 <trkpt lat="43.185691" lon="6.600374">
				 <ele>14.6</ele>
			 </trkpt>
			 <trkpt lat="43.185608" lon="6.600597">
				 <ele>14.2</ele>
			 </trkpt>
			 <trkpt lat="43.185561" lon="6.60086">
				 <ele>13.7</ele>
			 </trkpt>
			 <trkpt lat="43.185534" lon="6.600918">
				 <ele>13.4</ele>
			 </trkpt>
			 <trkpt lat="43.185502" lon="6.60099">
				 <ele>13.1</ele>
			 </trkpt>
			 <trkpt lat="43.185339" lon="6.601055">
				 <ele>12.8</ele>
			 </trkpt>
			 <trkpt lat="43.185138" lon="6.600994">
				 <ele>12.5</ele>
			 </trkpt>
			 <trkpt lat="43.184982" lon="6.600876">
				 <ele>12.1</ele>
			 </trkpt>
			 <trkpt lat="43.18476" lon="6.600767">
				 <ele>11.6</ele>
			 </trkpt>
			 <trkpt lat="43.184406" lon="6.600694">
				 <ele>11.2</ele>
			 </trkpt>
			 <trkpt lat="43.184125" lon="6.600613">
				 <ele>10.7</ele>
			 </trkpt>
			 <trkpt lat="43.183974" lon="6.600558">
				 <ele>10.4</ele>
			 </trkpt>
			 <trkpt lat="43.183891" lon="6.600494">
				 <ele>9.8</ele>
			 </trkpt>
			 <trkpt lat="43.183851" lon="6.600433">
				 <ele>9.3</ele>
			 </trkpt>
			 <trkpt lat="43.183839" lon="6.60039">
				 <ele>8.8</ele>
			 </trkpt>
			 <trkpt lat="43.183841" lon="6.600343">
				 <ele>8.5</ele>
			 </trkpt>
			 <trkpt lat="43.183882" lon="6.600203">
				 <ele>8.3</ele>
			 </trkpt>
			 <trkpt lat="43.184209" lon="6.599093">
				 <ele>8.2</ele>
			 </trkpt>
			 <trkpt lat="43.18426" lon="6.598472">
				 <ele>8.4</ele>
			 </trkpt>
			 <trkpt lat="43.184265" lon="6.598411">
				 <ele>8.5</ele>
			 </trkpt>
			 <trkpt lat="43.184317" lon="6.598242">
				 <ele>8.5</ele>
			 </trkpt>
			 <trkpt lat="43.184339" lon="6.59817">
				 <ele>8.5</ele>
			 </trkpt>
			 <trkpt lat="43.184497" lon="6.59777">
				 <ele>8.5</ele>
			 </trkpt>
			 <trkpt lat="43.184764" lon="6.597038">
				 <ele>8.8</ele>
			 </trkpt>
			 <trkpt lat="43.184917" lon="6.596581">
				 <ele>9</ele>
			 </trkpt>
			 <trkpt lat="43.185068" lon="6.596068">
				 <ele>9.1</ele>
			 </trkpt>
			 <trkpt lat="43.185106" lon="6.595919">
				 <ele>9.3</ele>
			 </trkpt>
			 <trkpt lat="43.185322" lon="6.595062">
				 <ele>9.4</ele>
			 </trkpt>
			 <trkpt lat="43.185575" lon="6.593967">
				 <ele>9.5</ele>
			 </trkpt>
			 <trkpt lat="43.185746" lon="6.593293">
				 <ele>9.7</ele>
			 </trkpt>
			 <trkpt lat="43.185784" lon="6.593144">
				 <ele>10.3</ele>
			 </trkpt>
			 <trkpt lat="43.185851" lon="6.592996">
				 <ele>11.3</ele>
			 </trkpt>
			 <trkpt lat="43.185875" lon="6.592944">
				 <ele>12.3</ele>
			 </trkpt>
			 <trkpt lat="43.186094" lon="6.592728">
				 <ele>13.3</ele>
			 </trkpt>
			 <trkpt lat="43.186394" lon="6.592528">
				 <ele>13.6</ele>
			 </trkpt>
			 <trkpt lat="43.18662" lon="6.592359">
				 <ele>14.1</ele>
			 </trkpt>
			 <trkpt lat="43.186898" lon="6.592037">
				 <ele>14.5</ele>
			 </trkpt>
			 <trkpt lat="43.187094" lon="6.591775">
				 <ele>15</ele>
			 </trkpt>
			 <trkpt lat="43.18726" lon="6.591545">
				 <ele>15.4</ele>
			 </trkpt>
			 <trkpt lat="43.187545" lon="6.590954">
				 <ele>15.7</ele>
			 </trkpt>
			 <trkpt lat="43.187599" lon="6.590838">
				 <ele>16</ele>
			 </trkpt>
			 <trkpt lat="43.187727" lon="6.590566">
				 <ele>15.8</ele>
			 </trkpt>
			 <trkpt lat="43.187953" lon="6.590102">
				 <ele>15.1</ele>
			 </trkpt>
			 <trkpt lat="43.188228" lon="6.589819">
				 <ele>14.1</ele>
			 </trkpt>
			 <trkpt lat="43.188971" lon="6.589268">
				 <ele>13</ele>
			 </trkpt>
			 <trkpt lat="43.189757" lon="6.588671">
				 <ele>12.5</ele>
			 </trkpt>
			 <trkpt lat="43.189894" lon="6.58848">
				 <ele>12</ele>
			 </trkpt>
			 <trkpt lat="43.189915" lon="6.588135">
				 <ele>11.6</ele>
			 </trkpt>
			 <trkpt lat="43.189933" lon="6.587594">
				 <ele>11.2</ele>
			 </trkpt>
			 <trkpt lat="43.189951" lon="6.587031">
				 <ele>10.8</ele>
			 </trkpt>
			 <trkpt lat="43.189958" lon="6.586745">
				 <ele>10.4</ele>
			 </trkpt>
			 <trkpt lat="43.189943" lon="6.586566">
				 <ele>9.9</ele>
			 </trkpt>
			 <trkpt lat="43.189858" lon="6.586471">
				 <ele>9.6</ele>
			 </trkpt>
			 <trkpt lat="43.189559" lon="6.586237">
				 <ele>9.6</ele>
			 </trkpt>
			 <trkpt lat="43.189415" lon="6.586088">
				 <ele>9.9</ele>
			 </trkpt>
			 <trkpt lat="43.189294" lon="6.585928">
				 <ele>10.5</ele>
			 </trkpt>
			 <trkpt lat="43.189226" lon="6.585776">
				 <ele>11.1</ele>
			 </trkpt>
			 <trkpt lat="43.189172" lon="6.585608">
				 <ele>11.9</ele>
			 </trkpt>
			 <trkpt lat="43.189135" lon="6.585466">
				 <ele>13.3</ele>
			 </trkpt>
			 <trkpt lat="43.189117" lon="6.585383">
				 <ele>15</ele>
			 </trkpt>
			 <trkpt lat="43.189067" lon="6.585024">
				 <ele>17</ele>
			 </trkpt>
			 <trkpt lat="43.189049" lon="6.584403">
				 <ele>19.1</ele>
			 </trkpt>
			 <trkpt lat="43.18901" lon="6.584129">
				 <ele>20.9</ele>
			 </trkpt>
			 <trkpt lat="43.188929" lon="6.583722">
				 <ele>22.7</ele>
			 </trkpt>
			 <trkpt lat="43.188862" lon="6.583483">
				 <ele>24.7</ele>
			 </trkpt>
			 <trkpt lat="43.188772" lon="6.583214">
				 <ele>26.7</ele>
			 </trkpt>
			 <trkpt lat="43.188669" lon="6.582951">
				 <ele>28.8</ele>
			 </trkpt>
			 <trkpt lat="43.188564" lon="6.582636">
				 <ele>30.7</ele>
			 </trkpt>
			 <trkpt lat="43.188491" lon="6.582343">
				 <ele>32.5</ele>
			 </trkpt>
			 <trkpt lat="43.188437" lon="6.581898">
				 <ele>33.6</ele>
			 </trkpt>
			 <trkpt lat="43.188439" lon="6.581661">
				 <ele>34.5</ele>
			 </trkpt>
			 <trkpt lat="43.188445" lon="6.581141">
				 <ele>35.2</ele>
			 </trkpt>
			 <trkpt lat="43.188449" lon="6.581035">
				 <ele>35.6</ele>
			 </trkpt>
			 <trkpt lat="43.188484" lon="6.58105">
				 <ele>36.2</ele>
			 </trkpt>
			 <trkpt lat="43.188515" lon="6.581047">
				 <ele>36.6</ele>
			 </trkpt>
			 <trkpt lat="43.18855" lon="6.581023">
				 <ele>36.9</ele>
			 </trkpt>
			 <trkpt lat="43.18857" lon="6.58099">
				 <ele>37.2</ele>
			 </trkpt>
			 <trkpt lat="43.188583" lon="6.580937">
				 <ele>37.1</ele>
			 </trkpt>
			 <trkpt lat="43.18857" lon="6.580864">
				 <ele>36.9</ele>
			 </trkpt>
			 <trkpt lat="43.188549" lon="6.580831">
				 <ele>36.8</ele>
			 </trkpt>
			 <trkpt lat="43.188499" lon="6.580804">
				 <ele>36.9</ele>
			 </trkpt>
			 <trkpt lat="43.188508" lon="6.580762">
				 <ele>36.9</ele>
			 </trkpt>
			 <trkpt lat="43.188511" lon="6.580674">
				 <ele>36.9</ele>
			 </trkpt>
			 <trkpt lat="43.188574" lon="6.580321">
				 <ele>37</ele>
			 </trkpt>
			 <trkpt lat="43.188686" lon="6.57985">
				 <ele>36.9</ele>
			 </trkpt>
			 <trkpt lat="43.188935" lon="6.578912">
				 <ele>36.7</ele>
			 </trkpt>
			 <trkpt lat="43.188979" lon="6.578746">
				 <ele>36.5</ele>
			 </trkpt>
			 <trkpt lat="43.189038" lon="6.578481">
				 <ele>36.4</ele>
			 </trkpt>
			 <trkpt lat="43.18906" lon="6.578275">
				 <ele>36.3</ele>
			 </trkpt>
			 <trkpt lat="43.189139" lon="6.577397">
				 <ele>36.2</ele>
			 </trkpt>
			 <trkpt lat="43.189163" lon="6.577287">
				 <ele>35.9</ele>
			 </trkpt>
			 <trkpt lat="43.18925" lon="6.577029">
				 <ele>35.5</ele>
			 </trkpt>
			 <trkpt lat="43.189286" lon="6.57694">
				 <ele>35.1</ele>
			 </trkpt>
			 <trkpt lat="43.189324" lon="6.576779">
				 <ele>34.6</ele>
			 </trkpt>
			 <trkpt lat="43.18937" lon="6.576419">
				 <ele>34.3</ele>
			 </trkpt>
			 <trkpt lat="43.189416" lon="6.57598">
				 <ele>34.2</ele>
			 </trkpt>
			 <trkpt lat="43.189439" lon="6.57585">
				 <ele>34.4</ele>
			 </trkpt>
			 <trkpt lat="43.189456" lon="6.575752">
				 <ele>34.5</ele>
			 </trkpt>
			 <trkpt lat="43.189515" lon="6.575462">
				 <ele>34.8</ele>
			 </trkpt>
			 <trkpt lat="43.189695" lon="6.574911">
				 <ele>35.1</ele>
			 </trkpt>
			 <trkpt lat="43.189933" lon="6.574263">
				 <ele>35.5</ele>
			 </trkpt>
			 <trkpt lat="43.190122" lon="6.573781">
				 <ele>36.1</ele>
			 </trkpt>
			 <trkpt lat="43.190202" lon="6.573635">
				 <ele>36.5</ele>
			 </trkpt>
			 <trkpt lat="43.19039" lon="6.57339">
				 <ele>37.3</ele>
			 </trkpt>
			 <trkpt lat="43.190442" lon="6.573329">
				 <ele>38.1</ele>
			 </trkpt>
			 <trkpt lat="43.190593" lon="6.573159">
				 <ele>38.8</ele>
			 </trkpt>
			 <trkpt lat="43.190712" lon="6.573053">
				 <ele>39.5</ele>
			 </trkpt>
			 <trkpt lat="43.19082" lon="6.572988">
				 <ele>39.8</ele>
			 </trkpt>
			 <trkpt lat="43.191051" lon="6.572895">
				 <ele>40.2</ele>
			 </trkpt>
			 <trkpt lat="43.191132" lon="6.572812">
				 <ele>40.6</ele>
			 </trkpt>
			 <trkpt lat="43.191196" lon="6.572699">
				 <ele>41.5</ele>
			 </trkpt>
			 <trkpt lat="43.191236" lon="6.572491">
				 <ele>42.3</ele>
			 </trkpt>
			 <trkpt lat="43.191244" lon="6.572428">
				 <ele>43</ele>
			 </trkpt>
			 <trkpt lat="43.191269" lon="6.57216">
				 <ele>43.7</ele>
			 </trkpt>
			 <trkpt lat="43.191303" lon="6.571805">
				 <ele>44.3</ele>
			 </trkpt>
			 <trkpt lat="43.191349" lon="6.570931">
				 <ele>44.6</ele>
			 </trkpt>
			 <trkpt lat="43.191397" lon="6.569835">
				 <ele>45</ele>
			 </trkpt>
			 <trkpt lat="43.191389" lon="6.569674">
				 <ele>45.4</ele>
			 </trkpt>
			 <trkpt lat="43.191365" lon="6.569469">
				 <ele>45.5</ele>
			 </trkpt>
			 <trkpt lat="43.191337" lon="6.56928">
				 <ele>45.7</ele>
			 </trkpt>
			 <trkpt lat="43.191328" lon="6.56922">
				 <ele>45.8</ele>
			 </trkpt>
			 <trkpt lat="43.191318" lon="6.569148">
				 <ele>45.5</ele>
			 </trkpt>
			 <trkpt lat="43.191302" lon="6.569042">
				 <ele>45.2</ele>
			 </trkpt>
			 <trkpt lat="43.191189" lon="6.568272">
				 <ele>44.9</ele>
			 </trkpt>
			 <trkpt lat="43.191131" lon="6.568033">
				 <ele>44.6</ele>
			 </trkpt>
			 <trkpt lat="43.191024" lon="6.567649">
				 <ele>44.4</ele>
			 </trkpt>
			 <trkpt lat="43.190926" lon="6.567248">
				 <ele>44.3</ele>
			 </trkpt>
			 <trkpt lat="43.190749" lon="6.566526">
				 <ele>44.2</ele>
			 </trkpt>
			 <trkpt lat="43.190645" lon="6.566164">
				 <ele>44.1</ele>
			 </trkpt>
			 <trkpt lat="43.190578" lon="6.565993">
				 <ele>44.4</ele>
			 </trkpt>
			 <trkpt lat="43.190509" lon="6.565883">
				 <ele>44.5</ele>
			 </trkpt>
			 <trkpt lat="43.190367" lon="6.565735">
				 <ele>44.5</ele>
			 </trkpt>
			 <trkpt lat="43.190183" lon="6.565583">
				 <ele>44.4</ele>
			 </trkpt>
			 <trkpt lat="43.190075" lon="6.565534">
				 <ele>44.2</ele>
			 </trkpt>
			 <trkpt lat="43.189943" lon="6.565515">
				 <ele>44</ele>
			 </trkpt>
			 <trkpt lat="43.189585" lon="6.565511">
				 <ele>43.8</ele>
			 </trkpt>
			 <trkpt lat="43.189478" lon="6.56549">
				 <ele>43.6</ele>
			 </trkpt>
			 <trkpt lat="43.189378" lon="6.565419">
				 <ele>43.5</ele>
			 </trkpt>
			 <trkpt lat="43.189278" lon="6.565305">
				 <ele>43.4</ele>
			 </trkpt>
			 <trkpt lat="43.18923" lon="6.565205">
				 <ele>43.2</ele>
			 </trkpt>
			 <trkpt lat="43.189211" lon="6.565123">
				 <ele>42.9</ele>
			 </trkpt>
			 <trkpt lat="43.189217" lon="6.565009">
				 <ele>42.9</ele>
			 </trkpt>
			 <trkpt lat="43.189259" lon="6.564794">
				 <ele>42.8</ele>
			 </trkpt>
			 <trkpt lat="43.189301" lon="6.564585">
				 <ele>42.6</ele>
			 </trkpt>
			 <trkpt lat="43.18936" lon="6.564044">
				 <ele>42.3</ele>
			 </trkpt>
			 <trkpt lat="43.189409" lon="6.563938">
				 <ele>41.6</ele>
			 </trkpt>
			 <trkpt lat="43.189537" lon="6.56374">
				 <ele>40.6</ele>
			 </trkpt>
			 <trkpt lat="43.189832" lon="6.563345">
				 <ele>39.5</ele>
			 </trkpt>
			 <trkpt lat="43.189916" lon="6.563174">
				 <ele>38.3</ele>
			 </trkpt>
			 <trkpt lat="43.189968" lon="6.562871">
				 <ele>36.7</ele>
			 </trkpt>
			 <trkpt lat="43.190001" lon="6.56251">
				 <ele>35</ele>
			 </trkpt>
			 <trkpt lat="43.190014" lon="6.561828">
				 <ele>33</ele>
			 </trkpt>
			 <trkpt lat="43.190049" lon="6.561416">
				 <ele>30.5</ele>
			 </trkpt>
			 <trkpt lat="43.190099" lon="6.561164">
				 <ele>27.8</ele>
			 </trkpt>
			 <trkpt lat="43.190364" lon="6.560428">
				 <ele>25.3</ele>
			 </trkpt>
			 <trkpt lat="43.190482" lon="6.56008">
				 <ele>22.9</ele>
			 </trkpt>
			 <trkpt lat="43.190583" lon="6.559656">
				 <ele>20.8</ele>
			 </trkpt>
			 <trkpt lat="43.190705" lon="6.558945">
				 <ele>19</ele>
			 </trkpt>
			 <trkpt lat="43.190766" lon="6.558681">
				 <ele>17.3</ele>
			 </trkpt>
			 <trkpt lat="43.190836" lon="6.558533">
				 <ele>15.5</ele>
			 </trkpt>
			 <trkpt lat="43.1909" lon="6.558468">
				 <ele>14</ele>
			 </trkpt>
			 <trkpt lat="43.191044" lon="6.558377">
				 <ele>12.5</ele>
			 </trkpt>
			 <trkpt lat="43.191094" lon="6.558334">
				 <ele>11.3</ele>
			 </trkpt>
			 <trkpt lat="43.191132" lon="6.558278">
				 <ele>10.3</ele>
			 </trkpt>
			 <trkpt lat="43.191169" lon="6.558173">
				 <ele>9.5</ele>
			 </trkpt>
			 <trkpt lat="43.19119" lon="6.558085">
				 <ele>8.7</ele>
			 </trkpt>
			 <trkpt lat="43.191247" lon="6.557863">
				 <ele>8.1</ele>
			 </trkpt>
			 <trkpt lat="43.19127" lon="6.557718">
				 <ele>7.5</ele>
			 </trkpt>
			 <trkpt lat="43.191303" lon="6.557511">
				 <ele>6.9</ele>
			 </trkpt>
			 <trkpt lat="43.191326" lon="6.557362">
				 <ele>6.4</ele>
			 </trkpt>
			 <trkpt lat="43.191349" lon="6.557324">
				 <ele>6</ele>
			 </trkpt>
			 <trkpt lat="43.191373" lon="6.557284">
				 <ele>5.6</ele>
			 </trkpt>
			 <trkpt lat="43.19146" lon="6.557233">
				 <ele>5.5</ele>
			 </trkpt>
			 <trkpt lat="43.191485" lon="6.557206">
				 <ele>5.7</ele>
			 </trkpt>
			 <trkpt lat="43.191521" lon="6.557168">
				 <ele>6.1</ele>
			 </trkpt>
			 <trkpt lat="43.191516" lon="6.557028">
				 <ele>6.5</ele>
			 </trkpt>
			 <trkpt lat="43.191413" lon="6.556818">
				 <ele>7</ele>
			 </trkpt>
			 <trkpt lat="43.191391" lon="6.556621">
				 <ele>7.5</ele>
			 </trkpt>
			 <trkpt lat="43.191458" lon="6.556375">
				 <ele>7.9</ele>
			 </trkpt>
			 <trkpt lat="43.19143" lon="6.55604">
				 <ele>8.4</ele>
			 </trkpt>
			 <trkpt lat="43.191411" lon="6.555984">
				 <ele>8.7</ele>
			 </trkpt>
			 <trkpt lat="43.191319" lon="6.555776">
				 <ele>9</ele>
			 </trkpt>
			 <trkpt lat="43.191203" lon="6.555512">
				 <ele>9</ele>
			 </trkpt>
			 <trkpt lat="43.191137" lon="6.555314">
				 <ele>8.9</ele>
			 </trkpt>
			 <trkpt lat="43.1911" lon="6.555159">
				 <ele>8.6</ele>
			 </trkpt>
			 <trkpt lat="43.191041" lon="6.554862">
				 <ele>8.4</ele>
			 </trkpt>
			 <trkpt lat="43.191027" lon="6.554766">
				 <ele>8.1</ele>
			 </trkpt>
			 <trkpt lat="43.190938" lon="6.554141">
				 <ele>7.8</ele>
			 </trkpt>
			 <trkpt lat="43.190923" lon="6.554048">
				 <ele>7.5</ele>
			 </trkpt>
			 <trkpt lat="43.190822" lon="6.553601">
				 <ele>7.3</ele>
			 </trkpt>
			 <trkpt lat="43.190695" lon="6.553094">
				 <ele>7</ele>
			 </trkpt>
			 <trkpt lat="43.19057" lon="6.552636">
				 <ele>6.8</ele>
			 </trkpt>
			 <trkpt lat="43.190462" lon="6.55223">
				 <ele>6.5</ele>
			 </trkpt>
			 <trkpt lat="43.190363" lon="6.551946">
				 <ele>6.4</ele>
			 </trkpt>
			 <trkpt lat="43.190288" lon="6.551788">
				 <ele>6.5</ele>
			 </trkpt>
			 <trkpt lat="43.190251" lon="6.551709">
				 <ele>6.7</ele>
			 </trkpt>
			 <trkpt lat="43.190171" lon="6.551563">
				 <ele>7</ele>
			 </trkpt>
			 <trkpt lat="43.188764" lon="6.549293">
				 <ele>7.2</ele>
			 </trkpt>
			 <trkpt lat="43.188723" lon="6.549225">
				 <ele>7.4</ele>
			 </trkpt>
			 <trkpt lat="43.188346" lon="6.548465">
				 <ele>7.5</ele>
			 </trkpt>
			 <trkpt lat="43.188275" lon="6.548331">
				 <ele>7.8</ele>
			 </trkpt>
			 <trkpt lat="43.18814" lon="6.548124">
				 <ele>8.3</ele>
			 </trkpt>
			 <trkpt lat="43.188082" lon="6.548059">
				 <ele>8.6</ele>
			 </trkpt>
			 <trkpt lat="43.187988" lon="6.547952">
				 <ele>9.3</ele>
			 </trkpt>
			 <trkpt lat="43.187163" lon="6.547135">
				 <ele>9.9</ele>
			 </trkpt>
			 <trkpt lat="43.186612" lon="6.546588">
				 <ele>10.2</ele>
			 </trkpt>
			 <trkpt lat="43.186479" lon="6.546496">
				 <ele>10.5</ele>
			 </trkpt>
			 <trkpt lat="43.185606" lon="6.546031">
				 <ele>10.6</ele>
			 </trkpt>
			 <trkpt lat="43.185499" lon="6.545943">
				 <ele>10.8</ele>
			 </trkpt>
			 <trkpt lat="43.185387" lon="6.545829">
				 <ele>11</ele>
			 </trkpt>
			 <trkpt lat="43.185203" lon="6.545555">
				 <ele>11.2</ele>
			 </trkpt>
			 <trkpt lat="43.185159" lon="6.54545">
				 <ele>11</ele>
			 </trkpt>
			 <trkpt lat="43.185131" lon="6.545378">
				 <ele>10.5</ele>
			 </trkpt>
			 <trkpt lat="43.185101" lon="6.545298">
				 <ele>10.2</ele>
			 </trkpt>
			 <trkpt lat="43.185067" lon="6.545305">
				 <ele>9.3</ele>
			 </trkpt>
			 <trkpt lat="43.184882" lon="6.545139">
				 <ele>8.4</ele>
			 </trkpt>
			 <trkpt lat="43.184774" lon="6.545042">
				 <ele>7.8</ele>
			 </trkpt>
			 <trkpt lat="43.184489" lon="6.5446">
				 <ele>7.4</ele>
			 </trkpt>
			 <trkpt lat="43.184323" lon="6.544297">
				 <ele>7.2</ele>
			 </trkpt>
			 <trkpt lat="43.183801" lon="6.543341">
				 <ele>6.9</ele>
			 </trkpt>
			 <trkpt lat="43.183376" lon="6.542528">
				 <ele>5.9</ele>
			 </trkpt>
			 <trkpt lat="43.182771" lon="6.541372">
				 <ele>5.1</ele>
			 </trkpt>
			 <trkpt lat="43.182206" lon="6.54048">
				 <ele>4.8</ele>
			 </trkpt>
			 <trkpt lat="43.1817" lon="6.539671">
				 <ele>4.7</ele>
			 </trkpt>
			 <trkpt lat="43.181007" lon="6.538752">
				 <ele>4.5</ele>
			 </trkpt>
			 <trkpt lat="43.18028" lon="6.53781">
				 <ele>4.7</ele>
			 </trkpt>
			 <trkpt lat="43.18004" lon="6.53756">
				 <ele>5.2</ele>
			 </trkpt>
			 <trkpt lat="43.17884" lon="6.53639">
				 <ele>5.2</ele>
			 </trkpt>
			 <trkpt lat="43.17808" lon="6.5357">
				 <ele>5.1</ele>
			 </trkpt>
			 <trkpt lat="43.17755" lon="6.53545">
				 <ele>4.6</ele>
			 </trkpt>
			 <trkpt lat="43.17714" lon="6.5352">
				 <ele>4.1</ele>
			 </trkpt>
			 <trkpt lat="43.17471" lon="6.53387">
				 <ele>4.8</ele>
			 </trkpt>
		 </trkseg>
	 </trk>
</gpx>