<?xml version="1.0" encoding="UTF-8"?>
 <gpx creator="Garmin Connect" version="1.1"
	 xsi:schemaLocation="http://www.topografix.com/GPX/1/1 http://www.topografix.com/GPX/11.xsd"
	 xmlns:ns3="http://www.garmin.com/xmlschemas/TrackPointExtension/v1"
	 xmlns="http://www.topografix.com/GPX/1/1"
	 xmlns:xsi="http://www.w3.org/2001/XMLSchema-instance" xmlns:ns2="http://www.garmin.com/xmlschemas/GpxExtensions/v3">
	 <metadata>
		<name>24° Maratona Sant'Antonio - 42.195 km</name>
		 <link href="https://www.goandrace.com">
		 <text>Garmin Connect</text>
		 </link>
	 <time>2026-08-11T02:47:16</time>
	 </metadata>
	 <trk>
		 <name>24° Maratona Sant'Antonio - 42.195 km</name>
		 <trkseg>
			 <trkpt lat="45.429296" lon="11.854082">
				 <ele>9</ele>
			 </trkpt>
			 <trkpt lat="45.429401" lon="11.854071">
				 <ele>10</ele>
			 </trkpt>
			 <trkpt lat="45.42962" lon="11.854077">
				 <ele>11</ele>
			 </trkpt>
			 <trkpt lat="45.429819" lon="11.854085">
				 <ele>11</ele>
			 </trkpt>
			 <trkpt lat="45.429909" lon="11.854091">
				 <ele>12</ele>
			 </trkpt>
			 <trkpt lat="45.429957" lon="11.854095">
				 <ele>12</ele>
			 </trkpt>
			 <trkpt lat="45.430094" lon="11.854108">
				 <ele>12</ele>
			 </trkpt>
			 <trkpt lat="45.430283" lon="11.854127">
				 <ele>12</ele>
			 </trkpt>
			 <trkpt lat="45.430497" lon="11.854145">
				 <ele>13</ele>
			 </trkpt>
			 <trkpt lat="45.430541" lon="11.85415">
				 <ele>13</ele>
			 </trkpt>
			 <trkpt lat="45.430584" lon="11.854155">
				 <ele>13</ele>
			 </trkpt>
			 <trkpt lat="45.430669" lon="11.854162">
				 <ele>13</ele>
			 </trkpt>
			 <trkpt lat="45.430797" lon="11.854164">
				 <ele>13</ele>
			 </trkpt>
			 <trkpt lat="45.43084" lon="11.854167">
				 <ele>14</ele>
			 </trkpt>
			 <trkpt lat="45.430957" lon="11.854178">
				 <ele>14</ele>
			 </trkpt>
			 <trkpt lat="45.43104" lon="11.854194">
				 <ele>14</ele>
			 </trkpt>
			 <trkpt lat="45.431161" lon="11.854222">
				 <ele>14</ele>
			 </trkpt>
			 <trkpt lat="45.431284" lon="11.854261">
				 <ele>14</ele>
			 </trkpt>
			 <trkpt lat="45.431323" lon="11.854282">
				 <ele>15</ele>
			 </trkpt>
			 <trkpt lat="45.431398" lon="11.854326">
				 <ele>15</ele>
			 </trkpt>
			 <trkpt lat="45.431433" lon="11.854351">
				 <ele>15</ele>
			 </trkpt>
			 <trkpt lat="45.431466" lon="11.854377">
				 <ele>15</ele>
			 </trkpt>
			 <trkpt lat="45.431608" lon="11.854493">
				 <ele>16</ele>
			 </trkpt>
			 <trkpt lat="45.431675" lon="11.854556">
				 <ele>16</ele>
			 </trkpt>
			 <trkpt lat="45.43171" lon="11.854586">
				 <ele>16</ele>
			 </trkpt>
			 <trkpt lat="45.431898" lon="11.85472">
				 <ele>17</ele>
			 </trkpt>
			 <trkpt lat="45.432045" lon="11.854831">
				 <ele>17</ele>
			 </trkpt>
			 <trkpt lat="45.432226" lon="11.854987">
				 <ele>18</ele>
			 </trkpt>
			 <trkpt lat="45.432263" lon="11.85502">
				 <ele>18</ele>
			 </trkpt>
			 <trkpt lat="45.432298" lon="11.855055">
				 <ele>18</ele>
			 </trkpt>
			 <trkpt lat="45.432369" lon="11.855117">
				 <ele>18</ele>
			 </trkpt>
			 <trkpt lat="45.432512" lon="11.855242">
				 <ele>18</ele>
			 </trkpt>
			 <trkpt lat="45.432549" lon="11.855274">
				 <ele>18</ele>
			 </trkpt>
			 <trkpt lat="45.432698" lon="11.855389">
				 <ele>18</ele>
			 </trkpt>
			 <trkpt lat="45.432735" lon="11.855419">
				 <ele>18</ele>
			 </trkpt>
			 <trkpt lat="45.432772" lon="11.855449">
				 <ele>18</ele>
			 </trkpt>
			 <trkpt lat="45.432952" lon="11.855588">
				 <ele>18</ele>
			 </trkpt>
			 <trkpt lat="45.433027" lon="11.855654">
				 <ele>19</ele>
			 </trkpt>
			 <trkpt lat="45.433067" lon="11.855686">
				 <ele>19</ele>
			 </trkpt>
			 <trkpt lat="45.433246" lon="11.855829">
				 <ele>19</ele>
			 </trkpt>
			 <trkpt lat="45.433285" lon="11.855855">
				 <ele>19</ele>
			 </trkpt>
			 <trkpt lat="45.433324" lon="11.855884">
				 <ele>19</ele>
			 </trkpt>
			 <trkpt lat="45.433362" lon="11.855913">
				 <ele>19</ele>
			 </trkpt>
			 <trkpt lat="45.433549" lon="11.856064">
				 <ele>19</ele>
			 </trkpt>
			 <trkpt lat="45.433631" lon="11.856119">
				 <ele>20</ele>
			 </trkpt>
			 <trkpt lat="45.433813" lon="11.856273">
				 <ele>20</ele>
			 </trkpt>
			 <trkpt lat="45.433957" lon="11.856392">
				 <ele>20</ele>
			 </trkpt>
			 <trkpt lat="45.434139" lon="11.856527">
				 <ele>20</ele>
			 </trkpt>
			 <trkpt lat="45.434254" lon="11.856595">
				 <ele>20</ele>
			 </trkpt>
			 <trkpt lat="45.434291" lon="11.856616">
				 <ele>20</ele>
			 </trkpt>
			 <trkpt lat="45.434473" lon="11.856747">
				 <ele>20</ele>
			 </trkpt>
			 <trkpt lat="45.434545" lon="11.856799">
				 <ele>20</ele>
			 </trkpt>
			 <trkpt lat="45.434725" lon="11.856937">
				 <ele>20</ele>
			 </trkpt>
			 <trkpt lat="45.434844" lon="11.857017">
				 <ele>21</ele>
			 </trkpt>
			 <trkpt lat="45.435032" lon="11.857146">
				 <ele>21</ele>
			 </trkpt>
			 <trkpt lat="45.435138" lon="11.857238">
				 <ele>21</ele>
			 </trkpt>
			 <trkpt lat="45.435326" lon="11.857362">
				 <ele>21</ele>
			 </trkpt>
			 <trkpt lat="45.435402" lon="11.857397">
				 <ele>21</ele>
			 </trkpt>
			 <trkpt lat="45.435598" lon="11.857487">
				 <ele>22</ele>
			 </trkpt>
			 <trkpt lat="45.435757" lon="11.85754">
				 <ele>22</ele>
			 </trkpt>
			 <trkpt lat="45.435802" lon="11.857546">
				 <ele>22</ele>
			 </trkpt>
			 <trkpt lat="45.435924" lon="11.857573">
				 <ele>22</ele>
			 </trkpt>
			 <trkpt lat="45.436001" lon="11.857588">
				 <ele>22</ele>
			 </trkpt>
			 <trkpt lat="45.436041" lon="11.857599">
				 <ele>22</ele>
			 </trkpt>
			 <trkpt lat="45.436081" lon="11.857602">
				 <ele>22</ele>
			 </trkpt>
			 <trkpt lat="45.436122" lon="11.857599">
				 <ele>22</ele>
			 </trkpt>
			 <trkpt lat="45.436162" lon="11.857602">
				 <ele>22</ele>
			 </trkpt>
			 <trkpt lat="45.436239" lon="11.857617">
				 <ele>22</ele>
			 </trkpt>
			 <trkpt lat="45.436432" lon="11.857654">
				 <ele>23</ele>
			 </trkpt>
			 <trkpt lat="45.436468" lon="11.857663">
				 <ele>22</ele>
			 </trkpt>
			 <trkpt lat="45.436503" lon="11.857675">
				 <ele>22</ele>
			 </trkpt>
			 <trkpt lat="45.436689" lon="11.857743">
				 <ele>22</ele>
			 </trkpt>
			 <trkpt lat="45.436767" lon="11.857759">
				 <ele>22</ele>
			 </trkpt>
			 <trkpt lat="45.436967" lon="11.857811">
				 <ele>23</ele>
			 </trkpt>
			 <trkpt lat="45.437082" lon="11.857842">
				 <ele>23</ele>
			 </trkpt>
			 <trkpt lat="45.437283" lon="11.857887">
				 <ele>23</ele>
			 </trkpt>
			 <trkpt lat="45.437406" lon="11.857918">
				 <ele>23</ele>
			 </trkpt>
			 <trkpt lat="45.437448" lon="11.857932">
				 <ele>23</ele>
			 </trkpt>
			 <trkpt lat="45.437651" lon="11.858">
				 <ele>23</ele>
			 </trkpt>
			 <trkpt lat="45.437692" lon="11.858014">
				 <ele>23</ele>
			 </trkpt>
			 <trkpt lat="45.437774" lon="11.858033">
				 <ele>23</ele>
			 </trkpt>
			 <trkpt lat="45.437982" lon="11.858098">
				 <ele>23</ele>
			 </trkpt>
			 <trkpt lat="45.438103" lon="11.858128">
				 <ele>23</ele>
			 </trkpt>
			 <trkpt lat="45.438316" lon="11.858189">
				 <ele>22</ele>
			 </trkpt>
			 <trkpt lat="45.4384" lon="11.858189">
				 <ele>22</ele>
			 </trkpt>
			 <trkpt lat="45.43844" lon="11.858178">
				 <ele>22</ele>
			 </trkpt>
			 <trkpt lat="45.438474" lon="11.858159">
				 <ele>22</ele>
			 </trkpt>
			 <trkpt lat="45.438516" lon="11.858088">
				 <ele>22</ele>
			 </trkpt>
			 <trkpt lat="45.438522" lon="11.857937">
				 <ele>23</ele>
			 </trkpt>
			 <trkpt lat="45.438526" lon="11.857879">
				 <ele>23</ele>
			 </trkpt>
			 <trkpt lat="45.43854" lon="11.857637">
				 <ele>23</ele>
			 </trkpt>
			 <trkpt lat="45.438543" lon="11.857576">
				 <ele>23</ele>
			 </trkpt>
			 <trkpt lat="45.438556" lon="11.857278">
				 <ele>23</ele>
			 </trkpt>
			 <trkpt lat="45.438575" lon="11.856982">
				 <ele>23</ele>
			 </trkpt>
			 <trkpt lat="45.438581" lon="11.856858">
				 <ele>23</ele>
			 </trkpt>
			 <trkpt lat="45.438598" lon="11.856553">
				 <ele>23</ele>
			 </trkpt>
			 <trkpt lat="45.438602" lon="11.856493">
				 <ele>23</ele>
			 </trkpt>
			 <trkpt lat="45.438624" lon="11.856201">
				 <ele>23</ele>
			 </trkpt>
			 <trkpt lat="45.43864" lon="11.855909">
				 <ele>24</ele>
			 </trkpt>
			 <trkpt lat="45.43865" lon="11.85579">
				 <ele>24</ele>
			 </trkpt>
			 <trkpt lat="45.438667" lon="11.855494">
				 <ele>24</ele>
			 </trkpt>
			 <trkpt lat="45.438677" lon="11.855376">
				 <ele>24</ele>
			 </trkpt>
			 <trkpt lat="45.438697" lon="11.855084">
				 <ele>24</ele>
			 </trkpt>
			 <trkpt lat="45.438721" lon="11.854787">
				 <ele>24</ele>
			 </trkpt>
			 <trkpt lat="45.438738" lon="11.854488">
				 <ele>24</ele>
			 </trkpt>
			 <trkpt lat="45.438754" lon="11.854248">
				 <ele>23</ele>
			 </trkpt>
			 <trkpt lat="45.438771" lon="11.85395">
				 <ele>24</ele>
			 </trkpt>
			 <trkpt lat="45.438784" lon="11.853709">
				 <ele>24</ele>
			 </trkpt>
			 <trkpt lat="45.438803" lon="11.85341">
				 <ele>24</ele>
			 </trkpt>
			 <trkpt lat="45.438823" lon="11.853109">
				 <ele>24</ele>
			 </trkpt>
			 <trkpt lat="45.438827" lon="11.853048">
				 <ele>24</ele>
			 </trkpt>
			 <trkpt lat="45.438837" lon="11.852925">
				 <ele>24</ele>
			 </trkpt>
			 <trkpt lat="45.438856" lon="11.852616">
				 <ele>24</ele>
			 </trkpt>
			 <trkpt lat="45.438869" lon="11.852427">
				 <ele>24</ele>
			 </trkpt>
			 <trkpt lat="45.438887" lon="11.852123">
				 <ele>24</ele>
			 </trkpt>
			 <trkpt lat="45.438899" lon="11.851876">
				 <ele>24</ele>
			 </trkpt>
			 <trkpt lat="45.438904" lon="11.851814">
				 <ele>24</ele>
			 </trkpt>
			 <trkpt lat="45.43891" lon="11.851752">
				 <ele>24</ele>
			 </trkpt>
			 <trkpt lat="45.438935" lon="11.851477">
				 <ele>24</ele>
			 </trkpt>
			 <trkpt lat="45.438949" lon="11.851362">
				 <ele>24</ele>
			 </trkpt>
			 <trkpt lat="45.438956" lon="11.85124">
				 <ele>24</ele>
			 </trkpt>
			 <trkpt lat="45.43897" lon="11.851062">
				 <ele>24</ele>
			 </trkpt>
			 <trkpt lat="45.43898" lon="11.850943">
				 <ele>24</ele>
			 </trkpt>
			 <trkpt lat="45.438985" lon="11.850883">
				 <ele>24</ele>
			 </trkpt>
			 <trkpt lat="45.438999" lon="11.850582">
				 <ele>24</ele>
			 </trkpt>
			 <trkpt lat="45.439008" lon="11.850401">
				 <ele>24</ele>
			 </trkpt>
			 <trkpt lat="45.439015" lon="11.850103">
				 <ele>24</ele>
			 </trkpt>
			 <trkpt lat="45.439026" lon="11.84992">
				 <ele>25</ele>
			 </trkpt>
			 <trkpt lat="45.439042" lon="11.849741">
				 <ele>25</ele>
			 </trkpt>
			 <trkpt lat="45.439057" lon="11.849614">
				 <ele>25</ele>
			 </trkpt>
			 <trkpt lat="45.439074" lon="11.849493">
				 <ele>25</ele>
			 </trkpt>
			 <trkpt lat="45.439076" lon="11.849431">
				 <ele>25</ele>
			 </trkpt>
			 <trkpt lat="45.439085" lon="11.849123">
				 <ele>24</ele>
			 </trkpt>
			 <trkpt lat="45.439112" lon="11.848822">
				 <ele>24</ele>
			 </trkpt>
			 <trkpt lat="45.439129" lon="11.84858">
				 <ele>24</ele>
			 </trkpt>
			 <trkpt lat="45.439164" lon="11.848285">
				 <ele>24</ele>
			 </trkpt>
			 <trkpt lat="45.439184" lon="11.84812">
				 <ele>25</ele>
			 </trkpt>
			 <trkpt lat="45.43921" lon="11.84795">
				 <ele>25</ele>
			 </trkpt>
			 <trkpt lat="45.439239" lon="11.847777">
				 <ele>25</ele>
			 </trkpt>
			 <trkpt lat="45.439266" lon="11.847662">
				 <ele>25</ele>
			 </trkpt>
			 <trkpt lat="45.439342" lon="11.847439">
				 <ele>25</ele>
			 </trkpt>
			 <trkpt lat="45.439427" lon="11.847171">
				 <ele>24</ele>
			 </trkpt>
			 <trkpt lat="45.439491" lon="11.846953">
				 <ele>24</ele>
			 </trkpt>
			 <trkpt lat="45.439579" lon="11.846679">
				 <ele>25</ele>
			 </trkpt>
			 <trkpt lat="45.439666" lon="11.84647">
				 <ele>25</ele>
			 </trkpt>
			 <trkpt lat="45.439761" lon="11.84621">
				 <ele>25</ele>
			 </trkpt>
			 <trkpt lat="45.439807" lon="11.846109">
				 <ele>25</ele>
			 </trkpt>
			 <trkpt lat="45.439833" lon="11.846061">
				 <ele>25</ele>
			 </trkpt>
			 <trkpt lat="45.439948" lon="11.845816">
				 <ele>24</ele>
			 </trkpt>
			 <trkpt lat="45.439971" lon="11.845767">
				 <ele>24</ele>
			 </trkpt>
			 <trkpt lat="45.439989" lon="11.845719">
				 <ele>24</ele>
			 </trkpt>
			 <trkpt lat="45.440029" lon="11.845615">
				 <ele>24</ele>
			 </trkpt>
			 <trkpt lat="45.440127" lon="11.84536">
				 <ele>24</ele>
			 </trkpt>
			 <trkpt lat="45.440149" lon="11.84531">
				 <ele>24</ele>
			 </trkpt>
			 <trkpt lat="45.440244" lon="11.84506">
				 <ele>24</ele>
			 </trkpt>
			 <trkpt lat="45.440297" lon="11.844912">
				 <ele>24</ele>
			 </trkpt>
			 <trkpt lat="45.440341" lon="11.844816">
				 <ele>24</ele>
			 </trkpt>
			 <trkpt lat="45.440403" lon="11.844667">
				 <ele>25</ele>
			 </trkpt>
			 <trkpt lat="45.440483" lon="11.844465">
				 <ele>25</ele>
			 </trkpt>
			 <trkpt lat="45.44056" lon="11.844258">
				 <ele>24</ele>
			 </trkpt>
			 <trkpt lat="45.440655" lon="11.843999">
				 <ele>24</ele>
			 </trkpt>
			 <trkpt lat="45.440749" lon="11.843743">
				 <ele>25</ele>
			 </trkpt>
			 <trkpt lat="45.440842" lon="11.843491">
				 <ele>24</ele>
			 </trkpt>
			 <trkpt lat="45.440932" lon="11.843242">
				 <ele>24</ele>
			 </trkpt>
			 <trkpt lat="45.441028" lon="11.842982">
				 <ele>24</ele>
			 </trkpt>
			 <trkpt lat="45.441134" lon="11.84272">
				 <ele>24</ele>
			 </trkpt>
			 <trkpt lat="45.441154" lon="11.842668">
				 <ele>24</ele>
			 </trkpt>
			 <trkpt lat="45.441248" lon="11.842404">
				 <ele>24</ele>
			 </trkpt>
			 <trkpt lat="45.4413" lon="11.842252">
				 <ele>24</ele>
			 </trkpt>
			 <trkpt lat="45.441405" lon="11.841988">
				 <ele>25</ele>
			 </trkpt>
			 <trkpt lat="45.441477" lon="11.841784">
				 <ele>25</ele>
			 </trkpt>
			 <trkpt lat="45.441571" lon="11.84153">
				 <ele>25</ele>
			 </trkpt>
			 <trkpt lat="45.441606" lon="11.841425">
				 <ele>25</ele>
			 </trkpt>
			 <trkpt lat="45.441681" lon="11.841222">
				 <ele>25</ele>
			 </trkpt>
			 <trkpt lat="45.4417" lon="11.841172">
				 <ele>25</ele>
			 </trkpt>
			 <trkpt lat="45.441792" lon="11.840912">
				 <ele>25</ele>
			 </trkpt>
			 <trkpt lat="45.44185" lon="11.840762">
				 <ele>25</ele>
			 </trkpt>
			 <trkpt lat="45.441904" lon="11.840608">
				 <ele>25</ele>
			 </trkpt>
			 <trkpt lat="45.441967" lon="11.840406">
				 <ele>25</ele>
			 </trkpt>
			 <trkpt lat="45.442055" lon="11.84014">
				 <ele>25</ele>
			 </trkpt>
			 <trkpt lat="45.442075" lon="11.840085">
				 <ele>25</ele>
			 </trkpt>
			 <trkpt lat="45.442096" lon="11.840035">
				 <ele>25</ele>
			 </trkpt>
			 <trkpt lat="45.442139" lon="11.83993">
				 <ele>25</ele>
			 </trkpt>
			 <trkpt lat="45.442245" lon="11.839689">
				 <ele>25</ele>
			 </trkpt>
			 <trkpt lat="45.442305" lon="11.839536">
				 <ele>25</ele>
			 </trkpt>
			 <trkpt lat="45.442343" lon="11.839432">
				 <ele>25</ele>
			 </trkpt>
			 <trkpt lat="45.442443" lon="11.839177">
				 <ele>25</ele>
			 </trkpt>
			 <trkpt lat="45.44255" lon="11.838917">
				 <ele>25</ele>
			 </trkpt>
			 <trkpt lat="45.442617" lon="11.838764">
				 <ele>26</ele>
			 </trkpt>
			 <trkpt lat="45.442651" lon="11.838656">
				 <ele>25</ele>
			 </trkpt>
			 <trkpt lat="45.442681" lon="11.838547">
				 <ele>25</ele>
			 </trkpt>
			 <trkpt lat="45.44274" lon="11.838394">
				 <ele>25</ele>
			 </trkpt>
			 <trkpt lat="45.442834" lon="11.838141">
				 <ele>25</ele>
			 </trkpt>
			 <trkpt lat="45.442852" lon="11.83809">
				 <ele>25</ele>
			 </trkpt>
			 <trkpt lat="45.442892" lon="11.83798">
				 <ele>25</ele>
			 </trkpt>
			 <trkpt lat="45.442998" lon="11.837722">
				 <ele>25</ele>
			 </trkpt>
			 <trkpt lat="45.443019" lon="11.83767">
				 <ele>25</ele>
			 </trkpt>
			 <trkpt lat="45.443059" lon="11.837569">
				 <ele>25</ele>
			 </trkpt>
			 <trkpt lat="45.443137" lon="11.837362">
				 <ele>25</ele>
			 </trkpt>
			 <trkpt lat="45.443206" lon="11.837208">
				 <ele>25</ele>
			 </trkpt>
			 <trkpt lat="45.443302" lon="11.836942">
				 <ele>26</ele>
			 </trkpt>
			 <trkpt lat="45.443354" lon="11.836782">
				 <ele>26</ele>
			 </trkpt>
			 <trkpt lat="45.443373" lon="11.836728">
				 <ele>26</ele>
			 </trkpt>
			 <trkpt lat="45.443465" lon="11.836455">
				 <ele>25</ele>
			 </trkpt>
			 <trkpt lat="45.443521" lon="11.8363">
				 <ele>25</ele>
			 </trkpt>
			 <trkpt lat="45.443617" lon="11.836029">
				 <ele>25</ele>
			 </trkpt>
			 <trkpt lat="45.443696" lon="11.835812">
				 <ele>25</ele>
			 </trkpt>
			 <trkpt lat="45.443794" lon="11.835543">
				 <ele>25</ele>
			 </trkpt>
			 <trkpt lat="45.443834" lon="11.83544">
				 <ele>25</ele>
			 </trkpt>
			 <trkpt lat="45.443937" lon="11.835181">
				 <ele>25</ele>
			 </trkpt>
			 <trkpt lat="45.443956" lon="11.835128">
				 <ele>25</ele>
			 </trkpt>
			 <trkpt lat="45.44406" lon="11.834864">
				 <ele>25</ele>
			 </trkpt>
			 <trkpt lat="45.444134" lon="11.834661">
				 <ele>25</ele>
			 </trkpt>
			 <trkpt lat="45.444157" lon="11.834612">
				 <ele>25</ele>
			 </trkpt>
			 <trkpt lat="45.444243" lon="11.834403">
				 <ele>25</ele>
			 </trkpt>
			 <trkpt lat="45.444348" lon="11.834153">
				 <ele>25</ele>
			 </trkpt>
			 <trkpt lat="45.444457" lon="11.833887">
				 <ele>25</ele>
			 </trkpt>
			 <trkpt lat="45.444479" lon="11.833834">
				 <ele>25</ele>
			 </trkpt>
			 <trkpt lat="45.444585" lon="11.833571">
				 <ele>24</ele>
			 </trkpt>
			 <trkpt lat="45.444604" lon="11.833519">
				 <ele>24</ele>
			 </trkpt>
			 <trkpt lat="45.444623" lon="11.833464">
				 <ele>24</ele>
			 </trkpt>
			 <trkpt lat="45.444661" lon="11.833356">
				 <ele>24</ele>
			 </trkpt>
			 <trkpt lat="45.444745" lon="11.83315">
				 <ele>25</ele>
			 </trkpt>
			 <trkpt lat="45.444764" lon="11.833099">
				 <ele>24</ele>
			 </trkpt>
			 <trkpt lat="45.444845" lon="11.832886">
				 <ele>24</ele>
			 </trkpt>
			 <trkpt lat="45.444958" lon="11.832629">
				 <ele>24</ele>
			 </trkpt>
			 <trkpt lat="45.444989" lon="11.832522">
				 <ele>25</ele>
			 </trkpt>
			 <trkpt lat="45.445039" lon="11.832242">
				 <ele>25</ele>
			 </trkpt>
			 <trkpt lat="45.445041" lon="11.832181">
				 <ele>25</ele>
			 </trkpt>
			 <trkpt lat="45.44504" lon="11.832118">
				 <ele>25</ele>
			 </trkpt>
			 <trkpt lat="45.445023" lon="11.832002">
				 <ele>25</ele>
			 </trkpt>
			 <trkpt lat="45.444995" lon="11.831825">
				 <ele>25</ele>
			 </trkpt>
			 <trkpt lat="45.444943" lon="11.831528">
				 <ele>25</ele>
			 </trkpt>
			 <trkpt lat="45.444896" lon="11.831303">
				 <ele>25</ele>
			 </trkpt>
			 <trkpt lat="45.444842" lon="11.831022">
				 <ele>25</ele>
			 </trkpt>
			 <trkpt lat="45.444856" lon="11.830969">
				 <ele>25</ele>
			 </trkpt>
			 <trkpt lat="45.444879" lon="11.830921">
				 <ele>25</ele>
			 </trkpt>
			 <trkpt lat="45.444983" lon="11.830805">
				 <ele>25</ele>
			 </trkpt>
			 <trkpt lat="45.445173" lon="11.830655">
				 <ele>25</ele>
			 </trkpt>
			 <trkpt lat="45.445318" lon="11.830543">
				 <ele>25</ele>
			 </trkpt>
			 <trkpt lat="45.445477" lon="11.830418">
				 <ele>25</ele>
			 </trkpt>
			 <trkpt lat="45.445598" lon="11.830336">
				 <ele>25</ele>
			 </trkpt>
			 <trkpt lat="45.445791" lon="11.83019">
				 <ele>25</ele>
			 </trkpt>
			 <trkpt lat="45.445909" lon="11.830113">
				 <ele>25</ele>
			 </trkpt>
			 <trkpt lat="45.445949" lon="11.830095">
				 <ele>25</ele>
			 </trkpt>
			 <trkpt lat="45.446067" lon="11.830045">
				 <ele>25</ele>
			 </trkpt>
			 <trkpt lat="45.446261" lon="11.829984">
				 <ele>25</ele>
			 </trkpt>
			 <trkpt lat="45.44646" lon="11.829977">
				 <ele>25</ele>
			 </trkpt>
			 <trkpt lat="45.446591" lon="11.829978">
				 <ele>25</ele>
			 </trkpt>
			 <trkpt lat="45.446807" lon="11.829966">
				 <ele>25</ele>
			 </trkpt>
			 <trkpt lat="45.447023" lon="11.829965">
				 <ele>25</ele>
			 </trkpt>
			 <trkpt lat="45.447061" lon="11.829969">
				 <ele>25</ele>
			 </trkpt>
			 <trkpt lat="45.447187" lon="11.829991">
				 <ele>25</ele>
			 </trkpt>
			 <trkpt lat="45.447233" lon="11.830003">
				 <ele>26</ele>
			 </trkpt>
			 <trkpt lat="45.447432" lon="11.830032">
				 <ele>26</ele>
			 </trkpt>
			 <trkpt lat="45.447475" lon="11.830036">
				 <ele>26</ele>
			 </trkpt>
			 <trkpt lat="45.447565" lon="11.830031">
				 <ele>26</ele>
			 </trkpt>
			 <trkpt lat="45.447642" lon="11.829996">
				 <ele>26</ele>
			 </trkpt>
			 <trkpt lat="45.447707" lon="11.82993">
				 <ele>26</ele>
			 </trkpt>
			 <trkpt lat="45.447764" lon="11.829849">
				 <ele>26</ele>
			 </trkpt>
			 <trkpt lat="45.447788" lon="11.829799">
				 <ele>26</ele>
			 </trkpt>
			 <trkpt lat="45.447841" lon="11.829651">
				 <ele>26</ele>
			 </trkpt>
			 <trkpt lat="45.447837" lon="11.829554">
				 <ele>26</ele>
			 </trkpt>
			 <trkpt lat="45.447791" lon="11.829454">
				 <ele>25</ele>
			 </trkpt>
			 <trkpt lat="45.447757" lon="11.829423">
				 <ele>25</ele>
			 </trkpt>
			 <trkpt lat="45.447717" lon="11.829404">
				 <ele>25</ele>
			 </trkpt>
			 <trkpt lat="45.447628" lon="11.829379">
				 <ele>25</ele>
			 </trkpt>
			 <trkpt lat="45.447591" lon="11.829374">
				 <ele>25</ele>
			 </trkpt>
			 <trkpt lat="45.447412" lon="11.829342">
				 <ele>25</ele>
			 </trkpt>
			 <trkpt lat="45.447284" lon="11.82932">
				 <ele>25</ele>
			 </trkpt>
			 <trkpt lat="45.447242" lon="11.829311">
				 <ele>25</ele>
			 </trkpt>
			 <trkpt lat="45.447034" lon="11.829249">
				 <ele>24</ele>
			 </trkpt>
			 <trkpt lat="45.44683" lon="11.829168">
				 <ele>24</ele>
			 </trkpt>
			 <trkpt lat="45.446791" lon="11.829148">
				 <ele>25</ele>
			 </trkpt>
			 <trkpt lat="45.446589" lon="11.829102">
				 <ele>24</ele>
			 </trkpt>
			 <trkpt lat="45.446504" lon="11.829104">
				 <ele>24</ele>
			 </trkpt>
			 <trkpt lat="45.446287" lon="11.829101">
				 <ele>25</ele>
			 </trkpt>
			 <trkpt lat="45.446165" lon="11.829101">
				 <ele>25</ele>
			 </trkpt>
			 <trkpt lat="45.445969" lon="11.829085">
				 <ele>25</ele>
			 </trkpt>
			 <trkpt lat="45.445889" lon="11.829084">
				 <ele>24</ele>
			 </trkpt>
			 <trkpt lat="45.445848" lon="11.829078">
				 <ele>24</ele>
			 </trkpt>
			 <trkpt lat="45.445727" lon="11.829067">
				 <ele>24</ele>
			 </trkpt>
			 <trkpt lat="45.445511" lon="11.829071">
				 <ele>24</ele>
			 </trkpt>
			 <trkpt lat="45.445312" lon="11.829062">
				 <ele>24</ele>
			 </trkpt>
			 <trkpt lat="45.445189" lon="11.829054">
				 <ele>24</ele>
			 </trkpt>
			 <trkpt lat="45.444982" lon="11.829038">
				 <ele>23</ele>
			 </trkpt>
			 <trkpt lat="45.444901" lon="11.829021">
				 <ele>23</ele>
			 </trkpt>
			 <trkpt lat="45.444823" lon="11.828995">
				 <ele>23</ele>
			 </trkpt>
			 <trkpt lat="45.444706" lon="11.828946">
				 <ele>23</ele>
			 </trkpt>
			 <trkpt lat="45.444628" lon="11.828903">
				 <ele>23</ele>
			 </trkpt>
			 <trkpt lat="45.44452" lon="11.828811">
				 <ele>23</ele>
			 </trkpt>
			 <trkpt lat="45.444452" lon="11.82874">
				 <ele>22</ele>
			 </trkpt>
			 <trkpt lat="45.444385" lon="11.82866">
				 <ele>22</ele>
			 </trkpt>
			 <trkpt lat="45.444352" lon="11.828614">
				 <ele>22</ele>
			 </trkpt>
			 <trkpt lat="45.444305" lon="11.828511">
				 <ele>22</ele>
			 </trkpt>
			 <trkpt lat="45.444266" lon="11.828399">
				 <ele>21</ele>
			 </trkpt>
			 <trkpt lat="45.444197" lon="11.828106">
				 <ele>21</ele>
			 </trkpt>
			 <trkpt lat="45.44416" lon="11.827929">
				 <ele>21</ele>
			 </trkpt>
			 <trkpt lat="45.444127" lon="11.827755">
				 <ele>21</ele>
			 </trkpt>
			 <trkpt lat="45.444092" lon="11.827517">
				 <ele>21</ele>
			 </trkpt>
			 <trkpt lat="45.444054" lon="11.827222">
				 <ele>21</ele>
			 </trkpt>
			 <trkpt lat="45.444008" lon="11.826924">
				 <ele>21</ele>
			 </trkpt>
			 <trkpt lat="45.443965" lon="11.826638">
				 <ele>20</ele>
			 </trkpt>
			 <trkpt lat="45.443921" lon="11.826406">
				 <ele>20</ele>
			 </trkpt>
			 <trkpt lat="45.443911" lon="11.826345">
				 <ele>20</ele>
			 </trkpt>
			 <trkpt lat="45.443864" lon="11.826061">
				 <ele>20</ele>
			 </trkpt>
			 <trkpt lat="45.443849" lon="11.825944">
				 <ele>20</ele>
			 </trkpt>
			 <trkpt lat="45.443807" lon="11.825658">
				 <ele>20</ele>
			 </trkpt>
			 <trkpt lat="45.443785" lon="11.825539">
				 <ele>20</ele>
			 </trkpt>
			 <trkpt lat="45.443741" lon="11.825253">
				 <ele>20</ele>
			 </trkpt>
			 <trkpt lat="45.4437" lon="11.82497">
				 <ele>20</ele>
			 </trkpt>
			 <trkpt lat="45.443662" lon="11.824688">
				 <ele>20</ele>
			 </trkpt>
			 <trkpt lat="45.443615" lon="11.824414">
				 <ele>20</ele>
			 </trkpt>
			 <trkpt lat="45.443601" lon="11.824297">
				 <ele>20</ele>
			 </trkpt>
			 <trkpt lat="45.443557" lon="11.824008">
				 <ele>20</ele>
			 </trkpt>
			 <trkpt lat="45.443521" lon="11.823779">
				 <ele>20</ele>
			 </trkpt>
			 <trkpt lat="45.443503" lon="11.823722">
				 <ele>20</ele>
			 </trkpt>
			 <trkpt lat="45.443466" lon="11.823551">
				 <ele>20</ele>
			 </trkpt>
			 <trkpt lat="45.443453" lon="11.823497">
				 <ele>20</ele>
			 </trkpt>
			 <trkpt lat="45.443385" lon="11.823218">
				 <ele>20</ele>
			 </trkpt>
			 <trkpt lat="45.443345" lon="11.823118">
				 <ele>19</ele>
			 </trkpt>
			 <trkpt lat="45.443244" lon="11.822878">
				 <ele>19</ele>
			 </trkpt>
			 <trkpt lat="45.44314" lon="11.822704">
				 <ele>19</ele>
			 </trkpt>
			 <trkpt lat="45.442994" lon="11.822508">
				 <ele>19</ele>
			 </trkpt>
			 <trkpt lat="45.442932" lon="11.822438">
				 <ele>19</ele>
			 </trkpt>
			 <trkpt lat="45.442898" lon="11.822408">
				 <ele>19</ele>
			 </trkpt>
			 <trkpt lat="45.442729" lon="11.822238">
				 <ele>19</ele>
			 </trkpt>
			 <trkpt lat="45.442642" lon="11.82211">
				 <ele>19</ele>
			 </trkpt>
			 <trkpt lat="45.442613" lon="11.822068">
				 <ele>19</ele>
			 </trkpt>
			 <trkpt lat="45.44252" lon="11.821955">
				 <ele>19</ele>
			 </trkpt>
			 <trkpt lat="45.442449" lon="11.821918">
				 <ele>19</ele>
			 </trkpt>
			 <trkpt lat="45.44241" lon="11.821917">
				 <ele>19</ele>
			 </trkpt>
			 <trkpt lat="45.442371" lon="11.821923">
				 <ele>19</ele>
			 </trkpt>
			 <trkpt lat="45.442215" lon="11.821993">
				 <ele>19</ele>
			 </trkpt>
			 <trkpt lat="45.442011" lon="11.82207">
				 <ele>18</ele>
			 </trkpt>
			 <trkpt lat="45.44193" lon="11.822073">
				 <ele>18</ele>
			 </trkpt>
			 <trkpt lat="45.441845" lon="11.822074">
				 <ele>18</ele>
			 </trkpt>
			 <trkpt lat="45.441637" lon="11.822045">
				 <ele>17</ele>
			 </trkpt>
			 <trkpt lat="45.441594" lon="11.822042">
				 <ele>17</ele>
			 </trkpt>
			 <trkpt lat="45.441504" lon="11.822033">
				 <ele>16</ele>
			 </trkpt>
			 <trkpt lat="45.441371" lon="11.822024">
				 <ele>14</ele>
			 </trkpt>
			 <trkpt lat="45.44128" lon="11.822023">
				 <ele>14</ele>
			 </trkpt>
			 <trkpt lat="45.441235" lon="11.82203">
				 <ele>13</ele>
			 </trkpt>
			 <trkpt lat="45.441145" lon="11.822043">
				 <ele>13</ele>
			 </trkpt>
			 <trkpt lat="45.440973" lon="11.822061">
				 <ele>13</ele>
			 </trkpt>
			 <trkpt lat="45.440931" lon="11.82206">
				 <ele>13</ele>
			 </trkpt>
			 <trkpt lat="45.440858" lon="11.822048">
				 <ele>13</ele>
			 </trkpt>
			 <trkpt lat="45.440775" lon="11.822031">
				 <ele>13</ele>
			 </trkpt>
			 <trkpt lat="45.440576" lon="11.821995">
				 <ele>14</ele>
			 </trkpt>
			 <trkpt lat="45.440497" lon="11.821983">
				 <ele>14</ele>
			 </trkpt>
			 <trkpt lat="45.440412" lon="11.821967">
				 <ele>15</ele>
			 </trkpt>
			 <trkpt lat="45.440331" lon="11.821959">
				 <ele>15</ele>
			 </trkpt>
			 <trkpt lat="45.44025" lon="11.821956">
				 <ele>15</ele>
			 </trkpt>
			 <trkpt lat="45.440211" lon="11.821951">
				 <ele>16</ele>
			 </trkpt>
			 <trkpt lat="45.440007" lon="11.821938">
				 <ele>17</ele>
			 </trkpt>
			 <trkpt lat="45.439966" lon="11.821936">
				 <ele>17</ele>
			 </trkpt>
			 <trkpt lat="45.439836" lon="11.821936">
				 <ele>17</ele>
			 </trkpt>
			 <trkpt lat="45.439627" lon="11.821956">
				 <ele>17</ele>
			 </trkpt>
			 <trkpt lat="45.439506" lon="11.821969">
				 <ele>17</ele>
			 </trkpt>
			 <trkpt lat="45.439343" lon="11.821981">
				 <ele>17</ele>
			 </trkpt>
			 <trkpt lat="45.439302" lon="11.821986">
				 <ele>17</ele>
			 </trkpt>
			 <trkpt lat="45.439097" lon="11.822016">
				 <ele>17</ele>
			 </trkpt>
			 <trkpt lat="45.438895" lon="11.822065">
				 <ele>17</ele>
			 </trkpt>
			 <trkpt lat="45.438735" lon="11.822102">
				 <ele>17</ele>
			 </trkpt>
			 <trkpt lat="45.438532" lon="11.822138">
				 <ele>17</ele>
			 </trkpt>
			 <trkpt lat="45.438493" lon="11.822149">
				 <ele>17</ele>
			 </trkpt>
			 <trkpt lat="45.438413" lon="11.82217">
				 <ele>17</ele>
			 </trkpt>
			 <trkpt lat="45.438374" lon="11.822186">
				 <ele>17</ele>
			 </trkpt>
			 <trkpt lat="45.438335" lon="11.822207">
				 <ele>17</ele>
			 </trkpt>
			 <trkpt lat="45.438149" lon="11.822309">
				 <ele>16</ele>
			 </trkpt>
			 <trkpt lat="45.438112" lon="11.822331">
				 <ele>16</ele>
			 </trkpt>
			 <trkpt lat="45.43793" lon="11.822456">
				 <ele>16</ele>
			 </trkpt>
			 <trkpt lat="45.437753" lon="11.822614">
				 <ele>16</ele>
			 </trkpt>
			 <trkpt lat="45.437722" lon="11.822652">
				 <ele>16</ele>
			 </trkpt>
			 <trkpt lat="45.43763" lon="11.822775">
				 <ele>16</ele>
			 </trkpt>
			 <trkpt lat="45.437491" lon="11.82298">
				 <ele>15</ele>
			 </trkpt>
			 <trkpt lat="45.437467" lon="11.823025">
				 <ele>15</ele>
			 </trkpt>
			 <trkpt lat="45.437349" lon="11.823257">
				 <ele>15</ele>
			 </trkpt>
			 <trkpt lat="45.437279" lon="11.823396">
				 <ele>15</ele>
			 </trkpt>
			 <trkpt lat="45.437234" lon="11.82349">
				 <ele>14</ele>
			 </trkpt>
			 <trkpt lat="45.437146" lon="11.823688">
				 <ele>14</ele>
			 </trkpt>
			 <trkpt lat="45.437072" lon="11.823823">
				 <ele>14</ele>
			 </trkpt>
			 <trkpt lat="45.436952" lon="11.824056">
				 <ele>14</ele>
			 </trkpt>
			 <trkpt lat="45.436881" lon="11.8242">
				 <ele>14</ele>
			 </trkpt>
			 <trkpt lat="45.436842" lon="11.824286">
				 <ele>14</ele>
			 </trkpt>
			 <trkpt lat="45.436754" lon="11.824504">
				 <ele>14</ele>
			 </trkpt>
			 <trkpt lat="45.436672" lon="11.82476">
				 <ele>14</ele>
			 </trkpt>
			 <trkpt lat="45.436611" lon="11.824909">
				 <ele>14</ele>
			 </trkpt>
			 <trkpt lat="45.436503" lon="11.825155">
				 <ele>14</ele>
			 </trkpt>
			 <trkpt lat="45.43644" lon="11.825305">
				 <ele>14</ele>
			 </trkpt>
			 <trkpt lat="45.436339" lon="11.825551">
				 <ele>14</ele>
			 </trkpt>
			 <trkpt lat="45.436281" lon="11.825693">
				 <ele>15</ele>
			 </trkpt>
			 <trkpt lat="45.43622" lon="11.825836">
				 <ele>15</ele>
			 </trkpt>
			 <trkpt lat="45.436118" lon="11.826089">
				 <ele>15</ele>
			 </trkpt>
			 <trkpt lat="45.436081" lon="11.826189">
				 <ele>15</ele>
			 </trkpt>
			 <trkpt lat="45.435987" lon="11.826452">
				 <ele>15</ele>
			 </trkpt>
			 <trkpt lat="45.435964" lon="11.8265">
				 <ele>15</ele>
			 </trkpt>
			 <trkpt lat="45.435856" lon="11.826747">
				 <ele>15</ele>
			 </trkpt>
			 <trkpt lat="45.435784" lon="11.826888">
				 <ele>15</ele>
			 </trkpt>
			 <trkpt lat="45.435757" lon="11.826931">
				 <ele>15</ele>
			 </trkpt>
			 <trkpt lat="45.435659" lon="11.827053">
				 <ele>15</ele>
			 </trkpt>
			 <trkpt lat="45.43563" lon="11.827096">
				 <ele>15</ele>
			 </trkpt>
			 <trkpt lat="45.435571" lon="11.82718">
				 <ele>15</ele>
			 </trkpt>
			 <trkpt lat="45.435403" lon="11.827342">
				 <ele>15</ele>
			 </trkpt>
			 <trkpt lat="45.435365" lon="11.827368">
				 <ele>15</ele>
			 </trkpt>
			 <trkpt lat="45.435287" lon="11.827407">
				 <ele>15</ele>
			 </trkpt>
			 <trkpt lat="45.435157" lon="11.827446">
				 <ele>15</ele>
			 </trkpt>
			 <trkpt lat="45.435067" lon="11.827466">
				 <ele>15</ele>
			 </trkpt>
			 <trkpt lat="45.434891" lon="11.827496">
				 <ele>15</ele>
			 </trkpt>
			 <trkpt lat="45.434848" lon="11.827497">
				 <ele>15</ele>
			 </trkpt>
			 <trkpt lat="45.434631" lon="11.827489">
				 <ele>15</ele>
			 </trkpt>
			 <trkpt lat="45.434508" lon="11.827469">
				 <ele>15</ele>
			 </trkpt>
			 <trkpt lat="45.434468" lon="11.827458">
				 <ele>15</ele>
			 </trkpt>
			 <trkpt lat="45.434256" lon="11.827418">
				 <ele>15</ele>
			 </trkpt>
			 <trkpt lat="45.434086" lon="11.827389">
				 <ele>14</ele>
			 </trkpt>
			 <trkpt lat="45.433872" lon="11.827382">
				 <ele>14</ele>
			 </trkpt>
			 <trkpt lat="45.433789" lon="11.827372">
				 <ele>14</ele>
			 </trkpt>
			 <trkpt lat="45.433585" lon="11.827339">
				 <ele>14</ele>
			 </trkpt>
			 <trkpt lat="45.433464" lon="11.827311">
				 <ele>14</ele>
			 </trkpt>
			 <trkpt lat="45.433427" lon="11.827298">
				 <ele>14</ele>
			 </trkpt>
			 <trkpt lat="45.433386" lon="11.827289">
				 <ele>14</ele>
			 </trkpt>
			 <trkpt lat="45.433227" lon="11.827268">
				 <ele>14</ele>
			 </trkpt>
			 <trkpt lat="45.433185" lon="11.827264">
				 <ele>14</ele>
			 </trkpt>
			 <trkpt lat="45.433062" lon="11.827244">
				 <ele>14</ele>
			 </trkpt>
			 <trkpt lat="45.432865" lon="11.827201">
				 <ele>14</ele>
			 </trkpt>
			 <trkpt lat="45.432823" lon="11.827196">
				 <ele>14</ele>
			 </trkpt>
			 <trkpt lat="45.432735" lon="11.827193">
				 <ele>14</ele>
			 </trkpt>
			 <trkpt lat="45.432519" lon="11.827166">
				 <ele>14</ele>
			 </trkpt>
			 <trkpt lat="45.432317" lon="11.827118">
				 <ele>14</ele>
			 </trkpt>
			 <trkpt lat="45.432274" lon="11.827111">
				 <ele>14</ele>
			 </trkpt>
			 <trkpt lat="45.432189" lon="11.827099">
				 <ele>14</ele>
			 </trkpt>
			 <trkpt lat="45.432023" lon="11.827085">
				 <ele>14</ele>
			 </trkpt>
			 <trkpt lat="45.43198" lon="11.827079">
				 <ele>14</ele>
			 </trkpt>
			 <trkpt lat="45.431854" lon="11.827049">
				 <ele>14</ele>
			 </trkpt>
			 <trkpt lat="45.431651" lon="11.827008">
				 <ele>14</ele>
			 </trkpt>
			 <trkpt lat="45.431481" lon="11.826992">
				 <ele>14</ele>
			 </trkpt>
			 <trkpt lat="45.431352" lon="11.826987">
				 <ele>14</ele>
			 </trkpt>
			 <trkpt lat="45.431271" lon="11.826974">
				 <ele>15</ele>
			 </trkpt>
			 <trkpt lat="45.431229" lon="11.826969">
				 <ele>15</ele>
			 </trkpt>
			 <trkpt lat="45.431104" lon="11.826942">
				 <ele>14</ele>
			 </trkpt>
			 <trkpt lat="45.4309" lon="11.826899">
				 <ele>14</ele>
			 </trkpt>
			 <trkpt lat="45.430819" lon="11.826878">
				 <ele>14</ele>
			 </trkpt>
			 <trkpt lat="45.430635" lon="11.826816">
				 <ele>14</ele>
			 </trkpt>
			 <trkpt lat="45.430596" lon="11.82681">
				 <ele>14</ele>
			 </trkpt>
			 <trkpt lat="45.430554" lon="11.82681">
				 <ele>14</ele>
			 </trkpt>
			 <trkpt lat="45.430342" lon="11.82679">
				 <ele>14</ele>
			 </trkpt>
			 <trkpt lat="45.430257" lon="11.82679">
				 <ele>14</ele>
			 </trkpt>
			 <trkpt lat="45.430072" lon="11.826789">
				 <ele>14</ele>
			 </trkpt>
			 <trkpt lat="45.429984" lon="11.826794">
				 <ele>14</ele>
			 </trkpt>
			 <trkpt lat="45.429942" lon="11.826785">
				 <ele>14</ele>
			 </trkpt>
			 <trkpt lat="45.429819" lon="11.826745">
				 <ele>14</ele>
			 </trkpt>
			 <trkpt lat="45.429607" lon="11.826693">
				 <ele>14</ele>
			 </trkpt>
			 <trkpt lat="45.429521" lon="11.82669">
				 <ele>14</ele>
			 </trkpt>
			 <trkpt lat="45.429312" lon="11.826663">
				 <ele>14</ele>
			 </trkpt>
			 <trkpt lat="45.429105" lon="11.826638">
				 <ele>14</ele>
			 </trkpt>
			 <trkpt lat="45.428933" lon="11.826614">
				 <ele>14</ele>
			 </trkpt>
			 <trkpt lat="45.42872" lon="11.826612">
				 <ele>14</ele>
			 </trkpt>
			 <trkpt lat="45.428594" lon="11.826608">
				 <ele>14</ele>
			 </trkpt>
			 <trkpt lat="45.428389" lon="11.826598">
				 <ele>14</ele>
			 </trkpt>
			 <trkpt lat="45.42822" lon="11.826574">
				 <ele>14</ele>
			 </trkpt>
			 <trkpt lat="45.428177" lon="11.826574">
				 <ele>14</ele>
			 </trkpt>
			 <trkpt lat="45.427972" lon="11.826556">
				 <ele>14</ele>
			 </trkpt>
			 <trkpt lat="45.427761" lon="11.826543">
				 <ele>14</ele>
			 </trkpt>
			 <trkpt lat="45.427672" lon="11.826543">
				 <ele>14</ele>
			 </trkpt>
			 <trkpt lat="45.42763" lon="11.826539">
				 <ele>14</ele>
			 </trkpt>
			 <trkpt lat="45.427414" lon="11.826524">
				 <ele>14</ele>
			 </trkpt>
			 <trkpt lat="45.427326" lon="11.826524">
				 <ele>14</ele>
			 </trkpt>
			 <trkpt lat="45.427197" lon="11.826516">
				 <ele>14</ele>
			 </trkpt>
			 <trkpt lat="45.426984" lon="11.826493">
				 <ele>14</ele>
			 </trkpt>
			 <trkpt lat="45.426817" lon="11.826488">
				 <ele>14</ele>
			 </trkpt>
			 <trkpt lat="45.426649" lon="11.826487">
				 <ele>14</ele>
			 </trkpt>
			 <trkpt lat="45.426441" lon="11.826473">
				 <ele>14</ele>
			 </trkpt>
			 <trkpt lat="45.426224" lon="11.826487">
				 <ele>14</ele>
			 </trkpt>
			 <trkpt lat="45.426017" lon="11.826475">
				 <ele>14</ele>
			 </trkpt>
			 <trkpt lat="45.425851" lon="11.826442">
				 <ele>13</ele>
			 </trkpt>
			 <trkpt lat="45.425637" lon="11.826416">
				 <ele>13</ele>
			 </trkpt>
			 <trkpt lat="45.425555" lon="11.826411">
				 <ele>13</ele>
			 </trkpt>
			 <trkpt lat="45.425348" lon="11.826402">
				 <ele>14</ele>
			 </trkpt>
			 <trkpt lat="45.425265" lon="11.826402">
				 <ele>14</ele>
			 </trkpt>
			 <trkpt lat="45.425055" lon="11.826405">
				 <ele>13</ele>
			 </trkpt>
			 <trkpt lat="45.424932" lon="11.826407">
				 <ele>13</ele>
			 </trkpt>
			 <trkpt lat="45.424892" lon="11.826408">
				 <ele>13</ele>
			 </trkpt>
			 <trkpt lat="45.424682" lon="11.826405">
				 <ele>12</ele>
			 </trkpt>
			 <trkpt lat="45.424516" lon="11.826403">
				 <ele>12</ele>
			 </trkpt>
			 <trkpt lat="45.424307" lon="11.826398">
				 <ele>12</ele>
			 </trkpt>
			 <trkpt lat="45.424182" lon="11.826388">
				 <ele>12</ele>
			 </trkpt>
			 <trkpt lat="45.424137" lon="11.82639">
				 <ele>12</ele>
			 </trkpt>
			 <trkpt lat="45.424092" lon="11.826391">
				 <ele>12</ele>
			 </trkpt>
			 <trkpt lat="45.424048" lon="11.826387">
				 <ele>12</ele>
			 </trkpt>
			 <trkpt lat="45.423836" lon="11.826368">
				 <ele>12</ele>
			 </trkpt>
			 <trkpt lat="45.423704" lon="11.826363">
				 <ele>12</ele>
			 </trkpt>
			 <trkpt lat="45.423494" lon="11.826344">
				 <ele>12</ele>
			 </trkpt>
			 <trkpt lat="45.423289" lon="11.826311">
				 <ele>12</ele>
			 </trkpt>
			 <trkpt lat="45.423084" lon="11.826293">
				 <ele>12</ele>
			 </trkpt>
			 <trkpt lat="45.422923" lon="11.826281">
				 <ele>12</ele>
			 </trkpt>
			 <trkpt lat="45.42272" lon="11.82626">
				 <ele>12</ele>
			 </trkpt>
			 <trkpt lat="45.422552" lon="11.826254">
				 <ele>12</ele>
			 </trkpt>
			 <trkpt lat="45.422342" lon="11.826248">
				 <ele>12</ele>
			 </trkpt>
			 <trkpt lat="45.422172" lon="11.826247">
				 <ele>12</ele>
			 </trkpt>
			 <trkpt lat="45.421969" lon="11.826235">
				 <ele>12</ele>
			 </trkpt>
			 <trkpt lat="45.421928" lon="11.826233">
				 <ele>12</ele>
			 </trkpt>
			 <trkpt lat="45.421719" lon="11.826238">
				 <ele>12</ele>
			 </trkpt>
			 <trkpt lat="45.421677" lon="11.82624">
				 <ele>12</ele>
			 </trkpt>
			 <trkpt lat="45.421519" lon="11.826203">
				 <ele>12</ele>
			 </trkpt>
			 <trkpt lat="45.421346" lon="11.826204">
				 <ele>12</ele>
			 </trkpt>
			 <trkpt lat="45.421136" lon="11.826216">
				 <ele>12</ele>
			 </trkpt>
			 <trkpt lat="45.420929" lon="11.826211">
				 <ele>11</ele>
			 </trkpt>
			 <trkpt lat="45.420887" lon="11.826203">
				 <ele>12</ele>
			 </trkpt>
			 <trkpt lat="45.420681" lon="11.826186">
				 <ele>12</ele>
			 </trkpt>
			 <trkpt lat="45.420478" lon="11.826172">
				 <ele>12</ele>
			 </trkpt>
			 <trkpt lat="45.420441" lon="11.82617">
				 <ele>12</ele>
			 </trkpt>
			 <trkpt lat="45.420239" lon="11.826155">
				 <ele>12</ele>
			 </trkpt>
			 <trkpt lat="45.420048" lon="11.826139">
				 <ele>12</ele>
			 </trkpt>
			 <trkpt lat="45.420009" lon="11.826137">
				 <ele>12</ele>
			 </trkpt>
			 <trkpt lat="45.419807" lon="11.826137">
				 <ele>12</ele>
			 </trkpt>
			 <trkpt lat="45.419727" lon="11.826132">
				 <ele>12</ele>
			 </trkpt>
			 <trkpt lat="45.419686" lon="11.826129">
				 <ele>12</ele>
			 </trkpt>
			 <trkpt lat="45.419477" lon="11.826123">
				 <ele>11</ele>
			 </trkpt>
			 <trkpt lat="45.419356" lon="11.826121">
				 <ele>11</ele>
			 </trkpt>
			 <trkpt lat="45.419143" lon="11.82613">
				 <ele>11</ele>
			 </trkpt>
			 <trkpt lat="45.419017" lon="11.82612">
				 <ele>11</ele>
			 </trkpt>
			 <trkpt lat="45.418933" lon="11.826117">
				 <ele>11</ele>
			 </trkpt>
			 <trkpt lat="45.418857" lon="11.826115">
				 <ele>11</ele>
			 </trkpt>
			 <trkpt lat="45.41868" lon="11.82611">
				 <ele>11</ele>
			 </trkpt>
			 <trkpt lat="45.418462" lon="11.826099">
				 <ele>11</ele>
			 </trkpt>
			 <trkpt lat="45.418288" lon="11.826098">
				 <ele>11</ele>
			 </trkpt>
			 <trkpt lat="45.418159" lon="11.826087">
				 <ele>11</ele>
			 </trkpt>
			 <trkpt lat="45.418042" lon="11.826058">
				 <ele>11</ele>
			 </trkpt>
			 <trkpt lat="45.41788" lon="11.826011">
				 <ele>11</ele>
			 </trkpt>
			 <trkpt lat="45.417822" lon="11.825932">
				 <ele>12</ele>
			 </trkpt>
			 <trkpt lat="45.417814" lon="11.825815">
				 <ele>12</ele>
			 </trkpt>
			 <trkpt lat="45.417822" lon="11.825752">
				 <ele>12</ele>
			 </trkpt>
			 <trkpt lat="45.417883" lon="11.825488">
				 <ele>13</ele>
			 </trkpt>
			 <trkpt lat="45.417947" lon="11.825315">
				 <ele>13</ele>
			 </trkpt>
			 <trkpt lat="45.418045" lon="11.825042">
				 <ele>13</ele>
			 </trkpt>
			 <trkpt lat="45.418105" lon="11.824887">
				 <ele>13</ele>
			 </trkpt>
			 <trkpt lat="45.418204" lon="11.824625">
				 <ele>13</ele>
			 </trkpt>
			 <trkpt lat="45.418293" lon="11.824364">
				 <ele>13</ele>
			 </trkpt>
			 <trkpt lat="45.418313" lon="11.824312">
				 <ele>13</ele>
			 </trkpt>
			 <trkpt lat="45.418408" lon="11.82405">
				 <ele>13</ele>
			 </trkpt>
			 <trkpt lat="45.418469" lon="11.8239">
				 <ele>14</ele>
			 </trkpt>
			 <trkpt lat="45.418572" lon="11.823639">
				 <ele>13</ele>
			 </trkpt>
			 <trkpt lat="45.418609" lon="11.823535">
				 <ele>14</ele>
			 </trkpt>
			 <trkpt lat="45.418627" lon="11.823483">
				 <ele>14</ele>
			 </trkpt>
			 <trkpt lat="45.418646" lon="11.823432">
				 <ele>14</ele>
			 </trkpt>
			 <trkpt lat="45.418744" lon="11.82318">
				 <ele>14</ele>
			 </trkpt>
			 <trkpt lat="45.418825" lon="11.822983">
				 <ele>14</ele>
			 </trkpt>
			 <trkpt lat="45.418915" lon="11.822735">
				 <ele>14</ele>
			 </trkpt>
			 <trkpt lat="45.418935" lon="11.822682">
				 <ele>14</ele>
			 </trkpt>
			 <trkpt lat="45.418971" lon="11.822575">
				 <ele>14</ele>
			 </trkpt>
			 <trkpt lat="45.419034" lon="11.822347">
				 <ele>15</ele>
			 </trkpt>
			 <trkpt lat="45.419074" lon="11.822247">
				 <ele>15</ele>
			 </trkpt>
			 <trkpt lat="45.419165" lon="11.821996">
				 <ele>15</ele>
			 </trkpt>
			 <trkpt lat="45.419205" lon="11.821893">
				 <ele>15</ele>
			 </trkpt>
			 <trkpt lat="45.419241" lon="11.821782">
				 <ele>15</ele>
			 </trkpt>
			 <trkpt lat="45.419308" lon="11.821501">
				 <ele>15</ele>
			 </trkpt>
			 <trkpt lat="45.419338" lon="11.82139">
				 <ele>15</ele>
			 </trkpt>
			 <trkpt lat="45.419354" lon="11.821331">
				 <ele>15</ele>
			 </trkpt>
			 <trkpt lat="45.419382" lon="11.821223">
				 <ele>15</ele>
			 </trkpt>
			 <trkpt lat="45.419435" lon="11.820997">
				 <ele>15</ele>
			 </trkpt>
			 <trkpt lat="45.419448" lon="11.82094">
				 <ele>15</ele>
			 </trkpt>
			 <trkpt lat="45.419509" lon="11.820648">
				 <ele>15</ele>
			 </trkpt>
			 <trkpt lat="45.419519" lon="11.820586">
				 <ele>15</ele>
			 </trkpt>
			 <trkpt lat="45.419561" lon="11.820361">
				 <ele>15</ele>
			 </trkpt>
			 <trkpt lat="45.419583" lon="11.820244">
				 <ele>15</ele>
			 </trkpt>
			 <trkpt lat="45.419615" lon="11.820071">
				 <ele>15</ele>
			 </trkpt>
			 <trkpt lat="45.419656" lon="11.819825">
				 <ele>15</ele>
			 </trkpt>
			 <trkpt lat="45.419675" lon="11.819702">
				 <ele>16</ele>
			 </trkpt>
			 <trkpt lat="45.419695" lon="11.819585">
				 <ele>16</ele>
			 </trkpt>
			 <trkpt lat="45.419716" lon="11.819467">
				 <ele>16</ele>
			 </trkpt>
			 <trkpt lat="45.419743" lon="11.819359">
				 <ele>16</ele>
			 </trkpt>
			 <trkpt lat="45.419783" lon="11.81919">
				 <ele>16</ele>
			 </trkpt>
			 <trkpt lat="45.419845" lon="11.818905">
				 <ele>17</ele>
			 </trkpt>
			 <trkpt lat="45.419888" lon="11.818735">
				 <ele>17</ele>
			 </trkpt>
			 <trkpt lat="45.419902" lon="11.818678">
				 <ele>17</ele>
			 </trkpt>
			 <trkpt lat="45.419911" lon="11.818618">
				 <ele>17</ele>
			 </trkpt>
			 <trkpt lat="45.419941" lon="11.818509">
				 <ele>17</ele>
			 </trkpt>
			 <trkpt lat="45.419971" lon="11.818407">
				 <ele>17</ele>
			 </trkpt>
			 <trkpt lat="45.419992" lon="11.818297">
				 <ele>17</ele>
			 </trkpt>
			 <trkpt lat="45.42001" lon="11.818241">
				 <ele>17</ele>
			 </trkpt>
			 <trkpt lat="45.420058" lon="11.818067">
				 <ele>17</ele>
			 </trkpt>
			 <trkpt lat="45.42009" lon="11.817957">
				 <ele>17</ele>
			 </trkpt>
			 <trkpt lat="45.420151" lon="11.817732">
				 <ele>17</ele>
			 </trkpt>
			 <trkpt lat="45.42016" lon="11.817672">
				 <ele>17</ele>
			 </trkpt>
			 <trkpt lat="45.420175" lon="11.817571">
				 <ele>18</ele>
			 </trkpt>
			 <trkpt lat="45.420195" lon="11.817456">
				 <ele>18</ele>
			 </trkpt>
			 <trkpt lat="45.420204" lon="11.817401">
				 <ele>18</ele>
			 </trkpt>
			 <trkpt lat="45.420253" lon="11.817103">
				 <ele>18</ele>
			 </trkpt>
			 <trkpt lat="45.42026" lon="11.816853">
				 <ele>18</ele>
			 </trkpt>
			 <trkpt lat="45.420269" lon="11.816566">
				 <ele>18</ele>
			 </trkpt>
			 <trkpt lat="45.420277" lon="11.816435">
				 <ele>18</ele>
			 </trkpt>
			 <trkpt lat="45.420282" lon="11.816378">
				 <ele>18</ele>
			 </trkpt>
			 <trkpt lat="45.420281" lon="11.816146">
				 <ele>17</ele>
			 </trkpt>
			 <trkpt lat="45.420277" lon="11.816092">
				 <ele>17</ele>
			 </trkpt>
			 <trkpt lat="45.420236" lon="11.815995">
				 <ele>17</ele>
			 </trkpt>
			 <trkpt lat="45.420196" lon="11.815959">
				 <ele>17</ele>
			 </trkpt>
			 <trkpt lat="45.420156" lon="11.81593">
				 <ele>17</ele>
			 </trkpt>
			 <trkpt lat="45.419978" lon="11.815874">
				 <ele>17</ele>
			 </trkpt>
			 <trkpt lat="45.419796" lon="11.815839">
				 <ele>16</ele>
			 </trkpt>
			 <trkpt lat="45.419589" lon="11.815787">
				 <ele>16</ele>
			 </trkpt>
			 <trkpt lat="45.41943" lon="11.815748">
				 <ele>16</ele>
			 </trkpt>
			 <trkpt lat="45.41932" lon="11.815715">
				 <ele>16</ele>
			 </trkpt>
			 <trkpt lat="45.419174" lon="11.815668">
				 <ele>16</ele>
			 </trkpt>
			 <trkpt lat="45.419091" lon="11.815636">
				 <ele>16</ele>
			 </trkpt>
			 <trkpt lat="45.41889" lon="11.815561">
				 <ele>16</ele>
			 </trkpt>
			 <trkpt lat="45.418768" lon="11.815516">
				 <ele>16</ele>
			 </trkpt>
			 <trkpt lat="45.418555" lon="11.815444">
				 <ele>16</ele>
			 </trkpt>
			 <trkpt lat="45.41851" lon="11.815432">
				 <ele>16</ele>
			 </trkpt>
			 <trkpt lat="45.418466" lon="11.815419">
				 <ele>16</ele>
			 </trkpt>
			 <trkpt lat="45.418269" lon="11.815342">
				 <ele>16</ele>
			 </trkpt>
			 <trkpt lat="45.418114" lon="11.815291">
				 <ele>16</ele>
			 </trkpt>
			 <trkpt lat="45.418048" lon="11.815258">
				 <ele>16</ele>
			 </trkpt>
			 <trkpt lat="45.417973" lon="11.815229">
				 <ele>16</ele>
			 </trkpt>
			 <trkpt lat="45.417894" lon="11.815214">
				 <ele>16</ele>
			 </trkpt>
			 <trkpt lat="45.417688" lon="11.815195">
				 <ele>16</ele>
			 </trkpt>
			 <trkpt lat="45.417602" lon="11.81518">
				 <ele>16</ele>
			 </trkpt>
			 <trkpt lat="45.417392" lon="11.81514">
				 <ele>16</ele>
			 </trkpt>
			 <trkpt lat="45.417353" lon="11.815129">
				 <ele>16</ele>
			 </trkpt>
			 <trkpt lat="45.417317" lon="11.815122">
				 <ele>16</ele>
			 </trkpt>
			 <trkpt lat="45.417155" lon="11.8151">
				 <ele>16</ele>
			 </trkpt>
			 <trkpt lat="45.417028" lon="11.815103">
				 <ele>15</ele>
			 </trkpt>
			 <trkpt lat="45.416824" lon="11.815077">
				 <ele>15</ele>
			 </trkpt>
			 <trkpt lat="45.416654" lon="11.815068">
				 <ele>15</ele>
			 </trkpt>
			 <trkpt lat="45.416607" lon="11.815071">
				 <ele>15</ele>
			 </trkpt>
			 <trkpt lat="45.4164" lon="11.815053">
				 <ele>15</ele>
			 </trkpt>
			 <trkpt lat="45.416362" lon="11.815049">
				 <ele>15</ele>
			 </trkpt>
			 <trkpt lat="45.416235" lon="11.815035">
				 <ele>15</ele>
			 </trkpt>
			 <trkpt lat="45.416149" lon="11.815028">
				 <ele>15</ele>
			 </trkpt>
			 <trkpt lat="45.416108" lon="11.815018">
				 <ele>15</ele>
			 </trkpt>
			 <trkpt lat="45.416067" lon="11.815005">
				 <ele>15</ele>
			 </trkpt>
			 <trkpt lat="45.416027" lon="11.814988">
				 <ele>15</ele>
			 </trkpt>
			 <trkpt lat="45.415897" lon="11.81493">
				 <ele>15</ele>
			 </trkpt>
			 <trkpt lat="45.415808" lon="11.814898">
				 <ele>15</ele>
			 </trkpt>
			 <trkpt lat="45.415604" lon="11.814808">
				 <ele>15</ele>
			 </trkpt>
			 <trkpt lat="45.415487" lon="11.814734">
				 <ele>15</ele>
			 </trkpt>
			 <trkpt lat="45.415445" lon="11.814718">
				 <ele>15</ele>
			 </trkpt>
			 <trkpt lat="45.415246" lon="11.814634">
				 <ele>15</ele>
			 </trkpt>
			 <trkpt lat="45.415053" lon="11.814528">
				 <ele>15</ele>
			 </trkpt>
			 <trkpt lat="45.414847" lon="11.814447">
				 <ele>15</ele>
			 </trkpt>
			 <trkpt lat="45.414766" lon="11.814389">
				 <ele>15</ele>
			 </trkpt>
			 <trkpt lat="45.414562" lon="11.814315">
				 <ele>15</ele>
			 </trkpt>
			 <trkpt lat="45.414482" lon="11.814315">
				 <ele>15</ele>
			 </trkpt>
			 <trkpt lat="45.414287" lon="11.814361">
				 <ele>15</ele>
			 </trkpt>
			 <trkpt lat="45.414161" lon="11.814386">
				 <ele>15</ele>
			 </trkpt>
			 <trkpt lat="45.413955" lon="11.814358">
				 <ele>15</ele>
			 </trkpt>
			 <trkpt lat="45.413824" lon="11.814327">
				 <ele>15</ele>
			 </trkpt>
			 <trkpt lat="45.413661" lon="11.814264">
				 <ele>15</ele>
			 </trkpt>
			 <trkpt lat="45.413532" lon="11.814226">
				 <ele>15</ele>
			 </trkpt>
			 <trkpt lat="45.413322" lon="11.814172">
				 <ele>15</ele>
			 </trkpt>
			 <trkpt lat="45.413112" lon="11.814097">
				 <ele>14</ele>
			 </trkpt>
			 <trkpt lat="45.41292" lon="11.814012">
				 <ele>14</ele>
			 </trkpt>
			 <trkpt lat="45.4128" lon="11.813965">
				 <ele>14</ele>
			 </trkpt>
			 <trkpt lat="45.412589" lon="11.813899">
				 <ele>14</ele>
			 </trkpt>
			 <trkpt lat="45.412546" lon="11.813878">
				 <ele>14</ele>
			 </trkpt>
			 <trkpt lat="45.412511" lon="11.813856">
				 <ele>14</ele>
			 </trkpt>
			 <trkpt lat="45.412469" lon="11.813839">
				 <ele>14</ele>
			 </trkpt>
			 <trkpt lat="45.412314" lon="11.813772">
				 <ele>14</ele>
			 </trkpt>
			 <trkpt lat="45.412276" lon="11.813756">
				 <ele>14</ele>
			 </trkpt>
			 <trkpt lat="45.412081" lon="11.813684">
				 <ele>14</ele>
			 </trkpt>
			 <trkpt lat="45.411918" lon="11.813632">
				 <ele>14</ele>
			 </trkpt>
			 <trkpt lat="45.41188" lon="11.813613">
				 <ele>14</ele>
			 </trkpt>
			 <trkpt lat="45.411674" lon="11.813524">
				 <ele>14</ele>
			 </trkpt>
			 <trkpt lat="45.411594" lon="11.813477">
				 <ele>14</ele>
			 </trkpt>
			 <trkpt lat="45.411455" lon="11.813341">
				 <ele>14</ele>
			 </trkpt>
			 <trkpt lat="45.411436" lon="11.813294">
				 <ele>14</ele>
			 </trkpt>
			 <trkpt lat="45.411426" lon="11.813239">
				 <ele>14</ele>
			 </trkpt>
			 <trkpt lat="45.411438" lon="11.813103">
				 <ele>14</ele>
			 </trkpt>
			 <trkpt lat="45.411449" lon="11.813029">
				 <ele>14</ele>
			 </trkpt>
			 <trkpt lat="45.411522" lon="11.812794">
				 <ele>14</ele>
			 </trkpt>
			 <trkpt lat="45.411563" lon="11.81268">
				 <ele>14</ele>
			 </trkpt>
			 <trkpt lat="45.411595" lon="11.812554">
				 <ele>14</ele>
			 </trkpt>
			 <trkpt lat="45.411663" lon="11.812281">
				 <ele>14</ele>
			 </trkpt>
			 <trkpt lat="45.411681" lon="11.812222">
				 <ele>14</ele>
			 </trkpt>
			 <trkpt lat="45.411759" lon="11.811948">
				 <ele>14</ele>
			 </trkpt>
			 <trkpt lat="45.411802" lon="11.811796">
				 <ele>14</ele>
			 </trkpt>
			 <trkpt lat="45.411868" lon="11.811505">
				 <ele>14</ele>
			 </trkpt>
			 <trkpt lat="45.41192" lon="11.811266">
				 <ele>15</ele>
			 </trkpt>
			 <trkpt lat="45.411939" lon="11.811212">
				 <ele>15</ele>
			 </trkpt>
			 <trkpt lat="45.41197" lon="11.811096">
				 <ele>14</ele>
			 </trkpt>
			 <trkpt lat="45.411993" lon="11.810976">
				 <ele>14</ele>
			 </trkpt>
			 <trkpt lat="45.412053" lon="11.810688">
				 <ele>15</ele>
			 </trkpt>
			 <trkpt lat="45.412069" lon="11.810629">
				 <ele>15</ele>
			 </trkpt>
			 <trkpt lat="45.412099" lon="11.810516">
				 <ele>15</ele>
			 </trkpt>
			 <trkpt lat="45.412178" lon="11.810254">
				 <ele>15</ele>
			 </trkpt>
			 <trkpt lat="45.412225" lon="11.810089">
				 <ele>15</ele>
			 </trkpt>
			 <trkpt lat="45.412286" lon="11.809811">
				 <ele>15</ele>
			 </trkpt>
			 <trkpt lat="45.412316" lon="11.8097">
				 <ele>15</ele>
			 </trkpt>
			 <trkpt lat="45.412394" lon="11.809421">
				 <ele>15</ele>
			 </trkpt>
			 <trkpt lat="45.412446" lon="11.809197">
				 <ele>15</ele>
			 </trkpt>
			 <trkpt lat="45.412461" lon="11.809141">
				 <ele>15</ele>
			 </trkpt>
			 <trkpt lat="45.412532" lon="11.808839">
				 <ele>15</ele>
			 </trkpt>
			 <trkpt lat="45.412546" lon="11.808779">
				 <ele>15</ele>
			 </trkpt>
			 <trkpt lat="45.412577" lon="11.808659">
				 <ele>15</ele>
			 </trkpt>
			 <trkpt lat="45.412631" lon="11.808414">
				 <ele>14</ele>
			 </trkpt>
			 <trkpt lat="45.412653" lon="11.808298">
				 <ele>14</ele>
			 </trkpt>
			 <trkpt lat="45.412665" lon="11.808241">
				 <ele>14</ele>
			 </trkpt>
			 <trkpt lat="45.412735" lon="11.807946">
				 <ele>15</ele>
			 </trkpt>
			 <trkpt lat="45.412747" lon="11.807887">
				 <ele>15</ele>
			 </trkpt>
			 <trkpt lat="45.41276" lon="11.807829">
				 <ele>15</ele>
			 </trkpt>
			 <trkpt lat="45.412824" lon="11.807543">
				 <ele>15</ele>
			 </trkpt>
			 <trkpt lat="45.41288" lon="11.80731">
				 <ele>15</ele>
			 </trkpt>
			 <trkpt lat="45.412975" lon="11.807052">
				 <ele>16</ele>
			 </trkpt>
			 <trkpt lat="45.413003" lon="11.806943">
				 <ele>16</ele>
			 </trkpt>
			 <trkpt lat="45.413015" lon="11.806886">
				 <ele>16</ele>
			 </trkpt>
			 <trkpt lat="45.413052" lon="11.806708">
				 <ele>16</ele>
			 </trkpt>
			 <trkpt lat="45.413061" lon="11.806649">
				 <ele>16</ele>
			 </trkpt>
			 <trkpt lat="45.41309" lon="11.806543">
				 <ele>16</ele>
			 </trkpt>
			 <trkpt lat="45.413157" lon="11.80626">
				 <ele>16</ele>
			 </trkpt>
			 <trkpt lat="45.413188" lon="11.80609">
				 <ele>16</ele>
			 </trkpt>
			 <trkpt lat="45.413241" lon="11.805807">
				 <ele>16</ele>
			 </trkpt>
			 <trkpt lat="45.413281" lon="11.805641">
				 <ele>16</ele>
			 </trkpt>
			 <trkpt lat="45.413354" lon="11.805369">
				 <ele>16</ele>
			 </trkpt>
			 <trkpt lat="45.413409" lon="11.80515">
				 <ele>16</ele>
			 </trkpt>
			 <trkpt lat="45.413475" lon="11.804873">
				 <ele>16</ele>
			 </trkpt>
			 <trkpt lat="45.413505" lon="11.804761">
				 <ele>16</ele>
			 </trkpt>
			 <trkpt lat="45.413533" lon="11.804649">
				 <ele>16</ele>
			 </trkpt>
			 <trkpt lat="45.413564" lon="11.804542">
				 <ele>16</ele>
			 </trkpt>
			 <trkpt lat="45.413657" lon="11.804275">
				 <ele>16</ele>
			 </trkpt>
			 <trkpt lat="45.413756" lon="11.804082">
				 <ele>17</ele>
			 </trkpt>
			 <trkpt lat="45.413781" lon="11.804037">
				 <ele>17</ele>
			 </trkpt>
			 <trkpt lat="45.413813" lon="11.803938">
				 <ele>17</ele>
			 </trkpt>
			 <trkpt lat="45.413816" lon="11.803824">
				 <ele>17</ele>
			 </trkpt>
			 <trkpt lat="45.413809" lon="11.803588">
				 <ele>17</ele>
			 </trkpt>
			 <trkpt lat="45.413821" lon="11.803477">
				 <ele>17</ele>
			 </trkpt>
			 <trkpt lat="45.413872" lon="11.803185">
				 <ele>17</ele>
			 </trkpt>
			 <trkpt lat="45.413922" lon="11.802967">
				 <ele>17</ele>
			 </trkpt>
			 <trkpt lat="45.413985" lon="11.802689">
				 <ele>16</ele>
			 </trkpt>
			 <trkpt lat="45.414045" lon="11.802415">
				 <ele>16</ele>
			 </trkpt>
			 <trkpt lat="45.414101" lon="11.802135">
				 <ele>16</ele>
			 </trkpt>
			 <trkpt lat="45.414136" lon="11.80197">
				 <ele>16</ele>
			 </trkpt>
			 <trkpt lat="45.414149" lon="11.801915">
				 <ele>16</ele>
			 </trkpt>
			 <trkpt lat="45.414214" lon="11.801638">
				 <ele>16</ele>
			 </trkpt>
			 <trkpt lat="45.414225" lon="11.801584">
				 <ele>16</ele>
			 </trkpt>
			 <trkpt lat="45.414248" lon="11.801474">
				 <ele>16</ele>
			 </trkpt>
			 <trkpt lat="45.414316" lon="11.801199">
				 <ele>17</ele>
			 </trkpt>
			 <trkpt lat="45.414367" lon="11.80098">
				 <ele>17</ele>
			 </trkpt>
			 <trkpt lat="45.414381" lon="11.800923">
				 <ele>17</ele>
			 </trkpt>
			 <trkpt lat="45.414436" lon="11.800645">
				 <ele>17</ele>
			 </trkpt>
			 <trkpt lat="45.414447" lon="11.800589">
				 <ele>17</ele>
			 </trkpt>
			 <trkpt lat="45.414472" lon="11.800476">
				 <ele>17</ele>
			 </trkpt>
			 <trkpt lat="45.414503" lon="11.800364">
				 <ele>17</ele>
			 </trkpt>
			 <trkpt lat="45.414567" lon="11.800087">
				 <ele>17</ele>
			 </trkpt>
			 <trkpt lat="45.414595" lon="11.799977">
				 <ele>17</ele>
			 </trkpt>
			 <trkpt lat="45.414629" lon="11.799872">
				 <ele>17</ele>
			 </trkpt>
			 <trkpt lat="45.414658" lon="11.799764">
				 <ele>17</ele>
			 </trkpt>
			 <trkpt lat="45.414721" lon="11.799479">
				 <ele>17</ele>
			 </trkpt>
			 <trkpt lat="45.414758" lon="11.799313">
				 <ele>17</ele>
			 </trkpt>
			 <trkpt lat="45.414818" lon="11.79903">
				 <ele>17</ele>
			 </trkpt>
			 <trkpt lat="45.414872" lon="11.798798">
				 <ele>17</ele>
			 </trkpt>
			 <trkpt lat="45.414899" lon="11.798687">
				 <ele>17</ele>
			 </trkpt>
			 <trkpt lat="45.414967" lon="11.798425">
				 <ele>17</ele>
			 </trkpt>
			 <trkpt lat="45.415002" lon="11.798306">
				 <ele>17</ele>
			 </trkpt>
			 <trkpt lat="45.415072" lon="11.798032">
				 <ele>17</ele>
			 </trkpt>
			 <trkpt lat="45.415142" lon="11.797752">
				 <ele>17</ele>
			 </trkpt>
			 <trkpt lat="45.415179" lon="11.797588">
				 <ele>17</ele>
			 </trkpt>
			 <trkpt lat="45.415223" lon="11.797417">
				 <ele>17</ele>
			 </trkpt>
			 <trkpt lat="45.415283" lon="11.797203">
				 <ele>17</ele>
			 </trkpt>
			 <trkpt lat="45.415353" lon="11.79694">
				 <ele>17</ele>
			 </trkpt>
			 <trkpt lat="45.415393" lon="11.796771">
				 <ele>17</ele>
			 </trkpt>
			 <trkpt lat="45.415423" lon="11.796661">
				 <ele>17</ele>
			 </trkpt>
			 <trkpt lat="45.415436" lon="11.796608">
				 <ele>17</ele>
			 </trkpt>
			 <trkpt lat="45.415497" lon="11.796334">
				 <ele>17</ele>
			 </trkpt>
			 <trkpt lat="45.41554" lon="11.796166">
				 <ele>17</ele>
			 </trkpt>
			 <trkpt lat="45.415607" lon="11.795873">
				 <ele>16</ele>
			 </trkpt>
			 <trkpt lat="45.415621" lon="11.795812">
				 <ele>16</ele>
			 </trkpt>
			 <trkpt lat="45.415654" lon="11.795641">
				 <ele>16</ele>
			 </trkpt>
			 <trkpt lat="45.415715" lon="11.795359">
				 <ele>17</ele>
			 </trkpt>
			 <trkpt lat="45.415766" lon="11.795142">
				 <ele>17</ele>
			 </trkpt>
			 <trkpt lat="45.415791" lon="11.795016">
				 <ele>17</ele>
			 </trkpt>
			 <trkpt lat="45.415859" lon="11.794741">
				 <ele>16</ele>
			 </trkpt>
			 <trkpt lat="45.415902" lon="11.794585">
				 <ele>16</ele>
			 </trkpt>
			 <trkpt lat="45.415963" lon="11.794369">
				 <ele>16</ele>
			 </trkpt>
			 <trkpt lat="45.416034" lon="11.794099">
				 <ele>16</ele>
			 </trkpt>
			 <trkpt lat="45.416046" lon="11.794044">
				 <ele>16</ele>
			 </trkpt>
			 <trkpt lat="45.416059" lon="11.793992">
				 <ele>16</ele>
			 </trkpt>
			 <trkpt lat="45.416076" lon="11.79394">
				 <ele>16</ele>
			 </trkpt>
			 <trkpt lat="45.416141" lon="11.793656">
				 <ele>16</ele>
			 </trkpt>
			 <trkpt lat="45.416207" lon="11.793369">
				 <ele>17</ele>
			 </trkpt>
			 <trkpt lat="45.416243" lon="11.793262">
				 <ele>17</ele>
			 </trkpt>
			 <trkpt lat="45.416264" lon="11.793207">
				 <ele>17</ele>
			 </trkpt>
			 <trkpt lat="45.416324" lon="11.793051">
				 <ele>17</ele>
			 </trkpt>
			 <trkpt lat="45.416338" lon="11.792998">
				 <ele>17</ele>
			 </trkpt>
			 <trkpt lat="45.41636" lon="11.792882">
				 <ele>17</ele>
			 </trkpt>
			 <trkpt lat="45.416399" lon="11.792586">
				 <ele>17</ele>
			 </trkpt>
			 <trkpt lat="45.416449" lon="11.792301">
				 <ele>17</ele>
			 </trkpt>
			 <trkpt lat="45.416486" lon="11.792136">
				 <ele>17</ele>
			 </trkpt>
			 <trkpt lat="45.416523" lon="11.791971">
				 <ele>17</ele>
			 </trkpt>
			 <trkpt lat="45.41659" lon="11.791686">
				 <ele>17</ele>
			 </trkpt>
			 <trkpt lat="45.416628" lon="11.791524">
				 <ele>17</ele>
			 </trkpt>
			 <trkpt lat="45.416666" lon="11.79136">
				 <ele>17</ele>
			 </trkpt>
			 <trkpt lat="45.416675" lon="11.791301">
				 <ele>17</ele>
			 </trkpt>
			 <trkpt lat="45.416708" lon="11.790998">
				 <ele>17</ele>
			 </trkpt>
			 <trkpt lat="45.416721" lon="11.790879">
				 <ele>17</ele>
			 </trkpt>
			 <trkpt lat="45.41672" lon="11.79082">
				 <ele>17</ele>
			 </trkpt>
			 <trkpt lat="45.416714" lon="11.790764">
				 <ele>17</ele>
			 </trkpt>
			 <trkpt lat="45.416689" lon="11.790655">
				 <ele>17</ele>
			 </trkpt>
			 <trkpt lat="45.416658" lon="11.790546">
				 <ele>17</ele>
			 </trkpt>
			 <trkpt lat="45.416582" lon="11.790267">
				 <ele>17</ele>
			 </trkpt>
			 <trkpt lat="45.416547" lon="11.790157">
				 <ele>17</ele>
			 </trkpt>
			 <trkpt lat="45.416526" lon="11.790106">
				 <ele>17</ele>
			 </trkpt>
			 <trkpt lat="45.4165" lon="11.790059">
				 <ele>17</ele>
			 </trkpt>
			 <trkpt lat="45.416364" lon="11.789837">
				 <ele>17</ele>
			 </trkpt>
			 <trkpt lat="45.416335" lon="11.789792">
				 <ele>17</ele>
			 </trkpt>
			 <trkpt lat="45.416273" lon="11.789711">
				 <ele>17</ele>
			 </trkpt>
			 <trkpt lat="45.416113" lon="11.789543">
				 <ele>17</ele>
			 </trkpt>
			 <trkpt lat="45.416079" lon="11.789514">
				 <ele>17</ele>
			 </trkpt>
			 <trkpt lat="45.415909" lon="11.789382">
				 <ele>17</ele>
			 </trkpt>
			 <trkpt lat="45.4158" lon="11.789311">
				 <ele>17</ele>
			 </trkpt>
			 <trkpt lat="45.415617" lon="11.789198">
				 <ele>16</ele>
			 </trkpt>
			 <trkpt lat="45.415509" lon="11.789121">
				 <ele>16</ele>
			 </trkpt>
			 <trkpt lat="45.415335" lon="11.788994">
				 <ele>16</ele>
			 </trkpt>
			 <trkpt lat="45.415263" lon="11.788943">
				 <ele>16</ele>
			 </trkpt>
			 <trkpt lat="45.415224" lon="11.788923">
				 <ele>16</ele>
			 </trkpt>
			 <trkpt lat="45.415036" lon="11.788804">
				 <ele>16</ele>
			 </trkpt>
			 <trkpt lat="45.414965" lon="11.788756">
				 <ele>16</ele>
			 </trkpt>
			 <trkpt lat="45.41478" lon="11.788622">
				 <ele>16</ele>
			 </trkpt>
			 <trkpt lat="45.414589" lon="11.788505">
				 <ele>15</ele>
			 </trkpt>
			 <trkpt lat="45.414438" lon="11.788406">
				 <ele>15</ele>
			 </trkpt>
			 <trkpt lat="45.414286" lon="11.788312">
				 <ele>15</ele>
			 </trkpt>
			 <trkpt lat="45.414094" lon="11.788191">
				 <ele>15</ele>
			 </trkpt>
			 <trkpt lat="45.413898" lon="11.78807">
				 <ele>15</ele>
			 </trkpt>
			 <trkpt lat="45.413717" lon="11.78794">
				 <ele>15</ele>
			 </trkpt>
			 <trkpt lat="45.4136" lon="11.787876">
				 <ele>15</ele>
			 </trkpt>
			 <trkpt lat="45.413522" lon="11.787827">
				 <ele>15</ele>
			 </trkpt>
			 <trkpt lat="45.413487" lon="11.7878">
				 <ele>15</ele>
			 </trkpt>
			 <trkpt lat="45.413308" lon="11.787675">
				 <ele>15</ele>
			 </trkpt>
			 <trkpt lat="45.413269" lon="11.787649">
				 <ele>15</ele>
			 </trkpt>
			 <trkpt lat="45.413116" lon="11.78756">
				 <ele>15</ele>
			 </trkpt>
			 <trkpt lat="45.412964" lon="11.787466">
				 <ele>15</ele>
			 </trkpt>
			 <trkpt lat="45.41277" lon="11.787359">
				 <ele>14</ele>
			 </trkpt>
			 <trkpt lat="45.412657" lon="11.78729">
				 <ele>14</ele>
			 </trkpt>
			 <trkpt lat="45.412465" lon="11.787183">
				 <ele>14</ele>
			 </trkpt>
			 <trkpt lat="45.412304" lon="11.787115">
				 <ele>14</ele>
			 </trkpt>
			 <trkpt lat="45.412102" lon="11.787049">
				 <ele>14</ele>
			 </trkpt>
			 <trkpt lat="45.411977" lon="11.787019">
				 <ele>13</ele>
			 </trkpt>
			 <trkpt lat="45.411772" lon="11.786978">
				 <ele>13</ele>
			 </trkpt>
			 <trkpt lat="45.411648" lon="11.786945">
				 <ele>13</ele>
			 </trkpt>
			 <trkpt lat="45.411608" lon="11.786933">
				 <ele>13</ele>
			 </trkpt>
			 <trkpt lat="45.411402" lon="11.786869">
				 <ele>13</ele>
			 </trkpt>
			 <trkpt lat="45.411189" lon="11.786821">
				 <ele>13</ele>
			 </trkpt>
			 <trkpt lat="45.411146" lon="11.786815">
				 <ele>13</ele>
			 </trkpt>
			 <trkpt lat="45.410935" lon="11.78678">
				 <ele>13</ele>
			 </trkpt>
			 <trkpt lat="45.410729" lon="11.786741">
				 <ele>13</ele>
			 </trkpt>
			 <trkpt lat="45.410641" lon="11.786729">
				 <ele>13</ele>
			 </trkpt>
			 <trkpt lat="45.410554" lon="11.786723">
				 <ele>13</ele>
			 </trkpt>
			 <trkpt lat="45.41043" lon="11.786708">
				 <ele>13</ele>
			 </trkpt>
			 <trkpt lat="45.410388" lon="11.786702">
				 <ele>13</ele>
			 </trkpt>
			 <trkpt lat="45.410309" lon="11.786694">
				 <ele>13</ele>
			 </trkpt>
			 <trkpt lat="45.410148" lon="11.786662">
				 <ele>12</ele>
			 </trkpt>
			 <trkpt lat="45.409935" lon="11.786625">
				 <ele>13</ele>
			 </trkpt>
			 <trkpt lat="45.409813" lon="11.786586">
				 <ele>13</ele>
			 </trkpt>
			 <trkpt lat="45.409689" lon="11.786539">
				 <ele>13</ele>
			 </trkpt>
			 <trkpt lat="45.409525" lon="11.786474">
				 <ele>13</ele>
			 </trkpt>
			 <trkpt lat="45.409486" lon="11.78645">
				 <ele>13</ele>
			 </trkpt>
			 <trkpt lat="45.409295" lon="11.786315">
				 <ele>12</ele>
			 </trkpt>
			 <trkpt lat="45.409258" lon="11.786289">
				 <ele>12</ele>
			 </trkpt>
			 <trkpt lat="45.40907" lon="11.786153">
				 <ele>12</ele>
			 </trkpt>
			 <trkpt lat="45.408994" lon="11.786103">
				 <ele>12</ele>
			 </trkpt>
			 <trkpt lat="45.408813" lon="11.78595">
				 <ele>12</ele>
			 </trkpt>
			 <trkpt lat="45.408778" lon="11.785915">
				 <ele>12</ele>
			 </trkpt>
			 <trkpt lat="45.408714" lon="11.785842">
				 <ele>12</ele>
			 </trkpt>
			 <trkpt lat="45.408679" lon="11.785809">
				 <ele>12</ele>
			 </trkpt>
			 <trkpt lat="45.408512" lon="11.785637">
				 <ele>11</ele>
			 </trkpt>
			 <trkpt lat="45.408347" lon="11.785458">
				 <ele>11</ele>
			 </trkpt>
			 <trkpt lat="45.408214" lon="11.785321">
				 <ele>11</ele>
			 </trkpt>
			 <trkpt lat="45.408149" lon="11.785251">
				 <ele>11</ele>
			 </trkpt>
			 <trkpt lat="45.407983" lon="11.785104">
				 <ele>11</ele>
			 </trkpt>
			 <trkpt lat="45.407908" lon="11.785057">
				 <ele>11</ele>
			 </trkpt>
			 <trkpt lat="45.407832" lon="11.785019">
				 <ele>11</ele>
			 </trkpt>
			 <trkpt lat="45.407637" lon="11.784927">
				 <ele>11</ele>
			 </trkpt>
			 <trkpt lat="45.407599" lon="11.784911">
				 <ele>11</ele>
			 </trkpt>
			 <trkpt lat="45.407395" lon="11.784841">
				 <ele>11</ele>
			 </trkpt>
			 <trkpt lat="45.407189" lon="11.784775">
				 <ele>11</ele>
			 </trkpt>
			 <trkpt lat="45.406987" lon="11.784709">
				 <ele>11</ele>
			 </trkpt>
			 <trkpt lat="45.406864" lon="11.784665">
				 <ele>11</ele>
			 </trkpt>
			 <trkpt lat="45.406824" lon="11.784652">
				 <ele>11</ele>
			 </trkpt>
			 <trkpt lat="45.406628" lon="11.784593">
				 <ele>11</ele>
			 </trkpt>
			 <trkpt lat="45.406437" lon="11.784507">
				 <ele>11</ele>
			 </trkpt>
			 <trkpt lat="45.406398" lon="11.784488">
				 <ele>11</ele>
			 </trkpt>
			 <trkpt lat="45.406239" lon="11.784429">
				 <ele>10</ele>
			 </trkpt>
			 <trkpt lat="45.40612" lon="11.784382">
				 <ele>10</ele>
			 </trkpt>
			 <trkpt lat="45.405922" lon="11.784319">
				 <ele>10</ele>
			 </trkpt>
			 <trkpt lat="45.405843" lon="11.784289">
				 <ele>10</ele>
			 </trkpt>
			 <trkpt lat="45.405803" lon="11.784274">
				 <ele>10</ele>
			 </trkpt>
			 <trkpt lat="45.405642" lon="11.784221">
				 <ele>10</ele>
			 </trkpt>
			 <trkpt lat="45.405521" lon="11.784184">
				 <ele>10</ele>
			 </trkpt>
			 <trkpt lat="45.405332" lon="11.784122">
				 <ele>10</ele>
			 </trkpt>
			 <trkpt lat="45.405206" lon="11.78408">
				 <ele>10</ele>
			 </trkpt>
			 <trkpt lat="45.405016" lon="11.784013">
				 <ele>11</ele>
			 </trkpt>
			 <trkpt lat="45.40494" lon="11.783987">
				 <ele>11</ele>
			 </trkpt>
			 <trkpt lat="45.404902" lon="11.783975">
				 <ele>11</ele>
			 </trkpt>
			 <trkpt lat="45.404704" lon="11.783905">
				 <ele>11</ele>
			 </trkpt>
			 <trkpt lat="45.404662" lon="11.783893">
				 <ele>10</ele>
			 </trkpt>
			 <trkpt lat="45.404582" lon="11.783859">
				 <ele>10</ele>
			 </trkpt>
			 <trkpt lat="45.404382" lon="11.783761">
				 <ele>10</ele>
			 </trkpt>
			 <trkpt lat="45.404227" lon="11.783672">
				 <ele>10</ele>
			 </trkpt>
			 <trkpt lat="45.404039" lon="11.783547">
				 <ele>10</ele>
			 </trkpt>
			 <trkpt lat="45.403999" lon="11.783523">
				 <ele>10</ele>
			 </trkpt>
			 <trkpt lat="45.403813" lon="11.783407">
				 <ele>10</ele>
			 </trkpt>
			 <trkpt lat="45.403774" lon="11.783381">
				 <ele>10</ele>
			 </trkpt>
			 <trkpt lat="45.403734" lon="11.783358">
				 <ele>10</ele>
			 </trkpt>
			 <trkpt lat="45.403546" lon="11.783231">
				 <ele>9</ele>
			 </trkpt>
			 <trkpt lat="45.403509" lon="11.783202">
				 <ele>9</ele>
			 </trkpt>
			 <trkpt lat="45.403472" lon="11.783171">
				 <ele>9</ele>
			 </trkpt>
			 <trkpt lat="45.403277" lon="11.78306">
				 <ele>9</ele>
			 </trkpt>
			 <trkpt lat="45.403199" lon="11.783014">
				 <ele>9</ele>
			 </trkpt>
			 <trkpt lat="45.403011" lon="11.782903">
				 <ele>9</ele>
			 </trkpt>
			 <trkpt lat="45.402814" lon="11.7828">
				 <ele>10</ele>
			 </trkpt>
			 <trkpt lat="45.402775" lon="11.782775">
				 <ele>10</ele>
			 </trkpt>
			 <trkpt lat="45.402695" lon="11.782736">
				 <ele>10</ele>
			 </trkpt>
			 <trkpt lat="45.402496" lon="11.782626">
				 <ele>10</ele>
			 </trkpt>
			 <trkpt lat="45.402307" lon="11.782495">
				 <ele>10</ele>
			 </trkpt>
			 <trkpt lat="45.402269" lon="11.782476">
				 <ele>10</ele>
			 </trkpt>
			 <trkpt lat="45.402231" lon="11.782457">
				 <ele>10</ele>
			 </trkpt>
			 <trkpt lat="45.402042" lon="11.782336">
				 <ele>10</ele>
			 </trkpt>
			 <trkpt lat="45.401966" lon="11.782285">
				 <ele>10</ele>
			 </trkpt>
			 <trkpt lat="45.401927" lon="11.782259">
				 <ele>10</ele>
			 </trkpt>
			 <trkpt lat="45.401777" lon="11.782161">
				 <ele>10</ele>
			 </trkpt>
			 <trkpt lat="45.401703" lon="11.782111">
				 <ele>10</ele>
			 </trkpt>
			 <trkpt lat="45.401515" lon="11.781986">
				 <ele>10</ele>
			 </trkpt>
			 <trkpt lat="45.401396" lon="11.781921">
				 <ele>10</ele>
			 </trkpt>
			 <trkpt lat="45.40133" lon="11.781869">
				 <ele>10</ele>
			 </trkpt>
			 <trkpt lat="45.401214" lon="11.781802">
				 <ele>10</ele>
			 </trkpt>
			 <trkpt lat="45.401025" lon="11.781673">
				 <ele>10</ele>
			 </trkpt>
			 <trkpt lat="45.400921" lon="11.781593">
				 <ele>10</ele>
			 </trkpt>
			 <trkpt lat="45.400776" lon="11.781501">
				 <ele>10</ele>
			 </trkpt>
			 <trkpt lat="45.400664" lon="11.781418">
				 <ele>10</ele>
			 </trkpt>
			 <trkpt lat="45.40048" lon="11.78129">
				 <ele>10</ele>
			 </trkpt>
			 <trkpt lat="45.400318" lon="11.781191">
				 <ele>11</ele>
			 </trkpt>
			 <trkpt lat="45.400126" lon="11.78108">
				 <ele>11</ele>
			 </trkpt>
			 <trkpt lat="45.400087" lon="11.781058">
				 <ele>10</ele>
			 </trkpt>
			 <trkpt lat="45.400007" lon="11.781017">
				 <ele>10</ele>
			 </trkpt>
			 <trkpt lat="45.399813" lon="11.780898">
				 <ele>10</ele>
			 </trkpt>
			 <trkpt lat="45.3997" lon="11.78082">
				 <ele>10</ele>
			 </trkpt>
			 <trkpt lat="45.399662" lon="11.780795">
				 <ele>11</ele>
			 </trkpt>
			 <trkpt lat="45.399465" lon="11.780663">
				 <ele>11</ele>
			 </trkpt>
			 <trkpt lat="45.39935" lon="11.78059">
				 <ele>11</ele>
			 </trkpt>
			 <trkpt lat="45.399161" lon="11.780478">
				 <ele>11</ele>
			 </trkpt>
			 <trkpt lat="45.399127" lon="11.780451">
				 <ele>11</ele>
			 </trkpt>
			 <trkpt lat="45.399023" lon="11.780373">
				 <ele>12</ele>
			 </trkpt>
			 <trkpt lat="45.398836" lon="11.780257">
				 <ele>13</ele>
			 </trkpt>
			 <trkpt lat="45.398801" lon="11.780232">
				 <ele>13</ele>
			 </trkpt>
			 <trkpt lat="45.398692" lon="11.780169">
				 <ele>14</ele>
			 </trkpt>
			 <trkpt lat="45.398654" lon="11.780154">
				 <ele>14</ele>
			 </trkpt>
			 <trkpt lat="45.398536" lon="11.780125">
				 <ele>15</ele>
			 </trkpt>
			 <trkpt lat="45.398498" lon="11.780123">
				 <ele>15</ele>
			 </trkpt>
			 <trkpt lat="45.398459" lon="11.780126">
				 <ele>15</ele>
			 </trkpt>
			 <trkpt lat="45.39827" lon="11.780179">
				 <ele>15</ele>
			 </trkpt>
			 <trkpt lat="45.398083" lon="11.780272">
				 <ele>16</ele>
			 </trkpt>
			 <trkpt lat="45.398013" lon="11.780313">
				 <ele>16</ele>
			 </trkpt>
			 <trkpt lat="45.397986" lon="11.780329">
				 <ele>16</ele>
			 </trkpt>
			 <trkpt lat="45.397783" lon="11.780448">
				 <ele>17</ele>
			 </trkpt>
			 <trkpt lat="45.397705" lon="11.78049">
				 <ele>17</ele>
			 </trkpt>
			 <trkpt lat="45.397627" lon="11.780527">
				 <ele>17</ele>
			 </trkpt>
			 <trkpt lat="45.397432" lon="11.780638">
				 <ele>17</ele>
			 </trkpt>
			 <trkpt lat="45.397249" lon="11.780743">
				 <ele>16</ele>
			 </trkpt>
			 <trkpt lat="45.397207" lon="11.780769">
				 <ele>16</ele>
			 </trkpt>
			 <trkpt lat="45.396997" lon="11.780883">
				 <ele>15</ele>
			 </trkpt>
			 <trkpt lat="45.396918" lon="11.780938">
				 <ele>15</ele>
			 </trkpt>
			 <trkpt lat="45.396802" lon="11.781012">
				 <ele>14</ele>
			 </trkpt>
			 <trkpt lat="45.396767" lon="11.781031">
				 <ele>14</ele>
			 </trkpt>
			 <trkpt lat="45.396646" lon="11.781099">
				 <ele>13</ele>
			 </trkpt>
			 <trkpt lat="45.396526" lon="11.781173">
				 <ele>13</ele>
			 </trkpt>
			 <trkpt lat="45.396378" lon="11.781283">
				 <ele>12</ele>
			 </trkpt>
			 <trkpt lat="45.396339" lon="11.781313">
				 <ele>13</ele>
			 </trkpt>
			 <trkpt lat="45.396194" lon="11.781427">
				 <ele>12</ele>
			 </trkpt>
			 <trkpt lat="45.396024" lon="11.781526">
				 <ele>13</ele>
			 </trkpt>
			 <trkpt lat="45.395939" lon="11.781552">
				 <ele>13</ele>
			 </trkpt>
			 <trkpt lat="45.395849" lon="11.781566">
				 <ele>13</ele>
			 </trkpt>
			 <trkpt lat="45.39571" lon="11.781559">
				 <ele>13</ele>
			 </trkpt>
			 <trkpt lat="45.395666" lon="11.781551">
				 <ele>13</ele>
			 </trkpt>
			 <trkpt lat="45.395537" lon="11.78152">
				 <ele>13</ele>
			 </trkpt>
			 <trkpt lat="45.395423" lon="11.781488">
				 <ele>14</ele>
			 </trkpt>
			 <trkpt lat="45.395388" lon="11.781476">
				 <ele>14</ele>
			 </trkpt>
			 <trkpt lat="45.395346" lon="11.78147">
				 <ele>14</ele>
			 </trkpt>
			 <trkpt lat="45.395266" lon="11.781446">
				 <ele>14</ele>
			 </trkpt>
			 <trkpt lat="45.395182" lon="11.781418">
				 <ele>13</ele>
			 </trkpt>
			 <trkpt lat="45.395097" lon="11.78139">
				 <ele>13</ele>
			 </trkpt>
			 <trkpt lat="45.394942" lon="11.781274">
				 <ele>13</ele>
			 </trkpt>
			 <trkpt lat="45.394806" lon="11.781159">
				 <ele>14</ele>
			 </trkpt>
			 <trkpt lat="45.394678" lon="11.781087">
				 <ele>14</ele>
			 </trkpt>
			 <trkpt lat="45.394483" lon="11.780965">
				 <ele>14</ele>
			 </trkpt>
			 <trkpt lat="45.39436" lon="11.780879">
				 <ele>14</ele>
			 </trkpt>
			 <trkpt lat="45.394209" lon="11.780783">
				 <ele>14</ele>
			 </trkpt>
			 <trkpt lat="45.394173" lon="11.780756">
				 <ele>14</ele>
			 </trkpt>
			 <trkpt lat="45.394096" lon="11.780697">
				 <ele>14</ele>
			 </trkpt>
			 <trkpt lat="45.393983" lon="11.780623">
				 <ele>14</ele>
			 </trkpt>
			 <trkpt lat="45.393908" lon="11.780568">
				 <ele>14</ele>
			 </trkpt>
			 <trkpt lat="45.393828" lon="11.780509">
				 <ele>14</ele>
			 </trkpt>
			 <trkpt lat="45.393635" lon="11.780377">
				 <ele>14</ele>
			 </trkpt>
			 <trkpt lat="45.393524" lon="11.780295">
				 <ele>14</ele>
			 </trkpt>
			 <trkpt lat="45.393404" lon="11.780203">
				 <ele>14</ele>
			 </trkpt>
			 <trkpt lat="45.393289" lon="11.780129">
				 <ele>13</ele>
			 </trkpt>
			 <trkpt lat="45.393118" lon="11.779963">
				 <ele>13</ele>
			 </trkpt>
			 <trkpt lat="45.393057" lon="11.779889">
				 <ele>14</ele>
			 </trkpt>
			 <trkpt lat="45.393033" lon="11.779843">
				 <ele>14</ele>
			 </trkpt>
			 <trkpt lat="45.392998" lon="11.779747">
				 <ele>14</ele>
			 </trkpt>
			 <trkpt lat="45.392997" lon="11.779694">
				 <ele>14</ele>
			 </trkpt>
			 <trkpt lat="45.393011" lon="11.779569">
				 <ele>14</ele>
			 </trkpt>
			 <trkpt lat="45.393041" lon="11.77926">
				 <ele>15</ele>
			 </trkpt>
			 <trkpt lat="45.393081" lon="11.779088">
				 <ele>14</ele>
			 </trkpt>
			 <trkpt lat="45.393119" lon="11.778853">
				 <ele>14</ele>
			 </trkpt>
			 <trkpt lat="45.393131" lon="11.778795">
				 <ele>14</ele>
			 </trkpt>
			 <trkpt lat="45.393191" lon="11.778516">
				 <ele>15</ele>
			 </trkpt>
			 <trkpt lat="45.393202" lon="11.778465">
				 <ele>15</ele>
			 </trkpt>
			 <trkpt lat="45.393216" lon="11.778354">
				 <ele>15</ele>
			 </trkpt>
			 <trkpt lat="45.393235" lon="11.778232">
				 <ele>15</ele>
			 </trkpt>
			 <trkpt lat="45.393249" lon="11.778171">
				 <ele>15</ele>
			 </trkpt>
			 <trkpt lat="45.393306" lon="11.777899">
				 <ele>14</ele>
			 </trkpt>
			 <trkpt lat="45.393355" lon="11.777742">
				 <ele>15</ele>
			 </trkpt>
			 <trkpt lat="45.393365" lon="11.777688">
				 <ele>15</ele>
			 </trkpt>
			 <trkpt lat="45.393379" lon="11.777579">
				 <ele>15</ele>
			 </trkpt>
			 <trkpt lat="45.393388" lon="11.777461">
				 <ele>15</ele>
			 </trkpt>
			 <trkpt lat="45.39341" lon="11.777348">
				 <ele>15</ele>
			 </trkpt>
			 <trkpt lat="45.393459" lon="11.777124">
				 <ele>15</ele>
			 </trkpt>
			 <trkpt lat="45.393513" lon="11.776847">
				 <ele>15</ele>
			 </trkpt>
			 <trkpt lat="45.393533" lon="11.77673">
				 <ele>15</ele>
			 </trkpt>
			 <trkpt lat="45.393571" lon="11.776451">
				 <ele>15</ele>
			 </trkpt>
			 <trkpt lat="45.393586" lon="11.776272">
				 <ele>15</ele>
			 </trkpt>
			 <trkpt lat="45.393593" lon="11.776154">
				 <ele>15</ele>
			 </trkpt>
			 <trkpt lat="45.393605" lon="11.775872">
				 <ele>16</ele>
			 </trkpt>
			 <trkpt lat="45.393604" lon="11.775815">
				 <ele>16</ele>
			 </trkpt>
			 <trkpt lat="45.393611" lon="11.775529">
				 <ele>16</ele>
			 </trkpt>
			 <trkpt lat="45.393605" lon="11.77529">
				 <ele>16</ele>
			 </trkpt>
			 <trkpt lat="45.393613" lon="11.774992">
				 <ele>15</ele>
			 </trkpt>
			 <trkpt lat="45.393616" lon="11.77469">
				 <ele>16</ele>
			 </trkpt>
			 <trkpt lat="45.393628" lon="11.774511">
				 <ele>16</ele>
			 </trkpt>
			 <trkpt lat="45.393648" lon="11.774277">
				 <ele>16</ele>
			 </trkpt>
			 <trkpt lat="45.393673" lon="11.773988">
				 <ele>16</ele>
			 </trkpt>
			 <trkpt lat="45.393694" lon="11.773758">
				 <ele>16</ele>
			 </trkpt>
			 <trkpt lat="45.39372" lon="11.773477">
				 <ele>16</ele>
			 </trkpt>
			 <trkpt lat="45.393739" lon="11.773306">
				 <ele>15</ele>
			 </trkpt>
			 <trkpt lat="45.393758" lon="11.773131">
				 <ele>15</ele>
			 </trkpt>
			 <trkpt lat="45.393779" lon="11.772842">
				 <ele>15</ele>
			 </trkpt>
			 <trkpt lat="45.393784" lon="11.772785">
				 <ele>15</ele>
			 </trkpt>
			 <trkpt lat="45.393803" lon="11.772498">
				 <ele>15</ele>
			 </trkpt>
			 <trkpt lat="45.393826" lon="11.772271">
				 <ele>16</ele>
			 </trkpt>
			 <trkpt lat="45.393847" lon="11.771975">
				 <ele>16</ele>
			 </trkpt>
			 <trkpt lat="45.393864" lon="11.771804">
				 <ele>16</ele>
			 </trkpt>
			 <trkpt lat="45.393867" lon="11.771747">
				 <ele>16</ele>
			 </trkpt>
			 <trkpt lat="45.39389" lon="11.771458">
				 <ele>15</ele>
			 </trkpt>
			 <trkpt lat="45.393896" lon="11.771398">
				 <ele>15</ele>
			 </trkpt>
			 <trkpt lat="45.393926" lon="11.771168">
				 <ele>16</ele>
			 </trkpt>
			 <trkpt lat="45.393969" lon="11.770873">
				 <ele>16</ele>
			 </trkpt>
			 <trkpt lat="45.393988" lon="11.770757">
				 <ele>16</ele>
			 </trkpt>
			 <trkpt lat="45.394038" lon="11.77047">
				 <ele>16</ele>
			 </trkpt>
			 <trkpt lat="45.394061" lon="11.770296">
				 <ele>15</ele>
			 </trkpt>
			 <trkpt lat="45.394108" lon="11.770006">
				 <ele>16</ele>
			 </trkpt>
			 <trkpt lat="45.394118" lon="11.769825">
				 <ele>16</ele>
			 </trkpt>
			 <trkpt lat="45.394097" lon="11.769531">
				 <ele>16</ele>
			 </trkpt>
			 <trkpt lat="45.394083" lon="11.769475">
				 <ele>16</ele>
			 </trkpt>
			 <trkpt lat="45.394067" lon="11.769423">
				 <ele>16</ele>
			 </trkpt>
			 <trkpt lat="45.394047" lon="11.76937">
				 <ele>16</ele>
			 </trkpt>
			 <trkpt lat="45.393998" lon="11.769289">
				 <ele>16</ele>
			 </trkpt>
			 <trkpt lat="45.393931" lon="11.76923">
				 <ele>16</ele>
			 </trkpt>
			 <trkpt lat="45.393855" lon="11.769205">
				 <ele>16</ele>
			 </trkpt>
			 <trkpt lat="45.393777" lon="11.769197">
				 <ele>16</ele>
			 </trkpt>
			 <trkpt lat="45.393694" lon="11.769197">
				 <ele>16</ele>
			 </trkpt>
			 <trkpt lat="45.393487" lon="11.769228">
				 <ele>16</ele>
			 </trkpt>
			 <trkpt lat="45.393403" lon="11.769219">
				 <ele>16</ele>
			 </trkpt>
			 <trkpt lat="45.393237" lon="11.769157">
				 <ele>15</ele>
			 </trkpt>
			 <trkpt lat="45.393055" lon="11.76903">
				 <ele>15</ele>
			 </trkpt>
			 <trkpt lat="45.392947" lon="11.768945">
				 <ele>15</ele>
			 </trkpt>
			 <trkpt lat="45.392876" lon="11.768891">
				 <ele>15</ele>
			 </trkpt>
			 <trkpt lat="45.392706" lon="11.768741">
				 <ele>15</ele>
			 </trkpt>
			 <trkpt lat="45.392633" lon="11.768687">
				 <ele>15</ele>
			 </trkpt>
			 <trkpt lat="45.392522" lon="11.768606">
				 <ele>15</ele>
			 </trkpt>
			 <trkpt lat="45.392335" lon="11.768477">
				 <ele>15</ele>
			 </trkpt>
			 <trkpt lat="45.392223" lon="11.768418">
				 <ele>15</ele>
			 </trkpt>
			 <trkpt lat="45.392037" lon="11.768286">
				 <ele>15</ele>
			 </trkpt>
			 <trkpt lat="45.391999" lon="11.768259">
				 <ele>15</ele>
			 </trkpt>
			 <trkpt lat="45.391823" lon="11.768127">
				 <ele>15</ele>
			 </trkpt>
			 <trkpt lat="45.391663" lon="11.768017">
				 <ele>15</ele>
			 </trkpt>
			 <trkpt lat="45.391471" lon="11.767888">
				 <ele>15</ele>
			 </trkpt>
			 <trkpt lat="45.391283" lon="11.767746">
				 <ele>15</ele>
			 </trkpt>
			 <trkpt lat="45.391096" lon="11.767613">
				 <ele>15</ele>
			 </trkpt>
			 <trkpt lat="45.391026" lon="11.767557">
				 <ele>15</ele>
			 </trkpt>
			 <trkpt lat="45.390843" lon="11.76743">
				 <ele>15</ele>
			 </trkpt>
			 <trkpt lat="45.390758" lon="11.76737">
				 <ele>15</ele>
			 </trkpt>
			 <trkpt lat="45.390571" lon="11.767232">
				 <ele>15</ele>
			 </trkpt>
			 <trkpt lat="45.390384" lon="11.767107">
				 <ele>15</ele>
			 </trkpt>
			 <trkpt lat="45.390347" lon="11.76708">
				 <ele>15</ele>
			 </trkpt>
			 <trkpt lat="45.390167" lon="11.766936">
				 <ele>15</ele>
			 </trkpt>
			 <trkpt lat="45.389989" lon="11.766802">
				 <ele>15</ele>
			 </trkpt>
			 <trkpt lat="45.389952" lon="11.766776">
				 <ele>15</ele>
			 </trkpt>
			 <trkpt lat="45.38978" lon="11.766649">
				 <ele>15</ele>
			 </trkpt>
			 <trkpt lat="45.389742" lon="11.766625">
				 <ele>15</ele>
			 </trkpt>
			 <trkpt lat="45.389656" lon="11.766569">
				 <ele>15</ele>
			 </trkpt>
			 <trkpt lat="45.389547" lon="11.766493">
				 <ele>15</ele>
			 </trkpt>
			 <trkpt lat="45.389369" lon="11.76637">
				 <ele>15</ele>
			 </trkpt>
			 <trkpt lat="45.389293" lon="11.76632">
				 <ele>15</ele>
			 </trkpt>
			 <trkpt lat="45.389096" lon="11.766186">
				 <ele>15</ele>
			 </trkpt>
			 <trkpt lat="45.388895" lon="11.766048">
				 <ele>15</ele>
			 </trkpt>
			 <trkpt lat="45.388818" lon="11.765988">
				 <ele>15</ele>
			 </trkpt>
			 <trkpt lat="45.388701" lon="11.765905">
				 <ele>14</ele>
			 </trkpt>
			 <trkpt lat="45.388627" lon="11.765854">
				 <ele>14</ele>
			 </trkpt>
			 <trkpt lat="45.388556" lon="11.765806">
				 <ele>14</ele>
			 </trkpt>
			 <trkpt lat="45.388406" lon="11.765715">
				 <ele>14</ele>
			 </trkpt>
			 <trkpt lat="45.388335" lon="11.765654">
				 <ele>14</ele>
			 </trkpt>
			 <trkpt lat="45.388266" lon="11.765596">
				 <ele>14</ele>
			 </trkpt>
			 <trkpt lat="45.38808" lon="11.765474">
				 <ele>14</ele>
			 </trkpt>
			 <trkpt lat="45.388042" lon="11.765451">
				 <ele>14</ele>
			 </trkpt>
			 <trkpt lat="45.388005" lon="11.765426">
				 <ele>14</ele>
			 </trkpt>
			 <trkpt lat="45.387814" lon="11.765276">
				 <ele>14</ele>
			 </trkpt>
			 <trkpt lat="45.387738" lon="11.765213">
				 <ele>14</ele>
			 </trkpt>
			 <trkpt lat="45.3877" lon="11.765187">
				 <ele>14</ele>
			 </trkpt>
			 <trkpt lat="45.387664" lon="11.76516">
				 <ele>14</ele>
			 </trkpt>
			 <trkpt lat="45.387496" lon="11.764997">
				 <ele>14</ele>
			 </trkpt>
			 <trkpt lat="45.387462" lon="11.764963">
				 <ele>15</ele>
			 </trkpt>
			 <trkpt lat="45.387364" lon="11.764858">
				 <ele>15</ele>
			 </trkpt>
			 <trkpt lat="45.387256" lon="11.764761">
				 <ele>15</ele>
			 </trkpt>
			 <trkpt lat="45.387185" lon="11.764692">
				 <ele>15</ele>
			 </trkpt>
			 <trkpt lat="45.387023" lon="11.764522">
				 <ele>15</ele>
			 </trkpt>
			 <trkpt lat="45.386951" lon="11.764458">
				 <ele>15</ele>
			 </trkpt>
			 <trkpt lat="45.386779" lon="11.764312">
				 <ele>15</ele>
			 </trkpt>
			 <trkpt lat="45.386703" lon="11.764253">
				 <ele>16</ele>
			 </trkpt>
			 <trkpt lat="45.386523" lon="11.7641">
				 <ele>16</ele>
			 </trkpt>
			 <trkpt lat="45.386412" lon="11.764008">
				 <ele>16</ele>
			 </trkpt>
			 <trkpt lat="45.386338" lon="11.763946">
				 <ele>16</ele>
			 </trkpt>
			 <trkpt lat="45.386148" lon="11.763788">
				 <ele>16</ele>
			 </trkpt>
			 <trkpt lat="45.38611" lon="11.763763">
				 <ele>16</ele>
			 </trkpt>
			 <trkpt lat="45.385931" lon="11.763616">
				 <ele>16</ele>
			 </trkpt>
			 <trkpt lat="45.385858" lon="11.763556">
				 <ele>16</ele>
			 </trkpt>
			 <trkpt lat="45.385675" lon="11.763421">
				 <ele>17</ele>
			 </trkpt>
			 <trkpt lat="45.385641" lon="11.763394">
				 <ele>17</ele>
			 </trkpt>
			 <trkpt lat="45.385531" lon="11.76331">
				 <ele>17</ele>
			 </trkpt>
			 <trkpt lat="45.385382" lon="11.763192">
				 <ele>17</ele>
			 </trkpt>
			 <trkpt lat="45.385239" lon="11.763066">
				 <ele>17</ele>
			 </trkpt>
			 <trkpt lat="45.385072" lon="11.762891">
				 <ele>17</ele>
			 </trkpt>
			 <trkpt lat="45.385009" lon="11.762814">
				 <ele>16</ele>
			 </trkpt>
			 <trkpt lat="45.384977" lon="11.762773">
				 <ele>16</ele>
			 </trkpt>
			 <trkpt lat="45.384878" lon="11.762652">
				 <ele>16</ele>
			 </trkpt>
			 <trkpt lat="45.384782" lon="11.762546">
				 <ele>16</ele>
			 </trkpt>
			 <trkpt lat="45.384617" lon="11.762358">
				 <ele>16</ele>
			 </trkpt>
			 <trkpt lat="45.384556" lon="11.762285">
				 <ele>16</ele>
			 </trkpt>
			 <trkpt lat="45.384498" lon="11.7622">
				 <ele>16</ele>
			 </trkpt>
			 <trkpt lat="45.384433" lon="11.762123">
				 <ele>16</ele>
			 </trkpt>
			 <trkpt lat="45.384366" lon="11.762055">
				 <ele>16</ele>
			 </trkpt>
			 <trkpt lat="45.384301" lon="11.761989">
				 <ele>16</ele>
			 </trkpt>
			 <trkpt lat="45.384137" lon="11.761838">
				 <ele>16</ele>
			 </trkpt>
			 <trkpt lat="45.383969" lon="11.761715">
				 <ele>16</ele>
			 </trkpt>
			 <trkpt lat="45.383787" lon="11.761615">
				 <ele>16</ele>
			 </trkpt>
			 <trkpt lat="45.383678" lon="11.761557">
				 <ele>16</ele>
			 </trkpt>
			 <trkpt lat="45.383536" lon="11.761496">
				 <ele>16</ele>
			 </trkpt>
			 <trkpt lat="45.383454" lon="11.761477">
				 <ele>16</ele>
			 </trkpt>
			 <trkpt lat="45.383411" lon="11.761472">
				 <ele>16</ele>
			 </trkpt>
			 <trkpt lat="45.383245" lon="11.761495">
				 <ele>16</ele>
			 </trkpt>
			 <trkpt lat="45.383206" lon="11.761509">
				 <ele>16</ele>
			 </trkpt>
			 <trkpt lat="45.383126" lon="11.761552">
				 <ele>16</ele>
			 </trkpt>
			 <trkpt lat="45.383059" lon="11.761613">
				 <ele>16</ele>
			 </trkpt>
			 <trkpt lat="45.382925" lon="11.761831">
				 <ele>16</ele>
			 </trkpt>
			 <trkpt lat="45.382903" lon="11.761878">
				 <ele>16</ele>
			 </trkpt>
			 <trkpt lat="45.382794" lon="11.762121">
				 <ele>16</ele>
			 </trkpt>
			 <trkpt lat="45.382686" lon="11.76238">
				 <ele>16</ele>
			 </trkpt>
			 <trkpt lat="45.382627" lon="11.76253">
				 <ele>16</ele>
			 </trkpt>
			 <trkpt lat="45.382526" lon="11.762781">
				 <ele>16</ele>
			 </trkpt>
			 <trkpt lat="45.382425" lon="11.763039">
				 <ele>16</ele>
			 </trkpt>
			 <trkpt lat="45.382326" lon="11.763284">
				 <ele>16</ele>
			 </trkpt>
			 <trkpt lat="45.382216" lon="11.763533">
				 <ele>16</ele>
			 </trkpt>
			 <trkpt lat="45.382192" lon="11.763583">
				 <ele>16</ele>
			 </trkpt>
			 <trkpt lat="45.382124" lon="11.76372">
				 <ele>16</ele>
			 </trkpt>
			 <trkpt lat="45.382015" lon="11.763892">
				 <ele>16</ele>
			 </trkpt>
			 <trkpt lat="45.381952" lon="11.763965">
				 <ele>16</ele>
			 </trkpt>
			 <trkpt lat="45.381881" lon="11.764026">
				 <ele>16</ele>
			 </trkpt>
			 <trkpt lat="45.381726" lon="11.764095">
				 <ele>16</ele>
			 </trkpt>
			 <trkpt lat="45.381522" lon="11.764141">
				 <ele>16</ele>
			 </trkpt>
			 <trkpt lat="45.381353" lon="11.764181">
				 <ele>16</ele>
			 </trkpt>
			 <trkpt lat="45.381311" lon="11.764199">
				 <ele>16</ele>
			 </trkpt>
			 <trkpt lat="45.381136" lon="11.764349">
				 <ele>16</ele>
			 </trkpt>
			 <trkpt lat="45.381077" lon="11.764438">
				 <ele>16</ele>
			 </trkpt>
			 <trkpt lat="45.380976" lon="11.764628">
				 <ele>16</ele>
			 </trkpt>
			 <trkpt lat="45.380885" lon="11.764886">
				 <ele>15</ele>
			 </trkpt>
			 <trkpt lat="45.380787" lon="11.765145">
				 <ele>16</ele>
			 </trkpt>
			 <trkpt lat="45.380681" lon="11.765396">
				 <ele>16</ele>
			 </trkpt>
			 <trkpt lat="45.380597" lon="11.765662">
				 <ele>16</ele>
			 </trkpt>
			 <trkpt lat="45.380554" lon="11.765765">
				 <ele>15</ele>
			 </trkpt>
			 <trkpt lat="45.380469" lon="11.765967">
				 <ele>15</ele>
			 </trkpt>
			 <trkpt lat="45.38045" lon="11.766018">
				 <ele>15</ele>
			 </trkpt>
			 <trkpt lat="45.380368" lon="11.766218">
				 <ele>15</ele>
			 </trkpt>
			 <trkpt lat="45.380347" lon="11.766266">
				 <ele>15</ele>
			 </trkpt>
			 <trkpt lat="45.380243" lon="11.76652">
				 <ele>15</ele>
			 </trkpt>
			 <trkpt lat="45.380172" lon="11.766675">
				 <ele>15</ele>
			 </trkpt>
			 <trkpt lat="45.380147" lon="11.766725">
				 <ele>15</ele>
			 </trkpt>
			 <trkpt lat="45.380125" lon="11.766773">
				 <ele>15</ele>
			 </trkpt>
			 <trkpt lat="45.380065" lon="11.76692">
				 <ele>15</ele>
			 </trkpt>
			 <trkpt lat="45.379949" lon="11.767159">
				 <ele>15</ele>
			 </trkpt>
			 <trkpt lat="45.379915" lon="11.767188">
				 <ele>15</ele>
			 </trkpt>
			 <trkpt lat="45.379878" lon="11.767196">
				 <ele>15</ele>
			 </trkpt>
			 <trkpt lat="45.379799" lon="11.767168">
				 <ele>15</ele>
			 </trkpt>
			 <trkpt lat="45.379747" lon="11.767065">
				 <ele>15</ele>
			 </trkpt>
			 <trkpt lat="45.379721" lon="11.767013">
				 <ele>15</ele>
			 </trkpt>
			 <trkpt lat="45.379703" lon="11.766957">
				 <ele>15</ele>
			 </trkpt>
			 <trkpt lat="45.379619" lon="11.766658">
				 <ele>15</ele>
			 </trkpt>
			 <trkpt lat="45.379537" lon="11.766368">
				 <ele>15</ele>
			 </trkpt>
			 <trkpt lat="45.379454" lon="11.766096">
				 <ele>15</ele>
			 </trkpt>
			 <trkpt lat="45.379423" lon="11.765978">
				 <ele>15</ele>
			 </trkpt>
			 <trkpt lat="45.379347" lon="11.765702">
				 <ele>15</ele>
			 </trkpt>
			 <trkpt lat="45.37926" lon="11.765435">
				 <ele>15</ele>
			 </trkpt>
			 <trkpt lat="45.379225" lon="11.765325">
				 <ele>15</ele>
			 </trkpt>
			 <trkpt lat="45.37914" lon="11.765061">
				 <ele>15</ele>
			 </trkpt>
			 <trkpt lat="45.379065" lon="11.764842">
				 <ele>16</ele>
			 </trkpt>
			 <trkpt lat="45.378984" lon="11.764579">
				 <ele>16</ele>
			 </trkpt>
			 <trkpt lat="45.37892" lon="11.764364">
				 <ele>16</ele>
			 </trkpt>
			 <trkpt lat="45.37884" lon="11.764098">
				 <ele>16</ele>
			 </trkpt>
			 <trkpt lat="45.378808" lon="11.764">
				 <ele>16</ele>
			 </trkpt>
			 <trkpt lat="45.37873" lon="11.763739">
				 <ele>16</ele>
			 </trkpt>
			 <trkpt lat="45.378651" lon="11.763467">
				 <ele>16</ele>
			 </trkpt>
			 <trkpt lat="45.378637" lon="11.763416">
				 <ele>16</ele>
			 </trkpt>
			 <trkpt lat="45.378558" lon="11.763144">
				 <ele>16</ele>
			 </trkpt>
			 <trkpt lat="45.378483" lon="11.762878">
				 <ele>16</ele>
			 </trkpt>
			 <trkpt lat="45.378401" lon="11.762611">
				 <ele>17</ele>
			 </trkpt>
			 <trkpt lat="45.378317" lon="11.762348">
				 <ele>17</ele>
			 </trkpt>
			 <trkpt lat="45.378302" lon="11.762293">
				 <ele>17</ele>
			 </trkpt>
			 <trkpt lat="45.37822" lon="11.762025">
				 <ele>17</ele>
			 </trkpt>
			 <trkpt lat="45.378135" lon="11.761755">
				 <ele>17</ele>
			 </trkpt>
			 <trkpt lat="45.378118" lon="11.761702">
				 <ele>17</ele>
			 </trkpt>
			 <trkpt lat="45.37804" lon="11.761433">
				 <ele>17</ele>
			 </trkpt>
			 <trkpt lat="45.377957" lon="11.761158">
				 <ele>17</ele>
			 </trkpt>
			 <trkpt lat="45.377876" lon="11.760891">
				 <ele>17</ele>
			 </trkpt>
			 <trkpt lat="45.377797" lon="11.760621">
				 <ele>17</ele>
			 </trkpt>
			 <trkpt lat="45.377782" lon="11.760567">
				 <ele>17</ele>
			 </trkpt>
			 <trkpt lat="45.377703" lon="11.760291">
				 <ele>17</ele>
			 </trkpt>
			 <trkpt lat="45.377669" lon="11.760183">
				 <ele>17</ele>
			 </trkpt>
			 <trkpt lat="45.377587" lon="11.759918">
				 <ele>16</ele>
			 </trkpt>
			 <trkpt lat="45.377519" lon="11.759698">
				 <ele>16</ele>
			 </trkpt>
			 <trkpt lat="45.37744" lon="11.759428">
				 <ele>16</ele>
			 </trkpt>
			 <trkpt lat="45.37736" lon="11.75916">
				 <ele>16</ele>
			 </trkpt>
			 <trkpt lat="45.377278" lon="11.758894">
				 <ele>16</ele>
			 </trkpt>
			 <trkpt lat="45.3772" lon="11.758621">
				 <ele>16</ele>
			 </trkpt>
			 <trkpt lat="45.377118" lon="11.758341">
				 <ele>16</ele>
			 </trkpt>
			 <trkpt lat="45.377028" lon="11.758071">
				 <ele>16</ele>
			 </trkpt>
			 <trkpt lat="45.377011" lon="11.758015">
				 <ele>16</ele>
			 </trkpt>
			 <trkpt lat="45.376929" lon="11.757731">
				 <ele>16</ele>
			 </trkpt>
			 <trkpt lat="45.376851" lon="11.75745">
				 <ele>16</ele>
			 </trkpt>
			 <trkpt lat="45.376786" lon="11.757231">
				 <ele>16</ele>
			 </trkpt>
			 <trkpt lat="45.376703" lon="11.756975">
				 <ele>16</ele>
			 </trkpt>
			 <trkpt lat="45.376614" lon="11.7567">
				 <ele>16</ele>
			 </trkpt>
			 <trkpt lat="45.376535" lon="11.756423">
				 <ele>16</ele>
			 </trkpt>
			 <trkpt lat="45.376452" lon="11.756149">
				 <ele>16</ele>
			 </trkpt>
			 <trkpt lat="45.376376" lon="11.755888">
				 <ele>15</ele>
			 </trkpt>
			 <trkpt lat="45.376291" lon="11.755602">
				 <ele>15</ele>
			 </trkpt>
			 <trkpt lat="45.376273" lon="11.755549">
				 <ele>15</ele>
			 </trkpt>
			 <trkpt lat="45.376194" lon="11.755274">
				 <ele>15</ele>
			 </trkpt>
			 <trkpt lat="45.376126" lon="11.755063">
				 <ele>15</ele>
			 </trkpt>
			 <trkpt lat="45.376042" lon="11.754788">
				 <ele>15</ele>
			 </trkpt>
			 <trkpt lat="45.37601" lon="11.754678">
				 <ele>15</ele>
			 </trkpt>
			 <trkpt lat="45.375975" lon="11.754571">
				 <ele>15</ele>
			 </trkpt>
			 <trkpt lat="45.3759" lon="11.754299">
				 <ele>15</ele>
			 </trkpt>
			 <trkpt lat="45.37585" lon="11.754099">
				 <ele>14</ele>
			 </trkpt>
			 <trkpt lat="45.375768" lon="11.753825">
				 <ele>14</ele>
			 </trkpt>
			 <trkpt lat="45.375707" lon="11.753617">
				 <ele>15</ele>
			 </trkpt>
			 <trkpt lat="45.375627" lon="11.753352">
				 <ele>14</ele>
			 </trkpt>
			 <trkpt lat="45.375541" lon="11.753084">
				 <ele>14</ele>
			 </trkpt>
			 <trkpt lat="45.375521" lon="11.753032">
				 <ele>14</ele>
			 </trkpt>
			 <trkpt lat="45.375432" lon="11.752764">
				 <ele>14</ele>
			 </trkpt>
			 <trkpt lat="45.375348" lon="11.752496">
				 <ele>14</ele>
			 </trkpt>
			 <trkpt lat="45.375313" lon="11.75239">
				 <ele>14</ele>
			 </trkpt>
			 <trkpt lat="45.375232" lon="11.752125">
				 <ele>14</ele>
			 </trkpt>
			 <trkpt lat="45.375182" lon="11.751962">
				 <ele>15</ele>
			 </trkpt>
			 <trkpt lat="45.375096" lon="11.75169">
				 <ele>15</ele>
			 </trkpt>
			 <trkpt lat="45.375035" lon="11.751479">
				 <ele>15</ele>
			 </trkpt>
			 <trkpt lat="45.37495" lon="11.751204">
				 <ele>15</ele>
			 </trkpt>
			 <trkpt lat="45.374868" lon="11.75094">
				 <ele>14</ele>
			 </trkpt>
			 <trkpt lat="45.374783" lon="11.750672">
				 <ele>14</ele>
			 </trkpt>
			 <trkpt lat="45.374688" lon="11.75041">
				 <ele>14</ele>
			 </trkpt>
			 <trkpt lat="45.374601" lon="11.750136">
				 <ele>15</ele>
			 </trkpt>
			 <trkpt lat="45.374531" lon="11.74992">
				 <ele>15</ele>
			 </trkpt>
			 <trkpt lat="45.374452" lon="11.749642">
				 <ele>15</ele>
			 </trkpt>
			 <trkpt lat="45.374376" lon="11.749373">
				 <ele>14</ele>
			 </trkpt>
			 <trkpt lat="45.374299" lon="11.749101">
				 <ele>14</ele>
			 </trkpt>
			 <trkpt lat="45.374288" lon="11.749047">
				 <ele>14</ele>
			 </trkpt>
			 <trkpt lat="45.374256" lon="11.748936">
				 <ele>14</ele>
			 </trkpt>
			 <trkpt lat="45.374175" lon="11.748658">
				 <ele>14</ele>
			 </trkpt>
			 <trkpt lat="45.374124" lon="11.748496">
				 <ele>14</ele>
			 </trkpt>
			 <trkpt lat="45.374042" lon="11.748232">
				 <ele>14</ele>
			 </trkpt>
			 <trkpt lat="45.373962" lon="11.747963">
				 <ele>15</ele>
			 </trkpt>
			 <trkpt lat="45.373947" lon="11.747912">
				 <ele>14</ele>
			 </trkpt>
			 <trkpt lat="45.37386" lon="11.747643">
				 <ele>14</ele>
			 </trkpt>
			 <trkpt lat="45.373795" lon="11.747429">
				 <ele>14</ele>
			 </trkpt>
			 <trkpt lat="45.373721" lon="11.747155">
				 <ele>15</ele>
			 </trkpt>
			 <trkpt lat="45.373669" lon="11.746991">
				 <ele>15</ele>
			 </trkpt>
			 <trkpt lat="45.37358" lon="11.746725">
				 <ele>15</ele>
			 </trkpt>
			 <trkpt lat="45.373479" lon="11.746462">
				 <ele>15</ele>
			 </trkpt>
			 <trkpt lat="45.373359" lon="11.746223">
				 <ele>14</ele>
			 </trkpt>
			 <trkpt lat="45.373227" lon="11.745992">
				 <ele>14</ele>
			 </trkpt>
			 <trkpt lat="45.373203" lon="11.745947">
				 <ele>14</ele>
			 </trkpt>
			 <trkpt lat="45.373075" lon="11.745716">
				 <ele>14</ele>
			 </trkpt>
			 <trkpt lat="45.372987" lon="11.745593">
				 <ele>14</ele>
			 </trkpt>
			 <trkpt lat="45.37288" lon="11.745436">
				 <ele>14</ele>
			 </trkpt>
			 <trkpt lat="45.372745" lon="11.74522">
				 <ele>14</ele>
			 </trkpt>
			 <trkpt lat="45.372621" lon="11.744989">
				 <ele>14</ele>
			 </trkpt>
			 <trkpt lat="45.37254" lon="11.744859">
				 <ele>14</ele>
			 </trkpt>
			 <trkpt lat="45.372508" lon="11.744809">
				 <ele>14</ele>
			 </trkpt>
			 <trkpt lat="45.37244" lon="11.744665">
				 <ele>14</ele>
			 </trkpt>
			 <trkpt lat="45.372409" lon="11.74455">
				 <ele>14</ele>
			 </trkpt>
			 <trkpt lat="45.372384" lon="11.744436">
				 <ele>14</ele>
			 </trkpt>
			 <trkpt lat="45.372346" lon="11.744144">
				 <ele>14</ele>
			 </trkpt>
			 <trkpt lat="45.372314" lon="11.743853">
				 <ele>14</ele>
			 </trkpt>
			 <trkpt lat="45.372313" lon="11.743676">
				 <ele>14</ele>
			 </trkpt>
			 <trkpt lat="45.37231" lon="11.743392">
				 <ele>13</ele>
			 </trkpt>
			 <trkpt lat="45.37231" lon="11.743159">
				 <ele>14</ele>
			 </trkpt>
			 <trkpt lat="45.372299" lon="11.742867">
				 <ele>14</ele>
			 </trkpt>
			 <trkpt lat="45.372287" lon="11.742575">
				 <ele>14</ele>
			 </trkpt>
			 <trkpt lat="45.372271" lon="11.742288">
				 <ele>14</ele>
			 </trkpt>
			 <trkpt lat="45.372263" lon="11.742128">
				 <ele>14</ele>
			 </trkpt>
			 <trkpt lat="45.372256" lon="11.742016">
				 <ele>14</ele>
			 </trkpt>
			 <trkpt lat="45.372248" lon="11.741839">
				 <ele>14</ele>
			 </trkpt>
			 <trkpt lat="45.372243" lon="11.741787">
				 <ele>14</ele>
			 </trkpt>
			 <trkpt lat="45.372218" lon="11.74151">
				 <ele>14</ele>
			 </trkpt>
			 <trkpt lat="45.372215" lon="11.741343">
				 <ele>14</ele>
			 </trkpt>
			 <trkpt lat="45.372201" lon="11.741112">
				 <ele>14</ele>
			 </trkpt>
			 <trkpt lat="45.372192" lon="11.740933">
				 <ele>14</ele>
			 </trkpt>
			 <trkpt lat="45.372173" lon="11.740639">
				 <ele>14</ele>
			 </trkpt>
			 <trkpt lat="45.372156" lon="11.740403">
				 <ele>14</ele>
			 </trkpt>
			 <trkpt lat="45.372146" lon="11.740102">
				 <ele>14</ele>
			 </trkpt>
			 <trkpt lat="45.37214" lon="11.739985">
				 <ele>14</ele>
			 </trkpt>
			 <trkpt lat="45.372131" lon="11.739869">
				 <ele>14</ele>
			 </trkpt>
			 <trkpt lat="45.372119" lon="11.73958">
				 <ele>14</ele>
			 </trkpt>
			 <trkpt lat="45.372111" lon="11.73935">
				 <ele>14</ele>
			 </trkpt>
			 <trkpt lat="45.372101" lon="11.739065">
				 <ele>13</ele>
			 </trkpt>
			 <trkpt lat="45.37209" lon="11.738771">
				 <ele>13</ele>
			 </trkpt>
			 <trkpt lat="45.372079" lon="11.738485">
				 <ele>13</ele>
			 </trkpt>
			 <trkpt lat="45.37207" lon="11.738208">
				 <ele>14</ele>
			 </trkpt>
			 <trkpt lat="45.372065" lon="11.738091">
				 <ele>14</ele>
			 </trkpt>
			 <trkpt lat="45.372051" lon="11.737808">
				 <ele>14</ele>
			 </trkpt>
			 <trkpt lat="45.372037" lon="11.737524">
				 <ele>14</ele>
			 </trkpt>
			 <trkpt lat="45.372037" lon="11.737466">
				 <ele>14</ele>
			 </trkpt>
			 <trkpt lat="45.372031" lon="11.73724">
				 <ele>14</ele>
			 </trkpt>
			 <trkpt lat="45.372027" lon="11.737184">
				 <ele>14</ele>
			 </trkpt>
			 <trkpt lat="45.372024" lon="11.737128">
				 <ele>14</ele>
			 </trkpt>
			 <trkpt lat="45.372013" lon="11.73685">
				 <ele>14</ele>
			 </trkpt>
			 <trkpt lat="45.371997" lon="11.736617">
				 <ele>14</ele>
			 </trkpt>
			 <trkpt lat="45.371982" lon="11.736327">
				 <ele>14</ele>
			 </trkpt>
			 <trkpt lat="45.371978" lon="11.73627">
				 <ele>14</ele>
			 </trkpt>
			 <trkpt lat="45.371974" lon="11.736212">
				 <ele>14</ele>
			 </trkpt>
			 <trkpt lat="45.371971" lon="11.736154">
				 <ele>14</ele>
			 </trkpt>
			 <trkpt lat="45.371956" lon="11.735862">
				 <ele>14</ele>
			 </trkpt>
			 <trkpt lat="45.37194" lon="11.735577">
				 <ele>14</ele>
			 </trkpt>
			 <trkpt lat="45.371925" lon="11.735286">
				 <ele>14</ele>
			 </trkpt>
			 <trkpt lat="45.371918" lon="11.735">
				 <ele>14</ele>
			 </trkpt>
			 <trkpt lat="45.371907" lon="11.734713">
				 <ele>14</ele>
			 </trkpt>
			 <trkpt lat="45.371897" lon="11.734425">
				 <ele>14</ele>
			 </trkpt>
			 <trkpt lat="45.371885" lon="11.734138">
				 <ele>14</ele>
			 </trkpt>
			 <trkpt lat="45.371879" lon="11.733847">
				 <ele>14</ele>
			 </trkpt>
			 <trkpt lat="45.371879" lon="11.73379">
				 <ele>14</ele>
			 </trkpt>
			 <trkpt lat="45.371863" lon="11.733504">
				 <ele>14</ele>
			 </trkpt>
			 <trkpt lat="45.371842" lon="11.733218">
				 <ele>14</ele>
			 </trkpt>
			 <trkpt lat="45.371841" lon="11.733105">
				 <ele>14</ele>
			 </trkpt>
			 <trkpt lat="45.371841" lon="11.732934">
				 <ele>14</ele>
			 </trkpt>
			 <trkpt lat="45.371847" lon="11.732697">
				 <ele>14</ele>
			 </trkpt>
			 <trkpt lat="45.371855" lon="11.732638">
				 <ele>15</ele>
			 </trkpt>
			 <trkpt lat="45.371866" lon="11.73258">
				 <ele>15</ele>
			 </trkpt>
			 <trkpt lat="45.371885" lon="11.732529">
				 <ele>15</ele>
			 </trkpt>
			 <trkpt lat="45.371933" lon="11.732449">
				 <ele>15</ele>
			 </trkpt>
			 <trkpt lat="45.371969" lon="11.7324">
				 <ele>15</ele>
			 </trkpt>
			 <trkpt lat="45.372029" lon="11.732326">
				 <ele>15</ele>
			 </trkpt>
			 <trkpt lat="45.37208" lon="11.732246">
				 <ele>15</ele>
			 </trkpt>
			 <trkpt lat="45.372088" lon="11.732192">
				 <ele>15</ele>
			 </trkpt>
			 <trkpt lat="45.372083" lon="11.732138">
				 <ele>15</ele>
			 </trkpt>
			 <trkpt lat="45.372046" lon="11.732041">
				 <ele>15</ele>
			 </trkpt>
			 <trkpt lat="45.371977" lon="11.731966">
				 <ele>15</ele>
			 </trkpt>
			 <trkpt lat="45.371869" lon="11.731863">
				 <ele>14</ele>
			 </trkpt>
			 <trkpt lat="45.37184" lon="11.731823">
				 <ele>14</ele>
			 </trkpt>
			 <trkpt lat="45.3718" lon="11.731721">
				 <ele>14</ele>
			 </trkpt>
			 <trkpt lat="45.371787" lon="11.731667">
				 <ele>14</ele>
			 </trkpt>
			 <trkpt lat="45.371776" lon="11.731609">
				 <ele>14</ele>
			 </trkpt>
			 <trkpt lat="45.371742" lon="11.731371">
				 <ele>14</ele>
			 </trkpt>
			 <trkpt lat="45.371713" lon="11.73108">
				 <ele>14</ele>
			 </trkpt>
			 <trkpt lat="45.371697" lon="11.730968">
				 <ele>14</ele>
			 </trkpt>
			 <trkpt lat="45.371677" lon="11.730746">
				 <ele>14</ele>
			 </trkpt>
			 <trkpt lat="45.371663" lon="11.730636">
				 <ele>13</ele>
			 </trkpt>
			 <trkpt lat="45.371661" lon="11.73058">
				 <ele>13</ele>
			 </trkpt>
			 <trkpt lat="45.371654" lon="11.730348">
				 <ele>13</ele>
			 </trkpt>
			 <trkpt lat="45.371644" lon="11.730291">
				 <ele>13</ele>
			 </trkpt>
			 <trkpt lat="45.371636" lon="11.730233">
				 <ele>13</ele>
			 </trkpt>
			 <trkpt lat="45.371592" lon="11.729933">
				 <ele>13</ele>
			 </trkpt>
			 <trkpt lat="45.371586" lon="11.729871">
				 <ele>13</ele>
			 </trkpt>
			 <trkpt lat="45.37155" lon="11.729558">
				 <ele>13</ele>
			 </trkpt>
			 <trkpt lat="45.371533" lon="11.729262">
				 <ele>13</ele>
			 </trkpt>
			 <trkpt lat="45.371518" lon="11.728971">
				 <ele>14</ele>
			 </trkpt>
			 <trkpt lat="45.371516" lon="11.728731">
				 <ele>14</ele>
			 </trkpt>
			 <trkpt lat="45.371512" lon="11.72867">
				 <ele>14</ele>
			 </trkpt>
			 <trkpt lat="45.371497" lon="11.728358">
				 <ele>14</ele>
			 </trkpt>
			 <trkpt lat="45.371493" lon="11.728237">
				 <ele>14</ele>
			 </trkpt>
			 <trkpt lat="45.371473" lon="11.727941">
				 <ele>14</ele>
			 </trkpt>
			 <trkpt lat="45.371462" lon="11.727825">
				 <ele>14</ele>
			 </trkpt>
			 <trkpt lat="45.371455" lon="11.727638">
				 <ele>14</ele>
			 </trkpt>
			 <trkpt lat="45.371449" lon="11.727403">
				 <ele>14</ele>
			 </trkpt>
			 <trkpt lat="45.371447" lon="11.727344">
				 <ele>14</ele>
			 </trkpt>
			 <trkpt lat="45.371442" lon="11.727165">
				 <ele>14</ele>
			 </trkpt>
			 <trkpt lat="45.37144" lon="11.726927">
				 <ele>14</ele>
			 </trkpt>
			 <trkpt lat="45.371431" lon="11.726633">
				 <ele>14</ele>
			 </trkpt>
			 <trkpt lat="45.371423" lon="11.726347">
				 <ele>14</ele>
			 </trkpt>
			 <trkpt lat="45.371414" lon="11.726065">
				 <ele>14</ele>
			 </trkpt>
			 <trkpt lat="45.371414" lon="11.725946">
				 <ele>14</ele>
			 </trkpt>
			 <trkpt lat="45.371407" lon="11.725653">
				 <ele>14</ele>
			 </trkpt>
			 <trkpt lat="45.3714" lon="11.725421">
				 <ele>14</ele>
			 </trkpt>
			 <trkpt lat="45.371388" lon="11.725187">
				 <ele>14</ele>
			 </trkpt>
			 <trkpt lat="45.371389" lon="11.725025">
				 <ele>15</ele>
			 </trkpt>
			 <trkpt lat="45.371385" lon="11.724909">
				 <ele>15</ele>
			 </trkpt>
			 <trkpt lat="45.371374" lon="11.724615">
				 <ele>15</ele>
			 </trkpt>
			 <trkpt lat="45.371364" lon="11.724321">
				 <ele>15</ele>
			 </trkpt>
			 <trkpt lat="45.371357" lon="11.724148">
				 <ele>15</ele>
			 </trkpt>
			 <trkpt lat="45.371353" lon="11.723977">
				 <ele>15</ele>
			 </trkpt>
			 <trkpt lat="45.371348" lon="11.723737">
				 <ele>15</ele>
			 </trkpt>
			 <trkpt lat="45.371345" lon="11.723494">
				 <ele>15</ele>
			 </trkpt>
			 <trkpt lat="45.371344" lon="11.723203">
				 <ele>15</ele>
			 </trkpt>
			 <trkpt lat="45.371344" lon="11.722967">
				 <ele>16</ele>
			 </trkpt>
			 <trkpt lat="45.371334" lon="11.722665">
				 <ele>16</ele>
			 </trkpt>
			 <trkpt lat="45.371332" lon="11.722545">
				 <ele>16</ele>
			 </trkpt>
			 <trkpt lat="45.371334" lon="11.722485">
				 <ele>16</ele>
			 </trkpt>
			 <trkpt lat="45.37134" lon="11.722179">
				 <ele>16</ele>
			 </trkpt>
			 <trkpt lat="45.371333" lon="11.721936">
				 <ele>16</ele>
			 </trkpt>
			 <trkpt lat="45.371324" lon="11.721762">
				 <ele>16</ele>
			 </trkpt>
			 <trkpt lat="45.371307" lon="11.721726">
				 <ele>16</ele>
			 </trkpt>
			 <trkpt lat="45.371278" lon="11.721713">
				 <ele>16</ele>
			 </trkpt>
			 <trkpt lat="45.371276" lon="11.721773">
				 <ele>16</ele>
			 </trkpt>
			 <trkpt lat="45.3713" lon="11.72198">
				 <ele>16</ele>
			 </trkpt>
			 <trkpt lat="45.371319" lon="11.722279">
				 <ele>15</ele>
			 </trkpt>
			 <trkpt lat="45.371325" lon="11.722417">
				 <ele>15</ele>
			 </trkpt>
			 <trkpt lat="45.371323" lon="11.722687">
				 <ele>15</ele>
			 </trkpt>
			 <trkpt lat="45.371338" lon="11.72287">
				 <ele>15</ele>
			 </trkpt>
			 <trkpt lat="45.371346" lon="11.722992">
				 <ele>15</ele>
			 </trkpt>
			 <trkpt lat="45.371361" lon="11.723299">
				 <ele>15</ele>
			 </trkpt>
			 <trkpt lat="45.37137" lon="11.723423">
				 <ele>15</ele>
			 </trkpt>
			 <trkpt lat="45.371375" lon="11.723615">
				 <ele>15</ele>
			 </trkpt>
			 <trkpt lat="45.371381" lon="11.723861">
				 <ele>15</ele>
			 </trkpt>
			 <trkpt lat="45.37139" lon="11.72416">
				 <ele>14</ele>
			 </trkpt>
			 <trkpt lat="45.371396" lon="11.724278">
				 <ele>14</ele>
			 </trkpt>
			 <trkpt lat="45.371399" lon="11.724562">
				 <ele>15</ele>
			 </trkpt>
			 <trkpt lat="45.371407" lon="11.724794">
				 <ele>14</ele>
			 </trkpt>
			 <trkpt lat="45.371411" lon="11.725074">
				 <ele>15</ele>
			 </trkpt>
			 <trkpt lat="45.371415" lon="11.725248">
				 <ele>15</ele>
			 </trkpt>
			 <trkpt lat="45.371425" lon="11.725362">
				 <ele>15</ele>
			 </trkpt>
			 <trkpt lat="45.371438" lon="11.725648">
				 <ele>15</ele>
			 </trkpt>
			 <trkpt lat="45.371435" lon="11.725823">
				 <ele>15</ele>
			 </trkpt>
			 <trkpt lat="45.371448" lon="11.725998">
				 <ele>15</ele>
			 </trkpt>
			 <trkpt lat="45.371471" lon="11.726289">
				 <ele>15</ele>
			 </trkpt>
			 <trkpt lat="45.371477" lon="11.726405">
				 <ele>15</ele>
			 </trkpt>
			 <trkpt lat="45.371484" lon="11.726685">
				 <ele>15</ele>
			 </trkpt>
			 <trkpt lat="45.371493" lon="11.726799">
				 <ele>15</ele>
			 </trkpt>
			 <trkpt lat="45.371508" lon="11.727073">
				 <ele>15</ele>
			 </trkpt>
			 <trkpt lat="45.371525" lon="11.727303">
				 <ele>15</ele>
			 </trkpt>
			 <trkpt lat="45.371542" lon="11.727586">
				 <ele>15</ele>
			 </trkpt>
			 <trkpt lat="45.371544" lon="11.727702">
				 <ele>15</ele>
			 </trkpt>
			 <trkpt lat="45.371553" lon="11.727813">
				 <ele>15</ele>
			 </trkpt>
			 <trkpt lat="45.371559" lon="11.72798">
				 <ele>15</ele>
			 </trkpt>
			 <trkpt lat="45.371555" lon="11.728037">
				 <ele>15</ele>
			 </trkpt>
			 <trkpt lat="45.371552" lon="11.728199">
				 <ele>15</ele>
			 </trkpt>
			 <trkpt lat="45.37155" lon="11.728359">
				 <ele>15</ele>
			 </trkpt>
			 <trkpt lat="45.371554" lon="11.72841">
				 <ele>15</ele>
			 </trkpt>
			 <trkpt lat="45.371557" lon="11.728684">
				 <ele>15</ele>
			 </trkpt>
			 <trkpt lat="45.371558" lon="11.72874">
				 <ele>15</ele>
			 </trkpt>
			 <trkpt lat="45.37156" lon="11.728855">
				 <ele>16</ele>
			 </trkpt>
			 <trkpt lat="45.371563" lon="11.729139">
				 <ele>16</ele>
			 </trkpt>
			 <trkpt lat="45.371578" lon="11.729424">
				 <ele>15</ele>
			 </trkpt>
			 <trkpt lat="45.371605" lon="11.729713">
				 <ele>16</ele>
			 </trkpt>
			 <trkpt lat="45.371638" lon="11.729999">
				 <ele>16</ele>
			 </trkpt>
			 <trkpt lat="45.371658" lon="11.73017">
				 <ele>16</ele>
			 </trkpt>
			 <trkpt lat="45.371692" lon="11.730396">
				 <ele>16</ele>
			 </trkpt>
			 <trkpt lat="45.37172" lon="11.730512">
				 <ele>16</ele>
			 </trkpt>
			 <trkpt lat="45.371728" lon="11.730568">
				 <ele>16</ele>
			 </trkpt>
			 <trkpt lat="45.371748" lon="11.730739">
				 <ele>16</ele>
			 </trkpt>
			 <trkpt lat="45.371785" lon="11.731">
				 <ele>15</ele>
			 </trkpt>
			 <trkpt lat="45.371807" lon="11.731278">
				 <ele>16</ele>
			 </trkpt>
			 <trkpt lat="45.371832" lon="11.7315">
				 <ele>16</ele>
			 </trkpt>
			 <trkpt lat="45.371854" lon="11.731771">
				 <ele>16</ele>
			 </trkpt>
			 <trkpt lat="45.371876" lon="11.731991">
				 <ele>16</ele>
			 </trkpt>
			 <trkpt lat="45.371884" lon="11.732279">
				 <ele>16</ele>
			 </trkpt>
			 <trkpt lat="45.37188" lon="11.7324">
				 <ele>16</ele>
			 </trkpt>
			 <trkpt lat="45.371865" lon="11.732682">
				 <ele>16</ele>
			 </trkpt>
			 <trkpt lat="45.371856" lon="11.732807">
				 <ele>16</ele>
			 </trkpt>
			 <trkpt lat="45.37185" lon="11.733089">
				 <ele>15</ele>
			 </trkpt>
			 <trkpt lat="45.371854" lon="11.733146">
				 <ele>15</ele>
			 </trkpt>
			 <trkpt lat="45.37187" lon="11.733438">
				 <ele>15</ele>
			 </trkpt>
			 <trkpt lat="45.371874" lon="11.733553">
				 <ele>15</ele>
			 </trkpt>
			 <trkpt lat="45.371879" lon="11.733836">
				 <ele>15</ele>
			 </trkpt>
			 <trkpt lat="45.371892" lon="11.734127">
				 <ele>16</ele>
			 </trkpt>
			 <trkpt lat="45.371908" lon="11.73441">
				 <ele>16</ele>
			 </trkpt>
			 <trkpt lat="45.371923" lon="11.734696">
				 <ele>16</ele>
			 </trkpt>
			 <trkpt lat="45.371927" lon="11.734751">
				 <ele>16</ele>
			 </trkpt>
			 <trkpt lat="45.371943" lon="11.735038">
				 <ele>16</ele>
			 </trkpt>
			 <trkpt lat="45.371951" lon="11.735333">
				 <ele>16</ele>
			 </trkpt>
			 <trkpt lat="45.371956" lon="11.735391">
				 <ele>16</ele>
			 </trkpt>
			 <trkpt lat="45.371956" lon="11.735448">
				 <ele>16</ele>
			 </trkpt>
			 <trkpt lat="45.371964" lon="11.735558">
				 <ele>16</ele>
			 </trkpt>
			 <trkpt lat="45.371985" lon="11.735734">
				 <ele>16</ele>
			 </trkpt>
			 <trkpt lat="45.371994" lon="11.736031">
				 <ele>16</ele>
			 </trkpt>
			 <trkpt lat="45.371995" lon="11.736209">
				 <ele>16</ele>
			 </trkpt>
			 <trkpt lat="45.371995" lon="11.736265">
				 <ele>14</ele>
			 </trkpt>
			 <trkpt lat="45.371988" lon="11.736378">
				 <ele>14</ele>
			 </trkpt>
			 <trkpt lat="45.371954" lon="11.736479">
				 <ele>14</ele>
			 </trkpt>
			 <trkpt lat="45.371888" lon="11.73654">
				 <ele>15</ele>
			 </trkpt>
			 <trkpt lat="45.371808" lon="11.736555">
				 <ele>14</ele>
			 </trkpt>
			 <trkpt lat="45.371588" lon="11.736522">
				 <ele>14</ele>
			 </trkpt>
			 <trkpt lat="45.371544" lon="11.73651">
				 <ele>14</ele>
			 </trkpt>
			 <trkpt lat="45.371332" lon="11.736455">
				 <ele>14</ele>
			 </trkpt>
			 <trkpt lat="45.371159" lon="11.736432">
				 <ele>14</ele>
			 </trkpt>
			 <trkpt lat="45.370944" lon="11.736361">
				 <ele>14</ele>
			 </trkpt>
			 <trkpt lat="45.370781" lon="11.736327">
				 <ele>14</ele>
			 </trkpt>
			 <trkpt lat="45.370698" lon="11.73631">
				 <ele>14</ele>
			 </trkpt>
			 <trkpt lat="45.370499" lon="11.73626">
				 <ele>14</ele>
			 </trkpt>
			 <trkpt lat="45.370298" lon="11.736212">
				 <ele>14</ele>
			 </trkpt>
			 <trkpt lat="45.370138" lon="11.736174">
				 <ele>14</ele>
			 </trkpt>
			 <trkpt lat="45.369947" lon="11.736121">
				 <ele>14</ele>
			 </trkpt>
			 <trkpt lat="45.369906" lon="11.736115">
				 <ele>14</ele>
			 </trkpt>
			 <trkpt lat="45.3697" lon="11.73608">
				 <ele>14</ele>
			 </trkpt>
			 <trkpt lat="45.369581" lon="11.736047">
				 <ele>13</ele>
			 </trkpt>
			 <trkpt lat="45.369379" lon="11.736009">
				 <ele>13</ele>
			 </trkpt>
			 <trkpt lat="45.369223" lon="11.735978">
				 <ele>13</ele>
			 </trkpt>
			 <trkpt lat="45.369148" lon="11.735983">
				 <ele>13</ele>
			 </trkpt>
			 <trkpt lat="45.369038" lon="11.736056">
				 <ele>13</ele>
			 </trkpt>
			 <trkpt lat="45.368905" lon="11.736283">
				 <ele>13</ele>
			 </trkpt>
			 <trkpt lat="45.368884" lon="11.736335">
				 <ele>13</ele>
			 </trkpt>
			 <trkpt lat="45.368793" lon="11.736593">
				 <ele>13</ele>
			 </trkpt>
			 <trkpt lat="45.368741" lon="11.736751">
				 <ele>13</ele>
			 </trkpt>
			 <trkpt lat="45.368643" lon="11.737006">
				 <ele>14</ele>
			 </trkpt>
			 <trkpt lat="45.368609" lon="11.737112">
				 <ele>14</ele>
			 </trkpt>
			 <trkpt lat="45.368529" lon="11.737382">
				 <ele>13</ele>
			 </trkpt>
			 <trkpt lat="45.368473" lon="11.737544">
				 <ele>13</ele>
			 </trkpt>
			 <trkpt lat="45.368454" lon="11.737597">
				 <ele>13</ele>
			 </trkpt>
			 <trkpt lat="45.36837" lon="11.737859">
				 <ele>13</ele>
			 </trkpt>
			 <trkpt lat="45.368354" lon="11.73791">
				 <ele>13</ele>
			 </trkpt>
			 <trkpt lat="45.368321" lon="11.738009">
				 <ele>13</ele>
			 </trkpt>
			 <trkpt lat="45.368304" lon="11.738056">
				 <ele>13</ele>
			 </trkpt>
			 <trkpt lat="45.368214" lon="11.738316">
				 <ele>13</ele>
			 </trkpt>
			 <trkpt lat="45.368122" lon="11.738574">
				 <ele>13</ele>
			 </trkpt>
			 <trkpt lat="45.368106" lon="11.738626">
				 <ele>13</ele>
			 </trkpt>
			 <trkpt lat="45.368027" lon="11.738877">
				 <ele>13</ele>
			 </trkpt>
			 <trkpt lat="45.367947" lon="11.73914">
				 <ele>13</ele>
			 </trkpt>
			 <trkpt lat="45.367863" lon="11.739394">
				 <ele>13</ele>
			 </trkpt>
			 <trkpt lat="45.367807" lon="11.73956">
				 <ele>13</ele>
			 </trkpt>
			 <trkpt lat="45.367725" lon="11.739815">
				 <ele>12</ele>
			 </trkpt>
			 <trkpt lat="45.367637" lon="11.740071">
				 <ele>12</ele>
			 </trkpt>
			 <trkpt lat="45.367564" lon="11.740266">
				 <ele>12</ele>
			 </trkpt>
			 <trkpt lat="45.367498" lon="11.740406">
				 <ele>12</ele>
			 </trkpt>
			 <trkpt lat="45.367391" lon="11.740637">
				 <ele>12</ele>
			 </trkpt>
			 <trkpt lat="45.367339" lon="11.740717">
				 <ele>12</ele>
			 </trkpt>
			 <trkpt lat="45.367203" lon="11.740921">
				 <ele>12</ele>
			 </trkpt>
			 <trkpt lat="45.367094" lon="11.741088">
				 <ele>12</ele>
			 </trkpt>
			 <trkpt lat="45.366948" lon="11.741308">
				 <ele>13</ele>
			 </trkpt>
			 <trkpt lat="45.366853" lon="11.74143">
				 <ele>13</ele>
			 </trkpt>
			 <trkpt lat="45.366704" lon="11.741608">
				 <ele>13</ele>
			 </trkpt>
			 <trkpt lat="45.366639" lon="11.741682">
				 <ele>13</ele>
			 </trkpt>
			 <trkpt lat="45.36649" lon="11.741877">
				 <ele>13</ele>
			 </trkpt>
			 <trkpt lat="45.366463" lon="11.741923">
				 <ele>13</ele>
			 </trkpt>
			 <trkpt lat="45.366317" lon="11.742118">
				 <ele>13</ele>
			 </trkpt>
			 <trkpt lat="45.366233" lon="11.742245">
				 <ele>13</ele>
			 </trkpt>
			 <trkpt lat="45.366174" lon="11.742332">
				 <ele>13</ele>
			 </trkpt>
			 <trkpt lat="45.366032" lon="11.742554">
				 <ele>13</ele>
			 </trkpt>
			 <trkpt lat="45.365974" lon="11.742638">
				 <ele>13</ele>
			 </trkpt>
			 <trkpt lat="45.365828" lon="11.742842">
				 <ele>13</ele>
			 </trkpt>
			 <trkpt lat="45.365694" lon="11.743055">
				 <ele>12</ele>
			 </trkpt>
			 <trkpt lat="45.365667" lon="11.743098">
				 <ele>12</ele>
			 </trkpt>
			 <trkpt lat="45.365559" lon="11.743272">
				 <ele>12</ele>
			 </trkpt>
			 <trkpt lat="45.365474" lon="11.743393">
				 <ele>12</ele>
			 </trkpt>
			 <trkpt lat="45.365446" lon="11.743434">
				 <ele>12</ele>
			 </trkpt>
			 <trkpt lat="45.365419" lon="11.743474">
				 <ele>12</ele>
			 </trkpt>
			 <trkpt lat="45.365282" lon="11.743678">
				 <ele>12</ele>
			 </trkpt>
			 <trkpt lat="45.36523" lon="11.743759">
				 <ele>12</ele>
			 </trkpt>
			 <trkpt lat="45.365159" lon="11.743872">
				 <ele>12</ele>
			 </trkpt>
			 <trkpt lat="45.365144" lon="11.743954">
				 <ele>12</ele>
			 </trkpt>
			 <trkpt lat="45.365098" lon="11.74422">
				 <ele>12</ele>
			 </trkpt>
			 <trkpt lat="45.36509" lon="11.744278">
				 <ele>12</ele>
			 </trkpt>
			 <trkpt lat="45.365071" lon="11.744572">
				 <ele>12</ele>
			 </trkpt>
			 <trkpt lat="45.365068" lon="11.744732">
				 <ele>12</ele>
			 </trkpt>
			 <trkpt lat="45.365074" lon="11.744903">
				 <ele>12</ele>
			 </trkpt>
			 <trkpt lat="45.365069" lon="11.745078">
				 <ele>12</ele>
			 </trkpt>
			 <trkpt lat="45.365072" lon="11.745366">
				 <ele>12</ele>
			 </trkpt>
			 <trkpt lat="45.365065" lon="11.745479">
				 <ele>12</ele>
			 </trkpt>
			 <trkpt lat="45.365036" lon="11.745762">
				 <ele>12</ele>
			 </trkpt>
			 <trkpt lat="45.365023" lon="11.745876">
				 <ele>12</ele>
			 </trkpt>
			 <trkpt lat="45.365018" lon="11.745933">
				 <ele>12</ele>
			 </trkpt>
			 <trkpt lat="45.364991" lon="11.746213">
				 <ele>12</ele>
			 </trkpt>
			 <trkpt lat="45.364975" lon="11.746485">
				 <ele>12</ele>
			 </trkpt>
			 <trkpt lat="45.364973" lon="11.746543">
				 <ele>11</ele>
			 </trkpt>
			 <trkpt lat="45.364972" lon="11.74683">
				 <ele>12</ele>
			 </trkpt>
			 <trkpt lat="45.364978" lon="11.746994">
				 <ele>12</ele>
			 </trkpt>
			 <trkpt lat="45.364982" lon="11.7471">
				 <ele>12</ele>
			 </trkpt>
			 <trkpt lat="45.364988" lon="11.747378">
				 <ele>12</ele>
			 </trkpt>
			 <trkpt lat="45.364993" lon="11.747549">
				 <ele>12</ele>
			 </trkpt>
			 <trkpt lat="45.365001" lon="11.747835">
				 <ele>11</ele>
			 </trkpt>
			 <trkpt lat="45.365017" lon="11.748127">
				 <ele>12</ele>
			 </trkpt>
			 <trkpt lat="45.365022" lon="11.748242">
				 <ele>12</ele>
			 </trkpt>
			 <trkpt lat="45.365029" lon="11.748354">
				 <ele>12</ele>
			 </trkpt>
			 <trkpt lat="45.365051" lon="11.748632">
				 <ele>12</ele>
			 </trkpt>
			 <trkpt lat="45.365062" lon="11.748685">
				 <ele>12</ele>
			 </trkpt>
			 <trkpt lat="45.365059" lon="11.748968">
				 <ele>12</ele>
			 </trkpt>
			 <trkpt lat="45.365053" lon="11.749025">
				 <ele>12</ele>
			 </trkpt>
			 <trkpt lat="45.365056" lon="11.749308">
				 <ele>11</ele>
			 </trkpt>
			 <trkpt lat="45.365064" lon="11.749417">
				 <ele>11</ele>
			 </trkpt>
			 <trkpt lat="45.365065" lon="11.749472">
				 <ele>11</ele>
			 </trkpt>
			 <trkpt lat="45.365094" lon="11.749757">
				 <ele>11</ele>
			 </trkpt>
			 <trkpt lat="45.365127" lon="11.749863">
				 <ele>11</ele>
			 </trkpt>
			 <trkpt lat="45.36521" lon="11.75011">
				 <ele>11</ele>
			 </trkpt>
			 <trkpt lat="45.36525" lon="11.750207">
				 <ele>11</ele>
			 </trkpt>
			 <trkpt lat="45.36535" lon="11.750448">
				 <ele>12</ele>
			 </trkpt>
			 <trkpt lat="45.365401" lon="11.750525">
				 <ele>12</ele>
			 </trkpt>
			 <trkpt lat="45.365542" lon="11.750697">
				 <ele>12</ele>
			 </trkpt>
			 <trkpt lat="45.365638" lon="11.750793">
				 <ele>12</ele>
			 </trkpt>
			 <trkpt lat="45.365797" lon="11.750942">
				 <ele>13</ele>
			 </trkpt>
			 <trkpt lat="45.36586" lon="11.750999">
				 <ele>13</ele>
			 </trkpt>
			 <trkpt lat="45.365992" lon="11.751116">
				 <ele>13</ele>
			 </trkpt>
			 <trkpt lat="45.366166" lon="11.751253">
				 <ele>13</ele>
			 </trkpt>
			 <trkpt lat="45.3662" lon="11.751281">
				 <ele>13</ele>
			 </trkpt>
			 <trkpt lat="45.366349" lon="11.751458">
				 <ele>13</ele>
			 </trkpt>
			 <trkpt lat="45.366403" lon="11.751554">
				 <ele>14</ele>
			 </trkpt>
			 <trkpt lat="45.366492" lon="11.751819">
				 <ele>14</ele>
			 </trkpt>
			 <trkpt lat="45.366505" lon="11.751876">
				 <ele>14</ele>
			 </trkpt>
			 <trkpt lat="45.366517" lon="11.752051">
				 <ele>15</ele>
			 </trkpt>
			 <trkpt lat="45.366527" lon="11.752166">
				 <ele>15</ele>
			 </trkpt>
			 <trkpt lat="45.366538" lon="11.752448">
				 <ele>15</ele>
			 </trkpt>
			 <trkpt lat="45.36654" lon="11.752505">
				 <ele>16</ele>
			 </trkpt>
			 <trkpt lat="45.366543" lon="11.752616">
				 <ele>16</ele>
			 </trkpt>
			 <trkpt lat="45.366556" lon="11.752886">
				 <ele>16</ele>
			 </trkpt>
			 <trkpt lat="45.366534" lon="11.753165">
				 <ele>16</ele>
			 </trkpt>
			 <trkpt lat="45.366523" lon="11.753447">
				 <ele>16</ele>
			 </trkpt>
			 <trkpt lat="45.366512" lon="11.753614">
				 <ele>16</ele>
			 </trkpt>
			 <trkpt lat="45.366501" lon="11.753824">
				 <ele>16</ele>
			 </trkpt>
			 <trkpt lat="45.366477" lon="11.75411">
				 <ele>15</ele>
			 </trkpt>
			 <trkpt lat="45.36645" lon="11.754391">
				 <ele>15</ele>
			 </trkpt>
			 <trkpt lat="45.366426" lon="11.754681">
				 <ele>15</ele>
			 </trkpt>
			 <trkpt lat="45.366415" lon="11.754794">
				 <ele>15</ele>
			 </trkpt>
			 <trkpt lat="45.366395" lon="11.754961">
				 <ele>15</ele>
			 </trkpt>
			 <trkpt lat="45.366357" lon="11.755244">
				 <ele>15</ele>
			 </trkpt>
			 <trkpt lat="45.366347" lon="11.7553">
				 <ele>14</ele>
			 </trkpt>
			 <trkpt lat="45.366324" lon="11.755468">
				 <ele>14</ele>
			 </trkpt>
			 <trkpt lat="45.366291" lon="11.755685">
				 <ele>14</ele>
			 </trkpt>
			 <trkpt lat="45.366258" lon="11.755964">
				 <ele>14</ele>
			 </trkpt>
			 <trkpt lat="45.366244" lon="11.75613">
				 <ele>14</ele>
			 </trkpt>
			 <trkpt lat="45.366231" lon="11.756392">
				 <ele>14</ele>
			 </trkpt>
			 <trkpt lat="45.366225" lon="11.756551">
				 <ele>14</ele>
			 </trkpt>
			 <trkpt lat="45.366219" lon="11.756664">
				 <ele>14</ele>
			 </trkpt>
			 <trkpt lat="45.366225" lon="11.756944">
				 <ele>13</ele>
			 </trkpt>
			 <trkpt lat="45.366248" lon="11.757229">
				 <ele>13</ele>
			 </trkpt>
			 <trkpt lat="45.366277" lon="11.757397">
				 <ele>13</ele>
			 </trkpt>
			 <trkpt lat="45.366328" lon="11.757669">
				 <ele>13</ele>
			 </trkpt>
			 <trkpt lat="45.366363" lon="11.757838">
				 <ele>13</ele>
			 </trkpt>
			 <trkpt lat="45.366412" lon="11.758118">
				 <ele>14</ele>
			 </trkpt>
			 <trkpt lat="45.366427" lon="11.758229">
				 <ele>14</ele>
			 </trkpt>
			 <trkpt lat="45.366435" lon="11.758281">
				 <ele>13</ele>
			 </trkpt>
			 <trkpt lat="45.366429" lon="11.758558">
				 <ele>13</ele>
			 </trkpt>
			 <trkpt lat="45.366425" lon="11.75884">
				 <ele>14</ele>
			 </trkpt>
			 <trkpt lat="45.366384" lon="11.75913">
				 <ele>13</ele>
			 </trkpt>
			 <trkpt lat="45.366373" lon="11.759188">
				 <ele>13</ele>
			 </trkpt>
			 <trkpt lat="45.366354" lon="11.759475">
				 <ele>13</ele>
			 </trkpt>
			 <trkpt lat="45.366347" lon="11.759525">
				 <ele>13</ele>
			 </trkpt>
			 <trkpt lat="45.366317" lon="11.759794">
				 <ele>13</ele>
			 </trkpt>
			 <trkpt lat="45.366308" lon="11.759847">
				 <ele>13</ele>
			 </trkpt>
			 <trkpt lat="45.366298" lon="11.759898">
				 <ele>13</ele>
			 </trkpt>
			 <trkpt lat="45.366262" lon="11.760062">
				 <ele>13</ele>
			 </trkpt>
			 <trkpt lat="45.366229" lon="11.760291">
				 <ele>12</ele>
			 </trkpt>
			 <trkpt lat="45.366206" lon="11.760582">
				 <ele>12</ele>
			 </trkpt>
			 <trkpt lat="45.366206" lon="11.760747">
				 <ele>12</ele>
			 </trkpt>
			 <trkpt lat="45.366178" lon="11.760963">
				 <ele>12</ele>
			 </trkpt>
			 <trkpt lat="45.366159" lon="11.76107">
				 <ele>12</ele>
			 </trkpt>
			 <trkpt lat="45.366125" lon="11.761344">
				 <ele>12</ele>
			 </trkpt>
			 <trkpt lat="45.366119" lon="11.761399">
				 <ele>12</ele>
			 </trkpt>
			 <trkpt lat="45.366105" lon="11.761679">
				 <ele>12</ele>
			 </trkpt>
			 <trkpt lat="45.366077" lon="11.761783">
				 <ele>12</ele>
			 </trkpt>
			 <trkpt lat="45.366034" lon="11.762057">
				 <ele>12</ele>
			 </trkpt>
			 <trkpt lat="45.366009" lon="11.762225">
				 <ele>12</ele>
			 </trkpt>
			 <trkpt lat="45.365965" lon="11.762381">
				 <ele>12</ele>
			 </trkpt>
			 <trkpt lat="45.365939" lon="11.762609">
				 <ele>12</ele>
			 </trkpt>
			 <trkpt lat="45.365913" lon="11.762844">
				 <ele>12</ele>
			 </trkpt>
			 <trkpt lat="45.365888" lon="11.763073">
				 <ele>12</ele>
			 </trkpt>
			 <trkpt lat="45.365862" lon="11.763352">
				 <ele>12</ele>
			 </trkpt>
			 <trkpt lat="45.365836" lon="11.76352">
				 <ele>12</ele>
			 </trkpt>
			 <trkpt lat="45.365801" lon="11.763789">
				 <ele>12</ele>
			 </trkpt>
			 <trkpt lat="45.365782" lon="11.763957">
				 <ele>12</ele>
			 </trkpt>
			 <trkpt lat="45.365745" lon="11.764245">
				 <ele>12</ele>
			 </trkpt>
			 <trkpt lat="45.365718" lon="11.764473">
				 <ele>12</ele>
			 </trkpt>
			 <trkpt lat="45.365701" lon="11.764753">
				 <ele>12</ele>
			 </trkpt>
			 <trkpt lat="45.365694" lon="11.764868">
				 <ele>12</ele>
			 </trkpt>
			 <trkpt lat="45.365678" lon="11.765138">
				 <ele>12</ele>
			 </trkpt>
			 <trkpt lat="45.365666" lon="11.765301">
				 <ele>12</ele>
			 </trkpt>
			 <trkpt lat="45.365635" lon="11.76558">
				 <ele>12</ele>
			 </trkpt>
			 <trkpt lat="45.365621" lon="11.765694">
				 <ele>12</ele>
			 </trkpt>
			 <trkpt lat="45.365603" lon="11.765971">
				 <ele>12</ele>
			 </trkpt>
			 <trkpt lat="45.365594" lon="11.766026">
				 <ele>12</ele>
			 </trkpt>
			 <trkpt lat="45.365578" lon="11.766194">
				 <ele>12</ele>
			 </trkpt>
			 <trkpt lat="45.365538" lon="11.766474">
				 <ele>11</ele>
			 </trkpt>
			 <trkpt lat="45.365532" lon="11.766532">
				 <ele>11</ele>
			 </trkpt>
			 <trkpt lat="45.365502" lon="11.76681">
				 <ele>11</ele>
			 </trkpt>
			 <trkpt lat="45.365486" lon="11.766975">
				 <ele>11</ele>
			 </trkpt>
			 <trkpt lat="45.365483" lon="11.767028">
				 <ele>10</ele>
			 </trkpt>
			 <trkpt lat="45.365448" lon="11.767316">
				 <ele>11</ele>
			 </trkpt>
			 <trkpt lat="45.365418" lon="11.767596">
				 <ele>11</ele>
			 </trkpt>
			 <trkpt lat="45.36541" lon="11.767655">
				 <ele>11</ele>
			 </trkpt>
			 <trkpt lat="45.365387" lon="11.767874">
				 <ele>11</ele>
			 </trkpt>
			 <trkpt lat="45.365368" lon="11.768151">
				 <ele>12</ele>
			 </trkpt>
			 <trkpt lat="45.365358" lon="11.768261">
				 <ele>12</ele>
			 </trkpt>
			 <trkpt lat="45.365331" lon="11.768527">
				 <ele>12</ele>
			 </trkpt>
			 <trkpt lat="45.365291" lon="11.768803">
				 <ele>12</ele>
			 </trkpt>
			 <trkpt lat="45.36526" lon="11.768972">
				 <ele>12</ele>
			 </trkpt>
			 <trkpt lat="45.365223" lon="11.769241">
				 <ele>12</ele>
			 </trkpt>
			 <trkpt lat="45.365189" lon="11.769458">
				 <ele>12</ele>
			 </trkpt>
			 <trkpt lat="45.365146" lon="11.769722">
				 <ele>12</ele>
			 </trkpt>
			 <trkpt lat="45.365116" lon="11.769883">
				 <ele>13</ele>
			 </trkpt>
			 <trkpt lat="45.365106" lon="11.769935">
				 <ele>13</ele>
			 </trkpt>
			 <trkpt lat="45.365042" lon="11.770189">
				 <ele>13</ele>
			 </trkpt>
			 <trkpt lat="45.364978" lon="11.770456">
				 <ele>12</ele>
			 </trkpt>
			 <trkpt lat="45.364899" lon="11.770714">
				 <ele>12</ele>
			 </trkpt>
			 <trkpt lat="45.364819" lon="11.770973">
				 <ele>12</ele>
			 </trkpt>
			 <trkpt lat="45.364809" lon="11.771024">
				 <ele>12</ele>
			 </trkpt>
			 <trkpt lat="45.364741" lon="11.77128">
				 <ele>12</ele>
			 </trkpt>
			 <trkpt lat="45.364684" lon="11.771489">
				 <ele>12</ele>
			 </trkpt>
			 <trkpt lat="45.364606" lon="11.77174">
				 <ele>12</ele>
			 </trkpt>
			 <trkpt lat="45.36455" lon="11.771936">
				 <ele>12</ele>
			 </trkpt>
			 <trkpt lat="45.364503" lon="11.772141">
				 <ele>12</ele>
			 </trkpt>
			 <trkpt lat="45.364463" lon="11.772354">
				 <ele>11</ele>
			 </trkpt>
			 <trkpt lat="45.3644" lon="11.772606">
				 <ele>12</ele>
			 </trkpt>
			 <trkpt lat="45.364371" lon="11.772704">
				 <ele>12</ele>
			 </trkpt>
			 <trkpt lat="45.364334" lon="11.772854">
				 <ele>12</ele>
			 </trkpt>
			 <trkpt lat="45.364265" lon="11.773052">
				 <ele>12</ele>
			 </trkpt>
			 <trkpt lat="45.364181" lon="11.773293">
				 <ele>12</ele>
			 </trkpt>
			 <trkpt lat="45.364119" lon="11.773501">
				 <ele>12</ele>
			 </trkpt>
			 <trkpt lat="45.364039" lon="11.773763">
				 <ele>12</ele>
			 </trkpt>
			 <trkpt lat="45.363991" lon="11.773915">
				 <ele>11</ele>
			 </trkpt>
			 <trkpt lat="45.363916" lon="11.774174">
				 <ele>11</ele>
			 </trkpt>
			 <trkpt lat="45.363865" lon="11.774392">
				 <ele>11</ele>
			 </trkpt>
			 <trkpt lat="45.363798" lon="11.774648">
				 <ele>12</ele>
			 </trkpt>
			 <trkpt lat="45.363753" lon="11.7748">
				 <ele>11</ele>
			 </trkpt>
			 <trkpt lat="45.363685" lon="11.775063">
				 <ele>12</ele>
			 </trkpt>
			 <trkpt lat="45.363644" lon="11.775227">
				 <ele>12</ele>
			 </trkpt>
			 <trkpt lat="45.363574" lon="11.775498">
				 <ele>12</ele>
			 </trkpt>
			 <trkpt lat="45.363508" lon="11.775768">
				 <ele>12</ele>
			 </trkpt>
			 <trkpt lat="45.363447" lon="11.776024">
				 <ele>12</ele>
			 </trkpt>
			 <trkpt lat="45.363404" lon="11.776187">
				 <ele>12</ele>
			 </trkpt>
			 <trkpt lat="45.363347" lon="11.776444">
				 <ele>12</ele>
			 </trkpt>
			 <trkpt lat="45.363307" lon="11.776601">
				 <ele>12</ele>
			 </trkpt>
			 <trkpt lat="45.363263" lon="11.776763">
				 <ele>12</ele>
			 </trkpt>
			 <trkpt lat="45.363194" lon="11.777031">
				 <ele>11</ele>
			 </trkpt>
			 <trkpt lat="45.363138" lon="11.77724">
				 <ele>11</ele>
			 </trkpt>
			 <trkpt lat="45.363072" lon="11.777506">
				 <ele>12</ele>
			 </trkpt>
			 <trkpt lat="45.363034" lon="11.777664">
				 <ele>12</ele>
			 </trkpt>
			 <trkpt lat="45.362974" lon="11.777929">
				 <ele>12</ele>
			 </trkpt>
			 <trkpt lat="45.362912" lon="11.778193">
				 <ele>12</ele>
			 </trkpt>
			 <trkpt lat="45.362903" lon="11.778252">
				 <ele>12</ele>
			 </trkpt>
			 <trkpt lat="45.362892" lon="11.77831">
				 <ele>12</ele>
			 </trkpt>
			 <trkpt lat="45.362824" lon="11.778591">
				 <ele>12</ele>
			 </trkpt>
			 <trkpt lat="45.362796" lon="11.778755">
				 <ele>12</ele>
			 </trkpt>
			 <trkpt lat="45.362743" lon="11.779026">
				 <ele>12</ele>
			 </trkpt>
			 <trkpt lat="45.362701" lon="11.779188">
				 <ele>11</ele>
			 </trkpt>
			 <trkpt lat="45.362635" lon="11.779459">
				 <ele>12</ele>
			 </trkpt>
			 <trkpt lat="45.36261" lon="11.779621">
				 <ele>12</ele>
			 </trkpt>
			 <trkpt lat="45.362566" lon="11.779896">
				 <ele>11</ele>
			 </trkpt>
			 <trkpt lat="45.362545" lon="11.780004">
				 <ele>11</ele>
			 </trkpt>
			 <trkpt lat="45.362489" lon="11.780255">
				 <ele>12</ele>
			 </trkpt>
			 <trkpt lat="45.362461" lon="11.780357">
				 <ele>12</ele>
			 </trkpt>
			 <trkpt lat="45.362394" lon="11.78063">
				 <ele>11</ele>
			 </trkpt>
			 <trkpt lat="45.362362" lon="11.78079">
				 <ele>11</ele>
			 </trkpt>
			 <trkpt lat="45.362277" lon="11.781029">
				 <ele>11</ele>
			 </trkpt>
			 <trkpt lat="45.362254" lon="11.781072">
				 <ele>11</ele>
			 </trkpt>
			 <trkpt lat="45.362095" lon="11.781261">
				 <ele>12</ele>
			 </trkpt>
			 <trkpt lat="45.362056" lon="11.781269">
				 <ele>12</ele>
			 </trkpt>
			 <trkpt lat="45.361979" lon="11.781237">
				 <ele>12</ele>
			 </trkpt>
			 <trkpt lat="45.36182" lon="11.781069">
				 <ele>11</ele>
			 </trkpt>
			 <trkpt lat="45.36166" lon="11.780884">
				 <ele>11</ele>
			 </trkpt>
			 <trkpt lat="45.361629" lon="11.780832">
				 <ele>11</ele>
			 </trkpt>
			 <trkpt lat="45.361484" lon="11.78062">
				 <ele>11</ele>
			 </trkpt>
			 <trkpt lat="45.361395" lon="11.780498">
				 <ele>11</ele>
			 </trkpt>
			 <trkpt lat="45.361278" lon="11.780341">
				 <ele>12</ele>
			 </trkpt>
			 <trkpt lat="45.36113" lon="11.78015">
				 <ele>11</ele>
			 </trkpt>
			 <trkpt lat="45.360978" lon="11.779978">
				 <ele>12</ele>
			 </trkpt>
			 <trkpt lat="45.360916" lon="11.779903">
				 <ele>11</ele>
			 </trkpt>
			 <trkpt lat="45.360777" lon="11.779725">
				 <ele>11</ele>
			 </trkpt>
			 <trkpt lat="45.36069" lon="11.779617">
				 <ele>11</ele>
			 </trkpt>
			 <trkpt lat="45.360536" lon="11.779447">
				 <ele>11</ele>
			 </trkpt>
			 <trkpt lat="45.360445" lon="11.779345">
				 <ele>11</ele>
			 </trkpt>
			 <trkpt lat="45.360296" lon="11.779161">
				 <ele>11</ele>
			 </trkpt>
			 <trkpt lat="45.360238" lon="11.779084">
				 <ele>11</ele>
			 </trkpt>
			 <trkpt lat="45.360117" lon="11.778924">
				 <ele>11</ele>
			 </trkpt>
			 <trkpt lat="45.35997" lon="11.778738">
				 <ele>11</ele>
			 </trkpt>
			 <trkpt lat="45.359852" lon="11.778587">
				 <ele>11</ele>
			 </trkpt>
			 <trkpt lat="45.359713" lon="11.778386">
				 <ele>11</ele>
			 </trkpt>
			 <trkpt lat="45.359683" lon="11.778347">
				 <ele>11</ele>
			 </trkpt>
			 <trkpt lat="45.359532" lon="11.778162">
				 <ele>11</ele>
			 </trkpt>
			 <trkpt lat="45.359501" lon="11.778126">
				 <ele>11</ele>
			 </trkpt>
			 <trkpt lat="45.359364" lon="11.777921">
				 <ele>11</ele>
			 </trkpt>
			 <trkpt lat="45.359307" lon="11.777842">
				 <ele>11</ele>
			 </trkpt>
			 <trkpt lat="45.359158" lon="11.777648">
				 <ele>10</ele>
			 </trkpt>
			 <trkpt lat="45.359099" lon="11.777568">
				 <ele>10</ele>
			 </trkpt>
			 <trkpt lat="45.358958" lon="11.777381">
				 <ele>10</ele>
			 </trkpt>
			 <trkpt lat="45.358844" lon="11.777227">
				 <ele>10</ele>
			 </trkpt>
			 <trkpt lat="45.3587" lon="11.777038">
				 <ele>10</ele>
			 </trkpt>
			 <trkpt lat="45.358579" lon="11.77689">
				 <ele>10</ele>
			 </trkpt>
			 <trkpt lat="45.358433" lon="11.776705">
				 <ele>10</ele>
			 </trkpt>
			 <trkpt lat="45.358283" lon="11.776513">
				 <ele>9</ele>
			 </trkpt>
			 <trkpt lat="45.358252" lon="11.776476">
				 <ele>9</ele>
			 </trkpt>
			 <trkpt lat="45.358098" lon="11.776296">
				 <ele>9</ele>
			 </trkpt>
			 <trkpt lat="45.358004" lon="11.77619">
				 <ele>9</ele>
			 </trkpt>
			 <trkpt lat="45.357848" lon="11.776019">
				 <ele>9</ele>
			 </trkpt>
			 <trkpt lat="45.357787" lon="11.775954">
				 <ele>9</ele>
			 </trkpt>
			 <trkpt lat="45.357638" lon="11.775788">
				 <ele>9</ele>
			 </trkpt>
			 <trkpt lat="45.357579" lon="11.77572">
				 <ele>9</ele>
			 </trkpt>
			 <trkpt lat="45.357431" lon="11.775554">
				 <ele>9</ele>
			 </trkpt>
			 <trkpt lat="45.357372" lon="11.775492">
				 <ele>9</ele>
			 </trkpt>
			 <trkpt lat="45.357216" lon="11.775341">
				 <ele>9</ele>
			 </trkpt>
			 <trkpt lat="45.357084" lon="11.775225">
				 <ele>9</ele>
			 </trkpt>
			 <trkpt lat="45.356951" lon="11.7751">
				 <ele>9</ele>
			 </trkpt>
			 <trkpt lat="45.35682" lon="11.774979">
				 <ele>9</ele>
			 </trkpt>
			 <trkpt lat="45.356659" lon="11.77483">
				 <ele>8</ele>
			 </trkpt>
			 <trkpt lat="45.356627" lon="11.774799">
				 <ele>8</ele>
			 </trkpt>
			 <trkpt lat="45.356465" lon="11.774648">
				 <ele>8</ele>
			 </trkpt>
			 <trkpt lat="45.356364" lon="11.774563">
				 <ele>8</ele>
			 </trkpt>
			 <trkpt lat="45.356193" lon="11.774417">
				 <ele>8</ele>
			 </trkpt>
			 <trkpt lat="45.35616" lon="11.774392">
				 <ele>8</ele>
			 </trkpt>
			 <trkpt lat="45.355993" lon="11.774261">
				 <ele>8</ele>
			 </trkpt>
			 <trkpt lat="45.355892" lon="11.774179">
				 <ele>8</ele>
			 </trkpt>
			 <trkpt lat="45.355723" lon="11.774063">
				 <ele>8</ele>
			 </trkpt>
			 <trkpt lat="45.355613" lon="11.773993">
				 <ele>8</ele>
			 </trkpt>
			 <trkpt lat="45.355432" lon="11.773873">
				 <ele>8</ele>
			 </trkpt>
			 <trkpt lat="45.355367" lon="11.773823">
				 <ele>8</ele>
			 </trkpt>
			 <trkpt lat="45.355295" lon="11.773772">
				 <ele>7</ele>
			 </trkpt>
			 <trkpt lat="45.355116" lon="11.773646">
				 <ele>7</ele>
			 </trkpt>
			 <trkpt lat="45.35501" lon="11.773587">
				 <ele>7</ele>
			 </trkpt>
			 <trkpt lat="45.354829" lon="11.773507">
				 <ele>7</ele>
			 </trkpt>
			 <trkpt lat="45.35475" lon="11.773512">
				 <ele>7</ele>
			 </trkpt>
			 <trkpt lat="45.354624" lon="11.773636">
				 <ele>7</ele>
			 </trkpt>
			 <trkpt lat="45.35455" lon="11.773894">
				 <ele>7</ele>
			 </trkpt>
			 <trkpt lat="45.3545" lon="11.774163">
				 <ele>7</ele>
			 </trkpt>
			 <trkpt lat="45.354448" lon="11.774433">
				 <ele>7</ele>
			 </trkpt>
			 <trkpt lat="45.354404" lon="11.774683">
				 <ele>7</ele>
			 </trkpt>
			 <trkpt lat="45.354385" lon="11.774844">
				 <ele>7</ele>
			 </trkpt>
			 <trkpt lat="45.354337" lon="11.775109">
				 <ele>8</ele>
			 </trkpt>
			 <trkpt lat="45.354309" lon="11.775269">
				 <ele>8</ele>
			 </trkpt>
			 <trkpt lat="45.354243" lon="11.775544">
				 <ele>8</ele>
			 </trkpt>
			 <trkpt lat="45.354211" lon="11.775652">
				 <ele>8</ele>
			 </trkpt>
			 <trkpt lat="45.354162" lon="11.775916">
				 <ele>8</ele>
			 </trkpt>
			 <trkpt lat="45.35412" lon="11.776116">
				 <ele>8</ele>
			 </trkpt>
			 <trkpt lat="45.354078" lon="11.77626">
				 <ele>8</ele>
			 </trkpt>
			 <trkpt lat="45.353993" lon="11.776528">
				 <ele>8</ele>
			 </trkpt>
			 <trkpt lat="45.353829" lon="11.776666">
				 <ele>8</ele>
			 </trkpt>
			 <trkpt lat="45.353622" lon="11.776666">
				 <ele>8</ele>
			 </trkpt>
			 <trkpt lat="45.353423" lon="11.776612">
				 <ele>8</ele>
			 </trkpt>
			 <trkpt lat="45.353263" lon="11.776568">
				 <ele>8</ele>
			 </trkpt>
			 <trkpt lat="45.35306" lon="11.776505">
				 <ele>7</ele>
			 </trkpt>
			 <trkpt lat="45.352869" lon="11.776439">
				 <ele>8</ele>
			 </trkpt>
			 <trkpt lat="45.352676" lon="11.77639">
				 <ele>8</ele>
			 </trkpt>
			 <trkpt lat="45.352635" lon="11.77638">
				 <ele>8</ele>
			 </trkpt>
			 <trkpt lat="45.352435" lon="11.776364">
				 <ele>8</ele>
			 </trkpt>
			 <trkpt lat="45.352318" lon="11.776373">
				 <ele>8</ele>
			 </trkpt>
			 <trkpt lat="45.352129" lon="11.776382">
				 <ele>8</ele>
			 </trkpt>
			 <trkpt lat="45.352055" lon="11.776416">
				 <ele>7</ele>
			 </trkpt>
			 <trkpt lat="45.35189" lon="11.776533">
				 <ele>7</ele>
			 </trkpt>
			 <trkpt lat="45.351847" lon="11.776627">
				 <ele>7</ele>
			 </trkpt>
			 <trkpt lat="45.351843" lon="11.77691">
				 <ele>7</ele>
			 </trkpt>
			 <trkpt lat="45.351897" lon="11.777177">
				 <ele>7</ele>
			 </trkpt>
			 <trkpt lat="45.351917" lon="11.777344">
				 <ele>7</ele>
			 </trkpt>
			 <trkpt lat="45.351981" lon="11.777598">
				 <ele>8</ele>
			 </trkpt>
			 <trkpt lat="45.352054" lon="11.777855">
				 <ele>8</ele>
			 </trkpt>
			 <trkpt lat="45.352075" lon="11.777966">
				 <ele>8</ele>
			 </trkpt>
			 <trkpt lat="45.352096" lon="11.778227">
				 <ele>8</ele>
			 </trkpt>
			 <trkpt lat="45.352108" lon="11.778345">
				 <ele>8</ele>
			 </trkpt>
			 <trkpt lat="45.352082" lon="11.778631">
				 <ele>8</ele>
			 </trkpt>
			 <trkpt lat="45.352069" lon="11.77879">
				 <ele>8</ele>
			 </trkpt>
			 <trkpt lat="45.352043" lon="11.77905">
				 <ele>8</ele>
			 </trkpt>
			 <trkpt lat="45.352041" lon="11.77921">
				 <ele>8</ele>
			 </trkpt>
			 <trkpt lat="45.352053" lon="11.779318">
				 <ele>8</ele>
			 </trkpt>
			 <trkpt lat="45.352103" lon="11.779526">
				 <ele>8</ele>
			 </trkpt>
			 <trkpt lat="45.3522" lon="11.779764">
				 <ele>8</ele>
			 </trkpt>
			 <trkpt lat="45.352212" lon="11.779814">
				 <ele>8</ele>
			 </trkpt>
			 <trkpt lat="45.352283" lon="11.780074">
				 <ele>7</ele>
			 </trkpt>
			 <trkpt lat="45.352318" lon="11.780174">
				 <ele>7</ele>
			 </trkpt>
			 <trkpt lat="45.352405" lon="11.780413">
				 <ele>7</ele>
			 </trkpt>
			 <trkpt lat="45.352443" lon="11.780504">
				 <ele>7</ele>
			 </trkpt>
			 <trkpt lat="45.352555" lon="11.780718">
				 <ele>7</ele>
			 </trkpt>
			 <trkpt lat="45.352601" lon="11.780807">
				 <ele>7</ele>
			 </trkpt>
			 <trkpt lat="45.352724" lon="11.781011">
				 <ele>7</ele>
			 </trkpt>
			 <trkpt lat="45.352797" lon="11.781139">
				 <ele>7</ele>
			 </trkpt>
			 <trkpt lat="45.352936" lon="11.781301">
				 <ele>7</ele>
			 </trkpt>
			 <trkpt lat="45.353116" lon="11.781409">
				 <ele>7</ele>
			 </trkpt>
			 <trkpt lat="45.353221" lon="11.781477">
				 <ele>7</ele>
			 </trkpt>
			 <trkpt lat="45.3534" lon="11.781586">
				 <ele>7</ele>
			 </trkpt>
			 <trkpt lat="45.353434" lon="11.781611">
				 <ele>7</ele>
			 </trkpt>
			 <trkpt lat="45.353601" lon="11.781742">
				 <ele>7</ele>
			 </trkpt>
			 <trkpt lat="45.353638" lon="11.781772">
				 <ele>7</ele>
			 </trkpt>
			 <trkpt lat="45.353742" lon="11.781938">
				 <ele>8</ele>
			 </trkpt>
			 <trkpt lat="45.353868" lon="11.782145">
				 <ele>8</ele>
			 </trkpt>
			 <trkpt lat="45.353928" lon="11.782225">
				 <ele>8</ele>
			 </trkpt>
			 <trkpt lat="45.353956" lon="11.782263">
				 <ele>8</ele>
			 </trkpt>
			 <trkpt lat="45.354041" lon="11.782381">
				 <ele>8</ele>
			 </trkpt>
			 <trkpt lat="45.354163" lon="11.782603">
				 <ele>9</ele>
			 </trkpt>
			 <trkpt lat="45.354191" lon="11.782641">
				 <ele>9</ele>
			 </trkpt>
			 <trkpt lat="45.354336" lon="11.782835">
				 <ele>9</ele>
			 </trkpt>
			 <trkpt lat="45.354362" lon="11.782875">
				 <ele>8</ele>
			 </trkpt>
			 <trkpt lat="45.354493" lon="11.783084">
				 <ele>8</ele>
			 </trkpt>
			 <trkpt lat="45.354543" lon="11.783162">
				 <ele>8</ele>
			 </trkpt>
			 <trkpt lat="45.354639" lon="11.783322">
				 <ele>8</ele>
			 </trkpt>
			 <trkpt lat="45.354739" lon="11.783472">
				 <ele>8</ele>
			 </trkpt>
			 <trkpt lat="45.354872" lon="11.783682">
				 <ele>8</ele>
			 </trkpt>
			 <trkpt lat="45.354947" lon="11.783801">
				 <ele>8</ele>
			 </trkpt>
			 <trkpt lat="45.355072" lon="11.784018">
				 <ele>8</ele>
			 </trkpt>
			 <trkpt lat="45.355121" lon="11.784101">
				 <ele>8</ele>
			 </trkpt>
			 <trkpt lat="45.35525" lon="11.784306">
				 <ele>8</ele>
			 </trkpt>
			 <trkpt lat="45.355371" lon="11.784534">
				 <ele>8</ele>
			 </trkpt>
			 <trkpt lat="45.355396" lon="11.784576">
				 <ele>8</ele>
			 </trkpt>
			 <trkpt lat="45.355496" lon="11.784809">
				 <ele>8</ele>
			 </trkpt>
			 <trkpt lat="45.35552" lon="11.784851">
				 <ele>9</ele>
			 </trkpt>
			 <trkpt lat="45.355662" lon="11.78505">
				 <ele>9</ele>
			 </trkpt>
			 <trkpt lat="45.355766" lon="11.785214">
				 <ele>9</ele>
			 </trkpt>
			 <trkpt lat="45.355882" lon="11.785411">
				 <ele>9</ele>
			 </trkpt>
			 <trkpt lat="45.355929" lon="11.785487">
				 <ele>10</ele>
			 </trkpt>
			 <trkpt lat="45.355974" lon="11.785565">
				 <ele>10</ele>
			 </trkpt>
			 <trkpt lat="45.356114" lon="11.785799">
				 <ele>10</ele>
			 </trkpt>
			 <trkpt lat="45.356134" lon="11.785838">
				 <ele>10</ele>
			 </trkpt>
			 <trkpt lat="45.356291" lon="11.786053">
				 <ele>10</ele>
			 </trkpt>
			 <trkpt lat="45.356347" lon="11.78612">
				 <ele>10</ele>
			 </trkpt>
			 <trkpt lat="45.356491" lon="11.786295">
				 <ele>10</ele>
			 </trkpt>
			 <trkpt lat="45.356521" lon="11.786327">
				 <ele>10</ele>
			 </trkpt>
			 <trkpt lat="45.356686" lon="11.786478">
				 <ele>10</ele>
			 </trkpt>
			 <trkpt lat="45.356712" lon="11.786507">
				 <ele>10</ele>
			 </trkpt>
			 <trkpt lat="45.356878" lon="11.786625">
				 <ele>9</ele>
			 </trkpt>
			 <trkpt lat="45.35691" lon="11.786651">
				 <ele>9</ele>
			 </trkpt>
			 <trkpt lat="45.357058" lon="11.786798">
				 <ele>10</ele>
			 </trkpt>
			 <trkpt lat="45.357181" lon="11.786911">
				 <ele>10</ele>
			 </trkpt>
			 <trkpt lat="45.357343" lon="11.787054">
				 <ele>10</ele>
			 </trkpt>
			 <trkpt lat="45.357512" lon="11.787205">
				 <ele>10</ele>
			 </trkpt>
			 <trkpt lat="45.357672" lon="11.78733">
				 <ele>9</ele>
			 </trkpt>
			 <trkpt lat="45.357805" lon="11.787444">
				 <ele>9</ele>
			 </trkpt>
			 <trkpt lat="45.35797" lon="11.787585">
				 <ele>9</ele>
			 </trkpt>
			 <trkpt lat="45.358097" lon="11.787697">
				 <ele>9</ele>
			 </trkpt>
			 <trkpt lat="45.358127" lon="11.787725">
				 <ele>9</ele>
			 </trkpt>
			 <trkpt lat="45.358281" lon="11.787859">
				 <ele>9</ele>
			 </trkpt>
			 <trkpt lat="45.358313" lon="11.787889">
				 <ele>9</ele>
			 </trkpt>
			 <trkpt lat="45.358414" lon="11.787957">
				 <ele>10</ele>
			 </trkpt>
			 <trkpt lat="45.358543" lon="11.78808">
				 <ele>10</ele>
			 </trkpt>
			 <trkpt lat="45.358693" lon="11.788246">
				 <ele>10</ele>
			 </trkpt>
			 <trkpt lat="45.358794" lon="11.788333">
				 <ele>10</ele>
			 </trkpt>
			 <trkpt lat="45.358956" lon="11.788477">
				 <ele>10</ele>
			 </trkpt>
			 <trkpt lat="45.359016" lon="11.788537">
				 <ele>10</ele>
			 </trkpt>
			 <trkpt lat="45.359179" lon="11.788678">
				 <ele>10</ele>
			 </trkpt>
			 <trkpt lat="45.35921" lon="11.788708">
				 <ele>11</ele>
			 </trkpt>
			 <trkpt lat="45.359243" lon="11.788737">
				 <ele>11</ele>
			 </trkpt>
			 <trkpt lat="45.359391" lon="11.788885">
				 <ele>11</ele>
			 </trkpt>
			 <trkpt lat="45.35942" lon="11.788917">
				 <ele>11</ele>
			 </trkpt>
			 <trkpt lat="45.359561" lon="11.78908">
				 <ele>11</ele>
			 </trkpt>
			 <trkpt lat="45.359657" lon="11.789169">
				 <ele>11</ele>
			 </trkpt>
			 <trkpt lat="45.359832" lon="11.789333">
				 <ele>11</ele>
			 </trkpt>
			 <trkpt lat="45.359867" lon="11.789366">
				 <ele>11</ele>
			 </trkpt>
			 <trkpt lat="45.360043" lon="11.789492">
				 <ele>11</ele>
			 </trkpt>
			 <trkpt lat="45.360109" lon="11.789542">
				 <ele>11</ele>
			 </trkpt>
			 <trkpt lat="45.360211" lon="11.789614">
				 <ele>10</ele>
			 </trkpt>
			 <trkpt lat="45.360346" lon="11.789716">
				 <ele>10</ele>
			 </trkpt>
			 <trkpt lat="45.360509" lon="11.789848">
				 <ele>11</ele>
			 </trkpt>
			 <trkpt lat="45.360574" lon="11.789894">
				 <ele>11</ele>
			 </trkpt>
			 <trkpt lat="45.360692" lon="11.790089">
				 <ele>11</ele>
			 </trkpt>
			 <trkpt lat="45.360676" lon="11.790352">
				 <ele>11</ele>
			 </trkpt>
			 <trkpt lat="45.360671" lon="11.790409">
				 <ele>11</ele>
			 </trkpt>
			 <trkpt lat="45.360641" lon="11.790669">
				 <ele>11</ele>
			 </trkpt>
			 <trkpt lat="45.360614" lon="11.790899">
				 <ele>11</ele>
			 </trkpt>
			 <trkpt lat="45.360531" lon="11.791184">
				 <ele>11</ele>
			 </trkpt>
			 <trkpt lat="45.360501" lon="11.791232">
				 <ele>11</ele>
			 </trkpt>
			 <trkpt lat="45.360432" lon="11.791479">
				 <ele>11</ele>
			 </trkpt>
			 <trkpt lat="45.360352" lon="11.791741">
				 <ele>11</ele>
			 </trkpt>
			 <trkpt lat="45.36028" lon="11.791973">
				 <ele>11</ele>
			 </trkpt>
			 <trkpt lat="45.360192" lon="11.792252">
				 <ele>11</ele>
			 </trkpt>
			 <trkpt lat="45.36016" lon="11.792353">
				 <ele>11</ele>
			 </trkpt>
			 <trkpt lat="45.360088" lon="11.792604">
				 <ele>11</ele>
			 </trkpt>
			 <trkpt lat="45.360043" lon="11.792752">
				 <ele>11</ele>
			 </trkpt>
			 <trkpt lat="45.359965" lon="11.792996">
				 <ele>11</ele>
			 </trkpt>
			 <trkpt lat="45.359918" lon="11.793144">
				 <ele>11</ele>
			 </trkpt>
			 <trkpt lat="45.359844" lon="11.793391">
				 <ele>10</ele>
			 </trkpt>
			 <trkpt lat="45.35982" lon="11.793489">
				 <ele>10</ele>
			 </trkpt>
			 <trkpt lat="45.359757" lon="11.793745">
				 <ele>10</ele>
			 </trkpt>
			 <trkpt lat="45.35974" lon="11.793793">
				 <ele>10</ele>
			 </trkpt>
			 <trkpt lat="45.359654" lon="11.79404">
				 <ele>11</ele>
			 </trkpt>
			 <trkpt lat="45.359549" lon="11.794294">
				 <ele>11</ele>
			 </trkpt>
			 <trkpt lat="45.359478" lon="11.794542">
				 <ele>11</ele>
			 </trkpt>
			 <trkpt lat="45.359396" lon="11.794731">
				 <ele>11</ele>
			 </trkpt>
			 <trkpt lat="45.359271" lon="11.794933">
				 <ele>10</ele>
			 </trkpt>
			 <trkpt lat="45.359246" lon="11.795016">
				 <ele>11</ele>
			 </trkpt>
			 <trkpt lat="45.359191" lon="11.79526">
				 <ele>11</ele>
			 </trkpt>
			 <trkpt lat="45.359178" lon="11.795308">
				 <ele>11</ele>
			 </trkpt>
			 <trkpt lat="45.359099" lon="11.795588">
				 <ele>11</ele>
			 </trkpt>
			 <trkpt lat="45.359052" lon="11.795831">
				 <ele>10</ele>
			 </trkpt>
			 <trkpt lat="45.35895" lon="11.796072">
				 <ele>10</ele>
			 </trkpt>
			 <trkpt lat="45.358912" lon="11.796175">
				 <ele>10</ele>
			 </trkpt>
			 <trkpt lat="45.358896" lon="11.796224">
				 <ele>10</ele>
			 </trkpt>
			 <trkpt lat="45.358885" lon="11.796275">
				 <ele>9</ele>
			 </trkpt>
			 <trkpt lat="45.358842" lon="11.796467">
				 <ele>9</ele>
			 </trkpt>
			 <trkpt lat="45.358784" lon="11.796725">
				 <ele>10</ele>
			 </trkpt>
			 <trkpt lat="45.358757" lon="11.796829">
				 <ele>10</ele>
			 </trkpt>
			 <trkpt lat="45.358682" lon="11.797074">
				 <ele>10</ele>
			 </trkpt>
			 <trkpt lat="45.358651" lon="11.797171">
				 <ele>10</ele>
			 </trkpt>
			 <trkpt lat="45.358584" lon="11.79742">
				 <ele>10</ele>
			 </trkpt>
			 <trkpt lat="45.358549" lon="11.797572">
				 <ele>10</ele>
			 </trkpt>
			 <trkpt lat="45.358474" lon="11.797814">
				 <ele>10</ele>
			 </trkpt>
			 <trkpt lat="45.358397" lon="11.798064">
				 <ele>10</ele>
			 </trkpt>
			 <trkpt lat="45.358376" lon="11.798108">
				 <ele>10</ele>
			 </trkpt>
			 <trkpt lat="45.358342" lon="11.798198">
				 <ele>10</ele>
			 </trkpt>
			 <trkpt lat="45.358252" lon="11.798425">
				 <ele>10</ele>
			 </trkpt>
			 <trkpt lat="45.358218" lon="11.798526">
				 <ele>9</ele>
			 </trkpt>
			 <trkpt lat="45.35813" lon="11.798804">
				 <ele>9</ele>
			 </trkpt>
			 <trkpt lat="45.3581" lon="11.7989">
				 <ele>9</ele>
			 </trkpt>
			 <trkpt lat="45.358021" lon="11.799144">
				 <ele>9</ele>
			 </trkpt>
			 <trkpt lat="45.35798" lon="11.799304">
				 <ele>10</ele>
			 </trkpt>
			 <trkpt lat="45.35791" lon="11.79956">
				 <ele>9</ele>
			 </trkpt>
			 <trkpt lat="45.357852" lon="11.799764">
				 <ele>9</ele>
			 </trkpt>
			 <trkpt lat="45.357768" lon="11.800007">
				 <ele>9</ele>
			 </trkpt>
			 <trkpt lat="45.357695" lon="11.800198">
				 <ele>9</ele>
			 </trkpt>
			 <trkpt lat="45.357612" lon="11.80044">
				 <ele>9</ele>
			 </trkpt>
			 <trkpt lat="45.357577" lon="11.800538">
				 <ele>9</ele>
			 </trkpt>
			 <trkpt lat="45.357506" lon="11.800796">
				 <ele>9</ele>
			 </trkpt>
			 <trkpt lat="45.357493" lon="11.800849">
				 <ele>9</ele>
			 </trkpt>
			 <trkpt lat="45.357427" lon="11.801112">
				 <ele>9</ele>
			 </trkpt>
			 <trkpt lat="45.3574" lon="11.801214">
				 <ele>9</ele>
			 </trkpt>
			 <trkpt lat="45.357341" lon="11.80147">
				 <ele>9</ele>
			 </trkpt>
			 <trkpt lat="45.357319" lon="11.801571">
				 <ele>8</ele>
			 </trkpt>
			 <trkpt lat="45.357251" lon="11.801823">
				 <ele>8</ele>
			 </trkpt>
			 <trkpt lat="45.357235" lon="11.801874">
				 <ele>8</ele>
			 </trkpt>
			 <trkpt lat="45.357201" lon="11.80198">
				 <ele>8</ele>
			 </trkpt>
			 <trkpt lat="45.357112" lon="11.802234">
				 <ele>9</ele>
			 </trkpt>
			 <trkpt lat="45.357071" lon="11.802379">
				 <ele>9</ele>
			 </trkpt>
			 <trkpt lat="45.357061" lon="11.802429">
				 <ele>9</ele>
			 </trkpt>
			 <trkpt lat="45.35699" lon="11.802673">
				 <ele>9</ele>
			 </trkpt>
			 <trkpt lat="45.356951" lon="11.802817">
				 <ele>9</ele>
			 </trkpt>
			 <trkpt lat="45.356875" lon="11.80306">
				 <ele>9</ele>
			 </trkpt>
			 <trkpt lat="45.356859" lon="11.803112">
				 <ele>9</ele>
			 </trkpt>
			 <trkpt lat="45.35679" lon="11.803377">
				 <ele>8</ele>
			 </trkpt>
			 <trkpt lat="45.356729" lon="11.803582">
				 <ele>9</ele>
			 </trkpt>
			 <trkpt lat="45.356667" lon="11.803834">
				 <ele>9</ele>
			 </trkpt>
			 <trkpt lat="45.356633" lon="11.803997">
				 <ele>9</ele>
			 </trkpt>
			 <trkpt lat="45.356566" lon="11.80425">
				 <ele>9</ele>
			 </trkpt>
			 <trkpt lat="45.35652" lon="11.804399">
				 <ele>9</ele>
			 </trkpt>
			 <trkpt lat="45.35645" lon="11.804648">
				 <ele>9</ele>
			 </trkpt>
			 <trkpt lat="45.356382" lon="11.804833">
				 <ele>9</ele>
			 </trkpt>
			 <trkpt lat="45.356301" lon="11.805067">
				 <ele>9</ele>
			 </trkpt>
			 <trkpt lat="45.356245" lon="11.805209">
				 <ele>9</ele>
			 </trkpt>
			 <trkpt lat="45.35619" lon="11.80535">
				 <ele>9</ele>
			 </trkpt>
			 <trkpt lat="45.356092" lon="11.805584">
				 <ele>9</ele>
			 </trkpt>
			 <trkpt lat="45.356039" lon="11.805729">
				 <ele>9</ele>
			 </trkpt>
			 <trkpt lat="45.355961" lon="11.805972">
				 <ele>9</ele>
			 </trkpt>
			 <trkpt lat="45.355902" lon="11.806112">
				 <ele>9</ele>
			 </trkpt>
			 <trkpt lat="45.355813" lon="11.806345">
				 <ele>9</ele>
			 </trkpt>
			 <trkpt lat="45.355744" lon="11.80653">
				 <ele>9</ele>
			 </trkpt>
			 <trkpt lat="45.355655" lon="11.806768">
				 <ele>9</ele>
			 </trkpt>
			 <trkpt lat="45.355562" lon="11.807006">
				 <ele>9</ele>
			 </trkpt>
			 <trkpt lat="45.355471" lon="11.80724">
				 <ele>8</ele>
			 </trkpt>
			 <trkpt lat="45.355441" lon="11.807333">
				 <ele>8</ele>
			 </trkpt>
			 <trkpt lat="45.355358" lon="11.807604">
				 <ele>8</ele>
			 </trkpt>
			 <trkpt lat="45.355346" lon="11.807649">
				 <ele>8</ele>
			 </trkpt>
			 <trkpt lat="45.355267" lon="11.807874">
				 <ele>8</ele>
			 </trkpt>
			 <trkpt lat="45.355215" lon="11.808028">
				 <ele>8</ele>
			 </trkpt>
			 <trkpt lat="45.355135" lon="11.808262">
				 <ele>8</ele>
			 </trkpt>
			 <trkpt lat="45.355105" lon="11.80844">
				 <ele>8</ele>
			 </trkpt>
			 <trkpt lat="45.355032" lon="11.808613">
				 <ele>7</ele>
			 </trkpt>
			 <trkpt lat="45.355007" lon="11.808652">
				 <ele>8</ele>
			 </trkpt>
			 <trkpt lat="45.354875" lon="11.808861">
				 <ele>7</ele>
			 </trkpt>
			 <trkpt lat="45.354856" lon="11.808911">
				 <ele>8</ele>
			 </trkpt>
			 <trkpt lat="45.354736" lon="11.809175">
				 <ele>7</ele>
			 </trkpt>
			 <trkpt lat="45.354665" lon="11.809372">
				 <ele>7</ele>
			 </trkpt>
			 <trkpt lat="45.354584" lon="11.80963">
				 <ele>7</ele>
			 </trkpt>
			 <trkpt lat="45.354546" lon="11.809732">
				 <ele>7</ele>
			 </trkpt>
			 <trkpt lat="45.35445" lon="11.809983">
				 <ele>7</ele>
			 </trkpt>
			 <trkpt lat="45.354404" lon="11.810085">
				 <ele>6</ele>
			 </trkpt>
			 <trkpt lat="45.35427" lon="11.810333">
				 <ele>5</ele>
			 </trkpt>
			 <trkpt lat="45.354244" lon="11.810383">
				 <ele>5</ele>
			 </trkpt>
			 <trkpt lat="45.354189" lon="11.810484">
				 <ele>4</ele>
			 </trkpt>
			 <trkpt lat="45.35411" lon="11.810641">
				 <ele>3</ele>
			 </trkpt>
			 <trkpt lat="45.354058" lon="11.810733">
				 <ele>2</ele>
			 </trkpt>
			 <trkpt lat="45.354029" lon="11.810774">
				 <ele>2</ele>
			 </trkpt>
			 <trkpt lat="45.353999" lon="11.810811">
				 <ele>2</ele>
			 </trkpt>
			 <trkpt lat="45.353941" lon="11.810897">
				 <ele>2</ele>
			 </trkpt>
			 <trkpt lat="45.353897" lon="11.810992">
				 <ele>2</ele>
			 </trkpt>
			 <trkpt lat="45.353865" lon="11.811075">
				 <ele>2</ele>
			 </trkpt>
			 <trkpt lat="45.353849" lon="11.811113">
				 <ele>2</ele>
			 </trkpt>
			 <trkpt lat="45.353826" lon="11.811152">
				 <ele>2</ele>
			 </trkpt>
			 <trkpt lat="45.353805" lon="11.811189">
				 <ele>2</ele>
			 </trkpt>
			 <trkpt lat="45.353705" lon="11.811382">
				 <ele>3</ele>
			 </trkpt>
			 <trkpt lat="45.353635" lon="11.811503">
				 <ele>4</ele>
			 </trkpt>
			 <trkpt lat="45.353615" lon="11.811546">
				 <ele>4</ele>
			 </trkpt>
			 <trkpt lat="45.35353" lon="11.811762">
				 <ele>5</ele>
			 </trkpt>
			 <trkpt lat="45.353492" lon="11.811854">
				 <ele>5</ele>
			 </trkpt>
			 <trkpt lat="45.353433" lon="11.811986">
				 <ele>6</ele>
			 </trkpt>
			 <trkpt lat="45.353322" lon="11.812219">
				 <ele>7</ele>
			 </trkpt>
			 <trkpt lat="45.353304" lon="11.812258">
				 <ele>7</ele>
			 </trkpt>
			 <trkpt lat="45.353192" lon="11.81252">
				 <ele>7</ele>
			 </trkpt>
			 <trkpt lat="45.353139" lon="11.812659">
				 <ele>7</ele>
			 </trkpt>
			 <trkpt lat="45.353047" lon="11.812881">
				 <ele>7</ele>
			 </trkpt>
			 <trkpt lat="45.353031" lon="11.812925">
				 <ele>7</ele>
			 </trkpt>
			 <trkpt lat="45.352935" lon="11.81317">
				 <ele>6</ele>
			 </trkpt>
			 <trkpt lat="45.352869" lon="11.813319">
				 <ele>6</ele>
			 </trkpt>
			 <trkpt lat="45.352779" lon="11.813546">
				 <ele>6</ele>
			 </trkpt>
			 <trkpt lat="45.35274" lon="11.813635">
				 <ele>6</ele>
			 </trkpt>
			 <trkpt lat="45.352651" lon="11.813867">
				 <ele>6</ele>
			 </trkpt>
			 <trkpt lat="45.352612" lon="11.813959">
				 <ele>6</ele>
			 </trkpt>
			 <trkpt lat="45.352527" lon="11.814197">
				 <ele>6</ele>
			 </trkpt>
			 <trkpt lat="45.352492" lon="11.814294">
				 <ele>5</ele>
			 </trkpt>
			 <trkpt lat="45.352393" lon="11.814543">
				 <ele>6</ele>
			 </trkpt>
			 <trkpt lat="45.352345" lon="11.814737">
				 <ele>5</ele>
			 </trkpt>
			 <trkpt lat="45.352263" lon="11.814971">
				 <ele>5</ele>
			 </trkpt>
			 <trkpt lat="45.352231" lon="11.815073">
				 <ele>5</ele>
			 </trkpt>
			 <trkpt lat="45.352145" lon="11.815313">
				 <ele>5</ele>
			 </trkpt>
			 <trkpt lat="45.35207" lon="11.81552">
				 <ele>5</ele>
			 </trkpt>
			 <trkpt lat="45.352051" lon="11.81557">
				 <ele>5</ele>
			 </trkpt>
			 <trkpt lat="45.351955" lon="11.815819">
				 <ele>6</ele>
			 </trkpt>
			 <trkpt lat="45.351898" lon="11.815962">
				 <ele>6</ele>
			 </trkpt>
			 <trkpt lat="45.351796" lon="11.8162">
				 <ele>5</ele>
			 </trkpt>
			 <trkpt lat="45.351752" lon="11.816289">
				 <ele>5</ele>
			 </trkpt>
			 <trkpt lat="45.351648" lon="11.816532">
				 <ele>5</ele>
			 </trkpt>
			 <trkpt lat="45.351612" lon="11.816633">
				 <ele>5</ele>
			 </trkpt>
			 <trkpt lat="45.351512" lon="11.816866">
				 <ele>5</ele>
			 </trkpt>
			 <trkpt lat="45.351395" lon="11.817085">
				 <ele>5</ele>
			 </trkpt>
			 <trkpt lat="45.351346" lon="11.81717">
				 <ele>5</ele>
			 </trkpt>
			 <trkpt lat="45.351271" lon="11.817303">
				 <ele>5</ele>
			 </trkpt>
			 <trkpt lat="45.351161" lon="11.817517">
				 <ele>5</ele>
			 </trkpt>
			 <trkpt lat="45.351138" lon="11.81756">
				 <ele>5</ele>
			 </trkpt>
			 <trkpt lat="45.351025" lon="11.817776">
				 <ele>5</ele>
			 </trkpt>
			 <trkpt lat="45.350912" lon="11.818002">
				 <ele>5</ele>
			 </trkpt>
			 <trkpt lat="45.350889" lon="11.818046">
				 <ele>5</ele>
			 </trkpt>
			 <trkpt lat="45.350774" lon="11.818265">
				 <ele>5</ele>
			 </trkpt>
			 <trkpt lat="45.350715" lon="11.818455">
				 <ele>5</ele>
			 </trkpt>
			 <trkpt lat="45.350761" lon="11.81864">
				 <ele>5</ele>
			 </trkpt>
			 <trkpt lat="45.350882" lon="11.818773">
				 <ele>5</ele>
			 </trkpt>
			 <trkpt lat="45.350969" lon="11.818851">
				 <ele>5</ele>
			 </trkpt>
			 <trkpt lat="45.351136" lon="11.818991">
				 <ele>5</ele>
			 </trkpt>
			 <trkpt lat="45.351239" lon="11.819069">
				 <ele>5</ele>
			 </trkpt>
			 <trkpt lat="45.351409" lon="11.819194">
				 <ele>6</ele>
			 </trkpt>
			 <trkpt lat="45.351574" lon="11.819322">
				 <ele>6</ele>
			 </trkpt>
			 <trkpt lat="45.351605" lon="11.819347">
				 <ele>6</ele>
			 </trkpt>
			 <trkpt lat="45.35177" lon="11.819471">
				 <ele>6</ele>
			 </trkpt>
			 <trkpt lat="45.351868" lon="11.819542">
				 <ele>6</ele>
			 </trkpt>
			 <trkpt lat="45.35205" lon="11.819684">
				 <ele>6</ele>
			 </trkpt>
			 <trkpt lat="45.352083" lon="11.819708">
				 <ele>6</ele>
			 </trkpt>
			 <trkpt lat="45.352156" lon="11.81975">
				 <ele>6</ele>
			 </trkpt>
			 <trkpt lat="45.352329" lon="11.819874">
				 <ele>6</ele>
			 </trkpt>
			 <trkpt lat="45.352398" lon="11.819933">
				 <ele>7</ele>
			 </trkpt>
			 <trkpt lat="45.352463" lon="11.819986">
				 <ele>7</ele>
			 </trkpt>
			 <trkpt lat="45.352498" lon="11.820009">
				 <ele>7</ele>
			 </trkpt>
			 <trkpt lat="45.352603" lon="11.820072">
				 <ele>7</ele>
			 </trkpt>
			 <trkpt lat="45.352777" lon="11.820176">
				 <ele>6</ele>
			 </trkpt>
			 <trkpt lat="45.352945" lon="11.820299">
				 <ele>6</ele>
			 </trkpt>
			 <trkpt lat="45.353119" lon="11.820411">
				 <ele>6</ele>
			 </trkpt>
			 <trkpt lat="45.353296" lon="11.820523">
				 <ele>6</ele>
			 </trkpt>
			 <trkpt lat="45.353436" lon="11.820617">
				 <ele>6</ele>
			 </trkpt>
			 <trkpt lat="45.353602" lon="11.820749">
				 <ele>6</ele>
			 </trkpt>
			 <trkpt lat="45.353767" lon="11.820893">
				 <ele>6</ele>
			 </trkpt>
			 <trkpt lat="45.353931" lon="11.821039">
				 <ele>7</ele>
			 </trkpt>
			 <trkpt lat="45.354057" lon="11.821142">
				 <ele>7</ele>
			 </trkpt>
			 <trkpt lat="45.354125" lon="11.821196">
				 <ele>7</ele>
			 </trkpt>
			 <trkpt lat="45.354305" lon="11.821325">
				 <ele>7</ele>
			 </trkpt>
			 <trkpt lat="45.354474" lon="11.821427">
				 <ele>7</ele>
			 </trkpt>
			 <trkpt lat="45.354656" lon="11.821533">
				 <ele>7</ele>
			 </trkpt>
			 <trkpt lat="45.354755" lon="11.821591">
				 <ele>7</ele>
			 </trkpt>
			 <trkpt lat="45.35486" lon="11.821644">
				 <ele>7</ele>
			 </trkpt>
			 <trkpt lat="45.355005" lon="11.82174">
				 <ele>7</ele>
			 </trkpt>
			 <trkpt lat="45.355157" lon="11.821826">
				 <ele>7</ele>
			 </trkpt>
			 <trkpt lat="45.355229" lon="11.821866">
				 <ele>7</ele>
			 </trkpt>
			 <trkpt lat="45.355366" lon="11.821955">
				 <ele>7</ele>
			 </trkpt>
			 <trkpt lat="45.355535" lon="11.822069">
				 <ele>7</ele>
			 </trkpt>
			 <trkpt lat="45.355702" lon="11.822185">
				 <ele>7</ele>
			 </trkpt>
			 <trkpt lat="45.355872" lon="11.822304">
				 <ele>7</ele>
			 </trkpt>
			 <trkpt lat="45.35607" lon="11.822423">
				 <ele>7</ele>
			 </trkpt>
			 <trkpt lat="45.356261" lon="11.822538">
				 <ele>7</ele>
			 </trkpt>
			 <trkpt lat="45.35644" lon="11.822645">
				 <ele>7</ele>
			 </trkpt>
			 <trkpt lat="45.356543" lon="11.822707">
				 <ele>7</ele>
			 </trkpt>
			 <trkpt lat="45.35673" lon="11.82279">
				 <ele>7</ele>
			 </trkpt>
			 <trkpt lat="45.356877" lon="11.822848">
				 <ele>7</ele>
			 </trkpt>
			 <trkpt lat="45.357056" lon="11.822924">
				 <ele>6</ele>
			 </trkpt>
			 <trkpt lat="45.357092" lon="11.822936">
				 <ele>6</ele>
			 </trkpt>
			 <trkpt lat="45.357162" lon="11.822962">
				 <ele>6</ele>
			 </trkpt>
			 <trkpt lat="45.357338" lon="11.82303">
				 <ele>6</ele>
			 </trkpt>
			 <trkpt lat="45.357514" lon="11.823097">
				 <ele>6</ele>
			 </trkpt>
			 <trkpt lat="45.357615" lon="11.823126">
				 <ele>6</ele>
			 </trkpt>
			 <trkpt lat="45.357792" lon="11.823181">
				 <ele>6</ele>
			 </trkpt>
			 <trkpt lat="45.357973" lon="11.823219">
				 <ele>6</ele>
			 </trkpt>
			 <trkpt lat="45.358004" lon="11.823219">
				 <ele>6</ele>
			 </trkpt>
			 <trkpt lat="45.358182" lon="11.823267">
				 <ele>6</ele>
			 </trkpt>
			 <trkpt lat="45.358363" lon="11.823273">
				 <ele>6</ele>
			 </trkpt>
			 <trkpt lat="45.358566" lon="11.823343">
				 <ele>6</ele>
			 </trkpt>
			 <trkpt lat="45.358673" lon="11.823364">
				 <ele>6</ele>
			 </trkpt>
			 <trkpt lat="45.358867" lon="11.823415">
				 <ele>5</ele>
			 </trkpt>
			 <trkpt lat="45.35903" lon="11.823455">
				 <ele>5</ele>
			 </trkpt>
			 <trkpt lat="45.359069" lon="11.823459">
				 <ele>6</ele>
			 </trkpt>
			 <trkpt lat="45.359264" lon="11.82349">
				 <ele>6</ele>
			 </trkpt>
			 <trkpt lat="45.359418" lon="11.82352">
				 <ele>6</ele>
			 </trkpt>
			 <trkpt lat="45.359598" lon="11.823556">
				 <ele>6</ele>
			 </trkpt>
			 <trkpt lat="45.359788" lon="11.8236">
				 <ele>6</ele>
			 </trkpt>
			 <trkpt lat="45.359982" lon="11.823625">
				 <ele>6</ele>
			 </trkpt>
			 <trkpt lat="45.360132" lon="11.823651">
				 <ele>6</ele>
			 </trkpt>
			 <trkpt lat="45.360325" lon="11.823679">
				 <ele>6</ele>
			 </trkpt>
			 <trkpt lat="45.360485" lon="11.823701">
				 <ele>6</ele>
			 </trkpt>
			 <trkpt lat="45.360586" lon="11.823723">
				 <ele>6</ele>
			 </trkpt>
			 <trkpt lat="45.360769" lon="11.823755">
				 <ele>6</ele>
			 </trkpt>
			 <trkpt lat="45.360953" lon="11.823802">
				 <ele>6</ele>
			 </trkpt>
			 <trkpt lat="45.361103" lon="11.823823">
				 <ele>6</ele>
			 </trkpt>
			 <trkpt lat="45.361287" lon="11.823854">
				 <ele>6</ele>
			 </trkpt>
			 <trkpt lat="45.3614" lon="11.823875">
				 <ele>6</ele>
			 </trkpt>
			 <trkpt lat="45.361583" lon="11.823911">
				 <ele>7</ele>
			 </trkpt>
			 <trkpt lat="45.361795" lon="11.823951">
				 <ele>7</ele>
			 </trkpt>
			 <trkpt lat="45.361986" lon="11.82399">
				 <ele>7</ele>
			 </trkpt>
			 <trkpt lat="45.362058" lon="11.824003">
				 <ele>7</ele>
			 </trkpt>
			 <trkpt lat="45.362094" lon="11.824011">
				 <ele>7</ele>
			 </trkpt>
			 <trkpt lat="45.362282" lon="11.824046">
				 <ele>7</ele>
			 </trkpt>
			 <trkpt lat="45.362317" lon="11.824053">
				 <ele>7</ele>
			 </trkpt>
			 <trkpt lat="45.362457" lon="11.824082">
				 <ele>7</ele>
			 </trkpt>
			 <trkpt lat="45.362644" lon="11.824123">
				 <ele>7</ele>
			 </trkpt>
			 <trkpt lat="45.362767" lon="11.824135">
				 <ele>7</ele>
			 </trkpt>
			 <trkpt lat="45.362956" lon="11.824171">
				 <ele>7</ele>
			 </trkpt>
			 <trkpt lat="45.363058" lon="11.824205">
				 <ele>7</ele>
			 </trkpt>
			 <trkpt lat="45.363244" lon="11.82424">
				 <ele>7</ele>
			 </trkpt>
			 <trkpt lat="45.363354" lon="11.824264">
				 <ele>7</ele>
			 </trkpt>
			 <trkpt lat="45.363547" lon="11.824296">
				 <ele>7</ele>
			 </trkpt>
			 <trkpt lat="45.363741" lon="11.824322">
				 <ele>7</ele>
			 </trkpt>
			 <trkpt lat="45.363817" lon="11.82433">
				 <ele>7</ele>
			 </trkpt>
			 <trkpt lat="45.363996" lon="11.824392">
				 <ele>7</ele>
			 </trkpt>
			 <trkpt lat="45.36411" lon="11.824401">
				 <ele>7</ele>
			 </trkpt>
			 <trkpt lat="45.36432" lon="11.824448">
				 <ele>7</ele>
			 </trkpt>
			 <trkpt lat="45.364361" lon="11.824455">
				 <ele>7</ele>
			 </trkpt>
			 <trkpt lat="45.364569" lon="11.824523">
				 <ele>7</ele>
			 </trkpt>
			 <trkpt lat="45.364596" lon="11.824534">
				 <ele>7</ele>
			 </trkpt>
			 <trkpt lat="45.364789" lon="11.824551">
				 <ele>8</ele>
			 </trkpt>
			 <trkpt lat="45.36498" lon="11.824571">
				 <ele>8</ele>
			 </trkpt>
			 <trkpt lat="45.365166" lon="11.824589">
				 <ele>8</ele>
			 </trkpt>
			 <trkpt lat="45.365334" lon="11.824625">
				 <ele>8</ele>
			 </trkpt>
			 <trkpt lat="45.365521" lon="11.824665">
				 <ele>8</ele>
			 </trkpt>
			 <trkpt lat="45.365709" lon="11.824714">
				 <ele>8</ele>
			 </trkpt>
			 <trkpt lat="45.365902" lon="11.824761">
				 <ele>8</ele>
			 </trkpt>
			 <trkpt lat="45.366094" lon="11.824798">
				 <ele>8</ele>
			 </trkpt>
			 <trkpt lat="45.366169" lon="11.82482">
				 <ele>8</ele>
			 </trkpt>
			 <trkpt lat="45.366383" lon="11.824875">
				 <ele>8</ele>
			 </trkpt>
			 <trkpt lat="45.366581" lon="11.824919">
				 <ele>8</ele>
			 </trkpt>
			 <trkpt lat="45.366734" lon="11.825076">
				 <ele>8</ele>
			 </trkpt>
			 <trkpt lat="45.366761" lon="11.825111">
				 <ele>8</ele>
			 </trkpt>
			 <trkpt lat="45.366863" lon="11.825355">
				 <ele>7</ele>
			 </trkpt>
			 <trkpt lat="45.366883" lon="11.825406">
				 <ele>7</ele>
			 </trkpt>
			 <trkpt lat="45.366937" lon="11.825687">
				 <ele>7</ele>
			 </trkpt>
			 <trkpt lat="45.366963" lon="11.825846">
				 <ele>7</ele>
			 </trkpt>
			 <trkpt lat="45.367" lon="11.826114">
				 <ele>7</ele>
			 </trkpt>
			 <trkpt lat="45.367004" lon="11.826167">
				 <ele>7</ele>
			 </trkpt>
			 <trkpt lat="45.367035" lon="11.826432">
				 <ele>7</ele>
			 </trkpt>
			 <trkpt lat="45.367085" lon="11.826692">
				 <ele>7</ele>
			 </trkpt>
			 <trkpt lat="45.367129" lon="11.826951">
				 <ele>7</ele>
			 </trkpt>
			 <trkpt lat="45.367152" lon="11.827054">
				 <ele>7</ele>
			 </trkpt>
			 <trkpt lat="45.367207" lon="11.8273">
				 <ele>7</ele>
			 </trkpt>
			 <trkpt lat="45.367242" lon="11.827446">
				 <ele>7</ele>
			 </trkpt>
			 <trkpt lat="45.367318" lon="11.827733">
				 <ele>7</ele>
			 </trkpt>
			 <trkpt lat="45.367338" lon="11.827948">
				 <ele>7</ele>
			 </trkpt>
			 <trkpt lat="45.367374" lon="11.828211">
				 <ele>7</ele>
			 </trkpt>
			 <trkpt lat="45.367384" lon="11.828327">
				 <ele>7</ele>
			 </trkpt>
			 <trkpt lat="45.367438" lon="11.828584">
				 <ele>6</ele>
			 </trkpt>
			 <trkpt lat="45.367461" lon="11.828687">
				 <ele>6</ele>
			 </trkpt>
			 <trkpt lat="45.367501" lon="11.828836">
				 <ele>6</ele>
			 </trkpt>
			 <trkpt lat="45.367529" lon="11.828939">
				 <ele>6</ele>
			 </trkpt>
			 <trkpt lat="45.367597" lon="11.829187">
				 <ele>6</ele>
			 </trkpt>
			 <trkpt lat="45.367641" lon="11.829337">
				 <ele>6</ele>
			 </trkpt>
			 <trkpt lat="45.367687" lon="11.82959">
				 <ele>6</ele>
			 </trkpt>
			 <trkpt lat="45.367706" lon="11.82969">
				 <ele>6</ele>
			 </trkpt>
			 <trkpt lat="45.367764" lon="11.829937">
				 <ele>6</ele>
			 </trkpt>
			 <trkpt lat="45.367808" lon="11.830083">
				 <ele>6</ele>
			 </trkpt>
			 <trkpt lat="45.367867" lon="11.830335">
				 <ele>6</ele>
			 </trkpt>
			 <trkpt lat="45.367899" lon="11.830546">
				 <ele>6</ele>
			 </trkpt>
			 <trkpt lat="45.36795" lon="11.830797">
				 <ele>6</ele>
			 </trkpt>
			 <trkpt lat="45.367985" lon="11.83095">
				 <ele>6</ele>
			 </trkpt>
			 <trkpt lat="45.36804" lon="11.831199">
				 <ele>6</ele>
			 </trkpt>
			 <trkpt lat="45.3681" lon="11.83145">
				 <ele>6</ele>
			 </trkpt>
			 <trkpt lat="45.368116" lon="11.831502">
				 <ele>6</ele>
			 </trkpt>
			 <trkpt lat="45.368176" lon="11.831758">
				 <ele>6</ele>
			 </trkpt>
			 <trkpt lat="45.368195" lon="11.83186">
				 <ele>6</ele>
			 </trkpt>
			 <trkpt lat="45.368252" lon="11.83211">
				 <ele>6</ele>
			 </trkpt>
			 <trkpt lat="45.368292" lon="11.83226">
				 <ele>6</ele>
			 </trkpt>
			 <trkpt lat="45.368361" lon="11.832514">
				 <ele>7</ele>
			 </trkpt>
			 <trkpt lat="45.368387" lon="11.832617">
				 <ele>7</ele>
			 </trkpt>
			 <trkpt lat="45.368424" lon="11.832869">
				 <ele>7</ele>
			 </trkpt>
			 <trkpt lat="45.368453" lon="11.832966">
				 <ele>7</ele>
			 </trkpt>
			 <trkpt lat="45.36852" lon="11.83321">
				 <ele>7</ele>
			 </trkpt>
			 <trkpt lat="45.36853" lon="11.833258">
				 <ele>7</ele>
			 </trkpt>
			 <trkpt lat="45.368593" lon="11.833501">
				 <ele>7</ele>
			 </trkpt>
			 <trkpt lat="45.368638" lon="11.833701">
				 <ele>7</ele>
			 </trkpt>
			 <trkpt lat="45.368684" lon="11.833959">
				 <ele>7</ele>
			 </trkpt>
			 <trkpt lat="45.368689" lon="11.834011">
				 <ele>7</ele>
			 </trkpt>
			 <trkpt lat="45.368736" lon="11.834269">
				 <ele>7</ele>
			 </trkpt>
			 <trkpt lat="45.368754" lon="11.834372">
				 <ele>7</ele>
			 </trkpt>
			 <trkpt lat="45.368791" lon="11.834533">
				 <ele>7</ele>
			 </trkpt>
			 <trkpt lat="45.36885" lon="11.834785">
				 <ele>8</ele>
			 </trkpt>
			 <trkpt lat="45.368906" lon="11.835034">
				 <ele>8</ele>
			 </trkpt>
			 <trkpt lat="45.368933" lon="11.835133">
				 <ele>8</ele>
			 </trkpt>
			 <trkpt lat="45.368982" lon="11.835393">
				 <ele>8</ele>
			 </trkpt>
			 <trkpt lat="45.368998" lon="11.835496">
				 <ele>8</ele>
			 </trkpt>
			 <trkpt lat="45.369039" lon="11.83564">
				 <ele>7</ele>
			 </trkpt>
			 <trkpt lat="45.369101" lon="11.835889">
				 <ele>7</ele>
			 </trkpt>
			 <trkpt lat="45.369114" lon="11.835936">
				 <ele>7</ele>
			 </trkpt>
			 <trkpt lat="45.369173" lon="11.836181">
				 <ele>7</ele>
			 </trkpt>
			 <trkpt lat="45.369183" lon="11.836229">
				 <ele>7</ele>
			 </trkpt>
			 <trkpt lat="45.369246" lon="11.83649">
				 <ele>8</ele>
			 </trkpt>
			 <trkpt lat="45.369302" lon="11.836644">
				 <ele>8</ele>
			 </trkpt>
			 <trkpt lat="45.369345" lon="11.836807">
				 <ele>8</ele>
			 </trkpt>
			 <trkpt lat="45.36937" lon="11.836912">
				 <ele>9</ele>
			 </trkpt>
			 <trkpt lat="45.369429" lon="11.837173">
				 <ele>9</ele>
			 </trkpt>
			 <trkpt lat="45.369454" lon="11.837278">
				 <ele>9</ele>
			 </trkpt>
			 <trkpt lat="45.369509" lon="11.837533">
				 <ele>9</ele>
			 </trkpt>
			 <trkpt lat="45.369534" lon="11.837634">
				 <ele>9</ele>
			 </trkpt>
			 <trkpt lat="45.369601" lon="11.837882">
				 <ele>8</ele>
			 </trkpt>
			 <trkpt lat="45.369646" lon="11.838085">
				 <ele>8</ele>
			 </trkpt>
			 <trkpt lat="45.36969" lon="11.83835">
				 <ele>8</ele>
			 </trkpt>
			 <trkpt lat="45.369699" lon="11.838403">
				 <ele>8</ele>
			 </trkpt>
			 <trkpt lat="45.369759" lon="11.838649">
				 <ele>7</ele>
			 </trkpt>
			 <trkpt lat="45.369785" lon="11.838745">
				 <ele>7</ele>
			 </trkpt>
			 <trkpt lat="45.369831" lon="11.839004">
				 <ele>7</ele>
			 </trkpt>
			 <trkpt lat="45.369843" lon="11.839109">
				 <ele>7</ele>
			 </trkpt>
			 <trkpt lat="45.369881" lon="11.839363">
				 <ele>8</ele>
			 </trkpt>
			 <trkpt lat="45.369899" lon="11.839635">
				 <ele>8</ele>
			 </trkpt>
			 <trkpt lat="45.369927" lon="11.839782">
				 <ele>8</ele>
			 </trkpt>
			 <trkpt lat="45.370011" lon="11.840064">
				 <ele>8</ele>
			 </trkpt>
			 <trkpt lat="45.370024" lon="11.840111">
				 <ele>8</ele>
			 </trkpt>
			 <trkpt lat="45.370081" lon="11.840305">
				 <ele>8</ele>
			 </trkpt>
			 <trkpt lat="45.370091" lon="11.840408">
				 <ele>8</ele>
			 </trkpt>
			 <trkpt lat="45.370149" lon="11.840634">
				 <ele>8</ele>
			 </trkpt>
			 <trkpt lat="45.370267" lon="11.840837">
				 <ele>8</ele>
			 </trkpt>
			 <trkpt lat="45.370289" lon="11.840877">
				 <ele>8</ele>
			 </trkpt>
			 <trkpt lat="45.370381" lon="11.84102">
				 <ele>7</ele>
			 </trkpt>
			 <trkpt lat="45.370396" lon="11.841065">
				 <ele>7</ele>
			 </trkpt>
			 <trkpt lat="45.370511" lon="11.841284">
				 <ele>7</ele>
			 </trkpt>
			 <trkpt lat="45.370532" lon="11.841328">
				 <ele>7</ele>
			 </trkpt>
			 <trkpt lat="45.370645" lon="11.841551">
				 <ele>7</ele>
			 </trkpt>
			 <trkpt lat="45.370695" lon="11.841628">
				 <ele>7</ele>
			 </trkpt>
			 <trkpt lat="45.370761" lon="11.841748">
				 <ele>7</ele>
			 </trkpt>
			 <trkpt lat="45.370879" lon="11.841945">
				 <ele>7</ele>
			 </trkpt>
			 <trkpt lat="45.370907" lon="11.841982">
				 <ele>7</ele>
			 </trkpt>
			 <trkpt lat="45.371035" lon="11.842167">
				 <ele>7</ele>
			 </trkpt>
			 <trkpt lat="45.371167" lon="11.842363">
				 <ele>7</ele>
			 </trkpt>
			 <trkpt lat="45.371289" lon="11.842567">
				 <ele>7</ele>
			 </trkpt>
			 <trkpt lat="45.371315" lon="11.842604">
				 <ele>7</ele>
			 </trkpt>
			 <trkpt lat="45.371435" lon="11.842801">
				 <ele>7</ele>
			 </trkpt>
			 <trkpt lat="45.371536" lon="11.84295">
				 <ele>7</ele>
			 </trkpt>
			 <trkpt lat="45.371659" lon="11.843141">
				 <ele>8</ele>
			 </trkpt>
			 <trkpt lat="45.37178" lon="11.843343">
				 <ele>8</ele>
			 </trkpt>
			 <trkpt lat="45.371922" lon="11.843538">
				 <ele>8</ele>
			 </trkpt>
			 <trkpt lat="45.372003" lon="11.843654">
				 <ele>8</ele>
			 </trkpt>
			 <trkpt lat="45.372138" lon="11.843851">
				 <ele>8</ele>
			 </trkpt>
			 <trkpt lat="45.372191" lon="11.843935">
				 <ele>8</ele>
			 </trkpt>
			 <trkpt lat="45.372322" lon="11.844124">
				 <ele>8</ele>
			 </trkpt>
			 <trkpt lat="45.372376" lon="11.844207">
				 <ele>8</ele>
			 </trkpt>
			 <trkpt lat="45.372505" lon="11.844407">
				 <ele>8</ele>
			 </trkpt>
			 <trkpt lat="45.372584" lon="11.844522">
				 <ele>8</ele>
			 </trkpt>
			 <trkpt lat="45.372719" lon="11.8447">
				 <ele>8</ele>
			 </trkpt>
			 <trkpt lat="45.372775" lon="11.844767">
				 <ele>8</ele>
			 </trkpt>
			 <trkpt lat="45.372913" lon="11.844936">
				 <ele>8</ele>
			 </trkpt>
			 <trkpt lat="45.372963" lon="11.845006">
				 <ele>8</ele>
			 </trkpt>
			 <trkpt lat="45.373008" lon="11.845076">
				 <ele>8</ele>
			 </trkpt>
			 <trkpt lat="45.373114" lon="11.845215">
				 <ele>8</ele>
			 </trkpt>
			 <trkpt lat="45.37326" lon="11.845388">
				 <ele>8</ele>
			 </trkpt>
			 <trkpt lat="45.373341" lon="11.845486">
				 <ele>8</ele>
			 </trkpt>
			 <trkpt lat="45.373484" lon="11.84567">
				 <ele>8</ele>
			 </trkpt>
			 <trkpt lat="45.373571" lon="11.845782">
				 <ele>8</ele>
			 </trkpt>
			 <trkpt lat="45.373726" lon="11.845957">
				 <ele>8</ele>
			 </trkpt>
			 <trkpt lat="45.373847" lon="11.846107">
				 <ele>9</ele>
			 </trkpt>
			 <trkpt lat="45.373907" lon="11.846182">
				 <ele>9</ele>
			 </trkpt>
			 <trkpt lat="45.374025" lon="11.846336">
				 <ele>10</ele>
			 </trkpt>
			 <trkpt lat="45.37412" lon="11.846448">
				 <ele>10</ele>
			 </trkpt>
			 <trkpt lat="45.374268" lon="11.846623">
				 <ele>10</ele>
			 </trkpt>
			 <trkpt lat="45.374324" lon="11.846692">
				 <ele>10</ele>
			 </trkpt>
			 <trkpt lat="45.374353" lon="11.846729">
				 <ele>10</ele>
			 </trkpt>
			 <trkpt lat="45.37451" lon="11.846896">
				 <ele>10</ele>
			 </trkpt>
			 <trkpt lat="45.374575" lon="11.846967">
				 <ele>10</ele>
			 </trkpt>
			 <trkpt lat="45.37474" lon="11.847116">
				 <ele>10</ele>
			 </trkpt>
			 <trkpt lat="45.374829" lon="11.847206">
				 <ele>10</ele>
			 </trkpt>
			 <trkpt lat="45.374859" lon="11.84724">
				 <ele>10</ele>
			 </trkpt>
			 <trkpt lat="45.375006" lon="11.847409">
				 <ele>11</ele>
			 </trkpt>
			 <trkpt lat="45.375085" lon="11.847513">
				 <ele>11</ele>
			 </trkpt>
			 <trkpt lat="45.375223" lon="11.847687">
				 <ele>11</ele>
			 </trkpt>
			 <trkpt lat="45.375286" lon="11.847746">
				 <ele>11</ele>
			 </trkpt>
			 <trkpt lat="45.37535" lon="11.847795">
				 <ele>11</ele>
			 </trkpt>
			 <trkpt lat="45.375473" lon="11.847908">
				 <ele>11</ele>
			 </trkpt>
			 <trkpt lat="45.375503" lon="11.847941">
				 <ele>11</ele>
			 </trkpt>
			 <trkpt lat="45.375666" lon="11.848095">
				 <ele>11</ele>
			 </trkpt>
			 <trkpt lat="45.375821" lon="11.848256">
				 <ele>11</ele>
			 </trkpt>
			 <trkpt lat="45.375885" lon="11.848321">
				 <ele>11</ele>
			 </trkpt>
			 <trkpt lat="45.37604" lon="11.848489">
				 <ele>11</ele>
			 </trkpt>
			 <trkpt lat="45.376194" lon="11.848664">
				 <ele>11</ele>
			 </trkpt>
			 <trkpt lat="45.376223" lon="11.8487">
				 <ele>11</ele>
			 </trkpt>
			 <trkpt lat="45.376372" lon="11.848868">
				 <ele>10</ele>
			 </trkpt>
			 <trkpt lat="45.376402" lon="11.848903">
				 <ele>10</ele>
			 </trkpt>
			 <trkpt lat="45.376508" lon="11.849042">
				 <ele>10</ele>
			 </trkpt>
			 <trkpt lat="45.376656" lon="11.849216">
				 <ele>11</ele>
			 </trkpt>
			 <trkpt lat="45.37672" lon="11.849283">
				 <ele>11</ele>
			 </trkpt>
			 <trkpt lat="45.376845" lon="11.849407">
				 <ele>11</ele>
			 </trkpt>
			 <trkpt lat="45.376903" lon="11.849474">
				 <ele>11</ele>
			 </trkpt>
			 <trkpt lat="45.376965" lon="11.849541">
				 <ele>11</ele>
			 </trkpt>
			 <trkpt lat="45.377055" lon="11.849646">
				 <ele>11</ele>
			 </trkpt>
			 <trkpt lat="45.377181" lon="11.849776">
				 <ele>11</ele>
			 </trkpt>
			 <trkpt lat="45.377331" lon="11.849938">
				 <ele>11</ele>
			 </trkpt>
			 <trkpt lat="45.377391" lon="11.850002">
				 <ele>11</ele>
			 </trkpt>
			 <trkpt lat="45.377534" lon="11.850166">
				 <ele>11</ele>
			 </trkpt>
			 <trkpt lat="45.377648" lon="11.850301">
				 <ele>11</ele>
			 </trkpt>
			 <trkpt lat="45.377796" lon="11.850464">
				 <ele>11</ele>
			 </trkpt>
			 <trkpt lat="45.377911" lon="11.850602">
				 <ele>11</ele>
			 </trkpt>
			 <trkpt lat="45.37797" lon="11.850672">
				 <ele>11</ele>
			 </trkpt>
			 <trkpt lat="45.378124" lon="11.850828">
				 <ele>11</ele>
			 </trkpt>
			 <trkpt lat="45.378223" lon="11.850917">
				 <ele>11</ele>
			 </trkpt>
			 <trkpt lat="45.378376" lon="11.851076">
				 <ele>11</ele>
			 </trkpt>
			 <trkpt lat="45.378429" lon="11.851139">
				 <ele>11</ele>
			 </trkpt>
			 <trkpt lat="45.378576" lon="11.851299">
				 <ele>11</ele>
			 </trkpt>
			 <trkpt lat="45.378635" lon="11.851366">
				 <ele>11</ele>
			 </trkpt>
			 <trkpt lat="45.378783" lon="11.851529">
				 <ele>11</ele>
			 </trkpt>
			 <trkpt lat="45.3789" lon="11.851651">
				 <ele>11</ele>
			 </trkpt>
			 <trkpt lat="45.378962" lon="11.851711">
				 <ele>11</ele>
			 </trkpt>
			 <trkpt lat="45.379112" lon="11.851879">
				 <ele>11</ele>
			 </trkpt>
			 <trkpt lat="45.379137" lon="11.851912">
				 <ele>11</ele>
			 </trkpt>
			 <trkpt lat="45.379288" lon="11.852063">
				 <ele>11</ele>
			 </trkpt>
			 <trkpt lat="45.379404" lon="11.852188">
				 <ele>11</ele>
			 </trkpt>
			 <trkpt lat="45.379553" lon="11.852345">
				 <ele>11</ele>
			 </trkpt>
			 <trkpt lat="45.379642" lon="11.852446">
				 <ele>11</ele>
			 </trkpt>
			 <trkpt lat="45.379787" lon="11.852607">
				 <ele>12</ele>
			 </trkpt>
			 <trkpt lat="45.37988" lon="11.852703">
				 <ele>12</ele>
			 </trkpt>
			 <trkpt lat="45.379992" lon="11.852838">
				 <ele>12</ele>
			 </trkpt>
			 <trkpt lat="45.380055" lon="11.852902">
				 <ele>12</ele>
			 </trkpt>
			 <trkpt lat="45.380201" lon="11.853064">
				 <ele>12</ele>
			 </trkpt>
			 <trkpt lat="45.380345" lon="11.853228">
				 <ele>12</ele>
			 </trkpt>
			 <trkpt lat="45.380469" lon="11.853345">
				 <ele>12</ele>
			 </trkpt>
			 <trkpt lat="45.380587" lon="11.853467">
				 <ele>12</ele>
			 </trkpt>
			 <trkpt lat="45.380754" lon="11.853646">
				 <ele>12</ele>
			 </trkpt>
			 <trkpt lat="45.38093" lon="11.853818">
				 <ele>12</ele>
			 </trkpt>
			 <trkpt lat="45.381025" lon="11.853914">
				 <ele>12</ele>
			 </trkpt>
			 <trkpt lat="45.381183" lon="11.854075">
				 <ele>12</ele>
			 </trkpt>
			 <trkpt lat="45.381217" lon="11.854106">
				 <ele>12</ele>
			 </trkpt>
			 <trkpt lat="45.381362" lon="11.854278">
				 <ele>12</ele>
			 </trkpt>
			 <trkpt lat="45.381449" lon="11.854382">
				 <ele>12</ele>
			 </trkpt>
			 <trkpt lat="45.381596" lon="11.854557">
				 <ele>12</ele>
			 </trkpt>
			 <trkpt lat="45.38165" lon="11.854626">
				 <ele>12</ele>
			 </trkpt>
			 <trkpt lat="45.381819" lon="11.854815">
				 <ele>12</ele>
			 </trkpt>
			 <trkpt lat="45.381849" lon="11.854845">
				 <ele>12</ele>
			 </trkpt>
			 <trkpt lat="45.381879" lon="11.854877">
				 <ele>12</ele>
			 </trkpt>
			 <trkpt lat="45.382036" lon="11.855039">
				 <ele>12</ele>
			 </trkpt>
			 <trkpt lat="45.38212" lon="11.855142">
				 <ele>12</ele>
			 </trkpt>
			 <trkpt lat="45.382272" lon="11.855312">
				 <ele>12</ele>
			 </trkpt>
			 <trkpt lat="45.382405" lon="11.855488">
				 <ele>12</ele>
			 </trkpt>
			 <trkpt lat="45.382549" lon="11.855656">
				 <ele>12</ele>
			 </trkpt>
			 <trkpt lat="45.382576" lon="11.855693">
				 <ele>12</ele>
			 </trkpt>
			 <trkpt lat="45.382706" lon="11.855885">
				 <ele>12</ele>
			 </trkpt>
			 <trkpt lat="45.382765" lon="11.855953">
				 <ele>12</ele>
			 </trkpt>
			 <trkpt lat="45.382913" lon="11.856131">
				 <ele>13</ele>
			 </trkpt>
			 <trkpt lat="45.383062" lon="11.85632">
				 <ele>13</ele>
			 </trkpt>
			 <trkpt lat="45.38309" lon="11.856356">
				 <ele>13</ele>
			 </trkpt>
			 <trkpt lat="45.383229" lon="11.856532">
				 <ele>13</ele>
			 </trkpt>
			 <trkpt lat="45.383258" lon="11.856566">
				 <ele>13</ele>
			 </trkpt>
			 <trkpt lat="45.383385" lon="11.856753">
				 <ele>13</ele>
			 </trkpt>
			 <trkpt lat="45.383445" lon="11.85682">
				 <ele>12</ele>
			 </trkpt>
			 <trkpt lat="45.383586" lon="11.856993">
				 <ele>13</ele>
			 </trkpt>
			 <trkpt lat="45.383669" lon="11.857095">
				 <ele>13</ele>
			 </trkpt>
			 <trkpt lat="45.383801" lon="11.857273">
				 <ele>13</ele>
			 </trkpt>
			 <trkpt lat="45.383885" lon="11.857382">
				 <ele>13</ele>
			 </trkpt>
			 <trkpt lat="45.383914" lon="11.857415">
				 <ele>13</ele>
			 </trkpt>
			 <trkpt lat="45.384044" lon="11.8576">
				 <ele>15</ele>
			 </trkpt>
			 <trkpt lat="45.384202" lon="11.857903">
				 <ele>15</ele>
			 </trkpt>
			 <trkpt lat="45.384361" lon="11.858206">
				 <ele>14</ele>
			 </trkpt>
			 <trkpt lat="45.384428" lon="11.858469">
				 <ele>14</ele>
			 </trkpt>
			 <trkpt lat="45.384496" lon="11.858733">
				 <ele>14</ele>
			 </trkpt>
			 <trkpt lat="45.384701" lon="11.859969">
				 <ele>13</ele>
			 </trkpt>
			 <trkpt lat="45.384906" lon="11.861206">
				 <ele>13</ele>
			 </trkpt>
			 <trkpt lat="45.38492" lon="11.861293">
				 <ele>13</ele>
			 </trkpt>
			 <trkpt lat="45.385154" lon="11.862041">
				 <ele>14</ele>
			 </trkpt>
			 <trkpt lat="45.385389" lon="11.862788">
				 <ele>13</ele>
			 </trkpt>
			 <trkpt lat="45.385416" lon="11.86289">
				 <ele>13</ele>
			 </trkpt>
			 <trkpt lat="45.385442" lon="11.862993">
				 <ele>13</ele>
			 </trkpt>
			 <trkpt lat="45.385576" lon="11.863231">
				 <ele>13</ele>
			 </trkpt>
			 <trkpt lat="45.385709" lon="11.86347">
				 <ele>12</ele>
			 </trkpt>
			 <trkpt lat="45.385805" lon="11.863451">
				 <ele>15</ele>
			 </trkpt>
			 <trkpt lat="45.385956" lon="11.863387">
				 <ele>16</ele>
			 </trkpt>
			 <trkpt lat="45.386113" lon="11.863324">
				 <ele>16</ele>
			 </trkpt>
			 <trkpt lat="45.38632" lon="11.863305">
				 <ele>15</ele>
			 </trkpt>
			 <trkpt lat="45.38638" lon="11.863362">
				 <ele>15</ele>
			 </trkpt>
			 <trkpt lat="45.386424" lon="11.863445">
				 <ele>15</ele>
			 </trkpt>
			 <trkpt lat="45.386479" lon="11.863578">
				 <ele>14</ele>
			 </trkpt>
			 <trkpt lat="45.386575" lon="11.86381">
				 <ele>14</ele>
			 </trkpt>
			 <trkpt lat="45.386614" lon="11.8639">
				 <ele>14</ele>
			 </trkpt>
			 <trkpt lat="45.386706" lon="11.864125">
				 <ele>14</ele>
			 </trkpt>
			 <trkpt lat="45.386767" lon="11.864258">
				 <ele>14</ele>
			 </trkpt>
			 <trkpt lat="45.386849" lon="11.864437">
				 <ele>14</ele>
			 </trkpt>
			 <trkpt lat="45.386869" lon="11.864483">
				 <ele>14</ele>
			 </trkpt>
			 <trkpt lat="45.38691" lon="11.864573">
				 <ele>14</ele>
			 </trkpt>
			 <trkpt lat="45.387007" lon="11.86479">
				 <ele>14</ele>
			 </trkpt>
			 <trkpt lat="45.387087" lon="11.864962">
				 <ele>14</ele>
			 </trkpt>
			 <trkpt lat="45.387174" lon="11.865193">
				 <ele>14</ele>
			 </trkpt>
			 <trkpt lat="45.387214" lon="11.865274">
				 <ele>14</ele>
			 </trkpt>
			 <trkpt lat="45.387311" lon="11.865492">
				 <ele>14</ele>
			 </trkpt>
			 <trkpt lat="45.387411" lon="11.865716">
				 <ele>14</ele>
			 </trkpt>
			 <trkpt lat="45.387517" lon="11.865933">
				 <ele>14</ele>
			 </trkpt>
			 <trkpt lat="45.387558" lon="11.866025">
				 <ele>14</ele>
			 </trkpt>
			 <trkpt lat="45.387693" lon="11.86626">
				 <ele>15</ele>
			 </trkpt>
			 <trkpt lat="45.387753" lon="11.86633">
				 <ele>14</ele>
			 </trkpt>
			 <trkpt lat="45.387891" lon="11.86651">
				 <ele>14</ele>
			 </trkpt>
			 <trkpt lat="45.387967" lon="11.86661">
				 <ele>14</ele>
			 </trkpt>
			 <trkpt lat="45.388052" lon="11.866712">
				 <ele>13</ele>
			 </trkpt>
			 <trkpt lat="45.388198" lon="11.866849">
				 <ele>13</ele>
			 </trkpt>
			 <trkpt lat="45.388384" lon="11.866963">
				 <ele>13</ele>
			 </trkpt>
			 <trkpt lat="45.388453" lon="11.866997">
				 <ele>13</ele>
			 </trkpt>
			 <trkpt lat="45.388604" lon="11.867069">
				 <ele>13</ele>
			 </trkpt>
			 <trkpt lat="45.388663" lon="11.867094">
				 <ele>13</ele>
			 </trkpt>
			 <trkpt lat="45.38886" lon="11.86713">
				 <ele>13</ele>
			 </trkpt>
			 <trkpt lat="45.388896" lon="11.86713">
				 <ele>14</ele>
			 </trkpt>
			 <trkpt lat="45.389255" lon="11.86711">
				 <ele>14</ele>
			 </trkpt>
			 <trkpt lat="45.389614" lon="11.867089">
				 <ele>13</ele>
			 </trkpt>
			 <trkpt lat="45.390235" lon="11.866953">
				 <ele>13</ele>
			 </trkpt>
			 <trkpt lat="45.390855" lon="11.866816">
				 <ele>13</ele>
			 </trkpt>
			 <trkpt lat="45.391387" lon="11.866712">
				 <ele>14</ele>
			 </trkpt>
			 <trkpt lat="45.391919" lon="11.866607">
				 <ele>16</ele>
			 </trkpt>
			 <trkpt lat="45.392559" lon="11.866382">
				 <ele>16</ele>
			 </trkpt>
			 <trkpt lat="45.3932" lon="11.866156">
				 <ele>16</ele>
			 </trkpt>
			 <trkpt lat="45.393844" lon="11.865902">
				 <ele>16</ele>
			 </trkpt>
			 <trkpt lat="45.394489" lon="11.865648">
				 <ele>14</ele>
			 </trkpt>
			 <trkpt lat="45.394907" lon="11.865489">
				 <ele>14</ele>
			 </trkpt>
			 <trkpt lat="45.395325" lon="11.865329">
				 <ele>15</ele>
			 </trkpt>
			 <trkpt lat="45.396095" lon="11.865098">
				 <ele>16</ele>
			 </trkpt>
			 <trkpt lat="45.396865" lon="11.864867">
				 <ele>16</ele>
			 </trkpt>
			 <trkpt lat="45.397747" lon="11.864675">
				 <ele>14</ele>
			 </trkpt>
			 <trkpt lat="45.398628" lon="11.864483">
				 <ele>15</ele>
			 </trkpt>
			 <trkpt lat="45.398958" lon="11.864411">
				 <ele>14</ele>
			 </trkpt>
			 <trkpt lat="45.399131" lon="11.8641">
				 <ele>14</ele>
			 </trkpt>
			 <trkpt lat="45.399305" lon="11.863789">
				 <ele>14</ele>
			 </trkpt>
			 <trkpt lat="45.399522" lon="11.863714">
				 <ele>14</ele>
			 </trkpt>
			 <trkpt lat="45.399739" lon="11.863638">
				 <ele>13</ele>
			 </trkpt>
			 <trkpt lat="45.400233" lon="11.863642">
				 <ele>12</ele>
			 </trkpt>
			 <trkpt lat="45.400727" lon="11.863645">
				 <ele>13</ele>
			 </trkpt>
			 <trkpt lat="45.401233" lon="11.863641">
				 <ele>13</ele>
			 </trkpt>
			 <trkpt lat="45.401739" lon="11.863638">
				 <ele>13</ele>
			 </trkpt>
			 <trkpt lat="45.402072" lon="11.86363">
				 <ele>14</ele>
			 </trkpt>
			 <trkpt lat="45.402405" lon="11.863622">
				 <ele>15</ele>
			 </trkpt>
			 <trkpt lat="45.402455" lon="11.863622">
				 <ele>15</ele>
			 </trkpt>
			 <trkpt lat="45.402506" lon="11.863622">
				 <ele>15</ele>
			 </trkpt>
			 <trkpt lat="45.402975" lon="11.863448">
				 <ele>15</ele>
			 </trkpt>
			 <trkpt lat="45.403443" lon="11.863274">
				 <ele>14</ele>
			 </trkpt>
			 <trkpt lat="45.403582" lon="11.86322">
				 <ele>14</ele>
			 </trkpt>
			 <trkpt lat="45.40372" lon="11.863167">
				 <ele>15</ele>
			 </trkpt>
			 <trkpt lat="45.403848" lon="11.863211">
				 <ele>14</ele>
			 </trkpt>
			 <trkpt lat="45.403976" lon="11.863255">
				 <ele>14</ele>
			 </trkpt>
			 <trkpt lat="45.404176" lon="11.863534">
				 <ele>13</ele>
			 </trkpt>
			 <trkpt lat="45.404375" lon="11.863812">
				 <ele>11</ele>
			 </trkpt>
			 <trkpt lat="45.404716" lon="11.864601">
				 <ele>13</ele>
			 </trkpt>
			 <trkpt lat="45.405057" lon="11.86539">
				 <ele>16</ele>
			 </trkpt>
			 <trkpt lat="45.405133" lon="11.865566">
				 <ele>16</ele>
			 </trkpt>
			 <trkpt lat="45.405209" lon="11.865742">
				 <ele>16</ele>
			 </trkpt>
			 <trkpt lat="45.405261" lon="11.866025">
				 <ele>16</ele>
			 </trkpt>
			 <trkpt lat="45.405313" lon="11.866308">
				 <ele>17</ele>
			 </trkpt>
			 <trkpt lat="45.405417" lon="11.867412">
				 <ele>16</ele>
			 </trkpt>
			 <trkpt lat="45.405521" lon="11.868516">
				 <ele>16</ele>
			 </trkpt>
			 <trkpt lat="45.405658" lon="11.869771">
				 <ele>23</ele>
			 </trkpt>
			 <trkpt lat="45.405795" lon="11.871026">
				 <ele>22</ele>
			 </trkpt>
			 <trkpt lat="45.405856" lon="11.871634">
				 <ele>21</ele>
			 </trkpt>
			 <trkpt lat="45.405915" lon="11.872218">
				 <ele>21</ele>
			 </trkpt>
			 <trkpt lat="45.406005" lon="11.872286">
				 <ele>21</ele>
			 </trkpt>
			 <trkpt lat="45.406096" lon="11.872354">
				 <ele>21</ele>
			 </trkpt>
			 <trkpt lat="45.406426" lon="11.872521">
				 <ele>21</ele>
			 </trkpt>
			 <trkpt lat="45.406756" lon="11.872688">
				 <ele>21</ele>
			 </trkpt>
			 <trkpt lat="45.407217" lon="11.872779">
				 <ele>24</ele>
			 </trkpt>
			 <trkpt lat="45.407678" lon="11.87287">
				 <ele>26</ele>
			 </trkpt>
			 <trkpt lat="45.407704" lon="11.87339">
				 <ele>24</ele>
			 </trkpt>
			 <trkpt lat="45.407731" lon="11.87391">
				 <ele>25</ele>
			 </trkpt>
			 <trkpt lat="45.40772" lon="11.874304">
				 <ele>27</ele>
			 </trkpt>
			 <trkpt lat="45.40771" lon="11.874699">
				 <ele>27</ele>
			 </trkpt>
			 <trkpt lat="45.407601" lon="11.875435">
				 <ele>24</ele>
			 </trkpt>
			 <trkpt lat="45.407491" lon="11.87617">
				 <ele>26</ele>
			 </trkpt>
			 <trkpt lat="45.407443" lon="11.876387">
				 <ele>26</ele>
			 </trkpt>
			 <trkpt lat="45.407396" lon="11.876603">
				 <ele>26</ele>
			 </trkpt>
			 <trkpt lat="45.407339" lon="11.876866">
				 <ele>26</ele>
			 </trkpt>
			 <trkpt lat="45.407283" lon="11.87713">
				 <ele>25</ele>
			 </trkpt>
			 <trkpt lat="45.407073" lon="11.877045">
				 <ele>27</ele>
			 </trkpt>
			 <trkpt lat="45.406863" lon="11.876959">
				 <ele>27</ele>
			 </trkpt>
			 <trkpt lat="45.406653" lon="11.876899">
				 <ele>27</ele>
			 </trkpt>
			 <trkpt lat="45.406442" lon="11.876838">
				 <ele>26</ele>
			 </trkpt>
			 <trkpt lat="45.406216" lon="11.877779">
				 <ele>22</ele>
			 </trkpt>
			 <trkpt lat="45.405989" lon="11.878719">
				 <ele>22</ele>
			 </trkpt>
			 <trkpt lat="45.405936" lon="11.878974">
				 <ele>22</ele>
			 </trkpt>
			 <trkpt lat="45.405883" lon="11.879228">
				 <ele>22</ele>
			 </trkpt>
			 <trkpt lat="45.405776" lon="11.879243">
				 <ele>22</ele>
			 </trkpt>
			 <trkpt lat="45.40567" lon="11.879258">
				 <ele>21</ele>
			 </trkpt>
			 <trkpt lat="45.405044" lon="11.879258">
				 <ele>20</ele>
			 </trkpt>
			 <trkpt lat="45.404418" lon="11.879258">
				 <ele>19</ele>
			 </trkpt>
			 <trkpt lat="45.404069" lon="11.879243">
				 <ele>18</ele>
			 </trkpt>
			 <trkpt lat="45.40372" lon="11.879228">
				 <ele>18</ele>
			 </trkpt>
			 <trkpt lat="45.403494" lon="11.879194">
				 <ele>20</ele>
			 </trkpt>
			 <trkpt lat="45.403268" lon="11.87916">
				 <ele>21</ele>
			 </trkpt>
			 <trkpt lat="45.402759" lon="11.87949">
				 <ele>21</ele>
			 </trkpt>
			 <trkpt lat="45.40225" lon="11.87982">
				 <ele>19</ele>
			 </trkpt>
			 <trkpt lat="45.402034" lon="11.879884">
				 <ele>18</ele>
			 </trkpt>
			 <trkpt lat="45.401819" lon="11.879948">
				 <ele>18</ele>
			 </trkpt>
			 <trkpt lat="45.40164" lon="11.87982">
				 <ele>18</ele>
			 </trkpt>
			 <trkpt lat="45.401462" lon="11.879691">
				 <ele>18</ele>
			 </trkpt>
			 <trkpt lat="45.401272" lon="11.879651">
				 <ele>17</ele>
			 </trkpt>
			 <trkpt lat="45.401083" lon="11.879612">
				 <ele>16</ele>
			 </trkpt>
			 <trkpt lat="45.400969" lon="11.879579">
				 <ele>16</ele>
			 </trkpt>
			 <trkpt lat="45.400855" lon="11.879546">
				 <ele>16</ele>
			 </trkpt>
			 <trkpt lat="45.400703" lon="11.879273">
				 <ele>17</ele>
			 </trkpt>
			 <trkpt lat="45.400551" lon="11.879">
				 <ele>17</ele>
			 </trkpt>
			 <trkpt lat="45.400096" lon="11.878287">
				 <ele>17</ele>
			 </trkpt>
			 <trkpt lat="45.39964" lon="11.877574">
				 <ele>17</ele>
			 </trkpt>
			 <trkpt lat="45.399613" lon="11.87743">
				 <ele>17</ele>
			 </trkpt>
			 <trkpt lat="45.399587" lon="11.877286">
				 <ele>16</ele>
			 </trkpt>
			 <trkpt lat="45.399795" lon="11.876623">
				 <ele>14</ele>
			 </trkpt>
			 <trkpt lat="45.400003" lon="11.875961">
				 <ele>14</ele>
			 </trkpt>
			 <trkpt lat="45.399987" lon="11.875925">
				 <ele>11</ele>
			 </trkpt>
			 <trkpt lat="45.399954" lon="11.875898">
				 <ele>11</ele>
			 </trkpt>
			 <trkpt lat="45.399868" lon="11.875866">
				 <ele>11</ele>
			 </trkpt>
			 <trkpt lat="45.399693" lon="11.875774">
				 <ele>11</ele>
			 </trkpt>
			 <trkpt lat="45.399495" lon="11.875687">
				 <ele>10</ele>
			 </trkpt>
			 <trkpt lat="45.399301" lon="11.875596">
				 <ele>10</ele>
			 </trkpt>
			 <trkpt lat="45.399146" lon="11.875511">
				 <ele>10</ele>
			 </trkpt>
			 <trkpt lat="45.398996" lon="11.875425">
				 <ele>10</ele>
			 </trkpt>
			 <trkpt lat="45.398849" lon="11.875362">
				 <ele>9</ele>
			 </trkpt>
			 <trkpt lat="45.398808" lon="11.875355">
				 <ele>9</ele>
			 </trkpt>
			 <trkpt lat="45.39877" lon="11.875344">
				 <ele>9</ele>
			 </trkpt>
			 <trkpt lat="45.398736" lon="11.875328">
				 <ele>9</ele>
			 </trkpt>
			 <trkpt lat="45.398702" lon="11.875313">
				 <ele>9</ele>
			 </trkpt>
			 <trkpt lat="45.39864" lon="11.87529">
				 <ele>9</ele>
			 </trkpt>
			 <trkpt lat="45.39861" lon="11.875285">
				 <ele>9</ele>
			 </trkpt>
			 <trkpt lat="45.398568" lon="11.87527">
				 <ele>8</ele>
			 </trkpt>
		 </trkseg>
	 </trk>
</gpx>