<?xml version="1.0" encoding="UTF-8"?>
 <gpx creator="Garmin Connect" version="1.1"
	 xsi:schemaLocation="http://www.topografix.com/GPX/1/1 http://www.topografix.com/GPX/11.xsd"
	 xmlns:ns3="http://www.garmin.com/xmlschemas/TrackPointExtension/v1"
	 xmlns="http://www.topografix.com/GPX/1/1"
	 xmlns:xsi="http://www.w3.org/2001/XMLSchema-instance" xmlns:ns2="http://www.garmin.com/xmlschemas/GpxExtensions/v3">
	 <metadata>
		<name>TUI Palma Marathon Mallorca 2025 - 42.195 km</name>
		 <link href="https://www.goandrace.com">
		 <text>Garmin Connect</text>
		 </link>
	 <time>2026-08-09T18:06:55</time>
	 </metadata>
	 <trk>
		 <name>TUI Palma Marathon Mallorca 2025 - 42.195 km</name>
		 <trkseg>
			 <trkpt lat="39.565089" lon="2.64844">
				 <ele>0.5</ele>
			 </trkpt>
			 <trkpt lat="39.565206" lon="2.647877">
				 <ele>0.7</ele>
			 </trkpt>
			 <trkpt lat="39.5653" lon="2.647427">
				 <ele>1</ele>
			 </trkpt>
			 <trkpt lat="39.565417" lon="2.646885">
				 <ele>1.2</ele>
			 </trkpt>
			 <trkpt lat="39.56559" lon="2.646457">
				 <ele>1.4</ele>
			 </trkpt>
			 <trkpt lat="39.565908" lon="2.646045">
				 <ele>1.5</ele>
			 </trkpt>
			 <trkpt lat="39.566125" lon="2.645763">
				 <ele>1.7</ele>
			 </trkpt>
			 <trkpt lat="39.566496" lon="2.645433">
				 <ele>1.8</ele>
			 </trkpt>
			 <trkpt lat="39.566867" lon="2.645103">
				 <ele>2</ele>
			 </trkpt>
			 <trkpt lat="39.566978" lon="2.645013">
				 <ele>2.3</ele>
			 </trkpt>
			 <trkpt lat="39.567048" lon="2.644956">
				 <ele>2.5</ele>
			 </trkpt>
			 <trkpt lat="39.567353" lon="2.644701">
				 <ele>2.5</ele>
			 </trkpt>
			 <trkpt lat="39.567582" lon="2.644499">
				 <ele>2.5</ele>
			 </trkpt>
			 <trkpt lat="39.567739" lon="2.644329">
				 <ele>2.5</ele>
			 </trkpt>
			 <trkpt lat="39.56792" lon="2.644094">
				 <ele>2.6</ele>
			 </trkpt>
			 <trkpt lat="39.568073" lon="2.643857">
				 <ele>2.7</ele>
			 </trkpt>
			 <trkpt lat="39.568584" lon="2.643084">
				 <ele>2.8</ele>
			 </trkpt>
			 <trkpt lat="39.568936" lon="2.64255">
				 <ele>2.9</ele>
			 </trkpt>
			 <trkpt lat="39.568977" lon="2.642481">
				 <ele>2.9</ele>
			 </trkpt>
			 <trkpt lat="39.569049" lon="2.642333">
				 <ele>3</ele>
			 </trkpt>
			 <trkpt lat="39.569137" lon="2.642108">
				 <ele>3.2</ele>
			 </trkpt>
			 <trkpt lat="39.569215" lon="2.64186">
				 <ele>3.3</ele>
			 </trkpt>
			 <trkpt lat="39.569303" lon="2.641544">
				 <ele>3.3</ele>
			 </trkpt>
			 <trkpt lat="39.569366" lon="2.641311">
				 <ele>3.1</ele>
			 </trkpt>
			 <trkpt lat="39.569403" lon="2.641143">
				 <ele>2.9</ele>
			 </trkpt>
			 <trkpt lat="39.569464" lon="2.640807">
				 <ele>2.6</ele>
			 </trkpt>
			 <trkpt lat="39.569481" lon="2.640633">
				 <ele>2.4</ele>
			 </trkpt>
			 <trkpt lat="39.569487" lon="2.640457">
				 <ele>2.2</ele>
			 </trkpt>
			 <trkpt lat="39.569482" lon="2.640106">
				 <ele>2.1</ele>
			 </trkpt>
			 <trkpt lat="39.56945" lon="2.639661">
				 <ele>2.4</ele>
			 </trkpt>
			 <trkpt lat="39.569444" lon="2.639599">
				 <ele>2.6</ele>
			 </trkpt>
			 <trkpt lat="39.569396" lon="2.639197">
				 <ele>2.7</ele>
			 </trkpt>
			 <trkpt lat="39.569365" lon="2.638962">
				 <ele>2.6</ele>
			 </trkpt>
			 <trkpt lat="39.569351" lon="2.638885">
				 <ele>2.7</ele>
			 </trkpt>
			 <trkpt lat="39.569194" lon="2.63805">
				 <ele>3</ele>
			 </trkpt>
			 <trkpt lat="39.569162" lon="2.63788">
				 <ele>3.3</ele>
			 </trkpt>
			 <trkpt lat="39.569117" lon="2.637614">
				 <ele>3.6</ele>
			 </trkpt>
			 <trkpt lat="39.569094" lon="2.63742">
				 <ele>4</ele>
			 </trkpt>
			 <trkpt lat="39.568893" lon="2.634988">
				 <ele>4.5</ele>
			 </trkpt>
			 <trkpt lat="39.568879" lon="2.634799">
				 <ele>5.1</ele>
			 </trkpt>
			 <trkpt lat="39.568871" lon="2.634699">
				 <ele>5.4</ele>
			 </trkpt>
			 <trkpt lat="39.568851" lon="2.634451">
				 <ele>5.6</ele>
			 </trkpt>
			 <trkpt lat="39.568848" lon="2.634409">
				 <ele>6.2</ele>
			 </trkpt>
			 <trkpt lat="39.56881" lon="2.633943">
				 <ele>7.2</ele>
			 </trkpt>
			 <trkpt lat="39.568747" lon="2.633181">
				 <ele>8.1</ele>
			 </trkpt>
			 <trkpt lat="39.568699" lon="2.632804">
				 <ele>8.5</ele>
			 </trkpt>
			 <trkpt lat="39.568688" lon="2.632743">
				 <ele>9</ele>
			 </trkpt>
			 <trkpt lat="39.568665" lon="2.632618">
				 <ele>9.4</ele>
			 </trkpt>
			 <trkpt lat="39.568581" lon="2.632252">
				 <ele>9.7</ele>
			 </trkpt>
			 <trkpt lat="39.56853" lon="2.632073">
				 <ele>10.3</ele>
			 </trkpt>
			 <trkpt lat="39.56841" lon="2.63172">
				 <ele>10.6</ele>
			 </trkpt>
			 <trkpt lat="39.56834" lon="2.631546">
				 <ele>10.5</ele>
			 </trkpt>
			 <trkpt lat="39.568325" lon="2.631514">
				 <ele>10.3</ele>
			 </trkpt>
			 <trkpt lat="39.568297" lon="2.631451">
				 <ele>10</ele>
			 </trkpt>
			 <trkpt lat="39.568165" lon="2.631172">
				 <ele>9.5</ele>
			 </trkpt>
			 <trkpt lat="39.567854" lon="2.630602">
				 <ele>8.9</ele>
			 </trkpt>
			 <trkpt lat="39.567506" lon="2.629974">
				 <ele>8.7</ele>
			 </trkpt>
			 <trkpt lat="39.567451" lon="2.629872">
				 <ele>8.5</ele>
			 </trkpt>
			 <trkpt lat="39.567362" lon="2.629724">
				 <ele>8.5</ele>
			 </trkpt>
			 <trkpt lat="39.567265" lon="2.629583">
				 <ele>8.4</ele>
			 </trkpt>
			 <trkpt lat="39.567162" lon="2.629465">
				 <ele>8</ele>
			 </trkpt>
			 <trkpt lat="39.567099" lon="2.629388">
				 <ele>7.6</ele>
			 </trkpt>
			 <trkpt lat="39.566977" lon="2.629276">
				 <ele>7.9</ele>
			 </trkpt>
			 <trkpt lat="39.566848" lon="2.629182">
				 <ele>7.8</ele>
			 </trkpt>
			 <trkpt lat="39.566775" lon="2.629139">
				 <ele>7.6</ele>
			 </trkpt>
			 <trkpt lat="39.566569" lon="2.629038">
				 <ele>7.6</ele>
			 </trkpt>
			 <trkpt lat="39.566145" lon="2.628855">
				 <ele>7.6</ele>
			 </trkpt>
			 <trkpt lat="39.566054" lon="2.628815">
				 <ele>7.6</ele>
			 </trkpt>
			 <trkpt lat="39.565095" lon="2.628399">
				 <ele>7.6</ele>
			 </trkpt>
			 <trkpt lat="39.564135" lon="2.627925">
				 <ele>7.5</ele>
			 </trkpt>
			 <trkpt lat="39.564009" lon="2.627843">
				 <ele>7.5</ele>
			 </trkpt>
			 <trkpt lat="39.563885" lon="2.627762">
				 <ele>7.5</ele>
			 </trkpt>
			 <trkpt lat="39.563821" lon="2.627721">
				 <ele>7.6</ele>
			 </trkpt>
			 <trkpt lat="39.563759" lon="2.627678">
				 <ele>7.7</ele>
			 </trkpt>
			 <trkpt lat="39.563733" lon="2.627658">
				 <ele>8.2</ele>
			 </trkpt>
			 <trkpt lat="39.563181" lon="2.627353">
				 <ele>8.6</ele>
			 </trkpt>
			 <trkpt lat="39.562974" lon="2.627254">
				 <ele>8.9</ele>
			 </trkpt>
			 <trkpt lat="39.56283" lon="2.627199">
				 <ele>8.8</ele>
			 </trkpt>
			 <trkpt lat="39.562694" lon="2.627158">
				 <ele>8.7</ele>
			 </trkpt>
			 <trkpt lat="39.562466" lon="2.627105">
				 <ele>8.6</ele>
			 </trkpt>
			 <trkpt lat="39.562157" lon="2.627052">
				 <ele>8.6</ele>
			 </trkpt>
			 <trkpt lat="39.561917" lon="2.627011">
				 <ele>8.5</ele>
			 </trkpt>
			 <trkpt lat="39.561193" lon="2.626888">
				 <ele>8.1</ele>
			 </trkpt>
			 <trkpt lat="39.560034" lon="2.626688">
				 <ele>7.5</ele>
			 </trkpt>
			 <trkpt lat="39.55993" lon="2.626671">
				 <ele>7.2</ele>
			 </trkpt>
			 <trkpt lat="39.559853" lon="2.626658">
				 <ele>6.8</ele>
			 </trkpt>
			 <trkpt lat="39.559814" lon="2.626653">
				 <ele>6.5</ele>
			 </trkpt>
			 <trkpt lat="39.559722" lon="2.626639">
				 <ele>6</ele>
			 </trkpt>
			 <trkpt lat="39.559334" lon="2.626576">
				 <ele>5.5</ele>
			 </trkpt>
			 <trkpt lat="39.558791" lon="2.626484">
				 <ele>4.8</ele>
			 </trkpt>
			 <trkpt lat="39.558631" lon="2.626443">
				 <ele>4.2</ele>
			 </trkpt>
			 <trkpt lat="39.558402" lon="2.626365">
				 <ele>3.7</ele>
			 </trkpt>
			 <trkpt lat="39.558145" lon="2.626247">
				 <ele>3.2</ele>
			 </trkpt>
			 <trkpt lat="39.557616" lon="2.625932">
				 <ele>2.8</ele>
			 </trkpt>
			 <trkpt lat="39.557401" lon="2.625801">
				 <ele>2.7</ele>
			 </trkpt>
			 <trkpt lat="39.557146" lon="2.625646">
				 <ele>2.6</ele>
			 </trkpt>
			 <trkpt lat="39.555978" lon="2.624933">
				 <ele>2.5</ele>
			 </trkpt>
			 <trkpt lat="39.555733" lon="2.624785">
				 <ele>2.5</ele>
			 </trkpt>
			 <trkpt lat="39.555168" lon="2.624442">
				 <ele>2.6</ele>
			 </trkpt>
			 <trkpt lat="39.554686" lon="2.624147">
				 <ele>3.1</ele>
			 </trkpt>
			 <trkpt lat="39.554457" lon="2.624007">
				 <ele>3.5</ele>
			 </trkpt>
			 <trkpt lat="39.554387" lon="2.623963">
				 <ele>3.9</ele>
			 </trkpt>
			 <trkpt lat="39.554196" lon="2.62385">
				 <ele>4.1</ele>
			 </trkpt>
			 <trkpt lat="39.554152" lon="2.62383">
				 <ele>4.5</ele>
			 </trkpt>
			 <trkpt lat="39.554011" lon="2.623765">
				 <ele>4.6</ele>
			 </trkpt>
			 <trkpt lat="39.553817" lon="2.623701">
				 <ele>4.7</ele>
			 </trkpt>
			 <trkpt lat="39.553802" lon="2.623809">
				 <ele>4.6</ele>
			 </trkpt>
			 <trkpt lat="39.553852" lon="2.623823">
				 <ele>4.5</ele>
			 </trkpt>
			 <trkpt lat="39.554092" lon="2.623923">
				 <ele>4.1</ele>
			 </trkpt>
			 <trkpt lat="39.554121" lon="2.623935">
				 <ele>3.6</ele>
			 </trkpt>
			 <trkpt lat="39.554237" lon="2.623991">
				 <ele>3</ele>
			 </trkpt>
			 <trkpt lat="39.554493" lon="2.624133">
				 <ele>2.5</ele>
			 </trkpt>
			 <trkpt lat="39.554639" lon="2.62422">
				 <ele>2.1</ele>
			 </trkpt>
			 <trkpt lat="39.555147" lon="2.624529">
				 <ele>1.8</ele>
			 </trkpt>
			 <trkpt lat="39.555936" lon="2.625011">
				 <ele>1.8</ele>
			 </trkpt>
			 <trkpt lat="39.557117" lon="2.625731">
				 <ele>1.8</ele>
			 </trkpt>
			 <trkpt lat="39.557371" lon="2.625883">
				 <ele>1.7</ele>
			 </trkpt>
			 <trkpt lat="39.557446" lon="2.625929">
				 <ele>1.6</ele>
			 </trkpt>
			 <trkpt lat="39.557585" lon="2.626015">
				 <ele>1.6</ele>
			 </trkpt>
			 <trkpt lat="39.557998" lon="2.626267">
				 <ele>1.7</ele>
			 </trkpt>
			 <trkpt lat="39.558123" lon="2.626336">
				 <ele>2</ele>
			 </trkpt>
			 <trkpt lat="39.558374" lon="2.626456">
				 <ele>2.5</ele>
			 </trkpt>
			 <trkpt lat="39.558612" lon="2.626535">
				 <ele>3</ele>
			 </trkpt>
			 <trkpt lat="39.558767" lon="2.626576">
				 <ele>3.3</ele>
			 </trkpt>
			 <trkpt lat="39.559365" lon="2.626678">
				 <ele>3.5</ele>
			 </trkpt>
			 <trkpt lat="39.55971" lon="2.626749">
				 <ele>3.5</ele>
			 </trkpt>
			 <trkpt lat="39.559792" lon="2.626769">
				 <ele>3.4</ele>
			 </trkpt>
			 <trkpt lat="39.560004" lon="2.626824">
				 <ele>3.4</ele>
			 </trkpt>
			 <trkpt lat="39.560248" lon="2.626893">
				 <ele>3.5</ele>
			 </trkpt>
			 <trkpt lat="39.561166" lon="2.627086">
				 <ele>3.5</ele>
			 </trkpt>
			 <trkpt lat="39.561688" lon="2.627206">
				 <ele>3.7</ele>
			 </trkpt>
			 <trkpt lat="39.561838" lon="2.627248">
				 <ele>3.8</ele>
			 </trkpt>
			 <trkpt lat="39.561976" lon="2.627296">
				 <ele>3.8</ele>
			 </trkpt>
			 <trkpt lat="39.562172" lon="2.627326">
				 <ele>3.8</ele>
			 </trkpt>
			 <trkpt lat="39.562376" lon="2.627376">
				 <ele>3.9</ele>
			 </trkpt>
			 <trkpt lat="39.562464" lon="2.627389">
				 <ele>3.9</ele>
			 </trkpt>
			 <trkpt lat="39.5626" lon="2.627444">
				 <ele>3.8</ele>
			 </trkpt>
			 <trkpt lat="39.562776" lon="2.627515">
				 <ele>3.7</ele>
			 </trkpt>
			 <trkpt lat="39.562858" lon="2.627572">
				 <ele>3.6</ele>
			 </trkpt>
			 <trkpt lat="39.562941" lon="2.627597">
				 <ele>3.5</ele>
			 </trkpt>
			 <trkpt lat="39.563085" lon="2.627678">
				 <ele>3.3</ele>
			 </trkpt>
			 <trkpt lat="39.563456" lon="2.627916">
				 <ele>3</ele>
			 </trkpt>
			 <trkpt lat="39.563483" lon="2.627927">
				 <ele>3.4</ele>
			 </trkpt>
			 <trkpt lat="39.56369" lon="2.628002">
				 <ele>3.8</ele>
			 </trkpt>
			 <trkpt lat="39.563738" lon="2.628022">
				 <ele>4.3</ele>
			 </trkpt>
			 <trkpt lat="39.563924" lon="2.6281">
				 <ele>4.6</ele>
			 </trkpt>
			 <trkpt lat="39.565037" lon="2.628547">
				 <ele>4.9</ele>
			 </trkpt>
			 <trkpt lat="39.56578" lon="2.628848">
				 <ele>5.1</ele>
			 </trkpt>
			 <trkpt lat="39.566014" lon="2.628962">
				 <ele>5.2</ele>
			 </trkpt>
			 <trkpt lat="39.566215" lon="2.629082">
				 <ele>5.1</ele>
			 </trkpt>
			 <trkpt lat="39.566338" lon="2.629164">
				 <ele>4.9</ele>
			 </trkpt>
			 <trkpt lat="39.566457" lon="2.629253">
				 <ele>4.8</ele>
			 </trkpt>
			 <trkpt lat="39.566619" lon="2.629388">
				 <ele>5</ele>
			 </trkpt>
			 <trkpt lat="39.566739" lon="2.629497">
				 <ele>4.7</ele>
			 </trkpt>
			 <trkpt lat="39.566918" lon="2.62968">
				 <ele>4.7</ele>
			 </trkpt>
			 <trkpt lat="39.566974" lon="2.629741">
				 <ele>5</ele>
			 </trkpt>
			 <trkpt lat="39.567276" lon="2.630067">
				 <ele>5.5</ele>
			 </trkpt>
			 <trkpt lat="39.567468" lon="2.630275">
				 <ele>6</ele>
			 </trkpt>
			 <trkpt lat="39.567588" lon="2.630415">
				 <ele>6.5</ele>
			 </trkpt>
			 <trkpt lat="39.567717" lon="2.630575">
				 <ele>6.9</ele>
			 </trkpt>
			 <trkpt lat="39.567788" lon="2.630675">
				 <ele>7.4</ele>
			 </trkpt>
			 <trkpt lat="39.567894" lon="2.630839">
				 <ele>7.9</ele>
			 </trkpt>
			 <trkpt lat="39.568014" lon="2.63105">
				 <ele>8.5</ele>
			 </trkpt>
			 <trkpt lat="39.568125" lon="2.631266">
				 <ele>9.1</ele>
			 </trkpt>
			 <trkpt lat="39.568214" lon="2.631456">
				 <ele>9.5</ele>
			 </trkpt>
			 <trkpt lat="39.568232" lon="2.631497">
				 <ele>9.4</ele>
			 </trkpt>
			 <trkpt lat="39.568292" lon="2.631642">
				 <ele>9</ele>
			 </trkpt>
			 <trkpt lat="39.568356" lon="2.631799">
				 <ele>8</ele>
			 </trkpt>
			 <trkpt lat="39.568438" lon="2.63204">
				 <ele>7</ele>
			 </trkpt>
			 <trkpt lat="39.568522" lon="2.632371">
				 <ele>6.4</ele>
			 </trkpt>
			 <trkpt lat="39.568582" lon="2.632707">
				 <ele>5.8</ele>
			 </trkpt>
			 <trkpt lat="39.56865" lon="2.633217">
				 <ele>5.2</ele>
			 </trkpt>
			 <trkpt lat="39.568746" lon="2.634383">
				 <ele>4.5</ele>
			 </trkpt>
			 <trkpt lat="39.568749" lon="2.634422">
				 <ele>3.9</ele>
			 </trkpt>
			 <trkpt lat="39.568761" lon="2.634578">
				 <ele>3.3</ele>
			 </trkpt>
			 <trkpt lat="39.568791" lon="2.634952">
				 <ele>2.7</ele>
			 </trkpt>
			 <trkpt lat="39.568827" lon="2.635439">
				 <ele>2.3</ele>
			 </trkpt>
			 <trkpt lat="39.568874" lon="2.635815">
				 <ele>1.8</ele>
			 </trkpt>
			 <trkpt lat="39.569024" lon="2.637547">
				 <ele>1.7</ele>
			 </trkpt>
			 <trkpt lat="39.569056" lon="2.637779">
				 <ele>1.6</ele>
			 </trkpt>
			 <trkpt lat="39.56911" lon="2.638063">
				 <ele>1.5</ele>
			 </trkpt>
			 <trkpt lat="39.569272" lon="2.638947">
				 <ele>1.3</ele>
			 </trkpt>
			 <trkpt lat="39.569278" lon="2.638982">
				 <ele>1.4</ele>
			 </trkpt>
			 <trkpt lat="39.569327" lon="2.639385">
				 <ele>1.5</ele>
			 </trkpt>
			 <trkpt lat="39.569346" lon="2.639609">
				 <ele>1.6</ele>
			 </trkpt>
			 <trkpt lat="39.56935" lon="2.639647">
				 <ele>1.5</ele>
			 </trkpt>
			 <trkpt lat="39.569374" lon="2.63994">
				 <ele>1.2</ele>
			 </trkpt>
			 <trkpt lat="39.569393" lon="2.640411">
				 <ele>1.2</ele>
			 </trkpt>
			 <trkpt lat="39.569395" lon="2.640458">
				 <ele>1.3</ele>
			 </trkpt>
			 <trkpt lat="39.56939" lon="2.640631">
				 <ele>1.5</ele>
			 </trkpt>
			 <trkpt lat="39.569359" lon="2.640921">
				 <ele>1.8</ele>
			 </trkpt>
			 <trkpt lat="39.569336" lon="2.64106">
				 <ele>2.1</ele>
			 </trkpt>
			 <trkpt lat="39.569303" lon="2.641207">
				 <ele>2.4</ele>
			 </trkpt>
			 <trkpt lat="39.569239" lon="2.641514">
				 <ele>2.5</ele>
			 </trkpt>
			 <trkpt lat="39.569083" lon="2.642055">
				 <ele>2.5</ele>
			 </trkpt>
			 <trkpt lat="39.569023" lon="2.642217">
				 <ele>2.4</ele>
			 </trkpt>
			 <trkpt lat="39.568955" lon="2.642366">
				 <ele>2.3</ele>
			 </trkpt>
			 <trkpt lat="39.568914" lon="2.642441">
				 <ele>2.2</ele>
			 </trkpt>
			 <trkpt lat="39.568782" lon="2.642645">
				 <ele>2.2</ele>
			 </trkpt>
			 <trkpt lat="39.56802" lon="2.643794">
				 <ele>2.2</ele>
			 </trkpt>
			 <trkpt lat="39.567851" lon="2.644034">
				 <ele>2.2</ele>
			 </trkpt>
			 <trkpt lat="39.567751" lon="2.644159">
				 <ele>2.3</ele>
			 </trkpt>
			 <trkpt lat="39.567651" lon="2.644271">
				 <ele>2.4</ele>
			 </trkpt>
			 <trkpt lat="39.567486" lon="2.644435">
				 <ele>2.4</ele>
			 </trkpt>
			 <trkpt lat="39.567077" lon="2.644783">
				 <ele>2.5</ele>
			 </trkpt>
			 <trkpt lat="39.566998" lon="2.644849">
				 <ele>2.5</ele>
			 </trkpt>
			 <trkpt lat="39.566826" lon="2.64499">
				 <ele>2.7</ele>
			 </trkpt>
			 <trkpt lat="39.56647" lon="2.645293">
				 <ele>2.9</ele>
			 </trkpt>
			 <trkpt lat="39.566356" lon="2.645346">
				 <ele>3.1</ele>
			 </trkpt>
			 <trkpt lat="39.56629" lon="2.64536">
				 <ele>3.2</ele>
			 </trkpt>
			 <trkpt lat="39.56623" lon="2.645346">
				 <ele>3.2</ele>
			 </trkpt>
			 <trkpt lat="39.566203" lon="2.645326">
				 <ele>3.2</ele>
			 </trkpt>
			 <trkpt lat="39.566166" lon="2.645293">
				 <ele>3.1</ele>
			 </trkpt>
			 <trkpt lat="39.566112" lon="2.645225">
				 <ele>3</ele>
			 </trkpt>
			 <trkpt lat="39.566094" lon="2.645191">
				 <ele>3</ele>
			 </trkpt>
			 <trkpt lat="39.566044" lon="2.645142">
				 <ele>2.9</ele>
			 </trkpt>
			 <trkpt lat="39.566021" lon="2.645095">
				 <ele>2.8</ele>
			 </trkpt>
			 <trkpt lat="39.565986" lon="2.645026">
				 <ele>2.6</ele>
			 </trkpt>
			 <trkpt lat="39.565965" lon="2.644984">
				 <ele>2.5</ele>
			 </trkpt>
			 <trkpt lat="39.565728" lon="2.644514">
				 <ele>2.2</ele>
			 </trkpt>
			 <trkpt lat="39.565273" lon="2.643639">
				 <ele>1.8</ele>
			 </trkpt>
			 <trkpt lat="39.564715" lon="2.642498">
				 <ele>1.5</ele>
			 </trkpt>
			 <trkpt lat="39.564637" lon="2.642339">
				 <ele>1.3</ele>
			 </trkpt>
			 <trkpt lat="39.564533" lon="2.642131">
				 <ele>1.1</ele>
			 </trkpt>
			 <trkpt lat="39.56439" lon="2.641843">
				 <ele>0.9</ele>
			 </trkpt>
			 <trkpt lat="39.564234" lon="2.641968">
				 <ele>0.9</ele>
			 </trkpt>
			 <trkpt lat="39.564312" lon="2.642126">
				 <ele>1</ele>
			 </trkpt>
			 <trkpt lat="39.564483" lon="2.642469">
				 <ele>1.1</ele>
			 </trkpt>
			 <trkpt lat="39.564561" lon="2.642623">
				 <ele>1.3</ele>
			 </trkpt>
			 <trkpt lat="39.565139" lon="2.643759">
				 <ele>1.4</ele>
			 </trkpt>
			 <trkpt lat="39.565612" lon="2.644703">
				 <ele>1.5</ele>
			 </trkpt>
			 <trkpt lat="39.565705" lon="2.644889">
				 <ele>1.7</ele>
			 </trkpt>
			 <trkpt lat="39.565739" lon="2.644955">
				 <ele>1.9</ele>
			 </trkpt>
			 <trkpt lat="39.5658" lon="2.645114">
				 <ele>1.9</ele>
			 </trkpt>
			 <trkpt lat="39.565809" lon="2.645178">
				 <ele>1.9</ele>
			 </trkpt>
			 <trkpt lat="39.565844" lon="2.645403">
				 <ele>1.8</ele>
			 </trkpt>
			 <trkpt lat="39.565851" lon="2.645531">
				 <ele>1.5</ele>
			 </trkpt>
			 <trkpt lat="39.565851" lon="2.645627">
				 <ele>0.9</ele>
			 </trkpt>
			 <trkpt lat="39.565823" lon="2.645729">
				 <ele>0.5</ele>
			 </trkpt>
			 <trkpt lat="39.565786" lon="2.645797">
				 <ele>0.3</ele>
			 </trkpt>
			 <trkpt lat="39.565588" lon="2.646061">
				 <ele>0.1</ele>
			 </trkpt>
			 <trkpt lat="39.565462" lon="2.646468">
				 <ele>-0.1</ele>
			 </trkpt>
			 <trkpt lat="39.565398" lon="2.646618">
				 <ele>-0.2</ele>
			 </trkpt>
			 <trkpt lat="39.565319" lon="2.646857">
				 <ele>-0.2</ele>
			 </trkpt>
			 <trkpt lat="39.565238" lon="2.647183">
				 <ele>-0.2</ele>
			 </trkpt>
			 <trkpt lat="39.564695" lon="2.649853">
				 <ele>-0.2</ele>
			 </trkpt>
			 <trkpt lat="39.564568" lon="2.650604">
				 <ele>-0.2</ele>
			 </trkpt>
			 <trkpt lat="39.564509" lon="2.651034">
				 <ele>0.1</ele>
			 </trkpt>
			 <trkpt lat="39.564431" lon="2.651718">
				 <ele>0.6</ele>
			 </trkpt>
			 <trkpt lat="39.564372" lon="2.652411">
				 <ele>1</ele>
			 </trkpt>
			 <trkpt lat="39.564337" lon="2.65294">
				 <ele>1.1</ele>
			 </trkpt>
			 <trkpt lat="39.564313" lon="2.653637">
				 <ele>1.2</ele>
			 </trkpt>
			 <trkpt lat="39.56431" lon="2.654949">
				 <ele>1.4</ele>
			 </trkpt>
			 <trkpt lat="39.564315" lon="2.655919">
				 <ele>1.7</ele>
			 </trkpt>
			 <trkpt lat="39.564315" lon="2.655992">
				 <ele>2.1</ele>
			 </trkpt>
			 <trkpt lat="39.564315" lon="2.65645">
				 <ele>2.5</ele>
			 </trkpt>
			 <trkpt lat="39.564316" lon="2.656488">
				 <ele>2.8</ele>
			 </trkpt>
			 <trkpt lat="39.564323" lon="2.656963">
				 <ele>3.3</ele>
			 </trkpt>
			 <trkpt lat="39.564326" lon="2.657219">
				 <ele>3.7</ele>
			 </trkpt>
			 <trkpt lat="39.56428" lon="2.657799">
				 <ele>4.1</ele>
			 </trkpt>
			 <trkpt lat="39.564268" lon="2.657951">
				 <ele>4.7</ele>
			 </trkpt>
			 <trkpt lat="39.564096" lon="2.658491">
				 <ele>5.3</ele>
			 </trkpt>
			 <trkpt lat="39.563925" lon="2.65903">
				 <ele>5.6</ele>
			 </trkpt>
			 <trkpt lat="39.563754" lon="2.659569">
				 <ele>5.6</ele>
			 </trkpt>
			 <trkpt lat="39.56372" lon="2.659677">
				 <ele>5.5</ele>
			 </trkpt>
			 <trkpt lat="39.563534" lon="2.660208">
				 <ele>5.2</ele>
			 </trkpt>
			 <trkpt lat="39.563348" lon="2.660739">
				 <ele>4.8</ele>
			 </trkpt>
			 <trkpt lat="39.563161" lon="2.66127">
				 <ele>4.5</ele>
			 </trkpt>
			 <trkpt lat="39.562975" lon="2.661801">
				 <ele>4.3</ele>
			 </trkpt>
			 <trkpt lat="39.562889" lon="2.662046">
				 <ele>4.5</ele>
			 </trkpt>
			 <trkpt lat="39.562691" lon="2.662569">
				 <ele>4.6</ele>
			 </trkpt>
			 <trkpt lat="39.562492" lon="2.663092">
				 <ele>4.1</ele>
			 </trkpt>
			 <trkpt lat="39.562428" lon="2.66326">
				 <ele>3.6</ele>
			 </trkpt>
			 <trkpt lat="39.56242" lon="2.663675">
				 <ele>3.3</ele>
			 </trkpt>
			 <trkpt lat="39.562444" lon="2.664258">
				 <ele>3.3</ele>
			 </trkpt>
			 <trkpt lat="39.562468" lon="2.66484">
				 <ele>3.2</ele>
			 </trkpt>
			 <trkpt lat="39.562492" lon="2.665423">
				 <ele>3</ele>
			 </trkpt>
			 <trkpt lat="39.562516" lon="2.666005">
				 <ele>2.9</ele>
			 </trkpt>
			 <trkpt lat="39.56254" lon="2.666588">
				 <ele>2.8</ele>
			 </trkpt>
			 <trkpt lat="39.562564" lon="2.66717">
				 <ele>2.6</ele>
			 </trkpt>
			 <trkpt lat="39.562635" lon="2.66777">
				 <ele>1.9</ele>
			 </trkpt>
			 <trkpt lat="39.562683" lon="2.668164">
				 <ele>1.2</ele>
			 </trkpt>
			 <trkpt lat="39.562764" lon="2.668515">
				 <ele>0.9</ele>
			 </trkpt>
			 <trkpt lat="39.562786" lon="2.668556">
				 <ele>0.8</ele>
			 </trkpt>
			 <trkpt lat="39.562855" lon="2.668875">
				 <ele>0.9</ele>
			 </trkpt>
			 <trkpt lat="39.562871" lon="2.669049">
				 <ele>0.9</ele>
			 </trkpt>
			 <trkpt lat="39.562867" lon="2.669166">
				 <ele>1</ele>
			 </trkpt>
			 <trkpt lat="39.562855" lon="2.669274">
				 <ele>1</ele>
			 </trkpt>
			 <trkpt lat="39.56283" lon="2.669389">
				 <ele>1</ele>
			 </trkpt>
			 <trkpt lat="39.562788" lon="2.669545">
				 <ele>1</ele>
			 </trkpt>
			 <trkpt lat="39.562739" lon="2.669656">
				 <ele>0.9</ele>
			 </trkpt>
			 <trkpt lat="39.562675" lon="2.669766">
				 <ele>0.9</ele>
			 </trkpt>
			 <trkpt lat="39.562378" lon="2.670153">
				 <ele>0.9</ele>
			 </trkpt>
			 <trkpt lat="39.562305" lon="2.670227">
				 <ele>0.9</ele>
			 </trkpt>
			 <trkpt lat="39.562236" lon="2.670295">
				 <ele>0.9</ele>
			 </trkpt>
			 <trkpt lat="39.562193" lon="2.67034">
				 <ele>0.8</ele>
			 </trkpt>
			 <trkpt lat="39.562045" lon="2.670486">
				 <ele>0.8</ele>
			 </trkpt>
			 <trkpt lat="39.561761" lon="2.670742">
				 <ele>0.7</ele>
			 </trkpt>
			 <trkpt lat="39.561674" lon="2.67082">
				 <ele>0.8</ele>
			 </trkpt>
			 <trkpt lat="39.561594" lon="2.670893">
				 <ele>0.9</ele>
			 </trkpt>
			 <trkpt lat="39.561384" lon="2.67088">
				 <ele>1</ele>
			 </trkpt>
			 <trkpt lat="39.560647" lon="2.670834">
				 <ele>1.1</ele>
			 </trkpt>
			 <trkpt lat="39.560544" lon="2.670826">
				 <ele>1.1</ele>
			 </trkpt>
			 <trkpt lat="39.560437" lon="2.670842">
				 <ele>1.1</ele>
			 </trkpt>
			 <trkpt lat="39.560398" lon="2.67088">
				 <ele>1.1</ele>
			 </trkpt>
			 <trkpt lat="39.560385" lon="2.670955">
				 <ele>1.1</ele>
			 </trkpt>
			 <trkpt lat="39.560405" lon="2.671234">
				 <ele>1.1</ele>
			 </trkpt>
			 <trkpt lat="39.56041" lon="2.671302">
				 <ele>1.1</ele>
			 </trkpt>
			 <trkpt lat="39.560415" lon="2.671371">
				 <ele>1.3</ele>
			 </trkpt>
			 <trkpt lat="39.560441" lon="2.671447">
				 <ele>1.5</ele>
			 </trkpt>
			 <trkpt lat="39.560479" lon="2.671565">
				 <ele>1.6</ele>
			 </trkpt>
			 <trkpt lat="39.560492" lon="2.671696">
				 <ele>1.8</ele>
			 </trkpt>
			 <trkpt lat="39.560482" lon="2.671889">
				 <ele>2</ele>
			 </trkpt>
			 <trkpt lat="39.560447" lon="2.672103">
				 <ele>2.2</ele>
			 </trkpt>
			 <trkpt lat="39.560365" lon="2.672409">
				 <ele>2.4</ele>
			 </trkpt>
			 <trkpt lat="39.560275" lon="2.672645">
				 <ele>2.5</ele>
			 </trkpt>
			 <trkpt lat="39.560158" lon="2.672849">
				 <ele>2.7</ele>
			 </trkpt>
			 <trkpt lat="39.560053" lon="2.67297">
				 <ele>2.9</ele>
			 </trkpt>
			 <trkpt lat="39.559962" lon="2.673031">
				 <ele>3.1</ele>
			 </trkpt>
			 <trkpt lat="39.559901" lon="2.673073">
				 <ele>3.1</ele>
			 </trkpt>
			 <trkpt lat="39.559857" lon="2.673095">
				 <ele>3.1</ele>
			 </trkpt>
			 <trkpt lat="39.559768" lon="2.673133">
				 <ele>3.3</ele>
			 </trkpt>
			 <trkpt lat="39.559689" lon="2.673142">
				 <ele>3.5</ele>
			 </trkpt>
			 <trkpt lat="39.559217" lon="2.672839">
				 <ele>3.6</ele>
			 </trkpt>
			 <trkpt lat="39.559175" lon="2.672821">
				 <ele>3.8</ele>
			 </trkpt>
			 <trkpt lat="39.559131" lon="2.672837">
				 <ele>4</ele>
			 </trkpt>
			 <trkpt lat="39.558955" lon="2.673246">
				 <ele>4</ele>
			 </trkpt>
			 <trkpt lat="39.558927" lon="2.67331">
				 <ele>3.8</ele>
			 </trkpt>
			 <trkpt lat="39.558896" lon="2.673382">
				 <ele>3.7</ele>
			 </trkpt>
			 <trkpt lat="39.558956" lon="2.673429">
				 <ele>3.6</ele>
			 </trkpt>
			 <trkpt lat="39.559092" lon="2.673537">
				 <ele>3.7</ele>
			 </trkpt>
			 <trkpt lat="39.559329" lon="2.673724">
				 <ele>3.9</ele>
			 </trkpt>
			 <trkpt lat="39.559656" lon="2.673984">
				 <ele>3.9</ele>
			 </trkpt>
			 <trkpt lat="39.559972" lon="2.674241">
				 <ele>3.9</ele>
			 </trkpt>
			 <trkpt lat="39.560108" lon="2.674352">
				 <ele>4</ele>
			 </trkpt>
			 <trkpt lat="39.560297" lon="2.674505">
				 <ele>4</ele>
			 </trkpt>
			 <trkpt lat="39.560592" lon="2.674033">
				 <ele>3.7</ele>
			 </trkpt>
			 <trkpt lat="39.560665" lon="2.673903">
				 <ele>3.6</ele>
			 </trkpt>
			 <trkpt lat="39.560697" lon="2.673813">
				 <ele>3.7</ele>
			 </trkpt>
			 <trkpt lat="39.560869" lon="2.673188">
				 <ele>3.6</ele>
			 </trkpt>
			 <trkpt lat="39.560975" lon="2.672805">
				 <ele>3.5</ele>
			 </trkpt>
			 <trkpt lat="39.561277" lon="2.671721">
				 <ele>3.2</ele>
			 </trkpt>
			 <trkpt lat="39.561311" lon="2.671596">
				 <ele>2.8</ele>
			 </trkpt>
			 <trkpt lat="39.561331" lon="2.671523">
				 <ele>2.5</ele>
			 </trkpt>
			 <trkpt lat="39.561421" lon="2.671187">
				 <ele>2</ele>
			 </trkpt>
			 <trkpt lat="39.561483" lon="2.671019">
				 <ele>1.5</ele>
			 </trkpt>
			 <trkpt lat="39.561594" lon="2.670893">
				 <ele>1</ele>
			 </trkpt>
			 <trkpt lat="39.561761" lon="2.670742">
				 <ele>0.8</ele>
			 </trkpt>
			 <trkpt lat="39.562045" lon="2.670486">
				 <ele>0.8</ele>
			 </trkpt>
			 <trkpt lat="39.562179" lon="2.670354">
				 <ele>0.8</ele>
			 </trkpt>
			 <trkpt lat="39.562236" lon="2.670295">
				 <ele>0.9</ele>
			 </trkpt>
			 <trkpt lat="39.562305" lon="2.670227">
				 <ele>0.9</ele>
			 </trkpt>
			 <trkpt lat="39.562378" lon="2.670153">
				 <ele>0.9</ele>
			 </trkpt>
			 <trkpt lat="39.562675" lon="2.669766">
				 <ele>0.9</ele>
			 </trkpt>
			 <trkpt lat="39.562739" lon="2.669656">
				 <ele>0.9</ele>
			 </trkpt>
			 <trkpt lat="39.562788" lon="2.669545">
				 <ele>1</ele>
			 </trkpt>
			 <trkpt lat="39.56283" lon="2.669389">
				 <ele>1</ele>
			 </trkpt>
			 <trkpt lat="39.562855" lon="2.669274">
				 <ele>1</ele>
			 </trkpt>
			 <trkpt lat="39.562867" lon="2.669166">
				 <ele>1.1</ele>
			 </trkpt>
			 <trkpt lat="39.562871" lon="2.669049">
				 <ele>1.1</ele>
			 </trkpt>
			 <trkpt lat="39.562855" lon="2.668875">
				 <ele>1</ele>
			 </trkpt>
			 <trkpt lat="39.562786" lon="2.668556">
				 <ele>1</ele>
			 </trkpt>
			 <trkpt lat="39.562723" lon="2.66825">
				 <ele>1.3</ele>
			 </trkpt>
			 <trkpt lat="39.562638" lon="2.667677">
				 <ele>2</ele>
			 </trkpt>
			 <trkpt lat="39.562565" lon="2.667183">
				 <ele>2.7</ele>
			 </trkpt>
			 <trkpt lat="39.562538" lon="2.666601">
				 <ele>3</ele>
			 </trkpt>
			 <trkpt lat="39.562511" lon="2.666018">
				 <ele>3</ele>
			 </trkpt>
			 <trkpt lat="39.562483" lon="2.665436">
				 <ele>3.2</ele>
			 </trkpt>
			 <trkpt lat="39.562456" lon="2.664854">
				 <ele>3.5</ele>
			 </trkpt>
			 <trkpt lat="39.562429" lon="2.664272">
				 <ele>3.5</ele>
			 </trkpt>
			 <trkpt lat="39.562402" lon="2.663704">
				 <ele>3.8</ele>
			 </trkpt>
			 <trkpt lat="39.56242" lon="2.663264">
				 <ele>4.5</ele>
			 </trkpt>
			 <trkpt lat="39.562617" lon="2.66274">
				 <ele>5.2</ele>
			 </trkpt>
			 <trkpt lat="39.562811" lon="2.662226">
				 <ele>5.5</ele>
			 </trkpt>
			 <trkpt lat="39.562995" lon="2.661694">
				 <ele>5.1</ele>
			 </trkpt>
			 <trkpt lat="39.563178" lon="2.661161">
				 <ele>4.7</ele>
			 </trkpt>
			 <trkpt lat="39.563362" lon="2.660629">
				 <ele>4.8</ele>
			 </trkpt>
			 <trkpt lat="39.563545" lon="2.660096">
				 <ele>5.2</ele>
			 </trkpt>
			 <trkpt lat="39.563729" lon="2.659564">
				 <ele>5.4</ele>
			 </trkpt>
			 <trkpt lat="39.563913" lon="2.659032">
				 <ele>5.3</ele>
			 </trkpt>
			 <trkpt lat="39.564096" lon="2.658499">
				 <ele>5.2</ele>
			 </trkpt>
			 <trkpt lat="39.56428" lon="2.657967">
				 <ele>4.9</ele>
			 </trkpt>
			 <trkpt lat="39.564292" lon="2.657932">
				 <ele>4.5</ele>
			 </trkpt>
			 <trkpt lat="39.564345" lon="2.657353">
				 <ele>4.2</ele>
			 </trkpt>
			 <trkpt lat="39.564399" lon="2.656774">
				 <ele>4.3</ele>
			 </trkpt>
			 <trkpt lat="39.564403" lon="2.656728">
				 <ele>4.7</ele>
			 </trkpt>
			 <trkpt lat="39.564573" lon="2.656609">
				 <ele>5.3</ele>
			 </trkpt>
			 <trkpt lat="39.56502" lon="2.656667">
				 <ele>6</ele>
			 </trkpt>
			 <trkpt lat="39.565468" lon="2.656725">
				 <ele>7.1</ele>
			 </trkpt>
			 <trkpt lat="39.565708" lon="2.656756">
				 <ele>8.4</ele>
			 </trkpt>
			 <trkpt lat="39.565978" lon="2.65679">
				 <ele>9.9</ele>
			 </trkpt>
			 <trkpt lat="39.566077" lon="2.6568">
				 <ele>11.6</ele>
			 </trkpt>
			 <trkpt lat="39.566375" lon="2.656838">
				 <ele>13.4</ele>
			 </trkpt>
			 <trkpt lat="39.566639" lon="2.65687">
				 <ele>14.9</ele>
			 </trkpt>
			 <trkpt lat="39.566692" lon="2.656887">
				 <ele>16.3</ele>
			 </trkpt>
			 <trkpt lat="39.566757" lon="2.656923">
				 <ele>17.5</ele>
			 </trkpt>
			 <trkpt lat="39.566821" lon="2.656974">
				 <ele>18.5</ele>
			 </trkpt>
			 <trkpt lat="39.566903" lon="2.657054">
				 <ele>19.4</ele>
			 </trkpt>
			 <trkpt lat="39.567308" lon="2.657468">
				 <ele>20</ele>
			 </trkpt>
			 <trkpt lat="39.567356" lon="2.657501">
				 <ele>20.2</ele>
			 </trkpt>
			 <trkpt lat="39.567448" lon="2.657541">
				 <ele>20.1</ele>
			 </trkpt>
			 <trkpt lat="39.56753" lon="2.657536">
				 <ele>20</ele>
			 </trkpt>
			 <trkpt lat="39.56763" lon="2.657513">
				 <ele>19.9</ele>
			 </trkpt>
			 <trkpt lat="39.567661" lon="2.657497">
				 <ele>19.7</ele>
			 </trkpt>
			 <trkpt lat="39.567837" lon="2.657435">
				 <ele>19.6</ele>
			 </trkpt>
			 <trkpt lat="39.568003" lon="2.657368">
				 <ele>19.5</ele>
			 </trkpt>
			 <trkpt lat="39.568352" lon="2.657213">
				 <ele>19.3</ele>
			 </trkpt>
			 <trkpt lat="39.568688" lon="2.657075">
				 <ele>19.1</ele>
			 </trkpt>
			 <trkpt lat="39.568768" lon="2.657043">
				 <ele>19.2</ele>
			 </trkpt>
			 <trkpt lat="39.568948" lon="2.656982">
				 <ele>19.5</ele>
			 </trkpt>
			 <trkpt lat="39.569086" lon="2.657016">
				 <ele>20.1</ele>
			 </trkpt>
			 <trkpt lat="39.569503" lon="2.657232">
				 <ele>20.9</ele>
			 </trkpt>
			 <trkpt lat="39.569585" lon="2.657273">
				 <ele>21.7</ele>
			 </trkpt>
			 <trkpt lat="39.569905" lon="2.657435">
				 <ele>22.5</ele>
			 </trkpt>
			 <trkpt lat="39.570039" lon="2.657461">
				 <ele>23.1</ele>
			 </trkpt>
			 <trkpt lat="39.57007" lon="2.657452">
				 <ele>23.6</ele>
			 </trkpt>
			 <trkpt lat="39.570111" lon="2.65736">
				 <ele>24</ele>
			 </trkpt>
			 <trkpt lat="39.5702" lon="2.656788">
				 <ele>24.5</ele>
			 </trkpt>
			 <trkpt lat="39.57024" lon="2.656526">
				 <ele>24.9</ele>
			 </trkpt>
			 <trkpt lat="39.570247" lon="2.656477">
				 <ele>24.9</ele>
			 </trkpt>
			 <trkpt lat="39.570197" lon="2.656468">
				 <ele>24.5</ele>
			 </trkpt>
			 <trkpt lat="39.56931" lon="2.656339">
				 <ele>23.7</ele>
			 </trkpt>
			 <trkpt lat="39.569015" lon="2.656304">
				 <ele>22.8</ele>
			 </trkpt>
			 <trkpt lat="39.568624" lon="2.656228">
				 <ele>21.7</ele>
			 </trkpt>
			 <trkpt lat="39.56841" lon="2.656193">
				 <ele>20.6</ele>
			 </trkpt>
			 <trkpt lat="39.567662" lon="2.656075">
				 <ele>19.6</ele>
			 </trkpt>
			 <trkpt lat="39.566927" lon="2.655867">
				 <ele>18.6</ele>
			 </trkpt>
			 <trkpt lat="39.566598" lon="2.655813">
				 <ele>17.9</ele>
			 </trkpt>
			 <trkpt lat="39.56644" lon="2.655787">
				 <ele>17.1</ele>
			 </trkpt>
			 <trkpt lat="39.566247" lon="2.655755">
				 <ele>16.5</ele>
			 </trkpt>
			 <trkpt lat="39.566254" lon="2.655692">
				 <ele>15.9</ele>
			 </trkpt>
			 <trkpt lat="39.566022" lon="2.655616">
				 <ele>15.5</ele>
			 </trkpt>
			 <trkpt lat="39.565991" lon="2.655606">
				 <ele>15.2</ele>
			 </trkpt>
			 <trkpt lat="39.565537" lon="2.655473">
				 <ele>14.9</ele>
			 </trkpt>
			 <trkpt lat="39.565503" lon="2.655441">
				 <ele>14.6</ele>
			 </trkpt>
			 <trkpt lat="39.5655" lon="2.655396">
				 <ele>14.3</ele>
			 </trkpt>
			 <trkpt lat="39.565569" lon="2.655194">
				 <ele>13.9</ele>
			 </trkpt>
			 <trkpt lat="39.565648" lon="2.654784">
				 <ele>13.5</ele>
			 </trkpt>
			 <trkpt lat="39.56566" lon="2.65468">
				 <ele>13</ele>
			 </trkpt>
			 <trkpt lat="39.565407" lon="2.654655">
				 <ele>12.4</ele>
			 </trkpt>
			 <trkpt lat="39.565359" lon="2.65452">
				 <ele>11.6</ele>
			 </trkpt>
			 <trkpt lat="39.565362" lon="2.65426">
				 <ele>10.7</ele>
			 </trkpt>
			 <trkpt lat="39.565357" lon="2.653837">
				 <ele>9.8</ele>
			 </trkpt>
			 <trkpt lat="39.565346" lon="2.652886">
				 <ele>9.1</ele>
			 </trkpt>
			 <trkpt lat="39.565331" lon="2.652497">
				 <ele>8.4</ele>
			 </trkpt>
			 <trkpt lat="39.56509" lon="2.652522">
				 <ele>7.8</ele>
			 </trkpt>
			 <trkpt lat="39.564957" lon="2.651941">
				 <ele>7.5</ele>
			 </trkpt>
			 <trkpt lat="39.564946" lon="2.651893">
				 <ele>7.5</ele>
			 </trkpt>
			 <trkpt lat="39.56497" lon="2.651815">
				 <ele>7.4</ele>
			 </trkpt>
			 <trkpt lat="39.565087" lon="2.65166">
				 <ele>7</ele>
			 </trkpt>
			 <trkpt lat="39.565272" lon="2.651588">
				 <ele>6.7</ele>
			 </trkpt>
			 <trkpt lat="39.565401" lon="2.651539">
				 <ele>7</ele>
			 </trkpt>
			 <trkpt lat="39.565598" lon="2.651539">
				 <ele>7.5</ele>
			 </trkpt>
			 <trkpt lat="39.565812" lon="2.650988">
				 <ele>8.7</ele>
			 </trkpt>
			 <trkpt lat="39.566023" lon="2.650473">
				 <ele>10.2</ele>
			 </trkpt>
			 <trkpt lat="39.566046" lon="2.650417">
				 <ele>11.9</ele>
			 </trkpt>
			 <trkpt lat="39.566365" lon="2.650466">
				 <ele>13.6</ele>
			 </trkpt>
			 <trkpt lat="39.566446" lon="2.650489">
				 <ele>15.3</ele>
			 </trkpt>
			 <trkpt lat="39.56678" lon="2.650546">
				 <ele>16.6</ele>
			 </trkpt>
			 <trkpt lat="39.567142" lon="2.650608">
				 <ele>18.3</ele>
			 </trkpt>
			 <trkpt lat="39.567481" lon="2.650951">
				 <ele>20.3</ele>
			 </trkpt>
			 <trkpt lat="39.56776" lon="2.651181">
				 <ele>22.3</ele>
			 </trkpt>
			 <trkpt lat="39.567936" lon="2.651325">
				 <ele>23.7</ele>
			 </trkpt>
			 <trkpt lat="39.568138" lon="2.651493">
				 <ele>25</ele>
			 </trkpt>
			 <trkpt lat="39.568136" lon="2.651636">
				 <ele>25.5</ele>
			 </trkpt>
			 <trkpt lat="39.568081" lon="2.652113">
				 <ele>25.5</ele>
			 </trkpt>
			 <trkpt lat="39.56801" lon="2.652746">
				 <ele>25.4</ele>
			 </trkpt>
			 <trkpt lat="39.567957" lon="2.653089">
				 <ele>25.2</ele>
			 </trkpt>
			 <trkpt lat="39.567909" lon="2.65344">
				 <ele>25</ele>
			 </trkpt>
			 <trkpt lat="39.567814" lon="2.654155">
				 <ele>25.2</ele>
			 </trkpt>
			 <trkpt lat="39.567834" lon="2.65436">
				 <ele>25.4</ele>
			 </trkpt>
			 <trkpt lat="39.567863" lon="2.65447">
				 <ele>25.4</ele>
			 </trkpt>
			 <trkpt lat="39.567949" lon="2.654217">
				 <ele>25.3</ele>
			 </trkpt>
			 <trkpt lat="39.568015" lon="2.654028">
				 <ele>25.4</ele>
			 </trkpt>
			 <trkpt lat="39.568439" lon="2.652824">
				 <ele>25.5</ele>
			 </trkpt>
			 <trkpt lat="39.568485" lon="2.652695">
				 <ele>26</ele>
			 </trkpt>
			 <trkpt lat="39.568542" lon="2.652527">
				 <ele>26.5</ele>
			 </trkpt>
			 <trkpt lat="39.568597" lon="2.65223">
				 <ele>27</ele>
			 </trkpt>
			 <trkpt lat="39.56853" lon="2.652085">
				 <ele>27.5</ele>
			 </trkpt>
			 <trkpt lat="39.568583" lon="2.65197">
				 <ele>28</ele>
			 </trkpt>
			 <trkpt lat="39.568797" lon="2.651492">
				 <ele>28.3</ele>
			 </trkpt>
			 <trkpt lat="39.568835" lon="2.651409">
				 <ele>28.5</ele>
			 </trkpt>
			 <trkpt lat="39.568957" lon="2.651109">
				 <ele>28.7</ele>
			 </trkpt>
			 <trkpt lat="39.569019" lon="2.651085">
				 <ele>29</ele>
			 </trkpt>
			 <trkpt lat="39.569135" lon="2.65081">
				 <ele>29.2</ele>
			 </trkpt>
			 <trkpt lat="39.569033" lon="2.650769">
				 <ele>29.5</ele>
			 </trkpt>
			 <trkpt lat="39.568881" lon="2.650709">
				 <ele>29.6</ele>
			 </trkpt>
			 <trkpt lat="39.568787" lon="2.650864">
				 <ele>29.8</ele>
			 </trkpt>
			 <trkpt lat="39.568695" lon="2.65086">
				 <ele>29.8</ele>
			 </trkpt>
			 <trkpt lat="39.568641" lon="2.650847">
				 <ele>29.6</ele>
			 </trkpt>
			 <trkpt lat="39.568495" lon="2.650762">
				 <ele>29.3</ele>
			 </trkpt>
			 <trkpt lat="39.568276" lon="2.650635">
				 <ele>28.7</ele>
			 </trkpt>
			 <trkpt lat="39.568044" lon="2.650539">
				 <ele>28.2</ele>
			 </trkpt>
			 <trkpt lat="39.567785" lon="2.650461">
				 <ele>27.7</ele>
			 </trkpt>
			 <trkpt lat="39.567583" lon="2.650388">
				 <ele>27.4</ele>
			 </trkpt>
			 <trkpt lat="39.567585" lon="2.650332">
				 <ele>27</ele>
			 </trkpt>
			 <trkpt lat="39.567602" lon="2.650131">
				 <ele>26.1</ele>
			 </trkpt>
			 <trkpt lat="39.567539" lon="2.650099">
				 <ele>24.7</ele>
			 </trkpt>
			 <trkpt lat="39.567594" lon="2.649927">
				 <ele>23.3</ele>
			 </trkpt>
			 <trkpt lat="39.567637" lon="2.649794">
				 <ele>21.9</ele>
			 </trkpt>
			 <trkpt lat="39.56769" lon="2.649616">
				 <ele>20.6</ele>
			 </trkpt>
			 <trkpt lat="39.567375" lon="2.649436">
				 <ele>19.5</ele>
			 </trkpt>
			 <trkpt lat="39.567112" lon="2.649224">
				 <ele>18.3</ele>
			 </trkpt>
			 <trkpt lat="39.567009" lon="2.649128">
				 <ele>17.1</ele>
			 </trkpt>
			 <trkpt lat="39.566962" lon="2.649052">
				 <ele>16.1</ele>
			 </trkpt>
			 <trkpt lat="39.566957" lon="2.648997">
				 <ele>15.4</ele>
			 </trkpt>
			 <trkpt lat="39.567016" lon="2.648783">
				 <ele>14.9</ele>
			 </trkpt>
			 <trkpt lat="39.567045" lon="2.648562">
				 <ele>15</ele>
			 </trkpt>
			 <trkpt lat="39.567059" lon="2.648406">
				 <ele>15.8</ele>
			 </trkpt>
			 <trkpt lat="39.567149" lon="2.648072">
				 <ele>17</ele>
			 </trkpt>
			 <trkpt lat="39.567384" lon="2.647452">
				 <ele>18.5</ele>
			 </trkpt>
			 <trkpt lat="39.567557" lon="2.647541">
				 <ele>20.3</ele>
			 </trkpt>
			 <trkpt lat="39.567691" lon="2.647611">
				 <ele>22.1</ele>
			 </trkpt>
			 <trkpt lat="39.568008" lon="2.647764">
				 <ele>24.1</ele>
			 </trkpt>
			 <trkpt lat="39.568265" lon="2.64788">
				 <ele>26</ele>
			 </trkpt>
			 <trkpt lat="39.568432" lon="2.64797">
				 <ele>27.9</ele>
			 </trkpt>
			 <trkpt lat="39.568721" lon="2.648136">
				 <ele>29.5</ele>
			 </trkpt>
			 <trkpt lat="39.568875" lon="2.648662">
				 <ele>30.7</ele>
			 </trkpt>
			 <trkpt lat="39.568963" lon="2.648963">
				 <ele>31.9</ele>
			 </trkpt>
			 <trkpt lat="39.569092" lon="2.64944">
				 <ele>32.8</ele>
			 </trkpt>
			 <trkpt lat="39.569434" lon="2.649919">
				 <ele>33.4</ele>
			 </trkpt>
			 <trkpt lat="39.569458" lon="2.650013">
				 <ele>33.5</ele>
			 </trkpt>
			 <trkpt lat="39.569462" lon="2.65015">
				 <ele>33.5</ele>
			 </trkpt>
			 <trkpt lat="39.569476" lon="2.650262">
				 <ele>33.4</ele>
			 </trkpt>
			 <trkpt lat="39.569422" lon="2.650356">
				 <ele>33.2</ele>
			 </trkpt>
			 <trkpt lat="39.569262" lon="2.650637">
				 <ele>33</ele>
			 </trkpt>
			 <trkpt lat="39.56945" lon="2.650771">
				 <ele>32.6</ele>
			 </trkpt>
			 <trkpt lat="39.56949" lon="2.6508">
				 <ele>32.4</ele>
			 </trkpt>
			 <trkpt lat="39.569645" lon="2.650911">
				 <ele>32.2</ele>
			 </trkpt>
			 <trkpt lat="39.569719" lon="2.650963">
				 <ele>31.9</ele>
			 </trkpt>
			 <trkpt lat="39.569638" lon="2.651117">
				 <ele>31.8</ele>
			 </trkpt>
			 <trkpt lat="39.569735" lon="2.651182">
				 <ele>31.7</ele>
			 </trkpt>
			 <trkpt lat="39.56982" lon="2.651226">
				 <ele>31.7</ele>
			 </trkpt>
			 <trkpt lat="39.569881" lon="2.651259">
				 <ele>31.7</ele>
			 </trkpt>
			 <trkpt lat="39.569845" lon="2.651405">
				 <ele>31.6</ele>
			 </trkpt>
			 <trkpt lat="39.57007" lon="2.651546">
				 <ele>31.6</ele>
			 </trkpt>
			 <trkpt lat="39.570436" lon="2.651775">
				 <ele>31.7</ele>
			 </trkpt>
			 <trkpt lat="39.570375" lon="2.651895">
				 <ele>31.8</ele>
			 </trkpt>
			 <trkpt lat="39.57033" lon="2.65199">
				 <ele>31.7</ele>
			 </trkpt>
			 <trkpt lat="39.57028" lon="2.652154">
				 <ele>31.5</ele>
			 </trkpt>
			 <trkpt lat="39.570374" lon="2.652569">
				 <ele>31.4</ele>
			 </trkpt>
			 <trkpt lat="39.570387" lon="2.652622">
				 <ele>31.2</ele>
			 </trkpt>
			 <trkpt lat="39.570443" lon="2.652847">
				 <ele>31.2</ele>
			 </trkpt>
			 <trkpt lat="39.570493" lon="2.653046">
				 <ele>31.1</ele>
			 </trkpt>
			 <trkpt lat="39.570559" lon="2.653263">
				 <ele>30.9</ele>
			 </trkpt>
			 <trkpt lat="39.570615" lon="2.653448">
				 <ele>30.7</ele>
			 </trkpt>
			 <trkpt lat="39.570691" lon="2.653619">
				 <ele>30.5</ele>
			 </trkpt>
			 <trkpt lat="39.570763" lon="2.653781">
				 <ele>30.3</ele>
			 </trkpt>
			 <trkpt lat="39.570967" lon="2.654104">
				 <ele>30</ele>
			 </trkpt>
			 <trkpt lat="39.571128" lon="2.654332">
				 <ele>29.8</ele>
			 </trkpt>
			 <trkpt lat="39.571437" lon="2.654756">
				 <ele>29.8</ele>
			 </trkpt>
			 <trkpt lat="39.571683" lon="2.654508">
				 <ele>29.9</ele>
			 </trkpt>
			 <trkpt lat="39.571521" lon="2.654164">
				 <ele>30.1</ele>
			 </trkpt>
			 <trkpt lat="39.571507" lon="2.654134">
				 <ele>30.3</ele>
			 </trkpt>
			 <trkpt lat="39.57138" lon="2.653818">
				 <ele>30.5</ele>
			 </trkpt>
			 <trkpt lat="39.571344" lon="2.653714">
				 <ele>30.9</ele>
			 </trkpt>
			 <trkpt lat="39.571245" lon="2.653369">
				 <ele>31.2</ele>
			 </trkpt>
			 <trkpt lat="39.57119" lon="2.653191">
				 <ele>31.4</ele>
			 </trkpt>
			 <trkpt lat="39.57114" lon="2.653026">
				 <ele>31.6</ele>
			 </trkpt>
			 <trkpt lat="39.571111" lon="2.652934">
				 <ele>31.8</ele>
			 </trkpt>
			 <trkpt lat="39.571087" lon="2.652855">
				 <ele>31.9</ele>
			 </trkpt>
			 <trkpt lat="39.57096" lon="2.652541">
				 <ele>32</ele>
			 </trkpt>
			 <trkpt lat="39.570919" lon="2.652415">
				 <ele>32</ele>
			 </trkpt>
			 <trkpt lat="39.570884" lon="2.652307">
				 <ele>31.9</ele>
			 </trkpt>
			 <trkpt lat="39.570853" lon="2.652209">
				 <ele>31.8</ele>
			 </trkpt>
			 <trkpt lat="39.570761" lon="2.651898">
				 <ele>31.7</ele>
			 </trkpt>
			 <trkpt lat="39.570776" lon="2.651552">
				 <ele>31.5</ele>
			 </trkpt>
			 <trkpt lat="39.570777" lon="2.651511">
				 <ele>31.4</ele>
			 </trkpt>
			 <trkpt lat="39.570779" lon="2.651452">
				 <ele>31.2</ele>
			 </trkpt>
			 <trkpt lat="39.570778" lon="2.651365">
				 <ele>31</ele>
			 </trkpt>
			 <trkpt lat="39.570815" lon="2.651374">
				 <ele>31</ele>
			 </trkpt>
			 <trkpt lat="39.570941" lon="2.651443">
				 <ele>31.2</ele>
			 </trkpt>
			 <trkpt lat="39.571093" lon="2.651527">
				 <ele>31.3</ele>
			 </trkpt>
			 <trkpt lat="39.571158" lon="2.651559">
				 <ele>31.3</ele>
			 </trkpt>
			 <trkpt lat="39.571228" lon="2.651619">
				 <ele>31.2</ele>
			 </trkpt>
			 <trkpt lat="39.571406" lon="2.651744">
				 <ele>31.1</ele>
			 </trkpt>
			 <trkpt lat="39.571571" lon="2.651857">
				 <ele>31</ele>
			 </trkpt>
			 <trkpt lat="39.571617" lon="2.651875">
				 <ele>31.1</ele>
			 </trkpt>
			 <trkpt lat="39.571675" lon="2.651907">
				 <ele>31.3</ele>
			 </trkpt>
			 <trkpt lat="39.571932" lon="2.652003">
				 <ele>31.5</ele>
			 </trkpt>
			 <trkpt lat="39.571983" lon="2.652016">
				 <ele>31.7</ele>
			 </trkpt>
			 <trkpt lat="39.572264" lon="2.652083">
				 <ele>32</ele>
			 </trkpt>
			 <trkpt lat="39.572349" lon="2.652089">
				 <ele>32.1</ele>
			 </trkpt>
			 <trkpt lat="39.572685" lon="2.652117">
				 <ele>32.1</ele>
			 </trkpt>
			 <trkpt lat="39.572742" lon="2.652111">
				 <ele>32.1</ele>
			 </trkpt>
			 <trkpt lat="39.57291" lon="2.652106">
				 <ele>32.2</ele>
			 </trkpt>
			 <trkpt lat="39.573086" lon="2.652109">
				 <ele>32.4</ele>
			 </trkpt>
			 <trkpt lat="39.573768" lon="2.652122">
				 <ele>32.6</ele>
			 </trkpt>
			 <trkpt lat="39.573857" lon="2.652123">
				 <ele>33.2</ele>
			 </trkpt>
			 <trkpt lat="39.57394" lon="2.652125">
				 <ele>33.8</ele>
			 </trkpt>
			 <trkpt lat="39.574045" lon="2.652127">
				 <ele>34.2</ele>
			 </trkpt>
			 <trkpt lat="39.574348" lon="2.652135">
				 <ele>34.1</ele>
			 </trkpt>
			 <trkpt lat="39.574428" lon="2.652134">
				 <ele>33.9</ele>
			 </trkpt>
			 <trkpt lat="39.574935" lon="2.652143">
				 <ele>34</ele>
			 </trkpt>
			 <trkpt lat="39.575194" lon="2.652148">
				 <ele>34</ele>
			 </trkpt>
			 <trkpt lat="39.575666" lon="2.652249">
				 <ele>34</ele>
			 </trkpt>
			 <trkpt lat="39.576182" lon="2.652359">
				 <ele>34</ele>
			 </trkpt>
			 <trkpt lat="39.576401" lon="2.652359">
				 <ele>33.8</ele>
			 </trkpt>
			 <trkpt lat="39.576833" lon="2.65236">
				 <ele>33.5</ele>
			 </trkpt>
			 <trkpt lat="39.577249" lon="2.65236">
				 <ele>33</ele>
			 </trkpt>
			 <trkpt lat="39.577352" lon="2.65236">
				 <ele>32.4</ele>
			 </trkpt>
			 <trkpt lat="39.577433" lon="2.652155">
				 <ele>32</ele>
			 </trkpt>
			 <trkpt lat="39.577578" lon="2.651707">
				 <ele>32.1</ele>
			 </trkpt>
			 <trkpt lat="39.577658" lon="2.651463">
				 <ele>32.3</ele>
			 </trkpt>
			 <trkpt lat="39.577826" lon="2.650949">
				 <ele>32.5</ele>
			 </trkpt>
			 <trkpt lat="39.577902" lon="2.650714">
				 <ele>33</ele>
			 </trkpt>
			 <trkpt lat="39.578061" lon="2.650206">
				 <ele>33.5</ele>
			 </trkpt>
			 <trkpt lat="39.578111" lon="2.650061">
				 <ele>33.8</ele>
			 </trkpt>
			 <trkpt lat="39.578223" lon="2.649744">
				 <ele>34.2</ele>
			 </trkpt>
			 <trkpt lat="39.578387" lon="2.649255">
				 <ele>34.5</ele>
			 </trkpt>
			 <trkpt lat="39.578415" lon="2.649131">
				 <ele>33.9</ele>
			 </trkpt>
			 <trkpt lat="39.578417" lon="2.649062">
				 <ele>33.4</ele>
			 </trkpt>
			 <trkpt lat="39.578405" lon="2.648987">
				 <ele>32.7</ele>
			 </trkpt>
			 <trkpt lat="39.578357" lon="2.648877">
				 <ele>32</ele>
			 </trkpt>
			 <trkpt lat="39.578293" lon="2.648791">
				 <ele>31.2</ele>
			 </trkpt>
			 <trkpt lat="39.577833" lon="2.648331">
				 <ele>30.1</ele>
			 </trkpt>
			 <trkpt lat="39.577628" lon="2.648125">
				 <ele>29.2</ele>
			 </trkpt>
			 <trkpt lat="39.577301" lon="2.647769">
				 <ele>28.5</ele>
			 </trkpt>
			 <trkpt lat="39.577212" lon="2.647674">
				 <ele>28</ele>
			 </trkpt>
			 <trkpt lat="39.576994" lon="2.647437">
				 <ele>27.5</ele>
			 </trkpt>
			 <trkpt lat="39.576819" lon="2.647242">
				 <ele>27.1</ele>
			 </trkpt>
			 <trkpt lat="39.576462" lon="2.646847">
				 <ele>27.4</ele>
			 </trkpt>
			 <trkpt lat="39.5763" lon="2.646669">
				 <ele>27.6</ele>
			 </trkpt>
			 <trkpt lat="39.576263" lon="2.646565">
				 <ele>27.5</ele>
			 </trkpt>
			 <trkpt lat="39.576242" lon="2.64647">
				 <ele>27.5</ele>
			 </trkpt>
			 <trkpt lat="39.57623" lon="2.646366">
				 <ele>27.4</ele>
			 </trkpt>
			 <trkpt lat="39.576206" lon="2.645828">
				 <ele>27.4</ele>
			 </trkpt>
			 <trkpt lat="39.576199" lon="2.645715">
				 <ele>27.2</ele>
			 </trkpt>
			 <trkpt lat="39.576149" lon="2.644621">
				 <ele>26.8</ele>
			 </trkpt>
			 <trkpt lat="39.576139" lon="2.644494">
				 <ele>26.5</ele>
			 </trkpt>
			 <trkpt lat="39.576134" lon="2.644423">
				 <ele>26</ele>
			 </trkpt>
			 <trkpt lat="39.576121" lon="2.644141">
				 <ele>25.5</ele>
			 </trkpt>
			 <trkpt lat="39.576116" lon="2.643996">
				 <ele>24.9</ele>
			 </trkpt>
			 <trkpt lat="39.575983" lon="2.644016">
				 <ele>24.5</ele>
			 </trkpt>
			 <trkpt lat="39.575485" lon="2.643839">
				 <ele>25.3</ele>
			 </trkpt>
			 <trkpt lat="39.574592" lon="2.643524">
				 <ele>25.6</ele>
			 </trkpt>
			 <trkpt lat="39.574387" lon="2.643459">
				 <ele>25.9</ele>
			 </trkpt>
			 <trkpt lat="39.574342" lon="2.643421">
				 <ele>26.2</ele>
			 </trkpt>
			 <trkpt lat="39.574225" lon="2.643259">
				 <ele>26.5</ele>
			 </trkpt>
			 <trkpt lat="39.573775" lon="2.642515">
				 <ele>26.6</ele>
			 </trkpt>
			 <trkpt lat="39.573525" lon="2.642089">
				 <ele>26.6</ele>
			 </trkpt>
			 <trkpt lat="39.573407" lon="2.641908">
				 <ele>26.7</ele>
			 </trkpt>
			 <trkpt lat="39.573329" lon="2.641786">
				 <ele>26.8</ele>
			 </trkpt>
			 <trkpt lat="39.573259" lon="2.641722">
				 <ele>26.8</ele>
			 </trkpt>
			 <trkpt lat="39.573226" lon="2.641708">
				 <ele>26.6</ele>
			 </trkpt>
			 <trkpt lat="39.573077" lon="2.641684">
				 <ele>25.9</ele>
			 </trkpt>
			 <trkpt lat="39.572622" lon="2.641605">
				 <ele>25.5</ele>
			 </trkpt>
			 <trkpt lat="39.572604" lon="2.641755">
				 <ele>25.3</ele>
			 </trkpt>
			 <trkpt lat="39.572567" lon="2.642058">
				 <ele>24.9</ele>
			 </trkpt>
			 <trkpt lat="39.572553" lon="2.64216">
				 <ele>24.5</ele>
			 </trkpt>
			 <trkpt lat="39.572541" lon="2.642281">
				 <ele>24.4</ele>
			 </trkpt>
			 <trkpt lat="39.572676" lon="2.64231">
				 <ele>24.6</ele>
			 </trkpt>
			 <trkpt lat="39.572822" lon="2.642341">
				 <ele>25.2</ele>
			 </trkpt>
			 <trkpt lat="39.572891" lon="2.642358">
				 <ele>25.7</ele>
			 </trkpt>
			 <trkpt lat="39.572987" lon="2.642384">
				 <ele>26.3</ele>
			 </trkpt>
			 <trkpt lat="39.573054" lon="2.642442">
				 <ele>26.5</ele>
			 </trkpt>
			 <trkpt lat="39.57318" lon="2.642672">
				 <ele>26.5</ele>
			 </trkpt>
			 <trkpt lat="39.573436" lon="2.64308">
				 <ele>26.5</ele>
			 </trkpt>
			 <trkpt lat="39.573587" lon="2.643343">
				 <ele>26.6</ele>
			 </trkpt>
			 <trkpt lat="39.573642" lon="2.643438">
				 <ele>26.7</ele>
			 </trkpt>
			 <trkpt lat="39.573776" lon="2.64367">
				 <ele>26.9</ele>
			 </trkpt>
			 <trkpt lat="39.573947" lon="2.64398">
				 <ele>26.9</ele>
			 </trkpt>
			 <trkpt lat="39.574241" lon="2.644115">
				 <ele>26.5</ele>
			 </trkpt>
			 <trkpt lat="39.574488" lon="2.644198">
				 <ele>25.9</ele>
			 </trkpt>
			 <trkpt lat="39.57469" lon="2.644266">
				 <ele>25.5</ele>
			 </trkpt>
			 <trkpt lat="39.574858" lon="2.644333">
				 <ele>25.2</ele>
			 </trkpt>
			 <trkpt lat="39.574954" lon="2.644367">
				 <ele>25.3</ele>
			 </trkpt>
			 <trkpt lat="39.57542" lon="2.644558">
				 <ele>25.6</ele>
			 </trkpt>
			 <trkpt lat="39.575643" lon="2.64465">
				 <ele>26</ele>
			 </trkpt>
			 <trkpt lat="39.575701" lon="2.644667">
				 <ele>26.5</ele>
			 </trkpt>
			 <trkpt lat="39.575734" lon="2.644741">
				 <ele>27.1</ele>
			 </trkpt>
			 <trkpt lat="39.575754" lon="2.644815">
				 <ele>27.6</ele>
			 </trkpt>
			 <trkpt lat="39.575751" lon="2.644917">
				 <ele>28.1</ele>
			 </trkpt>
			 <trkpt lat="39.575713" lon="2.64495">
				 <ele>28.4</ele>
			 </trkpt>
			 <trkpt lat="39.575493" lon="2.645141">
				 <ele>28.8</ele>
			 </trkpt>
			 <trkpt lat="39.575122" lon="2.645462">
				 <ele>29.2</ele>
			 </trkpt>
			 <trkpt lat="39.57504" lon="2.645534">
				 <ele>29.4</ele>
			 </trkpt>
			 <trkpt lat="39.574862" lon="2.645536">
				 <ele>29.4</ele>
			 </trkpt>
			 <trkpt lat="39.574579" lon="2.645591">
				 <ele>28.9</ele>
			 </trkpt>
			 <trkpt lat="39.573875" lon="2.645655">
				 <ele>28.5</ele>
			 </trkpt>
			 <trkpt lat="39.573649" lon="2.645696">
				 <ele>27.8</ele>
			 </trkpt>
			 <trkpt lat="39.573482" lon="2.645727">
				 <ele>27</ele>
			 </trkpt>
			 <trkpt lat="39.573342" lon="2.645769">
				 <ele>26</ele>
			 </trkpt>
			 <trkpt lat="39.572733" lon="2.646049">
				 <ele>25.1</ele>
			 </trkpt>
			 <trkpt lat="39.572577" lon="2.646121">
				 <ele>24.5</ele>
			 </trkpt>
			 <trkpt lat="39.5725" lon="2.645843">
				 <ele>23.5</ele>
			 </trkpt>
			 <trkpt lat="39.572445" lon="2.645584">
				 <ele>22.4</ele>
			 </trkpt>
			 <trkpt lat="39.572298" lon="2.645272">
				 <ele>21.4</ele>
			 </trkpt>
			 <trkpt lat="39.572248" lon="2.645401">
				 <ele>20.7</ele>
			 </trkpt>
			 <trkpt lat="39.572228" lon="2.64554">
				 <ele>20.5</ele>
			 </trkpt>
			 <trkpt lat="39.572082" lon="2.645471">
				 <ele>20.3</ele>
			 </trkpt>
			 <trkpt lat="39.571933" lon="2.645397">
				 <ele>19.9</ele>
			 </trkpt>
			 <trkpt lat="39.571906" lon="2.645493">
				 <ele>19.4</ele>
			 </trkpt>
			 <trkpt lat="39.571753" lon="2.646022">
				 <ele>18.9</ele>
			 </trkpt>
			 <trkpt lat="39.571739" lon="2.646074">
				 <ele>18.5</ele>
			 </trkpt>
			 <trkpt lat="39.571694" lon="2.646227">
				 <ele>18</ele>
			 </trkpt>
			 <trkpt lat="39.571636" lon="2.646433">
				 <ele>18</ele>
			 </trkpt>
			 <trkpt lat="39.571552" lon="2.646723">
				 <ele>18.3</ele>
			 </trkpt>
			 <trkpt lat="39.571508" lon="2.646858">
				 <ele>18.6</ele>
			 </trkpt>
			 <trkpt lat="39.571481" lon="2.646993">
				 <ele>18.8</ele>
			 </trkpt>
			 <trkpt lat="39.571468" lon="2.647096">
				 <ele>19</ele>
			 </trkpt>
			 <trkpt lat="39.571879" lon="2.647247">
				 <ele>19.2</ele>
			 </trkpt>
			 <trkpt lat="39.572374" lon="2.647492">
				 <ele>19.7</ele>
			 </trkpt>
			 <trkpt lat="39.57262" lon="2.647608">
				 <ele>20.5</ele>
			 </trkpt>
			 <trkpt lat="39.572654" lon="2.647625">
				 <ele>21.3</ele>
			 </trkpt>
			 <trkpt lat="39.572953" lon="2.647736">
				 <ele>22.1</ele>
			 </trkpt>
			 <trkpt lat="39.573312" lon="2.64792">
				 <ele>22.9</ele>
			 </trkpt>
			 <trkpt lat="39.573596" lon="2.648058">
				 <ele>23.4</ele>
			 </trkpt>
			 <trkpt lat="39.57383" lon="2.648123">
				 <ele>23.7</ele>
			 </trkpt>
			 <trkpt lat="39.573871" lon="2.648135">
				 <ele>24</ele>
			 </trkpt>
			 <trkpt lat="39.573904" lon="2.648039">
				 <ele>23.9</ele>
			 </trkpt>
			 <trkpt lat="39.574021" lon="2.64767">
				 <ele>23.8</ele>
			 </trkpt>
			 <trkpt lat="39.574121" lon="2.647719">
				 <ele>23.5</ele>
			 </trkpt>
			 <trkpt lat="39.57415" lon="2.647706">
				 <ele>22.7</ele>
			 </trkpt>
			 <trkpt lat="39.574201" lon="2.647738">
				 <ele>22</ele>
			 </trkpt>
			 <trkpt lat="39.574369" lon="2.647838">
				 <ele>21.2</ele>
			 </trkpt>
			 <trkpt lat="39.574434" lon="2.647848">
				 <ele>20.5</ele>
			 </trkpt>
			 <trkpt lat="39.574509" lon="2.647911">
				 <ele>20.1</ele>
			 </trkpt>
			 <trkpt lat="39.574684" lon="2.648057">
				 <ele>19.7</ele>
			 </trkpt>
			 <trkpt lat="39.574764" lon="2.648123">
				 <ele>19.3</ele>
			 </trkpt>
			 <trkpt lat="39.574643" lon="2.64825">
				 <ele>19.4</ele>
			 </trkpt>
			 <trkpt lat="39.57429" lon="2.648616">
				 <ele>19.7</ele>
			 </trkpt>
			 <trkpt lat="39.573706" lon="2.649224">
				 <ele>20.1</ele>
			 </trkpt>
			 <trkpt lat="39.573522" lon="2.649417">
				 <ele>20.6</ele>
			 </trkpt>
			 <trkpt lat="39.57293" lon="2.65004">
				 <ele>21.4</ele>
			 </trkpt>
			 <trkpt lat="39.572452" lon="2.650545">
				 <ele>22.1</ele>
			 </trkpt>
			 <trkpt lat="39.572411" lon="2.650589">
				 <ele>22.9</ele>
			 </trkpt>
			 <trkpt lat="39.572265" lon="2.650717">
				 <ele>23.6</ele>
			 </trkpt>
			 <trkpt lat="39.57221" lon="2.650744">
				 <ele>24</ele>
			 </trkpt>
			 <trkpt lat="39.572139" lon="2.650757">
				 <ele>24.5</ele>
			 </trkpt>
			 <trkpt lat="39.572072" lon="2.650757">
				 <ele>25</ele>
			 </trkpt>
			 <trkpt lat="39.571994" lon="2.650746">
				 <ele>25</ele>
			 </trkpt>
			 <trkpt lat="39.571907" lon="2.65072">
				 <ele>24.9</ele>
			 </trkpt>
			 <trkpt lat="39.571868" lon="2.650709">
				 <ele>24.7</ele>
			 </trkpt>
			 <trkpt lat="39.571614" lon="2.650545">
				 <ele>24.5</ele>
			 </trkpt>
			 <trkpt lat="39.571554" lon="2.65047">
				 <ele>24.2</ele>
			 </trkpt>
			 <trkpt lat="39.571526" lon="2.650374">
				 <ele>23.5</ele>
			 </trkpt>
			 <trkpt lat="39.57151" lon="2.650161">
				 <ele>22.7</ele>
			 </trkpt>
			 <trkpt lat="39.571507" lon="2.65007">
				 <ele>22</ele>
			 </trkpt>
			 <trkpt lat="39.571504" lon="2.649938">
				 <ele>21.3</ele>
			 </trkpt>
			 <trkpt lat="39.571499" lon="2.649781">
				 <ele>20.5</ele>
			 </trkpt>
			 <trkpt lat="39.571494" lon="2.649535">
				 <ele>19.8</ele>
			 </trkpt>
			 <trkpt lat="39.571478" lon="2.648652">
				 <ele>19</ele>
			 </trkpt>
			 <trkpt lat="39.571508" lon="2.647939">
				 <ele>18.3</ele>
			 </trkpt>
			 <trkpt lat="39.571511" lon="2.64787">
				 <ele>17.6</ele>
			 </trkpt>
			 <trkpt lat="39.571464" lon="2.64746">
				 <ele>17</ele>
			 </trkpt>
			 <trkpt lat="39.571462" lon="2.647368">
				 <ele>16.5</ele>
			 </trkpt>
			 <trkpt lat="39.571386" lon="2.647033">
				 <ele>16</ele>
			 </trkpt>
			 <trkpt lat="39.571135" lon="2.646993">
				 <ele>15.5</ele>
			 </trkpt>
			 <trkpt lat="39.570845" lon="2.646998">
				 <ele>14.9</ele>
			 </trkpt>
			 <trkpt lat="39.570534" lon="2.646882">
				 <ele>14.2</ele>
			 </trkpt>
			 <trkpt lat="39.569801" lon="2.646704">
				 <ele>13.5</ele>
			 </trkpt>
			 <trkpt lat="39.569319" lon="2.646576">
				 <ele>12.7</ele>
			 </trkpt>
			 <trkpt lat="39.569116" lon="2.646518">
				 <ele>11.8</ele>
			 </trkpt>
			 <trkpt lat="39.568912" lon="2.646509">
				 <ele>10.9</ele>
			 </trkpt>
			 <trkpt lat="39.568631" lon="2.646454">
				 <ele>9.9</ele>
			 </trkpt>
			 <trkpt lat="39.56822" lon="2.646218">
				 <ele>8.7</ele>
			 </trkpt>
			 <trkpt lat="39.567809" lon="2.645981">
				 <ele>7.5</ele>
			 </trkpt>
			 <trkpt lat="39.567398" lon="2.645745">
				 <ele>6.6</ele>
			 </trkpt>
			 <trkpt lat="39.56733" lon="2.645706">
				 <ele>5.8</ele>
			 </trkpt>
			 <trkpt lat="39.567172" lon="2.64559">
				 <ele>5.1</ele>
			 </trkpt>
			 <trkpt lat="39.566929" lon="2.6451">
				 <ele>4.3</ele>
			 </trkpt>
			 <trkpt lat="39.566555" lon="2.645425">
				 <ele>3.2</ele>
			 </trkpt>
			 <trkpt lat="39.566184" lon="2.645753">
				 <ele>2.5</ele>
			 </trkpt>
			 <trkpt lat="39.566136" lon="2.645796">
				 <ele>2.1</ele>
			 </trkpt>
			 <trkpt lat="39.565804" lon="2.646189">
				 <ele>1.6</ele>
			 </trkpt>
			 <trkpt lat="39.565586" lon="2.646447">
				 <ele>1.3</ele>
			 </trkpt>
			 <trkpt lat="39.565421" lon="2.64688">
				 <ele>1.1</ele>
			 </trkpt>
			 <trkpt lat="39.565298" lon="2.647427">
				 <ele>0.9</ele>
			 </trkpt>
			 <trkpt lat="39.565193" lon="2.647994">
				 <ele>0.7</ele>
			 </trkpt>
			 <trkpt lat="39.565107" lon="2.648459">
				 <ele>0.5</ele>
			 </trkpt>
			 <trkpt lat="39.565089" lon="2.64844">
				 <ele>0.5</ele>
			 </trkpt>
			 <trkpt lat="39.565206" lon="2.647877">
				 <ele>0.7</ele>
			 </trkpt>
			 <trkpt lat="39.5653" lon="2.647427">
				 <ele>1</ele>
			 </trkpt>
			 <trkpt lat="39.565417" lon="2.646885">
				 <ele>1.2</ele>
			 </trkpt>
			 <trkpt lat="39.56559" lon="2.646457">
				 <ele>1.4</ele>
			 </trkpt>
			 <trkpt lat="39.565908" lon="2.646045">
				 <ele>1.5</ele>
			 </trkpt>
			 <trkpt lat="39.566125" lon="2.645763">
				 <ele>1.7</ele>
			 </trkpt>
			 <trkpt lat="39.566496" lon="2.645433">
				 <ele>1.8</ele>
			 </trkpt>
			 <trkpt lat="39.566867" lon="2.645103">
				 <ele>2</ele>
			 </trkpt>
			 <trkpt lat="39.566978" lon="2.645013">
				 <ele>2.3</ele>
			 </trkpt>
			 <trkpt lat="39.567048" lon="2.644956">
				 <ele>2.5</ele>
			 </trkpt>
			 <trkpt lat="39.567353" lon="2.644701">
				 <ele>2.5</ele>
			 </trkpt>
			 <trkpt lat="39.567582" lon="2.644499">
				 <ele>2.5</ele>
			 </trkpt>
			 <trkpt lat="39.567739" lon="2.644329">
				 <ele>2.5</ele>
			 </trkpt>
			 <trkpt lat="39.56792" lon="2.644094">
				 <ele>2.6</ele>
			 </trkpt>
			 <trkpt lat="39.568073" lon="2.643857">
				 <ele>2.7</ele>
			 </trkpt>
			 <trkpt lat="39.568584" lon="2.643084">
				 <ele>2.8</ele>
			 </trkpt>
			 <trkpt lat="39.568936" lon="2.64255">
				 <ele>2.9</ele>
			 </trkpt>
			 <trkpt lat="39.568977" lon="2.642481">
				 <ele>2.9</ele>
			 </trkpt>
			 <trkpt lat="39.569049" lon="2.642333">
				 <ele>3</ele>
			 </trkpt>
			 <trkpt lat="39.569137" lon="2.642108">
				 <ele>3.2</ele>
			 </trkpt>
			 <trkpt lat="39.569215" lon="2.64186">
				 <ele>3.3</ele>
			 </trkpt>
			 <trkpt lat="39.569303" lon="2.641544">
				 <ele>3.3</ele>
			 </trkpt>
			 <trkpt lat="39.569366" lon="2.641311">
				 <ele>3.1</ele>
			 </trkpt>
			 <trkpt lat="39.569403" lon="2.641143">
				 <ele>2.9</ele>
			 </trkpt>
			 <trkpt lat="39.569464" lon="2.640807">
				 <ele>2.6</ele>
			 </trkpt>
			 <trkpt lat="39.569481" lon="2.640633">
				 <ele>2.4</ele>
			 </trkpt>
			 <trkpt lat="39.569487" lon="2.640457">
				 <ele>2.2</ele>
			 </trkpt>
			 <trkpt lat="39.569482" lon="2.640106">
				 <ele>2.1</ele>
			 </trkpt>
			 <trkpt lat="39.56945" lon="2.639661">
				 <ele>2.4</ele>
			 </trkpt>
			 <trkpt lat="39.569444" lon="2.639599">
				 <ele>2.6</ele>
			 </trkpt>
			 <trkpt lat="39.569396" lon="2.639197">
				 <ele>2.7</ele>
			 </trkpt>
			 <trkpt lat="39.569365" lon="2.638962">
				 <ele>2.6</ele>
			 </trkpt>
			 <trkpt lat="39.569351" lon="2.638885">
				 <ele>2.7</ele>
			 </trkpt>
			 <trkpt lat="39.569194" lon="2.63805">
				 <ele>3</ele>
			 </trkpt>
			 <trkpt lat="39.569162" lon="2.63788">
				 <ele>3.3</ele>
			 </trkpt>
			 <trkpt lat="39.569117" lon="2.637614">
				 <ele>3.6</ele>
			 </trkpt>
			 <trkpt lat="39.569094" lon="2.63742">
				 <ele>4</ele>
			 </trkpt>
			 <trkpt lat="39.568893" lon="2.634988">
				 <ele>4.5</ele>
			 </trkpt>
			 <trkpt lat="39.568879" lon="2.634799">
				 <ele>5.1</ele>
			 </trkpt>
			 <trkpt lat="39.568871" lon="2.634699">
				 <ele>5.4</ele>
			 </trkpt>
			 <trkpt lat="39.568851" lon="2.634451">
				 <ele>5.6</ele>
			 </trkpt>
			 <trkpt lat="39.568848" lon="2.634409">
				 <ele>6.2</ele>
			 </trkpt>
			 <trkpt lat="39.56881" lon="2.633943">
				 <ele>7.2</ele>
			 </trkpt>
			 <trkpt lat="39.568747" lon="2.633181">
				 <ele>8.1</ele>
			 </trkpt>
			 <trkpt lat="39.568699" lon="2.632804">
				 <ele>8.5</ele>
			 </trkpt>
			 <trkpt lat="39.568688" lon="2.632743">
				 <ele>9</ele>
			 </trkpt>
			 <trkpt lat="39.568665" lon="2.632618">
				 <ele>9.4</ele>
			 </trkpt>
			 <trkpt lat="39.568581" lon="2.632252">
				 <ele>9.7</ele>
			 </trkpt>
			 <trkpt lat="39.56853" lon="2.632073">
				 <ele>10.3</ele>
			 </trkpt>
			 <trkpt lat="39.56841" lon="2.63172">
				 <ele>10.6</ele>
			 </trkpt>
			 <trkpt lat="39.56834" lon="2.631546">
				 <ele>10.5</ele>
			 </trkpt>
			 <trkpt lat="39.568325" lon="2.631514">
				 <ele>10.3</ele>
			 </trkpt>
			 <trkpt lat="39.568297" lon="2.631451">
				 <ele>10</ele>
			 </trkpt>
			 <trkpt lat="39.568165" lon="2.631172">
				 <ele>9.5</ele>
			 </trkpt>
			 <trkpt lat="39.567854" lon="2.630602">
				 <ele>8.9</ele>
			 </trkpt>
			 <trkpt lat="39.567506" lon="2.629974">
				 <ele>8.7</ele>
			 </trkpt>
			 <trkpt lat="39.567451" lon="2.629872">
				 <ele>8.5</ele>
			 </trkpt>
			 <trkpt lat="39.567362" lon="2.629724">
				 <ele>8.5</ele>
			 </trkpt>
			 <trkpt lat="39.567265" lon="2.629583">
				 <ele>8.4</ele>
			 </trkpt>
			 <trkpt lat="39.567162" lon="2.629465">
				 <ele>8</ele>
			 </trkpt>
			 <trkpt lat="39.567099" lon="2.629388">
				 <ele>7.6</ele>
			 </trkpt>
			 <trkpt lat="39.566977" lon="2.629276">
				 <ele>7.9</ele>
			 </trkpt>
			 <trkpt lat="39.566848" lon="2.629182">
				 <ele>7.8</ele>
			 </trkpt>
			 <trkpt lat="39.566775" lon="2.629139">
				 <ele>7.6</ele>
			 </trkpt>
			 <trkpt lat="39.566569" lon="2.629038">
				 <ele>7.6</ele>
			 </trkpt>
			 <trkpt lat="39.566145" lon="2.628855">
				 <ele>7.6</ele>
			 </trkpt>
			 <trkpt lat="39.566054" lon="2.628815">
				 <ele>7.6</ele>
			 </trkpt>
			 <trkpt lat="39.565095" lon="2.628399">
				 <ele>7.6</ele>
			 </trkpt>
			 <trkpt lat="39.564135" lon="2.627925">
				 <ele>7.5</ele>
			 </trkpt>
			 <trkpt lat="39.564009" lon="2.627843">
				 <ele>7.5</ele>
			 </trkpt>
			 <trkpt lat="39.563885" lon="2.627762">
				 <ele>7.5</ele>
			 </trkpt>
			 <trkpt lat="39.563821" lon="2.627721">
				 <ele>7.6</ele>
			 </trkpt>
			 <trkpt lat="39.563759" lon="2.627678">
				 <ele>7.7</ele>
			 </trkpt>
			 <trkpt lat="39.563733" lon="2.627658">
				 <ele>8.2</ele>
			 </trkpt>
			 <trkpt lat="39.563181" lon="2.627353">
				 <ele>8.6</ele>
			 </trkpt>
			 <trkpt lat="39.562974" lon="2.627254">
				 <ele>8.9</ele>
			 </trkpt>
			 <trkpt lat="39.56283" lon="2.627199">
				 <ele>8.8</ele>
			 </trkpt>
			 <trkpt lat="39.562694" lon="2.627158">
				 <ele>8.7</ele>
			 </trkpt>
			 <trkpt lat="39.562466" lon="2.627105">
				 <ele>8.6</ele>
			 </trkpt>
			 <trkpt lat="39.562157" lon="2.627052">
				 <ele>8.6</ele>
			 </trkpt>
			 <trkpt lat="39.561917" lon="2.627011">
				 <ele>8.5</ele>
			 </trkpt>
			 <trkpt lat="39.561193" lon="2.626888">
				 <ele>8.1</ele>
			 </trkpt>
			 <trkpt lat="39.560034" lon="2.626688">
				 <ele>7.5</ele>
			 </trkpt>
			 <trkpt lat="39.55993" lon="2.626671">
				 <ele>7.2</ele>
			 </trkpt>
			 <trkpt lat="39.559853" lon="2.626658">
				 <ele>6.8</ele>
			 </trkpt>
			 <trkpt lat="39.559814" lon="2.626653">
				 <ele>6.5</ele>
			 </trkpt>
			 <trkpt lat="39.559722" lon="2.626639">
				 <ele>6</ele>
			 </trkpt>
			 <trkpt lat="39.559334" lon="2.626576">
				 <ele>5.5</ele>
			 </trkpt>
			 <trkpt lat="39.558791" lon="2.626484">
				 <ele>4.8</ele>
			 </trkpt>
			 <trkpt lat="39.558631" lon="2.626443">
				 <ele>4.2</ele>
			 </trkpt>
			 <trkpt lat="39.558402" lon="2.626365">
				 <ele>3.7</ele>
			 </trkpt>
			 <trkpt lat="39.558145" lon="2.626247">
				 <ele>3.2</ele>
			 </trkpt>
			 <trkpt lat="39.557616" lon="2.625932">
				 <ele>2.8</ele>
			 </trkpt>
			 <trkpt lat="39.557401" lon="2.625801">
				 <ele>2.7</ele>
			 </trkpt>
			 <trkpt lat="39.557146" lon="2.625646">
				 <ele>2.6</ele>
			 </trkpt>
			 <trkpt lat="39.555978" lon="2.624933">
				 <ele>2.5</ele>
			 </trkpt>
			 <trkpt lat="39.555733" lon="2.624785">
				 <ele>2.5</ele>
			 </trkpt>
			 <trkpt lat="39.555168" lon="2.624442">
				 <ele>2.6</ele>
			 </trkpt>
			 <trkpt lat="39.554686" lon="2.624147">
				 <ele>3.1</ele>
			 </trkpt>
			 <trkpt lat="39.554457" lon="2.624007">
				 <ele>3.5</ele>
			 </trkpt>
			 <trkpt lat="39.554387" lon="2.623963">
				 <ele>3.9</ele>
			 </trkpt>
			 <trkpt lat="39.554196" lon="2.62385">
				 <ele>4.1</ele>
			 </trkpt>
			 <trkpt lat="39.554152" lon="2.62383">
				 <ele>4.5</ele>
			 </trkpt>
			 <trkpt lat="39.554011" lon="2.623765">
				 <ele>4.6</ele>
			 </trkpt>
			 <trkpt lat="39.553817" lon="2.623701">
				 <ele>4.7</ele>
			 </trkpt>
			 <trkpt lat="39.553802" lon="2.623809">
				 <ele>4.6</ele>
			 </trkpt>
			 <trkpt lat="39.553852" lon="2.623823">
				 <ele>4.5</ele>
			 </trkpt>
			 <trkpt lat="39.554092" lon="2.623923">
				 <ele>4.1</ele>
			 </trkpt>
			 <trkpt lat="39.554121" lon="2.623935">
				 <ele>3.6</ele>
			 </trkpt>
			 <trkpt lat="39.554237" lon="2.623991">
				 <ele>3</ele>
			 </trkpt>
			 <trkpt lat="39.554493" lon="2.624133">
				 <ele>2.5</ele>
			 </trkpt>
			 <trkpt lat="39.554639" lon="2.62422">
				 <ele>2.1</ele>
			 </trkpt>
			 <trkpt lat="39.555147" lon="2.624529">
				 <ele>1.8</ele>
			 </trkpt>
			 <trkpt lat="39.555936" lon="2.625011">
				 <ele>1.8</ele>
			 </trkpt>
			 <trkpt lat="39.557117" lon="2.625731">
				 <ele>1.8</ele>
			 </trkpt>
			 <trkpt lat="39.557371" lon="2.625883">
				 <ele>1.7</ele>
			 </trkpt>
			 <trkpt lat="39.557446" lon="2.625929">
				 <ele>1.6</ele>
			 </trkpt>
			 <trkpt lat="39.557585" lon="2.626015">
				 <ele>1.6</ele>
			 </trkpt>
			 <trkpt lat="39.557998" lon="2.626267">
				 <ele>1.7</ele>
			 </trkpt>
			 <trkpt lat="39.558123" lon="2.626336">
				 <ele>2</ele>
			 </trkpt>
			 <trkpt lat="39.558374" lon="2.626456">
				 <ele>2.5</ele>
			 </trkpt>
			 <trkpt lat="39.558612" lon="2.626535">
				 <ele>3</ele>
			 </trkpt>
			 <trkpt lat="39.558767" lon="2.626576">
				 <ele>3.3</ele>
			 </trkpt>
			 <trkpt lat="39.559365" lon="2.626678">
				 <ele>3.5</ele>
			 </trkpt>
			 <trkpt lat="39.55971" lon="2.626749">
				 <ele>3.5</ele>
			 </trkpt>
			 <trkpt lat="39.559792" lon="2.626769">
				 <ele>3.4</ele>
			 </trkpt>
			 <trkpt lat="39.560004" lon="2.626824">
				 <ele>3.4</ele>
			 </trkpt>
			 <trkpt lat="39.560248" lon="2.626893">
				 <ele>3.5</ele>
			 </trkpt>
			 <trkpt lat="39.561166" lon="2.627086">
				 <ele>3.5</ele>
			 </trkpt>
			 <trkpt lat="39.561688" lon="2.627206">
				 <ele>3.7</ele>
			 </trkpt>
			 <trkpt lat="39.561838" lon="2.627248">
				 <ele>3.8</ele>
			 </trkpt>
			 <trkpt lat="39.561976" lon="2.627296">
				 <ele>3.8</ele>
			 </trkpt>
			 <trkpt lat="39.562172" lon="2.627326">
				 <ele>3.8</ele>
			 </trkpt>
			 <trkpt lat="39.562376" lon="2.627376">
				 <ele>3.9</ele>
			 </trkpt>
			 <trkpt lat="39.562464" lon="2.627389">
				 <ele>3.9</ele>
			 </trkpt>
			 <trkpt lat="39.5626" lon="2.627444">
				 <ele>3.8</ele>
			 </trkpt>
			 <trkpt lat="39.562776" lon="2.627515">
				 <ele>3.7</ele>
			 </trkpt>
			 <trkpt lat="39.562858" lon="2.627572">
				 <ele>3.6</ele>
			 </trkpt>
			 <trkpt lat="39.562941" lon="2.627597">
				 <ele>3.5</ele>
			 </trkpt>
			 <trkpt lat="39.563085" lon="2.627678">
				 <ele>3.3</ele>
			 </trkpt>
			 <trkpt lat="39.563456" lon="2.627916">
				 <ele>3</ele>
			 </trkpt>
			 <trkpt lat="39.563483" lon="2.627927">
				 <ele>3.4</ele>
			 </trkpt>
			 <trkpt lat="39.56369" lon="2.628002">
				 <ele>3.8</ele>
			 </trkpt>
			 <trkpt lat="39.563738" lon="2.628022">
				 <ele>4.3</ele>
			 </trkpt>
			 <trkpt lat="39.563924" lon="2.6281">
				 <ele>4.6</ele>
			 </trkpt>
			 <trkpt lat="39.565037" lon="2.628547">
				 <ele>4.9</ele>
			 </trkpt>
			 <trkpt lat="39.56578" lon="2.628848">
				 <ele>5.1</ele>
			 </trkpt>
			 <trkpt lat="39.566014" lon="2.628962">
				 <ele>5.2</ele>
			 </trkpt>
			 <trkpt lat="39.566215" lon="2.629082">
				 <ele>5.1</ele>
			 </trkpt>
			 <trkpt lat="39.566338" lon="2.629164">
				 <ele>4.9</ele>
			 </trkpt>
			 <trkpt lat="39.566457" lon="2.629253">
				 <ele>4.8</ele>
			 </trkpt>
			 <trkpt lat="39.566619" lon="2.629388">
				 <ele>5</ele>
			 </trkpt>
			 <trkpt lat="39.566739" lon="2.629497">
				 <ele>4.7</ele>
			 </trkpt>
			 <trkpt lat="39.566918" lon="2.62968">
				 <ele>4.7</ele>
			 </trkpt>
			 <trkpt lat="39.566974" lon="2.629741">
				 <ele>5</ele>
			 </trkpt>
			 <trkpt lat="39.567276" lon="2.630067">
				 <ele>5.5</ele>
			 </trkpt>
			 <trkpt lat="39.567468" lon="2.630275">
				 <ele>6</ele>
			 </trkpt>
			 <trkpt lat="39.567588" lon="2.630415">
				 <ele>6.5</ele>
			 </trkpt>
			 <trkpt lat="39.567717" lon="2.630575">
				 <ele>6.9</ele>
			 </trkpt>
			 <trkpt lat="39.567788" lon="2.630675">
				 <ele>7.4</ele>
			 </trkpt>
			 <trkpt lat="39.567894" lon="2.630839">
				 <ele>7.9</ele>
			 </trkpt>
			 <trkpt lat="39.568014" lon="2.63105">
				 <ele>8.5</ele>
			 </trkpt>
			 <trkpt lat="39.568125" lon="2.631266">
				 <ele>9.1</ele>
			 </trkpt>
			 <trkpt lat="39.568214" lon="2.631456">
				 <ele>9.5</ele>
			 </trkpt>
			 <trkpt lat="39.568232" lon="2.631497">
				 <ele>9.4</ele>
			 </trkpt>
			 <trkpt lat="39.568292" lon="2.631642">
				 <ele>9</ele>
			 </trkpt>
			 <trkpt lat="39.568356" lon="2.631799">
				 <ele>8</ele>
			 </trkpt>
			 <trkpt lat="39.568438" lon="2.63204">
				 <ele>7</ele>
			 </trkpt>
			 <trkpt lat="39.568522" lon="2.632371">
				 <ele>6.4</ele>
			 </trkpt>
			 <trkpt lat="39.568582" lon="2.632707">
				 <ele>5.8</ele>
			 </trkpt>
			 <trkpt lat="39.56865" lon="2.633217">
				 <ele>5.2</ele>
			 </trkpt>
			 <trkpt lat="39.568746" lon="2.634383">
				 <ele>4.5</ele>
			 </trkpt>
			 <trkpt lat="39.568749" lon="2.634422">
				 <ele>3.9</ele>
			 </trkpt>
			 <trkpt lat="39.568761" lon="2.634578">
				 <ele>3.3</ele>
			 </trkpt>
			 <trkpt lat="39.568791" lon="2.634952">
				 <ele>2.7</ele>
			 </trkpt>
			 <trkpt lat="39.568827" lon="2.635439">
				 <ele>2.3</ele>
			 </trkpt>
			 <trkpt lat="39.568874" lon="2.635815">
				 <ele>1.8</ele>
			 </trkpt>
			 <trkpt lat="39.569024" lon="2.637547">
				 <ele>1.7</ele>
			 </trkpt>
			 <trkpt lat="39.569056" lon="2.637779">
				 <ele>1.6</ele>
			 </trkpt>
			 <trkpt lat="39.56911" lon="2.638063">
				 <ele>1.5</ele>
			 </trkpt>
			 <trkpt lat="39.569272" lon="2.638947">
				 <ele>1.3</ele>
			 </trkpt>
			 <trkpt lat="39.569278" lon="2.638982">
				 <ele>1.4</ele>
			 </trkpt>
			 <trkpt lat="39.569327" lon="2.639385">
				 <ele>1.5</ele>
			 </trkpt>
			 <trkpt lat="39.569346" lon="2.639609">
				 <ele>1.6</ele>
			 </trkpt>
			 <trkpt lat="39.56935" lon="2.639647">
				 <ele>1.5</ele>
			 </trkpt>
			 <trkpt lat="39.569374" lon="2.63994">
				 <ele>1.2</ele>
			 </trkpt>
			 <trkpt lat="39.569393" lon="2.640411">
				 <ele>1.2</ele>
			 </trkpt>
			 <trkpt lat="39.569395" lon="2.640458">
				 <ele>1.3</ele>
			 </trkpt>
			 <trkpt lat="39.56939" lon="2.640631">
				 <ele>1.5</ele>
			 </trkpt>
			 <trkpt lat="39.569359" lon="2.640921">
				 <ele>1.8</ele>
			 </trkpt>
			 <trkpt lat="39.569336" lon="2.64106">
				 <ele>2.1</ele>
			 </trkpt>
			 <trkpt lat="39.569303" lon="2.641207">
				 <ele>2.4</ele>
			 </trkpt>
			 <trkpt lat="39.569239" lon="2.641514">
				 <ele>2.5</ele>
			 </trkpt>
			 <trkpt lat="39.569083" lon="2.642055">
				 <ele>2.5</ele>
			 </trkpt>
			 <trkpt lat="39.569023" lon="2.642217">
				 <ele>2.4</ele>
			 </trkpt>
			 <trkpt lat="39.568955" lon="2.642366">
				 <ele>2.3</ele>
			 </trkpt>
			 <trkpt lat="39.568914" lon="2.642441">
				 <ele>2.2</ele>
			 </trkpt>
			 <trkpt lat="39.568782" lon="2.642645">
				 <ele>2.2</ele>
			 </trkpt>
			 <trkpt lat="39.56802" lon="2.643794">
				 <ele>2.2</ele>
			 </trkpt>
			 <trkpt lat="39.567851" lon="2.644034">
				 <ele>2.2</ele>
			 </trkpt>
			 <trkpt lat="39.567751" lon="2.644159">
				 <ele>2.3</ele>
			 </trkpt>
			 <trkpt lat="39.567651" lon="2.644271">
				 <ele>2.4</ele>
			 </trkpt>
			 <trkpt lat="39.567486" lon="2.644435">
				 <ele>2.4</ele>
			 </trkpt>
			 <trkpt lat="39.567077" lon="2.644783">
				 <ele>2.5</ele>
			 </trkpt>
			 <trkpt lat="39.566998" lon="2.644849">
				 <ele>2.5</ele>
			 </trkpt>
			 <trkpt lat="39.566826" lon="2.64499">
				 <ele>2.7</ele>
			 </trkpt>
			 <trkpt lat="39.56647" lon="2.645293">
				 <ele>2.9</ele>
			 </trkpt>
			 <trkpt lat="39.566356" lon="2.645346">
				 <ele>3.1</ele>
			 </trkpt>
			 <trkpt lat="39.56629" lon="2.64536">
				 <ele>3.2</ele>
			 </trkpt>
			 <trkpt lat="39.56623" lon="2.645346">
				 <ele>3.2</ele>
			 </trkpt>
			 <trkpt lat="39.566203" lon="2.645326">
				 <ele>3.2</ele>
			 </trkpt>
			 <trkpt lat="39.566166" lon="2.645293">
				 <ele>3.1</ele>
			 </trkpt>
			 <trkpt lat="39.566112" lon="2.645225">
				 <ele>3</ele>
			 </trkpt>
			 <trkpt lat="39.566094" lon="2.645191">
				 <ele>3</ele>
			 </trkpt>
			 <trkpt lat="39.566044" lon="2.645142">
				 <ele>2.9</ele>
			 </trkpt>
			 <trkpt lat="39.566021" lon="2.645095">
				 <ele>2.8</ele>
			 </trkpt>
			 <trkpt lat="39.565986" lon="2.645026">
				 <ele>2.6</ele>
			 </trkpt>
			 <trkpt lat="39.565965" lon="2.644984">
				 <ele>2.5</ele>
			 </trkpt>
			 <trkpt lat="39.565728" lon="2.644514">
				 <ele>2.2</ele>
			 </trkpt>
			 <trkpt lat="39.565273" lon="2.643639">
				 <ele>1.8</ele>
			 </trkpt>
			 <trkpt lat="39.564715" lon="2.642498">
				 <ele>1.5</ele>
			 </trkpt>
			 <trkpt lat="39.564637" lon="2.642339">
				 <ele>1.3</ele>
			 </trkpt>
			 <trkpt lat="39.564533" lon="2.642131">
				 <ele>1.1</ele>
			 </trkpt>
			 <trkpt lat="39.56439" lon="2.641843">
				 <ele>0.9</ele>
			 </trkpt>
			 <trkpt lat="39.564234" lon="2.641968">
				 <ele>0.9</ele>
			 </trkpt>
			 <trkpt lat="39.564312" lon="2.642126">
				 <ele>1</ele>
			 </trkpt>
			 <trkpt lat="39.564483" lon="2.642469">
				 <ele>1.1</ele>
			 </trkpt>
			 <trkpt lat="39.564561" lon="2.642623">
				 <ele>1.3</ele>
			 </trkpt>
			 <trkpt lat="39.565139" lon="2.643759">
				 <ele>1.4</ele>
			 </trkpt>
			 <trkpt lat="39.565612" lon="2.644703">
				 <ele>1.5</ele>
			 </trkpt>
			 <trkpt lat="39.565705" lon="2.644889">
				 <ele>1.7</ele>
			 </trkpt>
			 <trkpt lat="39.565739" lon="2.644955">
				 <ele>1.9</ele>
			 </trkpt>
			 <trkpt lat="39.5658" lon="2.645114">
				 <ele>1.9</ele>
			 </trkpt>
			 <trkpt lat="39.565809" lon="2.645178">
				 <ele>1.9</ele>
			 </trkpt>
			 <trkpt lat="39.565844" lon="2.645403">
				 <ele>1.8</ele>
			 </trkpt>
			 <trkpt lat="39.565851" lon="2.645531">
				 <ele>1.5</ele>
			 </trkpt>
			 <trkpt lat="39.565851" lon="2.645627">
				 <ele>0.9</ele>
			 </trkpt>
			 <trkpt lat="39.565823" lon="2.645729">
				 <ele>0.5</ele>
			 </trkpt>
			 <trkpt lat="39.565786" lon="2.645797">
				 <ele>0.3</ele>
			 </trkpt>
			 <trkpt lat="39.565588" lon="2.646061">
				 <ele>0.1</ele>
			 </trkpt>
			 <trkpt lat="39.565462" lon="2.646468">
				 <ele>-0.1</ele>
			 </trkpt>
			 <trkpt lat="39.565398" lon="2.646618">
				 <ele>-0.2</ele>
			 </trkpt>
			 <trkpt lat="39.565319" lon="2.646857">
				 <ele>-0.2</ele>
			 </trkpt>
			 <trkpt lat="39.565238" lon="2.647183">
				 <ele>-0.2</ele>
			 </trkpt>
			 <trkpt lat="39.564695" lon="2.649853">
				 <ele>-0.2</ele>
			 </trkpt>
			 <trkpt lat="39.564568" lon="2.650604">
				 <ele>-0.2</ele>
			 </trkpt>
			 <trkpt lat="39.564509" lon="2.651034">
				 <ele>0.1</ele>
			 </trkpt>
			 <trkpt lat="39.564431" lon="2.651718">
				 <ele>0.6</ele>
			 </trkpt>
			 <trkpt lat="39.564372" lon="2.652411">
				 <ele>1</ele>
			 </trkpt>
			 <trkpt lat="39.564337" lon="2.65294">
				 <ele>1.1</ele>
			 </trkpt>
			 <trkpt lat="39.564313" lon="2.653637">
				 <ele>1.2</ele>
			 </trkpt>
			 <trkpt lat="39.56431" lon="2.654949">
				 <ele>1.4</ele>
			 </trkpt>
			 <trkpt lat="39.564315" lon="2.655919">
				 <ele>1.7</ele>
			 </trkpt>
			 <trkpt lat="39.564315" lon="2.655992">
				 <ele>2.1</ele>
			 </trkpt>
			 <trkpt lat="39.564315" lon="2.65645">
				 <ele>2.5</ele>
			 </trkpt>
			 <trkpt lat="39.564316" lon="2.656488">
				 <ele>2.8</ele>
			 </trkpt>
			 <trkpt lat="39.564323" lon="2.656963">
				 <ele>3.3</ele>
			 </trkpt>
			 <trkpt lat="39.564326" lon="2.657219">
				 <ele>3.7</ele>
			 </trkpt>
			 <trkpt lat="39.56428" lon="2.657799">
				 <ele>4.1</ele>
			 </trkpt>
			 <trkpt lat="39.564268" lon="2.657951">
				 <ele>4.7</ele>
			 </trkpt>
			 <trkpt lat="39.564096" lon="2.658491">
				 <ele>5.3</ele>
			 </trkpt>
			 <trkpt lat="39.563925" lon="2.65903">
				 <ele>5.6</ele>
			 </trkpt>
			 <trkpt lat="39.563754" lon="2.659569">
				 <ele>5.6</ele>
			 </trkpt>
			 <trkpt lat="39.56372" lon="2.659677">
				 <ele>5.5</ele>
			 </trkpt>
			 <trkpt lat="39.563534" lon="2.660208">
				 <ele>5.2</ele>
			 </trkpt>
			 <trkpt lat="39.563348" lon="2.660739">
				 <ele>4.8</ele>
			 </trkpt>
			 <trkpt lat="39.563161" lon="2.66127">
				 <ele>4.5</ele>
			 </trkpt>
			 <trkpt lat="39.562975" lon="2.661801">
				 <ele>4.3</ele>
			 </trkpt>
			 <trkpt lat="39.562889" lon="2.662046">
				 <ele>4.5</ele>
			 </trkpt>
			 <trkpt lat="39.562691" lon="2.662569">
				 <ele>4.6</ele>
			 </trkpt>
			 <trkpt lat="39.562492" lon="2.663092">
				 <ele>4.1</ele>
			 </trkpt>
			 <trkpt lat="39.562428" lon="2.66326">
				 <ele>3.6</ele>
			 </trkpt>
			 <trkpt lat="39.56242" lon="2.663675">
				 <ele>3.3</ele>
			 </trkpt>
			 <trkpt lat="39.562444" lon="2.664258">
				 <ele>3.3</ele>
			 </trkpt>
			 <trkpt lat="39.562468" lon="2.66484">
				 <ele>3.2</ele>
			 </trkpt>
			 <trkpt lat="39.562492" lon="2.665423">
				 <ele>3</ele>
			 </trkpt>
			 <trkpt lat="39.562516" lon="2.666005">
				 <ele>2.9</ele>
			 </trkpt>
			 <trkpt lat="39.56254" lon="2.666588">
				 <ele>2.8</ele>
			 </trkpt>
			 <trkpt lat="39.562564" lon="2.66717">
				 <ele>2.6</ele>
			 </trkpt>
			 <trkpt lat="39.562635" lon="2.66777">
				 <ele>1.9</ele>
			 </trkpt>
			 <trkpt lat="39.562683" lon="2.668164">
				 <ele>1.2</ele>
			 </trkpt>
			 <trkpt lat="39.562764" lon="2.668515">
				 <ele>0.9</ele>
			 </trkpt>
			 <trkpt lat="39.562786" lon="2.668556">
				 <ele>0.8</ele>
			 </trkpt>
			 <trkpt lat="39.562855" lon="2.668875">
				 <ele>0.9</ele>
			 </trkpt>
			 <trkpt lat="39.562871" lon="2.669049">
				 <ele>0.9</ele>
			 </trkpt>
			 <trkpt lat="39.562867" lon="2.669166">
				 <ele>1</ele>
			 </trkpt>
			 <trkpt lat="39.562855" lon="2.669274">
				 <ele>1</ele>
			 </trkpt>
			 <trkpt lat="39.56283" lon="2.669389">
				 <ele>1</ele>
			 </trkpt>
			 <trkpt lat="39.562788" lon="2.669545">
				 <ele>1</ele>
			 </trkpt>
			 <trkpt lat="39.562739" lon="2.669656">
				 <ele>0.9</ele>
			 </trkpt>
			 <trkpt lat="39.562675" lon="2.669766">
				 <ele>0.9</ele>
			 </trkpt>
			 <trkpt lat="39.562378" lon="2.670153">
				 <ele>0.9</ele>
			 </trkpt>
			 <trkpt lat="39.562305" lon="2.670227">
				 <ele>0.9</ele>
			 </trkpt>
			 <trkpt lat="39.562236" lon="2.670295">
				 <ele>0.9</ele>
			 </trkpt>
			 <trkpt lat="39.562193" lon="2.67034">
				 <ele>0.8</ele>
			 </trkpt>
			 <trkpt lat="39.562045" lon="2.670486">
				 <ele>0.8</ele>
			 </trkpt>
			 <trkpt lat="39.561761" lon="2.670742">
				 <ele>0.7</ele>
			 </trkpt>
			 <trkpt lat="39.561674" lon="2.67082">
				 <ele>0.8</ele>
			 </trkpt>
			 <trkpt lat="39.561594" lon="2.670893">
				 <ele>0.9</ele>
			 </trkpt>
			 <trkpt lat="39.561384" lon="2.67088">
				 <ele>1</ele>
			 </trkpt>
			 <trkpt lat="39.560647" lon="2.670834">
				 <ele>1.1</ele>
			 </trkpt>
			 <trkpt lat="39.560544" lon="2.670826">
				 <ele>1.1</ele>
			 </trkpt>
			 <trkpt lat="39.560437" lon="2.670842">
				 <ele>1.1</ele>
			 </trkpt>
			 <trkpt lat="39.560398" lon="2.67088">
				 <ele>1.1</ele>
			 </trkpt>
			 <trkpt lat="39.560385" lon="2.670955">
				 <ele>1.1</ele>
			 </trkpt>
			 <trkpt lat="39.560405" lon="2.671234">
				 <ele>1.1</ele>
			 </trkpt>
			 <trkpt lat="39.56041" lon="2.671302">
				 <ele>1.1</ele>
			 </trkpt>
			 <trkpt lat="39.560415" lon="2.671371">
				 <ele>1.3</ele>
			 </trkpt>
			 <trkpt lat="39.560441" lon="2.671447">
				 <ele>1.5</ele>
			 </trkpt>
			 <trkpt lat="39.560479" lon="2.671565">
				 <ele>1.6</ele>
			 </trkpt>
			 <trkpt lat="39.560492" lon="2.671696">
				 <ele>1.8</ele>
			 </trkpt>
			 <trkpt lat="39.560482" lon="2.671889">
				 <ele>2</ele>
			 </trkpt>
			 <trkpt lat="39.560447" lon="2.672103">
				 <ele>2.2</ele>
			 </trkpt>
			 <trkpt lat="39.560365" lon="2.672409">
				 <ele>2.4</ele>
			 </trkpt>
			 <trkpt lat="39.560275" lon="2.672645">
				 <ele>2.5</ele>
			 </trkpt>
			 <trkpt lat="39.560158" lon="2.672849">
				 <ele>2.7</ele>
			 </trkpt>
			 <trkpt lat="39.560053" lon="2.67297">
				 <ele>2.9</ele>
			 </trkpt>
			 <trkpt lat="39.559962" lon="2.673031">
				 <ele>3.1</ele>
			 </trkpt>
			 <trkpt lat="39.559901" lon="2.673073">
				 <ele>3.1</ele>
			 </trkpt>
			 <trkpt lat="39.559857" lon="2.673095">
				 <ele>3.1</ele>
			 </trkpt>
			 <trkpt lat="39.559768" lon="2.673133">
				 <ele>3.3</ele>
			 </trkpt>
			 <trkpt lat="39.559689" lon="2.673142">
				 <ele>3.5</ele>
			 </trkpt>
			 <trkpt lat="39.559217" lon="2.672839">
				 <ele>3.6</ele>
			 </trkpt>
			 <trkpt lat="39.559175" lon="2.672821">
				 <ele>3.8</ele>
			 </trkpt>
			 <trkpt lat="39.559131" lon="2.672837">
				 <ele>4</ele>
			 </trkpt>
			 <trkpt lat="39.558955" lon="2.673246">
				 <ele>4</ele>
			 </trkpt>
			 <trkpt lat="39.558927" lon="2.67331">
				 <ele>3.8</ele>
			 </trkpt>
			 <trkpt lat="39.558896" lon="2.673382">
				 <ele>3.7</ele>
			 </trkpt>
			 <trkpt lat="39.558956" lon="2.673429">
				 <ele>3.6</ele>
			 </trkpt>
			 <trkpt lat="39.559092" lon="2.673537">
				 <ele>3.7</ele>
			 </trkpt>
			 <trkpt lat="39.559329" lon="2.673724">
				 <ele>3.9</ele>
			 </trkpt>
			 <trkpt lat="39.559656" lon="2.673984">
				 <ele>3.9</ele>
			 </trkpt>
			 <trkpt lat="39.559972" lon="2.674241">
				 <ele>3.9</ele>
			 </trkpt>
			 <trkpt lat="39.560108" lon="2.674352">
				 <ele>4</ele>
			 </trkpt>
			 <trkpt lat="39.560297" lon="2.674505">
				 <ele>4</ele>
			 </trkpt>
			 <trkpt lat="39.560592" lon="2.674033">
				 <ele>3.7</ele>
			 </trkpt>
			 <trkpt lat="39.560665" lon="2.673903">
				 <ele>3.6</ele>
			 </trkpt>
			 <trkpt lat="39.560697" lon="2.673813">
				 <ele>3.7</ele>
			 </trkpt>
			 <trkpt lat="39.560869" lon="2.673188">
				 <ele>3.6</ele>
			 </trkpt>
			 <trkpt lat="39.560975" lon="2.672805">
				 <ele>3.5</ele>
			 </trkpt>
			 <trkpt lat="39.561277" lon="2.671721">
				 <ele>3.2</ele>
			 </trkpt>
			 <trkpt lat="39.561311" lon="2.671596">
				 <ele>2.8</ele>
			 </trkpt>
			 <trkpt lat="39.561331" lon="2.671523">
				 <ele>2.5</ele>
			 </trkpt>
			 <trkpt lat="39.561421" lon="2.671187">
				 <ele>2</ele>
			 </trkpt>
			 <trkpt lat="39.561483" lon="2.671019">
				 <ele>1.5</ele>
			 </trkpt>
			 <trkpt lat="39.561594" lon="2.670893">
				 <ele>1</ele>
			 </trkpt>
			 <trkpt lat="39.561761" lon="2.670742">
				 <ele>0.8</ele>
			 </trkpt>
			 <trkpt lat="39.562045" lon="2.670486">
				 <ele>0.8</ele>
			 </trkpt>
			 <trkpt lat="39.562179" lon="2.670354">
				 <ele>0.8</ele>
			 </trkpt>
			 <trkpt lat="39.562236" lon="2.670295">
				 <ele>0.9</ele>
			 </trkpt>
			 <trkpt lat="39.562305" lon="2.670227">
				 <ele>0.9</ele>
			 </trkpt>
			 <trkpt lat="39.562378" lon="2.670153">
				 <ele>0.9</ele>
			 </trkpt>
			 <trkpt lat="39.562675" lon="2.669766">
				 <ele>0.9</ele>
			 </trkpt>
			 <trkpt lat="39.562739" lon="2.669656">
				 <ele>0.9</ele>
			 </trkpt>
			 <trkpt lat="39.562788" lon="2.669545">
				 <ele>1</ele>
			 </trkpt>
			 <trkpt lat="39.56283" lon="2.669389">
				 <ele>1</ele>
			 </trkpt>
			 <trkpt lat="39.562855" lon="2.669274">
				 <ele>1</ele>
			 </trkpt>
			 <trkpt lat="39.562867" lon="2.669166">
				 <ele>1.1</ele>
			 </trkpt>
			 <trkpt lat="39.562871" lon="2.669049">
				 <ele>1.1</ele>
			 </trkpt>
			 <trkpt lat="39.562855" lon="2.668875">
				 <ele>1</ele>
			 </trkpt>
			 <trkpt lat="39.562786" lon="2.668556">
				 <ele>1</ele>
			 </trkpt>
			 <trkpt lat="39.562723" lon="2.66825">
				 <ele>1.3</ele>
			 </trkpt>
			 <trkpt lat="39.562638" lon="2.667677">
				 <ele>2</ele>
			 </trkpt>
			 <trkpt lat="39.562565" lon="2.667183">
				 <ele>2.7</ele>
			 </trkpt>
			 <trkpt lat="39.562538" lon="2.666601">
				 <ele>3</ele>
			 </trkpt>
			 <trkpt lat="39.562511" lon="2.666018">
				 <ele>3</ele>
			 </trkpt>
			 <trkpt lat="39.562483" lon="2.665436">
				 <ele>3.2</ele>
			 </trkpt>
			 <trkpt lat="39.562456" lon="2.664854">
				 <ele>3.5</ele>
			 </trkpt>
			 <trkpt lat="39.562429" lon="2.664272">
				 <ele>3.5</ele>
			 </trkpt>
			 <trkpt lat="39.562402" lon="2.663704">
				 <ele>3.8</ele>
			 </trkpt>
			 <trkpt lat="39.56242" lon="2.663264">
				 <ele>4.5</ele>
			 </trkpt>
			 <trkpt lat="39.562617" lon="2.66274">
				 <ele>5.2</ele>
			 </trkpt>
			 <trkpt lat="39.562811" lon="2.662226">
				 <ele>5.5</ele>
			 </trkpt>
			 <trkpt lat="39.562995" lon="2.661694">
				 <ele>5.1</ele>
			 </trkpt>
			 <trkpt lat="39.563178" lon="2.661161">
				 <ele>4.7</ele>
			 </trkpt>
			 <trkpt lat="39.563362" lon="2.660629">
				 <ele>4.8</ele>
			 </trkpt>
			 <trkpt lat="39.563545" lon="2.660096">
				 <ele>5.2</ele>
			 </trkpt>
			 <trkpt lat="39.563729" lon="2.659564">
				 <ele>5.4</ele>
			 </trkpt>
			 <trkpt lat="39.563913" lon="2.659032">
				 <ele>5.3</ele>
			 </trkpt>
			 <trkpt lat="39.564096" lon="2.658499">
				 <ele>5.2</ele>
			 </trkpt>
			 <trkpt lat="39.56428" lon="2.657967">
				 <ele>4.9</ele>
			 </trkpt>
			 <trkpt lat="39.564292" lon="2.657932">
				 <ele>4.5</ele>
			 </trkpt>
			 <trkpt lat="39.564345" lon="2.657353">
				 <ele>4.2</ele>
			 </trkpt>
			 <trkpt lat="39.564399" lon="2.656774">
				 <ele>4.3</ele>
			 </trkpt>
			 <trkpt lat="39.564403" lon="2.656728">
				 <ele>4.7</ele>
			 </trkpt>
			 <trkpt lat="39.564573" lon="2.656609">
				 <ele>5.3</ele>
			 </trkpt>
			 <trkpt lat="39.56502" lon="2.656667">
				 <ele>6</ele>
			 </trkpt>
			 <trkpt lat="39.565468" lon="2.656725">
				 <ele>7.1</ele>
			 </trkpt>
			 <trkpt lat="39.565708" lon="2.656756">
				 <ele>8.4</ele>
			 </trkpt>
			 <trkpt lat="39.565978" lon="2.65679">
				 <ele>9.9</ele>
			 </trkpt>
			 <trkpt lat="39.566077" lon="2.6568">
				 <ele>11.6</ele>
			 </trkpt>
			 <trkpt lat="39.566375" lon="2.656838">
				 <ele>13.4</ele>
			 </trkpt>
			 <trkpt lat="39.566639" lon="2.65687">
				 <ele>14.9</ele>
			 </trkpt>
			 <trkpt lat="39.566692" lon="2.656887">
				 <ele>16.3</ele>
			 </trkpt>
			 <trkpt lat="39.566757" lon="2.656923">
				 <ele>17.5</ele>
			 </trkpt>
			 <trkpt lat="39.566821" lon="2.656974">
				 <ele>18.5</ele>
			 </trkpt>
			 <trkpt lat="39.566903" lon="2.657054">
				 <ele>19.4</ele>
			 </trkpt>
			 <trkpt lat="39.567308" lon="2.657468">
				 <ele>20</ele>
			 </trkpt>
			 <trkpt lat="39.567356" lon="2.657501">
				 <ele>20.2</ele>
			 </trkpt>
			 <trkpt lat="39.567448" lon="2.657541">
				 <ele>20.1</ele>
			 </trkpt>
			 <trkpt lat="39.56753" lon="2.657536">
				 <ele>20</ele>
			 </trkpt>
			 <trkpt lat="39.56763" lon="2.657513">
				 <ele>19.9</ele>
			 </trkpt>
			 <trkpt lat="39.567661" lon="2.657497">
				 <ele>19.7</ele>
			 </trkpt>
			 <trkpt lat="39.567837" lon="2.657435">
				 <ele>19.6</ele>
			 </trkpt>
			 <trkpt lat="39.568003" lon="2.657368">
				 <ele>19.5</ele>
			 </trkpt>
			 <trkpt lat="39.568352" lon="2.657213">
				 <ele>19.3</ele>
			 </trkpt>
			 <trkpt lat="39.568688" lon="2.657075">
				 <ele>19.1</ele>
			 </trkpt>
			 <trkpt lat="39.568768" lon="2.657043">
				 <ele>19.2</ele>
			 </trkpt>
			 <trkpt lat="39.568948" lon="2.656982">
				 <ele>19.5</ele>
			 </trkpt>
			 <trkpt lat="39.569086" lon="2.657016">
				 <ele>20.1</ele>
			 </trkpt>
			 <trkpt lat="39.569503" lon="2.657232">
				 <ele>20.9</ele>
			 </trkpt>
			 <trkpt lat="39.569585" lon="2.657273">
				 <ele>21.7</ele>
			 </trkpt>
			 <trkpt lat="39.569905" lon="2.657435">
				 <ele>22.5</ele>
			 </trkpt>
			 <trkpt lat="39.570039" lon="2.657461">
				 <ele>23.1</ele>
			 </trkpt>
			 <trkpt lat="39.57007" lon="2.657452">
				 <ele>23.6</ele>
			 </trkpt>
			 <trkpt lat="39.570111" lon="2.65736">
				 <ele>24</ele>
			 </trkpt>
			 <trkpt lat="39.5702" lon="2.656788">
				 <ele>24.5</ele>
			 </trkpt>
			 <trkpt lat="39.57024" lon="2.656526">
				 <ele>24.9</ele>
			 </trkpt>
			 <trkpt lat="39.570247" lon="2.656477">
				 <ele>24.9</ele>
			 </trkpt>
			 <trkpt lat="39.570197" lon="2.656468">
				 <ele>24.5</ele>
			 </trkpt>
			 <trkpt lat="39.56931" lon="2.656339">
				 <ele>23.7</ele>
			 </trkpt>
			 <trkpt lat="39.569015" lon="2.656304">
				 <ele>22.8</ele>
			 </trkpt>
			 <trkpt lat="39.568624" lon="2.656228">
				 <ele>21.7</ele>
			 </trkpt>
			 <trkpt lat="39.56841" lon="2.656193">
				 <ele>20.6</ele>
			 </trkpt>
			 <trkpt lat="39.567662" lon="2.656075">
				 <ele>19.6</ele>
			 </trkpt>
			 <trkpt lat="39.566927" lon="2.655867">
				 <ele>18.6</ele>
			 </trkpt>
			 <trkpt lat="39.566598" lon="2.655813">
				 <ele>17.9</ele>
			 </trkpt>
			 <trkpt lat="39.56644" lon="2.655787">
				 <ele>17.1</ele>
			 </trkpt>
			 <trkpt lat="39.566247" lon="2.655755">
				 <ele>16.5</ele>
			 </trkpt>
			 <trkpt lat="39.566254" lon="2.655692">
				 <ele>15.9</ele>
			 </trkpt>
			 <trkpt lat="39.566022" lon="2.655616">
				 <ele>15.5</ele>
			 </trkpt>
			 <trkpt lat="39.565991" lon="2.655606">
				 <ele>15.2</ele>
			 </trkpt>
			 <trkpt lat="39.565537" lon="2.655473">
				 <ele>14.9</ele>
			 </trkpt>
			 <trkpt lat="39.565503" lon="2.655441">
				 <ele>14.6</ele>
			 </trkpt>
			 <trkpt lat="39.5655" lon="2.655396">
				 <ele>14.3</ele>
			 </trkpt>
			 <trkpt lat="39.565569" lon="2.655194">
				 <ele>13.9</ele>
			 </trkpt>
			 <trkpt lat="39.565648" lon="2.654784">
				 <ele>13.5</ele>
			 </trkpt>
			 <trkpt lat="39.56566" lon="2.65468">
				 <ele>13</ele>
			 </trkpt>
			 <trkpt lat="39.565407" lon="2.654655">
				 <ele>12.4</ele>
			 </trkpt>
			 <trkpt lat="39.565359" lon="2.65452">
				 <ele>11.6</ele>
			 </trkpt>
			 <trkpt lat="39.565362" lon="2.65426">
				 <ele>10.7</ele>
			 </trkpt>
			 <trkpt lat="39.565357" lon="2.653837">
				 <ele>9.8</ele>
			 </trkpt>
			 <trkpt lat="39.565346" lon="2.652886">
				 <ele>9.1</ele>
			 </trkpt>
			 <trkpt lat="39.565331" lon="2.652497">
				 <ele>8.4</ele>
			 </trkpt>
			 <trkpt lat="39.56509" lon="2.652522">
				 <ele>7.8</ele>
			 </trkpt>
			 <trkpt lat="39.564957" lon="2.651941">
				 <ele>7.5</ele>
			 </trkpt>
			 <trkpt lat="39.564946" lon="2.651893">
				 <ele>7.5</ele>
			 </trkpt>
			 <trkpt lat="39.56497" lon="2.651815">
				 <ele>7.4</ele>
			 </trkpt>
			 <trkpt lat="39.565087" lon="2.65166">
				 <ele>7</ele>
			 </trkpt>
			 <trkpt lat="39.565272" lon="2.651588">
				 <ele>6.7</ele>
			 </trkpt>
			 <trkpt lat="39.565401" lon="2.651539">
				 <ele>7</ele>
			 </trkpt>
			 <trkpt lat="39.565598" lon="2.651539">
				 <ele>7.5</ele>
			 </trkpt>
			 <trkpt lat="39.565812" lon="2.650988">
				 <ele>8.7</ele>
			 </trkpt>
			 <trkpt lat="39.566023" lon="2.650473">
				 <ele>10.2</ele>
			 </trkpt>
			 <trkpt lat="39.566046" lon="2.650417">
				 <ele>11.9</ele>
			 </trkpt>
			 <trkpt lat="39.566365" lon="2.650466">
				 <ele>13.6</ele>
			 </trkpt>
			 <trkpt lat="39.566446" lon="2.650489">
				 <ele>15.3</ele>
			 </trkpt>
			 <trkpt lat="39.56678" lon="2.650546">
				 <ele>16.6</ele>
			 </trkpt>
			 <trkpt lat="39.567142" lon="2.650608">
				 <ele>18.3</ele>
			 </trkpt>
			 <trkpt lat="39.567481" lon="2.650951">
				 <ele>20.3</ele>
			 </trkpt>
			 <trkpt lat="39.56776" lon="2.651181">
				 <ele>22.3</ele>
			 </trkpt>
			 <trkpt lat="39.567936" lon="2.651325">
				 <ele>23.7</ele>
			 </trkpt>
			 <trkpt lat="39.568138" lon="2.651493">
				 <ele>25</ele>
			 </trkpt>
			 <trkpt lat="39.568136" lon="2.651636">
				 <ele>25.5</ele>
			 </trkpt>
			 <trkpt lat="39.568081" lon="2.652113">
				 <ele>25.5</ele>
			 </trkpt>
			 <trkpt lat="39.56801" lon="2.652746">
				 <ele>25.4</ele>
			 </trkpt>
			 <trkpt lat="39.567957" lon="2.653089">
				 <ele>25.2</ele>
			 </trkpt>
			 <trkpt lat="39.567909" lon="2.65344">
				 <ele>25</ele>
			 </trkpt>
			 <trkpt lat="39.567814" lon="2.654155">
				 <ele>25.2</ele>
			 </trkpt>
			 <trkpt lat="39.567834" lon="2.65436">
				 <ele>25.4</ele>
			 </trkpt>
			 <trkpt lat="39.567863" lon="2.65447">
				 <ele>25.4</ele>
			 </trkpt>
			 <trkpt lat="39.567949" lon="2.654217">
				 <ele>25.3</ele>
			 </trkpt>
			 <trkpt lat="39.568015" lon="2.654028">
				 <ele>25.4</ele>
			 </trkpt>
			 <trkpt lat="39.568439" lon="2.652824">
				 <ele>25.5</ele>
			 </trkpt>
			 <trkpt lat="39.568485" lon="2.652695">
				 <ele>26</ele>
			 </trkpt>
			 <trkpt lat="39.568542" lon="2.652527">
				 <ele>26.5</ele>
			 </trkpt>
			 <trkpt lat="39.568597" lon="2.65223">
				 <ele>27</ele>
			 </trkpt>
			 <trkpt lat="39.56853" lon="2.652085">
				 <ele>27.5</ele>
			 </trkpt>
			 <trkpt lat="39.568583" lon="2.65197">
				 <ele>28</ele>
			 </trkpt>
			 <trkpt lat="39.568797" lon="2.651492">
				 <ele>28.3</ele>
			 </trkpt>
			 <trkpt lat="39.568835" lon="2.651409">
				 <ele>28.5</ele>
			 </trkpt>
			 <trkpt lat="39.568957" lon="2.651109">
				 <ele>28.7</ele>
			 </trkpt>
			 <trkpt lat="39.569019" lon="2.651085">
				 <ele>29</ele>
			 </trkpt>
			 <trkpt lat="39.569135" lon="2.65081">
				 <ele>29.2</ele>
			 </trkpt>
			 <trkpt lat="39.569033" lon="2.650769">
				 <ele>29.5</ele>
			 </trkpt>
			 <trkpt lat="39.568881" lon="2.650709">
				 <ele>29.6</ele>
			 </trkpt>
			 <trkpt lat="39.568787" lon="2.650864">
				 <ele>29.8</ele>
			 </trkpt>
			 <trkpt lat="39.568695" lon="2.65086">
				 <ele>29.8</ele>
			 </trkpt>
			 <trkpt lat="39.568641" lon="2.650847">
				 <ele>29.6</ele>
			 </trkpt>
			 <trkpt lat="39.568495" lon="2.650762">
				 <ele>29.3</ele>
			 </trkpt>
			 <trkpt lat="39.568276" lon="2.650635">
				 <ele>28.7</ele>
			 </trkpt>
			 <trkpt lat="39.568044" lon="2.650539">
				 <ele>28.2</ele>
			 </trkpt>
			 <trkpt lat="39.567785" lon="2.650461">
				 <ele>27.7</ele>
			 </trkpt>
			 <trkpt lat="39.567583" lon="2.650388">
				 <ele>27.4</ele>
			 </trkpt>
			 <trkpt lat="39.567585" lon="2.650332">
				 <ele>27</ele>
			 </trkpt>
			 <trkpt lat="39.567602" lon="2.650131">
				 <ele>26.1</ele>
			 </trkpt>
			 <trkpt lat="39.567539" lon="2.650099">
				 <ele>24.7</ele>
			 </trkpt>
			 <trkpt lat="39.567594" lon="2.649927">
				 <ele>23.3</ele>
			 </trkpt>
			 <trkpt lat="39.567637" lon="2.649794">
				 <ele>21.9</ele>
			 </trkpt>
			 <trkpt lat="39.56769" lon="2.649616">
				 <ele>20.6</ele>
			 </trkpt>
			 <trkpt lat="39.567375" lon="2.649436">
				 <ele>19.5</ele>
			 </trkpt>
			 <trkpt lat="39.567112" lon="2.649224">
				 <ele>18.3</ele>
			 </trkpt>
			 <trkpt lat="39.567009" lon="2.649128">
				 <ele>17.1</ele>
			 </trkpt>
			 <trkpt lat="39.566962" lon="2.649052">
				 <ele>16.1</ele>
			 </trkpt>
			 <trkpt lat="39.566957" lon="2.648997">
				 <ele>15.4</ele>
			 </trkpt>
			 <trkpt lat="39.567016" lon="2.648783">
				 <ele>14.9</ele>
			 </trkpt>
			 <trkpt lat="39.567045" lon="2.648562">
				 <ele>15</ele>
			 </trkpt>
			 <trkpt lat="39.567059" lon="2.648406">
				 <ele>15.8</ele>
			 </trkpt>
			 <trkpt lat="39.567149" lon="2.648072">
				 <ele>17</ele>
			 </trkpt>
			 <trkpt lat="39.567384" lon="2.647452">
				 <ele>18.5</ele>
			 </trkpt>
			 <trkpt lat="39.567557" lon="2.647541">
				 <ele>20.3</ele>
			 </trkpt>
			 <trkpt lat="39.567691" lon="2.647611">
				 <ele>22.1</ele>
			 </trkpt>
			 <trkpt lat="39.568008" lon="2.647764">
				 <ele>24.1</ele>
			 </trkpt>
			 <trkpt lat="39.568265" lon="2.64788">
				 <ele>26</ele>
			 </trkpt>
			 <trkpt lat="39.568432" lon="2.64797">
				 <ele>27.9</ele>
			 </trkpt>
			 <trkpt lat="39.568721" lon="2.648136">
				 <ele>29.5</ele>
			 </trkpt>
			 <trkpt lat="39.568875" lon="2.648662">
				 <ele>30.7</ele>
			 </trkpt>
			 <trkpt lat="39.568963" lon="2.648963">
				 <ele>31.9</ele>
			 </trkpt>
			 <trkpt lat="39.569092" lon="2.64944">
				 <ele>32.8</ele>
			 </trkpt>
			 <trkpt lat="39.569434" lon="2.649919">
				 <ele>33.4</ele>
			 </trkpt>
			 <trkpt lat="39.569458" lon="2.650013">
				 <ele>33.5</ele>
			 </trkpt>
			 <trkpt lat="39.569462" lon="2.65015">
				 <ele>33.5</ele>
			 </trkpt>
			 <trkpt lat="39.569476" lon="2.650262">
				 <ele>33.4</ele>
			 </trkpt>
			 <trkpt lat="39.569422" lon="2.650356">
				 <ele>33.2</ele>
			 </trkpt>
			 <trkpt lat="39.569262" lon="2.650637">
				 <ele>33</ele>
			 </trkpt>
			 <trkpt lat="39.56945" lon="2.650771">
				 <ele>32.6</ele>
			 </trkpt>
			 <trkpt lat="39.56949" lon="2.6508">
				 <ele>32.4</ele>
			 </trkpt>
			 <trkpt lat="39.569645" lon="2.650911">
				 <ele>32.2</ele>
			 </trkpt>
			 <trkpt lat="39.569719" lon="2.650963">
				 <ele>31.9</ele>
			 </trkpt>
			 <trkpt lat="39.569638" lon="2.651117">
				 <ele>31.8</ele>
			 </trkpt>
			 <trkpt lat="39.569735" lon="2.651182">
				 <ele>31.7</ele>
			 </trkpt>
			 <trkpt lat="39.56982" lon="2.651226">
				 <ele>31.7</ele>
			 </trkpt>
			 <trkpt lat="39.569881" lon="2.651259">
				 <ele>31.7</ele>
			 </trkpt>
			 <trkpt lat="39.569845" lon="2.651405">
				 <ele>31.6</ele>
			 </trkpt>
			 <trkpt lat="39.57007" lon="2.651546">
				 <ele>31.6</ele>
			 </trkpt>
			 <trkpt lat="39.570436" lon="2.651775">
				 <ele>31.7</ele>
			 </trkpt>
			 <trkpt lat="39.570375" lon="2.651895">
				 <ele>31.8</ele>
			 </trkpt>
			 <trkpt lat="39.57033" lon="2.65199">
				 <ele>31.7</ele>
			 </trkpt>
			 <trkpt lat="39.57028" lon="2.652154">
				 <ele>31.5</ele>
			 </trkpt>
			 <trkpt lat="39.570374" lon="2.652569">
				 <ele>31.4</ele>
			 </trkpt>
			 <trkpt lat="39.570387" lon="2.652622">
				 <ele>31.2</ele>
			 </trkpt>
			 <trkpt lat="39.570443" lon="2.652847">
				 <ele>31.2</ele>
			 </trkpt>
			 <trkpt lat="39.570493" lon="2.653046">
				 <ele>31.1</ele>
			 </trkpt>
			 <trkpt lat="39.570559" lon="2.653263">
				 <ele>30.9</ele>
			 </trkpt>
			 <trkpt lat="39.570615" lon="2.653448">
				 <ele>30.7</ele>
			 </trkpt>
			 <trkpt lat="39.570691" lon="2.653619">
				 <ele>30.5</ele>
			 </trkpt>
			 <trkpt lat="39.570763" lon="2.653781">
				 <ele>30.3</ele>
			 </trkpt>
			 <trkpt lat="39.570967" lon="2.654104">
				 <ele>30</ele>
			 </trkpt>
			 <trkpt lat="39.571128" lon="2.654332">
				 <ele>29.8</ele>
			 </trkpt>
			 <trkpt lat="39.571437" lon="2.654756">
				 <ele>29.8</ele>
			 </trkpt>
			 <trkpt lat="39.571683" lon="2.654508">
				 <ele>29.9</ele>
			 </trkpt>
			 <trkpt lat="39.571521" lon="2.654164">
				 <ele>30.1</ele>
			 </trkpt>
			 <trkpt lat="39.571507" lon="2.654134">
				 <ele>30.3</ele>
			 </trkpt>
			 <trkpt lat="39.57138" lon="2.653818">
				 <ele>30.5</ele>
			 </trkpt>
			 <trkpt lat="39.571344" lon="2.653714">
				 <ele>30.9</ele>
			 </trkpt>
			 <trkpt lat="39.571245" lon="2.653369">
				 <ele>31.2</ele>
			 </trkpt>
			 <trkpt lat="39.57119" lon="2.653191">
				 <ele>31.4</ele>
			 </trkpt>
			 <trkpt lat="39.57114" lon="2.653026">
				 <ele>31.6</ele>
			 </trkpt>
			 <trkpt lat="39.571111" lon="2.652934">
				 <ele>31.8</ele>
			 </trkpt>
			 <trkpt lat="39.571087" lon="2.652855">
				 <ele>31.9</ele>
			 </trkpt>
			 <trkpt lat="39.57096" lon="2.652541">
				 <ele>32</ele>
			 </trkpt>
			 <trkpt lat="39.570919" lon="2.652415">
				 <ele>32</ele>
			 </trkpt>
			 <trkpt lat="39.570884" lon="2.652307">
				 <ele>31.9</ele>
			 </trkpt>
			 <trkpt lat="39.570853" lon="2.652209">
				 <ele>31.8</ele>
			 </trkpt>
			 <trkpt lat="39.570761" lon="2.651898">
				 <ele>31.7</ele>
			 </trkpt>
			 <trkpt lat="39.570776" lon="2.651552">
				 <ele>31.5</ele>
			 </trkpt>
			 <trkpt lat="39.570777" lon="2.651511">
				 <ele>31.4</ele>
			 </trkpt>
			 <trkpt lat="39.570779" lon="2.651452">
				 <ele>31.2</ele>
			 </trkpt>
			 <trkpt lat="39.570778" lon="2.651365">
				 <ele>31</ele>
			 </trkpt>
			 <trkpt lat="39.570815" lon="2.651374">
				 <ele>31</ele>
			 </trkpt>
			 <trkpt lat="39.570941" lon="2.651443">
				 <ele>31.2</ele>
			 </trkpt>
			 <trkpt lat="39.571093" lon="2.651527">
				 <ele>31.3</ele>
			 </trkpt>
			 <trkpt lat="39.571158" lon="2.651559">
				 <ele>31.3</ele>
			 </trkpt>
			 <trkpt lat="39.571228" lon="2.651619">
				 <ele>31.2</ele>
			 </trkpt>
			 <trkpt lat="39.571406" lon="2.651744">
				 <ele>31.1</ele>
			 </trkpt>
			 <trkpt lat="39.571571" lon="2.651857">
				 <ele>31</ele>
			 </trkpt>
			 <trkpt lat="39.571617" lon="2.651875">
				 <ele>31.1</ele>
			 </trkpt>
			 <trkpt lat="39.571675" lon="2.651907">
				 <ele>31.3</ele>
			 </trkpt>
			 <trkpt lat="39.571932" lon="2.652003">
				 <ele>31.5</ele>
			 </trkpt>
			 <trkpt lat="39.571983" lon="2.652016">
				 <ele>31.7</ele>
			 </trkpt>
			 <trkpt lat="39.572264" lon="2.652083">
				 <ele>32</ele>
			 </trkpt>
			 <trkpt lat="39.572349" lon="2.652089">
				 <ele>32.1</ele>
			 </trkpt>
			 <trkpt lat="39.572685" lon="2.652117">
				 <ele>32.1</ele>
			 </trkpt>
			 <trkpt lat="39.572742" lon="2.652111">
				 <ele>32.1</ele>
			 </trkpt>
			 <trkpt lat="39.57291" lon="2.652106">
				 <ele>32.2</ele>
			 </trkpt>
			 <trkpt lat="39.573086" lon="2.652109">
				 <ele>32.4</ele>
			 </trkpt>
			 <trkpt lat="39.573768" lon="2.652122">
				 <ele>32.6</ele>
			 </trkpt>
			 <trkpt lat="39.573857" lon="2.652123">
				 <ele>33.2</ele>
			 </trkpt>
			 <trkpt lat="39.57394" lon="2.652125">
				 <ele>33.8</ele>
			 </trkpt>
			 <trkpt lat="39.574045" lon="2.652127">
				 <ele>34.2</ele>
			 </trkpt>
			 <trkpt lat="39.574348" lon="2.652135">
				 <ele>34.1</ele>
			 </trkpt>
			 <trkpt lat="39.574428" lon="2.652134">
				 <ele>33.9</ele>
			 </trkpt>
			 <trkpt lat="39.574935" lon="2.652143">
				 <ele>34</ele>
			 </trkpt>
			 <trkpt lat="39.575194" lon="2.652148">
				 <ele>34</ele>
			 </trkpt>
			 <trkpt lat="39.575666" lon="2.652249">
				 <ele>34</ele>
			 </trkpt>
			 <trkpt lat="39.576182" lon="2.652359">
				 <ele>34</ele>
			 </trkpt>
			 <trkpt lat="39.576401" lon="2.652359">
				 <ele>33.8</ele>
			 </trkpt>
			 <trkpt lat="39.576833" lon="2.65236">
				 <ele>33.5</ele>
			 </trkpt>
			 <trkpt lat="39.577249" lon="2.65236">
				 <ele>33</ele>
			 </trkpt>
			 <trkpt lat="39.577352" lon="2.65236">
				 <ele>32.4</ele>
			 </trkpt>
			 <trkpt lat="39.577433" lon="2.652155">
				 <ele>32</ele>
			 </trkpt>
			 <trkpt lat="39.577578" lon="2.651707">
				 <ele>32.1</ele>
			 </trkpt>
			 <trkpt lat="39.577658" lon="2.651463">
				 <ele>32.3</ele>
			 </trkpt>
			 <trkpt lat="39.577826" lon="2.650949">
				 <ele>32.5</ele>
			 </trkpt>
			 <trkpt lat="39.577902" lon="2.650714">
				 <ele>33</ele>
			 </trkpt>
			 <trkpt lat="39.578061" lon="2.650206">
				 <ele>33.5</ele>
			 </trkpt>
			 <trkpt lat="39.578111" lon="2.650061">
				 <ele>33.8</ele>
			 </trkpt>
			 <trkpt lat="39.578223" lon="2.649744">
				 <ele>34.2</ele>
			 </trkpt>
			 <trkpt lat="39.578387" lon="2.649255">
				 <ele>34.5</ele>
			 </trkpt>
			 <trkpt lat="39.578415" lon="2.649131">
				 <ele>33.9</ele>
			 </trkpt>
			 <trkpt lat="39.578417" lon="2.649062">
				 <ele>33.4</ele>
			 </trkpt>
			 <trkpt lat="39.578405" lon="2.648987">
				 <ele>32.7</ele>
			 </trkpt>
			 <trkpt lat="39.578357" lon="2.648877">
				 <ele>32</ele>
			 </trkpt>
			 <trkpt lat="39.578293" lon="2.648791">
				 <ele>31.2</ele>
			 </trkpt>
			 <trkpt lat="39.577833" lon="2.648331">
				 <ele>30.1</ele>
			 </trkpt>
			 <trkpt lat="39.577628" lon="2.648125">
				 <ele>29.2</ele>
			 </trkpt>
			 <trkpt lat="39.577301" lon="2.647769">
				 <ele>28.5</ele>
			 </trkpt>
			 <trkpt lat="39.577212" lon="2.647674">
				 <ele>28</ele>
			 </trkpt>
			 <trkpt lat="39.576994" lon="2.647437">
				 <ele>27.5</ele>
			 </trkpt>
			 <trkpt lat="39.576819" lon="2.647242">
				 <ele>27.1</ele>
			 </trkpt>
			 <trkpt lat="39.576462" lon="2.646847">
				 <ele>27.4</ele>
			 </trkpt>
			 <trkpt lat="39.5763" lon="2.646669">
				 <ele>27.6</ele>
			 </trkpt>
			 <trkpt lat="39.576263" lon="2.646565">
				 <ele>27.5</ele>
			 </trkpt>
			 <trkpt lat="39.576242" lon="2.64647">
				 <ele>27.5</ele>
			 </trkpt>
			 <trkpt lat="39.57623" lon="2.646366">
				 <ele>27.4</ele>
			 </trkpt>
			 <trkpt lat="39.576206" lon="2.645828">
				 <ele>27.4</ele>
			 </trkpt>
			 <trkpt lat="39.576199" lon="2.645715">
				 <ele>27.2</ele>
			 </trkpt>
			 <trkpt lat="39.576149" lon="2.644621">
				 <ele>26.8</ele>
			 </trkpt>
			 <trkpt lat="39.576139" lon="2.644494">
				 <ele>26.5</ele>
			 </trkpt>
			 <trkpt lat="39.576134" lon="2.644423">
				 <ele>26</ele>
			 </trkpt>
			 <trkpt lat="39.576121" lon="2.644141">
				 <ele>25.5</ele>
			 </trkpt>
			 <trkpt lat="39.576116" lon="2.643996">
				 <ele>24.9</ele>
			 </trkpt>
			 <trkpt lat="39.575983" lon="2.644016">
				 <ele>24.5</ele>
			 </trkpt>
			 <trkpt lat="39.575485" lon="2.643839">
				 <ele>25.3</ele>
			 </trkpt>
			 <trkpt lat="39.574592" lon="2.643524">
				 <ele>25.6</ele>
			 </trkpt>
			 <trkpt lat="39.574387" lon="2.643459">
				 <ele>25.9</ele>
			 </trkpt>
			 <trkpt lat="39.574342" lon="2.643421">
				 <ele>26.2</ele>
			 </trkpt>
			 <trkpt lat="39.574225" lon="2.643259">
				 <ele>26.5</ele>
			 </trkpt>
			 <trkpt lat="39.573775" lon="2.642515">
				 <ele>26.6</ele>
			 </trkpt>
			 <trkpt lat="39.573525" lon="2.642089">
				 <ele>26.6</ele>
			 </trkpt>
			 <trkpt lat="39.573407" lon="2.641908">
				 <ele>26.7</ele>
			 </trkpt>
			 <trkpt lat="39.573329" lon="2.641786">
				 <ele>26.8</ele>
			 </trkpt>
			 <trkpt lat="39.573259" lon="2.641722">
				 <ele>26.8</ele>
			 </trkpt>
			 <trkpt lat="39.573226" lon="2.641708">
				 <ele>26.6</ele>
			 </trkpt>
			 <trkpt lat="39.573077" lon="2.641684">
				 <ele>25.9</ele>
			 </trkpt>
			 <trkpt lat="39.572622" lon="2.641605">
				 <ele>25.5</ele>
			 </trkpt>
			 <trkpt lat="39.572604" lon="2.641755">
				 <ele>25.3</ele>
			 </trkpt>
			 <trkpt lat="39.572567" lon="2.642058">
				 <ele>24.9</ele>
			 </trkpt>
			 <trkpt lat="39.572553" lon="2.64216">
				 <ele>24.5</ele>
			 </trkpt>
			 <trkpt lat="39.572541" lon="2.642281">
				 <ele>24.4</ele>
			 </trkpt>
			 <trkpt lat="39.572676" lon="2.64231">
				 <ele>24.6</ele>
			 </trkpt>
			 <trkpt lat="39.572822" lon="2.642341">
				 <ele>25.2</ele>
			 </trkpt>
			 <trkpt lat="39.572891" lon="2.642358">
				 <ele>25.7</ele>
			 </trkpt>
			 <trkpt lat="39.572987" lon="2.642384">
				 <ele>26.3</ele>
			 </trkpt>
			 <trkpt lat="39.573054" lon="2.642442">
				 <ele>26.5</ele>
			 </trkpt>
			 <trkpt lat="39.57318" lon="2.642672">
				 <ele>26.5</ele>
			 </trkpt>
			 <trkpt lat="39.573436" lon="2.64308">
				 <ele>26.5</ele>
			 </trkpt>
			 <trkpt lat="39.573587" lon="2.643343">
				 <ele>26.6</ele>
			 </trkpt>
			 <trkpt lat="39.573642" lon="2.643438">
				 <ele>26.7</ele>
			 </trkpt>
			 <trkpt lat="39.573776" lon="2.64367">
				 <ele>26.9</ele>
			 </trkpt>
			 <trkpt lat="39.573947" lon="2.64398">
				 <ele>26.9</ele>
			 </trkpt>
			 <trkpt lat="39.574241" lon="2.644115">
				 <ele>26.5</ele>
			 </trkpt>
			 <trkpt lat="39.574488" lon="2.644198">
				 <ele>25.9</ele>
			 </trkpt>
			 <trkpt lat="39.57469" lon="2.644266">
				 <ele>25.5</ele>
			 </trkpt>
			 <trkpt lat="39.574858" lon="2.644333">
				 <ele>25.2</ele>
			 </trkpt>
			 <trkpt lat="39.574954" lon="2.644367">
				 <ele>25.3</ele>
			 </trkpt>
			 <trkpt lat="39.57542" lon="2.644558">
				 <ele>25.6</ele>
			 </trkpt>
			 <trkpt lat="39.575643" lon="2.64465">
				 <ele>26</ele>
			 </trkpt>
			 <trkpt lat="39.575701" lon="2.644667">
				 <ele>26.5</ele>
			 </trkpt>
			 <trkpt lat="39.575734" lon="2.644741">
				 <ele>27.1</ele>
			 </trkpt>
			 <trkpt lat="39.575754" lon="2.644815">
				 <ele>27.6</ele>
			 </trkpt>
			 <trkpt lat="39.575751" lon="2.644917">
				 <ele>28.1</ele>
			 </trkpt>
			 <trkpt lat="39.575713" lon="2.64495">
				 <ele>28.4</ele>
			 </trkpt>
			 <trkpt lat="39.575493" lon="2.645141">
				 <ele>28.8</ele>
			 </trkpt>
			 <trkpt lat="39.575122" lon="2.645462">
				 <ele>29.2</ele>
			 </trkpt>
			 <trkpt lat="39.57504" lon="2.645534">
				 <ele>29.4</ele>
			 </trkpt>
			 <trkpt lat="39.574862" lon="2.645536">
				 <ele>29.4</ele>
			 </trkpt>
			 <trkpt lat="39.574579" lon="2.645591">
				 <ele>28.9</ele>
			 </trkpt>
			 <trkpt lat="39.573875" lon="2.645655">
				 <ele>28.5</ele>
			 </trkpt>
			 <trkpt lat="39.573649" lon="2.645696">
				 <ele>27.8</ele>
			 </trkpt>
			 <trkpt lat="39.573482" lon="2.645727">
				 <ele>27</ele>
			 </trkpt>
			 <trkpt lat="39.573342" lon="2.645769">
				 <ele>26</ele>
			 </trkpt>
			 <trkpt lat="39.572733" lon="2.646049">
				 <ele>25.1</ele>
			 </trkpt>
			 <trkpt lat="39.572577" lon="2.646121">
				 <ele>24.5</ele>
			 </trkpt>
			 <trkpt lat="39.5725" lon="2.645843">
				 <ele>23.5</ele>
			 </trkpt>
			 <trkpt lat="39.572445" lon="2.645584">
				 <ele>22.4</ele>
			 </trkpt>
			 <trkpt lat="39.572298" lon="2.645272">
				 <ele>21.4</ele>
			 </trkpt>
			 <trkpt lat="39.572248" lon="2.645401">
				 <ele>20.7</ele>
			 </trkpt>
			 <trkpt lat="39.572228" lon="2.64554">
				 <ele>20.5</ele>
			 </trkpt>
			 <trkpt lat="39.572082" lon="2.645471">
				 <ele>20.3</ele>
			 </trkpt>
			 <trkpt lat="39.571933" lon="2.645397">
				 <ele>19.9</ele>
			 </trkpt>
			 <trkpt lat="39.571906" lon="2.645493">
				 <ele>19.4</ele>
			 </trkpt>
			 <trkpt lat="39.571753" lon="2.646022">
				 <ele>18.9</ele>
			 </trkpt>
			 <trkpt lat="39.571739" lon="2.646074">
				 <ele>18.5</ele>
			 </trkpt>
			 <trkpt lat="39.571694" lon="2.646227">
				 <ele>18</ele>
			 </trkpt>
			 <trkpt lat="39.571636" lon="2.646433">
				 <ele>18</ele>
			 </trkpt>
			 <trkpt lat="39.571552" lon="2.646723">
				 <ele>18.3</ele>
			 </trkpt>
			 <trkpt lat="39.571508" lon="2.646858">
				 <ele>18.6</ele>
			 </trkpt>
			 <trkpt lat="39.571481" lon="2.646993">
				 <ele>18.8</ele>
			 </trkpt>
			 <trkpt lat="39.571468" lon="2.647096">
				 <ele>19</ele>
			 </trkpt>
			 <trkpt lat="39.571879" lon="2.647247">
				 <ele>19.2</ele>
			 </trkpt>
			 <trkpt lat="39.572374" lon="2.647492">
				 <ele>19.7</ele>
			 </trkpt>
			 <trkpt lat="39.57262" lon="2.647608">
				 <ele>20.5</ele>
			 </trkpt>
			 <trkpt lat="39.572654" lon="2.647625">
				 <ele>21.3</ele>
			 </trkpt>
			 <trkpt lat="39.572953" lon="2.647736">
				 <ele>22.1</ele>
			 </trkpt>
			 <trkpt lat="39.573312" lon="2.64792">
				 <ele>22.9</ele>
			 </trkpt>
			 <trkpt lat="39.573596" lon="2.648058">
				 <ele>23.4</ele>
			 </trkpt>
			 <trkpt lat="39.57383" lon="2.648123">
				 <ele>23.7</ele>
			 </trkpt>
			 <trkpt lat="39.573871" lon="2.648135">
				 <ele>24</ele>
			 </trkpt>
			 <trkpt lat="39.573904" lon="2.648039">
				 <ele>23.9</ele>
			 </trkpt>
			 <trkpt lat="39.574021" lon="2.64767">
				 <ele>23.8</ele>
			 </trkpt>
			 <trkpt lat="39.574121" lon="2.647719">
				 <ele>23.5</ele>
			 </trkpt>
			 <trkpt lat="39.57415" lon="2.647706">
				 <ele>22.7</ele>
			 </trkpt>
			 <trkpt lat="39.574201" lon="2.647738">
				 <ele>22</ele>
			 </trkpt>
			 <trkpt lat="39.574369" lon="2.647838">
				 <ele>21.2</ele>
			 </trkpt>
			 <trkpt lat="39.574434" lon="2.647848">
				 <ele>20.5</ele>
			 </trkpt>
			 <trkpt lat="39.574509" lon="2.647911">
				 <ele>20.1</ele>
			 </trkpt>
			 <trkpt lat="39.574684" lon="2.648057">
				 <ele>19.7</ele>
			 </trkpt>
			 <trkpt lat="39.574764" lon="2.648123">
				 <ele>19.3</ele>
			 </trkpt>
			 <trkpt lat="39.574643" lon="2.64825">
				 <ele>19.4</ele>
			 </trkpt>
			 <trkpt lat="39.57429" lon="2.648616">
				 <ele>19.7</ele>
			 </trkpt>
			 <trkpt lat="39.573706" lon="2.649224">
				 <ele>20.1</ele>
			 </trkpt>
			 <trkpt lat="39.573522" lon="2.649417">
				 <ele>20.6</ele>
			 </trkpt>
			 <trkpt lat="39.57293" lon="2.65004">
				 <ele>21.4</ele>
			 </trkpt>
			 <trkpt lat="39.572452" lon="2.650545">
				 <ele>22.1</ele>
			 </trkpt>
			 <trkpt lat="39.572411" lon="2.650589">
				 <ele>22.9</ele>
			 </trkpt>
			 <trkpt lat="39.572265" lon="2.650717">
				 <ele>23.6</ele>
			 </trkpt>
			 <trkpt lat="39.57221" lon="2.650744">
				 <ele>24</ele>
			 </trkpt>
			 <trkpt lat="39.572139" lon="2.650757">
				 <ele>24.5</ele>
			 </trkpt>
			 <trkpt lat="39.572072" lon="2.650757">
				 <ele>25</ele>
			 </trkpt>
			 <trkpt lat="39.571994" lon="2.650746">
				 <ele>25</ele>
			 </trkpt>
			 <trkpt lat="39.571907" lon="2.65072">
				 <ele>24.9</ele>
			 </trkpt>
			 <trkpt lat="39.571868" lon="2.650709">
				 <ele>24.7</ele>
			 </trkpt>
			 <trkpt lat="39.571614" lon="2.650545">
				 <ele>24.5</ele>
			 </trkpt>
			 <trkpt lat="39.571554" lon="2.65047">
				 <ele>24.2</ele>
			 </trkpt>
			 <trkpt lat="39.571526" lon="2.650374">
				 <ele>23.5</ele>
			 </trkpt>
			 <trkpt lat="39.57151" lon="2.650161">
				 <ele>22.7</ele>
			 </trkpt>
			 <trkpt lat="39.571507" lon="2.65007">
				 <ele>22</ele>
			 </trkpt>
			 <trkpt lat="39.571504" lon="2.649938">
				 <ele>21.3</ele>
			 </trkpt>
			 <trkpt lat="39.571499" lon="2.649781">
				 <ele>20.5</ele>
			 </trkpt>
			 <trkpt lat="39.571494" lon="2.649535">
				 <ele>19.8</ele>
			 </trkpt>
			 <trkpt lat="39.571478" lon="2.648652">
				 <ele>19</ele>
			 </trkpt>
			 <trkpt lat="39.571508" lon="2.647939">
				 <ele>18.3</ele>
			 </trkpt>
			 <trkpt lat="39.571511" lon="2.64787">
				 <ele>17.6</ele>
			 </trkpt>
			 <trkpt lat="39.571464" lon="2.64746">
				 <ele>17</ele>
			 </trkpt>
			 <trkpt lat="39.571462" lon="2.647368">
				 <ele>16.5</ele>
			 </trkpt>
			 <trkpt lat="39.571386" lon="2.647033">
				 <ele>16</ele>
			 </trkpt>
			 <trkpt lat="39.571135" lon="2.646993">
				 <ele>15.5</ele>
			 </trkpt>
			 <trkpt lat="39.570845" lon="2.646998">
				 <ele>14.9</ele>
			 </trkpt>
			 <trkpt lat="39.570534" lon="2.646882">
				 <ele>14.2</ele>
			 </trkpt>
			 <trkpt lat="39.569801" lon="2.646704">
				 <ele>13.5</ele>
			 </trkpt>
			 <trkpt lat="39.569319" lon="2.646576">
				 <ele>12.7</ele>
			 </trkpt>
			 <trkpt lat="39.569116" lon="2.646518">
				 <ele>11.8</ele>
			 </trkpt>
			 <trkpt lat="39.568912" lon="2.646509">
				 <ele>10.9</ele>
			 </trkpt>
			 <trkpt lat="39.568631" lon="2.646454">
				 <ele>9.9</ele>
			 </trkpt>
			 <trkpt lat="39.56822" lon="2.646218">
				 <ele>8.7</ele>
			 </trkpt>
			 <trkpt lat="39.567809" lon="2.645981">
				 <ele>7.5</ele>
			 </trkpt>
			 <trkpt lat="39.567398" lon="2.645745">
				 <ele>6.6</ele>
			 </trkpt>
			 <trkpt lat="39.56733" lon="2.645706">
				 <ele>5.8</ele>
			 </trkpt>
			 <trkpt lat="39.567172" lon="2.64559">
				 <ele>5.1</ele>
			 </trkpt>
			 <trkpt lat="39.566929" lon="2.6451">
				 <ele>4.3</ele>
			 </trkpt>
			 <trkpt lat="39.566555" lon="2.645425">
				 <ele>3.2</ele>
			 </trkpt>
			 <trkpt lat="39.566184" lon="2.645753">
				 <ele>2.5</ele>
			 </trkpt>
			 <trkpt lat="39.566136" lon="2.645796">
				 <ele>2.1</ele>
			 </trkpt>
			 <trkpt lat="39.565804" lon="2.646189">
				 <ele>1.6</ele>
			 </trkpt>
			 <trkpt lat="39.565586" lon="2.646447">
				 <ele>1.3</ele>
			 </trkpt>
			 <trkpt lat="39.565421" lon="2.64688">
				 <ele>1.1</ele>
			 </trkpt>
			 <trkpt lat="39.565298" lon="2.647427">
				 <ele>0.9</ele>
			 </trkpt>
			 <trkpt lat="39.565193" lon="2.647994">
				 <ele>0.7</ele>
			 </trkpt>
			 <trkpt lat="39.565107" lon="2.648459">
				 <ele>0.5</ele>
			 </trkpt>
		 </trkseg>
	 </trk>
</gpx>