<?xml version="1.0" encoding="UTF-8"?>
 <gpx creator="Garmin Connect" version="1.1"
	 xsi:schemaLocation="http://www.topografix.com/GPX/1/1 http://www.topografix.com/GPX/11.xsd"
	 xmlns:ns3="http://www.garmin.com/xmlschemas/TrackPointExtension/v1"
	 xmlns="http://www.topografix.com/GPX/1/1"
	 xmlns:xsi="http://www.w3.org/2001/XMLSchema-instance" xmlns:ns2="http://www.garmin.com/xmlschemas/GpxExtensions/v3">
	 <metadata>
		<name>Pikes Peak Marathon 2025 - 42.195 km</name>
		 <link href="https://www.goandrace.com">
		 <text>Garmin Connect</text>
		 </link>
	 <time>2026-08-09T18:06:18</time>
	 </metadata>
	 <trk>
		 <name>Pikes Peak Marathon 2025 - 42.195 km</name>
		 <trkseg>
			 <trkpt lat="38.857555" lon="-104.912412">
				 <ele>1926.3</ele>
			 </trkpt>
			 <trkpt lat="38.857184" lon="-104.914337">
				 <ele>1926.9</ele>
			 </trkpt>
			 <trkpt lat="38.857161" lon="-104.914652">
				 <ele>1927.5</ele>
			 </trkpt>
			 <trkpt lat="38.857201" lon="-104.915037">
				 <ele>1928.1</ele>
			 </trkpt>
			 <trkpt lat="38.857486" lon="-104.916034">
				 <ele>1928.8</ele>
			 </trkpt>
			 <trkpt lat="38.858084" lon="-104.917392">
				 <ele>1929.5</ele>
			 </trkpt>
			 <trkpt lat="38.85872" lon="-104.918139">
				 <ele>1930.8</ele>
			 </trkpt>
			 <trkpt lat="38.858868" lon="-104.918462">
				 <ele>1932.2</ele>
			 </trkpt>
			 <trkpt lat="38.858961" lon="-104.918829">
				 <ele>1933.6</ele>
			 </trkpt>
			 <trkpt lat="38.859076" lon="-104.919536">
				 <ele>1935.3</ele>
			 </trkpt>
			 <trkpt lat="38.859042" lon="-104.919714">
				 <ele>1937.1</ele>
			 </trkpt>
			 <trkpt lat="38.858685" lon="-104.920585">
				 <ele>1939.3</ele>
			 </trkpt>
			 <trkpt lat="38.858594" lon="-104.921234">
				 <ele>1941.6</ele>
			 </trkpt>
			 <trkpt lat="38.858605" lon="-104.921694">
				 <ele>1944.2</ele>
			 </trkpt>
			 <trkpt lat="38.858647" lon="-104.922091">
				 <ele>1947</ele>
			 </trkpt>
			 <trkpt lat="38.858804" lon="-104.923166">
				 <ele>1950</ele>
			 </trkpt>
			 <trkpt lat="38.858818" lon="-104.923328">
				 <ele>1953.3</ele>
			 </trkpt>
			 <trkpt lat="38.858771" lon="-104.923491">
				 <ele>1957</ele>
			 </trkpt>
			 <trkpt lat="38.858277" lon="-104.924479">
				 <ele>1961.1</ele>
			 </trkpt>
			 <trkpt lat="38.857849" lon="-104.926378">
				 <ele>1965.5</ele>
			 </trkpt>
			 <trkpt lat="38.857651" lon="-104.927038">
				 <ele>1970.2</ele>
			 </trkpt>
			 <trkpt lat="38.857538" lon="-104.92722">
				 <ele>1975.1</ele>
			 </trkpt>
			 <trkpt lat="38.857033" lon="-104.927885">
				 <ele>1980.1</ele>
			 </trkpt>
			 <trkpt lat="38.85697" lon="-104.928104">
				 <ele>1985.4</ele>
			 </trkpt>
			 <trkpt lat="38.856885" lon="-104.929014">
				 <ele>1990.9</ele>
			 </trkpt>
			 <trkpt lat="38.856812" lon="-104.929344">
				 <ele>1996.6</ele>
			 </trkpt>
			 <trkpt lat="38.856313" lon="-104.93085">
				 <ele>2002.5</ele>
			 </trkpt>
			 <trkpt lat="38.855981" lon="-104.931802">
				 <ele>2008.6</ele>
			 </trkpt>
			 <trkpt lat="38.855588" lon="-104.932574">
				 <ele>2014.7</ele>
			 </trkpt>
			 <trkpt lat="38.855211" lon="-104.933004">
				 <ele>2020.8</ele>
			 </trkpt>
			 <trkpt lat="38.854978" lon="-104.933386">
				 <ele>2026.9</ele>
			 </trkpt>
			 <trkpt lat="38.854839" lon="-104.933611">
				 <ele>2033</ele>
			 </trkpt>
			 <trkpt lat="38.85457" lon="-104.933974">
				 <ele>2039</ele>
			 </trkpt>
			 <trkpt lat="38.854198" lon="-104.934451">
				 <ele>2045.2</ele>
			 </trkpt>
			 <trkpt lat="38.853821" lon="-104.934907">
				 <ele>2051.2</ele>
			 </trkpt>
			 <trkpt lat="38.85352" lon="-104.935435">
				 <ele>2057</ele>
			 </trkpt>
			 <trkpt lat="38.853316" lon="-104.935948">
				 <ele>2062.8</ele>
			 </trkpt>
			 <trkpt lat="38.853231" lon="-104.936219">
				 <ele>2068.6</ele>
			 </trkpt>
			 <trkpt lat="38.85311" lon="-104.936523">
				 <ele>2074.4</ele>
			 </trkpt>
			 <trkpt lat="38.852938" lon="-104.936838">
				 <ele>2080.1</ele>
			 </trkpt>
			 <trkpt lat="38.852867" lon="-104.937032">
				 <ele>2085.7</ele>
			 </trkpt>
			 <trkpt lat="38.852881" lon="-104.937203">
				 <ele>2091.4</ele>
			 </trkpt>
			 <trkpt lat="38.852848" lon="-104.937364">
				 <ele>2097</ele>
			 </trkpt>
			 <trkpt lat="38.852728" lon="-104.937554">
				 <ele>2102.6</ele>
			 </trkpt>
			 <trkpt lat="38.852678" lon="-104.937648">
				 <ele>2107.9</ele>
			 </trkpt>
			 <trkpt lat="38.852507" lon="-104.937899">
				 <ele>2113</ele>
			 </trkpt>
			 <trkpt lat="38.852058" lon="-104.938182">
				 <ele>2117.9</ele>
			 </trkpt>
			 <trkpt lat="38.851923" lon="-104.938462">
				 <ele>2122.4</ele>
			 </trkpt>
			 <trkpt lat="38.851716" lon="-104.938794">
				 <ele>2126.5</ele>
			 </trkpt>
			 <trkpt lat="38.851548" lon="-104.938918">
				 <ele>2130.1</ele>
			 </trkpt>
			 <trkpt lat="38.851466" lon="-104.939113">
				 <ele>2133.3</ele>
			 </trkpt>
			 <trkpt lat="38.851592" lon="-104.939021">
				 <ele>2136</ele>
			 </trkpt>
			 <trkpt lat="38.851918" lon="-104.938915">
				 <ele>2138.2</ele>
			 </trkpt>
			 <trkpt lat="38.852111" lon="-104.938851">
				 <ele>2140</ele>
			 </trkpt>
			 <trkpt lat="38.852364" lon="-104.938791">
				 <ele>2141.5</ele>
			 </trkpt>
			 <trkpt lat="38.852829" lon="-104.938561">
				 <ele>2142.6</ele>
			 </trkpt>
			 <trkpt lat="38.852898" lon="-104.938516">
				 <ele>2143.6</ele>
			 </trkpt>
			 <trkpt lat="38.85295" lon="-104.938492">
				 <ele>2144.4</ele>
			 </trkpt>
			 <trkpt lat="38.853015" lon="-104.938502">
				 <ele>2145</ele>
			 </trkpt>
			 <trkpt lat="38.85307" lon="-104.9385">
				 <ele>2145.5</ele>
			 </trkpt>
			 <trkpt lat="38.853126" lon="-104.938438">
				 <ele>2146</ele>
			 </trkpt>
			 <trkpt lat="38.85326" lon="-104.938328">
				 <ele>2146.4</ele>
			 </trkpt>
			 <trkpt lat="38.853326" lon="-104.938256">
				 <ele>2146.8</ele>
			 </trkpt>
			 <trkpt lat="38.853387" lon="-104.938213">
				 <ele>2147.4</ele>
			 </trkpt>
			 <trkpt lat="38.853602" lon="-104.938167">
				 <ele>2148</ele>
			 </trkpt>
			 <trkpt lat="38.853705" lon="-104.938088">
				 <ele>2148.5</ele>
			 </trkpt>
			 <trkpt lat="38.85375" lon="-104.938009">
				 <ele>2149.3</ele>
			 </trkpt>
			 <trkpt lat="38.853795" lon="-104.937998">
				 <ele>2150</ele>
			 </trkpt>
			 <trkpt lat="38.853849" lon="-104.937984">
				 <ele>2150.9</ele>
			 </trkpt>
			 <trkpt lat="38.853893" lon="-104.937945">
				 <ele>2151.8</ele>
			 </trkpt>
			 <trkpt lat="38.853949" lon="-104.93783">
				 <ele>2152.7</ele>
			 </trkpt>
			 <trkpt lat="38.853975" lon="-104.937764">
				 <ele>2153.7</ele>
			 </trkpt>
			 <trkpt lat="38.854034" lon="-104.937735">
				 <ele>2154.7</ele>
			 </trkpt>
			 <trkpt lat="38.854106" lon="-104.937697">
				 <ele>2155.8</ele>
			 </trkpt>
			 <trkpt lat="38.854171" lon="-104.937641">
				 <ele>2156.9</ele>
			 </trkpt>
			 <trkpt lat="38.854194" lon="-104.937602">
				 <ele>2158</ele>
			 </trkpt>
			 <trkpt lat="38.854207" lon="-104.937525">
				 <ele>2159.3</ele>
			 </trkpt>
			 <trkpt lat="38.854209" lon="-104.93747">
				 <ele>2160.6</ele>
			 </trkpt>
			 <trkpt lat="38.854204" lon="-104.937401">
				 <ele>2162.2</ele>
			 </trkpt>
			 <trkpt lat="38.854241" lon="-104.937343">
				 <ele>2163.8</ele>
			 </trkpt>
			 <trkpt lat="38.854263" lon="-104.937317">
				 <ele>2165.7</ele>
			 </trkpt>
			 <trkpt lat="38.854339" lon="-104.937342">
				 <ele>2167.9</ele>
			 </trkpt>
			 <trkpt lat="38.854569" lon="-104.937482">
				 <ele>2170.3</ele>
			 </trkpt>
			 <trkpt lat="38.854732" lon="-104.93766">
				 <ele>2172.8</ele>
			 </trkpt>
			 <trkpt lat="38.854803" lon="-104.937743">
				 <ele>2175.4</ele>
			 </trkpt>
			 <trkpt lat="38.854853" lon="-104.937894">
				 <ele>2177.9</ele>
			 </trkpt>
			 <trkpt lat="38.854931" lon="-104.938245">
				 <ele>2180.4</ele>
			 </trkpt>
			 <trkpt lat="38.854993" lon="-104.938325">
				 <ele>2182.6</ele>
			 </trkpt>
			 <trkpt lat="38.85505" lon="-104.938379">
				 <ele>2184.6</ele>
			 </trkpt>
			 <trkpt lat="38.855077" lon="-104.938446">
				 <ele>2186.3</ele>
			 </trkpt>
			 <trkpt lat="38.855048" lon="-104.938459">
				 <ele>2187.6</ele>
			 </trkpt>
			 <trkpt lat="38.854985" lon="-104.938411">
				 <ele>2188.7</ele>
			 </trkpt>
			 <trkpt lat="38.854943" lon="-104.938366">
				 <ele>2189.5</ele>
			 </trkpt>
			 <trkpt lat="38.854887" lon="-104.938331">
				 <ele>2190</ele>
			 </trkpt>
			 <trkpt lat="38.854826" lon="-104.938323">
				 <ele>2190.4</ele>
			 </trkpt>
			 <trkpt lat="38.854703" lon="-104.938387">
				 <ele>2190.6</ele>
			 </trkpt>
			 <trkpt lat="38.854661" lon="-104.93839">
				 <ele>2190.9</ele>
			 </trkpt>
			 <trkpt lat="38.854605" lon="-104.938363">
				 <ele>2191.2</ele>
			 </trkpt>
			 <trkpt lat="38.854533" lon="-104.938352">
				 <ele>2191.6</ele>
			 </trkpt>
			 <trkpt lat="38.85447" lon="-104.938355">
				 <ele>2192.2</ele>
			 </trkpt>
			 <trkpt lat="38.854393" lon="-104.938516">
				 <ele>2192.9</ele>
			 </trkpt>
			 <trkpt lat="38.854337" lon="-104.938623">
				 <ele>2193.7</ele>
			 </trkpt>
			 <trkpt lat="38.854294" lon="-104.938739">
				 <ele>2194.6</ele>
			 </trkpt>
			 <trkpt lat="38.854234" lon="-104.93881">
				 <ele>2195.6</ele>
			 </trkpt>
			 <trkpt lat="38.854157" lon="-104.938862">
				 <ele>2196.6</ele>
			 </trkpt>
			 <trkpt lat="38.854025" lon="-104.938928">
				 <ele>2197.8</ele>
			 </trkpt>
			 <trkpt lat="38.854057" lon="-104.938951">
				 <ele>2199.2</ele>
			 </trkpt>
			 <trkpt lat="38.85414" lon="-104.938931">
				 <ele>2200.6</ele>
			 </trkpt>
			 <trkpt lat="38.854226" lon="-104.938928">
				 <ele>2202.3</ele>
			 </trkpt>
			 <trkpt lat="38.85433" lon="-104.938884">
				 <ele>2203.9</ele>
			 </trkpt>
			 <trkpt lat="38.854493" lon="-104.93876">
				 <ele>2205.7</ele>
			 </trkpt>
			 <trkpt lat="38.854543" lon="-104.938758">
				 <ele>2207.7</ele>
			 </trkpt>
			 <trkpt lat="38.854593" lon="-104.938777">
				 <ele>2210</ele>
			 </trkpt>
			 <trkpt lat="38.854705" lon="-104.938878">
				 <ele>2212.5</ele>
			 </trkpt>
			 <trkpt lat="38.85477" lon="-104.93895">
				 <ele>2215</ele>
			 </trkpt>
			 <trkpt lat="38.854904" lon="-104.93907">
				 <ele>2217.6</ele>
			 </trkpt>
			 <trkpt lat="38.854986" lon="-104.939142">
				 <ele>2220.2</ele>
			 </trkpt>
			 <trkpt lat="38.855184" lon="-104.939284">
				 <ele>2222.5</ele>
			 </trkpt>
			 <trkpt lat="38.855215" lon="-104.939322">
				 <ele>2224.6</ele>
			 </trkpt>
			 <trkpt lat="38.855311" lon="-104.93928">
				 <ele>2226.5</ele>
			 </trkpt>
			 <trkpt lat="38.855278" lon="-104.939364">
				 <ele>2228.5</ele>
			 </trkpt>
			 <trkpt lat="38.855171" lon="-104.939466">
				 <ele>2230.2</ele>
			 </trkpt>
			 <trkpt lat="38.855015" lon="-104.939491">
				 <ele>2231.8</ele>
			 </trkpt>
			 <trkpt lat="38.854968" lon="-104.939483">
				 <ele>2233.2</ele>
			 </trkpt>
			 <trkpt lat="38.854804" lon="-104.939453">
				 <ele>2234.5</ele>
			 </trkpt>
			 <trkpt lat="38.854649" lon="-104.939373">
				 <ele>2236</ele>
			 </trkpt>
			 <trkpt lat="38.854589" lon="-104.939354">
				 <ele>2237.5</ele>
			 </trkpt>
			 <trkpt lat="38.854555" lon="-104.939375">
				 <ele>2239.4</ele>
			 </trkpt>
			 <trkpt lat="38.854595" lon="-104.939405">
				 <ele>2241.5</ele>
			 </trkpt>
			 <trkpt lat="38.854653" lon="-104.939472">
				 <ele>2243.7</ele>
			 </trkpt>
			 <trkpt lat="38.854708" lon="-104.939576">
				 <ele>2246.3</ele>
			 </trkpt>
			 <trkpt lat="38.854781" lon="-104.93967">
				 <ele>2248.8</ele>
			 </trkpt>
			 <trkpt lat="38.854927" lon="-104.939775">
				 <ele>2251.5</ele>
			 </trkpt>
			 <trkpt lat="38.855029" lon="-104.939879">
				 <ele>2254.2</ele>
			 </trkpt>
			 <trkpt lat="38.855105" lon="-104.940011">
				 <ele>2256.8</ele>
			 </trkpt>
			 <trkpt lat="38.855238" lon="-104.940099">
				 <ele>2259.3</ele>
			 </trkpt>
			 <trkpt lat="38.855314" lon="-104.940065">
				 <ele>2261.5</ele>
			 </trkpt>
			 <trkpt lat="38.855385" lon="-104.940073">
				 <ele>2263.6</ele>
			 </trkpt>
			 <trkpt lat="38.85546" lon="-104.940107">
				 <ele>2265.5</ele>
			 </trkpt>
			 <trkpt lat="38.855531" lon="-104.940126">
				 <ele>2267.4</ele>
			 </trkpt>
			 <trkpt lat="38.855589" lon="-104.940207">
				 <ele>2269.1</ele>
			 </trkpt>
			 <trkpt lat="38.855746" lon="-104.940271">
				 <ele>2270.7</ele>
			 </trkpt>
			 <trkpt lat="38.855848" lon="-104.940325">
				 <ele>2272.4</ele>
			 </trkpt>
			 <trkpt lat="38.855888" lon="-104.940389">
				 <ele>2273.8</ele>
			 </trkpt>
			 <trkpt lat="38.855834" lon="-104.940416">
				 <ele>2275.3</ele>
			 </trkpt>
			 <trkpt lat="38.855727" lon="-104.940394">
				 <ele>2276.8</ele>
			 </trkpt>
			 <trkpt lat="38.855633" lon="-104.940392">
				 <ele>2278.5</ele>
			 </trkpt>
			 <trkpt lat="38.855524" lon="-104.940488">
				 <ele>2280.2</ele>
			 </trkpt>
			 <trkpt lat="38.855358" lon="-104.94047">
				 <ele>2281.9</ele>
			 </trkpt>
			 <trkpt lat="38.855309" lon="-104.940504">
				 <ele>2283.5</ele>
			 </trkpt>
			 <trkpt lat="38.855342" lon="-104.940539">
				 <ele>2285.1</ele>
			 </trkpt>
			 <trkpt lat="38.855395" lon="-104.940593">
				 <ele>2286.5</ele>
			 </trkpt>
			 <trkpt lat="38.855495" lon="-104.940657">
				 <ele>2287.7</ele>
			 </trkpt>
			 <trkpt lat="38.855618" lon="-104.940663">
				 <ele>2288.7</ele>
			 </trkpt>
			 <trkpt lat="38.855664" lon="-104.940679">
				 <ele>2289.6</ele>
			 </trkpt>
			 <trkpt lat="38.855608" lon="-104.940719">
				 <ele>2290.5</ele>
			 </trkpt>
			 <trkpt lat="38.855543" lon="-104.940762">
				 <ele>2291.4</ele>
			 </trkpt>
			 <trkpt lat="38.855456" lon="-104.940758">
				 <ele>2292.1</ele>
			 </trkpt>
			 <trkpt lat="38.855376" lon="-104.940754">
				 <ele>2292.7</ele>
			 </trkpt>
			 <trkpt lat="38.855169" lon="-104.940708">
				 <ele>2293.5</ele>
			 </trkpt>
			 <trkpt lat="38.854768" lon="-104.940558">
				 <ele>2294.2</ele>
			 </trkpt>
			 <trkpt lat="38.854624" lon="-104.940475">
				 <ele>2295.1</ele>
			 </trkpt>
			 <trkpt lat="38.854474" lon="-104.94036">
				 <ele>2296.2</ele>
			 </trkpt>
			 <trkpt lat="38.85442" lon="-104.940354">
				 <ele>2297.7</ele>
			 </trkpt>
			 <trkpt lat="38.854436" lon="-104.940408">
				 <ele>2299.5</ele>
			 </trkpt>
			 <trkpt lat="38.854467" lon="-104.940441">
				 <ele>2301.7</ele>
			 </trkpt>
			 <trkpt lat="38.854637" lon="-104.940617">
				 <ele>2304.1</ele>
			 </trkpt>
			 <trkpt lat="38.8548" lon="-104.940732">
				 <ele>2306.6</ele>
			 </trkpt>
			 <trkpt lat="38.854873" lon="-104.940794">
				 <ele>2309.4</ele>
			 </trkpt>
			 <trkpt lat="38.854915" lon="-104.940875">
				 <ele>2312.2</ele>
			 </trkpt>
			 <trkpt lat="38.855055" lon="-104.941035">
				 <ele>2315</ele>
			 </trkpt>
			 <trkpt lat="38.855105" lon="-104.941123">
				 <ele>2317.9</ele>
			 </trkpt>
			 <trkpt lat="38.855138" lon="-104.941178">
				 <ele>2320.6</ele>
			 </trkpt>
			 <trkpt lat="38.855485" lon="-104.941435">
				 <ele>2323.3</ele>
			 </trkpt>
			 <trkpt lat="38.855583" lon="-104.94147">
				 <ele>2325.7</ele>
			 </trkpt>
			 <trkpt lat="38.855633" lon="-104.941521">
				 <ele>2328.1</ele>
			 </trkpt>
			 <trkpt lat="38.855746" lon="-104.941677">
				 <ele>2330.4</ele>
			 </trkpt>
			 <trkpt lat="38.855794" lon="-104.941725">
				 <ele>2332.5</ele>
			 </trkpt>
			 <trkpt lat="38.855946" lon="-104.941773">
				 <ele>2334.5</ele>
			 </trkpt>
			 <trkpt lat="38.856007" lon="-104.941778">
				 <ele>2336.5</ele>
			 </trkpt>
			 <trkpt lat="38.856138" lon="-104.941744">
				 <ele>2338.3</ele>
			 </trkpt>
			 <trkpt lat="38.856086" lon="-104.941819">
				 <ele>2340.1</ele>
			 </trkpt>
			 <trkpt lat="38.855953" lon="-104.941896">
				 <ele>2341.9</ele>
			 </trkpt>
			 <trkpt lat="38.855842" lon="-104.941926">
				 <ele>2343.7</ele>
			 </trkpt>
			 <trkpt lat="38.855791" lon="-104.941929">
				 <ele>2345.6</ele>
			 </trkpt>
			 <trkpt lat="38.855727" lon="-104.941931">
				 <ele>2347.5</ele>
			 </trkpt>
			 <trkpt lat="38.855696" lon="-104.941972">
				 <ele>2349.5</ele>
			 </trkpt>
			 <trkpt lat="38.855727" lon="-104.942006">
				 <ele>2351.4</ele>
			 </trkpt>
			 <trkpt lat="38.8558" lon="-104.942013">
				 <ele>2353.2</ele>
			 </trkpt>
			 <trkpt lat="38.855852" lon="-104.942017">
				 <ele>2355.1</ele>
			 </trkpt>
			 <trkpt lat="38.856109" lon="-104.942014">
				 <ele>2357</ele>
			 </trkpt>
			 <trkpt lat="38.856243" lon="-104.942025">
				 <ele>2359</ele>
			 </trkpt>
			 <trkpt lat="38.856412" lon="-104.94213">
				 <ele>2361.1</ele>
			 </trkpt>
			 <trkpt lat="38.856563" lon="-104.942192">
				 <ele>2363.3</ele>
			 </trkpt>
			 <trkpt lat="38.856848" lon="-104.942281">
				 <ele>2365.5</ele>
			 </trkpt>
			 <trkpt lat="38.85711" lon="-104.942361">
				 <ele>2367.7</ele>
			 </trkpt>
			 <trkpt lat="38.857434" lon="-104.942446">
				 <ele>2369.9</ele>
			 </trkpt>
			 <trkpt lat="38.857584" lon="-104.942454">
				 <ele>2372.1</ele>
			 </trkpt>
			 <trkpt lat="38.857701" lon="-104.94239">
				 <ele>2374.2</ele>
			 </trkpt>
			 <trkpt lat="38.857732" lon="-104.942371">
				 <ele>2376.4</ele>
			 </trkpt>
			 <trkpt lat="38.857701" lon="-104.94239">
				 <ele>2378.5</ele>
			 </trkpt>
			 <trkpt lat="38.857695" lon="-104.942433">
				 <ele>2380.8</ele>
			 </trkpt>
			 <trkpt lat="38.857538" lon="-104.942602">
				 <ele>2383.1</ele>
			 </trkpt>
			 <trkpt lat="38.857461" lon="-104.942615">
				 <ele>2385.3</ele>
			 </trkpt>
			 <trkpt lat="38.85731" lon="-104.942605">
				 <ele>2387.4</ele>
			 </trkpt>
			 <trkpt lat="38.857104" lon="-104.942637">
				 <ele>2389.5</ele>
			 </trkpt>
			 <trkpt lat="38.857001" lon="-104.942682">
				 <ele>2391.5</ele>
			 </trkpt>
			 <trkpt lat="38.856863" lon="-104.942763">
				 <ele>2393.7</ele>
			 </trkpt>
			 <trkpt lat="38.856715" lon="-104.942723">
				 <ele>2395.9</ele>
			 </trkpt>
			 <trkpt lat="38.856658" lon="-104.942723">
				 <ele>2398</ele>
			 </trkpt>
			 <trkpt lat="38.856414" lon="-104.94272">
				 <ele>2400</ele>
			 </trkpt>
			 <trkpt lat="38.856342" lon="-104.942726">
				 <ele>2402</ele>
			 </trkpt>
			 <trkpt lat="38.856297" lon="-104.942774">
				 <ele>2403.9</ele>
			 </trkpt>
			 <trkpt lat="38.856111" lon="-104.942873">
				 <ele>2405.7</ele>
			 </trkpt>
			 <trkpt lat="38.856001" lon="-104.942875">
				 <ele>2407.4</ele>
			 </trkpt>
			 <trkpt lat="38.855898" lon="-104.942953">
				 <ele>2408.8</ele>
			 </trkpt>
			 <trkpt lat="38.85579" lon="-104.94301">
				 <ele>2410.1</ele>
			 </trkpt>
			 <trkpt lat="38.85557" lon="-104.943004">
				 <ele>2411.1</ele>
			 </trkpt>
			 <trkpt lat="38.855456" lon="-104.942969">
				 <ele>2411.7</ele>
			 </trkpt>
			 <trkpt lat="38.855259" lon="-104.942774">
				 <ele>2412.2</ele>
			 </trkpt>
			 <trkpt lat="38.855207" lon="-104.942763">
				 <ele>2412.6</ele>
			 </trkpt>
			 <trkpt lat="38.855086" lon="-104.942763">
				 <ele>2413.1</ele>
			 </trkpt>
			 <trkpt lat="38.854934" lon="-104.942747">
				 <ele>2413.5</ele>
			 </trkpt>
			 <trkpt lat="38.854668" lon="-104.942717">
				 <ele>2413.9</ele>
			 </trkpt>
			 <trkpt lat="38.854603" lon="-104.942674">
				 <ele>2414.5</ele>
			 </trkpt>
			 <trkpt lat="38.854537" lon="-104.942597">
				 <ele>2415.2</ele>
			 </trkpt>
			 <trkpt lat="38.854493" lon="-104.942611">
				 <ele>2416.2</ele>
			 </trkpt>
			 <trkpt lat="38.854459" lon="-104.942656">
				 <ele>2417.5</ele>
			 </trkpt>
			 <trkpt lat="38.854476" lon="-104.942749">
				 <ele>2419.1</ele>
			 </trkpt>
			 <trkpt lat="38.854522" lon="-104.942921">
				 <ele>2421.1</ele>
			 </trkpt>
			 <trkpt lat="38.854539" lon="-104.94309">
				 <ele>2423.2</ele>
			 </trkpt>
			 <trkpt lat="38.854524" lon="-104.943305">
				 <ele>2425.4</ele>
			 </trkpt>
			 <trkpt lat="38.854559" lon="-104.943466">
				 <ele>2427.5</ele>
			 </trkpt>
			 <trkpt lat="38.854618" lon="-104.943559">
				 <ele>2429.5</ele>
			 </trkpt>
			 <trkpt lat="38.854631" lon="-104.943609">
				 <ele>2431.6</ele>
			 </trkpt>
			 <trkpt lat="38.854658" lon="-104.94371">
				 <ele>2433.6</ele>
			 </trkpt>
			 <trkpt lat="38.854704" lon="-104.943849">
				 <ele>2435.6</ele>
			 </trkpt>
			 <trkpt lat="38.854698" lon="-104.943899">
				 <ele>2437.5</ele>
			 </trkpt>
			 <trkpt lat="38.854625" lon="-104.943958">
				 <ele>2439.2</ele>
			 </trkpt>
			 <trkpt lat="38.854476" lon="-104.943978">
				 <ele>2440.7</ele>
			 </trkpt>
			 <trkpt lat="38.854428" lon="-104.944064">
				 <ele>2442.2</ele>
			 </trkpt>
			 <trkpt lat="38.854426" lon="-104.944158">
				 <ele>2443.7</ele>
			 </trkpt>
			 <trkpt lat="38.854445" lon="-104.944187">
				 <ele>2445.3</ele>
			 </trkpt>
			 <trkpt lat="38.854499" lon="-104.944091">
				 <ele>2447</ele>
			 </trkpt>
			 <trkpt lat="38.854822" lon="-104.944185">
				 <ele>2448.9</ele>
			 </trkpt>
			 <trkpt lat="38.854898" lon="-104.944206">
				 <ele>2450.7</ele>
			 </trkpt>
			 <trkpt lat="38.854946" lon="-104.94419">
				 <ele>2452.5</ele>
			 </trkpt>
			 <trkpt lat="38.854988" lon="-104.944163">
				 <ele>2454</ele>
			 </trkpt>
			 <trkpt lat="38.855015" lon="-104.944099">
				 <ele>2455.5</ele>
			 </trkpt>
			 <trkpt lat="38.85505" lon="-104.943967">
				 <ele>2456.8</ele>
			 </trkpt>
			 <trkpt lat="38.855079" lon="-104.943938">
				 <ele>2458.3</ele>
			 </trkpt>
			 <trkpt lat="38.855129" lon="-104.943933">
				 <ele>2459.7</ele>
			 </trkpt>
			 <trkpt lat="38.855138" lon="-104.944008">
				 <ele>2461.1</ele>
			 </trkpt>
			 <trkpt lat="38.855134" lon="-104.944179">
				 <ele>2462.5</ele>
			 </trkpt>
			 <trkpt lat="38.855132" lon="-104.944284">
				 <ele>2463.6</ele>
			 </trkpt>
			 <trkpt lat="38.854975" lon="-104.944439">
				 <ele>2464.8</ele>
			 </trkpt>
			 <trkpt lat="38.854918" lon="-104.944469">
				 <ele>2466</ele>
			 </trkpt>
			 <trkpt lat="38.854844" lon="-104.944509">
				 <ele>2467.4</ele>
			 </trkpt>
			 <trkpt lat="38.85476" lon="-104.944686">
				 <ele>2469</ele>
			 </trkpt>
			 <trkpt lat="38.854762" lon="-104.944911">
				 <ele>2470.9</ele>
			 </trkpt>
			 <trkpt lat="38.854741" lon="-104.945212">
				 <ele>2472.9</ele>
			 </trkpt>
			 <trkpt lat="38.854743" lon="-104.945402">
				 <ele>2474.9</ele>
			 </trkpt>
			 <trkpt lat="38.854712" lon="-104.94552">
				 <ele>2476.9</ele>
			 </trkpt>
			 <trkpt lat="38.854706" lon="-104.945591">
				 <ele>2478.9</ele>
			 </trkpt>
			 <trkpt lat="38.854702" lon="-104.945646">
				 <ele>2480.8</ele>
			 </trkpt>
			 <trkpt lat="38.854727" lon="-104.945694">
				 <ele>2482.8</ele>
			 </trkpt>
			 <trkpt lat="38.854802" lon="-104.94574">
				 <ele>2484.8</ele>
			 </trkpt>
			 <trkpt lat="38.854887" lon="-104.945803">
				 <ele>2487</ele>
			 </trkpt>
			 <trkpt lat="38.85494" lon="-104.945904">
				 <ele>2489.1</ele>
			 </trkpt>
			 <trkpt lat="38.854977" lon="-104.946027">
				 <ele>2491.1</ele>
			 </trkpt>
			 <trkpt lat="38.855" lon="-104.946051">
				 <ele>2492.9</ele>
			 </trkpt>
			 <trkpt lat="38.855073" lon="-104.945706">
				 <ele>2494.7</ele>
			 </trkpt>
			 <trkpt lat="38.855117" lon="-104.945298">
				 <ele>2496.6</ele>
			 </trkpt>
			 <trkpt lat="38.855157" lon="-104.945198">
				 <ele>2498.6</ele>
			 </trkpt>
			 <trkpt lat="38.855184" lon="-104.945214">
				 <ele>2500.8</ele>
			 </trkpt>
			 <trkpt lat="38.855217" lon="-104.945389">
				 <ele>2503.2</ele>
			 </trkpt>
			 <trkpt lat="38.855347" lon="-104.945694">
				 <ele>2505.6</ele>
			 </trkpt>
			 <trkpt lat="38.85541" lon="-104.945874">
				 <ele>2508.2</ele>
			 </trkpt>
			 <trkpt lat="38.85542" lon="-104.945926">
				 <ele>2510.6</ele>
			 </trkpt>
			 <trkpt lat="38.855453" lon="-104.946078">
				 <ele>2513.1</ele>
			 </trkpt>
			 <trkpt lat="38.855493" lon="-104.946177">
				 <ele>2515.6</ele>
			 </trkpt>
			 <trkpt lat="38.855591" lon="-104.946327">
				 <ele>2518.3</ele>
			 </trkpt>
			 <trkpt lat="38.855658" lon="-104.946456">
				 <ele>2521</ele>
			 </trkpt>
			 <trkpt lat="38.855744" lon="-104.946598">
				 <ele>2523.6</ele>
			 </trkpt>
			 <trkpt lat="38.85579" lon="-104.946714">
				 <ele>2526.2</ele>
			 </trkpt>
			 <trkpt lat="38.855838" lon="-104.946773">
				 <ele>2528.7</ele>
			 </trkpt>
			 <trkpt lat="38.855931" lon="-104.946795">
				 <ele>2531.2</ele>
			 </trkpt>
			 <trkpt lat="38.855976" lon="-104.946864">
				 <ele>2533.5</ele>
			 </trkpt>
			 <trkpt lat="38.855962" lon="-104.946915">
				 <ele>2535.8</ele>
			 </trkpt>
			 <trkpt lat="38.855964" lon="-104.946998">
				 <ele>2538</ele>
			 </trkpt>
			 <trkpt lat="38.856002" lon="-104.947171">
				 <ele>2540.2</ele>
			 </trkpt>
			 <trkpt lat="38.856002" lon="-104.947269">
				 <ele>2542.1</ele>
			 </trkpt>
			 <trkpt lat="38.856021" lon="-104.947414">
				 <ele>2543.8</ele>
			 </trkpt>
			 <trkpt lat="38.856058" lon="-104.947487">
				 <ele>2545.3</ele>
			 </trkpt>
			 <trkpt lat="38.856104" lon="-104.94753">
				 <ele>2546.5</ele>
			 </trkpt>
			 <trkpt lat="38.856135" lon="-104.947578">
				 <ele>2547.5</ele>
			 </trkpt>
			 <trkpt lat="38.856141" lon="-104.947619">
				 <ele>2548.2</ele>
			 </trkpt>
			 <trkpt lat="38.856115" lon="-104.947662">
				 <ele>2548.5</ele>
			 </trkpt>
			 <trkpt lat="38.856064" lon="-104.947661">
				 <ele>2548.6</ele>
			 </trkpt>
			 <trkpt lat="38.856022" lon="-104.947691">
				 <ele>2548.5</ele>
			 </trkpt>
			 <trkpt lat="38.855893" lon="-104.947674">
				 <ele>2548.1</ele>
			 </trkpt>
			 <trkpt lat="38.855738" lon="-104.947609">
				 <ele>2547.5</ele>
			 </trkpt>
			 <trkpt lat="38.855659" lon="-104.947516">
				 <ele>2546.8</ele>
			 </trkpt>
			 <trkpt lat="38.855605" lon="-104.947514">
				 <ele>2546.1</ele>
			 </trkpt>
			 <trkpt lat="38.855659" lon="-104.947601">
				 <ele>2545.4</ele>
			 </trkpt>
			 <trkpt lat="38.85558" lon="-104.947602">
				 <ele>2544.6</ele>
			 </trkpt>
			 <trkpt lat="38.855518" lon="-104.947586">
				 <ele>2544</ele>
			 </trkpt>
			 <trkpt lat="38.855467" lon="-104.947571">
				 <ele>2543.5</ele>
			 </trkpt>
			 <trkpt lat="38.85534" lon="-104.947593">
				 <ele>2543.2</ele>
			 </trkpt>
			 <trkpt lat="38.855287" lon="-104.947618">
				 <ele>2543</ele>
			 </trkpt>
			 <trkpt lat="38.855215" lon="-104.947612">
				 <ele>2543</ele>
			 </trkpt>
			 <trkpt lat="38.855154" lon="-104.947606">
				 <ele>2543.2</ele>
			 </trkpt>
			 <trkpt lat="38.855098" lon="-104.947638">
				 <ele>2543.5</ele>
			 </trkpt>
			 <trkpt lat="38.855073" lon="-104.947695">
				 <ele>2544</ele>
			 </trkpt>
			 <trkpt lat="38.855052" lon="-104.947802">
				 <ele>2544.7</ele>
			 </trkpt>
			 <trkpt lat="38.855055" lon="-104.947877">
				 <ele>2545.5</ele>
			 </trkpt>
			 <trkpt lat="38.855057" lon="-104.947913">
				 <ele>2546.5</ele>
			 </trkpt>
			 <trkpt lat="38.855075" lon="-104.948022">
				 <ele>2547.6</ele>
			 </trkpt>
			 <trkpt lat="38.855075" lon="-104.948148">
				 <ele>2548.7</ele>
			 </trkpt>
			 <trkpt lat="38.855058" lon="-104.948297">
				 <ele>2549.9</ele>
			 </trkpt>
			 <trkpt lat="38.855021" lon="-104.948352">
				 <ele>2551</ele>
			 </trkpt>
			 <trkpt lat="38.854981" lon="-104.948451">
				 <ele>2552.2</ele>
			 </trkpt>
			 <trkpt lat="38.854967" lon="-104.948509">
				 <ele>2553.5</ele>
			 </trkpt>
			 <trkpt lat="38.855026" lon="-104.948643">
				 <ele>2554.8</ele>
			 </trkpt>
			 <trkpt lat="38.855077" lon="-104.948716">
				 <ele>2556.3</ele>
			 </trkpt>
			 <trkpt lat="38.855068" lon="-104.949044">
				 <ele>2557.7</ele>
			 </trkpt>
			 <trkpt lat="38.855111" lon="-104.94926">
				 <ele>2559.2</ele>
			 </trkpt>
			 <trkpt lat="38.855109" lon="-104.94947">
				 <ele>2560.6</ele>
			 </trkpt>
			 <trkpt lat="38.855109" lon="-104.949509">
				 <ele>2562.3</ele>
			 </trkpt>
			 <trkpt lat="38.855151" lon="-104.9496">
				 <ele>2564.1</ele>
			 </trkpt>
			 <trkpt lat="38.855199" lon="-104.949657">
				 <ele>2566.1</ele>
			 </trkpt>
			 <trkpt lat="38.855375" lon="-104.949855">
				 <ele>2568.4</ele>
			 </trkpt>
			 <trkpt lat="38.855442" lon="-104.949914">
				 <ele>2570.6</ele>
			 </trkpt>
			 <trkpt lat="38.855483" lon="-104.949949">
				 <ele>2572.8</ele>
			 </trkpt>
			 <trkpt lat="38.855592" lon="-104.950139">
				 <ele>2575</ele>
			 </trkpt>
			 <trkpt lat="38.855665" lon="-104.950241">
				 <ele>2577.2</ele>
			 </trkpt>
			 <trkpt lat="38.855731" lon="-104.950386">
				 <ele>2579.4</ele>
			 </trkpt>
			 <trkpt lat="38.855781" lon="-104.950435">
				 <ele>2581.6</ele>
			 </trkpt>
			 <trkpt lat="38.855907" lon="-104.950746">
				 <ele>2583.8</ele>
			 </trkpt>
			 <trkpt lat="38.856045" lon="-104.950998">
				 <ele>2585.9</ele>
			 </trkpt>
			 <trkpt lat="38.856087" lon="-104.9511">
				 <ele>2587.8</ele>
			 </trkpt>
			 <trkpt lat="38.856095" lon="-104.951172">
				 <ele>2589.5</ele>
			 </trkpt>
			 <trkpt lat="38.856102" lon="-104.951489">
				 <ele>2591.2</ele>
			 </trkpt>
			 <trkpt lat="38.856114" lon="-104.951604">
				 <ele>2592.8</ele>
			 </trkpt>
			 <trkpt lat="38.856137" lon="-104.951714">
				 <ele>2594.5</ele>
			 </trkpt>
			 <trkpt lat="38.856189" lon="-104.951826">
				 <ele>2596</ele>
			 </trkpt>
			 <trkpt lat="38.856212" lon="-104.95195">
				 <ele>2597.5</ele>
			 </trkpt>
			 <trkpt lat="38.856225" lon="-104.952113">
				 <ele>2598.8</ele>
			 </trkpt>
			 <trkpt lat="38.856185" lon="-104.952363">
				 <ele>2600.2</ele>
			 </trkpt>
			 <trkpt lat="38.856216" lon="-104.95247">
				 <ele>2601.5</ele>
			 </trkpt>
			 <trkpt lat="38.856267" lon="-104.952612">
				 <ele>2602.8</ele>
			 </trkpt>
			 <trkpt lat="38.856287" lon="-104.952773">
				 <ele>2604.1</ele>
			 </trkpt>
			 <trkpt lat="38.856279" lon="-104.952883">
				 <ele>2605.4</ele>
			 </trkpt>
			 <trkpt lat="38.856258" lon="-104.95295">
				 <ele>2606.5</ele>
			 </trkpt>
			 <trkpt lat="38.856202" lon="-104.953079">
				 <ele>2607.6</ele>
			 </trkpt>
			 <trkpt lat="38.856111" lon="-104.953228">
				 <ele>2608.8</ele>
			 </trkpt>
			 <trkpt lat="38.8561" lon="-104.953272">
				 <ele>2610</ele>
			 </trkpt>
			 <trkpt lat="38.856112" lon="-104.953481">
				 <ele>2611.3</ele>
			 </trkpt>
			 <trkpt lat="38.856122" lon="-104.953591">
				 <ele>2612.5</ele>
			 </trkpt>
			 <trkpt lat="38.856102" lon="-104.953672">
				 <ele>2613.7</ele>
			 </trkpt>
			 <trkpt lat="38.8561" lon="-104.953755">
				 <ele>2615</ele>
			 </trkpt>
			 <trkpt lat="38.856108" lon="-104.953878">
				 <ele>2616.3</ele>
			 </trkpt>
			 <trkpt lat="38.856141" lon="-104.953922">
				 <ele>2617.5</ele>
			 </trkpt>
			 <trkpt lat="38.856195" lon="-104.954041">
				 <ele>2618.8</ele>
			 </trkpt>
			 <trkpt lat="38.856231" lon="-104.954122">
				 <ele>2620.2</ele>
			 </trkpt>
			 <trkpt lat="38.856294" lon="-104.954127">
				 <ele>2621.5</ele>
			 </trkpt>
			 <trkpt lat="38.8563" lon="-104.953988">
				 <ele>2622.8</ele>
			 </trkpt>
			 <trkpt lat="38.856309" lon="-104.953947">
				 <ele>2624.1</ele>
			 </trkpt>
			 <trkpt lat="38.856345" lon="-104.953779">
				 <ele>2625.3</ele>
			 </trkpt>
			 <trkpt lat="38.856384" lon="-104.953696">
				 <ele>2626.5</ele>
			 </trkpt>
			 <trkpt lat="38.856433" lon="-104.953658">
				 <ele>2627.6</ele>
			 </trkpt>
			 <trkpt lat="38.856416" lon="-104.953736">
				 <ele>2628.6</ele>
			 </trkpt>
			 <trkpt lat="38.856419" lon="-104.953805">
				 <ele>2629.7</ele>
			 </trkpt>
			 <trkpt lat="38.856456" lon="-104.953931">
				 <ele>2630.8</ele>
			 </trkpt>
			 <trkpt lat="38.856534" lon="-104.954235">
				 <ele>2632</ele>
			 </trkpt>
			 <trkpt lat="38.856544" lon="-104.954313">
				 <ele>2633.1</ele>
			 </trkpt>
			 <trkpt lat="38.856498" lon="-104.954387">
				 <ele>2634.1</ele>
			 </trkpt>
			 <trkpt lat="38.856436" lon="-104.954514">
				 <ele>2635.2</ele>
			 </trkpt>
			 <trkpt lat="38.856411" lon="-104.9546">
				 <ele>2636.5</ele>
			 </trkpt>
			 <trkpt lat="38.856415" lon="-104.954828">
				 <ele>2637.8</ele>
			 </trkpt>
			 <trkpt lat="38.856422" lon="-104.954892">
				 <ele>2639.4</ele>
			 </trkpt>
			 <trkpt lat="38.856432" lon="-104.955053">
				 <ele>2641</ele>
			 </trkpt>
			 <trkpt lat="38.856486" lon="-104.955178">
				 <ele>2642.9</ele>
			 </trkpt>
			 <trkpt lat="38.856519" lon="-104.955552">
				 <ele>2645</ele>
			 </trkpt>
			 <trkpt lat="38.856526" lon="-104.955724">
				 <ele>2647.3</ele>
			 </trkpt>
			 <trkpt lat="38.856524" lon="-104.955863">
				 <ele>2649.5</ele>
			 </trkpt>
			 <trkpt lat="38.856507" lon="-104.956008">
				 <ele>2652</ele>
			 </trkpt>
			 <trkpt lat="38.856512" lon="-104.956406">
				 <ele>2654.7</ele>
			 </trkpt>
			 <trkpt lat="38.856549" lon="-104.956609">
				 <ele>2657.5</ele>
			 </trkpt>
			 <trkpt lat="38.856515" lon="-104.956722">
				 <ele>2660</ele>
			 </trkpt>
			 <trkpt lat="38.856452" lon="-104.956874">
				 <ele>2662.5</ele>
			 </trkpt>
			 <trkpt lat="38.856413" lon="-104.957003">
				 <ele>2665</ele>
			 </trkpt>
			 <trkpt lat="38.856398" lon="-104.95715">
				 <ele>2667.5</ele>
			 </trkpt>
			 <trkpt lat="38.856428" lon="-104.957348">
				 <ele>2669.8</ele>
			 </trkpt>
			 <trkpt lat="38.856477" lon="-104.95751">
				 <ele>2672</ele>
			 </trkpt>
			 <trkpt lat="38.856665" lon="-104.957674">
				 <ele>2674.1</ele>
			 </trkpt>
			 <trkpt lat="38.856703" lon="-104.957725">
				 <ele>2676.2</ele>
			 </trkpt>
			 <trkpt lat="38.856688" lon="-104.957792">
				 <ele>2678.2</ele>
			 </trkpt>
			 <trkpt lat="38.856634" lon="-104.957861">
				 <ele>2680</ele>
			 </trkpt>
			 <trkpt lat="38.856603" lon="-104.957982">
				 <ele>2681.7</ele>
			 </trkpt>
			 <trkpt lat="38.856511" lon="-104.958189">
				 <ele>2683.5</ele>
			 </trkpt>
			 <trkpt lat="38.856373" lon="-104.958419">
				 <ele>2685.3</ele>
			 </trkpt>
			 <trkpt lat="38.856277" lon="-104.958551">
				 <ele>2687</ele>
			 </trkpt>
			 <trkpt lat="38.856191" lon="-104.958718">
				 <ele>2688.6</ele>
			 </trkpt>
			 <trkpt lat="38.856088" lon="-104.958849">
				 <ele>2690.2</ele>
			 </trkpt>
			 <trkpt lat="38.856085" lon="-104.958889">
				 <ele>2691.6</ele>
			 </trkpt>
			 <trkpt lat="38.856155" lon="-104.958957">
				 <ele>2693</ele>
			 </trkpt>
			 <trkpt lat="38.856211" lon="-104.95894">
				 <ele>2694.4</ele>
			 </trkpt>
			 <trkpt lat="38.856256" lon="-104.958882">
				 <ele>2695.7</ele>
			 </trkpt>
			 <trkpt lat="38.856317" lon="-104.958853">
				 <ele>2697.3</ele>
			 </trkpt>
			 <trkpt lat="38.856285" lon="-104.959035">
				 <ele>2699</ele>
			 </trkpt>
			 <trkpt lat="38.856266" lon="-104.95911">
				 <ele>2700.9</ele>
			 </trkpt>
			 <trkpt lat="38.85613" lon="-104.95918">
				 <ele>2703</ele>
			 </trkpt>
			 <trkpt lat="38.856058" lon="-104.95931">
				 <ele>2705.2</ele>
			 </trkpt>
			 <trkpt lat="38.856022" lon="-104.95941">
				 <ele>2707.5</ele>
			 </trkpt>
			 <trkpt lat="38.855976" lon="-104.959686">
				 <ele>2710</ele>
			 </trkpt>
			 <trkpt lat="38.855963" lon="-104.959771">
				 <ele>2712.5</ele>
			 </trkpt>
			 <trkpt lat="38.855914" lon="-104.960294">
				 <ele>2714.9</ele>
			 </trkpt>
			 <trkpt lat="38.855765" lon="-104.960479">
				 <ele>2717.2</ele>
			 </trkpt>
			 <trkpt lat="38.855671" lon="-104.960608">
				 <ele>2719.3</ele>
			 </trkpt>
			 <trkpt lat="38.855596" lon="-104.960727">
				 <ele>2721</ele>
			 </trkpt>
			 <trkpt lat="38.855475" lon="-104.960831">
				 <ele>2722.4</ele>
			 </trkpt>
			 <trkpt lat="38.855477" lon="-104.960873">
				 <ele>2723.3</ele>
			 </trkpt>
			 <trkpt lat="38.855481" lon="-104.960949">
				 <ele>2723.8</ele>
			 </trkpt>
			 <trkpt lat="38.855523" lon="-104.960945">
				 <ele>2724</ele>
			 </trkpt>
			 <trkpt lat="38.855738" lon="-104.960815">
				 <ele>2723.9</ele>
			 </trkpt>
			 <trkpt lat="38.855861" lon="-104.960768">
				 <ele>2723.6</ele>
			 </trkpt>
			 <trkpt lat="38.85601" lon="-104.96071">
				 <ele>2723.4</ele>
			 </trkpt>
			 <trkpt lat="38.85612" lon="-104.960627">
				 <ele>2723.1</ele>
			 </trkpt>
			 <trkpt lat="38.856187" lon="-104.960603">
				 <ele>2722.8</ele>
			 </trkpt>
			 <trkpt lat="38.856242" lon="-104.960635">
				 <ele>2722.7</ele>
			 </trkpt>
			 <trkpt lat="38.856118" lon="-104.960823">
				 <ele>2722.8</ele>
			 </trkpt>
			 <trkpt lat="38.856058" lon="-104.960909">
				 <ele>2723.2</ele>
			 </trkpt>
			 <trkpt lat="38.855974" lon="-104.960959">
				 <ele>2723.8</ele>
			 </trkpt>
			 <trkpt lat="38.855901" lon="-104.961056">
				 <ele>2724.6</ele>
			 </trkpt>
			 <trkpt lat="38.855863" lon="-104.961153">
				 <ele>2725.7</ele>
			 </trkpt>
			 <trkpt lat="38.855868" lon="-104.961217">
				 <ele>2727</ele>
			 </trkpt>
			 <trkpt lat="38.855918" lon="-104.961185">
				 <ele>2728.5</ele>
			 </trkpt>
			 <trkpt lat="38.855968" lon="-104.961171">
				 <ele>2730</ele>
			 </trkpt>
			 <trkpt lat="38.855991" lon="-104.961222">
				 <ele>2731.8</ele>
			 </trkpt>
			 <trkpt lat="38.855973" lon="-104.961285">
				 <ele>2733.9</ele>
			 </trkpt>
			 <trkpt lat="38.855911" lon="-104.961504">
				 <ele>2736.1</ele>
			 </trkpt>
			 <trkpt lat="38.855843" lon="-104.961627">
				 <ele>2738.5</ele>
			 </trkpt>
			 <trkpt lat="38.855761" lon="-104.961756">
				 <ele>2741.1</ele>
			 </trkpt>
			 <trkpt lat="38.855692" lon="-104.961928">
				 <ele>2743.7</ele>
			 </trkpt>
			 <trkpt lat="38.855494" lon="-104.962334">
				 <ele>2746.6</ele>
			 </trkpt>
			 <trkpt lat="38.855435" lon="-104.962456">
				 <ele>2749.6</ele>
			 </trkpt>
			 <trkpt lat="38.855272" lon="-104.962638">
				 <ele>2752.7</ele>
			 </trkpt>
			 <trkpt lat="38.855101" lon="-104.962888">
				 <ele>2755.9</ele>
			 </trkpt>
			 <trkpt lat="38.854973" lon="-104.963048">
				 <ele>2759.2</ele>
			 </trkpt>
			 <trkpt lat="38.854881" lon="-104.963162">
				 <ele>2762.3</ele>
			 </trkpt>
			 <trkpt lat="38.854746" lon="-104.963255">
				 <ele>2765.3</ele>
			 </trkpt>
			 <trkpt lat="38.854658" lon="-104.963349">
				 <ele>2768.2</ele>
			 </trkpt>
			 <trkpt lat="38.854583" lon="-104.963491">
				 <ele>2770.9</ele>
			 </trkpt>
			 <trkpt lat="38.854525" lon="-104.96369">
				 <ele>2773.5</ele>
			 </trkpt>
			 <trkpt lat="38.854422" lon="-104.963947">
				 <ele>2775.9</ele>
			 </trkpt>
			 <trkpt lat="38.854362" lon="-104.964001">
				 <ele>2778</ele>
			 </trkpt>
			 <trkpt lat="38.854215" lon="-104.964057">
				 <ele>2779.9</ele>
			 </trkpt>
			 <trkpt lat="38.854134" lon="-104.964132">
				 <ele>2781.6</ele>
			 </trkpt>
			 <trkpt lat="38.854099" lon="-104.964209">
				 <ele>2783.1</ele>
			 </trkpt>
			 <trkpt lat="38.854021" lon="-104.964473">
				 <ele>2784.3</ele>
			 </trkpt>
			 <trkpt lat="38.853983" lon="-104.964661">
				 <ele>2785.4</ele>
			 </trkpt>
			 <trkpt lat="38.853931" lon="-104.964921">
				 <ele>2786.3</ele>
			 </trkpt>
			 <trkpt lat="38.853906" lon="-104.965077">
				 <ele>2787.1</ele>
			 </trkpt>
			 <trkpt lat="38.853906" lon="-104.965205">
				 <ele>2787.7</ele>
			 </trkpt>
			 <trkpt lat="38.853893" lon="-104.965371">
				 <ele>2788.5</ele>
			 </trkpt>
			 <trkpt lat="38.853885" lon="-104.965495">
				 <ele>2789.1</ele>
			 </trkpt>
			 <trkpt lat="38.853869" lon="-104.965637">
				 <ele>2789.9</ele>
			 </trkpt>
			 <trkpt lat="38.85381" lon="-104.965803">
				 <ele>2790.8</ele>
			 </trkpt>
			 <trkpt lat="38.853768" lon="-104.965978">
				 <ele>2791.8</ele>
			 </trkpt>
			 <trkpt lat="38.853606" lon="-104.966557">
				 <ele>2793</ele>
			 </trkpt>
			 <trkpt lat="38.853583" lon="-104.966734">
				 <ele>2794.5</ele>
			 </trkpt>
			 <trkpt lat="38.853564" lon="-104.966941">
				 <ele>2796</ele>
			 </trkpt>
			 <trkpt lat="38.853501" lon="-104.967316">
				 <ele>2797.8</ele>
			 </trkpt>
			 <trkpt lat="38.853472" lon="-104.967523">
				 <ele>2799.8</ele>
			 </trkpt>
			 <trkpt lat="38.853399" lon="-104.967783">
				 <ele>2802.1</ele>
			 </trkpt>
			 <trkpt lat="38.853369" lon="-104.967955">
				 <ele>2804.4</ele>
			 </trkpt>
			 <trkpt lat="38.853363" lon="-104.968242">
				 <ele>2806.8</ele>
			 </trkpt>
			 <trkpt lat="38.853323" lon="-104.96837">
				 <ele>2809.4</ele>
			 </trkpt>
			 <trkpt lat="38.853336" lon="-104.968545">
				 <ele>2811.9</ele>
			 </trkpt>
			 <trkpt lat="38.853334" lon="-104.968767">
				 <ele>2814.5</ele>
			 </trkpt>
			 <trkpt lat="38.853313" lon="-104.96903">
				 <ele>2817.2</ele>
			 </trkpt>
			 <trkpt lat="38.853332" lon="-104.969188">
				 <ele>2819.7</ele>
			 </trkpt>
			 <trkpt lat="38.853443" lon="-104.969583">
				 <ele>2822.4</ele>
			 </trkpt>
			 <trkpt lat="38.853453" lon="-104.969744">
				 <ele>2824.8</ele>
			 </trkpt>
			 <trkpt lat="38.853405" lon="-104.970441">
				 <ele>2827.2</ele>
			 </trkpt>
			 <trkpt lat="38.853401" lon="-104.970591">
				 <ele>2829.4</ele>
			 </trkpt>
			 <trkpt lat="38.853418" lon="-104.970991">
				 <ele>2831.5</ele>
			 </trkpt>
			 <trkpt lat="38.853443" lon="-104.97123">
				 <ele>2833.4</ele>
			 </trkpt>
			 <trkpt lat="38.853468" lon="-104.971452">
				 <ele>2835.1</ele>
			 </trkpt>
			 <trkpt lat="38.853484" lon="-104.971793">
				 <ele>2836.7</ele>
			 </trkpt>
			 <trkpt lat="38.853566" lon="-104.972262">
				 <ele>2838.1</ele>
			 </trkpt>
			 <trkpt lat="38.853595" lon="-104.972474">
				 <ele>2839.4</ele>
			 </trkpt>
			 <trkpt lat="38.853619" lon="-104.972591">
				 <ele>2840.5</ele>
			 </trkpt>
			 <trkpt lat="38.853652" lon="-104.972742">
				 <ele>2841.5</ele>
			 </trkpt>
			 <trkpt lat="38.853702" lon="-104.972938">
				 <ele>2842.4</ele>
			 </trkpt>
			 <trkpt lat="38.853771" lon="-104.973096">
				 <ele>2843.1</ele>
			 </trkpt>
			 <trkpt lat="38.853812" lon="-104.973209">
				 <ele>2843.8</ele>
			 </trkpt>
			 <trkpt lat="38.853846" lon="-104.973421">
				 <ele>2844.5</ele>
			 </trkpt>
			 <trkpt lat="38.8539" lon="-104.973585">
				 <ele>2845.1</ele>
			 </trkpt>
			 <trkpt lat="38.853977" lon="-104.973767">
				 <ele>2845.6</ele>
			 </trkpt>
			 <trkpt lat="38.854236" lon="-104.974295">
				 <ele>2846.2</ele>
			 </trkpt>
			 <trkpt lat="38.854243" lon="-104.974387">
				 <ele>2846.7</ele>
			 </trkpt>
			 <trkpt lat="38.854237" lon="-104.97443">
				 <ele>2847.2</ele>
			 </trkpt>
			 <trkpt lat="38.854222" lon="-104.974547">
				 <ele>2847.5</ele>
			 </trkpt>
			 <trkpt lat="38.854172" lon="-104.974789">
				 <ele>2847.9</ele>
			 </trkpt>
			 <trkpt lat="38.854153" lon="-104.974971">
				 <ele>2848.2</ele>
			 </trkpt>
			 <trkpt lat="38.854153" lon="-104.975095">
				 <ele>2848.4</ele>
			 </trkpt>
			 <trkpt lat="38.854076" lon="-104.975459">
				 <ele>2848.5</ele>
			 </trkpt>
			 <trkpt lat="38.854048" lon="-104.975631">
				 <ele>2848.5</ele>
			 </trkpt>
			 <trkpt lat="38.854034" lon="-104.975816">
				 <ele>2848.5</ele>
			 </trkpt>
			 <trkpt lat="38.853992" lon="-104.975929">
				 <ele>2848.5</ele>
			 </trkpt>
			 <trkpt lat="38.853929" lon="-104.975985">
				 <ele>2848.5</ele>
			 </trkpt>
			 <trkpt lat="38.853903" lon="-104.976028">
				 <ele>2848.4</ele>
			 </trkpt>
			 <trkpt lat="38.853883" lon="-104.976063">
				 <ele>2848.4</ele>
			 </trkpt>
			 <trkpt lat="38.853846" lon="-104.976213">
				 <ele>2848.4</ele>
			 </trkpt>
			 <trkpt lat="38.853796" lon="-104.976331">
				 <ele>2848.5</ele>
			 </trkpt>
			 <trkpt lat="38.853785" lon="-104.976629">
				 <ele>2848.6</ele>
			 </trkpt>
			 <trkpt lat="38.853758" lon="-104.976811">
				 <ele>2849</ele>
			 </trkpt>
			 <trkpt lat="38.853691" lon="-104.977552">
				 <ele>2849.5</ele>
			 </trkpt>
			 <trkpt lat="38.853677" lon="-104.978112">
				 <ele>2850.2</ele>
			 </trkpt>
			 <trkpt lat="38.853662" lon="-104.978186">
				 <ele>2850.9</ele>
			 </trkpt>
			 <trkpt lat="38.853654" lon="-104.97823">
				 <ele>2851.7</ele>
			 </trkpt>
			 <trkpt lat="38.853572" lon="-104.978388">
				 <ele>2852.6</ele>
			 </trkpt>
			 <trkpt lat="38.853509" lon="-104.978474">
				 <ele>2853.7</ele>
			 </trkpt>
			 <trkpt lat="38.853451" lon="-104.978724">
				 <ele>2854.8</ele>
			 </trkpt>
			 <trkpt lat="38.853338" lon="-104.978834">
				 <ele>2856</ele>
			 </trkpt>
			 <trkpt lat="38.853276" lon="-104.978922">
				 <ele>2857.2</ele>
			 </trkpt>
			 <trkpt lat="38.853225" lon="-104.979024">
				 <ele>2858.5</ele>
			 </trkpt>
			 <trkpt lat="38.853183" lon="-104.979165">
				 <ele>2859.7</ele>
			 </trkpt>
			 <trkpt lat="38.853169" lon="-104.979214">
				 <ele>2861</ele>
			 </trkpt>
			 <trkpt lat="38.853071" lon="-104.979327">
				 <ele>2862.4</ele>
			 </trkpt>
			 <trkpt lat="38.852969" lon="-104.979384">
				 <ele>2863.7</ele>
			 </trkpt>
			 <trkpt lat="38.852862" lon="-104.97951">
				 <ele>2865.2</ele>
			 </trkpt>
			 <trkpt lat="38.852812" lon="-104.979603">
				 <ele>2866.7</ele>
			 </trkpt>
			 <trkpt lat="38.852764" lon="-104.979711">
				 <ele>2868.3</ele>
			 </trkpt>
			 <trkpt lat="38.85268" lon="-104.979743">
				 <ele>2869.8</ele>
			 </trkpt>
			 <trkpt lat="38.852553" lon="-104.979848">
				 <ele>2871.5</ele>
			 </trkpt>
			 <trkpt lat="38.852373" lon="-104.980033">
				 <ele>2873.1</ele>
			 </trkpt>
			 <trkpt lat="38.852187" lon="-104.980167">
				 <ele>2874.5</ele>
			 </trkpt>
			 <trkpt lat="38.852029" lon="-104.980446">
				 <ele>2876</ele>
			 </trkpt>
			 <trkpt lat="38.851878" lon="-104.980625">
				 <ele>2877.4</ele>
			 </trkpt>
			 <trkpt lat="38.851809" lon="-104.980717">
				 <ele>2878.5</ele>
			 </trkpt>
			 <trkpt lat="38.851749" lon="-104.980827">
				 <ele>2879.6</ele>
			 </trkpt>
			 <trkpt lat="38.851673" lon="-104.981079">
				 <ele>2880.6</ele>
			 </trkpt>
			 <trkpt lat="38.851644" lon="-104.981118">
				 <ele>2881.5</ele>
			 </trkpt>
			 <trkpt lat="38.851598" lon="-104.981162">
				 <ele>2882.1</ele>
			 </trkpt>
			 <trkpt lat="38.851513" lon="-104.981199">
				 <ele>2882.6</ele>
			 </trkpt>
			 <trkpt lat="38.851458" lon="-104.981253">
				 <ele>2883.1</ele>
			 </trkpt>
			 <trkpt lat="38.851358" lon="-104.981446">
				 <ele>2883.5</ele>
			 </trkpt>
			 <trkpt lat="38.851318" lon="-104.981548">
				 <ele>2884</ele>
			 </trkpt>
			 <trkpt lat="38.851226" lon="-104.981942">
				 <ele>2884.5</ele>
			 </trkpt>
			 <trkpt lat="38.851197" lon="-104.982095">
				 <ele>2885.2</ele>
			 </trkpt>
			 <trkpt lat="38.851189" lon="-104.9822">
				 <ele>2886</ele>
			 </trkpt>
			 <trkpt lat="38.851201" lon="-104.982307">
				 <ele>2887</ele>
			 </trkpt>
			 <trkpt lat="38.851218" lon="-104.982363">
				 <ele>2888.1</ele>
			 </trkpt>
			 <trkpt lat="38.851245" lon="-104.982444">
				 <ele>2889.5</ele>
			 </trkpt>
			 <trkpt lat="38.85126" lon="-104.982599">
				 <ele>2891</ele>
			 </trkpt>
			 <trkpt lat="38.851245" lon="-104.982798">
				 <ele>2892.8</ele>
			 </trkpt>
			 <trkpt lat="38.85122" lon="-104.982912">
				 <ele>2894.8</ele>
			 </trkpt>
			 <trkpt lat="38.85116" lon="-104.982986">
				 <ele>2896.9</ele>
			 </trkpt>
			 <trkpt lat="38.850917" lon="-104.9832">
				 <ele>2899.2</ele>
			 </trkpt>
			 <trkpt lat="38.850833" lon="-104.983253">
				 <ele>2901.4</ele>
			 </trkpt>
			 <trkpt lat="38.850689" lon="-104.983388">
				 <ele>2903.5</ele>
			 </trkpt>
			 <trkpt lat="38.850626" lon="-104.983406">
				 <ele>2905.4</ele>
			 </trkpt>
			 <trkpt lat="38.850502" lon="-104.983367">
				 <ele>2907.2</ele>
			 </trkpt>
			 <trkpt lat="38.850366" lon="-104.983377">
				 <ele>2908.8</ele>
			 </trkpt>
			 <trkpt lat="38.850163" lon="-104.98338">
				 <ele>2910.2</ele>
			 </trkpt>
			 <trkpt lat="38.850061" lon="-104.983393">
				 <ele>2911.5</ele>
			 </trkpt>
			 <trkpt lat="38.849954" lon="-104.983284">
				 <ele>2912.5</ele>
			 </trkpt>
			 <trkpt lat="38.849892" lon="-104.983219">
				 <ele>2913.2</ele>
			 </trkpt>
			 <trkpt lat="38.849668" lon="-104.98297">
				 <ele>2913.8</ele>
			 </trkpt>
			 <trkpt lat="38.849595" lon="-104.98297">
				 <ele>2914.3</ele>
			 </trkpt>
			 <trkpt lat="38.849516" lon="-104.983106">
				 <ele>2914.7</ele>
			 </trkpt>
			 <trkpt lat="38.849436" lon="-104.983273">
				 <ele>2915.2</ele>
			 </trkpt>
			 <trkpt lat="38.849382" lon="-104.983477">
				 <ele>2915.6</ele>
			 </trkpt>
			 <trkpt lat="38.84934" lon="-104.983882">
				 <ele>2916.1</ele>
			 </trkpt>
			 <trkpt lat="38.849277" lon="-104.984013">
				 <ele>2916.5</ele>
			 </trkpt>
			 <trkpt lat="38.849261" lon="-104.984123">
				 <ele>2917.1</ele>
			 </trkpt>
			 <trkpt lat="38.84928" lon="-104.984295">
				 <ele>2917.5</ele>
			 </trkpt>
			 <trkpt lat="38.849332" lon="-104.984507">
				 <ele>2918</ele>
			 </trkpt>
			 <trkpt lat="38.849365" lon="-104.984718">
				 <ele>2918.5</ele>
			 </trkpt>
			 <trkpt lat="38.849355" lon="-104.984871">
				 <ele>2918.8</ele>
			 </trkpt>
			 <trkpt lat="38.849332" lon="-104.984992">
				 <ele>2919.2</ele>
			 </trkpt>
			 <trkpt lat="38.849319" lon="-104.985182">
				 <ele>2919.5</ele>
			 </trkpt>
			 <trkpt lat="38.84933" lon="-104.985359">
				 <ele>2919.8</ele>
			 </trkpt>
			 <trkpt lat="38.849334" lon="-104.985543">
				 <ele>2920.1</ele>
			 </trkpt>
			 <trkpt lat="38.849336" lon="-104.98559">
				 <ele>2920.4</ele>
			 </trkpt>
			 <trkpt lat="38.849334" lon="-104.985893">
				 <ele>2920.6</ele>
			 </trkpt>
			 <trkpt lat="38.849382" lon="-104.986239">
				 <ele>2920.8</ele>
			 </trkpt>
			 <trkpt lat="38.849514" lon="-104.98676">
				 <ele>2921.1</ele>
			 </trkpt>
			 <trkpt lat="38.849503" lon="-104.98687">
				 <ele>2921.5</ele>
			 </trkpt>
			 <trkpt lat="38.849532" lon="-104.986998">
				 <ele>2921.9</ele>
			 </trkpt>
			 <trkpt lat="38.849683" lon="-104.987299">
				 <ele>2922.5</ele>
			 </trkpt>
			 <trkpt lat="38.849764" lon="-104.98743">
				 <ele>2923</ele>
			 </trkpt>
			 <trkpt lat="38.849812" lon="-104.987578">
				 <ele>2923.5</ele>
			 </trkpt>
			 <trkpt lat="38.849819" lon="-104.987747">
				 <ele>2924.1</ele>
			 </trkpt>
			 <trkpt lat="38.849835" lon="-104.987934">
				 <ele>2924.6</ele>
			 </trkpt>
			 <trkpt lat="38.849835" lon="-104.98817">
				 <ele>2925.1</ele>
			 </trkpt>
			 <trkpt lat="38.849873" lon="-104.988385">
				 <ele>2925.5</ele>
			 </trkpt>
			 <trkpt lat="38.849984" lon="-104.988744">
				 <ele>2926.1</ele>
			 </trkpt>
			 <trkpt lat="38.849975" lon="-104.98894">
				 <ele>2926.5</ele>
			 </trkpt>
			 <trkpt lat="38.849956" lon="-104.988989">
				 <ele>2927</ele>
			 </trkpt>
			 <trkpt lat="38.849942" lon="-104.989029">
				 <ele>2927.5</ele>
			 </trkpt>
			 <trkpt lat="38.849869" lon="-104.98908">
				 <ele>2927.9</ele>
			 </trkpt>
			 <trkpt lat="38.849757" lon="-104.989122">
				 <ele>2928.5</ele>
			 </trkpt>
			 <trkpt lat="38.849628" lon="-104.989211">
				 <ele>2929</ele>
			 </trkpt>
			 <trkpt lat="38.849407" lon="-104.989436">
				 <ele>2929.6</ele>
			 </trkpt>
			 <trkpt lat="38.849307" lon="-104.989565">
				 <ele>2930.4</ele>
			 </trkpt>
			 <trkpt lat="38.849255" lon="-104.989672">
				 <ele>2931.2</ele>
			 </trkpt>
			 <trkpt lat="38.849259" lon="-104.989769">
				 <ele>2932.2</ele>
			 </trkpt>
			 <trkpt lat="38.849325" lon="-104.990102">
				 <ele>2933.2</ele>
			 </trkpt>
			 <trkpt lat="38.849308" lon="-104.990388">
				 <ele>2934.4</ele>
			 </trkpt>
			 <trkpt lat="38.849305" lon="-104.990453">
				 <ele>2935.5</ele>
			 </trkpt>
			 <trkpt lat="38.849263" lon="-104.990603">
				 <ele>2936.5</ele>
			 </trkpt>
			 <trkpt lat="38.849221" lon="-104.990657">
				 <ele>2937.5</ele>
			 </trkpt>
			 <trkpt lat="38.849104" lon="-104.9907">
				 <ele>2938.5</ele>
			 </trkpt>
			 <trkpt lat="38.848941" lon="-104.990745">
				 <ele>2939.4</ele>
			 </trkpt>
			 <trkpt lat="38.848868" lon="-104.990807">
				 <ele>2940.2</ele>
			 </trkpt>
			 <trkpt lat="38.84883" lon="-104.990909">
				 <ele>2941</ele>
			 </trkpt>
			 <trkpt lat="38.848858" lon="-104.991115">
				 <ele>2941.8</ele>
			 </trkpt>
			 <trkpt lat="38.848881" lon="-104.991502">
				 <ele>2942.5</ele>
			 </trkpt>
			 <trkpt lat="38.848864" lon="-104.99158">
				 <ele>2943.2</ele>
			 </trkpt>
			 <trkpt lat="38.84881" lon="-104.991711">
				 <ele>2943.7</ele>
			 </trkpt>
			 <trkpt lat="38.848764" lon="-104.991783">
				 <ele>2944.3</ele>
			 </trkpt>
			 <trkpt lat="38.848703" lon="-104.991864">
				 <ele>2944.8</ele>
			 </trkpt>
			 <trkpt lat="38.848636" lon="-104.991931">
				 <ele>2945.4</ele>
			 </trkpt>
			 <trkpt lat="38.848601" lon="-104.992001">
				 <ele>2946</ele>
			 </trkpt>
			 <trkpt lat="38.84853" lon="-104.992341">
				 <ele>2946.6</ele>
			 </trkpt>
			 <trkpt lat="38.848532" lon="-104.992516">
				 <ele>2947.4</ele>
			 </trkpt>
			 <trkpt lat="38.84858" lon="-104.992915">
				 <ele>2948.1</ele>
			 </trkpt>
			 <trkpt lat="38.848609" lon="-104.993055">
				 <ele>2948.8</ele>
			 </trkpt>
			 <trkpt lat="38.848636" lon="-104.993253">
				 <ele>2949.5</ele>
			 </trkpt>
			 <trkpt lat="38.84863" lon="-104.993361">
				 <ele>2950.1</ele>
			 </trkpt>
			 <trkpt lat="38.848615" lon="-104.993484">
				 <ele>2950.6</ele>
			 </trkpt>
			 <trkpt lat="38.848611" lon="-104.993605">
				 <ele>2951.3</ele>
			 </trkpt>
			 <trkpt lat="38.848617" lon="-104.993651">
				 <ele>2951.8</ele>
			 </trkpt>
			 <trkpt lat="38.848632" lon="-104.993755">
				 <ele>2952.4</ele>
			 </trkpt>
			 <trkpt lat="38.848633" lon="-104.993947">
				 <ele>2952.9</ele>
			 </trkpt>
			 <trkpt lat="38.848611" lon="-104.994082">
				 <ele>2953.4</ele>
			 </trkpt>
			 <trkpt lat="38.848571" lon="-104.994138">
				 <ele>2953.7</ele>
			 </trkpt>
			 <trkpt lat="38.848503" lon="-104.994181">
				 <ele>2954.1</ele>
			 </trkpt>
			 <trkpt lat="38.848323" lon="-104.994146">
				 <ele>2954.5</ele>
			 </trkpt>
			 <trkpt lat="38.848277" lon="-104.994144">
				 <ele>2954.9</ele>
			 </trkpt>
			 <trkpt lat="38.848218" lon="-104.994195">
				 <ele>2955.5</ele>
			 </trkpt>
			 <trkpt lat="38.848195" lon="-104.994254">
				 <ele>2956.3</ele>
			 </trkpt>
			 <trkpt lat="38.848172" lon="-104.994318">
				 <ele>2957</ele>
			 </trkpt>
			 <trkpt lat="38.848162" lon="-104.994474">
				 <ele>2957.9</ele>
			 </trkpt>
			 <trkpt lat="38.848139" lon="-104.994624">
				 <ele>2959</ele>
			 </trkpt>
			 <trkpt lat="38.848156" lon="-104.99475">
				 <ele>2960.2</ele>
			 </trkpt>
			 <trkpt lat="38.848166" lon="-104.994903">
				 <ele>2961.5</ele>
			 </trkpt>
			 <trkpt lat="38.848166" lon="-104.995005">
				 <ele>2962.9</ele>
			 </trkpt>
			 <trkpt lat="38.848181" lon="-104.995155">
				 <ele>2964.5</ele>
			 </trkpt>
			 <trkpt lat="38.848158" lon="-104.995308">
				 <ele>2966</ele>
			 </trkpt>
			 <trkpt lat="38.848131" lon="-104.995418">
				 <ele>2967.6</ele>
			 </trkpt>
			 <trkpt lat="38.848091" lon="-104.995528">
				 <ele>2969.3</ele>
			 </trkpt>
			 <trkpt lat="38.848066" lon="-104.995665">
				 <ele>2971</ele>
			 </trkpt>
			 <trkpt lat="38.848074" lon="-104.995777">
				 <ele>2972.7</ele>
			 </trkpt>
			 <trkpt lat="38.848034" lon="-104.996061">
				 <ele>2974.5</ele>
			 </trkpt>
			 <trkpt lat="38.848095" lon="-104.996268">
				 <ele>2976.2</ele>
			 </trkpt>
			 <trkpt lat="38.848101" lon="-104.996378">
				 <ele>2977.9</ele>
			 </trkpt>
			 <trkpt lat="38.848081" lon="-104.996491">
				 <ele>2979.7</ele>
			 </trkpt>
			 <trkpt lat="38.848064" lon="-104.996668">
				 <ele>2981.5</ele>
			 </trkpt>
			 <trkpt lat="38.848064" lon="-104.996893">
				 <ele>2983.4</ele>
			 </trkpt>
			 <trkpt lat="38.848053" lon="-104.997086">
				 <ele>2985.3</ele>
			 </trkpt>
			 <trkpt lat="38.848034" lon="-104.997266">
				 <ele>2987.3</ele>
			 </trkpt>
			 <trkpt lat="38.84798" lon="-104.997419">
				 <ele>2989.3</ele>
			 </trkpt>
			 <trkpt lat="38.847959" lon="-104.99755">
				 <ele>2991.3</ele>
			 </trkpt>
			 <trkpt lat="38.847859" lon="-104.997789">
				 <ele>2993.5</ele>
			 </trkpt>
			 <trkpt lat="38.84787" lon="-104.997859">
				 <ele>2995.6</ele>
			 </trkpt>
			 <trkpt lat="38.847943" lon="-104.998073">
				 <ele>2997.8</ele>
			 </trkpt>
			 <trkpt lat="38.847945" lon="-104.998213">
				 <ele>3000</ele>
			 </trkpt>
			 <trkpt lat="38.847924" lon="-104.998371">
				 <ele>3002.2</ele>
			 </trkpt>
			 <trkpt lat="38.847876" lon="-104.99865">
				 <ele>3004.4</ele>
			 </trkpt>
			 <trkpt lat="38.847815" lon="-104.998945">
				 <ele>3006.5</ele>
			 </trkpt>
			 <trkpt lat="38.847792" lon="-104.999149">
				 <ele>3008.5</ele>
			 </trkpt>
			 <trkpt lat="38.847776" lon="-104.999248">
				 <ele>3010.5</ele>
			 </trkpt>
			 <trkpt lat="38.847732" lon="-104.999355">
				 <ele>3012.5</ele>
			 </trkpt>
			 <trkpt lat="38.8477" lon="-104.999393">
				 <ele>3014.4</ele>
			 </trkpt>
			 <trkpt lat="38.847684" lon="-104.999481">
				 <ele>3016.2</ele>
			 </trkpt>
			 <trkpt lat="38.847669" lon="-104.999621">
				 <ele>3018</ele>
			 </trkpt>
			 <trkpt lat="38.847636" lon="-104.999733">
				 <ele>3019.8</ele>
			 </trkpt>
			 <trkpt lat="38.847615" lon="-104.999873">
				 <ele>3021.7</ele>
			 </trkpt>
			 <trkpt lat="38.847613" lon="-104.999988">
				 <ele>3023.7</ele>
			 </trkpt>
			 <trkpt lat="38.847621" lon="-105.000173">
				 <ele>3025.8</ele>
			 </trkpt>
			 <trkpt lat="38.847619" lon="-105.000302">
				 <ele>3028</ele>
			 </trkpt>
			 <trkpt lat="38.847614" lon="-105.000337">
				 <ele>3030.2</ele>
			 </trkpt>
			 <trkpt lat="38.847604" lon="-105.000407">
				 <ele>3032.5</ele>
			 </trkpt>
			 <trkpt lat="38.847565" lon="-105.000522">
				 <ele>3034.8</ele>
			 </trkpt>
			 <trkpt lat="38.847481" lon="-105.000696">
				 <ele>3037.3</ele>
			 </trkpt>
			 <trkpt lat="38.847337" lon="-105.001083">
				 <ele>3039.8</ele>
			 </trkpt>
			 <trkpt lat="38.847168" lon="-105.001485">
				 <ele>3042.4</ele>
			 </trkpt>
			 <trkpt lat="38.847105" lon="-105.001699">
				 <ele>3044.9</ele>
			 </trkpt>
			 <trkpt lat="38.847007" lon="-105.001957">
				 <ele>3047.4</ele>
			 </trkpt>
			 <trkpt lat="38.846982" lon="-105.002072">
				 <ele>3049.7</ele>
			 </trkpt>
			 <trkpt lat="38.847013" lon="-105.002105">
				 <ele>3051.9</ele>
			 </trkpt>
			 <trkpt lat="38.847115" lon="-105.002005">
				 <ele>3054.1</ele>
			 </trkpt>
			 <trkpt lat="38.847163" lon="-105.001984">
				 <ele>3056.2</ele>
			 </trkpt>
			 <trkpt lat="38.847138" lon="-105.002105">
				 <ele>3058.2</ele>
			 </trkpt>
			 <trkpt lat="38.847097" lon="-105.002392">
				 <ele>3060.2</ele>
			 </trkpt>
			 <trkpt lat="38.846998" lon="-105.002882">
				 <ele>3062</ele>
			 </trkpt>
			 <trkpt lat="38.846965" lon="-105.003008">
				 <ele>3063.6</ele>
			 </trkpt>
			 <trkpt lat="38.846902" lon="-105.00303">
				 <ele>3065.2</ele>
			 </trkpt>
			 <trkpt lat="38.84685" lon="-105.003059">
				 <ele>3066.6</ele>
			 </trkpt>
			 <trkpt lat="38.846574" lon="-105.003395">
				 <ele>3068.1</ele>
			 </trkpt>
			 <trkpt lat="38.846535" lon="-105.003486">
				 <ele>3069.5</ele>
			 </trkpt>
			 <trkpt lat="38.846485" lon="-105.003641">
				 <ele>3070.8</ele>
			 </trkpt>
			 <trkpt lat="38.846462" lon="-105.003818">
				 <ele>3072.1</ele>
			 </trkpt>
			 <trkpt lat="38.846437" lon="-105.00391">
				 <ele>3073.4</ele>
			 </trkpt>
			 <trkpt lat="38.846353" lon="-105.004044">
				 <ele>3074.6</ele>
			 </trkpt>
			 <trkpt lat="38.846353" lon="-105.004111">
				 <ele>3075.8</ele>
			 </trkpt>
			 <trkpt lat="38.846377" lon="-105.004149">
				 <ele>3077.1</ele>
			 </trkpt>
			 <trkpt lat="38.846399" lon="-105.004181">
				 <ele>3078.4</ele>
			 </trkpt>
			 <trkpt lat="38.846482" lon="-105.004291">
				 <ele>3079.6</ele>
			 </trkpt>
			 <trkpt lat="38.846585" lon="-105.004406">
				 <ele>3081</ele>
			 </trkpt>
			 <trkpt lat="38.846721" lon="-105.004505">
				 <ele>3082.3</ele>
			 </trkpt>
			 <trkpt lat="38.846842" lon="-105.004615">
				 <ele>3083.5</ele>
			 </trkpt>
			 <trkpt lat="38.84695" lon="-105.004728">
				 <ele>3084.9</ele>
			 </trkpt>
			 <trkpt lat="38.847017" lon="-105.004862">
				 <ele>3086.3</ele>
			 </trkpt>
			 <trkpt lat="38.847293" lon="-105.005288">
				 <ele>3087.6</ele>
			 </trkpt>
			 <trkpt lat="38.847393" lon="-105.005423">
				 <ele>3089</ele>
			 </trkpt>
			 <trkpt lat="38.847414" lon="-105.005449">
				 <ele>3090.4</ele>
			 </trkpt>
			 <trkpt lat="38.847493" lon="-105.005573">
				 <ele>3091.6</ele>
			 </trkpt>
			 <trkpt lat="38.847568" lon="-105.005705">
				 <ele>3092.9</ele>
			 </trkpt>
			 <trkpt lat="38.8476" lon="-105.00576">
				 <ele>3094.3</ele>
			 </trkpt>
			 <trkpt lat="38.847602" lon="-105.00583">
				 <ele>3095.5</ele>
			 </trkpt>
			 <trkpt lat="38.84759" lon="-105.005921">
				 <ele>3096.8</ele>
			 </trkpt>
			 <trkpt lat="38.847606" lon="-105.006034">
				 <ele>3098.1</ele>
			 </trkpt>
			 <trkpt lat="38.847648" lon="-105.006163">
				 <ele>3099.3</ele>
			 </trkpt>
			 <trkpt lat="38.847658" lon="-105.006261">
				 <ele>3100.5</ele>
			 </trkpt>
			 <trkpt lat="38.847604" lon="-105.006546">
				 <ele>3101.8</ele>
			 </trkpt>
			 <trkpt lat="38.847546" lon="-105.006656">
				 <ele>3103</ele>
			 </trkpt>
			 <trkpt lat="38.847529" lon="-105.006739">
				 <ele>3104.2</ele>
			 </trkpt>
			 <trkpt lat="38.847544" lon="-105.006823">
				 <ele>3105.4</ele>
			 </trkpt>
			 <trkpt lat="38.84756" lon="-105.006871">
				 <ele>3106.5</ele>
			 </trkpt>
			 <trkpt lat="38.847483" lon="-105.006938">
				 <ele>3107.6</ele>
			 </trkpt>
			 <trkpt lat="38.847416" lon="-105.007021">
				 <ele>3108.7</ele>
			 </trkpt>
			 <trkpt lat="38.847356" lon="-105.007083">
				 <ele>3109.7</ele>
			 </trkpt>
			 <trkpt lat="38.847329" lon="-105.007134">
				 <ele>3110.7</ele>
			 </trkpt>
			 <trkpt lat="38.847157" lon="-105.007252">
				 <ele>3111.7</ele>
			 </trkpt>
			 <trkpt lat="38.847139" lon="-105.007307">
				 <ele>3112.7</ele>
			 </trkpt>
			 <trkpt lat="38.847101" lon="-105.007431">
				 <ele>3113.7</ele>
			 </trkpt>
			 <trkpt lat="38.847057" lon="-105.007493">
				 <ele>3114.7</ele>
			 </trkpt>
			 <trkpt lat="38.84684" lon="-105.007614">
				 <ele>3115.7</ele>
			 </trkpt>
			 <trkpt lat="38.846642" lon="-105.007611">
				 <ele>3116.7</ele>
			 </trkpt>
			 <trkpt lat="38.846556" lon="-105.007667">
				 <ele>3117.8</ele>
			 </trkpt>
			 <trkpt lat="38.846474" lon="-105.007705">
				 <ele>3118.9</ele>
			 </trkpt>
			 <trkpt lat="38.846405" lon="-105.007753">
				 <ele>3120.1</ele>
			 </trkpt>
			 <trkpt lat="38.846378" lon="-105.007831">
				 <ele>3121.5</ele>
			 </trkpt>
			 <trkpt lat="38.846367" lon="-105.007922">
				 <ele>3122.8</ele>
			 </trkpt>
			 <trkpt lat="38.846242" lon="-105.008051">
				 <ele>3124.3</ele>
			 </trkpt>
			 <trkpt lat="38.84619" lon="-105.008169">
				 <ele>3125.7</ele>
			 </trkpt>
			 <trkpt lat="38.846148" lon="-105.008233">
				 <ele>3127.2</ele>
			 </trkpt>
			 <trkpt lat="38.846115" lon="-105.008308">
				 <ele>3128.7</ele>
			 </trkpt>
			 <trkpt lat="38.845986" lon="-105.008505">
				 <ele>3130.4</ele>
			 </trkpt>
			 <trkpt lat="38.845981" lon="-105.008579">
				 <ele>3132</ele>
			 </trkpt>
			 <trkpt lat="38.84593" lon="-105.008672">
				 <ele>3133.5</ele>
			 </trkpt>
			 <trkpt lat="38.845891" lon="-105.008743">
				 <ele>3135.2</ele>
			 </trkpt>
			 <trkpt lat="38.845795" lon="-105.008909">
				 <ele>3136.7</ele>
			 </trkpt>
			 <trkpt lat="38.845686" lon="-105.009024">
				 <ele>3138.3</ele>
			 </trkpt>
			 <trkpt lat="38.845684" lon="-105.009072">
				 <ele>3139.8</ele>
			 </trkpt>
			 <trkpt lat="38.845702" lon="-105.009127">
				 <ele>3141.3</ele>
			 </trkpt>
			 <trkpt lat="38.84583" lon="-105.009273">
				 <ele>3142.6</ele>
			 </trkpt>
			 <trkpt lat="38.845863" lon="-105.009338">
				 <ele>3144</ele>
			 </trkpt>
			 <trkpt lat="38.845829" lon="-105.009392">
				 <ele>3145.3</ele>
			 </trkpt>
			 <trkpt lat="38.845793" lon="-105.009448">
				 <ele>3146.5</ele>
			 </trkpt>
			 <trkpt lat="38.845666" lon="-105.009577">
				 <ele>3147.7</ele>
			 </trkpt>
			 <trkpt lat="38.845609" lon="-105.009679">
				 <ele>3148.9</ele>
			 </trkpt>
			 <trkpt lat="38.845548" lon="-105.009814">
				 <ele>3150</ele>
			 </trkpt>
			 <trkpt lat="38.84552" lon="-105.009877">
				 <ele>3151.1</ele>
			 </trkpt>
			 <trkpt lat="38.845475" lon="-105.009927">
				 <ele>3152.1</ele>
			 </trkpt>
			 <trkpt lat="38.845431" lon="-105.009953">
				 <ele>3153.1</ele>
			 </trkpt>
			 <trkpt lat="38.845516" lon="-105.010159">
				 <ele>3154.1</ele>
			 </trkpt>
			 <trkpt lat="38.84553" lon="-105.010207">
				 <ele>3155.1</ele>
			 </trkpt>
			 <trkpt lat="38.845513" lon="-105.010237">
				 <ele>3156.1</ele>
			 </trkpt>
			 <trkpt lat="38.845469" lon="-105.01028">
				 <ele>3157.1</ele>
			 </trkpt>
			 <trkpt lat="38.845371" lon="-105.010352">
				 <ele>3158.2</ele>
			 </trkpt>
			 <trkpt lat="38.845298" lon="-105.010395">
				 <ele>3159.2</ele>
			 </trkpt>
			 <trkpt lat="38.845181" lon="-105.010489">
				 <ele>3160.4</ele>
			 </trkpt>
			 <trkpt lat="38.845164" lon="-105.010527">
				 <ele>3161.6</ele>
			 </trkpt>
			 <trkpt lat="38.845177" lon="-105.010739">
				 <ele>3162.9</ele>
			 </trkpt>
			 <trkpt lat="38.845208" lon="-105.010851">
				 <ele>3164.2</ele>
			 </trkpt>
			 <trkpt lat="38.845281" lon="-105.010921">
				 <ele>3165.5</ele>
			 </trkpt>
			 <trkpt lat="38.845327" lon="-105.010975">
				 <ele>3166.8</ele>
			 </trkpt>
			 <trkpt lat="38.845359" lon="-105.011057">
				 <ele>3168.2</ele>
			 </trkpt>
			 <trkpt lat="38.845425" lon="-105.011219">
				 <ele>3169.5</ele>
			 </trkpt>
			 <trkpt lat="38.845628" lon="-105.011511">
				 <ele>3170.8</ele>
			 </trkpt>
			 <trkpt lat="38.845778" lon="-105.011701">
				 <ele>3172</ele>
			 </trkpt>
			 <trkpt lat="38.845821" lon="-105.011744">
				 <ele>3173.2</ele>
			 </trkpt>
			 <trkpt lat="38.845872" lon="-105.011743">
				 <ele>3174.3</ele>
			 </trkpt>
			 <trkpt lat="38.845922" lon="-105.011669">
				 <ele>3175.3</ele>
			 </trkpt>
			 <trkpt lat="38.846019" lon="-105.011622">
				 <ele>3176.3</ele>
			 </trkpt>
			 <trkpt lat="38.846144" lon="-105.011593">
				 <ele>3177.3</ele>
			 </trkpt>
			 <trkpt lat="38.846173" lon="-105.011604">
				 <ele>3178.3</ele>
			 </trkpt>
			 <trkpt lat="38.846274" lon="-105.011641">
				 <ele>3179.2</ele>
			 </trkpt>
			 <trkpt lat="38.846358" lon="-105.011647">
				 <ele>3180.2</ele>
			 </trkpt>
			 <trkpt lat="38.846411" lon="-105.011691">
				 <ele>3181.3</ele>
			 </trkpt>
			 <trkpt lat="38.846551" lon="-105.011751">
				 <ele>3182.5</ele>
			 </trkpt>
			 <trkpt lat="38.846613" lon="-105.011865">
				 <ele>3183.9</ele>
			 </trkpt>
			 <trkpt lat="38.846653" lon="-105.01201">
				 <ele>3185.3</ele>
			 </trkpt>
			 <trkpt lat="38.846668" lon="-105.012061">
				 <ele>3186.7</ele>
			 </trkpt>
			 <trkpt lat="38.84672" lon="-105.012179">
				 <ele>3188.3</ele>
			 </trkpt>
			 <trkpt lat="38.846722" lon="-105.012267">
				 <ele>3189.9</ele>
			 </trkpt>
			 <trkpt lat="38.846707" lon="-105.012343">
				 <ele>3191.5</ele>
			 </trkpt>
			 <trkpt lat="38.84672" lon="-105.012418">
				 <ele>3193.3</ele>
			 </trkpt>
			 <trkpt lat="38.846833" lon="-105.012779">
				 <ele>3195</ele>
			 </trkpt>
			 <trkpt lat="38.846846" lon="-105.01282">
				 <ele>3196.6</ele>
			 </trkpt>
			 <trkpt lat="38.846886" lon="-105.013">
				 <ele>3198.2</ele>
			 </trkpt>
			 <trkpt lat="38.846892" lon="-105.01312">
				 <ele>3199.6</ele>
			 </trkpt>
			 <trkpt lat="38.846913" lon="-105.013224">
				 <ele>3201</ele>
			 </trkpt>
			 <trkpt lat="38.846961" lon="-105.013226">
				 <ele>3202.4</ele>
			 </trkpt>
			 <trkpt lat="38.847141" lon="-105.013232">
				 <ele>3203.6</ele>
			 </trkpt>
			 <trkpt lat="38.847214" lon="-105.013264">
				 <ele>3204.8</ele>
			 </trkpt>
			 <trkpt lat="38.847421" lon="-105.013354">
				 <ele>3205.9</ele>
			 </trkpt>
			 <trkpt lat="38.847562" lon="-105.013445">
				 <ele>3207.1</ele>
			 </trkpt>
			 <trkpt lat="38.847606" lon="-105.013488">
				 <ele>3208.4</ele>
			 </trkpt>
			 <trkpt lat="38.847623" lon="-105.013536">
				 <ele>3209.7</ele>
			 </trkpt>
			 <trkpt lat="38.847621" lon="-105.013587">
				 <ele>3211.3</ele>
			 </trkpt>
			 <trkpt lat="38.8476" lon="-105.013622">
				 <ele>3213</ele>
			 </trkpt>
			 <trkpt lat="38.847537" lon="-105.013646">
				 <ele>3214.8</ele>
			 </trkpt>
			 <trkpt lat="38.847437" lon="-105.013705">
				 <ele>3216.8</ele>
			 </trkpt>
			 <trkpt lat="38.847322" lon="-105.013751">
				 <ele>3219</ele>
			 </trkpt>
			 <trkpt lat="38.847292" lon="-105.013795">
				 <ele>3221.3</ele>
			 </trkpt>
			 <trkpt lat="38.847207" lon="-105.013867">
				 <ele>3223.7</ele>
			 </trkpt>
			 <trkpt lat="38.847025" lon="-105.014254">
				 <ele>3226.4</ele>
			 </trkpt>
			 <trkpt lat="38.846648" lon="-105.014656">
				 <ele>3229</ele>
			 </trkpt>
			 <trkpt lat="38.846595" lon="-105.01466">
				 <ele>3231.5</ele>
			 </trkpt>
			 <trkpt lat="38.846568" lon="-105.014689">
				 <ele>3234.2</ele>
			 </trkpt>
			 <trkpt lat="38.846639" lon="-105.014724">
				 <ele>3236.8</ele>
			 </trkpt>
			 <trkpt lat="38.846823" lon="-105.014806">
				 <ele>3239.4</ele>
			 </trkpt>
			 <trkpt lat="38.847057" lon="-105.014876">
				 <ele>3242</ele>
			 </trkpt>
			 <trkpt lat="38.847125" lon="-105.014889">
				 <ele>3244.6</ele>
			 </trkpt>
			 <trkpt lat="38.847281" lon="-105.014918">
				 <ele>3247.3</ele>
			 </trkpt>
			 <trkpt lat="38.847556" lon="-105.015019">
				 <ele>3250.1</ele>
			 </trkpt>
			 <trkpt lat="38.847595" lon="-105.01508">
				 <ele>3253</ele>
			 </trkpt>
			 <trkpt lat="38.84765" lon="-105.015085">
				 <ele>3256</ele>
			 </trkpt>
			 <trkpt lat="38.847814" lon="-105.015301">
				 <ele>3259.2</ele>
			 </trkpt>
			 <trkpt lat="38.848321" lon="-105.015595">
				 <ele>3262.5</ele>
			 </trkpt>
			 <trkpt lat="38.84852" lon="-105.015709">
				 <ele>3265.8</ele>
			 </trkpt>
			 <trkpt lat="38.848626" lon="-105.015729">
				 <ele>3269.1</ele>
			 </trkpt>
			 <trkpt lat="38.848764" lon="-105.015815">
				 <ele>3272.5</ele>
			 </trkpt>
			 <trkpt lat="38.848914" lon="-105.015955">
				 <ele>3275.8</ele>
			 </trkpt>
			 <trkpt lat="38.849427" lon="-105.016474">
				 <ele>3279.3</ele>
			 </trkpt>
			 <trkpt lat="38.849499" lon="-105.016493">
				 <ele>3282.6</ele>
			 </trkpt>
			 <trkpt lat="38.849737" lon="-105.016698">
				 <ele>3285.8</ele>
			 </trkpt>
			 <trkpt lat="38.849917" lon="-105.016814">
				 <ele>3288.8</ele>
			 </trkpt>
			 <trkpt lat="38.849968" lon="-105.01694">
				 <ele>3291.7</ele>
			 </trkpt>
			 <trkpt lat="38.850078" lon="-105.017023">
				 <ele>3294.5</ele>
			 </trkpt>
			 <trkpt lat="38.850146" lon="-105.017101">
				 <ele>3297.1</ele>
			 </trkpt>
			 <trkpt lat="38.850199" lon="-105.017106">
				 <ele>3299.8</ele>
			 </trkpt>
			 <trkpt lat="38.850264" lon="-105.017165">
				 <ele>3302.5</ele>
			 </trkpt>
			 <trkpt lat="38.850145" lon="-105.017242">
				 <ele>3305.4</ele>
			 </trkpt>
			 <trkpt lat="38.849965" lon="-105.017211">
				 <ele>3308.2</ele>
			 </trkpt>
			 <trkpt lat="38.849888" lon="-105.017164">
				 <ele>3310.9</ele>
			 </trkpt>
			 <trkpt lat="38.849626" lon="-105.01711">
				 <ele>3313.8</ele>
			 </trkpt>
			 <trkpt lat="38.849245" lon="-105.017135">
				 <ele>3316.8</ele>
			 </trkpt>
			 <trkpt lat="38.848867" lon="-105.017128">
				 <ele>3319.9</ele>
			 </trkpt>
			 <trkpt lat="38.848767" lon="-105.017144">
				 <ele>3323.1</ele>
			 </trkpt>
			 <trkpt lat="38.848622" lon="-105.017133">
				 <ele>3326.4</ele>
			 </trkpt>
			 <trkpt lat="38.848431" lon="-105.017154">
				 <ele>3329.6</ele>
			 </trkpt>
			 <trkpt lat="38.848088" lon="-105.017325">
				 <ele>3333</ele>
			 </trkpt>
			 <trkpt lat="38.847978" lon="-105.017372">
				 <ele>3336.4</ele>
			 </trkpt>
			 <trkpt lat="38.847854" lon="-105.017381">
				 <ele>3339.6</ele>
			 </trkpt>
			 <trkpt lat="38.84769" lon="-105.01744">
				 <ele>3342.9</ele>
			 </trkpt>
			 <trkpt lat="38.847648" lon="-105.017455">
				 <ele>3346.2</ele>
			 </trkpt>
			 <trkpt lat="38.847272" lon="-105.017503">
				 <ele>3349.5</ele>
			 </trkpt>
			 <trkpt lat="38.847153" lon="-105.017527">
				 <ele>3353</ele>
			 </trkpt>
			 <trkpt lat="38.846662" lon="-105.017699">
				 <ele>3356.7</ele>
			 </trkpt>
			 <trkpt lat="38.846543" lon="-105.017778">
				 <ele>3360.5</ele>
			 </trkpt>
			 <trkpt lat="38.846376" lon="-105.017889">
				 <ele>3364.5</ele>
			 </trkpt>
			 <trkpt lat="38.846142" lon="-105.018015">
				 <ele>3368.7</ele>
			 </trkpt>
			 <trkpt lat="38.846006" lon="-105.018139">
				 <ele>3373.1</ele>
			 </trkpt>
			 <trkpt lat="38.845799" lon="-105.018273">
				 <ele>3377.5</ele>
			 </trkpt>
			 <trkpt lat="38.845498" lon="-105.018426">
				 <ele>3382.3</ele>
			 </trkpt>
			 <trkpt lat="38.845402" lon="-105.018571">
				 <ele>3387.2</ele>
			 </trkpt>
			 <trkpt lat="38.845068" lon="-105.018826">
				 <ele>3392.3</ele>
			 </trkpt>
			 <trkpt lat="38.844631" lon="-105.019161">
				 <ele>3397.3</ele>
			 </trkpt>
			 <trkpt lat="38.844325" lon="-105.019657">
				 <ele>3402.4</ele>
			 </trkpt>
			 <trkpt lat="38.844147" lon="-105.019815">
				 <ele>3407.3</ele>
			 </trkpt>
			 <trkpt lat="38.843932" lon="-105.019874">
				 <ele>3412</ele>
			 </trkpt>
			 <trkpt lat="38.843708" lon="-105.02004">
				 <ele>3416.6</ele>
			 </trkpt>
			 <trkpt lat="38.843531" lon="-105.020118">
				 <ele>3421.1</ele>
			 </trkpt>
			 <trkpt lat="38.843426" lon="-105.020137">
				 <ele>3425.3</ele>
			 </trkpt>
			 <trkpt lat="38.843217" lon="-105.020293">
				 <ele>3429.5</ele>
			 </trkpt>
			 <trkpt lat="38.843088" lon="-105.020403">
				 <ele>3433.4</ele>
			 </trkpt>
			 <trkpt lat="38.842726" lon="-105.02069">
				 <ele>3437.1</ele>
			 </trkpt>
			 <trkpt lat="38.842534" lon="-105.020781">
				 <ele>3440.6</ele>
			 </trkpt>
			 <trkpt lat="38.842371" lon="-105.020845">
				 <ele>3444</ele>
			 </trkpt>
			 <trkpt lat="38.842271" lon="-105.020904">
				 <ele>3447.1</ele>
			 </trkpt>
			 <trkpt lat="38.842089" lon="-105.021032">
				 <ele>3450.1</ele>
			 </trkpt>
			 <trkpt lat="38.842197" lon="-105.021115">
				 <ele>3453.1</ele>
			 </trkpt>
			 <trkpt lat="38.842463" lon="-105.021194">
				 <ele>3456</ele>
			 </trkpt>
			 <trkpt lat="38.84287" lon="-105.021192">
				 <ele>3458.9</ele>
			 </trkpt>
			 <trkpt lat="38.843016" lon="-105.021182">
				 <ele>3461.7</ele>
			 </trkpt>
			 <trkpt lat="38.843458" lon="-105.021129">
				 <ele>3464.5</ele>
			 </trkpt>
			 <trkpt lat="38.8436" lon="-105.021111">
				 <ele>3467.1</ele>
			 </trkpt>
			 <trkpt lat="38.843575" lon="-105.021141">
				 <ele>3469.8</ele>
			 </trkpt>
			 <trkpt lat="38.843434" lon="-105.021221">
				 <ele>3472.5</ele>
			 </trkpt>
			 <trkpt lat="38.843297" lon="-105.021355">
				 <ele>3475.4</ele>
			 </trkpt>
			 <trkpt lat="38.84323" lon="-105.021437">
				 <ele>3478.3</ele>
			 </trkpt>
			 <trkpt lat="38.84289" lon="-105.021858">
				 <ele>3481.2</ele>
			 </trkpt>
			 <trkpt lat="38.842751" lon="-105.021985">
				 <ele>3484</ele>
			 </trkpt>
			 <trkpt lat="38.84271" lon="-105.022062">
				 <ele>3486.7</ele>
			 </trkpt>
			 <trkpt lat="38.842654" lon="-105.0221">
				 <ele>3489.4</ele>
			 </trkpt>
			 <trkpt lat="38.842631" lon="-105.022213">
				 <ele>3492</ele>
			 </trkpt>
			 <trkpt lat="38.84254" lon="-105.022259">
				 <ele>3494.6</ele>
			 </trkpt>
			 <trkpt lat="38.842314" lon="-105.022582">
				 <ele>3497.4</ele>
			 </trkpt>
			 <trkpt lat="38.842137" lon="-105.022644">
				 <ele>3499.9</ele>
			 </trkpt>
			 <trkpt lat="38.84202" lon="-105.02279">
				 <ele>3502.4</ele>
			 </trkpt>
			 <trkpt lat="38.841979" lon="-105.02287">
				 <ele>3504.7</ele>
			 </trkpt>
			 <trkpt lat="38.842066" lon="-105.022856">
				 <ele>3507</ele>
			 </trkpt>
			 <trkpt lat="38.842136" lon="-105.02281">
				 <ele>3509.3</ele>
			 </trkpt>
			 <trkpt lat="38.842294" lon="-105.022797">
				 <ele>3511.6</ele>
			 </trkpt>
			 <trkpt lat="38.842402" lon="-105.022799">
				 <ele>3514</ele>
			 </trkpt>
			 <trkpt lat="38.84248" lon="-105.022799">
				 <ele>3516.5</ele>
			 </trkpt>
			 <trkpt lat="38.843033" lon="-105.02263">
				 <ele>3519.1</ele>
			 </trkpt>
			 <trkpt lat="38.843371" lon="-105.022535">
				 <ele>3521.6</ele>
			 </trkpt>
			 <trkpt lat="38.84345" lon="-105.022504">
				 <ele>3524.3</ele>
			 </trkpt>
			 <trkpt lat="38.84352" lon="-105.022476">
				 <ele>3527</ele>
			 </trkpt>
			 <trkpt lat="38.843554" lon="-105.022492">
				 <ele>3529.8</ele>
			 </trkpt>
			 <trkpt lat="38.843478" lon="-105.022589">
				 <ele>3532.7</ele>
			 </trkpt>
			 <trkpt lat="38.843452" lon="-105.022617">
				 <ele>3535.7</ele>
			 </trkpt>
			 <trkpt lat="38.843124" lon="-105.022984">
				 <ele>3538.7</ele>
			 </trkpt>
			 <trkpt lat="38.843032" lon="-105.023133">
				 <ele>3541.6</ele>
			 </trkpt>
			 <trkpt lat="38.842897" lon="-105.023277">
				 <ele>3544.5</ele>
			 </trkpt>
			 <trkpt lat="38.842653" lon="-105.023555">
				 <ele>3547.5</ele>
			 </trkpt>
			 <trkpt lat="38.842495" lon="-105.023757">
				 <ele>3550.2</ele>
			 </trkpt>
			 <trkpt lat="38.842302" lon="-105.024085">
				 <ele>3552.9</ele>
			 </trkpt>
			 <trkpt lat="38.842185" lon="-105.024225">
				 <ele>3555.4</ele>
			 </trkpt>
			 <trkpt lat="38.842167" lon="-105.024262">
				 <ele>3557.7</ele>
			 </trkpt>
			 <trkpt lat="38.842219" lon="-105.024262">
				 <ele>3559.9</ele>
			 </trkpt>
			 <trkpt lat="38.842302" lon="-105.024219">
				 <ele>3561.8</ele>
			 </trkpt>
			 <trkpt lat="38.842432" lon="-105.024112">
				 <ele>3563.5</ele>
			 </trkpt>
			 <trkpt lat="38.842488" lon="-105.0241">
				 <ele>3565.2</ele>
			 </trkpt>
			 <trkpt lat="38.842444" lon="-105.024227">
				 <ele>3566.7</ele>
			 </trkpt>
			 <trkpt lat="38.842393" lon="-105.024328">
				 <ele>3568.3</ele>
			 </trkpt>
			 <trkpt lat="38.84234" lon="-105.024363">
				 <ele>3569.6</ele>
			 </trkpt>
			 <trkpt lat="38.842294" lon="-105.024411">
				 <ele>3570.9</ele>
			 </trkpt>
			 <trkpt lat="38.842399" lon="-105.024427">
				 <ele>3572.2</ele>
			 </trkpt>
			 <trkpt lat="38.842622" lon="-105.024293">
				 <ele>3573.5</ele>
			 </trkpt>
			 <trkpt lat="38.842647" lon="-105.024223">
				 <ele>3574.6</ele>
			 </trkpt>
			 <trkpt lat="38.842788" lon="-105.024103">
				 <ele>3576</ele>
			 </trkpt>
			 <trkpt lat="38.842863" lon="-105.024108">
				 <ele>3577.6</ele>
			 </trkpt>
			 <trkpt lat="38.842913" lon="-105.024135">
				 <ele>3579.5</ele>
			 </trkpt>
			 <trkpt lat="38.843116" lon="-105.024086">
				 <ele>3581.4</ele>
			 </trkpt>
			 <trkpt lat="38.84318" lon="-105.02407">
				 <ele>3583.4</ele>
			 </trkpt>
			 <trkpt lat="38.843172" lon="-105.024119">
				 <ele>3585.5</ele>
			 </trkpt>
			 <trkpt lat="38.843147" lon="-105.024156">
				 <ele>3587.6</ele>
			 </trkpt>
			 <trkpt lat="38.843061" lon="-105.024231">
				 <ele>3590</ele>
			 </trkpt>
			 <trkpt lat="38.843" lon="-105.024364">
				 <ele>3592.4</ele>
			 </trkpt>
			 <trkpt lat="38.842879" lon="-105.024485">
				 <ele>3594.9</ele>
			 </trkpt>
			 <trkpt lat="38.842521" lon="-105.024945">
				 <ele>3597.5</ele>
			 </trkpt>
			 <trkpt lat="38.842157" lon="-105.025551">
				 <ele>3600.1</ele>
			 </trkpt>
			 <trkpt lat="38.842137" lon="-105.025649">
				 <ele>3602.5</ele>
			 </trkpt>
			 <trkpt lat="38.842243" lon="-105.025408">
				 <ele>3604.6</ele>
			 </trkpt>
			 <trkpt lat="38.842157" lon="-105.025551">
				 <ele>3606.7</ele>
			 </trkpt>
			 <trkpt lat="38.84213" lon="-105.025683">
				 <ele>3608.7</ele>
			 </trkpt>
			 <trkpt lat="38.842194" lon="-105.025636">
				 <ele>3610.5</ele>
			 </trkpt>
			 <trkpt lat="38.842247" lon="-105.025642">
				 <ele>3612.4</ele>
			 </trkpt>
			 <trkpt lat="38.842232" lon="-105.025701">
				 <ele>3614</ele>
			 </trkpt>
			 <trkpt lat="38.842182" lon="-105.025798">
				 <ele>3615.5</ele>
			 </trkpt>
			 <trkpt lat="38.842106" lon="-105.025909">
				 <ele>3616.9</ele>
			 </trkpt>
			 <trkpt lat="38.842075" lon="-105.025968">
				 <ele>3618.2</ele>
			 </trkpt>
			 <trkpt lat="38.842084" lon="-105.026014">
				 <ele>3619.4</ele>
			 </trkpt>
			 <trkpt lat="38.842204" lon="-105.025967">
				 <ele>3620.5</ele>
			 </trkpt>
			 <trkpt lat="38.842321" lon="-105.025842">
				 <ele>3621.7</ele>
			 </trkpt>
			 <trkpt lat="38.84239" lon="-105.025792">
				 <ele>3622.8</ele>
			 </trkpt>
			 <trkpt lat="38.842457" lon="-105.025759">
				 <ele>3623.9</ele>
			 </trkpt>
			 <trkpt lat="38.842428" lon="-105.025837">
				 <ele>3625</ele>
			 </trkpt>
			 <trkpt lat="38.842412" lon="-105.025881">
				 <ele>3625.9</ele>
			 </trkpt>
			 <trkpt lat="38.8424" lon="-105.025945">
				 <ele>3626.9</ele>
			 </trkpt>
			 <trkpt lat="38.84241" lon="-105.025982">
				 <ele>3627.9</ele>
			 </trkpt>
			 <trkpt lat="38.842484" lon="-105.025872">
				 <ele>3628.9</ele>
			 </trkpt>
			 <trkpt lat="38.842551" lon="-105.025834">
				 <ele>3629.9</ele>
			 </trkpt>
			 <trkpt lat="38.842596" lon="-105.025796">
				 <ele>3631</ele>
			 </trkpt>
			 <trkpt lat="38.842592" lon="-105.02587">
				 <ele>3632.1</ele>
			 </trkpt>
			 <trkpt lat="38.842568" lon="-105.025984">
				 <ele>3633.2</ele>
			 </trkpt>
			 <trkpt lat="38.842505" lon="-105.026073">
				 <ele>3634.4</ele>
			 </trkpt>
			 <trkpt lat="38.842491" lon="-105.026116">
				 <ele>3635.5</ele>
			 </trkpt>
			 <trkpt lat="38.842453" lon="-105.026244">
				 <ele>3636.8</ele>
			 </trkpt>
			 <trkpt lat="38.84239" lon="-105.026389">
				 <ele>3638.2</ele>
			 </trkpt>
			 <trkpt lat="38.842358" lon="-105.026462">
				 <ele>3639.5</ele>
			 </trkpt>
			 <trkpt lat="38.842343" lon="-105.026562">
				 <ele>3640.9</ele>
			 </trkpt>
			 <trkpt lat="38.842346" lon="-105.026652">
				 <ele>3642.4</ele>
			 </trkpt>
			 <trkpt lat="38.842387" lon="-105.026672">
				 <ele>3643.8</ele>
			 </trkpt>
			 <trkpt lat="38.84245" lon="-105.026551">
				 <ele>3645.3</ele>
			 </trkpt>
			 <trkpt lat="38.842519" lon="-105.026494">
				 <ele>3646.7</ele>
			 </trkpt>
			 <trkpt lat="38.8426" lon="-105.026428">
				 <ele>3648.2</ele>
			 </trkpt>
			 <trkpt lat="38.842554" lon="-105.026614">
				 <ele>3649.6</ele>
			 </trkpt>
			 <trkpt lat="38.842508" lon="-105.026803">
				 <ele>3651.1</ele>
			 </trkpt>
			 <trkpt lat="38.842434" lon="-105.026982">
				 <ele>3652.5</ele>
			 </trkpt>
			 <trkpt lat="38.842384" lon="-105.027126">
				 <ele>3653.8</ele>
			 </trkpt>
			 <trkpt lat="38.842472" lon="-105.02711">
				 <ele>3655</ele>
			 </trkpt>
			 <trkpt lat="38.842499" lon="-105.027105">
				 <ele>3656.3</ele>
			 </trkpt>
			 <trkpt lat="38.842591" lon="-105.02697">
				 <ele>3657.5</ele>
			 </trkpt>
			 <trkpt lat="38.842754" lon="-105.026804">
				 <ele>3658.7</ele>
			 </trkpt>
			 <trkpt lat="38.842821" lon="-105.026702">
				 <ele>3660</ele>
			 </trkpt>
			 <trkpt lat="38.842952" lon="-105.02659">
				 <ele>3661.4</ele>
			 </trkpt>
			 <trkpt lat="38.843" lon="-105.026522">
				 <ele>3662.9</ele>
			 </trkpt>
			 <trkpt lat="38.843051" lon="-105.026451">
				 <ele>3664.5</ele>
			 </trkpt>
			 <trkpt lat="38.843084" lon="-105.026436">
				 <ele>3666.1</ele>
			 </trkpt>
			 <trkpt lat="38.843136" lon="-105.026412">
				 <ele>3667.9</ele>
			 </trkpt>
			 <trkpt lat="38.843133" lon="-105.026511">
				 <ele>3669.8</ele>
			 </trkpt>
			 <trkpt lat="38.84306" lon="-105.026735">
				 <ele>3672</ele>
			 </trkpt>
			 <trkpt lat="38.842963" lon="-105.027222">
				 <ele>3674.2</ele>
			 </trkpt>
			 <trkpt lat="38.84296" lon="-105.027288">
				 <ele>3676.4</ele>
			 </trkpt>
			 <trkpt lat="38.842984" lon="-105.027341">
				 <ele>3678.5</ele>
			 </trkpt>
			 <trkpt lat="38.843144" lon="-105.027116">
				 <ele>3680.5</ele>
			 </trkpt>
			 <trkpt lat="38.843375" lon="-105.026885">
				 <ele>3682.4</ele>
			 </trkpt>
			 <trkpt lat="38.843652" lon="-105.026641">
				 <ele>3684.1</ele>
			 </trkpt>
			 <trkpt lat="38.843758" lon="-105.026547">
				 <ele>3685.6</ele>
			 </trkpt>
			 <trkpt lat="38.843817" lon="-105.026537">
				 <ele>3687.1</ele>
			 </trkpt>
			 <trkpt lat="38.843811" lon="-105.026579">
				 <ele>3688.4</ele>
			 </trkpt>
			 <trkpt lat="38.843768" lon="-105.026638">
				 <ele>3689.5</ele>
			 </trkpt>
			 <trkpt lat="38.843747" lon="-105.026661">
				 <ele>3690.4</ele>
			 </trkpt>
			 <trkpt lat="38.843756" lon="-105.026703">
				 <ele>3691.3</ele>
			 </trkpt>
			 <trkpt lat="38.843842" lon="-105.026649">
				 <ele>3692.2</ele>
			 </trkpt>
			 <trkpt lat="38.844031" lon="-105.026431">
				 <ele>3693.2</ele>
			 </trkpt>
			 <trkpt lat="38.844159" lon="-105.026381">
				 <ele>3694.3</ele>
			 </trkpt>
			 <trkpt lat="38.844222" lon="-105.026349">
				 <ele>3695.5</ele>
			 </trkpt>
			 <trkpt lat="38.844343" lon="-105.026161">
				 <ele>3696.6</ele>
			 </trkpt>
			 <trkpt lat="38.844376" lon="-105.026207">
				 <ele>3698.1</ele>
			 </trkpt>
			 <trkpt lat="38.844417" lon="-105.026252">
				 <ele>3699.6</ele>
			 </trkpt>
			 <trkpt lat="38.844478" lon="-105.026267">
				 <ele>3701.2</ele>
			 </trkpt>
			 <trkpt lat="38.844665" lon="-105.026311">
				 <ele>3702.9</ele>
			 </trkpt>
			 <trkpt lat="38.844839" lon="-105.026324">
				 <ele>3704.6</ele>
			 </trkpt>
			 <trkpt lat="38.844922" lon="-105.026383">
				 <ele>3706.2</ele>
			 </trkpt>
			 <trkpt lat="38.845032" lon="-105.026385">
				 <ele>3707.7</ele>
			 </trkpt>
			 <trkpt lat="38.845061" lon="-105.026427">
				 <ele>3709.2</ele>
			 </trkpt>
			 <trkpt lat="38.84516" lon="-105.026491">
				 <ele>3710.5</ele>
			 </trkpt>
			 <trkpt lat="38.845146" lon="-105.026521">
				 <ele>3711.7</ele>
			 </trkpt>
			 <trkpt lat="38.845067" lon="-105.026517">
				 <ele>3712.9</ele>
			 </trkpt>
			 <trkpt lat="38.844951" lon="-105.026531">
				 <ele>3713.8</ele>
			 </trkpt>
			 <trkpt lat="38.844821" lon="-105.026579">
				 <ele>3714.6</ele>
			 </trkpt>
			 <trkpt lat="38.844719" lon="-105.026617">
				 <ele>3715.5</ele>
			 </trkpt>
			 <trkpt lat="38.844587" lon="-105.026703">
				 <ele>3716.4</ele>
			 </trkpt>
			 <trkpt lat="38.844565" lon="-105.026762">
				 <ele>3717.2</ele>
			 </trkpt>
			 <trkpt lat="38.844538" lon="-105.026838">
				 <ele>3718.2</ele>
			 </trkpt>
			 <trkpt lat="38.844448" lon="-105.026894">
				 <ele>3719.2</ele>
			 </trkpt>
			 <trkpt lat="38.844422" lon="-105.026929">
				 <ele>3720.2</ele>
			 </trkpt>
			 <trkpt lat="38.844302" lon="-105.027095">
				 <ele>3721.2</ele>
			 </trkpt>
			 <trkpt lat="38.844259" lon="-105.027099">
				 <ele>3722.3</ele>
			 </trkpt>
			 <trkpt lat="38.844176" lon="-105.027191">
				 <ele>3723.5</ele>
			 </trkpt>
			 <trkpt lat="38.844072" lon="-105.027331">
				 <ele>3724.7</ele>
			 </trkpt>
			 <trkpt lat="38.844009" lon="-105.027492">
				 <ele>3726.1</ele>
			 </trkpt>
			 <trkpt lat="38.843972" lon="-105.027563">
				 <ele>3727.4</ele>
			 </trkpt>
			 <trkpt lat="38.844016" lon="-105.027577">
				 <ele>3728.7</ele>
			 </trkpt>
			 <trkpt lat="38.844076" lon="-105.027508">
				 <ele>3730.1</ele>
			 </trkpt>
			 <trkpt lat="38.844211" lon="-105.027402">
				 <ele>3731.4</ele>
			 </trkpt>
			 <trkpt lat="38.844335" lon="-105.027331">
				 <ele>3732.7</ele>
			 </trkpt>
			 <trkpt lat="38.844385" lon="-105.02732">
				 <ele>3734.2</ele>
			 </trkpt>
			 <trkpt lat="38.844242" lon="-105.027551">
				 <ele>3735.7</ele>
			 </trkpt>
			 <trkpt lat="38.844197" lon="-105.02761">
				 <ele>3737.3</ele>
			 </trkpt>
			 <trkpt lat="38.844154" lon="-105.027732">
				 <ele>3738.8</ele>
			 </trkpt>
			 <trkpt lat="38.844187" lon="-105.02772">
				 <ele>3740.4</ele>
			 </trkpt>
			 <trkpt lat="38.844385" lon="-105.027645">
				 <ele>3741.9</ele>
			 </trkpt>
			 <trkpt lat="38.844505" lon="-105.027572">
				 <ele>3743.5</ele>
			 </trkpt>
			 <trkpt lat="38.84454" lon="-105.027529">
				 <ele>3744.9</ele>
			 </trkpt>
			 <trkpt lat="38.84459" lon="-105.027525">
				 <ele>3746.5</ele>
			 </trkpt>
			 <trkpt lat="38.8445" lon="-105.027736">
				 <ele>3748</ele>
			 </trkpt>
			 <trkpt lat="38.844432" lon="-105.02783">
				 <ele>3749.5</ele>
			 </trkpt>
			 <trkpt lat="38.844372" lon="-105.027948">
				 <ele>3750.9</ele>
			 </trkpt>
			 <trkpt lat="38.844345" lon="-105.028005">
				 <ele>3752.3</ele>
			 </trkpt>
			 <trkpt lat="38.844323" lon="-105.028049">
				 <ele>3753.6</ele>
			 </trkpt>
			 <trkpt lat="38.844398" lon="-105.028035">
				 <ele>3755</ele>
			 </trkpt>
			 <trkpt lat="38.844485" lon="-105.027977">
				 <ele>3756.4</ele>
			 </trkpt>
			 <trkpt lat="38.84455" lon="-105.027968">
				 <ele>3757.7</ele>
			 </trkpt>
			 <trkpt lat="38.844724" lon="-105.027862">
				 <ele>3759.1</ele>
			 </trkpt>
			 <trkpt lat="38.844761" lon="-105.02784">
				 <ele>3760.5</ele>
			 </trkpt>
			 <trkpt lat="38.844884" lon="-105.027791">
				 <ele>3761.8</ele>
			 </trkpt>
			 <trkpt lat="38.844963" lon="-105.027862">
				 <ele>3763.3</ele>
			 </trkpt>
			 <trkpt lat="38.845081" lon="-105.027826">
				 <ele>3764.8</ele>
			 </trkpt>
			 <trkpt lat="38.845189" lon="-105.027843">
				 <ele>3766.3</ele>
			 </trkpt>
			 <trkpt lat="38.845268" lon="-105.027889">
				 <ele>3767.8</ele>
			 </trkpt>
			 <trkpt lat="38.845295" lon="-105.027913">
				 <ele>3769.4</ele>
			 </trkpt>
			 <trkpt lat="38.845254" lon="-105.02795">
				 <ele>3770.9</ele>
			 </trkpt>
			 <trkpt lat="38.845221" lon="-105.027969">
				 <ele>3772.5</ele>
			 </trkpt>
			 <trkpt lat="38.845116" lon="-105.027991">
				 <ele>3774</ele>
			 </trkpt>
			 <trkpt lat="38.845013" lon="-105.028093">
				 <ele>3775.5</ele>
			 </trkpt>
			 <trkpt lat="38.844944" lon="-105.028246">
				 <ele>3777.2</ele>
			 </trkpt>
			 <trkpt lat="38.845025" lon="-105.028226">
				 <ele>3778.8</ele>
			 </trkpt>
			 <trkpt lat="38.845129" lon="-105.028231">
				 <ele>3780.5</ele>
			 </trkpt>
			 <trkpt lat="38.845014" lon="-105.028331">
				 <ele>3782.1</ele>
			 </trkpt>
			 <trkpt lat="38.845064" lon="-105.028369">
				 <ele>3783.8</ele>
			 </trkpt>
			 <trkpt lat="38.845014" lon="-105.028455">
				 <ele>3785.6</ele>
			 </trkpt>
			 <trkpt lat="38.8451" lon="-105.028456">
				 <ele>3787.5</ele>
			 </trkpt>
			 <trkpt lat="38.845124" lon="-105.028511">
				 <ele>3789.5</ele>
			 </trkpt>
			 <trkpt lat="38.845102" lon="-105.028544">
				 <ele>3791.5</ele>
			 </trkpt>
			 <trkpt lat="38.845065" lon="-105.028599">
				 <ele>3793.5</ele>
			 </trkpt>
			 <trkpt lat="38.844935" lon="-105.028823">
				 <ele>3795.7</ele>
			 </trkpt>
			 <trkpt lat="38.844854" lon="-105.029014">
				 <ele>3798</ele>
			 </trkpt>
			 <trkpt lat="38.844842" lon="-105.029374">
				 <ele>3800.4</ele>
			 </trkpt>
			 <trkpt lat="38.844809" lon="-105.029472">
				 <ele>3802.7</ele>
			 </trkpt>
			 <trkpt lat="38.844825" lon="-105.029924">
				 <ele>3805.2</ele>
			 </trkpt>
			 <trkpt lat="38.844787" lon="-105.029989">
				 <ele>3807.6</ele>
			 </trkpt>
			 <trkpt lat="38.844729" lon="-105.030046">
				 <ele>3810</ele>
			 </trkpt>
			 <trkpt lat="38.844724" lon="-105.030093">
				 <ele>3812.4</ele>
			 </trkpt>
			 <trkpt lat="38.844733" lon="-105.030197">
				 <ele>3814.7</ele>
			 </trkpt>
			 <trkpt lat="38.844757" lon="-105.030305">
				 <ele>3817.1</ele>
			 </trkpt>
			 <trkpt lat="38.844841" lon="-105.030442">
				 <ele>3819.4</ele>
			 </trkpt>
			 <trkpt lat="38.844836" lon="-105.030547">
				 <ele>3821.6</ele>
			 </trkpt>
			 <trkpt lat="38.844727" lon="-105.030765">
				 <ele>3823.7</ele>
			 </trkpt>
			 <trkpt lat="38.844816" lon="-105.030764">
				 <ele>3825.7</ele>
			 </trkpt>
			 <trkpt lat="38.845087" lon="-105.030686">
				 <ele>3827.6</ele>
			 </trkpt>
			 <trkpt lat="38.84521" lon="-105.030651">
				 <ele>3829.5</ele>
			 </trkpt>
			 <trkpt lat="38.845294" lon="-105.030562">
				 <ele>3831.2</ele>
			 </trkpt>
			 <trkpt lat="38.845315" lon="-105.030588">
				 <ele>3832.8</ele>
			 </trkpt>
			 <trkpt lat="38.845304" lon="-105.030629">
				 <ele>3834.5</ele>
			 </trkpt>
			 <trkpt lat="38.845258" lon="-105.03081">
				 <ele>3836</ele>
			 </trkpt>
			 <trkpt lat="38.845145" lon="-105.030901">
				 <ele>3837.5</ele>
			 </trkpt>
			 <trkpt lat="38.844983" lon="-105.031059">
				 <ele>3838.8</ele>
			 </trkpt>
			 <trkpt lat="38.844945" lon="-105.03115">
				 <ele>3840.2</ele>
			 </trkpt>
			 <trkpt lat="38.844966" lon="-105.03118">
				 <ele>3841.5</ele>
			 </trkpt>
			 <trkpt lat="38.845029" lon="-105.031182">
				 <ele>3842.9</ele>
			 </trkpt>
			 <trkpt lat="38.845179" lon="-105.03115">
				 <ele>3844.4</ele>
			 </trkpt>
			 <trkpt lat="38.845222" lon="-105.031128">
				 <ele>3845.7</ele>
			 </trkpt>
			 <trkpt lat="38.845329" lon="-105.03107">
				 <ele>3847.2</ele>
			 </trkpt>
			 <trkpt lat="38.845455" lon="-105.031066">
				 <ele>3848.7</ele>
			 </trkpt>
			 <trkpt lat="38.845502" lon="-105.03104">
				 <ele>3850.3</ele>
			 </trkpt>
			 <trkpt lat="38.845612" lon="-105.031028">
				 <ele>3851.9</ele>
			 </trkpt>
			 <trkpt lat="38.845671" lon="-105.030993">
				 <ele>3853.5</ele>
			 </trkpt>
			 <trkpt lat="38.846" lon="-105.030969">
				 <ele>3855.3</ele>
			 </trkpt>
			 <trkpt lat="38.846102" lon="-105.030927">
				 <ele>3857</ele>
			 </trkpt>
			 <trkpt lat="38.846361" lon="-105.03087">
				 <ele>3858.9</ele>
			 </trkpt>
			 <trkpt lat="38.84661" lon="-105.030777">
				 <ele>3860.8</ele>
			 </trkpt>
			 <trkpt lat="38.846715" lon="-105.030789">
				 <ele>3862.7</ele>
			 </trkpt>
			 <trkpt lat="38.84676" lon="-105.030836">
				 <ele>3864.8</ele>
			 </trkpt>
			 <trkpt lat="38.84678" lon="-105.030974">
				 <ele>3866.9</ele>
			 </trkpt>
			 <trkpt lat="38.84695" lon="-105.031029">
				 <ele>3869</ele>
			 </trkpt>
			 <trkpt lat="38.846979" lon="-105.031046">
				 <ele>3871.1</ele>
			 </trkpt>
			 <trkpt lat="38.846997" lon="-105.031082">
				 <ele>3873.3</ele>
			 </trkpt>
			 <trkpt lat="38.846881" lon="-105.031186">
				 <ele>3875.5</ele>
			 </trkpt>
			 <trkpt lat="38.846841" lon="-105.031237">
				 <ele>3877.8</ele>
			 </trkpt>
			 <trkpt lat="38.846677" lon="-105.031445">
				 <ele>3880.1</ele>
			 </trkpt>
			 <trkpt lat="38.846596" lon="-105.031637">
				 <ele>3882.2</ele>
			 </trkpt>
			 <trkpt lat="38.846389" lon="-105.031813">
				 <ele>3884.3</ele>
			 </trkpt>
			 <trkpt lat="38.846249" lon="-105.031971">
				 <ele>3886.3</ele>
			 </trkpt>
			 <trkpt lat="38.846178" lon="-105.032005">
				 <ele>3888.1</ele>
			 </trkpt>
			 <trkpt lat="38.846022" lon="-105.032043">
				 <ele>3889.8</ele>
			 </trkpt>
			 <trkpt lat="38.846017" lon="-105.032098">
				 <ele>3891.5</ele>
			 </trkpt>
			 <trkpt lat="38.846075" lon="-105.032122">
				 <ele>3893</ele>
			 </trkpt>
			 <trkpt lat="38.846027" lon="-105.032191">
				 <ele>3894.5</ele>
			 </trkpt>
			 <trkpt lat="38.845979" lon="-105.032227">
				 <ele>3895.8</ele>
			 </trkpt>
			 <trkpt lat="38.845899" lon="-105.032256">
				 <ele>3897.1</ele>
			 </trkpt>
			 <trkpt lat="38.84598" lon="-105.03231">
				 <ele>3898.3</ele>
			 </trkpt>
			 <trkpt lat="38.846029" lon="-105.032339">
				 <ele>3899.5</ele>
			 </trkpt>
			 <trkpt lat="38.846065" lon="-105.032371">
				 <ele>3900.5</ele>
			 </trkpt>
			 <trkpt lat="38.846094" lon="-105.03236">
				 <ele>3901.5</ele>
			 </trkpt>
			 <trkpt lat="38.846151" lon="-105.032379">
				 <ele>3902.5</ele>
			 </trkpt>
			 <trkpt lat="38.846179" lon="-105.032417">
				 <ele>3903.5</ele>
			 </trkpt>
			 <trkpt lat="38.846178" lon="-105.032467">
				 <ele>3904.5</ele>
			 </trkpt>
			 <trkpt lat="38.846214" lon="-105.032469">
				 <ele>3905.5</ele>
			 </trkpt>
			 <trkpt lat="38.846244" lon="-105.03246">
				 <ele>3906.6</ele>
			 </trkpt>
			 <trkpt lat="38.846269" lon="-105.032505">
				 <ele>3907.8</ele>
			 </trkpt>
			 <trkpt lat="38.846234" lon="-105.032535">
				 <ele>3909.2</ele>
			 </trkpt>
			 <trkpt lat="38.846072" lon="-105.032587">
				 <ele>3910.7</ele>
			 </trkpt>
			 <trkpt lat="38.846017" lon="-105.032567">
				 <ele>3912.5</ele>
			 </trkpt>
			 <trkpt lat="38.845976" lon="-105.032578">
				 <ele>3914.5</ele>
			 </trkpt>
			 <trkpt lat="38.845864" lon="-105.032608">
				 <ele>3916.7</ele>
			 </trkpt>
			 <trkpt lat="38.845764" lon="-105.032658">
				 <ele>3919.2</ele>
			 </trkpt>
			 <trkpt lat="38.845563" lon="-105.032888">
				 <ele>3921.9</ele>
			 </trkpt>
			 <trkpt lat="38.845481" lon="-105.033028">
				 <ele>3924.8</ele>
			 </trkpt>
			 <trkpt lat="38.845233" lon="-105.033167">
				 <ele>3927.8</ele>
			 </trkpt>
			 <trkpt lat="38.844841" lon="-105.0335">
				 <ele>3930.8</ele>
			 </trkpt>
			 <trkpt lat="38.84462" lon="-105.033677">
				 <ele>3933.8</ele>
			 </trkpt>
			 <trkpt lat="38.844553" lon="-105.03369">
				 <ele>3936.7</ele>
			 </trkpt>
			 <trkpt lat="38.844506" lon="-105.033772">
				 <ele>3939.5</ele>
			 </trkpt>
			 <trkpt lat="38.844252" lon="-105.033871">
				 <ele>3942.3</ele>
			 </trkpt>
			 <trkpt lat="38.844146" lon="-105.033981">
				 <ele>3944.9</ele>
			 </trkpt>
			 <trkpt lat="38.844254" lon="-105.034008">
				 <ele>3947.4</ele>
			 </trkpt>
			 <trkpt lat="38.844329" lon="-105.034003">
				 <ele>3949.8</ele>
			 </trkpt>
			 <trkpt lat="38.844275" lon="-105.034071">
				 <ele>3952.1</ele>
			 </trkpt>
			 <trkpt lat="38.844177" lon="-105.034139">
				 <ele>3954.3</ele>
			 </trkpt>
			 <trkpt lat="38.844153" lon="-105.034156">
				 <ele>3956.3</ele>
			 </trkpt>
			 <trkpt lat="38.844095" lon="-105.034246">
				 <ele>3958.4</ele>
			 </trkpt>
			 <trkpt lat="38.844" lon="-105.034266">
				 <ele>3960.5</ele>
			 </trkpt>
			 <trkpt lat="38.843853" lon="-105.034388">
				 <ele>3962.6</ele>
			 </trkpt>
			 <trkpt lat="38.84365" lon="-105.034632">
				 <ele>3964.8</ele>
			 </trkpt>
			 <trkpt lat="38.843543" lon="-105.034771">
				 <ele>3967</ele>
			 </trkpt>
			 <trkpt lat="38.843235" lon="-105.034941">
				 <ele>3969.3</ele>
			 </trkpt>
			 <trkpt lat="38.843158" lon="-105.035041">
				 <ele>3971.5</ele>
			 </trkpt>
			 <trkpt lat="38.842676" lon="-105.035348">
				 <ele>3973.8</ele>
			 </trkpt>
			 <trkpt lat="38.842599" lon="-105.035364">
				 <ele>3976.1</ele>
			 </trkpt>
			 <trkpt lat="38.842541" lon="-105.035413">
				 <ele>3978.4</ele>
			 </trkpt>
			 <trkpt lat="38.842476" lon="-105.035549">
				 <ele>3980.8</ele>
			 </trkpt>
			 <trkpt lat="38.842412" lon="-105.035625">
				 <ele>3983.2</ele>
			 </trkpt>
			 <trkpt lat="38.842325" lon="-105.035726">
				 <ele>3985.5</ele>
			 </trkpt>
			 <trkpt lat="38.842221" lon="-105.035876">
				 <ele>3987.8</ele>
			 </trkpt>
			 <trkpt lat="38.842089" lon="-105.035951">
				 <ele>3990.1</ele>
			 </trkpt>
			 <trkpt lat="38.841941" lon="-105.03615">
				 <ele>3992.4</ele>
			 </trkpt>
			 <trkpt lat="38.84172" lon="-105.036388">
				 <ele>3994.6</ele>
			 </trkpt>
			 <trkpt lat="38.841669" lon="-105.036442">
				 <ele>3996.9</ele>
			 </trkpt>
			 <trkpt lat="38.841618" lon="-105.036453">
				 <ele>3999.1</ele>
			 </trkpt>
			 <trkpt lat="38.841566" lon="-105.036504">
				 <ele>4001.4</ele>
			 </trkpt>
			 <trkpt lat="38.841459" lon="-105.03653">
				 <ele>4003.7</ele>
			 </trkpt>
			 <trkpt lat="38.841368" lon="-105.036622">
				 <ele>4006.1</ele>
			 </trkpt>
			 <trkpt lat="38.84126" lon="-105.036678">
				 <ele>4008.5</ele>
			 </trkpt>
			 <trkpt lat="38.841197" lon="-105.0367">
				 <ele>4010.7</ele>
			 </trkpt>
			 <trkpt lat="38.840995" lon="-105.036871">
				 <ele>4012.9</ele>
			 </trkpt>
			 <trkpt lat="38.84065" lon="-105.037052">
				 <ele>4015</ele>
			 </trkpt>
			 <trkpt lat="38.840348" lon="-105.037173">
				 <ele>4016.9</ele>
			 </trkpt>
			 <trkpt lat="38.840279" lon="-105.037186">
				 <ele>4018.5</ele>
			 </trkpt>
			 <trkpt lat="38.839988" lon="-105.037236">
				 <ele>4020</ele>
			 </trkpt>
			 <trkpt lat="38.839739" lon="-105.037164">
				 <ele>4021.3</ele>
			 </trkpt>
			 <trkpt lat="38.839371" lon="-105.037007">
				 <ele>4022.3</ele>
			 </trkpt>
			 <trkpt lat="38.839082" lon="-105.036874">
				 <ele>4023</ele>
			 </trkpt>
			 <trkpt lat="38.838847" lon="-105.036705">
				 <ele>4023.6</ele>
			 </trkpt>
			 <trkpt lat="38.83865" lon="-105.036582">
				 <ele>4024.4</ele>
			 </trkpt>
			 <trkpt lat="38.838529" lon="-105.036496">
				 <ele>4025</ele>
			 </trkpt>
			 <trkpt lat="38.838384" lon="-105.03643">
				 <ele>4025.6</ele>
			 </trkpt>
			 <trkpt lat="38.838441" lon="-105.036528">
				 <ele>4026.3</ele>
			 </trkpt>
			 <trkpt lat="38.838521" lon="-105.036647">
				 <ele>4027</ele>
			 </trkpt>
			 <trkpt lat="38.838425" lon="-105.036586">
				 <ele>4027.8</ele>
			 </trkpt>
			 <trkpt lat="38.838396" lon="-105.036586">
				 <ele>4028.7</ele>
			 </trkpt>
			 <trkpt lat="38.838471" lon="-105.0367">
				 <ele>4029.7</ele>
			 </trkpt>
			 <trkpt lat="38.838588" lon="-105.03693">
				 <ele>4031</ele>
			 </trkpt>
			 <trkpt lat="38.83877" lon="-105.037246">
				 <ele>4032.4</ele>
			 </trkpt>
			 <trkpt lat="38.838809" lon="-105.037313">
				 <ele>4033.6</ele>
			 </trkpt>
			 <trkpt lat="38.838363" lon="-105.036997">
				 <ele>4034.7</ele>
			 </trkpt>
			 <trkpt lat="38.838211" lon="-105.036875">
				 <ele>4036.1</ele>
			 </trkpt>
			 <trkpt lat="38.838166" lon="-105.036824">
				 <ele>4037.7</ele>
			 </trkpt>
			 <trkpt lat="38.838212" lon="-105.036976">
				 <ele>4039.7</ele>
			 </trkpt>
			 <trkpt lat="38.838142" lon="-105.036944">
				 <ele>4041.9</ele>
			 </trkpt>
			 <trkpt lat="38.83816" lon="-105.036978">
				 <ele>4044.5</ele>
			 </trkpt>
			 <trkpt lat="38.838208" lon="-105.037064">
				 <ele>4047.4</ele>
			 </trkpt>
			 <trkpt lat="38.838268" lon="-105.037136">
				 <ele>4050.5</ele>
			 </trkpt>
			 <trkpt lat="38.838368" lon="-105.037254">
				 <ele>4053.8</ele>
			 </trkpt>
			 <trkpt lat="38.838477" lon="-105.037488">
				 <ele>4057.3</ele>
			 </trkpt>
			 <trkpt lat="38.838554" lon="-105.037515">
				 <ele>4060.9</ele>
			 </trkpt>
			 <trkpt lat="38.838688" lon="-105.037657">
				 <ele>4064.7</ele>
			 </trkpt>
			 <trkpt lat="38.838728" lon="-105.037764">
				 <ele>4068.5</ele>
			 </trkpt>
			 <trkpt lat="38.838675" lon="-105.037715">
				 <ele>4072.3</ele>
			 </trkpt>
			 <trkpt lat="38.838566" lon="-105.037673">
				 <ele>4075.9</ele>
			 </trkpt>
			 <trkpt lat="38.83877" lon="-105.038084">
				 <ele>4079.6</ele>
			 </trkpt>
			 <trkpt lat="38.838726" lon="-105.038081">
				 <ele>4083.4</ele>
			 </trkpt>
			 <trkpt lat="38.838664" lon="-105.038049">
				 <ele>4087</ele>
			 </trkpt>
			 <trkpt lat="38.838663" lon="-105.038108">
				 <ele>4090.7</ele>
			 </trkpt>
			 <trkpt lat="38.838709" lon="-105.038167">
				 <ele>4094.5</ele>
			 </trkpt>
			 <trkpt lat="38.838839" lon="-105.038296">
				 <ele>4098.3</ele>
			 </trkpt>
			 <trkpt lat="38.838884" lon="-105.038376">
				 <ele>4102.2</ele>
			 </trkpt>
			 <trkpt lat="38.838711" lon="-105.038324">
				 <ele>4106.3</ele>
			 </trkpt>
			 <trkpt lat="38.838891" lon="-105.038525">
				 <ele>4110.6</ele>
			 </trkpt>
			 <trkpt lat="38.839062" lon="-105.038666">
				 <ele>4115.2</ele>
			 </trkpt>
			 <trkpt lat="38.839216" lon="-105.039004">
				 <ele>4119.8</ele>
			 </trkpt>
			 <trkpt lat="38.8393" lon="-105.039236">
				 <ele>4124.5</ele>
			 </trkpt>
			 <trkpt lat="38.839349" lon="-105.039338">
				 <ele>4129</ele>
			 </trkpt>
			 <trkpt lat="38.83948" lon="-105.039454">
				 <ele>4133.5</ele>
			 </trkpt>
			 <trkpt lat="38.839668" lon="-105.039484">
				 <ele>4137.8</ele>
			 </trkpt>
			 <trkpt lat="38.839745" lon="-105.039495">
				 <ele>4142.1</ele>
			 </trkpt>
			 <trkpt lat="38.839938" lon="-105.039576">
				 <ele>4146.4</ele>
			 </trkpt>
			 <trkpt lat="38.840501" lon="-105.039658">
				 <ele>4150.5</ele>
			 </trkpt>
			 <trkpt lat="38.840743" lon="-105.039669">
				 <ele>4154.5</ele>
			 </trkpt>
			 <trkpt lat="38.840867" lon="-105.039674">
				 <ele>4158.1</ele>
			 </trkpt>
			 <trkpt lat="38.84107" lon="-105.039653">
				 <ele>4161.4</ele>
			 </trkpt>
			 <trkpt lat="38.841111" lon="-105.039629">
				 <ele>4164.4</ele>
			 </trkpt>
			 <trkpt lat="38.841169" lon="-105.039655">
				 <ele>4167.2</ele>
			 </trkpt>
			 <trkpt lat="38.841148" lon="-105.039693">
				 <ele>4169.7</ele>
			 </trkpt>
			 <trkpt lat="38.840934" lon="-105.039833">
				 <ele>4172.2</ele>
			 </trkpt>
			 <trkpt lat="38.84091" lon="-105.039854">
				 <ele>4174.4</ele>
			 </trkpt>
			 <trkpt lat="38.840817" lon="-105.039938">
				 <ele>4176.4</ele>
			 </trkpt>
			 <trkpt lat="38.840376" lon="-105.040068">
				 <ele>4178.1</ele>
			 </trkpt>
			 <trkpt lat="38.840098" lon="-105.040205">
				 <ele>4179.6</ele>
			 </trkpt>
			 <trkpt lat="38.839822" lon="-105.040243">
				 <ele>4181</ele>
			 </trkpt>
			 <trkpt lat="38.83966" lon="-105.040286">
				 <ele>4182.4</ele>
			 </trkpt>
			 <trkpt lat="38.8396" lon="-105.040311">
				 <ele>4183.7</ele>
			 </trkpt>
			 <trkpt lat="38.839457" lon="-105.040435">
				 <ele>4185.1</ele>
			 </trkpt>
			 <trkpt lat="38.839327" lon="-105.040431">
				 <ele>4186.4</ele>
			 </trkpt>
			 <trkpt lat="38.839234" lon="-105.04046">
				 <ele>4187.6</ele>
			 </trkpt>
			 <trkpt lat="38.839155" lon="-105.040389">
				 <ele>4188.9</ele>
			 </trkpt>
			 <trkpt lat="38.839079" lon="-105.040362">
				 <ele>4190.2</ele>
			 </trkpt>
			 <trkpt lat="38.838973" lon="-105.040271">
				 <ele>4191.5</ele>
			 </trkpt>
			 <trkpt lat="38.838945" lon="-105.040262">
				 <ele>4192.9</ele>
			 </trkpt>
			 <trkpt lat="38.83896" lon="-105.040314">
				 <ele>4194.5</ele>
			 </trkpt>
			 <trkpt lat="38.839153" lon="-105.04053">
				 <ele>4196.1</ele>
			 </trkpt>
			 <trkpt lat="38.839177" lon="-105.040587">
				 <ele>4197.9</ele>
			 </trkpt>
			 <trkpt lat="38.839276" lon="-105.040672">
				 <ele>4199.7</ele>
			 </trkpt>
			 <trkpt lat="38.839374" lon="-105.040688">
				 <ele>4201.5</ele>
			 </trkpt>
			 <trkpt lat="38.839461" lon="-105.040671">
				 <ele>4203.3</ele>
			 </trkpt>
			 <trkpt lat="38.83951" lon="-105.040661">
				 <ele>4205.2</ele>
			 </trkpt>
			 <trkpt lat="38.839613" lon="-105.04061">
				 <ele>4207.1</ele>
			 </trkpt>
			 <trkpt lat="38.839683" lon="-105.040622">
				 <ele>4209.2</ele>
			 </trkpt>
			 <trkpt lat="38.839718" lon="-105.040708">
				 <ele>4211.4</ele>
			 </trkpt>
			 <trkpt lat="38.839688" lon="-105.040761">
				 <ele>4213.5</ele>
			 </trkpt>
			 <trkpt lat="38.839626" lon="-105.04079">
				 <ele>4215.5</ele>
			 </trkpt>
			 <trkpt lat="38.839613" lon="-105.04086">
				 <ele>4217.7</ele>
			 </trkpt>
			 <trkpt lat="38.839647" lon="-105.040881">
				 <ele>4219.7</ele>
			 </trkpt>
			 <trkpt lat="38.839793" lon="-105.040876">
				 <ele>4221.7</ele>
			 </trkpt>
			 <trkpt lat="38.839745" lon="-105.040928">
				 <ele>4223.8</ele>
			 </trkpt>
			 <trkpt lat="38.8397" lon="-105.041007">
				 <ele>4225.8</ele>
			 </trkpt>
			 <trkpt lat="38.839778" lon="-105.041014">
				 <ele>4227.7</ele>
			 </trkpt>
			 <trkpt lat="38.839754" lon="-105.041064">
				 <ele>4229.5</ele>
			 </trkpt>
			 <trkpt lat="38.839711" lon="-105.041096">
				 <ele>4231</ele>
			 </trkpt>
			 <trkpt lat="38.839536" lon="-105.041161">
				 <ele>4232.5</ele>
			 </trkpt>
			 <trkpt lat="38.839639" lon="-105.041186">
				 <ele>4233.9</ele>
			 </trkpt>
			 <trkpt lat="38.839564" lon="-105.041242">
				 <ele>4235.3</ele>
			 </trkpt>
			 <trkpt lat="38.839599" lon="-105.041259">
				 <ele>4236.5</ele>
			 </trkpt>
			 <trkpt lat="38.839772" lon="-105.041228">
				 <ele>4237.6</ele>
			 </trkpt>
			 <trkpt lat="38.839881" lon="-105.041163">
				 <ele>4238.7</ele>
			 </trkpt>
			 <trkpt lat="38.839972" lon="-105.041071">
				 <ele>4239.8</ele>
			 </trkpt>
			 <trkpt lat="38.839989" lon="-105.041166">
				 <ele>4240.9</ele>
			 </trkpt>
			 <trkpt lat="38.840055" lon="-105.041069">
				 <ele>4242.1</ele>
			 </trkpt>
			 <trkpt lat="38.840284" lon="-105.041076">
				 <ele>4243.4</ele>
			 </trkpt>
			 <trkpt lat="38.840372" lon="-105.041107">
				 <ele>4244.6</ele>
			 </trkpt>
			 <trkpt lat="38.840437" lon="-105.041182">
				 <ele>4245.9</ele>
			 </trkpt>
			 <trkpt lat="38.840481" lon="-105.041214">
				 <ele>4247.1</ele>
			 </trkpt>
			 <trkpt lat="38.840535" lon="-105.041182">
				 <ele>4248.3</ele>
			 </trkpt>
			 <trkpt lat="38.84064" lon="-105.041174">
				 <ele>4249.5</ele>
			 </trkpt>
			 <trkpt lat="38.840755" lon="-105.041056">
				 <ele>4250.7</ele>
			 </trkpt>
			 <trkpt lat="38.840736" lon="-105.041162">
				 <ele>4252</ele>
			 </trkpt>
			 <trkpt lat="38.840804" lon="-105.041078">
				 <ele>4253.3</ele>
			 </trkpt>
			 <trkpt lat="38.840803" lon="-105.041204">
				 <ele>4254.5</ele>
			 </trkpt>
			 <trkpt lat="38.840888" lon="-105.041092">
				 <ele>4255.8</ele>
			 </trkpt>
			 <trkpt lat="38.840926" lon="-105.04108">
				 <ele>4257.1</ele>
			 </trkpt>
			 <trkpt lat="38.840935" lon="-105.041135">
				 <ele>4258.5</ele>
			 </trkpt>
			 <trkpt lat="38.840923" lon="-105.041212">
				 <ele>4259.9</ele>
			 </trkpt>
			 <trkpt lat="38.840886" lon="-105.041279">
				 <ele>4261.5</ele>
			 </trkpt>
			 <trkpt lat="38.840856" lon="-105.041333">
				 <ele>4263</ele>
			 </trkpt>
			 <trkpt lat="38.840699" lon="-105.04145">
				 <ele>4264.5</ele>
			 </trkpt>
			 <trkpt lat="38.840767" lon="-105.041442">
				 <ele>4266.1</ele>
			 </trkpt>
			 <trkpt lat="38.840821" lon="-105.041461">
				 <ele>4267.6</ele>
			 </trkpt>
			 <trkpt lat="38.84069" lon="-105.041556">
				 <ele>4269</ele>
			 </trkpt>
			 <trkpt lat="38.840661" lon="-105.041575">
				 <ele>4270.4</ele>
			 </trkpt>
			 <trkpt lat="38.84052" lon="-105.041624">
				 <ele>4271.6</ele>
			 </trkpt>
			 <trkpt lat="38.840484" lon="-105.041653">
				 <ele>4272.9</ele>
			 </trkpt>
			 <trkpt lat="38.840588" lon="-105.041685">
				 <ele>4274.1</ele>
			 </trkpt>
			 <trkpt lat="38.840758" lon="-105.041687">
				 <ele>4275.1</ele>
			 </trkpt>
			 <trkpt lat="38.840824" lon="-105.041655">
				 <ele>4275.9</ele>
			 </trkpt>
			 <trkpt lat="38.840794" lon="-105.041724">
				 <ele>4276.7</ele>
			 </trkpt>
			 <trkpt lat="38.84073" lon="-105.041797">
				 <ele>4277.5</ele>
			 </trkpt>
			 <trkpt lat="38.840539" lon="-105.041852">
				 <ele>4278</ele>
			 </trkpt>
			 <trkpt lat="38.840511" lon="-105.041878">
				 <ele>4278.4</ele>
			 </trkpt>
			 <trkpt lat="38.84055" lon="-105.041933">
				 <ele>4278.7</ele>
			 </trkpt>
			 <trkpt lat="38.840526" lon="-105.041958">
				 <ele>4279</ele>
			 </trkpt>
			 <trkpt lat="38.840449" lon="-105.04197">
				 <ele>4279.1</ele>
			 </trkpt>
			 <trkpt lat="38.840526" lon="-105.041958">
				 <ele>4279</ele>
			 </trkpt>
			 <trkpt lat="38.84055" lon="-105.041933">
				 <ele>4278.7</ele>
			 </trkpt>
			 <trkpt lat="38.840511" lon="-105.041878">
				 <ele>4278.5</ele>
			 </trkpt>
			 <trkpt lat="38.840539" lon="-105.041852">
				 <ele>4278.1</ele>
			 </trkpt>
			 <trkpt lat="38.84073" lon="-105.041797">
				 <ele>4277.5</ele>
			 </trkpt>
			 <trkpt lat="38.840794" lon="-105.041724">
				 <ele>4276.8</ele>
			 </trkpt>
			 <trkpt lat="38.840833" lon="-105.041679">
				 <ele>4276</ele>
			 </trkpt>
			 <trkpt lat="38.840758" lon="-105.041687">
				 <ele>4275.2</ele>
			 </trkpt>
			 <trkpt lat="38.840614" lon="-105.04169">
				 <ele>4274.2</ele>
			 </trkpt>
			 <trkpt lat="38.840476" lon="-105.04166">
				 <ele>4273</ele>
			 </trkpt>
			 <trkpt lat="38.84052" lon="-105.041624">
				 <ele>4271.7</ele>
			 </trkpt>
			 <trkpt lat="38.840661" lon="-105.041575">
				 <ele>4270.5</ele>
			 </trkpt>
			 <trkpt lat="38.84069" lon="-105.041556">
				 <ele>4269.1</ele>
			 </trkpt>
			 <trkpt lat="38.840825" lon="-105.041462">
				 <ele>4267.6</ele>
			 </trkpt>
			 <trkpt lat="38.840767" lon="-105.041442">
				 <ele>4266.1</ele>
			 </trkpt>
			 <trkpt lat="38.840697" lon="-105.041452">
				 <ele>4264.5</ele>
			 </trkpt>
			 <trkpt lat="38.840856" lon="-105.041333">
				 <ele>4263</ele>
			 </trkpt>
			 <trkpt lat="38.840886" lon="-105.041279">
				 <ele>4261.5</ele>
			 </trkpt>
			 <trkpt lat="38.840923" lon="-105.041212">
				 <ele>4259.9</ele>
			 </trkpt>
			 <trkpt lat="38.84093" lon="-105.041167">
				 <ele>4258.5</ele>
			 </trkpt>
			 <trkpt lat="38.840942" lon="-105.041096">
				 <ele>4257.1</ele>
			 </trkpt>
			 <trkpt lat="38.840888" lon="-105.041092">
				 <ele>4255.8</ele>
			 </trkpt>
			 <trkpt lat="38.840803" lon="-105.041204">
				 <ele>4254.5</ele>
			 </trkpt>
			 <trkpt lat="38.840804" lon="-105.041078">
				 <ele>4253.3</ele>
			 </trkpt>
			 <trkpt lat="38.840736" lon="-105.041162">
				 <ele>4252</ele>
			 </trkpt>
			 <trkpt lat="38.840755" lon="-105.041056">
				 <ele>4250.7</ele>
			 </trkpt>
			 <trkpt lat="38.84064" lon="-105.041174">
				 <ele>4249.5</ele>
			 </trkpt>
			 <trkpt lat="38.840535" lon="-105.041182">
				 <ele>4248.3</ele>
			 </trkpt>
			 <trkpt lat="38.840481" lon="-105.041214">
				 <ele>4247.1</ele>
			 </trkpt>
			 <trkpt lat="38.840437" lon="-105.041182">
				 <ele>4245.9</ele>
			 </trkpt>
			 <trkpt lat="38.840386" lon="-105.041111">
				 <ele>4244.6</ele>
			 </trkpt>
			 <trkpt lat="38.840284" lon="-105.041076">
				 <ele>4243.4</ele>
			 </trkpt>
			 <trkpt lat="38.840055" lon="-105.041069">
				 <ele>4242.1</ele>
			 </trkpt>
			 <trkpt lat="38.839989" lon="-105.041166">
				 <ele>4240.9</ele>
			 </trkpt>
			 <trkpt lat="38.839972" lon="-105.041071">
				 <ele>4239.8</ele>
			 </trkpt>
			 <trkpt lat="38.839881" lon="-105.041163">
				 <ele>4238.7</ele>
			 </trkpt>
			 <trkpt lat="38.839772" lon="-105.041228">
				 <ele>4237.6</ele>
			 </trkpt>
			 <trkpt lat="38.839607" lon="-105.041262">
				 <ele>4236.5</ele>
			 </trkpt>
			 <trkpt lat="38.839564" lon="-105.041242">
				 <ele>4235.4</ele>
			 </trkpt>
			 <trkpt lat="38.839639" lon="-105.041186">
				 <ele>4234.1</ele>
			 </trkpt>
			 <trkpt lat="38.839536" lon="-105.041161">
				 <ele>4232.6</ele>
			 </trkpt>
			 <trkpt lat="38.839711" lon="-105.041096">
				 <ele>4231.2</ele>
			 </trkpt>
			 <trkpt lat="38.839754" lon="-105.041064">
				 <ele>4229.6</ele>
			 </trkpt>
			 <trkpt lat="38.839781" lon="-105.041014">
				 <ele>4227.9</ele>
			 </trkpt>
			 <trkpt lat="38.8397" lon="-105.041007">
				 <ele>4226</ele>
			 </trkpt>
			 <trkpt lat="38.839745" lon="-105.040928">
				 <ele>4224</ele>
			 </trkpt>
			 <trkpt lat="38.83981" lon="-105.040896">
				 <ele>4221.9</ele>
			 </trkpt>
			 <trkpt lat="38.839647" lon="-105.040881">
				 <ele>4219.9</ele>
			 </trkpt>
			 <trkpt lat="38.839613" lon="-105.04086">
				 <ele>4217.8</ele>
			 </trkpt>
			 <trkpt lat="38.839626" lon="-105.04079">
				 <ele>4215.6</ele>
			 </trkpt>
			 <trkpt lat="38.839688" lon="-105.040761">
				 <ele>4213.5</ele>
			 </trkpt>
			 <trkpt lat="38.839718" lon="-105.040708">
				 <ele>4211.4</ele>
			 </trkpt>
			 <trkpt lat="38.839683" lon="-105.040622">
				 <ele>4209.2</ele>
			 </trkpt>
			 <trkpt lat="38.839613" lon="-105.04061">
				 <ele>4207.1</ele>
			 </trkpt>
			 <trkpt lat="38.83951" lon="-105.040661">
				 <ele>4205.2</ele>
			 </trkpt>
			 <trkpt lat="38.839461" lon="-105.040671">
				 <ele>4203.3</ele>
			 </trkpt>
			 <trkpt lat="38.839374" lon="-105.040688">
				 <ele>4201.5</ele>
			 </trkpt>
			 <trkpt lat="38.839276" lon="-105.040672">
				 <ele>4199.7</ele>
			 </trkpt>
			 <trkpt lat="38.839179" lon="-105.04059">
				 <ele>4197.9</ele>
			 </trkpt>
			 <trkpt lat="38.839153" lon="-105.04053">
				 <ele>4196.1</ele>
			 </trkpt>
			 <trkpt lat="38.838961" lon="-105.040314">
				 <ele>4194.5</ele>
			 </trkpt>
			 <trkpt lat="38.838945" lon="-105.040262">
				 <ele>4192.9</ele>
			 </trkpt>
			 <trkpt lat="38.838973" lon="-105.040271">
				 <ele>4191.5</ele>
			 </trkpt>
			 <trkpt lat="38.839079" lon="-105.040362">
				 <ele>4190.2</ele>
			 </trkpt>
			 <trkpt lat="38.839155" lon="-105.040389">
				 <ele>4188.9</ele>
			 </trkpt>
			 <trkpt lat="38.839234" lon="-105.04046">
				 <ele>4187.6</ele>
			 </trkpt>
			 <trkpt lat="38.839302" lon="-105.040439">
				 <ele>4186.4</ele>
			 </trkpt>
			 <trkpt lat="38.839457" lon="-105.040435">
				 <ele>4185.1</ele>
			 </trkpt>
			 <trkpt lat="38.8396" lon="-105.040311">
				 <ele>4183.7</ele>
			 </trkpt>
			 <trkpt lat="38.83966" lon="-105.040286">
				 <ele>4182.4</ele>
			 </trkpt>
			 <trkpt lat="38.839822" lon="-105.040243">
				 <ele>4181</ele>
			 </trkpt>
			 <trkpt lat="38.840098" lon="-105.040205">
				 <ele>4179.6</ele>
			 </trkpt>
			 <trkpt lat="38.840376" lon="-105.040068">
				 <ele>4178.1</ele>
			 </trkpt>
			 <trkpt lat="38.840817" lon="-105.039938">
				 <ele>4176.4</ele>
			 </trkpt>
			 <trkpt lat="38.84091" lon="-105.039854">
				 <ele>4174.4</ele>
			 </trkpt>
			 <trkpt lat="38.840934" lon="-105.039833">
				 <ele>4172.2</ele>
			 </trkpt>
			 <trkpt lat="38.841148" lon="-105.039693">
				 <ele>4169.7</ele>
			 </trkpt>
			 <trkpt lat="38.841169" lon="-105.039655">
				 <ele>4167.2</ele>
			 </trkpt>
			 <trkpt lat="38.841111" lon="-105.039629">
				 <ele>4164.4</ele>
			 </trkpt>
			 <trkpt lat="38.84107" lon="-105.039653">
				 <ele>4161.4</ele>
			 </trkpt>
			 <trkpt lat="38.840867" lon="-105.039674">
				 <ele>4158.1</ele>
			 </trkpt>
			 <trkpt lat="38.840743" lon="-105.039669">
				 <ele>4154.5</ele>
			 </trkpt>
			 <trkpt lat="38.840501" lon="-105.039658">
				 <ele>4150.5</ele>
			 </trkpt>
			 <trkpt lat="38.839963" lon="-105.039586">
				 <ele>4146.4</ele>
			 </trkpt>
			 <trkpt lat="38.839745" lon="-105.039495">
				 <ele>4142.1</ele>
			 </trkpt>
			 <trkpt lat="38.839668" lon="-105.039484">
				 <ele>4137.8</ele>
			 </trkpt>
			 <trkpt lat="38.83948" lon="-105.039454">
				 <ele>4133.5</ele>
			 </trkpt>
			 <trkpt lat="38.839349" lon="-105.039338">
				 <ele>4129</ele>
			 </trkpt>
			 <trkpt lat="38.8393" lon="-105.039236">
				 <ele>4124.5</ele>
			 </trkpt>
			 <trkpt lat="38.839216" lon="-105.039004">
				 <ele>4119.9</ele>
			 </trkpt>
			 <trkpt lat="38.839062" lon="-105.038666">
				 <ele>4115.3</ele>
			 </trkpt>
			 <trkpt lat="38.838891" lon="-105.038525">
				 <ele>4110.7</ele>
			 </trkpt>
			 <trkpt lat="38.838711" lon="-105.038324">
				 <ele>4106.4</ele>
			 </trkpt>
			 <trkpt lat="38.838884" lon="-105.038376">
				 <ele>4102.3</ele>
			 </trkpt>
			 <trkpt lat="38.838839" lon="-105.038296">
				 <ele>4098.4</ele>
			 </trkpt>
			 <trkpt lat="38.838709" lon="-105.038167">
				 <ele>4094.5</ele>
			 </trkpt>
			 <trkpt lat="38.838663" lon="-105.038108">
				 <ele>4090.8</ele>
			 </trkpt>
			 <trkpt lat="38.838648" lon="-105.038074">
				 <ele>4087.1</ele>
			 </trkpt>
			 <trkpt lat="38.838726" lon="-105.038081">
				 <ele>4083.5</ele>
			 </trkpt>
			 <trkpt lat="38.83877" lon="-105.038084">
				 <ele>4079.7</ele>
			 </trkpt>
			 <trkpt lat="38.838566" lon="-105.037673">
				 <ele>4075.9</ele>
			 </trkpt>
			 <trkpt lat="38.838675" lon="-105.037715">
				 <ele>4072.3</ele>
			 </trkpt>
			 <trkpt lat="38.838728" lon="-105.037764">
				 <ele>4068.5</ele>
			 </trkpt>
			 <trkpt lat="38.838688" lon="-105.037657">
				 <ele>4064.7</ele>
			 </trkpt>
			 <trkpt lat="38.838554" lon="-105.037515">
				 <ele>4060.9</ele>
			 </trkpt>
			 <trkpt lat="38.838477" lon="-105.037488">
				 <ele>4057.3</ele>
			 </trkpt>
			 <trkpt lat="38.838368" lon="-105.037254">
				 <ele>4053.8</ele>
			 </trkpt>
			 <trkpt lat="38.838268" lon="-105.037136">
				 <ele>4050.5</ele>
			 </trkpt>
			 <trkpt lat="38.838208" lon="-105.037064">
				 <ele>4047.4</ele>
			 </trkpt>
			 <trkpt lat="38.83816" lon="-105.036978">
				 <ele>4044.5</ele>
			 </trkpt>
			 <trkpt lat="38.838142" lon="-105.036944">
				 <ele>4041.9</ele>
			 </trkpt>
			 <trkpt lat="38.838212" lon="-105.036976">
				 <ele>4039.7</ele>
			 </trkpt>
			 <trkpt lat="38.838148" lon="-105.036848">
				 <ele>4037.7</ele>
			 </trkpt>
			 <trkpt lat="38.838211" lon="-105.036875">
				 <ele>4036.1</ele>
			 </trkpt>
			 <trkpt lat="38.838363" lon="-105.036997">
				 <ele>4034.8</ele>
			 </trkpt>
			 <trkpt lat="38.838797" lon="-105.037341">
				 <ele>4033.7</ele>
			 </trkpt>
			 <trkpt lat="38.83877" lon="-105.037246">
				 <ele>4032.5</ele>
			 </trkpt>
			 <trkpt lat="38.838588" lon="-105.03693">
				 <ele>4031.1</ele>
			 </trkpt>
			 <trkpt lat="38.838471" lon="-105.0367">
				 <ele>4029.8</ele>
			 </trkpt>
			 <trkpt lat="38.838396" lon="-105.036586">
				 <ele>4028.8</ele>
			 </trkpt>
			 <trkpt lat="38.838425" lon="-105.036586">
				 <ele>4027.9</ele>
			 </trkpt>
			 <trkpt lat="38.838496" lon="-105.036645">
				 <ele>4027.1</ele>
			 </trkpt>
			 <trkpt lat="38.838441" lon="-105.036528">
				 <ele>4026.4</ele>
			 </trkpt>
			 <trkpt lat="38.838384" lon="-105.03643">
				 <ele>4025.7</ele>
			 </trkpt>
			 <trkpt lat="38.838529" lon="-105.036496">
				 <ele>4025.1</ele>
			 </trkpt>
			 <trkpt lat="38.83865" lon="-105.036582">
				 <ele>4024.4</ele>
			 </trkpt>
			 <trkpt lat="38.838847" lon="-105.036705">
				 <ele>4023.6</ele>
			 </trkpt>
			 <trkpt lat="38.839082" lon="-105.036874">
				 <ele>4023</ele>
			 </trkpt>
			 <trkpt lat="38.839363" lon="-105.037003">
				 <ele>4022.3</ele>
			 </trkpt>
			 <trkpt lat="38.839739" lon="-105.037164">
				 <ele>4021.3</ele>
			 </trkpt>
			 <trkpt lat="38.839988" lon="-105.037236">
				 <ele>4020</ele>
			 </trkpt>
			 <trkpt lat="38.840279" lon="-105.037186">
				 <ele>4018.5</ele>
			 </trkpt>
			 <trkpt lat="38.840348" lon="-105.037173">
				 <ele>4016.9</ele>
			 </trkpt>
			 <trkpt lat="38.84065" lon="-105.037052">
				 <ele>4015</ele>
			 </trkpt>
			 <trkpt lat="38.840995" lon="-105.036871">
				 <ele>4012.9</ele>
			 </trkpt>
			 <trkpt lat="38.841197" lon="-105.0367">
				 <ele>4010.7</ele>
			 </trkpt>
			 <trkpt lat="38.84126" lon="-105.036678">
				 <ele>4008.5</ele>
			 </trkpt>
			 <trkpt lat="38.841368" lon="-105.036622">
				 <ele>4006.1</ele>
			 </trkpt>
			 <trkpt lat="38.841442" lon="-105.036533">
				 <ele>4003.7</ele>
			 </trkpt>
			 <trkpt lat="38.841566" lon="-105.036504">
				 <ele>4001.5</ele>
			 </trkpt>
			 <trkpt lat="38.841618" lon="-105.036453">
				 <ele>3999.2</ele>
			 </trkpt>
			 <trkpt lat="38.841669" lon="-105.036442">
				 <ele>3997</ele>
			 </trkpt>
			 <trkpt lat="38.84172" lon="-105.036388">
				 <ele>3994.7</ele>
			 </trkpt>
			 <trkpt lat="38.841941" lon="-105.03615">
				 <ele>3992.5</ele>
			 </trkpt>
			 <trkpt lat="38.842089" lon="-105.035951">
				 <ele>3990.3</ele>
			 </trkpt>
			 <trkpt lat="38.842221" lon="-105.035876">
				 <ele>3988</ele>
			 </trkpt>
			 <trkpt lat="38.842325" lon="-105.035726">
				 <ele>3985.7</ele>
			 </trkpt>
			 <trkpt lat="38.842412" lon="-105.035625">
				 <ele>3983.4</ele>
			 </trkpt>
			 <trkpt lat="38.842476" lon="-105.035549">
				 <ele>3981</ele>
			 </trkpt>
			 <trkpt lat="38.84252" lon="-105.035431">
				 <ele>3978.5</ele>
			 </trkpt>
			 <trkpt lat="38.842599" lon="-105.035364">
				 <ele>3976.2</ele>
			 </trkpt>
			 <trkpt lat="38.842676" lon="-105.035348">
				 <ele>3973.9</ele>
			 </trkpt>
			 <trkpt lat="38.843158" lon="-105.035041">
				 <ele>3971.6</ele>
			 </trkpt>
			 <trkpt lat="38.843235" lon="-105.034941">
				 <ele>3969.5</ele>
			 </trkpt>
			 <trkpt lat="38.843543" lon="-105.034771">
				 <ele>3967.2</ele>
			 </trkpt>
			 <trkpt lat="38.84365" lon="-105.034632">
				 <ele>3964.9</ele>
			 </trkpt>
			 <trkpt lat="38.843853" lon="-105.034388">
				 <ele>3962.7</ele>
			 </trkpt>
			 <trkpt lat="38.844" lon="-105.034266">
				 <ele>3960.5</ele>
			 </trkpt>
			 <trkpt lat="38.844095" lon="-105.034246">
				 <ele>3958.5</ele>
			 </trkpt>
			 <trkpt lat="38.844153" lon="-105.034156">
				 <ele>3956.5</ele>
			 </trkpt>
			 <trkpt lat="38.844177" lon="-105.034139">
				 <ele>3954.5</ele>
			 </trkpt>
			 <trkpt lat="38.844275" lon="-105.034071">
				 <ele>3952.4</ele>
			 </trkpt>
			 <trkpt lat="38.844313" lon="-105.034024">
				 <ele>3950.1</ele>
			 </trkpt>
			 <trkpt lat="38.844254" lon="-105.034008">
				 <ele>3947.6</ele>
			 </trkpt>
			 <trkpt lat="38.844133" lon="-105.033995">
				 <ele>3945.1</ele>
			 </trkpt>
			 <trkpt lat="38.844236" lon="-105.033887">
				 <ele>3942.5</ele>
			 </trkpt>
			 <trkpt lat="38.844506" lon="-105.033772">
				 <ele>3939.7</ele>
			 </trkpt>
			 <trkpt lat="38.844553" lon="-105.03369">
				 <ele>3936.9</ele>
			 </trkpt>
			 <trkpt lat="38.84462" lon="-105.033677">
				 <ele>3934</ele>
			 </trkpt>
			 <trkpt lat="38.844841" lon="-105.0335">
				 <ele>3930.9</ele>
			 </trkpt>
			 <trkpt lat="38.845233" lon="-105.033167">
				 <ele>3927.8</ele>
			 </trkpt>
			 <trkpt lat="38.845481" lon="-105.033028">
				 <ele>3924.8</ele>
			 </trkpt>
			 <trkpt lat="38.845563" lon="-105.032888">
				 <ele>3921.9</ele>
			 </trkpt>
			 <trkpt lat="38.845764" lon="-105.032658">
				 <ele>3919.2</ele>
			 </trkpt>
			 <trkpt lat="38.845864" lon="-105.032608">
				 <ele>3916.7</ele>
			 </trkpt>
			 <trkpt lat="38.845976" lon="-105.032578">
				 <ele>3914.5</ele>
			 </trkpt>
			 <trkpt lat="38.846017" lon="-105.032567">
				 <ele>3912.5</ele>
			 </trkpt>
			 <trkpt lat="38.846072" lon="-105.032587">
				 <ele>3910.7</ele>
			 </trkpt>
			 <trkpt lat="38.846234" lon="-105.032535">
				 <ele>3909.2</ele>
			 </trkpt>
			 <trkpt lat="38.846269" lon="-105.032505">
				 <ele>3907.8</ele>
			 </trkpt>
			 <trkpt lat="38.846244" lon="-105.03246">
				 <ele>3906.6</ele>
			 </trkpt>
			 <trkpt lat="38.846214" lon="-105.032469">
				 <ele>3905.5</ele>
			 </trkpt>
			 <trkpt lat="38.846178" lon="-105.032467">
				 <ele>3904.5</ele>
			 </trkpt>
			 <trkpt lat="38.846179" lon="-105.032417">
				 <ele>3903.5</ele>
			 </trkpt>
			 <trkpt lat="38.846169" lon="-105.032384">
				 <ele>3902.5</ele>
			 </trkpt>
			 <trkpt lat="38.846094" lon="-105.03236">
				 <ele>3901.5</ele>
			 </trkpt>
			 <trkpt lat="38.846065" lon="-105.032371">
				 <ele>3900.5</ele>
			 </trkpt>
			 <trkpt lat="38.846029" lon="-105.032339">
				 <ele>3899.5</ele>
			 </trkpt>
			 <trkpt lat="38.84598" lon="-105.03231">
				 <ele>3898.4</ele>
			 </trkpt>
			 <trkpt lat="38.845897" lon="-105.032278">
				 <ele>3897.2</ele>
			 </trkpt>
			 <trkpt lat="38.845979" lon="-105.032227">
				 <ele>3895.9</ele>
			 </trkpt>
			 <trkpt lat="38.846027" lon="-105.032191">
				 <ele>3894.5</ele>
			 </trkpt>
			 <trkpt lat="38.846075" lon="-105.032122">
				 <ele>3893.1</ele>
			 </trkpt>
			 <trkpt lat="38.846017" lon="-105.032098">
				 <ele>3891.5</ele>
			 </trkpt>
			 <trkpt lat="38.846022" lon="-105.032043">
				 <ele>3889.8</ele>
			 </trkpt>
			 <trkpt lat="38.846178" lon="-105.032005">
				 <ele>3888.1</ele>
			 </trkpt>
			 <trkpt lat="38.846249" lon="-105.031971">
				 <ele>3886.3</ele>
			 </trkpt>
			 <trkpt lat="38.846389" lon="-105.031813">
				 <ele>3884.4</ele>
			 </trkpt>
			 <trkpt lat="38.846596" lon="-105.031637">
				 <ele>3882.3</ele>
			 </trkpt>
			 <trkpt lat="38.846677" lon="-105.031445">
				 <ele>3880.2</ele>
			 </trkpt>
			 <trkpt lat="38.846841" lon="-105.031237">
				 <ele>3878</ele>
			 </trkpt>
			 <trkpt lat="38.846881" lon="-105.031186">
				 <ele>3875.8</ele>
			 </trkpt>
			 <trkpt lat="38.846997" lon="-105.031082">
				 <ele>3873.6</ele>
			 </trkpt>
			 <trkpt lat="38.846979" lon="-105.031046">
				 <ele>3871.5</ele>
			 </trkpt>
			 <trkpt lat="38.84695" lon="-105.031029">
				 <ele>3869.4</ele>
			 </trkpt>
			 <trkpt lat="38.84678" lon="-105.030974">
				 <ele>3867.3</ele>
			 </trkpt>
			 <trkpt lat="38.846764" lon="-105.030866">
				 <ele>3865.2</ele>
			 </trkpt>
			 <trkpt lat="38.846715" lon="-105.030789">
				 <ele>3863.1</ele>
			 </trkpt>
			 <trkpt lat="38.846618" lon="-105.030773">
				 <ele>3861.1</ele>
			 </trkpt>
			 <trkpt lat="38.846361" lon="-105.03087">
				 <ele>3859.2</ele>
			 </trkpt>
			 <trkpt lat="38.846102" lon="-105.030927">
				 <ele>3857.3</ele>
			 </trkpt>
			 <trkpt lat="38.846" lon="-105.030969">
				 <ele>3855.5</ele>
			 </trkpt>
			 <trkpt lat="38.845671" lon="-105.030993">
				 <ele>3853.6</ele>
			 </trkpt>
			 <trkpt lat="38.845612" lon="-105.031028">
				 <ele>3851.9</ele>
			 </trkpt>
			 <trkpt lat="38.845502" lon="-105.03104">
				 <ele>3850.3</ele>
			 </trkpt>
			 <trkpt lat="38.845455" lon="-105.031066">
				 <ele>3848.7</ele>
			 </trkpt>
			 <trkpt lat="38.845329" lon="-105.03107">
				 <ele>3847.2</ele>
			 </trkpt>
			 <trkpt lat="38.845222" lon="-105.031128">
				 <ele>3845.7</ele>
			 </trkpt>
			 <trkpt lat="38.845179" lon="-105.03115">
				 <ele>3844.4</ele>
			 </trkpt>
			 <trkpt lat="38.845029" lon="-105.031182">
				 <ele>3843</ele>
			 </trkpt>
			 <trkpt lat="38.844966" lon="-105.03118">
				 <ele>3841.6</ele>
			 </trkpt>
			 <trkpt lat="38.844945" lon="-105.03115">
				 <ele>3840.3</ele>
			 </trkpt>
			 <trkpt lat="38.844983" lon="-105.031059">
				 <ele>3838.9</ele>
			 </trkpt>
			 <trkpt lat="38.845145" lon="-105.030901">
				 <ele>3837.5</ele>
			 </trkpt>
			 <trkpt lat="38.845258" lon="-105.03081">
				 <ele>3836.1</ele>
			 </trkpt>
			 <trkpt lat="38.845304" lon="-105.030629">
				 <ele>3834.5</ele>
			 </trkpt>
			 <trkpt lat="38.845315" lon="-105.030588">
				 <ele>3832.9</ele>
			 </trkpt>
			 <trkpt lat="38.845296" lon="-105.03056">
				 <ele>3831.3</ele>
			 </trkpt>
			 <trkpt lat="38.84521" lon="-105.030651">
				 <ele>3829.5</ele>
			 </trkpt>
			 <trkpt lat="38.845087" lon="-105.030686">
				 <ele>3827.7</ele>
			 </trkpt>
			 <trkpt lat="38.844816" lon="-105.030764">
				 <ele>3825.7</ele>
			 </trkpt>
			 <trkpt lat="38.844726" lon="-105.030767">
				 <ele>3823.7</ele>
			 </trkpt>
			 <trkpt lat="38.844836" lon="-105.030547">
				 <ele>3821.6</ele>
			 </trkpt>
			 <trkpt lat="38.844841" lon="-105.030442">
				 <ele>3819.4</ele>
			 </trkpt>
			 <trkpt lat="38.844757" lon="-105.030305">
				 <ele>3817.1</ele>
			 </trkpt>
			 <trkpt lat="38.844733" lon="-105.030197">
				 <ele>3814.7</ele>
			 </trkpt>
			 <trkpt lat="38.844724" lon="-105.030093">
				 <ele>3812.4</ele>
			 </trkpt>
			 <trkpt lat="38.844729" lon="-105.030046">
				 <ele>3810</ele>
			 </trkpt>
			 <trkpt lat="38.844787" lon="-105.029989">
				 <ele>3807.6</ele>
			 </trkpt>
			 <trkpt lat="38.844825" lon="-105.029924">
				 <ele>3805.2</ele>
			 </trkpt>
			 <trkpt lat="38.844809" lon="-105.029472">
				 <ele>3802.7</ele>
			 </trkpt>
			 <trkpt lat="38.844842" lon="-105.029374">
				 <ele>3800.4</ele>
			 </trkpt>
			 <trkpt lat="38.844854" lon="-105.029014">
				 <ele>3798</ele>
			 </trkpt>
			 <trkpt lat="38.844935" lon="-105.028823">
				 <ele>3795.7</ele>
			 </trkpt>
			 <trkpt lat="38.845065" lon="-105.028599">
				 <ele>3793.6</ele>
			 </trkpt>
			 <trkpt lat="38.845102" lon="-105.028544">
				 <ele>3791.5</ele>
			 </trkpt>
			 <trkpt lat="38.845124" lon="-105.028511">
				 <ele>3789.5</ele>
			 </trkpt>
			 <trkpt lat="38.8451" lon="-105.028456">
				 <ele>3787.6</ele>
			 </trkpt>
			 <trkpt lat="38.845014" lon="-105.028455">
				 <ele>3785.7</ele>
			 </trkpt>
			 <trkpt lat="38.845064" lon="-105.028369">
				 <ele>3783.9</ele>
			 </trkpt>
			 <trkpt lat="38.845014" lon="-105.028331">
				 <ele>3782.2</ele>
			 </trkpt>
			 <trkpt lat="38.845129" lon="-105.028231">
				 <ele>3780.5</ele>
			 </trkpt>
			 <trkpt lat="38.845033" lon="-105.028223">
				 <ele>3778.9</ele>
			 </trkpt>
			 <trkpt lat="38.844938" lon="-105.028259">
				 <ele>3777.3</ele>
			 </trkpt>
			 <trkpt lat="38.84501" lon="-105.028095">
				 <ele>3775.6</ele>
			 </trkpt>
			 <trkpt lat="38.845116" lon="-105.027991">
				 <ele>3774</ele>
			 </trkpt>
			 <trkpt lat="38.845221" lon="-105.027969">
				 <ele>3772.5</ele>
			 </trkpt>
			 <trkpt lat="38.845254" lon="-105.02795">
				 <ele>3770.9</ele>
			 </trkpt>
			 <trkpt lat="38.845295" lon="-105.027913">
				 <ele>3769.4</ele>
			 </trkpt>
			 <trkpt lat="38.845268" lon="-105.027889">
				 <ele>3767.8</ele>
			 </trkpt>
			 <trkpt lat="38.845189" lon="-105.027843">
				 <ele>3766.3</ele>
			 </trkpt>
			 <trkpt lat="38.845081" lon="-105.027826">
				 <ele>3764.8</ele>
			 </trkpt>
			 <trkpt lat="38.844963" lon="-105.027862">
				 <ele>3763.3</ele>
			 </trkpt>
			 <trkpt lat="38.844884" lon="-105.027791">
				 <ele>3761.8</ele>
			 </trkpt>
			 <trkpt lat="38.844761" lon="-105.02784">
				 <ele>3760.5</ele>
			 </trkpt>
			 <trkpt lat="38.844724" lon="-105.027862">
				 <ele>3759.1</ele>
			 </trkpt>
			 <trkpt lat="38.84455" lon="-105.027968">
				 <ele>3757.7</ele>
			 </trkpt>
			 <trkpt lat="38.844485" lon="-105.027977">
				 <ele>3756.4</ele>
			 </trkpt>
			 <trkpt lat="38.844398" lon="-105.028035">
				 <ele>3755</ele>
			 </trkpt>
			 <trkpt lat="38.844322" lon="-105.028052">
				 <ele>3753.6</ele>
			 </trkpt>
			 <trkpt lat="38.844345" lon="-105.028005">
				 <ele>3752.3</ele>
			 </trkpt>
			 <trkpt lat="38.844372" lon="-105.027948">
				 <ele>3750.9</ele>
			 </trkpt>
			 <trkpt lat="38.844432" lon="-105.02783">
				 <ele>3749.5</ele>
			 </trkpt>
			 <trkpt lat="38.8445" lon="-105.027736">
				 <ele>3748</ele>
			 </trkpt>
			 <trkpt lat="38.84459" lon="-105.027525">
				 <ele>3746.5</ele>
			 </trkpt>
			 <trkpt lat="38.84454" lon="-105.027529">
				 <ele>3744.9</ele>
			 </trkpt>
			 <trkpt lat="38.844505" lon="-105.027572">
				 <ele>3743.5</ele>
			 </trkpt>
			 <trkpt lat="38.844385" lon="-105.027645">
				 <ele>3742</ele>
			 </trkpt>
			 <trkpt lat="38.844187" lon="-105.02772">
				 <ele>3740.5</ele>
			 </trkpt>
			 <trkpt lat="38.844154" lon="-105.027732">
				 <ele>3739</ele>
			 </trkpt>
			 <trkpt lat="38.844197" lon="-105.02761">
				 <ele>3737.5</ele>
			 </trkpt>
			 <trkpt lat="38.844242" lon="-105.027551">
				 <ele>3736</ele>
			 </trkpt>
			 <trkpt lat="38.844393" lon="-105.027351">
				 <ele>3734.5</ele>
			 </trkpt>
			 <trkpt lat="38.844335" lon="-105.027331">
				 <ele>3733</ele>
			 </trkpt>
			 <trkpt lat="38.844211" lon="-105.027402">
				 <ele>3731.6</ele>
			 </trkpt>
			 <trkpt lat="38.844076" lon="-105.027508">
				 <ele>3730.4</ele>
			 </trkpt>
			 <trkpt lat="38.844016" lon="-105.027577">
				 <ele>3729.1</ele>
			 </trkpt>
			 <trkpt lat="38.84399" lon="-105.027569">
				 <ele>3727.7</ele>
			 </trkpt>
			 <trkpt lat="38.844009" lon="-105.027492">
				 <ele>3726.4</ele>
			 </trkpt>
			 <trkpt lat="38.844072" lon="-105.027331">
				 <ele>3725</ele>
			 </trkpt>
			 <trkpt lat="38.844176" lon="-105.027191">
				 <ele>3723.6</ele>
			 </trkpt>
			 <trkpt lat="38.844259" lon="-105.027099">
				 <ele>3722.5</ele>
			 </trkpt>
			 <trkpt lat="38.844302" lon="-105.027095">
				 <ele>3721.3</ele>
			 </trkpt>
			 <trkpt lat="38.844422" lon="-105.026929">
				 <ele>3720.3</ele>
			 </trkpt>
			 <trkpt lat="38.844448" lon="-105.026894">
				 <ele>3719.3</ele>
			 </trkpt>
			 <trkpt lat="38.844538" lon="-105.026838">
				 <ele>3718.3</ele>
			 </trkpt>
			 <trkpt lat="38.844565" lon="-105.026762">
				 <ele>3717.3</ele>
			 </trkpt>
			 <trkpt lat="38.844587" lon="-105.026703">
				 <ele>3716.4</ele>
			 </trkpt>
			 <trkpt lat="38.844719" lon="-105.026617">
				 <ele>3715.5</ele>
			 </trkpt>
			 <trkpt lat="38.844821" lon="-105.026579">
				 <ele>3714.6</ele>
			 </trkpt>
			 <trkpt lat="38.844951" lon="-105.026531">
				 <ele>3713.8</ele>
			 </trkpt>
			 <trkpt lat="38.845067" lon="-105.026517">
				 <ele>3712.9</ele>
			 </trkpt>
			 <trkpt lat="38.845146" lon="-105.026521">
				 <ele>3711.8</ele>
			 </trkpt>
			 <trkpt lat="38.84516" lon="-105.026491">
				 <ele>3710.6</ele>
			 </trkpt>
			 <trkpt lat="38.845061" lon="-105.026427">
				 <ele>3709.3</ele>
			 </trkpt>
			 <trkpt lat="38.845032" lon="-105.026385">
				 <ele>3707.8</ele>
			 </trkpt>
			 <trkpt lat="38.844922" lon="-105.026383">
				 <ele>3706.3</ele>
			 </trkpt>
			 <trkpt lat="38.844854" lon="-105.026335">
				 <ele>3704.7</ele>
			 </trkpt>
			 <trkpt lat="38.844665" lon="-105.026311">
				 <ele>3703</ele>
			 </trkpt>
			 <trkpt lat="38.844478" lon="-105.026267">
				 <ele>3701.3</ele>
			 </trkpt>
			 <trkpt lat="38.844417" lon="-105.026252">
				 <ele>3699.6</ele>
			 </trkpt>
			 <trkpt lat="38.844376" lon="-105.026207">
				 <ele>3698.1</ele>
			 </trkpt>
			 <trkpt lat="38.844366" lon="-105.026159">
				 <ele>3696.6</ele>
			 </trkpt>
			 <trkpt lat="38.844238" lon="-105.026323">
				 <ele>3695.4</ele>
			 </trkpt>
			 <trkpt lat="38.844159" lon="-105.026381">
				 <ele>3694.2</ele>
			 </trkpt>
			 <trkpt lat="38.844031" lon="-105.026431">
				 <ele>3693.1</ele>
			 </trkpt>
			 <trkpt lat="38.843842" lon="-105.026649">
				 <ele>3692.1</ele>
			 </trkpt>
			 <trkpt lat="38.843756" lon="-105.026703">
				 <ele>3691.2</ele>
			 </trkpt>
			 <trkpt lat="38.843747" lon="-105.026661">
				 <ele>3690.3</ele>
			 </trkpt>
			 <trkpt lat="38.843768" lon="-105.026638">
				 <ele>3689.4</ele>
			 </trkpt>
			 <trkpt lat="38.843809" lon="-105.026596">
				 <ele>3688.3</ele>
			 </trkpt>
			 <trkpt lat="38.843817" lon="-105.026537">
				 <ele>3687.1</ele>
			 </trkpt>
			 <trkpt lat="38.843758" lon="-105.026547">
				 <ele>3685.6</ele>
			 </trkpt>
			 <trkpt lat="38.843652" lon="-105.026641">
				 <ele>3684.1</ele>
			 </trkpt>
			 <trkpt lat="38.843391" lon="-105.02687">
				 <ele>3682.4</ele>
			 </trkpt>
			 <trkpt lat="38.843144" lon="-105.027116">
				 <ele>3680.5</ele>
			 </trkpt>
			 <trkpt lat="38.842984" lon="-105.027341">
				 <ele>3678.5</ele>
			 </trkpt>
			 <trkpt lat="38.84296" lon="-105.027312">
				 <ele>3676.4</ele>
			 </trkpt>
			 <trkpt lat="38.842963" lon="-105.027222">
				 <ele>3674.2</ele>
			 </trkpt>
			 <trkpt lat="38.84306" lon="-105.026735">
				 <ele>3672</ele>
			 </trkpt>
			 <trkpt lat="38.843133" lon="-105.026511">
				 <ele>3669.8</ele>
			 </trkpt>
			 <trkpt lat="38.843136" lon="-105.026412">
				 <ele>3667.9</ele>
			 </trkpt>
			 <trkpt lat="38.843084" lon="-105.026436">
				 <ele>3666.1</ele>
			 </trkpt>
			 <trkpt lat="38.843051" lon="-105.026451">
				 <ele>3664.5</ele>
			 </trkpt>
			 <trkpt lat="38.843" lon="-105.026522">
				 <ele>3662.9</ele>
			 </trkpt>
			 <trkpt lat="38.842952" lon="-105.02659">
				 <ele>3661.4</ele>
			 </trkpt>
			 <trkpt lat="38.842821" lon="-105.026702">
				 <ele>3660</ele>
			 </trkpt>
			 <trkpt lat="38.842754" lon="-105.026804">
				 <ele>3658.7</ele>
			 </trkpt>
			 <trkpt lat="38.842591" lon="-105.02697">
				 <ele>3657.5</ele>
			 </trkpt>
			 <trkpt lat="38.842499" lon="-105.027105">
				 <ele>3656.3</ele>
			 </trkpt>
			 <trkpt lat="38.842472" lon="-105.02711">
				 <ele>3655</ele>
			 </trkpt>
			 <trkpt lat="38.842384" lon="-105.027126">
				 <ele>3653.8</ele>
			 </trkpt>
			 <trkpt lat="38.842434" lon="-105.026982">
				 <ele>3652.5</ele>
			 </trkpt>
			 <trkpt lat="38.842505" lon="-105.026816">
				 <ele>3651.1</ele>
			 </trkpt>
			 <trkpt lat="38.842554" lon="-105.026614">
				 <ele>3649.6</ele>
			 </trkpt>
			 <trkpt lat="38.8426" lon="-105.026428">
				 <ele>3648.2</ele>
			 </trkpt>
			 <trkpt lat="38.842519" lon="-105.026494">
				 <ele>3646.7</ele>
			 </trkpt>
			 <trkpt lat="38.84245" lon="-105.026551">
				 <ele>3645.3</ele>
			 </trkpt>
			 <trkpt lat="38.842387" lon="-105.026672">
				 <ele>3643.8</ele>
			 </trkpt>
			 <trkpt lat="38.842346" lon="-105.026652">
				 <ele>3642.5</ele>
			 </trkpt>
			 <trkpt lat="38.842343" lon="-105.026562">
				 <ele>3641</ele>
			 </trkpt>
			 <trkpt lat="38.842358" lon="-105.026462">
				 <ele>3639.6</ele>
			 </trkpt>
			 <trkpt lat="38.84239" lon="-105.026389">
				 <ele>3638.3</ele>
			 </trkpt>
			 <trkpt lat="38.842453" lon="-105.026244">
				 <ele>3637</ele>
			 </trkpt>
			 <trkpt lat="38.842491" lon="-105.026116">
				 <ele>3635.7</ele>
			 </trkpt>
			 <trkpt lat="38.842505" lon="-105.026073">
				 <ele>3634.5</ele>
			 </trkpt>
			 <trkpt lat="38.842568" lon="-105.025984">
				 <ele>3633.4</ele>
			 </trkpt>
			 <trkpt lat="38.842586" lon="-105.025899">
				 <ele>3632.3</ele>
			 </trkpt>
			 <trkpt lat="38.842596" lon="-105.025796">
				 <ele>3631.2</ele>
			 </trkpt>
			 <trkpt lat="38.842551" lon="-105.025834">
				 <ele>3630.1</ele>
			 </trkpt>
			 <trkpt lat="38.842484" lon="-105.025872">
				 <ele>3629</ele>
			 </trkpt>
			 <trkpt lat="38.84241" lon="-105.025982">
				 <ele>3628</ele>
			 </trkpt>
			 <trkpt lat="38.8424" lon="-105.025945">
				 <ele>3627</ele>
			 </trkpt>
			 <trkpt lat="38.842412" lon="-105.025881">
				 <ele>3626</ele>
			 </trkpt>
			 <trkpt lat="38.842428" lon="-105.025837">
				 <ele>3625</ele>
			 </trkpt>
			 <trkpt lat="38.842457" lon="-105.025759">
				 <ele>3623.9</ele>
			 </trkpt>
			 <trkpt lat="38.84239" lon="-105.025792">
				 <ele>3622.8</ele>
			 </trkpt>
			 <trkpt lat="38.842321" lon="-105.025842">
				 <ele>3621.7</ele>
			 </trkpt>
			 <trkpt lat="38.842204" lon="-105.025967">
				 <ele>3620.5</ele>
			 </trkpt>
			 <trkpt lat="38.842108" lon="-105.026005">
				 <ele>3619.4</ele>
			 </trkpt>
			 <trkpt lat="38.842075" lon="-105.025968">
				 <ele>3618.2</ele>
			 </trkpt>
			 <trkpt lat="38.842106" lon="-105.025909">
				 <ele>3616.9</ele>
			 </trkpt>
			 <trkpt lat="38.842182" lon="-105.025798">
				 <ele>3615.5</ele>
			 </trkpt>
			 <trkpt lat="38.842232" lon="-105.025701">
				 <ele>3614.1</ele>
			 </trkpt>
			 <trkpt lat="38.842247" lon="-105.025642">
				 <ele>3612.5</ele>
			 </trkpt>
			 <trkpt lat="38.842194" lon="-105.025636">
				 <ele>3610.6</ele>
			 </trkpt>
			 <trkpt lat="38.842146" lon="-105.025692">
				 <ele>3608.8</ele>
			 </trkpt>
			 <trkpt lat="38.842157" lon="-105.025551">
				 <ele>3606.8</ele>
			 </trkpt>
			 <trkpt lat="38.842243" lon="-105.025408">
				 <ele>3604.7</ele>
			 </trkpt>
			 <trkpt lat="38.842137" lon="-105.025649">
				 <ele>3602.5</ele>
			 </trkpt>
			 <trkpt lat="38.842157" lon="-105.025551">
				 <ele>3600.2</ele>
			 </trkpt>
			 <trkpt lat="38.842521" lon="-105.024945">
				 <ele>3597.6</ele>
			 </trkpt>
			 <trkpt lat="38.842879" lon="-105.024485">
				 <ele>3595</ele>
			 </trkpt>
			 <trkpt lat="38.843" lon="-105.024364">
				 <ele>3592.5</ele>
			 </trkpt>
			 <trkpt lat="38.843061" lon="-105.024231">
				 <ele>3590</ele>
			 </trkpt>
			 <trkpt lat="38.843147" lon="-105.024156">
				 <ele>3587.6</ele>
			 </trkpt>
			 <trkpt lat="38.843172" lon="-105.024119">
				 <ele>3585.5</ele>
			 </trkpt>
			 <trkpt lat="38.84318" lon="-105.02407">
				 <ele>3583.4</ele>
			 </trkpt>
			 <trkpt lat="38.843116" lon="-105.024086">
				 <ele>3581.4</ele>
			 </trkpt>
			 <trkpt lat="38.842913" lon="-105.024135">
				 <ele>3579.5</ele>
			 </trkpt>
			 <trkpt lat="38.842863" lon="-105.024108">
				 <ele>3577.7</ele>
			 </trkpt>
			 <trkpt lat="38.842788" lon="-105.024103">
				 <ele>3576.2</ele>
			 </trkpt>
			 <trkpt lat="38.842647" lon="-105.024223">
				 <ele>3574.8</ele>
			 </trkpt>
			 <trkpt lat="38.842622" lon="-105.024293">
				 <ele>3573.6</ele>
			 </trkpt>
			 <trkpt lat="38.842399" lon="-105.024427">
				 <ele>3572.5</ele>
			 </trkpt>
			 <trkpt lat="38.842294" lon="-105.024411">
				 <ele>3571.2</ele>
			 </trkpt>
			 <trkpt lat="38.84234" lon="-105.024363">
				 <ele>3569.9</ele>
			 </trkpt>
			 <trkpt lat="38.842393" lon="-105.024328">
				 <ele>3568.5</ele>
			 </trkpt>
			 <trkpt lat="38.842444" lon="-105.024227">
				 <ele>3567.1</ele>
			 </trkpt>
			 <trkpt lat="38.842479" lon="-105.024125">
				 <ele>3565.5</ele>
			 </trkpt>
			 <trkpt lat="38.842432" lon="-105.024112">
				 <ele>3563.9</ele>
			 </trkpt>
			 <trkpt lat="38.842302" lon="-105.024219">
				 <ele>3562.1</ele>
			 </trkpt>
			 <trkpt lat="38.842219" lon="-105.024262">
				 <ele>3560.1</ele>
			 </trkpt>
			 <trkpt lat="38.842167" lon="-105.024262">
				 <ele>3557.9</ele>
			 </trkpt>
			 <trkpt lat="38.842185" lon="-105.024225">
				 <ele>3555.5</ele>
			 </trkpt>
			 <trkpt lat="38.842302" lon="-105.024085">
				 <ele>3553</ele>
			 </trkpt>
			 <trkpt lat="38.842495" lon="-105.023757">
				 <ele>3550.3</ele>
			 </trkpt>
			 <trkpt lat="38.842653" lon="-105.023555">
				 <ele>3547.5</ele>
			 </trkpt>
			 <trkpt lat="38.842897" lon="-105.023277">
				 <ele>3544.6</ele>
			 </trkpt>
			 <trkpt lat="38.843032" lon="-105.023133">
				 <ele>3541.6</ele>
			 </trkpt>
			 <trkpt lat="38.843124" lon="-105.022984">
				 <ele>3538.7</ele>
			 </trkpt>
			 <trkpt lat="38.843452" lon="-105.022617">
				 <ele>3535.7</ele>
			 </trkpt>
			 <trkpt lat="38.843478" lon="-105.022589">
				 <ele>3532.7</ele>
			 </trkpt>
			 <trkpt lat="38.843554" lon="-105.022492">
				 <ele>3529.8</ele>
			 </trkpt>
			 <trkpt lat="38.84352" lon="-105.022476">
				 <ele>3527</ele>
			 </trkpt>
			 <trkpt lat="38.84345" lon="-105.022504">
				 <ele>3524.3</ele>
			 </trkpt>
			 <trkpt lat="38.843371" lon="-105.022535">
				 <ele>3521.6</ele>
			 </trkpt>
			 <trkpt lat="38.843033" lon="-105.02263">
				 <ele>3519.1</ele>
			 </trkpt>
			 <trkpt lat="38.84248" lon="-105.022799">
				 <ele>3516.5</ele>
			 </trkpt>
			 <trkpt lat="38.842402" lon="-105.022799">
				 <ele>3514</ele>
			 </trkpt>
			 <trkpt lat="38.842294" lon="-105.022797">
				 <ele>3511.6</ele>
			 </trkpt>
			 <trkpt lat="38.842136" lon="-105.02281">
				 <ele>3509.3</ele>
			 </trkpt>
			 <trkpt lat="38.842066" lon="-105.022856">
				 <ele>3507</ele>
			 </trkpt>
			 <trkpt lat="38.84199" lon="-105.022885">
				 <ele>3504.8</ele>
			 </trkpt>
			 <trkpt lat="38.84202" lon="-105.02279">
				 <ele>3502.5</ele>
			 </trkpt>
			 <trkpt lat="38.842137" lon="-105.022644">
				 <ele>3500</ele>
			 </trkpt>
			 <trkpt lat="38.842314" lon="-105.022582">
				 <ele>3497.5</ele>
			 </trkpt>
			 <trkpt lat="38.84254" lon="-105.022259">
				 <ele>3494.7</ele>
			 </trkpt>
			 <trkpt lat="38.842631" lon="-105.022213">
				 <ele>3492.1</ele>
			 </trkpt>
			 <trkpt lat="38.842654" lon="-105.0221">
				 <ele>3489.5</ele>
			 </trkpt>
			 <trkpt lat="38.84271" lon="-105.022062">
				 <ele>3486.8</ele>
			 </trkpt>
			 <trkpt lat="38.842751" lon="-105.021985">
				 <ele>3484.1</ele>
			 </trkpt>
			 <trkpt lat="38.84289" lon="-105.021858">
				 <ele>3481.3</ele>
			 </trkpt>
			 <trkpt lat="38.84323" lon="-105.021437">
				 <ele>3478.4</ele>
			 </trkpt>
			 <trkpt lat="38.843297" lon="-105.021355">
				 <ele>3475.4</ele>
			 </trkpt>
			 <trkpt lat="38.843434" lon="-105.021221">
				 <ele>3472.5</ele>
			 </trkpt>
			 <trkpt lat="38.843575" lon="-105.021141">
				 <ele>3469.8</ele>
			 </trkpt>
			 <trkpt lat="38.8436" lon="-105.021111">
				 <ele>3467.1</ele>
			 </trkpt>
			 <trkpt lat="38.843458" lon="-105.021129">
				 <ele>3464.5</ele>
			 </trkpt>
			 <trkpt lat="38.843016" lon="-105.021182">
				 <ele>3461.7</ele>
			 </trkpt>
			 <trkpt lat="38.84287" lon="-105.021192">
				 <ele>3458.9</ele>
			 </trkpt>
			 <trkpt lat="38.842463" lon="-105.021194">
				 <ele>3456</ele>
			 </trkpt>
			 <trkpt lat="38.842197" lon="-105.021115">
				 <ele>3453.1</ele>
			 </trkpt>
			 <trkpt lat="38.842106" lon="-105.021046">
				 <ele>3450.1</ele>
			 </trkpt>
			 <trkpt lat="38.842271" lon="-105.020904">
				 <ele>3447.1</ele>
			 </trkpt>
			 <trkpt lat="38.842371" lon="-105.020845">
				 <ele>3444</ele>
			 </trkpt>
			 <trkpt lat="38.842534" lon="-105.020781">
				 <ele>3440.6</ele>
			 </trkpt>
			 <trkpt lat="38.842726" lon="-105.02069">
				 <ele>3437.1</ele>
			 </trkpt>
			 <trkpt lat="38.843088" lon="-105.020403">
				 <ele>3433.4</ele>
			 </trkpt>
			 <trkpt lat="38.843217" lon="-105.020293">
				 <ele>3429.5</ele>
			 </trkpt>
			 <trkpt lat="38.843426" lon="-105.020137">
				 <ele>3425.3</ele>
			 </trkpt>
			 <trkpt lat="38.843531" lon="-105.020118">
				 <ele>3421.1</ele>
			 </trkpt>
			 <trkpt lat="38.843708" lon="-105.02004">
				 <ele>3416.6</ele>
			 </trkpt>
			 <trkpt lat="38.843932" lon="-105.019874">
				 <ele>3412</ele>
			 </trkpt>
			 <trkpt lat="38.844147" lon="-105.019815">
				 <ele>3407.3</ele>
			 </trkpt>
			 <trkpt lat="38.844325" lon="-105.019657">
				 <ele>3402.4</ele>
			 </trkpt>
			 <trkpt lat="38.844631" lon="-105.019161">
				 <ele>3397.3</ele>
			 </trkpt>
			 <trkpt lat="38.845068" lon="-105.018826">
				 <ele>3392.3</ele>
			 </trkpt>
			 <trkpt lat="38.845402" lon="-105.018571">
				 <ele>3387.2</ele>
			 </trkpt>
			 <trkpt lat="38.845498" lon="-105.018426">
				 <ele>3382.3</ele>
			 </trkpt>
			 <trkpt lat="38.845799" lon="-105.018273">
				 <ele>3377.5</ele>
			 </trkpt>
			 <trkpt lat="38.846006" lon="-105.018139">
				 <ele>3373.1</ele>
			 </trkpt>
			 <trkpt lat="38.846142" lon="-105.018015">
				 <ele>3368.7</ele>
			 </trkpt>
			 <trkpt lat="38.846376" lon="-105.017889">
				 <ele>3364.5</ele>
			 </trkpt>
			 <trkpt lat="38.846543" lon="-105.017778">
				 <ele>3360.5</ele>
			 </trkpt>
			 <trkpt lat="38.846662" lon="-105.017699">
				 <ele>3356.7</ele>
			 </trkpt>
			 <trkpt lat="38.847153" lon="-105.017527">
				 <ele>3353.1</ele>
			 </trkpt>
			 <trkpt lat="38.847272" lon="-105.017503">
				 <ele>3349.7</ele>
			 </trkpt>
			 <trkpt lat="38.847648" lon="-105.017455">
				 <ele>3346.4</ele>
			 </trkpt>
			 <trkpt lat="38.84769" lon="-105.01744">
				 <ele>3343.2</ele>
			 </trkpt>
			 <trkpt lat="38.847854" lon="-105.017381">
				 <ele>3339.9</ele>
			 </trkpt>
			 <trkpt lat="38.847978" lon="-105.017372">
				 <ele>3336.6</ele>
			 </trkpt>
			 <trkpt lat="38.848088" lon="-105.017325">
				 <ele>3333.3</ele>
			 </trkpt>
			 <trkpt lat="38.848431" lon="-105.017154">
				 <ele>3329.9</ele>
			 </trkpt>
			 <trkpt lat="38.848622" lon="-105.017133">
				 <ele>3326.6</ele>
			 </trkpt>
			 <trkpt lat="38.848754" lon="-105.017145">
				 <ele>3323.5</ele>
			 </trkpt>
			 <trkpt lat="38.848867" lon="-105.017128">
				 <ele>3320.3</ele>
			 </trkpt>
			 <trkpt lat="38.849223" lon="-105.017136">
				 <ele>3317.1</ele>
			 </trkpt>
			 <trkpt lat="38.849626" lon="-105.01711">
				 <ele>3314</ele>
			 </trkpt>
			 <trkpt lat="38.849888" lon="-105.017164">
				 <ele>3311.1</ele>
			 </trkpt>
			 <trkpt lat="38.849965" lon="-105.017211">
				 <ele>3308.3</ele>
			 </trkpt>
			 <trkpt lat="38.850145" lon="-105.017242">
				 <ele>3305.5</ele>
			 </trkpt>
			 <trkpt lat="38.850264" lon="-105.017165">
				 <ele>3302.6</ele>
			 </trkpt>
			 <trkpt lat="38.850199" lon="-105.017106">
				 <ele>3299.9</ele>
			 </trkpt>
			 <trkpt lat="38.850146" lon="-105.017101">
				 <ele>3297.2</ele>
			 </trkpt>
			 <trkpt lat="38.850078" lon="-105.017023">
				 <ele>3294.5</ele>
			 </trkpt>
			 <trkpt lat="38.849968" lon="-105.01694">
				 <ele>3291.7</ele>
			 </trkpt>
			 <trkpt lat="38.849917" lon="-105.016814">
				 <ele>3288.8</ele>
			 </trkpt>
			 <trkpt lat="38.849737" lon="-105.016698">
				 <ele>3285.8</ele>
			 </trkpt>
			 <trkpt lat="38.849499" lon="-105.016493">
				 <ele>3282.6</ele>
			 </trkpt>
			 <trkpt lat="38.849427" lon="-105.016474">
				 <ele>3279.3</ele>
			 </trkpt>
			 <trkpt lat="38.848914" lon="-105.015955">
				 <ele>3275.8</ele>
			 </trkpt>
			 <trkpt lat="38.848764" lon="-105.015815">
				 <ele>3272.5</ele>
			 </trkpt>
			 <trkpt lat="38.848626" lon="-105.015729">
				 <ele>3269.1</ele>
			 </trkpt>
			 <trkpt lat="38.84852" lon="-105.015709">
				 <ele>3265.8</ele>
			 </trkpt>
			 <trkpt lat="38.848321" lon="-105.015595">
				 <ele>3262.5</ele>
			 </trkpt>
			 <trkpt lat="38.847814" lon="-105.015301">
				 <ele>3259.2</ele>
			 </trkpt>
			 <trkpt lat="38.84765" lon="-105.015085">
				 <ele>3256</ele>
			 </trkpt>
			 <trkpt lat="38.847595" lon="-105.01508">
				 <ele>3253</ele>
			 </trkpt>
			 <trkpt lat="38.847556" lon="-105.015019">
				 <ele>3250.1</ele>
			 </trkpt>
			 <trkpt lat="38.847281" lon="-105.014918">
				 <ele>3247.3</ele>
			 </trkpt>
			 <trkpt lat="38.847125" lon="-105.014889">
				 <ele>3244.6</ele>
			 </trkpt>
			 <trkpt lat="38.847057" lon="-105.014876">
				 <ele>3242</ele>
			 </trkpt>
			 <trkpt lat="38.846823" lon="-105.014806">
				 <ele>3239.4</ele>
			 </trkpt>
			 <trkpt lat="38.846639" lon="-105.014724">
				 <ele>3236.8</ele>
			 </trkpt>
			 <trkpt lat="38.846581" lon="-105.014711">
				 <ele>3234.2</ele>
			 </trkpt>
			 <trkpt lat="38.846595" lon="-105.01466">
				 <ele>3231.5</ele>
			 </trkpt>
			 <trkpt lat="38.846648" lon="-105.014656">
				 <ele>3229</ele>
			 </trkpt>
			 <trkpt lat="38.847025" lon="-105.014254">
				 <ele>3226.4</ele>
			 </trkpt>
			 <trkpt lat="38.847207" lon="-105.013867">
				 <ele>3223.7</ele>
			 </trkpt>
			 <trkpt lat="38.847292" lon="-105.013795">
				 <ele>3221.3</ele>
			 </trkpt>
			 <trkpt lat="38.847322" lon="-105.013751">
				 <ele>3219</ele>
			 </trkpt>
			 <trkpt lat="38.847437" lon="-105.013705">
				 <ele>3216.8</ele>
			 </trkpt>
			 <trkpt lat="38.847537" lon="-105.013646">
				 <ele>3214.8</ele>
			 </trkpt>
			 <trkpt lat="38.8476" lon="-105.013622">
				 <ele>3213</ele>
			 </trkpt>
			 <trkpt lat="38.847621" lon="-105.013587">
				 <ele>3211.3</ele>
			 </trkpt>
			 <trkpt lat="38.847623" lon="-105.013536">
				 <ele>3209.7</ele>
			 </trkpt>
			 <trkpt lat="38.847606" lon="-105.013488">
				 <ele>3208.4</ele>
			 </trkpt>
			 <trkpt lat="38.847562" lon="-105.013445">
				 <ele>3207.1</ele>
			 </trkpt>
			 <trkpt lat="38.847441" lon="-105.013362">
				 <ele>3205.9</ele>
			 </trkpt>
			 <trkpt lat="38.847214" lon="-105.013264">
				 <ele>3204.8</ele>
			 </trkpt>
			 <trkpt lat="38.847141" lon="-105.013232">
				 <ele>3203.6</ele>
			 </trkpt>
			 <trkpt lat="38.846961" lon="-105.013226">
				 <ele>3202.4</ele>
			 </trkpt>
			 <trkpt lat="38.846913" lon="-105.013224">
				 <ele>3201</ele>
			 </trkpt>
			 <trkpt lat="38.846892" lon="-105.01312">
				 <ele>3199.6</ele>
			 </trkpt>
			 <trkpt lat="38.846886" lon="-105.013">
				 <ele>3198.2</ele>
			 </trkpt>
			 <trkpt lat="38.846846" lon="-105.01282">
				 <ele>3196.6</ele>
			 </trkpt>
			 <trkpt lat="38.846833" lon="-105.012779">
				 <ele>3195</ele>
			 </trkpt>
			 <trkpt lat="38.84672" lon="-105.012418">
				 <ele>3193.3</ele>
			 </trkpt>
			 <trkpt lat="38.846707" lon="-105.012343">
				 <ele>3191.5</ele>
			 </trkpt>
			 <trkpt lat="38.846722" lon="-105.012267">
				 <ele>3189.9</ele>
			 </trkpt>
			 <trkpt lat="38.84672" lon="-105.012179">
				 <ele>3188.3</ele>
			 </trkpt>
			 <trkpt lat="38.846668" lon="-105.012061">
				 <ele>3186.7</ele>
			 </trkpt>
			 <trkpt lat="38.846653" lon="-105.01201">
				 <ele>3185.3</ele>
			 </trkpt>
			 <trkpt lat="38.846613" lon="-105.011865">
				 <ele>3183.9</ele>
			 </trkpt>
			 <trkpt lat="38.846551" lon="-105.011751">
				 <ele>3182.5</ele>
			 </trkpt>
			 <trkpt lat="38.846411" lon="-105.011691">
				 <ele>3181.3</ele>
			 </trkpt>
			 <trkpt lat="38.846358" lon="-105.011647">
				 <ele>3180.2</ele>
			 </trkpt>
			 <trkpt lat="38.846274" lon="-105.011641">
				 <ele>3179.2</ele>
			 </trkpt>
			 <trkpt lat="38.846173" lon="-105.011604">
				 <ele>3178.3</ele>
			 </trkpt>
			 <trkpt lat="38.846144" lon="-105.011593">
				 <ele>3177.3</ele>
			 </trkpt>
			 <trkpt lat="38.846019" lon="-105.011622">
				 <ele>3176.3</ele>
			 </trkpt>
			 <trkpt lat="38.845922" lon="-105.011669">
				 <ele>3175.3</ele>
			 </trkpt>
			 <trkpt lat="38.845872" lon="-105.011743">
				 <ele>3174.3</ele>
			 </trkpt>
			 <trkpt lat="38.845821" lon="-105.011744">
				 <ele>3173.2</ele>
			 </trkpt>
			 <trkpt lat="38.845778" lon="-105.011701">
				 <ele>3172</ele>
			 </trkpt>
			 <trkpt lat="38.845628" lon="-105.011511">
				 <ele>3170.8</ele>
			 </trkpt>
			 <trkpt lat="38.845425" lon="-105.011219">
				 <ele>3169.5</ele>
			 </trkpt>
			 <trkpt lat="38.845359" lon="-105.011057">
				 <ele>3168.2</ele>
			 </trkpt>
			 <trkpt lat="38.845327" lon="-105.010975">
				 <ele>3166.8</ele>
			 </trkpt>
			 <trkpt lat="38.845281" lon="-105.010921">
				 <ele>3165.5</ele>
			 </trkpt>
			 <trkpt lat="38.845208" lon="-105.010851">
				 <ele>3164.2</ele>
			 </trkpt>
			 <trkpt lat="38.845177" lon="-105.010739">
				 <ele>3162.9</ele>
			 </trkpt>
			 <trkpt lat="38.845164" lon="-105.010527">
				 <ele>3161.6</ele>
			 </trkpt>
			 <trkpt lat="38.845181" lon="-105.010489">
				 <ele>3160.4</ele>
			 </trkpt>
			 <trkpt lat="38.845298" lon="-105.010395">
				 <ele>3159.3</ele>
			 </trkpt>
			 <trkpt lat="38.845371" lon="-105.010352">
				 <ele>3158.3</ele>
			 </trkpt>
			 <trkpt lat="38.845469" lon="-105.01028">
				 <ele>3157.2</ele>
			 </trkpt>
			 <trkpt lat="38.845513" lon="-105.010237">
				 <ele>3156.2</ele>
			 </trkpt>
			 <trkpt lat="38.84553" lon="-105.010207">
				 <ele>3155.2</ele>
			 </trkpt>
			 <trkpt lat="38.845516" lon="-105.010159">
				 <ele>3154.2</ele>
			 </trkpt>
			 <trkpt lat="38.845435" lon="-105.009983">
				 <ele>3153.2</ele>
			 </trkpt>
			 <trkpt lat="38.845475" lon="-105.009927">
				 <ele>3152.2</ele>
			 </trkpt>
			 <trkpt lat="38.84552" lon="-105.009877">
				 <ele>3151.2</ele>
			 </trkpt>
			 <trkpt lat="38.845548" lon="-105.009814">
				 <ele>3150.1</ele>
			 </trkpt>
			 <trkpt lat="38.845609" lon="-105.009679">
				 <ele>3149</ele>
			 </trkpt>
			 <trkpt lat="38.845666" lon="-105.009577">
				 <ele>3147.7</ele>
			 </trkpt>
			 <trkpt lat="38.845793" lon="-105.009448">
				 <ele>3146.5</ele>
			 </trkpt>
			 <trkpt lat="38.845829" lon="-105.009392">
				 <ele>3145.3</ele>
			 </trkpt>
			 <trkpt lat="38.845863" lon="-105.009338">
				 <ele>3144</ele>
			 </trkpt>
			 <trkpt lat="38.84583" lon="-105.009273">
				 <ele>3142.6</ele>
			 </trkpt>
			 <trkpt lat="38.845702" lon="-105.009127">
				 <ele>3141.3</ele>
			 </trkpt>
			 <trkpt lat="38.845684" lon="-105.009072">
				 <ele>3139.8</ele>
			 </trkpt>
			 <trkpt lat="38.845686" lon="-105.009024">
				 <ele>3138.3</ele>
			 </trkpt>
			 <trkpt lat="38.845795" lon="-105.008909">
				 <ele>3136.7</ele>
			 </trkpt>
			 <trkpt lat="38.845891" lon="-105.008743">
				 <ele>3135.2</ele>
			 </trkpt>
			 <trkpt lat="38.84593" lon="-105.008672">
				 <ele>3133.5</ele>
			 </trkpt>
			 <trkpt lat="38.845981" lon="-105.008579">
				 <ele>3132</ele>
			 </trkpt>
			 <trkpt lat="38.845986" lon="-105.008505">
				 <ele>3130.4</ele>
			 </trkpt>
			 <trkpt lat="38.846115" lon="-105.008308">
				 <ele>3128.7</ele>
			 </trkpt>
			 <trkpt lat="38.846148" lon="-105.008233">
				 <ele>3127.2</ele>
			 </trkpt>
			 <trkpt lat="38.84619" lon="-105.008169">
				 <ele>3125.7</ele>
			 </trkpt>
			 <trkpt lat="38.846242" lon="-105.008051">
				 <ele>3124.3</ele>
			 </trkpt>
			 <trkpt lat="38.846353" lon="-105.007937">
				 <ele>3122.8</ele>
			 </trkpt>
			 <trkpt lat="38.846378" lon="-105.007831">
				 <ele>3121.5</ele>
			 </trkpt>
			 <trkpt lat="38.846405" lon="-105.007753">
				 <ele>3120.1</ele>
			 </trkpt>
			 <trkpt lat="38.846474" lon="-105.007705">
				 <ele>3118.9</ele>
			 </trkpt>
			 <trkpt lat="38.846556" lon="-105.007667">
				 <ele>3117.8</ele>
			 </trkpt>
			 <trkpt lat="38.846642" lon="-105.007611">
				 <ele>3116.7</ele>
			 </trkpt>
			 <trkpt lat="38.84684" lon="-105.007614">
				 <ele>3115.7</ele>
			 </trkpt>
			 <trkpt lat="38.847057" lon="-105.007493">
				 <ele>3114.7</ele>
			 </trkpt>
			 <trkpt lat="38.847101" lon="-105.007431">
				 <ele>3113.7</ele>
			 </trkpt>
			 <trkpt lat="38.847139" lon="-105.007307">
				 <ele>3112.7</ele>
			 </trkpt>
			 <trkpt lat="38.847157" lon="-105.007252">
				 <ele>3111.7</ele>
			 </trkpt>
			 <trkpt lat="38.847329" lon="-105.007134">
				 <ele>3110.8</ele>
			 </trkpt>
			 <trkpt lat="38.847356" lon="-105.007083">
				 <ele>3109.8</ele>
			 </trkpt>
			 <trkpt lat="38.847416" lon="-105.007021">
				 <ele>3108.8</ele>
			 </trkpt>
			 <trkpt lat="38.847468" lon="-105.006951">
				 <ele>3107.7</ele>
			 </trkpt>
			 <trkpt lat="38.84756" lon="-105.006871">
				 <ele>3106.6</ele>
			 </trkpt>
			 <trkpt lat="38.847544" lon="-105.006823">
				 <ele>3105.5</ele>
			 </trkpt>
			 <trkpt lat="38.847529" lon="-105.006739">
				 <ele>3104.3</ele>
			 </trkpt>
			 <trkpt lat="38.847546" lon="-105.006656">
				 <ele>3103.1</ele>
			 </trkpt>
			 <trkpt lat="38.847604" lon="-105.006546">
				 <ele>3101.9</ele>
			 </trkpt>
			 <trkpt lat="38.847661" lon="-105.006286">
				 <ele>3100.6</ele>
			 </trkpt>
			 <trkpt lat="38.847648" lon="-105.006163">
				 <ele>3099.4</ele>
			 </trkpt>
			 <trkpt lat="38.847606" lon="-105.006034">
				 <ele>3098.1</ele>
			 </trkpt>
			 <trkpt lat="38.84759" lon="-105.005921">
				 <ele>3096.8</ele>
			 </trkpt>
			 <trkpt lat="38.847602" lon="-105.00583">
				 <ele>3095.5</ele>
			 </trkpt>
			 <trkpt lat="38.8476" lon="-105.00576">
				 <ele>3094.3</ele>
			 </trkpt>
			 <trkpt lat="38.847568" lon="-105.005705">
				 <ele>3092.9</ele>
			 </trkpt>
			 <trkpt lat="38.847493" lon="-105.005573">
				 <ele>3091.6</ele>
			 </trkpt>
			 <trkpt lat="38.847414" lon="-105.005449">
				 <ele>3090.4</ele>
			 </trkpt>
			 <trkpt lat="38.847393" lon="-105.005423">
				 <ele>3089</ele>
			 </trkpt>
			 <trkpt lat="38.847293" lon="-105.005288">
				 <ele>3087.6</ele>
			 </trkpt>
			 <trkpt lat="38.847017" lon="-105.004862">
				 <ele>3086.3</ele>
			 </trkpt>
			 <trkpt lat="38.84695" lon="-105.004728">
				 <ele>3084.9</ele>
			 </trkpt>
			 <trkpt lat="38.846842" lon="-105.004615">
				 <ele>3083.5</ele>
			 </trkpt>
			 <trkpt lat="38.846721" lon="-105.004505">
				 <ele>3082.3</ele>
			 </trkpt>
			 <trkpt lat="38.846585" lon="-105.004406">
				 <ele>3081</ele>
			 </trkpt>
			 <trkpt lat="38.846482" lon="-105.004291">
				 <ele>3079.6</ele>
			 </trkpt>
			 <trkpt lat="38.846399" lon="-105.004181">
				 <ele>3078.4</ele>
			 </trkpt>
			 <trkpt lat="38.846377" lon="-105.004149">
				 <ele>3077.1</ele>
			 </trkpt>
			 <trkpt lat="38.846353" lon="-105.004111">
				 <ele>3075.8</ele>
			 </trkpt>
			 <trkpt lat="38.846353" lon="-105.004044">
				 <ele>3074.6</ele>
			 </trkpt>
			 <trkpt lat="38.846437" lon="-105.00391">
				 <ele>3073.4</ele>
			 </trkpt>
			 <trkpt lat="38.846462" lon="-105.003818">
				 <ele>3072.1</ele>
			 </trkpt>
			 <trkpt lat="38.846485" lon="-105.003641">
				 <ele>3070.8</ele>
			 </trkpt>
			 <trkpt lat="38.846535" lon="-105.003486">
				 <ele>3069.5</ele>
			 </trkpt>
			 <trkpt lat="38.846574" lon="-105.003395">
				 <ele>3068.1</ele>
			 </trkpt>
			 <trkpt lat="38.84685" lon="-105.003059">
				 <ele>3066.6</ele>
			 </trkpt>
			 <trkpt lat="38.846902" lon="-105.00303">
				 <ele>3065.2</ele>
			 </trkpt>
			 <trkpt lat="38.846965" lon="-105.003008">
				 <ele>3063.6</ele>
			 </trkpt>
			 <trkpt lat="38.846998" lon="-105.002882">
				 <ele>3062</ele>
			 </trkpt>
			 <trkpt lat="38.847097" lon="-105.002392">
				 <ele>3060.2</ele>
			 </trkpt>
			 <trkpt lat="38.847138" lon="-105.002105">
				 <ele>3058.2</ele>
			 </trkpt>
			 <trkpt lat="38.847163" lon="-105.001984">
				 <ele>3056.2</ele>
			 </trkpt>
			 <trkpt lat="38.847115" lon="-105.002005">
				 <ele>3054.1</ele>
			 </trkpt>
			 <trkpt lat="38.847013" lon="-105.002105">
				 <ele>3051.9</ele>
			 </trkpt>
			 <trkpt lat="38.846982" lon="-105.002072">
				 <ele>3049.7</ele>
			 </trkpt>
			 <trkpt lat="38.847007" lon="-105.001957">
				 <ele>3047.4</ele>
			 </trkpt>
			 <trkpt lat="38.847105" lon="-105.001699">
				 <ele>3044.9</ele>
			 </trkpt>
			 <trkpt lat="38.847168" lon="-105.001485">
				 <ele>3042.4</ele>
			 </trkpt>
			 <trkpt lat="38.847337" lon="-105.001083">
				 <ele>3039.8</ele>
			 </trkpt>
			 <trkpt lat="38.847481" lon="-105.000696">
				 <ele>3037.3</ele>
			 </trkpt>
			 <trkpt lat="38.847565" lon="-105.000522">
				 <ele>3034.8</ele>
			 </trkpt>
			 <trkpt lat="38.847604" lon="-105.000407">
				 <ele>3032.5</ele>
			 </trkpt>
			 <trkpt lat="38.847614" lon="-105.000337">
				 <ele>3030.2</ele>
			 </trkpt>
			 <trkpt lat="38.847619" lon="-105.000302">
				 <ele>3028</ele>
			 </trkpt>
			 <trkpt lat="38.847621" lon="-105.000173">
				 <ele>3025.9</ele>
			 </trkpt>
			 <trkpt lat="38.847613" lon="-104.999988">
				 <ele>3023.8</ele>
			 </trkpt>
			 <trkpt lat="38.847615" lon="-104.999873">
				 <ele>3021.8</ele>
			 </trkpt>
			 <trkpt lat="38.847636" lon="-104.999733">
				 <ele>3019.9</ele>
			 </trkpt>
			 <trkpt lat="38.847669" lon="-104.999621">
				 <ele>3018.1</ele>
			 </trkpt>
			 <trkpt lat="38.847684" lon="-104.999481">
				 <ele>3016.3</ele>
			 </trkpt>
			 <trkpt lat="38.8477" lon="-104.999393">
				 <ele>3014.5</ele>
			 </trkpt>
			 <trkpt lat="38.847732" lon="-104.999355">
				 <ele>3012.5</ele>
			 </trkpt>
			 <trkpt lat="38.847771" lon="-104.99928">
				 <ele>3010.6</ele>
			 </trkpt>
			 <trkpt lat="38.847792" lon="-104.999149">
				 <ele>3008.6</ele>
			 </trkpt>
			 <trkpt lat="38.847815" lon="-104.998945">
				 <ele>3006.5</ele>
			 </trkpt>
			 <trkpt lat="38.847876" lon="-104.99865">
				 <ele>3004.4</ele>
			 </trkpt>
			 <trkpt lat="38.847924" lon="-104.998371">
				 <ele>3002.2</ele>
			 </trkpt>
			 <trkpt lat="38.847945" lon="-104.998213">
				 <ele>3000</ele>
			 </trkpt>
			 <trkpt lat="38.847943" lon="-104.998073">
				 <ele>2997.8</ele>
			 </trkpt>
			 <trkpt lat="38.84787" lon="-104.997859">
				 <ele>2995.6</ele>
			 </trkpt>
			 <trkpt lat="38.847859" lon="-104.997789">
				 <ele>2993.5</ele>
			 </trkpt>
			 <trkpt lat="38.847959" lon="-104.99755">
				 <ele>2991.4</ele>
			 </trkpt>
			 <trkpt lat="38.84798" lon="-104.997419">
				 <ele>2989.4</ele>
			 </trkpt>
			 <trkpt lat="38.848034" lon="-104.997266">
				 <ele>2987.4</ele>
			 </trkpt>
			 <trkpt lat="38.848053" lon="-104.997086">
				 <ele>2985.4</ele>
			 </trkpt>
			 <trkpt lat="38.848064" lon="-104.996893">
				 <ele>2983.5</ele>
			 </trkpt>
			 <trkpt lat="38.848064" lon="-104.996668">
				 <ele>2981.6</ele>
			 </trkpt>
			 <trkpt lat="38.848081" lon="-104.996491">
				 <ele>2979.8</ele>
			 </trkpt>
			 <trkpt lat="38.848095" lon="-104.996409">
				 <ele>2978</ele>
			 </trkpt>
			 <trkpt lat="38.848095" lon="-104.996268">
				 <ele>2976.3</ele>
			 </trkpt>
			 <trkpt lat="38.848034" lon="-104.996061">
				 <ele>2974.5</ele>
			 </trkpt>
			 <trkpt lat="38.848074" lon="-104.995777">
				 <ele>2972.8</ele>
			 </trkpt>
			 <trkpt lat="38.848066" lon="-104.995665">
				 <ele>2971</ele>
			 </trkpt>
			 <trkpt lat="38.848091" lon="-104.995528">
				 <ele>2969.3</ele>
			 </trkpt>
			 <trkpt lat="38.848131" lon="-104.995418">
				 <ele>2967.6</ele>
			 </trkpt>
			 <trkpt lat="38.848158" lon="-104.995308">
				 <ele>2966</ele>
			 </trkpt>
			 <trkpt lat="38.848181" lon="-104.995155">
				 <ele>2964.5</ele>
			 </trkpt>
			 <trkpt lat="38.848166" lon="-104.995005">
				 <ele>2962.9</ele>
			 </trkpt>
			 <trkpt lat="38.848166" lon="-104.994903">
				 <ele>2961.5</ele>
			 </trkpt>
			 <trkpt lat="38.848156" lon="-104.99475">
				 <ele>2960.2</ele>
			 </trkpt>
			 <trkpt lat="38.848139" lon="-104.994624">
				 <ele>2959</ele>
			 </trkpt>
			 <trkpt lat="38.848162" lon="-104.994474">
				 <ele>2957.9</ele>
			 </trkpt>
			 <trkpt lat="38.848172" lon="-104.994318">
				 <ele>2957</ele>
			 </trkpt>
			 <trkpt lat="38.848195" lon="-104.994254">
				 <ele>2956.3</ele>
			 </trkpt>
			 <trkpt lat="38.848218" lon="-104.994195">
				 <ele>2955.5</ele>
			 </trkpt>
			 <trkpt lat="38.848277" lon="-104.994144">
				 <ele>2954.9</ele>
			 </trkpt>
			 <trkpt lat="38.848323" lon="-104.994146">
				 <ele>2954.5</ele>
			 </trkpt>
			 <trkpt lat="38.848503" lon="-104.994181">
				 <ele>2954.1</ele>
			 </trkpt>
			 <trkpt lat="38.848559" lon="-104.994154">
				 <ele>2953.7</ele>
			 </trkpt>
			 <trkpt lat="38.848611" lon="-104.994082">
				 <ele>2953.4</ele>
			 </trkpt>
			 <trkpt lat="38.848634" lon="-104.993953">
				 <ele>2952.9</ele>
			 </trkpt>
			 <trkpt lat="38.848632" lon="-104.993755">
				 <ele>2952.4</ele>
			 </trkpt>
			 <trkpt lat="38.848617" lon="-104.993651">
				 <ele>2951.8</ele>
			 </trkpt>
			 <trkpt lat="38.848611" lon="-104.993605">
				 <ele>2951.3</ele>
			 </trkpt>
			 <trkpt lat="38.848615" lon="-104.993484">
				 <ele>2950.6</ele>
			 </trkpt>
			 <trkpt lat="38.84863" lon="-104.993361">
				 <ele>2950.1</ele>
			 </trkpt>
			 <trkpt lat="38.848636" lon="-104.993253">
				 <ele>2949.5</ele>
			 </trkpt>
			 <trkpt lat="38.848609" lon="-104.993055">
				 <ele>2948.8</ele>
			 </trkpt>
			 <trkpt lat="38.84858" lon="-104.992915">
				 <ele>2948.1</ele>
			 </trkpt>
			 <trkpt lat="38.848532" lon="-104.992516">
				 <ele>2947.4</ele>
			 </trkpt>
			 <trkpt lat="38.84853" lon="-104.992341">
				 <ele>2946.6</ele>
			 </trkpt>
			 <trkpt lat="38.848595" lon="-104.992029">
				 <ele>2946</ele>
			 </trkpt>
			 <trkpt lat="38.848636" lon="-104.991931">
				 <ele>2945.4</ele>
			 </trkpt>
			 <trkpt lat="38.848703" lon="-104.991864">
				 <ele>2944.8</ele>
			 </trkpt>
			 <trkpt lat="38.848755" lon="-104.991797">
				 <ele>2944.2</ele>
			 </trkpt>
			 <trkpt lat="38.84881" lon="-104.991711">
				 <ele>2943.6</ele>
			 </trkpt>
			 <trkpt lat="38.848864" lon="-104.99158">
				 <ele>2943</ele>
			 </trkpt>
			 <trkpt lat="38.848881" lon="-104.991502">
				 <ele>2942.4</ele>
			 </trkpt>
			 <trkpt lat="38.848858" lon="-104.991115">
				 <ele>2941.6</ele>
			 </trkpt>
			 <trkpt lat="38.84883" lon="-104.990909">
				 <ele>2940.8</ele>
			 </trkpt>
			 <trkpt lat="38.848868" lon="-104.990807">
				 <ele>2940</ele>
			 </trkpt>
			 <trkpt lat="38.848941" lon="-104.990745">
				 <ele>2939.2</ele>
			 </trkpt>
			 <trkpt lat="38.849104" lon="-104.9907">
				 <ele>2938.3</ele>
			 </trkpt>
			 <trkpt lat="38.849207" lon="-104.990663">
				 <ele>2937.4</ele>
			 </trkpt>
			 <trkpt lat="38.849263" lon="-104.990603">
				 <ele>2936.4</ele>
			 </trkpt>
			 <trkpt lat="38.849305" lon="-104.990453">
				 <ele>2935.4</ele>
			 </trkpt>
			 <trkpt lat="38.849308" lon="-104.990388">
				 <ele>2934.3</ele>
			 </trkpt>
			 <trkpt lat="38.849325" lon="-104.990102">
				 <ele>2933.2</ele>
			 </trkpt>
			 <trkpt lat="38.849259" lon="-104.989769">
				 <ele>2932.2</ele>
			 </trkpt>
			 <trkpt lat="38.849256" lon="-104.989706">
				 <ele>2931.2</ele>
			 </trkpt>
			 <trkpt lat="38.849307" lon="-104.989565">
				 <ele>2930.4</ele>
			 </trkpt>
			 <trkpt lat="38.849407" lon="-104.989436">
				 <ele>2929.6</ele>
			 </trkpt>
			 <trkpt lat="38.849628" lon="-104.989211">
				 <ele>2929</ele>
			 </trkpt>
			 <trkpt lat="38.84975" lon="-104.989125">
				 <ele>2928.5</ele>
			 </trkpt>
			 <trkpt lat="38.849869" lon="-104.98908">
				 <ele>2927.9</ele>
			 </trkpt>
			 <trkpt lat="38.849942" lon="-104.989029">
				 <ele>2927.5</ele>
			 </trkpt>
			 <trkpt lat="38.849956" lon="-104.988989">
				 <ele>2927</ele>
			 </trkpt>
			 <trkpt lat="38.849975" lon="-104.98894">
				 <ele>2926.5</ele>
			 </trkpt>
			 <trkpt lat="38.849984" lon="-104.988744">
				 <ele>2926.1</ele>
			 </trkpt>
			 <trkpt lat="38.849873" lon="-104.988385">
				 <ele>2925.5</ele>
			 </trkpt>
			 <trkpt lat="38.849835" lon="-104.98817">
				 <ele>2925.1</ele>
			 </trkpt>
			 <trkpt lat="38.849835" lon="-104.987934">
				 <ele>2924.6</ele>
			 </trkpt>
			 <trkpt lat="38.849819" lon="-104.987747">
				 <ele>2924.1</ele>
			 </trkpt>
			 <trkpt lat="38.849812" lon="-104.987578">
				 <ele>2923.5</ele>
			 </trkpt>
			 <trkpt lat="38.849764" lon="-104.98743">
				 <ele>2923</ele>
			 </trkpt>
			 <trkpt lat="38.849683" lon="-104.987299">
				 <ele>2922.5</ele>
			 </trkpt>
			 <trkpt lat="38.849532" lon="-104.986998">
				 <ele>2921.9</ele>
			 </trkpt>
			 <trkpt lat="38.849503" lon="-104.98687">
				 <ele>2921.5</ele>
			 </trkpt>
			 <trkpt lat="38.849514" lon="-104.98676">
				 <ele>2921.1</ele>
			 </trkpt>
			 <trkpt lat="38.849382" lon="-104.986239">
				 <ele>2920.8</ele>
			 </trkpt>
			 <trkpt lat="38.849334" lon="-104.985893">
				 <ele>2920.6</ele>
			 </trkpt>
			 <trkpt lat="38.849336" lon="-104.98559">
				 <ele>2920.4</ele>
			 </trkpt>
			 <trkpt lat="38.849334" lon="-104.985543">
				 <ele>2920.1</ele>
			 </trkpt>
			 <trkpt lat="38.84933" lon="-104.985359">
				 <ele>2919.8</ele>
			 </trkpt>
			 <trkpt lat="38.849319" lon="-104.985182">
				 <ele>2919.5</ele>
			 </trkpt>
			 <trkpt lat="38.849332" lon="-104.984992">
				 <ele>2919.2</ele>
			 </trkpt>
			 <trkpt lat="38.849355" lon="-104.984871">
				 <ele>2918.8</ele>
			 </trkpt>
			 <trkpt lat="38.849365" lon="-104.984718">
				 <ele>2918.5</ele>
			 </trkpt>
			 <trkpt lat="38.849332" lon="-104.984507">
				 <ele>2918</ele>
			 </trkpt>
			 <trkpt lat="38.84928" lon="-104.984295">
				 <ele>2917.5</ele>
			 </trkpt>
			 <trkpt lat="38.849261" lon="-104.984123">
				 <ele>2917.1</ele>
			 </trkpt>
			 <trkpt lat="38.849277" lon="-104.984013">
				 <ele>2916.5</ele>
			 </trkpt>
			 <trkpt lat="38.84934" lon="-104.983882">
				 <ele>2916.1</ele>
			 </trkpt>
			 <trkpt lat="38.849382" lon="-104.983477">
				 <ele>2915.6</ele>
			 </trkpt>
			 <trkpt lat="38.849436" lon="-104.983273">
				 <ele>2915.2</ele>
			 </trkpt>
			 <trkpt lat="38.849516" lon="-104.983106">
				 <ele>2914.7</ele>
			 </trkpt>
			 <trkpt lat="38.84958" lon="-104.982996">
				 <ele>2914.3</ele>
			 </trkpt>
			 <trkpt lat="38.849668" lon="-104.98297">
				 <ele>2913.8</ele>
			 </trkpt>
			 <trkpt lat="38.849892" lon="-104.983219">
				 <ele>2913.2</ele>
			 </trkpt>
			 <trkpt lat="38.849954" lon="-104.983284">
				 <ele>2912.5</ele>
			 </trkpt>
			 <trkpt lat="38.850061" lon="-104.983393">
				 <ele>2911.5</ele>
			 </trkpt>
			 <trkpt lat="38.850163" lon="-104.98338">
				 <ele>2910.2</ele>
			 </trkpt>
			 <trkpt lat="38.850366" lon="-104.983377">
				 <ele>2908.8</ele>
			 </trkpt>
			 <trkpt lat="38.850502" lon="-104.983367">
				 <ele>2907.2</ele>
			 </trkpt>
			 <trkpt lat="38.85061" lon="-104.98341">
				 <ele>2905.4</ele>
			 </trkpt>
			 <trkpt lat="38.850689" lon="-104.983388">
				 <ele>2903.5</ele>
			 </trkpt>
			 <trkpt lat="38.850815" lon="-104.983265">
				 <ele>2901.4</ele>
			 </trkpt>
			 <trkpt lat="38.850917" lon="-104.9832">
				 <ele>2899.2</ele>
			 </trkpt>
			 <trkpt lat="38.85116" lon="-104.982986">
				 <ele>2896.9</ele>
			 </trkpt>
			 <trkpt lat="38.85122" lon="-104.982913">
				 <ele>2894.8</ele>
			 </trkpt>
			 <trkpt lat="38.851245" lon="-104.982798">
				 <ele>2892.8</ele>
			 </trkpt>
			 <trkpt lat="38.85126" lon="-104.982599">
				 <ele>2891</ele>
			 </trkpt>
			 <trkpt lat="38.851245" lon="-104.982444">
				 <ele>2889.5</ele>
			 </trkpt>
			 <trkpt lat="38.851218" lon="-104.982363">
				 <ele>2888.1</ele>
			 </trkpt>
			 <trkpt lat="38.851201" lon="-104.982307">
				 <ele>2887</ele>
			 </trkpt>
			 <trkpt lat="38.851189" lon="-104.9822">
				 <ele>2886</ele>
			 </trkpt>
			 <trkpt lat="38.851197" lon="-104.982095">
				 <ele>2885.2</ele>
			 </trkpt>
			 <trkpt lat="38.851226" lon="-104.981942">
				 <ele>2884.5</ele>
			 </trkpt>
			 <trkpt lat="38.851318" lon="-104.981548">
				 <ele>2884</ele>
			 </trkpt>
			 <trkpt lat="38.851358" lon="-104.981446">
				 <ele>2883.5</ele>
			 </trkpt>
			 <trkpt lat="38.851458" lon="-104.981253">
				 <ele>2883.1</ele>
			 </trkpt>
			 <trkpt lat="38.851513" lon="-104.981199">
				 <ele>2882.6</ele>
			 </trkpt>
			 <trkpt lat="38.851598" lon="-104.981162">
				 <ele>2882.1</ele>
			 </trkpt>
			 <trkpt lat="38.851644" lon="-104.981118">
				 <ele>2881.5</ele>
			 </trkpt>
			 <trkpt lat="38.851673" lon="-104.981079">
				 <ele>2880.6</ele>
			 </trkpt>
			 <trkpt lat="38.851749" lon="-104.980827">
				 <ele>2879.6</ele>
			 </trkpt>
			 <trkpt lat="38.851809" lon="-104.980717">
				 <ele>2878.5</ele>
			 </trkpt>
			 <trkpt lat="38.851878" lon="-104.980625">
				 <ele>2877.4</ele>
			 </trkpt>
			 <trkpt lat="38.852029" lon="-104.980446">
				 <ele>2876</ele>
			 </trkpt>
			 <trkpt lat="38.852187" lon="-104.980167">
				 <ele>2874.5</ele>
			 </trkpt>
			 <trkpt lat="38.852373" lon="-104.980033">
				 <ele>2873.1</ele>
			 </trkpt>
			 <trkpt lat="38.852553" lon="-104.979848">
				 <ele>2871.5</ele>
			 </trkpt>
			 <trkpt lat="38.85268" lon="-104.979743">
				 <ele>2869.8</ele>
			 </trkpt>
			 <trkpt lat="38.852764" lon="-104.979711">
				 <ele>2868.3</ele>
			 </trkpt>
			 <trkpt lat="38.852812" lon="-104.979603">
				 <ele>2866.7</ele>
			 </trkpt>
			 <trkpt lat="38.852862" lon="-104.97951">
				 <ele>2865.2</ele>
			 </trkpt>
			 <trkpt lat="38.852969" lon="-104.979384">
				 <ele>2863.7</ele>
			 </trkpt>
			 <trkpt lat="38.853071" lon="-104.979327">
				 <ele>2862.4</ele>
			 </trkpt>
			 <trkpt lat="38.853169" lon="-104.979214">
				 <ele>2861</ele>
			 </trkpt>
			 <trkpt lat="38.853183" lon="-104.979165">
				 <ele>2859.7</ele>
			 </trkpt>
			 <trkpt lat="38.853225" lon="-104.979024">
				 <ele>2858.5</ele>
			 </trkpt>
			 <trkpt lat="38.853276" lon="-104.978922">
				 <ele>2857.2</ele>
			 </trkpt>
			 <trkpt lat="38.853338" lon="-104.978834">
				 <ele>2856</ele>
			 </trkpt>
			 <trkpt lat="38.853451" lon="-104.978724">
				 <ele>2854.8</ele>
			 </trkpt>
			 <trkpt lat="38.853509" lon="-104.978474">
				 <ele>2853.7</ele>
			 </trkpt>
			 <trkpt lat="38.853572" lon="-104.978388">
				 <ele>2852.6</ele>
			 </trkpt>
			 <trkpt lat="38.853654" lon="-104.97823">
				 <ele>2851.7</ele>
			 </trkpt>
			 <trkpt lat="38.853662" lon="-104.978186">
				 <ele>2850.9</ele>
			 </trkpt>
			 <trkpt lat="38.853677" lon="-104.978112">
				 <ele>2850.2</ele>
			 </trkpt>
			 <trkpt lat="38.853691" lon="-104.977552">
				 <ele>2849.5</ele>
			 </trkpt>
			 <trkpt lat="38.853758" lon="-104.976811">
				 <ele>2849</ele>
			 </trkpt>
			 <trkpt lat="38.853785" lon="-104.976629">
				 <ele>2848.6</ele>
			 </trkpt>
			 <trkpt lat="38.853796" lon="-104.976331">
				 <ele>2848.5</ele>
			 </trkpt>
			 <trkpt lat="38.853846" lon="-104.976213">
				 <ele>2848.4</ele>
			 </trkpt>
			 <trkpt lat="38.853883" lon="-104.976063">
				 <ele>2848.4</ele>
			 </trkpt>
			 <trkpt lat="38.853903" lon="-104.976028">
				 <ele>2848.4</ele>
			 </trkpt>
			 <trkpt lat="38.853929" lon="-104.975985">
				 <ele>2848.5</ele>
			 </trkpt>
			 <trkpt lat="38.853992" lon="-104.975929">
				 <ele>2848.5</ele>
			 </trkpt>
			 <trkpt lat="38.854034" lon="-104.975816">
				 <ele>2848.5</ele>
			 </trkpt>
			 <trkpt lat="38.854048" lon="-104.975631">
				 <ele>2848.5</ele>
			 </trkpt>
			 <trkpt lat="38.854076" lon="-104.975459">
				 <ele>2848.5</ele>
			 </trkpt>
			 <trkpt lat="38.854153" lon="-104.975095">
				 <ele>2848.4</ele>
			 </trkpt>
			 <trkpt lat="38.854153" lon="-104.974971">
				 <ele>2848.2</ele>
			 </trkpt>
			 <trkpt lat="38.854172" lon="-104.974789">
				 <ele>2847.9</ele>
			 </trkpt>
			 <trkpt lat="38.854222" lon="-104.974547">
				 <ele>2847.5</ele>
			 </trkpt>
			 <trkpt lat="38.854237" lon="-104.97443">
				 <ele>2847.2</ele>
			 </trkpt>
			 <trkpt lat="38.854243" lon="-104.974387">
				 <ele>2846.7</ele>
			 </trkpt>
			 <trkpt lat="38.854236" lon="-104.974295">
				 <ele>2846.2</ele>
			 </trkpt>
			 <trkpt lat="38.853977" lon="-104.973767">
				 <ele>2845.6</ele>
			 </trkpt>
			 <trkpt lat="38.8539" lon="-104.973585">
				 <ele>2845.1</ele>
			 </trkpt>
			 <trkpt lat="38.853846" lon="-104.973421">
				 <ele>2844.5</ele>
			 </trkpt>
			 <trkpt lat="38.853812" lon="-104.973209">
				 <ele>2843.8</ele>
			 </trkpt>
			 <trkpt lat="38.853771" lon="-104.973096">
				 <ele>2843.1</ele>
			 </trkpt>
			 <trkpt lat="38.853702" lon="-104.972938">
				 <ele>2842.4</ele>
			 </trkpt>
			 <trkpt lat="38.853652" lon="-104.972742">
				 <ele>2841.5</ele>
			 </trkpt>
			 <trkpt lat="38.853619" lon="-104.972591">
				 <ele>2840.5</ele>
			 </trkpt>
			 <trkpt lat="38.853595" lon="-104.972474">
				 <ele>2839.4</ele>
			 </trkpt>
			 <trkpt lat="38.853566" lon="-104.972262">
				 <ele>2838.1</ele>
			 </trkpt>
			 <trkpt lat="38.853484" lon="-104.971793">
				 <ele>2836.7</ele>
			 </trkpt>
			 <trkpt lat="38.853468" lon="-104.971452">
				 <ele>2835.1</ele>
			 </trkpt>
			 <trkpt lat="38.853443" lon="-104.97123">
				 <ele>2833.4</ele>
			 </trkpt>
			 <trkpt lat="38.853418" lon="-104.970991">
				 <ele>2831.5</ele>
			 </trkpt>
			 <trkpt lat="38.853401" lon="-104.970591">
				 <ele>2829.4</ele>
			 </trkpt>
			 <trkpt lat="38.853405" lon="-104.970441">
				 <ele>2827.2</ele>
			 </trkpt>
			 <trkpt lat="38.853453" lon="-104.969744">
				 <ele>2824.8</ele>
			 </trkpt>
			 <trkpt lat="38.853443" lon="-104.969583">
				 <ele>2822.4</ele>
			 </trkpt>
			 <trkpt lat="38.853332" lon="-104.969188">
				 <ele>2819.7</ele>
			 </trkpt>
			 <trkpt lat="38.853313" lon="-104.96903">
				 <ele>2817.2</ele>
			 </trkpt>
			 <trkpt lat="38.853334" lon="-104.968767">
				 <ele>2814.5</ele>
			 </trkpt>
			 <trkpt lat="38.853336" lon="-104.968545">
				 <ele>2811.9</ele>
			 </trkpt>
			 <trkpt lat="38.853323" lon="-104.96837">
				 <ele>2809.4</ele>
			 </trkpt>
			 <trkpt lat="38.853363" lon="-104.968242">
				 <ele>2806.8</ele>
			 </trkpt>
			 <trkpt lat="38.853369" lon="-104.967955">
				 <ele>2804.4</ele>
			 </trkpt>
			 <trkpt lat="38.853399" lon="-104.967783">
				 <ele>2802.1</ele>
			 </trkpt>
			 <trkpt lat="38.853472" lon="-104.967523">
				 <ele>2799.8</ele>
			 </trkpt>
			 <trkpt lat="38.853501" lon="-104.967316">
				 <ele>2797.8</ele>
			 </trkpt>
			 <trkpt lat="38.853564" lon="-104.966941">
				 <ele>2796</ele>
			 </trkpt>
			 <trkpt lat="38.853583" lon="-104.966734">
				 <ele>2794.5</ele>
			 </trkpt>
			 <trkpt lat="38.853606" lon="-104.966557">
				 <ele>2793</ele>
			 </trkpt>
			 <trkpt lat="38.853768" lon="-104.965978">
				 <ele>2791.8</ele>
			 </trkpt>
			 <trkpt lat="38.85381" lon="-104.965803">
				 <ele>2790.8</ele>
			 </trkpt>
			 <trkpt lat="38.853869" lon="-104.965637">
				 <ele>2789.9</ele>
			 </trkpt>
			 <trkpt lat="38.853885" lon="-104.965495">
				 <ele>2789.1</ele>
			 </trkpt>
			 <trkpt lat="38.853893" lon="-104.965371">
				 <ele>2788.5</ele>
			 </trkpt>
			 <trkpt lat="38.853906" lon="-104.965205">
				 <ele>2787.7</ele>
			 </trkpt>
			 <trkpt lat="38.853906" lon="-104.965077">
				 <ele>2787.1</ele>
			 </trkpt>
			 <trkpt lat="38.853931" lon="-104.964921">
				 <ele>2786.3</ele>
			 </trkpt>
			 <trkpt lat="38.853983" lon="-104.964661">
				 <ele>2785.4</ele>
			 </trkpt>
			 <trkpt lat="38.854021" lon="-104.964473">
				 <ele>2784.3</ele>
			 </trkpt>
			 <trkpt lat="38.854099" lon="-104.964209">
				 <ele>2783.1</ele>
			 </trkpt>
			 <trkpt lat="38.854134" lon="-104.964132">
				 <ele>2781.6</ele>
			 </trkpt>
			 <trkpt lat="38.854215" lon="-104.964057">
				 <ele>2779.9</ele>
			 </trkpt>
			 <trkpt lat="38.854362" lon="-104.964001">
				 <ele>2778</ele>
			 </trkpt>
			 <trkpt lat="38.854422" lon="-104.963947">
				 <ele>2775.9</ele>
			 </trkpt>
			 <trkpt lat="38.854525" lon="-104.96369">
				 <ele>2773.5</ele>
			 </trkpt>
			 <trkpt lat="38.854583" lon="-104.963491">
				 <ele>2770.9</ele>
			 </trkpt>
			 <trkpt lat="38.854658" lon="-104.963349">
				 <ele>2768.2</ele>
			 </trkpt>
			 <trkpt lat="38.854746" lon="-104.963255">
				 <ele>2765.3</ele>
			 </trkpt>
			 <trkpt lat="38.854881" lon="-104.963162">
				 <ele>2762.3</ele>
			 </trkpt>
			 <trkpt lat="38.854973" lon="-104.963048">
				 <ele>2759.2</ele>
			 </trkpt>
			 <trkpt lat="38.855101" lon="-104.962888">
				 <ele>2755.9</ele>
			 </trkpt>
			 <trkpt lat="38.855272" lon="-104.962638">
				 <ele>2752.7</ele>
			 </trkpt>
			 <trkpt lat="38.855435" lon="-104.962456">
				 <ele>2749.6</ele>
			 </trkpt>
			 <trkpt lat="38.855494" lon="-104.962334">
				 <ele>2746.6</ele>
			 </trkpt>
			 <trkpt lat="38.855692" lon="-104.961928">
				 <ele>2743.7</ele>
			 </trkpt>
			 <trkpt lat="38.855761" lon="-104.961756">
				 <ele>2741.1</ele>
			 </trkpt>
			 <trkpt lat="38.855843" lon="-104.961627">
				 <ele>2738.5</ele>
			 </trkpt>
			 <trkpt lat="38.855911" lon="-104.961504">
				 <ele>2736.1</ele>
			 </trkpt>
			 <trkpt lat="38.855973" lon="-104.961285">
				 <ele>2733.9</ele>
			 </trkpt>
			 <trkpt lat="38.855991" lon="-104.961222">
				 <ele>2731.8</ele>
			 </trkpt>
			 <trkpt lat="38.855968" lon="-104.961171">
				 <ele>2730</ele>
			 </trkpt>
			 <trkpt lat="38.855918" lon="-104.961185">
				 <ele>2728.5</ele>
			 </trkpt>
			 <trkpt lat="38.855882" lon="-104.961224">
				 <ele>2727</ele>
			 </trkpt>
			 <trkpt lat="38.855863" lon="-104.961153">
				 <ele>2725.7</ele>
			 </trkpt>
			 <trkpt lat="38.855901" lon="-104.961056">
				 <ele>2724.6</ele>
			 </trkpt>
			 <trkpt lat="38.855974" lon="-104.960959">
				 <ele>2723.8</ele>
			 </trkpt>
			 <trkpt lat="38.856058" lon="-104.960909">
				 <ele>2723.2</ele>
			 </trkpt>
			 <trkpt lat="38.856118" lon="-104.960823">
				 <ele>2722.8</ele>
			 </trkpt>
			 <trkpt lat="38.856247" lon="-104.960667">
				 <ele>2722.7</ele>
			 </trkpt>
			 <trkpt lat="38.856187" lon="-104.960603">
				 <ele>2722.8</ele>
			 </trkpt>
			 <trkpt lat="38.85612" lon="-104.960627">
				 <ele>2723.1</ele>
			 </trkpt>
			 <trkpt lat="38.85601" lon="-104.96071">
				 <ele>2723.4</ele>
			 </trkpt>
			 <trkpt lat="38.855861" lon="-104.960768">
				 <ele>2723.6</ele>
			 </trkpt>
			 <trkpt lat="38.855738" lon="-104.960815">
				 <ele>2723.9</ele>
			 </trkpt>
			 <trkpt lat="38.855523" lon="-104.960945">
				 <ele>2724</ele>
			 </trkpt>
			 <trkpt lat="38.855481" lon="-104.960949">
				 <ele>2723.8</ele>
			 </trkpt>
			 <trkpt lat="38.855477" lon="-104.960873">
				 <ele>2723.3</ele>
			 </trkpt>
			 <trkpt lat="38.855475" lon="-104.960831">
				 <ele>2722.4</ele>
			 </trkpt>
			 <trkpt lat="38.855596" lon="-104.960727">
				 <ele>2721</ele>
			 </trkpt>
			 <trkpt lat="38.855671" lon="-104.960608">
				 <ele>2719.3</ele>
			 </trkpt>
			 <trkpt lat="38.855765" lon="-104.960479">
				 <ele>2717.2</ele>
			 </trkpt>
			 <trkpt lat="38.855914" lon="-104.960294">
				 <ele>2714.9</ele>
			 </trkpt>
			 <trkpt lat="38.855963" lon="-104.959771">
				 <ele>2712.5</ele>
			 </trkpt>
			 <trkpt lat="38.855976" lon="-104.959686">
				 <ele>2710</ele>
			 </trkpt>
			 <trkpt lat="38.856022" lon="-104.95941">
				 <ele>2707.5</ele>
			 </trkpt>
			 <trkpt lat="38.856058" lon="-104.95931">
				 <ele>2705.2</ele>
			 </trkpt>
			 <trkpt lat="38.85613" lon="-104.95918">
				 <ele>2703</ele>
			 </trkpt>
			 <trkpt lat="38.856266" lon="-104.95911">
				 <ele>2700.9</ele>
			 </trkpt>
			 <trkpt lat="38.856285" lon="-104.959035">
				 <ele>2699</ele>
			 </trkpt>
			 <trkpt lat="38.856317" lon="-104.958853">
				 <ele>2697.3</ele>
			 </trkpt>
			 <trkpt lat="38.856256" lon="-104.958882">
				 <ele>2695.7</ele>
			 </trkpt>
			 <trkpt lat="38.856211" lon="-104.95894">
				 <ele>2694.4</ele>
			 </trkpt>
			 <trkpt lat="38.856155" lon="-104.958957">
				 <ele>2693</ele>
			 </trkpt>
			 <trkpt lat="38.856096" lon="-104.958911">
				 <ele>2691.6</ele>
			 </trkpt>
			 <trkpt lat="38.856088" lon="-104.958849">
				 <ele>2690.2</ele>
			 </trkpt>
			 <trkpt lat="38.856191" lon="-104.958718">
				 <ele>2688.6</ele>
			 </trkpt>
			 <trkpt lat="38.856277" lon="-104.958551">
				 <ele>2687</ele>
			 </trkpt>
			 <trkpt lat="38.856373" lon="-104.958419">
				 <ele>2685.3</ele>
			 </trkpt>
			 <trkpt lat="38.856511" lon="-104.958189">
				 <ele>2683.5</ele>
			 </trkpt>
			 <trkpt lat="38.856603" lon="-104.957982">
				 <ele>2681.7</ele>
			 </trkpt>
			 <trkpt lat="38.856634" lon="-104.957861">
				 <ele>2680</ele>
			 </trkpt>
			 <trkpt lat="38.856688" lon="-104.957792">
				 <ele>2678.2</ele>
			 </trkpt>
			 <trkpt lat="38.856703" lon="-104.957725">
				 <ele>2676.2</ele>
			 </trkpt>
			 <trkpt lat="38.856665" lon="-104.957674">
				 <ele>2674.1</ele>
			 </trkpt>
			 <trkpt lat="38.856477" lon="-104.95751">
				 <ele>2672</ele>
			 </trkpt>
			 <trkpt lat="38.856428" lon="-104.957348">
				 <ele>2669.8</ele>
			 </trkpt>
			 <trkpt lat="38.856396" lon="-104.957175">
				 <ele>2667.5</ele>
			 </trkpt>
			 <trkpt lat="38.856413" lon="-104.957003">
				 <ele>2665</ele>
			 </trkpt>
			 <trkpt lat="38.856452" lon="-104.956874">
				 <ele>2662.5</ele>
			 </trkpt>
			 <trkpt lat="38.856515" lon="-104.956722">
				 <ele>2660</ele>
			 </trkpt>
			 <trkpt lat="38.856549" lon="-104.956609">
				 <ele>2657.5</ele>
			 </trkpt>
			 <trkpt lat="38.856512" lon="-104.956406">
				 <ele>2654.7</ele>
			 </trkpt>
			 <trkpt lat="38.856507" lon="-104.956008">
				 <ele>2652</ele>
			 </trkpt>
			 <trkpt lat="38.856524" lon="-104.955863">
				 <ele>2649.5</ele>
			 </trkpt>
			 <trkpt lat="38.856526" lon="-104.955724">
				 <ele>2647.3</ele>
			 </trkpt>
			 <trkpt lat="38.856519" lon="-104.955552">
				 <ele>2645</ele>
			 </trkpt>
			 <trkpt lat="38.856486" lon="-104.955178">
				 <ele>2642.9</ele>
			 </trkpt>
			 <trkpt lat="38.856432" lon="-104.955053">
				 <ele>2641</ele>
			 </trkpt>
			 <trkpt lat="38.856422" lon="-104.954892">
				 <ele>2639.4</ele>
			 </trkpt>
			 <trkpt lat="38.856415" lon="-104.954828">
				 <ele>2637.8</ele>
			 </trkpt>
			 <trkpt lat="38.856411" lon="-104.9546">
				 <ele>2636.5</ele>
			 </trkpt>
			 <trkpt lat="38.856436" lon="-104.954514">
				 <ele>2635.2</ele>
			 </trkpt>
			 <trkpt lat="38.856498" lon="-104.954387">
				 <ele>2634.1</ele>
			 </trkpt>
			 <trkpt lat="38.856544" lon="-104.954313">
				 <ele>2633.1</ele>
			 </trkpt>
			 <trkpt lat="38.856534" lon="-104.954235">
				 <ele>2632</ele>
			 </trkpt>
			 <trkpt lat="38.856464" lon="-104.953955">
				 <ele>2630.8</ele>
			 </trkpt>
			 <trkpt lat="38.856419" lon="-104.953805">
				 <ele>2629.7</ele>
			 </trkpt>
			 <trkpt lat="38.856416" lon="-104.953736">
				 <ele>2628.6</ele>
			 </trkpt>
			 <trkpt lat="38.856433" lon="-104.953658">
				 <ele>2627.6</ele>
			 </trkpt>
			 <trkpt lat="38.856384" lon="-104.953696">
				 <ele>2626.5</ele>
			 </trkpt>
			 <trkpt lat="38.856345" lon="-104.953779">
				 <ele>2625.3</ele>
			 </trkpt>
			 <trkpt lat="38.856309" lon="-104.953947">
				 <ele>2624.1</ele>
			 </trkpt>
			 <trkpt lat="38.8563" lon="-104.953988">
				 <ele>2622.8</ele>
			 </trkpt>
			 <trkpt lat="38.856299" lon="-104.954127">
				 <ele>2621.5</ele>
			 </trkpt>
			 <trkpt lat="38.856231" lon="-104.954122">
				 <ele>2620.2</ele>
			 </trkpt>
			 <trkpt lat="38.856195" lon="-104.954041">
				 <ele>2618.8</ele>
			 </trkpt>
			 <trkpt lat="38.856141" lon="-104.953922">
				 <ele>2617.5</ele>
			 </trkpt>
			 <trkpt lat="38.856108" lon="-104.953878">
				 <ele>2616.3</ele>
			 </trkpt>
			 <trkpt lat="38.8561" lon="-104.953755">
				 <ele>2615</ele>
			 </trkpt>
			 <trkpt lat="38.856102" lon="-104.953672">
				 <ele>2613.7</ele>
			 </trkpt>
			 <trkpt lat="38.856122" lon="-104.953591">
				 <ele>2612.5</ele>
			 </trkpt>
			 <trkpt lat="38.856112" lon="-104.953481">
				 <ele>2611.3</ele>
			 </trkpt>
			 <trkpt lat="38.8561" lon="-104.953272">
				 <ele>2610</ele>
			 </trkpt>
			 <trkpt lat="38.856111" lon="-104.953228">
				 <ele>2608.8</ele>
			 </trkpt>
			 <trkpt lat="38.856202" lon="-104.953079">
				 <ele>2607.6</ele>
			 </trkpt>
			 <trkpt lat="38.856258" lon="-104.95295">
				 <ele>2606.5</ele>
			 </trkpt>
			 <trkpt lat="38.856279" lon="-104.952883">
				 <ele>2605.4</ele>
			 </trkpt>
			 <trkpt lat="38.856287" lon="-104.952773">
				 <ele>2604.1</ele>
			 </trkpt>
			 <trkpt lat="38.856267" lon="-104.952612">
				 <ele>2602.8</ele>
			 </trkpt>
			 <trkpt lat="38.856216" lon="-104.95247">
				 <ele>2601.5</ele>
			 </trkpt>
			 <trkpt lat="38.856185" lon="-104.952363">
				 <ele>2600.2</ele>
			 </trkpt>
			 <trkpt lat="38.856225" lon="-104.952113">
				 <ele>2598.8</ele>
			 </trkpt>
			 <trkpt lat="38.856214" lon="-104.951955">
				 <ele>2597.5</ele>
			 </trkpt>
			 <trkpt lat="38.856189" lon="-104.951826">
				 <ele>2596</ele>
			 </trkpt>
			 <trkpt lat="38.856137" lon="-104.951714">
				 <ele>2594.5</ele>
			 </trkpt>
			 <trkpt lat="38.856114" lon="-104.951604">
				 <ele>2592.8</ele>
			 </trkpt>
			 <trkpt lat="38.856102" lon="-104.951489">
				 <ele>2591.2</ele>
			 </trkpt>
			 <trkpt lat="38.856095" lon="-104.951172">
				 <ele>2589.5</ele>
			 </trkpt>
			 <trkpt lat="38.856087" lon="-104.9511">
				 <ele>2587.8</ele>
			 </trkpt>
			 <trkpt lat="38.856045" lon="-104.950998">
				 <ele>2585.9</ele>
			 </trkpt>
			 <trkpt lat="38.855907" lon="-104.950746">
				 <ele>2583.8</ele>
			 </trkpt>
			 <trkpt lat="38.855781" lon="-104.950435">
				 <ele>2581.6</ele>
			 </trkpt>
			 <trkpt lat="38.855731" lon="-104.950386">
				 <ele>2579.4</ele>
			 </trkpt>
			 <trkpt lat="38.855665" lon="-104.950241">
				 <ele>2577.2</ele>
			 </trkpt>
			 <trkpt lat="38.855592" lon="-104.950139">
				 <ele>2575</ele>
			 </trkpt>
			 <trkpt lat="38.855483" lon="-104.949949">
				 <ele>2572.8</ele>
			 </trkpt>
			 <trkpt lat="38.855442" lon="-104.949914">
				 <ele>2570.6</ele>
			 </trkpt>
			 <trkpt lat="38.855375" lon="-104.949855">
				 <ele>2568.4</ele>
			 </trkpt>
			 <trkpt lat="38.855199" lon="-104.949657">
				 <ele>2566.1</ele>
			 </trkpt>
			 <trkpt lat="38.855151" lon="-104.9496">
				 <ele>2564.1</ele>
			 </trkpt>
			 <trkpt lat="38.855109" lon="-104.949509">
				 <ele>2562.3</ele>
			 </trkpt>
			 <trkpt lat="38.855109" lon="-104.94947">
				 <ele>2560.6</ele>
			 </trkpt>
			 <trkpt lat="38.855111" lon="-104.94926">
				 <ele>2559.2</ele>
			 </trkpt>
			 <trkpt lat="38.855068" lon="-104.949044">
				 <ele>2557.7</ele>
			 </trkpt>
			 <trkpt lat="38.855077" lon="-104.948716">
				 <ele>2556.3</ele>
			 </trkpt>
			 <trkpt lat="38.855026" lon="-104.948643">
				 <ele>2554.8</ele>
			 </trkpt>
			 <trkpt lat="38.854967" lon="-104.948509">
				 <ele>2553.5</ele>
			 </trkpt>
			 <trkpt lat="38.854981" lon="-104.948451">
				 <ele>2552.2</ele>
			 </trkpt>
			 <trkpt lat="38.855021" lon="-104.948352">
				 <ele>2551</ele>
			 </trkpt>
			 <trkpt lat="38.855058" lon="-104.948297">
				 <ele>2549.9</ele>
			 </trkpt>
			 <trkpt lat="38.855075" lon="-104.948148">
				 <ele>2548.7</ele>
			 </trkpt>
			 <trkpt lat="38.855075" lon="-104.948022">
				 <ele>2547.6</ele>
			 </trkpt>
			 <trkpt lat="38.855057" lon="-104.947913">
				 <ele>2546.5</ele>
			 </trkpt>
			 <trkpt lat="38.855055" lon="-104.947877">
				 <ele>2545.5</ele>
			 </trkpt>
			 <trkpt lat="38.855052" lon="-104.947802">
				 <ele>2544.7</ele>
			 </trkpt>
			 <trkpt lat="38.855073" lon="-104.947695">
				 <ele>2544</ele>
			 </trkpt>
			 <trkpt lat="38.855098" lon="-104.947638">
				 <ele>2543.5</ele>
			 </trkpt>
			 <trkpt lat="38.855154" lon="-104.947606">
				 <ele>2543.2</ele>
			 </trkpt>
			 <trkpt lat="38.855215" lon="-104.947612">
				 <ele>2543</ele>
			 </trkpt>
			 <trkpt lat="38.855287" lon="-104.947618">
				 <ele>2543</ele>
			 </trkpt>
			 <trkpt lat="38.85534" lon="-104.947593">
				 <ele>2543.2</ele>
			 </trkpt>
			 <trkpt lat="38.855467" lon="-104.947571">
				 <ele>2543.5</ele>
			 </trkpt>
			 <trkpt lat="38.855518" lon="-104.947586">
				 <ele>2544</ele>
			 </trkpt>
			 <trkpt lat="38.85558" lon="-104.947602">
				 <ele>2544.6</ele>
			 </trkpt>
			 <trkpt lat="38.855659" lon="-104.947601">
				 <ele>2545.4</ele>
			 </trkpt>
			 <trkpt lat="38.855589" lon="-104.947524">
				 <ele>2546.1</ele>
			 </trkpt>
			 <trkpt lat="38.855659" lon="-104.947516">
				 <ele>2546.8</ele>
			 </trkpt>
			 <trkpt lat="38.855738" lon="-104.947609">
				 <ele>2547.5</ele>
			 </trkpt>
			 <trkpt lat="38.855893" lon="-104.947674">
				 <ele>2548.1</ele>
			 </trkpt>
			 <trkpt lat="38.856022" lon="-104.947691">
				 <ele>2548.5</ele>
			 </trkpt>
			 <trkpt lat="38.856064" lon="-104.947661">
				 <ele>2548.6</ele>
			 </trkpt>
			 <trkpt lat="38.856115" lon="-104.947662">
				 <ele>2548.5</ele>
			 </trkpt>
			 <trkpt lat="38.856141" lon="-104.947619">
				 <ele>2548.2</ele>
			 </trkpt>
			 <trkpt lat="38.856135" lon="-104.947578">
				 <ele>2547.5</ele>
			 </trkpt>
			 <trkpt lat="38.856104" lon="-104.94753">
				 <ele>2546.5</ele>
			 </trkpt>
			 <trkpt lat="38.856058" lon="-104.947487">
				 <ele>2545.3</ele>
			 </trkpt>
			 <trkpt lat="38.856021" lon="-104.947414">
				 <ele>2543.8</ele>
			 </trkpt>
			 <trkpt lat="38.856002" lon="-104.947269">
				 <ele>2542.1</ele>
			 </trkpt>
			 <trkpt lat="38.856002" lon="-104.947171">
				 <ele>2540.2</ele>
			 </trkpt>
			 <trkpt lat="38.855964" lon="-104.946998">
				 <ele>2538</ele>
			 </trkpt>
			 <trkpt lat="38.855962" lon="-104.946915">
				 <ele>2535.8</ele>
			 </trkpt>
			 <trkpt lat="38.855976" lon="-104.946864">
				 <ele>2533.5</ele>
			 </trkpt>
			 <trkpt lat="38.855931" lon="-104.946795">
				 <ele>2531.2</ele>
			 </trkpt>
			 <trkpt lat="38.855838" lon="-104.946773">
				 <ele>2528.7</ele>
			 </trkpt>
			 <trkpt lat="38.85579" lon="-104.946714">
				 <ele>2526.2</ele>
			 </trkpt>
			 <trkpt lat="38.855744" lon="-104.946598">
				 <ele>2523.6</ele>
			 </trkpt>
			 <trkpt lat="38.855658" lon="-104.946456">
				 <ele>2521</ele>
			 </trkpt>
			 <trkpt lat="38.855591" lon="-104.946327">
				 <ele>2518.3</ele>
			 </trkpt>
			 <trkpt lat="38.855493" lon="-104.946177">
				 <ele>2515.7</ele>
			 </trkpt>
			 <trkpt lat="38.855453" lon="-104.946078">
				 <ele>2513.2</ele>
			 </trkpt>
			 <trkpt lat="38.85542" lon="-104.945926">
				 <ele>2510.7</ele>
			 </trkpt>
			 <trkpt lat="38.85541" lon="-104.945874">
				 <ele>2508.3</ele>
			 </trkpt>
			 <trkpt lat="38.855347" lon="-104.945694">
				 <ele>2505.7</ele>
			 </trkpt>
			 <trkpt lat="38.855217" lon="-104.945389">
				 <ele>2503.3</ele>
			 </trkpt>
			 <trkpt lat="38.855184" lon="-104.945214">
				 <ele>2501</ele>
			 </trkpt>
			 <trkpt lat="38.855157" lon="-104.945198">
				 <ele>2498.8</ele>
			 </trkpt>
			 <trkpt lat="38.855117" lon="-104.945298">
				 <ele>2496.8</ele>
			 </trkpt>
			 <trkpt lat="38.855075" lon="-104.945692">
				 <ele>2495</ele>
			 </trkpt>
			 <trkpt lat="38.855023" lon="-104.946035">
				 <ele>2493.3</ele>
			 </trkpt>
			 <trkpt lat="38.854977" lon="-104.946027">
				 <ele>2491.4</ele>
			 </trkpt>
			 <trkpt lat="38.85494" lon="-104.945904">
				 <ele>2489.4</ele>
			 </trkpt>
			 <trkpt lat="38.854904" lon="-104.945815">
				 <ele>2487.3</ele>
			 </trkpt>
			 <trkpt lat="38.854802" lon="-104.94574">
				 <ele>2485.1</ele>
			 </trkpt>
			 <trkpt lat="38.854727" lon="-104.945694">
				 <ele>2483.1</ele>
			 </trkpt>
			 <trkpt lat="38.854702" lon="-104.945646">
				 <ele>2481.1</ele>
			 </trkpt>
			 <trkpt lat="38.854706" lon="-104.945591">
				 <ele>2479.1</ele>
			 </trkpt>
			 <trkpt lat="38.854712" lon="-104.94552">
				 <ele>2477.1</ele>
			 </trkpt>
			 <trkpt lat="38.854743" lon="-104.945402">
				 <ele>2475.1</ele>
			 </trkpt>
			 <trkpt lat="38.854741" lon="-104.945212">
				 <ele>2473</ele>
			 </trkpt>
			 <trkpt lat="38.854762" lon="-104.944911">
				 <ele>2470.9</ele>
			 </trkpt>
			 <trkpt lat="38.85476" lon="-104.944686">
				 <ele>2469</ele>
			 </trkpt>
			 <trkpt lat="38.854844" lon="-104.944509">
				 <ele>2467.4</ele>
			 </trkpt>
			 <trkpt lat="38.854918" lon="-104.944469">
				 <ele>2466</ele>
			 </trkpt>
			 <trkpt lat="38.854975" lon="-104.944439">
				 <ele>2464.8</ele>
			 </trkpt>
			 <trkpt lat="38.855132" lon="-104.944284">
				 <ele>2463.6</ele>
			 </trkpt>
			 <trkpt lat="38.855134" lon="-104.944179">
				 <ele>2462.5</ele>
			 </trkpt>
			 <trkpt lat="38.855138" lon="-104.944008">
				 <ele>2461.1</ele>
			 </trkpt>
			 <trkpt lat="38.855129" lon="-104.943933">
				 <ele>2459.7</ele>
			 </trkpt>
			 <trkpt lat="38.855079" lon="-104.943938">
				 <ele>2458.3</ele>
			 </trkpt>
			 <trkpt lat="38.85505" lon="-104.943967">
				 <ele>2456.8</ele>
			 </trkpt>
			 <trkpt lat="38.855015" lon="-104.944099">
				 <ele>2455.5</ele>
			 </trkpt>
			 <trkpt lat="38.854988" lon="-104.944163">
				 <ele>2454</ele>
			 </trkpt>
			 <trkpt lat="38.854946" lon="-104.94419">
				 <ele>2452.5</ele>
			 </trkpt>
			 <trkpt lat="38.854898" lon="-104.944206">
				 <ele>2450.7</ele>
			 </trkpt>
			 <trkpt lat="38.854822" lon="-104.944185">
				 <ele>2448.9</ele>
			 </trkpt>
			 <trkpt lat="38.854499" lon="-104.944091">
				 <ele>2447</ele>
			 </trkpt>
			 <trkpt lat="38.854445" lon="-104.944187">
				 <ele>2445.3</ele>
			 </trkpt>
			 <trkpt lat="38.854426" lon="-104.944158">
				 <ele>2443.7</ele>
			 </trkpt>
			 <trkpt lat="38.854428" lon="-104.944064">
				 <ele>2442.2</ele>
			 </trkpt>
			 <trkpt lat="38.854476" lon="-104.943978">
				 <ele>2440.7</ele>
			 </trkpt>
			 <trkpt lat="38.85461" lon="-104.943964">
				 <ele>2439.2</ele>
			 </trkpt>
			 <trkpt lat="38.854695" lon="-104.943932">
				 <ele>2437.5</ele>
			 </trkpt>
			 <trkpt lat="38.854704" lon="-104.943849">
				 <ele>2435.6</ele>
			 </trkpt>
			 <trkpt lat="38.854658" lon="-104.94371">
				 <ele>2433.6</ele>
			 </trkpt>
			 <trkpt lat="38.854631" lon="-104.943609">
				 <ele>2431.6</ele>
			 </trkpt>
			 <trkpt lat="38.854618" lon="-104.943559">
				 <ele>2429.6</ele>
			 </trkpt>
			 <trkpt lat="38.854559" lon="-104.943466">
				 <ele>2427.6</ele>
			 </trkpt>
			 <trkpt lat="38.854524" lon="-104.943305">
				 <ele>2425.5</ele>
			 </trkpt>
			 <trkpt lat="38.854539" lon="-104.94309">
				 <ele>2423.3</ele>
			 </trkpt>
			 <trkpt lat="38.854522" lon="-104.942921">
				 <ele>2421.2</ele>
			 </trkpt>
			 <trkpt lat="38.854476" lon="-104.942749">
				 <ele>2419.2</ele>
			 </trkpt>
			 <trkpt lat="38.854459" lon="-104.942656">
				 <ele>2417.5</ele>
			 </trkpt>
			 <trkpt lat="38.854482" lon="-104.942626">
				 <ele>2416.3</ele>
			 </trkpt>
			 <trkpt lat="38.854537" lon="-104.942597">
				 <ele>2415.3</ele>
			 </trkpt>
			 <trkpt lat="38.854603" lon="-104.942674">
				 <ele>2414.5</ele>
			 </trkpt>
			 <trkpt lat="38.854668" lon="-104.942717">
				 <ele>2414</ele>
			 </trkpt>
			 <trkpt lat="38.854934" lon="-104.942747">
				 <ele>2413.5</ele>
			 </trkpt>
			 <trkpt lat="38.855086" lon="-104.942763">
				 <ele>2413.1</ele>
			 </trkpt>
			 <trkpt lat="38.855207" lon="-104.942763">
				 <ele>2412.6</ele>
			 </trkpt>
			 <trkpt lat="38.855259" lon="-104.942774">
				 <ele>2412.2</ele>
			 </trkpt>
			 <trkpt lat="38.855456" lon="-104.942969">
				 <ele>2411.7</ele>
			 </trkpt>
			 <trkpt lat="38.85557" lon="-104.943004">
				 <ele>2411.1</ele>
			 </trkpt>
			 <trkpt lat="38.855772" lon="-104.94301">
				 <ele>2410.1</ele>
			 </trkpt>
			 <trkpt lat="38.855898" lon="-104.942953">
				 <ele>2408.8</ele>
			 </trkpt>
			 <trkpt lat="38.856001" lon="-104.942875">
				 <ele>2407.4</ele>
			 </trkpt>
			 <trkpt lat="38.856111" lon="-104.942873">
				 <ele>2405.7</ele>
			 </trkpt>
			 <trkpt lat="38.856297" lon="-104.942774">
				 <ele>2403.9</ele>
			 </trkpt>
			 <trkpt lat="38.856342" lon="-104.942726">
				 <ele>2402</ele>
			 </trkpt>
			 <trkpt lat="38.856414" lon="-104.94272">
				 <ele>2400</ele>
			 </trkpt>
			 <trkpt lat="38.856658" lon="-104.942723">
				 <ele>2398</ele>
			 </trkpt>
			 <trkpt lat="38.856715" lon="-104.942723">
				 <ele>2395.9</ele>
			 </trkpt>
			 <trkpt lat="38.856863" lon="-104.942763">
				 <ele>2393.7</ele>
			 </trkpt>
			 <trkpt lat="38.857001" lon="-104.942682">
				 <ele>2391.5</ele>
			 </trkpt>
			 <trkpt lat="38.857104" lon="-104.942637">
				 <ele>2389.5</ele>
			 </trkpt>
			 <trkpt lat="38.85731" lon="-104.942605">
				 <ele>2387.4</ele>
			 </trkpt>
			 <trkpt lat="38.857461" lon="-104.942615">
				 <ele>2385.3</ele>
			 </trkpt>
			 <trkpt lat="38.857538" lon="-104.942602">
				 <ele>2383.1</ele>
			 </trkpt>
			 <trkpt lat="38.857695" lon="-104.942433">
				 <ele>2380.8</ele>
			 </trkpt>
			 <trkpt lat="38.857701" lon="-104.94239">
				 <ele>2378.5</ele>
			 </trkpt>
			 <trkpt lat="38.857732" lon="-104.942371">
				 <ele>2376.4</ele>
			 </trkpt>
			 <trkpt lat="38.857701" lon="-104.94239">
				 <ele>2374.2</ele>
			 </trkpt>
			 <trkpt lat="38.857584" lon="-104.942454">
				 <ele>2372.1</ele>
			 </trkpt>
			 <trkpt lat="38.857434" lon="-104.942446">
				 <ele>2369.9</ele>
			 </trkpt>
			 <trkpt lat="38.85711" lon="-104.942361">
				 <ele>2367.7</ele>
			 </trkpt>
			 <trkpt lat="38.856848" lon="-104.942281">
				 <ele>2365.5</ele>
			 </trkpt>
			 <trkpt lat="38.856563" lon="-104.942192">
				 <ele>2363.3</ele>
			 </trkpt>
			 <trkpt lat="38.856412" lon="-104.94213">
				 <ele>2361.1</ele>
			 </trkpt>
			 <trkpt lat="38.856243" lon="-104.942025">
				 <ele>2359</ele>
			 </trkpt>
			 <trkpt lat="38.856109" lon="-104.942014">
				 <ele>2357.1</ele>
			 </trkpt>
			 <trkpt lat="38.855852" lon="-104.942017">
				 <ele>2355.2</ele>
			 </trkpt>
			 <trkpt lat="38.8558" lon="-104.942013">
				 <ele>2353.4</ele>
			 </trkpt>
			 <trkpt lat="38.855727" lon="-104.942006">
				 <ele>2351.5</ele>
			 </trkpt>
			 <trkpt lat="38.855696" lon="-104.941972">
				 <ele>2349.6</ele>
			 </trkpt>
			 <trkpt lat="38.855727" lon="-104.941931">
				 <ele>2347.8</ele>
			 </trkpt>
			 <trkpt lat="38.855791" lon="-104.941929">
				 <ele>2345.9</ele>
			 </trkpt>
			 <trkpt lat="38.855842" lon="-104.941926">
				 <ele>2344</ele>
			 </trkpt>
			 <trkpt lat="38.855953" lon="-104.941896">
				 <ele>2342.2</ele>
			 </trkpt>
			 <trkpt lat="38.856086" lon="-104.941819">
				 <ele>2340.4</ele>
			 </trkpt>
			 <trkpt lat="38.856141" lon="-104.941776">
				 <ele>2338.5</ele>
			 </trkpt>
			 <trkpt lat="38.856007" lon="-104.941778">
				 <ele>2336.6</ele>
			 </trkpt>
			 <trkpt lat="38.855946" lon="-104.941773">
				 <ele>2334.7</ele>
			 </trkpt>
			 <trkpt lat="38.855794" lon="-104.941725">
				 <ele>2332.6</ele>
			 </trkpt>
			 <trkpt lat="38.855746" lon="-104.941677">
				 <ele>2330.5</ele>
			 </trkpt>
			 <trkpt lat="38.855633" lon="-104.941521">
				 <ele>2328.2</ele>
			 </trkpt>
			 <trkpt lat="38.855583" lon="-104.94147">
				 <ele>2325.7</ele>
			 </trkpt>
			 <trkpt lat="38.855485" lon="-104.941435">
				 <ele>2323.3</ele>
			 </trkpt>
			 <trkpt lat="38.855138" lon="-104.941178">
				 <ele>2320.6</ele>
			 </trkpt>
			 <trkpt lat="38.855105" lon="-104.941123">
				 <ele>2317.9</ele>
			 </trkpt>
			 <trkpt lat="38.855055" lon="-104.941035">
				 <ele>2315</ele>
			 </trkpt>
			 <trkpt lat="38.854915" lon="-104.940875">
				 <ele>2312.2</ele>
			 </trkpt>
			 <trkpt lat="38.854873" lon="-104.940794">
				 <ele>2309.5</ele>
			 </trkpt>
			 <trkpt lat="38.8548" lon="-104.940732">
				 <ele>2306.7</ele>
			 </trkpt>
			 <trkpt lat="38.854637" lon="-104.940617">
				 <ele>2304.2</ele>
			 </trkpt>
			 <trkpt lat="38.854467" lon="-104.940441">
				 <ele>2301.8</ele>
			 </trkpt>
			 <trkpt lat="38.854436" lon="-104.940408">
				 <ele>2299.6</ele>
			 </trkpt>
			 <trkpt lat="38.85442" lon="-104.940354">
				 <ele>2297.8</ele>
			 </trkpt>
			 <trkpt lat="38.854474" lon="-104.94036">
				 <ele>2296.4</ele>
			 </trkpt>
			 <trkpt lat="38.854624" lon="-104.940475">
				 <ele>2295.3</ele>
			 </trkpt>
			 <trkpt lat="38.854768" lon="-104.940558">
				 <ele>2294.5</ele>
			 </trkpt>
			 <trkpt lat="38.855169" lon="-104.940708">
				 <ele>2293.8</ele>
			 </trkpt>
			 <trkpt lat="38.85536" lon="-104.940751">
				 <ele>2293.1</ele>
			 </trkpt>
			 <trkpt lat="38.855456" lon="-104.940758">
				 <ele>2292.4</ele>
			 </trkpt>
			 <trkpt lat="38.855543" lon="-104.940762">
				 <ele>2291.6</ele>
			 </trkpt>
			 <trkpt lat="38.855608" lon="-104.940719">
				 <ele>2290.8</ele>
			 </trkpt>
			 <trkpt lat="38.855666" lon="-104.940703">
				 <ele>2289.9</ele>
			 </trkpt>
			 <trkpt lat="38.855643" lon="-104.940672">
				 <ele>2289</ele>
			 </trkpt>
			 <trkpt lat="38.855495" lon="-104.940657">
				 <ele>2288</ele>
			 </trkpt>
			 <trkpt lat="38.855395" lon="-104.940593">
				 <ele>2286.7</ele>
			 </trkpt>
			 <trkpt lat="38.855342" lon="-104.940539">
				 <ele>2285.3</ele>
			 </trkpt>
			 <trkpt lat="38.855309" lon="-104.940504">
				 <ele>2283.6</ele>
			 </trkpt>
			 <trkpt lat="38.855358" lon="-104.94047">
				 <ele>2281.9</ele>
			 </trkpt>
			 <trkpt lat="38.855524" lon="-104.940488">
				 <ele>2280.2</ele>
			 </trkpt>
			 <trkpt lat="38.855633" lon="-104.940392">
				 <ele>2278.5</ele>
			 </trkpt>
			 <trkpt lat="38.855727" lon="-104.940394">
				 <ele>2276.8</ele>
			 </trkpt>
			 <trkpt lat="38.855834" lon="-104.940416">
				 <ele>2275.3</ele>
			 </trkpt>
			 <trkpt lat="38.855888" lon="-104.940389">
				 <ele>2273.8</ele>
			 </trkpt>
			 <trkpt lat="38.855848" lon="-104.940325">
				 <ele>2272.4</ele>
			 </trkpt>
			 <trkpt lat="38.855746" lon="-104.940271">
				 <ele>2270.7</ele>
			 </trkpt>
			 <trkpt lat="38.855589" lon="-104.940207">
				 <ele>2269.1</ele>
			 </trkpt>
			 <trkpt lat="38.855531" lon="-104.940126">
				 <ele>2267.4</ele>
			 </trkpt>
			 <trkpt lat="38.85546" lon="-104.940107">
				 <ele>2265.5</ele>
			 </trkpt>
			 <trkpt lat="38.855385" lon="-104.940073">
				 <ele>2263.6</ele>
			 </trkpt>
			 <trkpt lat="38.855314" lon="-104.940065">
				 <ele>2261.5</ele>
			 </trkpt>
			 <trkpt lat="38.855238" lon="-104.940099">
				 <ele>2259.3</ele>
			 </trkpt>
			 <trkpt lat="38.855105" lon="-104.940011">
				 <ele>2256.8</ele>
			 </trkpt>
			 <trkpt lat="38.855029" lon="-104.939879">
				 <ele>2254.2</ele>
			 </trkpt>
			 <trkpt lat="38.854927" lon="-104.939775">
				 <ele>2251.5</ele>
			 </trkpt>
			 <trkpt lat="38.854781" lon="-104.93967">
				 <ele>2248.8</ele>
			 </trkpt>
			 <trkpt lat="38.854708" lon="-104.939576">
				 <ele>2246.3</ele>
			 </trkpt>
			 <trkpt lat="38.854653" lon="-104.939472">
				 <ele>2243.7</ele>
			 </trkpt>
			 <trkpt lat="38.854595" lon="-104.939405">
				 <ele>2241.5</ele>
			 </trkpt>
			 <trkpt lat="38.854555" lon="-104.939375">
				 <ele>2239.4</ele>
			 </trkpt>
			 <trkpt lat="38.854589" lon="-104.939354">
				 <ele>2237.5</ele>
			 </trkpt>
			 <trkpt lat="38.854649" lon="-104.939373">
				 <ele>2236</ele>
			 </trkpt>
			 <trkpt lat="38.854804" lon="-104.939453">
				 <ele>2234.5</ele>
			 </trkpt>
			 <trkpt lat="38.854968" lon="-104.939483">
				 <ele>2233.2</ele>
			 </trkpt>
			 <trkpt lat="38.855015" lon="-104.939491">
				 <ele>2231.8</ele>
			 </trkpt>
			 <trkpt lat="38.855171" lon="-104.939466">
				 <ele>2230.2</ele>
			 </trkpt>
			 <trkpt lat="38.855278" lon="-104.939364">
				 <ele>2228.5</ele>
			 </trkpt>
			 <trkpt lat="38.855318" lon="-104.939276">
				 <ele>2226.5</ele>
			 </trkpt>
			 <trkpt lat="38.855215" lon="-104.939322">
				 <ele>2224.6</ele>
			 </trkpt>
			 <trkpt lat="38.855184" lon="-104.939284">
				 <ele>2222.5</ele>
			 </trkpt>
			 <trkpt lat="38.854986" lon="-104.939142">
				 <ele>2220.2</ele>
			 </trkpt>
			 <trkpt lat="38.854904" lon="-104.93907">
				 <ele>2217.6</ele>
			 </trkpt>
			 <trkpt lat="38.85477" lon="-104.93895">
				 <ele>2215</ele>
			 </trkpt>
			 <trkpt lat="38.854705" lon="-104.938878">
				 <ele>2212.5</ele>
			 </trkpt>
			 <trkpt lat="38.854593" lon="-104.938777">
				 <ele>2210</ele>
			 </trkpt>
			 <trkpt lat="38.854543" lon="-104.938758">
				 <ele>2207.7</ele>
			 </trkpt>
			 <trkpt lat="38.854493" lon="-104.93876">
				 <ele>2205.7</ele>
			 </trkpt>
			 <trkpt lat="38.85433" lon="-104.938884">
				 <ele>2203.9</ele>
			 </trkpt>
			 <trkpt lat="38.854226" lon="-104.938928">
				 <ele>2202.3</ele>
			 </trkpt>
			 <trkpt lat="38.85414" lon="-104.938931">
				 <ele>2200.6</ele>
			 </trkpt>
			 <trkpt lat="38.854057" lon="-104.938951">
				 <ele>2199.2</ele>
			 </trkpt>
			 <trkpt lat="38.854025" lon="-104.938928">
				 <ele>2197.8</ele>
			 </trkpt>
			 <trkpt lat="38.854157" lon="-104.938862">
				 <ele>2196.6</ele>
			 </trkpt>
			 <trkpt lat="38.854234" lon="-104.93881">
				 <ele>2195.6</ele>
			 </trkpt>
			 <trkpt lat="38.854294" lon="-104.938739">
				 <ele>2194.6</ele>
			 </trkpt>
			 <trkpt lat="38.854337" lon="-104.938623">
				 <ele>2193.7</ele>
			 </trkpt>
			 <trkpt lat="38.854393" lon="-104.938516">
				 <ele>2192.9</ele>
			 </trkpt>
			 <trkpt lat="38.85447" lon="-104.938355">
				 <ele>2192.2</ele>
			 </trkpt>
			 <trkpt lat="38.854533" lon="-104.938352">
				 <ele>2191.6</ele>
			 </trkpt>
			 <trkpt lat="38.854605" lon="-104.938363">
				 <ele>2191.2</ele>
			 </trkpt>
			 <trkpt lat="38.854661" lon="-104.93839">
				 <ele>2190.9</ele>
			 </trkpt>
			 <trkpt lat="38.854703" lon="-104.938387">
				 <ele>2190.6</ele>
			 </trkpt>
			 <trkpt lat="38.854826" lon="-104.938323">
				 <ele>2190.4</ele>
			 </trkpt>
			 <trkpt lat="38.854887" lon="-104.938331">
				 <ele>2190</ele>
			 </trkpt>
			 <trkpt lat="38.854943" lon="-104.938366">
				 <ele>2189.5</ele>
			 </trkpt>
			 <trkpt lat="38.854985" lon="-104.938411">
				 <ele>2188.7</ele>
			 </trkpt>
			 <trkpt lat="38.855048" lon="-104.938459">
				 <ele>2187.6</ele>
			 </trkpt>
			 <trkpt lat="38.855077" lon="-104.938446">
				 <ele>2186.3</ele>
			 </trkpt>
			 <trkpt lat="38.85505" lon="-104.938379">
				 <ele>2184.6</ele>
			 </trkpt>
			 <trkpt lat="38.854993" lon="-104.938325">
				 <ele>2182.6</ele>
			 </trkpt>
			 <trkpt lat="38.854931" lon="-104.938245">
				 <ele>2180.4</ele>
			 </trkpt>
			 <trkpt lat="38.854853" lon="-104.937894">
				 <ele>2177.9</ele>
			 </trkpt>
			 <trkpt lat="38.854803" lon="-104.937743">
				 <ele>2175.4</ele>
			 </trkpt>
			 <trkpt lat="38.854732" lon="-104.93766">
				 <ele>2172.8</ele>
			 </trkpt>
			 <trkpt lat="38.854569" lon="-104.937482">
				 <ele>2170.3</ele>
			 </trkpt>
			 <trkpt lat="38.854339" lon="-104.937342">
				 <ele>2167.8</ele>
			 </trkpt>
			 <trkpt lat="38.854273" lon="-104.93731">
				 <ele>2165.6</ele>
			 </trkpt>
			 <trkpt lat="38.854241" lon="-104.937343">
				 <ele>2163.7</ele>
			 </trkpt>
			 <trkpt lat="38.854204" lon="-104.937401">
				 <ele>2162</ele>
			 </trkpt>
			 <trkpt lat="38.854206" lon="-104.937444">
				 <ele>2160.5</ele>
			 </trkpt>
			 <trkpt lat="38.854207" lon="-104.937525">
				 <ele>2159.1</ele>
			 </trkpt>
			 <trkpt lat="38.854194" lon="-104.937602">
				 <ele>2157.8</ele>
			 </trkpt>
			 <trkpt lat="38.854171" lon="-104.937641">
				 <ele>2156.7</ele>
			 </trkpt>
			 <trkpt lat="38.854106" lon="-104.937697">
				 <ele>2155.6</ele>
			 </trkpt>
			 <trkpt lat="38.854034" lon="-104.937735">
				 <ele>2154.5</ele>
			 </trkpt>
			 <trkpt lat="38.853975" lon="-104.937764">
				 <ele>2153.6</ele>
			 </trkpt>
			 <trkpt lat="38.853949" lon="-104.93783">
				 <ele>2152.7</ele>
			 </trkpt>
			 <trkpt lat="38.853893" lon="-104.937945">
				 <ele>2151.8</ele>
			 </trkpt>
			 <trkpt lat="38.853849" lon="-104.937984">
				 <ele>2150.9</ele>
			 </trkpt>
			 <trkpt lat="38.853795" lon="-104.937998">
				 <ele>2150.1</ele>
			 </trkpt>
			 <trkpt lat="38.85375" lon="-104.938009">
				 <ele>2149.4</ele>
			 </trkpt>
			 <trkpt lat="38.853705" lon="-104.938088">
				 <ele>2148.7</ele>
			 </trkpt>
			 <trkpt lat="38.853616" lon="-104.938157">
				 <ele>2148.2</ele>
			 </trkpt>
			 <trkpt lat="38.853387" lon="-104.938213">
				 <ele>2147.5</ele>
			 </trkpt>
			 <trkpt lat="38.853326" lon="-104.938256">
				 <ele>2147</ele>
			 </trkpt>
			 <trkpt lat="38.85326" lon="-104.938328">
				 <ele>2146.5</ele>
			 </trkpt>
			 <trkpt lat="38.853126" lon="-104.938438">
				 <ele>2146.1</ele>
			 </trkpt>
			 <trkpt lat="38.85307" lon="-104.9385">
				 <ele>2145.6</ele>
			 </trkpt>
			 <trkpt lat="38.853015" lon="-104.938502">
				 <ele>2145.1</ele>
			 </trkpt>
			 <trkpt lat="38.85295" lon="-104.938492">
				 <ele>2144.5</ele>
			 </trkpt>
			 <trkpt lat="38.852898" lon="-104.938516">
				 <ele>2143.7</ele>
			 </trkpt>
			 <trkpt lat="38.852854" lon="-104.938561">
				 <ele>2142.7</ele>
			 </trkpt>
			 <trkpt lat="38.852364" lon="-104.938791">
				 <ele>2141.5</ele>
			 </trkpt>
			 <trkpt lat="38.852111" lon="-104.938851">
				 <ele>2140</ele>
			 </trkpt>
			 <trkpt lat="38.851918" lon="-104.938915">
				 <ele>2138.2</ele>
			 </trkpt>
			 <trkpt lat="38.851592" lon="-104.939021">
				 <ele>2136</ele>
			 </trkpt>
			 <trkpt lat="38.851466" lon="-104.939113">
				 <ele>2133.3</ele>
			 </trkpt>
			 <trkpt lat="38.851548" lon="-104.938918">
				 <ele>2130.1</ele>
			 </trkpt>
			 <trkpt lat="38.851716" lon="-104.938794">
				 <ele>2126.5</ele>
			 </trkpt>
			 <trkpt lat="38.851923" lon="-104.938462">
				 <ele>2122.4</ele>
			 </trkpt>
			 <trkpt lat="38.852058" lon="-104.938182">
				 <ele>2117.9</ele>
			 </trkpt>
			 <trkpt lat="38.852507" lon="-104.937899">
				 <ele>2113</ele>
			 </trkpt>
			 <trkpt lat="38.852678" lon="-104.937648">
				 <ele>2107.9</ele>
			 </trkpt>
			 <trkpt lat="38.852728" lon="-104.937554">
				 <ele>2102.6</ele>
			 </trkpt>
			 <trkpt lat="38.852848" lon="-104.937364">
				 <ele>2097</ele>
			 </trkpt>
			 <trkpt lat="38.852881" lon="-104.937203">
				 <ele>2091.4</ele>
			 </trkpt>
			 <trkpt lat="38.852867" lon="-104.937032">
				 <ele>2085.7</ele>
			 </trkpt>
			 <trkpt lat="38.852938" lon="-104.936838">
				 <ele>2080.1</ele>
			 </trkpt>
			 <trkpt lat="38.85311" lon="-104.936523">
				 <ele>2074.4</ele>
			 </trkpt>
			 <trkpt lat="38.853231" lon="-104.936219">
				 <ele>2068.6</ele>
			 </trkpt>
			 <trkpt lat="38.853316" lon="-104.935948">
				 <ele>2062.8</ele>
			 </trkpt>
			 <trkpt lat="38.85352" lon="-104.935435">
				 <ele>2057</ele>
			 </trkpt>
			 <trkpt lat="38.853821" lon="-104.934907">
				 <ele>2051.2</ele>
			 </trkpt>
			 <trkpt lat="38.854198" lon="-104.934451">
				 <ele>2045.2</ele>
			 </trkpt>
			 <trkpt lat="38.85457" lon="-104.933974">
				 <ele>2039</ele>
			 </trkpt>
			 <trkpt lat="38.854839" lon="-104.933611">
				 <ele>2033</ele>
			 </trkpt>
			 <trkpt lat="38.854978" lon="-104.933386">
				 <ele>2026.9</ele>
			 </trkpt>
			 <trkpt lat="38.855211" lon="-104.933004">
				 <ele>2020.8</ele>
			 </trkpt>
			 <trkpt lat="38.855588" lon="-104.932574">
				 <ele>2014.7</ele>
			 </trkpt>
			 <trkpt lat="38.855981" lon="-104.931802">
				 <ele>2008.6</ele>
			 </trkpt>
			 <trkpt lat="38.856313" lon="-104.93085">
				 <ele>2002.5</ele>
			 </trkpt>
			 <trkpt lat="38.856812" lon="-104.929344">
				 <ele>1996.6</ele>
			 </trkpt>
			 <trkpt lat="38.856885" lon="-104.929014">
				 <ele>1990.9</ele>
			 </trkpt>
			 <trkpt lat="38.85697" lon="-104.928104">
				 <ele>1985.4</ele>
			 </trkpt>
			 <trkpt lat="38.857033" lon="-104.927885">
				 <ele>1980.1</ele>
			 </trkpt>
			 <trkpt lat="38.857538" lon="-104.92722">
				 <ele>1975.1</ele>
			 </trkpt>
			 <trkpt lat="38.857651" lon="-104.927038">
				 <ele>1970.2</ele>
			 </trkpt>
			 <trkpt lat="38.857849" lon="-104.926378">
				 <ele>1965.5</ele>
			 </trkpt>
			 <trkpt lat="38.858277" lon="-104.924479">
				 <ele>1961.1</ele>
			 </trkpt>
			 <trkpt lat="38.858771" lon="-104.923491">
				 <ele>1957</ele>
			 </trkpt>
			 <trkpt lat="38.858818" lon="-104.923328">
				 <ele>1953.3</ele>
			 </trkpt>
			 <trkpt lat="38.858804" lon="-104.923166">
				 <ele>1950</ele>
			 </trkpt>
			 <trkpt lat="38.858647" lon="-104.922091">
				 <ele>1947</ele>
			 </trkpt>
			 <trkpt lat="38.858605" lon="-104.921694">
				 <ele>1944.2</ele>
			 </trkpt>
			 <trkpt lat="38.858594" lon="-104.921234">
				 <ele>1941.6</ele>
			 </trkpt>
			 <trkpt lat="38.858685" lon="-104.920585">
				 <ele>1939.3</ele>
			 </trkpt>
			 <trkpt lat="38.859042" lon="-104.919714">
				 <ele>1937.1</ele>
			 </trkpt>
			 <trkpt lat="38.859076" lon="-104.919536">
				 <ele>1935.3</ele>
			 </trkpt>
			 <trkpt lat="38.858961" lon="-104.918829">
				 <ele>1933.6</ele>
			 </trkpt>
			 <trkpt lat="38.858868" lon="-104.918462">
				 <ele>1932.2</ele>
			 </trkpt>
			 <trkpt lat="38.85872" lon="-104.918139">
				 <ele>1930.8</ele>
			 </trkpt>
			 <trkpt lat="38.858084" lon="-104.917392">
				 <ele>1929.5</ele>
			 </trkpt>
			 <trkpt lat="38.857486" lon="-104.916034">
				 <ele>1928.8</ele>
			 </trkpt>
			 <trkpt lat="38.857201" lon="-104.915037">
				 <ele>1928.1</ele>
			 </trkpt>
			 <trkpt lat="38.857161" lon="-104.914652">
				 <ele>1927.5</ele>
			 </trkpt>
			 <trkpt lat="38.857184" lon="-104.914337">
				 <ele>1926.9</ele>
			 </trkpt>
			 <trkpt lat="38.857555" lon="-104.912412">
				 <ele>1926.3</ele>
			 </trkpt>
		 </trkseg>
	 </trk>
</gpx>