<?xml version="1.0" encoding="UTF-8"?>
 <gpx creator="Garmin Connect" version="1.1"
	 xsi:schemaLocation="http://www.topografix.com/GPX/1/1 http://www.topografix.com/GPX/11.xsd"
	 xmlns:ns3="http://www.garmin.com/xmlschemas/TrackPointExtension/v1"
	 xmlns="http://www.topografix.com/GPX/1/1"
	 xmlns:xsi="http://www.w3.org/2001/XMLSchema-instance" xmlns:ns2="http://www.garmin.com/xmlschemas/GpxExtensions/v3">
	 <metadata>
		<name>Pokhara International Marathon 2025 - 42.195 km</name>
		 <link href="https://www.goandrace.com">
		 <text>Garmin Connect</text>
		 </link>
	 <time>2026-08-09T18:02:50</time>
	 </metadata>
	 <trk>
		 <name>Pokhara International Marathon 2025 - 42.195 km</name>
		 <trkseg>
			 <trkpt lat="28.204609" lon="83.992327">
				 <ele>840.7</ele>
			 </trkpt>
			 <trkpt lat="28.204731" lon="83.992329">
				 <ele>840.7</ele>
			 </trkpt>
			 <trkpt lat="28.205076" lon="83.992318">
				 <ele>840.6</ele>
			 </trkpt>
			 <trkpt lat="28.205253" lon="83.992276">
				 <ele>840.4</ele>
			 </trkpt>
			 <trkpt lat="28.205305" lon="83.992227">
				 <ele>840.3</ele>
			 </trkpt>
			 <trkpt lat="28.205411" lon="83.99211">
				 <ele>840.2</ele>
			 </trkpt>
			 <trkpt lat="28.205472" lon="83.99202">
				 <ele>840.2</ele>
			 </trkpt>
			 <trkpt lat="28.205572" lon="83.991839">
				 <ele>840.1</ele>
			 </trkpt>
			 <trkpt lat="28.20561" lon="83.991705">
				 <ele>839.9</ele>
			 </trkpt>
			 <trkpt lat="28.205652" lon="83.991589">
				 <ele>839.6</ele>
			 </trkpt>
			 <trkpt lat="28.205695" lon="83.991503">
				 <ele>839.5</ele>
			 </trkpt>
			 <trkpt lat="28.205777" lon="83.991388">
				 <ele>839.4</ele>
			 </trkpt>
			 <trkpt lat="28.205804" lon="83.99139">
				 <ele>839.4</ele>
			 </trkpt>
			 <trkpt lat="28.20583" lon="83.991383">
				 <ele>839.5</ele>
			 </trkpt>
			 <trkpt lat="28.205871" lon="83.991344">
				 <ele>839.6</ele>
			 </trkpt>
			 <trkpt lat="28.205883" lon="83.991306">
				 <ele>839.9</ele>
			 </trkpt>
			 <trkpt lat="28.206154" lon="83.991354">
				 <ele>840.2</ele>
			 </trkpt>
			 <trkpt lat="28.206268" lon="83.991374">
				 <ele>840.5</ele>
			 </trkpt>
			 <trkpt lat="28.206453" lon="83.991417">
				 <ele>840.9</ele>
			 </trkpt>
			 <trkpt lat="28.206535" lon="83.991425">
				 <ele>841.4</ele>
			 </trkpt>
			 <trkpt lat="28.206695" lon="83.991445">
				 <ele>841.8</ele>
			 </trkpt>
			 <trkpt lat="28.206759" lon="83.991454">
				 <ele>842.4</ele>
			 </trkpt>
			 <trkpt lat="28.206894" lon="83.991468">
				 <ele>842.9</ele>
			 </trkpt>
			 <trkpt lat="28.206858" lon="83.991599">
				 <ele>843.5</ele>
			 </trkpt>
			 <trkpt lat="28.206769" lon="83.991866">
				 <ele>844</ele>
			 </trkpt>
			 <trkpt lat="28.206695" lon="83.992069">
				 <ele>844.5</ele>
			 </trkpt>
			 <trkpt lat="28.206648" lon="83.992268">
				 <ele>844.9</ele>
			 </trkpt>
			 <trkpt lat="28.206633" lon="83.992332">
				 <ele>845.3</ele>
			 </trkpt>
			 <trkpt lat="28.206554" lon="83.992723">
				 <ele>845.5</ele>
			 </trkpt>
			 <trkpt lat="28.206454" lon="83.993258">
				 <ele>845.6</ele>
			 </trkpt>
			 <trkpt lat="28.20643" lon="83.99339">
				 <ele>845.7</ele>
			 </trkpt>
			 <trkpt lat="28.206306" lon="83.994041">
				 <ele>845.7</ele>
			 </trkpt>
			 <trkpt lat="28.206274" lon="83.994234">
				 <ele>845.7</ele>
			 </trkpt>
			 <trkpt lat="28.206198" lon="83.994698">
				 <ele>845.5</ele>
			 </trkpt>
			 <trkpt lat="28.206171" lon="83.994856">
				 <ele>845.1</ele>
			 </trkpt>
			 <trkpt lat="28.206142" lon="83.994993">
				 <ele>844.7</ele>
			 </trkpt>
			 <trkpt lat="28.206009" lon="83.995628">
				 <ele>844.3</ele>
			 </trkpt>
			 <trkpt lat="28.206002" lon="83.995662">
				 <ele>843.8</ele>
			 </trkpt>
			 <trkpt lat="28.205909" lon="83.996161">
				 <ele>843.4</ele>
			 </trkpt>
			 <trkpt lat="28.205817" lon="83.996661">
				 <ele>843.1</ele>
			 </trkpt>
			 <trkpt lat="28.205724" lon="83.99716">
				 <ele>842.9</ele>
			 </trkpt>
			 <trkpt lat="28.205632" lon="83.997659">
				 <ele>842.7</ele>
			 </trkpt>
			 <trkpt lat="28.205539" lon="83.998159">
				 <ele>842.5</ele>
			 </trkpt>
			 <trkpt lat="28.205479" lon="83.998485">
				 <ele>842.4</ele>
			 </trkpt>
			 <trkpt lat="28.205377" lon="83.998982">
				 <ele>842.3</ele>
			 </trkpt>
			 <trkpt lat="28.205275" lon="83.999479">
				 <ele>842.1</ele>
			 </trkpt>
			 <trkpt lat="28.205247" lon="83.99962">
				 <ele>841.8</ele>
			 </trkpt>
			 <trkpt lat="28.20513" lon="84.000113">
				 <ele>841.6</ele>
			 </trkpt>
			 <trkpt lat="28.205042" lon="84.000485">
				 <ele>841.6</ele>
			 </trkpt>
			 <trkpt lat="28.204932" lon="84.000843">
				 <ele>841.6</ele>
			 </trkpt>
			 <trkpt lat="28.20486" lon="84.001156">
				 <ele>841.6</ele>
			 </trkpt>
			 <trkpt lat="28.204782" lon="84.001445">
				 <ele>841.5</ele>
			 </trkpt>
			 <trkpt lat="28.204583" lon="84.001902">
				 <ele>841.2</ele>
			 </trkpt>
			 <trkpt lat="28.204383" lon="84.002359">
				 <ele>841</ele>
			 </trkpt>
			 <trkpt lat="28.204183" lon="84.002816">
				 <ele>840.6</ele>
			 </trkpt>
			 <trkpt lat="28.203984" lon="84.003274">
				 <ele>840.3</ele>
			 </trkpt>
			 <trkpt lat="28.203784" lon="84.003731">
				 <ele>840.1</ele>
			 </trkpt>
			 <trkpt lat="28.203584" lon="84.004188">
				 <ele>839.8</ele>
			 </trkpt>
			 <trkpt lat="28.203385" lon="84.004645">
				 <ele>839.4</ele>
			 </trkpt>
			 <trkpt lat="28.203185" lon="84.005102">
				 <ele>838.7</ele>
			 </trkpt>
			 <trkpt lat="28.202986" lon="84.00556">
				 <ele>838</ele>
			 </trkpt>
			 <trkpt lat="28.202786" lon="84.006017">
				 <ele>837.2</ele>
			 </trkpt>
			 <trkpt lat="28.202586" lon="84.006474">
				 <ele>836.5</ele>
			 </trkpt>
			 <trkpt lat="28.202387" lon="84.006931">
				 <ele>835.8</ele>
			 </trkpt>
			 <trkpt lat="28.202187" lon="84.007388">
				 <ele>835.2</ele>
			 </trkpt>
			 <trkpt lat="28.202116" lon="84.007551">
				 <ele>834.6</ele>
			 </trkpt>
			 <trkpt lat="28.201905" lon="84.008001">
				 <ele>834.2</ele>
			 </trkpt>
			 <trkpt lat="28.201693" lon="84.008451">
				 <ele>833.5</ele>
			 </trkpt>
			 <trkpt lat="28.201482" lon="84.008902">
				 <ele>833</ele>
			 </trkpt>
			 <trkpt lat="28.201271" lon="84.009352">
				 <ele>832.6</ele>
			 </trkpt>
			 <trkpt lat="28.201173" lon="84.009561">
				 <ele>832.3</ele>
			 </trkpt>
			 <trkpt lat="28.200976" lon="84.010021">
				 <ele>831.9</ele>
			 </trkpt>
			 <trkpt lat="28.20078" lon="84.01048">
				 <ele>831.4</ele>
			 </trkpt>
			 <trkpt lat="28.200584" lon="84.010939">
				 <ele>830.7</ele>
			 </trkpt>
			 <trkpt lat="28.200388" lon="84.011398">
				 <ele>830.1</ele>
			 </trkpt>
			 <trkpt lat="28.200327" lon="84.011542">
				 <ele>829.4</ele>
			 </trkpt>
			 <trkpt lat="28.200082" lon="84.011969">
				 <ele>828.5</ele>
			 </trkpt>
			 <trkpt lat="28.199836" lon="84.012397">
				 <ele>827.3</ele>
			 </trkpt>
			 <trkpt lat="28.199638" lon="84.012741">
				 <ele>826.3</ele>
			 </trkpt>
			 <trkpt lat="28.199378" lon="84.013157">
				 <ele>825.4</ele>
			 </trkpt>
			 <trkpt lat="28.199117" lon="84.013572">
				 <ele>824.5</ele>
			 </trkpt>
			 <trkpt lat="28.198856" lon="84.013988">
				 <ele>823.7</ele>
			 </trkpt>
			 <trkpt lat="28.198595" lon="84.014404">
				 <ele>823</ele>
			 </trkpt>
			 <trkpt lat="28.198335" lon="84.014819">
				 <ele>822.5</ele>
			 </trkpt>
			 <trkpt lat="28.198241" lon="84.014969">
				 <ele>822</ele>
			 </trkpt>
			 <trkpt lat="28.198473" lon="84.015101">
				 <ele>821.5</ele>
			 </trkpt>
			 <trkpt lat="28.198477" lon="84.015059">
				 <ele>821.2</ele>
			 </trkpt>
			 <trkpt lat="28.198528" lon="84.015068">
				 <ele>821.1</ele>
			 </trkpt>
			 <trkpt lat="28.198912" lon="84.015093">
				 <ele>821.3</ele>
			 </trkpt>
			 <trkpt lat="28.199059" lon="84.015132">
				 <ele>821.5</ele>
			 </trkpt>
			 <trkpt lat="28.199102" lon="84.015138">
				 <ele>821.6</ele>
			 </trkpt>
			 <trkpt lat="28.19935" lon="84.015216">
				 <ele>821.7</ele>
			 </trkpt>
			 <trkpt lat="28.199624" lon="84.015276">
				 <ele>822</ele>
			 </trkpt>
			 <trkpt lat="28.199698" lon="84.015278">
				 <ele>822.3</ele>
			 </trkpt>
			 <trkpt lat="28.199744" lon="84.015297">
				 <ele>822.5</ele>
			 </trkpt>
			 <trkpt lat="28.199818" lon="84.015342">
				 <ele>822.8</ele>
			 </trkpt>
			 <trkpt lat="28.199846" lon="84.01538">
				 <ele>823.1</ele>
			 </trkpt>
			 <trkpt lat="28.200008" lon="84.015475">
				 <ele>823.4</ele>
			 </trkpt>
			 <trkpt lat="28.200156" lon="84.015561">
				 <ele>823.5</ele>
			 </trkpt>
			 <trkpt lat="28.200235" lon="84.01562">
				 <ele>823.8</ele>
			 </trkpt>
			 <trkpt lat="28.200368" lon="84.015706">
				 <ele>824</ele>
			 </trkpt>
			 <trkpt lat="28.200431" lon="84.01576">
				 <ele>824.2</ele>
			 </trkpt>
			 <trkpt lat="28.200579" lon="84.01586">
				 <ele>824.4</ele>
			 </trkpt>
			 <trkpt lat="28.200954" lon="84.015968">
				 <ele>824.5</ele>
			 </trkpt>
			 <trkpt lat="28.201256" lon="84.016014">
				 <ele>824.5</ele>
			 </trkpt>
			 <trkpt lat="28.201462" lon="84.016093">
				 <ele>824.6</ele>
			 </trkpt>
			 <trkpt lat="28.201537" lon="84.016133">
				 <ele>824.7</ele>
			 </trkpt>
			 <trkpt lat="28.201807" lon="84.016224">
				 <ele>824.8</ele>
			 </trkpt>
			 <trkpt lat="28.201988" lon="84.01627">
				 <ele>824.9</ele>
			 </trkpt>
			 <trkpt lat="28.20227" lon="84.016333">
				 <ele>825.1</ele>
			 </trkpt>
			 <trkpt lat="28.202362" lon="84.016351">
				 <ele>825.2</ele>
			 </trkpt>
			 <trkpt lat="28.202746" lon="84.016428">
				 <ele>825.3</ele>
			 </trkpt>
			 <trkpt lat="28.202779" lon="84.016433">
				 <ele>825.5</ele>
			 </trkpt>
			 <trkpt lat="28.20319" lon="84.016496">
				 <ele>825.8</ele>
			 </trkpt>
			 <trkpt lat="28.203474" lon="84.016529">
				 <ele>826.2</ele>
			 </trkpt>
			 <trkpt lat="28.203542" lon="84.016561">
				 <ele>826.5</ele>
			 </trkpt>
			 <trkpt lat="28.203668" lon="84.01673">
				 <ele>826.9</ele>
			 </trkpt>
			 <trkpt lat="28.204091" lon="84.0172">
				 <ele>827.3</ele>
			 </trkpt>
			 <trkpt lat="28.204203" lon="84.017017">
				 <ele>827.7</ele>
			 </trkpt>
			 <trkpt lat="28.204321" lon="84.016856">
				 <ele>828.3</ele>
			 </trkpt>
			 <trkpt lat="28.20443" lon="84.016748">
				 <ele>828.8</ele>
			 </trkpt>
			 <trkpt lat="28.204467" lon="84.016719">
				 <ele>829.5</ele>
			 </trkpt>
			 <trkpt lat="28.204579" lon="84.016651">
				 <ele>830.4</ele>
			 </trkpt>
			 <trkpt lat="28.204786" lon="84.016548">
				 <ele>831.1</ele>
			 </trkpt>
			 <trkpt lat="28.205006" lon="84.016449">
				 <ele>831.8</ele>
			 </trkpt>
			 <trkpt lat="28.20532" lon="84.016231">
				 <ele>832.5</ele>
			 </trkpt>
			 <trkpt lat="28.205593" lon="84.016011">
				 <ele>833.2</ele>
			 </trkpt>
			 <trkpt lat="28.205685" lon="84.01593">
				 <ele>833.9</ele>
			 </trkpt>
			 <trkpt lat="28.205798" lon="84.015786">
				 <ele>834.6</ele>
			 </trkpt>
			 <trkpt lat="28.205849" lon="84.015684">
				 <ele>835.4</ele>
			 </trkpt>
			 <trkpt lat="28.205931" lon="84.015602">
				 <ele>836</ele>
			 </trkpt>
			 <trkpt lat="28.20624" lon="84.0155">
				 <ele>836.5</ele>
			 </trkpt>
			 <trkpt lat="28.206485" lon="84.01537">
				 <ele>836.9</ele>
			 </trkpt>
			 <trkpt lat="28.206859" lon="84.015108">
				 <ele>837.2</ele>
			 </trkpt>
			 <trkpt lat="28.206898" lon="84.015081">
				 <ele>837.5</ele>
			 </trkpt>
			 <trkpt lat="28.207051" lon="84.014965">
				 <ele>837.7</ele>
			 </trkpt>
			 <trkpt lat="28.207197" lon="84.014845">
				 <ele>838.2</ele>
			 </trkpt>
			 <trkpt lat="28.20728" lon="84.014768">
				 <ele>838.5</ele>
			 </trkpt>
			 <trkpt lat="28.207353" lon="84.014713">
				 <ele>839</ele>
			 </trkpt>
			 <trkpt lat="28.207569" lon="84.014518">
				 <ele>839.5</ele>
			 </trkpt>
			 <trkpt lat="28.207808" lon="84.014284">
				 <ele>839.9</ele>
			 </trkpt>
			 <trkpt lat="28.208114" lon="84.01373">
				 <ele>840.4</ele>
			 </trkpt>
			 <trkpt lat="28.208248" lon="84.013531">
				 <ele>840.9</ele>
			 </trkpt>
			 <trkpt lat="28.20829" lon="84.013468">
				 <ele>841.5</ele>
			 </trkpt>
			 <trkpt lat="28.208447" lon="84.013326">
				 <ele>842.2</ele>
			 </trkpt>
			 <trkpt lat="28.20862" lon="84.013168">
				 <ele>842.8</ele>
			 </trkpt>
			 <trkpt lat="28.208685" lon="84.013123">
				 <ele>843.5</ele>
			 </trkpt>
			 <trkpt lat="28.208822" lon="84.01303">
				 <ele>844.1</ele>
			 </trkpt>
			 <trkpt lat="28.20914" lon="84.012817">
				 <ele>844.6</ele>
			 </trkpt>
			 <trkpt lat="28.209239" lon="84.012752">
				 <ele>845.2</ele>
			 </trkpt>
			 <trkpt lat="28.209449" lon="84.012583">
				 <ele>845.8</ele>
			 </trkpt>
			 <trkpt lat="28.20973" lon="84.012322">
				 <ele>846.4</ele>
			 </trkpt>
			 <trkpt lat="28.209787" lon="84.01225">
				 <ele>847</ele>
			 </trkpt>
			 <trkpt lat="28.209878" lon="84.012105">
				 <ele>847.5</ele>
			 </trkpt>
			 <trkpt lat="28.21019" lon="84.011739">
				 <ele>848.1</ele>
			 </trkpt>
			 <trkpt lat="28.210396" lon="84.011573">
				 <ele>848.6</ele>
			 </trkpt>
			 <trkpt lat="28.210457" lon="84.011569">
				 <ele>849.2</ele>
			 </trkpt>
			 <trkpt lat="28.210742" lon="84.011489">
				 <ele>849.6</ele>
			 </trkpt>
			 <trkpt lat="28.211121" lon="84.011211">
				 <ele>850.2</ele>
			 </trkpt>
			 <trkpt lat="28.211291" lon="84.011088">
				 <ele>850.8</ele>
			 </trkpt>
			 <trkpt lat="28.211382" lon="84.011016">
				 <ele>851.4</ele>
			 </trkpt>
			 <trkpt lat="28.212127" lon="84.010447">
				 <ele>851.8</ele>
			 </trkpt>
			 <trkpt lat="28.212325" lon="84.010299">
				 <ele>852.3</ele>
			 </trkpt>
			 <trkpt lat="28.212571" lon="84.010116">
				 <ele>852.6</ele>
			 </trkpt>
			 <trkpt lat="28.212935" lon="84.009869">
				 <ele>853</ele>
			 </trkpt>
			 <trkpt lat="28.21292" lon="84.009824">
				 <ele>853.4</ele>
			 </trkpt>
			 <trkpt lat="28.21293" lon="84.009778">
				 <ele>853.7</ele>
			 </trkpt>
			 <trkpt lat="28.212966" lon="84.009745">
				 <ele>854</ele>
			 </trkpt>
			 <trkpt lat="28.213011" lon="84.009743">
				 <ele>854.3</ele>
			 </trkpt>
			 <trkpt lat="28.213047" lon="84.009772">
				 <ele>854.5</ele>
			 </trkpt>
			 <trkpt lat="28.213311" lon="84.009668">
				 <ele>854.6</ele>
			 </trkpt>
			 <trkpt lat="28.213517" lon="84.009626">
				 <ele>854.8</ele>
			 </trkpt>
			 <trkpt lat="28.21371" lon="84.009594">
				 <ele>855.2</ele>
			 </trkpt>
			 <trkpt lat="28.213822" lon="84.009562">
				 <ele>855.8</ele>
			 </trkpt>
			 <trkpt lat="28.213891" lon="84.00954">
				 <ele>856.6</ele>
			 </trkpt>
			 <trkpt lat="28.214027" lon="84.009476">
				 <ele>857.6</ele>
			 </trkpt>
			 <trkpt lat="28.214071" lon="84.009442">
				 <ele>858.7</ele>
			 </trkpt>
			 <trkpt lat="28.214266" lon="84.009053">
				 <ele>860</ele>
			 </trkpt>
			 <trkpt lat="28.214418" lon="84.008638">
				 <ele>861.4</ele>
			 </trkpt>
			 <trkpt lat="28.214461" lon="84.008419">
				 <ele>862.7</ele>
			 </trkpt>
			 <trkpt lat="28.214508" lon="84.008192">
				 <ele>864.1</ele>
			 </trkpt>
			 <trkpt lat="28.214575" lon="84.007863">
				 <ele>865.4</ele>
			 </trkpt>
			 <trkpt lat="28.214644" lon="84.007428">
				 <ele>866.4</ele>
			 </trkpt>
			 <trkpt lat="28.214685" lon="84.007174">
				 <ele>866.9</ele>
			 </trkpt>
			 <trkpt lat="28.214765" lon="84.006939">
				 <ele>867.2</ele>
			 </trkpt>
			 <trkpt lat="28.21481" lon="84.006809">
				 <ele>867.3</ele>
			 </trkpt>
			 <trkpt lat="28.214826" lon="84.006768">
				 <ele>867.2</ele>
			 </trkpt>
			 <trkpt lat="28.214961" lon="84.006412">
				 <ele>866.9</ele>
			 </trkpt>
			 <trkpt lat="28.215143" lon="84.005936">
				 <ele>866.5</ele>
			 </trkpt>
			 <trkpt lat="28.215209" lon="84.00558">
				 <ele>865.9</ele>
			 </trkpt>
			 <trkpt lat="28.215293" lon="84.005138">
				 <ele>865.4</ele>
			 </trkpt>
			 <trkpt lat="28.215325" lon="84.004967">
				 <ele>864.8</ele>
			 </trkpt>
			 <trkpt lat="28.215393" lon="84.004656">
				 <ele>864.4</ele>
			 </trkpt>
			 <trkpt lat="28.215441" lon="84.004443">
				 <ele>864.2</ele>
			 </trkpt>
			 <trkpt lat="28.215498" lon="84.004183">
				 <ele>864.3</ele>
			 </trkpt>
			 <trkpt lat="28.215577" lon="84.00389">
				 <ele>864.5</ele>
			 </trkpt>
			 <trkpt lat="28.215608" lon="84.003849">
				 <ele>864.9</ele>
			 </trkpt>
			 <trkpt lat="28.215759" lon="84.003653">
				 <ele>865.3</ele>
			 </trkpt>
			 <trkpt lat="28.215955" lon="84.003466">
				 <ele>865.7</ele>
			 </trkpt>
			 <trkpt lat="28.216104" lon="84.003325">
				 <ele>866.3</ele>
			 </trkpt>
			 <trkpt lat="28.216611" lon="84.002805">
				 <ele>866.7</ele>
			 </trkpt>
			 <trkpt lat="28.216736" lon="84.00257">
				 <ele>867.2</ele>
			 </trkpt>
			 <trkpt lat="28.217034" lon="84.002195">
				 <ele>867.7</ele>
			 </trkpt>
			 <trkpt lat="28.21785" lon="84.001087">
				 <ele>868.2</ele>
			 </trkpt>
			 <trkpt lat="28.218276" lon="84.000511">
				 <ele>868.7</ele>
			 </trkpt>
			 <trkpt lat="28.218507" lon="84.000171">
				 <ele>869.3</ele>
			 </trkpt>
			 <trkpt lat="28.219018" lon="83.999433">
				 <ele>869.6</ele>
			 </trkpt>
			 <trkpt lat="28.219677" lon="83.998319">
				 <ele>869.9</ele>
			 </trkpt>
			 <trkpt lat="28.219722" lon="83.998244">
				 <ele>870.4</ele>
			 </trkpt>
			 <trkpt lat="28.219969" lon="83.998502">
				 <ele>870.7</ele>
			 </trkpt>
			 <trkpt lat="28.219994" lon="83.998518">
				 <ele>871</ele>
			 </trkpt>
			 <trkpt lat="28.220018" lon="83.998533">
				 <ele>871.4</ele>
			 </trkpt>
			 <trkpt lat="28.220067" lon="83.998509">
				 <ele>871.7</ele>
			 </trkpt>
			 <trkpt lat="28.220603" lon="83.99814">
				 <ele>872</ele>
			 </trkpt>
			 <trkpt lat="28.220664" lon="83.998104">
				 <ele>872.4</ele>
			 </trkpt>
			 <trkpt lat="28.220682" lon="83.998058">
				 <ele>872.6</ele>
			 </trkpt>
			 <trkpt lat="28.220718" lon="83.998013">
				 <ele>873</ele>
			 </trkpt>
			 <trkpt lat="28.220915" lon="83.997891">
				 <ele>873.4</ele>
			 </trkpt>
			 <trkpt lat="28.221036" lon="83.99781">
				 <ele>873.8</ele>
			 </trkpt>
			 <trkpt lat="28.221315" lon="83.997626">
				 <ele>874.1</ele>
			 </trkpt>
			 <trkpt lat="28.221709" lon="83.997394">
				 <ele>874.4</ele>
			 </trkpt>
			 <trkpt lat="28.221914" lon="83.99735">
				 <ele>874.6</ele>
			 </trkpt>
			 <trkpt lat="28.22216" lon="83.997314">
				 <ele>875</ele>
			 </trkpt>
			 <trkpt lat="28.222329" lon="83.997274">
				 <ele>875.4</ele>
			 </trkpt>
			 <trkpt lat="28.222429" lon="83.997263">
				 <ele>875.8</ele>
			 </trkpt>
			 <trkpt lat="28.222487" lon="83.997249">
				 <ele>876.5</ele>
			 </trkpt>
			 <trkpt lat="28.222446" lon="83.997006">
				 <ele>877.2</ele>
			 </trkpt>
			 <trkpt lat="28.222555" lon="83.996961">
				 <ele>877.9</ele>
			 </trkpt>
			 <trkpt lat="28.223432" lon="83.996416">
				 <ele>878.6</ele>
			 </trkpt>
			 <trkpt lat="28.223761" lon="83.996195">
				 <ele>879.4</ele>
			 </trkpt>
			 <trkpt lat="28.224488" lon="83.995768">
				 <ele>880.4</ele>
			 </trkpt>
			 <trkpt lat="28.224761" lon="83.995634">
				 <ele>881.4</ele>
			 </trkpt>
			 <trkpt lat="28.22494" lon="83.995582">
				 <ele>882.4</ele>
			 </trkpt>
			 <trkpt lat="28.225088" lon="83.995557">
				 <ele>883.3</ele>
			 </trkpt>
			 <trkpt lat="28.225358" lon="83.995384">
				 <ele>884.2</ele>
			 </trkpt>
			 <trkpt lat="28.225829" lon="83.994999">
				 <ele>885</ele>
			 </trkpt>
			 <trkpt lat="28.226034" lon="83.994805">
				 <ele>885.5</ele>
			 </trkpt>
			 <trkpt lat="28.226075" lon="83.994797">
				 <ele>885.8</ele>
			 </trkpt>
			 <trkpt lat="28.226114" lon="83.994817">
				 <ele>886</ele>
			 </trkpt>
			 <trkpt lat="28.226223" lon="83.994998">
				 <ele>886.2</ele>
			 </trkpt>
			 <trkpt lat="28.226361" lon="83.995107">
				 <ele>886.3</ele>
			 </trkpt>
			 <trkpt lat="28.226383" lon="83.994372">
				 <ele>886.2</ele>
			 </trkpt>
			 <trkpt lat="28.226387" lon="83.994257">
				 <ele>886.1</ele>
			 </trkpt>
			 <trkpt lat="28.226406" lon="83.994186">
				 <ele>886.1</ele>
			 </trkpt>
			 <trkpt lat="28.226472" lon="83.994155">
				 <ele>886.2</ele>
			 </trkpt>
			 <trkpt lat="28.226938" lon="83.994101">
				 <ele>886.3</ele>
			 </trkpt>
			 <trkpt lat="28.227001" lon="83.994092">
				 <ele>886.5</ele>
			 </trkpt>
			 <trkpt lat="28.227262" lon="83.993992">
				 <ele>886.7</ele>
			 </trkpt>
			 <trkpt lat="28.227919" lon="83.993859">
				 <ele>887</ele>
			 </trkpt>
			 <trkpt lat="28.228131" lon="83.993885">
				 <ele>887.4</ele>
			 </trkpt>
			 <trkpt lat="28.228225" lon="83.993918">
				 <ele>887.6</ele>
			 </trkpt>
			 <trkpt lat="28.228452" lon="83.994001">
				 <ele>887.8</ele>
			 </trkpt>
			 <trkpt lat="28.228656" lon="83.994016">
				 <ele>887.8</ele>
			 </trkpt>
			 <trkpt lat="28.228977" lon="83.994029">
				 <ele>887.8</ele>
			 </trkpt>
			 <trkpt lat="28.229215" lon="83.994018">
				 <ele>888.4</ele>
			 </trkpt>
			 <trkpt lat="28.229306" lon="83.99397">
				 <ele>888.9</ele>
			 </trkpt>
			 <trkpt lat="28.229364" lon="83.993618">
				 <ele>889.6</ele>
			 </trkpt>
			 <trkpt lat="28.229474" lon="83.993231">
				 <ele>890.5</ele>
			 </trkpt>
			 <trkpt lat="28.229524" lon="83.99312">
				 <ele>891.8</ele>
			 </trkpt>
			 <trkpt lat="28.229791" lon="83.992297">
				 <ele>893.2</ele>
			 </trkpt>
			 <trkpt lat="28.229815" lon="83.992222">
				 <ele>894.5</ele>
			 </trkpt>
			 <trkpt lat="28.229849" lon="83.992067">
				 <ele>896.1</ele>
			 </trkpt>
			 <trkpt lat="28.229866" lon="83.991929">
				 <ele>897.7</ele>
			 </trkpt>
			 <trkpt lat="28.229812" lon="83.99132">
				 <ele>899.6</ele>
			 </trkpt>
			 <trkpt lat="28.229837" lon="83.99117">
				 <ele>901.6</ele>
			 </trkpt>
			 <trkpt lat="28.230164" lon="83.991196">
				 <ele>903.2</ele>
			 </trkpt>
			 <trkpt lat="28.230426" lon="83.991185">
				 <ele>904.7</ele>
			 </trkpt>
			 <trkpt lat="28.230557" lon="83.99119">
				 <ele>906.2</ele>
			 </trkpt>
			 <trkpt lat="28.230965" lon="83.991136">
				 <ele>907.5</ele>
			 </trkpt>
			 <trkpt lat="28.231122" lon="83.991124">
				 <ele>908.4</ele>
			 </trkpt>
			 <trkpt lat="28.231548" lon="83.991075">
				 <ele>909.2</ele>
			 </trkpt>
			 <trkpt lat="28.231656" lon="83.991063">
				 <ele>910</ele>
			 </trkpt>
			 <trkpt lat="28.231913" lon="83.990972">
				 <ele>910.5</ele>
			 </trkpt>
			 <trkpt lat="28.23226" lon="83.990826">
				 <ele>911.5</ele>
			 </trkpt>
			 <trkpt lat="28.232889" lon="83.990663">
				 <ele>912.2</ele>
			 </trkpt>
			 <trkpt lat="28.2331" lon="83.990598">
				 <ele>912.7</ele>
			 </trkpt>
			 <trkpt lat="28.233407" lon="83.990486">
				 <ele>913.1</ele>
			 </trkpt>
			 <trkpt lat="28.233654" lon="83.990387">
				 <ele>913.3</ele>
			 </trkpt>
			 <trkpt lat="28.234412" lon="83.990047">
				 <ele>913.4</ele>
			 </trkpt>
			 <trkpt lat="28.234604" lon="83.990002">
				 <ele>913.3</ele>
			 </trkpt>
			 <trkpt lat="28.234797" lon="83.989969">
				 <ele>913</ele>
			 </trkpt>
			 <trkpt lat="28.234835" lon="83.989965">
				 <ele>912.9</ele>
			 </trkpt>
			 <trkpt lat="28.23527" lon="83.989922">
				 <ele>913</ele>
			 </trkpt>
			 <trkpt lat="28.235411" lon="83.989925">
				 <ele>913.4</ele>
			 </trkpt>
			 <trkpt lat="28.235763" lon="83.989921">
				 <ele>913.5</ele>
			 </trkpt>
			 <trkpt lat="28.236261" lon="83.989882">
				 <ele>913.7</ele>
			 </trkpt>
			 <trkpt lat="28.23673" lon="83.989585">
				 <ele>914.2</ele>
			 </trkpt>
			 <trkpt lat="28.237542" lon="83.989346">
				 <ele>914.9</ele>
			 </trkpt>
			 <trkpt lat="28.238353" lon="83.989171">
				 <ele>915.7</ele>
			 </trkpt>
			 <trkpt lat="28.239072" lon="83.989017">
				 <ele>916.6</ele>
			 </trkpt>
			 <trkpt lat="28.240171" lon="83.988825">
				 <ele>917.6</ele>
			 </trkpt>
			 <trkpt lat="28.24084" lon="83.988731">
				 <ele>918.8</ele>
			 </trkpt>
			 <trkpt lat="28.241744" lon="83.988717">
				 <ele>919.8</ele>
			 </trkpt>
			 <trkpt lat="28.241974" lon="83.988711">
				 <ele>920.7</ele>
			 </trkpt>
			 <trkpt lat="28.242385" lon="83.988701">
				 <ele>921.6</ele>
			 </trkpt>
			 <trkpt lat="28.242438" lon="83.988633">
				 <ele>922.5</ele>
			 </trkpt>
			 <trkpt lat="28.24247" lon="83.988562">
				 <ele>923.4</ele>
			 </trkpt>
			 <trkpt lat="28.242486" lon="83.988473">
				 <ele>924.1</ele>
			 </trkpt>
			 <trkpt lat="28.242489" lon="83.988418">
				 <ele>924.5</ele>
			 </trkpt>
			 <trkpt lat="28.242246" lon="83.987819">
				 <ele>925.1</ele>
			 </trkpt>
			 <trkpt lat="28.24213" lon="83.987476">
				 <ele>925.5</ele>
			 </trkpt>
			 <trkpt lat="28.24198" lon="83.987034">
				 <ele>926.2</ele>
			 </trkpt>
			 <trkpt lat="28.242115" lon="83.986971">
				 <ele>926.8</ele>
			 </trkpt>
			 <trkpt lat="28.242208" lon="83.986913">
				 <ele>927.5</ele>
			 </trkpt>
			 <trkpt lat="28.242858" lon="83.986572">
				 <ele>928</ele>
			 </trkpt>
			 <trkpt lat="28.242939" lon="83.986538">
				 <ele>928.5</ele>
			 </trkpt>
			 <trkpt lat="28.24337" lon="83.986362">
				 <ele>928.8</ele>
			 </trkpt>
			 <trkpt lat="28.243472" lon="83.986314">
				 <ele>929.2</ele>
			 </trkpt>
			 <trkpt lat="28.243546" lon="83.986219">
				 <ele>929.5</ele>
			 </trkpt>
			 <trkpt lat="28.243574" lon="83.986133">
				 <ele>929.9</ele>
			 </trkpt>
			 <trkpt lat="28.243608" lon="83.985974">
				 <ele>930.3</ele>
			 </trkpt>
			 <trkpt lat="28.243615" lon="83.985936">
				 <ele>930.7</ele>
			 </trkpt>
			 <trkpt lat="28.243853" lon="83.984888">
				 <ele>931.1</ele>
			 </trkpt>
			 <trkpt lat="28.243901" lon="83.984637">
				 <ele>931.6</ele>
			 </trkpt>
			 <trkpt lat="28.243965" lon="83.984373">
				 <ele>932.8</ele>
			 </trkpt>
			 <trkpt lat="28.244047" lon="83.983967">
				 <ele>934.2</ele>
			 </trkpt>
			 <trkpt lat="28.244169" lon="83.983497">
				 <ele>935.6</ele>
			 </trkpt>
			 <trkpt lat="28.244206" lon="83.983358">
				 <ele>937.2</ele>
			 </trkpt>
			 <trkpt lat="28.244453" lon="83.982505">
				 <ele>938.6</ele>
			 </trkpt>
			 <trkpt lat="28.244563" lon="83.981858">
				 <ele>940.3</ele>
			 </trkpt>
			 <trkpt lat="28.244341" lon="83.98204">
				 <ele>941.5</ele>
			 </trkpt>
			 <trkpt lat="28.244152" lon="83.982244">
				 <ele>942.2</ele>
			 </trkpt>
			 <trkpt lat="28.244015" lon="83.982432">
				 <ele>942.6</ele>
			 </trkpt>
			 <trkpt lat="28.243983" lon="83.982482">
				 <ele>942.9</ele>
			 </trkpt>
			 <trkpt lat="28.243828" lon="83.982735">
				 <ele>943</ele>
			 </trkpt>
			 <trkpt lat="28.243624" lon="83.983285">
				 <ele>942.5</ele>
			 </trkpt>
			 <trkpt lat="28.243367" lon="83.983856">
				 <ele>941.8</ele>
			 </trkpt>
			 <trkpt lat="28.243257" lon="83.984027">
				 <ele>941.2</ele>
			 </trkpt>
			 <trkpt lat="28.243152" lon="83.984158">
				 <ele>940.5</ele>
			 </trkpt>
			 <trkpt lat="28.243108" lon="83.984189">
				 <ele>939.5</ele>
			 </trkpt>
			 <trkpt lat="28.24305" lon="83.98421">
				 <ele>938.5</ele>
			 </trkpt>
			 <trkpt lat="28.242777" lon="83.984226">
				 <ele>938</ele>
			 </trkpt>
			 <trkpt lat="28.242581" lon="83.984208">
				 <ele>938.1</ele>
			 </trkpt>
			 <trkpt lat="28.242224" lon="83.984139">
				 <ele>938.4</ele>
			 </trkpt>
			 <trkpt lat="28.241705" lon="83.984028">
				 <ele>938.7</ele>
			 </trkpt>
			 <trkpt lat="28.241653" lon="83.984017">
				 <ele>939.1</ele>
			 </trkpt>
			 <trkpt lat="28.240921" lon="83.983827">
				 <ele>939.5</ele>
			 </trkpt>
			 <trkpt lat="28.240058" lon="83.983594">
				 <ele>939.6</ele>
			 </trkpt>
			 <trkpt lat="28.239966" lon="83.983576">
				 <ele>939.6</ele>
			 </trkpt>
			 <trkpt lat="28.239774" lon="83.983538">
				 <ele>939.5</ele>
			 </trkpt>
			 <trkpt lat="28.239604" lon="83.983516">
				 <ele>939.4</ele>
			 </trkpt>
			 <trkpt lat="28.239363" lon="83.9835">
				 <ele>939.2</ele>
			 </trkpt>
			 <trkpt lat="28.239288" lon="83.983494">
				 <ele>938.5</ele>
			 </trkpt>
			 <trkpt lat="28.238717" lon="83.98345">
				 <ele>937.3</ele>
			 </trkpt>
			 <trkpt lat="28.23837" lon="83.983423">
				 <ele>935.8</ele>
			 </trkpt>
			 <trkpt lat="28.237896" lon="83.983398">
				 <ele>934.3</ele>
			 </trkpt>
			 <trkpt lat="28.237577" lon="83.983386">
				 <ele>932.6</ele>
			 </trkpt>
			 <trkpt lat="28.237071" lon="83.98338">
				 <ele>930.8</ele>
			 </trkpt>
			 <trkpt lat="28.236754" lon="83.983368">
				 <ele>929</ele>
			 </trkpt>
			 <trkpt lat="28.236305" lon="83.983384">
				 <ele>927.1</ele>
			 </trkpt>
			 <trkpt lat="28.236105" lon="83.983391">
				 <ele>925.2</ele>
			 </trkpt>
			 <trkpt lat="28.235664" lon="83.983293">
				 <ele>923.4</ele>
			 </trkpt>
			 <trkpt lat="28.235222" lon="83.983196">
				 <ele>921.4</ele>
			 </trkpt>
			 <trkpt lat="28.234781" lon="83.983098">
				 <ele>919.6</ele>
			 </trkpt>
			 <trkpt lat="28.234339" lon="83.983001">
				 <ele>918</ele>
			 </trkpt>
			 <trkpt lat="28.234045" lon="83.982936">
				 <ele>916.5</ele>
			 </trkpt>
			 <trkpt lat="28.233603" lon="83.982843">
				 <ele>915</ele>
			 </trkpt>
			 <trkpt lat="28.233161" lon="83.982751">
				 <ele>913.4</ele>
			 </trkpt>
			 <trkpt lat="28.232718" lon="83.982659">
				 <ele>911.7</ele>
			 </trkpt>
			 <trkpt lat="28.232276" lon="83.982567">
				 <ele>909.9</ele>
			 </trkpt>
			 <trkpt lat="28.231834" lon="83.982475">
				 <ele>908.2</ele>
			 </trkpt>
			 <trkpt lat="28.231612" lon="83.982429">
				 <ele>906.6</ele>
			 </trkpt>
			 <trkpt lat="28.231178" lon="83.982294">
				 <ele>905</ele>
			 </trkpt>
			 <trkpt lat="28.230745" lon="83.982159">
				 <ele>903.5</ele>
			 </trkpt>
			 <trkpt lat="28.230311" lon="83.982024">
				 <ele>902</ele>
			 </trkpt>
			 <trkpt lat="28.229981" lon="83.981922">
				 <ele>900.7</ele>
			 </trkpt>
			 <trkpt lat="28.229556" lon="83.981753">
				 <ele>899.3</ele>
			 </trkpt>
			 <trkpt lat="28.229132" lon="83.981584">
				 <ele>897.5</ele>
			 </trkpt>
			 <trkpt lat="28.228708" lon="83.981414">
				 <ele>896.1</ele>
			 </trkpt>
			 <trkpt lat="28.228284" lon="83.981245">
				 <ele>894.7</ele>
			 </trkpt>
			 <trkpt lat="28.22814" lon="83.981188">
				 <ele>893.4</ele>
			 </trkpt>
			 <trkpt lat="28.227698" lon="83.981097">
				 <ele>892</ele>
			 </trkpt>
			 <trkpt lat="28.227255" lon="83.981006">
				 <ele>890.7</ele>
			 </trkpt>
			 <trkpt lat="28.226876" lon="83.980928">
				 <ele>889.5</ele>
			 </trkpt>
			 <trkpt lat="28.226435" lon="83.98083">
				 <ele>888.5</ele>
			 </trkpt>
			 <trkpt lat="28.225993" lon="83.980733">
				 <ele>887.5</ele>
			 </trkpt>
			 <trkpt lat="28.225552" lon="83.980635">
				 <ele>886.5</ele>
			 </trkpt>
			 <trkpt lat="28.225419" lon="83.980606">
				 <ele>885.9</ele>
			 </trkpt>
			 <trkpt lat="28.225027" lon="83.980357">
				 <ele>885.4</ele>
			 </trkpt>
			 <trkpt lat="28.224978" lon="83.980326">
				 <ele>884.6</ele>
			 </trkpt>
			 <trkpt lat="28.224601" lon="83.980047">
				 <ele>883.9</ele>
			 </trkpt>
			 <trkpt lat="28.224225" lon="83.979768">
				 <ele>883.3</ele>
			 </trkpt>
			 <trkpt lat="28.223848" lon="83.979489">
				 <ele>882.5</ele>
			 </trkpt>
			 <trkpt lat="28.223472" lon="83.97921">
				 <ele>881.5</ele>
			 </trkpt>
			 <trkpt lat="28.223095" lon="83.978931">
				 <ele>880.5</ele>
			 </trkpt>
			 <trkpt lat="28.222996" lon="83.978857">
				 <ele>879.3</ele>
			 </trkpt>
			 <trkpt lat="28.22259" lon="83.978639">
				 <ele>878</ele>
			 </trkpt>
			 <trkpt lat="28.222145" lon="83.978462">
				 <ele>876.7</ele>
			 </trkpt>
			 <trkpt lat="28.22172" lon="83.978295">
				 <ele>875.3</ele>
			 </trkpt>
			 <trkpt lat="28.221295" lon="83.978128">
				 <ele>873.7</ele>
			 </trkpt>
			 <trkpt lat="28.22087" lon="83.977962">
				 <ele>872.4</ele>
			 </trkpt>
			 <trkpt lat="28.220523" lon="83.977826">
				 <ele>871.1</ele>
			 </trkpt>
			 <trkpt lat="28.220089" lon="83.977695">
				 <ele>869.9</ele>
			 </trkpt>
			 <trkpt lat="28.219654" lon="83.977564">
				 <ele>868.6</ele>
			 </trkpt>
			 <trkpt lat="28.219219" lon="83.977434">
				 <ele>867.2</ele>
			 </trkpt>
			 <trkpt lat="28.218785" lon="83.977303">
				 <ele>865.8</ele>
			 </trkpt>
			 <trkpt lat="28.218436" lon="83.977198">
				 <ele>864.4</ele>
			 </trkpt>
			 <trkpt lat="28.218" lon="83.977074">
				 <ele>862.6</ele>
			 </trkpt>
			 <trkpt lat="28.217564" lon="83.97695">
				 <ele>860.8</ele>
			 </trkpt>
			 <trkpt lat="28.217128" lon="83.976826">
				 <ele>859.2</ele>
			 </trkpt>
			 <trkpt lat="28.216692" lon="83.976702">
				 <ele>857.7</ele>
			 </trkpt>
			 <trkpt lat="28.216254" lon="83.976562">
				 <ele>856.2</ele>
			 </trkpt>
			 <trkpt lat="28.215821" lon="83.976423">
				 <ele>854.5</ele>
			 </trkpt>
			 <trkpt lat="28.215693" lon="83.976382">
				 <ele>852.9</ele>
			 </trkpt>
			 <trkpt lat="28.215254" lon="83.976269">
				 <ele>851.4</ele>
			 </trkpt>
			 <trkpt lat="28.214833" lon="83.97607">
				 <ele>850.2</ele>
			 </trkpt>
			 <trkpt lat="28.214667" lon="83.975991">
				 <ele>848.9</ele>
			 </trkpt>
			 <trkpt lat="28.214305" lon="83.975781">
				 <ele>847.8</ele>
			 </trkpt>
			 <trkpt lat="28.21396" lon="83.975677">
				 <ele>847.1</ele>
			 </trkpt>
			 <trkpt lat="28.213516" lon="83.975597">
				 <ele>846.5</ele>
			 </trkpt>
			 <trkpt lat="28.213111" lon="83.975524">
				 <ele>845.8</ele>
			 </trkpt>
			 <trkpt lat="28.213036" lon="83.975455">
				 <ele>845.3</ele>
			 </trkpt>
			 <trkpt lat="28.212968" lon="83.975398">
				 <ele>844.8</ele>
			 </trkpt>
			 <trkpt lat="28.212923" lon="83.975345">
				 <ele>844.5</ele>
			 </trkpt>
			 <trkpt lat="28.212904" lon="83.975281">
				 <ele>844.1</ele>
			 </trkpt>
			 <trkpt lat="28.212896" lon="83.975186">
				 <ele>843.8</ele>
			 </trkpt>
			 <trkpt lat="28.212929" lon="83.975101">
				 <ele>843.5</ele>
			 </trkpt>
			 <trkpt lat="28.212945" lon="83.975008">
				 <ele>843.3</ele>
			 </trkpt>
			 <trkpt lat="28.213369" lon="83.974035">
				 <ele>843</ele>
			 </trkpt>
			 <trkpt lat="28.213779" lon="83.973141">
				 <ele>842.7</ele>
			 </trkpt>
			 <trkpt lat="28.213951" lon="83.972653">
				 <ele>842.5</ele>
			 </trkpt>
			 <trkpt lat="28.21401" lon="83.972445">
				 <ele>842.2</ele>
			 </trkpt>
			 <trkpt lat="28.214016" lon="83.972329">
				 <ele>841.8</ele>
			 </trkpt>
			 <trkpt lat="28.214027" lon="83.97213">
				 <ele>841.5</ele>
			 </trkpt>
			 <trkpt lat="28.214004" lon="83.971861">
				 <ele>841.1</ele>
			 </trkpt>
			 <trkpt lat="28.213959" lon="83.971652">
				 <ele>840.8</ele>
			 </trkpt>
			 <trkpt lat="28.213921" lon="83.971534">
				 <ele>840.6</ele>
			 </trkpt>
			 <trkpt lat="28.213879" lon="83.971424">
				 <ele>840.5</ele>
			 </trkpt>
			 <trkpt lat="28.21383" lon="83.971329">
				 <ele>840.3</ele>
			 </trkpt>
			 <trkpt lat="28.213782" lon="83.971255">
				 <ele>840</ele>
			 </trkpt>
			 <trkpt lat="28.21372" lon="83.971177">
				 <ele>839.6</ele>
			 </trkpt>
			 <trkpt lat="28.213543" lon="83.971008">
				 <ele>839.3</ele>
			 </trkpt>
			 <trkpt lat="28.21337" lon="83.970864">
				 <ele>838.8</ele>
			 </trkpt>
			 <trkpt lat="28.213268" lon="83.970758">
				 <ele>838.4</ele>
			 </trkpt>
			 <trkpt lat="28.213103" lon="83.970604">
				 <ele>837.8</ele>
			 </trkpt>
			 <trkpt lat="28.213" lon="83.970477">
				 <ele>837.2</ele>
			 </trkpt>
			 <trkpt lat="28.212913" lon="83.970343">
				 <ele>836.4</ele>
			 </trkpt>
			 <trkpt lat="28.212847" lon="83.970203">
				 <ele>835.5</ele>
			 </trkpt>
			 <trkpt lat="28.212774" lon="83.97002">
				 <ele>834.6</ele>
			 </trkpt>
			 <trkpt lat="28.212683" lon="83.969713">
				 <ele>833.7</ele>
			 </trkpt>
			 <trkpt lat="28.212602" lon="83.969382">
				 <ele>832.9</ele>
			 </trkpt>
			 <trkpt lat="28.212488" lon="83.968973">
				 <ele>832.1</ele>
			 </trkpt>
			 <trkpt lat="28.212458" lon="83.968895">
				 <ele>831.3</ele>
			 </trkpt>
			 <trkpt lat="28.212421" lon="83.96883">
				 <ele>830.5</ele>
			 </trkpt>
			 <trkpt lat="28.212346" lon="83.968743">
				 <ele>830</ele>
			 </trkpt>
			 <trkpt lat="28.212293" lon="83.968685">
				 <ele>829.6</ele>
			 </trkpt>
			 <trkpt lat="28.212203" lon="83.968568">
				 <ele>829.4</ele>
			 </trkpt>
			 <trkpt lat="28.212145" lon="83.968449">
				 <ele>829.3</ele>
			 </trkpt>
			 <trkpt lat="28.212034" lon="83.968048">
				 <ele>829.2</ele>
			 </trkpt>
			 <trkpt lat="28.211942" lon="83.967685">
				 <ele>829.2</ele>
			 </trkpt>
			 <trkpt lat="28.211734" lon="83.967028">
				 <ele>829.2</ele>
			 </trkpt>
			 <trkpt lat="28.211715" lon="83.966966">
				 <ele>828.9</ele>
			 </trkpt>
			 <trkpt lat="28.211663" lon="83.966751">
				 <ele>828.8</ele>
			 </trkpt>
			 <trkpt lat="28.211592" lon="83.966254">
				 <ele>828.6</ele>
			 </trkpt>
			 <trkpt lat="28.211573" lon="83.96602">
				 <ele>828.5</ele>
			 </trkpt>
			 <trkpt lat="28.211573" lon="83.965704">
				 <ele>828.1</ele>
			 </trkpt>
			 <trkpt lat="28.211697" lon="83.964947">
				 <ele>827.6</ele>
			 </trkpt>
			 <trkpt lat="28.211755" lon="83.964659">
				 <ele>827</ele>
			 </trkpt>
			 <trkpt lat="28.21186" lon="83.963911">
				 <ele>826.3</ele>
			 </trkpt>
			 <trkpt lat="28.211882" lon="83.963829">
				 <ele>825.5</ele>
			 </trkpt>
			 <trkpt lat="28.211926" lon="83.963671">
				 <ele>824.5</ele>
			 </trkpt>
			 <trkpt lat="28.211951" lon="83.9636">
				 <ele>823.5</ele>
			 </trkpt>
			 <trkpt lat="28.21215" lon="83.963166">
				 <ele>822.7</ele>
			 </trkpt>
			 <trkpt lat="28.21231" lon="83.962795">
				 <ele>821.6</ele>
			 </trkpt>
			 <trkpt lat="28.212473" lon="83.962455">
				 <ele>820.5</ele>
			 </trkpt>
			 <trkpt lat="28.212802" lon="83.961745">
				 <ele>819.5</ele>
			 </trkpt>
			 <trkpt lat="28.21324" lon="83.960814">
				 <ele>818.4</ele>
			 </trkpt>
			 <trkpt lat="28.213368" lon="83.960542">
				 <ele>817.1</ele>
			 </trkpt>
			 <trkpt lat="28.213483" lon="83.960246">
				 <ele>815.7</ele>
			 </trkpt>
			 <trkpt lat="28.213574" lon="83.959989">
				 <ele>814.5</ele>
			 </trkpt>
			 <trkpt lat="28.213634" lon="83.959777">
				 <ele>813.3</ele>
			 </trkpt>
			 <trkpt lat="28.213724" lon="83.959375">
				 <ele>812.2</ele>
			 </trkpt>
			 <trkpt lat="28.213812" lon="83.958747">
				 <ele>811.4</ele>
			 </trkpt>
			 <trkpt lat="28.213951" lon="83.957909">
				 <ele>810.6</ele>
			 </trkpt>
			 <trkpt lat="28.213997" lon="83.957851">
				 <ele>810.1</ele>
			 </trkpt>
			 <trkpt lat="28.214017" lon="83.957749">
				 <ele>809.6</ele>
			 </trkpt>
			 <trkpt lat="28.21472" lon="83.958109">
				 <ele>809.2</ele>
			 </trkpt>
			 <trkpt lat="28.215104" lon="83.958286">
				 <ele>808.6</ele>
			 </trkpt>
			 <trkpt lat="28.215236" lon="83.958348">
				 <ele>808.3</ele>
			 </trkpt>
			 <trkpt lat="28.215459" lon="83.958434">
				 <ele>808.2</ele>
			 </trkpt>
			 <trkpt lat="28.215695" lon="83.958541">
				 <ele>808.2</ele>
			 </trkpt>
			 <trkpt lat="28.21596" lon="83.958607">
				 <ele>808.2</ele>
			 </trkpt>
			 <trkpt lat="28.216779" lon="83.958697">
				 <ele>808.3</ele>
			 </trkpt>
			 <trkpt lat="28.216844" lon="83.958712">
				 <ele>808.3</ele>
			 </trkpt>
			 <trkpt lat="28.217019" lon="83.958779">
				 <ele>808.3</ele>
			 </trkpt>
			 <trkpt lat="28.217286" lon="83.95889">
				 <ele>808.3</ele>
			 </trkpt>
			 <trkpt lat="28.217389" lon="83.958913">
				 <ele>808.5</ele>
			 </trkpt>
			 <trkpt lat="28.217644" lon="83.958969">
				 <ele>808.6</ele>
			 </trkpt>
			 <trkpt lat="28.217988" lon="83.958891">
				 <ele>809.1</ele>
			 </trkpt>
			 <trkpt lat="28.218018" lon="83.958886">
				 <ele>809.5</ele>
			 </trkpt>
			 <trkpt lat="28.21819" lon="83.958836">
				 <ele>809.7</ele>
			 </trkpt>
			 <trkpt lat="28.21855" lon="83.958746">
				 <ele>809.7</ele>
			 </trkpt>
			 <trkpt lat="28.218633" lon="83.958714">
				 <ele>809.6</ele>
			 </trkpt>
			 <trkpt lat="28.218691" lon="83.958684">
				 <ele>809.4</ele>
			 </trkpt>
			 <trkpt lat="28.218736" lon="83.958649">
				 <ele>809.1</ele>
			 </trkpt>
			 <trkpt lat="28.218849" lon="83.958535">
				 <ele>808.8</ele>
			 </trkpt>
			 <trkpt lat="28.218915" lon="83.958459">
				 <ele>808.5</ele>
			 </trkpt>
			 <trkpt lat="28.219009" lon="83.958392">
				 <ele>808.1</ele>
			 </trkpt>
			 <trkpt lat="28.219181" lon="83.95832">
				 <ele>807.6</ele>
			 </trkpt>
			 <trkpt lat="28.219389" lon="83.958275">
				 <ele>807.1</ele>
			 </trkpt>
			 <trkpt lat="28.219482" lon="83.958259">
				 <ele>806.5</ele>
			 </trkpt>
			 <trkpt lat="28.219518" lon="83.958254">
				 <ele>806</ele>
			 </trkpt>
			 <trkpt lat="28.219583" lon="83.958232">
				 <ele>805.6</ele>
			 </trkpt>
			 <trkpt lat="28.219645" lon="83.958197">
				 <ele>805.4</ele>
			 </trkpt>
			 <trkpt lat="28.219685" lon="83.958166">
				 <ele>805.2</ele>
			 </trkpt>
			 <trkpt lat="28.219868" lon="83.957941">
				 <ele>805</ele>
			 </trkpt>
			 <trkpt lat="28.220004" lon="83.957785">
				 <ele>804.8</ele>
			 </trkpt>
			 <trkpt lat="28.220066" lon="83.957734">
				 <ele>804.6</ele>
			 </trkpt>
			 <trkpt lat="28.220087" lon="83.957714">
				 <ele>804.5</ele>
			 </trkpt>
			 <trkpt lat="28.220121" lon="83.957691">
				 <ele>804.2</ele>
			 </trkpt>
			 <trkpt lat="28.22021" lon="83.957663">
				 <ele>803.9</ele>
			 </trkpt>
			 <trkpt lat="28.220403" lon="83.957622">
				 <ele>803.7</ele>
			 </trkpt>
			 <trkpt lat="28.220603" lon="83.957594">
				 <ele>803.6</ele>
			 </trkpt>
			 <trkpt lat="28.220696" lon="83.957563">
				 <ele>803.5</ele>
			 </trkpt>
			 <trkpt lat="28.220754" lon="83.957532">
				 <ele>803.5</ele>
			 </trkpt>
			 <trkpt lat="28.220828" lon="83.957454">
				 <ele>803.4</ele>
			 </trkpt>
			 <trkpt lat="28.220859" lon="83.957411">
				 <ele>803.3</ele>
			 </trkpt>
			 <trkpt lat="28.220921" lon="83.957303">
				 <ele>803.2</ele>
			 </trkpt>
			 <trkpt lat="28.220989" lon="83.957137">
				 <ele>803.1</ele>
			 </trkpt>
			 <trkpt lat="28.221012" lon="83.957026">
				 <ele>803.1</ele>
			 </trkpt>
			 <trkpt lat="28.221018" lon="83.956968">
				 <ele>803.3</ele>
			 </trkpt>
			 <trkpt lat="28.221014" lon="83.95681">
				 <ele>803.5</ele>
			 </trkpt>
			 <trkpt lat="28.221019" lon="83.956695">
				 <ele>803.7</ele>
			 </trkpt>
			 <trkpt lat="28.221034" lon="83.95655">
				 <ele>804</ele>
			 </trkpt>
			 <trkpt lat="28.221064" lon="83.956429">
				 <ele>804.2</ele>
			 </trkpt>
			 <trkpt lat="28.221142" lon="83.956277">
				 <ele>804.5</ele>
			 </trkpt>
			 <trkpt lat="28.221187" lon="83.956198">
				 <ele>805.5</ele>
			 </trkpt>
			 <trkpt lat="28.22129" lon="83.956086">
				 <ele>806.8</ele>
			 </trkpt>
			 <trkpt lat="28.221405" lon="83.955973">
				 <ele>808.2</ele>
			 </trkpt>
			 <trkpt lat="28.221549" lon="83.955873">
				 <ele>809.6</ele>
			 </trkpt>
			 <trkpt lat="28.221715" lon="83.955745">
				 <ele>811.1</ele>
			 </trkpt>
			 <trkpt lat="28.221872" lon="83.955655">
				 <ele>812.5</ele>
			 </trkpt>
			 <trkpt lat="28.221938" lon="83.955624">
				 <ele>814</ele>
			 </trkpt>
			 <trkpt lat="28.221969" lon="83.955599">
				 <ele>815.3</ele>
			 </trkpt>
			 <trkpt lat="28.221992" lon="83.955563">
				 <ele>816.3</ele>
			 </trkpt>
			 <trkpt lat="28.222007" lon="83.955522">
				 <ele>817.3</ele>
			 </trkpt>
			 <trkpt lat="28.22202" lon="83.955467">
				 <ele>818.2</ele>
			 </trkpt>
			 <trkpt lat="28.222027" lon="83.955364">
				 <ele>818.5</ele>
			 </trkpt>
			 <trkpt lat="28.221997" lon="83.955262">
				 <ele>818.5</ele>
			 </trkpt>
			 <trkpt lat="28.221922" lon="83.955106">
				 <ele>818.4</ele>
			 </trkpt>
			 <trkpt lat="28.22185" lon="83.954936">
				 <ele>818.2</ele>
			 </trkpt>
			 <trkpt lat="28.221782" lon="83.95481">
				 <ele>817.9</ele>
			 </trkpt>
			 <trkpt lat="28.221737" lon="83.954756">
				 <ele>817.6</ele>
			 </trkpt>
			 <trkpt lat="28.221686" lon="83.954717">
				 <ele>817.4</ele>
			 </trkpt>
			 <trkpt lat="28.221624" lon="83.954691">
				 <ele>817.1</ele>
			 </trkpt>
			 <trkpt lat="28.221332" lon="83.954624">
				 <ele>817</ele>
			 </trkpt>
			 <trkpt lat="28.221296" lon="83.954603">
				 <ele>817</ele>
			 </trkpt>
			 <trkpt lat="28.22105" lon="83.954352">
				 <ele>816.9</ele>
			 </trkpt>
			 <trkpt lat="28.220966" lon="83.954265">
				 <ele>816.9</ele>
			 </trkpt>
			 <trkpt lat="28.220848" lon="83.954131">
				 <ele>816.9</ele>
			 </trkpt>
			 <trkpt lat="28.220788" lon="83.95405">
				 <ele>817</ele>
			 </trkpt>
			 <trkpt lat="28.220772" lon="83.954016">
				 <ele>817.2</ele>
			 </trkpt>
			 <trkpt lat="28.220762" lon="83.953959">
				 <ele>817.6</ele>
			 </trkpt>
			 <trkpt lat="28.220765" lon="83.953912">
				 <ele>818.1</ele>
			 </trkpt>
			 <trkpt lat="28.22077" lon="83.953865">
				 <ele>818.6</ele>
			 </trkpt>
			 <trkpt lat="28.220787" lon="83.953812">
				 <ele>819.5</ele>
			 </trkpt>
			 <trkpt lat="28.220829" lon="83.953738">
				 <ele>820.5</ele>
			 </trkpt>
			 <trkpt lat="28.220962" lon="83.953559">
				 <ele>821.6</ele>
			 </trkpt>
			 <trkpt lat="28.221024" lon="83.95351">
				 <ele>822.5</ele>
			 </trkpt>
			 <trkpt lat="28.22111" lon="83.953466">
				 <ele>823.3</ele>
			 </trkpt>
			 <trkpt lat="28.221216" lon="83.953424">
				 <ele>823.9</ele>
			 </trkpt>
			 <trkpt lat="28.22135" lon="83.953347">
				 <ele>824.4</ele>
			 </trkpt>
			 <trkpt lat="28.221413" lon="83.953284">
				 <ele>824.6</ele>
			 </trkpt>
			 <trkpt lat="28.221495" lon="83.95318">
				 <ele>823.9</ele>
			 </trkpt>
			 <trkpt lat="28.221582" lon="83.953049">
				 <ele>823</ele>
			 </trkpt>
			 <trkpt lat="28.221603" lon="83.952997">
				 <ele>822</ele>
			 </trkpt>
			 <trkpt lat="28.221613" lon="83.952946">
				 <ele>820.8</ele>
			 </trkpt>
			 <trkpt lat="28.221616" lon="83.952884">
				 <ele>819.5</ele>
			 </trkpt>
			 <trkpt lat="28.221596" lon="83.952538">
				 <ele>818.1</ele>
			 </trkpt>
			 <trkpt lat="28.221614" lon="83.952468">
				 <ele>817.3</ele>
			 </trkpt>
			 <trkpt lat="28.221632" lon="83.952436">
				 <ele>816.6</ele>
			 </trkpt>
			 <trkpt lat="28.221654" lon="83.952412">
				 <ele>816.4</ele>
			 </trkpt>
			 <trkpt lat="28.2217" lon="83.952396">
				 <ele>816.3</ele>
			 </trkpt>
			 <trkpt lat="28.221726" lon="83.952404">
				 <ele>816.5</ele>
			 </trkpt>
			 <trkpt lat="28.221918" lon="83.952599">
				 <ele>816.9</ele>
			 </trkpt>
			 <trkpt lat="28.221993" lon="83.952658">
				 <ele>817.3</ele>
			 </trkpt>
			 <trkpt lat="28.222088" lon="83.952721">
				 <ele>817.5</ele>
			 </trkpt>
			 <trkpt lat="28.222174" lon="83.952762">
				 <ele>817.6</ele>
			 </trkpt>
			 <trkpt lat="28.222724" lon="83.952925">
				 <ele>817.5</ele>
			 </trkpt>
			 <trkpt lat="28.222912" lon="83.952934">
				 <ele>817.2</ele>
			 </trkpt>
			 <trkpt lat="28.222998" lon="83.952939">
				 <ele>816.3</ele>
			 </trkpt>
			 <trkpt lat="28.223041" lon="83.952952">
				 <ele>815</ele>
			 </trkpt>
			 <trkpt lat="28.22312" lon="83.952948">
				 <ele>813.5</ele>
			 </trkpt>
			 <trkpt lat="28.223209" lon="83.952926">
				 <ele>811.7</ele>
			 </trkpt>
			 <trkpt lat="28.223243" lon="83.952909">
				 <ele>809.9</ele>
			 </trkpt>
			 <trkpt lat="28.223332" lon="83.952811">
				 <ele>808.6</ele>
			 </trkpt>
			 <trkpt lat="28.223576" lon="83.95251">
				 <ele>807.6</ele>
			 </trkpt>
			 <trkpt lat="28.223699" lon="83.952323">
				 <ele>806.7</ele>
			 </trkpt>
			 <trkpt lat="28.223951" lon="83.951888">
				 <ele>806.1</ele>
			 </trkpt>
			 <trkpt lat="28.224347" lon="83.951332">
				 <ele>805.6</ele>
			 </trkpt>
			 <trkpt lat="28.224429" lon="83.951214">
				 <ele>805.3</ele>
			 </trkpt>
			 <trkpt lat="28.224481" lon="83.951122">
				 <ele>805.1</ele>
			 </trkpt>
			 <trkpt lat="28.224503" lon="83.951011">
				 <ele>805.1</ele>
			 </trkpt>
			 <trkpt lat="28.22452" lon="83.950845">
				 <ele>805</ele>
			 </trkpt>
			 <trkpt lat="28.224524" lon="83.950655">
				 <ele>805</ele>
			 </trkpt>
			 <trkpt lat="28.224482" lon="83.95055">
				 <ele>804.9</ele>
			 </trkpt>
			 <trkpt lat="28.224454" lon="83.950504">
				 <ele>804.7</ele>
			 </trkpt>
			 <trkpt lat="28.224347" lon="83.950333">
				 <ele>804.5</ele>
			 </trkpt>
			 <trkpt lat="28.224313" lon="83.950254">
				 <ele>804.2</ele>
			 </trkpt>
			 <trkpt lat="28.224291" lon="83.950171">
				 <ele>803.9</ele>
			 </trkpt>
			 <trkpt lat="28.224289" lon="83.950109">
				 <ele>803.7</ele>
			 </trkpt>
			 <trkpt lat="28.224297" lon="83.949994">
				 <ele>803.6</ele>
			 </trkpt>
			 <trkpt lat="28.224311" lon="83.949918">
				 <ele>804.1</ele>
			 </trkpt>
			 <trkpt lat="28.224404" lon="83.949747">
				 <ele>805</ele>
			 </trkpt>
			 <trkpt lat="28.224447" lon="83.94967">
				 <ele>806.1</ele>
			 </trkpt>
			 <trkpt lat="28.224676" lon="83.949319">
				 <ele>807.3</ele>
			 </trkpt>
			 <trkpt lat="28.224783" lon="83.949181">
				 <ele>808.5</ele>
			 </trkpt>
			 <trkpt lat="28.225086" lon="83.948844">
				 <ele>809.8</ele>
			 </trkpt>
			 <trkpt lat="28.22518" lon="83.948722">
				 <ele>811.1</ele>
			 </trkpt>
			 <trkpt lat="28.225206" lon="83.948676">
				 <ele>812.5</ele>
			 </trkpt>
			 <trkpt lat="28.225238" lon="83.948579">
				 <ele>813.8</ele>
			 </trkpt>
			 <trkpt lat="28.225252" lon="83.948504">
				 <ele>815.3</ele>
			 </trkpt>
			 <trkpt lat="28.225259" lon="83.948419">
				 <ele>816.6</ele>
			 </trkpt>
			 <trkpt lat="28.225253" lon="83.948339">
				 <ele>817.5</ele>
			 </trkpt>
			 <trkpt lat="28.225237" lon="83.948269">
				 <ele>817.8</ele>
			 </trkpt>
			 <trkpt lat="28.225212" lon="83.948209">
				 <ele>818</ele>
			 </trkpt>
			 <trkpt lat="28.225182" lon="83.948158">
				 <ele>817.9</ele>
			 </trkpt>
			 <trkpt lat="28.225093" lon="83.948078">
				 <ele>817.6</ele>
			 </trkpt>
			 <trkpt lat="28.225015" lon="83.948038">
				 <ele>817.2</ele>
			 </trkpt>
			 <trkpt lat="28.224898" lon="83.948007">
				 <ele>816.5</ele>
			 </trkpt>
			 <trkpt lat="28.224776" lon="83.947994">
				 <ele>815.7</ele>
			 </trkpt>
			 <trkpt lat="28.224512" lon="83.947938">
				 <ele>814.8</ele>
			 </trkpt>
			 <trkpt lat="28.224436" lon="83.94793">
				 <ele>813.9</ele>
			 </trkpt>
			 <trkpt lat="28.224343" lon="83.947935">
				 <ele>813</ele>
			 </trkpt>
			 <trkpt lat="28.224188" lon="83.947966">
				 <ele>812.6</ele>
			 </trkpt>
			 <trkpt lat="28.22415" lon="83.947964">
				 <ele>812.4</ele>
			 </trkpt>
			 <trkpt lat="28.22409" lon="83.94794">
				 <ele>812.2</ele>
			 </trkpt>
			 <trkpt lat="28.224049" lon="83.947905">
				 <ele>812.3</ele>
			 </trkpt>
			 <trkpt lat="28.224028" lon="83.947874">
				 <ele>812.5</ele>
			 </trkpt>
			 <trkpt lat="28.223836" lon="83.947453">
				 <ele>813</ele>
			 </trkpt>
			 <trkpt lat="28.223795" lon="83.947323">
				 <ele>813.4</ele>
			 </trkpt>
			 <trkpt lat="28.223777" lon="83.947211">
				 <ele>813.6</ele>
			 </trkpt>
			 <trkpt lat="28.223773" lon="83.947028">
				 <ele>813.9</ele>
			 </trkpt>
			 <trkpt lat="28.223757" lon="83.946915">
				 <ele>814.1</ele>
			 </trkpt>
			 <trkpt lat="28.223717" lon="83.946772">
				 <ele>814.2</ele>
			 </trkpt>
			 <trkpt lat="28.223569" lon="83.946309">
				 <ele>813.8</ele>
			 </trkpt>
			 <trkpt lat="28.223437" lon="83.945955">
				 <ele>813.4</ele>
			 </trkpt>
			 <trkpt lat="28.223415" lon="83.945884">
				 <ele>812.9</ele>
			 </trkpt>
			 <trkpt lat="28.223408" lon="83.945821">
				 <ele>812.4</ele>
			 </trkpt>
			 <trkpt lat="28.223417" lon="83.945762">
				 <ele>811.7</ele>
			 </trkpt>
			 <trkpt lat="28.223438" lon="83.945711">
				 <ele>811.3</ele>
			 </trkpt>
			 <trkpt lat="28.223474" lon="83.945672">
				 <ele>811.4</ele>
			 </trkpt>
			 <trkpt lat="28.223515" lon="83.945648">
				 <ele>811.8</ele>
			 </trkpt>
			 <trkpt lat="28.223554" lon="83.945642">
				 <ele>811.9</ele>
			 </trkpt>
			 <trkpt lat="28.223606" lon="83.945645">
				 <ele>811.9</ele>
			 </trkpt>
			 <trkpt lat="28.223752" lon="83.945688">
				 <ele>812.1</ele>
			 </trkpt>
			 <trkpt lat="28.223937" lon="83.945757">
				 <ele>812.4</ele>
			 </trkpt>
			 <trkpt lat="28.22423" lon="83.945824">
				 <ele>812.8</ele>
			 </trkpt>
			 <trkpt lat="28.22461" lon="83.94583">
				 <ele>813.2</ele>
			 </trkpt>
			 <trkpt lat="28.224876" lon="83.94589">
				 <ele>813.5</ele>
			 </trkpt>
			 <trkpt lat="28.225098" lon="83.94597">
				 <ele>813.6</ele>
			 </trkpt>
			 <trkpt lat="28.225168" lon="83.945984">
				 <ele>813.5</ele>
			 </trkpt>
			 <trkpt lat="28.225261" lon="83.945982">
				 <ele>813</ele>
			 </trkpt>
			 <trkpt lat="28.225382" lon="83.945925">
				 <ele>811.9</ele>
			 </trkpt>
			 <trkpt lat="28.225435" lon="83.945882">
				 <ele>811</ele>
			 </trkpt>
			 <trkpt lat="28.225482" lon="83.945818">
				 <ele>810.1</ele>
			 </trkpt>
			 <trkpt lat="28.22553" lon="83.945727">
				 <ele>809.1</ele>
			 </trkpt>
			 <trkpt lat="28.225571" lon="83.945575">
				 <ele>808</ele>
			 </trkpt>
			 <trkpt lat="28.225608" lon="83.945153">
				 <ele>806.8</ele>
			 </trkpt>
			 <trkpt lat="28.225644" lon="83.944995">
				 <ele>805.7</ele>
			 </trkpt>
			 <trkpt lat="28.225822" lon="83.944561">
				 <ele>804.7</ele>
			 </trkpt>
			 <trkpt lat="28.225871" lon="83.944403">
				 <ele>803.8</ele>
			 </trkpt>
			 <trkpt lat="28.225904" lon="83.944299">
				 <ele>803.1</ele>
			 </trkpt>
			 <trkpt lat="28.225938" lon="83.944161">
				 <ele>802.6</ele>
			 </trkpt>
			 <trkpt lat="28.225984" lon="83.944045">
				 <ele>802.5</ele>
			 </trkpt>
			 <trkpt lat="28.226058" lon="83.943924">
				 <ele>802.6</ele>
			 </trkpt>
			 <trkpt lat="28.226132" lon="83.943855">
				 <ele>802.8</ele>
			 </trkpt>
			 <trkpt lat="28.226933" lon="83.943235">
				 <ele>803.1</ele>
			 </trkpt>
			 <trkpt lat="28.22718" lon="83.943025">
				 <ele>803.4</ele>
			 </trkpt>
			 <trkpt lat="28.227256" lon="83.942916">
				 <ele>803.6</ele>
			 </trkpt>
			 <trkpt lat="28.227288" lon="83.942692">
				 <ele>804.1</ele>
			 </trkpt>
			 <trkpt lat="28.227304" lon="83.942523">
				 <ele>804.5</ele>
			 </trkpt>
			 <trkpt lat="28.227297" lon="83.942396">
				 <ele>805</ele>
			 </trkpt>
			 <trkpt lat="28.227278" lon="83.942304">
				 <ele>805.4</ele>
			 </trkpt>
			 <trkpt lat="28.227235" lon="83.942196">
				 <ele>805.6</ele>
			 </trkpt>
			 <trkpt lat="28.22701" lon="83.941674">
				 <ele>805.9</ele>
			 </trkpt>
			 <trkpt lat="28.226946" lon="83.941472">
				 <ele>806.2</ele>
			 </trkpt>
			 <trkpt lat="28.226923" lon="83.941327">
				 <ele>806.4</ele>
			 </trkpt>
			 <trkpt lat="28.226915" lon="83.941217">
				 <ele>806.5</ele>
			 </trkpt>
			 <trkpt lat="28.22691" lon="83.941147">
				 <ele>806.5</ele>
			 </trkpt>
			 <trkpt lat="28.226911" lon="83.940895">
				 <ele>806.5</ele>
			 </trkpt>
			 <trkpt lat="28.226927" lon="83.940782">
				 <ele>806.2</ele>
			 </trkpt>
			 <trkpt lat="28.226953" lon="83.94068">
				 <ele>805.9</ele>
			 </trkpt>
			 <trkpt lat="28.227032" lon="83.940504">
				 <ele>805.9</ele>
			 </trkpt>
			 <trkpt lat="28.227125" lon="83.940337">
				 <ele>805.9</ele>
			 </trkpt>
			 <trkpt lat="28.227342" lon="83.940028">
				 <ele>805.8</ele>
			 </trkpt>
			 <trkpt lat="28.227523" lon="83.939746">
				 <ele>805.5</ele>
			 </trkpt>
			 <trkpt lat="28.227789" lon="83.939187">
				 <ele>805.3</ele>
			 </trkpt>
			 <trkpt lat="28.228001" lon="83.938868">
				 <ele>805.2</ele>
			 </trkpt>
			 <trkpt lat="28.228024" lon="83.938802">
				 <ele>805</ele>
			 </trkpt>
			 <trkpt lat="28.228058" lon="83.938547">
				 <ele>804.9</ele>
			 </trkpt>
			 <trkpt lat="28.228072" lon="83.938264">
				 <ele>804.8</ele>
			 </trkpt>
			 <trkpt lat="28.228062" lon="83.938046">
				 <ele>804.8</ele>
			 </trkpt>
			 <trkpt lat="28.228069" lon="83.937379">
				 <ele>805</ele>
			 </trkpt>
			 <trkpt lat="28.228054" lon="83.93718">
				 <ele>804.9</ele>
			 </trkpt>
			 <trkpt lat="28.228041" lon="83.936968">
				 <ele>804.9</ele>
			 </trkpt>
			 <trkpt lat="28.227967" lon="83.936732">
				 <ele>805</ele>
			 </trkpt>
			 <trkpt lat="28.227924" lon="83.936614">
				 <ele>805.4</ele>
			 </trkpt>
			 <trkpt lat="28.227912" lon="83.936379">
				 <ele>805.9</ele>
			 </trkpt>
			 <trkpt lat="28.227907" lon="83.936303">
				 <ele>806.4</ele>
			 </trkpt>
			 <trkpt lat="28.227839" lon="83.936001">
				 <ele>806.8</ele>
			 </trkpt>
			 <trkpt lat="28.227822" lon="83.935876">
				 <ele>807.3</ele>
			 </trkpt>
			 <trkpt lat="28.227828" lon="83.93576">
				 <ele>807.7</ele>
			 </trkpt>
			 <trkpt lat="28.22785" lon="83.93554">
				 <ele>808.3</ele>
			 </trkpt>
			 <trkpt lat="28.227844" lon="83.935471">
				 <ele>808.7</ele>
			 </trkpt>
			 <trkpt lat="28.227809" lon="83.935383">
				 <ele>809.1</ele>
			 </trkpt>
			 <trkpt lat="28.227784" lon="83.935306">
				 <ele>809.1</ele>
			 </trkpt>
			 <trkpt lat="28.227777" lon="83.935223">
				 <ele>809</ele>
			 </trkpt>
			 <trkpt lat="28.227782" lon="83.935151">
				 <ele>808.8</ele>
			 </trkpt>
			 <trkpt lat="28.227847" lon="83.934803">
				 <ele>808.5</ele>
			 </trkpt>
			 <trkpt lat="28.227844" lon="83.934622">
				 <ele>808.2</ele>
			 </trkpt>
			 <trkpt lat="28.227776" lon="83.934306">
				 <ele>808</ele>
			 </trkpt>
			 <trkpt lat="28.22776" lon="83.934257">
				 <ele>807.8</ele>
			 </trkpt>
			 <trkpt lat="28.227769" lon="83.934212">
				 <ele>807.6</ele>
			 </trkpt>
			 <trkpt lat="28.227784" lon="83.934162">
				 <ele>807.3</ele>
			 </trkpt>
			 <trkpt lat="28.227949" lon="83.933895">
				 <ele>806.6</ele>
			 </trkpt>
			 <trkpt lat="28.227983" lon="83.933816">
				 <ele>805.9</ele>
			 </trkpt>
			 <trkpt lat="28.228009" lon="83.933741">
				 <ele>805.4</ele>
			 </trkpt>
			 <trkpt lat="28.228023" lon="83.933677">
				 <ele>804.8</ele>
			 </trkpt>
			 <trkpt lat="28.228032" lon="83.933587">
				 <ele>804.3</ele>
			 </trkpt>
			 <trkpt lat="28.228084" lon="83.933253">
				 <ele>803.7</ele>
			 </trkpt>
			 <trkpt lat="28.228159" lon="83.932861">
				 <ele>803.1</ele>
			 </trkpt>
			 <trkpt lat="28.22818" lon="83.932707">
				 <ele>802.6</ele>
			 </trkpt>
			 <trkpt lat="28.228197" lon="83.932649">
				 <ele>802.3</ele>
			 </trkpt>
			 <trkpt lat="28.228232" lon="83.932602">
				 <ele>802</ele>
			 </trkpt>
			 <trkpt lat="28.228283" lon="83.932566">
				 <ele>801.9</ele>
			 </trkpt>
			 <trkpt lat="28.228382" lon="83.932538">
				 <ele>802</ele>
			 </trkpt>
			 <trkpt lat="28.22862" lon="83.932452">
				 <ele>802.3</ele>
			 </trkpt>
			 <trkpt lat="28.228739" lon="83.932421">
				 <ele>802.6</ele>
			 </trkpt>
			 <trkpt lat="28.228804" lon="83.932397">
				 <ele>803.1</ele>
			 </trkpt>
			 <trkpt lat="28.228966" lon="83.932311">
				 <ele>803.5</ele>
			 </trkpt>
			 <trkpt lat="28.229182" lon="83.932183">
				 <ele>804</ele>
			 </trkpt>
			 <trkpt lat="28.229266" lon="83.932143">
				 <ele>804.5</ele>
			 </trkpt>
			 <trkpt lat="28.229476" lon="83.932081">
				 <ele>804.6</ele>
			 </trkpt>
			 <trkpt lat="28.229521" lon="83.932068">
				 <ele>804.7</ele>
			 </trkpt>
			 <trkpt lat="28.229919" lon="83.931962">
				 <ele>804.7</ele>
			 </trkpt>
			 <trkpt lat="28.229987" lon="83.931936">
				 <ele>805</ele>
			 </trkpt>
			 <trkpt lat="28.230248" lon="83.931921">
				 <ele>805.5</ele>
			 </trkpt>
			 <trkpt lat="28.230462" lon="83.931873">
				 <ele>806</ele>
			 </trkpt>
			 <trkpt lat="28.230529" lon="83.931862">
				 <ele>806.6</ele>
			 </trkpt>
			 <trkpt lat="28.230575" lon="83.931867">
				 <ele>807.3</ele>
			 </trkpt>
			 <trkpt lat="28.230811" lon="83.932013">
				 <ele>807.8</ele>
			 </trkpt>
			 <trkpt lat="28.230965" lon="83.932067">
				 <ele>808.3</ele>
			 </trkpt>
			 <trkpt lat="28.231061" lon="83.932087">
				 <ele>808.5</ele>
			 </trkpt>
			 <trkpt lat="28.231138" lon="83.932091">
				 <ele>808.6</ele>
			 </trkpt>
			 <trkpt lat="28.231243" lon="83.932073">
				 <ele>808.9</ele>
			 </trkpt>
			 <trkpt lat="28.231341" lon="83.932042">
				 <ele>809.3</ele>
			 </trkpt>
			 <trkpt lat="28.231437" lon="83.931984">
				 <ele>809.3</ele>
			 </trkpt>
			 <trkpt lat="28.231595" lon="83.931845">
				 <ele>809.1</ele>
			 </trkpt>
			 <trkpt lat="28.231737" lon="83.931739">
				 <ele>808.6</ele>
			 </trkpt>
			 <trkpt lat="28.231966" lon="83.931595">
				 <ele>808</ele>
			 </trkpt>
			 <trkpt lat="28.232062" lon="83.931522">
				 <ele>807.7</ele>
			 </trkpt>
			 <trkpt lat="28.232118" lon="83.931464">
				 <ele>807.6</ele>
			 </trkpt>
			 <trkpt lat="28.232208" lon="83.931341">
				 <ele>807.6</ele>
			 </trkpt>
			 <trkpt lat="28.232448" lon="83.930961">
				 <ele>807.9</ele>
			 </trkpt>
			 <trkpt lat="28.232598" lon="83.93075">
				 <ele>808.2</ele>
			 </trkpt>
			 <trkpt lat="28.232879" lon="83.930446">
				 <ele>808.3</ele>
			 </trkpt>
			 <trkpt lat="28.233028" lon="83.930258">
				 <ele>807.9</ele>
			 </trkpt>
			 <trkpt lat="28.233153" lon="83.930074">
				 <ele>807.6</ele>
			 </trkpt>
			 <trkpt lat="28.233254" lon="83.929909">
				 <ele>807.4</ele>
			 </trkpt>
			 <trkpt lat="28.233299" lon="83.929793">
				 <ele>807.2</ele>
			 </trkpt>
			 <trkpt lat="28.233316" lon="83.929703">
				 <ele>807.1</ele>
			 </trkpt>
			 <trkpt lat="28.233339" lon="83.928554">
				 <ele>806.6</ele>
			 </trkpt>
			 <trkpt lat="28.233345" lon="83.927739">
				 <ele>805.8</ele>
			 </trkpt>
			 <trkpt lat="28.233329" lon="83.927167">
				 <ele>804.8</ele>
			 </trkpt>
			 <trkpt lat="28.233306" lon="83.926626">
				 <ele>804.3</ele>
			 </trkpt>
			 <trkpt lat="28.23328" lon="83.926277">
				 <ele>804.1</ele>
			 </trkpt>
			 <trkpt lat="28.233278" lon="83.926102">
				 <ele>804</ele>
			 </trkpt>
			 <trkpt lat="28.23328" lon="83.924493">
				 <ele>804.3</ele>
			 </trkpt>
			 <trkpt lat="28.233187" lon="83.923329">
				 <ele>804.4</ele>
			 </trkpt>
			 <trkpt lat="28.233142" lon="83.92305">
				 <ele>804.4</ele>
			 </trkpt>
			 <trkpt lat="28.233108" lon="83.92289">
				 <ele>804.4</ele>
			 </trkpt>
			 <trkpt lat="28.23304" lon="83.92281">
				 <ele>804.4</ele>
			 </trkpt>
			 <trkpt lat="28.232925" lon="83.922763">
				 <ele>804.5</ele>
			 </trkpt>
			 <trkpt lat="28.232721" lon="83.92274">
				 <ele>805.1</ele>
			 </trkpt>
			 <trkpt lat="28.232538" lon="83.92268">
				 <ele>806.5</ele>
			 </trkpt>
			 <trkpt lat="28.232432" lon="83.922625">
				 <ele>807.7</ele>
			 </trkpt>
			 <trkpt lat="28.232351" lon="83.922555">
				 <ele>808.5</ele>
			 </trkpt>
			 <trkpt lat="28.232318" lon="83.922493">
				 <ele>809.1</ele>
			 </trkpt>
			 <trkpt lat="28.232286" lon="83.922349">
				 <ele>809.5</ele>
			 </trkpt>
			 <trkpt lat="28.232302" lon="83.922035">
				 <ele>809.9</ele>
			 </trkpt>
			 <trkpt lat="28.232266" lon="83.921906">
				 <ele>810.4</ele>
			 </trkpt>
			 <trkpt lat="28.232007" lon="83.921537">
				 <ele>811</ele>
			 </trkpt>
			 <trkpt lat="28.231936" lon="83.921381">
				 <ele>811.6</ele>
			 </trkpt>
			 <trkpt lat="28.231858" lon="83.921184">
				 <ele>812.1</ele>
			 </trkpt>
			 <trkpt lat="28.231767" lon="83.921001">
				 <ele>812</ele>
			 </trkpt>
			 <trkpt lat="28.231753" lon="83.920921">
				 <ele>811.1</ele>
			 </trkpt>
			 <trkpt lat="28.231775" lon="83.9206">
				 <ele>810</ele>
			 </trkpt>
			 <trkpt lat="28.231769" lon="83.920392">
				 <ele>809.1</ele>
			 </trkpt>
			 <trkpt lat="28.231738" lon="83.920204">
				 <ele>808.5</ele>
			 </trkpt>
			 <trkpt lat="28.231688" lon="83.920004">
				 <ele>808</ele>
			 </trkpt>
			 <trkpt lat="28.231619" lon="83.919796">
				 <ele>807.7</ele>
			 </trkpt>
			 <trkpt lat="28.231609" lon="83.919615">
				 <ele>807.5</ele>
			 </trkpt>
			 <trkpt lat="28.231644" lon="83.919488">
				 <ele>807.5</ele>
			 </trkpt>
			 <trkpt lat="28.231737" lon="83.919286">
				 <ele>807.5</ele>
			 </trkpt>
			 <trkpt lat="28.231786" lon="83.919086">
				 <ele>807.6</ele>
			 </trkpt>
			 <trkpt lat="28.231843" lon="83.918925">
				 <ele>808.5</ele>
			 </trkpt>
			 <trkpt lat="28.231927" lon="83.918802">
				 <ele>809.5</ele>
			 </trkpt>
			 <trkpt lat="28.23206" lon="83.918687">
				 <ele>810.6</ele>
			 </trkpt>
			 <trkpt lat="28.232111" lon="83.918649">
				 <ele>811.6</ele>
			 </trkpt>
			 <trkpt lat="28.232205" lon="83.918593">
				 <ele>812.4</ele>
			 </trkpt>
			 <trkpt lat="28.232419" lon="83.918549">
				 <ele>812.8</ele>
			 </trkpt>
			 <trkpt lat="28.23252" lon="83.918495">
				 <ele>813.1</ele>
			 </trkpt>
			 <trkpt lat="28.232623" lon="83.918373">
				 <ele>813.1</ele>
			 </trkpt>
			 <trkpt lat="28.232708" lon="83.918199">
				 <ele>812.8</ele>
			 </trkpt>
			 <trkpt lat="28.23272" lon="83.91812">
				 <ele>812.4</ele>
			 </trkpt>
			 <trkpt lat="28.232722" lon="83.917954">
				 <ele>811.8</ele>
			 </trkpt>
			 <trkpt lat="28.232748" lon="83.917826">
				 <ele>811</ele>
			 </trkpt>
			 <trkpt lat="28.23281" lon="83.917644">
				 <ele>810.1</ele>
			 </trkpt>
			 <trkpt lat="28.232861" lon="83.917525">
				 <ele>809.3</ele>
			 </trkpt>
			 <trkpt lat="28.232885" lon="83.917472">
				 <ele>808.7</ele>
			 </trkpt>
			 <trkpt lat="28.232951" lon="83.917391">
				 <ele>808.5</ele>
			 </trkpt>
			 <trkpt lat="28.233051" lon="83.917284">
				 <ele>808.7</ele>
			 </trkpt>
			 <trkpt lat="28.233162" lon="83.917214">
				 <ele>808.9</ele>
			 </trkpt>
			 <trkpt lat="28.233275" lon="83.917174">
				 <ele>809.3</ele>
			 </trkpt>
			 <trkpt lat="28.233401" lon="83.917178">
				 <ele>809.8</ele>
			 </trkpt>
			 <trkpt lat="28.233504" lon="83.917198">
				 <ele>810.5</ele>
			 </trkpt>
			 <trkpt lat="28.233582" lon="83.917155">
				 <ele>811.7</ele>
			 </trkpt>
			 <trkpt lat="28.234036" lon="83.916739">
				 <ele>812.8</ele>
			 </trkpt>
			 <trkpt lat="28.234128" lon="83.916643">
				 <ele>813.4</ele>
			 </trkpt>
			 <trkpt lat="28.234183" lon="83.916554">
				 <ele>813.7</ele>
			 </trkpt>
			 <trkpt lat="28.234209" lon="83.91639">
				 <ele>813.8</ele>
			 </trkpt>
			 <trkpt lat="28.23431" lon="83.916028">
				 <ele>813.9</ele>
			 </trkpt>
			 <trkpt lat="28.234305" lon="83.915945">
				 <ele>814.1</ele>
			 </trkpt>
			 <trkpt lat="28.23419" lon="83.915645">
				 <ele>814</ele>
			 </trkpt>
			 <trkpt lat="28.234175" lon="83.915573">
				 <ele>813.7</ele>
			 </trkpt>
			 <trkpt lat="28.234168" lon="83.915497">
				 <ele>813.2</ele>
			 </trkpt>
			 <trkpt lat="28.234248" lon="83.915324">
				 <ele>812.2</ele>
			 </trkpt>
			 <trkpt lat="28.23434" lon="83.914946">
				 <ele>810.5</ele>
			 </trkpt>
			 <trkpt lat="28.234699" lon="83.914164">
				 <ele>808.8</ele>
			 </trkpt>
			 <trkpt lat="28.234784" lon="83.913896">
				 <ele>807.5</ele>
			 </trkpt>
			 <trkpt lat="28.234834" lon="83.913681">
				 <ele>806.5</ele>
			 </trkpt>
			 <trkpt lat="28.234881" lon="83.913395">
				 <ele>805.8</ele>
			 </trkpt>
			 <trkpt lat="28.234992" lon="83.912984">
				 <ele>804.9</ele>
			 </trkpt>
			 <trkpt lat="28.235068" lon="83.9127">
				 <ele>803.8</ele>
			 </trkpt>
			 <trkpt lat="28.235106" lon="83.912399">
				 <ele>803.3</ele>
			 </trkpt>
			 <trkpt lat="28.235229" lon="83.91175">
				 <ele>802.9</ele>
			 </trkpt>
			 <trkpt lat="28.235311" lon="83.911106">
				 <ele>802.7</ele>
			 </trkpt>
			 <trkpt lat="28.235427" lon="83.910503">
				 <ele>802.9</ele>
			 </trkpt>
			 <trkpt lat="28.235457" lon="83.910394">
				 <ele>803.2</ele>
			 </trkpt>
			 <trkpt lat="28.235749" lon="83.909737">
				 <ele>803.5</ele>
			 </trkpt>
			 <trkpt lat="28.23583" lon="83.909586">
				 <ele>804</ele>
			 </trkpt>
			 <trkpt lat="28.235855" lon="83.909515">
				 <ele>804.2</ele>
			 </trkpt>
			 <trkpt lat="28.2359" lon="83.909226">
				 <ele>804.2</ele>
			 </trkpt>
			 <trkpt lat="28.235998" lon="83.908785">
				 <ele>804.1</ele>
			 </trkpt>
			 <trkpt lat="28.236032" lon="83.90867">
				 <ele>804</ele>
			 </trkpt>
			 <trkpt lat="28.236074" lon="83.908587">
				 <ele>803.8</ele>
			 </trkpt>
			 <trkpt lat="28.236183" lon="83.90849">
				 <ele>803.6</ele>
			 </trkpt>
			 <trkpt lat="28.236263" lon="83.908445">
				 <ele>803.5</ele>
			 </trkpt>
			 <trkpt lat="28.236331" lon="83.90842">
				 <ele>803.3</ele>
			 </trkpt>
			 <trkpt lat="28.236663" lon="83.908215">
				 <ele>803.2</ele>
			 </trkpt>
			 <trkpt lat="28.236697" lon="83.908196">
				 <ele>803.1</ele>
			 </trkpt>
			 <trkpt lat="28.236839" lon="83.908049">
				 <ele>803.1</ele>
			 </trkpt>
			 <trkpt lat="28.236957" lon="83.90792">
				 <ele>803.2</ele>
			 </trkpt>
			 <trkpt lat="28.23708" lon="83.907901">
				 <ele>803.4</ele>
			 </trkpt>
			 <trkpt lat="28.237311" lon="83.907853">
				 <ele>803.6</ele>
			 </trkpt>
			 <trkpt lat="28.237531" lon="83.907773">
				 <ele>803.9</ele>
			 </trkpt>
			 <trkpt lat="28.237675" lon="83.907681">
				 <ele>804.2</ele>
			 </trkpt>
			 <trkpt lat="28.237905" lon="83.907474">
				 <ele>804.5</ele>
			 </trkpt>
			 <trkpt lat="28.238072" lon="83.907389">
				 <ele>804.9</ele>
			 </trkpt>
			 <trkpt lat="28.238306" lon="83.907263">
				 <ele>805.3</ele>
			 </trkpt>
			 <trkpt lat="28.238437" lon="83.907168">
				 <ele>805.5</ele>
			 </trkpt>
			 <trkpt lat="28.238755" lon="83.907004">
				 <ele>805.7</ele>
			 </trkpt>
			 <trkpt lat="28.239081" lon="83.906837">
				 <ele>805.8</ele>
			 </trkpt>
			 <trkpt lat="28.239192" lon="83.90674">
				 <ele>806</ele>
			 </trkpt>
			 <trkpt lat="28.239237" lon="83.906649">
				 <ele>806.2</ele>
			 </trkpt>
			 <trkpt lat="28.239254" lon="83.906429">
				 <ele>806.4</ele>
			 </trkpt>
			 <trkpt lat="28.239275" lon="83.906359">
				 <ele>806.6</ele>
			 </trkpt>
			 <trkpt lat="28.23932" lon="83.906297">
				 <ele>807.1</ele>
			 </trkpt>
			 <trkpt lat="28.239506" lon="83.906236">
				 <ele>807.5</ele>
			 </trkpt>
			 <trkpt lat="28.239629" lon="83.906206">
				 <ele>808.3</ele>
			 </trkpt>
			 <trkpt lat="28.239724" lon="83.906193">
				 <ele>809.3</ele>
			 </trkpt>
			 <trkpt lat="28.239788" lon="83.906212">
				 <ele>810.5</ele>
			 </trkpt>
			 <trkpt lat="28.239873" lon="83.906265">
				 <ele>812</ele>
			 </trkpt>
			 <trkpt lat="28.239955" lon="83.906281">
				 <ele>813.4</ele>
			 </trkpt>
			 <trkpt lat="28.240083" lon="83.906271">
				 <ele>814.5</ele>
			 </trkpt>
			 <trkpt lat="28.240235" lon="83.906236">
				 <ele>815.2</ele>
			 </trkpt>
			 <trkpt lat="28.240352" lon="83.906201">
				 <ele>815.8</ele>
			 </trkpt>
			 <trkpt lat="28.240454" lon="83.906143">
				 <ele>816.5</ele>
			 </trkpt>
			 <trkpt lat="28.240566" lon="83.906041">
				 <ele>817</ele>
			 </trkpt>
			 <trkpt lat="28.240646" lon="83.905929">
				 <ele>817.1</ele>
			 </trkpt>
			 <trkpt lat="28.240744" lon="83.905748">
				 <ele>816.4</ele>
			 </trkpt>
			 <trkpt lat="28.240808" lon="83.905658">
				 <ele>815.2</ele>
			 </trkpt>
			 <trkpt lat="28.241057" lon="83.905448">
				 <ele>813.8</ele>
			 </trkpt>
			 <trkpt lat="28.241078" lon="83.905388">
				 <ele>812.5</ele>
			 </trkpt>
			 <trkpt lat="28.241087" lon="83.905297">
				 <ele>811.3</ele>
			 </trkpt>
			 <trkpt lat="28.241084" lon="83.905067">
				 <ele>810.4</ele>
			 </trkpt>
			 <trkpt lat="28.240997" lon="83.904514">
				 <ele>809.8</ele>
			 </trkpt>
			 <trkpt lat="28.240714" lon="83.903655">
				 <ele>809.3</ele>
			 </trkpt>
			 <trkpt lat="28.240697" lon="83.903473">
				 <ele>808.5</ele>
			 </trkpt>
			 <trkpt lat="28.240721" lon="83.903138">
				 <ele>807.9</ele>
			 </trkpt>
			 <trkpt lat="28.240792" lon="83.90268">
				 <ele>807.6</ele>
			 </trkpt>
			 <trkpt lat="28.240878" lon="83.902334">
				 <ele>808</ele>
			 </trkpt>
			 <trkpt lat="28.240949" lon="83.902194">
				 <ele>808.8</ele>
			 </trkpt>
			 <trkpt lat="28.241106" lon="83.901987">
				 <ele>809.7</ele>
			 </trkpt>
			 <trkpt lat="28.241179" lon="83.90192">
				 <ele>810.7</ele>
			 </trkpt>
			 <trkpt lat="28.241342" lon="83.901822">
				 <ele>811.6</ele>
			 </trkpt>
			 <trkpt lat="28.241569" lon="83.901637">
				 <ele>812.3</ele>
			 </trkpt>
			 <trkpt lat="28.241748" lon="83.901553">
				 <ele>812.8</ele>
			 </trkpt>
			 <trkpt lat="28.241791" lon="83.901518">
				 <ele>813.5</ele>
			 </trkpt>
			 <trkpt lat="28.241843" lon="83.901461">
				 <ele>814.9</ele>
			 </trkpt>
			 <trkpt lat="28.241867" lon="83.901402">
				 <ele>816.4</ele>
			 </trkpt>
			 <trkpt lat="28.241855" lon="83.901146">
				 <ele>817.8</ele>
			 </trkpt>
			 <trkpt lat="28.241879" lon="83.901062">
				 <ele>819</ele>
			 </trkpt>
			 <trkpt lat="28.24194" lon="83.900989">
				 <ele>819.8</ele>
			 </trkpt>
			 <trkpt lat="28.242246" lon="83.900954">
				 <ele>820.1</ele>
			 </trkpt>
			 <trkpt lat="28.242278" lon="83.900921">
				 <ele>820</ele>
			 </trkpt>
			 <trkpt lat="28.242301" lon="83.900859">
				 <ele>819.9</ele>
			 </trkpt>
			 <trkpt lat="28.242301" lon="83.900764">
				 <ele>820.1</ele>
			 </trkpt>
			 <trkpt lat="28.242273" lon="83.900704">
				 <ele>820.8</ele>
			 </trkpt>
			 <trkpt lat="28.242148" lon="83.900547">
				 <ele>821.7</ele>
			 </trkpt>
			 <trkpt lat="28.24212" lon="83.900447">
				 <ele>822.1</ele>
			 </trkpt>
			 <trkpt lat="28.242153" lon="83.900386">
				 <ele>822.6</ele>
			 </trkpt>
			 <trkpt lat="28.242214" lon="83.900356">
				 <ele>823.2</ele>
			 </trkpt>
			 <trkpt lat="28.242432" lon="83.900378">
				 <ele>824.4</ele>
			 </trkpt>
			 <trkpt lat="28.24255" lon="83.900368">
				 <ele>826.1</ele>
			 </trkpt>
			 <trkpt lat="28.242639" lon="83.900315">
				 <ele>828.3</ele>
			 </trkpt>
			 <trkpt lat="28.242743" lon="83.900168">
				 <ele>830.5</ele>
			 </trkpt>
			 <trkpt lat="28.242827" lon="83.899933">
				 <ele>831.8</ele>
			 </trkpt>
			 <trkpt lat="28.24285" lon="83.899621">
				 <ele>832.9</ele>
			 </trkpt>
			 <trkpt lat="28.242848" lon="83.899275">
				 <ele>833.5</ele>
			 </trkpt>
			 <trkpt lat="28.242814" lon="83.899155">
				 <ele>834.3</ele>
			 </trkpt>
			 <trkpt lat="28.242751" lon="83.899085">
				 <ele>834.3</ele>
			 </trkpt>
			 <trkpt lat="28.242517" lon="83.898932">
				 <ele>833.8</ele>
			 </trkpt>
			 <trkpt lat="28.242465" lon="83.898881">
				 <ele>833.1</ele>
			 </trkpt>
			 <trkpt lat="28.242446" lon="83.898801">
				 <ele>831.8</ele>
			 </trkpt>
			 <trkpt lat="28.242407" lon="83.898422">
				 <ele>830.2</ele>
			 </trkpt>
			 <trkpt lat="28.242328" lon="83.898025">
				 <ele>828.8</ele>
			 </trkpt>
			 <trkpt lat="28.24229" lon="83.897792">
				 <ele>827.8</ele>
			 </trkpt>
			 <trkpt lat="28.242266" lon="83.897604">
				 <ele>827.6</ele>
			 </trkpt>
			 <trkpt lat="28.242278" lon="83.897513">
				 <ele>827.5</ele>
			 </trkpt>
			 <trkpt lat="28.242304" lon="83.897465">
				 <ele>826.6</ele>
			 </trkpt>
			 <trkpt lat="28.242408" lon="83.897438">
				 <ele>825.2</ele>
			 </trkpt>
			 <trkpt lat="28.242484" lon="83.897398">
				 <ele>823.9</ele>
			 </trkpt>
			 <trkpt lat="28.242519" lon="83.897323">
				 <ele>822.8</ele>
			 </trkpt>
			 <trkpt lat="28.242544" lon="83.897183">
				 <ele>821.8</ele>
			 </trkpt>
			 <trkpt lat="28.242526" lon="83.89647">
				 <ele>820.8</ele>
			 </trkpt>
			 <trkpt lat="28.242495" lon="83.896285">
				 <ele>819.8</ele>
			 </trkpt>
			 <trkpt lat="28.24238" lon="83.896043">
				 <ele>818.6</ele>
			 </trkpt>
			 <trkpt lat="28.242335" lon="83.895834">
				 <ele>817.5</ele>
			 </trkpt>
			 <trkpt lat="28.242332" lon="83.89566">
				 <ele>816.4</ele>
			 </trkpt>
			 <trkpt lat="28.242358" lon="83.895526">
				 <ele>815.2</ele>
			 </trkpt>
			 <trkpt lat="28.242425" lon="83.895434">
				 <ele>814.7</ele>
			 </trkpt>
			 <trkpt lat="28.242531" lon="83.895394">
				 <ele>814.4</ele>
			 </trkpt>
			 <trkpt lat="28.242614" lon="83.895351">
				 <ele>814</ele>
			 </trkpt>
			 <trkpt lat="28.24266" lon="83.895279">
				 <ele>813.7</ele>
			 </trkpt>
			 <trkpt lat="28.242682" lon="83.895091">
				 <ele>813.5</ele>
			 </trkpt>
			 <trkpt lat="28.242725" lon="83.894987">
				 <ele>813.6</ele>
			 </trkpt>
			 <trkpt lat="28.242992" lon="83.894493">
				 <ele>813.8</ele>
			 </trkpt>
			 <trkpt lat="28.243165" lon="83.894059">
				 <ele>813.9</ele>
			 </trkpt>
			 <trkpt lat="28.243206" lon="83.89397">
				 <ele>813.8</ele>
			 </trkpt>
			 <trkpt lat="28.243497" lon="83.893259">
				 <ele>813.7</ele>
			 </trkpt>
			 <trkpt lat="28.24364" lon="83.892852">
				 <ele>813.8</ele>
			 </trkpt>
			 <trkpt lat="28.243882" lon="83.892431">
				 <ele>813.9</ele>
			 </trkpt>
			 <trkpt lat="28.243963" lon="83.892278">
				 <ele>814</ele>
			 </trkpt>
			 <trkpt lat="28.244106" lon="83.892032">
				 <ele>814.4</ele>
			 </trkpt>
			 <trkpt lat="28.24426" lon="83.89193">
				 <ele>814.7</ele>
			 </trkpt>
			 <trkpt lat="28.244361" lon="83.891769">
				 <ele>814.9</ele>
			 </trkpt>
			 <trkpt lat="28.244451" lon="83.89152">
				 <ele>814.9</ele>
			 </trkpt>
			 <trkpt lat="28.244525" lon="83.891356">
				 <ele>814.6</ele>
			 </trkpt>
			 <trkpt lat="28.244645" lon="83.891114">
				 <ele>814.3</ele>
			 </trkpt>
			 <trkpt lat="28.244895" lon="83.890788">
				 <ele>814.2</ele>
			 </trkpt>
			 <trkpt lat="28.245384" lon="83.890323">
				 <ele>814.1</ele>
			 </trkpt>
			 <trkpt lat="28.245424" lon="83.890285">
				 <ele>814.3</ele>
			 </trkpt>
			 <trkpt lat="28.24566" lon="83.890016">
				 <ele>814.3</ele>
			 </trkpt>
			 <trkpt lat="28.245841" lon="83.889832">
				 <ele>814.3</ele>
			 </trkpt>
			 <trkpt lat="28.246029" lon="83.889626">
				 <ele>814.5</ele>
			 </trkpt>
			 <trkpt lat="28.246129" lon="83.889497">
				 <ele>815</ele>
			 </trkpt>
			 <trkpt lat="28.246415" lon="83.889242">
				 <ele>815.7</ele>
			 </trkpt>
			 <trkpt lat="28.246485" lon="83.889015">
				 <ele>816.7</ele>
			 </trkpt>
			 <trkpt lat="28.246533" lon="83.888891">
				 <ele>817.9</ele>
			 </trkpt>
			 <trkpt lat="28.246727" lon="83.888735">
				 <ele>818.7</ele>
			 </trkpt>
			 <trkpt lat="28.246882" lon="83.888646">
				 <ele>819.6</ele>
			 </trkpt>
			 <trkpt lat="28.247038" lon="83.888393">
				 <ele>820.5</ele>
			 </trkpt>
			 <trkpt lat="28.247247" lon="83.88813">
				 <ele>820.5</ele>
			 </trkpt>
			 <trkpt lat="28.247431" lon="83.887761">
				 <ele>820.5</ele>
			 </trkpt>
			 <trkpt lat="28.247497" lon="83.887306">
				 <ele>820.2</ele>
			 </trkpt>
			 <trkpt lat="28.24766" lon="83.886982">
				 <ele>819.8</ele>
			 </trkpt>
			 <trkpt lat="28.247722" lon="83.886802">
				 <ele>819</ele>
			 </trkpt>
			 <trkpt lat="28.24772" lon="83.886332">
				 <ele>818.1</ele>
			 </trkpt>
			 <trkpt lat="28.247744" lon="83.886042">
				 <ele>817</ele>
			 </trkpt>
			 <trkpt lat="28.24769" lon="83.885716">
				 <ele>815.9</ele>
			 </trkpt>
			 <trkpt lat="28.247713" lon="83.885266">
				 <ele>815.4</ele>
			 </trkpt>
			 <trkpt lat="28.247598" lon="83.885054">
				 <ele>814.1</ele>
			 </trkpt>
			 <trkpt lat="28.247528" lon="83.884883">
				 <ele>812.9</ele>
			 </trkpt>
			 <trkpt lat="28.247572" lon="83.88475">
				 <ele>812.4</ele>
			 </trkpt>
			 <trkpt lat="28.247599" lon="83.884395">
				 <ele>812</ele>
			 </trkpt>
			 <trkpt lat="28.247616" lon="83.883899">
				 <ele>812</ele>
			 </trkpt>
			 <trkpt lat="28.247482" lon="83.883437">
				 <ele>811.9</ele>
			 </trkpt>
			 <trkpt lat="28.246861" lon="83.882139">
				 <ele>811.9</ele>
			 </trkpt>
			 <trkpt lat="28.246717" lon="83.881854">
				 <ele>811.9</ele>
			 </trkpt>
			 <trkpt lat="28.246585" lon="83.881611">
				 <ele>811.8</ele>
			 </trkpt>
			 <trkpt lat="28.246495" lon="83.881365">
				 <ele>811.6</ele>
			 </trkpt>
			 <trkpt lat="28.246389" lon="83.881161">
				 <ele>811.4</ele>
			 </trkpt>
			 <trkpt lat="28.246278" lon="83.881004">
				 <ele>811.5</ele>
			 </trkpt>
			 <trkpt lat="28.246248" lon="83.880947">
				 <ele>811.8</ele>
			 </trkpt>
			 <trkpt lat="28.246189" lon="83.880832">
				 <ele>812</ele>
			 </trkpt>
			 <trkpt lat="28.2461" lon="83.880658">
				 <ele>812.3</ele>
			 </trkpt>
			 <trkpt lat="28.245951" lon="83.880354">
				 <ele>812.5</ele>
			 </trkpt>
			 <trkpt lat="28.245727" lon="83.879927">
				 <ele>812.8</ele>
			 </trkpt>
			 <trkpt lat="28.245631" lon="83.879572">
				 <ele>813.1</ele>
			 </trkpt>
			 <trkpt lat="28.245656" lon="83.879476">
				 <ele>813.5</ele>
			 </trkpt>
			 <trkpt lat="28.245642" lon="83.879394">
				 <ele>813.8</ele>
			 </trkpt>
			 <trkpt lat="28.245559" lon="83.879099">
				 <ele>814.2</ele>
			 </trkpt>
			 <trkpt lat="28.245525" lon="83.878892">
				 <ele>814.6</ele>
			 </trkpt>
			 <trkpt lat="28.245494" lon="83.878642">
				 <ele>815.2</ele>
			 </trkpt>
			 <trkpt lat="28.2455" lon="83.878316">
				 <ele>815.5</ele>
			 </trkpt>
			 <trkpt lat="28.24558" lon="83.877988">
				 <ele>815.5</ele>
			 </trkpt>
			 <trkpt lat="28.245824" lon="83.877608">
				 <ele>815.5</ele>
			 </trkpt>
			 <trkpt lat="28.245927" lon="83.87748">
				 <ele>815.5</ele>
			 </trkpt>
			 <trkpt lat="28.246161" lon="83.877192">
				 <ele>815.5</ele>
			 </trkpt>
			 <trkpt lat="28.246311" lon="83.876971">
				 <ele>815.8</ele>
			 </trkpt>
			 <trkpt lat="28.246372" lon="83.876526">
				 <ele>816.2</ele>
			 </trkpt>
			 <trkpt lat="28.246435" lon="83.876233">
				 <ele>816.5</ele>
			 </trkpt>
			 <trkpt lat="28.246443" lon="83.876082">
				 <ele>817.1</ele>
			 </trkpt>
			 <trkpt lat="28.246421" lon="83.875764">
				 <ele>817.5</ele>
			 </trkpt>
			 <trkpt lat="28.24645" lon="83.87535">
				 <ele>817.8</ele>
			 </trkpt>
			 <trkpt lat="28.2466" lon="83.87459">
				 <ele>818</ele>
			 </trkpt>
			 <trkpt lat="28.246467" lon="83.874213">
				 <ele>818.5</ele>
			 </trkpt>
			 <trkpt lat="28.246516" lon="83.873902">
				 <ele>818.8</ele>
			 </trkpt>
			 <trkpt lat="28.246336" lon="83.873531">
				 <ele>819.3</ele>
			 </trkpt>
			 <trkpt lat="28.246203" lon="83.87331">
				 <ele>820.2</ele>
			 </trkpt>
			 <trkpt lat="28.245976" lon="83.873097">
				 <ele>821.2</ele>
			 </trkpt>
			 <trkpt lat="28.245869" lon="83.87296">
				 <ele>822.3</ele>
			 </trkpt>
			 <trkpt lat="28.245814" lon="83.872773">
				 <ele>823.5</ele>
			 </trkpt>
			 <trkpt lat="28.24586" lon="83.872626">
				 <ele>824.3</ele>
			 </trkpt>
			 <trkpt lat="28.24606" lon="83.872215">
				 <ele>824.7</ele>
			 </trkpt>
			 <trkpt lat="28.246098" lon="83.872026">
				 <ele>825</ele>
			 </trkpt>
			 <trkpt lat="28.246069" lon="83.871746">
				 <ele>825.5</ele>
			 </trkpt>
			 <trkpt lat="28.246023" lon="83.871605">
				 <ele>826.1</ele>
			 </trkpt>
			 <trkpt lat="28.245931" lon="83.871534">
				 <ele>826.6</ele>
			 </trkpt>
			 <trkpt lat="28.24559" lon="83.871213">
				 <ele>827.3</ele>
			 </trkpt>
			 <trkpt lat="28.245276" lon="83.870818">
				 <ele>827.5</ele>
			 </trkpt>
			 <trkpt lat="28.244914" lon="83.870434">
				 <ele>827.5</ele>
			 </trkpt>
			 <trkpt lat="28.24462" lon="83.870204">
				 <ele>827.3</ele>
			 </trkpt>
			 <trkpt lat="28.244385" lon="83.869949">
				 <ele>827</ele>
			 </trkpt>
			 <trkpt lat="28.244286" lon="83.869776">
				 <ele>826.8</ele>
			 </trkpt>
			 <trkpt lat="28.244088" lon="83.86954">
				 <ele>827.1</ele>
			 </trkpt>
			 <trkpt lat="28.243752" lon="83.869269">
				 <ele>827.8</ele>
			 </trkpt>
			 <trkpt lat="28.243653" lon="83.869168">
				 <ele>828.3</ele>
			 </trkpt>
			 <trkpt lat="28.243542" lon="83.868957">
				 <ele>828.8</ele>
			 </trkpt>
			 <trkpt lat="28.243351" lon="83.868634">
				 <ele>829.5</ele>
			 </trkpt>
			 <trkpt lat="28.243134" lon="83.868411">
				 <ele>831.4</ele>
			 </trkpt>
			 <trkpt lat="28.242643" lon="83.867635">
				 <ele>833.1</ele>
			 </trkpt>
			 <trkpt lat="28.242124" lon="83.867336">
				 <ele>834.2</ele>
			 </trkpt>
			 <trkpt lat="28.242009" lon="83.867208">
				 <ele>835.7</ele>
			 </trkpt>
			 <trkpt lat="28.241801" lon="83.866839">
				 <ele>837.1</ele>
			 </trkpt>
			 <trkpt lat="28.241589" lon="83.866129">
				 <ele>838.9</ele>
			 </trkpt>
			 <trkpt lat="28.24139" lon="83.865948">
				 <ele>840.3</ele>
			 </trkpt>
			 <trkpt lat="28.241093" lon="83.865938">
				 <ele>841.4</ele>
			 </trkpt>
			 <trkpt lat="28.240876" lon="83.86559">
				 <ele>842.6</ele>
			 </trkpt>
			 <trkpt lat="28.240645" lon="83.865523">
				 <ele>843.9</ele>
			 </trkpt>
			 <trkpt lat="28.240495" lon="83.865271">
				 <ele>845.1</ele>
			 </trkpt>
			 <trkpt lat="28.2401" lon="83.865014">
				 <ele>844.8</ele>
			 </trkpt>
			 <trkpt lat="28.239791" lon="83.864703">
				 <ele>844.7</ele>
			 </trkpt>
			 <trkpt lat="28.239664" lon="83.864555">
				 <ele>845.6</ele>
			 </trkpt>
			 <trkpt lat="28.239456" lon="83.864196">
				 <ele>846.3</ele>
			 </trkpt>
			 <trkpt lat="28.239292" lon="83.863857">
				 <ele>846.9</ele>
			 </trkpt>
			 <trkpt lat="28.239224" lon="83.863717">
				 <ele>847.1</ele>
			 </trkpt>
			 <trkpt lat="28.239058" lon="83.863297">
				 <ele>847.5</ele>
			 </trkpt>
			 <trkpt lat="28.238995" lon="83.86276">
				 <ele>847.9</ele>
			 </trkpt>
			 <trkpt lat="28.238914" lon="83.862492">
				 <ele>848.3</ele>
			 </trkpt>
			 <trkpt lat="28.238819" lon="83.86241">
				 <ele>848.5</ele>
			 </trkpt>
			 <trkpt lat="28.23861" lon="83.862357">
				 <ele>848.9</ele>
			 </trkpt>
			 <trkpt lat="28.238464" lon="83.86227">
				 <ele>849.4</ele>
			 </trkpt>
			 <trkpt lat="28.238343" lon="83.862285">
				 <ele>849.6</ele>
			 </trkpt>
			 <trkpt lat="28.238284" lon="83.862293">
				 <ele>849.5</ele>
			 </trkpt>
			 <trkpt lat="28.238173" lon="83.862321">
				 <ele>849.5</ele>
			 </trkpt>
			 <trkpt lat="28.238015" lon="83.862374">
				 <ele>849.7</ele>
			 </trkpt>
			 <trkpt lat="28.237973" lon="83.862449">
				 <ele>850.2</ele>
			 </trkpt>
			 <trkpt lat="28.23789" lon="83.862479">
				 <ele>850.7</ele>
			 </trkpt>
			 <trkpt lat="28.237764" lon="83.862549">
				 <ele>851.4</ele>
			 </trkpt>
			 <trkpt lat="28.237629" lon="83.862462">
				 <ele>851.8</ele>
			 </trkpt>
			 <trkpt lat="28.237556" lon="83.862392">
				 <ele>852.3</ele>
			 </trkpt>
			 <trkpt lat="28.237491" lon="83.862327">
				 <ele>852.4</ele>
			 </trkpt>
			 <trkpt lat="28.237475" lon="83.862284">
				 <ele>852.4</ele>
			 </trkpt>
			 <trkpt lat="28.237491" lon="83.862327">
				 <ele>852.3</ele>
			 </trkpt>
			 <trkpt lat="28.237556" lon="83.862392">
				 <ele>852.2</ele>
			 </trkpt>
			 <trkpt lat="28.237611" lon="83.862444">
				 <ele>851.8</ele>
			 </trkpt>
			 <trkpt lat="28.237764" lon="83.862549">
				 <ele>851.4</ele>
			 </trkpt>
			 <trkpt lat="28.23789" lon="83.862479">
				 <ele>850.8</ele>
			 </trkpt>
			 <trkpt lat="28.237973" lon="83.862449">
				 <ele>850.4</ele>
			 </trkpt>
			 <trkpt lat="28.238015" lon="83.862374">
				 <ele>850</ele>
			 </trkpt>
			 <trkpt lat="28.238173" lon="83.862321">
				 <ele>849.9</ele>
			 </trkpt>
			 <trkpt lat="28.238284" lon="83.862293">
				 <ele>849.7</ele>
			 </trkpt>
			 <trkpt lat="28.238464" lon="83.86227">
				 <ele>849.5</ele>
			 </trkpt>
			 <trkpt lat="28.23861" lon="83.862357">
				 <ele>849</ele>
			 </trkpt>
			 <trkpt lat="28.238819" lon="83.86241">
				 <ele>848.6</ele>
			 </trkpt>
			 <trkpt lat="28.238914" lon="83.862492">
				 <ele>848.3</ele>
			 </trkpt>
			 <trkpt lat="28.238995" lon="83.86276">
				 <ele>848</ele>
			 </trkpt>
			 <trkpt lat="28.239058" lon="83.863297">
				 <ele>847.6</ele>
			 </trkpt>
			 <trkpt lat="28.239224" lon="83.863717">
				 <ele>847.2</ele>
			 </trkpt>
			 <trkpt lat="28.239292" lon="83.863857">
				 <ele>846.6</ele>
			 </trkpt>
			 <trkpt lat="28.239456" lon="83.864196">
				 <ele>846.4</ele>
			 </trkpt>
			 <trkpt lat="28.239517" lon="83.864301">
				 <ele>845.6</ele>
			 </trkpt>
			 <trkpt lat="28.239664" lon="83.864555">
				 <ele>845.1</ele>
			 </trkpt>
			 <trkpt lat="28.239791" lon="83.864703">
				 <ele>844.5</ele>
			 </trkpt>
			 <trkpt lat="28.2401" lon="83.865014">
				 <ele>844.8</ele>
			 </trkpt>
			 <trkpt lat="28.240495" lon="83.865271">
				 <ele>845.1</ele>
			 </trkpt>
			 <trkpt lat="28.240645" lon="83.865523">
				 <ele>843.9</ele>
			 </trkpt>
			 <trkpt lat="28.240876" lon="83.86559">
				 <ele>842.6</ele>
			 </trkpt>
			 <trkpt lat="28.241093" lon="83.865938">
				 <ele>841.4</ele>
			 </trkpt>
			 <trkpt lat="28.24139" lon="83.865948">
				 <ele>840.3</ele>
			 </trkpt>
			 <trkpt lat="28.241589" lon="83.866129">
				 <ele>838.9</ele>
			 </trkpt>
			 <trkpt lat="28.241801" lon="83.866839">
				 <ele>837.1</ele>
			 </trkpt>
			 <trkpt lat="28.242009" lon="83.867208">
				 <ele>835.7</ele>
			 </trkpt>
			 <trkpt lat="28.242124" lon="83.867336">
				 <ele>834.2</ele>
			 </trkpt>
			 <trkpt lat="28.242643" lon="83.867635">
				 <ele>833.1</ele>
			 </trkpt>
			 <trkpt lat="28.243134" lon="83.868411">
				 <ele>831.4</ele>
			 </trkpt>
			 <trkpt lat="28.243351" lon="83.868634">
				 <ele>829.5</ele>
			 </trkpt>
			 <trkpt lat="28.243542" lon="83.868957">
				 <ele>828.8</ele>
			 </trkpt>
			 <trkpt lat="28.243653" lon="83.869168">
				 <ele>828.3</ele>
			 </trkpt>
			 <trkpt lat="28.243752" lon="83.869269">
				 <ele>827.8</ele>
			 </trkpt>
			 <trkpt lat="28.244088" lon="83.86954">
				 <ele>827.1</ele>
			 </trkpt>
			 <trkpt lat="28.244286" lon="83.869776">
				 <ele>826.8</ele>
			 </trkpt>
			 <trkpt lat="28.244385" lon="83.869949">
				 <ele>827</ele>
			 </trkpt>
			 <trkpt lat="28.24462" lon="83.870204">
				 <ele>827.3</ele>
			 </trkpt>
			 <trkpt lat="28.244914" lon="83.870434">
				 <ele>827.5</ele>
			 </trkpt>
			 <trkpt lat="28.245276" lon="83.870818">
				 <ele>827.5</ele>
			 </trkpt>
			 <trkpt lat="28.24559" lon="83.871213">
				 <ele>827.3</ele>
			 </trkpt>
			 <trkpt lat="28.245931" lon="83.871534">
				 <ele>826.6</ele>
			 </trkpt>
			 <trkpt lat="28.246023" lon="83.871605">
				 <ele>826.1</ele>
			 </trkpt>
			 <trkpt lat="28.246069" lon="83.871746">
				 <ele>825.5</ele>
			 </trkpt>
			 <trkpt lat="28.246098" lon="83.872026">
				 <ele>825</ele>
			 </trkpt>
			 <trkpt lat="28.24606" lon="83.872215">
				 <ele>824.7</ele>
			 </trkpt>
			 <trkpt lat="28.24586" lon="83.872626">
				 <ele>824.3</ele>
			 </trkpt>
			 <trkpt lat="28.245814" lon="83.872773">
				 <ele>823.5</ele>
			 </trkpt>
			 <trkpt lat="28.245869" lon="83.87296">
				 <ele>822.3</ele>
			 </trkpt>
			 <trkpt lat="28.245976" lon="83.873097">
				 <ele>821.2</ele>
			 </trkpt>
			 <trkpt lat="28.246203" lon="83.87331">
				 <ele>820.2</ele>
			 </trkpt>
			 <trkpt lat="28.246336" lon="83.873531">
				 <ele>819.3</ele>
			 </trkpt>
			 <trkpt lat="28.246516" lon="83.873902">
				 <ele>818.8</ele>
			 </trkpt>
			 <trkpt lat="28.246467" lon="83.874213">
				 <ele>818.5</ele>
			 </trkpt>
			 <trkpt lat="28.2466" lon="83.87459">
				 <ele>818</ele>
			 </trkpt>
			 <trkpt lat="28.24645" lon="83.87535">
				 <ele>817.8</ele>
			 </trkpt>
			 <trkpt lat="28.246421" lon="83.875764">
				 <ele>817.5</ele>
			 </trkpt>
			 <trkpt lat="28.246443" lon="83.876082">
				 <ele>817.1</ele>
			 </trkpt>
			 <trkpt lat="28.246435" lon="83.876233">
				 <ele>816.5</ele>
			 </trkpt>
			 <trkpt lat="28.246372" lon="83.876526">
				 <ele>816.2</ele>
			 </trkpt>
			 <trkpt lat="28.246311" lon="83.876971">
				 <ele>815.8</ele>
			 </trkpt>
			 <trkpt lat="28.246161" lon="83.877192">
				 <ele>815.5</ele>
			 </trkpt>
			 <trkpt lat="28.245927" lon="83.87748">
				 <ele>815.5</ele>
			 </trkpt>
			 <trkpt lat="28.245824" lon="83.877608">
				 <ele>815.5</ele>
			 </trkpt>
			 <trkpt lat="28.245705" lon="83.877792">
				 <ele>815.5</ele>
			 </trkpt>
			 <trkpt lat="28.24558" lon="83.877988">
				 <ele>815.5</ele>
			 </trkpt>
			 <trkpt lat="28.2455" lon="83.878316">
				 <ele>815.3</ele>
			 </trkpt>
			 <trkpt lat="28.245494" lon="83.878642">
				 <ele>814.9</ele>
			 </trkpt>
			 <trkpt lat="28.245525" lon="83.878892">
				 <ele>814.5</ele>
			 </trkpt>
			 <trkpt lat="28.245559" lon="83.879099">
				 <ele>814.2</ele>
			 </trkpt>
			 <trkpt lat="28.245642" lon="83.879394">
				 <ele>813.8</ele>
			 </trkpt>
			 <trkpt lat="28.245656" lon="83.879476">
				 <ele>813.5</ele>
			 </trkpt>
			 <trkpt lat="28.245631" lon="83.879572">
				 <ele>813.1</ele>
			 </trkpt>
			 <trkpt lat="28.245727" lon="83.879927">
				 <ele>812.8</ele>
			 </trkpt>
			 <trkpt lat="28.245951" lon="83.880354">
				 <ele>812.5</ele>
			 </trkpt>
			 <trkpt lat="28.2461" lon="83.880658">
				 <ele>812.3</ele>
			 </trkpt>
			 <trkpt lat="28.246189" lon="83.880832">
				 <ele>812</ele>
			 </trkpt>
			 <trkpt lat="28.246248" lon="83.880947">
				 <ele>811.8</ele>
			 </trkpt>
			 <trkpt lat="28.246278" lon="83.881004">
				 <ele>811.5</ele>
			 </trkpt>
			 <trkpt lat="28.246389" lon="83.881161">
				 <ele>811.4</ele>
			 </trkpt>
			 <trkpt lat="28.246495" lon="83.881365">
				 <ele>811.6</ele>
			 </trkpt>
			 <trkpt lat="28.246585" lon="83.881611">
				 <ele>811.8</ele>
			 </trkpt>
			 <trkpt lat="28.246717" lon="83.881854">
				 <ele>811.9</ele>
			 </trkpt>
			 <trkpt lat="28.246861" lon="83.882139">
				 <ele>811.9</ele>
			 </trkpt>
			 <trkpt lat="28.247482" lon="83.883437">
				 <ele>811.9</ele>
			 </trkpt>
			 <trkpt lat="28.247616" lon="83.883899">
				 <ele>812</ele>
			 </trkpt>
			 <trkpt lat="28.247599" lon="83.884395">
				 <ele>812</ele>
			 </trkpt>
			 <trkpt lat="28.247572" lon="83.88475">
				 <ele>812.4</ele>
			 </trkpt>
			 <trkpt lat="28.247528" lon="83.884883">
				 <ele>812.9</ele>
			 </trkpt>
			 <trkpt lat="28.247598" lon="83.885054">
				 <ele>814.1</ele>
			 </trkpt>
			 <trkpt lat="28.247713" lon="83.885266">
				 <ele>815.4</ele>
			 </trkpt>
			 <trkpt lat="28.24769" lon="83.885716">
				 <ele>815.9</ele>
			 </trkpt>
			 <trkpt lat="28.247744" lon="83.886042">
				 <ele>817</ele>
			 </trkpt>
			 <trkpt lat="28.24772" lon="83.886332">
				 <ele>818.1</ele>
			 </trkpt>
			 <trkpt lat="28.247722" lon="83.886802">
				 <ele>819</ele>
			 </trkpt>
			 <trkpt lat="28.24766" lon="83.886982">
				 <ele>819.8</ele>
			 </trkpt>
			 <trkpt lat="28.247497" lon="83.887306">
				 <ele>820.2</ele>
			 </trkpt>
			 <trkpt lat="28.247431" lon="83.887761">
				 <ele>820.5</ele>
			 </trkpt>
			 <trkpt lat="28.247247" lon="83.88813">
				 <ele>820.5</ele>
			 </trkpt>
			 <trkpt lat="28.247038" lon="83.888393">
				 <ele>820.5</ele>
			 </trkpt>
			 <trkpt lat="28.246882" lon="83.888646">
				 <ele>819.6</ele>
			 </trkpt>
			 <trkpt lat="28.246727" lon="83.888735">
				 <ele>818.7</ele>
			 </trkpt>
			 <trkpt lat="28.246533" lon="83.888891">
				 <ele>817.9</ele>
			 </trkpt>
			 <trkpt lat="28.246485" lon="83.889015">
				 <ele>816.7</ele>
			 </trkpt>
			 <trkpt lat="28.246415" lon="83.889242">
				 <ele>815.7</ele>
			 </trkpt>
			 <trkpt lat="28.246129" lon="83.889497">
				 <ele>815</ele>
			 </trkpt>
			 <trkpt lat="28.246029" lon="83.889626">
				 <ele>814.5</ele>
			 </trkpt>
			 <trkpt lat="28.245841" lon="83.889832">
				 <ele>814.3</ele>
			 </trkpt>
			 <trkpt lat="28.24566" lon="83.890016">
				 <ele>814.3</ele>
			 </trkpt>
			 <trkpt lat="28.245424" lon="83.890285">
				 <ele>814.3</ele>
			 </trkpt>
			 <trkpt lat="28.245384" lon="83.890323">
				 <ele>814.1</ele>
			 </trkpt>
			 <trkpt lat="28.244895" lon="83.890788">
				 <ele>814.2</ele>
			 </trkpt>
			 <trkpt lat="28.244645" lon="83.891114">
				 <ele>814.3</ele>
			 </trkpt>
			 <trkpt lat="28.244525" lon="83.891356">
				 <ele>814.6</ele>
			 </trkpt>
			 <trkpt lat="28.244451" lon="83.89152">
				 <ele>814.9</ele>
			 </trkpt>
			 <trkpt lat="28.244361" lon="83.891769">
				 <ele>814.9</ele>
			 </trkpt>
			 <trkpt lat="28.24426" lon="83.89193">
				 <ele>814.7</ele>
			 </trkpt>
			 <trkpt lat="28.244106" lon="83.892032">
				 <ele>814.4</ele>
			 </trkpt>
			 <trkpt lat="28.243963" lon="83.892278">
				 <ele>814</ele>
			 </trkpt>
			 <trkpt lat="28.243882" lon="83.892431">
				 <ele>813.9</ele>
			 </trkpt>
			 <trkpt lat="28.24364" lon="83.892852">
				 <ele>813.8</ele>
			 </trkpt>
			 <trkpt lat="28.243497" lon="83.893259">
				 <ele>813.7</ele>
			 </trkpt>
			 <trkpt lat="28.243206" lon="83.89397">
				 <ele>813.8</ele>
			 </trkpt>
			 <trkpt lat="28.243165" lon="83.894059">
				 <ele>813.9</ele>
			 </trkpt>
			 <trkpt lat="28.242992" lon="83.894493">
				 <ele>813.8</ele>
			 </trkpt>
			 <trkpt lat="28.242725" lon="83.894987">
				 <ele>813.6</ele>
			 </trkpt>
			 <trkpt lat="28.242682" lon="83.895091">
				 <ele>813.5</ele>
			 </trkpt>
			 <trkpt lat="28.24266" lon="83.895279">
				 <ele>813.7</ele>
			 </trkpt>
			 <trkpt lat="28.242614" lon="83.895351">
				 <ele>814</ele>
			 </trkpt>
			 <trkpt lat="28.242531" lon="83.895394">
				 <ele>814.4</ele>
			 </trkpt>
			 <trkpt lat="28.242425" lon="83.895434">
				 <ele>814.7</ele>
			 </trkpt>
			 <trkpt lat="28.242358" lon="83.895526">
				 <ele>815.2</ele>
			 </trkpt>
			 <trkpt lat="28.242332" lon="83.89566">
				 <ele>816.4</ele>
			 </trkpt>
			 <trkpt lat="28.242335" lon="83.895834">
				 <ele>817.5</ele>
			 </trkpt>
			 <trkpt lat="28.24238" lon="83.896043">
				 <ele>818.6</ele>
			 </trkpt>
			 <trkpt lat="28.242495" lon="83.896285">
				 <ele>819.8</ele>
			 </trkpt>
			 <trkpt lat="28.242526" lon="83.89647">
				 <ele>820.8</ele>
			 </trkpt>
			 <trkpt lat="28.242544" lon="83.897183">
				 <ele>821.8</ele>
			 </trkpt>
			 <trkpt lat="28.242519" lon="83.897323">
				 <ele>822.8</ele>
			 </trkpt>
			 <trkpt lat="28.242484" lon="83.897398">
				 <ele>823.9</ele>
			 </trkpt>
			 <trkpt lat="28.242408" lon="83.897438">
				 <ele>825.2</ele>
			 </trkpt>
			 <trkpt lat="28.242304" lon="83.897465">
				 <ele>826.3</ele>
			 </trkpt>
			 <trkpt lat="28.242278" lon="83.897513">
				 <ele>827.5</ele>
			 </trkpt>
			 <trkpt lat="28.242266" lon="83.897604">
				 <ele>827.7</ele>
			 </trkpt>
			 <trkpt lat="28.24229" lon="83.897792">
				 <ele>827.7</ele>
			 </trkpt>
			 <trkpt lat="28.242328" lon="83.898025">
				 <ele>827.9</ele>
			 </trkpt>
			 <trkpt lat="28.242344" lon="83.898109">
				 <ele>829.1</ele>
			 </trkpt>
			 <trkpt lat="28.242407" lon="83.898422">
				 <ele>830.7</ele>
			 </trkpt>
			 <trkpt lat="28.242446" lon="83.898801">
				 <ele>832.5</ele>
			 </trkpt>
			 <trkpt lat="28.242465" lon="83.898881">
				 <ele>833.6</ele>
			 </trkpt>
			 <trkpt lat="28.242517" lon="83.898932">
				 <ele>834.2</ele>
			 </trkpt>
			 <trkpt lat="28.242751" lon="83.899085">
				 <ele>834.4</ele>
			 </trkpt>
			 <trkpt lat="28.242814" lon="83.899155">
				 <ele>834.3</ele>
			 </trkpt>
			 <trkpt lat="28.242848" lon="83.899275">
				 <ele>833.5</ele>
			 </trkpt>
			 <trkpt lat="28.24285" lon="83.899621">
				 <ele>832.9</ele>
			 </trkpt>
			 <trkpt lat="28.242827" lon="83.899933">
				 <ele>831.8</ele>
			 </trkpt>
			 <trkpt lat="28.242743" lon="83.900168">
				 <ele>830.5</ele>
			 </trkpt>
			 <trkpt lat="28.242639" lon="83.900315">
				 <ele>828.3</ele>
			 </trkpt>
			 <trkpt lat="28.24255" lon="83.900368">
				 <ele>826.1</ele>
			 </trkpt>
			 <trkpt lat="28.242432" lon="83.900378">
				 <ele>824.4</ele>
			 </trkpt>
			 <trkpt lat="28.242214" lon="83.900356">
				 <ele>823.2</ele>
			 </trkpt>
			 <trkpt lat="28.242153" lon="83.900386">
				 <ele>822.6</ele>
			 </trkpt>
			 <trkpt lat="28.24212" lon="83.900447">
				 <ele>822.1</ele>
			 </trkpt>
			 <trkpt lat="28.242148" lon="83.900547">
				 <ele>821.7</ele>
			 </trkpt>
			 <trkpt lat="28.242273" lon="83.900704">
				 <ele>820.8</ele>
			 </trkpt>
			 <trkpt lat="28.242301" lon="83.900764">
				 <ele>820.1</ele>
			 </trkpt>
			 <trkpt lat="28.242301" lon="83.900859">
				 <ele>819.9</ele>
			 </trkpt>
			 <trkpt lat="28.242278" lon="83.900921">
				 <ele>820</ele>
			 </trkpt>
			 <trkpt lat="28.242246" lon="83.900954">
				 <ele>820.1</ele>
			 </trkpt>
			 <trkpt lat="28.24194" lon="83.900989">
				 <ele>819.8</ele>
			 </trkpt>
			 <trkpt lat="28.241879" lon="83.901062">
				 <ele>819</ele>
			 </trkpt>
			 <trkpt lat="28.241855" lon="83.901146">
				 <ele>817.8</ele>
			 </trkpt>
			 <trkpt lat="28.241867" lon="83.901402">
				 <ele>816.4</ele>
			 </trkpt>
			 <trkpt lat="28.241843" lon="83.901461">
				 <ele>814.9</ele>
			 </trkpt>
			 <trkpt lat="28.241791" lon="83.901518">
				 <ele>813.5</ele>
			 </trkpt>
			 <trkpt lat="28.241748" lon="83.901553">
				 <ele>812.8</ele>
			 </trkpt>
			 <trkpt lat="28.241569" lon="83.901637">
				 <ele>812.3</ele>
			 </trkpt>
			 <trkpt lat="28.241342" lon="83.901822">
				 <ele>811.6</ele>
			 </trkpt>
			 <trkpt lat="28.241179" lon="83.90192">
				 <ele>810.7</ele>
			 </trkpt>
			 <trkpt lat="28.241106" lon="83.901987">
				 <ele>809.7</ele>
			 </trkpt>
			 <trkpt lat="28.240949" lon="83.902194">
				 <ele>808.8</ele>
			 </trkpt>
			 <trkpt lat="28.240878" lon="83.902334">
				 <ele>808</ele>
			 </trkpt>
			 <trkpt lat="28.240792" lon="83.90268">
				 <ele>807.6</ele>
			 </trkpt>
			 <trkpt lat="28.240721" lon="83.903138">
				 <ele>807.9</ele>
			 </trkpt>
			 <trkpt lat="28.240697" lon="83.903473">
				 <ele>808.5</ele>
			 </trkpt>
			 <trkpt lat="28.240714" lon="83.903655">
				 <ele>809.3</ele>
			 </trkpt>
			 <trkpt lat="28.240997" lon="83.904514">
				 <ele>809.8</ele>
			 </trkpt>
			 <trkpt lat="28.241084" lon="83.905067">
				 <ele>810.4</ele>
			 </trkpt>
			 <trkpt lat="28.241087" lon="83.905297">
				 <ele>811.3</ele>
			 </trkpt>
			 <trkpt lat="28.241078" lon="83.905388">
				 <ele>812.5</ele>
			 </trkpt>
			 <trkpt lat="28.241057" lon="83.905448">
				 <ele>813.8</ele>
			 </trkpt>
			 <trkpt lat="28.240808" lon="83.905658">
				 <ele>815.2</ele>
			 </trkpt>
			 <trkpt lat="28.240744" lon="83.905748">
				 <ele>816.4</ele>
			 </trkpt>
			 <trkpt lat="28.240646" lon="83.905929">
				 <ele>817.1</ele>
			 </trkpt>
			 <trkpt lat="28.240566" lon="83.906041">
				 <ele>817</ele>
			 </trkpt>
			 <trkpt lat="28.240454" lon="83.906143">
				 <ele>816.5</ele>
			 </trkpt>
			 <trkpt lat="28.240352" lon="83.906201">
				 <ele>815.8</ele>
			 </trkpt>
			 <trkpt lat="28.240235" lon="83.906236">
				 <ele>815.2</ele>
			 </trkpt>
			 <trkpt lat="28.240083" lon="83.906271">
				 <ele>814.5</ele>
			 </trkpt>
			 <trkpt lat="28.239955" lon="83.906281">
				 <ele>813.4</ele>
			 </trkpt>
			 <trkpt lat="28.239873" lon="83.906265">
				 <ele>812</ele>
			 </trkpt>
			 <trkpt lat="28.239788" lon="83.906212">
				 <ele>810.5</ele>
			 </trkpt>
			 <trkpt lat="28.239724" lon="83.906193">
				 <ele>809.3</ele>
			 </trkpt>
			 <trkpt lat="28.239629" lon="83.906206">
				 <ele>808.3</ele>
			 </trkpt>
			 <trkpt lat="28.239506" lon="83.906236">
				 <ele>807.5</ele>
			 </trkpt>
			 <trkpt lat="28.23932" lon="83.906297">
				 <ele>807.1</ele>
			 </trkpt>
			 <trkpt lat="28.239275" lon="83.906359">
				 <ele>806.6</ele>
			 </trkpt>
			 <trkpt lat="28.239254" lon="83.906429">
				 <ele>806.4</ele>
			 </trkpt>
			 <trkpt lat="28.239237" lon="83.906649">
				 <ele>806.1</ele>
			 </trkpt>
			 <trkpt lat="28.239192" lon="83.90674">
				 <ele>805.8</ele>
			 </trkpt>
			 <trkpt lat="28.239081" lon="83.906837">
				 <ele>805.6</ele>
			 </trkpt>
			 <trkpt lat="28.238437" lon="83.907168">
				 <ele>805.5</ele>
			 </trkpt>
			 <trkpt lat="28.238306" lon="83.907263">
				 <ele>805.3</ele>
			 </trkpt>
			 <trkpt lat="28.238072" lon="83.907389">
				 <ele>805</ele>
			 </trkpt>
			 <trkpt lat="28.237905" lon="83.907474">
				 <ele>804.6</ele>
			 </trkpt>
			 <trkpt lat="28.237675" lon="83.907681">
				 <ele>804.3</ele>
			 </trkpt>
			 <trkpt lat="28.237531" lon="83.907773">
				 <ele>803.9</ele>
			 </trkpt>
			 <trkpt lat="28.237311" lon="83.907853">
				 <ele>803.6</ele>
			 </trkpt>
			 <trkpt lat="28.23708" lon="83.907901">
				 <ele>803.4</ele>
			 </trkpt>
			 <trkpt lat="28.236957" lon="83.90792">
				 <ele>803.2</ele>
			 </trkpt>
			 <trkpt lat="28.236839" lon="83.908049">
				 <ele>803.1</ele>
			 </trkpt>
			 <trkpt lat="28.236697" lon="83.908196">
				 <ele>803.1</ele>
			 </trkpt>
			 <trkpt lat="28.236663" lon="83.908215">
				 <ele>803.2</ele>
			 </trkpt>
			 <trkpt lat="28.236331" lon="83.90842">
				 <ele>803.3</ele>
			 </trkpt>
			 <trkpt lat="28.236263" lon="83.908445">
				 <ele>803.5</ele>
			 </trkpt>
			 <trkpt lat="28.236183" lon="83.90849">
				 <ele>803.6</ele>
			 </trkpt>
			 <trkpt lat="28.236074" lon="83.908587">
				 <ele>803.8</ele>
			 </trkpt>
			 <trkpt lat="28.236032" lon="83.90867">
				 <ele>804</ele>
			 </trkpt>
			 <trkpt lat="28.235998" lon="83.908785">
				 <ele>804.1</ele>
			 </trkpt>
			 <trkpt lat="28.2359" lon="83.909226">
				 <ele>804.2</ele>
			 </trkpt>
			 <trkpt lat="28.235855" lon="83.909515">
				 <ele>804.2</ele>
			 </trkpt>
			 <trkpt lat="28.23583" lon="83.909586">
				 <ele>804</ele>
			 </trkpt>
			 <trkpt lat="28.235749" lon="83.909737">
				 <ele>803.5</ele>
			 </trkpt>
			 <trkpt lat="28.235457" lon="83.910394">
				 <ele>803.2</ele>
			 </trkpt>
			 <trkpt lat="28.235427" lon="83.910503">
				 <ele>802.9</ele>
			 </trkpt>
			 <trkpt lat="28.235311" lon="83.911106">
				 <ele>802.7</ele>
			 </trkpt>
			 <trkpt lat="28.235229" lon="83.91175">
				 <ele>802.9</ele>
			 </trkpt>
			 <trkpt lat="28.235106" lon="83.912399">
				 <ele>803.3</ele>
			 </trkpt>
			 <trkpt lat="28.235068" lon="83.9127">
				 <ele>803.8</ele>
			 </trkpt>
			 <trkpt lat="28.234992" lon="83.912984">
				 <ele>804.9</ele>
			 </trkpt>
			 <trkpt lat="28.234881" lon="83.913395">
				 <ele>805.8</ele>
			 </trkpt>
			 <trkpt lat="28.234834" lon="83.913681">
				 <ele>806.5</ele>
			 </trkpt>
			 <trkpt lat="28.234784" lon="83.913896">
				 <ele>807.5</ele>
			 </trkpt>
			 <trkpt lat="28.234699" lon="83.914164">
				 <ele>808.8</ele>
			 </trkpt>
			 <trkpt lat="28.23434" lon="83.914946">
				 <ele>810.5</ele>
			 </trkpt>
			 <trkpt lat="28.234248" lon="83.915324">
				 <ele>812.2</ele>
			 </trkpt>
			 <trkpt lat="28.234168" lon="83.915497">
				 <ele>813.2</ele>
			 </trkpt>
			 <trkpt lat="28.234175" lon="83.915573">
				 <ele>813.7</ele>
			 </trkpt>
			 <trkpt lat="28.23419" lon="83.915645">
				 <ele>814</ele>
			 </trkpt>
			 <trkpt lat="28.234305" lon="83.915945">
				 <ele>814.1</ele>
			 </trkpt>
			 <trkpt lat="28.23431" lon="83.916028">
				 <ele>813.9</ele>
			 </trkpt>
			 <trkpt lat="28.234209" lon="83.91639">
				 <ele>813.8</ele>
			 </trkpt>
			 <trkpt lat="28.234183" lon="83.916554">
				 <ele>813.7</ele>
			 </trkpt>
			 <trkpt lat="28.234128" lon="83.916643">
				 <ele>813.4</ele>
			 </trkpt>
			 <trkpt lat="28.234036" lon="83.916739">
				 <ele>812.8</ele>
			 </trkpt>
			 <trkpt lat="28.233582" lon="83.917155">
				 <ele>811.7</ele>
			 </trkpt>
			 <trkpt lat="28.233504" lon="83.917198">
				 <ele>810.5</ele>
			 </trkpt>
			 <trkpt lat="28.233401" lon="83.917178">
				 <ele>809.8</ele>
			 </trkpt>
			 <trkpt lat="28.233275" lon="83.917174">
				 <ele>809.4</ele>
			 </trkpt>
			 <trkpt lat="28.233162" lon="83.917214">
				 <ele>809.2</ele>
			 </trkpt>
			 <trkpt lat="28.233051" lon="83.917284">
				 <ele>809.2</ele>
			 </trkpt>
			 <trkpt lat="28.232951" lon="83.917391">
				 <ele>809.3</ele>
			 </trkpt>
			 <trkpt lat="28.232885" lon="83.917472">
				 <ele>809.5</ele>
			 </trkpt>
			 <trkpt lat="28.23281" lon="83.917644">
				 <ele>810.2</ele>
			 </trkpt>
			 <trkpt lat="28.232748" lon="83.917826">
				 <ele>811</ele>
			 </trkpt>
			 <trkpt lat="28.232722" lon="83.917954">
				 <ele>811.8</ele>
			 </trkpt>
			 <trkpt lat="28.23272" lon="83.91812">
				 <ele>812.3</ele>
			 </trkpt>
			 <trkpt lat="28.232708" lon="83.918199">
				 <ele>812.7</ele>
			 </trkpt>
			 <trkpt lat="28.232623" lon="83.918373">
				 <ele>813.1</ele>
			 </trkpt>
			 <trkpt lat="28.23252" lon="83.918495">
				 <ele>813.1</ele>
			 </trkpt>
			 <trkpt lat="28.232419" lon="83.918549">
				 <ele>812.8</ele>
			 </trkpt>
			 <trkpt lat="28.232205" lon="83.918593">
				 <ele>812.4</ele>
			 </trkpt>
			 <trkpt lat="28.232111" lon="83.918649">
				 <ele>811.6</ele>
			 </trkpt>
			 <trkpt lat="28.23206" lon="83.918687">
				 <ele>810.6</ele>
			 </trkpt>
			 <trkpt lat="28.231927" lon="83.918802">
				 <ele>809.5</ele>
			 </trkpt>
			 <trkpt lat="28.231843" lon="83.918925">
				 <ele>808.5</ele>
			 </trkpt>
			 <trkpt lat="28.231786" lon="83.919086">
				 <ele>807.6</ele>
			 </trkpt>
			 <trkpt lat="28.231737" lon="83.919286">
				 <ele>807.5</ele>
			 </trkpt>
			 <trkpt lat="28.231644" lon="83.919488">
				 <ele>807.5</ele>
			 </trkpt>
			 <trkpt lat="28.231609" lon="83.919615">
				 <ele>807.5</ele>
			 </trkpt>
			 <trkpt lat="28.231619" lon="83.919796">
				 <ele>807.7</ele>
			 </trkpt>
			 <trkpt lat="28.231688" lon="83.920004">
				 <ele>808</ele>
			 </trkpt>
			 <trkpt lat="28.231738" lon="83.920204">
				 <ele>808.5</ele>
			 </trkpt>
			 <trkpt lat="28.231769" lon="83.920392">
				 <ele>809.1</ele>
			 </trkpt>
			 <trkpt lat="28.231775" lon="83.9206">
				 <ele>810</ele>
			 </trkpt>
			 <trkpt lat="28.231753" lon="83.920921">
				 <ele>811</ele>
			 </trkpt>
			 <trkpt lat="28.231767" lon="83.921001">
				 <ele>812.1</ele>
			 </trkpt>
			 <trkpt lat="28.231858" lon="83.921184">
				 <ele>812.8</ele>
			 </trkpt>
			 <trkpt lat="28.231936" lon="83.921381">
				 <ele>812.6</ele>
			 </trkpt>
			 <trkpt lat="28.232007" lon="83.921537">
				 <ele>812.1</ele>
			 </trkpt>
			 <trkpt lat="28.232101" lon="83.92167">
				 <ele>811.5</ele>
			 </trkpt>
			 <trkpt lat="28.232266" lon="83.921906">
				 <ele>810.9</ele>
			 </trkpt>
			 <trkpt lat="28.232302" lon="83.922035">
				 <ele>810.5</ele>
			 </trkpt>
			 <trkpt lat="28.232286" lon="83.922349">
				 <ele>809.9</ele>
			 </trkpt>
			 <trkpt lat="28.232318" lon="83.922493">
				 <ele>809.3</ele>
			 </trkpt>
			 <trkpt lat="28.232351" lon="83.922555">
				 <ele>808.5</ele>
			 </trkpt>
			 <trkpt lat="28.232432" lon="83.922625">
				 <ele>807.7</ele>
			 </trkpt>
			 <trkpt lat="28.232538" lon="83.92268">
				 <ele>806.5</ele>
			 </trkpt>
			 <trkpt lat="28.232721" lon="83.92274">
				 <ele>805.1</ele>
			 </trkpt>
			 <trkpt lat="28.232925" lon="83.922763">
				 <ele>804.5</ele>
			 </trkpt>
			 <trkpt lat="28.23304" lon="83.92281">
				 <ele>804.4</ele>
			 </trkpt>
			 <trkpt lat="28.233108" lon="83.92289">
				 <ele>804.4</ele>
			 </trkpt>
			 <trkpt lat="28.233142" lon="83.92305">
				 <ele>804.4</ele>
			 </trkpt>
			 <trkpt lat="28.233187" lon="83.923329">
				 <ele>804.4</ele>
			 </trkpt>
			 <trkpt lat="28.23328" lon="83.924493">
				 <ele>804.3</ele>
			 </trkpt>
			 <trkpt lat="28.233278" lon="83.926102">
				 <ele>804</ele>
			 </trkpt>
			 <trkpt lat="28.23328" lon="83.926277">
				 <ele>804.1</ele>
			 </trkpt>
			 <trkpt lat="28.233306" lon="83.926626">
				 <ele>804.3</ele>
			 </trkpt>
			 <trkpt lat="28.233329" lon="83.927167">
				 <ele>804.8</ele>
			 </trkpt>
			 <trkpt lat="28.233345" lon="83.927739">
				 <ele>805.8</ele>
			 </trkpt>
			 <trkpt lat="28.233339" lon="83.928554">
				 <ele>806.6</ele>
			 </trkpt>
			 <trkpt lat="28.233316" lon="83.929703">
				 <ele>807.1</ele>
			 </trkpt>
			 <trkpt lat="28.233299" lon="83.929793">
				 <ele>807.2</ele>
			 </trkpt>
			 <trkpt lat="28.233254" lon="83.929909">
				 <ele>807.4</ele>
			 </trkpt>
			 <trkpt lat="28.233153" lon="83.930074">
				 <ele>807.6</ele>
			 </trkpt>
			 <trkpt lat="28.233028" lon="83.930258">
				 <ele>807.9</ele>
			 </trkpt>
			 <trkpt lat="28.232879" lon="83.930446">
				 <ele>808.3</ele>
			 </trkpt>
			 <trkpt lat="28.232598" lon="83.93075">
				 <ele>808.2</ele>
			 </trkpt>
			 <trkpt lat="28.232448" lon="83.930961">
				 <ele>807.9</ele>
			 </trkpt>
			 <trkpt lat="28.232208" lon="83.931341">
				 <ele>807.6</ele>
			 </trkpt>
			 <trkpt lat="28.232118" lon="83.931464">
				 <ele>807.6</ele>
			 </trkpt>
			 <trkpt lat="28.232062" lon="83.931522">
				 <ele>807.7</ele>
			 </trkpt>
			 <trkpt lat="28.231966" lon="83.931595">
				 <ele>808</ele>
			 </trkpt>
			 <trkpt lat="28.231737" lon="83.931739">
				 <ele>808.6</ele>
			 </trkpt>
			 <trkpt lat="28.231595" lon="83.931845">
				 <ele>809.1</ele>
			 </trkpt>
			 <trkpt lat="28.231437" lon="83.931984">
				 <ele>809.3</ele>
			 </trkpt>
			 <trkpt lat="28.231341" lon="83.932042">
				 <ele>809.3</ele>
			 </trkpt>
			 <trkpt lat="28.231243" lon="83.932073">
				 <ele>808.9</ele>
			 </trkpt>
			 <trkpt lat="28.231138" lon="83.932091">
				 <ele>808.6</ele>
			 </trkpt>
			 <trkpt lat="28.231061" lon="83.932087">
				 <ele>808.5</ele>
			 </trkpt>
			 <trkpt lat="28.230965" lon="83.932067">
				 <ele>808.3</ele>
			 </trkpt>
			 <trkpt lat="28.230811" lon="83.932013">
				 <ele>807.8</ele>
			 </trkpt>
			 <trkpt lat="28.230575" lon="83.931867">
				 <ele>807.3</ele>
			 </trkpt>
			 <trkpt lat="28.230529" lon="83.931862">
				 <ele>806.6</ele>
			 </trkpt>
			 <trkpt lat="28.230462" lon="83.931873">
				 <ele>806</ele>
			 </trkpt>
			 <trkpt lat="28.230248" lon="83.931921">
				 <ele>805.5</ele>
			 </trkpt>
			 <trkpt lat="28.229987" lon="83.931936">
				 <ele>805</ele>
			 </trkpt>
			 <trkpt lat="28.229919" lon="83.931962">
				 <ele>804.6</ele>
			 </trkpt>
			 <trkpt lat="28.229521" lon="83.932068">
				 <ele>804.5</ele>
			 </trkpt>
			 <trkpt lat="28.229266" lon="83.932143">
				 <ele>804.4</ele>
			 </trkpt>
			 <trkpt lat="28.229182" lon="83.932183">
				 <ele>804</ele>
			 </trkpt>
			 <trkpt lat="28.228966" lon="83.932311">
				 <ele>803.5</ele>
			 </trkpt>
			 <trkpt lat="28.228804" lon="83.932397">
				 <ele>803.1</ele>
			 </trkpt>
			 <trkpt lat="28.228739" lon="83.932421">
				 <ele>802.6</ele>
			 </trkpt>
			 <trkpt lat="28.22862" lon="83.932452">
				 <ele>802.3</ele>
			 </trkpt>
			 <trkpt lat="28.228382" lon="83.932538">
				 <ele>802</ele>
			 </trkpt>
			 <trkpt lat="28.228283" lon="83.932566">
				 <ele>801.9</ele>
			 </trkpt>
			 <trkpt lat="28.228232" lon="83.932602">
				 <ele>802</ele>
			 </trkpt>
			 <trkpt lat="28.228197" lon="83.932649">
				 <ele>802.3</ele>
			 </trkpt>
			 <trkpt lat="28.22818" lon="83.932707">
				 <ele>802.6</ele>
			 </trkpt>
			 <trkpt lat="28.228159" lon="83.932861">
				 <ele>803.1</ele>
			 </trkpt>
			 <trkpt lat="28.228084" lon="83.933253">
				 <ele>803.7</ele>
			 </trkpt>
			 <trkpt lat="28.228032" lon="83.933587">
				 <ele>804.3</ele>
			 </trkpt>
			 <trkpt lat="28.228023" lon="83.933677">
				 <ele>804.8</ele>
			 </trkpt>
			 <trkpt lat="28.228009" lon="83.933741">
				 <ele>805.4</ele>
			 </trkpt>
			 <trkpt lat="28.227983" lon="83.933816">
				 <ele>805.9</ele>
			 </trkpt>
			 <trkpt lat="28.227949" lon="83.933895">
				 <ele>806.6</ele>
			 </trkpt>
			 <trkpt lat="28.227784" lon="83.934162">
				 <ele>807.3</ele>
			 </trkpt>
			 <trkpt lat="28.227769" lon="83.934212">
				 <ele>807.6</ele>
			 </trkpt>
			 <trkpt lat="28.22776" lon="83.934257">
				 <ele>807.8</ele>
			 </trkpt>
			 <trkpt lat="28.227776" lon="83.934306">
				 <ele>808</ele>
			 </trkpt>
			 <trkpt lat="28.227844" lon="83.934622">
				 <ele>808.2</ele>
			 </trkpt>
			 <trkpt lat="28.227847" lon="83.934803">
				 <ele>808.5</ele>
			 </trkpt>
			 <trkpt lat="28.227782" lon="83.935151">
				 <ele>808.8</ele>
			 </trkpt>
			 <trkpt lat="28.227777" lon="83.935223">
				 <ele>809</ele>
			 </trkpt>
			 <trkpt lat="28.227784" lon="83.935306">
				 <ele>809.1</ele>
			 </trkpt>
			 <trkpt lat="28.227809" lon="83.935383">
				 <ele>809.1</ele>
			 </trkpt>
			 <trkpt lat="28.227844" lon="83.935471">
				 <ele>808.7</ele>
			 </trkpt>
			 <trkpt lat="28.22785" lon="83.93554">
				 <ele>808.3</ele>
			 </trkpt>
			 <trkpt lat="28.227828" lon="83.93576">
				 <ele>807.7</ele>
			 </trkpt>
			 <trkpt lat="28.227822" lon="83.935876">
				 <ele>807.3</ele>
			 </trkpt>
			 <trkpt lat="28.227839" lon="83.936001">
				 <ele>806.8</ele>
			 </trkpt>
			 <trkpt lat="28.227907" lon="83.936303">
				 <ele>806.4</ele>
			 </trkpt>
			 <trkpt lat="28.227912" lon="83.936379">
				 <ele>805.9</ele>
			 </trkpt>
			 <trkpt lat="28.227924" lon="83.936614">
				 <ele>805.4</ele>
			 </trkpt>
			 <trkpt lat="28.227967" lon="83.936732">
				 <ele>805</ele>
			 </trkpt>
			 <trkpt lat="28.228041" lon="83.936968">
				 <ele>804.9</ele>
			 </trkpt>
			 <trkpt lat="28.228054" lon="83.93718">
				 <ele>804.9</ele>
			 </trkpt>
			 <trkpt lat="28.228069" lon="83.937379">
				 <ele>805</ele>
			 </trkpt>
			 <trkpt lat="28.228062" lon="83.938046">
				 <ele>804.8</ele>
			 </trkpt>
			 <trkpt lat="28.228072" lon="83.938264">
				 <ele>804.8</ele>
			 </trkpt>
			 <trkpt lat="28.228058" lon="83.938547">
				 <ele>804.9</ele>
			 </trkpt>
			 <trkpt lat="28.228024" lon="83.938802">
				 <ele>805</ele>
			 </trkpt>
			 <trkpt lat="28.228001" lon="83.938868">
				 <ele>805.2</ele>
			 </trkpt>
			 <trkpt lat="28.227789" lon="83.939187">
				 <ele>805.3</ele>
			 </trkpt>
			 <trkpt lat="28.227523" lon="83.939746">
				 <ele>805.5</ele>
			 </trkpt>
			 <trkpt lat="28.227342" lon="83.940028">
				 <ele>805.8</ele>
			 </trkpt>
			 <trkpt lat="28.227125" lon="83.940337">
				 <ele>805.9</ele>
			 </trkpt>
			 <trkpt lat="28.227032" lon="83.940504">
				 <ele>805.9</ele>
			 </trkpt>
			 <trkpt lat="28.226953" lon="83.94068">
				 <ele>805.9</ele>
			 </trkpt>
			 <trkpt lat="28.226927" lon="83.940782">
				 <ele>806.2</ele>
			 </trkpt>
			 <trkpt lat="28.226911" lon="83.940895">
				 <ele>806.5</ele>
			 </trkpt>
			 <trkpt lat="28.22691" lon="83.941147">
				 <ele>806.5</ele>
			 </trkpt>
			 <trkpt lat="28.226915" lon="83.941217">
				 <ele>806.5</ele>
			 </trkpt>
			 <trkpt lat="28.226923" lon="83.941327">
				 <ele>806.4</ele>
			 </trkpt>
			 <trkpt lat="28.226946" lon="83.941472">
				 <ele>806.2</ele>
			 </trkpt>
			 <trkpt lat="28.22701" lon="83.941674">
				 <ele>805.9</ele>
			 </trkpt>
			 <trkpt lat="28.227235" lon="83.942196">
				 <ele>805.6</ele>
			 </trkpt>
			 <trkpt lat="28.227278" lon="83.942304">
				 <ele>805.4</ele>
			 </trkpt>
			 <trkpt lat="28.227297" lon="83.942396">
				 <ele>805</ele>
			 </trkpt>
			 <trkpt lat="28.227304" lon="83.942523">
				 <ele>804.5</ele>
			 </trkpt>
			 <trkpt lat="28.227288" lon="83.942692">
				 <ele>804.1</ele>
			 </trkpt>
			 <trkpt lat="28.227256" lon="83.942916">
				 <ele>803.6</ele>
			 </trkpt>
			 <trkpt lat="28.22718" lon="83.943025">
				 <ele>803.4</ele>
			 </trkpt>
			 <trkpt lat="28.226933" lon="83.943235">
				 <ele>803.1</ele>
			 </trkpt>
			 <trkpt lat="28.226132" lon="83.943855">
				 <ele>802.8</ele>
			 </trkpt>
			 <trkpt lat="28.226058" lon="83.943924">
				 <ele>802.7</ele>
			 </trkpt>
			 <trkpt lat="28.225984" lon="83.944045">
				 <ele>802.8</ele>
			 </trkpt>
			 <trkpt lat="28.225938" lon="83.944161">
				 <ele>802.9</ele>
			 </trkpt>
			 <trkpt lat="28.225904" lon="83.944299">
				 <ele>803.4</ele>
			 </trkpt>
			 <trkpt lat="28.225822" lon="83.944561">
				 <ele>804.1</ele>
			 </trkpt>
			 <trkpt lat="28.225644" lon="83.944995">
				 <ele>805</ele>
			 </trkpt>
			 <trkpt lat="28.225608" lon="83.945153">
				 <ele>806</ele>
			 </trkpt>
			 <trkpt lat="28.2256" lon="83.945236">
				 <ele>807.1</ele>
			 </trkpt>
			 <trkpt lat="28.225571" lon="83.945575">
				 <ele>808.3</ele>
			 </trkpt>
			 <trkpt lat="28.22553" lon="83.945727">
				 <ele>809.4</ele>
			 </trkpt>
			 <trkpt lat="28.225482" lon="83.945818">
				 <ele>810.4</ele>
			 </trkpt>
			 <trkpt lat="28.225435" lon="83.945882">
				 <ele>811.2</ele>
			 </trkpt>
			 <trkpt lat="28.225382" lon="83.945925">
				 <ele>811.9</ele>
			 </trkpt>
			 <trkpt lat="28.225261" lon="83.945982">
				 <ele>813</ele>
			 </trkpt>
			 <trkpt lat="28.225168" lon="83.945984">
				 <ele>813.5</ele>
			 </trkpt>
			 <trkpt lat="28.225098" lon="83.94597">
				 <ele>813.6</ele>
			 </trkpt>
			 <trkpt lat="28.224876" lon="83.94589">
				 <ele>813.5</ele>
			 </trkpt>
			 <trkpt lat="28.22461" lon="83.94583">
				 <ele>813.2</ele>
			 </trkpt>
			 <trkpt lat="28.22423" lon="83.945824">
				 <ele>812.8</ele>
			 </trkpt>
			 <trkpt lat="28.223937" lon="83.945757">
				 <ele>812.4</ele>
			 </trkpt>
			 <trkpt lat="28.223752" lon="83.945688">
				 <ele>812.1</ele>
			 </trkpt>
			 <trkpt lat="28.223606" lon="83.945645">
				 <ele>811.9</ele>
			 </trkpt>
			 <trkpt lat="28.223554" lon="83.945642">
				 <ele>811.9</ele>
			 </trkpt>
			 <trkpt lat="28.223515" lon="83.945648">
				 <ele>811.8</ele>
			 </trkpt>
			 <trkpt lat="28.223474" lon="83.945672">
				 <ele>811.4</ele>
			 </trkpt>
			 <trkpt lat="28.223438" lon="83.945711">
				 <ele>811.3</ele>
			 </trkpt>
			 <trkpt lat="28.223417" lon="83.945762">
				 <ele>811.7</ele>
			 </trkpt>
			 <trkpt lat="28.223408" lon="83.945821">
				 <ele>812.4</ele>
			 </trkpt>
			 <trkpt lat="28.223415" lon="83.945884">
				 <ele>812.9</ele>
			 </trkpt>
			 <trkpt lat="28.223437" lon="83.945955">
				 <ele>813.4</ele>
			 </trkpt>
			 <trkpt lat="28.223569" lon="83.946309">
				 <ele>813.8</ele>
			 </trkpt>
			 <trkpt lat="28.223717" lon="83.946772">
				 <ele>814.2</ele>
			 </trkpt>
			 <trkpt lat="28.223757" lon="83.946915">
				 <ele>814.1</ele>
			 </trkpt>
			 <trkpt lat="28.223773" lon="83.947028">
				 <ele>813.9</ele>
			 </trkpt>
			 <trkpt lat="28.223777" lon="83.947211">
				 <ele>813.6</ele>
			 </trkpt>
			 <trkpt lat="28.223795" lon="83.947323">
				 <ele>813.4</ele>
			 </trkpt>
			 <trkpt lat="28.223836" lon="83.947453">
				 <ele>813</ele>
			 </trkpt>
			 <trkpt lat="28.224028" lon="83.947874">
				 <ele>812.5</ele>
			 </trkpt>
			 <trkpt lat="28.224049" lon="83.947905">
				 <ele>812.3</ele>
			 </trkpt>
			 <trkpt lat="28.22409" lon="83.94794">
				 <ele>812.2</ele>
			 </trkpt>
			 <trkpt lat="28.22415" lon="83.947964">
				 <ele>812.4</ele>
			 </trkpt>
			 <trkpt lat="28.224188" lon="83.947966">
				 <ele>812.6</ele>
			 </trkpt>
			 <trkpt lat="28.224343" lon="83.947935">
				 <ele>813</ele>
			 </trkpt>
			 <trkpt lat="28.224436" lon="83.94793">
				 <ele>813.9</ele>
			 </trkpt>
			 <trkpt lat="28.224512" lon="83.947938">
				 <ele>814.8</ele>
			 </trkpt>
			 <trkpt lat="28.224776" lon="83.947994">
				 <ele>815.7</ele>
			 </trkpt>
			 <trkpt lat="28.224898" lon="83.948007">
				 <ele>816.5</ele>
			 </trkpt>
			 <trkpt lat="28.225015" lon="83.948038">
				 <ele>817.2</ele>
			 </trkpt>
			 <trkpt lat="28.225093" lon="83.948078">
				 <ele>817.6</ele>
			 </trkpt>
			 <trkpt lat="28.225182" lon="83.948158">
				 <ele>817.9</ele>
			 </trkpt>
			 <trkpt lat="28.225212" lon="83.948209">
				 <ele>818</ele>
			 </trkpt>
			 <trkpt lat="28.225237" lon="83.948269">
				 <ele>817.8</ele>
			 </trkpt>
			 <trkpt lat="28.225253" lon="83.948339">
				 <ele>817.5</ele>
			 </trkpt>
			 <trkpt lat="28.225259" lon="83.948419">
				 <ele>816.6</ele>
			 </trkpt>
			 <trkpt lat="28.225252" lon="83.948504">
				 <ele>815.3</ele>
			 </trkpt>
			 <trkpt lat="28.225238" lon="83.948579">
				 <ele>813.8</ele>
			 </trkpt>
			 <trkpt lat="28.225206" lon="83.948676">
				 <ele>812.5</ele>
			 </trkpt>
			 <trkpt lat="28.22518" lon="83.948722">
				 <ele>811.1</ele>
			 </trkpt>
			 <trkpt lat="28.225086" lon="83.948844">
				 <ele>809.8</ele>
			 </trkpt>
			 <trkpt lat="28.224783" lon="83.949181">
				 <ele>808.5</ele>
			 </trkpt>
			 <trkpt lat="28.224676" lon="83.949319">
				 <ele>807.3</ele>
			 </trkpt>
			 <trkpt lat="28.224447" lon="83.94967">
				 <ele>806.1</ele>
			 </trkpt>
			 <trkpt lat="28.224311" lon="83.949918">
				 <ele>805.1</ele>
			 </trkpt>
			 <trkpt lat="28.224297" lon="83.949994">
				 <ele>804.3</ele>
			 </trkpt>
			 <trkpt lat="28.224289" lon="83.950109">
				 <ele>803.9</ele>
			 </trkpt>
			 <trkpt lat="28.224291" lon="83.950171">
				 <ele>804</ele>
			 </trkpt>
			 <trkpt lat="28.224313" lon="83.950254">
				 <ele>804.3</ele>
			 </trkpt>
			 <trkpt lat="28.224347" lon="83.950333">
				 <ele>804.5</ele>
			 </trkpt>
			 <trkpt lat="28.224454" lon="83.950504">
				 <ele>804.7</ele>
			 </trkpt>
			 <trkpt lat="28.224482" lon="83.95055">
				 <ele>804.9</ele>
			 </trkpt>
			 <trkpt lat="28.224524" lon="83.950655">
				 <ele>805</ele>
			 </trkpt>
			 <trkpt lat="28.22452" lon="83.950845">
				 <ele>805</ele>
			 </trkpt>
			 <trkpt lat="28.224503" lon="83.951011">
				 <ele>805.1</ele>
			 </trkpt>
			 <trkpt lat="28.224481" lon="83.951122">
				 <ele>805.1</ele>
			 </trkpt>
			 <trkpt lat="28.224429" lon="83.951214">
				 <ele>805.3</ele>
			 </trkpt>
			 <trkpt lat="28.224347" lon="83.951332">
				 <ele>805.6</ele>
			 </trkpt>
			 <trkpt lat="28.223951" lon="83.951888">
				 <ele>806.1</ele>
			 </trkpt>
			 <trkpt lat="28.223699" lon="83.952323">
				 <ele>806.7</ele>
			 </trkpt>
			 <trkpt lat="28.223576" lon="83.95251">
				 <ele>807.6</ele>
			 </trkpt>
			 <trkpt lat="28.223332" lon="83.952811">
				 <ele>808.6</ele>
			 </trkpt>
			 <trkpt lat="28.223243" lon="83.952909">
				 <ele>809.9</ele>
			 </trkpt>
			 <trkpt lat="28.223209" lon="83.952926">
				 <ele>811.7</ele>
			 </trkpt>
			 <trkpt lat="28.22312" lon="83.952948">
				 <ele>813.5</ele>
			 </trkpt>
			 <trkpt lat="28.223041" lon="83.952952">
				 <ele>815</ele>
			 </trkpt>
			 <trkpt lat="28.222998" lon="83.952939">
				 <ele>816.3</ele>
			 </trkpt>
			 <trkpt lat="28.222912" lon="83.952934">
				 <ele>817.2</ele>
			 </trkpt>
			 <trkpt lat="28.222724" lon="83.952925">
				 <ele>817.5</ele>
			 </trkpt>
			 <trkpt lat="28.222174" lon="83.952762">
				 <ele>817.6</ele>
			 </trkpt>
			 <trkpt lat="28.222088" lon="83.952721">
				 <ele>817.5</ele>
			 </trkpt>
			 <trkpt lat="28.221993" lon="83.952658">
				 <ele>817.3</ele>
			 </trkpt>
			 <trkpt lat="28.221918" lon="83.952599">
				 <ele>816.9</ele>
			 </trkpt>
			 <trkpt lat="28.221744" lon="83.952419">
				 <ele>816.5</ele>
			 </trkpt>
			 <trkpt lat="28.2217" lon="83.952396">
				 <ele>816.3</ele>
			 </trkpt>
			 <trkpt lat="28.221654" lon="83.952412">
				 <ele>816.4</ele>
			 </trkpt>
			 <trkpt lat="28.221632" lon="83.952436">
				 <ele>816.6</ele>
			 </trkpt>
			 <trkpt lat="28.221614" lon="83.952468">
				 <ele>817.3</ele>
			 </trkpt>
			 <trkpt lat="28.221596" lon="83.952538">
				 <ele>818.1</ele>
			 </trkpt>
			 <trkpt lat="28.221616" lon="83.952884">
				 <ele>819.5</ele>
			 </trkpt>
			 <trkpt lat="28.221613" lon="83.952946">
				 <ele>820.8</ele>
			 </trkpt>
			 <trkpt lat="28.221603" lon="83.952997">
				 <ele>822</ele>
			 </trkpt>
			 <trkpt lat="28.221582" lon="83.953049">
				 <ele>823</ele>
			 </trkpt>
			 <trkpt lat="28.221495" lon="83.95318">
				 <ele>823.9</ele>
			 </trkpt>
			 <trkpt lat="28.221413" lon="83.953284">
				 <ele>824.6</ele>
			 </trkpt>
			 <trkpt lat="28.22135" lon="83.953347">
				 <ele>824.4</ele>
			 </trkpt>
			 <trkpt lat="28.221216" lon="83.953424">
				 <ele>823.9</ele>
			 </trkpt>
			 <trkpt lat="28.22111" lon="83.953466">
				 <ele>823.3</ele>
			 </trkpt>
			 <trkpt lat="28.221024" lon="83.95351">
				 <ele>822.5</ele>
			 </trkpt>
			 <trkpt lat="28.220962" lon="83.953559">
				 <ele>821.6</ele>
			 </trkpt>
			 <trkpt lat="28.220829" lon="83.953738">
				 <ele>820.5</ele>
			 </trkpt>
			 <trkpt lat="28.220787" lon="83.953812">
				 <ele>819.5</ele>
			 </trkpt>
			 <trkpt lat="28.22077" lon="83.953865">
				 <ele>818.6</ele>
			 </trkpt>
			 <trkpt lat="28.220765" lon="83.953912">
				 <ele>818.1</ele>
			 </trkpt>
			 <trkpt lat="28.220762" lon="83.953959">
				 <ele>817.5</ele>
			 </trkpt>
			 <trkpt lat="28.220772" lon="83.954016">
				 <ele>817.1</ele>
			 </trkpt>
			 <trkpt lat="28.220788" lon="83.95405">
				 <ele>816.9</ele>
			 </trkpt>
			 <trkpt lat="28.220848" lon="83.954131">
				 <ele>816.8</ele>
			 </trkpt>
			 <trkpt lat="28.220966" lon="83.954265">
				 <ele>816.8</ele>
			 </trkpt>
			 <trkpt lat="28.221296" lon="83.954603">
				 <ele>816.8</ele>
			 </trkpt>
			 <trkpt lat="28.221332" lon="83.954624">
				 <ele>816.8</ele>
			 </trkpt>
			 <trkpt lat="28.221624" lon="83.954691">
				 <ele>816.9</ele>
			 </trkpt>
			 <trkpt lat="28.221686" lon="83.954717">
				 <ele>817.3</ele>
			 </trkpt>
			 <trkpt lat="28.221737" lon="83.954756">
				 <ele>817.6</ele>
			 </trkpt>
			 <trkpt lat="28.221782" lon="83.95481">
				 <ele>817.9</ele>
			 </trkpt>
			 <trkpt lat="28.22185" lon="83.954936">
				 <ele>818.2</ele>
			 </trkpt>
			 <trkpt lat="28.221922" lon="83.955106">
				 <ele>818.4</ele>
			 </trkpt>
			 <trkpt lat="28.221997" lon="83.955262">
				 <ele>818.5</ele>
			 </trkpt>
			 <trkpt lat="28.222027" lon="83.955364">
				 <ele>818.5</ele>
			 </trkpt>
			 <trkpt lat="28.22202" lon="83.955467">
				 <ele>818.2</ele>
			 </trkpt>
			 <trkpt lat="28.222007" lon="83.955522">
				 <ele>817.3</ele>
			 </trkpt>
			 <trkpt lat="28.221992" lon="83.955563">
				 <ele>816.3</ele>
			 </trkpt>
			 <trkpt lat="28.221969" lon="83.955599">
				 <ele>815.3</ele>
			 </trkpt>
			 <trkpt lat="28.221938" lon="83.955624">
				 <ele>814</ele>
			 </trkpt>
			 <trkpt lat="28.221872" lon="83.955655">
				 <ele>812.5</ele>
			 </trkpt>
			 <trkpt lat="28.221715" lon="83.955745">
				 <ele>811.1</ele>
			 </trkpt>
			 <trkpt lat="28.221549" lon="83.955873">
				 <ele>809.6</ele>
			 </trkpt>
			 <trkpt lat="28.221405" lon="83.955973">
				 <ele>808.2</ele>
			 </trkpt>
			 <trkpt lat="28.22129" lon="83.956086">
				 <ele>806.8</ele>
			 </trkpt>
			 <trkpt lat="28.221187" lon="83.956198">
				 <ele>805.5</ele>
			 </trkpt>
			 <trkpt lat="28.221142" lon="83.956277">
				 <ele>804.5</ele>
			 </trkpt>
			 <trkpt lat="28.221064" lon="83.956429">
				 <ele>804.2</ele>
			 </trkpt>
			 <trkpt lat="28.221034" lon="83.95655">
				 <ele>804</ele>
			 </trkpt>
			 <trkpt lat="28.221019" lon="83.956695">
				 <ele>803.7</ele>
			 </trkpt>
			 <trkpt lat="28.221014" lon="83.95681">
				 <ele>803.5</ele>
			 </trkpt>
			 <trkpt lat="28.221018" lon="83.956968">
				 <ele>803.3</ele>
			 </trkpt>
			 <trkpt lat="28.221012" lon="83.957026">
				 <ele>803.1</ele>
			 </trkpt>
			 <trkpt lat="28.220989" lon="83.957137">
				 <ele>803.1</ele>
			 </trkpt>
			 <trkpt lat="28.220921" lon="83.957303">
				 <ele>803.2</ele>
			 </trkpt>
			 <trkpt lat="28.220859" lon="83.957411">
				 <ele>803.3</ele>
			 </trkpt>
			 <trkpt lat="28.220828" lon="83.957454">
				 <ele>803.4</ele>
			 </trkpt>
			 <trkpt lat="28.220754" lon="83.957532">
				 <ele>803.5</ele>
			 </trkpt>
			 <trkpt lat="28.220696" lon="83.957563">
				 <ele>803.5</ele>
			 </trkpt>
			 <trkpt lat="28.220603" lon="83.957594">
				 <ele>803.6</ele>
			 </trkpt>
			 <trkpt lat="28.220403" lon="83.957622">
				 <ele>803.7</ele>
			 </trkpt>
			 <trkpt lat="28.22021" lon="83.957663">
				 <ele>803.9</ele>
			 </trkpt>
			 <trkpt lat="28.220121" lon="83.957691">
				 <ele>804.2</ele>
			 </trkpt>
			 <trkpt lat="28.220087" lon="83.957714">
				 <ele>804.5</ele>
			 </trkpt>
			 <trkpt lat="28.220066" lon="83.957734">
				 <ele>804.6</ele>
			 </trkpt>
			 <trkpt lat="28.220004" lon="83.957785">
				 <ele>804.8</ele>
			 </trkpt>
			 <trkpt lat="28.219868" lon="83.957941">
				 <ele>805</ele>
			 </trkpt>
			 <trkpt lat="28.219685" lon="83.958166">
				 <ele>805.2</ele>
			 </trkpt>
			 <trkpt lat="28.219645" lon="83.958197">
				 <ele>805.5</ele>
			 </trkpt>
			 <trkpt lat="28.219583" lon="83.958232">
				 <ele>805.8</ele>
			 </trkpt>
			 <trkpt lat="28.219518" lon="83.958254">
				 <ele>806.4</ele>
			 </trkpt>
			 <trkpt lat="28.219389" lon="83.958275">
				 <ele>807</ele>
			 </trkpt>
			 <trkpt lat="28.219181" lon="83.95832">
				 <ele>807.5</ele>
			 </trkpt>
			 <trkpt lat="28.219009" lon="83.958392">
				 <ele>808.1</ele>
			 </trkpt>
			 <trkpt lat="28.218915" lon="83.958459">
				 <ele>808.5</ele>
			 </trkpt>
			 <trkpt lat="28.218849" lon="83.958535">
				 <ele>809</ele>
			 </trkpt>
			 <trkpt lat="28.218788" lon="83.958596">
				 <ele>809.3</ele>
			 </trkpt>
			 <trkpt lat="28.218736" lon="83.958649">
				 <ele>809.5</ele>
			 </trkpt>
			 <trkpt lat="28.218691" lon="83.958684">
				 <ele>809.8</ele>
			 </trkpt>
			 <trkpt lat="28.218633" lon="83.958714">
				 <ele>810</ele>
			 </trkpt>
			 <trkpt lat="28.21855" lon="83.958746">
				 <ele>810</ele>
			 </trkpt>
			 <trkpt lat="28.21819" lon="83.958836">
				 <ele>809.8</ele>
			 </trkpt>
			 <trkpt lat="28.218018" lon="83.958886">
				 <ele>809.5</ele>
			 </trkpt>
			 <trkpt lat="28.217988" lon="83.958891">
				 <ele>809.1</ele>
			 </trkpt>
			 <trkpt lat="28.217644" lon="83.958969">
				 <ele>808.6</ele>
			 </trkpt>
			 <trkpt lat="28.217389" lon="83.958913">
				 <ele>808.5</ele>
			 </trkpt>
			 <trkpt lat="28.217286" lon="83.95889">
				 <ele>808.3</ele>
			 </trkpt>
			 <trkpt lat="28.217019" lon="83.958779">
				 <ele>808.3</ele>
			 </trkpt>
			 <trkpt lat="28.216844" lon="83.958712">
				 <ele>808.3</ele>
			 </trkpt>
			 <trkpt lat="28.216779" lon="83.958697">
				 <ele>808.2</ele>
			 </trkpt>
			 <trkpt lat="28.21596" lon="83.958607">
				 <ele>808.1</ele>
			 </trkpt>
			 <trkpt lat="28.215695" lon="83.958541">
				 <ele>807.9</ele>
			 </trkpt>
			 <trkpt lat="28.215459" lon="83.958434">
				 <ele>807.4</ele>
			 </trkpt>
			 <trkpt lat="28.215236" lon="83.958348">
				 <ele>807.4</ele>
			 </trkpt>
			 <trkpt lat="28.21472" lon="83.958109">
				 <ele>807.4</ele>
			 </trkpt>
			 <trkpt lat="28.214017" lon="83.957749">
				 <ele>807.5</ele>
			 </trkpt>
			 <trkpt lat="28.2142" lon="83.95715">
				 <ele>807.3</ele>
			 </trkpt>
			 <trkpt lat="28.214331" lon="83.956795">
				 <ele>807</ele>
			 </trkpt>
		 </trkseg>
	 </trk>
</gpx>