<?xml version="1.0" encoding="UTF-8"?>
 <gpx creator="Garmin Connect" version="1.1"
	 xsi:schemaLocation="http://www.topografix.com/GPX/1/1 http://www.topografix.com/GPX/11.xsd"
	 xmlns:ns3="http://www.garmin.com/xmlschemas/TrackPointExtension/v1"
	 xmlns="http://www.topografix.com/GPX/1/1"
	 xmlns:xsi="http://www.w3.org/2001/XMLSchema-instance" xmlns:ns2="http://www.garmin.com/xmlschemas/GpxExtensions/v3">
	 <metadata>
		<name>Portofino Marathon 2025 - 42.195 km</name>
		 <link href="https://www.goandrace.com">
		 <text>Garmin Connect</text>
		 </link>
	 <time>2026-08-10T03:18:58</time>
	 </metadata>
	 <trk>
		 <name>Portofino Marathon 2025 - 42.195 km</name>
		 <trkseg>
			 <trkpt lat="44.334095" lon="9.213395">
				 <ele>4.2</ele>
			 </trkpt>
			 <trkpt lat="44.3341" lon="9.21338">
				 <ele>4.4</ele>
			 </trkpt>
			 <trkpt lat="44.33373" lon="9.21332">
				 <ele>4.9</ele>
			 </trkpt>
			 <trkpt lat="44.33368" lon="9.21328">
				 <ele>5.4</ele>
			 </trkpt>
			 <trkpt lat="44.3335" lon="9.21308">
				 <ele>5.9</ele>
			 </trkpt>
			 <trkpt lat="44.33339" lon="9.21303">
				 <ele>6</ele>
			 </trkpt>
			 <trkpt lat="44.33333" lon="9.21302">
				 <ele>6</ele>
			 </trkpt>
			 <trkpt lat="44.33325" lon="9.21304">
				 <ele>5.9</ele>
			 </trkpt>
			 <trkpt lat="44.33317" lon="9.21312">
				 <ele>6</ele>
			 </trkpt>
			 <trkpt lat="44.33303" lon="9.21348">
				 <ele>6.1</ele>
			 </trkpt>
			 <trkpt lat="44.3329" lon="9.21387">
				 <ele>6.1</ele>
			 </trkpt>
			 <trkpt lat="44.3328" lon="9.21399">
				 <ele>6</ele>
			 </trkpt>
			 <trkpt lat="44.3325" lon="9.21411">
				 <ele>5.8</ele>
			 </trkpt>
			 <trkpt lat="44.33237" lon="9.21413">
				 <ele>5.5</ele>
			 </trkpt>
			 <trkpt lat="44.33227" lon="9.21411">
				 <ele>4.9</ele>
			 </trkpt>
			 <trkpt lat="44.33215" lon="9.21405">
				 <ele>4.5</ele>
			 </trkpt>
			 <trkpt lat="44.33202" lon="9.21393">
				 <ele>4.4</ele>
			 </trkpt>
			 <trkpt lat="44.33163" lon="9.21341">
				 <ele>4.5</ele>
			 </trkpt>
			 <trkpt lat="44.33116" lon="9.21276">
				 <ele>4.8</ele>
			 </trkpt>
			 <trkpt lat="44.33096" lon="9.21255">
				 <ele>5.1</ele>
			 </trkpt>
			 <trkpt lat="44.33084" lon="9.2125">
				 <ele>5.4</ele>
			 </trkpt>
			 <trkpt lat="44.33076" lon="9.21248">
				 <ele>5.6</ele>
			 </trkpt>
			 <trkpt lat="44.33053" lon="9.21254">
				 <ele>5.9</ele>
			 </trkpt>
			 <trkpt lat="44.33053" lon="9.21254">
				 <ele>5.9</ele>
			 </trkpt>
			 <trkpt lat="44.33016" lon="9.21269">
				 <ele>6</ele>
			 </trkpt>
			 <trkpt lat="44.32995" lon="9.21283">
				 <ele>6.2</ele>
			 </trkpt>
			 <trkpt lat="44.32977" lon="9.21303">
				 <ele>6.5</ele>
			 </trkpt>
			 <trkpt lat="44.32946" lon="9.21347">
				 <ele>6.5</ele>
			 </trkpt>
			 <trkpt lat="44.32921" lon="9.2139">
				 <ele>6.5</ele>
			 </trkpt>
			 <trkpt lat="44.32911" lon="9.21414">
				 <ele>6.4</ele>
			 </trkpt>
			 <trkpt lat="44.32904" lon="9.21441">
				 <ele>6.3</ele>
			 </trkpt>
			 <trkpt lat="44.32897" lon="9.21463">
				 <ele>6.2</ele>
			 </trkpt>
			 <trkpt lat="44.32888" lon="9.21476">
				 <ele>6.1</ele>
			 </trkpt>
			 <trkpt lat="44.32846" lon="9.21496">
				 <ele>6.1</ele>
			 </trkpt>
			 <trkpt lat="44.32778" lon="9.21529">
				 <ele>6.4</ele>
			 </trkpt>
			 <trkpt lat="44.32759" lon="9.21539">
				 <ele>6.5</ele>
			 </trkpt>
			 <trkpt lat="44.32744" lon="9.21542">
				 <ele>6.7</ele>
			 </trkpt>
			 <trkpt lat="44.32715" lon="9.21539">
				 <ele>6.6</ele>
			 </trkpt>
			 <trkpt lat="44.32646" lon="9.21525">
				 <ele>6.5</ele>
			 </trkpt>
			 <trkpt lat="44.32627" lon="9.21524">
				 <ele>7.2</ele>
			 </trkpt>
			 <trkpt lat="44.3262" lon="9.21525">
				 <ele>7.6</ele>
			 </trkpt>
			 <trkpt lat="44.32575" lon="9.21538">
				 <ele>7.9</ele>
			 </trkpt>
			 <trkpt lat="44.32561" lon="9.21546">
				 <ele>8</ele>
			 </trkpt>
			 <trkpt lat="44.32548" lon="9.21557">
				 <ele>7.9</ele>
			 </trkpt>
			 <trkpt lat="44.3252" lon="9.21607">
				 <ele>7.7</ele>
			 </trkpt>
			 <trkpt lat="44.32507" lon="9.21623">
				 <ele>7.6</ele>
			 </trkpt>
			 <trkpt lat="44.32484" lon="9.21629">
				 <ele>7.7</ele>
			 </trkpt>
			 <trkpt lat="44.32463" lon="9.21635">
				 <ele>7.8</ele>
			 </trkpt>
			 <trkpt lat="44.32427" lon="9.2164">
				 <ele>8.2</ele>
			 </trkpt>
			 <trkpt lat="44.32414" lon="9.21641">
				 <ele>8.4</ele>
			 </trkpt>
			 <trkpt lat="44.32401" lon="9.21638">
				 <ele>8.1</ele>
			 </trkpt>
			 <trkpt lat="44.32357" lon="9.21609">
				 <ele>7.8</ele>
			 </trkpt>
			 <trkpt lat="44.3231" lon="9.21582">
				 <ele>7.7</ele>
			 </trkpt>
			 <trkpt lat="44.32295" lon="9.21576">
				 <ele>8.3</ele>
			 </trkpt>
			 <trkpt lat="44.32272" lon="9.21578">
				 <ele>8.9</ele>
			 </trkpt>
			 <trkpt lat="44.32244" lon="9.21576">
				 <ele>9.9</ele>
			 </trkpt>
			 <trkpt lat="44.32226" lon="9.2157">
				 <ele>10.4</ele>
			 </trkpt>
			 <trkpt lat="44.32205" lon="9.2156">
				 <ele>10.9</ele>
			 </trkpt>
			 <trkpt lat="44.32176" lon="9.21545">
				 <ele>11.4</ele>
			 </trkpt>
			 <trkpt lat="44.32167" lon="9.21538">
				 <ele>11.1</ele>
			 </trkpt>
			 <trkpt lat="44.3215" lon="9.2151">
				 <ele>11.2</ele>
			 </trkpt>
			 <trkpt lat="44.3214" lon="9.21496">
				 <ele>11</ele>
			 </trkpt>
			 <trkpt lat="44.32125" lon="9.2145">
				 <ele>11.1</ele>
			 </trkpt>
			 <trkpt lat="44.32118" lon="9.21438">
				 <ele>11.1</ele>
			 </trkpt>
			 <trkpt lat="44.32083" lon="9.21403">
				 <ele>10.5</ele>
			 </trkpt>
			 <trkpt lat="44.32075" lon="9.21384">
				 <ele>10.3</ele>
			 </trkpt>
			 <trkpt lat="44.32058" lon="9.21339">
				 <ele>9.4</ele>
			 </trkpt>
			 <trkpt lat="44.3205" lon="9.21304">
				 <ele>9</ele>
			 </trkpt>
			 <trkpt lat="44.32045" lon="9.21294">
				 <ele>8.5</ele>
			 </trkpt>
			 <trkpt lat="44.32034" lon="9.21278">
				 <ele>8</ele>
			 </trkpt>
			 <trkpt lat="44.32013" lon="9.21255">
				 <ele>8.3</ele>
			 </trkpt>
			 <trkpt lat="44.31995" lon="9.21241">
				 <ele>8.6</ele>
			 </trkpt>
			 <trkpt lat="44.31967" lon="9.21216">
				 <ele>8.8</ele>
			 </trkpt>
			 <trkpt lat="44.31925" lon="9.212">
				 <ele>9</ele>
			 </trkpt>
			 <trkpt lat="44.31902" lon="9.21193">
				 <ele>9.1</ele>
			 </trkpt>
			 <trkpt lat="44.31862" lon="9.21184">
				 <ele>9.5</ele>
			 </trkpt>
			 <trkpt lat="44.3185" lon="9.21176">
				 <ele>9.9</ele>
			 </trkpt>
			 <trkpt lat="44.31831" lon="9.21165">
				 <ele>10.8</ele>
			 </trkpt>
			 <trkpt lat="44.31812" lon="9.21161">
				 <ele>12.4</ele>
			 </trkpt>
			 <trkpt lat="44.31755" lon="9.21167">
				 <ele>13.9</ele>
			 </trkpt>
			 <trkpt lat="44.31731" lon="9.21167">
				 <ele>15.3</ele>
			 </trkpt>
			 <trkpt lat="44.31641" lon="9.21154">
				 <ele>15.9</ele>
			 </trkpt>
			 <trkpt lat="44.31607" lon="9.2115">
				 <ele>16.3</ele>
			 </trkpt>
			 <trkpt lat="44.31586" lon="9.21153">
				 <ele>17.4</ele>
			 </trkpt>
			 <trkpt lat="44.31557" lon="9.21159">
				 <ele>18.3</ele>
			 </trkpt>
			 <trkpt lat="44.31532" lon="9.21168">
				 <ele>18.6</ele>
			 </trkpt>
			 <trkpt lat="44.31507" lon="9.21178">
				 <ele>19.5</ele>
			 </trkpt>
			 <trkpt lat="44.31493" lon="9.21187">
				 <ele>20.8</ele>
			 </trkpt>
			 <trkpt lat="44.31482" lon="9.21196">
				 <ele>21.8</ele>
			 </trkpt>
			 <trkpt lat="44.31466" lon="9.21214">
				 <ele>22.1</ele>
			 </trkpt>
			 <trkpt lat="44.31441" lon="9.21257">
				 <ele>21.4</ele>
			 </trkpt>
			 <trkpt lat="44.31429" lon="9.21275">
				 <ele>20.3</ele>
			 </trkpt>
			 <trkpt lat="44.31388" lon="9.21329">
				 <ele>19.5</ele>
			 </trkpt>
			 <trkpt lat="44.31373" lon="9.21343">
				 <ele>19.1</ele>
			 </trkpt>
			 <trkpt lat="44.31373" lon="9.21343">
				 <ele>18.2</ele>
			 </trkpt>
			 <trkpt lat="44.3133" lon="9.2138">
				 <ele>17.3</ele>
			 </trkpt>
			 <trkpt lat="44.31313" lon="9.21392">
				 <ele>16.5</ele>
			 </trkpt>
			 <trkpt lat="44.31301" lon="9.21394">
				 <ele>15.1</ele>
			 </trkpt>
			 <trkpt lat="44.31291" lon="9.21389">
				 <ele>13.2</ele>
			 </trkpt>
			 <trkpt lat="44.31269" lon="9.21359">
				 <ele>12.1</ele>
			 </trkpt>
			 <trkpt lat="44.31251" lon="9.21348">
				 <ele>10.5</ele>
			 </trkpt>
			 <trkpt lat="44.31233" lon="9.21345">
				 <ele>9.6</ele>
			 </trkpt>
			 <trkpt lat="44.31225" lon="9.21343">
				 <ele>9.5</ele>
			 </trkpt>
			 <trkpt lat="44.31219" lon="9.21339">
				 <ele>9.6</ele>
			 </trkpt>
			 <trkpt lat="44.31209" lon="9.21316">
				 <ele>9.1</ele>
			 </trkpt>
			 <trkpt lat="44.31193" lon="9.21281">
				 <ele>8.7</ele>
			 </trkpt>
			 <trkpt lat="44.31189" lon="9.21275">
				 <ele>8.4</ele>
			 </trkpt>
			 <trkpt lat="44.31183" lon="9.2127">
				 <ele>8.9</ele>
			 </trkpt>
			 <trkpt lat="44.31154" lon="9.21261">
				 <ele>9.6</ele>
			 </trkpt>
			 <trkpt lat="44.3111" lon="9.21249">
				 <ele>10.1</ele>
			 </trkpt>
			 <trkpt lat="44.31099" lon="9.21244">
				 <ele>9.8</ele>
			 </trkpt>
			 <trkpt lat="44.3109" lon="9.2124">
				 <ele>10.2</ele>
			 </trkpt>
			 <trkpt lat="44.31084" lon="9.21232">
				 <ele>10.2</ele>
			 </trkpt>
			 <trkpt lat="44.31078" lon="9.21214">
				 <ele>10</ele>
			 </trkpt>
			 <trkpt lat="44.31078" lon="9.21181">
				 <ele>9.9</ele>
			 </trkpt>
			 <trkpt lat="44.31082" lon="9.21141">
				 <ele>10.4</ele>
			 </trkpt>
			 <trkpt lat="44.31088" lon="9.21122">
				 <ele>10.4</ele>
			 </trkpt>
			 <trkpt lat="44.31114" lon="9.21069">
				 <ele>10.5</ele>
			 </trkpt>
			 <trkpt lat="44.31125" lon="9.21048">
				 <ele>10.2</ele>
			 </trkpt>
			 <trkpt lat="44.31144" lon="9.20998">
				 <ele>9.5</ele>
			 </trkpt>
			 <trkpt lat="44.31151" lon="9.20965">
				 <ele>8.8</ele>
			 </trkpt>
			 <trkpt lat="44.31152" lon="9.20953">
				 <ele>8.3</ele>
			 </trkpt>
			 <trkpt lat="44.31148" lon="9.20922">
				 <ele>7.9</ele>
			 </trkpt>
			 <trkpt lat="44.31141" lon="9.20906">
				 <ele>8.4</ele>
			 </trkpt>
			 <trkpt lat="44.31129" lon="9.20888">
				 <ele>9.1</ele>
			 </trkpt>
			 <trkpt lat="44.31115" lon="9.20871">
				 <ele>9.8</ele>
			 </trkpt>
			 <trkpt lat="44.31109" lon="9.20867">
				 <ele>10.5</ele>
			 </trkpt>
			 <trkpt lat="44.31103" lon="9.20865">
				 <ele>10.6</ele>
			 </trkpt>
			 <trkpt lat="44.31094" lon="9.20865">
				 <ele>10.5</ele>
			 </trkpt>
			 <trkpt lat="44.31082" lon="9.20867">
				 <ele>12</ele>
			 </trkpt>
			 <trkpt lat="44.31072" lon="9.20872">
				 <ele>14</ele>
			 </trkpt>
			 <trkpt lat="44.31061" lon="9.2088">
				 <ele>16.2</ele>
			 </trkpt>
			 <trkpt lat="44.31041" lon="9.20903">
				 <ele>18.1</ele>
			 </trkpt>
			 <trkpt lat="44.31033" lon="9.20909">
				 <ele>19.1</ele>
			 </trkpt>
			 <trkpt lat="44.30997" lon="9.20927">
				 <ele>19.4</ele>
			 </trkpt>
			 <trkpt lat="44.30986" lon="9.20934">
				 <ele>19.2</ele>
			 </trkpt>
			 <trkpt lat="44.30963" lon="9.20958">
				 <ele>17.9</ele>
			 </trkpt>
			 <trkpt lat="44.30947" lon="9.20981">
				 <ele>16.7</ele>
			 </trkpt>
			 <trkpt lat="44.30937" lon="9.20995">
				 <ele>17.5</ele>
			 </trkpt>
			 <trkpt lat="44.30931" lon="9.20999">
				 <ele>19.6</ele>
			 </trkpt>
			 <trkpt lat="44.30922" lon="9.21001">
				 <ele>20.7</ele>
			 </trkpt>
			 <trkpt lat="44.30903" lon="9.20998">
				 <ele>21.9</ele>
			 </trkpt>
			 <trkpt lat="44.30896" lon="9.20994">
				 <ele>22.9</ele>
			 </trkpt>
			 <trkpt lat="44.30885" lon="9.20985">
				 <ele>24.3</ele>
			 </trkpt>
			 <trkpt lat="44.30869" lon="9.20965">
				 <ele>26.9</ele>
			 </trkpt>
			 <trkpt lat="44.30852" lon="9.20957">
				 <ele>29.8</ele>
			 </trkpt>
			 <trkpt lat="44.30846" lon="9.20956">
				 <ele>32.9</ele>
			 </trkpt>
			 <trkpt lat="44.3084" lon="9.2096">
				 <ele>35.7</ele>
			 </trkpt>
			 <trkpt lat="44.30836" lon="9.20967">
				 <ele>38.1</ele>
			 </trkpt>
			 <trkpt lat="44.30818" lon="9.21008">
				 <ele>39.2</ele>
			 </trkpt>
			 <trkpt lat="44.30808" lon="9.21039">
				 <ele>39.8</ele>
			 </trkpt>
			 <trkpt lat="44.30807" lon="9.21058">
				 <ele>39.3</ele>
			 </trkpt>
			 <trkpt lat="44.30812" lon="9.21145">
				 <ele>38.7</ele>
			 </trkpt>
			 <trkpt lat="44.30809" lon="9.21159">
				 <ele>38.4</ele>
			 </trkpt>
			 <trkpt lat="44.30803" lon="9.21176">
				 <ele>37.7</ele>
			 </trkpt>
			 <trkpt lat="44.30763" lon="9.2124">
				 <ele>36.5</ele>
			 </trkpt>
			 <trkpt lat="44.30749" lon="9.21256">
				 <ele>35.2</ele>
			 </trkpt>
			 <trkpt lat="44.30733" lon="9.21267">
				 <ele>34.1</ele>
			 </trkpt>
			 <trkpt lat="44.30726" lon="9.21273">
				 <ele>34.6</ele>
			 </trkpt>
			 <trkpt lat="44.30722" lon="9.21281">
				 <ele>35.6</ele>
			 </trkpt>
			 <trkpt lat="44.30716" lon="9.21289">
				 <ele>35.9</ele>
			 </trkpt>
			 <trkpt lat="44.30708" lon="9.21295">
				 <ele>35.4</ele>
			 </trkpt>
			 <trkpt lat="44.30692" lon="9.213">
				 <ele>35</ele>
			 </trkpt>
			 <trkpt lat="44.30683" lon="9.21303">
				 <ele>33</ele>
			 </trkpt>
			 <trkpt lat="44.30675" lon="9.21313">
				 <ele>30.9</ele>
			 </trkpt>
			 <trkpt lat="44.30665" lon="9.21353">
				 <ele>29</ele>
			 </trkpt>
			 <trkpt lat="44.30658" lon="9.21367">
				 <ele>27.4</ele>
			 </trkpt>
			 <trkpt lat="44.30638" lon="9.21385">
				 <ele>25.9</ele>
			 </trkpt>
			 <trkpt lat="44.30618" lon="9.21393">
				 <ele>24.2</ele>
			 </trkpt>
			 <trkpt lat="44.30606" lon="9.21388">
				 <ele>21.8</ele>
			 </trkpt>
			 <trkpt lat="44.30596" lon="9.21372">
				 <ele>19.1</ele>
			 </trkpt>
			 <trkpt lat="44.3059" lon="9.21341">
				 <ele>17.7</ele>
			 </trkpt>
			 <trkpt lat="44.30584" lon="9.21326">
				 <ele>16.7</ele>
			 </trkpt>
			 <trkpt lat="44.30577" lon="9.2132">
				 <ele>16.5</ele>
			 </trkpt>
			 <trkpt lat="44.30561" lon="9.21304">
				 <ele>17.1</ele>
			 </trkpt>
			 <trkpt lat="44.30551" lon="9.21283">
				 <ele>17.8</ele>
			 </trkpt>
			 <trkpt lat="44.30548" lon="9.2126">
				 <ele>18.5</ele>
			 </trkpt>
			 <trkpt lat="44.30548" lon="9.2125">
				 <ele>19.3</ele>
			 </trkpt>
			 <trkpt lat="44.30552" lon="9.21217">
				 <ele>20</ele>
			 </trkpt>
			 <trkpt lat="44.30559" lon="9.21179">
				 <ele>21.2</ele>
			 </trkpt>
			 <trkpt lat="44.30558" lon="9.21148">
				 <ele>22.6</ele>
			 </trkpt>
			 <trkpt lat="44.30551" lon="9.21112">
				 <ele>24.2</ele>
			 </trkpt>
			 <trkpt lat="44.30544" lon="9.21102">
				 <ele>25.1</ele>
			 </trkpt>
			 <trkpt lat="44.30536" lon="9.21098">
				 <ele>25.5</ele>
			 </trkpt>
			 <trkpt lat="44.30527" lon="9.21096">
				 <ele>25.4</ele>
			 </trkpt>
			 <trkpt lat="44.3052" lon="9.211">
				 <ele>25.6</ele>
			 </trkpt>
			 <trkpt lat="44.30509" lon="9.21111">
				 <ele>25</ele>
			 </trkpt>
			 <trkpt lat="44.30498" lon="9.21127">
				 <ele>24.1</ele>
			 </trkpt>
			 <trkpt lat="44.30481" lon="9.21143">
				 <ele>22.9</ele>
			 </trkpt>
			 <trkpt lat="44.30474" lon="9.21147">
				 <ele>21.8</ele>
			 </trkpt>
			 <trkpt lat="44.30451" lon="9.21158">
				 <ele>20.7</ele>
			 </trkpt>
			 <trkpt lat="44.30413" lon="9.2118">
				 <ele>19.5</ele>
			 </trkpt>
			 <trkpt lat="44.30407" lon="9.21182">
				 <ele>18.5</ele>
			 </trkpt>
			 <trkpt lat="44.30394" lon="9.21183">
				 <ele>17.5</ele>
			 </trkpt>
			 <trkpt lat="44.30384" lon="9.2118">
				 <ele>17</ele>
			 </trkpt>
			 <trkpt lat="44.30374" lon="9.21167">
				 <ele>16.8</ele>
			 </trkpt>
			 <trkpt lat="44.30374" lon="9.21167">
				 <ele>16.4</ele>
			 </trkpt>
			 <trkpt lat="44.3036" lon="9.2114">
				 <ele>16.6</ele>
			 </trkpt>
			 <trkpt lat="44.30344" lon="9.21099">
				 <ele>17.4</ele>
			 </trkpt>
			 <trkpt lat="44.30341" lon="9.2108">
				 <ele>18.5</ele>
			 </trkpt>
			 <trkpt lat="44.30343" lon="9.21058">
				 <ele>19.3</ele>
			 </trkpt>
			 <trkpt lat="44.30364" lon="9.20991">
				 <ele>19.6</ele>
			 </trkpt>
			 <trkpt lat="44.30374" lon="9.20973">
				 <ele>19.5</ele>
			 </trkpt>
			 <trkpt lat="44.30388" lon="9.20953">
				 <ele>19.2</ele>
			 </trkpt>
			 <trkpt lat="44.30395" lon="9.20936">
				 <ele>18.9</ele>
			 </trkpt>
			 <trkpt lat="44.30402" lon="9.20914">
				 <ele>18.4</ele>
			 </trkpt>
			 <trkpt lat="44.30405" lon="9.20893">
				 <ele>17.8</ele>
			 </trkpt>
			 <trkpt lat="44.30401" lon="9.2085">
				 <ele>17.5</ele>
			 </trkpt>
			 <trkpt lat="44.30408" lon="9.20794">
				 <ele>17.3</ele>
			 </trkpt>
			 <trkpt lat="44.30413" lon="9.20778">
				 <ele>16.9</ele>
			 </trkpt>
			 <trkpt lat="44.3041" lon="9.20768">
				 <ele>16.3</ele>
			 </trkpt>
			 <trkpt lat="44.30407" lon="9.20766">
				 <ele>15.5</ele>
			 </trkpt>
			 <trkpt lat="44.30407" lon="9.20766">
				 <ele>14.8</ele>
			 </trkpt>
			 <trkpt lat="44.30401" lon="9.20768">
				 <ele>14.7</ele>
			 </trkpt>
			 <trkpt lat="44.30395" lon="9.20774">
				 <ele>14.6</ele>
			 </trkpt>
			 <trkpt lat="44.30389" lon="9.20781">
				 <ele>13.8</ele>
			 </trkpt>
			 <trkpt lat="44.3038" lon="9.20799">
				 <ele>13.1</ele>
			 </trkpt>
			 <trkpt lat="44.30367" lon="9.20819">
				 <ele>13.4</ele>
			 </trkpt>
			 <trkpt lat="44.30353" lon="9.20849">
				 <ele>13.5</ele>
			 </trkpt>
			 <trkpt lat="44.30322" lon="9.2091">
				 <ele>13.6</ele>
			 </trkpt>
			 <trkpt lat="44.30302" lon="9.20954">
				 <ele>13.6</ele>
			 </trkpt>
			 <trkpt lat="44.30302" lon="9.20954">
				 <ele>13.5</ele>
			 </trkpt>
			 <trkpt lat="44.30343" lon="9.2087">
				 <ele>13.4</ele>
			 </trkpt>
			 <trkpt lat="44.30367" lon="9.20819">
				 <ele>13.3</ele>
			 </trkpt>
			 <trkpt lat="44.30384" lon="9.2079">
				 <ele>13</ele>
			 </trkpt>
			 <trkpt lat="44.30393" lon="9.20776">
				 <ele>13</ele>
			 </trkpt>
			 <trkpt lat="44.30399" lon="9.2077">
				 <ele>13.8</ele>
			 </trkpt>
			 <trkpt lat="44.30403" lon="9.20767">
				 <ele>14.6</ele>
			 </trkpt>
			 <trkpt lat="44.30407" lon="9.20766">
				 <ele>14.4</ele>
			 </trkpt>
			 <trkpt lat="44.30411" lon="9.20769">
				 <ele>14.5</ele>
			 </trkpt>
			 <trkpt lat="44.30413" lon="9.20775">
				 <ele>14.9</ele>
			 </trkpt>
			 <trkpt lat="44.30413" lon="9.20778">
				 <ele>15.5</ele>
			 </trkpt>
			 <trkpt lat="44.30413" lon="9.20778">
				 <ele>16.4</ele>
			 </trkpt>
			 <trkpt lat="44.30408" lon="9.20794">
				 <ele>17.4</ele>
			 </trkpt>
			 <trkpt lat="44.30401" lon="9.2085">
				 <ele>17.9</ele>
			 </trkpt>
			 <trkpt lat="44.30404" lon="9.20883">
				 <ele>18.3</ele>
			 </trkpt>
			 <trkpt lat="44.30405" lon="9.20893">
				 <ele>18.9</ele>
			 </trkpt>
			 <trkpt lat="44.30404" lon="9.20908">
				 <ele>19.4</ele>
			 </trkpt>
			 <trkpt lat="44.30397" lon="9.20931">
				 <ele>19.8</ele>
			 </trkpt>
			 <trkpt lat="44.30388" lon="9.20953">
				 <ele>20.2</ele>
			 </trkpt>
			 <trkpt lat="44.30367" lon="9.20983">
				 <ele>20.3</ele>
			 </trkpt>
			 <trkpt lat="44.30349" lon="9.21037">
				 <ele>20.1</ele>
			 </trkpt>
			 <trkpt lat="44.30342" lon="9.21062">
				 <ele>19.5</ele>
			 </trkpt>
			 <trkpt lat="44.30341" lon="9.21085">
				 <ele>18.4</ele>
			 </trkpt>
			 <trkpt lat="44.30346" lon="9.21103">
				 <ele>17.2</ele>
			 </trkpt>
			 <trkpt lat="44.30366" lon="9.21151">
				 <ele>16.5</ele>
			 </trkpt>
			 <trkpt lat="44.30377" lon="9.21171">
				 <ele>16.9</ele>
			 </trkpt>
			 <trkpt lat="44.30384" lon="9.2118">
				 <ele>17.1</ele>
			 </trkpt>
			 <trkpt lat="44.30389" lon="9.21183">
				 <ele>17.5</ele>
			 </trkpt>
			 <trkpt lat="44.30394" lon="9.21183">
				 <ele>18.3</ele>
			 </trkpt>
			 <trkpt lat="44.30407" lon="9.21182">
				 <ele>19.3</ele>
			 </trkpt>
			 <trkpt lat="44.30445" lon="9.21161">
				 <ele>20.5</ele>
			 </trkpt>
			 <trkpt lat="44.30445" lon="9.21161">
				 <ele>21.6</ele>
			 </trkpt>
			 <trkpt lat="44.30481" lon="9.21143">
				 <ele>23</ele>
			 </trkpt>
			 <trkpt lat="44.30489" lon="9.21137">
				 <ele>24.3</ele>
			 </trkpt>
			 <trkpt lat="44.30503" lon="9.21118">
				 <ele>25.4</ele>
			 </trkpt>
			 <trkpt lat="44.30513" lon="9.21107">
				 <ele>26.3</ele>
			 </trkpt>
			 <trkpt lat="44.30521" lon="9.21099">
				 <ele>26.3</ele>
			 </trkpt>
			 <trkpt lat="44.30529" lon="9.21096">
				 <ele>26</ele>
			 </trkpt>
			 <trkpt lat="44.30537" lon="9.21098">
				 <ele>25.8</ele>
			 </trkpt>
			 <trkpt lat="44.30546" lon="9.21104">
				 <ele>24.6</ele>
			 </trkpt>
			 <trkpt lat="44.30553" lon="9.21116">
				 <ele>23.1</ele>
			 </trkpt>
			 <trkpt lat="44.30559" lon="9.21154">
				 <ele>21.7</ele>
			 </trkpt>
			 <trkpt lat="44.30558" lon="9.21186">
				 <ele>20.6</ele>
			 </trkpt>
			 <trkpt lat="44.30548" lon="9.21234">
				 <ele>19.4</ele>
			 </trkpt>
			 <trkpt lat="44.30549" lon="9.21274">
				 <ele>18.2</ele>
			 </trkpt>
			 <trkpt lat="44.30552" lon="9.21286">
				 <ele>17.3</ele>
			 </trkpt>
			 <trkpt lat="44.30566" lon="9.21311">
				 <ele>16.5</ele>
			 </trkpt>
			 <trkpt lat="44.30586" lon="9.21328">
				 <ele>15.5</ele>
			 </trkpt>
			 <trkpt lat="44.30592" lon="9.21351">
				 <ele>16.3</ele>
			 </trkpt>
			 <trkpt lat="44.30598" lon="9.21376">
				 <ele>17</ele>
			 </trkpt>
			 <trkpt lat="44.30598" lon="9.21376">
				 <ele>18.7</ele>
			 </trkpt>
			 <trkpt lat="44.30606" lon="9.21388">
				 <ele>21.5</ele>
			 </trkpt>
			 <trkpt lat="44.30618" lon="9.21393">
				 <ele>23.8</ele>
			 </trkpt>
			 <trkpt lat="44.30638" lon="9.21385">
				 <ele>25.4</ele>
			 </trkpt>
			 <trkpt lat="44.30658" lon="9.21367">
				 <ele>27.1</ele>
			 </trkpt>
			 <trkpt lat="44.30665" lon="9.21353">
				 <ele>29</ele>
			 </trkpt>
			 <trkpt lat="44.30675" lon="9.21313">
				 <ele>30.9</ele>
			 </trkpt>
			 <trkpt lat="44.30683" lon="9.21303">
				 <ele>33</ele>
			 </trkpt>
			 <trkpt lat="44.30692" lon="9.213">
				 <ele>35</ele>
			 </trkpt>
			 <trkpt lat="44.30708" lon="9.21295">
				 <ele>35.4</ele>
			 </trkpt>
			 <trkpt lat="44.30716" lon="9.21289">
				 <ele>35.9</ele>
			 </trkpt>
			 <trkpt lat="44.30722" lon="9.21281">
				 <ele>35.6</ele>
			 </trkpt>
			 <trkpt lat="44.30726" lon="9.21273">
				 <ele>34.6</ele>
			 </trkpt>
			 <trkpt lat="44.30733" lon="9.21267">
				 <ele>34.1</ele>
			 </trkpt>
			 <trkpt lat="44.30749" lon="9.21256">
				 <ele>35.2</ele>
			 </trkpt>
			 <trkpt lat="44.30763" lon="9.2124">
				 <ele>36.5</ele>
			 </trkpt>
			 <trkpt lat="44.30803" lon="9.21176">
				 <ele>37.7</ele>
			 </trkpt>
			 <trkpt lat="44.30809" lon="9.21159">
				 <ele>38.4</ele>
			 </trkpt>
			 <trkpt lat="44.30812" lon="9.21145">
				 <ele>38.7</ele>
			 </trkpt>
			 <trkpt lat="44.30807" lon="9.21058">
				 <ele>39.3</ele>
			 </trkpt>
			 <trkpt lat="44.30808" lon="9.21039">
				 <ele>39.8</ele>
			 </trkpt>
			 <trkpt lat="44.30818" lon="9.21008">
				 <ele>39.2</ele>
			 </trkpt>
			 <trkpt lat="44.30836" lon="9.20967">
				 <ele>38.1</ele>
			 </trkpt>
			 <trkpt lat="44.3084" lon="9.2096">
				 <ele>35.7</ele>
			 </trkpt>
			 <trkpt lat="44.30846" lon="9.20956">
				 <ele>32.9</ele>
			 </trkpt>
			 <trkpt lat="44.30852" lon="9.20957">
				 <ele>29.8</ele>
			 </trkpt>
			 <trkpt lat="44.30869" lon="9.20965">
				 <ele>26.9</ele>
			 </trkpt>
			 <trkpt lat="44.30885" lon="9.20985">
				 <ele>24.3</ele>
			 </trkpt>
			 <trkpt lat="44.30896" lon="9.20994">
				 <ele>22.9</ele>
			 </trkpt>
			 <trkpt lat="44.30903" lon="9.20998">
				 <ele>21.9</ele>
			 </trkpt>
			 <trkpt lat="44.30922" lon="9.21001">
				 <ele>20.7</ele>
			 </trkpt>
			 <trkpt lat="44.30931" lon="9.20999">
				 <ele>19.6</ele>
			 </trkpt>
			 <trkpt lat="44.30937" lon="9.20995">
				 <ele>18</ele>
			 </trkpt>
			 <trkpt lat="44.30947" lon="9.20981">
				 <ele>17.4</ele>
			 </trkpt>
			 <trkpt lat="44.30963" lon="9.20958">
				 <ele>17.4</ele>
			 </trkpt>
			 <trkpt lat="44.30986" lon="9.20934">
				 <ele>17.8</ele>
			 </trkpt>
			 <trkpt lat="44.30997" lon="9.20927">
				 <ele>18.3</ele>
			 </trkpt>
			 <trkpt lat="44.31016" lon="9.20918">
				 <ele>18.4</ele>
			 </trkpt>
			 <trkpt lat="44.31016" lon="9.20918">
				 <ele>18</ele>
			 </trkpt>
			 <trkpt lat="44.31033" lon="9.20909">
				 <ele>16.8</ele>
			 </trkpt>
			 <trkpt lat="44.31041" lon="9.20903">
				 <ele>15</ele>
			 </trkpt>
			 <trkpt lat="44.31061" lon="9.2088">
				 <ele>13.1</ele>
			 </trkpt>
			 <trkpt lat="44.31072" lon="9.20872">
				 <ele>11.3</ele>
			 </trkpt>
			 <trkpt lat="44.31082" lon="9.20867">
				 <ele>10.7</ele>
			 </trkpt>
			 <trkpt lat="44.31094" lon="9.20865">
				 <ele>10.5</ele>
			 </trkpt>
			 <trkpt lat="44.31103" lon="9.20865">
				 <ele>10.6</ele>
			 </trkpt>
			 <trkpt lat="44.31109" lon="9.20867">
				 <ele>10.5</ele>
			 </trkpt>
			 <trkpt lat="44.31115" lon="9.20871">
				 <ele>9.8</ele>
			 </trkpt>
			 <trkpt lat="44.31129" lon="9.20888">
				 <ele>9.1</ele>
			 </trkpt>
			 <trkpt lat="44.31141" lon="9.20906">
				 <ele>8.4</ele>
			 </trkpt>
			 <trkpt lat="44.31148" lon="9.20922">
				 <ele>7.9</ele>
			 </trkpt>
			 <trkpt lat="44.31152" lon="9.20953">
				 <ele>8.5</ele>
			 </trkpt>
			 <trkpt lat="44.31151" lon="9.20965">
				 <ele>9.2</ele>
			 </trkpt>
			 <trkpt lat="44.31144" lon="9.20998">
				 <ele>9.8</ele>
			 </trkpt>
			 <trkpt lat="44.31125" lon="9.21048">
				 <ele>10.5</ele>
			 </trkpt>
			 <trkpt lat="44.31114" lon="9.21069">
				 <ele>10.9</ele>
			 </trkpt>
			 <trkpt lat="44.31097" lon="9.21103">
				 <ele>11.2</ele>
			 </trkpt>
			 <trkpt lat="44.31088" lon="9.21122">
				 <ele>11.1</ele>
			 </trkpt>
			 <trkpt lat="44.31082" lon="9.21141">
				 <ele>10.8</ele>
			 </trkpt>
			 <trkpt lat="44.31078" lon="9.21181">
				 <ele>10.5</ele>
			 </trkpt>
			 <trkpt lat="44.31078" lon="9.21214">
				 <ele>10.7</ele>
			 </trkpt>
			 <trkpt lat="44.31084" lon="9.21232">
				 <ele>10.8</ele>
			 </trkpt>
			 <trkpt lat="44.3109" lon="9.2124">
				 <ele>10.2</ele>
			 </trkpt>
			 <trkpt lat="44.31099" lon="9.21244">
				 <ele>9.8</ele>
			 </trkpt>
			 <trkpt lat="44.3111" lon="9.21249">
				 <ele>10.1</ele>
			 </trkpt>
			 <trkpt lat="44.31154" lon="9.21261">
				 <ele>9.6</ele>
			 </trkpt>
			 <trkpt lat="44.31183" lon="9.2127">
				 <ele>8.9</ele>
			 </trkpt>
			 <trkpt lat="44.31189" lon="9.21275">
				 <ele>8.4</ele>
			 </trkpt>
			 <trkpt lat="44.31193" lon="9.21281">
				 <ele>8.7</ele>
			 </trkpt>
			 <trkpt lat="44.31209" lon="9.21316">
				 <ele>9.1</ele>
			 </trkpt>
			 <trkpt lat="44.31219" lon="9.21339">
				 <ele>9.6</ele>
			 </trkpt>
			 <trkpt lat="44.31225" lon="9.21343">
				 <ele>9.5</ele>
			 </trkpt>
			 <trkpt lat="44.31233" lon="9.21345">
				 <ele>9.6</ele>
			 </trkpt>
			 <trkpt lat="44.31251" lon="9.21348">
				 <ele>10.5</ele>
			 </trkpt>
			 <trkpt lat="44.31269" lon="9.21359">
				 <ele>12.1</ele>
			 </trkpt>
			 <trkpt lat="44.31291" lon="9.21389">
				 <ele>13.4</ele>
			 </trkpt>
			 <trkpt lat="44.31301" lon="9.21394">
				 <ele>13.8</ele>
			 </trkpt>
			 <trkpt lat="44.31313" lon="9.21392">
				 <ele>15.4</ele>
			 </trkpt>
			 <trkpt lat="44.3133" lon="9.2138">
				 <ele>16.9</ele>
			 </trkpt>
			 <trkpt lat="44.31374" lon="9.21343">
				 <ele>17.3</ele>
			 </trkpt>
			 <trkpt lat="44.31399" lon="9.21316">
				 <ele>18.2</ele>
			 </trkpt>
			 <trkpt lat="44.3144" lon="9.21259">
				 <ele>19.3</ele>
			 </trkpt>
			 <trkpt lat="44.31463" lon="9.21217">
				 <ele>20.5</ele>
			 </trkpt>
			 <trkpt lat="44.31477" lon="9.21201">
				 <ele>20.9</ele>
			 </trkpt>
			 <trkpt lat="44.315" lon="9.21183">
				 <ele>20.5</ele>
			 </trkpt>
			 <trkpt lat="44.31518" lon="9.21174">
				 <ele>19</ele>
			 </trkpt>
			 <trkpt lat="44.31545" lon="9.21163">
				 <ele>17.4</ele>
			 </trkpt>
			 <trkpt lat="44.31588" lon="9.21153">
				 <ele>17</ele>
			 </trkpt>
			 <trkpt lat="44.31607" lon="9.2115">
				 <ele>15.9</ele>
			 </trkpt>
			 <trkpt lat="44.31622" lon="9.21151">
				 <ele>14.9</ele>
			 </trkpt>
			 <trkpt lat="44.31687" lon="9.21161">
				 <ele>14.5</ele>
			 </trkpt>
			 <trkpt lat="44.31737" lon="9.21167">
				 <ele>13.5</ele>
			 </trkpt>
			 <trkpt lat="44.31778" lon="9.21164">
				 <ele>12.5</ele>
			 </trkpt>
			 <trkpt lat="44.31778" lon="9.21164">
				 <ele>11.3</ele>
			 </trkpt>
			 <trkpt lat="44.31812" lon="9.21161">
				 <ele>10.6</ele>
			 </trkpt>
			 <trkpt lat="44.31823" lon="9.21162">
				 <ele>10.4</ele>
			 </trkpt>
			 <trkpt lat="44.31838" lon="9.21168">
				 <ele>10</ele>
			 </trkpt>
			 <trkpt lat="44.31855" lon="9.2118">
				 <ele>9.5</ele>
			 </trkpt>
			 <trkpt lat="44.31871" lon="9.21187">
				 <ele>9.4</ele>
			 </trkpt>
			 <trkpt lat="44.31904" lon="9.21193">
				 <ele>9.4</ele>
			 </trkpt>
			 <trkpt lat="44.31938" lon="9.21205">
				 <ele>9.1</ele>
			 </trkpt>
			 <trkpt lat="44.31962" lon="9.21214">
				 <ele>8.9</ele>
			 </trkpt>
			 <trkpt lat="44.31973" lon="9.21222">
				 <ele>8.7</ele>
			 </trkpt>
			 <trkpt lat="44.31998" lon="9.21243">
				 <ele>8.3</ele>
			 </trkpt>
			 <trkpt lat="44.32014" lon="9.21255">
				 <ele>8.1</ele>
			 </trkpt>
			 <trkpt lat="44.3204" lon="9.21286">
				 <ele>8</ele>
			 </trkpt>
			 <trkpt lat="44.32048" lon="9.21298">
				 <ele>8.1</ele>
			 </trkpt>
			 <trkpt lat="44.32051" lon="9.21308">
				 <ele>8.8</ele>
			 </trkpt>
			 <trkpt lat="44.32061" lon="9.2135">
				 <ele>9.3</ele>
			 </trkpt>
			 <trkpt lat="44.32078" lon="9.21393">
				 <ele>9.6</ele>
			 </trkpt>
			 <trkpt lat="44.32081" lon="9.214">
				 <ele>10</ele>
			 </trkpt>
			 <trkpt lat="44.32111" lon="9.21431">
				 <ele>10</ele>
			 </trkpt>
			 <trkpt lat="44.32122" lon="9.21443">
				 <ele>10.2</ele>
			 </trkpt>
			 <trkpt lat="44.3214" lon="9.21496">
				 <ele>10.1</ele>
			 </trkpt>
			 <trkpt lat="44.32162" lon="9.21531">
				 <ele>10.3</ele>
			 </trkpt>
			 <trkpt lat="44.32176" lon="9.21545">
				 <ele>10.6</ele>
			 </trkpt>
			 <trkpt lat="44.32229" lon="9.21571">
				 <ele>10.6</ele>
			 </trkpt>
			 <trkpt lat="44.32249" lon="9.21578">
				 <ele>10</ele>
			 </trkpt>
			 <trkpt lat="44.32276" lon="9.21578">
				 <ele>9.1</ele>
			 </trkpt>
			 <trkpt lat="44.3229" lon="9.21576">
				 <ele>8.7</ele>
			 </trkpt>
			 <trkpt lat="44.32302" lon="9.21577">
				 <ele>8.7</ele>
			 </trkpt>
			 <trkpt lat="44.32357" lon="9.21609">
				 <ele>8.6</ele>
			 </trkpt>
			 <trkpt lat="44.32407" lon="9.2164">
				 <ele>9.1</ele>
			 </trkpt>
			 <trkpt lat="44.32419" lon="9.21641">
				 <ele>8.9</ele>
			 </trkpt>
			 <trkpt lat="44.32463" lon="9.21635">
				 <ele>8.8</ele>
			 </trkpt>
			 <trkpt lat="44.32498" lon="9.21626">
				 <ele>8.6</ele>
			 </trkpt>
			 <trkpt lat="44.32512" lon="9.21618">
				 <ele>8.3</ele>
			 </trkpt>
			 <trkpt lat="44.32522" lon="9.21603">
				 <ele>8.2</ele>
			 </trkpt>
			 <trkpt lat="44.32539" lon="9.21572">
				 <ele>8.5</ele>
			 </trkpt>
			 <trkpt lat="44.32554" lon="9.21552">
				 <ele>8.5</ele>
			 </trkpt>
			 <trkpt lat="44.32566" lon="9.21543">
				 <ele>8.5</ele>
			 </trkpt>
			 <trkpt lat="44.3258" lon="9.21536">
				 <ele>8</ele>
			 </trkpt>
			 <trkpt lat="44.32621" lon="9.21525">
				 <ele>7.5</ele>
			 </trkpt>
			 <trkpt lat="44.32635" lon="9.21523">
				 <ele>6.9</ele>
			 </trkpt>
			 <trkpt lat="44.32669" lon="9.21528">
				 <ele>6.7</ele>
			 </trkpt>
			 <trkpt lat="44.32715" lon="9.21539">
				 <ele>6.6</ele>
			 </trkpt>
			 <trkpt lat="44.32736" lon="9.21541">
				 <ele>6.5</ele>
			 </trkpt>
			 <trkpt lat="44.32753" lon="9.21541">
				 <ele>6.5</ele>
			 </trkpt>
			 <trkpt lat="44.32819" lon="9.21509">
				 <ele>6.5</ele>
			 </trkpt>
			 <trkpt lat="44.32854" lon="9.21492">
				 <ele>6.3</ele>
			 </trkpt>
			 <trkpt lat="44.32868" lon="9.21486">
				 <ele>6.2</ele>
			 </trkpt>
			 <trkpt lat="44.32888" lon="9.21476">
				 <ele>6.3</ele>
			 </trkpt>
			 <trkpt lat="44.32894" lon="9.2147">
				 <ele>6.4</ele>
			 </trkpt>
			 <trkpt lat="44.32901" lon="9.21454">
				 <ele>6.4</ele>
			 </trkpt>
			 <trkpt lat="44.32908" lon="9.21423">
				 <ele>6.4</ele>
			 </trkpt>
			 <trkpt lat="44.32924" lon="9.21383">
				 <ele>6.5</ele>
			 </trkpt>
			 <trkpt lat="44.32944" lon="9.21351">
				 <ele>6.5</ele>
			 </trkpt>
			 <trkpt lat="44.3297" lon="9.21315">
				 <ele>6.3</ele>
			 </trkpt>
			 <trkpt lat="44.32985" lon="9.21294">
				 <ele>6</ele>
			 </trkpt>
			 <trkpt lat="44.33008" lon="9.21274">
				 <ele>5.7</ele>
			 </trkpt>
			 <trkpt lat="44.33041" lon="9.21258">
				 <ele>5.6</ele>
			 </trkpt>
			 <trkpt lat="44.33069" lon="9.2125">
				 <ele>5.6</ele>
			 </trkpt>
			 <trkpt lat="44.3308" lon="9.21249">
				 <ele>5.3</ele>
			 </trkpt>
			 <trkpt lat="44.33092" lon="9.21252">
				 <ele>5</ele>
			 </trkpt>
			 <trkpt lat="44.33102" lon="9.21261">
				 <ele>4.8</ele>
			 </trkpt>
			 <trkpt lat="44.33145" lon="9.21316">
				 <ele>4.5</ele>
			 </trkpt>
			 <trkpt lat="44.33189" lon="9.21376">
				 <ele>4.3</ele>
			 </trkpt>
			 <trkpt lat="44.33207" lon="9.21398">
				 <ele>4.2</ele>
			 </trkpt>
			 <trkpt lat="44.33222" lon="9.21409">
				 <ele>4.2</ele>
			 </trkpt>
			 <trkpt lat="44.33234" lon="9.21413">
				 <ele>4.4</ele>
			 </trkpt>
			 <trkpt lat="44.33243" lon="9.21413">
				 <ele>4.7</ele>
			 </trkpt>
			 <trkpt lat="44.33243" lon="9.21413">
				 <ele>5.3</ele>
			 </trkpt>
			 <trkpt lat="44.33258" lon="9.21407">
				 <ele>5.7</ele>
			 </trkpt>
			 <trkpt lat="44.3328" lon="9.21399">
				 <ele>6.3</ele>
			 </trkpt>
			 <trkpt lat="44.33288" lon="9.21391">
				 <ele>6.5</ele>
			 </trkpt>
			 <trkpt lat="44.33298" lon="9.21368">
				 <ele>6.6</ele>
			 </trkpt>
			 <trkpt lat="44.33308" lon="9.21336">
				 <ele>6.6</ele>
			 </trkpt>
			 <trkpt lat="44.33317" lon="9.21312">
				 <ele>6.5</ele>
			 </trkpt>
			 <trkpt lat="44.33321" lon="9.21307">
				 <ele>6.4</ele>
			 </trkpt>
			 <trkpt lat="44.33328" lon="9.21302">
				 <ele>6.4</ele>
			 </trkpt>
			 <trkpt lat="44.33336" lon="9.21302">
				 <ele>6.2</ele>
			 </trkpt>
			 <trkpt lat="44.33343" lon="9.21305">
				 <ele>5.7</ele>
			 </trkpt>
			 <trkpt lat="44.33355" lon="9.21313">
				 <ele>5.1</ele>
			 </trkpt>
			 <trkpt lat="44.33371" lon="9.21331">
				 <ele>4.5</ele>
			 </trkpt>
			 <trkpt lat="44.33391" lon="9.21336">
				 <ele>3.9</ele>
			 </trkpt>
			 <trkpt lat="44.3345" lon="9.21342">
				 <ele>3.5</ele>
			 </trkpt>
			 <trkpt lat="44.3346" lon="9.21348">
				 <ele>3.4</ele>
			 </trkpt>
			 <trkpt lat="44.3346" lon="9.21349">
				 <ele>3.3</ele>
			 </trkpt>
			 <trkpt lat="44.33461" lon="9.21352">
				 <ele>3.3</ele>
			 </trkpt>
			 <trkpt lat="44.33464" lon="9.21357">
				 <ele>3.3</ele>
			 </trkpt>
			 <trkpt lat="44.33468" lon="9.2136">
				 <ele>3.1</ele>
			 </trkpt>
			 <trkpt lat="44.33472" lon="9.2136">
				 <ele>3.1</ele>
			 </trkpt>
			 <trkpt lat="44.33476" lon="9.21359">
				 <ele>3.2</ele>
			 </trkpt>
			 <trkpt lat="44.33519" lon="9.21414">
				 <ele>3.4</ele>
			 </trkpt>
			 <trkpt lat="44.33566" lon="9.21472">
				 <ele>3.6</ele>
			 </trkpt>
			 <trkpt lat="44.33575" lon="9.21493">
				 <ele>3.9</ele>
			 </trkpt>
			 <trkpt lat="44.3358" lon="9.21509">
				 <ele>4.4</ele>
			 </trkpt>
			 <trkpt lat="44.33592" lon="9.21562">
				 <ele>4.9</ele>
			 </trkpt>
			 <trkpt lat="44.33593" lon="9.216">
				 <ele>5.6</ele>
			 </trkpt>
			 <trkpt lat="44.33592" lon="9.21612">
				 <ele>7.1</ele>
			 </trkpt>
			 <trkpt lat="44.33589" lon="9.21653">
				 <ele>8.6</ele>
			 </trkpt>
			 <trkpt lat="44.33587" lon="9.21699">
				 <ele>10.2</ele>
			 </trkpt>
			 <trkpt lat="44.33586" lon="9.21728">
				 <ele>11.7</ele>
			 </trkpt>
			 <trkpt lat="44.3359" lon="9.21749">
				 <ele>13.3</ele>
			 </trkpt>
			 <trkpt lat="44.33634" lon="9.21822">
				 <ele>14.8</ele>
			 </trkpt>
			 <trkpt lat="44.33636" lon="9.21835">
				 <ele>16.5</ele>
			 </trkpt>
			 <trkpt lat="44.33634" lon="9.21842">
				 <ele>18.4</ele>
			 </trkpt>
			 <trkpt lat="44.3362" lon="9.21854">
				 <ele>20.2</ele>
			 </trkpt>
			 <trkpt lat="44.33592" lon="9.2188">
				 <ele>22.4</ele>
			 </trkpt>
			 <trkpt lat="44.33587" lon="9.21891">
				 <ele>24.3</ele>
			 </trkpt>
			 <trkpt lat="44.33585" lon="9.21913">
				 <ele>25.6</ele>
			 </trkpt>
			 <trkpt lat="44.33588" lon="9.2193">
				 <ele>27.1</ele>
			 </trkpt>
			 <trkpt lat="44.33596" lon="9.21955">
				 <ele>28.3</ele>
			 </trkpt>
			 <trkpt lat="44.33609" lon="9.22006">
				 <ele>29</ele>
			 </trkpt>
			 <trkpt lat="44.33609" lon="9.22041">
				 <ele>29.7</ele>
			 </trkpt>
			 <trkpt lat="44.33603" lon="9.22056">
				 <ele>30.5</ele>
			 </trkpt>
			 <trkpt lat="44.33588" lon="9.22071">
				 <ele>31.1</ele>
			 </trkpt>
			 <trkpt lat="44.33567" lon="9.22091">
				 <ele>31.6</ele>
			 </trkpt>
			 <trkpt lat="44.33552" lon="9.22108">
				 <ele>32.6</ele>
			 </trkpt>
			 <trkpt lat="44.3355" lon="9.22116">
				 <ele>33.5</ele>
			 </trkpt>
			 <trkpt lat="44.3355" lon="9.22122">
				 <ele>34.6</ele>
			 </trkpt>
			 <trkpt lat="44.33555" lon="9.22138">
				 <ele>35.5</ele>
			 </trkpt>
			 <trkpt lat="44.33555" lon="9.22138">
				 <ele>36.2</ele>
			 </trkpt>
			 <trkpt lat="44.33574" lon="9.22171">
				 <ele>36.8</ele>
			 </trkpt>
			 <trkpt lat="44.33589" lon="9.2219">
				 <ele>37.2</ele>
			 </trkpt>
			 <trkpt lat="44.33602" lon="9.22194">
				 <ele>37</ele>
			 </trkpt>
			 <trkpt lat="44.33612" lon="9.22194">
				 <ele>36.6</ele>
			 </trkpt>
			 <trkpt lat="44.33637" lon="9.22191">
				 <ele>35.9</ele>
			 </trkpt>
			 <trkpt lat="44.33682" lon="9.22206">
				 <ele>35</ele>
			 </trkpt>
			 <trkpt lat="44.33756" lon="9.22233">
				 <ele>33.1</ele>
			 </trkpt>
			 <trkpt lat="44.33809" lon="9.22247">
				 <ele>30.2</ele>
			 </trkpt>
			 <trkpt lat="44.33824" lon="9.22254">
				 <ele>27.2</ele>
			 </trkpt>
			 <trkpt lat="44.33854" lon="9.22281">
				 <ele>24.3</ele>
			 </trkpt>
			 <trkpt lat="44.33861" lon="9.22292">
				 <ele>21.3</ele>
			 </trkpt>
			 <trkpt lat="44.33872" lon="9.22326">
				 <ele>17.9</ele>
			 </trkpt>
			 <trkpt lat="44.33899" lon="9.22409">
				 <ele>14.9</ele>
			 </trkpt>
			 <trkpt lat="44.33911" lon="9.22431">
				 <ele>12.5</ele>
			 </trkpt>
			 <trkpt lat="44.33917" lon="9.22437">
				 <ele>10.9</ele>
			 </trkpt>
			 <trkpt lat="44.33939" lon="9.22449">
				 <ele>9.5</ele>
			 </trkpt>
			 <trkpt lat="44.3396" lon="9.22459">
				 <ele>8.1</ele>
			 </trkpt>
			 <trkpt lat="44.3397" lon="9.22459">
				 <ele>7</ele>
			 </trkpt>
			 <trkpt lat="44.33978" lon="9.22454">
				 <ele>6.6</ele>
			 </trkpt>
			 <trkpt lat="44.34026" lon="9.2237">
				 <ele>6.2</ele>
			 </trkpt>
			 <trkpt lat="44.34039" lon="9.22347">
				 <ele>5.6</ele>
			 </trkpt>
			 <trkpt lat="44.34043" lon="9.22348">
				 <ele>5</ele>
			 </trkpt>
			 <trkpt lat="44.34087" lon="9.22389">
				 <ele>5.4</ele>
			 </trkpt>
			 <trkpt lat="44.34112" lon="9.22421">
				 <ele>6.1</ele>
			 </trkpt>
			 <trkpt lat="44.3412" lon="9.22512">
				 <ele>6.7</ele>
			 </trkpt>
			 <trkpt lat="44.34116" lon="9.22575">
				 <ele>6.7</ele>
			 </trkpt>
			 <trkpt lat="44.34115" lon="9.22613">
				 <ele>6.9</ele>
			 </trkpt>
			 <trkpt lat="44.34123" lon="9.22694">
				 <ele>7.2</ele>
			 </trkpt>
			 <trkpt lat="44.34124" lon="9.22722">
				 <ele>7.7</ele>
			 </trkpt>
			 <trkpt lat="44.34122" lon="9.22739">
				 <ele>8.1</ele>
			 </trkpt>
			 <trkpt lat="44.34112" lon="9.22765">
				 <ele>8.5</ele>
			 </trkpt>
			 <trkpt lat="44.34108" lon="9.22777">
				 <ele>8.9</ele>
			 </trkpt>
			 <trkpt lat="44.34106" lon="9.22787">
				 <ele>9.5</ele>
			 </trkpt>
			 <trkpt lat="44.34106" lon="9.22799">
				 <ele>9.9</ele>
			 </trkpt>
			 <trkpt lat="44.34112" lon="9.22825">
				 <ele>10.3</ele>
			 </trkpt>
			 <trkpt lat="44.34122" lon="9.22846">
				 <ele>11.1</ele>
			 </trkpt>
			 <trkpt lat="44.34129" lon="9.22851">
				 <ele>12</ele>
			 </trkpt>
			 <trkpt lat="44.34133" lon="9.22852">
				 <ele>12.8</ele>
			 </trkpt>
			 <trkpt lat="44.34143" lon="9.22852">
				 <ele>13.6</ele>
			 </trkpt>
			 <trkpt lat="44.34152" lon="9.22851">
				 <ele>14.2</ele>
			 </trkpt>
			 <trkpt lat="44.3419" lon="9.22852">
				 <ele>14.7</ele>
			 </trkpt>
			 <trkpt lat="44.34197" lon="9.22856">
				 <ele>15.3</ele>
			 </trkpt>
			 <trkpt lat="44.34202" lon="9.22861">
				 <ele>16</ele>
			 </trkpt>
			 <trkpt lat="44.34211" lon="9.22874">
				 <ele>16.5</ele>
			 </trkpt>
			 <trkpt lat="44.34221" lon="9.22905">
				 <ele>16.8</ele>
			 </trkpt>
			 <trkpt lat="44.34236" lon="9.22974">
				 <ele>17</ele>
			 </trkpt>
			 <trkpt lat="44.34244" lon="9.22998">
				 <ele>16.5</ele>
			 </trkpt>
			 <trkpt lat="44.34254" lon="9.2301">
				 <ele>15.8</ele>
			 </trkpt>
			 <trkpt lat="44.34276" lon="9.23027">
				 <ele>15.2</ele>
			 </trkpt>
			 <trkpt lat="44.34296" lon="9.23044">
				 <ele>14.5</ele>
			 </trkpt>
			 <trkpt lat="44.34296" lon="9.23044">
				 <ele>14</ele>
			 </trkpt>
			 <trkpt lat="44.34314" lon="9.23055">
				 <ele>13.4</ele>
			 </trkpt>
			 <trkpt lat="44.34328" lon="9.23056">
				 <ele>12.6</ele>
			 </trkpt>
			 <trkpt lat="44.34339" lon="9.23049">
				 <ele>11.7</ele>
			 </trkpt>
			 <trkpt lat="44.34351" lon="9.23034">
				 <ele>10.7</ele>
			 </trkpt>
			 <trkpt lat="44.34356" lon="9.23026">
				 <ele>10</ele>
			 </trkpt>
			 <trkpt lat="44.3437" lon="9.22973">
				 <ele>9.3</ele>
			 </trkpt>
			 <trkpt lat="44.34377" lon="9.22948">
				 <ele>8.7</ele>
			 </trkpt>
			 <trkpt lat="44.34385" lon="9.2294">
				 <ele>8.2</ele>
			 </trkpt>
			 <trkpt lat="44.34416" lon="9.22939">
				 <ele>7.5</ele>
			 </trkpt>
			 <trkpt lat="44.34433" lon="9.2294">
				 <ele>7</ele>
			 </trkpt>
			 <trkpt lat="44.34441" lon="9.22937">
				 <ele>6.4</ele>
			 </trkpt>
			 <trkpt lat="44.34464" lon="9.22917">
				 <ele>5.9</ele>
			 </trkpt>
			 <trkpt lat="44.34564" lon="9.22826">
				 <ele>5.5</ele>
			 </trkpt>
			 <trkpt lat="44.34564" lon="9.22826">
				 <ele>5.2</ele>
			 </trkpt>
			 <trkpt lat="44.34573" lon="9.22817">
				 <ele>5</ele>
			 </trkpt>
			 <trkpt lat="44.34621" lon="9.22854">
				 <ele>4.7</ele>
			 </trkpt>
			 <trkpt lat="44.3462" lon="9.22874">
				 <ele>4.5</ele>
			 </trkpt>
			 <trkpt lat="44.34618" lon="9.22882">
				 <ele>4.5</ele>
			 </trkpt>
			 <trkpt lat="44.34611" lon="9.22893">
				 <ele>4.4</ele>
			 </trkpt>
			 <trkpt lat="44.346" lon="9.22899">
				 <ele>4.3</ele>
			 </trkpt>
			 <trkpt lat="44.3457" lon="9.22901">
				 <ele>4</ele>
			 </trkpt>
			 <trkpt lat="44.34564" lon="9.229">
				 <ele>3.8</ele>
			 </trkpt>
			 <trkpt lat="44.34564" lon="9.229">
				 <ele>3.6</ele>
			 </trkpt>
			 <trkpt lat="44.34537" lon="9.22899">
				 <ele>3.5</ele>
			 </trkpt>
			 <trkpt lat="44.34519" lon="9.22902">
				 <ele>3.5</ele>
			 </trkpt>
			 <trkpt lat="44.34502" lon="9.22909">
				 <ele>3.5</ele>
			 </trkpt>
			 <trkpt lat="44.34477" lon="9.22927">
				 <ele>3.5</ele>
			 </trkpt>
			 <trkpt lat="44.34459" lon="9.2295">
				 <ele>3.5</ele>
			 </trkpt>
			 <trkpt lat="44.34451" lon="9.22961">
				 <ele>3.5</ele>
			 </trkpt>
			 <trkpt lat="44.34444" lon="9.22973">
				 <ele>3.4</ele>
			 </trkpt>
			 <trkpt lat="44.34438" lon="9.22977">
				 <ele>3.3</ele>
			 </trkpt>
			 <trkpt lat="44.34417" lon="9.22987">
				 <ele>3.3</ele>
			 </trkpt>
			 <trkpt lat="44.34411" lon="9.22992">
				 <ele>3.2</ele>
			 </trkpt>
			 <trkpt lat="44.34407" lon="9.23001">
				 <ele>3.1</ele>
			 </trkpt>
			 <trkpt lat="44.34401" lon="9.2305">
				 <ele>3</ele>
			 </trkpt>
			 <trkpt lat="44.34398" lon="9.23064">
				 <ele>2.8</ele>
			 </trkpt>
			 <trkpt lat="44.34393" lon="9.23076">
				 <ele>2.7</ele>
			 </trkpt>
			 <trkpt lat="44.34378" lon="9.23091">
				 <ele>2.7</ele>
			 </trkpt>
			 <trkpt lat="44.34364" lon="9.23097">
				 <ele>2.5</ele>
			 </trkpt>
			 <trkpt lat="44.34347" lon="9.231">
				 <ele>2.5</ele>
			 </trkpt>
			 <trkpt lat="44.34319" lon="9.231">
				 <ele>2.5</ele>
			 </trkpt>
			 <trkpt lat="44.34287" lon="9.23105">
				 <ele>2.4</ele>
			 </trkpt>
			 <trkpt lat="44.34273" lon="9.2311">
				 <ele>2.4</ele>
			 </trkpt>
			 <trkpt lat="44.34259" lon="9.23117">
				 <ele>2.5</ele>
			 </trkpt>
			 <trkpt lat="44.34259" lon="9.23117">
				 <ele>2.6</ele>
			 </trkpt>
			 <trkpt lat="44.34253" lon="9.23124">
				 <ele>2.8</ele>
			 </trkpt>
			 <trkpt lat="44.34248" lon="9.23136">
				 <ele>3</ele>
			 </trkpt>
			 <trkpt lat="44.34236" lon="9.23172">
				 <ele>3.1</ele>
			 </trkpt>
			 <trkpt lat="44.34231" lon="9.23198">
				 <ele>3</ele>
			 </trkpt>
			 <trkpt lat="44.34232" lon="9.23237">
				 <ele>3</ele>
			 </trkpt>
			 <trkpt lat="44.34236" lon="9.23303">
				 <ele>3</ele>
			 </trkpt>
			 <trkpt lat="44.34241" lon="9.23347">
				 <ele>2.9</ele>
			 </trkpt>
			 <trkpt lat="44.34246" lon="9.23358">
				 <ele>2.9</ele>
			 </trkpt>
			 <trkpt lat="44.34271" lon="9.23397">
				 <ele>2.9</ele>
			 </trkpt>
			 <trkpt lat="44.34303" lon="9.2345">
				 <ele>2.9</ele>
			 </trkpt>
			 <trkpt lat="44.34307" lon="9.23453">
				 <ele>2.7</ele>
			 </trkpt>
			 <trkpt lat="44.34309" lon="9.23454">
				 <ele>2.5</ele>
			 </trkpt>
			 <trkpt lat="44.34322" lon="9.23447">
				 <ele>2.4</ele>
			 </trkpt>
			 <trkpt lat="44.34453" lon="9.23359">
				 <ele>2.4</ele>
			 </trkpt>
			 <trkpt lat="44.34453" lon="9.23359">
				 <ele>2.5</ele>
			 </trkpt>
			 <trkpt lat="44.34322" lon="9.23447">
				 <ele>2.7</ele>
			 </trkpt>
			 <trkpt lat="44.34309" lon="9.23454">
				 <ele>2.8</ele>
			 </trkpt>
			 <trkpt lat="44.34306" lon="9.23453">
				 <ele>2.9</ele>
			 </trkpt>
			 <trkpt lat="44.34246" lon="9.23358">
				 <ele>3</ele>
			 </trkpt>
			 <trkpt lat="44.34239" lon="9.23336">
				 <ele>3</ele>
			 </trkpt>
			 <trkpt lat="44.34234" lon="9.23263">
				 <ele>2.9</ele>
			 </trkpt>
			 <trkpt lat="44.34231" lon="9.23198">
				 <ele>3</ele>
			 </trkpt>
			 <trkpt lat="44.34236" lon="9.23172">
				 <ele>3.1</ele>
			 </trkpt>
			 <trkpt lat="44.34242" lon="9.23155">
				 <ele>3.1</ele>
			 </trkpt>
			 <trkpt lat="44.34253" lon="9.23124">
				 <ele>2.9</ele>
			 </trkpt>
			 <trkpt lat="44.34263" lon="9.23114">
				 <ele>2.7</ele>
			 </trkpt>
			 <trkpt lat="44.34273" lon="9.2311">
				 <ele>2.5</ele>
			 </trkpt>
			 <trkpt lat="44.34287" lon="9.23105">
				 <ele>2.5</ele>
			 </trkpt>
			 <trkpt lat="44.34319" lon="9.231">
				 <ele>2.5</ele>
			 </trkpt>
			 <trkpt lat="44.34347" lon="9.231">
				 <ele>2.5</ele>
			 </trkpt>
			 <trkpt lat="44.34364" lon="9.23097">
				 <ele>2.5</ele>
			 </trkpt>
			 <trkpt lat="44.34378" lon="9.23091">
				 <ele>2.5</ele>
			 </trkpt>
			 <trkpt lat="44.3438" lon="9.23089">
				 <ele>2.5</ele>
			 </trkpt>
			 <trkpt lat="44.344741" lon="9.231952">
				 <ele>2.5</ele>
			 </trkpt>
			 <trkpt lat="44.344825" lon="9.231855">
				 <ele>2.6</ele>
			 </trkpt>
			 <trkpt lat="44.34397" lon="9.230756">
				 <ele>2.8</ele>
			 </trkpt>
			 <trkpt lat="44.34395" lon="9.23073">
				 <ele>2.9</ele>
			 </trkpt>
			 <trkpt lat="44.34398" lon="9.23064">
				 <ele>3.1</ele>
			 </trkpt>
			 <trkpt lat="44.34401" lon="9.2305">
				 <ele>3.3</ele>
			 </trkpt>
			 <trkpt lat="44.34407" lon="9.23001">
				 <ele>3.4</ele>
			 </trkpt>
			 <trkpt lat="44.34411" lon="9.22992">
				 <ele>3.4</ele>
			 </trkpt>
			 <trkpt lat="44.34417" lon="9.22987">
				 <ele>3.5</ele>
			 </trkpt>
			 <trkpt lat="44.34438" lon="9.22977">
				 <ele>3.5</ele>
			 </trkpt>
			 <trkpt lat="44.34457" lon="9.22966">
				 <ele>3.5</ele>
			 </trkpt>
			 <trkpt lat="44.34465" lon="9.22961">
				 <ele>3.5</ele>
			 </trkpt>
			 <trkpt lat="44.34499" lon="9.22931">
				 <ele>3.5</ele>
			 </trkpt>
			 <trkpt lat="44.34524" lon="9.22919">
				 <ele>3.5</ele>
			 </trkpt>
			 <trkpt lat="44.34524" lon="9.2292">
				 <ele>3.5</ele>
			 </trkpt>
			 <trkpt lat="44.34551" lon="9.22917">
				 <ele>3.5</ele>
			 </trkpt>
			 <trkpt lat="44.3458" lon="9.22917">
				 <ele>3.5</ele>
			 </trkpt>
			 <trkpt lat="44.34594" lon="9.22915">
				 <ele>3.6</ele>
			 </trkpt>
			 <trkpt lat="44.34603" lon="9.2291">
				 <ele>3.9</ele>
			 </trkpt>
			 <trkpt lat="44.34611" lon="9.22902">
				 <ele>4.1</ele>
			 </trkpt>
			 <trkpt lat="44.34621" lon="9.22889">
				 <ele>4</ele>
			 </trkpt>
			 <trkpt lat="44.34634" lon="9.22862">
				 <ele>3.9</ele>
			 </trkpt>
			 <trkpt lat="44.34643" lon="9.22857">
				 <ele>3.8</ele>
			 </trkpt>
			 <trkpt lat="44.34665" lon="9.22834">
				 <ele>3.8</ele>
			 </trkpt>
			 <trkpt lat="44.34665" lon="9.22834">
				 <ele>3.8</ele>
			 </trkpt>
			 <trkpt lat="44.34719" lon="9.22775">
				 <ele>3.8</ele>
			 </trkpt>
			 <trkpt lat="44.34738" lon="9.22798">
				 <ele>3.7</ele>
			 </trkpt>
			 <trkpt lat="44.34738" lon="9.22798">
				 <ele>3.5</ele>
			 </trkpt>
			 <trkpt lat="44.34821" lon="9.22904">
				 <ele>3.4</ele>
			 </trkpt>
			 <trkpt lat="44.34823" lon="9.22935">
				 <ele>3.1</ele>
			 </trkpt>
			 <trkpt lat="44.34819" lon="9.22957">
				 <ele>2.8</ele>
			 </trkpt>
			 <trkpt lat="44.34823" lon="9.22976">
				 <ele>2.8</ele>
			 </trkpt>
			 <trkpt lat="44.34829" lon="9.22985">
				 <ele>2.9</ele>
			 </trkpt>
			 <trkpt lat="44.34849" lon="9.23016">
				 <ele>2.9</ele>
			 </trkpt>
			 <trkpt lat="44.34857" lon="9.23029">
				 <ele>2.9</ele>
			 </trkpt>
			 <trkpt lat="44.34862" lon="9.23044">
				 <ele>2.8</ele>
			 </trkpt>
			 <trkpt lat="44.34865" lon="9.23063">
				 <ele>2.6</ele>
			 </trkpt>
			 <trkpt lat="44.34867" lon="9.23081">
				 <ele>2.6</ele>
			 </trkpt>
			 <trkpt lat="44.34867" lon="9.23159">
				 <ele>2.6</ele>
			 </trkpt>
			 <trkpt lat="44.34864" lon="9.23203">
				 <ele>2.5</ele>
			 </trkpt>
			 <trkpt lat="44.34853" lon="9.23259">
				 <ele>2.5</ele>
			 </trkpt>
			 <trkpt lat="44.3485" lon="9.2328">
				 <ele>2.4</ele>
			 </trkpt>
			 <trkpt lat="44.34846" lon="9.23319">
				 <ele>2.4</ele>
			 </trkpt>
			 <trkpt lat="44.34842" lon="9.23352">
				 <ele>2.4</ele>
			 </trkpt>
			 <trkpt lat="44.34844" lon="9.23367">
				 <ele>2.5</ele>
			 </trkpt>
			 <trkpt lat="44.34847" lon="9.23374">
				 <ele>2.6</ele>
			 </trkpt>
			 <trkpt lat="44.34847" lon="9.23374">
				 <ele>2.8</ele>
			 </trkpt>
			 <trkpt lat="44.34854" lon="9.23388">
				 <ele>3.3</ele>
			 </trkpt>
			 <trkpt lat="44.34855" lon="9.23386">
				 <ele>3.6</ele>
			 </trkpt>
			 <trkpt lat="44.34856" lon="9.23384">
				 <ele>3.9</ele>
			 </trkpt>
			 <trkpt lat="44.34858" lon="9.23381">
				 <ele>4.3</ele>
			 </trkpt>
			 <trkpt lat="44.34861" lon="9.23377">
				 <ele>4.6</ele>
			 </trkpt>
			 <trkpt lat="44.34874" lon="9.23349">
				 <ele>5</ele>
			 </trkpt>
			 <trkpt lat="44.34884" lon="9.23322">
				 <ele>5.3</ele>
			 </trkpt>
			 <trkpt lat="44.34893" lon="9.23288">
				 <ele>5.5</ele>
			 </trkpt>
			 <trkpt lat="44.34893" lon="9.23288">
				 <ele>5.7</ele>
			 </trkpt>
			 <trkpt lat="44.34917" lon="9.232">
				 <ele>5.9</ele>
			 </trkpt>
			 <trkpt lat="44.34922" lon="9.23165">
				 <ele>6.2</ele>
			 </trkpt>
			 <trkpt lat="44.34921" lon="9.23128">
				 <ele>6.3</ele>
			 </trkpt>
			 <trkpt lat="44.34921" lon="9.23128">
				 <ele>6.3</ele>
			 </trkpt>
			 <trkpt lat="44.34921" lon="9.23069">
				 <ele>6.3</ele>
			 </trkpt>
			 <trkpt lat="44.3492" lon="9.23031">
				 <ele>6.3</ele>
			 </trkpt>
			 <trkpt lat="44.3492" lon="9.23004">
				 <ele>6.3</ele>
			 </trkpt>
			 <trkpt lat="44.34907" lon="9.23002">
				 <ele>6.2</ele>
			 </trkpt>
			 <trkpt lat="44.34896" lon="9.22996">
				 <ele>5.9</ele>
			 </trkpt>
			 <trkpt lat="44.34883" lon="9.22987">
				 <ele>5.9</ele>
			 </trkpt>
			 <trkpt lat="44.34861" lon="9.22975">
				 <ele>5.9</ele>
			 </trkpt>
			 <trkpt lat="44.34861" lon="9.22975">
				 <ele>6.3</ele>
			 </trkpt>
			 <trkpt lat="44.34842" lon="9.22964">
				 <ele>6.4</ele>
			 </trkpt>
			 <trkpt lat="44.3483" lon="9.22954">
				 <ele>6.5</ele>
			 </trkpt>
			 <trkpt lat="44.34852" lon="9.22911">
				 <ele>6.5</ele>
			 </trkpt>
			 <trkpt lat="44.34852" lon="9.22911">
				 <ele>6.7</ele>
			 </trkpt>
			 <trkpt lat="44.3492" lon="9.2279">
				 <ele>6.9</ele>
			 </trkpt>
			 <trkpt lat="44.34987" lon="9.22663">
				 <ele>6.8</ele>
			 </trkpt>
			 <trkpt lat="44.34997" lon="9.22642">
				 <ele>6.8</ele>
			 </trkpt>
			 <trkpt lat="44.34997" lon="9.22642">
				 <ele>7</ele>
			 </trkpt>
			 <trkpt lat="44.35028" lon="9.22579">
				 <ele>6.9</ele>
			 </trkpt>
			 <trkpt lat="44.35064" lon="9.22507">
				 <ele>7</ele>
			 </trkpt>
			 <trkpt lat="44.35173" lon="9.22282">
				 <ele>6.7</ele>
			 </trkpt>
			 <trkpt lat="44.3519" lon="9.22238">
				 <ele>6.6</ele>
			 </trkpt>
			 <trkpt lat="44.35197" lon="9.22217">
				 <ele>6.6</ele>
			 </trkpt>
			 <trkpt lat="44.352" lon="9.22204">
				 <ele>6.5</ele>
			 </trkpt>
			 <trkpt lat="44.35206" lon="9.22148">
				 <ele>6.5</ele>
			 </trkpt>
			 <trkpt lat="44.35217" lon="9.22066">
				 <ele>6.4</ele>
			 </trkpt>
			 <trkpt lat="44.35227" lon="9.21991">
				 <ele>6.6</ele>
			 </trkpt>
			 <trkpt lat="44.35234" lon="9.21955">
				 <ele>6.8</ele>
			 </trkpt>
			 <trkpt lat="44.35242" lon="9.21906">
				 <ele>7</ele>
			 </trkpt>
			 <trkpt lat="44.35242" lon="9.21906">
				 <ele>7.1</ele>
			 </trkpt>
			 <trkpt lat="44.35244" lon="9.21885">
				 <ele>7.1</ele>
			 </trkpt>
			 <trkpt lat="44.35246" lon="9.21874">
				 <ele>7.1</ele>
			 </trkpt>
			 <trkpt lat="44.35245" lon="9.21861">
				 <ele>7.1</ele>
			 </trkpt>
			 <trkpt lat="44.35246" lon="9.21841">
				 <ele>7.1</ele>
			 </trkpt>
			 <trkpt lat="44.35249" lon="9.21837">
				 <ele>7.2</ele>
			 </trkpt>
			 <trkpt lat="44.35246" lon="9.21835">
				 <ele>7.2</ele>
			 </trkpt>
			 <trkpt lat="44.35245" lon="9.21833">
				 <ele>7.2</ele>
			 </trkpt>
			 <trkpt lat="44.35245" lon="9.21832">
				 <ele>7.1</ele>
			 </trkpt>
			 <trkpt lat="44.35232" lon="9.21826">
				 <ele>7.5</ele>
			 </trkpt>
			 <trkpt lat="44.35218" lon="9.21825">
				 <ele>7.9</ele>
			 </trkpt>
			 <trkpt lat="44.35205" lon="9.21822">
				 <ele>8.5</ele>
			 </trkpt>
			 <trkpt lat="44.35206" lon="9.21816">
				 <ele>9</ele>
			 </trkpt>
			 <trkpt lat="44.352" lon="9.2182">
				 <ele>9.5</ele>
			 </trkpt>
			 <trkpt lat="44.35175" lon="9.21811">
				 <ele>9.5</ele>
			 </trkpt>
			 <trkpt lat="44.35171" lon="9.21821">
				 <ele>9.5</ele>
			 </trkpt>
			 <trkpt lat="44.35168" lon="9.21829">
				 <ele>9.3</ele>
			 </trkpt>
			 <trkpt lat="44.35153" lon="9.21882">
				 <ele>9.2</ele>
			 </trkpt>
			 <trkpt lat="44.35151" lon="9.21886">
				 <ele>9.2</ele>
			 </trkpt>
			 <trkpt lat="44.35128" lon="9.21963">
				 <ele>9.1</ele>
			 </trkpt>
			 <trkpt lat="44.35128" lon="9.21963">
				 <ele>8.5</ele>
			 </trkpt>
			 <trkpt lat="44.3501" lon="9.22336">
				 <ele>8.1</ele>
			 </trkpt>
			 <trkpt lat="44.34973" lon="9.22422">
				 <ele>7.5</ele>
			 </trkpt>
			 <trkpt lat="44.34958" lon="9.22453">
				 <ele>7.1</ele>
			 </trkpt>
			 <trkpt lat="44.34944" lon="9.22489">
				 <ele>6.6</ele>
			 </trkpt>
			 <trkpt lat="44.34931" lon="9.22525">
				 <ele>6.5</ele>
			 </trkpt>
			 <trkpt lat="44.34917" lon="9.2255">
				 <ele>6.5</ele>
			 </trkpt>
			 <trkpt lat="44.34911" lon="9.22563">
				 <ele>6.5</ele>
			 </trkpt>
			 <trkpt lat="44.34906" lon="9.22573">
				 <ele>6.4</ele>
			 </trkpt>
			 <trkpt lat="44.34892" lon="9.22595">
				 <ele>6</ele>
			 </trkpt>
			 <trkpt lat="44.34877" lon="9.22614">
				 <ele>5.8</ele>
			 </trkpt>
			 <trkpt lat="44.34856" lon="9.22638">
				 <ele>5.7</ele>
			 </trkpt>
			 <trkpt lat="44.34841" lon="9.22651">
				 <ele>5.4</ele>
			 </trkpt>
			 <trkpt lat="44.34811" lon="9.22682">
				 <ele>5.2</ele>
			 </trkpt>
			 <trkpt lat="44.34719" lon="9.22775">
				 <ele>5.2</ele>
			 </trkpt>
			 <trkpt lat="44.34704" lon="9.22761">
				 <ele>5.2</ele>
			 </trkpt>
			 <trkpt lat="44.34704" lon="9.22761">
				 <ele>5.2</ele>
			 </trkpt>
			 <trkpt lat="44.34693" lon="9.22746">
				 <ele>5.2</ele>
			 </trkpt>
			 <trkpt lat="44.34682" lon="9.22723">
				 <ele>5.1</ele>
			 </trkpt>
			 <trkpt lat="44.34651" lon="9.22749">
				 <ele>5.2</ele>
			 </trkpt>
			 <trkpt lat="44.34624" lon="9.22771">
				 <ele>5.5</ele>
			 </trkpt>
			 <trkpt lat="44.34624" lon="9.22771">
				 <ele>5.6</ele>
			 </trkpt>
			 <trkpt lat="44.34585" lon="9.22806">
				 <ele>5.8</ele>
			 </trkpt>
			 <trkpt lat="44.3456" lon="9.2283">
				 <ele>6.3</ele>
			 </trkpt>
			 <trkpt lat="44.34464" lon="9.22917">
				 <ele>6.5</ele>
			 </trkpt>
			 <trkpt lat="44.34441" lon="9.22937">
				 <ele>6.8</ele>
			 </trkpt>
			 <trkpt lat="44.34433" lon="9.2294">
				 <ele>7.3</ele>
			 </trkpt>
			 <trkpt lat="44.34416" lon="9.22939">
				 <ele>7.7</ele>
			 </trkpt>
			 <trkpt lat="44.34385" lon="9.2294">
				 <ele>8.2</ele>
			 </trkpt>
			 <trkpt lat="44.34377" lon="9.22948">
				 <ele>8.7</ele>
			 </trkpt>
			 <trkpt lat="44.3437" lon="9.22973">
				 <ele>9.3</ele>
			 </trkpt>
			 <trkpt lat="44.34356" lon="9.23026">
				 <ele>10.1</ele>
			 </trkpt>
			 <trkpt lat="44.34351" lon="9.23034">
				 <ele>11.2</ele>
			 </trkpt>
			 <trkpt lat="44.34339" lon="9.23049">
				 <ele>12.2</ele>
			 </trkpt>
			 <trkpt lat="44.34328" lon="9.23056">
				 <ele>12.9</ele>
			 </trkpt>
			 <trkpt lat="44.34314" lon="9.23055">
				 <ele>13.7</ele>
			 </trkpt>
			 <trkpt lat="44.34294" lon="9.23042">
				 <ele>14.5</ele>
			 </trkpt>
			 <trkpt lat="44.34257" lon="9.23013">
				 <ele>15.1</ele>
			 </trkpt>
			 <trkpt lat="44.34249" lon="9.23005">
				 <ele>15.6</ele>
			 </trkpt>
			 <trkpt lat="44.34242" lon="9.22992">
				 <ele>16.1</ele>
			 </trkpt>
			 <trkpt lat="44.34231" lon="9.2295">
				 <ele>16.5</ele>
			 </trkpt>
			 <trkpt lat="44.34221" lon="9.22905">
				 <ele>16.7</ele>
			 </trkpt>
			 <trkpt lat="44.34211" lon="9.22874">
				 <ele>16.4</ele>
			 </trkpt>
			 <trkpt lat="44.34197" lon="9.22856">
				 <ele>15.6</ele>
			 </trkpt>
			 <trkpt lat="44.3419" lon="9.22852">
				 <ele>15</ele>
			 </trkpt>
			 <trkpt lat="44.34185" lon="9.22851">
				 <ele>14.5</ele>
			 </trkpt>
			 <trkpt lat="44.34161" lon="9.22851">
				 <ele>14.1</ele>
			 </trkpt>
			 <trkpt lat="44.34136" lon="9.22853">
				 <ele>13.5</ele>
			 </trkpt>
			 <trkpt lat="44.34129" lon="9.22851">
				 <ele>12.9</ele>
			 </trkpt>
			 <trkpt lat="44.34122" lon="9.22846">
				 <ele>12.2</ele>
			 </trkpt>
			 <trkpt lat="44.34118" lon="9.22837">
				 <ele>11.5</ele>
			 </trkpt>
			 <trkpt lat="44.3411" lon="9.22818">
				 <ele>10.8</ele>
			 </trkpt>
			 <trkpt lat="44.3411" lon="9.22818">
				 <ele>10.4</ele>
			 </trkpt>
			 <trkpt lat="44.34106" lon="9.22799">
				 <ele>10.1</ele>
			 </trkpt>
			 <trkpt lat="44.34106" lon="9.22787">
				 <ele>9.8</ele>
			 </trkpt>
			 <trkpt lat="44.34108" lon="9.22777">
				 <ele>9.3</ele>
			 </trkpt>
			 <trkpt lat="44.34112" lon="9.22765">
				 <ele>8.7</ele>
			 </trkpt>
			 <trkpt lat="44.34122" lon="9.22739">
				 <ele>8.2</ele>
			 </trkpt>
			 <trkpt lat="44.34124" lon="9.22722">
				 <ele>7.7</ele>
			 </trkpt>
			 <trkpt lat="44.34123" lon="9.22694">
				 <ele>7.2</ele>
			 </trkpt>
			 <trkpt lat="44.34115" lon="9.22613">
				 <ele>6.9</ele>
			 </trkpt>
			 <trkpt lat="44.34116" lon="9.22575">
				 <ele>6.7</ele>
			 </trkpt>
			 <trkpt lat="44.3412" lon="9.22512">
				 <ele>6.7</ele>
			 </trkpt>
			 <trkpt lat="44.34112" lon="9.22421">
				 <ele>6.1</ele>
			 </trkpt>
			 <trkpt lat="44.34087" lon="9.22389">
				 <ele>5.4</ele>
			 </trkpt>
			 <trkpt lat="44.34043" lon="9.22348">
				 <ele>5</ele>
			 </trkpt>
			 <trkpt lat="44.34039" lon="9.22347">
				 <ele>5.6</ele>
			 </trkpt>
			 <trkpt lat="44.34026" lon="9.2237">
				 <ele>6.2</ele>
			 </trkpt>
			 <trkpt lat="44.33978" lon="9.22454">
				 <ele>6.6</ele>
			 </trkpt>
			 <trkpt lat="44.3397" lon="9.22459">
				 <ele>7</ele>
			 </trkpt>
			 <trkpt lat="44.3396" lon="9.22459">
				 <ele>8.1</ele>
			 </trkpt>
			 <trkpt lat="44.33939" lon="9.22449">
				 <ele>9.5</ele>
			 </trkpt>
			 <trkpt lat="44.33917" lon="9.22437">
				 <ele>10.9</ele>
			 </trkpt>
			 <trkpt lat="44.33911" lon="9.22431">
				 <ele>12.5</ele>
			 </trkpt>
			 <trkpt lat="44.33899" lon="9.22409">
				 <ele>14.9</ele>
			 </trkpt>
			 <trkpt lat="44.33872" lon="9.22326">
				 <ele>17.9</ele>
			 </trkpt>
			 <trkpt lat="44.33861" lon="9.22292">
				 <ele>21.1</ele>
			 </trkpt>
			 <trkpt lat="44.33854" lon="9.22281">
				 <ele>23.5</ele>
			 </trkpt>
			 <trkpt lat="44.33824" lon="9.22254">
				 <ele>26.3</ele>
			 </trkpt>
			 <trkpt lat="44.33809" lon="9.22247">
				 <ele>29.3</ele>
			 </trkpt>
			 <trkpt lat="44.33756" lon="9.22233">
				 <ele>32.3</ele>
			 </trkpt>
			 <trkpt lat="44.33704" lon="9.22214">
				 <ele>34.5</ele>
			 </trkpt>
			 <trkpt lat="44.33704" lon="9.22214">
				 <ele>36.5</ele>
			 </trkpt>
			 <trkpt lat="44.3367" lon="9.22202">
				 <ele>38.3</ele>
			 </trkpt>
			 <trkpt lat="44.33643" lon="9.22192">
				 <ele>39.8</ele>
			 </trkpt>
			 <trkpt lat="44.33637" lon="9.22191">
				 <ele>41.1</ele>
			 </trkpt>
			 <trkpt lat="44.33619" lon="9.22193">
				 <ele>41.5</ele>
			 </trkpt>
			 <trkpt lat="44.33606" lon="9.22195">
				 <ele>40.7</ele>
			 </trkpt>
			 <trkpt lat="44.33598" lon="9.22194">
				 <ele>39.9</ele>
			 </trkpt>
			 <trkpt lat="44.33587" lon="9.22188">
				 <ele>38.9</ele>
			 </trkpt>
			 <trkpt lat="44.33582" lon="9.22183">
				 <ele>37.7</ele>
			 </trkpt>
			 <trkpt lat="44.33566" lon="9.22157">
				 <ele>37</ele>
			 </trkpt>
			 <trkpt lat="44.3355" lon="9.22127">
				 <ele>36.2</ele>
			 </trkpt>
			 <trkpt lat="44.3355" lon="9.22115">
				 <ele>35.4</ele>
			 </trkpt>
			 <trkpt lat="44.33552" lon="9.2211">
				 <ele>34.3</ele>
			 </trkpt>
			 <trkpt lat="44.33558" lon="9.22101">
				 <ele>33.4</ele>
			 </trkpt>
			 <trkpt lat="44.33592" lon="9.22068">
				 <ele>32.5</ele>
			 </trkpt>
			 <trkpt lat="44.336" lon="9.22059">
				 <ele>31.5</ele>
			 </trkpt>
			 <trkpt lat="44.33606" lon="9.22051">
				 <ele>31.1</ele>
			 </trkpt>
			 <trkpt lat="44.3361" lon="9.2203">
				 <ele>30.6</ele>
			 </trkpt>
			 <trkpt lat="44.33609" lon="9.22006">
				 <ele>29.9</ele>
			 </trkpt>
			 <trkpt lat="44.33603" lon="9.21978">
				 <ele>29</ele>
			 </trkpt>
			 <trkpt lat="44.3359" lon="9.21936">
				 <ele>27.5</ele>
			 </trkpt>
			 <trkpt lat="44.33586" lon="9.21922">
				 <ele>26.3</ele>
			 </trkpt>
			 <trkpt lat="44.33585" lon="9.21905">
				 <ele>25</ele>
			 </trkpt>
			 <trkpt lat="44.33589" lon="9.21886">
				 <ele>23.8</ele>
			 </trkpt>
			 <trkpt lat="44.33604" lon="9.21868">
				 <ele>22.5</ele>
			 </trkpt>
			 <trkpt lat="44.33627" lon="9.21848">
				 <ele>20.7</ele>
			 </trkpt>
			 <trkpt lat="44.33636" lon="9.21837">
				 <ele>19.2</ele>
			 </trkpt>
			 <trkpt lat="44.33637" lon="9.21834">
				 <ele>17.6</ele>
			 </trkpt>
			 <trkpt lat="44.33636" lon="9.21829">
				 <ele>16.2</ele>
			 </trkpt>
			 <trkpt lat="44.33626" lon="9.21808">
				 <ele>14.8</ele>
			 </trkpt>
			 <trkpt lat="44.33595" lon="9.21761">
				 <ele>13.3</ele>
			 </trkpt>
			 <trkpt lat="44.33587" lon="9.21738">
				 <ele>11.8</ele>
			 </trkpt>
			 <trkpt lat="44.33586" lon="9.21717">
				 <ele>10.3</ele>
			 </trkpt>
			 <trkpt lat="44.33588" lon="9.21687">
				 <ele>8.7</ele>
			 </trkpt>
			 <trkpt lat="44.3359" lon="9.21637">
				 <ele>7.3</ele>
			 </trkpt>
			 <trkpt lat="44.33592" lon="9.21562">
				 <ele>5.9</ele>
			 </trkpt>
			 <trkpt lat="44.3358" lon="9.21508">
				 <ele>5.1</ele>
			 </trkpt>
			 <trkpt lat="44.33571" lon="9.21482">
				 <ele>4.5</ele>
			 </trkpt>
			 <trkpt lat="44.33566" lon="9.21472">
				 <ele>4</ele>
			 </trkpt>
			 <trkpt lat="44.33546" lon="9.21447">
				 <ele>3.5</ele>
			 </trkpt>
			 <trkpt lat="44.3352" lon="9.21416">
				 <ele>3.2</ele>
			 </trkpt>
			 <trkpt lat="44.3352" lon="9.21416">
				 <ele>3.1</ele>
			 </trkpt>
			 <trkpt lat="44.33482" lon="9.21367">
				 <ele>3</ele>
			 </trkpt>
			 <trkpt lat="44.33477" lon="9.21357">
				 <ele>3.1</ele>
			 </trkpt>
			 <trkpt lat="44.33478" lon="9.21356">
				 <ele>3.2</ele>
			 </trkpt>
			 <trkpt lat="44.33479" lon="9.21353">
				 <ele>3.3</ele>
			 </trkpt>
			 <trkpt lat="44.3348" lon="9.2135">
				 <ele>3.3</ele>
			 </trkpt>
			 <trkpt lat="44.3348" lon="9.21338">
				 <ele>3.4</ele>
			 </trkpt>
			 <trkpt lat="44.33474" lon="9.21332">
				 <ele>3.5</ele>
			 </trkpt>
			 <trkpt lat="44.33467" lon="9.21331">
				 <ele>3.5</ele>
			 </trkpt>
			 <trkpt lat="44.33461" lon="9.21338">
				 <ele>3.5</ele>
			 </trkpt>
			 <trkpt lat="44.33459" lon="9.21347">
				 <ele>3.5</ele>
			 </trkpt>
			 <trkpt lat="44.3345" lon="9.21342">
				 <ele>3.5</ele>
			 </trkpt>
			 <trkpt lat="44.33418" lon="9.21339">
				 <ele>3.8</ele>
			 </trkpt>
			 <trkpt lat="44.33373" lon="9.21332">
				 <ele>4.1</ele>
			 </trkpt>
			 <trkpt lat="44.33371" lon="9.21331">
				 <ele>4.4</ele>
			 </trkpt>
			 <trkpt lat="44.33374" lon="9.21319">
				 <ele>4.5</ele>
			 </trkpt>
			 <trkpt lat="44.33374" lon="9.21319">
				 <ele>4.6</ele>
			 </trkpt>
			 <trkpt lat="44.33378" lon="9.21304">
				 <ele>4.8</ele>
			 </trkpt>
			 <trkpt lat="44.33384" lon="9.21304">
				 <ele>4.9</ele>
			 </trkpt>
			 <trkpt lat="44.33408" lon="9.21303">
				 <ele>5.2</ele>
			 </trkpt>
			 <trkpt lat="44.33438" lon="9.21302">
				 <ele>5.5</ele>
			 </trkpt>
			 <trkpt lat="44.33438" lon="9.21302">
				 <ele>5.6</ele>
			 </trkpt>
			 <trkpt lat="44.3345" lon="9.21297">
				 <ele>5.8</ele>
			 </trkpt>
			 <trkpt lat="44.33463" lon="9.21288">
				 <ele>5.8</ele>
			 </trkpt>
			 <trkpt lat="44.33466" lon="9.21284">
				 <ele>5.7</ele>
			 </trkpt>
			 <trkpt lat="44.33466" lon="9.21284">
				 <ele>5.6</ele>
			 </trkpt>
			 <trkpt lat="44.33474" lon="9.21271">
				 <ele>5.7</ele>
			 </trkpt>
			 <trkpt lat="44.33474" lon="9.21256">
				 <ele>5.7</ele>
			 </trkpt>
			 <trkpt lat="44.3347" lon="9.21249">
				 <ele>5.6</ele>
			 </trkpt>
			 <trkpt lat="44.33448" lon="9.21233">
				 <ele>5.5</ele>
			 </trkpt>
			 <trkpt lat="44.33448" lon="9.21233">
				 <ele>5.6</ele>
			 </trkpt>
			 <trkpt lat="44.33433" lon="9.21223">
				 <ele>5.8</ele>
			 </trkpt>
			 <trkpt lat="44.33402" lon="9.21203">
				 <ele>6.1</ele>
			 </trkpt>
			 <trkpt lat="44.33403" lon="9.21195">
				 <ele>6.4</ele>
			 </trkpt>
			 <trkpt lat="44.33403" lon="9.21195">
				 <ele>6.6</ele>
			 </trkpt>
			 <trkpt lat="44.33411" lon="9.21119">
				 <ele>6.8</ele>
			 </trkpt>
			 <trkpt lat="44.33398" lon="9.21113">
				 <ele>6.9</ele>
			 </trkpt>
			 <trkpt lat="44.33398" lon="9.21113">
				 <ele>7</ele>
			 </trkpt>
			 <trkpt lat="44.33389" lon="9.21105">
				 <ele>7.4</ele>
			 </trkpt>
			 <trkpt lat="44.3336" lon="9.21127">
				 <ele>7.4</ele>
			 </trkpt>
			 <trkpt lat="44.33353" lon="9.21141">
				 <ele>7.5</ele>
			 </trkpt>
			 <trkpt lat="44.33349" lon="9.21159">
				 <ele>7.4</ele>
			 </trkpt>
			 <trkpt lat="44.33349" lon="9.21159">
				 <ele>7.2</ele>
			 </trkpt>
			 <trkpt lat="44.33343" lon="9.21176">
				 <ele>7</ele>
			 </trkpt>
			 <trkpt lat="44.33402" lon="9.21203">
				 <ele>6.8</ele>
			 </trkpt>
			 <trkpt lat="44.33396" lon="9.21232">
				 <ele>6.5</ele>
			 </trkpt>
			 <trkpt lat="44.33396" lon="9.21232">
				 <ele>6.1</ele>
			 </trkpt>
			 <trkpt lat="44.33394" lon="9.21252">
				 <ele>5.7</ele>
			 </trkpt>
			 <trkpt lat="44.33398" lon="9.21264">
				 <ele>5.4</ele>
			 </trkpt>
			 <trkpt lat="44.334" lon="9.21265">
				 <ele>4.8</ele>
			 </trkpt>
			 <trkpt lat="44.33378" lon="9.21304">
				 <ele>4.7</ele>
			 </trkpt>
			 <trkpt lat="44.33373" lon="9.21323">
				 <ele>4.7</ele>
			 </trkpt>
			 <trkpt lat="44.33373" lon="9.21323">
				 <ele>4.9</ele>
			 </trkpt>
			 <trkpt lat="44.33371" lon="9.21331">
				 <ele>5.3</ele>
			 </trkpt>
			 <trkpt lat="44.33368" lon="9.21328">
				 <ele>5.6</ele>
			 </trkpt>
			 <trkpt lat="44.3335" lon="9.21308">
				 <ele>6</ele>
			 </trkpt>
			 <trkpt lat="44.33333" lon="9.21302">
				 <ele>6.4</ele>
			 </trkpt>
			 <trkpt lat="44.33325" lon="9.21304">
				 <ele>6.7</ele>
			 </trkpt>
			 <trkpt lat="44.33317" lon="9.21312">
				 <ele>6.9</ele>
			 </trkpt>
			 <trkpt lat="44.33314" lon="9.21319">
				 <ele>7</ele>
			 </trkpt>
			 <trkpt lat="44.33314" lon="9.21319">
				 <ele>7.1</ele>
			 </trkpt>
			 <trkpt lat="44.33303" lon="9.21348">
				 <ele>7.1</ele>
			 </trkpt>
			 <trkpt lat="44.3329" lon="9.21387">
				 <ele>6.9</ele>
			 </trkpt>
			 <trkpt lat="44.3328" lon="9.21399">
				 <ele>6.5</ele>
			 </trkpt>
			 <trkpt lat="44.3325" lon="9.21411">
				 <ele>6</ele>
			 </trkpt>
			 <trkpt lat="44.33237" lon="9.21413">
				 <ele>5.5</ele>
			 </trkpt>
			 <trkpt lat="44.33233" lon="9.21413">
				 <ele>4.9</ele>
			 </trkpt>
			 <trkpt lat="44.33215" lon="9.21405">
				 <ele>4.5</ele>
			 </trkpt>
			 <trkpt lat="44.33202" lon="9.21393">
				 <ele>4.4</ele>
			 </trkpt>
			 <trkpt lat="44.33174" lon="9.21355">
				 <ele>4.5</ele>
			 </trkpt>
			 <trkpt lat="44.33116" lon="9.21276">
				 <ele>4.7</ele>
			 </trkpt>
			 <trkpt lat="44.33096" lon="9.21255">
				 <ele>5</ele>
			 </trkpt>
			 <trkpt lat="44.33084" lon="9.2125">
				 <ele>5.3</ele>
			 </trkpt>
			 <trkpt lat="44.33076" lon="9.21248">
				 <ele>5.6</ele>
			 </trkpt>
			 <trkpt lat="44.33061" lon="9.21251">
				 <ele>6</ele>
			 </trkpt>
			 <trkpt lat="44.33016" lon="9.21269">
				 <ele>6.3</ele>
			 </trkpt>
			 <trkpt lat="44.32995" lon="9.21283">
				 <ele>6.4</ele>
			 </trkpt>
			 <trkpt lat="44.32977" lon="9.21303">
				 <ele>6.5</ele>
			 </trkpt>
			 <trkpt lat="44.3296" lon="9.21328">
				 <ele>6.6</ele>
			 </trkpt>
			 <trkpt lat="44.3296" lon="9.21328">
				 <ele>6.7</ele>
			 </trkpt>
			 <trkpt lat="44.32944" lon="9.21351">
				 <ele>6.8</ele>
			 </trkpt>
			 <trkpt lat="44.32924" lon="9.21383">
				 <ele>6.7</ele>
			 </trkpt>
			 <trkpt lat="44.32908" lon="9.21423">
				 <ele>6.6</ele>
			 </trkpt>
			 <trkpt lat="44.32901" lon="9.21454">
				 <ele>6.6</ele>
			 </trkpt>
			 <trkpt lat="44.32894" lon="9.2147">
				 <ele>6.5</ele>
			 </trkpt>
			 <trkpt lat="44.32888" lon="9.21476">
				 <ele>6.3</ele>
			 </trkpt>
			 <trkpt lat="44.32868" lon="9.21486">
				 <ele>6.2</ele>
			 </trkpt>
			 <trkpt lat="44.32854" lon="9.21492">
				 <ele>6.3</ele>
			 </trkpt>
			 <trkpt lat="44.32819" lon="9.21509">
				 <ele>6.5</ele>
			 </trkpt>
			 <trkpt lat="44.32753" lon="9.21541">
				 <ele>6.5</ele>
			 </trkpt>
			 <trkpt lat="44.32736" lon="9.21541">
				 <ele>6.5</ele>
			 </trkpt>
			 <trkpt lat="44.32715" lon="9.21539">
				 <ele>6.6</ele>
			 </trkpt>
			 <trkpt lat="44.32669" lon="9.21528">
				 <ele>6.7</ele>
			 </trkpt>
			 <trkpt lat="44.32635" lon="9.21523">
				 <ele>6.9</ele>
			 </trkpt>
			 <trkpt lat="44.32621" lon="9.21525">
				 <ele>7.5</ele>
			 </trkpt>
			 <trkpt lat="44.3258" lon="9.21536">
				 <ele>8</ele>
			 </trkpt>
			 <trkpt lat="44.32566" lon="9.21543">
				 <ele>8.5</ele>
			 </trkpt>
			 <trkpt lat="44.32554" lon="9.21552">
				 <ele>8.5</ele>
			 </trkpt>
			 <trkpt lat="44.32539" lon="9.21572">
				 <ele>8.5</ele>
			 </trkpt>
			 <trkpt lat="44.32522" lon="9.21603">
				 <ele>8.2</ele>
			 </trkpt>
			 <trkpt lat="44.32512" lon="9.21618">
				 <ele>8.3</ele>
			 </trkpt>
			 <trkpt lat="44.32498" lon="9.21626">
				 <ele>8.6</ele>
			 </trkpt>
			 <trkpt lat="44.32463" lon="9.21635">
				 <ele>8.8</ele>
			 </trkpt>
			 <trkpt lat="44.32419" lon="9.21641">
				 <ele>8.9</ele>
			 </trkpt>
			 <trkpt lat="44.32407" lon="9.2164">
				 <ele>9.1</ele>
			 </trkpt>
			 <trkpt lat="44.32357" lon="9.21609">
				 <ele>8.6</ele>
			 </trkpt>
			 <trkpt lat="44.32302" lon="9.21577">
				 <ele>8.7</ele>
			 </trkpt>
			 <trkpt lat="44.3229" lon="9.21576">
				 <ele>8.7</ele>
			 </trkpt>
			 <trkpt lat="44.32276" lon="9.21578">
				 <ele>9.1</ele>
			 </trkpt>
			 <trkpt lat="44.32249" lon="9.21578">
				 <ele>10</ele>
			 </trkpt>
			 <trkpt lat="44.32229" lon="9.21571">
				 <ele>10.6</ele>
			 </trkpt>
			 <trkpt lat="44.32176" lon="9.21545">
				 <ele>10.6</ele>
			 </trkpt>
			 <trkpt lat="44.32162" lon="9.21531">
				 <ele>10.3</ele>
			 </trkpt>
			 <trkpt lat="44.3214" lon="9.21496">
				 <ele>10.2</ele>
			 </trkpt>
			 <trkpt lat="44.32122" lon="9.21443">
				 <ele>10.3</ele>
			 </trkpt>
			 <trkpt lat="44.32111" lon="9.21431">
				 <ele>10.1</ele>
			 </trkpt>
			 <trkpt lat="44.32081" lon="9.214">
				 <ele>10.2</ele>
			 </trkpt>
			 <trkpt lat="44.32078" lon="9.21393">
				 <ele>9.7</ele>
			 </trkpt>
			 <trkpt lat="44.3207" lon="9.21372">
				 <ele>9.4</ele>
			 </trkpt>
			 <trkpt lat="44.3207" lon="9.21372">
				 <ele>9.2</ele>
			 </trkpt>
			 <trkpt lat="44.32058" lon="9.21339">
				 <ele>8.5</ele>
			 </trkpt>
			 <trkpt lat="44.3205" lon="9.21304">
				 <ele>8.3</ele>
			 </trkpt>
			 <trkpt lat="44.32045" lon="9.21294">
				 <ele>8.3</ele>
			 </trkpt>
			 <trkpt lat="44.32034" lon="9.21278">
				 <ele>8.5</ele>
			 </trkpt>
			 <trkpt lat="44.32013" lon="9.21255">
				 <ele>8.9</ele>
			 </trkpt>
			 <trkpt lat="44.31967" lon="9.21216">
				 <ele>9</ele>
			 </trkpt>
			 <trkpt lat="44.31925" lon="9.212">
				 <ele>9.3</ele>
			 </trkpt>
			 <trkpt lat="44.31902" lon="9.21193">
				 <ele>9.3</ele>
			 </trkpt>
			 <trkpt lat="44.31862" lon="9.21184">
				 <ele>9.5</ele>
			 </trkpt>
			 <trkpt lat="44.3185" lon="9.21176">
				 <ele>10.2</ele>
			 </trkpt>
			 <trkpt lat="44.31831" lon="9.21165">
				 <ele>10.8</ele>
			 </trkpt>
			 <trkpt lat="44.31812" lon="9.21161">
				 <ele>12.4</ele>
			 </trkpt>
			 <trkpt lat="44.31755" lon="9.21167">
				 <ele>13.9</ele>
			 </trkpt>
			 <trkpt lat="44.31731" lon="9.21167">
				 <ele>15.3</ele>
			 </trkpt>
			 <trkpt lat="44.31641" lon="9.21154">
				 <ele>15.9</ele>
			 </trkpt>
			 <trkpt lat="44.31607" lon="9.2115">
				 <ele>16.3</ele>
			 </trkpt>
			 <trkpt lat="44.31586" lon="9.21153">
				 <ele>17.4</ele>
			 </trkpt>
			 <trkpt lat="44.31557" lon="9.21159">
				 <ele>18.3</ele>
			 </trkpt>
			 <trkpt lat="44.31532" lon="9.21168">
				 <ele>18.6</ele>
			 </trkpt>
			 <trkpt lat="44.31507" lon="9.21178">
				 <ele>19.5</ele>
			 </trkpt>
			 <trkpt lat="44.31493" lon="9.21187">
				 <ele>20.8</ele>
			 </trkpt>
			 <trkpt lat="44.31482" lon="9.21196">
				 <ele>21.6</ele>
			 </trkpt>
			 <trkpt lat="44.31466" lon="9.21214">
				 <ele>20.9</ele>
			 </trkpt>
			 <trkpt lat="44.31441" lon="9.21257">
				 <ele>19.5</ele>
			 </trkpt>
			 <trkpt lat="44.31429" lon="9.21275">
				 <ele>18.2</ele>
			 </trkpt>
			 <trkpt lat="44.31388" lon="9.21329">
				 <ele>17.5</ele>
			 </trkpt>
			 <trkpt lat="44.31365" lon="9.21351">
				 <ele>17</ele>
			 </trkpt>
			 <trkpt lat="44.31324" lon="9.21385">
				 <ele>16.1</ele>
			 </trkpt>
			 <trkpt lat="44.31313" lon="9.21392">
				 <ele>15.4</ele>
			 </trkpt>
			 <trkpt lat="44.31305" lon="9.21394">
				 <ele>15</ele>
			 </trkpt>
			 <trkpt lat="44.31298" lon="9.21393">
				 <ele>13.5</ele>
			 </trkpt>
			 <trkpt lat="44.31288" lon="9.21386">
				 <ele>11.4</ele>
			 </trkpt>
			 <trkpt lat="44.31268" lon="9.21359">
				 <ele>10.1</ele>
			 </trkpt>
			 <trkpt lat="44.31258" lon="9.2135">
				 <ele>9.6</ele>
			 </trkpt>
			 <trkpt lat="44.31245" lon="9.21346">
				 <ele>9.5</ele>
			 </trkpt>
			 <trkpt lat="44.31228" lon="9.21344">
				 <ele>9.5</ele>
			 </trkpt>
			 <trkpt lat="44.31221" lon="9.21341">
				 <ele>9.4</ele>
			 </trkpt>
			 <trkpt lat="44.31218" lon="9.21337">
				 <ele>9.4</ele>
			 </trkpt>
			 <trkpt lat="44.31204" lon="9.21305">
				 <ele>9</ele>
			 </trkpt>
			 <trkpt lat="44.31191" lon="9.21278">
				 <ele>8.5</ele>
			 </trkpt>
			 <trkpt lat="44.31187" lon="9.21273">
				 <ele>8.8</ele>
			 </trkpt>
			 <trkpt lat="44.31179" lon="9.21269">
				 <ele>9.5</ele>
			 </trkpt>
			 <trkpt lat="44.31118" lon="9.21252">
				 <ele>10.5</ele>
			 </trkpt>
			 <trkpt lat="44.31094" lon="9.21242">
				 <ele>10.5</ele>
			 </trkpt>
			 <trkpt lat="44.31086" lon="9.21236">
				 <ele>10.8</ele>
			 </trkpt>
			 <trkpt lat="44.31083" lon="9.21229">
				 <ele>10.8</ele>
			 </trkpt>
			 <trkpt lat="44.31077" lon="9.21206">
				 <ele>10.7</ele>
			 </trkpt>
			 <trkpt lat="44.31079" lon="9.21169">
				 <ele>11.2</ele>
			 </trkpt>
			 <trkpt lat="44.31084" lon="9.21135">
				 <ele>11</ele>
			 </trkpt>
			 <trkpt lat="44.3109" lon="9.21119">
				 <ele>11.1</ele>
			 </trkpt>
			 <trkpt lat="44.31123" lon="9.21052">
				 <ele>11.2</ele>
			 </trkpt>
			 <trkpt lat="44.31142" lon="9.21004">
				 <ele>10.8</ele>
			 </trkpt>
			 <trkpt lat="44.31148" lon="9.20981">
				 <ele>10.2</ele>
			 </trkpt>
			 <trkpt lat="44.31152" lon="9.20956">
				 <ele>9.3</ele>
			 </trkpt>
			 <trkpt lat="44.31152" lon="9.20942">
				 <ele>8.9</ele>
			 </trkpt>
			 <trkpt lat="44.3115" lon="9.20927">
				 <ele>9</ele>
			 </trkpt>
			 <trkpt lat="44.31142" lon="9.20908">
				 <ele>9.9</ele>
			 </trkpt>
			 <trkpt lat="44.3112" lon="9.20876">
				 <ele>10.9</ele>
			 </trkpt>
			 <trkpt lat="44.31114" lon="9.2087">
				 <ele>11.4</ele>
			 </trkpt>
			 <trkpt lat="44.31105" lon="9.20866">
				 <ele>11.4</ele>
			 </trkpt>
			 <trkpt lat="44.31089" lon="9.20865">
				 <ele>11.1</ele>
			 </trkpt>
			 <trkpt lat="44.31071" lon="9.20872">
				 <ele>12.5</ele>
			 </trkpt>
			 <trkpt lat="44.31071" lon="9.20872">
				 <ele>14.3</ele>
			 </trkpt>
			 <trkpt lat="44.31061" lon="9.2088">
				 <ele>16.5</ele>
			 </trkpt>
			 <trkpt lat="44.31041" lon="9.20903">
				 <ele>18.5</ele>
			 </trkpt>
			 <trkpt lat="44.31033" lon="9.20909">
				 <ele>19.5</ele>
			 </trkpt>
			 <trkpt lat="44.30997" lon="9.20927">
				 <ele>19.7</ele>
			 </trkpt>
			 <trkpt lat="44.30986" lon="9.20934">
				 <ele>19.3</ele>
			 </trkpt>
			 <trkpt lat="44.30963" lon="9.20958">
				 <ele>17.9</ele>
			 </trkpt>
			 <trkpt lat="44.30947" lon="9.20981">
				 <ele>16.7</ele>
			 </trkpt>
			 <trkpt lat="44.30937" lon="9.20995">
				 <ele>17.5</ele>
			 </trkpt>
			 <trkpt lat="44.30931" lon="9.20999">
				 <ele>19.6</ele>
			 </trkpt>
			 <trkpt lat="44.30922" lon="9.21001">
				 <ele>20.7</ele>
			 </trkpt>
			 <trkpt lat="44.30903" lon="9.20998">
				 <ele>21.9</ele>
			 </trkpt>
			 <trkpt lat="44.30896" lon="9.20994">
				 <ele>22.9</ele>
			 </trkpt>
			 <trkpt lat="44.30885" lon="9.20985">
				 <ele>24.3</ele>
			 </trkpt>
			 <trkpt lat="44.30869" lon="9.20965">
				 <ele>26.9</ele>
			 </trkpt>
			 <trkpt lat="44.30852" lon="9.20957">
				 <ele>29.8</ele>
			 </trkpt>
			 <trkpt lat="44.30846" lon="9.20956">
				 <ele>32.9</ele>
			 </trkpt>
			 <trkpt lat="44.3084" lon="9.2096">
				 <ele>35.7</ele>
			 </trkpt>
			 <trkpt lat="44.30836" lon="9.20967">
				 <ele>38.1</ele>
			 </trkpt>
			 <trkpt lat="44.30818" lon="9.21008">
				 <ele>39.2</ele>
			 </trkpt>
			 <trkpt lat="44.30808" lon="9.21039">
				 <ele>39.8</ele>
			 </trkpt>
			 <trkpt lat="44.30807" lon="9.21058">
				 <ele>39.3</ele>
			 </trkpt>
			 <trkpt lat="44.30812" lon="9.21145">
				 <ele>38.7</ele>
			 </trkpt>
			 <trkpt lat="44.30809" lon="9.21159">
				 <ele>38.4</ele>
			 </trkpt>
			 <trkpt lat="44.30803" lon="9.21176">
				 <ele>37.7</ele>
			 </trkpt>
			 <trkpt lat="44.30763" lon="9.2124">
				 <ele>36.5</ele>
			 </trkpt>
			 <trkpt lat="44.30749" lon="9.21256">
				 <ele>35.2</ele>
			 </trkpt>
			 <trkpt lat="44.30733" lon="9.21267">
				 <ele>34.1</ele>
			 </trkpt>
			 <trkpt lat="44.30726" lon="9.21273">
				 <ele>34.6</ele>
			 </trkpt>
			 <trkpt lat="44.30722" lon="9.21281">
				 <ele>35.6</ele>
			 </trkpt>
			 <trkpt lat="44.30716" lon="9.21289">
				 <ele>35.9</ele>
			 </trkpt>
			 <trkpt lat="44.30708" lon="9.21295">
				 <ele>35.4</ele>
			 </trkpt>
			 <trkpt lat="44.30692" lon="9.213">
				 <ele>35</ele>
			 </trkpt>
			 <trkpt lat="44.30683" lon="9.21303">
				 <ele>33</ele>
			 </trkpt>
			 <trkpt lat="44.30675" lon="9.21313">
				 <ele>30.9</ele>
			 </trkpt>
			 <trkpt lat="44.30665" lon="9.21353">
				 <ele>29</ele>
			 </trkpt>
			 <trkpt lat="44.30658" lon="9.21367">
				 <ele>27.4</ele>
			 </trkpt>
			 <trkpt lat="44.30638" lon="9.21385">
				 <ele>25.9</ele>
			 </trkpt>
			 <trkpt lat="44.30618" lon="9.21393">
				 <ele>24.2</ele>
			 </trkpt>
			 <trkpt lat="44.30606" lon="9.21388">
				 <ele>21.8</ele>
			 </trkpt>
			 <trkpt lat="44.30596" lon="9.21372">
				 <ele>19.1</ele>
			 </trkpt>
			 <trkpt lat="44.3059" lon="9.21341">
				 <ele>17.7</ele>
			 </trkpt>
			 <trkpt lat="44.30584" lon="9.21326">
				 <ele>16.7</ele>
			 </trkpt>
			 <trkpt lat="44.30577" lon="9.2132">
				 <ele>16.5</ele>
			 </trkpt>
			 <trkpt lat="44.30561" lon="9.21304">
				 <ele>17.1</ele>
			 </trkpt>
			 <trkpt lat="44.30551" lon="9.21283">
				 <ele>17.8</ele>
			 </trkpt>
			 <trkpt lat="44.30548" lon="9.2126">
				 <ele>18.5</ele>
			 </trkpt>
			 <trkpt lat="44.30548" lon="9.2125">
				 <ele>19.3</ele>
			 </trkpt>
			 <trkpt lat="44.30552" lon="9.21217">
				 <ele>20</ele>
			 </trkpt>
			 <trkpt lat="44.30559" lon="9.21179">
				 <ele>21.2</ele>
			 </trkpt>
			 <trkpt lat="44.30558" lon="9.21148">
				 <ele>22.6</ele>
			 </trkpt>
			 <trkpt lat="44.30551" lon="9.21112">
				 <ele>24.2</ele>
			 </trkpt>
			 <trkpt lat="44.30544" lon="9.21102">
				 <ele>25.1</ele>
			 </trkpt>
			 <trkpt lat="44.30536" lon="9.21098">
				 <ele>25.5</ele>
			 </trkpt>
			 <trkpt lat="44.30527" lon="9.21096">
				 <ele>25.4</ele>
			 </trkpt>
			 <trkpt lat="44.3052" lon="9.211">
				 <ele>25.6</ele>
			 </trkpt>
			 <trkpt lat="44.30509" lon="9.21111">
				 <ele>25</ele>
			 </trkpt>
			 <trkpt lat="44.30498" lon="9.21127">
				 <ele>24.1</ele>
			 </trkpt>
			 <trkpt lat="44.30481" lon="9.21143">
				 <ele>22.9</ele>
			 </trkpt>
			 <trkpt lat="44.30474" lon="9.21147">
				 <ele>21.8</ele>
			 </trkpt>
			 <trkpt lat="44.30451" lon="9.21158">
				 <ele>20.7</ele>
			 </trkpt>
			 <trkpt lat="44.30413" lon="9.2118">
				 <ele>19.6</ele>
			 </trkpt>
			 <trkpt lat="44.30407" lon="9.21182">
				 <ele>18.5</ele>
			 </trkpt>
			 <trkpt lat="44.30394" lon="9.21183">
				 <ele>17.7</ele>
			 </trkpt>
			 <trkpt lat="44.30384" lon="9.2118">
				 <ele>17.4</ele>
			 </trkpt>
			 <trkpt lat="44.30374" lon="9.21167">
				 <ele>16.9</ele>
			 </trkpt>
			 <trkpt lat="44.30356" lon="9.2113">
				 <ele>16.5</ele>
			 </trkpt>
			 <trkpt lat="44.30343" lon="9.21094">
				 <ele>17</ele>
			 </trkpt>
			 <trkpt lat="44.30341" lon="9.21076">
				 <ele>18.1</ele>
			 </trkpt>
			 <trkpt lat="44.30344" lon="9.21054">
				 <ele>19.2</ele>
			 </trkpt>
			 <trkpt lat="44.30364" lon="9.20991">
				 <ele>19.8</ele>
			 </trkpt>
			 <trkpt lat="44.30374" lon="9.20973">
				 <ele>19.8</ele>
			 </trkpt>
			 <trkpt lat="44.30388" lon="9.20953">
				 <ele>19.4</ele>
			 </trkpt>
			 <trkpt lat="44.30395" lon="9.20936">
				 <ele>19</ele>
			 </trkpt>
			 <trkpt lat="44.30402" lon="9.20914">
				 <ele>18.5</ele>
			 </trkpt>
			 <trkpt lat="44.30405" lon="9.20893">
				 <ele>18</ele>
			 </trkpt>
			 <trkpt lat="44.30401" lon="9.20858">
				 <ele>17.6</ele>
			 </trkpt>
			 <trkpt lat="44.30406" lon="9.20805">
				 <ele>17.4</ele>
			 </trkpt>
			 <trkpt lat="44.30409" lon="9.20791">
				 <ele>16.8</ele>
			 </trkpt>
			 <trkpt lat="44.30409" lon="9.20791">
				 <ele>16</ele>
			 </trkpt>
			 <trkpt lat="44.30413" lon="9.20778">
				 <ele>15.3</ele>
			 </trkpt>
			 <trkpt lat="44.3041" lon="9.20768">
				 <ele>14.7</ele>
			 </trkpt>
			 <trkpt lat="44.30407" lon="9.20766">
				 <ele>14.5</ele>
			 </trkpt>
			 <trkpt lat="44.30403" lon="9.20767">
				 <ele>14.7</ele>
			 </trkpt>
			 <trkpt lat="44.30399" lon="9.2077">
				 <ele>14.8</ele>
			 </trkpt>
			 <trkpt lat="44.30393" lon="9.20776">
				 <ele>15.1</ele>
			 </trkpt>
			 <trkpt lat="44.30384" lon="9.2079">
				 <ele>14.2</ele>
			 </trkpt>
			 <trkpt lat="44.30382" lon="9.20794">
				 <ele>13.4</ele>
			 </trkpt>
			 <trkpt lat="44.30382" lon="9.20794">
				 <ele>13.6</ele>
			 </trkpt>
			 <trkpt lat="44.30367" lon="9.20819">
				 <ele>13.7</ele>
			 </trkpt>
			 <trkpt lat="44.30343" lon="9.2087">
				 <ele>13.8</ele>
			 </trkpt>
			 <trkpt lat="44.30302" lon="9.20956">
				 <ele>13.8</ele>
			 </trkpt>
			 <trkpt lat="44.30302" lon="9.20956">
				 <ele>13.7</ele>
			 </trkpt>
			 <trkpt lat="44.30343" lon="9.2087">
				 <ele>13.5</ele>
			 </trkpt>
			 <trkpt lat="44.30367" lon="9.20819">
				 <ele>13.4</ele>
			 </trkpt>
			 <trkpt lat="44.30384" lon="9.2079">
				 <ele>13.2</ele>
			 </trkpt>
			 <trkpt lat="44.30393" lon="9.20776">
				 <ele>12.8</ele>
			 </trkpt>
			 <trkpt lat="44.30399" lon="9.2077">
				 <ele>13.7</ele>
			 </trkpt>
			 <trkpt lat="44.30403" lon="9.20767">
				 <ele>14.6</ele>
			 </trkpt>
			 <trkpt lat="44.30407" lon="9.20766">
				 <ele>14.4</ele>
			 </trkpt>
			 <trkpt lat="44.30411" lon="9.20769">
				 <ele>14.5</ele>
			 </trkpt>
			 <trkpt lat="44.30413" lon="9.20775">
				 <ele>14.9</ele>
			 </trkpt>
			 <trkpt lat="44.30413" lon="9.20779">
				 <ele>15.5</ele>
			 </trkpt>
			 <trkpt lat="44.30413" lon="9.20779">
				 <ele>16.4</ele>
			 </trkpt>
			 <trkpt lat="44.30408" lon="9.20794">
				 <ele>17.4</ele>
			 </trkpt>
			 <trkpt lat="44.30401" lon="9.2085">
				 <ele>17.9</ele>
			 </trkpt>
			 <trkpt lat="44.30404" lon="9.20883">
				 <ele>18.3</ele>
			 </trkpt>
			 <trkpt lat="44.30405" lon="9.20893">
				 <ele>18.9</ele>
			 </trkpt>
			 <trkpt lat="44.30404" lon="9.20908">
				 <ele>19.4</ele>
			 </trkpt>
			 <trkpt lat="44.30397" lon="9.20931">
				 <ele>19.8</ele>
			 </trkpt>
			 <trkpt lat="44.30388" lon="9.20953">
				 <ele>20.2</ele>
			 </trkpt>
			 <trkpt lat="44.30367" lon="9.20983">
				 <ele>20.3</ele>
			 </trkpt>
			 <trkpt lat="44.30349" lon="9.21037">
				 <ele>20.1</ele>
			 </trkpt>
			 <trkpt lat="44.30342" lon="9.21062">
				 <ele>19.5</ele>
			 </trkpt>
			 <trkpt lat="44.30341" lon="9.21085">
				 <ele>18.4</ele>
			 </trkpt>
			 <trkpt lat="44.30346" lon="9.21103">
				 <ele>17.2</ele>
			 </trkpt>
			 <trkpt lat="44.30366" lon="9.21151">
				 <ele>16.5</ele>
			 </trkpt>
			 <trkpt lat="44.30377" lon="9.21171">
				 <ele>16.9</ele>
			 </trkpt>
			 <trkpt lat="44.30384" lon="9.2118">
				 <ele>17.3</ele>
			 </trkpt>
			 <trkpt lat="44.30389" lon="9.21183">
				 <ele>18.1</ele>
			 </trkpt>
			 <trkpt lat="44.30394" lon="9.21183">
				 <ele>19</ele>
			 </trkpt>
			 <trkpt lat="44.30407" lon="9.21182">
				 <ele>20.3</ele>
			 </trkpt>
			 <trkpt lat="44.30451" lon="9.21158">
				 <ele>21.5</ele>
			 </trkpt>
			 <trkpt lat="44.30481" lon="9.21143">
				 <ele>22.5</ele>
			 </trkpt>
			 <trkpt lat="44.30498" lon="9.21127">
				 <ele>23.5</ele>
			 </trkpt>
			 <trkpt lat="44.30504" lon="9.21117">
				 <ele>24.5</ele>
			 </trkpt>
			 <trkpt lat="44.30515" lon="9.21104">
				 <ele>25.4</ele>
			 </trkpt>
			 <trkpt lat="44.30523" lon="9.21097">
				 <ele>26.2</ele>
			 </trkpt>
			 <trkpt lat="44.30531" lon="9.21096">
				 <ele>26.2</ele>
			 </trkpt>
			 <trkpt lat="44.30539" lon="9.21099">
				 <ele>25.7</ele>
			 </trkpt>
			 <trkpt lat="44.30548" lon="9.21107">
				 <ele>25.4</ele>
			 </trkpt>
			 <trkpt lat="44.30551" lon="9.21112">
				 <ele>24.5</ele>
			 </trkpt>
			 <trkpt lat="44.30555" lon="9.21126">
				 <ele>23.3</ele>
			 </trkpt>
			 <trkpt lat="44.30559" lon="9.21155">
				 <ele>22.1</ele>
			 </trkpt>
			 <trkpt lat="44.30558" lon="9.2119">
				 <ele>20.5</ele>
			 </trkpt>
			 <trkpt lat="44.30552" lon="9.21217">
				 <ele>19.6</ele>
			 </trkpt>
			 <trkpt lat="44.30548" lon="9.2125">
				 <ele>19.2</ele>
			 </trkpt>
			 <trkpt lat="44.30548" lon="9.21259">
				 <ele>18.8</ele>
			 </trkpt>
			 <trkpt lat="44.30548" lon="9.21259">
				 <ele>18.2</ele>
			 </trkpt>
			 <trkpt lat="44.30552" lon="9.21286">
				 <ele>17.4</ele>
			 </trkpt>
			 <trkpt lat="44.30566" lon="9.21311">
				 <ele>16.7</ele>
			 </trkpt>
			 <trkpt lat="44.30582" lon="9.21324">
				 <ele>15.6</ele>
			 </trkpt>
			 <trkpt lat="44.30589" lon="9.21336">
				 <ele>16</ele>
			 </trkpt>
			 <trkpt lat="44.30595" lon="9.21369">
				 <ele>16.8</ele>
			 </trkpt>
			 <trkpt lat="44.30603" lon="9.21385">
				 <ele>17.7</ele>
			 </trkpt>
			 <trkpt lat="44.30615" lon="9.21393">
				 <ele>19.5</ele>
			 </trkpt>
			 <trkpt lat="44.3062" lon="9.21393">
				 <ele>21.9</ele>
			 </trkpt>
			 <trkpt lat="44.30633" lon="9.21388">
				 <ele>24.1</ele>
			 </trkpt>
			 <trkpt lat="44.30642" lon="9.21383">
				 <ele>25.8</ele>
			 </trkpt>
			 <trkpt lat="44.30653" lon="9.21373">
				 <ele>27.7</ele>
			 </trkpt>
			 <trkpt lat="44.30662" lon="9.21362">
				 <ele>29.7</ele>
			 </trkpt>
			 <trkpt lat="44.30673" lon="9.21317">
				 <ele>31.8</ele>
			 </trkpt>
			 <trkpt lat="44.30681" lon="9.21305">
				 <ele>34</ele>
			 </trkpt>
			 <trkpt lat="44.30688" lon="9.21301">
				 <ele>34.8</ele>
			 </trkpt>
			 <trkpt lat="44.30705" lon="9.21296">
				 <ele>35.4</ele>
			 </trkpt>
			 <trkpt lat="44.30712" lon="9.21292">
				 <ele>36.2</ele>
			 </trkpt>
			 <trkpt lat="44.30718" lon="9.21286">
				 <ele>36.1</ele>
			 </trkpt>
			 <trkpt lat="44.30726" lon="9.21273">
				 <ele>35.3</ele>
			 </trkpt>
			 <trkpt lat="44.30744" lon="9.2126">
				 <ele>34.8</ele>
			 </trkpt>
			 <trkpt lat="44.30759" lon="9.21246">
				 <ele>35.9</ele>
			 </trkpt>
			 <trkpt lat="44.3079" lon="9.21196">
				 <ele>37.2</ele>
			 </trkpt>
			 <trkpt lat="44.30806" lon="9.21168">
				 <ele>38.5</ele>
			 </trkpt>
			 <trkpt lat="44.30811" lon="9.21152">
				 <ele>39</ele>
			 </trkpt>
			 <trkpt lat="44.30812" lon="9.21138">
				 <ele>39.4</ele>
			 </trkpt>
			 <trkpt lat="44.30807" lon="9.21048">
				 <ele>40</ele>
			 </trkpt>
			 <trkpt lat="44.30808" lon="9.21038">
				 <ele>39.8</ele>
			 </trkpt>
			 <trkpt lat="44.30815" lon="9.21016">
				 <ele>38.9</ele>
			 </trkpt>
			 <trkpt lat="44.30838" lon="9.20964">
				 <ele>38.2</ele>
			 </trkpt>
			 <trkpt lat="44.30843" lon="9.20958">
				 <ele>35.5</ele>
			 </trkpt>
			 <trkpt lat="44.30849" lon="9.20956">
				 <ele>33</ele>
			 </trkpt>
			 <trkpt lat="44.30861" lon="9.20961">
				 <ele>29.9</ele>
			 </trkpt>
			 <trkpt lat="44.30874" lon="9.2097">
				 <ele>27.2</ele>
			 </trkpt>
			 <trkpt lat="44.30883" lon="9.20984">
				 <ele>25</ele>
			 </trkpt>
			 <trkpt lat="44.30892" lon="9.20992">
				 <ele>23.9</ele>
			 </trkpt>
			 <trkpt lat="44.30911" lon="9.21">
				 <ele>22.8</ele>
			 </trkpt>
			 <trkpt lat="44.30927" lon="9.21">
				 <ele>21.6</ele>
			 </trkpt>
			 <trkpt lat="44.30935" lon="9.20997">
				 <ele>19.5</ele>
			 </trkpt>
			 <trkpt lat="44.30943" lon="9.20986">
				 <ele>17.5</ele>
			 </trkpt>
			 <trkpt lat="44.30956" lon="9.20966">
				 <ele>16.8</ele>
			 </trkpt>
			 <trkpt lat="44.30979" lon="9.2094">
				 <ele>17.7</ele>
			 </trkpt>
			 <trkpt lat="44.30991" lon="9.2093">
				 <ele>18.6</ele>
			 </trkpt>
			 <trkpt lat="44.31023" lon="9.20915">
				 <ele>18.7</ele>
			 </trkpt>
			 <trkpt lat="44.31037" lon="9.20906">
				 <ele>18.3</ele>
			 </trkpt>
			 <trkpt lat="44.3105" lon="9.20893">
				 <ele>16.8</ele>
			 </trkpt>
			 <trkpt lat="44.3105" lon="9.20893">
				 <ele>14.6</ele>
			 </trkpt>
			 <trkpt lat="44.31066" lon="9.20876">
				 <ele>12.5</ele>
			 </trkpt>
			 <trkpt lat="44.31082" lon="9.20867">
				 <ele>10.9</ele>
			 </trkpt>
			 <trkpt lat="44.31094" lon="9.20865">
				 <ele>10.9</ele>
			 </trkpt>
			 <trkpt lat="44.31103" lon="9.20865">
				 <ele>11.1</ele>
			 </trkpt>
			 <trkpt lat="44.31115" lon="9.20871">
				 <ele>10.5</ele>
			 </trkpt>
			 <trkpt lat="44.31129" lon="9.20888">
				 <ele>10.3</ele>
			 </trkpt>
			 <trkpt lat="44.31141" lon="9.20906">
				 <ele>9.4</ele>
			 </trkpt>
			 <trkpt lat="44.31148" lon="9.20922">
				 <ele>8.6</ele>
			 </trkpt>
			 <trkpt lat="44.31151" lon="9.20933">
				 <ele>8.5</ele>
			 </trkpt>
			 <trkpt lat="44.31152" lon="9.20953">
				 <ele>8.7</ele>
			 </trkpt>
			 <trkpt lat="44.31151" lon="9.20965">
				 <ele>9.5</ele>
			 </trkpt>
			 <trkpt lat="44.31144" lon="9.20998">
				 <ele>10.1</ele>
			 </trkpt>
			 <trkpt lat="44.31125" lon="9.21048">
				 <ele>10.5</ele>
			 </trkpt>
			 <trkpt lat="44.31107" lon="9.21083">
				 <ele>10.9</ele>
			 </trkpt>
			 <trkpt lat="44.31107" lon="9.21083">
				 <ele>11.1</ele>
			 </trkpt>
			 <trkpt lat="44.31088" lon="9.21122">
				 <ele>11</ele>
			 </trkpt>
			 <trkpt lat="44.31082" lon="9.21141">
				 <ele>10.7</ele>
			 </trkpt>
			 <trkpt lat="44.31078" lon="9.21181">
				 <ele>10.4</ele>
			 </trkpt>
			 <trkpt lat="44.31078" lon="9.21214">
				 <ele>10.6</ele>
			 </trkpt>
			 <trkpt lat="44.31084" lon="9.21232">
				 <ele>10.5</ele>
			 </trkpt>
			 <trkpt lat="44.3109" lon="9.2124">
				 <ele>10.2</ele>
			 </trkpt>
			 <trkpt lat="44.31099" lon="9.21244">
				 <ele>9.8</ele>
			 </trkpt>
			 <trkpt lat="44.3111" lon="9.21249">
				 <ele>10.1</ele>
			 </trkpt>
			 <trkpt lat="44.31154" lon="9.21261">
				 <ele>9.6</ele>
			 </trkpt>
			 <trkpt lat="44.31183" lon="9.2127">
				 <ele>8.9</ele>
			 </trkpt>
			 <trkpt lat="44.31189" lon="9.21275">
				 <ele>8.4</ele>
			 </trkpt>
			 <trkpt lat="44.31193" lon="9.21281">
				 <ele>8.7</ele>
			 </trkpt>
			 <trkpt lat="44.31209" lon="9.21316">
				 <ele>9.1</ele>
			 </trkpt>
			 <trkpt lat="44.31219" lon="9.21339">
				 <ele>9.6</ele>
			 </trkpt>
			 <trkpt lat="44.31225" lon="9.21343">
				 <ele>9.5</ele>
			 </trkpt>
			 <trkpt lat="44.31233" lon="9.21345">
				 <ele>9.6</ele>
			 </trkpt>
			 <trkpt lat="44.31251" lon="9.21348">
				 <ele>10.5</ele>
			 </trkpt>
			 <trkpt lat="44.31269" lon="9.21359">
				 <ele>12.1</ele>
			 </trkpt>
			 <trkpt lat="44.31291" lon="9.21389">
				 <ele>13.4</ele>
			 </trkpt>
			 <trkpt lat="44.31301" lon="9.21394">
				 <ele>13.8</ele>
			 </trkpt>
			 <trkpt lat="44.31313" lon="9.21392">
				 <ele>15.4</ele>
			 </trkpt>
			 <trkpt lat="44.3133" lon="9.2138">
				 <ele>16.9</ele>
			 </trkpt>
			 <trkpt lat="44.31374" lon="9.21343">
				 <ele>17.3</ele>
			 </trkpt>
			 <trkpt lat="44.31399" lon="9.21316">
				 <ele>18.2</ele>
			 </trkpt>
			 <trkpt lat="44.3144" lon="9.21259">
				 <ele>19.3</ele>
			 </trkpt>
			 <trkpt lat="44.31463" lon="9.21217">
				 <ele>20.5</ele>
			 </trkpt>
			 <trkpt lat="44.31477" lon="9.21201">
				 <ele>20.9</ele>
			 </trkpt>
			 <trkpt lat="44.315" lon="9.21183">
				 <ele>20.5</ele>
			 </trkpt>
			 <trkpt lat="44.31518" lon="9.21174">
				 <ele>19</ele>
			 </trkpt>
			 <trkpt lat="44.31545" lon="9.21163">
				 <ele>17.4</ele>
			 </trkpt>
			 <trkpt lat="44.31588" lon="9.21153">
				 <ele>17</ele>
			 </trkpt>
			 <trkpt lat="44.31607" lon="9.2115">
				 <ele>16.1</ele>
			 </trkpt>
			 <trkpt lat="44.31622" lon="9.21151">
				 <ele>15</ele>
			 </trkpt>
			 <trkpt lat="44.31687" lon="9.21161">
				 <ele>14.6</ele>
			 </trkpt>
			 <trkpt lat="44.31737" lon="9.21167">
				 <ele>13.8</ele>
			 </trkpt>
			 <trkpt lat="44.31765" lon="9.21166">
				 <ele>12.5</ele>
			 </trkpt>
			 <trkpt lat="44.31812" lon="9.21161">
				 <ele>11.3</ele>
			 </trkpt>
			 <trkpt lat="44.31823" lon="9.21162">
				 <ele>10.7</ele>
			 </trkpt>
			 <trkpt lat="44.31838" lon="9.21168">
				 <ele>10.2</ele>
			 </trkpt>
			 <trkpt lat="44.31855" lon="9.2118">
				 <ele>9.8</ele>
			 </trkpt>
			 <trkpt lat="44.31871" lon="9.21187">
				 <ele>9.4</ele>
			 </trkpt>
			 <trkpt lat="44.31904" lon="9.21193">
				 <ele>9.1</ele>
			 </trkpt>
			 <trkpt lat="44.31938" lon="9.21205">
				 <ele>8.8</ele>
			 </trkpt>
			 <trkpt lat="44.31962" lon="9.21214">
				 <ele>8.5</ele>
			 </trkpt>
			 <trkpt lat="44.31962" lon="9.21214">
				 <ele>8.3</ele>
			 </trkpt>
			 <trkpt lat="44.31973" lon="9.21222">
				 <ele>8</ele>
			 </trkpt>
			 <trkpt lat="44.31994" lon="9.2124">
				 <ele>7.8</ele>
			 </trkpt>
			 <trkpt lat="44.32008" lon="9.21251">
				 <ele>8</ele>
			 </trkpt>
			 <trkpt lat="44.32023" lon="9.21266">
				 <ele>7.8</ele>
			 </trkpt>
			 <trkpt lat="44.32048" lon="9.21298">
				 <ele>8.2</ele>
			 </trkpt>
			 <trkpt lat="44.32053" lon="9.21314">
				 <ele>8.9</ele>
			 </trkpt>
			 <trkpt lat="44.32061" lon="9.2135">
				 <ele>9.4</ele>
			 </trkpt>
			 <trkpt lat="44.32068" lon="9.21367">
				 <ele>9.8</ele>
			 </trkpt>
			 <trkpt lat="44.32081" lon="9.214">
				 <ele>10.3</ele>
			 </trkpt>
			 <trkpt lat="44.32111" lon="9.21431">
				 <ele>10.4</ele>
			 </trkpt>
			 <trkpt lat="44.32122" lon="9.21443">
				 <ele>10.5</ele>
			 </trkpt>
			 <trkpt lat="44.3214" lon="9.21496">
				 <ele>10.5</ele>
			 </trkpt>
			 <trkpt lat="44.32162" lon="9.21531">
				 <ele>10.6</ele>
			 </trkpt>
			 <trkpt lat="44.32176" lon="9.21545">
				 <ele>10.5</ele>
			 </trkpt>
			 <trkpt lat="44.32223" lon="9.21568">
				 <ele>10.7</ele>
			 </trkpt>
			 <trkpt lat="44.32241" lon="9.21575">
				 <ele>10.5</ele>
			 </trkpt>
			 <trkpt lat="44.32262" lon="9.21578">
				 <ele>10</ele>
			 </trkpt>
			 <trkpt lat="44.32288" lon="9.21577">
				 <ele>9.5</ele>
			 </trkpt>
			 <trkpt lat="44.32288" lon="9.21577">
				 <ele>9</ele>
			 </trkpt>
			 <trkpt lat="44.32295" lon="9.21576">
				 <ele>8.3</ele>
			 </trkpt>
			 <trkpt lat="44.3231" lon="9.21582">
				 <ele>8.2</ele>
			 </trkpt>
			 <trkpt lat="44.32372" lon="9.21618">
				 <ele>8.1</ele>
			 </trkpt>
			 <trkpt lat="44.32401" lon="9.21638">
				 <ele>8.2</ele>
			 </trkpt>
			 <trkpt lat="44.32414" lon="9.21641">
				 <ele>8.5</ele>
			 </trkpt>
			 <trkpt lat="44.32427" lon="9.2164">
				 <ele>8.7</ele>
			 </trkpt>
			 <trkpt lat="44.32463" lon="9.21635">
				 <ele>8.3</ele>
			 </trkpt>
			 <trkpt lat="44.32484" lon="9.21629">
				 <ele>8.1</ele>
			 </trkpt>
			 <trkpt lat="44.32507" lon="9.21623">
				 <ele>7.9</ele>
			 </trkpt>
			 <trkpt lat="44.32512" lon="9.21618">
				 <ele>8</ele>
			 </trkpt>
			 <trkpt lat="44.32526" lon="9.21596">
				 <ele>8.2</ele>
			 </trkpt>
			 <trkpt lat="44.32548" lon="9.21557">
				 <ele>8.3</ele>
			 </trkpt>
			 <trkpt lat="44.32561" lon="9.21546">
				 <ele>8.2</ele>
			 </trkpt>
			 <trkpt lat="44.32587" lon="9.21534">
				 <ele>7.9</ele>
			 </trkpt>
			 <trkpt lat="44.32627" lon="9.21524">
				 <ele>7.5</ele>
			 </trkpt>
			 <trkpt lat="44.32646" lon="9.21525">
				 <ele>7</ele>
			 </trkpt>
			 <trkpt lat="44.32715" lon="9.21539">
				 <ele>6.5</ele>
			 </trkpt>
			 <trkpt lat="44.32744" lon="9.21542">
				 <ele>6.7</ele>
			 </trkpt>
			 <trkpt lat="44.32759" lon="9.21539">
				 <ele>6.5</ele>
			 </trkpt>
			 <trkpt lat="44.32829" lon="9.21503">
				 <ele>6.3</ele>
			 </trkpt>
			 <trkpt lat="44.32856" lon="9.21491">
				 <ele>6.3</ele>
			 </trkpt>
			 <trkpt lat="44.32888" lon="9.21476">
				 <ele>6.3</ele>
			 </trkpt>
			 <trkpt lat="44.32897" lon="9.21463">
				 <ele>6.4</ele>
			 </trkpt>
			 <trkpt lat="44.32911" lon="9.21414">
				 <ele>6.5</ele>
			 </trkpt>
			 <trkpt lat="44.32921" lon="9.2139">
				 <ele>6.5</ele>
			 </trkpt>
			 <trkpt lat="44.32933" lon="9.21366">
				 <ele>6.4</ele>
			 </trkpt>
			 <trkpt lat="44.32977" lon="9.21303">
				 <ele>6.3</ele>
			 </trkpt>
			 <trkpt lat="44.32995" lon="9.21283">
				 <ele>6</ele>
			 </trkpt>
			 <trkpt lat="44.33016" lon="9.21269">
				 <ele>5.6</ele>
			 </trkpt>
			 <trkpt lat="44.33061" lon="9.21251">
				 <ele>5.5</ele>
			 </trkpt>
			 <trkpt lat="44.33076" lon="9.21248">
				 <ele>5.5</ele>
			 </trkpt>
			 <trkpt lat="44.33084" lon="9.2125">
				 <ele>5.3</ele>
			 </trkpt>
			 <trkpt lat="44.33096" lon="9.21255">
				 <ele>5</ele>
			 </trkpt>
			 <trkpt lat="44.33116" lon="9.21276">
				 <ele>4.7</ele>
			 </trkpt>
			 <trkpt lat="44.33163" lon="9.21341">
				 <ele>4.5</ele>
			 </trkpt>
			 <trkpt lat="44.33202" lon="9.21393">
				 <ele>4.4</ele>
			 </trkpt>
			 <trkpt lat="44.33215" lon="9.21405">
				 <ele>4.5</ele>
			 </trkpt>
			 <trkpt lat="44.33227" lon="9.21411">
				 <ele>4.9</ele>
			 </trkpt>
			 <trkpt lat="44.33237" lon="9.21413">
				 <ele>5.5</ele>
			 </trkpt>
			 <trkpt lat="44.3325" lon="9.21411">
				 <ele>5.8</ele>
			 </trkpt>
			 <trkpt lat="44.3328" lon="9.21399">
				 <ele>6</ele>
			 </trkpt>
			 <trkpt lat="44.3329" lon="9.21387">
				 <ele>6.1</ele>
			 </trkpt>
			 <trkpt lat="44.33303" lon="9.21348">
				 <ele>6.1</ele>
			 </trkpt>
			 <trkpt lat="44.33317" lon="9.21312">
				 <ele>6</ele>
			 </trkpt>
			 <trkpt lat="44.33325" lon="9.21304">
				 <ele>5.9</ele>
			 </trkpt>
			 <trkpt lat="44.33333" lon="9.21302">
				 <ele>6</ele>
			 </trkpt>
			 <trkpt lat="44.33339" lon="9.21303">
				 <ele>6</ele>
			 </trkpt>
			 <trkpt lat="44.3335" lon="9.21308">
				 <ele>5.6</ele>
			 </trkpt>
			 <trkpt lat="44.33368" lon="9.21328">
				 <ele>5</ele>
			 </trkpt>
			 <trkpt lat="44.33373" lon="9.21332">
				 <ele>4.5</ele>
			 </trkpt>
			 <trkpt lat="44.33406" lon="9.21337">
				 <ele>4.2</ele>
			 </trkpt>
			 <trkpt lat="44.33406" lon="9.21337">
				 <ele>4.2</ele>
			 </trkpt>
			 <trkpt lat="44.33373" lon="9.21332">
				 <ele>4.5</ele>
			 </trkpt>
			 <trkpt lat="44.33368" lon="9.21328">
				 <ele>5</ele>
			 </trkpt>
			 <trkpt lat="44.3335" lon="9.21308">
				 <ele>5.6</ele>
			 </trkpt>
			 <trkpt lat="44.33339" lon="9.21303">
				 <ele>6</ele>
			 </trkpt>
			 <trkpt lat="44.33333" lon="9.21302">
				 <ele>6</ele>
			 </trkpt>
			 <trkpt lat="44.33325" lon="9.21304">
				 <ele>5.9</ele>
			 </trkpt>
			 <trkpt lat="44.33317" lon="9.21312">
				 <ele>6</ele>
			 </trkpt>
			 <trkpt lat="44.33303" lon="9.21348">
				 <ele>6.1</ele>
			 </trkpt>
			 <trkpt lat="44.3329" lon="9.21387">
				 <ele>6.1</ele>
			 </trkpt>
			 <trkpt lat="44.3328" lon="9.21399">
				 <ele>6</ele>
			 </trkpt>
			 <trkpt lat="44.3325" lon="9.21411">
				 <ele>5.8</ele>
			 </trkpt>
			 <trkpt lat="44.33237" lon="9.21413">
				 <ele>5.5</ele>
			 </trkpt>
			 <trkpt lat="44.33227" lon="9.21411">
				 <ele>4.9</ele>
			 </trkpt>
			 <trkpt lat="44.33215" lon="9.21405">
				 <ele>4.5</ele>
			 </trkpt>
			 <trkpt lat="44.33202" lon="9.21393">
				 <ele>4.4</ele>
			 </trkpt>
			 <trkpt lat="44.33163" lon="9.21341">
				 <ele>4.5</ele>
			 </trkpt>
			 <trkpt lat="44.33116" lon="9.21276">
				 <ele>4.7</ele>
			 </trkpt>
			 <trkpt lat="44.33096" lon="9.21255">
				 <ele>5</ele>
			 </trkpt>
			 <trkpt lat="44.33084" lon="9.2125">
				 <ele>5.3</ele>
			 </trkpt>
			 <trkpt lat="44.33076" lon="9.21248">
				 <ele>5.5</ele>
			 </trkpt>
			 <trkpt lat="44.33061" lon="9.21251">
				 <ele>5.5</ele>
			 </trkpt>
			 <trkpt lat="44.33016" lon="9.21269">
				 <ele>5.6</ele>
			 </trkpt>
			 <trkpt lat="44.32995" lon="9.21283">
				 <ele>6</ele>
			 </trkpt>
			 <trkpt lat="44.32977" lon="9.21303">
				 <ele>6.3</ele>
			 </trkpt>
			 <trkpt lat="44.32933" lon="9.21366">
				 <ele>6.4</ele>
			 </trkpt>
			 <trkpt lat="44.32921" lon="9.2139">
				 <ele>6.5</ele>
			 </trkpt>
			 <trkpt lat="44.32911" lon="9.21414">
				 <ele>6.5</ele>
			 </trkpt>
			 <trkpt lat="44.32897" lon="9.21463">
				 <ele>6.4</ele>
			 </trkpt>
			 <trkpt lat="44.32888" lon="9.21476">
				 <ele>6.3</ele>
			 </trkpt>
			 <trkpt lat="44.32856" lon="9.21491">
				 <ele>6.3</ele>
			 </trkpt>
			 <trkpt lat="44.32829" lon="9.21503">
				 <ele>6.3</ele>
			 </trkpt>
			 <trkpt lat="44.32759" lon="9.21539">
				 <ele>6.5</ele>
			 </trkpt>
			 <trkpt lat="44.32744" lon="9.21542">
				 <ele>6.7</ele>
			 </trkpt>
			 <trkpt lat="44.32715" lon="9.21539">
				 <ele>6.5</ele>
			 </trkpt>
			 <trkpt lat="44.32646" lon="9.21525">
				 <ele>7</ele>
			 </trkpt>
			 <trkpt lat="44.32627" lon="9.21524">
				 <ele>7.5</ele>
			 </trkpt>
			 <trkpt lat="44.32587" lon="9.21534">
				 <ele>7.9</ele>
			 </trkpt>
			 <trkpt lat="44.32561" lon="9.21546">
				 <ele>8.2</ele>
			 </trkpt>
			 <trkpt lat="44.32548" lon="9.21557">
				 <ele>8.3</ele>
			 </trkpt>
			 <trkpt lat="44.32526" lon="9.21596">
				 <ele>8.2</ele>
			 </trkpt>
			 <trkpt lat="44.32512" lon="9.21618">
				 <ele>8</ele>
			 </trkpt>
			 <trkpt lat="44.32507" lon="9.21623">
				 <ele>7.9</ele>
			 </trkpt>
			 <trkpt lat="44.32484" lon="9.21629">
				 <ele>8.1</ele>
			 </trkpt>
			 <trkpt lat="44.32463" lon="9.21635">
				 <ele>8.3</ele>
			 </trkpt>
			 <trkpt lat="44.32427" lon="9.2164">
				 <ele>8.7</ele>
			 </trkpt>
			 <trkpt lat="44.32414" lon="9.21641">
				 <ele>8.4</ele>
			 </trkpt>
			 <trkpt lat="44.32401" lon="9.21638">
				 <ele>8.3</ele>
			 </trkpt>
			 <trkpt lat="44.32372" lon="9.21618">
				 <ele>8.2</ele>
			 </trkpt>
			 <trkpt lat="44.3231" lon="9.21582">
				 <ele>8.2</ele>
			 </trkpt>
			 <trkpt lat="44.32295" lon="9.21576">
				 <ele>8.3</ele>
			 </trkpt>
			 <trkpt lat="44.32287" lon="9.21577">
				 <ele>9</ele>
			 </trkpt>
			 <trkpt lat="44.32258" lon="9.21578">
				 <ele>9.6</ele>
			 </trkpt>
			 <trkpt lat="44.32244" lon="9.21576">
				 <ele>10.5</ele>
			 </trkpt>
			 <trkpt lat="44.32237" lon="9.21574">
				 <ele>10.7</ele>
			 </trkpt>
			 <trkpt lat="44.32205" lon="9.2156">
				 <ele>11.2</ele>
			 </trkpt>
			 <trkpt lat="44.32176" lon="9.21545">
				 <ele>11.5</ele>
			 </trkpt>
			 <trkpt lat="44.32167" lon="9.21538">
				 <ele>11.5</ele>
			 </trkpt>
			 <trkpt lat="44.3215" lon="9.2151">
				 <ele>11.2</ele>
			 </trkpt>
			 <trkpt lat="44.3214" lon="9.21496">
				 <ele>11.2</ele>
			 </trkpt>
			 <trkpt lat="44.32125" lon="9.2145">
				 <ele>11.1</ele>
			 </trkpt>
			 <trkpt lat="44.32118" lon="9.21438">
				 <ele>11.3</ele>
			 </trkpt>
			 <trkpt lat="44.32083" lon="9.21403">
				 <ele>10.8</ele>
			 </trkpt>
			 <trkpt lat="44.32079" lon="9.21396">
				 <ele>10.5</ele>
			 </trkpt>
			 <trkpt lat="44.32064" lon="9.21359">
				 <ele>9.5</ele>
			 </trkpt>
			 <trkpt lat="44.32058" lon="9.21339">
				 <ele>9.3</ele>
			 </trkpt>
			 <trkpt lat="44.32052" lon="9.2131">
				 <ele>8.7</ele>
			 </trkpt>
			 <trkpt lat="44.32045" lon="9.21294">
				 <ele>8.2</ele>
			 </trkpt>
			 <trkpt lat="44.32019" lon="9.21261">
				 <ele>8.5</ele>
			 </trkpt>
			 <trkpt lat="44.31983" lon="9.2123">
				 <ele>8.8</ele>
			 </trkpt>
			 <trkpt lat="44.3196" lon="9.21213">
				 <ele>8.8</ele>
			 </trkpt>
			 <trkpt lat="44.3191" lon="9.21196">
				 <ele>9.1</ele>
			 </trkpt>
			 <trkpt lat="44.31902" lon="9.21193">
				 <ele>9</ele>
			 </trkpt>
			 <trkpt lat="44.31862" lon="9.21184">
				 <ele>9.3</ele>
			 </trkpt>
			 <trkpt lat="44.31842" lon="9.2117">
				 <ele>9.8</ele>
			 </trkpt>
			 <trkpt lat="44.31831" lon="9.21165">
				 <ele>10.7</ele>
			 </trkpt>
			 <trkpt lat="44.31812" lon="9.21161">
				 <ele>12.5</ele>
			 </trkpt>
			 <trkpt lat="44.31743" lon="9.21168">
				 <ele>14.2</ele>
			 </trkpt>
			 <trkpt lat="44.31695" lon="9.21163">
				 <ele>15.5</ele>
			 </trkpt>
			 <trkpt lat="44.31641" lon="9.21154">
				 <ele>15.8</ele>
			 </trkpt>
			 <trkpt lat="44.31607" lon="9.2115">
				 <ele>16.6</ele>
			 </trkpt>
			 <trkpt lat="44.3156" lon="9.21158">
				 <ele>17.6</ele>
			 </trkpt>
			 <trkpt lat="44.3156" lon="9.21158">
				 <ele>17.8</ele>
			 </trkpt>
			 <trkpt lat="44.31518" lon="9.21174">
				 <ele>19.4</ele>
			 </trkpt>
			 <trkpt lat="44.315" lon="9.21183">
				 <ele>21</ele>
			 </trkpt>
			 <trkpt lat="44.31486" lon="9.21192">
				 <ele>22.3</ele>
			 </trkpt>
			 <trkpt lat="44.31463" lon="9.21217">
				 <ele>23</ele>
			 </trkpt>
			 <trkpt lat="44.3144" lon="9.21259">
				 <ele>21.8</ele>
			 </trkpt>
			 <trkpt lat="44.31416" lon="9.21294">
				 <ele>20.2</ele>
			 </trkpt>
			 <trkpt lat="44.31399" lon="9.21316">
				 <ele>19.2</ele>
			 </trkpt>
			 <trkpt lat="44.31383" lon="9.21334">
				 <ele>18.8</ele>
			 </trkpt>
			 <trkpt lat="44.31357" lon="9.21357">
				 <ele>18.1</ele>
			 </trkpt>
			 <trkpt lat="44.31321" lon="9.21387">
				 <ele>17.3</ele>
			 </trkpt>
			 <trkpt lat="44.31309" lon="9.21393">
				 <ele>16.7</ele>
			 </trkpt>
			 <trkpt lat="44.31295" lon="9.21392">
				 <ele>14.7</ele>
			 </trkpt>
			 <trkpt lat="44.31287" lon="9.21385">
				 <ele>12.8</ele>
			 </trkpt>
			 <trkpt lat="44.31266" lon="9.21356">
				 <ele>11.6</ele>
			 </trkpt>
			 <trkpt lat="44.31253" lon="9.21348">
				 <ele>10.4</ele>
			 </trkpt>
			 <trkpt lat="44.31243" lon="9.21346">
				 <ele>9.9</ele>
			 </trkpt>
			 <trkpt lat="44.31225" lon="9.21343">
				 <ele>10</ele>
			 </trkpt>
			 <trkpt lat="44.31219" lon="9.21339">
				 <ele>10</ele>
			 </trkpt>
			 <trkpt lat="44.31216" lon="9.21333">
				 <ele>9.5</ele>
			 </trkpt>
			 <trkpt lat="44.31199" lon="9.21294">
				 <ele>9</ele>
			 </trkpt>
			 <trkpt lat="44.31189" lon="9.21275">
				 <ele>9</ele>
			 </trkpt>
			 <trkpt lat="44.31183" lon="9.2127">
				 <ele>9.5</ele>
			 </trkpt>
			 <trkpt lat="44.31164" lon="9.21264">
				 <ele>10.1</ele>
			 </trkpt>
			 <trkpt lat="44.3111" lon="9.21249">
				 <ele>10.6</ele>
			 </trkpt>
			 <trkpt lat="44.3109" lon="9.2124">
				 <ele>10.4</ele>
			 </trkpt>
			 <trkpt lat="44.31083" lon="9.21229">
				 <ele>10.7</ele>
			 </trkpt>
			 <trkpt lat="44.31078" lon="9.21214">
				 <ele>10.6</ele>
			 </trkpt>
			 <trkpt lat="44.31077" lon="9.21197">
				 <ele>10.6</ele>
			 </trkpt>
			 <trkpt lat="44.3108" lon="9.21156">
				 <ele>10.6</ele>
			 </trkpt>
			 <trkpt lat="44.31085" lon="9.21132">
				 <ele>10.8</ele>
			 </trkpt>
			 <trkpt lat="44.31092" lon="9.21114">
				 <ele>11</ele>
			 </trkpt>
			 <trkpt lat="44.31125" lon="9.21048">
				 <ele>10.6</ele>
			 </trkpt>
			 <trkpt lat="44.31144" lon="9.20998">
				 <ele>10.3</ele>
			 </trkpt>
			 <trkpt lat="44.31151" lon="9.20965">
				 <ele>9.7</ele>
			 </trkpt>
			 <trkpt lat="44.31152" lon="9.20953">
				 <ele>8.9</ele>
			 </trkpt>
			 <trkpt lat="44.31151" lon="9.20933">
				 <ele>8.6</ele>
			 </trkpt>
			 <trkpt lat="44.31148" lon="9.20922">
				 <ele>8.6</ele>
			 </trkpt>
			 <trkpt lat="44.31141" lon="9.20906">
				 <ele>9.4</ele>
			 </trkpt>
			 <trkpt lat="44.31129" lon="9.20888">
				 <ele>10.3</ele>
			 </trkpt>
			 <trkpt lat="44.31115" lon="9.20871">
				 <ele>10.5</ele>
			 </trkpt>
			 <trkpt lat="44.31103" lon="9.20865">
				 <ele>10.3</ele>
			 </trkpt>
			 <trkpt lat="44.31094" lon="9.20865">
				 <ele>11.7</ele>
			 </trkpt>
			 <trkpt lat="44.31082" lon="9.20867">
				 <ele>13.5</ele>
			 </trkpt>
			 <trkpt lat="44.31066" lon="9.20876">
				 <ele>15.4</ele>
			 </trkpt>
			 <trkpt lat="44.3105" lon="9.20894">
				 <ele>17.5</ele>
			 </trkpt>
			 <trkpt lat="44.31033" lon="9.20909">
				 <ele>19</ele>
			 </trkpt>
			 <trkpt lat="44.30997" lon="9.20927">
				 <ele>19.7</ele>
			 </trkpt>
			 <trkpt lat="44.30986" lon="9.20934">
				 <ele>19.7</ele>
			 </trkpt>
			 <trkpt lat="44.30963" lon="9.20958">
				 <ele>18.6</ele>
			 </trkpt>
			 <trkpt lat="44.3095" lon="9.20975">
				 <ele>17.4</ele>
			 </trkpt>
			 <trkpt lat="44.3094" lon="9.20992">
				 <ele>18.6</ele>
			 </trkpt>
			 <trkpt lat="44.30931" lon="9.20999">
				 <ele>20.7</ele>
			 </trkpt>
			 <trkpt lat="44.30922" lon="9.21001">
				 <ele>21.5</ele>
			 </trkpt>
			 <trkpt lat="44.30903" lon="9.20998">
				 <ele>22.6</ele>
			 </trkpt>
			 <trkpt lat="44.30888" lon="9.20989">
				 <ele>23.6</ele>
			 </trkpt>
			 <trkpt lat="44.30877" lon="9.20975">
				 <ele>24.9</ele>
			 </trkpt>
			 <trkpt lat="44.30869" lon="9.20965">
				 <ele>27.4</ele>
			 </trkpt>
			 <trkpt lat="44.30858" lon="9.20959">
				 <ele>30.3</ele>
			 </trkpt>
			 <trkpt lat="44.30846" lon="9.20956">
				 <ele>33.4</ele>
			 </trkpt>
			 <trkpt lat="44.3084" lon="9.2096">
				 <ele>36.2</ele>
			 </trkpt>
			 <trkpt lat="44.30836" lon="9.20967">
				 <ele>38.5</ele>
			 </trkpt>
			 <trkpt lat="44.30811" lon="9.21027">
				 <ele>38.8</ele>
			 </trkpt>
			 <trkpt lat="44.30808" lon="9.21039">
				 <ele>39.7</ele>
			 </trkpt>
			 <trkpt lat="44.30807" lon="9.21058">
				 <ele>40</ele>
			 </trkpt>
			 <trkpt lat="44.30812" lon="9.21145">
				 <ele>39.2</ele>
			 </trkpt>
			 <trkpt lat="44.30809" lon="9.21159">
				 <ele>38.6</ele>
			 </trkpt>
			 <trkpt lat="44.30803" lon="9.21176">
				 <ele>38.1</ele>
			 </trkpt>
			 <trkpt lat="44.3078" lon="9.21214">
				 <ele>36.8</ele>
			 </trkpt>
			 <trkpt lat="44.30763" lon="9.2124">
				 <ele>35.5</ele>
			 </trkpt>
			 <trkpt lat="44.30749" lon="9.21256">
				 <ele>34.4</ele>
			 </trkpt>
			 <trkpt lat="44.30733" lon="9.21267">
				 <ele>34.7</ele>
			 </trkpt>
			 <trkpt lat="44.30726" lon="9.21273">
				 <ele>35.7</ele>
			 </trkpt>
			 <trkpt lat="44.30722" lon="9.21281">
				 <ele>36.9</ele>
			 </trkpt>
			 <trkpt lat="44.30716" lon="9.21289">
				 <ele>36.4</ele>
			 </trkpt>
			 <trkpt lat="44.30708" lon="9.21295">
				 <ele>35.8</ele>
			 </trkpt>
			 <trkpt lat="44.30685" lon="9.21302">
				 <ele>35.6</ele>
			 </trkpt>
			 <trkpt lat="44.3068" lon="9.21305">
				 <ele>35</ele>
			 </trkpt>
			 <trkpt lat="44.30675" lon="9.21313">
				 <ele>33.2</ele>
			 </trkpt>
			 <trkpt lat="44.30665" lon="9.21353">
				 <ele>31.1</ele>
			 </trkpt>
			 <trkpt lat="44.30658" lon="9.21367">
				 <ele>29</ele>
			 </trkpt>
			 <trkpt lat="44.30648" lon="9.21378">
				 <ele>27</ele>
			 </trkpt>
			 <trkpt lat="44.30638" lon="9.21385">
				 <ele>24.6</ele>
			 </trkpt>
			 <trkpt lat="44.30626" lon="9.21391">
				 <ele>22</ele>
			 </trkpt>
			 <trkpt lat="44.30618" lon="9.21393">
				 <ele>19.7</ele>
			 </trkpt>
			 <trkpt lat="44.30612" lon="9.21392">
				 <ele>18.3</ele>
			 </trkpt>
			 <trkpt lat="44.30606" lon="9.21388">
				 <ele>16.9</ele>
			 </trkpt>
			 <trkpt lat="44.30601" lon="9.21382">
				 <ele>15.5</ele>
			 </trkpt>
			 <trkpt lat="44.30594" lon="9.21366">
				 <ele>14.6</ele>
			 </trkpt>
			 <trkpt lat="44.30587" lon="9.21332">
				 <ele>14.9</ele>
			 </trkpt>
			 <trkpt lat="44.30577" lon="9.2132">
				 <ele>16</ele>
			 </trkpt>
			 <trkpt lat="44.30561" lon="9.21304">
				 <ele>16.6</ele>
			 </trkpt>
			 <trkpt lat="44.30551" lon="9.21283">
				 <ele>17.5</ele>
			 </trkpt>
			 <trkpt lat="44.30548" lon="9.2126">
				 <ele>18.2</ele>
			 </trkpt>
			 <trkpt lat="44.30548" lon="9.2125">
				 <ele>18.9</ele>
			 </trkpt>
			 <trkpt lat="44.30552" lon="9.21217">
				 <ele>19.4</ele>
			 </trkpt>
			 <trkpt lat="44.30558" lon="9.2119">
				 <ele>20.2</ele>
			 </trkpt>
			 <trkpt lat="44.30559" lon="9.21155">
				 <ele>21.5</ele>
			 </trkpt>
			 <trkpt lat="44.30555" lon="9.21126">
				 <ele>23.2</ele>
			 </trkpt>
			 <trkpt lat="44.30551" lon="9.21112">
				 <ele>24.5</ele>
			 </trkpt>
			 <trkpt lat="44.30548" lon="9.21107">
				 <ele>25.4</ele>
			 </trkpt>
			 <trkpt lat="44.30539" lon="9.21099">
				 <ele>25.7</ele>
			 </trkpt>
			 <trkpt lat="44.30531" lon="9.21096">
				 <ele>26.2</ele>
			 </trkpt>
			 <trkpt lat="44.30523" lon="9.21097">
				 <ele>26.2</ele>
			 </trkpt>
			 <trkpt lat="44.30515" lon="9.21104">
				 <ele>25.4</ele>
			 </trkpt>
			 <trkpt lat="44.30504" lon="9.21117">
				 <ele>24.5</ele>
			 </trkpt>
			 <trkpt lat="44.30498" lon="9.21127">
				 <ele>23.5</ele>
			 </trkpt>
			 <trkpt lat="44.30481" lon="9.21143">
				 <ele>22.5</ele>
			 </trkpt>
			 <trkpt lat="44.30451" lon="9.21158">
				 <ele>21.5</ele>
			 </trkpt>
			 <trkpt lat="44.30407" lon="9.21182">
				 <ele>20.3</ele>
			 </trkpt>
			 <trkpt lat="44.30394" lon="9.21183">
				 <ele>19</ele>
			 </trkpt>
			 <trkpt lat="44.30389" lon="9.21183">
				 <ele>18.1</ele>
			 </trkpt>
			 <trkpt lat="44.30384" lon="9.2118">
				 <ele>17.3</ele>
			 </trkpt>
			 <trkpt lat="44.30377" lon="9.21171">
				 <ele>16.5</ele>
			 </trkpt>
			 <trkpt lat="44.30366" lon="9.21151">
				 <ele>16.1</ele>
			 </trkpt>
			 <trkpt lat="44.30346" lon="9.21103">
				 <ele>16.8</ele>
			 </trkpt>
			 <trkpt lat="44.30341" lon="9.21085">
				 <ele>18</ele>
			 </trkpt>
			 <trkpt lat="44.30342" lon="9.21062">
				 <ele>19.1</ele>
			 </trkpt>
			 <trkpt lat="44.30357" lon="9.21012">
				 <ele>19.7</ele>
			 </trkpt>
			 <trkpt lat="44.30367" lon="9.20983">
				 <ele>19.9</ele>
			 </trkpt>
			 <trkpt lat="44.30388" lon="9.20953">
				 <ele>20</ele>
			 </trkpt>
			 <trkpt lat="44.30397" lon="9.20931">
				 <ele>19.9</ele>
			 </trkpt>
			 <trkpt lat="44.30404" lon="9.20908">
				 <ele>19.5</ele>
			 </trkpt>
			 <trkpt lat="44.30405" lon="9.20893">
				 <ele>19</ele>
			 </trkpt>
			 <trkpt lat="44.30404" lon="9.20883">
				 <ele>18.8</ele>
			 </trkpt>
			 <trkpt lat="44.30402" lon="9.20865">
				 <ele>18.5</ele>
			 </trkpt>
			 <trkpt lat="44.30401" lon="9.2085">
				 <ele>17.8</ele>
			 </trkpt>
			 <trkpt lat="44.30405" lon="9.2081">
				 <ele>16.8</ele>
			 </trkpt>
			 <trkpt lat="44.30405" lon="9.2081">
				 <ele>15.8</ele>
			 </trkpt>
			 <trkpt lat="44.30411" lon="9.20785">
				 <ele>15.2</ele>
			 </trkpt>
			 <trkpt lat="44.30413" lon="9.20775">
				 <ele>14.8</ele>
			 </trkpt>
			 <trkpt lat="44.30411" lon="9.20769">
				 <ele>14.5</ele>
			 </trkpt>
			 <trkpt lat="44.30407" lon="9.20766">
				 <ele>14.5</ele>
			 </trkpt>
			 <trkpt lat="44.30403" lon="9.20767">
				 <ele>14.1</ele>
			 </trkpt>
			 <trkpt lat="44.30399" lon="9.2077">
				 <ele>13.4</ele>
			 </trkpt>
			 <trkpt lat="44.30393" lon="9.20776">
				 <ele>12.6</ele>
			 </trkpt>
			 <trkpt lat="44.30367" lon="9.20819">
				 <ele>12.6</ele>
			 </trkpt>
			 <trkpt lat="44.30343" lon="9.2087">
				 <ele>12.9</ele>
			 </trkpt>
			 <trkpt lat="44.30313" lon="9.20931">
				 <ele>13</ele>
			 </trkpt>
			 <trkpt lat="44.30305" lon="9.20948">
				 <ele>13.1</ele>
			 </trkpt>
			 <trkpt lat="44.30305" lon="9.20948">
				 <ele>13.3</ele>
			 </trkpt>
			 <trkpt lat="44.30322" lon="9.2091">
				 <ele>13.1</ele>
			 </trkpt>
			 <trkpt lat="44.30353" lon="9.20849">
				 <ele>13</ele>
			 </trkpt>
			 <trkpt lat="44.30367" lon="9.20819">
				 <ele>12.6</ele>
			 </trkpt>
			 <trkpt lat="44.3038" lon="9.20799">
				 <ele>13</ele>
			 </trkpt>
			 <trkpt lat="44.30389" lon="9.20781">
				 <ele>13.7</ele>
			 </trkpt>
			 <trkpt lat="44.30401" lon="9.20768">
				 <ele>14.5</ele>
			 </trkpt>
			 <trkpt lat="44.30407" lon="9.20766">
				 <ele>14.8</ele>
			 </trkpt>
			 <trkpt lat="44.30412" lon="9.20772">
				 <ele>15.2</ele>
			 </trkpt>
			 <trkpt lat="44.30413" lon="9.20778">
				 <ele>15.8</ele>
			 </trkpt>
			 <trkpt lat="44.30413" lon="9.20778">
				 <ele>16.7</ele>
			 </trkpt>
			 <trkpt lat="44.30408" lon="9.20794">
				 <ele>17.5</ele>
			 </trkpt>
			 <trkpt lat="44.30401" lon="9.2085">
				 <ele>18</ele>
			 </trkpt>
			 <trkpt lat="44.30404" lon="9.20883">
				 <ele>18.3</ele>
			 </trkpt>
			 <trkpt lat="44.30405" lon="9.20893">
				 <ele>18.9</ele>
			 </trkpt>
			 <trkpt lat="44.30404" lon="9.20908">
				 <ele>19.4</ele>
			 </trkpt>
			 <trkpt lat="44.30397" lon="9.20931">
				 <ele>19.8</ele>
			 </trkpt>
			 <trkpt lat="44.30388" lon="9.20953">
				 <ele>20.2</ele>
			 </trkpt>
			 <trkpt lat="44.30367" lon="9.20983">
				 <ele>20.3</ele>
			 </trkpt>
			 <trkpt lat="44.30349" lon="9.21037">
				 <ele>20.1</ele>
			 </trkpt>
			 <trkpt lat="44.30342" lon="9.21062">
				 <ele>19.5</ele>
			 </trkpt>
			 <trkpt lat="44.30341" lon="9.21085">
				 <ele>18.4</ele>
			 </trkpt>
			 <trkpt lat="44.30346" lon="9.21103">
				 <ele>17.2</ele>
			 </trkpt>
			 <trkpt lat="44.30366" lon="9.21151">
				 <ele>16.5</ele>
			 </trkpt>
			 <trkpt lat="44.30377" lon="9.21171">
				 <ele>16.9</ele>
			 </trkpt>
			 <trkpt lat="44.30384" lon="9.2118">
				 <ele>17.3</ele>
			 </trkpt>
			 <trkpt lat="44.30389" lon="9.21183">
				 <ele>18.1</ele>
			 </trkpt>
			 <trkpt lat="44.30394" lon="9.21183">
				 <ele>19</ele>
			 </trkpt>
			 <trkpt lat="44.30407" lon="9.21182">
				 <ele>20.3</ele>
			 </trkpt>
			 <trkpt lat="44.30451" lon="9.21158">
				 <ele>21.5</ele>
			 </trkpt>
			 <trkpt lat="44.30481" lon="9.21143">
				 <ele>22.5</ele>
			 </trkpt>
			 <trkpt lat="44.30498" lon="9.21127">
				 <ele>23.5</ele>
			 </trkpt>
			 <trkpt lat="44.30504" lon="9.21117">
				 <ele>24.5</ele>
			 </trkpt>
			 <trkpt lat="44.30515" lon="9.21104">
				 <ele>25.4</ele>
			 </trkpt>
			 <trkpt lat="44.30523" lon="9.21097">
				 <ele>26.2</ele>
			 </trkpt>
			 <trkpt lat="44.30531" lon="9.21096">
				 <ele>26.2</ele>
			 </trkpt>
			 <trkpt lat="44.30539" lon="9.21099">
				 <ele>25.7</ele>
			 </trkpt>
			 <trkpt lat="44.30548" lon="9.21107">
				 <ele>25.4</ele>
			 </trkpt>
			 <trkpt lat="44.30551" lon="9.21112">
				 <ele>24.5</ele>
			 </trkpt>
			 <trkpt lat="44.30555" lon="9.21126">
				 <ele>23.2</ele>
			 </trkpt>
			 <trkpt lat="44.30559" lon="9.21155">
				 <ele>21.5</ele>
			 </trkpt>
			 <trkpt lat="44.30558" lon="9.2119">
				 <ele>20.2</ele>
			 </trkpt>
			 <trkpt lat="44.30552" lon="9.21217">
				 <ele>19.4</ele>
			 </trkpt>
			 <trkpt lat="44.30548" lon="9.2125">
				 <ele>18.9</ele>
			 </trkpt>
			 <trkpt lat="44.30548" lon="9.2126">
				 <ele>18.2</ele>
			 </trkpt>
			 <trkpt lat="44.30551" lon="9.21283">
				 <ele>17.5</ele>
			 </trkpt>
			 <trkpt lat="44.30561" lon="9.21304">
				 <ele>16.6</ele>
			 </trkpt>
			 <trkpt lat="44.30577" lon="9.2132">
				 <ele>16</ele>
			 </trkpt>
			 <trkpt lat="44.30587" lon="9.21332">
				 <ele>14.9</ele>
			 </trkpt>
			 <trkpt lat="44.30594" lon="9.21366">
				 <ele>14.6</ele>
			 </trkpt>
			 <trkpt lat="44.30601" lon="9.21382">
				 <ele>15.5</ele>
			 </trkpt>
			 <trkpt lat="44.30606" lon="9.21388">
				 <ele>16.9</ele>
			 </trkpt>
			 <trkpt lat="44.30612" lon="9.21392">
				 <ele>18.3</ele>
			 </trkpt>
			 <trkpt lat="44.30618" lon="9.21393">
				 <ele>19.7</ele>
			 </trkpt>
			 <trkpt lat="44.30626" lon="9.21391">
				 <ele>22</ele>
			 </trkpt>
			 <trkpt lat="44.30638" lon="9.21385">
				 <ele>24.6</ele>
			 </trkpt>
			 <trkpt lat="44.30648" lon="9.21378">
				 <ele>27</ele>
			 </trkpt>
			 <trkpt lat="44.30658" lon="9.21367">
				 <ele>29</ele>
			 </trkpt>
			 <trkpt lat="44.30665" lon="9.21353">
				 <ele>31.1</ele>
			 </trkpt>
			 <trkpt lat="44.30675" lon="9.21313">
				 <ele>33.3</ele>
			 </trkpt>
			 <trkpt lat="44.3068" lon="9.21305">
				 <ele>34.9</ele>
			 </trkpt>
			 <trkpt lat="44.30685" lon="9.21302">
				 <ele>35.3</ele>
			 </trkpt>
			 <trkpt lat="44.30708" lon="9.21295">
				 <ele>35.9</ele>
			 </trkpt>
			 <trkpt lat="44.30722" lon="9.21281">
				 <ele>36.7</ele>
			 </trkpt>
			 <trkpt lat="44.30726" lon="9.21273">
				 <ele>36.5</ele>
			 </trkpt>
			 <trkpt lat="44.30733" lon="9.21267">
				 <ele>35.5</ele>
			 </trkpt>
			 <trkpt lat="44.30749" lon="9.21256">
				 <ele>34.7</ele>
			 </trkpt>
			 <trkpt lat="44.30763" lon="9.2124">
				 <ele>34.9</ele>
			 </trkpt>
			 <trkpt lat="44.3078" lon="9.21214">
				 <ele>35.5</ele>
			 </trkpt>
			 <trkpt lat="44.30803" lon="9.21176">
				 <ele>36.7</ele>
			 </trkpt>
			 <trkpt lat="44.30809" lon="9.21159">
				 <ele>37.9</ele>
			 </trkpt>
			 <trkpt lat="44.30812" lon="9.21145">
				 <ele>39.3</ele>
			 </trkpt>
			 <trkpt lat="44.30809" lon="9.21091">
				 <ele>40.4</ele>
			 </trkpt>
			 <trkpt lat="44.30809" lon="9.21091">
				 <ele>40.7</ele>
			 </trkpt>
			 <trkpt lat="44.30807" lon="9.21048">
				 <ele>40.7</ele>
			 </trkpt>
			 <trkpt lat="44.30808" lon="9.21038">
				 <ele>41.3</ele>
			 </trkpt>
			 <trkpt lat="44.30815" lon="9.21016">
				 <ele>41.3</ele>
			 </trkpt>
			 <trkpt lat="44.30834" lon="9.2097">
				 <ele>40.6</ele>
			 </trkpt>
			 <trkpt lat="44.30843" lon="9.20958">
				 <ele>38.2</ele>
			 </trkpt>
			 <trkpt lat="44.30849" lon="9.20956">
				 <ele>34.8</ele>
			 </trkpt>
			 <trkpt lat="44.30855" lon="9.20958">
				 <ele>31.3</ele>
			 </trkpt>
			 <trkpt lat="44.30861" lon="9.20961">
				 <ele>28.2</ele>
			 </trkpt>
			 <trkpt lat="44.30874" lon="9.2097">
				 <ele>25.6</ele>
			 </trkpt>
			 <trkpt lat="44.30886" lon="9.20987">
				 <ele>24.3</ele>
			 </trkpt>
			 <trkpt lat="44.30901" lon="9.20997">
				 <ele>23.2</ele>
			 </trkpt>
			 <trkpt lat="44.30911" lon="9.21">
				 <ele>22</ele>
			 </trkpt>
			 <trkpt lat="44.30927" lon="9.21">
				 <ele>19.5</ele>
			 </trkpt>
			 <trkpt lat="44.30938" lon="9.20994">
				 <ele>17.4</ele>
			 </trkpt>
			 <trkpt lat="44.3095" lon="9.20975">
				 <ele>16.6</ele>
			 </trkpt>
			 <trkpt lat="44.30979" lon="9.2094">
				 <ele>16.9</ele>
			 </trkpt>
			 <trkpt lat="44.30991" lon="9.2093">
				 <ele>17.9</ele>
			 </trkpt>
			 <trkpt lat="44.31023" lon="9.20915">
				 <ele>18.1</ele>
			 </trkpt>
			 <trkpt lat="44.31045" lon="9.209">
				 <ele>17.5</ele>
			 </trkpt>
			 <trkpt lat="44.31065" lon="9.20877">
				 <ele>16</ele>
			 </trkpt>
			 <trkpt lat="44.31076" lon="9.2087">
				 <ele>13.9</ele>
			 </trkpt>
			 <trkpt lat="44.31089" lon="9.20865">
				 <ele>12</ele>
			 </trkpt>
			 <trkpt lat="44.31099" lon="9.20864">
				 <ele>10.4</ele>
			 </trkpt>
			 <trkpt lat="44.31105" lon="9.20866">
				 <ele>10.5</ele>
			 </trkpt>
			 <trkpt lat="44.31114" lon="9.2087">
				 <ele>10.5</ele>
			 </trkpt>
			 <trkpt lat="44.3112" lon="9.20876">
				 <ele>9.9</ele>
			 </trkpt>
			 <trkpt lat="44.31137" lon="9.20898">
				 <ele>9.1</ele>
			 </trkpt>
			 <trkpt lat="44.31142" lon="9.20908">
				 <ele>8.5</ele>
			 </trkpt>
			 <trkpt lat="44.3115" lon="9.20927">
				 <ele>8.7</ele>
			 </trkpt>
			 <trkpt lat="44.31152" lon="9.20956">
				 <ele>9.3</ele>
			 </trkpt>
			 <trkpt lat="44.31148" lon="9.20981">
				 <ele>10.1</ele>
			 </trkpt>
			 <trkpt lat="44.31142" lon="9.21004">
				 <ele>10.8</ele>
			 </trkpt>
			 <trkpt lat="44.31123" lon="9.21052">
				 <ele>11.3</ele>
			 </trkpt>
			 <trkpt lat="44.31104" lon="9.21089">
				 <ele>11.6</ele>
			 </trkpt>
			 <trkpt lat="44.31094" lon="9.2111">
				 <ele>11.8</ele>
			 </trkpt>
			 <trkpt lat="44.31088" lon="9.21125">
				 <ele>11.7</ele>
			 </trkpt>
			 <trkpt lat="44.31081" lon="9.21149">
				 <ele>11.2</ele>
			 </trkpt>
			 <trkpt lat="44.31077" lon="9.21184">
				 <ele>10.9</ele>
			 </trkpt>
			 <trkpt lat="44.31077" lon="9.21206">
				 <ele>11.1</ele>
			 </trkpt>
			 <trkpt lat="44.3108" lon="9.21223">
				 <ele>10.8</ele>
			 </trkpt>
			 <trkpt lat="44.31086" lon="9.21236">
				 <ele>10.4</ele>
			 </trkpt>
			 <trkpt lat="44.31094" lon="9.21242">
				 <ele>9.9</ele>
			 </trkpt>
			 <trkpt lat="44.31109" lon="9.21249">
				 <ele>9.5</ele>
			 </trkpt>
			 <trkpt lat="44.31128" lon="9.21254">
				 <ele>9.5</ele>
			 </trkpt>
			 <trkpt lat="44.31128" lon="9.21254">
				 <ele>9.4</ele>
			 </trkpt>
			 <trkpt lat="44.31179" lon="9.21269">
				 <ele>8.8</ele>
			 </trkpt>
			 <trkpt lat="44.31187" lon="9.21273">
				 <ele>8.5</ele>
			 </trkpt>
			 <trkpt lat="44.31191" lon="9.21278">
				 <ele>8.5</ele>
			 </trkpt>
			 <trkpt lat="44.31204" lon="9.21305">
				 <ele>9.3</ele>
			 </trkpt>
			 <trkpt lat="44.31218" lon="9.21337">
				 <ele>9.4</ele>
			 </trkpt>
			 <trkpt lat="44.31221" lon="9.21341">
				 <ele>9.4</ele>
			 </trkpt>
			 <trkpt lat="44.31228" lon="9.21344">
				 <ele>9.5</ele>
			 </trkpt>
			 <trkpt lat="44.31245" lon="9.21346">
				 <ele>9.5</ele>
			 </trkpt>
			 <trkpt lat="44.31258" lon="9.2135">
				 <ele>9.6</ele>
			 </trkpt>
			 <trkpt lat="44.31268" lon="9.21359">
				 <ele>10.1</ele>
			 </trkpt>
			 <trkpt lat="44.31288" lon="9.21386">
				 <ele>11.4</ele>
			 </trkpt>
			 <trkpt lat="44.31298" lon="9.21393">
				 <ele>13.5</ele>
			 </trkpt>
			 <trkpt lat="44.31305" lon="9.21394">
				 <ele>15</ele>
			 </trkpt>
			 <trkpt lat="44.31313" lon="9.21392">
				 <ele>15.4</ele>
			 </trkpt>
			 <trkpt lat="44.31324" lon="9.21385">
				 <ele>16.1</ele>
			 </trkpt>
			 <trkpt lat="44.31365" lon="9.21351">
				 <ele>17</ele>
			 </trkpt>
			 <trkpt lat="44.31388" lon="9.21329">
				 <ele>17.5</ele>
			 </trkpt>
			 <trkpt lat="44.31429" lon="9.21275">
				 <ele>18.2</ele>
			 </trkpt>
			 <trkpt lat="44.31441" lon="9.21257">
				 <ele>19.5</ele>
			 </trkpt>
			 <trkpt lat="44.31466" lon="9.21214">
				 <ele>20.9</ele>
			 </trkpt>
			 <trkpt lat="44.31482" lon="9.21196">
				 <ele>21.6</ele>
			 </trkpt>
			 <trkpt lat="44.31493" lon="9.21187">
				 <ele>20.5</ele>
			 </trkpt>
			 <trkpt lat="44.31507" lon="9.21178">
				 <ele>18.9</ele>
			 </trkpt>
			 <trkpt lat="44.31532" lon="9.21168">
				 <ele>18.1</ele>
			 </trkpt>
			 <trkpt lat="44.31557" lon="9.21159">
				 <ele>17.7</ele>
			 </trkpt>
			 <trkpt lat="44.31586" lon="9.21153">
				 <ele>16.8</ele>
			 </trkpt>
			 <trkpt lat="44.31613" lon="9.21151">
				 <ele>15.7</ele>
			 </trkpt>
			 <trkpt lat="44.31613" lon="9.21151">
				 <ele>15.3</ele>
			 </trkpt>
			 <trkpt lat="44.31695" lon="9.21163">
				 <ele>14.6</ele>
			 </trkpt>
			 <trkpt lat="44.31743" lon="9.21168">
				 <ele>13.3</ele>
			 </trkpt>
			 <trkpt lat="44.31812" lon="9.21161">
				 <ele>11.6</ele>
			 </trkpt>
			 <trkpt lat="44.31831" lon="9.21165">
				 <ele>10.2</ele>
			 </trkpt>
			 <trkpt lat="44.31842" lon="9.2117">
				 <ele>9.6</ele>
			 </trkpt>
			 <trkpt lat="44.31862" lon="9.21184">
				 <ele>9.3</ele>
			 </trkpt>
			 <trkpt lat="44.31902" lon="9.21193">
				 <ele>9</ele>
			 </trkpt>
			 <trkpt lat="44.3191" lon="9.21196">
				 <ele>9.1</ele>
			 </trkpt>
			 <trkpt lat="44.3196" lon="9.21213">
				 <ele>8.8</ele>
			 </trkpt>
			 <trkpt lat="44.31983" lon="9.2123">
				 <ele>8.8</ele>
			 </trkpt>
			 <trkpt lat="44.32019" lon="9.21261">
				 <ele>8.5</ele>
			 </trkpt>
			 <trkpt lat="44.32045" lon="9.21294">
				 <ele>8.2</ele>
			 </trkpt>
			 <trkpt lat="44.32052" lon="9.2131">
				 <ele>8.7</ele>
			 </trkpt>
			 <trkpt lat="44.32058" lon="9.21339">
				 <ele>9.3</ele>
			 </trkpt>
			 <trkpt lat="44.32064" lon="9.21359">
				 <ele>9.5</ele>
			 </trkpt>
			 <trkpt lat="44.32079" lon="9.21396">
				 <ele>10.5</ele>
			 </trkpt>
			 <trkpt lat="44.32083" lon="9.21403">
				 <ele>10.8</ele>
			 </trkpt>
			 <trkpt lat="44.32118" lon="9.21438">
				 <ele>11.3</ele>
			 </trkpt>
			 <trkpt lat="44.32125" lon="9.2145">
				 <ele>11.1</ele>
			 </trkpt>
			 <trkpt lat="44.3214" lon="9.21496">
				 <ele>11.1</ele>
			 </trkpt>
			 <trkpt lat="44.3215" lon="9.2151">
				 <ele>10.9</ele>
			 </trkpt>
			 <trkpt lat="44.32167" lon="9.21538">
				 <ele>11.1</ele>
			 </trkpt>
			 <trkpt lat="44.32176" lon="9.21545">
				 <ele>11.3</ele>
			 </trkpt>
			 <trkpt lat="44.32205" lon="9.2156">
				 <ele>10.9</ele>
			 </trkpt>
			 <trkpt lat="44.32223" lon="9.21568">
				 <ele>10.7</ele>
			 </trkpt>
			 <trkpt lat="44.32223" lon="9.21568">
				 <ele>10.4</ele>
			 </trkpt>
			 <trkpt lat="44.32241" lon="9.21575">
				 <ele>9.7</ele>
			 </trkpt>
			 <trkpt lat="44.32262" lon="9.21578">
				 <ele>9</ele>
			 </trkpt>
			 <trkpt lat="44.3229" lon="9.21576">
				 <ele>8.3</ele>
			 </trkpt>
			 <trkpt lat="44.32302" lon="9.21577">
				 <ele>8.2</ele>
			 </trkpt>
			 <trkpt lat="44.32341" lon="9.21599">
				 <ele>8.5</ele>
			 </trkpt>
			 <trkpt lat="44.32374" lon="9.21619">
				 <ele>8.8</ele>
			 </trkpt>
			 <trkpt lat="44.32407" lon="9.2164">
				 <ele>9</ele>
			 </trkpt>
			 <trkpt lat="44.32419" lon="9.21641">
				 <ele>8.8</ele>
			 </trkpt>
			 <trkpt lat="44.32463" lon="9.21635">
				 <ele>8.5</ele>
			 </trkpt>
			 <trkpt lat="44.32498" lon="9.21626">
				 <ele>8.2</ele>
			 </trkpt>
			 <trkpt lat="44.32512" lon="9.21618">
				 <ele>8.3</ele>
			 </trkpt>
			 <trkpt lat="44.32516" lon="9.21613">
				 <ele>8.1</ele>
			 </trkpt>
			 <trkpt lat="44.32539" lon="9.21572">
				 <ele>8.4</ele>
			 </trkpt>
			 <trkpt lat="44.32554" lon="9.21552">
				 <ele>8.5</ele>
			 </trkpt>
			 <trkpt lat="44.32566" lon="9.21543">
				 <ele>8.5</ele>
			 </trkpt>
			 <trkpt lat="44.3258" lon="9.21536">
				 <ele>8.2</ele>
			 </trkpt>
			 <trkpt lat="44.32608" lon="9.21529">
				 <ele>7.6</ele>
			 </trkpt>
			 <trkpt lat="44.3262" lon="9.21525">
				 <ele>7.1</ele>
			 </trkpt>
			 <trkpt lat="44.3262" lon="9.21525">
				 <ele>6.9</ele>
			 </trkpt>
			 <trkpt lat="44.32627" lon="9.21524">
				 <ele>6.8</ele>
			 </trkpt>
			 <trkpt lat="44.32646" lon="9.21525">
				 <ele>6.6</ele>
			 </trkpt>
			 <trkpt lat="44.32715" lon="9.21539">
				 <ele>6.5</ele>
			 </trkpt>
			 <trkpt lat="44.32744" lon="9.21542">
				 <ele>6.6</ele>
			 </trkpt>
			 <trkpt lat="44.32759" lon="9.21539">
				 <ele>6.5</ele>
			 </trkpt>
			 <trkpt lat="44.32778" lon="9.21529">
				 <ele>6.4</ele>
			 </trkpt>
			 <trkpt lat="44.32846" lon="9.21496">
				 <ele>6.1</ele>
			 </trkpt>
			 <trkpt lat="44.32888" lon="9.21476">
				 <ele>6.1</ele>
			 </trkpt>
			 <trkpt lat="44.32897" lon="9.21463">
				 <ele>6.2</ele>
			 </trkpt>
			 <trkpt lat="44.32904" lon="9.21441">
				 <ele>6.3</ele>
			 </trkpt>
			 <trkpt lat="44.32911" lon="9.21414">
				 <ele>6.4</ele>
			 </trkpt>
			 <trkpt lat="44.32921" lon="9.2139">
				 <ele>6.4</ele>
			 </trkpt>
			 <trkpt lat="44.32946" lon="9.21347">
				 <ele>6.4</ele>
			 </trkpt>
			 <trkpt lat="44.32977" lon="9.21303">
				 <ele>6.2</ele>
			 </trkpt>
			 <trkpt lat="44.32995" lon="9.21283">
				 <ele>5.8</ele>
			 </trkpt>
			 <trkpt lat="44.33016" lon="9.21269">
				 <ele>5.6</ele>
			 </trkpt>
			 <trkpt lat="44.33061" lon="9.21251">
				 <ele>5.5</ele>
			 </trkpt>
			 <trkpt lat="44.33076" lon="9.21248">
				 <ele>5.5</ele>
			 </trkpt>
			 <trkpt lat="44.33084" lon="9.2125">
				 <ele>5.3</ele>
			 </trkpt>
			 <trkpt lat="44.33096" lon="9.21255">
				 <ele>5</ele>
			 </trkpt>
			 <trkpt lat="44.33116" lon="9.21276">
				 <ele>4.7</ele>
			 </trkpt>
			 <trkpt lat="44.33174" lon="9.21355">
				 <ele>4.5</ele>
			 </trkpt>
			 <trkpt lat="44.33202" lon="9.21393">
				 <ele>4.4</ele>
			 </trkpt>
			 <trkpt lat="44.33215" lon="9.21405">
				 <ele>4.1</ele>
			 </trkpt>
			 <trkpt lat="44.33233" lon="9.21413">
				 <ele>4</ele>
			 </trkpt>
			 <trkpt lat="44.33237" lon="9.21413">
				 <ele>4</ele>
			 </trkpt>
			 <trkpt lat="44.3325" lon="9.21411">
				 <ele>4</ele>
			 </trkpt>
			 <trkpt lat="44.3328" lon="9.21399">
				 <ele>4</ele>
			 </trkpt>
			 <trkpt lat="44.333213" lon="9.213981">
				 <ele>4</ele>
			 </trkpt>
		 </trkseg>
	 </trk>
</gpx>