<?xml version="1.0" encoding="UTF-8"?>
 <gpx creator="Garmin Connect" version="1.1"
	 xsi:schemaLocation="http://www.topografix.com/GPX/1/1 http://www.topografix.com/GPX/11.xsd"
	 xmlns:ns3="http://www.garmin.com/xmlschemas/TrackPointExtension/v1"
	 xmlns="http://www.topografix.com/GPX/1/1"
	 xmlns:xsi="http://www.w3.org/2001/XMLSchema-instance" xmlns:ns2="http://www.garmin.com/xmlschemas/GpxExtensions/v3">
	 <metadata>
		<name>Rock 'n' Roll San Diego Marathon 2026 - 42.195 km</name>
		 <link href="https://www.goandrace.com">
		 <text>Garmin Connect</text>
		 </link>
	 <time>2026-08-08T20:48:39</time>
	 </metadata>
	 <trk>
		 <name>Rock 'n' Roll San Diego Marathon 2026 - 42.195 km</name>
		 <trkseg>
			 <trkpt lat="32.736644" lon="-117.159354">
				 <ele>89</ele>
			 </trkpt>
			 <trkpt lat="32.736718" lon="-117.159376">
				 <ele>89.1</ele>
			 </trkpt>
			 <trkpt lat="32.737676" lon="-117.15937">
				 <ele>89.3</ele>
			 </trkpt>
			 <trkpt lat="32.738663" lon="-117.159369">
				 <ele>89.3</ele>
			 </trkpt>
			 <trkpt lat="32.738714" lon="-117.159369">
				 <ele>89.4</ele>
			 </trkpt>
			 <trkpt lat="32.739766" lon="-117.159372">
				 <ele>89.5</ele>
			 </trkpt>
			 <trkpt lat="32.740514" lon="-117.15936">
				 <ele>89.5</ele>
			 </trkpt>
			 <trkpt lat="32.740541" lon="-117.159362">
				 <ele>89.6</ele>
			 </trkpt>
			 <trkpt lat="32.740594" lon="-117.159365">
				 <ele>89.7</ele>
			 </trkpt>
			 <trkpt lat="32.740703" lon="-117.159373">
				 <ele>89.8</ele>
			 </trkpt>
			 <trkpt lat="32.740818" lon="-117.159391">
				 <ele>89.9</ele>
			 </trkpt>
			 <trkpt lat="32.74089" lon="-117.159409">
				 <ele>90</ele>
			 </trkpt>
			 <trkpt lat="32.741038" lon="-117.159445">
				 <ele>90</ele>
			 </trkpt>
			 <trkpt lat="32.741089" lon="-117.159454">
				 <ele>89.9</ele>
			 </trkpt>
			 <trkpt lat="32.741196" lon="-117.159469">
				 <ele>89.8</ele>
			 </trkpt>
			 <trkpt lat="32.741489" lon="-117.159478">
				 <ele>89.7</ele>
			 </trkpt>
			 <trkpt lat="32.742143" lon="-117.159473">
				 <ele>89.6</ele>
			 </trkpt>
			 <trkpt lat="32.744064" lon="-117.159484">
				 <ele>89.5</ele>
			 </trkpt>
			 <trkpt lat="32.744235" lon="-117.159488">
				 <ele>89.5</ele>
			 </trkpt>
			 <trkpt lat="32.744418" lon="-117.159494">
				 <ele>89.4</ele>
			 </trkpt>
			 <trkpt lat="32.744724" lon="-117.159539">
				 <ele>89.3</ele>
			 </trkpt>
			 <trkpt lat="32.744971" lon="-117.159541">
				 <ele>89.2</ele>
			 </trkpt>
			 <trkpt lat="32.745041" lon="-117.159529">
				 <ele>89.1</ele>
			 </trkpt>
			 <trkpt lat="32.745068" lon="-117.159524">
				 <ele>89</ele>
			 </trkpt>
			 <trkpt lat="32.745143" lon="-117.159512">
				 <ele>89</ele>
			 </trkpt>
			 <trkpt lat="32.745225" lon="-117.159505">
				 <ele>89</ele>
			 </trkpt>
			 <trkpt lat="32.745497" lon="-117.159489">
				 <ele>88.9</ele>
			 </trkpt>
			 <trkpt lat="32.746047" lon="-117.159483">
				 <ele>88.8</ele>
			 </trkpt>
			 <trkpt lat="32.746861" lon="-117.159474">
				 <ele>88.7</ele>
			 </trkpt>
			 <trkpt lat="32.746959" lon="-117.159488">
				 <ele>88.5</ele>
			 </trkpt>
			 <trkpt lat="32.746959" lon="-117.1594">
				 <ele>88.4</ele>
			 </trkpt>
			 <trkpt lat="32.74696" lon="-117.159247">
				 <ele>88.1</ele>
			 </trkpt>
			 <trkpt lat="32.746962" lon="-117.158992">
				 <ele>87.8</ele>
			 </trkpt>
			 <trkpt lat="32.746963" lon="-117.158919">
				 <ele>87.5</ele>
			 </trkpt>
			 <trkpt lat="32.746966" lon="-117.158495">
				 <ele>87.3</ele>
			 </trkpt>
			 <trkpt lat="32.746966" lon="-117.158405">
				 <ele>87</ele>
			 </trkpt>
			 <trkpt lat="32.746967" lon="-117.15831">
				 <ele>86.7</ele>
			 </trkpt>
			 <trkpt lat="32.746971" lon="-117.157815">
				 <ele>86.6</ele>
			 </trkpt>
			 <trkpt lat="32.746974" lon="-117.157205">
				 <ele>86.5</ele>
			 </trkpt>
			 <trkpt lat="32.746944" lon="-117.157043">
				 <ele>86.5</ele>
			 </trkpt>
			 <trkpt lat="32.746835" lon="-117.156723">
				 <ele>86.7</ele>
			 </trkpt>
			 <trkpt lat="32.746626" lon="-117.156235">
				 <ele>87</ele>
			 </trkpt>
			 <trkpt lat="32.746505" lon="-117.155921">
				 <ele>87.5</ele>
			 </trkpt>
			 <trkpt lat="32.746419" lon="-117.155558">
				 <ele>87.9</ele>
			 </trkpt>
			 <trkpt lat="32.746414" lon="-117.155258">
				 <ele>88.4</ele>
			 </trkpt>
			 <trkpt lat="32.746403" lon="-117.153442">
				 <ele>88.9</ele>
			 </trkpt>
			 <trkpt lat="32.746408" lon="-117.152673">
				 <ele>89.5</ele>
			 </trkpt>
			 <trkpt lat="32.74642" lon="-117.151226">
				 <ele>90</ele>
			 </trkpt>
			 <trkpt lat="32.746418" lon="-117.150871">
				 <ele>90.5</ele>
			 </trkpt>
			 <trkpt lat="32.746418" lon="-117.149673">
				 <ele>91</ele>
			 </trkpt>
			 <trkpt lat="32.746422" lon="-117.149269">
				 <ele>91.5</ele>
			 </trkpt>
			 <trkpt lat="32.746422" lon="-117.148746">
				 <ele>91.8</ele>
			 </trkpt>
			 <trkpt lat="32.746422" lon="-117.148247">
				 <ele>92.2</ele>
			 </trkpt>
			 <trkpt lat="32.746423" lon="-117.147695">
				 <ele>92.5</ele>
			 </trkpt>
			 <trkpt lat="32.746422" lon="-117.147419">
				 <ele>92.8</ele>
			 </trkpt>
			 <trkpt lat="32.746421" lon="-117.147334">
				 <ele>93.3</ele>
			 </trkpt>
			 <trkpt lat="32.746419" lon="-117.146635">
				 <ele>93.6</ele>
			 </trkpt>
			 <trkpt lat="32.746422" lon="-117.146584">
				 <ele>94.1</ele>
			 </trkpt>
			 <trkpt lat="32.746417" lon="-117.146347">
				 <ele>94.5</ele>
			 </trkpt>
			 <trkpt lat="32.746539" lon="-117.146332">
				 <ele>95</ele>
			 </trkpt>
			 <trkpt lat="32.746624" lon="-117.146322">
				 <ele>95.5</ele>
			 </trkpt>
			 <trkpt lat="32.746724" lon="-117.146316">
				 <ele>95.9</ele>
			 </trkpt>
			 <trkpt lat="32.747341" lon="-117.146336">
				 <ele>96.4</ele>
			 </trkpt>
			 <trkpt lat="32.747586" lon="-117.146338">
				 <ele>96.7</ele>
			 </trkpt>
			 <trkpt lat="32.747647" lon="-117.146276">
				 <ele>97.1</ele>
			 </trkpt>
			 <trkpt lat="32.74782" lon="-117.146267">
				 <ele>97.3</ele>
			 </trkpt>
			 <trkpt lat="32.748239" lon="-117.146242">
				 <ele>97.3</ele>
			 </trkpt>
			 <trkpt lat="32.748268" lon="-117.146242">
				 <ele>97.2</ele>
			 </trkpt>
			 <trkpt lat="32.748306" lon="-117.146242">
				 <ele>96.9</ele>
			 </trkpt>
			 <trkpt lat="32.748433" lon="-117.146238">
				 <ele>96.5</ele>
			 </trkpt>
			 <trkpt lat="32.748434" lon="-117.146148">
				 <ele>96</ele>
			 </trkpt>
			 <trkpt lat="32.748434" lon="-117.146113">
				 <ele>95.3</ele>
			 </trkpt>
			 <trkpt lat="32.748432" lon="-117.145679">
				 <ele>94.4</ele>
			 </trkpt>
			 <trkpt lat="32.748433" lon="-117.144565">
				 <ele>93.4</ele>
			 </trkpt>
			 <trkpt lat="32.748434" lon="-117.144071">
				 <ele>92.3</ele>
			 </trkpt>
			 <trkpt lat="32.748435" lon="-117.143823">
				 <ele>91.1</ele>
			 </trkpt>
			 <trkpt lat="32.748436" lon="-117.143723">
				 <ele>90</ele>
			 </trkpt>
			 <trkpt lat="32.748435" lon="-117.143658">
				 <ele>89</ele>
			 </trkpt>
			 <trkpt lat="32.748428" lon="-117.143172">
				 <ele>88.1</ele>
			 </trkpt>
			 <trkpt lat="32.748398" lon="-117.143114">
				 <ele>87.3</ele>
			 </trkpt>
			 <trkpt lat="32.748399" lon="-117.1425">
				 <ele>86.6</ele>
			 </trkpt>
			 <trkpt lat="32.748399" lon="-117.142286">
				 <ele>86.3</ele>
			 </trkpt>
			 <trkpt lat="32.748399" lon="-117.142162">
				 <ele>86</ele>
			 </trkpt>
			 <trkpt lat="32.748397" lon="-117.141886">
				 <ele>86</ele>
			 </trkpt>
			 <trkpt lat="32.748404" lon="-117.141753">
				 <ele>86.2</ele>
			 </trkpt>
			 <trkpt lat="32.748448" lon="-117.141648">
				 <ele>86.5</ele>
			 </trkpt>
			 <trkpt lat="32.748448" lon="-117.141593">
				 <ele>87.1</ele>
			 </trkpt>
			 <trkpt lat="32.748448" lon="-117.141425">
				 <ele>87.7</ele>
			 </trkpt>
			 <trkpt lat="32.748447" lon="-117.141281">
				 <ele>88.5</ele>
			 </trkpt>
			 <trkpt lat="32.748445" lon="-117.141156">
				 <ele>89.3</ele>
			 </trkpt>
			 <trkpt lat="32.748445" lon="-117.141066">
				 <ele>90.1</ele>
			 </trkpt>
			 <trkpt lat="32.74841" lon="-117.140934">
				 <ele>90.9</ele>
			 </trkpt>
			 <trkpt lat="32.74841" lon="-117.140758">
				 <ele>91.7</ele>
			 </trkpt>
			 <trkpt lat="32.748411" lon="-117.140074">
				 <ele>92.5</ele>
			 </trkpt>
			 <trkpt lat="32.748453" lon="-117.139904">
				 <ele>93.4</ele>
			 </trkpt>
			 <trkpt lat="32.748452" lon="-117.139736">
				 <ele>94.1</ele>
			 </trkpt>
			 <trkpt lat="32.748447" lon="-117.139438">
				 <ele>94.7</ele>
			 </trkpt>
			 <trkpt lat="32.748447" lon="-117.139111">
				 <ele>95.3</ele>
			 </trkpt>
			 <trkpt lat="32.748448" lon="-117.139045">
				 <ele>95.7</ele>
			 </trkpt>
			 <trkpt lat="32.748447" lon="-117.138969">
				 <ele>96.1</ele>
			 </trkpt>
			 <trkpt lat="32.748447" lon="-117.138802">
				 <ele>96.4</ele>
			 </trkpt>
			 <trkpt lat="32.748447" lon="-117.138707">
				 <ele>96.6</ele>
			 </trkpt>
			 <trkpt lat="32.748447" lon="-117.138654">
				 <ele>96.7</ele>
			 </trkpt>
			 <trkpt lat="32.748447" lon="-117.138455">
				 <ele>96.7</ele>
			 </trkpt>
			 <trkpt lat="32.748448" lon="-117.138422">
				 <ele>96.8</ele>
			 </trkpt>
			 <trkpt lat="32.748448" lon="-117.138355">
				 <ele>96.8</ele>
			 </trkpt>
			 <trkpt lat="32.748405" lon="-117.138174">
				 <ele>96.9</ele>
			 </trkpt>
			 <trkpt lat="32.748404" lon="-117.137895">
				 <ele>97.1</ele>
			 </trkpt>
			 <trkpt lat="32.748407" lon="-117.137352">
				 <ele>97.3</ele>
			 </trkpt>
			 <trkpt lat="32.748408" lon="-117.136958">
				 <ele>97.5</ele>
			 </trkpt>
			 <trkpt lat="32.74842" lon="-117.136917">
				 <ele>97.9</ele>
			 </trkpt>
			 <trkpt lat="32.748455" lon="-117.136803">
				 <ele>98.4</ele>
			 </trkpt>
			 <trkpt lat="32.748455" lon="-117.136711">
				 <ele>98.9</ele>
			 </trkpt>
			 <trkpt lat="32.748455" lon="-117.136337">
				 <ele>99.6</ele>
			 </trkpt>
			 <trkpt lat="32.748427" lon="-117.136275">
				 <ele>100.5</ele>
			 </trkpt>
			 <trkpt lat="32.748419" lon="-117.135816">
				 <ele>101.3</ele>
			 </trkpt>
			 <trkpt lat="32.748455" lon="-117.135719">
				 <ele>102.1</ele>
			 </trkpt>
			 <trkpt lat="32.74846" lon="-117.135206">
				 <ele>102.9</ele>
			 </trkpt>
			 <trkpt lat="32.748464" lon="-117.135102">
				 <ele>103.6</ele>
			 </trkpt>
			 <trkpt lat="32.748463" lon="-117.135065">
				 <ele>104.5</ele>
			 </trkpt>
			 <trkpt lat="32.748425" lon="-117.13501">
				 <ele>105.2</ele>
			 </trkpt>
			 <trkpt lat="32.748423" lon="-117.13468">
				 <ele>105.8</ele>
			 </trkpt>
			 <trkpt lat="32.748423" lon="-117.134585">
				 <ele>106.5</ele>
			 </trkpt>
			 <trkpt lat="32.748421" lon="-117.134129">
				 <ele>107</ele>
			 </trkpt>
			 <trkpt lat="32.748422" lon="-117.133943">
				 <ele>107.5</ele>
			 </trkpt>
			 <trkpt lat="32.748422" lon="-117.133636">
				 <ele>107.9</ele>
			 </trkpt>
			 <trkpt lat="32.748422" lon="-117.133591">
				 <ele>108.3</ele>
			 </trkpt>
			 <trkpt lat="32.748428" lon="-117.133215">
				 <ele>108.6</ele>
			 </trkpt>
			 <trkpt lat="32.748427" lon="-117.13296">
				 <ele>108.9</ele>
			 </trkpt>
			 <trkpt lat="32.748438" lon="-117.132931">
				 <ele>109.2</ele>
			 </trkpt>
			 <trkpt lat="32.748464" lon="-117.132867">
				 <ele>109.4</ele>
			 </trkpt>
			 <trkpt lat="32.748463" lon="-117.13279">
				 <ele>109.6</ele>
			 </trkpt>
			 <trkpt lat="32.748464" lon="-117.132641">
				 <ele>109.9</ele>
			 </trkpt>
			 <trkpt lat="32.748465" lon="-117.132578">
				 <ele>110.1</ele>
			 </trkpt>
			 <trkpt lat="32.748429" lon="-117.132537">
				 <ele>110.3</ele>
			 </trkpt>
			 <trkpt lat="32.748406" lon="-117.132514">
				 <ele>110.5</ele>
			 </trkpt>
			 <trkpt lat="32.748405" lon="-117.131916">
				 <ele>110.5</ele>
			 </trkpt>
			 <trkpt lat="32.748405" lon="-117.131411">
				 <ele>110.6</ele>
			 </trkpt>
			 <trkpt lat="32.748407" lon="-117.130992">
				 <ele>110.7</ele>
			 </trkpt>
			 <trkpt lat="32.748408" lon="-117.130742">
				 <ele>110.8</ele>
			 </trkpt>
			 <trkpt lat="32.748452" lon="-117.130647">
				 <ele>111</ele>
			 </trkpt>
			 <trkpt lat="32.748449" lon="-117.130523">
				 <ele>111.2</ele>
			 </trkpt>
			 <trkpt lat="32.748448" lon="-117.130269">
				 <ele>111.3</ele>
			 </trkpt>
			 <trkpt lat="32.748447" lon="-117.130142">
				 <ele>111.4</ele>
			 </trkpt>
			 <trkpt lat="32.748559" lon="-117.130148">
				 <ele>111.5</ele>
			 </trkpt>
			 <trkpt lat="32.748758" lon="-117.13015">
				 <ele>111.6</ele>
			 </trkpt>
			 <trkpt lat="32.749025" lon="-117.130154">
				 <ele>111.8</ele>
			 </trkpt>
			 <trkpt lat="32.749504" lon="-117.130158">
				 <ele>112</ele>
			 </trkpt>
			 <trkpt lat="32.749976" lon="-117.130162">
				 <ele>112.2</ele>
			 </trkpt>
			 <trkpt lat="32.750083" lon="-117.13016">
				 <ele>112.4</ele>
			 </trkpt>
			 <trkpt lat="32.750265" lon="-117.130158">
				 <ele>112.6</ele>
			 </trkpt>
			 <trkpt lat="32.75034" lon="-117.130158">
				 <ele>112.8</ele>
			 </trkpt>
			 <trkpt lat="32.750633" lon="-117.130159">
				 <ele>113</ele>
			 </trkpt>
			 <trkpt lat="32.750673" lon="-117.130161">
				 <ele>113.2</ele>
			 </trkpt>
			 <trkpt lat="32.751852" lon="-117.130167">
				 <ele>113.4</ele>
			 </trkpt>
			 <trkpt lat="32.751926" lon="-117.130167">
				 <ele>113.5</ele>
			 </trkpt>
			 <trkpt lat="32.752115" lon="-117.130168">
				 <ele>113.6</ele>
			 </trkpt>
			 <trkpt lat="32.752209" lon="-117.130168">
				 <ele>113.7</ele>
			 </trkpt>
			 <trkpt lat="32.752308" lon="-117.130171">
				 <ele>113.8</ele>
			 </trkpt>
			 <trkpt lat="32.752467" lon="-117.130172">
				 <ele>113.9</ele>
			 </trkpt>
			 <trkpt lat="32.753393" lon="-117.130172">
				 <ele>114</ele>
			 </trkpt>
			 <trkpt lat="32.753768" lon="-117.13017">
				 <ele>114</ele>
			 </trkpt>
			 <trkpt lat="32.754004" lon="-117.130172">
				 <ele>114</ele>
			 </trkpt>
			 <trkpt lat="32.754092" lon="-117.130173">
				 <ele>114</ele>
			 </trkpt>
			 <trkpt lat="32.754171" lon="-117.130171">
				 <ele>114</ele>
			 </trkpt>
			 <trkpt lat="32.75439" lon="-117.13017">
				 <ele>114</ele>
			 </trkpt>
			 <trkpt lat="32.7547" lon="-117.130167">
				 <ele>114</ele>
			 </trkpt>
			 <trkpt lat="32.754817" lon="-117.130166">
				 <ele>114</ele>
			 </trkpt>
			 <trkpt lat="32.754925" lon="-117.130165">
				 <ele>114</ele>
			 </trkpt>
			 <trkpt lat="32.755134" lon="-117.130162">
				 <ele>114</ele>
			 </trkpt>
			 <trkpt lat="32.755168" lon="-117.130162">
				 <ele>114.1</ele>
			 </trkpt>
			 <trkpt lat="32.755245" lon="-117.130161">
				 <ele>114.2</ele>
			 </trkpt>
			 <trkpt lat="32.7554" lon="-117.13016">
				 <ele>114.3</ele>
			 </trkpt>
			 <trkpt lat="32.755493" lon="-117.130162">
				 <ele>114.4</ele>
			 </trkpt>
			 <trkpt lat="32.755524" lon="-117.130163">
				 <ele>114.5</ele>
			 </trkpt>
			 <trkpt lat="32.755615" lon="-117.130165">
				 <ele>114.6</ele>
			 </trkpt>
			 <trkpt lat="32.755715" lon="-117.130167">
				 <ele>114.8</ele>
			 </trkpt>
			 <trkpt lat="32.755932" lon="-117.130173">
				 <ele>115</ele>
			 </trkpt>
			 <trkpt lat="32.756482" lon="-117.130185">
				 <ele>115.3</ele>
			 </trkpt>
			 <trkpt lat="32.757019" lon="-117.130195">
				 <ele>115.5</ele>
			 </trkpt>
			 <trkpt lat="32.757176" lon="-117.130202">
				 <ele>115.9</ele>
			 </trkpt>
			 <trkpt lat="32.757285" lon="-117.130208">
				 <ele>116.2</ele>
			 </trkpt>
			 <trkpt lat="32.757407" lon="-117.130205">
				 <ele>116.5</ele>
			 </trkpt>
			 <trkpt lat="32.757574" lon="-117.130205">
				 <ele>116.9</ele>
			 </trkpt>
			 <trkpt lat="32.758425" lon="-117.1302">
				 <ele>117.4</ele>
			 </trkpt>
			 <trkpt lat="32.75896" lon="-117.130206">
				 <ele>117.8</ele>
			 </trkpt>
			 <trkpt lat="32.759159" lon="-117.130215">
				 <ele>118.2</ele>
			 </trkpt>
			 <trkpt lat="32.759403" lon="-117.130223">
				 <ele>118.5</ele>
			 </trkpt>
			 <trkpt lat="32.759908" lon="-117.130221">
				 <ele>119</ele>
			 </trkpt>
			 <trkpt lat="32.760762" lon="-117.130225">
				 <ele>119.4</ele>
			 </trkpt>
			 <trkpt lat="32.761024" lon="-117.130221">
				 <ele>119.7</ele>
			 </trkpt>
			 <trkpt lat="32.761311" lon="-117.13022">
				 <ele>120</ele>
			 </trkpt>
			 <trkpt lat="32.762067" lon="-117.13022">
				 <ele>120.3</ele>
			 </trkpt>
			 <trkpt lat="32.762331" lon="-117.130219">
				 <ele>120.5</ele>
			 </trkpt>
			 <trkpt lat="32.762648" lon="-117.130219">
				 <ele>120.8</ele>
			 </trkpt>
			 <trkpt lat="32.762805" lon="-117.130218">
				 <ele>121</ele>
			 </trkpt>
			 <trkpt lat="32.76289" lon="-117.130218">
				 <ele>121.2</ele>
			 </trkpt>
			 <trkpt lat="32.762891" lon="-117.130121">
				 <ele>121.4</ele>
			 </trkpt>
			 <trkpt lat="32.762894" lon="-117.129593">
				 <ele>121.5</ele>
			 </trkpt>
			 <trkpt lat="32.762894" lon="-117.129153">
				 <ele>121.6</ele>
			 </trkpt>
			 <trkpt lat="32.762894" lon="-117.129063">
				 <ele>121.7</ele>
			 </trkpt>
			 <trkpt lat="32.762894" lon="-117.12896">
				 <ele>121.8</ele>
			 </trkpt>
			 <trkpt lat="32.762895" lon="-117.128903">
				 <ele>121.9</ele>
			 </trkpt>
			 <trkpt lat="32.762897" lon="-117.128731">
				 <ele>122</ele>
			 </trkpt>
			 <trkpt lat="32.762901" lon="-117.128342">
				 <ele>121.9</ele>
			 </trkpt>
			 <trkpt lat="32.762913" lon="-117.12825">
				 <ele>121.8</ele>
			 </trkpt>
			 <trkpt lat="32.76296" lon="-117.128044">
				 <ele>121.7</ele>
			 </trkpt>
			 <trkpt lat="32.763189" lon="-117.12717">
				 <ele>121.6</ele>
			 </trkpt>
			 <trkpt lat="32.763336" lon="-117.126579">
				 <ele>121.5</ele>
			 </trkpt>
			 <trkpt lat="32.763436" lon="-117.126622">
				 <ele>121.5</ele>
			 </trkpt>
			 <trkpt lat="32.763529" lon="-117.126617">
				 <ele>121.5</ele>
			 </trkpt>
			 <trkpt lat="32.763618" lon="-117.126578">
				 <ele>121.5</ele>
			 </trkpt>
			 <trkpt lat="32.763691" lon="-117.12653">
				 <ele>121.5</ele>
			 </trkpt>
			 <trkpt lat="32.763798" lon="-117.126467">
				 <ele>121.5</ele>
			 </trkpt>
			 <trkpt lat="32.763861" lon="-117.126431">
				 <ele>121.5</ele>
			 </trkpt>
			 <trkpt lat="32.764136" lon="-117.126321">
				 <ele>121.5</ele>
			 </trkpt>
			 <trkpt lat="32.764288" lon="-117.126288">
				 <ele>121.6</ele>
			 </trkpt>
			 <trkpt lat="32.76442" lon="-117.126272">
				 <ele>121.7</ele>
			 </trkpt>
			 <trkpt lat="32.764758" lon="-117.126304">
				 <ele>121.8</ele>
			 </trkpt>
			 <trkpt lat="32.765018" lon="-117.126306">
				 <ele>121.9</ele>
			 </trkpt>
			 <trkpt lat="32.765156" lon="-117.126292">
				 <ele>122</ele>
			 </trkpt>
			 <trkpt lat="32.765385" lon="-117.12623">
				 <ele>122</ele>
			 </trkpt>
			 <trkpt lat="32.765422" lon="-117.12622">
				 <ele>122</ele>
			 </trkpt>
			 <trkpt lat="32.76549" lon="-117.126192">
				 <ele>122</ele>
			 </trkpt>
			 <trkpt lat="32.765742" lon="-117.126058">
				 <ele>122</ele>
			 </trkpt>
			 <trkpt lat="32.765879" lon="-117.125962">
				 <ele>122</ele>
			 </trkpt>
			 <trkpt lat="32.765951" lon="-117.125896">
				 <ele>122</ele>
			 </trkpt>
			 <trkpt lat="32.766055" lon="-117.125799">
				 <ele>122</ele>
			 </trkpt>
			 <trkpt lat="32.766308" lon="-117.125537">
				 <ele>122</ele>
			 </trkpt>
			 <trkpt lat="32.76644" lon="-117.125437">
				 <ele>122</ele>
			 </trkpt>
			 <trkpt lat="32.766729" lon="-117.1253">
				 <ele>122</ele>
			 </trkpt>
			 <trkpt lat="32.766899" lon="-117.125256">
				 <ele>122</ele>
			 </trkpt>
			 <trkpt lat="32.767162" lon="-117.125241">
				 <ele>122.1</ele>
			 </trkpt>
			 <trkpt lat="32.767273" lon="-117.125249">
				 <ele>122.2</ele>
			 </trkpt>
			 <trkpt lat="32.767464" lon="-117.125309">
				 <ele>122.3</ele>
			 </trkpt>
			 <trkpt lat="32.767666" lon="-117.125399">
				 <ele>122.4</ele>
			 </trkpt>
			 <trkpt lat="32.767804" lon="-117.125488">
				 <ele>122.5</ele>
			 </trkpt>
			 <trkpt lat="32.767935" lon="-117.125598">
				 <ele>122.6</ele>
			 </trkpt>
			 <trkpt lat="32.768143" lon="-117.125847">
				 <ele>122.8</ele>
			 </trkpt>
			 <trkpt lat="32.768265" lon="-117.126091">
				 <ele>123</ele>
			 </trkpt>
			 <trkpt lat="32.768333" lon="-117.126297">
				 <ele>123.2</ele>
			 </trkpt>
			 <trkpt lat="32.768389" lon="-117.126517">
				 <ele>123.4</ele>
			 </trkpt>
			 <trkpt lat="32.768411" lon="-117.126738">
				 <ele>123.5</ele>
			 </trkpt>
			 <trkpt lat="32.768407" lon="-117.126939">
				 <ele>123.6</ele>
			 </trkpt>
			 <trkpt lat="32.768417" lon="-117.127083">
				 <ele>123.7</ele>
			 </trkpt>
			 <trkpt lat="32.768463" lon="-117.127205">
				 <ele>123.8</ele>
			 </trkpt>
			 <trkpt lat="32.768546" lon="-117.127284">
				 <ele>123.9</ele>
			 </trkpt>
			 <trkpt lat="32.768622" lon="-117.127321">
				 <ele>124</ele>
			 </trkpt>
			 <trkpt lat="32.768702" lon="-117.127327">
				 <ele>124</ele>
			 </trkpt>
			 <trkpt lat="32.768776" lon="-117.127315">
				 <ele>123.9</ele>
			 </trkpt>
			 <trkpt lat="32.768847" lon="-117.127278">
				 <ele>123.8</ele>
			 </trkpt>
			 <trkpt lat="32.768913" lon="-117.127187">
				 <ele>123.7</ele>
			 </trkpt>
			 <trkpt lat="32.768954" lon="-117.127076">
				 <ele>123.6</ele>
			 </trkpt>
			 <trkpt lat="32.768972" lon="-117.126792">
				 <ele>123.5</ele>
			 </trkpt>
			 <trkpt lat="32.769029" lon="-117.126542">
				 <ele>123.5</ele>
			 </trkpt>
			 <trkpt lat="32.769091" lon="-117.126371">
				 <ele>123.4</ele>
			 </trkpt>
			 <trkpt lat="32.769169" lon="-117.126209">
				 <ele>123.3</ele>
			 </trkpt>
			 <trkpt lat="32.769247" lon="-117.126085">
				 <ele>123.2</ele>
			 </trkpt>
			 <trkpt lat="32.76934" lon="-117.125906">
				 <ele>123.1</ele>
			 </trkpt>
			 <trkpt lat="32.769401" lon="-117.125708">
				 <ele>123.1</ele>
			 </trkpt>
			 <trkpt lat="32.769427" lon="-117.12553">
				 <ele>123.2</ele>
			 </trkpt>
			 <trkpt lat="32.769425" lon="-117.125377">
				 <ele>123.2</ele>
			 </trkpt>
			 <trkpt lat="32.769405" lon="-117.125237">
				 <ele>123.2</ele>
			 </trkpt>
			 <trkpt lat="32.769379" lon="-117.125113">
				 <ele>123.2</ele>
			 </trkpt>
			 <trkpt lat="32.769333" lon="-117.12498">
				 <ele>123.2</ele>
			 </trkpt>
			 <trkpt lat="32.769266" lon="-117.124852">
				 <ele>123.2</ele>
			 </trkpt>
			 <trkpt lat="32.769185" lon="-117.124729">
				 <ele>123.2</ele>
			 </trkpt>
			 <trkpt lat="32.769061" lon="-117.124599">
				 <ele>123.3</ele>
			 </trkpt>
			 <trkpt lat="32.768833" lon="-117.124441">
				 <ele>123.4</ele>
			 </trkpt>
			 <trkpt lat="32.768623" lon="-117.124397">
				 <ele>123.5</ele>
			 </trkpt>
			 <trkpt lat="32.768439" lon="-117.124321">
				 <ele>123.5</ele>
			 </trkpt>
			 <trkpt lat="32.768196" lon="-117.124153">
				 <ele>123.5</ele>
			 </trkpt>
			 <trkpt lat="32.768021" lon="-117.123962">
				 <ele>123.6</ele>
			 </trkpt>
			 <trkpt lat="32.767891" lon="-117.123756">
				 <ele>123.8</ele>
			 </trkpt>
			 <trkpt lat="32.767799" lon="-117.123543">
				 <ele>124</ele>
			 </trkpt>
			 <trkpt lat="32.767757" lon="-117.123383">
				 <ele>124.3</ele>
			 </trkpt>
			 <trkpt lat="32.767727" lon="-117.123161">
				 <ele>124.5</ele>
			 </trkpt>
			 <trkpt lat="32.767742" lon="-117.122818">
				 <ele>124.8</ele>
			 </trkpt>
			 <trkpt lat="32.767806" lon="-117.12259">
				 <ele>125</ele>
			 </trkpt>
			 <trkpt lat="32.767915" lon="-117.12233">
				 <ele>125.2</ele>
			 </trkpt>
			 <trkpt lat="32.767983" lon="-117.122213">
				 <ele>125.4</ele>
			 </trkpt>
			 <trkpt lat="32.768154" lon="-117.122013">
				 <ele>125.5</ele>
			 </trkpt>
			 <trkpt lat="32.768237" lon="-117.121941">
				 <ele>125.7</ele>
			 </trkpt>
			 <trkpt lat="32.768325" lon="-117.121872">
				 <ele>125.8</ele>
			 </trkpt>
			 <trkpt lat="32.768591" lon="-117.121742">
				 <ele>125.9</ele>
			 </trkpt>
			 <trkpt lat="32.769067" lon="-117.121651">
				 <ele>125.9</ele>
			 </trkpt>
			 <trkpt lat="32.769273" lon="-117.121604">
				 <ele>125.8</ele>
			 </trkpt>
			 <trkpt lat="32.76956" lon="-117.121499">
				 <ele>125.7</ele>
			 </trkpt>
			 <trkpt lat="32.769722" lon="-117.121417">
				 <ele>125.6</ele>
			 </trkpt>
			 <trkpt lat="32.76997" lon="-117.121252">
				 <ele>125.5</ele>
			 </trkpt>
			 <trkpt lat="32.770112" lon="-117.121147">
				 <ele>125.3</ele>
			 </trkpt>
			 <trkpt lat="32.77031" lon="-117.120966">
				 <ele>125.2</ele>
			 </trkpt>
			 <trkpt lat="32.770437" lon="-117.120829">
				 <ele>125.1</ele>
			 </trkpt>
			 <trkpt lat="32.770597" lon="-117.120637">
				 <ele>125</ele>
			 </trkpt>
			 <trkpt lat="32.770855" lon="-117.120193">
				 <ele>124.9</ele>
			 </trkpt>
			 <trkpt lat="32.770935" lon="-117.120018">
				 <ele>124.8</ele>
			 </trkpt>
			 <trkpt lat="32.77019" lon="-117.120041">
				 <ele>124.8</ele>
			 </trkpt>
			 <trkpt lat="32.769074" lon="-117.120048">
				 <ele>124.8</ele>
			 </trkpt>
			 <trkpt lat="32.769075" lon="-117.119434">
				 <ele>124.8</ele>
			 </trkpt>
			 <trkpt lat="32.76907" lon="-117.118835">
				 <ele>124.7</ele>
			 </trkpt>
			 <trkpt lat="32.769067" lon="-117.118305">
				 <ele>124.7</ele>
			 </trkpt>
			 <trkpt lat="32.76907" lon="-117.117778">
				 <ele>124.7</ele>
			 </trkpt>
			 <trkpt lat="32.769066" lon="-117.117216">
				 <ele>124.6</ele>
			 </trkpt>
			 <trkpt lat="32.768841" lon="-117.117214">
				 <ele>124.5</ele>
			 </trkpt>
			 <trkpt lat="32.768678" lon="-117.117139">
				 <ele>124.3</ele>
			 </trkpt>
			 <trkpt lat="32.768528" lon="-117.117014">
				 <ele>124.1</ele>
			 </trkpt>
			 <trkpt lat="32.768053" lon="-117.116362">
				 <ele>123.9</ele>
			 </trkpt>
			 <trkpt lat="32.767704" lon="-117.116065">
				 <ele>123.7</ele>
			 </trkpt>
			 <trkpt lat="32.767666" lon="-117.116033">
				 <ele>123.5</ele>
			 </trkpt>
			 <trkpt lat="32.76723" lon="-117.115826">
				 <ele>123.4</ele>
			 </trkpt>
			 <trkpt lat="32.76713" lon="-117.115792">
				 <ele>123.3</ele>
			 </trkpt>
			 <trkpt lat="32.766757" lon="-117.115759">
				 <ele>123.2</ele>
			 </trkpt>
			 <trkpt lat="32.766636" lon="-117.115756">
				 <ele>123.1</ele>
			 </trkpt>
			 <trkpt lat="32.766508" lon="-117.115769">
				 <ele>123</ele>
			 </trkpt>
			 <trkpt lat="32.766213" lon="-117.115825">
				 <ele>123</ele>
			 </trkpt>
			 <trkpt lat="32.766008" lon="-117.115833">
				 <ele>122.9</ele>
			 </trkpt>
			 <trkpt lat="32.765902" lon="-117.115823">
				 <ele>122.8</ele>
			 </trkpt>
			 <trkpt lat="32.76568" lon="-117.11576">
				 <ele>122.6</ele>
			 </trkpt>
			 <trkpt lat="32.765436" lon="-117.115665">
				 <ele>122.5</ele>
			 </trkpt>
			 <trkpt lat="32.765334" lon="-117.115607">
				 <ele>122.2</ele>
			 </trkpt>
			 <trkpt lat="32.765182" lon="-117.115479">
				 <ele>121.9</ele>
			 </trkpt>
			 <trkpt lat="32.765015" lon="-117.115303">
				 <ele>121.5</ele>
			 </trkpt>
			 <trkpt lat="32.764898" lon="-117.11513">
				 <ele>121.2</ele>
			 </trkpt>
			 <trkpt lat="32.764666" lon="-117.114616">
				 <ele>120.7</ele>
			 </trkpt>
			 <trkpt lat="32.764521" lon="-117.114118">
				 <ele>120.3</ele>
			 </trkpt>
			 <trkpt lat="32.764472" lon="-117.113813">
				 <ele>119.8</ele>
			 </trkpt>
			 <trkpt lat="32.764454" lon="-117.113529">
				 <ele>119.4</ele>
			 </trkpt>
			 <trkpt lat="32.764405" lon="-117.113263">
				 <ele>118.9</ele>
			 </trkpt>
			 <trkpt lat="32.764321" lon="-117.112973">
				 <ele>118.5</ele>
			 </trkpt>
			 <trkpt lat="32.764172" lon="-117.112717">
				 <ele>118.3</ele>
			 </trkpt>
			 <trkpt lat="32.764042" lon="-117.112556">
				 <ele>118.1</ele>
			 </trkpt>
			 <trkpt lat="32.763902" lon="-117.112439">
				 <ele>117.9</ele>
			 </trkpt>
			 <trkpt lat="32.763794" lon="-117.112368">
				 <ele>117.8</ele>
			 </trkpt>
			 <trkpt lat="32.763556" lon="-117.112258">
				 <ele>117.8</ele>
			 </trkpt>
			 <trkpt lat="32.763514" lon="-117.112238">
				 <ele>117.9</ele>
			 </trkpt>
			 <trkpt lat="32.763378" lon="-117.112195">
				 <ele>118</ele>
			 </trkpt>
			 <trkpt lat="32.763297" lon="-117.112182">
				 <ele>118.2</ele>
			 </trkpt>
			 <trkpt lat="32.763298" lon="-117.112311">
				 <ele>118.5</ele>
			 </trkpt>
			 <trkpt lat="32.763307" lon="-117.113588">
				 <ele>118.8</ele>
			 </trkpt>
			 <trkpt lat="32.763309" lon="-117.113782">
				 <ele>119.2</ele>
			 </trkpt>
			 <trkpt lat="32.76331" lon="-117.113923">
				 <ele>119.5</ele>
			 </trkpt>
			 <trkpt lat="32.763313" lon="-117.114052">
				 <ele>119.7</ele>
			 </trkpt>
			 <trkpt lat="32.763314" lon="-117.114119">
				 <ele>120</ele>
			 </trkpt>
			 <trkpt lat="32.763314" lon="-117.114202">
				 <ele>120.4</ele>
			 </trkpt>
			 <trkpt lat="32.763315" lon="-117.114463">
				 <ele>120.6</ele>
			 </trkpt>
			 <trkpt lat="32.763316" lon="-117.114561">
				 <ele>120.9</ele>
			 </trkpt>
			 <trkpt lat="32.763318" lon="-117.114932">
				 <ele>121.2</ele>
			 </trkpt>
			 <trkpt lat="32.763319" lon="-117.115189">
				 <ele>121.4</ele>
			 </trkpt>
			 <trkpt lat="32.76332" lon="-117.115458">
				 <ele>121.5</ele>
			 </trkpt>
			 <trkpt lat="32.763321" lon="-117.115566">
				 <ele>121.7</ele>
			 </trkpt>
			 <trkpt lat="32.763323" lon="-117.115973">
				 <ele>121.9</ele>
			 </trkpt>
			 <trkpt lat="32.763324" lon="-117.116238">
				 <ele>122.1</ele>
			 </trkpt>
			 <trkpt lat="32.763325" lon="-117.116466">
				 <ele>122.3</ele>
			 </trkpt>
			 <trkpt lat="32.763325" lon="-117.116551">
				 <ele>122.5</ele>
			 </trkpt>
			 <trkpt lat="32.763327" lon="-117.116912">
				 <ele>122.5</ele>
			 </trkpt>
			 <trkpt lat="32.763329" lon="-117.117214">
				 <ele>122.6</ele>
			 </trkpt>
			 <trkpt lat="32.763329" lon="-117.117279">
				 <ele>122.7</ele>
			 </trkpt>
			 <trkpt lat="32.76333" lon="-117.117392">
				 <ele>122.8</ele>
			 </trkpt>
			 <trkpt lat="32.763331" lon="-117.117654">
				 <ele>122.9</ele>
			 </trkpt>
			 <trkpt lat="32.763332" lon="-117.117832">
				 <ele>123</ele>
			 </trkpt>
			 <trkpt lat="32.763335" lon="-117.118349">
				 <ele>123</ele>
			 </trkpt>
			 <trkpt lat="32.763336" lon="-117.118587">
				 <ele>123</ele>
			 </trkpt>
			 <trkpt lat="32.763339" lon="-117.119092">
				 <ele>123</ele>
			 </trkpt>
			 <trkpt lat="32.76334" lon="-117.11922">
				 <ele>123</ele>
			 </trkpt>
			 <trkpt lat="32.76334" lon="-117.119352">
				 <ele>123</ele>
			 </trkpt>
			 <trkpt lat="32.763341" lon="-117.119461">
				 <ele>123</ele>
			 </trkpt>
			 <trkpt lat="32.763343" lon="-117.119753">
				 <ele>122.9</ele>
			 </trkpt>
			 <trkpt lat="32.763344" lon="-117.12002">
				 <ele>122.8</ele>
			 </trkpt>
			 <trkpt lat="32.763347" lon="-117.120431">
				 <ele>122.7</ele>
			 </trkpt>
			 <trkpt lat="32.763347" lon="-117.120481">
				 <ele>122.6</ele>
			 </trkpt>
			 <trkpt lat="32.763348" lon="-117.120628">
				 <ele>122.5</ele>
			 </trkpt>
			 <trkpt lat="32.763349" lon="-117.120859">
				 <ele>122.5</ele>
			 </trkpt>
			 <trkpt lat="32.763349" lon="-117.121048">
				 <ele>122.4</ele>
			 </trkpt>
			 <trkpt lat="32.76335" lon="-117.121388">
				 <ele>122.3</ele>
			 </trkpt>
			 <trkpt lat="32.76335" lon="-117.121484">
				 <ele>122.1</ele>
			 </trkpt>
			 <trkpt lat="32.763351" lon="-117.121692">
				 <ele>121.9</ele>
			 </trkpt>
			 <trkpt lat="32.763353" lon="-117.121758">
				 <ele>121.7</ele>
			 </trkpt>
			 <trkpt lat="32.763352" lon="-117.12184">
				 <ele>121.6</ele>
			 </trkpt>
			 <trkpt lat="32.763355" lon="-117.122079">
				 <ele>121.5</ele>
			 </trkpt>
			 <trkpt lat="32.763361" lon="-117.122636">
				 <ele>121.3</ele>
			 </trkpt>
			 <trkpt lat="32.763363" lon="-117.122864">
				 <ele>121.1</ele>
			 </trkpt>
			 <trkpt lat="32.763254" lon="-117.122864">
				 <ele>120.9</ele>
			 </trkpt>
			 <trkpt lat="32.762879" lon="-117.122864">
				 <ele>120.7</ele>
			 </trkpt>
			 <trkpt lat="32.76215" lon="-117.12287">
				 <ele>120.5</ele>
			 </trkpt>
			 <trkpt lat="32.760998" lon="-117.122879">
				 <ele>120.4</ele>
			 </trkpt>
			 <trkpt lat="32.75906" lon="-117.122887">
				 <ele>120.3</ele>
			 </trkpt>
			 <trkpt lat="32.75906" lon="-117.122579">
				 <ele>120.2</ele>
			 </trkpt>
			 <trkpt lat="32.75906" lon="-117.122382">
				 <ele>120.2</ele>
			 </trkpt>
			 <trkpt lat="32.759056" lon="-117.122169">
				 <ele>120.2</ele>
			 </trkpt>
			 <trkpt lat="32.759056" lon="-117.121788">
				 <ele>120.3</ele>
			 </trkpt>
			 <trkpt lat="32.759049" lon="-117.121246">
				 <ele>120.4</ele>
			 </trkpt>
			 <trkpt lat="32.759048" lon="-117.121094">
				 <ele>120.5</ele>
			 </trkpt>
			 <trkpt lat="32.759045" lon="-117.120667">
				 <ele>120.5</ele>
			 </trkpt>
			 <trkpt lat="32.759041" lon="-117.120018">
				 <ele>120.6</ele>
			 </trkpt>
			 <trkpt lat="32.759041" lon="-117.119507">
				 <ele>120.7</ele>
			 </trkpt>
			 <trkpt lat="32.759037" lon="-117.11895">
				 <ele>120.8</ele>
			 </trkpt>
			 <trkpt lat="32.759026" lon="-117.117867">
				 <ele>120.9</ele>
			 </trkpt>
			 <trkpt lat="32.758213" lon="-117.117889">
				 <ele>121</ele>
			 </trkpt>
			 <trkpt lat="32.757766" lon="-117.117902">
				 <ele>121</ele>
			 </trkpt>
			 <trkpt lat="32.757294" lon="-117.117914">
				 <ele>120.9</ele>
			 </trkpt>
			 <trkpt lat="32.757201" lon="-117.117917">
				 <ele>120.8</ele>
			 </trkpt>
			 <trkpt lat="32.757054" lon="-117.117916">
				 <ele>120.7</ele>
			 </trkpt>
			 <trkpt lat="32.755826" lon="-117.117912">
				 <ele>120.6</ele>
			 </trkpt>
			 <trkpt lat="32.755544" lon="-117.117918">
				 <ele>120.5</ele>
			 </trkpt>
			 <trkpt lat="32.755477" lon="-117.117919">
				 <ele>120.5</ele>
			 </trkpt>
			 <trkpt lat="32.755418" lon="-117.11792">
				 <ele>120.3</ele>
			 </trkpt>
			 <trkpt lat="32.755319" lon="-117.117922">
				 <ele>120.1</ele>
			 </trkpt>
			 <trkpt lat="32.75532" lon="-117.118053">
				 <ele>119.9</ele>
			 </trkpt>
			 <trkpt lat="32.755323" lon="-117.118494">
				 <ele>119.6</ele>
			 </trkpt>
			 <trkpt lat="32.755326" lon="-117.119006">
				 <ele>119.4</ele>
			 </trkpt>
			 <trkpt lat="32.75533" lon="-117.119561">
				 <ele>119.2</ele>
			 </trkpt>
			 <trkpt lat="32.755331" lon="-117.119681">
				 <ele>119</ele>
			 </trkpt>
			 <trkpt lat="32.755332" lon="-117.119726">
				 <ele>118.7</ele>
			 </trkpt>
			 <trkpt lat="32.755334" lon="-117.120067">
				 <ele>118.5</ele>
			 </trkpt>
			 <trkpt lat="32.755339" lon="-117.120607">
				 <ele>118.2</ele>
			 </trkpt>
			 <trkpt lat="32.755341" lon="-117.12112">
				 <ele>117.8</ele>
			 </trkpt>
			 <trkpt lat="32.755341" lon="-117.12163">
				 <ele>117.5</ele>
			 </trkpt>
			 <trkpt lat="32.755342" lon="-117.121706">
				 <ele>117.3</ele>
			 </trkpt>
			 <trkpt lat="32.755348" lon="-117.122103">
				 <ele>117</ele>
			 </trkpt>
			 <trkpt lat="32.755349" lon="-117.122211">
				 <ele>116.7</ele>
			 </trkpt>
			 <trkpt lat="32.755203" lon="-117.122211">
				 <ele>116.5</ele>
			 </trkpt>
			 <trkpt lat="32.755129" lon="-117.122212">
				 <ele>116.2</ele>
			 </trkpt>
			 <trkpt lat="32.754789" lon="-117.122216">
				 <ele>115.9</ele>
			 </trkpt>
			 <trkpt lat="32.754629" lon="-117.122219">
				 <ele>115.6</ele>
			 </trkpt>
			 <trkpt lat="32.754462" lon="-117.122221">
				 <ele>115.4</ele>
			 </trkpt>
			 <trkpt lat="32.754276" lon="-117.122223">
				 <ele>115.1</ele>
			 </trkpt>
			 <trkpt lat="32.753924" lon="-117.122226">
				 <ele>114.9</ele>
			 </trkpt>
			 <trkpt lat="32.753326" lon="-117.122231">
				 <ele>114.7</ele>
			 </trkpt>
			 <trkpt lat="32.753326" lon="-117.122366">
				 <ele>114.5</ele>
			 </trkpt>
			 <trkpt lat="32.753328" lon="-117.122653">
				 <ele>114.4</ele>
			 </trkpt>
			 <trkpt lat="32.753329" lon="-117.122796">
				 <ele>114.2</ele>
			 </trkpt>
			 <trkpt lat="32.75333" lon="-117.122963">
				 <ele>114</ele>
			 </trkpt>
			 <trkpt lat="32.753353" lon="-117.12355">
				 <ele>113.8</ele>
			 </trkpt>
			 <trkpt lat="32.753363" lon="-117.123598">
				 <ele>113.5</ele>
			 </trkpt>
			 <trkpt lat="32.753387" lon="-117.123708">
				 <ele>113.4</ele>
			 </trkpt>
			 <trkpt lat="32.753437" lon="-117.123836">
				 <ele>113.1</ele>
			 </trkpt>
			 <trkpt lat="32.753979" lon="-117.124987">
				 <ele>112.8</ele>
			 </trkpt>
			 <trkpt lat="32.754063" lon="-117.12516">
				 <ele>112.5</ele>
			 </trkpt>
			 <trkpt lat="32.754078" lon="-117.125237">
				 <ele>112.1</ele>
			 </trkpt>
			 <trkpt lat="32.75398" lon="-117.125236">
				 <ele>111.6</ele>
			 </trkpt>
			 <trkpt lat="32.753537" lon="-117.125232">
				 <ele>111.2</ele>
			 </trkpt>
			 <trkpt lat="32.753357" lon="-117.125229">
				 <ele>110.8</ele>
			 </trkpt>
			 <trkpt lat="32.75222" lon="-117.125221">
				 <ele>110.5</ele>
			 </trkpt>
			 <trkpt lat="32.750455" lon="-117.125232">
				 <ele>110.1</ele>
			 </trkpt>
			 <trkpt lat="32.750363" lon="-117.125232">
				 <ele>109.8</ele>
			 </trkpt>
			 <trkpt lat="32.749042" lon="-117.125203">
				 <ele>109.5</ele>
			 </trkpt>
			 <trkpt lat="32.748948" lon="-117.125202">
				 <ele>109.4</ele>
			 </trkpt>
			 <trkpt lat="32.748595" lon="-117.125199">
				 <ele>109.3</ele>
			 </trkpt>
			 <trkpt lat="32.748478" lon="-117.125198">
				 <ele>109.3</ele>
			 </trkpt>
			 <trkpt lat="32.748481" lon="-117.125316">
				 <ele>109.3</ele>
			 </trkpt>
			 <trkpt lat="32.748485" lon="-117.125494">
				 <ele>109.4</ele>
			 </trkpt>
			 <trkpt lat="32.748492" lon="-117.125645">
				 <ele>109.5</ele>
			 </trkpt>
			 <trkpt lat="32.748536" lon="-117.125725">
				 <ele>109.6</ele>
			 </trkpt>
			 <trkpt lat="32.748537" lon="-117.125816">
				 <ele>109.8</ele>
			 </trkpt>
			 <trkpt lat="32.748537" lon="-117.126">
				 <ele>110</ele>
			 </trkpt>
			 <trkpt lat="32.748538" lon="-117.126454">
				 <ele>110.2</ele>
			 </trkpt>
			 <trkpt lat="32.748537" lon="-117.126592">
				 <ele>110.4</ele>
			 </trkpt>
			 <trkpt lat="32.748535" lon="-117.127064">
				 <ele>110.5</ele>
			 </trkpt>
			 <trkpt lat="32.748535" lon="-117.127497">
				 <ele>110.6</ele>
			 </trkpt>
			 <trkpt lat="32.748502" lon="-117.127592">
				 <ele>110.7</ele>
			 </trkpt>
			 <trkpt lat="32.748483" lon="-117.127647">
				 <ele>110.8</ele>
			 </trkpt>
			 <trkpt lat="32.748482" lon="-117.127704">
				 <ele>110.9</ele>
			 </trkpt>
			 <trkpt lat="32.748482" lon="-117.127801">
				 <ele>111</ele>
			 </trkpt>
			 <trkpt lat="32.748481" lon="-117.128202">
				 <ele>111</ele>
			 </trkpt>
			 <trkpt lat="32.748481" lon="-117.12827">
				 <ele>111</ele>
			 </trkpt>
			 <trkpt lat="32.748481" lon="-117.12831">
				 <ele>111</ele>
			 </trkpt>
			 <trkpt lat="32.748497" lon="-117.128344">
				 <ele>111</ele>
			 </trkpt>
			 <trkpt lat="32.748521" lon="-117.128395">
				 <ele>111</ele>
			 </trkpt>
			 <trkpt lat="32.748524" lon="-117.128934">
				 <ele>111</ele>
			 </trkpt>
			 <trkpt lat="32.748526" lon="-117.129046">
				 <ele>111</ele>
			 </trkpt>
			 <trkpt lat="32.748526" lon="-117.129289">
				 <ele>111</ele>
			 </trkpt>
			 <trkpt lat="32.748467" lon="-117.129418">
				 <ele>111</ele>
			 </trkpt>
			 <trkpt lat="32.748451" lon="-117.129559">
				 <ele>111</ele>
			 </trkpt>
			 <trkpt lat="32.74845" lon="-117.129734">
				 <ele>111</ele>
			 </trkpt>
			 <trkpt lat="32.748447" lon="-117.130013">
				 <ele>111</ele>
			 </trkpt>
			 <trkpt lat="32.748447" lon="-117.130142">
				 <ele>111</ele>
			 </trkpt>
			 <trkpt lat="32.748448" lon="-117.130269">
				 <ele>111</ele>
			 </trkpt>
			 <trkpt lat="32.748449" lon="-117.130523">
				 <ele>110.9</ele>
			 </trkpt>
			 <trkpt lat="32.748452" lon="-117.130647">
				 <ele>110.8</ele>
			 </trkpt>
			 <trkpt lat="32.748508" lon="-117.130752">
				 <ele>110.7</ele>
			 </trkpt>
			 <trkpt lat="32.748509" lon="-117.131399">
				 <ele>110.6</ele>
			 </trkpt>
			 <trkpt lat="32.748509" lon="-117.132021">
				 <ele>110.5</ele>
			 </trkpt>
			 <trkpt lat="32.748508" lon="-117.132193">
				 <ele>110.3</ele>
			 </trkpt>
			 <trkpt lat="32.748507" lon="-117.132515">
				 <ele>110.1</ele>
			 </trkpt>
			 <trkpt lat="32.748465" lon="-117.132578">
				 <ele>109.8</ele>
			 </trkpt>
			 <trkpt lat="32.748464" lon="-117.132641">
				 <ele>109.5</ele>
			 </trkpt>
			 <trkpt lat="32.748463" lon="-117.13279">
				 <ele>109.2</ele>
			 </trkpt>
			 <trkpt lat="32.748464" lon="-117.132867">
				 <ele>108.8</ele>
			 </trkpt>
			 <trkpt lat="32.748499" lon="-117.132935">
				 <ele>108.5</ele>
			 </trkpt>
			 <trkpt lat="32.748511" lon="-117.133255">
				 <ele>108.1</ele>
			 </trkpt>
			 <trkpt lat="32.748509" lon="-117.133856">
				 <ele>107.6</ele>
			 </trkpt>
			 <trkpt lat="32.748507" lon="-117.134481">
				 <ele>107.1</ele>
			 </trkpt>
			 <trkpt lat="32.748507" lon="-117.134585">
				 <ele>106.5</ele>
			 </trkpt>
			 <trkpt lat="32.748506" lon="-117.134778">
				 <ele>105.9</ele>
			 </trkpt>
			 <trkpt lat="32.748504" lon="-117.13501">
				 <ele>105.2</ele>
			 </trkpt>
			 <trkpt lat="32.748463" lon="-117.135065">
				 <ele>104.5</ele>
			 </trkpt>
			 <trkpt lat="32.748464" lon="-117.135102">
				 <ele>103.7</ele>
			 </trkpt>
			 <trkpt lat="32.74846" lon="-117.135206">
				 <ele>103</ele>
			 </trkpt>
			 <trkpt lat="32.748455" lon="-117.135719">
				 <ele>102.2</ele>
			 </trkpt>
			 <trkpt lat="32.748498" lon="-117.135813">
				 <ele>101.4</ele>
			 </trkpt>
			 <trkpt lat="32.748496" lon="-117.136254">
				 <ele>100.5</ele>
			 </trkpt>
			 <trkpt lat="32.748455" lon="-117.136337">
				 <ele>99.7</ele>
			 </trkpt>
			 <trkpt lat="32.748455" lon="-117.136711">
				 <ele>99</ele>
			 </trkpt>
			 <trkpt lat="32.748455" lon="-117.136803">
				 <ele>98.4</ele>
			 </trkpt>
			 <trkpt lat="32.748486" lon="-117.136911">
				 <ele>97.8</ele>
			 </trkpt>
			 <trkpt lat="32.748498" lon="-117.136953">
				 <ele>97.4</ele>
			 </trkpt>
			 <trkpt lat="32.748499" lon="-117.137351">
				 <ele>97</ele>
			 </trkpt>
			 <trkpt lat="32.748496" lon="-117.137572">
				 <ele>96.6</ele>
			 </trkpt>
			 <trkpt lat="32.748493" lon="-117.138001">
				 <ele>96.5</ele>
			 </trkpt>
			 <trkpt lat="32.748491" lon="-117.138188">
				 <ele>96.4</ele>
			 </trkpt>
			 <trkpt lat="32.748472" lon="-117.138262">
				 <ele>96.3</ele>
			 </trkpt>
			 <trkpt lat="32.748448" lon="-117.138355">
				 <ele>96.2</ele>
			 </trkpt>
			 <trkpt lat="32.748448" lon="-117.138422">
				 <ele>96.2</ele>
			 </trkpt>
			 <trkpt lat="32.748447" lon="-117.138455">
				 <ele>96.2</ele>
			 </trkpt>
			 <trkpt lat="32.748447" lon="-117.138684">
				 <ele>96.1</ele>
			 </trkpt>
			 <trkpt lat="32.748447" lon="-117.138802">
				 <ele>95.9</ele>
			 </trkpt>
			 <trkpt lat="32.748447" lon="-117.138969">
				 <ele>95.7</ele>
			 </trkpt>
			 <trkpt lat="32.748448" lon="-117.139045">
				 <ele>95.5</ele>
			 </trkpt>
			 <trkpt lat="32.748447" lon="-117.139097">
				 <ele>95.1</ele>
			 </trkpt>
			 <trkpt lat="32.748447" lon="-117.139417">
				 <ele>94.5</ele>
			 </trkpt>
			 <trkpt lat="32.748452" lon="-117.139736">
				 <ele>93.9</ele>
			 </trkpt>
			 <trkpt lat="32.748453" lon="-117.139904">
				 <ele>93.3</ele>
			 </trkpt>
			 <trkpt lat="32.748483" lon="-117.140036">
				 <ele>92.5</ele>
			 </trkpt>
			 <trkpt lat="32.748481" lon="-117.140655">
				 <ele>91.7</ele>
			 </trkpt>
			 <trkpt lat="32.748483" lon="-117.140944">
				 <ele>90.9</ele>
			 </trkpt>
			 <trkpt lat="32.748449" lon="-117.141037">
				 <ele>90.1</ele>
			 </trkpt>
			 <trkpt lat="32.748445" lon="-117.141156">
				 <ele>89.3</ele>
			 </trkpt>
			 <trkpt lat="32.748447" lon="-117.141281">
				 <ele>88.5</ele>
			 </trkpt>
			 <trkpt lat="32.748447" lon="-117.141397">
				 <ele>87.6</ele>
			 </trkpt>
			 <trkpt lat="32.748448" lon="-117.141593">
				 <ele>86.9</ele>
			 </trkpt>
			 <trkpt lat="32.748448" lon="-117.141648">
				 <ele>86.4</ele>
			 </trkpt>
			 <trkpt lat="32.748479" lon="-117.141755">
				 <ele>85.9</ele>
			 </trkpt>
			 <trkpt lat="32.748481" lon="-117.14191">
				 <ele>85.5</ele>
			 </trkpt>
			 <trkpt lat="32.748481" lon="-117.141961">
				 <ele>85.3</ele>
			 </trkpt>
			 <trkpt lat="32.748477" lon="-117.142256">
				 <ele>85.2</ele>
			 </trkpt>
			 <trkpt lat="32.748475" lon="-117.142499">
				 <ele>85.2</ele>
			 </trkpt>
			 <trkpt lat="32.748475" lon="-117.14261">
				 <ele>85.5</ele>
			 </trkpt>
			 <trkpt lat="32.748468" lon="-117.143091">
				 <ele>85.9</ele>
			 </trkpt>
			 <trkpt lat="32.748428" lon="-117.143172">
				 <ele>86.5</ele>
			 </trkpt>
			 <trkpt lat="32.748435" lon="-117.143658">
				 <ele>87.4</ele>
			 </trkpt>
			 <trkpt lat="32.748436" lon="-117.143723">
				 <ele>88.3</ele>
			 </trkpt>
			 <trkpt lat="32.748331" lon="-117.143723">
				 <ele>89.2</ele>
			 </trkpt>
			 <trkpt lat="32.747963" lon="-117.143725">
				 <ele>90.1</ele>
			 </trkpt>
			 <trkpt lat="32.746445" lon="-117.14373">
				 <ele>91.1</ele>
			 </trkpt>
			 <trkpt lat="32.746441" lon="-117.144351">
				 <ele>92.3</ele>
			 </trkpt>
			 <trkpt lat="32.746437" lon="-117.144958">
				 <ele>93.4</ele>
			 </trkpt>
			 <trkpt lat="32.746704" lon="-117.144963">
				 <ele>94.4</ele>
			 </trkpt>
			 <trkpt lat="32.748208" lon="-117.144988">
				 <ele>95.2</ele>
			 </trkpt>
			 <trkpt lat="32.748267" lon="-117.144989">
				 <ele>95.9</ele>
			 </trkpt>
			 <trkpt lat="32.748307" lon="-117.14499">
				 <ele>96.5</ele>
			 </trkpt>
			 <trkpt lat="32.748352" lon="-117.14499">
				 <ele>97.1</ele>
			 </trkpt>
			 <trkpt lat="32.748529" lon="-117.144993">
				 <ele>97.5</ele>
			 </trkpt>
			 <trkpt lat="32.748561" lon="-117.144989">
				 <ele>97.9</ele>
			 </trkpt>
			 <trkpt lat="32.748607" lon="-117.144984">
				 <ele>98.3</ele>
			 </trkpt>
			 <trkpt lat="32.748876" lon="-117.144976">
				 <ele>98.5</ele>
			 </trkpt>
			 <trkpt lat="32.749647" lon="-117.144979">
				 <ele>98.6</ele>
			 </trkpt>
			 <trkpt lat="32.750223" lon="-117.144981">
				 <ele>98.7</ele>
			 </trkpt>
			 <trkpt lat="32.750286" lon="-117.144981">
				 <ele>98.9</ele>
			 </trkpt>
			 <trkpt lat="32.750288" lon="-117.1456">
				 <ele>99.1</ele>
			 </trkpt>
			 <trkpt lat="32.750308" lon="-117.146062">
				 <ele>99.3</ele>
			 </trkpt>
			 <trkpt lat="32.750311" lon="-117.14611">
				 <ele>99.4</ele>
			 </trkpt>
			 <trkpt lat="32.750332" lon="-117.146252">
				 <ele>99.5</ele>
			 </trkpt>
			 <trkpt lat="32.75035" lon="-117.146349">
				 <ele>99.5</ele>
			 </trkpt>
			 <trkpt lat="32.750362" lon="-117.146422">
				 <ele>99.6</ele>
			 </trkpt>
			 <trkpt lat="32.750276" lon="-117.146421">
				 <ele>99.7</ele>
			 </trkpt>
			 <trkpt lat="32.750078" lon="-117.14642">
				 <ele>99.8</ele>
			 </trkpt>
			 <trkpt lat="32.749975" lon="-117.146419">
				 <ele>99.8</ele>
			 </trkpt>
			 <trkpt lat="32.749879" lon="-117.146419">
				 <ele>99.8</ele>
			 </trkpt>
			 <trkpt lat="32.749478" lon="-117.146415">
				 <ele>99.7</ele>
			 </trkpt>
			 <trkpt lat="32.748867" lon="-117.146403">
				 <ele>99.6</ele>
			 </trkpt>
			 <trkpt lat="32.748814" lon="-117.146402">
				 <ele>99.5</ele>
			 </trkpt>
			 <trkpt lat="32.748741" lon="-117.146401">
				 <ele>99.3</ele>
			 </trkpt>
			 <trkpt lat="32.748581" lon="-117.146398">
				 <ele>99</ele>
			 </trkpt>
			 <trkpt lat="32.748432" lon="-117.146397">
				 <ele>98.7</ele>
			 </trkpt>
			 <trkpt lat="32.748271" lon="-117.146394">
				 <ele>98.4</ele>
			 </trkpt>
			 <trkpt lat="32.74795" lon="-117.146399">
				 <ele>98</ele>
			 </trkpt>
			 <trkpt lat="32.747648" lon="-117.146375">
				 <ele>97.5</ele>
			 </trkpt>
			 <trkpt lat="32.747586" lon="-117.146338">
				 <ele>97.1</ele>
			 </trkpt>
			 <trkpt lat="32.747341" lon="-117.146336">
				 <ele>96.6</ele>
			 </trkpt>
			 <trkpt lat="32.746724" lon="-117.146316">
				 <ele>96.1</ele>
			 </trkpt>
			 <trkpt lat="32.746624" lon="-117.146322">
				 <ele>95.5</ele>
			 </trkpt>
			 <trkpt lat="32.746551" lon="-117.146331">
				 <ele>95.1</ele>
			 </trkpt>
			 <trkpt lat="32.746417" lon="-117.146347">
				 <ele>94.5</ele>
			 </trkpt>
			 <trkpt lat="32.746422" lon="-117.146584">
				 <ele>94.1</ele>
			 </trkpt>
			 <trkpt lat="32.746419" lon="-117.146635">
				 <ele>93.6</ele>
			 </trkpt>
			 <trkpt lat="32.74642" lon="-117.147158">
				 <ele>93.3</ele>
			 </trkpt>
			 <trkpt lat="32.746421" lon="-117.147334">
				 <ele>92.8</ele>
			 </trkpt>
			 <trkpt lat="32.746422" lon="-117.147419">
				 <ele>92.5</ele>
			 </trkpt>
			 <trkpt lat="32.746423" lon="-117.147695">
				 <ele>92.1</ele>
			 </trkpt>
			 <trkpt lat="32.746422" lon="-117.148247">
				 <ele>91.7</ele>
			 </trkpt>
			 <trkpt lat="32.746422" lon="-117.148746">
				 <ele>91.4</ele>
			 </trkpt>
			 <trkpt lat="32.746422" lon="-117.149239">
				 <ele>90.9</ele>
			 </trkpt>
			 <trkpt lat="32.746418" lon="-117.149673">
				 <ele>90.4</ele>
			 </trkpt>
			 <trkpt lat="32.746418" lon="-117.150871">
				 <ele>89.9</ele>
			 </trkpt>
			 <trkpt lat="32.74642" lon="-117.151226">
				 <ele>89.5</ele>
			 </trkpt>
			 <trkpt lat="32.746403" lon="-117.153442">
				 <ele>88.9</ele>
			 </trkpt>
			 <trkpt lat="32.746414" lon="-117.155258">
				 <ele>88.4</ele>
			 </trkpt>
			 <trkpt lat="32.746419" lon="-117.155558">
				 <ele>87.9</ele>
			 </trkpt>
			 <trkpt lat="32.746505" lon="-117.155921">
				 <ele>87.5</ele>
			 </trkpt>
			 <trkpt lat="32.746626" lon="-117.156235">
				 <ele>87.1</ele>
			 </trkpt>
			 <trkpt lat="32.746835" lon="-117.156723">
				 <ele>86.8</ele>
			 </trkpt>
			 <trkpt lat="32.746944" lon="-117.157043">
				 <ele>86.6</ele>
			 </trkpt>
			 <trkpt lat="32.746974" lon="-117.157205">
				 <ele>86.6</ele>
			 </trkpt>
			 <trkpt lat="32.746971" lon="-117.157815">
				 <ele>86.7</ele>
			 </trkpt>
			 <trkpt lat="32.746967" lon="-117.15831">
				 <ele>86.8</ele>
			 </trkpt>
			 <trkpt lat="32.746966" lon="-117.158405">
				 <ele>87</ele>
			 </trkpt>
			 <trkpt lat="32.746966" lon="-117.158495">
				 <ele>87.3</ele>
			 </trkpt>
			 <trkpt lat="32.746963" lon="-117.158919">
				 <ele>87.5</ele>
			 </trkpt>
			 <trkpt lat="32.746962" lon="-117.158992">
				 <ele>87.8</ele>
			 </trkpt>
			 <trkpt lat="32.74696" lon="-117.159372">
				 <ele>88.1</ele>
			 </trkpt>
			 <trkpt lat="32.746959" lon="-117.159488">
				 <ele>88.4</ele>
			 </trkpt>
			 <trkpt lat="32.747038" lon="-117.159485">
				 <ele>88.5</ele>
			 </trkpt>
			 <trkpt lat="32.747795" lon="-117.15948">
				 <ele>88.7</ele>
			 </trkpt>
			 <trkpt lat="32.748042" lon="-117.159478">
				 <ele>88.8</ele>
			 </trkpt>
			 <trkpt lat="32.748183" lon="-117.159476">
				 <ele>89</ele>
			 </trkpt>
			 <trkpt lat="32.748224" lon="-117.159475">
				 <ele>89.2</ele>
			 </trkpt>
			 <trkpt lat="32.748339" lon="-117.159474">
				 <ele>89.3</ele>
			 </trkpt>
			 <trkpt lat="32.748337" lon="-117.15959">
				 <ele>89.4</ele>
			 </trkpt>
			 <trkpt lat="32.748332" lon="-117.159658">
				 <ele>89.5</ele>
			 </trkpt>
			 <trkpt lat="32.748329" lon="-117.159702">
				 <ele>89.5</ele>
			 </trkpt>
			 <trkpt lat="32.748308" lon="-117.160017">
				 <ele>89.6</ele>
			 </trkpt>
			 <trkpt lat="32.748286" lon="-117.160342">
				 <ele>89.7</ele>
			 </trkpt>
			 <trkpt lat="32.748281" lon="-117.160415">
				 <ele>89.8</ele>
			 </trkpt>
			 <trkpt lat="32.748276" lon="-117.160553">
				 <ele>89.9</ele>
			 </trkpt>
			 <trkpt lat="32.74827" lon="-117.160763">
				 <ele>89.9</ele>
			 </trkpt>
			 <trkpt lat="32.748265" lon="-117.161029">
				 <ele>89.8</ele>
			 </trkpt>
			 <trkpt lat="32.748264" lon="-117.161132">
				 <ele>89.7</ele>
			 </trkpt>
			 <trkpt lat="32.748262" lon="-117.161301">
				 <ele>89.5</ele>
			 </trkpt>
			 <trkpt lat="32.748261" lon="-117.161613">
				 <ele>89.4</ele>
			 </trkpt>
			 <trkpt lat="32.748259" lon="-117.161833">
				 <ele>89.1</ele>
			 </trkpt>
			 <trkpt lat="32.748257" lon="-117.16218">
				 <ele>88.8</ele>
			 </trkpt>
			 <trkpt lat="32.748254" lon="-117.162767">
				 <ele>88.5</ele>
			 </trkpt>
			 <trkpt lat="32.748245" lon="-117.163331">
				 <ele>88</ele>
			 </trkpt>
			 <trkpt lat="32.748239" lon="-117.163837">
				 <ele>87.5</ele>
			 </trkpt>
			 <trkpt lat="32.748238" lon="-117.163912">
				 <ele>87.1</ele>
			 </trkpt>
			 <trkpt lat="32.748237" lon="-117.164002">
				 <ele>86.6</ele>
			 </trkpt>
			 <trkpt lat="32.748234" lon="-117.164429">
				 <ele>86.2</ele>
			 </trkpt>
			 <trkpt lat="32.748226" lon="-117.16481">
				 <ele>85.7</ele>
			 </trkpt>
			 <trkpt lat="32.74825" lon="-117.165016">
				 <ele>85.4</ele>
			 </trkpt>
			 <trkpt lat="32.748287" lon="-117.165131">
				 <ele>85</ele>
			 </trkpt>
			 <trkpt lat="32.748344" lon="-117.165237">
				 <ele>84.6</ele>
			 </trkpt>
			 <trkpt lat="32.748585" lon="-117.165573">
				 <ele>84.3</ele>
			 </trkpt>
			 <trkpt lat="32.748676" lon="-117.165696">
				 <ele>84</ele>
			 </trkpt>
			 <trkpt lat="32.748932" lon="-117.166039">
				 <ele>83.8</ele>
			 </trkpt>
			 <trkpt lat="32.748968" lon="-117.166141">
				 <ele>83.6</ele>
			 </trkpt>
			 <trkpt lat="32.748985" lon="-117.166252">
				 <ele>83.4</ele>
			 </trkpt>
			 <trkpt lat="32.748982" lon="-117.166697">
				 <ele>83.2</ele>
			 </trkpt>
			 <trkpt lat="32.748975" lon="-117.167461">
				 <ele>83</ele>
			 </trkpt>
			 <trkpt lat="32.748976" lon="-117.167617">
				 <ele>82.8</ele>
			 </trkpt>
			 <trkpt lat="32.74897" lon="-117.16829">
				 <ele>82.5</ele>
			 </trkpt>
			 <trkpt lat="32.748966" lon="-117.168648">
				 <ele>82.3</ele>
			 </trkpt>
			 <trkpt lat="32.748963" lon="-117.169041">
				 <ele>82.1</ele>
			 </trkpt>
			 <trkpt lat="32.748959" lon="-117.169559">
				 <ele>82</ele>
			 </trkpt>
			 <trkpt lat="32.749047" lon="-117.16956">
				 <ele>81.9</ele>
			 </trkpt>
			 <trkpt lat="32.749126" lon="-117.169561">
				 <ele>81.8</ele>
			 </trkpt>
			 <trkpt lat="32.749409" lon="-117.169563">
				 <ele>81.7</ele>
			 </trkpt>
			 <trkpt lat="32.749582" lon="-117.169564">
				 <ele>81.7</ele>
			 </trkpt>
			 <trkpt lat="32.749699" lon="-117.169565">
				 <ele>81.8</ele>
			 </trkpt>
			 <trkpt lat="32.749803" lon="-117.169565">
				 <ele>81.9</ele>
			 </trkpt>
			 <trkpt lat="32.749915" lon="-117.169567">
				 <ele>82</ele>
			 </trkpt>
			 <trkpt lat="32.750001" lon="-117.169569">
				 <ele>82.2</ele>
			 </trkpt>
			 <trkpt lat="32.750317" lon="-117.169574">
				 <ele>82.4</ele>
			 </trkpt>
			 <trkpt lat="32.750889" lon="-117.169581">
				 <ele>82.5</ele>
			 </trkpt>
			 <trkpt lat="32.750889" lon="-117.170058">
				 <ele>82.6</ele>
			 </trkpt>
			 <trkpt lat="32.750889" lon="-117.170505">
				 <ele>82.7</ele>
			 </trkpt>
			 <trkpt lat="32.750887" lon="-117.171312">
				 <ele>82.8</ele>
			 </trkpt>
			 <trkpt lat="32.750887" lon="-117.171403">
				 <ele>82.9</ele>
			 </trkpt>
			 <trkpt lat="32.750886" lon="-117.17151">
				 <ele>83</ele>
			 </trkpt>
			 <trkpt lat="32.750883" lon="-117.171901">
				 <ele>83</ele>
			 </trkpt>
			 <trkpt lat="32.750882" lon="-117.17211">
				 <ele>83</ele>
			 </trkpt>
			 <trkpt lat="32.750881" lon="-117.17223">
				 <ele>83</ele>
			 </trkpt>
			 <trkpt lat="32.75088" lon="-117.172328">
				 <ele>83</ele>
			 </trkpt>
			 <trkpt lat="32.750879" lon="-117.172425">
				 <ele>83</ele>
			 </trkpt>
			 <trkpt lat="32.750878" lon="-117.172563">
				 <ele>83</ele>
			 </trkpt>
			 <trkpt lat="32.750876" lon="-117.17274">
				 <ele>83</ele>
			 </trkpt>
			 <trkpt lat="32.750873" lon="-117.173126">
				 <ele>83.1</ele>
			 </trkpt>
			 <trkpt lat="32.750872" lon="-117.173232">
				 <ele>83.2</ele>
			 </trkpt>
			 <trkpt lat="32.750871" lon="-117.173345">
				 <ele>83.3</ele>
			 </trkpt>
			 <trkpt lat="32.750868" lon="-117.173721">
				 <ele>83.5</ele>
			 </trkpt>
			 <trkpt lat="32.750864" lon="-117.174137">
				 <ele>83.6</ele>
			 </trkpt>
			 <trkpt lat="32.750866" lon="-117.174566">
				 <ele>83.9</ele>
			 </trkpt>
			 <trkpt lat="32.750864" lon="-117.175043">
				 <ele>84.2</ele>
			 </trkpt>
			 <trkpt lat="32.750935" lon="-117.175047">
				 <ele>84.5</ele>
			 </trkpt>
			 <trkpt lat="32.751217" lon="-117.175051">
				 <ele>84.7</ele>
			 </trkpt>
			 <trkpt lat="32.751687" lon="-117.175057">
				 <ele>85</ele>
			 </trkpt>
			 <trkpt lat="32.75179" lon="-117.175059">
				 <ele>85.3</ele>
			 </trkpt>
			 <trkpt lat="32.75178" lon="-117.175959">
				 <ele>85.5</ele>
			 </trkpt>
			 <trkpt lat="32.751777" lon="-117.176846">
				 <ele>85.6</ele>
			 </trkpt>
			 <trkpt lat="32.751771" lon="-117.177694">
				 <ele>85.8</ele>
			 </trkpt>
			 <trkpt lat="32.751769" lon="-117.178454">
				 <ele>85.9</ele>
			 </trkpt>
			 <trkpt lat="32.751769" lon="-117.17851">
				 <ele>86</ele>
			 </trkpt>
			 <trkpt lat="32.751769" lon="-117.178586">
				 <ele>85.9</ele>
			 </trkpt>
			 <trkpt lat="32.751767" lon="-117.179268">
				 <ele>85.8</ele>
			 </trkpt>
			 <trkpt lat="32.751765" lon="-117.179489">
				 <ele>85.6</ele>
			 </trkpt>
			 <trkpt lat="32.751763" lon="-117.180007">
				 <ele>85.5</ele>
			 </trkpt>
			 <trkpt lat="32.751763" lon="-117.180097">
				 <ele>85.3</ele>
			 </trkpt>
			 <trkpt lat="32.751764" lon="-117.18031">
				 <ele>85.1</ele>
			 </trkpt>
			 <trkpt lat="32.751761" lon="-117.18045">
				 <ele>84.8</ele>
			 </trkpt>
			 <trkpt lat="32.751915" lon="-117.180893">
				 <ele>84.5</ele>
			 </trkpt>
			 <trkpt lat="32.752011" lon="-117.181149">
				 <ele>84.3</ele>
			 </trkpt>
			 <trkpt lat="32.752435" lon="-117.182353">
				 <ele>84</ele>
			 </trkpt>
			 <trkpt lat="32.752574" lon="-117.182785">
				 <ele>83.7</ele>
			 </trkpt>
			 <trkpt lat="32.752636" lon="-117.182942">
				 <ele>83.5</ele>
			 </trkpt>
			 <trkpt lat="32.752744" lon="-117.183127">
				 <ele>83.4</ele>
			 </trkpt>
			 <trkpt lat="32.752774" lon="-117.183177">
				 <ele>83.3</ele>
			 </trkpt>
			 <trkpt lat="32.752809" lon="-117.183225">
				 <ele>83.2</ele>
			 </trkpt>
			 <trkpt lat="32.752919" lon="-117.183343">
				 <ele>83.1</ele>
			 </trkpt>
			 <trkpt lat="32.753067" lon="-117.183477">
				 <ele>83</ele>
			 </trkpt>
			 <trkpt lat="32.753597" lon="-117.183907">
				 <ele>83</ele>
			 </trkpt>
			 <trkpt lat="32.753701" lon="-117.184018">
				 <ele>83</ele>
			 </trkpt>
			 <trkpt lat="32.753791" lon="-117.184135">
				 <ele>82.9</ele>
			 </trkpt>
			 <trkpt lat="32.753881" lon="-117.184267">
				 <ele>82.7</ele>
			 </trkpt>
			 <trkpt lat="32.754395" lon="-117.185076">
				 <ele>82.5</ele>
			 </trkpt>
			 <trkpt lat="32.75496" lon="-117.186007">
				 <ele>82.2</ele>
			 </trkpt>
			 <trkpt lat="32.755527" lon="-117.186909">
				 <ele>81.8</ele>
			 </trkpt>
			 <trkpt lat="32.755459" lon="-117.186967">
				 <ele>81.4</ele>
			 </trkpt>
			 <trkpt lat="32.755088" lon="-117.187283">
				 <ele>80.7</ele>
			 </trkpt>
			 <trkpt lat="32.754743" lon="-117.187578">
				 <ele>80</ele>
			 </trkpt>
			 <trkpt lat="32.754025" lon="-117.188207">
				 <ele>79.1</ele>
			 </trkpt>
			 <trkpt lat="32.753974" lon="-117.188251">
				 <ele>78.1</ele>
			 </trkpt>
			 <trkpt lat="32.75454" lon="-117.189174">
				 <ele>76.9</ele>
			 </trkpt>
			 <trkpt lat="32.754734" lon="-117.189489">
				 <ele>75.7</ele>
			 </trkpt>
			 <trkpt lat="32.755071" lon="-117.190031">
				 <ele>74.5</ele>
			 </trkpt>
			 <trkpt lat="32.75514" lon="-117.190113">
				 <ele>73.3</ele>
			 </trkpt>
			 <trkpt lat="32.755153" lon="-117.190241">
				 <ele>71.9</ele>
			 </trkpt>
			 <trkpt lat="32.755145" lon="-117.190329">
				 <ele>70.5</ele>
			 </trkpt>
			 <trkpt lat="32.754775" lon="-117.191685">
				 <ele>69.2</ele>
			 </trkpt>
			 <trkpt lat="32.754752" lon="-117.191788">
				 <ele>67.9</ele>
			 </trkpt>
			 <trkpt lat="32.75474" lon="-117.191897">
				 <ele>66.6</ele>
			 </trkpt>
			 <trkpt lat="32.754737" lon="-117.192019">
				 <ele>65.5</ele>
			 </trkpt>
			 <trkpt lat="32.754753" lon="-117.192156">
				 <ele>64.3</ele>
			 </trkpt>
			 <trkpt lat="32.754791" lon="-117.1923">
				 <ele>63.2</ele>
			 </trkpt>
			 <trkpt lat="32.75484" lon="-117.192429">
				 <ele>62.1</ele>
			 </trkpt>
			 <trkpt lat="32.754945" lon="-117.192597">
				 <ele>61</ele>
			 </trkpt>
			 <trkpt lat="32.755002" lon="-117.192657">
				 <ele>60</ele>
			 </trkpt>
			 <trkpt lat="32.755062" lon="-117.192707">
				 <ele>59.1</ele>
			 </trkpt>
			 <trkpt lat="32.755115" lon="-117.192742">
				 <ele>58.2</ele>
			 </trkpt>
			 <trkpt lat="32.755308" lon="-117.192841">
				 <ele>57.3</ele>
			 </trkpt>
			 <trkpt lat="32.755444" lon="-117.19291">
				 <ele>56.5</ele>
			 </trkpt>
			 <trkpt lat="32.75555" lon="-117.192974">
				 <ele>55.6</ele>
			 </trkpt>
			 <trkpt lat="32.755643" lon="-117.193041">
				 <ele>54.9</ele>
			 </trkpt>
			 <trkpt lat="32.755722" lon="-117.193117">
				 <ele>54.2</ele>
			 </trkpt>
			 <trkpt lat="32.755816" lon="-117.193229">
				 <ele>53.5</ele>
			 </trkpt>
			 <trkpt lat="32.756042" lon="-117.193586">
				 <ele>53</ele>
			 </trkpt>
			 <trkpt lat="32.756114" lon="-117.19363">
				 <ele>52.5</ele>
			 </trkpt>
			 <trkpt lat="32.756195" lon="-117.193658">
				 <ele>52.2</ele>
			 </trkpt>
			 <trkpt lat="32.75639" lon="-117.193658">
				 <ele>51.7</ele>
			 </trkpt>
			 <trkpt lat="32.756685" lon="-117.193632">
				 <ele>51.4</ele>
			 </trkpt>
			 <trkpt lat="32.756776" lon="-117.193632">
				 <ele>51.1</ele>
			 </trkpt>
			 <trkpt lat="32.756928" lon="-117.193651">
				 <ele>50.8</ele>
			 </trkpt>
			 <trkpt lat="32.757404" lon="-117.193752">
				 <ele>50.6</ele>
			 </trkpt>
			 <trkpt lat="32.757523" lon="-117.193785">
				 <ele>50.4</ele>
			 </trkpt>
			 <trkpt lat="32.7576" lon="-117.193819">
				 <ele>50.2</ele>
			 </trkpt>
			 <trkpt lat="32.757702" lon="-117.193863">
				 <ele>49.9</ele>
			 </trkpt>
			 <trkpt lat="32.757794" lon="-117.193886">
				 <ele>49.6</ele>
			 </trkpt>
			 <trkpt lat="32.757864" lon="-117.193879">
				 <ele>49.3</ele>
			 </trkpt>
			 <trkpt lat="32.758108" lon="-117.193796">
				 <ele>48.8</ele>
			 </trkpt>
			 <trkpt lat="32.758163" lon="-117.193787">
				 <ele>48.4</ele>
			 </trkpt>
			 <trkpt lat="32.758223" lon="-117.193793">
				 <ele>47.8</ele>
			 </trkpt>
			 <trkpt lat="32.758278" lon="-117.193816">
				 <ele>47.1</ele>
			 </trkpt>
			 <trkpt lat="32.758327" lon="-117.193849">
				 <ele>46.3</ele>
			 </trkpt>
			 <trkpt lat="32.758466" lon="-117.194">
				 <ele>45.4</ele>
			 </trkpt>
			 <trkpt lat="32.758531" lon="-117.194057">
				 <ele>44.5</ele>
			 </trkpt>
			 <trkpt lat="32.758639" lon="-117.194104">
				 <ele>43.5</ele>
			 </trkpt>
			 <trkpt lat="32.75872" lon="-117.194115">
				 <ele>42.5</ele>
			 </trkpt>
			 <trkpt lat="32.758789" lon="-117.194109">
				 <ele>41.4</ele>
			 </trkpt>
			 <trkpt lat="32.758846" lon="-117.194093">
				 <ele>40.3</ele>
			 </trkpt>
			 <trkpt lat="32.759067" lon="-117.193986">
				 <ele>39.2</ele>
			 </trkpt>
			 <trkpt lat="32.759158" lon="-117.193951">
				 <ele>38.1</ele>
			 </trkpt>
			 <trkpt lat="32.759296" lon="-117.193914">
				 <ele>37.1</ele>
			 </trkpt>
			 <trkpt lat="32.759356" lon="-117.193906">
				 <ele>36.2</ele>
			 </trkpt>
			 <trkpt lat="32.759467" lon="-117.193911">
				 <ele>35.3</ele>
			 </trkpt>
			 <trkpt lat="32.75952" lon="-117.19393">
				 <ele>34.4</ele>
			 </trkpt>
			 <trkpt lat="32.759577" lon="-117.193967">
				 <ele>33.5</ele>
			 </trkpt>
			 <trkpt lat="32.759629" lon="-117.194027">
				 <ele>32.5</ele>
			 </trkpt>
			 <trkpt lat="32.759655" lon="-117.19407">
				 <ele>31.6</ele>
			 </trkpt>
			 <trkpt lat="32.759729" lon="-117.194237">
				 <ele>30.7</ele>
			 </trkpt>
			 <trkpt lat="32.759739" lon="-117.194267">
				 <ele>29.8</ele>
			 </trkpt>
			 <trkpt lat="32.759771" lon="-117.194366">
				 <ele>29</ele>
			 </trkpt>
			 <trkpt lat="32.759822" lon="-117.194573">
				 <ele>28.2</ele>
			 </trkpt>
			 <trkpt lat="32.759851" lon="-117.194774">
				 <ele>27.3</ele>
			 </trkpt>
			 <trkpt lat="32.759853" lon="-117.194889">
				 <ele>26.4</ele>
			 </trkpt>
			 <trkpt lat="32.75984" lon="-117.19501">
				 <ele>25.5</ele>
			 </trkpt>
			 <trkpt lat="32.759826" lon="-117.195068">
				 <ele>24.7</ele>
			 </trkpt>
			 <trkpt lat="32.759785" lon="-117.195167">
				 <ele>23.9</ele>
			 </trkpt>
			 <trkpt lat="32.759763" lon="-117.195197">
				 <ele>23.1</ele>
			 </trkpt>
			 <trkpt lat="32.759723" lon="-117.195249">
				 <ele>22.3</ele>
			 </trkpt>
			 <trkpt lat="32.759643" lon="-117.195316">
				 <ele>21.5</ele>
			 </trkpt>
			 <trkpt lat="32.759549" lon="-117.195378">
				 <ele>20.5</ele>
			 </trkpt>
			 <trkpt lat="32.759459" lon="-117.195415">
				 <ele>19.5</ele>
			 </trkpt>
			 <trkpt lat="32.759395" lon="-117.195427">
				 <ele>18.5</ele>
			 </trkpt>
			 <trkpt lat="32.759331" lon="-117.195428">
				 <ele>17.5</ele>
			 </trkpt>
			 <trkpt lat="32.75916" lon="-117.195398">
				 <ele>16.5</ele>
			 </trkpt>
			 <trkpt lat="32.759041" lon="-117.195394">
				 <ele>15.5</ele>
			 </trkpt>
			 <trkpt lat="32.759013" lon="-117.1954">
				 <ele>14.4</ele>
			 </trkpt>
			 <trkpt lat="32.758942" lon="-117.195437">
				 <ele>13.3</ele>
			 </trkpt>
			 <trkpt lat="32.75884" lon="-117.195527">
				 <ele>12.3</ele>
			 </trkpt>
			 <trkpt lat="32.758755" lon="-117.195678">
				 <ele>11.3</ele>
			 </trkpt>
			 <trkpt lat="32.758731" lon="-117.195775">
				 <ele>10.4</ele>
			 </trkpt>
			 <trkpt lat="32.758727" lon="-117.195823">
				 <ele>9.6</ele>
			 </trkpt>
			 <trkpt lat="32.758734" lon="-117.195939">
				 <ele>8.9</ele>
			 </trkpt>
			 <trkpt lat="32.758763" lon="-117.196023">
				 <ele>8.3</ele>
			 </trkpt>
			 <trkpt lat="32.758803" lon="-117.196092">
				 <ele>7.7</ele>
			 </trkpt>
			 <trkpt lat="32.759047" lon="-117.19648">
				 <ele>7.3</ele>
			 </trkpt>
			 <trkpt lat="32.759117" lon="-117.196593">
				 <ele>6.9</ele>
			 </trkpt>
			 <trkpt lat="32.759084" lon="-117.196723">
				 <ele>6.6</ele>
			 </trkpt>
			 <trkpt lat="32.758829" lon="-117.196935">
				 <ele>6.5</ele>
			 </trkpt>
			 <trkpt lat="32.758711" lon="-117.197033">
				 <ele>6.3</ele>
			 </trkpt>
			 <trkpt lat="32.758533" lon="-117.197182">
				 <ele>6.2</ele>
			 </trkpt>
			 <trkpt lat="32.758393" lon="-117.197226">
				 <ele>6.1</ele>
			 </trkpt>
			 <trkpt lat="32.758502" lon="-117.197315">
				 <ele>6.1</ele>
			 </trkpt>
			 <trkpt lat="32.758671" lon="-117.197452">
				 <ele>6.2</ele>
			 </trkpt>
			 <trkpt lat="32.758793" lon="-117.19753">
				 <ele>6.3</ele>
			 </trkpt>
			 <trkpt lat="32.758891" lon="-117.197591">
				 <ele>6.4</ele>
			 </trkpt>
			 <trkpt lat="32.759042" lon="-117.19767">
				 <ele>6.5</ele>
			 </trkpt>
			 <trkpt lat="32.759162" lon="-117.197682">
				 <ele>6.5</ele>
			 </trkpt>
			 <trkpt lat="32.759287" lon="-117.197736">
				 <ele>6.6</ele>
			 </trkpt>
			 <trkpt lat="32.75941" lon="-117.197777">
				 <ele>6.7</ele>
			 </trkpt>
			 <trkpt lat="32.759515" lon="-117.19779">
				 <ele>6.8</ele>
			 </trkpt>
			 <trkpt lat="32.759817" lon="-117.197834">
				 <ele>6.9</ele>
			 </trkpt>
			 <trkpt lat="32.760065" lon="-117.197855">
				 <ele>7</ele>
			 </trkpt>
			 <trkpt lat="32.760623" lon="-117.197868">
				 <ele>7</ele>
			 </trkpt>
			 <trkpt lat="32.760631" lon="-117.19779">
				 <ele>7</ele>
			 </trkpt>
			 <trkpt lat="32.76065" lon="-117.19755">
				 <ele>7</ele>
			 </trkpt>
			 <trkpt lat="32.760645" lon="-117.19737">
				 <ele>7</ele>
			 </trkpt>
			 <trkpt lat="32.760683" lon="-117.197354">
				 <ele>7</ele>
			 </trkpt>
			 <trkpt lat="32.760699" lon="-117.197383">
				 <ele>7</ele>
			 </trkpt>
			 <trkpt lat="32.760679" lon="-117.197598">
				 <ele>7</ele>
			 </trkpt>
			 <trkpt lat="32.760705" lon="-117.19761">
				 <ele>7</ele>
			 </trkpt>
			 <trkpt lat="32.760737" lon="-117.197412">
				 <ele>7</ele>
			 </trkpt>
			 <trkpt lat="32.760796" lon="-117.197161">
				 <ele>7</ele>
			 </trkpt>
			 <trkpt lat="32.760765" lon="-117.197525">
				 <ele>7</ele>
			 </trkpt>
			 <trkpt lat="32.760743" lon="-117.197718">
				 <ele>7</ele>
			 </trkpt>
			 <trkpt lat="32.760732" lon="-117.197891">
				 <ele>7</ele>
			 </trkpt>
			 <trkpt lat="32.760713" lon="-117.198051">
				 <ele>7</ele>
			 </trkpt>
			 <trkpt lat="32.760636" lon="-117.198181">
				 <ele>7</ele>
			 </trkpt>
			 <trkpt lat="32.760616" lon="-117.198618">
				 <ele>7</ele>
			 </trkpt>
			 <trkpt lat="32.760551" lon="-117.199139">
				 <ele>6.9</ele>
			 </trkpt>
			 <trkpt lat="32.760537" lon="-117.199255">
				 <ele>6.8</ele>
			 </trkpt>
			 <trkpt lat="32.760444" lon="-117.200104">
				 <ele>6.7</ele>
			 </trkpt>
			 <trkpt lat="32.760389" lon="-117.200536">
				 <ele>6.6</ele>
			 </trkpt>
			 <trkpt lat="32.760367" lon="-117.201141">
				 <ele>6.5</ele>
			 </trkpt>
			 <trkpt lat="32.76044" lon="-117.201432">
				 <ele>6.5</ele>
			 </trkpt>
			 <trkpt lat="32.760434" lon="-117.201601">
				 <ele>6.4</ele>
			 </trkpt>
			 <trkpt lat="32.760426" lon="-117.201646">
				 <ele>6.3</ele>
			 </trkpt>
			 <trkpt lat="32.760341" lon="-117.20186">
				 <ele>6.2</ele>
			 </trkpt>
			 <trkpt lat="32.760306" lon="-117.201978">
				 <ele>6.1</ele>
			 </trkpt>
			 <trkpt lat="32.760298" lon="-117.202052">
				 <ele>6</ele>
			 </trkpt>
			 <trkpt lat="32.760277" lon="-117.202157">
				 <ele>6</ele>
			 </trkpt>
			 <trkpt lat="32.760272" lon="-117.20228">
				 <ele>6</ele>
			 </trkpt>
			 <trkpt lat="32.760309" lon="-117.202353">
				 <ele>6</ele>
			 </trkpt>
			 <trkpt lat="32.760314" lon="-117.202451">
				 <ele>6</ele>
			 </trkpt>
			 <trkpt lat="32.760288" lon="-117.202556">
				 <ele>6</ele>
			 </trkpt>
			 <trkpt lat="32.760248" lon="-117.202797">
				 <ele>6</ele>
			 </trkpt>
			 <trkpt lat="32.760216" lon="-117.202895">
				 <ele>5.9</ele>
			 </trkpt>
			 <trkpt lat="32.760216" lon="-117.203157">
				 <ele>5.8</ele>
			 </trkpt>
			 <trkpt lat="32.760155" lon="-117.203848">
				 <ele>5.7</ele>
			 </trkpt>
			 <trkpt lat="32.760117" lon="-117.204133">
				 <ele>5.6</ele>
			 </trkpt>
			 <trkpt lat="32.760067" lon="-117.204357">
				 <ele>5.5</ele>
			 </trkpt>
			 <trkpt lat="32.759928" lon="-117.20482">
				 <ele>5.3</ele>
			 </trkpt>
			 <trkpt lat="32.759585" lon="-117.207717">
				 <ele>5</ele>
			 </trkpt>
			 <trkpt lat="32.759337" lon="-117.209879">
				 <ele>4.7</ele>
			 </trkpt>
			 <trkpt lat="32.758827" lon="-117.214337">
				 <ele>4.5</ele>
			 </trkpt>
			 <trkpt lat="32.758669" lon="-117.215559">
				 <ele>4.1</ele>
			 </trkpt>
			 <trkpt lat="32.758459" lon="-117.217109">
				 <ele>3.7</ele>
			 </trkpt>
			 <trkpt lat="32.75803" lon="-117.220876">
				 <ele>3.5</ele>
			 </trkpt>
			 <trkpt lat="32.757864" lon="-117.222271">
				 <ele>3.2</ele>
			 </trkpt>
			 <trkpt lat="32.757819" lon="-117.222654">
				 <ele>2.9</ele>
			 </trkpt>
			 <trkpt lat="32.757812" lon="-117.222768">
				 <ele>2.6</ele>
			 </trkpt>
			 <trkpt lat="32.757816" lon="-117.222914">
				 <ele>2.5</ele>
			 </trkpt>
			 <trkpt lat="32.757847" lon="-117.22351">
				 <ele>2.3</ele>
			 </trkpt>
			 <trkpt lat="32.757838" lon="-117.223596">
				 <ele>2.3</ele>
			 </trkpt>
			 <trkpt lat="32.757787" lon="-117.223783">
				 <ele>2.3</ele>
			 </trkpt>
			 <trkpt lat="32.757668" lon="-117.224653">
				 <ele>2.3</ele>
			 </trkpt>
			 <trkpt lat="32.75757" lon="-117.224925">
				 <ele>2.4</ele>
			 </trkpt>
			 <trkpt lat="32.757555" lon="-117.224992">
				 <ele>2.5</ele>
			 </trkpt>
			 <trkpt lat="32.757546" lon="-117.225068">
				 <ele>2.5</ele>
			 </trkpt>
			 <trkpt lat="32.757401" lon="-117.22608">
				 <ele>2.6</ele>
			 </trkpt>
			 <trkpt lat="32.757334" lon="-117.226648">
				 <ele>2.7</ele>
			 </trkpt>
			 <trkpt lat="32.757279" lon="-117.22705">
				 <ele>2.9</ele>
			 </trkpt>
			 <trkpt lat="32.757011" lon="-117.229223">
				 <ele>3.1</ele>
			 </trkpt>
			 <trkpt lat="32.756929" lon="-117.229912">
				 <ele>3.2</ele>
			 </trkpt>
			 <trkpt lat="32.756848" lon="-117.230467">
				 <ele>3.2</ele>
			 </trkpt>
			 <trkpt lat="32.75674" lon="-117.231561">
				 <ele>3.2</ele>
			 </trkpt>
			 <trkpt lat="32.756399" lon="-117.234235">
				 <ele>3.2</ele>
			 </trkpt>
			 <trkpt lat="32.756413" lon="-117.234403">
				 <ele>3.2</ele>
			 </trkpt>
			 <trkpt lat="32.756412" lon="-117.234457">
				 <ele>3.2</ele>
			 </trkpt>
			 <trkpt lat="32.756364" lon="-117.234464">
				 <ele>3.3</ele>
			 </trkpt>
			 <trkpt lat="32.756341" lon="-117.234502">
				 <ele>3.3</ele>
			 </trkpt>
			 <trkpt lat="32.75636" lon="-117.23483">
				 <ele>3.3</ele>
			 </trkpt>
			 <trkpt lat="32.756346" lon="-117.234882">
				 <ele>3.3</ele>
			 </trkpt>
			 <trkpt lat="32.756315" lon="-117.234909">
				 <ele>3.3</ele>
			 </trkpt>
			 <trkpt lat="32.756237" lon="-117.234948">
				 <ele>3.4</ele>
			 </trkpt>
			 <trkpt lat="32.756166" lon="-117.234997">
				 <ele>3.5</ele>
			 </trkpt>
			 <trkpt lat="32.756136" lon="-117.235028">
				 <ele>3.5</ele>
			 </trkpt>
			 <trkpt lat="32.756129" lon="-117.235087">
				 <ele>3.6</ele>
			 </trkpt>
			 <trkpt lat="32.756153" lon="-117.235174">
				 <ele>3.7</ele>
			 </trkpt>
			 <trkpt lat="32.756354" lon="-117.23504">
				 <ele>3.8</ele>
			 </trkpt>
			 <trkpt lat="32.75785" lon="-117.23404">
				 <ele>3.8</ele>
			 </trkpt>
			 <trkpt lat="32.75911" lon="-117.233198">
				 <ele>4</ele>
			 </trkpt>
			 <trkpt lat="32.759226" lon="-117.233124">
				 <ele>4.2</ele>
			 </trkpt>
			 <trkpt lat="32.759418" lon="-117.232992">
				 <ele>4.2</ele>
			 </trkpt>
			 <trkpt lat="32.759798" lon="-117.232725">
				 <ele>4.2</ele>
			 </trkpt>
			 <trkpt lat="32.760006" lon="-117.232554">
				 <ele>4.2</ele>
			 </trkpt>
			 <trkpt lat="32.760122" lon="-117.232446">
				 <ele>4.2</ele>
			 </trkpt>
			 <trkpt lat="32.760229" lon="-117.232326">
				 <ele>4.2</ele>
			 </trkpt>
			 <trkpt lat="32.760337" lon="-117.232178">
				 <ele>4.2</ele>
			 </trkpt>
			 <trkpt lat="32.760425" lon="-117.232037">
				 <ele>4.2</ele>
			 </trkpt>
			 <trkpt lat="32.761235" lon="-117.23042">
				 <ele>4.3</ele>
			 </trkpt>
			 <trkpt lat="32.761516" lon="-117.229805">
				 <ele>4.4</ele>
			 </trkpt>
			 <trkpt lat="32.761682" lon="-117.229367">
				 <ele>4.4</ele>
			 </trkpt>
			 <trkpt lat="32.76172" lon="-117.229244">
				 <ele>4.4</ele>
			 </trkpt>
			 <trkpt lat="32.761783" lon="-117.229032">
				 <ele>4.5</ele>
			 </trkpt>
			 <trkpt lat="32.761826" lon="-117.228855">
				 <ele>4.5</ele>
			 </trkpt>
			 <trkpt lat="32.761857" lon="-117.228619">
				 <ele>4.6</ele>
			 </trkpt>
			 <trkpt lat="32.761876" lon="-117.22841">
				 <ele>4.7</ele>
			 </trkpt>
			 <trkpt lat="32.76188" lon="-117.228241">
				 <ele>4.8</ele>
			 </trkpt>
			 <trkpt lat="32.761876" lon="-117.228056">
				 <ele>4.9</ele>
			 </trkpt>
			 <trkpt lat="32.761851" lon="-117.227833">
				 <ele>5</ele>
			 </trkpt>
			 <trkpt lat="32.761575" lon="-117.226261">
				 <ele>5</ele>
			 </trkpt>
			 <trkpt lat="32.761317" lon="-117.224665">
				 <ele>5</ele>
			 </trkpt>
			 <trkpt lat="32.761261" lon="-117.224289">
				 <ele>5</ele>
			 </trkpt>
			 <trkpt lat="32.761242" lon="-117.224164">
				 <ele>5</ele>
			 </trkpt>
			 <trkpt lat="32.760971" lon="-117.222612">
				 <ele>5</ele>
			 </trkpt>
			 <trkpt lat="32.760899" lon="-117.222095">
				 <ele>4.9</ele>
			 </trkpt>
			 <trkpt lat="32.760894" lon="-117.222053">
				 <ele>4.8</ele>
			 </trkpt>
			 <trkpt lat="32.760859" lon="-117.22155">
				 <ele>4.7</ele>
			 </trkpt>
			 <trkpt lat="32.760865" lon="-117.221101">
				 <ele>4.6</ele>
			 </trkpt>
			 <trkpt lat="32.760887" lon="-117.220592">
				 <ele>4.5</ele>
			 </trkpt>
			 <trkpt lat="32.761549" lon="-117.215007">
				 <ele>4.5</ele>
			 </trkpt>
			 <trkpt lat="32.761631" lon="-117.214313">
				 <ele>4.4</ele>
			 </trkpt>
			 <trkpt lat="32.761646" lon="-117.214171">
				 <ele>4.3</ele>
			 </trkpt>
			 <trkpt lat="32.761713" lon="-117.213556">
				 <ele>4.2</ele>
			 </trkpt>
			 <trkpt lat="32.761805" lon="-117.212794">
				 <ele>4.2</ele>
			 </trkpt>
			 <trkpt lat="32.76189" lon="-117.212337">
				 <ele>4.2</ele>
			 </trkpt>
			 <trkpt lat="32.762024" lon="-117.211808">
				 <ele>4.3</ele>
			 </trkpt>
			 <trkpt lat="32.762235" lon="-117.211233">
				 <ele>4.4</ele>
			 </trkpt>
			 <trkpt lat="32.762506" lon="-117.210707">
				 <ele>4.5</ele>
			 </trkpt>
			 <trkpt lat="32.762532" lon="-117.21067">
				 <ele>4.5</ele>
			 </trkpt>
			 <trkpt lat="32.762978" lon="-117.210023">
				 <ele>4.6</ele>
			 </trkpt>
			 <trkpt lat="32.763238" lon="-117.209737">
				 <ele>4.7</ele>
			 </trkpt>
			 <trkpt lat="32.763338" lon="-117.209649">
				 <ele>4.8</ele>
			 </trkpt>
			 <trkpt lat="32.76341" lon="-117.209585">
				 <ele>4.9</ele>
			 </trkpt>
			 <trkpt lat="32.763501" lon="-117.209505">
				 <ele>5</ele>
			 </trkpt>
			 <trkpt lat="32.763589" lon="-117.209435">
				 <ele>5</ele>
			 </trkpt>
			 <trkpt lat="32.764007" lon="-117.20915">
				 <ele>5</ele>
			 </trkpt>
			 <trkpt lat="32.764309" lon="-117.208981">
				 <ele>5</ele>
			 </trkpt>
			 <trkpt lat="32.764646" lon="-117.208843">
				 <ele>5</ele>
			 </trkpt>
			 <trkpt lat="32.764979" lon="-117.208724">
				 <ele>5</ele>
			 </trkpt>
			 <trkpt lat="32.765343" lon="-117.208649">
				 <ele>5</ele>
			 </trkpt>
			 <trkpt lat="32.7657" lon="-117.208602">
				 <ele>5</ele>
			 </trkpt>
			 <trkpt lat="32.766422" lon="-117.208612">
				 <ele>5</ele>
			 </trkpt>
			 <trkpt lat="32.767018" lon="-117.208617">
				 <ele>5</ele>
			 </trkpt>
			 <trkpt lat="32.767055" lon="-117.208617">
				 <ele>5.1</ele>
			 </trkpt>
			 <trkpt lat="32.767172" lon="-117.208618">
				 <ele>5.2</ele>
			 </trkpt>
			 <trkpt lat="32.767365" lon="-117.208613">
				 <ele>5.3</ele>
			 </trkpt>
			 <trkpt lat="32.767711" lon="-117.208605">
				 <ele>5.4</ele>
			 </trkpt>
			 <trkpt lat="32.768012" lon="-117.20857">
				 <ele>5.5</ele>
			 </trkpt>
			 <trkpt lat="32.768238" lon="-117.208511">
				 <ele>5.6</ele>
			 </trkpt>
			 <trkpt lat="32.768494" lon="-117.208395">
				 <ele>5.8</ele>
			 </trkpt>
			 <trkpt lat="32.768638" lon="-117.208318">
				 <ele>6</ele>
			 </trkpt>
			 <trkpt lat="32.768723" lon="-117.208254">
				 <ele>6.2</ele>
			 </trkpt>
			 <trkpt lat="32.768865" lon="-117.208122">
				 <ele>6.4</ele>
			 </trkpt>
			 <trkpt lat="32.769125" lon="-117.207855">
				 <ele>6.5</ele>
			 </trkpt>
			 <trkpt lat="32.769221" lon="-117.207738">
				 <ele>6.6</ele>
			 </trkpt>
			 <trkpt lat="32.769374" lon="-117.207517">
				 <ele>6.7</ele>
			 </trkpt>
			 <trkpt lat="32.769491" lon="-117.207361">
				 <ele>6.8</ele>
			 </trkpt>
			 <trkpt lat="32.769564" lon="-117.207264">
				 <ele>6.9</ele>
			 </trkpt>
			 <trkpt lat="32.769754" lon="-117.206932">
				 <ele>7</ele>
			 </trkpt>
			 <trkpt lat="32.769852" lon="-117.206745">
				 <ele>7</ele>
			 </trkpt>
			 <trkpt lat="32.769912" lon="-117.20663">
				 <ele>7</ele>
			 </trkpt>
			 <trkpt lat="32.770261" lon="-117.205933">
				 <ele>7</ele>
			 </trkpt>
			 <trkpt lat="32.770307" lon="-117.205838">
				 <ele>7</ele>
			 </trkpt>
			 <trkpt lat="32.770923" lon="-117.204628">
				 <ele>7</ele>
			 </trkpt>
			 <trkpt lat="32.771071" lon="-117.204307">
				 <ele>7</ele>
			 </trkpt>
			 <trkpt lat="32.771606" lon="-117.203656">
				 <ele>7</ele>
			 </trkpt>
			 <trkpt lat="32.771645" lon="-117.203608">
				 <ele>7</ele>
			 </trkpt>
			 <trkpt lat="32.77188" lon="-117.203378">
				 <ele>7</ele>
			 </trkpt>
			 <trkpt lat="32.772" lon="-117.203277">
				 <ele>7.1</ele>
			 </trkpt>
			 <trkpt lat="32.772084" lon="-117.203207">
				 <ele>7.2</ele>
			 </trkpt>
			 <trkpt lat="32.772221" lon="-117.203091">
				 <ele>7.3</ele>
			 </trkpt>
			 <trkpt lat="32.772418" lon="-117.202925">
				 <ele>7.5</ele>
			 </trkpt>
			 <trkpt lat="32.772494" lon="-117.202861">
				 <ele>7.6</ele>
			 </trkpt>
			 <trkpt lat="32.772606" lon="-117.202766">
				 <ele>7.8</ele>
			 </trkpt>
			 <trkpt lat="32.772562" lon="-117.202686">
				 <ele>8.1</ele>
			 </trkpt>
			 <trkpt lat="32.772543" lon="-117.202653">
				 <ele>8.4</ele>
			 </trkpt>
			 <trkpt lat="32.77249" lon="-117.202556">
				 <ele>8.6</ele>
			 </trkpt>
			 <trkpt lat="32.772392" lon="-117.202377">
				 <ele>8.9</ele>
			 </trkpt>
			 <trkpt lat="32.772314" lon="-117.202294">
				 <ele>9.2</ele>
			 </trkpt>
			 <trkpt lat="32.772255" lon="-117.202232">
				 <ele>9.4</ele>
			 </trkpt>
			 <trkpt lat="32.77211" lon="-117.202141">
				 <ele>9.5</ele>
			 </trkpt>
			 <trkpt lat="32.771993" lon="-117.202106">
				 <ele>9.7</ele>
			 </trkpt>
			 <trkpt lat="32.771959" lon="-117.202096">
				 <ele>9.8</ele>
			 </trkpt>
			 <trkpt lat="32.771734" lon="-117.202032">
				 <ele>9.9</ele>
			 </trkpt>
			 <trkpt lat="32.771618" lon="-117.202003">
				 <ele>10</ele>
			 </trkpt>
			 <trkpt lat="32.771087" lon="-117.20188">
				 <ele>10</ele>
			 </trkpt>
			 <trkpt lat="32.77104" lon="-117.20187">
				 <ele>10</ele>
			 </trkpt>
			 <trkpt lat="32.770849" lon="-117.201823">
				 <ele>10</ele>
			 </trkpt>
			 <trkpt lat="32.770699" lon="-117.201787">
				 <ele>10</ele>
			 </trkpt>
			 <trkpt lat="32.770525" lon="-117.201745">
				 <ele>10</ele>
			 </trkpt>
			 <trkpt lat="32.770422" lon="-117.201719">
				 <ele>10</ele>
			 </trkpt>
			 <trkpt lat="32.770125" lon="-117.201646">
				 <ele>10</ele>
			 </trkpt>
			 <trkpt lat="32.769781" lon="-117.201563">
				 <ele>10</ele>
			 </trkpt>
			 <trkpt lat="32.769664" lon="-117.201438">
				 <ele>10.1</ele>
			 </trkpt>
			 <trkpt lat="32.769609" lon="-117.201362">
				 <ele>10.2</ele>
			 </trkpt>
			 <trkpt lat="32.769577" lon="-117.201317">
				 <ele>10.3</ele>
			 </trkpt>
			 <trkpt lat="32.769293" lon="-117.200838">
				 <ele>10.4</ele>
			 </trkpt>
			 <trkpt lat="32.76919" lon="-117.200662">
				 <ele>10.5</ele>
			 </trkpt>
			 <trkpt lat="32.76909" lon="-117.200494">
				 <ele>10.5</ele>
			 </trkpt>
			 <trkpt lat="32.769035" lon="-117.200401">
				 <ele>10.6</ele>
			 </trkpt>
			 <trkpt lat="32.769" lon="-117.200345">
				 <ele>10.7</ele>
			 </trkpt>
			 <trkpt lat="32.768916" lon="-117.200211">
				 <ele>10.8</ele>
			 </trkpt>
			 <trkpt lat="32.768868" lon="-117.200137">
				 <ele>10.8</ele>
			 </trkpt>
			 <trkpt lat="32.7687" lon="-117.199867">
				 <ele>10.8</ele>
			 </trkpt>
			 <trkpt lat="32.768651" lon="-117.199833">
				 <ele>10.7</ele>
			 </trkpt>
			 <trkpt lat="32.768452" lon="-117.199692">
				 <ele>10.6</ele>
			 </trkpt>
			 <trkpt lat="32.768344" lon="-117.199695">
				 <ele>10.5</ele>
			 </trkpt>
			 <trkpt lat="32.768073" lon="-117.199565">
				 <ele>10.4</ele>
			 </trkpt>
			 <trkpt lat="32.767923" lon="-117.199504">
				 <ele>10.2</ele>
			 </trkpt>
			 <trkpt lat="32.767794" lon="-117.199471">
				 <ele>10</ele>
			 </trkpt>
			 <trkpt lat="32.767523" lon="-117.199442">
				 <ele>9.8</ele>
			 </trkpt>
			 <trkpt lat="32.767438" lon="-117.199424">
				 <ele>9.5</ele>
			 </trkpt>
			 <trkpt lat="32.767347" lon="-117.199391">
				 <ele>9.3</ele>
			 </trkpt>
			 <trkpt lat="32.767195" lon="-117.199318">
				 <ele>9.1</ele>
			 </trkpt>
			 <trkpt lat="32.767058" lon="-117.199272">
				 <ele>8.9</ele>
			 </trkpt>
			 <trkpt lat="32.766888" lon="-117.1991">
				 <ele>8.7</ele>
			 </trkpt>
			 <trkpt lat="32.766811" lon="-117.199032">
				 <ele>8.5</ele>
			 </trkpt>
			 <trkpt lat="32.76675" lon="-117.198996">
				 <ele>8.4</ele>
			 </trkpt>
			 <trkpt lat="32.766623" lon="-117.198932">
				 <ele>8.3</ele>
			 </trkpt>
			 <trkpt lat="32.76584" lon="-117.198584">
				 <ele>8.2</ele>
			 </trkpt>
			 <trkpt lat="32.765668" lon="-117.198504">
				 <ele>8.1</ele>
			 </trkpt>
			 <trkpt lat="32.765723" lon="-117.198364">
				 <ele>8</ele>
			 </trkpt>
			 <trkpt lat="32.765736" lon="-117.198301">
				 <ele>8</ele>
			 </trkpt>
			 <trkpt lat="32.76574" lon="-117.198227">
				 <ele>8</ele>
			 </trkpt>
			 <trkpt lat="32.765734" lon="-117.198184">
				 <ele>8</ele>
			 </trkpt>
			 <trkpt lat="32.765628" lon="-117.197883">
				 <ele>8</ele>
			 </trkpt>
			 <trkpt lat="32.765529" lon="-117.19761">
				 <ele>8</ele>
			 </trkpt>
			 <trkpt lat="32.765504" lon="-117.197541">
				 <ele>8</ele>
			 </trkpt>
			 <trkpt lat="32.765466" lon="-117.197437">
				 <ele>8</ele>
			 </trkpt>
			 <trkpt lat="32.765446" lon="-117.197378">
				 <ele>8</ele>
			 </trkpt>
			 <trkpt lat="32.765348" lon="-117.197107">
				 <ele>7.9</ele>
			 </trkpt>
			 <trkpt lat="32.765302" lon="-117.196982">
				 <ele>7.8</ele>
			 </trkpt>
			 <trkpt lat="32.765162" lon="-117.196934">
				 <ele>7.7</ele>
			 </trkpt>
			 <trkpt lat="32.764848" lon="-117.196428">
				 <ele>7.6</ele>
			 </trkpt>
			 <trkpt lat="32.764718" lon="-117.196223">
				 <ele>7.5</ele>
			 </trkpt>
			 <trkpt lat="32.764714" lon="-117.196185">
				 <ele>7.3</ele>
			 </trkpt>
			 <trkpt lat="32.764704" lon="-117.196079">
				 <ele>7.1</ele>
			 </trkpt>
			 <trkpt lat="32.764662" lon="-117.196013">
				 <ele>6.9</ele>
			 </trkpt>
			 <trkpt lat="32.764513" lon="-117.195783">
				 <ele>6.7</ele>
			 </trkpt>
			 <trkpt lat="32.764465" lon="-117.195709">
				 <ele>6.5</ele>
			 </trkpt>
			 <trkpt lat="32.764347" lon="-117.19561">
				 <ele>6.3</ele>
			 </trkpt>
			 <trkpt lat="32.76432" lon="-117.195587">
				 <ele>6.1</ele>
			 </trkpt>
			 <trkpt lat="32.764118" lon="-117.195473">
				 <ele>5.9</ele>
			 </trkpt>
			 <trkpt lat="32.764017" lon="-117.195515">
				 <ele>5.7</ele>
			 </trkpt>
			 <trkpt lat="32.763705" lon="-117.195386">
				 <ele>5.5</ele>
			 </trkpt>
			 <trkpt lat="32.763674" lon="-117.195373">
				 <ele>5.5</ele>
			 </trkpt>
			 <trkpt lat="32.763606" lon="-117.195296">
				 <ele>5.4</ele>
			 </trkpt>
			 <trkpt lat="32.763543" lon="-117.195235">
				 <ele>5.3</ele>
			 </trkpt>
			 <trkpt lat="32.763506" lon="-117.195221">
				 <ele>5.2</ele>
			 </trkpt>
			 <trkpt lat="32.76347" lon="-117.195206">
				 <ele>5.1</ele>
			 </trkpt>
			 <trkpt lat="32.763458" lon="-117.195144">
				 <ele>5</ele>
			 </trkpt>
			 <trkpt lat="32.763506" lon="-117.194968">
				 <ele>5.1</ele>
			 </trkpt>
			 <trkpt lat="32.763845" lon="-117.193787">
				 <ele>5.2</ele>
			 </trkpt>
			 <trkpt lat="32.763953" lon="-117.193361">
				 <ele>5.3</ele>
			 </trkpt>
			 <trkpt lat="32.764259" lon="-117.191958">
				 <ele>5.4</ele>
			 </trkpt>
			 <trkpt lat="32.764326" lon="-117.191607">
				 <ele>5.5</ele>
			 </trkpt>
			 <trkpt lat="32.764429" lon="-117.191162">
				 <ele>5.5</ele>
			 </trkpt>
			 <trkpt lat="32.764485" lon="-117.190929">
				 <ele>5.7</ele>
			 </trkpt>
			 <trkpt lat="32.764569" lon="-117.190585">
				 <ele>5.9</ele>
			 </trkpt>
			 <trkpt lat="32.764641" lon="-117.190245">
				 <ele>6.2</ele>
			 </trkpt>
			 <trkpt lat="32.764742" lon="-117.189828">
				 <ele>6.5</ele>
			 </trkpt>
			 <trkpt lat="32.764752" lon="-117.189781">
				 <ele>7</ele>
			 </trkpt>
			 <trkpt lat="32.764785" lon="-117.189648">
				 <ele>7.4</ele>
			 </trkpt>
			 <trkpt lat="32.764993" lon="-117.188906">
				 <ele>7.8</ele>
			 </trkpt>
			 <trkpt lat="32.765174" lon="-117.188307">
				 <ele>8.3</ele>
			 </trkpt>
			 <trkpt lat="32.765453" lon="-117.187534">
				 <ele>8.8</ele>
			 </trkpt>
			 <trkpt lat="32.765512" lon="-117.187372">
				 <ele>9.4</ele>
			 </trkpt>
			 <trkpt lat="32.765542" lon="-117.187298">
				 <ele>9.9</ele>
			 </trkpt>
			 <trkpt lat="32.765669" lon="-117.186994">
				 <ele>10.5</ele>
			 </trkpt>
			 <trkpt lat="32.765763" lon="-117.186768">
				 <ele>11</ele>
			 </trkpt>
			 <trkpt lat="32.76604" lon="-117.186031">
				 <ele>11.5</ele>
			 </trkpt>
			 <trkpt lat="32.766123" lon="-117.185695">
				 <ele>11.8</ele>
			 </trkpt>
			 <trkpt lat="32.766208" lon="-117.185352">
				 <ele>12.2</ele>
			 </trkpt>
			 <trkpt lat="32.766259" lon="-117.185001">
				 <ele>12.5</ele>
			 </trkpt>
			 <trkpt lat="32.76629" lon="-117.184429">
				 <ele>12.8</ele>
			 </trkpt>
			 <trkpt lat="32.766276" lon="-117.184256">
				 <ele>13.2</ele>
			 </trkpt>
			 <trkpt lat="32.766242" lon="-117.183836">
				 <ele>13.5</ele>
			 </trkpt>
			 <trkpt lat="32.766237" lon="-117.183786">
				 <ele>13.9</ele>
			 </trkpt>
			 <trkpt lat="32.766232" lon="-117.183719">
				 <ele>14.4</ele>
			 </trkpt>
			 <trkpt lat="32.766225" lon="-117.183641">
				 <ele>14.8</ele>
			 </trkpt>
			 <trkpt lat="32.766017" lon="-117.181558">
				 <ele>15.3</ele>
			 </trkpt>
			 <trkpt lat="32.766011" lon="-117.18149">
				 <ele>15.7</ele>
			 </trkpt>
			 <trkpt lat="32.765988" lon="-117.181047">
				 <ele>16.3</ele>
			 </trkpt>
			 <trkpt lat="32.766005" lon="-117.180471">
				 <ele>16.7</ele>
			 </trkpt>
			 <trkpt lat="32.766008" lon="-117.180368">
				 <ele>17.2</ele>
			 </trkpt>
			 <trkpt lat="32.766087" lon="-117.179689">
				 <ele>17.6</ele>
			 </trkpt>
			 <trkpt lat="32.766251" lon="-117.17892">
				 <ele>18</ele>
			 </trkpt>
			 <trkpt lat="32.766277" lon="-117.178851">
				 <ele>18.3</ele>
			 </trkpt>
			 <trkpt lat="32.76648" lon="-117.178164">
				 <ele>18.5</ele>
			 </trkpt>
			 <trkpt lat="32.76763" lon="-117.174451">
				 <ele>18.7</ele>
			 </trkpt>
			 <trkpt lat="32.767671" lon="-117.174318">
				 <ele>18.8</ele>
			 </trkpt>
			 <trkpt lat="32.767691" lon="-117.174252">
				 <ele>18.9</ele>
			 </trkpt>
			 <trkpt lat="32.7679" lon="-117.173588">
				 <ele>19</ele>
			 </trkpt>
			 <trkpt lat="32.768021" lon="-117.173245">
				 <ele>19</ele>
			 </trkpt>
			 <trkpt lat="32.768091" lon="-117.173067">
				 <ele>19</ele>
			 </trkpt>
			 <trkpt lat="32.768154" lon="-117.172909">
				 <ele>19</ele>
			 </trkpt>
			 <trkpt lat="32.768222" lon="-117.172735">
				 <ele>19</ele>
			 </trkpt>
			 <trkpt lat="32.768408" lon="-117.172267">
				 <ele>19</ele>
			 </trkpt>
			 <trkpt lat="32.768424" lon="-117.172227">
				 <ele>19</ele>
			 </trkpt>
			 <trkpt lat="32.768463" lon="-117.172126">
				 <ele>19</ele>
			 </trkpt>
			 <trkpt lat="32.768509" lon="-117.172006">
				 <ele>19</ele>
			 </trkpt>
			 <trkpt lat="32.768562" lon="-117.171868">
				 <ele>19</ele>
			 </trkpt>
			 <trkpt lat="32.76859" lon="-117.171796">
				 <ele>19</ele>
			 </trkpt>
			 <trkpt lat="32.768604" lon="-117.171759">
				 <ele>19</ele>
			 </trkpt>
			 <trkpt lat="32.76867" lon="-117.17159">
				 <ele>19</ele>
			 </trkpt>
			 <trkpt lat="32.768703" lon="-117.171509">
				 <ele>18.9</ele>
			 </trkpt>
			 <trkpt lat="32.769092" lon="-117.170577">
				 <ele>18.7</ele>
			 </trkpt>
			 <trkpt lat="32.769261" lon="-117.170146">
				 <ele>18.5</ele>
			 </trkpt>
			 <trkpt lat="32.76931" lon="-117.170016">
				 <ele>18.3</ele>
			 </trkpt>
			 <trkpt lat="32.769377" lon="-117.16979">
				 <ele>17.9</ele>
			 </trkpt>
			 <trkpt lat="32.769424" lon="-117.169619">
				 <ele>17.5</ele>
			 </trkpt>
			 <trkpt lat="32.769494" lon="-117.169329">
				 <ele>17.1</ele>
			 </trkpt>
			 <trkpt lat="32.769548" lon="-117.169051">
				 <ele>16.5</ele>
			 </trkpt>
			 <trkpt lat="32.769593" lon="-117.168731">
				 <ele>16</ele>
			 </trkpt>
			 <trkpt lat="32.769619" lon="-117.168416">
				 <ele>15.4</ele>
			 </trkpt>
			 <trkpt lat="32.769813" lon="-117.166044">
				 <ele>14.7</ele>
			 </trkpt>
			 <trkpt lat="32.76986" lon="-117.165571">
				 <ele>14.3</ele>
			 </trkpt>
			 <trkpt lat="32.769863" lon="-117.165539">
				 <ele>13.9</ele>
			 </trkpt>
			 <trkpt lat="32.76988" lon="-117.165396">
				 <ele>13.5</ele>
			 </trkpt>
			 <trkpt lat="32.769924" lon="-117.165007">
				 <ele>13.4</ele>
			 </trkpt>
			 <trkpt lat="32.769981" lon="-117.164628">
				 <ele>13.3</ele>
			 </trkpt>
			 <trkpt lat="32.770067" lon="-117.16432">
				 <ele>13.3</ele>
			 </trkpt>
			 <trkpt lat="32.770213" lon="-117.163912">
				 <ele>13.4</ele>
			 </trkpt>
			 <trkpt lat="32.770282" lon="-117.163676">
				 <ele>13.5</ele>
			 </trkpt>
			 <trkpt lat="32.770485" lon="-117.163268">
				 <ele>13.7</ele>
			 </trkpt>
			 <trkpt lat="32.770504" lon="-117.163234">
				 <ele>14</ele>
			 </trkpt>
			 <trkpt lat="32.770604" lon="-117.16306">
				 <ele>14.2</ele>
			 </trkpt>
			 <trkpt lat="32.770622" lon="-117.163027">
				 <ele>14.3</ele>
			 </trkpt>
			 <trkpt lat="32.770689" lon="-117.162906">
				 <ele>14.4</ele>
			 </trkpt>
			 <trkpt lat="32.770764" lon="-117.162776">
				 <ele>14.5</ele>
			 </trkpt>
			 <trkpt lat="32.770892" lon="-117.162555">
				 <ele>14.4</ele>
			 </trkpt>
			 <trkpt lat="32.771244" lon="-117.161914">
				 <ele>14.3</ele>
			 </trkpt>
			 <trkpt lat="32.771421" lon="-117.161515">
				 <ele>14.1</ele>
			 </trkpt>
			 <trkpt lat="32.771481" lon="-117.16136">
				 <ele>13.9</ele>
			 </trkpt>
			 <trkpt lat="32.771525" lon="-117.161264">
				 <ele>13.7</ele>
			 </trkpt>
			 <trkpt lat="32.771576" lon="-117.161148">
				 <ele>13.5</ele>
			 </trkpt>
			 <trkpt lat="32.771613" lon="-117.161036">
				 <ele>13.5</ele>
			 </trkpt>
			 <trkpt lat="32.771645" lon="-117.160933">
				 <ele>13.5</ele>
			 </trkpt>
			 <trkpt lat="32.771692" lon="-117.160743">
				 <ele>13.5</ele>
			 </trkpt>
			 <trkpt lat="32.771765" lon="-117.160413">
				 <ele>13.5</ele>
			 </trkpt>
			 <trkpt lat="32.771789" lon="-117.160267">
				 <ele>13.5</ele>
			 </trkpt>
			 <trkpt lat="32.771818" lon="-117.160076">
				 <ele>13.6</ele>
			 </trkpt>
			 <trkpt lat="32.771854" lon="-117.159743">
				 <ele>13.7</ele>
			 </trkpt>
			 <trkpt lat="32.772029" lon="-117.159537">
				 <ele>13.8</ele>
			 </trkpt>
			 <trkpt lat="32.772227" lon="-117.159545">
				 <ele>13.9</ele>
			 </trkpt>
			 <trkpt lat="32.77248" lon="-117.159598">
				 <ele>14</ele>
			 </trkpt>
			 <trkpt lat="32.772623" lon="-117.159825">
				 <ele>14.1</ele>
			 </trkpt>
			 <trkpt lat="32.772689" lon="-117.159995">
				 <ele>14</ele>
			 </trkpt>
			 <trkpt lat="32.772674" lon="-117.160248">
				 <ele>13.9</ele>
			 </trkpt>
			 <trkpt lat="32.77255" lon="-117.160566">
				 <ele>13.7</ele>
			 </trkpt>
			 <trkpt lat="32.7723" lon="-117.160662">
				 <ele>13.5</ele>
			 </trkpt>
			 <trkpt lat="32.771955" lon="-117.160858">
				 <ele>13.4</ele>
			 </trkpt>
			 <trkpt lat="32.771518" lon="-117.160983">
				 <ele>13</ele>
			 </trkpt>
			 <trkpt lat="32.771081" lon="-117.161108">
				 <ele>12.7</ele>
			 </trkpt>
			 <trkpt lat="32.770644" lon="-117.161233">
				 <ele>12.5</ele>
			 </trkpt>
			 <trkpt lat="32.770511" lon="-117.16127">
				 <ele>12.1</ele>
			 </trkpt>
			 <trkpt lat="32.770071" lon="-117.161381">
				 <ele>11.7</ele>
			 </trkpt>
			 <trkpt lat="32.769631" lon="-117.161492">
				 <ele>11.4</ele>
			 </trkpt>
			 <trkpt lat="32.76942" lon="-117.161545">
				 <ele>11.1</ele>
			 </trkpt>
			 <trkpt lat="32.769348" lon="-117.161752">
				 <ele>10.8</ele>
			 </trkpt>
			 <trkpt lat="32.768915" lon="-117.161894">
				 <ele>10.6</ele>
			 </trkpt>
			 <trkpt lat="32.768481" lon="-117.162035">
				 <ele>10.5</ele>
			 </trkpt>
			 <trkpt lat="32.768141" lon="-117.162147">
				 <ele>10.4</ele>
			 </trkpt>
			 <trkpt lat="32.767955" lon="-117.162311">
				 <ele>10.4</ele>
			 </trkpt>
			 <trkpt lat="32.767524" lon="-117.162461">
				 <ele>10.4</ele>
			 </trkpt>
			 <trkpt lat="32.767333" lon="-117.162527">
				 <ele>10.4</ele>
			 </trkpt>
			 <trkpt lat="32.766892" lon="-117.162631">
				 <ele>10.5</ele>
			 </trkpt>
			 <trkpt lat="32.766451" lon="-117.162734">
				 <ele>10.7</ele>
			 </trkpt>
			 <trkpt lat="32.766174" lon="-117.162799">
				 <ele>10.9</ele>
			 </trkpt>
			 <trkpt lat="32.765734" lon="-117.162911">
				 <ele>11.1</ele>
			 </trkpt>
			 <trkpt lat="32.765294" lon="-117.163022">
				 <ele>11.4</ele>
			 </trkpt>
			 <trkpt lat="32.764855" lon="-117.163134">
				 <ele>11.6</ele>
			 </trkpt>
			 <trkpt lat="32.764415" lon="-117.163245">
				 <ele>11.9</ele>
			 </trkpt>
			 <trkpt lat="32.764382" lon="-117.163253">
				 <ele>12.1</ele>
			 </trkpt>
			 <trkpt lat="32.763943" lon="-117.163366">
				 <ele>12.3</ele>
			 </trkpt>
			 <trkpt lat="32.763816" lon="-117.163399">
				 <ele>12.5</ele>
			 </trkpt>
			 <trkpt lat="32.76337" lon="-117.163465">
				 <ele>12.7</ele>
			 </trkpt>
			 <trkpt lat="32.763163" lon="-117.163496">
				 <ele>12.9</ele>
			 </trkpt>
			 <trkpt lat="32.762715" lon="-117.163496">
				 <ele>13.1</ele>
			 </trkpt>
			 <trkpt lat="32.762265" lon="-117.163482">
				 <ele>13.4</ele>
			 </trkpt>
			 <trkpt lat="32.762104" lon="-117.163477">
				 <ele>13.6</ele>
			 </trkpt>
			 <trkpt lat="32.76166" lon="-117.163388">
				 <ele>14</ele>
			 </trkpt>
			 <trkpt lat="32.761201" lon="-117.163268">
				 <ele>14.5</ele>
			 </trkpt>
			 <trkpt lat="32.76098" lon="-117.16321">
				 <ele>15</ele>
			 </trkpt>
			 <trkpt lat="32.760597" lon="-117.163026">
				 <ele>15.6</ele>
			 </trkpt>
			 <trkpt lat="32.760181" lon="-117.162823">
				 <ele>16.4</ele>
			 </trkpt>
			 <trkpt lat="32.760109" lon="-117.162787">
				 <ele>17.3</ele>
			 </trkpt>
			 <trkpt lat="32.759779" lon="-117.162511">
				 <ele>18.2</ele>
			 </trkpt>
			 <trkpt lat="32.759426" lon="-117.16218">
				 <ele>19.2</ele>
			 </trkpt>
			 <trkpt lat="32.759355" lon="-117.162114">
				 <ele>20.4</ele>
			 </trkpt>
			 <trkpt lat="32.759008" lon="-117.161775">
				 <ele>21.6</ele>
			 </trkpt>
			 <trkpt lat="32.75839" lon="-117.161077">
				 <ele>23</ele>
			 </trkpt>
			 <trkpt lat="32.758058" lon="-117.160699">
				 <ele>24.4</ele>
			 </trkpt>
			 <trkpt lat="32.757893" lon="-117.16051">
				 <ele>25.8</ele>
			 </trkpt>
			 <trkpt lat="32.757689" lon="-117.160292">
				 <ele>27.4</ele>
			 </trkpt>
			 <trkpt lat="32.757429" lon="-117.160051">
				 <ele>29</ele>
			 </trkpt>
			 <trkpt lat="32.757263" lon="-117.159909">
				 <ele>30.7</ele>
			 </trkpt>
			 <trkpt lat="32.757114" lon="-117.159797">
				 <ele>32.5</ele>
			 </trkpt>
			 <trkpt lat="32.756974" lon="-117.159691">
				 <ele>34.3</ele>
			 </trkpt>
			 <trkpt lat="32.756602" lon="-117.159445">
				 <ele>36.2</ele>
			 </trkpt>
			 <trkpt lat="32.756199" lon="-117.159224">
				 <ele>38.1</ele>
			 </trkpt>
			 <trkpt lat="32.756011" lon="-117.159145">
				 <ele>40</ele>
			 </trkpt>
			 <trkpt lat="32.755559" lon="-117.158941">
				 <ele>42</ele>
			 </trkpt>
			 <trkpt lat="32.754785" lon="-117.158737">
				 <ele>44</ele>
			 </trkpt>
			 <trkpt lat="32.754358" lon="-117.158598">
				 <ele>45.9</ele>
			 </trkpt>
			 <trkpt lat="32.754283" lon="-117.158566">
				 <ele>47.7</ele>
			 </trkpt>
			 <trkpt lat="32.754109" lon="-117.158489">
				 <ele>49.5</ele>
			 </trkpt>
			 <trkpt lat="32.753868" lon="-117.158369">
				 <ele>51.3</ele>
			 </trkpt>
			 <trkpt lat="32.753585" lon="-117.158188">
				 <ele>53</ele>
			 </trkpt>
			 <trkpt lat="32.753344" lon="-117.158016">
				 <ele>54.7</ele>
			 </trkpt>
			 <trkpt lat="32.753063" lon="-117.157768">
				 <ele>56.5</ele>
			 </trkpt>
			 <trkpt lat="32.752967" lon="-117.157676">
				 <ele>58.2</ele>
			 </trkpt>
			 <trkpt lat="32.752925" lon="-117.157636">
				 <ele>59.9</ele>
			 </trkpt>
			 <trkpt lat="32.752493" lon="-117.157088">
				 <ele>61.6</ele>
			 </trkpt>
			 <trkpt lat="32.752298" lon="-117.156796">
				 <ele>63.4</ele>
			 </trkpt>
			 <trkpt lat="32.752058" lon="-117.156415">
				 <ele>65.2</ele>
			 </trkpt>
			 <trkpt lat="32.751911" lon="-117.156212">
				 <ele>67.1</ele>
			 </trkpt>
			 <trkpt lat="32.751659" lon="-117.15593">
				 <ele>68.9</ele>
			 </trkpt>
			 <trkpt lat="32.751316" lon="-117.155663">
				 <ele>70.7</ele>
			 </trkpt>
			 <trkpt lat="32.751194" lon="-117.155609">
				 <ele>72.5</ele>
			 </trkpt>
			 <trkpt lat="32.750903" lon="-117.155481">
				 <ele>74</ele>
			 </trkpt>
			 <trkpt lat="32.750699" lon="-117.155423">
				 <ele>75.4</ele>
			 </trkpt>
			 <trkpt lat="32.750541" lon="-117.155396">
				 <ele>76.5</ele>
			 </trkpt>
			 <trkpt lat="32.750229" lon="-117.155396">
				 <ele>77.5</ele>
			 </trkpt>
			 <trkpt lat="32.750043" lon="-117.155433">
				 <ele>78.1</ele>
			 </trkpt>
			 <trkpt lat="32.749315" lon="-117.155677">
				 <ele>78.4</ele>
			 </trkpt>
			 <trkpt lat="32.747541" lon="-117.156299">
				 <ele>78.3</ele>
			 </trkpt>
			 <trkpt lat="32.747262" lon="-117.156401">
				 <ele>77.8</ele>
			 </trkpt>
			 <trkpt lat="32.747191" lon="-117.156426">
				 <ele>77.2</ele>
			 </trkpt>
			 <trkpt lat="32.746685" lon="-117.156538">
				 <ele>76.3</ele>
			 </trkpt>
			 <trkpt lat="32.746231" lon="-117.156563">
				 <ele>75.1</ele>
			 </trkpt>
			 <trkpt lat="32.745631" lon="-117.156512">
				 <ele>73.7</ele>
			 </trkpt>
			 <trkpt lat="32.744852" lon="-117.156422">
				 <ele>72.2</ele>
			 </trkpt>
			 <trkpt lat="32.744525" lon="-117.156397">
				 <ele>70.5</ele>
			 </trkpt>
			 <trkpt lat="32.743935" lon="-117.156383">
				 <ele>68.8</ele>
			 </trkpt>
			 <trkpt lat="32.743408" lon="-117.156443">
				 <ele>67.1</ele>
			 </trkpt>
			 <trkpt lat="32.741877" lon="-117.156589">
				 <ele>65.5</ele>
			 </trkpt>
			 <trkpt lat="32.741152" lon="-117.156598">
				 <ele>63.9</ele>
			 </trkpt>
			 <trkpt lat="32.741083" lon="-117.156598">
				 <ele>62.4</ele>
			 </trkpt>
			 <trkpt lat="32.74034" lon="-117.156538">
				 <ele>60.8</ele>
			 </trkpt>
			 <trkpt lat="32.739813" lon="-117.15646">
				 <ele>59.4</ele>
			 </trkpt>
			 <trkpt lat="32.739473" lon="-117.1564">
				 <ele>58</ele>
			 </trkpt>
			 <trkpt lat="32.738354" lon="-117.156169">
				 <ele>56.7</ele>
			 </trkpt>
			 <trkpt lat="32.737842" lon="-117.156083">
				 <ele>55.6</ele>
			 </trkpt>
			 <trkpt lat="32.737133" lon="-117.156021">
				 <ele>54.5</ele>
			 </trkpt>
			 <trkpt lat="32.736706" lon="-117.15596">
				 <ele>53.5</ele>
			 </trkpt>
			 <trkpt lat="32.736022" lon="-117.155968">
				 <ele>52.6</ele>
			 </trkpt>
			 <trkpt lat="32.735087" lon="-117.156007">
				 <ele>51.7</ele>
			 </trkpt>
			 <trkpt lat="32.734849" lon="-117.155997">
				 <ele>50.9</ele>
			 </trkpt>
			 <trkpt lat="32.734431" lon="-117.155945">
				 <ele>50.3</ele>
			 </trkpt>
			 <trkpt lat="32.734207" lon="-117.155892">
				 <ele>49.7</ele>
			 </trkpt>
			 <trkpt lat="32.733587" lon="-117.155657">
				 <ele>49.3</ele>
			 </trkpt>
			 <trkpt lat="32.733241" lon="-117.155472">
				 <ele>48.9</ele>
			 </trkpt>
			 <trkpt lat="32.732905" lon="-117.15526">
				 <ele>48.6</ele>
			 </trkpt>
			 <trkpt lat="32.732459" lon="-117.155013">
				 <ele>48.4</ele>
			 </trkpt>
			 <trkpt lat="32.732295" lon="-117.15493">
				 <ele>48.2</ele>
			 </trkpt>
			 <trkpt lat="32.732111" lon="-117.154847">
				 <ele>48.1</ele>
			 </trkpt>
			 <trkpt lat="32.731761" lon="-117.154732">
				 <ele>47.9</ele>
			 </trkpt>
			 <trkpt lat="32.731597" lon="-117.154692">
				 <ele>47.8</ele>
			 </trkpt>
			 <trkpt lat="32.731383" lon="-117.154646">
				 <ele>47.7</ele>
			 </trkpt>
			 <trkpt lat="32.731178" lon="-117.154629">
				 <ele>47.6</ele>
			 </trkpt>
			 <trkpt lat="32.730757" lon="-117.154624">
				 <ele>47.5</ele>
			 </trkpt>
			 <trkpt lat="32.730697" lon="-117.154632">
				 <ele>47.5</ele>
			 </trkpt>
			 <trkpt lat="32.730429" lon="-117.154663">
				 <ele>47.3</ele>
			 </trkpt>
			 <trkpt lat="32.730181" lon="-117.154719">
				 <ele>47.1</ele>
			 </trkpt>
			 <trkpt lat="32.729871" lon="-117.154825">
				 <ele>46.9</ele>
			 </trkpt>
			 <trkpt lat="32.729529" lon="-117.154984">
				 <ele>46.6</ele>
			 </trkpt>
			 <trkpt lat="32.728954" lon="-117.155297">
				 <ele>46.4</ele>
			 </trkpt>
			 <trkpt lat="32.728759" lon="-117.155403">
				 <ele>46.1</ele>
			 </trkpt>
			 <trkpt lat="32.72836" lon="-117.155598">
				 <ele>45.8</ele>
			 </trkpt>
			 <trkpt lat="32.727755" lon="-117.155865">
				 <ele>45.5</ele>
			 </trkpt>
			 <trkpt lat="32.727466" lon="-117.155953">
				 <ele>45</ele>
			 </trkpt>
			 <trkpt lat="32.727173" lon="-117.15602">
				 <ele>44.5</ele>
			 </trkpt>
			 <trkpt lat="32.726907" lon="-117.156054">
				 <ele>43.8</ele>
			 </trkpt>
			 <trkpt lat="32.726643" lon="-117.156059">
				 <ele>43.2</ele>
			 </trkpt>
			 <trkpt lat="32.726324" lon="-117.156049">
				 <ele>42.5</ele>
			 </trkpt>
			 <trkpt lat="32.726161" lon="-117.156038">
				 <ele>41.6</ele>
			 </trkpt>
			 <trkpt lat="32.725944" lon="-117.156013">
				 <ele>40.9</ele>
			 </trkpt>
			 <trkpt lat="32.725646" lon="-117.155965">
				 <ele>40.1</ele>
			 </trkpt>
			 <trkpt lat="32.725238" lon="-117.15586">
				 <ele>39.3</ele>
			 </trkpt>
			 <trkpt lat="32.724284" lon="-117.155564">
				 <ele>38.5</ele>
			 </trkpt>
			 <trkpt lat="32.72405" lon="-117.155497">
				 <ele>37.6</ele>
			 </trkpt>
			 <trkpt lat="32.723725" lon="-117.155438">
				 <ele>36.8</ele>
			 </trkpt>
			 <trkpt lat="32.723608" lon="-117.155418">
				 <ele>36.1</ele>
			 </trkpt>
			 <trkpt lat="32.722817" lon="-117.155342">
				 <ele>35.4</ele>
			 </trkpt>
			 <trkpt lat="32.721901" lon="-117.155295">
				 <ele>34.6</ele>
			 </trkpt>
			 <trkpt lat="32.721628" lon="-117.155305">
				 <ele>34</ele>
			 </trkpt>
			 <trkpt lat="32.721593" lon="-117.155308">
				 <ele>33.4</ele>
			 </trkpt>
			 <trkpt lat="32.721488" lon="-117.155317">
				 <ele>32.7</ele>
			 </trkpt>
			 <trkpt lat="32.721144" lon="-117.155387">
				 <ele>32.1</ele>
			 </trkpt>
			 <trkpt lat="32.720718" lon="-117.155471">
				 <ele>31.5</ele>
			 </trkpt>
			 <trkpt lat="32.720236" lon="-117.15562">
				 <ele>30.9</ele>
			 </trkpt>
			 <trkpt lat="32.720009" lon="-117.155652">
				 <ele>30.3</ele>
			 </trkpt>
			 <trkpt lat="32.719866" lon="-117.155633">
				 <ele>29.7</ele>
			 </trkpt>
			 <trkpt lat="32.719282" lon="-117.15563">
				 <ele>29.1</ele>
			 </trkpt>
			 <trkpt lat="32.718857" lon="-117.155618">
				 <ele>28.5</ele>
			 </trkpt>
			 <trkpt lat="32.718663" lon="-117.155619">
				 <ele>28</ele>
			 </trkpt>
			 <trkpt lat="32.71847" lon="-117.155619">
				 <ele>27.5</ele>
			 </trkpt>
			 <trkpt lat="32.718105" lon="-117.15562">
				 <ele>27</ele>
			 </trkpt>
			 <trkpt lat="32.717913" lon="-117.155621">
				 <ele>26.5</ele>
			 </trkpt>
			 <trkpt lat="32.717823" lon="-117.155621">
				 <ele>26.1</ele>
			 </trkpt>
			 <trkpt lat="32.717822" lon="-117.155747">
				 <ele>25.6</ele>
			 </trkpt>
			 <trkpt lat="32.71782" lon="-117.155969">
				 <ele>25.3</ele>
			 </trkpt>
			 <trkpt lat="32.717818" lon="-117.156547">
				 <ele>25</ele>
			 </trkpt>
			 <trkpt lat="32.717815" lon="-117.15744">
				 <ele>24.7</ele>
			 </trkpt>
			 <trkpt lat="32.717815" lon="-117.157548">
				 <ele>24.5</ele>
			 </trkpt>
			 <trkpt lat="32.717813" lon="-117.158212">
				 <ele>24.4</ele>
			 </trkpt>
			 <trkpt lat="32.717812" lon="-117.15828">
				 <ele>24.3</ele>
			 </trkpt>
			 <trkpt lat="32.717812" lon="-117.158363">
				 <ele>24.2</ele>
			 </trkpt>
			 <trkpt lat="32.717812" lon="-117.158469">
				 <ele>24.1</ele>
			 </trkpt>
			 <trkpt lat="32.717812" lon="-117.158622">
				 <ele>24</ele>
			 </trkpt>
			 <trkpt lat="32.717812" lon="-117.159188">
				 <ele>23.9</ele>
			 </trkpt>
			 <trkpt lat="32.717812" lon="-117.159285">
				 <ele>23.8</ele>
			 </trkpt>
			 <trkpt lat="32.718262" lon="-117.159285">
				 <ele>23.7</ele>
			 </trkpt>
			 <trkpt lat="32.718711" lon="-117.159285">
				 <ele>23.5</ele>
			 </trkpt>
			 <trkpt lat="32.718852" lon="-117.159285">
				 <ele>23.3</ele>
			 </trkpt>
			 <trkpt lat="32.718849" lon="-117.15982">
				 <ele>23</ele>
			 </trkpt>
			 <trkpt lat="32.718845" lon="-117.160354">
				 <ele>22.6</ele>
			 </trkpt>
			 <trkpt lat="32.718842" lon="-117.160888">
				 <ele>22.2</ele>
			 </trkpt>
			 <trkpt lat="32.718839" lon="-117.161423">
				 <ele>21.7</ele>
			 </trkpt>
			 <trkpt lat="32.718836" lon="-117.161786">
				 <ele>21.2</ele>
			 </trkpt>
			 <trkpt lat="32.718832" lon="-117.16232">
				 <ele>20.6</ele>
			 </trkpt>
			 <trkpt lat="32.718827" lon="-117.162855">
				 <ele>20.2</ele>
			 </trkpt>
			 <trkpt lat="32.718822" lon="-117.163389">
				 <ele>19.6</ele>
			 </trkpt>
			 <trkpt lat="32.718818" lon="-117.163924">
				 <ele>19.3</ele>
			 </trkpt>
			 <trkpt lat="32.718813" lon="-117.164458">
				 <ele>19</ele>
			 </trkpt>
			 <trkpt lat="32.718809" lon="-117.164993">
				 <ele>18.8</ele>
			 </trkpt>
			 <trkpt lat="32.718804" lon="-117.165527">
				 <ele>18.4</ele>
			 </trkpt>
			 <trkpt lat="32.718803" lon="-117.165603">
				 <ele>18.2</ele>
			 </trkpt>
		 </trkseg>
	 </trk>
</gpx>