<?xml version="1.0" encoding="UTF-8"?>
 <gpx creator="Garmin Connect" version="1.1"
	 xsi:schemaLocation="http://www.topografix.com/GPX/1/1 http://www.topografix.com/GPX/11.xsd"
	 xmlns:ns3="http://www.garmin.com/xmlschemas/TrackPointExtension/v1"
	 xmlns="http://www.topografix.com/GPX/1/1"
	 xmlns:xsi="http://www.w3.org/2001/XMLSchema-instance" xmlns:ns2="http://www.garmin.com/xmlschemas/GpxExtensions/v3">
	 <metadata>
		<name>Tel Aviv Bank Leumi Marathon 2025 - 42.195 km</name>
		 <link href="https://www.goandrace.com">
		 <text>Garmin Connect</text>
		 </link>
	 <time>2026-08-09T18:03:31</time>
	 </metadata>
	 <trk>
		 <name>Tel Aviv Bank Leumi Marathon 2025 - 42.195 km</name>
		 <trkseg>
			 <trkpt lat="32.10456" lon="34.81062">
				 <ele>8.8</ele>
			 </trkpt>
			 <trkpt lat="32.1043" lon="34.81012">
				 <ele>9</ele>
			 </trkpt>
			 <trkpt lat="32.10425" lon="34.81002">
				 <ele>9</ele>
			 </trkpt>
			 <trkpt lat="32.10419" lon="34.80989">
				 <ele>8.9</ele>
			 </trkpt>
			 <trkpt lat="32.10393" lon="34.80936">
				 <ele>8.8</ele>
			 </trkpt>
			 <trkpt lat="32.10368" lon="34.80879">
				 <ele>8.7</ele>
			 </trkpt>
			 <trkpt lat="32.10336" lon="34.80795">
				 <ele>8.7</ele>
			 </trkpt>
			 <trkpt lat="32.10315" lon="34.8073">
				 <ele>8.7</ele>
			 </trkpt>
			 <trkpt lat="32.10285" lon="34.80643">
				 <ele>8.9</ele>
			 </trkpt>
			 <trkpt lat="32.10283" lon="34.80636">
				 <ele>9.1</ele>
			 </trkpt>
			 <trkpt lat="32.10281" lon="34.8063">
				 <ele>9.4</ele>
			 </trkpt>
			 <trkpt lat="32.10272" lon="34.80595">
				 <ele>9.5</ele>
			 </trkpt>
			 <trkpt lat="32.1026" lon="34.80556">
				 <ele>9.5</ele>
			 </trkpt>
			 <trkpt lat="32.10247" lon="34.80507">
				 <ele>9.6</ele>
			 </trkpt>
			 <trkpt lat="32.10244" lon="34.80492">
				 <ele>9.9</ele>
			 </trkpt>
			 <trkpt lat="32.10231" lon="34.80436">
				 <ele>10.2</ele>
			 </trkpt>
			 <trkpt lat="32.10201" lon="34.80302">
				 <ele>10.5</ele>
			 </trkpt>
			 <trkpt lat="32.10186" lon="34.80228">
				 <ele>10.4</ele>
			 </trkpt>
			 <trkpt lat="32.10184" lon="34.80217">
				 <ele>10.3</ele>
			 </trkpt>
			 <trkpt lat="32.10153" lon="34.80071">
				 <ele>10</ele>
			 </trkpt>
			 <trkpt lat="32.10144" lon="34.80035">
				 <ele>9.8</ele>
			 </trkpt>
			 <trkpt lat="32.10124" lon="34.79936">
				 <ele>9.5</ele>
			 </trkpt>
			 <trkpt lat="32.10086" lon="34.79757">
				 <ele>9.3</ele>
			 </trkpt>
			 <trkpt lat="32.10072" lon="34.79693">
				 <ele>8.7</ele>
			 </trkpt>
			 <trkpt lat="32.1006" lon="34.79634">
				 <ele>8.1</ele>
			 </trkpt>
			 <trkpt lat="32.1003" lon="34.79519">
				 <ele>7.7</ele>
			 </trkpt>
			 <trkpt lat="32.1001" lon="34.79441">
				 <ele>7.4</ele>
			 </trkpt>
			 <trkpt lat="32.09949" lon="34.79168">
				 <ele>7</ele>
			 </trkpt>
			 <trkpt lat="32.09919" lon="34.79006">
				 <ele>6.9</ele>
			 </trkpt>
			 <trkpt lat="32.09905" lon="34.78922">
				 <ele>6.8</ele>
			 </trkpt>
			 <trkpt lat="32.0989" lon="34.78655">
				 <ele>6.8</ele>
			 </trkpt>
			 <trkpt lat="32.09874" lon="34.78361">
				 <ele>6.8</ele>
			 </trkpt>
			 <trkpt lat="32.09874" lon="34.78353">
				 <ele>6.9</ele>
			 </trkpt>
			 <trkpt lat="32.09873" lon="34.7834">
				 <ele>7.1</ele>
			 </trkpt>
			 <trkpt lat="32.09884" lon="34.78334">
				 <ele>7.5</ele>
			 </trkpt>
			 <trkpt lat="32.09905" lon="34.78323">
				 <ele>7.7</ele>
			 </trkpt>
			 <trkpt lat="32.09944" lon="34.783">
				 <ele>7.7</ele>
			 </trkpt>
			 <trkpt lat="32.09949" lon="34.78297">
				 <ele>7.7</ele>
			 </trkpt>
			 <trkpt lat="32.10067" lon="34.78231">
				 <ele>7.7</ele>
			 </trkpt>
			 <trkpt lat="32.10141" lon="34.78191">
				 <ele>7.7</ele>
			 </trkpt>
			 <trkpt lat="32.10144" lon="34.78189">
				 <ele>7.7</ele>
			 </trkpt>
			 <trkpt lat="32.10151" lon="34.78186">
				 <ele>7.6</ele>
			 </trkpt>
			 <trkpt lat="32.10159" lon="34.78186">
				 <ele>7.5</ele>
			 </trkpt>
			 <trkpt lat="32.10167" lon="34.78186">
				 <ele>7.3</ele>
			 </trkpt>
			 <trkpt lat="32.10175" lon="34.7819">
				 <ele>7.1</ele>
			 </trkpt>
			 <trkpt lat="32.10181" lon="34.78192">
				 <ele>7</ele>
			 </trkpt>
			 <trkpt lat="32.10197" lon="34.7818">
				 <ele>7</ele>
			 </trkpt>
			 <trkpt lat="32.102" lon="34.78184">
				 <ele>7</ele>
			 </trkpt>
			 <trkpt lat="32.10202" lon="34.78188">
				 <ele>7.3</ele>
			 </trkpt>
			 <trkpt lat="32.10204" lon="34.78192">
				 <ele>7.5</ele>
			 </trkpt>
			 <trkpt lat="32.10205" lon="34.78195">
				 <ele>7.5</ele>
			 </trkpt>
			 <trkpt lat="32.10206" lon="34.78203">
				 <ele>7.6</ele>
			 </trkpt>
			 <trkpt lat="32.10209" lon="34.78228">
				 <ele>7.7</ele>
			 </trkpt>
			 <trkpt lat="32.10223" lon="34.78345">
				 <ele>7.8</ele>
			 </trkpt>
			 <trkpt lat="32.10238" lon="34.78475">
				 <ele>8.2</ele>
			 </trkpt>
			 <trkpt lat="32.1024" lon="34.78489">
				 <ele>8.5</ele>
			 </trkpt>
			 <trkpt lat="32.10241" lon="34.78497">
				 <ele>8.9</ele>
			 </trkpt>
			 <trkpt lat="32.10247" lon="34.78551">
				 <ele>9.3</ele>
			 </trkpt>
			 <trkpt lat="32.10251" lon="34.78593">
				 <ele>9.6</ele>
			 </trkpt>
			 <trkpt lat="32.1028" lon="34.78843">
				 <ele>9.7</ele>
			 </trkpt>
			 <trkpt lat="32.10288" lon="34.7886">
				 <ele>9.9</ele>
			 </trkpt>
			 <trkpt lat="32.10293" lon="34.78867">
				 <ele>10.2</ele>
			 </trkpt>
			 <trkpt lat="32.10297" lon="34.78872">
				 <ele>10.5</ele>
			 </trkpt>
			 <trkpt lat="32.10301" lon="34.78876">
				 <ele>10.7</ele>
			 </trkpt>
			 <trkpt lat="32.10305" lon="34.78877">
				 <ele>11.1</ele>
			 </trkpt>
			 <trkpt lat="32.10309" lon="34.78878">
				 <ele>11.2</ele>
			 </trkpt>
			 <trkpt lat="32.10316" lon="34.78879">
				 <ele>11.4</ele>
			 </trkpt>
			 <trkpt lat="32.10324" lon="34.78878">
				 <ele>11.5</ele>
			 </trkpt>
			 <trkpt lat="32.10363" lon="34.78871">
				 <ele>11.7</ele>
			 </trkpt>
			 <trkpt lat="32.10382" lon="34.78868">
				 <ele>12</ele>
			 </trkpt>
			 <trkpt lat="32.10398" lon="34.78865">
				 <ele>12.3</ele>
			 </trkpt>
			 <trkpt lat="32.10455" lon="34.78854">
				 <ele>12.5</ele>
			 </trkpt>
			 <trkpt lat="32.10477" lon="34.7885">
				 <ele>12.7</ele>
			 </trkpt>
			 <trkpt lat="32.10501" lon="34.78846">
				 <ele>12.8</ele>
			 </trkpt>
			 <trkpt lat="32.10612" lon="34.78827">
				 <ele>12.9</ele>
			 </trkpt>
			 <trkpt lat="32.10624" lon="34.78828">
				 <ele>12.8</ele>
			 </trkpt>
			 <trkpt lat="32.10661" lon="34.78831">
				 <ele>12.7</ele>
			 </trkpt>
			 <trkpt lat="32.10718" lon="34.78844">
				 <ele>12.5</ele>
			 </trkpt>
			 <trkpt lat="32.10737" lon="34.78848">
				 <ele>12.4</ele>
			 </trkpt>
			 <trkpt lat="32.1075" lon="34.7885">
				 <ele>12.2</ele>
			 </trkpt>
			 <trkpt lat="32.10783" lon="34.78856">
				 <ele>11.9</ele>
			 </trkpt>
			 <trkpt lat="32.10962" lon="34.7889">
				 <ele>11.6</ele>
			 </trkpt>
			 <trkpt lat="32.1101" lon="34.78899">
				 <ele>11.3</ele>
			 </trkpt>
			 <trkpt lat="32.11015" lon="34.78897">
				 <ele>11</ele>
			 </trkpt>
			 <trkpt lat="32.11021" lon="34.78893">
				 <ele>10.8</ele>
			 </trkpt>
			 <trkpt lat="32.11024" lon="34.7889">
				 <ele>10.5</ele>
			 </trkpt>
			 <trkpt lat="32.11029" lon="34.78885">
				 <ele>10.4</ele>
			 </trkpt>
			 <trkpt lat="32.11033" lon="34.78878">
				 <ele>10.2</ele>
			 </trkpt>
			 <trkpt lat="32.11034" lon="34.7887">
				 <ele>10</ele>
			 </trkpt>
			 <trkpt lat="32.11037" lon="34.78851">
				 <ele>9.8</ele>
			 </trkpt>
			 <trkpt lat="32.11037" lon="34.78845">
				 <ele>9.5</ele>
			 </trkpt>
			 <trkpt lat="32.11037" lon="34.78838">
				 <ele>9.3</ele>
			 </trkpt>
			 <trkpt lat="32.11037" lon="34.78832">
				 <ele>9</ele>
			 </trkpt>
			 <trkpt lat="32.11034" lon="34.78824">
				 <ele>8.8</ele>
			 </trkpt>
			 <trkpt lat="32.11033" lon="34.7882">
				 <ele>8.5</ele>
			 </trkpt>
			 <trkpt lat="32.11033" lon="34.78816">
				 <ele>8.4</ele>
			 </trkpt>
			 <trkpt lat="32.11033" lon="34.78812">
				 <ele>8.3</ele>
			 </trkpt>
			 <trkpt lat="32.11031" lon="34.78805">
				 <ele>8.2</ele>
			 </trkpt>
			 <trkpt lat="32.11028" lon="34.78797">
				 <ele>8.1</ele>
			 </trkpt>
			 <trkpt lat="32.11024" lon="34.78789">
				 <ele>8</ele>
			 </trkpt>
			 <trkpt lat="32.10995" lon="34.7874">
				 <ele>7.9</ele>
			 </trkpt>
			 <trkpt lat="32.10975" lon="34.78708">
				 <ele>7.9</ele>
			 </trkpt>
			 <trkpt lat="32.1097" lon="34.78699">
				 <ele>7.9</ele>
			 </trkpt>
			 <trkpt lat="32.10966" lon="34.78695">
				 <ele>8</ele>
			 </trkpt>
			 <trkpt lat="32.10962" lon="34.78691">
				 <ele>8.1</ele>
			 </trkpt>
			 <trkpt lat="32.10959" lon="34.78688">
				 <ele>8.3</ele>
			 </trkpt>
			 <trkpt lat="32.10954" lon="34.78684">
				 <ele>8.4</ele>
			 </trkpt>
			 <trkpt lat="32.10949" lon="34.78683">
				 <ele>8.5</ele>
			 </trkpt>
			 <trkpt lat="32.10945" lon="34.78677">
				 <ele>8.5</ele>
			 </trkpt>
			 <trkpt lat="32.10944" lon="34.78673">
				 <ele>8.6</ele>
			 </trkpt>
			 <trkpt lat="32.10944" lon="34.78669">
				 <ele>8.9</ele>
			 </trkpt>
			 <trkpt lat="32.10945" lon="34.78661">
				 <ele>9.2</ele>
			 </trkpt>
			 <trkpt lat="32.10944" lon="34.78656">
				 <ele>9.5</ele>
			 </trkpt>
			 <trkpt lat="32.10943" lon="34.78651">
				 <ele>9.7</ele>
			 </trkpt>
			 <trkpt lat="32.10941" lon="34.78646">
				 <ele>9.9</ele>
			 </trkpt>
			 <trkpt lat="32.10907" lon="34.78589">
				 <ele>10.1</ele>
			 </trkpt>
			 <trkpt lat="32.10896" lon="34.78572">
				 <ele>10.3</ele>
			 </trkpt>
			 <trkpt lat="32.10892" lon="34.78565">
				 <ele>10.5</ele>
			 </trkpt>
			 <trkpt lat="32.10891" lon="34.78561">
				 <ele>10.6</ele>
			 </trkpt>
			 <trkpt lat="32.1089" lon="34.78557">
				 <ele>10.8</ele>
			 </trkpt>
			 <trkpt lat="32.10889" lon="34.78552">
				 <ele>11</ele>
			 </trkpt>
			 <trkpt lat="32.1089" lon="34.78549">
				 <ele>11</ele>
			 </trkpt>
			 <trkpt lat="32.10892" lon="34.78543">
				 <ele>11</ele>
			 </trkpt>
			 <trkpt lat="32.10897" lon="34.78538">
				 <ele>11</ele>
			 </trkpt>
			 <trkpt lat="32.10901" lon="34.78534">
				 <ele>10.9</ele>
			 </trkpt>
			 <trkpt lat="32.10906" lon="34.78531">
				 <ele>10.8</ele>
			 </trkpt>
			 <trkpt lat="32.10912" lon="34.78529">
				 <ele>10.7</ele>
			 </trkpt>
			 <trkpt lat="32.10921" lon="34.78526">
				 <ele>10.6</ele>
			 </trkpt>
			 <trkpt lat="32.10933" lon="34.78523">
				 <ele>10.6</ele>
			 </trkpt>
			 <trkpt lat="32.10975" lon="34.78512">
				 <ele>10.6</ele>
			 </trkpt>
			 <trkpt lat="32.1098" lon="34.78511">
				 <ele>10.6</ele>
			 </trkpt>
			 <trkpt lat="32.11022" lon="34.78499">
				 <ele>10.6</ele>
			 </trkpt>
			 <trkpt lat="32.11034" lon="34.78496">
				 <ele>10.6</ele>
			 </trkpt>
			 <trkpt lat="32.11081" lon="34.78483">
				 <ele>10.6</ele>
			 </trkpt>
			 <trkpt lat="32.1109" lon="34.78481">
				 <ele>10.6</ele>
			 </trkpt>
			 <trkpt lat="32.11098" lon="34.78479">
				 <ele>10.8</ele>
			 </trkpt>
			 <trkpt lat="32.11109" lon="34.78477">
				 <ele>11</ele>
			 </trkpt>
			 <trkpt lat="32.11117" lon="34.78476">
				 <ele>11.2</ele>
			 </trkpt>
			 <trkpt lat="32.11127" lon="34.78474">
				 <ele>11.4</ele>
			 </trkpt>
			 <trkpt lat="32.11136" lon="34.78473">
				 <ele>11.6</ele>
			 </trkpt>
			 <trkpt lat="32.11142" lon="34.78473">
				 <ele>12</ele>
			 </trkpt>
			 <trkpt lat="32.11157" lon="34.78473">
				 <ele>12.5</ele>
			 </trkpt>
			 <trkpt lat="32.11166" lon="34.78473">
				 <ele>13</ele>
			 </trkpt>
			 <trkpt lat="32.11194" lon="34.78473">
				 <ele>13.5</ele>
			 </trkpt>
			 <trkpt lat="32.11274" lon="34.78474">
				 <ele>14</ele>
			 </trkpt>
			 <trkpt lat="32.11328" lon="34.78475">
				 <ele>14.4</ele>
			 </trkpt>
			 <trkpt lat="32.11392" lon="34.78477">
				 <ele>14.6</ele>
			 </trkpt>
			 <trkpt lat="32.11436" lon="34.78478">
				 <ele>14.9</ele>
			 </trkpt>
			 <trkpt lat="32.11454" lon="34.78479">
				 <ele>15.2</ele>
			 </trkpt>
			 <trkpt lat="32.11516" lon="34.78481">
				 <ele>15.5</ele>
			 </trkpt>
			 <trkpt lat="32.11529" lon="34.78481">
				 <ele>15.5</ele>
			 </trkpt>
			 <trkpt lat="32.11543" lon="34.78483">
				 <ele>15.5</ele>
			 </trkpt>
			 <trkpt lat="32.11563" lon="34.78488">
				 <ele>15.5</ele>
			 </trkpt>
			 <trkpt lat="32.11569" lon="34.78463">
				 <ele>15.3</ele>
			 </trkpt>
			 <trkpt lat="32.11571" lon="34.78457">
				 <ele>15.1</ele>
			 </trkpt>
			 <trkpt lat="32.11575" lon="34.78453">
				 <ele>14.9</ele>
			 </trkpt>
			 <trkpt lat="32.1158" lon="34.7845">
				 <ele>14.8</ele>
			 </trkpt>
			 <trkpt lat="32.11586" lon="34.78449">
				 <ele>14.6</ele>
			 </trkpt>
			 <trkpt lat="32.116" lon="34.78447">
				 <ele>14.5</ele>
			 </trkpt>
			 <trkpt lat="32.11604" lon="34.78445">
				 <ele>14.1</ele>
			 </trkpt>
			 <trkpt lat="32.11608" lon="34.78443">
				 <ele>13.5</ele>
			 </trkpt>
			 <trkpt lat="32.11613" lon="34.78437">
				 <ele>12.6</ele>
			 </trkpt>
			 <trkpt lat="32.1163" lon="34.78412">
				 <ele>11.7</ele>
			 </trkpt>
			 <trkpt lat="32.11634" lon="34.78407">
				 <ele>10.7</ele>
			 </trkpt>
			 <trkpt lat="32.11656" lon="34.78355">
				 <ele>9.8</ele>
			 </trkpt>
			 <trkpt lat="32.1169" lon="34.78273">
				 <ele>8.9</ele>
			 </trkpt>
			 <trkpt lat="32.11715" lon="34.78196">
				 <ele>8.1</ele>
			 </trkpt>
			 <trkpt lat="32.1172" lon="34.78184">
				 <ele>7.3</ele>
			 </trkpt>
			 <trkpt lat="32.11726" lon="34.78158">
				 <ele>6.5</ele>
			 </trkpt>
			 <trkpt lat="32.11759" lon="34.78159">
				 <ele>5.8</ele>
			 </trkpt>
			 <trkpt lat="32.11773" lon="34.78168">
				 <ele>5.3</ele>
			 </trkpt>
			 <trkpt lat="32.11778" lon="34.78171">
				 <ele>5</ele>
			 </trkpt>
			 <trkpt lat="32.11863" lon="34.78231">
				 <ele>5.1</ele>
			 </trkpt>
			 <trkpt lat="32.11907" lon="34.78261">
				 <ele>5.2</ele>
			 </trkpt>
			 <trkpt lat="32.1193" lon="34.78277">
				 <ele>5.4</ele>
			 </trkpt>
			 <trkpt lat="32.11933" lon="34.78279">
				 <ele>5.5</ele>
			 </trkpt>
			 <trkpt lat="32.11951" lon="34.78307">
				 <ele>5.7</ele>
			 </trkpt>
			 <trkpt lat="32.11954" lon="34.78315">
				 <ele>5.9</ele>
			 </trkpt>
			 <trkpt lat="32.11956" lon="34.78319">
				 <ele>6.2</ele>
			 </trkpt>
			 <trkpt lat="32.11958" lon="34.78324">
				 <ele>6.5</ele>
			 </trkpt>
			 <trkpt lat="32.11961" lon="34.7833">
				 <ele>6.7</ele>
			 </trkpt>
			 <trkpt lat="32.11967" lon="34.78337">
				 <ele>7</ele>
			 </trkpt>
			 <trkpt lat="32.11973" lon="34.78345">
				 <ele>7.2</ele>
			 </trkpt>
			 <trkpt lat="32.11983" lon="34.78352">
				 <ele>7.5</ele>
			 </trkpt>
			 <trkpt lat="32.12035" lon="34.78388">
				 <ele>7.7</ele>
			 </trkpt>
			 <trkpt lat="32.12101" lon="34.78435">
				 <ele>8</ele>
			 </trkpt>
			 <trkpt lat="32.12114" lon="34.78444">
				 <ele>8.2</ele>
			 </trkpt>
			 <trkpt lat="32.12175" lon="34.78484">
				 <ele>8.4</ele>
			 </trkpt>
			 <trkpt lat="32.12196" lon="34.78498">
				 <ele>8.6</ele>
			 </trkpt>
			 <trkpt lat="32.12206" lon="34.78505">
				 <ele>8.8</ele>
			 </trkpt>
			 <trkpt lat="32.12211" lon="34.78507">
				 <ele>9.1</ele>
			 </trkpt>
			 <trkpt lat="32.12228" lon="34.78517">
				 <ele>9.5</ele>
			 </trkpt>
			 <trkpt lat="32.12253" lon="34.78524">
				 <ele>9.8</ele>
			 </trkpt>
			 <trkpt lat="32.12279" lon="34.7853">
				 <ele>10.3</ele>
			 </trkpt>
			 <trkpt lat="32.12282" lon="34.78533">
				 <ele>10.6</ele>
			 </trkpt>
			 <trkpt lat="32.12305" lon="34.78544">
				 <ele>11</ele>
			 </trkpt>
			 <trkpt lat="32.12326" lon="34.78554">
				 <ele>11.5</ele>
			 </trkpt>
			 <trkpt lat="32.12347" lon="34.78563">
				 <ele>11.9</ele>
			 </trkpt>
			 <trkpt lat="32.12365" lon="34.78572">
				 <ele>12.4</ele>
			 </trkpt>
			 <trkpt lat="32.12372" lon="34.78576">
				 <ele>12.7</ele>
			 </trkpt>
			 <trkpt lat="32.12379" lon="34.78581">
				 <ele>13.1</ele>
			 </trkpt>
			 <trkpt lat="32.12386" lon="34.78587">
				 <ele>13.4</ele>
			 </trkpt>
			 <trkpt lat="32.12392" lon="34.78596">
				 <ele>13.5</ele>
			 </trkpt>
			 <trkpt lat="32.12394" lon="34.78602">
				 <ele>13.5</ele>
			 </trkpt>
			 <trkpt lat="32.12396" lon="34.7861">
				 <ele>13.5</ele>
			 </trkpt>
			 <trkpt lat="32.12396" lon="34.78617">
				 <ele>13.5</ele>
			 </trkpt>
			 <trkpt lat="32.12395" lon="34.78625">
				 <ele>13.5</ele>
			 </trkpt>
			 <trkpt lat="32.12364" lon="34.78747">
				 <ele>13.5</ele>
			 </trkpt>
			 <trkpt lat="32.12362" lon="34.78757">
				 <ele>13.4</ele>
			 </trkpt>
			 <trkpt lat="32.12362" lon="34.78764">
				 <ele>13.3</ele>
			 </trkpt>
			 <trkpt lat="32.12364" lon="34.78772">
				 <ele>13.2</ele>
			 </trkpt>
			 <trkpt lat="32.12366" lon="34.78784">
				 <ele>13.1</ele>
			 </trkpt>
			 <trkpt lat="32.12371" lon="34.78798">
				 <ele>13.1</ele>
			 </trkpt>
			 <trkpt lat="32.12373" lon="34.78808">
				 <ele>13.2</ele>
			 </trkpt>
			 <trkpt lat="32.12374" lon="34.78819">
				 <ele>13.3</ele>
			 </trkpt>
			 <trkpt lat="32.12374" lon="34.78833">
				 <ele>13.5</ele>
			 </trkpt>
			 <trkpt lat="32.12374" lon="34.7884">
				 <ele>13.5</ele>
			 </trkpt>
			 <trkpt lat="32.12373" lon="34.78858">
				 <ele>13.5</ele>
			 </trkpt>
			 <trkpt lat="32.12383" lon="34.78862">
				 <ele>13.5</ele>
			 </trkpt>
			 <trkpt lat="32.12395" lon="34.78867">
				 <ele>13.5</ele>
			 </trkpt>
			 <trkpt lat="32.12556" lon="34.78929">
				 <ele>13.6</ele>
			 </trkpt>
			 <trkpt lat="32.12739" lon="34.79">
				 <ele>13.8</ele>
			 </trkpt>
			 <trkpt lat="32.12749" lon="34.79003">
				 <ele>14</ele>
			 </trkpt>
			 <trkpt lat="32.12751" lon="34.78996">
				 <ele>14.1</ele>
			 </trkpt>
			 <trkpt lat="32.12753" lon="34.7899">
				 <ele>14.2</ele>
			 </trkpt>
			 <trkpt lat="32.12758" lon="34.78958">
				 <ele>14.4</ele>
			 </trkpt>
			 <trkpt lat="32.12766" lon="34.78905">
				 <ele>14.4</ele>
			 </trkpt>
			 <trkpt lat="32.12768" lon="34.78898">
				 <ele>14.6</ele>
			 </trkpt>
			 <trkpt lat="32.1277" lon="34.78894">
				 <ele>14.9</ele>
			 </trkpt>
			 <trkpt lat="32.12772" lon="34.78891">
				 <ele>15.2</ele>
			 </trkpt>
			 <trkpt lat="32.12777" lon="34.78888">
				 <ele>15.5</ele>
			 </trkpt>
			 <trkpt lat="32.1278" lon="34.78888">
				 <ele>15.6</ele>
			 </trkpt>
			 <trkpt lat="32.12787" lon="34.78888">
				 <ele>15.7</ele>
			 </trkpt>
			 <trkpt lat="32.12793" lon="34.78889">
				 <ele>15.8</ele>
			 </trkpt>
			 <trkpt lat="32.12799" lon="34.78891">
				 <ele>15.9</ele>
			 </trkpt>
			 <trkpt lat="32.12804" lon="34.78893">
				 <ele>16</ele>
			 </trkpt>
			 <trkpt lat="32.12815" lon="34.78899">
				 <ele>16</ele>
			 </trkpt>
			 <trkpt lat="32.1282" lon="34.78902">
				 <ele>16</ele>
			 </trkpt>
			 <trkpt lat="32.1283" lon="34.78909">
				 <ele>16</ele>
			 </trkpt>
			 <trkpt lat="32.12836" lon="34.78913">
				 <ele>16.1</ele>
			 </trkpt>
			 <trkpt lat="32.1284" lon="34.78916">
				 <ele>16.2</ele>
			 </trkpt>
			 <trkpt lat="32.12878" lon="34.7894">
				 <ele>16.4</ele>
			 </trkpt>
			 <trkpt lat="32.12884" lon="34.78943">
				 <ele>16.5</ele>
			 </trkpt>
			 <trkpt lat="32.12905" lon="34.78957">
				 <ele>16.6</ele>
			 </trkpt>
			 <trkpt lat="32.12946" lon="34.78982">
				 <ele>16.7</ele>
			 </trkpt>
			 <trkpt lat="32.12969" lon="34.78996">
				 <ele>16.6</ele>
			 </trkpt>
			 <trkpt lat="32.12991" lon="34.79009">
				 <ele>16.7</ele>
			 </trkpt>
			 <trkpt lat="32.12998" lon="34.79015">
				 <ele>16.9</ele>
			 </trkpt>
			 <trkpt lat="32.13046" lon="34.79039">
				 <ele>17</ele>
			 </trkpt>
			 <trkpt lat="32.13105" lon="34.7907">
				 <ele>17.2</ele>
			 </trkpt>
			 <trkpt lat="32.13132" lon="34.79086">
				 <ele>17.2</ele>
			 </trkpt>
			 <trkpt lat="32.13105" lon="34.7907">
				 <ele>17.2</ele>
			 </trkpt>
			 <trkpt lat="32.13046" lon="34.79039">
				 <ele>17</ele>
			 </trkpt>
			 <trkpt lat="32.12998" lon="34.79015">
				 <ele>16.9</ele>
			 </trkpt>
			 <trkpt lat="32.12991" lon="34.79009">
				 <ele>16.7</ele>
			 </trkpt>
			 <trkpt lat="32.12969" lon="34.78996">
				 <ele>16.6</ele>
			 </trkpt>
			 <trkpt lat="32.12946" lon="34.78982">
				 <ele>16.7</ele>
			 </trkpt>
			 <trkpt lat="32.12905" lon="34.78957">
				 <ele>16.6</ele>
			 </trkpt>
			 <trkpt lat="32.12884" lon="34.78943">
				 <ele>16.5</ele>
			 </trkpt>
			 <trkpt lat="32.12871" lon="34.78935">
				 <ele>16.4</ele>
			 </trkpt>
			 <trkpt lat="32.1284" lon="34.78916">
				 <ele>16.2</ele>
			 </trkpt>
			 <trkpt lat="32.12836" lon="34.78913">
				 <ele>16.1</ele>
			 </trkpt>
			 <trkpt lat="32.1283" lon="34.78909">
				 <ele>16</ele>
			 </trkpt>
			 <trkpt lat="32.1282" lon="34.78902">
				 <ele>16</ele>
			 </trkpt>
			 <trkpt lat="32.12804" lon="34.78893">
				 <ele>16</ele>
			 </trkpt>
			 <trkpt lat="32.12799" lon="34.78891">
				 <ele>15.9</ele>
			 </trkpt>
			 <trkpt lat="32.12793" lon="34.78889">
				 <ele>15.8</ele>
			 </trkpt>
			 <trkpt lat="32.12787" lon="34.78888">
				 <ele>15.7</ele>
			 </trkpt>
			 <trkpt lat="32.1278" lon="34.78888">
				 <ele>15.6</ele>
			 </trkpt>
			 <trkpt lat="32.12777" lon="34.78888">
				 <ele>15.5</ele>
			 </trkpt>
			 <trkpt lat="32.12774" lon="34.7889">
				 <ele>15.3</ele>
			 </trkpt>
			 <trkpt lat="32.1277" lon="34.78894">
				 <ele>15</ele>
			 </trkpt>
			 <trkpt lat="32.12768" lon="34.78898">
				 <ele>14.7</ele>
			 </trkpt>
			 <trkpt lat="32.12766" lon="34.78905">
				 <ele>14.5</ele>
			 </trkpt>
			 <trkpt lat="32.12761" lon="34.7894">
				 <ele>14.3</ele>
			 </trkpt>
			 <trkpt lat="32.12753" lon="34.7899">
				 <ele>14.3</ele>
			 </trkpt>
			 <trkpt lat="32.12751" lon="34.78996">
				 <ele>14.2</ele>
			 </trkpt>
			 <trkpt lat="32.12749" lon="34.79003">
				 <ele>14.1</ele>
			 </trkpt>
			 <trkpt lat="32.12739" lon="34.79">
				 <ele>13.9</ele>
			 </trkpt>
			 <trkpt lat="32.1265" lon="34.78965">
				 <ele>13.7</ele>
			 </trkpt>
			 <trkpt lat="32.12556" lon="34.78929">
				 <ele>13.5</ele>
			 </trkpt>
			 <trkpt lat="32.12383" lon="34.78862">
				 <ele>13.5</ele>
			 </trkpt>
			 <trkpt lat="32.12373" lon="34.78858">
				 <ele>13.5</ele>
			 </trkpt>
			 <trkpt lat="32.12374" lon="34.7884">
				 <ele>13.5</ele>
			 </trkpt>
			 <trkpt lat="32.12374" lon="34.78833">
				 <ele>13.5</ele>
			 </trkpt>
			 <trkpt lat="32.12374" lon="34.78819">
				 <ele>13.5</ele>
			 </trkpt>
			 <trkpt lat="32.12373" lon="34.78808">
				 <ele>13.2</ele>
			 </trkpt>
			 <trkpt lat="32.12371" lon="34.78798">
				 <ele>13.1</ele>
			 </trkpt>
			 <trkpt lat="32.12366" lon="34.78784">
				 <ele>13.1</ele>
			 </trkpt>
			 <trkpt lat="32.12364" lon="34.78772">
				 <ele>13.2</ele>
			 </trkpt>
			 <trkpt lat="32.12362" lon="34.78764">
				 <ele>13.3</ele>
			 </trkpt>
			 <trkpt lat="32.12362" lon="34.78757">
				 <ele>13.4</ele>
			 </trkpt>
			 <trkpt lat="32.12364" lon="34.78747">
				 <ele>13.5</ele>
			 </trkpt>
			 <trkpt lat="32.12395" lon="34.78625">
				 <ele>13.5</ele>
			 </trkpt>
			 <trkpt lat="32.12396" lon="34.78617">
				 <ele>13.6</ele>
			 </trkpt>
			 <trkpt lat="32.12396" lon="34.7861">
				 <ele>13.6</ele>
			 </trkpt>
			 <trkpt lat="32.12394" lon="34.78602">
				 <ele>13.6</ele>
			 </trkpt>
			 <trkpt lat="32.12392" lon="34.78596">
				 <ele>13.6</ele>
			 </trkpt>
			 <trkpt lat="32.1239" lon="34.78588">
				 <ele>13.6</ele>
			 </trkpt>
			 <trkpt lat="32.12386" lon="34.78581">
				 <ele>13.5</ele>
			 </trkpt>
			 <trkpt lat="32.12382" lon="34.78576">
				 <ele>13.3</ele>
			 </trkpt>
			 <trkpt lat="32.12375" lon="34.7857">
				 <ele>13</ele>
			 </trkpt>
			 <trkpt lat="32.12368" lon="34.78566">
				 <ele>12.7</ele>
			 </trkpt>
			 <trkpt lat="32.12352" lon="34.78558">
				 <ele>12.4</ele>
			 </trkpt>
			 <trkpt lat="32.12345" lon="34.78557">
				 <ele>12</ele>
			 </trkpt>
			 <trkpt lat="32.12327" lon="34.78548">
				 <ele>11.5</ele>
			 </trkpt>
			 <trkpt lat="32.12308" lon="34.78541">
				 <ele>11.2</ele>
			 </trkpt>
			 <trkpt lat="32.12291" lon="34.78534">
				 <ele>10.8</ele>
			 </trkpt>
			 <trkpt lat="32.12283" lon="34.7853">
				 <ele>10.5</ele>
			 </trkpt>
			 <trkpt lat="32.12279" lon="34.7853">
				 <ele>10</ele>
			 </trkpt>
			 <trkpt lat="32.12253" lon="34.78524">
				 <ele>9.6</ele>
			 </trkpt>
			 <trkpt lat="32.12228" lon="34.78517">
				 <ele>9.1</ele>
			 </trkpt>
			 <trkpt lat="32.12211" lon="34.78507">
				 <ele>8.5</ele>
			 </trkpt>
			 <trkpt lat="32.12196" lon="34.78498">
				 <ele>8</ele>
			 </trkpt>
			 <trkpt lat="32.12197" lon="34.78484">
				 <ele>7.5</ele>
			 </trkpt>
			 <trkpt lat="32.12197" lon="34.78478">
				 <ele>7.1</ele>
			 </trkpt>
			 <trkpt lat="32.12188" lon="34.78364">
				 <ele>6.7</ele>
			 </trkpt>
			 <trkpt lat="32.12187" lon="34.78355">
				 <ele>6.5</ele>
			 </trkpt>
			 <trkpt lat="32.12184" lon="34.78345">
				 <ele>6.1</ele>
			 </trkpt>
			 <trkpt lat="32.1218" lon="34.78338">
				 <ele>5.7</ele>
			 </trkpt>
			 <trkpt lat="32.12176" lon="34.78334">
				 <ele>5.5</ele>
			 </trkpt>
			 <trkpt lat="32.12165" lon="34.78326">
				 <ele>5.3</ele>
			 </trkpt>
			 <trkpt lat="32.12113" lon="34.78298">
				 <ele>5.3</ele>
			 </trkpt>
			 <trkpt lat="32.12114" lon="34.78288">
				 <ele>5.3</ele>
			 </trkpt>
			 <trkpt lat="32.1211" lon="34.78287">
				 <ele>5.3</ele>
			 </trkpt>
			 <trkpt lat="32.12097" lon="34.7828">
				 <ele>5.3</ele>
			 </trkpt>
			 <trkpt lat="32.12076" lon="34.78268">
				 <ele>5.3</ele>
			 </trkpt>
			 <trkpt lat="32.1207" lon="34.78265">
				 <ele>5.3</ele>
			 </trkpt>
			 <trkpt lat="32.12051" lon="34.78255">
				 <ele>5.2</ele>
			 </trkpt>
			 <trkpt lat="32.12014" lon="34.78234">
				 <ele>5.2</ele>
			 </trkpt>
			 <trkpt lat="32.12004" lon="34.78231">
				 <ele>5.1</ele>
			 </trkpt>
			 <trkpt lat="32.11991" lon="34.78228">
				 <ele>5.1</ele>
			 </trkpt>
			 <trkpt lat="32.1197" lon="34.78228">
				 <ele>5</ele>
			 </trkpt>
			 <trkpt lat="32.11964" lon="34.78227">
				 <ele>4.9</ele>
			 </trkpt>
			 <trkpt lat="32.11944" lon="34.78225">
				 <ele>4.9</ele>
			 </trkpt>
			 <trkpt lat="32.1192" lon="34.78221">
				 <ele>4.9</ele>
			 </trkpt>
			 <trkpt lat="32.11895" lon="34.78214">
				 <ele>4.9</ele>
			 </trkpt>
			 <trkpt lat="32.11864" lon="34.78201">
				 <ele>4.9</ele>
			 </trkpt>
			 <trkpt lat="32.11849" lon="34.78192">
				 <ele>4.9</ele>
			 </trkpt>
			 <trkpt lat="32.1184" lon="34.78183">
				 <ele>4.9</ele>
			 </trkpt>
			 <trkpt lat="32.11831" lon="34.78174">
				 <ele>4.9</ele>
			 </trkpt>
			 <trkpt lat="32.11818" lon="34.78164">
				 <ele>4.9</ele>
			 </trkpt>
			 <trkpt lat="32.11806" lon="34.78157">
				 <ele>4.8</ele>
			 </trkpt>
			 <trkpt lat="32.11791" lon="34.78151">
				 <ele>4.7</ele>
			 </trkpt>
			 <trkpt lat="32.11779" lon="34.78149">
				 <ele>4.6</ele>
			 </trkpt>
			 <trkpt lat="32.1177" lon="34.78147">
				 <ele>4.5</ele>
			 </trkpt>
			 <trkpt lat="32.11748" lon="34.78147">
				 <ele>4.4</ele>
			 </trkpt>
			 <trkpt lat="32.11736" lon="34.78149">
				 <ele>4.2</ele>
			 </trkpt>
			 <trkpt lat="32.11729" lon="34.7815">
				 <ele>3.9</ele>
			 </trkpt>
			 <trkpt lat="32.11722" lon="34.7815">
				 <ele>3.6</ele>
			 </trkpt>
			 <trkpt lat="32.11714" lon="34.78149">
				 <ele>3.4</ele>
			 </trkpt>
			 <trkpt lat="32.11702" lon="34.78146">
				 <ele>3.1</ele>
			 </trkpt>
			 <trkpt lat="32.11688" lon="34.7814">
				 <ele>2.9</ele>
			 </trkpt>
			 <trkpt lat="32.11674" lon="34.78133">
				 <ele>2.7</ele>
			 </trkpt>
			 <trkpt lat="32.1166" lon="34.78119">
				 <ele>2.5</ele>
			 </trkpt>
			 <trkpt lat="32.1165" lon="34.78107">
				 <ele>2.4</ele>
			 </trkpt>
			 <trkpt lat="32.1164" lon="34.781">
				 <ele>2.3</ele>
			 </trkpt>
			 <trkpt lat="32.11633" lon="34.78096">
				 <ele>2.4</ele>
			 </trkpt>
			 <trkpt lat="32.1162" lon="34.78093">
				 <ele>2.5</ele>
			 </trkpt>
			 <trkpt lat="32.11599" lon="34.78095">
				 <ele>2.6</ele>
			 </trkpt>
			 <trkpt lat="32.1158" lon="34.78097">
				 <ele>2.9</ele>
			 </trkpt>
			 <trkpt lat="32.11566" lon="34.78093">
				 <ele>3.3</ele>
			 </trkpt>
			 <trkpt lat="32.11486" lon="34.78056">
				 <ele>3.6</ele>
			 </trkpt>
			 <trkpt lat="32.11447" lon="34.78038">
				 <ele>3.9</ele>
			 </trkpt>
			 <trkpt lat="32.11404" lon="34.78026">
				 <ele>4.2</ele>
			 </trkpt>
			 <trkpt lat="32.1135" lon="34.78005">
				 <ele>4.5</ele>
			 </trkpt>
			 <trkpt lat="32.11236" lon="34.77959">
				 <ele>4.6</ele>
			 </trkpt>
			 <trkpt lat="32.11196" lon="34.77938">
				 <ele>4.7</ele>
			 </trkpt>
			 <trkpt lat="32.11153" lon="34.77915">
				 <ele>4.6</ele>
			 </trkpt>
			 <trkpt lat="32.11059" lon="34.77856">
				 <ele>4.5</ele>
			 </trkpt>
			 <trkpt lat="32.11022" lon="34.77834">
				 <ele>4.5</ele>
			 </trkpt>
			 <trkpt lat="32.10956" lon="34.77806">
				 <ele>4.3</ele>
			 </trkpt>
			 <trkpt lat="32.10902" lon="34.77789">
				 <ele>4</ele>
			 </trkpt>
			 <trkpt lat="32.10892" lon="34.77785">
				 <ele>3.7</ele>
			 </trkpt>
			 <trkpt lat="32.10881" lon="34.77779">
				 <ele>3.6</ele>
			 </trkpt>
			 <trkpt lat="32.10874" lon="34.77772">
				 <ele>3.5</ele>
			 </trkpt>
			 <trkpt lat="32.10865" lon="34.77761">
				 <ele>3.5</ele>
			 </trkpt>
			 <trkpt lat="32.10861" lon="34.77755">
				 <ele>3.5</ele>
			 </trkpt>
			 <trkpt lat="32.10851" lon="34.77744">
				 <ele>3.5</ele>
			 </trkpt>
			 <trkpt lat="32.10842" lon="34.77736">
				 <ele>3.5</ele>
			 </trkpt>
			 <trkpt lat="32.10832" lon="34.77728">
				 <ele>3.5</ele>
			 </trkpt>
			 <trkpt lat="32.10829" lon="34.77726">
				 <ele>3.5</ele>
			 </trkpt>
			 <trkpt lat="32.10811" lon="34.77716">
				 <ele>3.5</ele>
			 </trkpt>
			 <trkpt lat="32.10793" lon="34.7771">
				 <ele>3.5</ele>
			 </trkpt>
			 <trkpt lat="32.10789" lon="34.77709">
				 <ele>3.5</ele>
			 </trkpt>
			 <trkpt lat="32.10782" lon="34.77707">
				 <ele>3.4</ele>
			 </trkpt>
			 <trkpt lat="32.10776" lon="34.77707">
				 <ele>3.3</ele>
			 </trkpt>
			 <trkpt lat="32.10773" lon="34.77706">
				 <ele>3.2</ele>
			 </trkpt>
			 <trkpt lat="32.10751" lon="34.77706">
				 <ele>3.1</ele>
			 </trkpt>
			 <trkpt lat="32.10734" lon="34.77706">
				 <ele>3</ele>
			 </trkpt>
			 <trkpt lat="32.1072" lon="34.77704">
				 <ele>3</ele>
			 </trkpt>
			 <trkpt lat="32.10705" lon="34.77699">
				 <ele>3</ele>
			 </trkpt>
			 <trkpt lat="32.10699" lon="34.77697">
				 <ele>3.1</ele>
			 </trkpt>
			 <trkpt lat="32.10694" lon="34.77694">
				 <ele>3.2</ele>
			 </trkpt>
			 <trkpt lat="32.10683" lon="34.77688">
				 <ele>3.3</ele>
			 </trkpt>
			 <trkpt lat="32.1067" lon="34.77674">
				 <ele>3.5</ele>
			 </trkpt>
			 <trkpt lat="32.10654" lon="34.77666">
				 <ele>3.5</ele>
			 </trkpt>
			 <trkpt lat="32.10642" lon="34.77661">
				 <ele>3.6</ele>
			 </trkpt>
			 <trkpt lat="32.10614" lon="34.77651">
				 <ele>3.6</ele>
			 </trkpt>
			 <trkpt lat="32.10588" lon="34.77641">
				 <ele>3.6</ele>
			 </trkpt>
			 <trkpt lat="32.10583" lon="34.77639">
				 <ele>3.6</ele>
			 </trkpt>
			 <trkpt lat="32.10561" lon="34.77633">
				 <ele>3.6</ele>
			 </trkpt>
			 <trkpt lat="32.10547" lon="34.7763">
				 <ele>3.6</ele>
			 </trkpt>
			 <trkpt lat="32.10527" lon="34.77629">
				 <ele>3.5</ele>
			 </trkpt>
			 <trkpt lat="32.10518" lon="34.77629">
				 <ele>3.4</ele>
			 </trkpt>
			 <trkpt lat="32.10512" lon="34.77629">
				 <ele>3.2</ele>
			 </trkpt>
			 <trkpt lat="32.10499" lon="34.77631">
				 <ele>2.9</ele>
			 </trkpt>
			 <trkpt lat="32.10475" lon="34.77636">
				 <ele>2.8</ele>
			 </trkpt>
			 <trkpt lat="32.1046" lon="34.77641">
				 <ele>2.7</ele>
			 </trkpt>
			 <trkpt lat="32.10442" lon="34.77649">
				 <ele>2.7</ele>
			 </trkpt>
			 <trkpt lat="32.10426" lon="34.77658">
				 <ele>2.8</ele>
			 </trkpt>
			 <trkpt lat="32.10403" lon="34.77673">
				 <ele>2.9</ele>
			 </trkpt>
			 <trkpt lat="32.10394" lon="34.77681">
				 <ele>3</ele>
			 </trkpt>
			 <trkpt lat="32.1039" lon="34.77684">
				 <ele>3.1</ele>
			 </trkpt>
			 <trkpt lat="32.10373" lon="34.77702">
				 <ele>3.1</ele>
			 </trkpt>
			 <trkpt lat="32.10364" lon="34.77711">
				 <ele>3.2</ele>
			 </trkpt>
			 <trkpt lat="32.10356" lon="34.77718">
				 <ele>3.2</ele>
			 </trkpt>
			 <trkpt lat="32.10348" lon="34.77723">
				 <ele>3.2</ele>
			 </trkpt>
			 <trkpt lat="32.10334" lon="34.7773">
				 <ele>3.2</ele>
			 </trkpt>
			 <trkpt lat="32.10301" lon="34.77743">
				 <ele>3.2</ele>
			 </trkpt>
			 <trkpt lat="32.10292" lon="34.77746">
				 <ele>3.4</ele>
			 </trkpt>
			 <trkpt lat="32.1027" lon="34.77751">
				 <ele>3.5</ele>
			 </trkpt>
			 <trkpt lat="32.10258" lon="34.77753">
				 <ele>3.5</ele>
			 </trkpt>
			 <trkpt lat="32.10254" lon="34.77749">
				 <ele>3.6</ele>
			 </trkpt>
			 <trkpt lat="32.1025" lon="34.77744">
				 <ele>3.7</ele>
			 </trkpt>
			 <trkpt lat="32.10208" lon="34.77677">
				 <ele>3.8</ele>
			 </trkpt>
			 <trkpt lat="32.10183" lon="34.77639">
				 <ele>3.9</ele>
			 </trkpt>
			 <trkpt lat="32.1018" lon="34.77634">
				 <ele>4.1</ele>
			 </trkpt>
			 <trkpt lat="32.10172" lon="34.77618">
				 <ele>4.3</ele>
			 </trkpt>
			 <trkpt lat="32.10164" lon="34.77604">
				 <ele>4.4</ele>
			 </trkpt>
			 <trkpt lat="32.10155" lon="34.7759">
				 <ele>4.5</ele>
			 </trkpt>
			 <trkpt lat="32.10153" lon="34.77586">
				 <ele>4.4</ele>
			 </trkpt>
			 <trkpt lat="32.10138" lon="34.77563">
				 <ele>4.3</ele>
			 </trkpt>
			 <trkpt lat="32.10135" lon="34.77559">
				 <ele>4.2</ele>
			 </trkpt>
			 <trkpt lat="32.10132" lon="34.77558">
				 <ele>4.1</ele>
			 </trkpt>
			 <trkpt lat="32.10128" lon="34.77558">
				 <ele>4</ele>
			 </trkpt>
			 <trkpt lat="32.10121" lon="34.77546">
				 <ele>4</ele>
			 </trkpt>
			 <trkpt lat="32.10118" lon="34.77542">
				 <ele>4.1</ele>
			 </trkpt>
			 <trkpt lat="32.10115" lon="34.77538">
				 <ele>4.2</ele>
			 </trkpt>
			 <trkpt lat="32.10106" lon="34.77532">
				 <ele>4.2</ele>
			 </trkpt>
			 <trkpt lat="32.10103" lon="34.7753">
				 <ele>4.2</ele>
			 </trkpt>
			 <trkpt lat="32.10098" lon="34.77526">
				 <ele>4.3</ele>
			 </trkpt>
			 <trkpt lat="32.10094" lon="34.77519">
				 <ele>4.4</ele>
			 </trkpt>
			 <trkpt lat="32.10091" lon="34.77523">
				 <ele>4.5</ele>
			 </trkpt>
			 <trkpt lat="32.10088" lon="34.77523">
				 <ele>4.5</ele>
			 </trkpt>
			 <trkpt lat="32.10083" lon="34.77521">
				 <ele>4.6</ele>
			 </trkpt>
			 <trkpt lat="32.1008" lon="34.77516">
				 <ele>4.6</ele>
			 </trkpt>
			 <trkpt lat="32.1008" lon="34.77511">
				 <ele>4.6</ele>
			 </trkpt>
			 <trkpt lat="32.10082" lon="34.77507">
				 <ele>4.5</ele>
			 </trkpt>
			 <trkpt lat="32.10067" lon="34.77499">
				 <ele>4.5</ele>
			 </trkpt>
			 <trkpt lat="32.10054" lon="34.77492">
				 <ele>4.6</ele>
			 </trkpt>
			 <trkpt lat="32.10021" lon="34.77478">
				 <ele>4.7</ele>
			 </trkpt>
			 <trkpt lat="32.10013" lon="34.77476">
				 <ele>4.7</ele>
			 </trkpt>
			 <trkpt lat="32.09943" lon="34.77461">
				 <ele>4.7</ele>
			 </trkpt>
			 <trkpt lat="32.09932" lon="34.77458">
				 <ele>4.7</ele>
			 </trkpt>
			 <trkpt lat="32.09925" lon="34.77455">
				 <ele>4.7</ele>
			 </trkpt>
			 <trkpt lat="32.0989" lon="34.77438">
				 <ele>4.7</ele>
			 </trkpt>
			 <trkpt lat="32.09885" lon="34.77435">
				 <ele>4.9</ele>
			 </trkpt>
			 <trkpt lat="32.09879" lon="34.77432">
				 <ele>5.1</ele>
			 </trkpt>
			 <trkpt lat="32.09851" lon="34.77421">
				 <ele>5.3</ele>
			 </trkpt>
			 <trkpt lat="32.0984" lon="34.77417">
				 <ele>5.4</ele>
			 </trkpt>
			 <trkpt lat="32.09819" lon="34.77411">
				 <ele>5.5</ele>
			 </trkpt>
			 <trkpt lat="32.0981" lon="34.77408">
				 <ele>5.6</ele>
			 </trkpt>
			 <trkpt lat="32.09796" lon="34.77405">
				 <ele>5.8</ele>
			 </trkpt>
			 <trkpt lat="32.09781" lon="34.77401">
				 <ele>6</ele>
			 </trkpt>
			 <trkpt lat="32.09774" lon="34.77399">
				 <ele>6.2</ele>
			 </trkpt>
			 <trkpt lat="32.09768" lon="34.77397">
				 <ele>6.4</ele>
			 </trkpt>
			 <trkpt lat="32.09726" lon="34.77386">
				 <ele>6.5</ele>
			 </trkpt>
			 <trkpt lat="32.09715" lon="34.77383">
				 <ele>6.6</ele>
			 </trkpt>
			 <trkpt lat="32.09661" lon="34.77369">
				 <ele>6.7</ele>
			 </trkpt>
			 <trkpt lat="32.09657" lon="34.77367">
				 <ele>6.8</ele>
			 </trkpt>
			 <trkpt lat="32.09654" lon="34.77364">
				 <ele>6.9</ele>
			 </trkpt>
			 <trkpt lat="32.09651" lon="34.77365">
				 <ele>7.1</ele>
			 </trkpt>
			 <trkpt lat="32.09644" lon="34.77368">
				 <ele>7.2</ele>
			 </trkpt>
			 <trkpt lat="32.0964" lon="34.77371">
				 <ele>7.4</ele>
			 </trkpt>
			 <trkpt lat="32.09636" lon="34.77378">
				 <ele>7.5</ele>
			 </trkpt>
			 <trkpt lat="32.09635" lon="34.77384">
				 <ele>7.8</ele>
			 </trkpt>
			 <trkpt lat="32.09625" lon="34.77444">
				 <ele>8.1</ele>
			 </trkpt>
			 <trkpt lat="32.09624" lon="34.77451">
				 <ele>8.5</ele>
			 </trkpt>
			 <trkpt lat="32.09567" lon="34.77436">
				 <ele>8.8</ele>
			 </trkpt>
			 <trkpt lat="32.09562" lon="34.77434">
				 <ele>9.4</ele>
			 </trkpt>
			 <trkpt lat="32.09537" lon="34.77426">
				 <ele>9.9</ele>
			 </trkpt>
			 <trkpt lat="32.09506" lon="34.77414">
				 <ele>10.5</ele>
			 </trkpt>
			 <trkpt lat="32.0949" lon="34.77409">
				 <ele>10.9</ele>
			 </trkpt>
			 <trkpt lat="32.09466" lon="34.77401">
				 <ele>11.3</ele>
			 </trkpt>
			 <trkpt lat="32.09432" lon="34.7739">
				 <ele>11.5</ele>
			 </trkpt>
			 <trkpt lat="32.09386" lon="34.77372">
				 <ele>11.9</ele>
			 </trkpt>
			 <trkpt lat="32.09327" lon="34.77349">
				 <ele>12.2</ele>
			 </trkpt>
			 <trkpt lat="32.09324" lon="34.77348">
				 <ele>12.5</ele>
			 </trkpt>
			 <trkpt lat="32.09277" lon="34.7733">
				 <ele>12.9</ele>
			 </trkpt>
			 <trkpt lat="32.09259" lon="34.77324">
				 <ele>13.5</ele>
			 </trkpt>
			 <trkpt lat="32.09232" lon="34.77313">
				 <ele>14.1</ele>
			 </trkpt>
			 <trkpt lat="32.09209" lon="34.77305">
				 <ele>14.6</ele>
			 </trkpt>
			 <trkpt lat="32.09202" lon="34.77302">
				 <ele>15.3</ele>
			 </trkpt>
			 <trkpt lat="32.09172" lon="34.77291">
				 <ele>15.9</ele>
			 </trkpt>
			 <trkpt lat="32.09101" lon="34.77266">
				 <ele>16.6</ele>
			 </trkpt>
			 <trkpt lat="32.08999" lon="34.77233">
				 <ele>17.5</ele>
			 </trkpt>
			 <trkpt lat="32.08996" lon="34.77231">
				 <ele>18.2</ele>
			 </trkpt>
			 <trkpt lat="32.08986" lon="34.77227">
				 <ele>18.8</ele>
			 </trkpt>
			 <trkpt lat="32.08977" lon="34.77221">
				 <ele>19.4</ele>
			 </trkpt>
			 <trkpt lat="32.08971" lon="34.77218">
				 <ele>19.7</ele>
			 </trkpt>
			 <trkpt lat="32.08868" lon="34.77159">
				 <ele>19.5</ele>
			 </trkpt>
			 <trkpt lat="32.08857" lon="34.77153">
				 <ele>19.3</ele>
			 </trkpt>
			 <trkpt lat="32.08798" lon="34.7711">
				 <ele>19</ele>
			 </trkpt>
			 <trkpt lat="32.08787" lon="34.77103">
				 <ele>18.5</ele>
			 </trkpt>
			 <trkpt lat="32.08779" lon="34.77097">
				 <ele>18.1</ele>
			 </trkpt>
			 <trkpt lat="32.08695" lon="34.77033">
				 <ele>17.6</ele>
			 </trkpt>
			 <trkpt lat="32.08688" lon="34.77026">
				 <ele>17.1</ele>
			 </trkpt>
			 <trkpt lat="32.08683" lon="34.77021">
				 <ele>16.5</ele>
			 </trkpt>
			 <trkpt lat="32.08671" lon="34.77012">
				 <ele>16</ele>
			 </trkpt>
			 <trkpt lat="32.08651" lon="34.76999">
				 <ele>15.5</ele>
			 </trkpt>
			 <trkpt lat="32.08621" lon="34.76984">
				 <ele>15.1</ele>
			 </trkpt>
			 <trkpt lat="32.0861" lon="34.76978">
				 <ele>15.1</ele>
			 </trkpt>
			 <trkpt lat="32.08587" lon="34.76971">
				 <ele>15.2</ele>
			 </trkpt>
			 <trkpt lat="32.08548" lon="34.76965">
				 <ele>15.4</ele>
			 </trkpt>
			 <trkpt lat="32.08503" lon="34.76963">
				 <ele>15.6</ele>
			 </trkpt>
			 <trkpt lat="32.0848" lon="34.76959">
				 <ele>15.9</ele>
			 </trkpt>
			 <trkpt lat="32.08466" lon="34.76956">
				 <ele>16.3</ele>
			 </trkpt>
			 <trkpt lat="32.08429" lon="34.76943">
				 <ele>16.5</ele>
			 </trkpt>
			 <trkpt lat="32.08413" lon="34.76936">
				 <ele>16.5</ele>
			 </trkpt>
			 <trkpt lat="32.08409" lon="34.76935">
				 <ele>16.5</ele>
			 </trkpt>
			 <trkpt lat="32.08395" lon="34.76928">
				 <ele>16.5</ele>
			 </trkpt>
			 <trkpt lat="32.08276" lon="34.76875">
				 <ele>16.4</ele>
			 </trkpt>
			 <trkpt lat="32.08266" lon="34.76864">
				 <ele>16.1</ele>
			 </trkpt>
			 <trkpt lat="32.08245" lon="34.7684">
				 <ele>15.6</ele>
			 </trkpt>
			 <trkpt lat="32.08226" lon="34.76815">
				 <ele>15</ele>
			 </trkpt>
			 <trkpt lat="32.08218" lon="34.76808">
				 <ele>14.4</ele>
			 </trkpt>
			 <trkpt lat="32.08189" lon="34.76792">
				 <ele>13.8</ele>
			 </trkpt>
			 <trkpt lat="32.08093" lon="34.76757">
				 <ele>13.3</ele>
			 </trkpt>
			 <trkpt lat="32.08046" lon="34.76742">
				 <ele>12.6</ele>
			 </trkpt>
			 <trkpt lat="32.08008" lon="34.7673">
				 <ele>12.3</ele>
			 </trkpt>
			 <trkpt lat="32.07993" lon="34.76725">
				 <ele>12</ele>
			 </trkpt>
			 <trkpt lat="32.07939" lon="34.76707">
				 <ele>11.7</ele>
			 </trkpt>
			 <trkpt lat="32.07863" lon="34.76694">
				 <ele>11.3</ele>
			 </trkpt>
			 <trkpt lat="32.07811" lon="34.76678">
				 <ele>10.8</ele>
			 </trkpt>
			 <trkpt lat="32.07728" lon="34.76635">
				 <ele>10.4</ele>
			 </trkpt>
			 <trkpt lat="32.07718" lon="34.76632">
				 <ele>9.9</ele>
			 </trkpt>
			 <trkpt lat="32.07652" lon="34.76608">
				 <ele>9.5</ele>
			 </trkpt>
			 <trkpt lat="32.0756" lon="34.7658">
				 <ele>8.8</ele>
			 </trkpt>
			 <trkpt lat="32.0755" lon="34.76577">
				 <ele>8.1</ele>
			 </trkpt>
			 <trkpt lat="32.07541" lon="34.76574">
				 <ele>7.5</ele>
			 </trkpt>
			 <trkpt lat="32.075" lon="34.76557">
				 <ele>7</ele>
			 </trkpt>
			 <trkpt lat="32.0746" lon="34.76536">
				 <ele>6.5</ele>
			 </trkpt>
			 <trkpt lat="32.07401" lon="34.76512">
				 <ele>5.9</ele>
			 </trkpt>
			 <trkpt lat="32.07397" lon="34.7651">
				 <ele>5.6</ele>
			 </trkpt>
			 <trkpt lat="32.07391" lon="34.76508">
				 <ele>5.5</ele>
			 </trkpt>
			 <trkpt lat="32.07373" lon="34.765">
				 <ele>5.5</ele>
			 </trkpt>
			 <trkpt lat="32.07357" lon="34.76494">
				 <ele>5.5</ele>
			 </trkpt>
			 <trkpt lat="32.07255" lon="34.76457">
				 <ele>5.4</ele>
			 </trkpt>
			 <trkpt lat="32.0725" lon="34.76455">
				 <ele>5.4</ele>
			 </trkpt>
			 <trkpt lat="32.07089" lon="34.76397">
				 <ele>5.5</ele>
			 </trkpt>
			 <trkpt lat="32.07082" lon="34.76394">
				 <ele>5.5</ele>
			 </trkpt>
			 <trkpt lat="32.06892" lon="34.76324">
				 <ele>5.6</ele>
			 </trkpt>
			 <trkpt lat="32.06889" lon="34.76323">
				 <ele>5.8</ele>
			 </trkpt>
			 <trkpt lat="32.06882" lon="34.76321">
				 <ele>6</ele>
			 </trkpt>
			 <trkpt lat="32.06842" lon="34.76311">
				 <ele>6.2</ele>
			 </trkpt>
			 <trkpt lat="32.06827" lon="34.76307">
				 <ele>6.2</ele>
			 </trkpt>
			 <trkpt lat="32.06807" lon="34.76302">
				 <ele>6.2</ele>
			 </trkpt>
			 <trkpt lat="32.06796" lon="34.76302">
				 <ele>6.4</ele>
			 </trkpt>
			 <trkpt lat="32.06785" lon="34.76303">
				 <ele>6.6</ele>
			 </trkpt>
			 <trkpt lat="32.06773" lon="34.76304">
				 <ele>6.9</ele>
			 </trkpt>
			 <trkpt lat="32.06745" lon="34.76308">
				 <ele>7.1</ele>
			 </trkpt>
			 <trkpt lat="32.06717" lon="34.7631">
				 <ele>7.5</ele>
			 </trkpt>
			 <trkpt lat="32.06701" lon="34.76309">
				 <ele>7.8</ele>
			 </trkpt>
			 <trkpt lat="32.06683" lon="34.76306">
				 <ele>8</ele>
			 </trkpt>
			 <trkpt lat="32.06676" lon="34.76305">
				 <ele>8.2</ele>
			 </trkpt>
			 <trkpt lat="32.06668" lon="34.76302">
				 <ele>8.4</ele>
			 </trkpt>
			 <trkpt lat="32.06611" lon="34.76282">
				 <ele>8.5</ele>
			 </trkpt>
			 <trkpt lat="32.06536" lon="34.76252">
				 <ele>8.7</ele>
			 </trkpt>
			 <trkpt lat="32.06482" lon="34.7623">
				 <ele>8.8</ele>
			 </trkpt>
			 <trkpt lat="32.06334" lon="34.7617">
				 <ele>8.5</ele>
			 </trkpt>
			 <trkpt lat="32.06316" lon="34.76163">
				 <ele>8.3</ele>
			 </trkpt>
			 <trkpt lat="32.06305" lon="34.76158">
				 <ele>8</ele>
			 </trkpt>
			 <trkpt lat="32.0629" lon="34.76152">
				 <ele>7.6</ele>
			 </trkpt>
			 <trkpt lat="32.06252" lon="34.76136">
				 <ele>7.2</ele>
			 </trkpt>
			 <trkpt lat="32.06137" lon="34.76088">
				 <ele>6.9</ele>
			 </trkpt>
			 <trkpt lat="32.06128" lon="34.76085">
				 <ele>6.7</ele>
			 </trkpt>
			 <trkpt lat="32.06094" lon="34.76071">
				 <ele>6.5</ele>
			 </trkpt>
			 <trkpt lat="32.06066" lon="34.76059">
				 <ele>6.4</ele>
			 </trkpt>
			 <trkpt lat="32.06022" lon="34.76041">
				 <ele>6.3</ele>
			 </trkpt>
			 <trkpt lat="32.05963" lon="34.76017">
				 <ele>6.3</ele>
			 </trkpt>
			 <trkpt lat="32.05954" lon="34.76008">
				 <ele>6.5</ele>
			 </trkpt>
			 <trkpt lat="32.05946" lon="34.76001">
				 <ele>6.8</ele>
			 </trkpt>
			 <trkpt lat="32.05939" lon="34.75994">
				 <ele>7.1</ele>
			 </trkpt>
			 <trkpt lat="32.05932" lon="34.75986">
				 <ele>7.3</ele>
			 </trkpt>
			 <trkpt lat="32.05926" lon="34.75977">
				 <ele>7.5</ele>
			 </trkpt>
			 <trkpt lat="32.05918" lon="34.75961">
				 <ele>7.7</ele>
			 </trkpt>
			 <trkpt lat="32.05915" lon="34.75952">
				 <ele>7.8</ele>
			 </trkpt>
			 <trkpt lat="32.05912" lon="34.75944">
				 <ele>7.9</ele>
			 </trkpt>
			 <trkpt lat="32.0591" lon="34.75939">
				 <ele>8</ele>
			 </trkpt>
			 <trkpt lat="32.05905" lon="34.75931">
				 <ele>7.9</ele>
			 </trkpt>
			 <trkpt lat="32.05898" lon="34.75922">
				 <ele>7.8</ele>
			 </trkpt>
			 <trkpt lat="32.05888" lon="34.75911">
				 <ele>7.7</ele>
			 </trkpt>
			 <trkpt lat="32.05875" lon="34.759">
				 <ele>7.6</ele>
			 </trkpt>
			 <trkpt lat="32.05844" lon="34.75881">
				 <ele>7.5</ele>
			 </trkpt>
			 <trkpt lat="32.05827" lon="34.75869">
				 <ele>7.5</ele>
			 </trkpt>
			 <trkpt lat="32.05821" lon="34.75864">
				 <ele>7.4</ele>
			 </trkpt>
			 <trkpt lat="32.05815" lon="34.75859">
				 <ele>7.3</ele>
			 </trkpt>
			 <trkpt lat="32.05806" lon="34.7585">
				 <ele>7.2</ele>
			 </trkpt>
			 <trkpt lat="32.05802" lon="34.75844">
				 <ele>7.2</ele>
			 </trkpt>
			 <trkpt lat="32.05786" lon="34.75821">
				 <ele>7.3</ele>
			 </trkpt>
			 <trkpt lat="32.0578" lon="34.75813">
				 <ele>7.5</ele>
			 </trkpt>
			 <trkpt lat="32.05774" lon="34.75807">
				 <ele>7.6</ele>
			 </trkpt>
			 <trkpt lat="32.05768" lon="34.758">
				 <ele>7.9</ele>
			 </trkpt>
			 <trkpt lat="32.05746" lon="34.75781">
				 <ele>8.2</ele>
			 </trkpt>
			 <trkpt lat="32.05703" lon="34.7575">
				 <ele>8.5</ele>
			 </trkpt>
			 <trkpt lat="32.05696" lon="34.75745">
				 <ele>8.9</ele>
			 </trkpt>
			 <trkpt lat="32.05692" lon="34.75742">
				 <ele>9.3</ele>
			 </trkpt>
			 <trkpt lat="32.05662" lon="34.75719">
				 <ele>9.7</ele>
			 </trkpt>
			 <trkpt lat="32.05641" lon="34.75702">
				 <ele>10.2</ele>
			 </trkpt>
			 <trkpt lat="32.05626" lon="34.75691">
				 <ele>10.5</ele>
			 </trkpt>
			 <trkpt lat="32.05595" lon="34.75671">
				 <ele>10.8</ele>
			 </trkpt>
			 <trkpt lat="32.05588" lon="34.75666">
				 <ele>11.1</ele>
			 </trkpt>
			 <trkpt lat="32.0558" lon="34.75659">
				 <ele>11.4</ele>
			 </trkpt>
			 <trkpt lat="32.05576" lon="34.75653">
				 <ele>11.5</ele>
			 </trkpt>
			 <trkpt lat="32.05572" lon="34.75647">
				 <ele>11.7</ele>
			 </trkpt>
			 <trkpt lat="32.05572" lon="34.75642">
				 <ele>11.8</ele>
			 </trkpt>
			 <trkpt lat="32.0557" lon="34.75637">
				 <ele>11.8</ele>
			 </trkpt>
			 <trkpt lat="32.05567" lon="34.75626">
				 <ele>11.8</ele>
			 </trkpt>
			 <trkpt lat="32.05567" lon="34.7562">
				 <ele>11.7</ele>
			 </trkpt>
			 <trkpt lat="32.05567" lon="34.75616">
				 <ele>11.6</ele>
			 </trkpt>
			 <trkpt lat="32.0557" lon="34.75612">
				 <ele>11.5</ele>
			 </trkpt>
			 <trkpt lat="32.05572" lon="34.75606">
				 <ele>11.3</ele>
			 </trkpt>
			 <trkpt lat="32.05573" lon="34.756">
				 <ele>11.1</ele>
			 </trkpt>
			 <trkpt lat="32.05575" lon="34.75583">
				 <ele>10.9</ele>
			 </trkpt>
			 <trkpt lat="32.05576" lon="34.75569">
				 <ele>10.7</ele>
			 </trkpt>
			 <trkpt lat="32.05577" lon="34.7555">
				 <ele>10.6</ele>
			 </trkpt>
			 <trkpt lat="32.05577" lon="34.75541">
				 <ele>10.5</ele>
			 </trkpt>
			 <trkpt lat="32.05575" lon="34.75538">
				 <ele>10.6</ele>
			 </trkpt>
			 <trkpt lat="32.05572" lon="34.75533">
				 <ele>10.8</ele>
			 </trkpt>
			 <trkpt lat="32.05568" lon="34.75527">
				 <ele>11.1</ele>
			 </trkpt>
			 <trkpt lat="32.05567" lon="34.7552">
				 <ele>11.3</ele>
			 </trkpt>
			 <trkpt lat="32.05565" lon="34.75508">
				 <ele>11.5</ele>
			 </trkpt>
			 <trkpt lat="32.05557" lon="34.75476">
				 <ele>11.7</ele>
			 </trkpt>
			 <trkpt lat="32.05555" lon="34.75455">
				 <ele>11.9</ele>
			 </trkpt>
			 <trkpt lat="32.05555" lon="34.75431">
				 <ele>12.1</ele>
			 </trkpt>
			 <trkpt lat="32.05558" lon="34.75424">
				 <ele>12.4</ele>
			 </trkpt>
			 <trkpt lat="32.05562" lon="34.75405">
				 <ele>12.5</ele>
			 </trkpt>
			 <trkpt lat="32.05565" lon="34.7539">
				 <ele>12.8</ele>
			 </trkpt>
			 <trkpt lat="32.05566" lon="34.75376">
				 <ele>13</ele>
			 </trkpt>
			 <trkpt lat="32.05566" lon="34.7537">
				 <ele>13.1</ele>
			 </trkpt>
			 <trkpt lat="32.05565" lon="34.75337">
				 <ele>13.1</ele>
			 </trkpt>
			 <trkpt lat="32.05559" lon="34.75292">
				 <ele>13.2</ele>
			 </trkpt>
			 <trkpt lat="32.05554" lon="34.75268">
				 <ele>13.3</ele>
			 </trkpt>
			 <trkpt lat="32.05528" lon="34.75178">
				 <ele>13.2</ele>
			 </trkpt>
			 <trkpt lat="32.05527" lon="34.75175">
				 <ele>12.9</ele>
			 </trkpt>
			 <trkpt lat="32.05516" lon="34.75155">
				 <ele>12.5</ele>
			 </trkpt>
			 <trkpt lat="32.05504" lon="34.75136">
				 <ele>12.1</ele>
			 </trkpt>
			 <trkpt lat="32.0547" lon="34.75104">
				 <ele>11.6</ele>
			 </trkpt>
			 <trkpt lat="32.05411" lon="34.75048">
				 <ele>11.1</ele>
			 </trkpt>
			 <trkpt lat="32.05383" lon="34.75021">
				 <ele>10.6</ele>
			 </trkpt>
			 <trkpt lat="32.05288" lon="34.75019">
				 <ele>10.2</ele>
			 </trkpt>
			 <trkpt lat="32.05266" lon="34.75018">
				 <ele>9.7</ele>
			 </trkpt>
			 <trkpt lat="32.05244" lon="34.75017">
				 <ele>9.3</ele>
			 </trkpt>
			 <trkpt lat="32.05234" lon="34.75016">
				 <ele>8.8</ele>
			 </trkpt>
			 <trkpt lat="32.0522" lon="34.75024">
				 <ele>8.6</ele>
			 </trkpt>
			 <trkpt lat="32.05215" lon="34.75028">
				 <ele>8.6</ele>
			 </trkpt>
			 <trkpt lat="32.05213" lon="34.75025">
				 <ele>8.7</ele>
			 </trkpt>
			 <trkpt lat="32.05211" lon="34.75021">
				 <ele>8.9</ele>
			 </trkpt>
			 <trkpt lat="32.05208" lon="34.75018">
				 <ele>9.1</ele>
			 </trkpt>
			 <trkpt lat="32.05203" lon="34.75017">
				 <ele>9.2</ele>
			 </trkpt>
			 <trkpt lat="32.05199" lon="34.75016">
				 <ele>9.2</ele>
			 </trkpt>
			 <trkpt lat="32.05179" lon="34.75014">
				 <ele>9.3</ele>
			 </trkpt>
			 <trkpt lat="32.05165" lon="34.75012">
				 <ele>9.4</ele>
			 </trkpt>
			 <trkpt lat="32.05158" lon="34.75005">
				 <ele>9.5</ele>
			 </trkpt>
			 <trkpt lat="32.05142" lon="34.74992">
				 <ele>9.6</ele>
			 </trkpt>
			 <trkpt lat="32.05116" lon="34.74968">
				 <ele>9.8</ele>
			 </trkpt>
			 <trkpt lat="32.05111" lon="34.74964">
				 <ele>10</ele>
			 </trkpt>
			 <trkpt lat="32.05105" lon="34.74962">
				 <ele>10.3</ele>
			 </trkpt>
			 <trkpt lat="32.051" lon="34.7496">
				 <ele>10.5</ele>
			 </trkpt>
			 <trkpt lat="32.05095" lon="34.74959">
				 <ele>10.7</ele>
			 </trkpt>
			 <trkpt lat="32.05086" lon="34.74957">
				 <ele>11.1</ele>
			 </trkpt>
			 <trkpt lat="32.05082" lon="34.74955">
				 <ele>11.5</ele>
			 </trkpt>
			 <trkpt lat="32.05076" lon="34.74952">
				 <ele>11.7</ele>
			 </trkpt>
			 <trkpt lat="32.05064" lon="34.74945">
				 <ele>11.9</ele>
			 </trkpt>
			 <trkpt lat="32.05035" lon="34.74928">
				 <ele>12</ele>
			 </trkpt>
			 <trkpt lat="32.05022" lon="34.7492">
				 <ele>11.9</ele>
			 </trkpt>
			 <trkpt lat="32.05011" lon="34.74913">
				 <ele>11.8</ele>
			 </trkpt>
			 <trkpt lat="32.04988" lon="34.749">
				 <ele>11.7</ele>
			 </trkpt>
			 <trkpt lat="32.04964" lon="34.74886">
				 <ele>11.5</ele>
			 </trkpt>
			 <trkpt lat="32.04928" lon="34.74864">
				 <ele>11.4</ele>
			 </trkpt>
			 <trkpt lat="32.04907" lon="34.7485">
				 <ele>11.1</ele>
			 </trkpt>
			 <trkpt lat="32.04879" lon="34.74832">
				 <ele>10.8</ele>
			 </trkpt>
			 <trkpt lat="32.0487" lon="34.74827">
				 <ele>10.5</ele>
			 </trkpt>
			 <trkpt lat="32.04854" lon="34.74818">
				 <ele>10.4</ele>
			 </trkpt>
			 <trkpt lat="32.04851" lon="34.74816">
				 <ele>10.3</ele>
			 </trkpt>
			 <trkpt lat="32.04843" lon="34.7481">
				 <ele>10.3</ele>
			 </trkpt>
			 <trkpt lat="32.04833" lon="34.74804">
				 <ele>10.3</ele>
			 </trkpt>
			 <trkpt lat="32.04814" lon="34.74793">
				 <ele>10.2</ele>
			 </trkpt>
			 <trkpt lat="32.0479" lon="34.7478">
				 <ele>10</ele>
			 </trkpt>
			 <trkpt lat="32.04787" lon="34.74778">
				 <ele>9.8</ele>
			 </trkpt>
			 <trkpt lat="32.04783" lon="34.74776">
				 <ele>9.7</ele>
			 </trkpt>
			 <trkpt lat="32.04801" lon="34.74731">
				 <ele>9.6</ele>
			 </trkpt>
			 <trkpt lat="32.04808" lon="34.74714">
				 <ele>9.6</ele>
			 </trkpt>
			 <trkpt lat="32.04823" lon="34.74702">
				 <ele>9.5</ele>
			 </trkpt>
			 <trkpt lat="32.04812" lon="34.74672">
				 <ele>9.4</ele>
			 </trkpt>
			 <trkpt lat="32.04808" lon="34.74652">
				 <ele>9.1</ele>
			 </trkpt>
			 <trkpt lat="32.04799" lon="34.74618">
				 <ele>8.8</ele>
			 </trkpt>
			 <trkpt lat="32.04789" lon="34.74589">
				 <ele>8.6</ele>
			 </trkpt>
			 <trkpt lat="32.04775" lon="34.74565">
				 <ele>8.6</ele>
			 </trkpt>
			 <trkpt lat="32.04738" lon="34.74538">
				 <ele>8.7</ele>
			 </trkpt>
			 <trkpt lat="32.04716" lon="34.74533">
				 <ele>8.8</ele>
			 </trkpt>
			 <trkpt lat="32.04691" lon="34.74532">
				 <ele>8.7</ele>
			 </trkpt>
			 <trkpt lat="32.04672" lon="34.74535">
				 <ele>8.5</ele>
			 </trkpt>
			 <trkpt lat="32.04648" lon="34.74546">
				 <ele>8.3</ele>
			 </trkpt>
			 <trkpt lat="32.04642" lon="34.74545">
				 <ele>8.1</ele>
			 </trkpt>
			 <trkpt lat="32.04607" lon="34.74528">
				 <ele>7.9</ele>
			 </trkpt>
			 <trkpt lat="32.04562" lon="34.74504">
				 <ele>7.8</ele>
			 </trkpt>
			 <trkpt lat="32.04549" lon="34.74504">
				 <ele>7.8</ele>
			 </trkpt>
			 <trkpt lat="32.04533" lon="34.74506">
				 <ele>8</ele>
			 </trkpt>
			 <trkpt lat="32.04523" lon="34.7451">
				 <ele>8.2</ele>
			 </trkpt>
			 <trkpt lat="32.04519" lon="34.74513">
				 <ele>8.5</ele>
			 </trkpt>
			 <trkpt lat="32.04509" lon="34.7452">
				 <ele>8.7</ele>
			 </trkpt>
			 <trkpt lat="32.045" lon="34.74531">
				 <ele>9.1</ele>
			 </trkpt>
			 <trkpt lat="32.04486" lon="34.74558">
				 <ele>9.5</ele>
			 </trkpt>
			 <trkpt lat="32.04469" lon="34.74589">
				 <ele>10.1</ele>
			 </trkpt>
			 <trkpt lat="32.04457" lon="34.74608">
				 <ele>10.6</ele>
			 </trkpt>
			 <trkpt lat="32.04452" lon="34.74613">
				 <ele>11.2</ele>
			 </trkpt>
			 <trkpt lat="32.04439" lon="34.74626">
				 <ele>11.7</ele>
			 </trkpt>
			 <trkpt lat="32.04421" lon="34.74638">
				 <ele>12.2</ele>
			 </trkpt>
			 <trkpt lat="32.04391" lon="34.74643">
				 <ele>12.4</ele>
			 </trkpt>
			 <trkpt lat="32.04367" lon="34.7464">
				 <ele>12.4</ele>
			 </trkpt>
			 <trkpt lat="32.0435" lon="34.74636">
				 <ele>12.2</ele>
			 </trkpt>
			 <trkpt lat="32.04344" lon="34.74633">
				 <ele>12</ele>
			 </trkpt>
			 <trkpt lat="32.04327" lon="34.74625">
				 <ele>11.7</ele>
			 </trkpt>
			 <trkpt lat="32.04255" lon="34.74569">
				 <ele>11.4</ele>
			 </trkpt>
			 <trkpt lat="32.04237" lon="34.74556">
				 <ele>10.9</ele>
			 </trkpt>
			 <trkpt lat="32.04225" lon="34.74546">
				 <ele>10.5</ele>
			 </trkpt>
			 <trkpt lat="32.04212" lon="34.74534">
				 <ele>10</ele>
			 </trkpt>
			 <trkpt lat="32.04198" lon="34.74521">
				 <ele>9.6</ele>
			 </trkpt>
			 <trkpt lat="32.04187" lon="34.74515">
				 <ele>9.3</ele>
			 </trkpt>
			 <trkpt lat="32.04177" lon="34.7451">
				 <ele>9.1</ele>
			 </trkpt>
			 <trkpt lat="32.04162" lon="34.74512">
				 <ele>9.1</ele>
			 </trkpt>
			 <trkpt lat="32.04154" lon="34.74515">
				 <ele>9.2</ele>
			 </trkpt>
			 <trkpt lat="32.04145" lon="34.74522">
				 <ele>9.4</ele>
			 </trkpt>
			 <trkpt lat="32.0413" lon="34.74535">
				 <ele>9.6</ele>
			 </trkpt>
			 <trkpt lat="32.04112" lon="34.74543">
				 <ele>10</ele>
			 </trkpt>
			 <trkpt lat="32.04095" lon="34.74549">
				 <ele>10.4</ele>
			 </trkpt>
			 <trkpt lat="32.0408" lon="34.74552">
				 <ele>10.7</ele>
			 </trkpt>
			 <trkpt lat="32.04052" lon="34.74555">
				 <ele>11</ele>
			 </trkpt>
			 <trkpt lat="32.04035" lon="34.74554">
				 <ele>11.2</ele>
			 </trkpt>
			 <trkpt lat="32.04022" lon="34.74553">
				 <ele>11.4</ele>
			 </trkpt>
			 <trkpt lat="32.04007" lon="34.74551">
				 <ele>11.5</ele>
			 </trkpt>
			 <trkpt lat="32.03985" lon="34.74551">
				 <ele>11.5</ele>
			 </trkpt>
			 <trkpt lat="32.03969" lon="34.74539">
				 <ele>11.5</ele>
			 </trkpt>
			 <trkpt lat="32.03946" lon="34.74546">
				 <ele>11.4</ele>
			 </trkpt>
			 <trkpt lat="32.03907" lon="34.74555">
				 <ele>11.5</ele>
			 </trkpt>
			 <trkpt lat="32.03876" lon="34.74558">
				 <ele>11.5</ele>
			 </trkpt>
			 <trkpt lat="32.03844" lon="34.74557">
				 <ele>11.6</ele>
			 </trkpt>
			 <trkpt lat="32.03794" lon="34.74557">
				 <ele>11.7</ele>
			 </trkpt>
			 <trkpt lat="32.03782" lon="34.74554">
				 <ele>11.9</ele>
			 </trkpt>
			 <trkpt lat="32.03772" lon="34.74587">
				 <ele>12.1</ele>
			 </trkpt>
			 <trkpt lat="32.03796" lon="34.74596">
				 <ele>12.2</ele>
			 </trkpt>
			 <trkpt lat="32.03827" lon="34.74599">
				 <ele>12.3</ele>
			 </trkpt>
			 <trkpt lat="32.03835" lon="34.74596">
				 <ele>12.4</ele>
			 </trkpt>
			 <trkpt lat="32.03845" lon="34.74593">
				 <ele>12.5</ele>
			 </trkpt>
			 <trkpt lat="32.03895" lon="34.74577">
				 <ele>12.5</ele>
			 </trkpt>
			 <trkpt lat="32.03925" lon="34.74567">
				 <ele>12.5</ele>
			 </trkpt>
			 <trkpt lat="32.03951" lon="34.74558">
				 <ele>12.4</ele>
			 </trkpt>
			 <trkpt lat="32.03956" lon="34.74557">
				 <ele>12.3</ele>
			 </trkpt>
			 <trkpt lat="32.03972" lon="34.74554">
				 <ele>12.2</ele>
			 </trkpt>
			 <trkpt lat="32.03982" lon="34.74551">
				 <ele>12</ele>
			 </trkpt>
			 <trkpt lat="32.03998" lon="34.74551">
				 <ele>11.8</ele>
			 </trkpt>
			 <trkpt lat="32.04007" lon="34.74551">
				 <ele>11.6</ele>
			 </trkpt>
			 <trkpt lat="32.04022" lon="34.74553">
				 <ele>11.4</ele>
			 </trkpt>
			 <trkpt lat="32.04052" lon="34.74555">
				 <ele>11.1</ele>
			 </trkpt>
			 <trkpt lat="32.0408" lon="34.74552">
				 <ele>10.7</ele>
			 </trkpt>
			 <trkpt lat="32.04095" lon="34.74549">
				 <ele>10.4</ele>
			 </trkpt>
			 <trkpt lat="32.04112" lon="34.74543">
				 <ele>10</ele>
			 </trkpt>
			 <trkpt lat="32.0413" lon="34.74535">
				 <ele>9.6</ele>
			 </trkpt>
			 <trkpt lat="32.04145" lon="34.74522">
				 <ele>9.4</ele>
			 </trkpt>
			 <trkpt lat="32.04154" lon="34.74515">
				 <ele>9.2</ele>
			 </trkpt>
			 <trkpt lat="32.04162" lon="34.74512">
				 <ele>9.2</ele>
			 </trkpt>
			 <trkpt lat="32.04177" lon="34.7451">
				 <ele>9.3</ele>
			 </trkpt>
			 <trkpt lat="32.04187" lon="34.74515">
				 <ele>9.5</ele>
			 </trkpt>
			 <trkpt lat="32.04198" lon="34.74521">
				 <ele>9.9</ele>
			 </trkpt>
			 <trkpt lat="32.04225" lon="34.74546">
				 <ele>10.3</ele>
			 </trkpt>
			 <trkpt lat="32.04237" lon="34.74556">
				 <ele>10.7</ele>
			 </trkpt>
			 <trkpt lat="32.04255" lon="34.74569">
				 <ele>11.2</ele>
			 </trkpt>
			 <trkpt lat="32.04327" lon="34.74625">
				 <ele>11.6</ele>
			 </trkpt>
			 <trkpt lat="32.04344" lon="34.74633">
				 <ele>12.1</ele>
			 </trkpt>
			 <trkpt lat="32.0435" lon="34.74636">
				 <ele>12.4</ele>
			 </trkpt>
			 <trkpt lat="32.04358" lon="34.74638">
				 <ele>12.5</ele>
			 </trkpt>
			 <trkpt lat="32.04413" lon="34.74654">
				 <ele>12.6</ele>
			 </trkpt>
			 <trkpt lat="32.04421" lon="34.74659">
				 <ele>12.6</ele>
			 </trkpt>
			 <trkpt lat="32.04434" lon="34.74661">
				 <ele>12.7</ele>
			 </trkpt>
			 <trkpt lat="32.04468" lon="34.74664">
				 <ele>12.9</ele>
			 </trkpt>
			 <trkpt lat="32.04493" lon="34.74669">
				 <ele>13.1</ele>
			 </trkpt>
			 <trkpt lat="32.04593" lon="34.74688">
				 <ele>13.2</ele>
			 </trkpt>
			 <trkpt lat="32.04597" lon="34.74689">
				 <ele>13.2</ele>
			 </trkpt>
			 <trkpt lat="32.04649" lon="34.74708">
				 <ele>13</ele>
			 </trkpt>
			 <trkpt lat="32.04672" lon="34.74717">
				 <ele>12.8</ele>
			 </trkpt>
			 <trkpt lat="32.04697" lon="34.74726">
				 <ele>12.7</ele>
			 </trkpt>
			 <trkpt lat="32.04705" lon="34.7473">
				 <ele>12.5</ele>
			 </trkpt>
			 <trkpt lat="32.0475" lon="34.74756">
				 <ele>12.4</ele>
			 </trkpt>
			 <trkpt lat="32.04783" lon="34.74776">
				 <ele>12.2</ele>
			 </trkpt>
			 <trkpt lat="32.04787" lon="34.74778">
				 <ele>11.8</ele>
			 </trkpt>
			 <trkpt lat="32.0479" lon="34.7478">
				 <ele>11.4</ele>
			 </trkpt>
			 <trkpt lat="32.04814" lon="34.74793">
				 <ele>10.9</ele>
			 </trkpt>
			 <trkpt lat="32.04833" lon="34.74804">
				 <ele>10.5</ele>
			 </trkpt>
			 <trkpt lat="32.04843" lon="34.7481">
				 <ele>10.4</ele>
			 </trkpt>
			 <trkpt lat="32.04851" lon="34.74816">
				 <ele>10.5</ele>
			 </trkpt>
			 <trkpt lat="32.04854" lon="34.74818">
				 <ele>10.6</ele>
			 </trkpt>
			 <trkpt lat="32.04879" lon="34.74832">
				 <ele>10.8</ele>
			 </trkpt>
			 <trkpt lat="32.04907" lon="34.7485">
				 <ele>11.1</ele>
			 </trkpt>
			 <trkpt lat="32.04928" lon="34.74864">
				 <ele>11.4</ele>
			 </trkpt>
			 <trkpt lat="32.04964" lon="34.74886">
				 <ele>11.5</ele>
			 </trkpt>
			 <trkpt lat="32.04988" lon="34.749">
				 <ele>11.7</ele>
			 </trkpt>
			 <trkpt lat="32.05011" lon="34.74913">
				 <ele>11.8</ele>
			 </trkpt>
			 <trkpt lat="32.05022" lon="34.7492">
				 <ele>11.9</ele>
			 </trkpt>
			 <trkpt lat="32.05033" lon="34.74927">
				 <ele>12</ele>
			 </trkpt>
			 <trkpt lat="32.05064" lon="34.74945">
				 <ele>11.9</ele>
			 </trkpt>
			 <trkpt lat="32.05076" lon="34.74952">
				 <ele>11.7</ele>
			 </trkpt>
			 <trkpt lat="32.05082" lon="34.74955">
				 <ele>11.5</ele>
			 </trkpt>
			 <trkpt lat="32.05086" lon="34.74957">
				 <ele>11.1</ele>
			 </trkpt>
			 <trkpt lat="32.05095" lon="34.74959">
				 <ele>10.8</ele>
			 </trkpt>
			 <trkpt lat="32.051" lon="34.7496">
				 <ele>10.5</ele>
			 </trkpt>
			 <trkpt lat="32.05105" lon="34.74962">
				 <ele>10.4</ele>
			 </trkpt>
			 <trkpt lat="32.05111" lon="34.74964">
				 <ele>10.1</ele>
			 </trkpt>
			 <trkpt lat="32.05116" lon="34.74968">
				 <ele>9.9</ele>
			 </trkpt>
			 <trkpt lat="32.05158" lon="34.75005">
				 <ele>9.8</ele>
			 </trkpt>
			 <trkpt lat="32.05165" lon="34.75012">
				 <ele>9.6</ele>
			 </trkpt>
			 <trkpt lat="32.05178" lon="34.75023">
				 <ele>9.5</ele>
			 </trkpt>
			 <trkpt lat="32.05197" lon="34.75026">
				 <ele>9.4</ele>
			 </trkpt>
			 <trkpt lat="32.05201" lon="34.75028">
				 <ele>9.2</ele>
			 </trkpt>
			 <trkpt lat="32.05206" lon="34.75033">
				 <ele>9.1</ele>
			 </trkpt>
			 <trkpt lat="32.05215" lon="34.75028">
				 <ele>8.9</ele>
			 </trkpt>
			 <trkpt lat="32.0522" lon="34.75024">
				 <ele>8.8</ele>
			 </trkpt>
			 <trkpt lat="32.05234" lon="34.75016">
				 <ele>8.8</ele>
			 </trkpt>
			 <trkpt lat="32.05266" lon="34.75018">
				 <ele>9</ele>
			 </trkpt>
			 <trkpt lat="32.05278" lon="34.75018">
				 <ele>9.5</ele>
			 </trkpt>
			 <trkpt lat="32.05288" lon="34.75019">
				 <ele>9.8</ele>
			 </trkpt>
			 <trkpt lat="32.05383" lon="34.75021">
				 <ele>10.3</ele>
			 </trkpt>
			 <trkpt lat="32.05397" lon="34.75035">
				 <ele>10.7</ele>
			 </trkpt>
			 <trkpt lat="32.05409" lon="34.75046">
				 <ele>11.3</ele>
			 </trkpt>
			 <trkpt lat="32.0547" lon="34.75104">
				 <ele>11.9</ele>
			 </trkpt>
			 <trkpt lat="32.05504" lon="34.75136">
				 <ele>12.5</ele>
			 </trkpt>
			 <trkpt lat="32.05516" lon="34.75155">
				 <ele>12.9</ele>
			 </trkpt>
			 <trkpt lat="32.05527" lon="34.75175">
				 <ele>13.3</ele>
			 </trkpt>
			 <trkpt lat="32.05528" lon="34.75178">
				 <ele>13.5</ele>
			 </trkpt>
			 <trkpt lat="32.05534" lon="34.75199">
				 <ele>13.5</ele>
			 </trkpt>
			 <trkpt lat="32.05554" lon="34.75268">
				 <ele>13.5</ele>
			 </trkpt>
			 <trkpt lat="32.05559" lon="34.75292">
				 <ele>13.4</ele>
			 </trkpt>
			 <trkpt lat="32.05565" lon="34.75337">
				 <ele>13.4</ele>
			 </trkpt>
			 <trkpt lat="32.05566" lon="34.7537">
				 <ele>13.3</ele>
			 </trkpt>
			 <trkpt lat="32.05565" lon="34.7539">
				 <ele>13.1</ele>
			 </trkpt>
			 <trkpt lat="32.05562" lon="34.75405">
				 <ele>12.7</ele>
			 </trkpt>
			 <trkpt lat="32.05558" lon="34.75424">
				 <ele>12.5</ele>
			 </trkpt>
			 <trkpt lat="32.05555" lon="34.75431">
				 <ele>12.2</ele>
			 </trkpt>
			 <trkpt lat="32.05555" lon="34.75455">
				 <ele>11.9</ele>
			 </trkpt>
			 <trkpt lat="32.05557" lon="34.75476">
				 <ele>11.7</ele>
			 </trkpt>
			 <trkpt lat="32.05565" lon="34.75508">
				 <ele>11.5</ele>
			 </trkpt>
			 <trkpt lat="32.05567" lon="34.7552">
				 <ele>11.3</ele>
			 </trkpt>
			 <trkpt lat="32.05568" lon="34.75527">
				 <ele>11.1</ele>
			 </trkpt>
			 <trkpt lat="32.05572" lon="34.75533">
				 <ele>10.8</ele>
			 </trkpt>
			 <trkpt lat="32.05575" lon="34.75538">
				 <ele>10.6</ele>
			 </trkpt>
			 <trkpt lat="32.05577" lon="34.75541">
				 <ele>10.5</ele>
			 </trkpt>
			 <trkpt lat="32.05577" lon="34.7555">
				 <ele>10.6</ele>
			 </trkpt>
			 <trkpt lat="32.05576" lon="34.75566">
				 <ele>10.7</ele>
			 </trkpt>
			 <trkpt lat="32.05575" lon="34.75583">
				 <ele>10.9</ele>
			 </trkpt>
			 <trkpt lat="32.05573" lon="34.756">
				 <ele>11.1</ele>
			 </trkpt>
			 <trkpt lat="32.05572" lon="34.75606">
				 <ele>11.3</ele>
			 </trkpt>
			 <trkpt lat="32.0557" lon="34.75612">
				 <ele>11.5</ele>
			 </trkpt>
			 <trkpt lat="32.05567" lon="34.75616">
				 <ele>11.6</ele>
			 </trkpt>
			 <trkpt lat="32.05565" lon="34.75619">
				 <ele>11.7</ele>
			 </trkpt>
			 <trkpt lat="32.05563" lon="34.75622">
				 <ele>11.8</ele>
			 </trkpt>
			 <trkpt lat="32.05557" lon="34.75627">
				 <ele>11.9</ele>
			 </trkpt>
			 <trkpt lat="32.05551" lon="34.75628">
				 <ele>12</ele>
			 </trkpt>
			 <trkpt lat="32.05548" lon="34.7563">
				 <ele>12</ele>
			 </trkpt>
			 <trkpt lat="32.05542" lon="34.75636">
				 <ele>12</ele>
			 </trkpt>
			 <trkpt lat="32.05541" lon="34.7564">
				 <ele>12</ele>
			 </trkpt>
			 <trkpt lat="32.0554" lon="34.75647">
				 <ele>12</ele>
			 </trkpt>
			 <trkpt lat="32.05541" lon="34.75652">
				 <ele>12</ele>
			 </trkpt>
			 <trkpt lat="32.05543" lon="34.75657">
				 <ele>12</ele>
			 </trkpt>
			 <trkpt lat="32.05546" lon="34.75661">
				 <ele>12</ele>
			 </trkpt>
			 <trkpt lat="32.05549" lon="34.75664">
				 <ele>12</ele>
			 </trkpt>
			 <trkpt lat="32.05553" lon="34.75665">
				 <ele>12</ele>
			 </trkpt>
			 <trkpt lat="32.05557" lon="34.75665">
				 <ele>12</ele>
			 </trkpt>
			 <trkpt lat="32.05562" lon="34.75664">
				 <ele>11.9</ele>
			 </trkpt>
			 <trkpt lat="32.05567" lon="34.7566">
				 <ele>11.8</ele>
			 </trkpt>
			 <trkpt lat="32.05572" lon="34.75661">
				 <ele>11.7</ele>
			 </trkpt>
			 <trkpt lat="32.05575" lon="34.75662">
				 <ele>11.5</ele>
			 </trkpt>
			 <trkpt lat="32.05579" lon="34.75663">
				 <ele>11.4</ele>
			 </trkpt>
			 <trkpt lat="32.05588" lon="34.75666">
				 <ele>11.1</ele>
			 </trkpt>
			 <trkpt lat="32.05593" lon="34.7567">
				 <ele>10.8</ele>
			 </trkpt>
			 <trkpt lat="32.05626" lon="34.75691">
				 <ele>10.5</ele>
			 </trkpt>
			 <trkpt lat="32.05641" lon="34.75702">
				 <ele>10.2</ele>
			 </trkpt>
			 <trkpt lat="32.05662" lon="34.75719">
				 <ele>9.7</ele>
			 </trkpt>
			 <trkpt lat="32.05692" lon="34.75742">
				 <ele>9.3</ele>
			 </trkpt>
			 <trkpt lat="32.05696" lon="34.75745">
				 <ele>8.9</ele>
			 </trkpt>
			 <trkpt lat="32.05703" lon="34.7575">
				 <ele>8.5</ele>
			 </trkpt>
			 <trkpt lat="32.05746" lon="34.75781">
				 <ele>8.2</ele>
			 </trkpt>
			 <trkpt lat="32.05768" lon="34.758">
				 <ele>7.9</ele>
			 </trkpt>
			 <trkpt lat="32.05774" lon="34.75807">
				 <ele>7.6</ele>
			 </trkpt>
			 <trkpt lat="32.0578" lon="34.75813">
				 <ele>7.5</ele>
			 </trkpt>
			 <trkpt lat="32.05786" lon="34.75821">
				 <ele>7.3</ele>
			 </trkpt>
			 <trkpt lat="32.05802" lon="34.75844">
				 <ele>7.2</ele>
			 </trkpt>
			 <trkpt lat="32.05806" lon="34.7585">
				 <ele>7.2</ele>
			 </trkpt>
			 <trkpt lat="32.0581" lon="34.75856">
				 <ele>7.3</ele>
			 </trkpt>
			 <trkpt lat="32.05816" lon="34.75865">
				 <ele>7.4</ele>
			 </trkpt>
			 <trkpt lat="32.05822" lon="34.75872">
				 <ele>7.5</ele>
			 </trkpt>
			 <trkpt lat="32.05841" lon="34.75887">
				 <ele>7.5</ele>
			 </trkpt>
			 <trkpt lat="32.05872" lon="34.75912">
				 <ele>7.6</ele>
			 </trkpt>
			 <trkpt lat="32.05882" lon="34.7592">
				 <ele>7.7</ele>
			 </trkpt>
			 <trkpt lat="32.05893" lon="34.7593">
				 <ele>7.8</ele>
			 </trkpt>
			 <trkpt lat="32.05903" lon="34.75945">
				 <ele>7.9</ele>
			 </trkpt>
			 <trkpt lat="32.05907" lon="34.75953">
				 <ele>8</ele>
			 </trkpt>
			 <trkpt lat="32.0591" lon="34.7596">
				 <ele>8.1</ele>
			 </trkpt>
			 <trkpt lat="32.05911" lon="34.75966">
				 <ele>8.1</ele>
			 </trkpt>
			 <trkpt lat="32.05912" lon="34.75973">
				 <ele>7.9</ele>
			 </trkpt>
			 <trkpt lat="32.05914" lon="34.75988">
				 <ele>7.7</ele>
			 </trkpt>
			 <trkpt lat="32.05913" lon="34.76">
				 <ele>7.5</ele>
			 </trkpt>
			 <trkpt lat="32.05916" lon="34.7602">
				 <ele>7.4</ele>
			 </trkpt>
			 <trkpt lat="32.05926" lon="34.76024">
				 <ele>7.1</ele>
			 </trkpt>
			 <trkpt lat="32.05993" lon="34.76049">
				 <ele>6.8</ele>
			 </trkpt>
			 <trkpt lat="32.06061" lon="34.76078">
				 <ele>6.6</ele>
			 </trkpt>
			 <trkpt lat="32.06068" lon="34.76081">
				 <ele>6.6</ele>
			 </trkpt>
			 <trkpt lat="32.06081" lon="34.76086">
				 <ele>6.7</ele>
			 </trkpt>
			 <trkpt lat="32.06132" lon="34.76107">
				 <ele>6.7</ele>
			 </trkpt>
			 <trkpt lat="32.06146" lon="34.76112">
				 <ele>6.9</ele>
			 </trkpt>
			 <trkpt lat="32.06178" lon="34.76125">
				 <ele>7.2</ele>
			 </trkpt>
			 <trkpt lat="32.06236" lon="34.76147">
				 <ele>7.5</ele>
			 </trkpt>
			 <trkpt lat="32.06258" lon="34.76156">
				 <ele>7.8</ele>
			 </trkpt>
			 <trkpt lat="32.06278" lon="34.76165">
				 <ele>8.2</ele>
			 </trkpt>
			 <trkpt lat="32.06288" lon="34.76169">
				 <ele>8.6</ele>
			 </trkpt>
			 <trkpt lat="32.06386" lon="34.76208">
				 <ele>9.1</ele>
			 </trkpt>
			 <trkpt lat="32.0641" lon="34.76217">
				 <ele>9.4</ele>
			 </trkpt>
			 <trkpt lat="32.06483" lon="34.76247">
				 <ele>9.4</ele>
			 </trkpt>
			 <trkpt lat="32.06584" lon="34.76287">
				 <ele>9.2</ele>
			 </trkpt>
			 <trkpt lat="32.06603" lon="34.76293">
				 <ele>9</ele>
			 </trkpt>
			 <trkpt lat="32.06612" lon="34.76296">
				 <ele>8.7</ele>
			 </trkpt>
			 <trkpt lat="32.06632" lon="34.76303">
				 <ele>8.5</ele>
			 </trkpt>
			 <trkpt lat="32.06658" lon="34.76313">
				 <ele>8.1</ele>
			 </trkpt>
			 <trkpt lat="32.06679" lon="34.76324">
				 <ele>7.7</ele>
			 </trkpt>
			 <trkpt lat="32.06686" lon="34.76328">
				 <ele>7.4</ele>
			 </trkpt>
			 <trkpt lat="32.06695" lon="34.76333">
				 <ele>7</ele>
			 </trkpt>
			 <trkpt lat="32.06711" lon="34.76347">
				 <ele>6.6</ele>
			 </trkpt>
			 <trkpt lat="32.06731" lon="34.76369">
				 <ele>6.4</ele>
			 </trkpt>
			 <trkpt lat="32.06737" lon="34.76375">
				 <ele>6.3</ele>
			 </trkpt>
			 <trkpt lat="32.06776" lon="34.76393">
				 <ele>6.3</ele>
			 </trkpt>
			 <trkpt lat="32.06836" lon="34.76415">
				 <ele>6.3</ele>
			 </trkpt>
			 <trkpt lat="32.06854" lon="34.76422">
				 <ele>6.5</ele>
			 </trkpt>
			 <trkpt lat="32.06857" lon="34.76423">
				 <ele>6.8</ele>
			 </trkpt>
			 <trkpt lat="32.0689" lon="34.76437">
				 <ele>7.2</ele>
			 </trkpt>
			 <trkpt lat="32.06928" lon="34.76452">
				 <ele>7.5</ele>
			 </trkpt>
			 <trkpt lat="32.07005" lon="34.76478">
				 <ele>7.7</ele>
			 </trkpt>
			 <trkpt lat="32.07054" lon="34.76497">
				 <ele>8</ele>
			 </trkpt>
			 <trkpt lat="32.07103" lon="34.76514">
				 <ele>8.4</ele>
			 </trkpt>
			 <trkpt lat="32.07156" lon="34.76538">
				 <ele>8.8</ele>
			 </trkpt>
			 <trkpt lat="32.07219" lon="34.76565">
				 <ele>9.3</ele>
			 </trkpt>
			 <trkpt lat="32.07222" lon="34.76567">
				 <ele>9.7</ele>
			 </trkpt>
			 <trkpt lat="32.07248" lon="34.76578">
				 <ele>10.2</ele>
			 </trkpt>
			 <trkpt lat="32.07279" lon="34.7659">
				 <ele>10.5</ele>
			 </trkpt>
			 <trkpt lat="32.07329" lon="34.7661">
				 <ele>10.6</ele>
			 </trkpt>
			 <trkpt lat="32.07332" lon="34.76612">
				 <ele>10.9</ele>
			 </trkpt>
			 <trkpt lat="32.07337" lon="34.76613">
				 <ele>11.2</ele>
			 </trkpt>
			 <trkpt lat="32.0734" lon="34.76615">
				 <ele>11.3</ele>
			 </trkpt>
			 <trkpt lat="32.07347" lon="34.76617">
				 <ele>11.4</ele>
			 </trkpt>
			 <trkpt lat="32.07356" lon="34.7662">
				 <ele>11.4</ele>
			 </trkpt>
			 <trkpt lat="32.07361" lon="34.76622">
				 <ele>11.4</ele>
			 </trkpt>
			 <trkpt lat="32.07413" lon="34.76641">
				 <ele>11.5</ele>
			 </trkpt>
			 <trkpt lat="32.0749" lon="34.76645">
				 <ele>11.9</ele>
			 </trkpt>
			 <trkpt lat="32.07497" lon="34.76646">
				 <ele>12.5</ele>
			 </trkpt>
			 <trkpt lat="32.07502" lon="34.76648">
				 <ele>13</ele>
			 </trkpt>
			 <trkpt lat="32.0751" lon="34.7665">
				 <ele>13.5</ele>
			 </trkpt>
			 <trkpt lat="32.0755" lon="34.76664">
				 <ele>14.1</ele>
			 </trkpt>
			 <trkpt lat="32.07638" lon="34.76696">
				 <ele>14.6</ele>
			 </trkpt>
			 <trkpt lat="32.07743" lon="34.76736">
				 <ele>15.4</ele>
			 </trkpt>
			 <trkpt lat="32.07754" lon="34.7674">
				 <ele>16.1</ele>
			 </trkpt>
			 <trkpt lat="32.07803" lon="34.76756">
				 <ele>16.9</ele>
			 </trkpt>
			 <trkpt lat="32.07806" lon="34.76757">
				 <ele>17.7</ele>
			 </trkpt>
			 <trkpt lat="32.07823" lon="34.76763">
				 <ele>18.5</ele>
			 </trkpt>
			 <trkpt lat="32.07838" lon="34.76769">
				 <ele>18.8</ele>
			 </trkpt>
			 <trkpt lat="32.0792" lon="34.76798">
				 <ele>19</ele>
			 </trkpt>
			 <trkpt lat="32.07996" lon="34.76824">
				 <ele>19.2</ele>
			 </trkpt>
			 <trkpt lat="32.08024" lon="34.76834">
				 <ele>19.3</ele>
			 </trkpt>
			 <trkpt lat="32.08062" lon="34.76844">
				 <ele>19.3</ele>
			 </trkpt>
			 <trkpt lat="32.08071" lon="34.76846">
				 <ele>19.3</ele>
			 </trkpt>
			 <trkpt lat="32.08096" lon="34.76838">
				 <ele>19.3</ele>
			 </trkpt>
			 <trkpt lat="32.08123" lon="34.76836">
				 <ele>19.3</ele>
			 </trkpt>
			 <trkpt lat="32.08156" lon="34.7684">
				 <ele>19.4</ele>
			 </trkpt>
			 <trkpt lat="32.08176" lon="34.76842">
				 <ele>19.5</ele>
			 </trkpt>
			 <trkpt lat="32.08199" lon="34.76847">
				 <ele>19.3</ele>
			 </trkpt>
			 <trkpt lat="32.08223" lon="34.76857">
				 <ele>19</ele>
			 </trkpt>
			 <trkpt lat="32.0823" lon="34.76861">
				 <ele>18.6</ele>
			 </trkpt>
			 <trkpt lat="32.08269" lon="34.76885">
				 <ele>18.2</ele>
			 </trkpt>
			 <trkpt lat="32.08307" lon="34.76905">
				 <ele>17.8</ele>
			 </trkpt>
			 <trkpt lat="32.08395" lon="34.7694">
				 <ele>17.5</ele>
			 </trkpt>
			 <trkpt lat="32.08427" lon="34.76953">
				 <ele>17.3</ele>
			 </trkpt>
			 <trkpt lat="32.0847" lon="34.76968">
				 <ele>17.1</ele>
			 </trkpt>
			 <trkpt lat="32.08501" lon="34.76973">
				 <ele>16.9</ele>
			 </trkpt>
			 <trkpt lat="32.08532" lon="34.76978">
				 <ele>16.5</ele>
			 </trkpt>
			 <trkpt lat="32.0856" lon="34.76981">
				 <ele>16.1</ele>
			 </trkpt>
			 <trkpt lat="32.08584" lon="34.76983">
				 <ele>15.8</ele>
			 </trkpt>
			 <trkpt lat="32.08611" lon="34.7699">
				 <ele>15.6</ele>
			 </trkpt>
			 <trkpt lat="32.08619" lon="34.76993">
				 <ele>15.9</ele>
			 </trkpt>
			 <trkpt lat="32.08637" lon="34.77004">
				 <ele>16.4</ele>
			 </trkpt>
			 <trkpt lat="32.08649" lon="34.77011">
				 <ele>16.9</ele>
			 </trkpt>
			 <trkpt lat="32.08657" lon="34.77018">
				 <ele>17.5</ele>
			 </trkpt>
			 <trkpt lat="32.08666" lon="34.77024">
				 <ele>17.9</ele>
			 </trkpt>
			 <trkpt lat="32.08772" lon="34.77106">
				 <ele>18.3</ele>
			 </trkpt>
			 <trkpt lat="32.08782" lon="34.77114">
				 <ele>18.5</ele>
			 </trkpt>
			 <trkpt lat="32.08846" lon="34.7716">
				 <ele>18.5</ele>
			 </trkpt>
			 <trkpt lat="32.08919" lon="34.77201">
				 <ele>18.4</ele>
			 </trkpt>
			 <trkpt lat="32.08973" lon="34.77231">
				 <ele>18.1</ele>
			 </trkpt>
			 <trkpt lat="32.08984" lon="34.77237">
				 <ele>17.8</ele>
			 </trkpt>
			 <trkpt lat="32.08993" lon="34.7724">
				 <ele>17.3</ele>
			 </trkpt>
			 <trkpt lat="32.09162" lon="34.773">
				 <ele>16.6</ele>
			 </trkpt>
			 <trkpt lat="32.09169" lon="34.77302">
				 <ele>15.9</ele>
			 </trkpt>
			 <trkpt lat="32.09228" lon="34.77323">
				 <ele>15.2</ele>
			 </trkpt>
			 <trkpt lat="32.09249" lon="34.77331">
				 <ele>14.5</ele>
			 </trkpt>
			 <trkpt lat="32.09257" lon="34.77334">
				 <ele>14</ele>
			 </trkpt>
			 <trkpt lat="32.09265" lon="34.77336">
				 <ele>13.2</ele>
			 </trkpt>
			 <trkpt lat="32.09273" lon="34.7734">
				 <ele>12.6</ele>
			 </trkpt>
			 <trkpt lat="32.0928" lon="34.77343">
				 <ele>12.1</ele>
			 </trkpt>
			 <trkpt lat="32.09321" lon="34.77356">
				 <ele>11.7</ele>
			 </trkpt>
			 <trkpt lat="32.09384" lon="34.77381">
				 <ele>11.3</ele>
			 </trkpt>
			 <trkpt lat="32.09538" lon="34.77437">
				 <ele>10.8</ele>
			 </trkpt>
			 <trkpt lat="32.09624" lon="34.77462">
				 <ele>10.4</ele>
			 </trkpt>
			 <trkpt lat="32.09628" lon="34.77463">
				 <ele>9.9</ele>
			 </trkpt>
			 <trkpt lat="32.09631" lon="34.77464">
				 <ele>9.5</ele>
			 </trkpt>
			 <trkpt lat="32.09654" lon="34.77471">
				 <ele>9</ele>
			 </trkpt>
			 <trkpt lat="32.09669" lon="34.77476">
				 <ele>8.5</ele>
			 </trkpt>
			 <trkpt lat="32.09676" lon="34.77479">
				 <ele>8.4</ele>
			 </trkpt>
			 <trkpt lat="32.09681" lon="34.77482">
				 <ele>8.4</ele>
			 </trkpt>
			 <trkpt lat="32.09685" lon="34.77486">
				 <ele>8.5</ele>
			 </trkpt>
			 <trkpt lat="32.09688" lon="34.77492">
				 <ele>8.5</ele>
			 </trkpt>
			 <trkpt lat="32.09692" lon="34.77499">
				 <ele>8.9</ele>
			 </trkpt>
			 <trkpt lat="32.09721" lon="34.77577">
				 <ele>9.3</ele>
			 </trkpt>
			 <trkpt lat="32.09724" lon="34.77585">
				 <ele>9.7</ele>
			 </trkpt>
			 <trkpt lat="32.09702" lon="34.77596">
				 <ele>10.3</ele>
			 </trkpt>
			 <trkpt lat="32.0969" lon="34.776">
				 <ele>10.8</ele>
			 </trkpt>
			 <trkpt lat="32.09659" lon="34.77603">
				 <ele>11.4</ele>
			 </trkpt>
			 <trkpt lat="32.09654" lon="34.77604">
				 <ele>11.9</ele>
			 </trkpt>
			 <trkpt lat="32.09606" lon="34.77614">
				 <ele>12.4</ele>
			 </trkpt>
			 <trkpt lat="32.09595" lon="34.77616">
				 <ele>12.9</ele>
			 </trkpt>
			 <trkpt lat="32.09586" lon="34.77618">
				 <ele>13.4</ele>
			 </trkpt>
			 <trkpt lat="32.09575" lon="34.77619">
				 <ele>13.8</ele>
			 </trkpt>
			 <trkpt lat="32.09568" lon="34.77618">
				 <ele>14.1</ele>
			 </trkpt>
			 <trkpt lat="32.09543" lon="34.77626">
				 <ele>14.5</ele>
			 </trkpt>
			 <trkpt lat="32.09482" lon="34.77649">
				 <ele>14.7</ele>
			 </trkpt>
			 <trkpt lat="32.09477" lon="34.77649">
				 <ele>14.9</ele>
			 </trkpt>
			 <trkpt lat="32.09472" lon="34.7765">
				 <ele>15.2</ele>
			 </trkpt>
			 <trkpt lat="32.09466" lon="34.77651">
				 <ele>15.5</ele>
			 </trkpt>
			 <trkpt lat="32.09428" lon="34.77665">
				 <ele>15.6</ele>
			 </trkpt>
			 <trkpt lat="32.09422" lon="34.77667">
				 <ele>15.8</ele>
			 </trkpt>
			 <trkpt lat="32.09416" lon="34.77666">
				 <ele>15.9</ele>
			 </trkpt>
			 <trkpt lat="32.0932" lon="34.77645">
				 <ele>16</ele>
			 </trkpt>
			 <trkpt lat="32.09313" lon="34.77644">
				 <ele>16.2</ele>
			 </trkpt>
			 <trkpt lat="32.09255" lon="34.77631">
				 <ele>16.5</ele>
			 </trkpt>
			 <trkpt lat="32.09249" lon="34.77629">
				 <ele>16.7</ele>
			 </trkpt>
			 <trkpt lat="32.09241" lon="34.77627">
				 <ele>17</ele>
			 </trkpt>
			 <trkpt lat="32.09233" lon="34.77626">
				 <ele>17.2</ele>
			 </trkpt>
			 <trkpt lat="32.09184" lon="34.77614">
				 <ele>17.2</ele>
			 </trkpt>
			 <trkpt lat="32.0917" lon="34.7761">
				 <ele>17</ele>
			 </trkpt>
			 <trkpt lat="32.09084" lon="34.77587">
				 <ele>16.9</ele>
			 </trkpt>
			 <trkpt lat="32.09032" lon="34.77575">
				 <ele>16.9</ele>
			 </trkpt>
			 <trkpt lat="32.08991" lon="34.77564">
				 <ele>16.9</ele>
			 </trkpt>
			 <trkpt lat="32.08929" lon="34.77549">
				 <ele>17</ele>
			 </trkpt>
			 <trkpt lat="32.08823" lon="34.77523">
				 <ele>17</ele>
			 </trkpt>
			 <trkpt lat="32.08779" lon="34.77511">
				 <ele>16.9</ele>
			 </trkpt>
			 <trkpt lat="32.08695" lon="34.77491">
				 <ele>16.7</ele>
			 </trkpt>
			 <trkpt lat="32.08691" lon="34.7749">
				 <ele>16.5</ele>
			 </trkpt>
			 <trkpt lat="32.08612" lon="34.77471">
				 <ele>16.5</ele>
			 </trkpt>
			 <trkpt lat="32.08586" lon="34.77464">
				 <ele>16.5</ele>
			 </trkpt>
			 <trkpt lat="32.08493" lon="34.77439">
				 <ele>16.6</ele>
			 </trkpt>
			 <trkpt lat="32.08457" lon="34.7743">
				 <ele>16.8</ele>
			 </trkpt>
			 <trkpt lat="32.08449" lon="34.77428">
				 <ele>16.8</ele>
			 </trkpt>
			 <trkpt lat="32.0844" lon="34.77426">
				 <ele>16.8</ele>
			 </trkpt>
			 <trkpt lat="32.0843" lon="34.77424">
				 <ele>16.7</ele>
			 </trkpt>
			 <trkpt lat="32.08428" lon="34.77432">
				 <ele>16.6</ele>
			 </trkpt>
			 <trkpt lat="32.08424" lon="34.77446">
				 <ele>16.5</ele>
			 </trkpt>
			 <trkpt lat="32.08419" lon="34.77461">
				 <ele>16.2</ele>
			 </trkpt>
			 <trkpt lat="32.08416" lon="34.77472">
				 <ele>15.9</ele>
			 </trkpt>
			 <trkpt lat="32.08415" lon="34.77475">
				 <ele>15.5</ele>
			 </trkpt>
			 <trkpt lat="32.08405" lon="34.77498">
				 <ele>15.2</ele>
			 </trkpt>
			 <trkpt lat="32.08391" lon="34.77532">
				 <ele>14.9</ele>
			 </trkpt>
			 <trkpt lat="32.08375" lon="34.77571">
				 <ele>14.6</ele>
			 </trkpt>
			 <trkpt lat="32.08373" lon="34.77578">
				 <ele>14.5</ele>
			 </trkpt>
			 <trkpt lat="32.08346" lon="34.77622">
				 <ele>14.5</ele>
			 </trkpt>
			 <trkpt lat="32.08344" lon="34.77626">
				 <ele>14.4</ele>
			 </trkpt>
			 <trkpt lat="32.08313" lon="34.77679">
				 <ele>14.3</ele>
			 </trkpt>
			 <trkpt lat="32.08311" lon="34.77683">
				 <ele>14.3</ele>
			 </trkpt>
			 <trkpt lat="32.08282" lon="34.77733">
				 <ele>14.5</ele>
			 </trkpt>
			 <trkpt lat="32.08252" lon="34.77791">
				 <ele>14.7</ele>
			 </trkpt>
			 <trkpt lat="32.08249" lon="34.77797">
				 <ele>15.1</ele>
			 </trkpt>
			 <trkpt lat="32.08243" lon="34.77807">
				 <ele>15.5</ele>
			 </trkpt>
			 <trkpt lat="32.08239" lon="34.77813">
				 <ele>16</ele>
			 </trkpt>
			 <trkpt lat="32.08191" lon="34.77888">
				 <ele>16.5</ele>
			 </trkpt>
			 <trkpt lat="32.08187" lon="34.77893">
				 <ele>16.8</ele>
			 </trkpt>
			 <trkpt lat="32.08179" lon="34.77907">
				 <ele>17.2</ele>
			 </trkpt>
			 <trkpt lat="32.08174" lon="34.77915">
				 <ele>17.5</ele>
			 </trkpt>
			 <trkpt lat="32.08159" lon="34.77944">
				 <ele>18</ele>
			 </trkpt>
			 <trkpt lat="32.08157" lon="34.77952">
				 <ele>18.5</ele>
			 </trkpt>
			 <trkpt lat="32.08156" lon="34.77958">
				 <ele>18.8</ele>
			 </trkpt>
			 <trkpt lat="32.08154" lon="34.77963">
				 <ele>19.1</ele>
			 </trkpt>
			 <trkpt lat="32.08154" lon="34.77969">
				 <ele>19.4</ele>
			 </trkpt>
			 <trkpt lat="32.08153" lon="34.77976">
				 <ele>19.5</ele>
			 </trkpt>
			 <trkpt lat="32.08153" lon="34.77986">
				 <ele>19.6</ele>
			 </trkpt>
			 <trkpt lat="32.08134" lon="34.77999">
				 <ele>20</ele>
			 </trkpt>
			 <trkpt lat="32.0813" lon="34.78004">
				 <ele>20.4</ele>
			 </trkpt>
			 <trkpt lat="32.08125" lon="34.78004">
				 <ele>20.5</ele>
			 </trkpt>
			 <trkpt lat="32.08104" lon="34.78004">
				 <ele>20.7</ele>
			 </trkpt>
			 <trkpt lat="32.08076" lon="34.78004">
				 <ele>20.7</ele>
			 </trkpt>
			 <trkpt lat="32.07959" lon="34.78004">
				 <ele>20.8</ele>
			 </trkpt>
			 <trkpt lat="32.07955" lon="34.78022">
				 <ele>20.9</ele>
			 </trkpt>
			 <trkpt lat="32.07955" lon="34.78103">
				 <ele>21</ele>
			 </trkpt>
			 <trkpt lat="32.07955" lon="34.78114">
				 <ele>21.3</ele>
			 </trkpt>
			 <trkpt lat="32.07954" lon="34.78125">
				 <ele>21.5</ele>
			 </trkpt>
			 <trkpt lat="32.0795" lon="34.78123">
				 <ele>21.8</ele>
			 </trkpt>
			 <trkpt lat="32.07943" lon="34.78123">
				 <ele>21.8</ele>
			 </trkpt>
			 <trkpt lat="32.07933" lon="34.78122">
				 <ele>21.8</ele>
			 </trkpt>
			 <trkpt lat="32.07881" lon="34.7812">
				 <ele>22.1</ele>
			 </trkpt>
			 <trkpt lat="32.07853" lon="34.7812">
				 <ele>22.4</ele>
			 </trkpt>
			 <trkpt lat="32.07816" lon="34.78121">
				 <ele>22.7</ele>
			 </trkpt>
			 <trkpt lat="32.07794" lon="34.78122">
				 <ele>23</ele>
			 </trkpt>
			 <trkpt lat="32.07768" lon="34.78124">
				 <ele>23.4</ele>
			 </trkpt>
			 <trkpt lat="32.07756" lon="34.78125">
				 <ele>23.7</ele>
			 </trkpt>
			 <trkpt lat="32.07724" lon="34.7813">
				 <ele>24</ele>
			 </trkpt>
			 <trkpt lat="32.07625" lon="34.78146">
				 <ele>24.4</ele>
			 </trkpt>
			 <trkpt lat="32.07565" lon="34.78157">
				 <ele>24.8</ele>
			 </trkpt>
			 <trkpt lat="32.07554" lon="34.78159">
				 <ele>25.3</ele>
			 </trkpt>
			 <trkpt lat="32.07516" lon="34.78164">
				 <ele>25.7</ele>
			 </trkpt>
			 <trkpt lat="32.07486" lon="34.78167">
				 <ele>26.1</ele>
			 </trkpt>
			 <trkpt lat="32.07426" lon="34.78173">
				 <ele>26.5</ele>
			 </trkpt>
			 <trkpt lat="32.0738" lon="34.78174">
				 <ele>26.9</ele>
			 </trkpt>
			 <trkpt lat="32.07366" lon="34.78175">
				 <ele>27.4</ele>
			 </trkpt>
			 <trkpt lat="32.0736" lon="34.78175">
				 <ele>27.7</ele>
			 </trkpt>
			 <trkpt lat="32.07365" lon="34.78162">
				 <ele>28.2</ele>
			 </trkpt>
			 <trkpt lat="32.07367" lon="34.78151">
				 <ele>28.5</ele>
			 </trkpt>
			 <trkpt lat="32.07374" lon="34.78115">
				 <ele>28.8</ele>
			 </trkpt>
			 <trkpt lat="32.07384" lon="34.78064">
				 <ele>29</ele>
			 </trkpt>
			 <trkpt lat="32.07384" lon="34.78057">
				 <ele>29.3</ele>
			 </trkpt>
			 <trkpt lat="32.07384" lon="34.7805">
				 <ele>29.5</ele>
			 </trkpt>
			 <trkpt lat="32.07384" lon="34.78044">
				 <ele>29.8</ele>
			 </trkpt>
			 <trkpt lat="32.07386" lon="34.78029">
				 <ele>30.1</ele>
			 </trkpt>
			 <trkpt lat="32.07388" lon="34.78014">
				 <ele>30.3</ele>
			 </trkpt>
			 <trkpt lat="32.07394" lon="34.77985">
				 <ele>30.5</ele>
			 </trkpt>
			 <trkpt lat="32.07397" lon="34.7797">
				 <ele>30.6</ele>
			 </trkpt>
			 <trkpt lat="32.07405" lon="34.77929">
				 <ele>30.7</ele>
			 </trkpt>
			 <trkpt lat="32.07407" lon="34.77917">
				 <ele>30.8</ele>
			 </trkpt>
			 <trkpt lat="32.07409" lon="34.77911">
				 <ele>30.9</ele>
			 </trkpt>
			 <trkpt lat="32.07398" lon="34.77908">
				 <ele>31</ele>
			 </trkpt>
			 <trkpt lat="32.07376" lon="34.77901">
				 <ele>31.1</ele>
			 </trkpt>
			 <trkpt lat="32.07349" lon="34.77893">
				 <ele>31.2</ele>
			 </trkpt>
			 <trkpt lat="32.07326" lon="34.77886">
				 <ele>31.3</ele>
			 </trkpt>
			 <trkpt lat="32.07319" lon="34.77884">
				 <ele>31.4</ele>
			 </trkpt>
			 <trkpt lat="32.07261" lon="34.77866">
				 <ele>31.5</ele>
			 </trkpt>
			 <trkpt lat="32.07254" lon="34.77863">
				 <ele>31.5</ele>
			 </trkpt>
			 <trkpt lat="32.07249" lon="34.7786">
				 <ele>31.6</ele>
			 </trkpt>
			 <trkpt lat="32.07245" lon="34.77857">
				 <ele>31.7</ele>
			 </trkpt>
			 <trkpt lat="32.07241" lon="34.77854">
				 <ele>31.7</ele>
			 </trkpt>
			 <trkpt lat="32.07232" lon="34.77848">
				 <ele>31.7</ele>
			 </trkpt>
			 <trkpt lat="32.07231" lon="34.77852">
				 <ele>31.7</ele>
			 </trkpt>
			 <trkpt lat="32.07229" lon="34.7786">
				 <ele>31.6</ele>
			 </trkpt>
			 <trkpt lat="32.07226" lon="34.7787">
				 <ele>31.5</ele>
			 </trkpt>
			 <trkpt lat="32.07218" lon="34.77897">
				 <ele>31.5</ele>
			 </trkpt>
			 <trkpt lat="32.07216" lon="34.77903">
				 <ele>31.4</ele>
			 </trkpt>
			 <trkpt lat="32.07214" lon="34.77907">
				 <ele>31.5</ele>
			 </trkpt>
			 <trkpt lat="32.0721" lon="34.7791">
				 <ele>31.7</ele>
			 </trkpt>
			 <trkpt lat="32.07207" lon="34.77911">
				 <ele>32.1</ele>
			 </trkpt>
			 <trkpt lat="32.07203" lon="34.77911">
				 <ele>32.5</ele>
			 </trkpt>
			 <trkpt lat="32.07182" lon="34.77904">
				 <ele>33.1</ele>
			 </trkpt>
			 <trkpt lat="32.0715" lon="34.77893">
				 <ele>33.6</ele>
			 </trkpt>
			 <trkpt lat="32.07055" lon="34.77864">
				 <ele>34.2</ele>
			 </trkpt>
			 <trkpt lat="32.06965" lon="34.77838">
				 <ele>34.6</ele>
			 </trkpt>
			 <trkpt lat="32.06962" lon="34.77847">
				 <ele>35</ele>
			 </trkpt>
			 <trkpt lat="32.06959" lon="34.77855">
				 <ele>35.4</ele>
			 </trkpt>
			 <trkpt lat="32.06957" lon="34.77863">
				 <ele>35.6</ele>
			 </trkpt>
			 <trkpt lat="32.06961" lon="34.77864">
				 <ele>35.6</ele>
			 </trkpt>
			 <trkpt lat="32.06975" lon="34.77869">
				 <ele>35.3</ele>
			 </trkpt>
			 <trkpt lat="32.07011" lon="34.7788">
				 <ele>34.8</ele>
			 </trkpt>
			 <trkpt lat="32.0705" lon="34.77893">
				 <ele>34.3</ele>
			 </trkpt>
			 <trkpt lat="32.07092" lon="34.77908">
				 <ele>33.7</ele>
			 </trkpt>
			 <trkpt lat="32.07133" lon="34.77921">
				 <ele>33.2</ele>
			 </trkpt>
			 <trkpt lat="32.0718" lon="34.77936">
				 <ele>32.6</ele>
			 </trkpt>
			 <trkpt lat="32.07183" lon="34.77938">
				 <ele>32.1</ele>
			 </trkpt>
			 <trkpt lat="32.07185" lon="34.77942">
				 <ele>31.6</ele>
			 </trkpt>
			 <trkpt lat="32.07186" lon="34.77945">
				 <ele>31.2</ele>
			 </trkpt>
			 <trkpt lat="32.07186" lon="34.7795">
				 <ele>30.8</ele>
			 </trkpt>
			 <trkpt lat="32.07185" lon="34.77955">
				 <ele>30.5</ele>
			 </trkpt>
			 <trkpt lat="32.0717" lon="34.77986">
				 <ele>30.5</ele>
			 </trkpt>
			 <trkpt lat="32.07168" lon="34.77992">
				 <ele>30.3</ele>
			 </trkpt>
			 <trkpt lat="32.07167" lon="34.77995">
				 <ele>30</ele>
			 </trkpt>
			 <trkpt lat="32.07168" lon="34.77999">
				 <ele>29.6</ele>
			 </trkpt>
			 <trkpt lat="32.07173" lon="34.78003">
				 <ele>29.4</ele>
			 </trkpt>
			 <trkpt lat="32.07178" lon="34.78004">
				 <ele>29.1</ele>
			 </trkpt>
			 <trkpt lat="32.07191" lon="34.78012">
				 <ele>29</ele>
			 </trkpt>
			 <trkpt lat="32.07239" lon="34.78026">
				 <ele>28.9</ele>
			 </trkpt>
			 <trkpt lat="32.07271" lon="34.78036">
				 <ele>28.7</ele>
			 </trkpt>
			 <trkpt lat="32.07296" lon="34.78041">
				 <ele>28.5</ele>
			 </trkpt>
			 <trkpt lat="32.07323" lon="34.78049">
				 <ele>28.4</ele>
			 </trkpt>
			 <trkpt lat="32.07384" lon="34.78064">
				 <ele>28.2</ele>
			 </trkpt>
			 <trkpt lat="32.07374" lon="34.78115">
				 <ele>28.1</ele>
			 </trkpt>
			 <trkpt lat="32.07367" lon="34.78151">
				 <ele>28.1</ele>
			 </trkpt>
			 <trkpt lat="32.07365" lon="34.78162">
				 <ele>28.2</ele>
			 </trkpt>
			 <trkpt lat="32.0736" lon="34.78175">
				 <ele>28.1</ele>
			 </trkpt>
			 <trkpt lat="32.07357" lon="34.78178">
				 <ele>27.7</ele>
			 </trkpt>
			 <trkpt lat="32.07353" lon="34.78182">
				 <ele>27.3</ele>
			 </trkpt>
			 <trkpt lat="32.07352" lon="34.78186">
				 <ele>26.8</ele>
			 </trkpt>
			 <trkpt lat="32.0735" lon="34.78193">
				 <ele>26.4</ele>
			 </trkpt>
			 <trkpt lat="32.07348" lon="34.78237">
				 <ele>25.9</ele>
			 </trkpt>
			 <trkpt lat="32.07347" lon="34.78289">
				 <ele>25.4</ele>
			 </trkpt>
			 <trkpt lat="32.07346" lon="34.78297">
				 <ele>24.8</ele>
			 </trkpt>
			 <trkpt lat="32.07345" lon="34.78303">
				 <ele>24.3</ele>
			 </trkpt>
			 <trkpt lat="32.07343" lon="34.78315">
				 <ele>23.8</ele>
			 </trkpt>
			 <trkpt lat="32.07342" lon="34.7832">
				 <ele>23.4</ele>
			 </trkpt>
			 <trkpt lat="32.07342" lon="34.78329">
				 <ele>22.9</ele>
			 </trkpt>
			 <trkpt lat="32.07342" lon="34.78337">
				 <ele>22.7</ele>
			 </trkpt>
			 <trkpt lat="32.07341" lon="34.78353">
				 <ele>22.5</ele>
			 </trkpt>
			 <trkpt lat="32.07341" lon="34.78365">
				 <ele>22.2</ele>
			 </trkpt>
			 <trkpt lat="32.07341" lon="34.78377">
				 <ele>22</ele>
			 </trkpt>
			 <trkpt lat="32.0734" lon="34.78465">
				 <ele>22</ele>
			 </trkpt>
			 <trkpt lat="32.0734" lon="34.78477">
				 <ele>22.1</ele>
			 </trkpt>
			 <trkpt lat="32.07339" lon="34.78486">
				 <ele>22.2</ele>
			 </trkpt>
			 <trkpt lat="32.07338" lon="34.78493">
				 <ele>22.3</ele>
			 </trkpt>
			 <trkpt lat="32.07337" lon="34.78504">
				 <ele>22.4</ele>
			 </trkpt>
			 <trkpt lat="32.07334" lon="34.78601">
				 <ele>22.5</ele>
			 </trkpt>
			 <trkpt lat="32.07333" lon="34.78607">
				 <ele>22.6</ele>
			 </trkpt>
			 <trkpt lat="32.07333" lon="34.78613">
				 <ele>22.8</ele>
			 </trkpt>
			 <trkpt lat="32.07328" lon="34.78613">
				 <ele>23.2</ele>
			 </trkpt>
			 <trkpt lat="32.07303" lon="34.78613">
				 <ele>23.5</ele>
			 </trkpt>
			 <trkpt lat="32.07295" lon="34.78613">
				 <ele>23.9</ele>
			 </trkpt>
			 <trkpt lat="32.07291" lon="34.78613">
				 <ele>24.2</ele>
			 </trkpt>
			 <trkpt lat="32.07271" lon="34.78613">
				 <ele>24.5</ele>
			 </trkpt>
			 <trkpt lat="32.07249" lon="34.78613">
				 <ele>24.8</ele>
			 </trkpt>
			 <trkpt lat="32.07237" lon="34.78613">
				 <ele>25.2</ele>
			 </trkpt>
			 <trkpt lat="32.07224" lon="34.78613">
				 <ele>25.5</ele>
			 </trkpt>
			 <trkpt lat="32.07181" lon="34.78613">
				 <ele>25.8</ele>
			 </trkpt>
			 <trkpt lat="32.07158" lon="34.78613">
				 <ele>26.2</ele>
			 </trkpt>
			 <trkpt lat="32.07158" lon="34.78628">
				 <ele>26.5</ele>
			 </trkpt>
			 <trkpt lat="32.07158" lon="34.78645">
				 <ele>26.6</ele>
			 </trkpt>
			 <trkpt lat="32.07158" lon="34.78651">
				 <ele>26.7</ele>
			 </trkpt>
			 <trkpt lat="32.07157" lon="34.78685">
				 <ele>26.8</ele>
			 </trkpt>
			 <trkpt lat="32.07157" lon="34.78692">
				 <ele>26.8</ele>
			 </trkpt>
			 <trkpt lat="32.07157" lon="34.7871">
				 <ele>26.8</ele>
			 </trkpt>
			 <trkpt lat="32.07157" lon="34.78744">
				 <ele>26.7</ele>
			 </trkpt>
			 <trkpt lat="32.07157" lon="34.78781">
				 <ele>26.6</ele>
			 </trkpt>
			 <trkpt lat="32.07156" lon="34.78796">
				 <ele>26.6</ele>
			 </trkpt>
			 <trkpt lat="32.07156" lon="34.78808">
				 <ele>26.6</ele>
			 </trkpt>
			 <trkpt lat="32.07178" lon="34.78808">
				 <ele>26.6</ele>
			 </trkpt>
			 <trkpt lat="32.07189" lon="34.78808">
				 <ele>26.7</ele>
			 </trkpt>
			 <trkpt lat="32.07205" lon="34.78808">
				 <ele>26.8</ele>
			 </trkpt>
			 <trkpt lat="32.07235" lon="34.78808">
				 <ele>27</ele>
			 </trkpt>
			 <trkpt lat="32.07268" lon="34.78809">
				 <ele>27.2</ele>
			 </trkpt>
			 <trkpt lat="32.07294" lon="34.78809">
				 <ele>27.4</ele>
			 </trkpt>
			 <trkpt lat="32.07321" lon="34.78809">
				 <ele>27.5</ele>
			 </trkpt>
			 <trkpt lat="32.07331" lon="34.78809">
				 <ele>27.5</ele>
			 </trkpt>
			 <trkpt lat="32.07337" lon="34.78809">
				 <ele>27.2</ele>
			 </trkpt>
			 <trkpt lat="32.07343" lon="34.78809">
				 <ele>26.7</ele>
			 </trkpt>
			 <trkpt lat="32.07343" lon="34.788">
				 <ele>26.1</ele>
			 </trkpt>
			 <trkpt lat="32.07345" lon="34.78719">
				 <ele>25.5</ele>
			 </trkpt>
			 <trkpt lat="32.07347" lon="34.78647">
				 <ele>25</ele>
			 </trkpt>
			 <trkpt lat="32.07348" lon="34.78608">
				 <ele>24.5</ele>
			 </trkpt>
			 <trkpt lat="32.07349" lon="34.78554">
				 <ele>24.1</ele>
			 </trkpt>
			 <trkpt lat="32.07351" lon="34.78487">
				 <ele>23.6</ele>
			 </trkpt>
			 <trkpt lat="32.07351" lon="34.78477">
				 <ele>23.6</ele>
			 </trkpt>
			 <trkpt lat="32.07351" lon="34.78465">
				 <ele>23.6</ele>
			 </trkpt>
			 <trkpt lat="32.07351" lon="34.78377">
				 <ele>23.9</ele>
			 </trkpt>
			 <trkpt lat="32.07351" lon="34.78365">
				 <ele>24.4</ele>
			 </trkpt>
			 <trkpt lat="32.07351" lon="34.78353">
				 <ele>24.9</ele>
			 </trkpt>
			 <trkpt lat="32.07355" lon="34.78204">
				 <ele>25.5</ele>
			 </trkpt>
			 <trkpt lat="32.07355" lon="34.78193">
				 <ele>25.7</ele>
			 </trkpt>
			 <trkpt lat="32.07357" lon="34.78187">
				 <ele>26</ele>
			 </trkpt>
			 <trkpt lat="32.07369" lon="34.78189">
				 <ele>26.1</ele>
			 </trkpt>
			 <trkpt lat="32.0738" lon="34.78189">
				 <ele>26.2</ele>
			 </trkpt>
			 <trkpt lat="32.07426" lon="34.78184">
				 <ele>26.3</ele>
			 </trkpt>
			 <trkpt lat="32.07525" lon="34.78177">
				 <ele>25.8</ele>
			 </trkpt>
			 <trkpt lat="32.07549" lon="34.78173">
				 <ele>25.4</ele>
			 </trkpt>
			 <trkpt lat="32.07559" lon="34.78172">
				 <ele>24.8</ele>
			 </trkpt>
			 <trkpt lat="32.07567" lon="34.7817">
				 <ele>24.4</ele>
			 </trkpt>
			 <trkpt lat="32.07631" lon="34.78157">
				 <ele>23.7</ele>
			 </trkpt>
			 <trkpt lat="32.07768" lon="34.78138">
				 <ele>23.1</ele>
			 </trkpt>
			 <trkpt lat="32.07782" lon="34.78137">
				 <ele>22.6</ele>
			 </trkpt>
			 <trkpt lat="32.07853" lon="34.78133">
				 <ele>21.9</ele>
			 </trkpt>
			 <trkpt lat="32.07887" lon="34.78133">
				 <ele>21.2</ele>
			 </trkpt>
			 <trkpt lat="32.07932" lon="34.78132">
				 <ele>20.6</ele>
			 </trkpt>
			 <trkpt lat="32.07951" lon="34.78131">
				 <ele>20.1</ele>
			 </trkpt>
			 <trkpt lat="32.0796" lon="34.78135">
				 <ele>19.6</ele>
			 </trkpt>
			 <trkpt lat="32.08032" lon="34.78137">
				 <ele>19.1</ele>
			 </trkpt>
			 <trkpt lat="32.08043" lon="34.78137">
				 <ele>18.6</ele>
			 </trkpt>
			 <trkpt lat="32.08123" lon="34.78141">
				 <ele>18.1</ele>
			 </trkpt>
			 <trkpt lat="32.0814" lon="34.7814">
				 <ele>17.7</ele>
			 </trkpt>
			 <trkpt lat="32.08154" lon="34.78138">
				 <ele>17.5</ele>
			 </trkpt>
			 <trkpt lat="32.08172" lon="34.7814">
				 <ele>17.5</ele>
			 </trkpt>
			 <trkpt lat="32.08223" lon="34.78139">
				 <ele>17.6</ele>
			 </trkpt>
			 <trkpt lat="32.08308" lon="34.78144">
				 <ele>17.9</ele>
			 </trkpt>
			 <trkpt lat="32.08322" lon="34.78144">
				 <ele>18</ele>
			 </trkpt>
			 <trkpt lat="32.0833" lon="34.78146">
				 <ele>18.1</ele>
			 </trkpt>
			 <trkpt lat="32.08401" lon="34.78158">
				 <ele>18.2</ele>
			 </trkpt>
			 <trkpt lat="32.08446" lon="34.78169">
				 <ele>18.5</ele>
			 </trkpt>
			 <trkpt lat="32.08479" lon="34.78177">
				 <ele>18.7</ele>
			 </trkpt>
			 <trkpt lat="32.08496" lon="34.78182">
				 <ele>19</ele>
			 </trkpt>
			 <trkpt lat="32.0851" lon="34.78185">
				 <ele>19.4</ele>
			 </trkpt>
			 <trkpt lat="32.0852" lon="34.78187">
				 <ele>19.8</ele>
			 </trkpt>
			 <trkpt lat="32.08532" lon="34.7819">
				 <ele>20.2</ele>
			 </trkpt>
			 <trkpt lat="32.08535" lon="34.78191">
				 <ele>20.5</ele>
			 </trkpt>
			 <trkpt lat="32.08547" lon="34.78193">
				 <ele>20.9</ele>
			 </trkpt>
			 <trkpt lat="32.08559" lon="34.78195">
				 <ele>21.1</ele>
			 </trkpt>
			 <trkpt lat="32.086" lon="34.78202">
				 <ele>21.2</ele>
			 </trkpt>
			 <trkpt lat="32.08631" lon="34.78207">
				 <ele>21</ele>
			 </trkpt>
			 <trkpt lat="32.08634" lon="34.78207">
				 <ele>20.7</ele>
			 </trkpt>
			 <trkpt lat="32.08641" lon="34.78208">
				 <ele>20.5</ele>
			 </trkpt>
			 <trkpt lat="32.08702" lon="34.78219">
				 <ele>20.2</ele>
			 </trkpt>
			 <trkpt lat="32.0872" lon="34.78222">
				 <ele>19.8</ele>
			 </trkpt>
			 <trkpt lat="32.08789" lon="34.78235">
				 <ele>19.4</ele>
			 </trkpt>
			 <trkpt lat="32.08801" lon="34.78236">
				 <ele>18.9</ele>
			 </trkpt>
			 <trkpt lat="32.08809" lon="34.78238">
				 <ele>18.5</ele>
			 </trkpt>
			 <trkpt lat="32.08816" lon="34.78239">
				 <ele>17.9</ele>
			 </trkpt>
			 <trkpt lat="32.0883" lon="34.78242">
				 <ele>17.4</ele>
			 </trkpt>
			 <trkpt lat="32.08936" lon="34.78263">
				 <ele>16.9</ele>
			 </trkpt>
			 <trkpt lat="32.08951" lon="34.78266">
				 <ele>16.6</ele>
			 </trkpt>
			 <trkpt lat="32.08956" lon="34.78267">
				 <ele>16.4</ele>
			 </trkpt>
			 <trkpt lat="32.09006" lon="34.78275">
				 <ele>16.1</ele>
			 </trkpt>
			 <trkpt lat="32.09069" lon="34.78285">
				 <ele>15.7</ele>
			 </trkpt>
			 <trkpt lat="32.09073" lon="34.78285">
				 <ele>15.3</ele>
			 </trkpt>
			 <trkpt lat="32.09099" lon="34.7829">
				 <ele>14.7</ele>
			 </trkpt>
			 <trkpt lat="32.09164" lon="34.78303">
				 <ele>14.2</ele>
			 </trkpt>
			 <trkpt lat="32.09167" lon="34.78304">
				 <ele>13.7</ele>
			 </trkpt>
			 <trkpt lat="32.09283" lon="34.78328">
				 <ele>13.2</ele>
			 </trkpt>
			 <trkpt lat="32.09384" lon="34.78349">
				 <ele>12.8</ele>
			 </trkpt>
			 <trkpt lat="32.09397" lon="34.78352">
				 <ele>12.5</ele>
			 </trkpt>
			 <trkpt lat="32.09406" lon="34.78354">
				 <ele>12.1</ele>
			 </trkpt>
			 <trkpt lat="32.09413" lon="34.78355">
				 <ele>11.4</ele>
			 </trkpt>
			 <trkpt lat="32.09526" lon="34.78375">
				 <ele>10.6</ele>
			 </trkpt>
			 <trkpt lat="32.09544" lon="34.78378">
				 <ele>10.1</ele>
			 </trkpt>
			 <trkpt lat="32.09552" lon="34.78379">
				 <ele>9.6</ele>
			 </trkpt>
			 <trkpt lat="32.0957" lon="34.78379">
				 <ele>9.2</ele>
			 </trkpt>
			 <trkpt lat="32.0972" lon="34.78371">
				 <ele>8.7</ele>
			 </trkpt>
			 <trkpt lat="32.0973" lon="34.7837">
				 <ele>8.2</ele>
			 </trkpt>
			 <trkpt lat="32.09799" lon="34.78363">
				 <ele>7.8</ele>
			 </trkpt>
			 <trkpt lat="32.09805" lon="34.78362">
				 <ele>7.5</ele>
			 </trkpt>
			 <trkpt lat="32.09813" lon="34.7836">
				 <ele>7.1</ele>
			 </trkpt>
			 <trkpt lat="32.09831" lon="34.78361">
				 <ele>6.8</ele>
			 </trkpt>
			 <trkpt lat="32.09838" lon="34.78363">
				 <ele>7</ele>
			 </trkpt>
			 <trkpt lat="32.09843" lon="34.78366">
				 <ele>7.3</ele>
			 </trkpt>
			 <trkpt lat="32.09847" lon="34.7837">
				 <ele>7.5</ele>
			 </trkpt>
			 <trkpt lat="32.09851" lon="34.78374">
				 <ele>7.7</ele>
			 </trkpt>
			 <trkpt lat="32.09856" lon="34.78383">
				 <ele>8</ele>
			 </trkpt>
			 <trkpt lat="32.0986" lon="34.78392">
				 <ele>8.3</ele>
			 </trkpt>
			 <trkpt lat="32.09862" lon="34.78442">
				 <ele>8.5</ele>
			 </trkpt>
			 <trkpt lat="32.09863" lon="34.78457">
				 <ele>8.8</ele>
			 </trkpt>
			 <trkpt lat="32.09857" lon="34.7847">
				 <ele>9.1</ele>
			 </trkpt>
			 <trkpt lat="32.0985" lon="34.78483">
				 <ele>9.3</ele>
			 </trkpt>
			 <trkpt lat="32.09847" lon="34.78491">
				 <ele>9.4</ele>
			 </trkpt>
			 <trkpt lat="32.09845" lon="34.78495">
				 <ele>9.2</ele>
			 </trkpt>
			 <trkpt lat="32.09841" lon="34.7852">
				 <ele>8.8</ele>
			 </trkpt>
			 <trkpt lat="32.09838" lon="34.78526">
				 <ele>8.5</ele>
			 </trkpt>
			 <trkpt lat="32.09842" lon="34.78609">
				 <ele>7.9</ele>
			 </trkpt>
			 <trkpt lat="32.09843" lon="34.78627">
				 <ele>7.4</ele>
			 </trkpt>
			 <trkpt lat="32.09848" lon="34.78707">
				 <ele>6.8</ele>
			 </trkpt>
			 <trkpt lat="32.09855" lon="34.78788">
				 <ele>6.3</ele>
			 </trkpt>
			 <trkpt lat="32.09856" lon="34.78816">
				 <ele>5.7</ele>
			 </trkpt>
			 <trkpt lat="32.09861" lon="34.789">
				 <ele>5.2</ele>
			 </trkpt>
			 <trkpt lat="32.09864" lon="34.78939">
				 <ele>4.9</ele>
			 </trkpt>
			 <trkpt lat="32.09872" lon="34.78982">
				 <ele>4.7</ele>
			 </trkpt>
			 <trkpt lat="32.09879" lon="34.79015">
				 <ele>4.7</ele>
			 </trkpt>
			 <trkpt lat="32.09891" lon="34.79077">
				 <ele>4.9</ele>
			 </trkpt>
			 <trkpt lat="32.09891" lon="34.79081">
				 <ele>5.1</ele>
			 </trkpt>
			 <trkpt lat="32.09906" lon="34.79165">
				 <ele>5.4</ele>
			 </trkpt>
			 <trkpt lat="32.09913" lon="34.79175">
				 <ele>5.6</ele>
			 </trkpt>
			 <trkpt lat="32.09922" lon="34.79182">
				 <ele>5.9</ele>
			 </trkpt>
			 <trkpt lat="32.09934" lon="34.79189">
				 <ele>6.2</ele>
			 </trkpt>
			 <trkpt lat="32.09949" lon="34.7926">
				 <ele>6.5</ele>
			 </trkpt>
			 <trkpt lat="32.09956" lon="34.79292">
				 <ele>6.7</ele>
			 </trkpt>
			 <trkpt lat="32.09958" lon="34.79299">
				 <ele>6.8</ele>
			 </trkpt>
			 <trkpt lat="32.09958" lon="34.79303">
				 <ele>6.8</ele>
			 </trkpt>
			 <trkpt lat="32.09957" lon="34.79308">
				 <ele>6.8</ele>
			 </trkpt>
			 <trkpt lat="32.09955" lon="34.79313">
				 <ele>6.6</ele>
			 </trkpt>
			 <trkpt lat="32.09953" lon="34.79318">
				 <ele>6.4</ele>
			 </trkpt>
			 <trkpt lat="32.09942" lon="34.79328">
				 <ele>6.1</ele>
			 </trkpt>
			 <trkpt lat="32.09926" lon="34.79333">
				 <ele>5.8</ele>
			 </trkpt>
			 <trkpt lat="32.09898" lon="34.79338">
				 <ele>5.5</ele>
			 </trkpt>
			 <trkpt lat="32.09865" lon="34.79342">
				 <ele>5.3</ele>
			 </trkpt>
			 <trkpt lat="32.09848" lon="34.79343">
				 <ele>5</ele>
			 </trkpt>
			 <trkpt lat="32.09812" lon="34.79346">
				 <ele>4.7</ele>
			 </trkpt>
			 <trkpt lat="32.09802" lon="34.79347">
				 <ele>4.5</ele>
			 </trkpt>
			 <trkpt lat="32.09799" lon="34.79368">
				 <ele>4.3</ele>
			 </trkpt>
			 <trkpt lat="32.09805" lon="34.7939">
				 <ele>4.1</ele>
			 </trkpt>
			 <trkpt lat="32.09806" lon="34.79395">
				 <ele>4</ele>
			 </trkpt>
			 <trkpt lat="32.09803" lon="34.79398">
				 <ele>4</ele>
			 </trkpt>
			 <trkpt lat="32.09804" lon="34.79402">
				 <ele>4.1</ele>
			 </trkpt>
			 <trkpt lat="32.09807" lon="34.79411">
				 <ele>4.2</ele>
			 </trkpt>
			 <trkpt lat="32.0981" lon="34.79419">
				 <ele>4.3</ele>
			 </trkpt>
			 <trkpt lat="32.09814" lon="34.79427">
				 <ele>4.5</ele>
			 </trkpt>
			 <trkpt lat="32.09818" lon="34.79442">
				 <ele>4.6</ele>
			 </trkpt>
			 <trkpt lat="32.09822" lon="34.79455">
				 <ele>4.8</ele>
			 </trkpt>
			 <trkpt lat="32.09826" lon="34.79473">
				 <ele>5</ele>
			 </trkpt>
			 <trkpt lat="32.09828" lon="34.79478">
				 <ele>5.2</ele>
			 </trkpt>
			 <trkpt lat="32.09832" lon="34.79492">
				 <ele>5.4</ele>
			 </trkpt>
			 <trkpt lat="32.09836" lon="34.79502">
				 <ele>5.5</ele>
			 </trkpt>
			 <trkpt lat="32.09844" lon="34.79516">
				 <ele>5.7</ele>
			 </trkpt>
			 <trkpt lat="32.09851" lon="34.7953">
				 <ele>5.8</ele>
			 </trkpt>
			 <trkpt lat="32.09855" lon="34.79539">
				 <ele>5.9</ele>
			 </trkpt>
			 <trkpt lat="32.09858" lon="34.79549">
				 <ele>6</ele>
			 </trkpt>
			 <trkpt lat="32.09861" lon="34.7956">
				 <ele>6</ele>
			 </trkpt>
			 <trkpt lat="32.09862" lon="34.79572">
				 <ele>6</ele>
			 </trkpt>
			 <trkpt lat="32.09864" lon="34.79583">
				 <ele>6</ele>
			 </trkpt>
			 <trkpt lat="32.09867" lon="34.79595">
				 <ele>6</ele>
			 </trkpt>
			 <trkpt lat="32.09872" lon="34.79613">
				 <ele>6</ele>
			 </trkpt>
			 <trkpt lat="32.09877" lon="34.79626">
				 <ele>6.1</ele>
			 </trkpt>
			 <trkpt lat="32.09878" lon="34.79629">
				 <ele>6.2</ele>
			 </trkpt>
			 <trkpt lat="32.09883" lon="34.7964">
				 <ele>6.4</ele>
			 </trkpt>
			 <trkpt lat="32.09888" lon="34.79652">
				 <ele>6.5</ele>
			 </trkpt>
			 <trkpt lat="32.09892" lon="34.79659">
				 <ele>6.8</ele>
			 </trkpt>
			 <trkpt lat="32.09897" lon="34.79675">
				 <ele>7.1</ele>
			 </trkpt>
			 <trkpt lat="32.09901" lon="34.79696">
				 <ele>7.4</ele>
			 </trkpt>
			 <trkpt lat="32.09908" lon="34.79722">
				 <ele>7.6</ele>
			 </trkpt>
			 <trkpt lat="32.09915" lon="34.79738">
				 <ele>7.9</ele>
			 </trkpt>
			 <trkpt lat="32.09932" lon="34.79778">
				 <ele>8.2</ele>
			 </trkpt>
			 <trkpt lat="32.09942" lon="34.798">
				 <ele>8.5</ele>
			 </trkpt>
			 <trkpt lat="32.09947" lon="34.79808">
				 <ele>8.5</ele>
			 </trkpt>
			 <trkpt lat="32.09951" lon="34.79815">
				 <ele>8.6</ele>
			 </trkpt>
			 <trkpt lat="32.09961" lon="34.79825">
				 <ele>8.6</ele>
			 </trkpt>
			 <trkpt lat="32.0997" lon="34.79832">
				 <ele>8.6</ele>
			 </trkpt>
			 <trkpt lat="32.09977" lon="34.79838">
				 <ele>8.5</ele>
			 </trkpt>
			 <trkpt lat="32.09985" lon="34.7987">
				 <ele>8.3</ele>
			 </trkpt>
			 <trkpt lat="32.09992" lon="34.79888">
				 <ele>8.1</ele>
			 </trkpt>
			 <trkpt lat="32.09999" lon="34.79896">
				 <ele>7.9</ele>
			 </trkpt>
			 <trkpt lat="32.10002" lon="34.79899">
				 <ele>7.7</ele>
			 </trkpt>
			 <trkpt lat="32.10007" lon="34.79901">
				 <ele>7.5</ele>
			 </trkpt>
			 <trkpt lat="32.10014" lon="34.79904">
				 <ele>7.4</ele>
			 </trkpt>
			 <trkpt lat="32.10018" lon="34.79906">
				 <ele>7.3</ele>
			 </trkpt>
			 <trkpt lat="32.10021" lon="34.79909">
				 <ele>7.2</ele>
			 </trkpt>
			 <trkpt lat="32.10025" lon="34.79913">
				 <ele>7.1</ele>
			 </trkpt>
			 <trkpt lat="32.10029" lon="34.79919">
				 <ele>7</ele>
			 </trkpt>
			 <trkpt lat="32.10034" lon="34.79926">
				 <ele>7</ele>
			 </trkpt>
			 <trkpt lat="32.10036" lon="34.79931">
				 <ele>7</ele>
			 </trkpt>
			 <trkpt lat="32.10038" lon="34.79936">
				 <ele>7</ele>
			 </trkpt>
			 <trkpt lat="32.10039" lon="34.7994">
				 <ele>7.1</ele>
			 </trkpt>
			 <trkpt lat="32.1004" lon="34.79953">
				 <ele>7.2</ele>
			 </trkpt>
			 <trkpt lat="32.10041" lon="34.79975">
				 <ele>7.3</ele>
			 </trkpt>
			 <trkpt lat="32.10041" lon="34.79981">
				 <ele>7.4</ele>
			 </trkpt>
			 <trkpt lat="32.10042" lon="34.79986">
				 <ele>7.5</ele>
			 </trkpt>
			 <trkpt lat="32.10043" lon="34.79994">
				 <ele>7.5</ele>
			 </trkpt>
			 <trkpt lat="32.1005" lon="34.80024">
				 <ele>7.6</ele>
			 </trkpt>
			 <trkpt lat="32.1005" lon="34.80029">
				 <ele>7.7</ele>
			 </trkpt>
			 <trkpt lat="32.1005" lon="34.8004">
				 <ele>7.8</ele>
			 </trkpt>
			 <trkpt lat="32.10049" lon="34.80052">
				 <ele>8</ele>
			 </trkpt>
			 <trkpt lat="32.10049" lon="34.80061">
				 <ele>8.2</ele>
			 </trkpt>
			 <trkpt lat="32.10049" lon="34.80066">
				 <ele>8.3</ele>
			 </trkpt>
			 <trkpt lat="32.10047" lon="34.80075">
				 <ele>8.4</ele>
			 </trkpt>
			 <trkpt lat="32.10038" lon="34.80107">
				 <ele>8.5</ele>
			 </trkpt>
			 <trkpt lat="32.10022" lon="34.80155">
				 <ele>8.6</ele>
			 </trkpt>
			 <trkpt lat="32.10021" lon="34.80158">
				 <ele>8.8</ele>
			 </trkpt>
			 <trkpt lat="32.10014" lon="34.80196">
				 <ele>9</ele>
			 </trkpt>
			 <trkpt lat="32.10013" lon="34.80205">
				 <ele>9.2</ele>
			 </trkpt>
			 <trkpt lat="32.10012" lon="34.80225">
				 <ele>9.4</ele>
			 </trkpt>
			 <trkpt lat="32.10008" lon="34.80337">
				 <ele>9.6</ele>
			 </trkpt>
			 <trkpt lat="32.10009" lon="34.80358">
				 <ele>9.8</ele>
			 </trkpt>
			 <trkpt lat="32.10011" lon="34.80421">
				 <ele>10</ele>
			 </trkpt>
			 <trkpt lat="32.10011" lon="34.80472">
				 <ele>10.2</ele>
			 </trkpt>
			 <trkpt lat="32.10011" lon="34.80503">
				 <ele>10.4</ele>
			 </trkpt>
			 <trkpt lat="32.10012" lon="34.80535">
				 <ele>10.5</ele>
			 </trkpt>
			 <trkpt lat="32.10012" lon="34.8054">
				 <ele>10.6</ele>
			 </trkpt>
			 <trkpt lat="32.10008" lon="34.80567">
				 <ele>10.7</ele>
			 </trkpt>
			 <trkpt lat="32.10008" lon="34.80578">
				 <ele>10.8</ele>
			 </trkpt>
			 <trkpt lat="32.10007" lon="34.8059">
				 <ele>10.9</ele>
			 </trkpt>
			 <trkpt lat="32.09998" lon="34.8062">
				 <ele>11</ele>
			 </trkpt>
			 <trkpt lat="32.09987" lon="34.80657">
				 <ele>11</ele>
			 </trkpt>
			 <trkpt lat="32.09989" lon="34.80664">
				 <ele>11</ele>
			 </trkpt>
			 <trkpt lat="32.10001" lon="34.80695">
				 <ele>11</ele>
			 </trkpt>
			 <trkpt lat="32.10019" lon="34.80726">
				 <ele>11</ele>
			 </trkpt>
			 <trkpt lat="32.10044" lon="34.80744">
				 <ele>11</ele>
			 </trkpt>
			 <trkpt lat="32.10046" lon="34.80747">
				 <ele>11</ele>
			 </trkpt>
			 <trkpt lat="32.10053" lon="34.80767">
				 <ele>10.9</ele>
			 </trkpt>
			 <trkpt lat="32.10056" lon="34.8078">
				 <ele>10.8</ele>
			 </trkpt>
			 <trkpt lat="32.10055" lon="34.80787">
				 <ele>10.7</ele>
			 </trkpt>
			 <trkpt lat="32.10054" lon="34.80832">
				 <ele>10.5</ele>
			 </trkpt>
			 <trkpt lat="32.10042" lon="34.80836">
				 <ele>10.4</ele>
			 </trkpt>
			 <trkpt lat="32.10033" lon="34.80843">
				 <ele>10.1</ele>
			 </trkpt>
			 <trkpt lat="32.10031" lon="34.80849">
				 <ele>9.8</ele>
			 </trkpt>
			 <trkpt lat="32.10026" lon="34.80853">
				 <ele>9.5</ele>
			 </trkpt>
			 <trkpt lat="32.10021" lon="34.80867">
				 <ele>9.4</ele>
			 </trkpt>
			 <trkpt lat="32.10022" lon="34.80877">
				 <ele>9.3</ele>
			 </trkpt>
			 <trkpt lat="32.10023" lon="34.8089">
				 <ele>9.2</ele>
			 </trkpt>
			 <trkpt lat="32.10036" lon="34.80911">
				 <ele>9.3</ele>
			 </trkpt>
			 <trkpt lat="32.1005" lon="34.80927">
				 <ele>9.3</ele>
			 </trkpt>
			 <trkpt lat="32.10067" lon="34.80947">
				 <ele>9.3</ele>
			 </trkpt>
			 <trkpt lat="32.10077" lon="34.80971">
				 <ele>9.4</ele>
			 </trkpt>
			 <trkpt lat="32.10086" lon="34.80993">
				 <ele>9.6</ele>
			 </trkpt>
			 <trkpt lat="32.1009" lon="34.81002">
				 <ele>9.9</ele>
			 </trkpt>
			 <trkpt lat="32.10078" lon="34.8105">
				 <ele>10.2</ele>
			 </trkpt>
			 <trkpt lat="32.10068" lon="34.81066">
				 <ele>10.5</ele>
			 </trkpt>
			 <trkpt lat="32.10064" lon="34.81083">
				 <ele>10.6</ele>
			 </trkpt>
			 <trkpt lat="32.10077" lon="34.81142">
				 <ele>10.7</ele>
			 </trkpt>
			 <trkpt lat="32.10062" lon="34.8121">
				 <ele>10.8</ele>
			 </trkpt>
			 <trkpt lat="32.10061" lon="34.81226">
				 <ele>10.8</ele>
			 </trkpt>
			 <trkpt lat="32.10066" lon="34.81244">
				 <ele>10.8</ele>
			 </trkpt>
			 <trkpt lat="32.10086" lon="34.81287">
				 <ele>10.8</ele>
			 </trkpt>
			 <trkpt lat="32.10095" lon="34.81311">
				 <ele>10.7</ele>
			 </trkpt>
			 <trkpt lat="32.10102" lon="34.81323">
				 <ele>10.5</ele>
			 </trkpt>
			 <trkpt lat="32.10105" lon="34.81329">
				 <ele>10.3</ele>
			 </trkpt>
			 <trkpt lat="32.10148" lon="34.81376">
				 <ele>10.1</ele>
			 </trkpt>
			 <trkpt lat="32.10161" lon="34.81388">
				 <ele>9.9</ele>
			 </trkpt>
			 <trkpt lat="32.10153" lon="34.81399">
				 <ele>9.7</ele>
			 </trkpt>
			 <trkpt lat="32.10119" lon="34.81427">
				 <ele>9.5</ele>
			 </trkpt>
			 <trkpt lat="32.10099" lon="34.81443">
				 <ele>9.4</ele>
			 </trkpt>
			 <trkpt lat="32.10058" lon="34.81486">
				 <ele>9.2</ele>
			 </trkpt>
			 <trkpt lat="32.10052" lon="34.81492">
				 <ele>9</ele>
			 </trkpt>
			 <trkpt lat="32.10038" lon="34.81522">
				 <ele>8.7</ele>
			 </trkpt>
			 <trkpt lat="32.10036" lon="34.81528">
				 <ele>8.5</ele>
			 </trkpt>
			 <trkpt lat="32.10033" lon="34.81542">
				 <ele>8.4</ele>
			 </trkpt>
			 <trkpt lat="32.10029" lon="34.81573">
				 <ele>8.5</ele>
			 </trkpt>
			 <trkpt lat="32.10028" lon="34.81596">
				 <ele>8.5</ele>
			 </trkpt>
			 <trkpt lat="32.10033" lon="34.81697">
				 <ele>8.6</ele>
			 </trkpt>
			 <trkpt lat="32.10041" lon="34.81746">
				 <ele>8.7</ele>
			 </trkpt>
			 <trkpt lat="32.10054" lon="34.81786">
				 <ele>8.8</ele>
			 </trkpt>
			 <trkpt lat="32.10079" lon="34.81851">
				 <ele>9</ele>
			 </trkpt>
			 <trkpt lat="32.10082" lon="34.81859">
				 <ele>9.2</ele>
			 </trkpt>
			 <trkpt lat="32.10085" lon="34.81864">
				 <ele>9.5</ele>
			 </trkpt>
			 <trkpt lat="32.10089" lon="34.81866">
				 <ele>9.7</ele>
			 </trkpt>
			 <trkpt lat="32.10094" lon="34.81867">
				 <ele>10</ele>
			 </trkpt>
			 <trkpt lat="32.10143" lon="34.81867">
				 <ele>10.3</ele>
			 </trkpt>
			 <trkpt lat="32.10149" lon="34.8187">
				 <ele>10.3</ele>
			 </trkpt>
			 <trkpt lat="32.10154" lon="34.81881">
				 <ele>10.2</ele>
			 </trkpt>
			 <trkpt lat="32.10155" lon="34.81896">
				 <ele>10</ele>
			 </trkpt>
			 <trkpt lat="32.10158" lon="34.81907">
				 <ele>9.8</ele>
			 </trkpt>
			 <trkpt lat="32.10161" lon="34.81913">
				 <ele>9.7</ele>
			 </trkpt>
			 <trkpt lat="32.10168" lon="34.81917">
				 <ele>9.5</ele>
			 </trkpt>
			 <trkpt lat="32.10239" lon="34.81943">
				 <ele>9.3</ele>
			 </trkpt>
			 <trkpt lat="32.10248" lon="34.81949">
				 <ele>8.8</ele>
			 </trkpt>
			 <trkpt lat="32.10258" lon="34.81938">
				 <ele>8.5</ele>
			 </trkpt>
			 <trkpt lat="32.10273" lon="34.81922">
				 <ele>8.3</ele>
			 </trkpt>
			 <trkpt lat="32.10276" lon="34.81918">
				 <ele>8.2</ele>
			 </trkpt>
			 <trkpt lat="32.10308" lon="34.81875">
				 <ele>8.1</ele>
			 </trkpt>
			 <trkpt lat="32.10342" lon="34.81814">
				 <ele>8</ele>
			 </trkpt>
			 <trkpt lat="32.10356" lon="34.81777">
				 <ele>7.9</ele>
			 </trkpt>
			 <trkpt lat="32.10372" lon="34.81713">
				 <ele>7.9</ele>
			 </trkpt>
			 <trkpt lat="32.10377" lon="34.81672">
				 <ele>8</ele>
			 </trkpt>
			 <trkpt lat="32.10377" lon="34.81668">
				 <ele>8.1</ele>
			 </trkpt>
			 <trkpt lat="32.10377" lon="34.81649">
				 <ele>8.4</ele>
			 </trkpt>
			 <trkpt lat="32.10378" lon="34.81597">
				 <ele>8.8</ele>
			 </trkpt>
			 <trkpt lat="32.10375" lon="34.81558">
				 <ele>9.4</ele>
			 </trkpt>
			 <trkpt lat="32.10362" lon="34.81495">
				 <ele>9.7</ele>
			 </trkpt>
			 <trkpt lat="32.10359" lon="34.81492">
				 <ele>10</ele>
			 </trkpt>
			 <trkpt lat="32.10368" lon="34.8148">
				 <ele>10.1</ele>
			 </trkpt>
			 <trkpt lat="32.10371" lon="34.81475">
				 <ele>10.3</ele>
			 </trkpt>
			 <trkpt lat="32.10338" lon="34.81436">
				 <ele>10.8</ele>
			 </trkpt>
			 <trkpt lat="32.10322" lon="34.81414">
				 <ele>11.1</ele>
			 </trkpt>
			 <trkpt lat="32.10301" lon="34.81379">
				 <ele>11.3</ele>
			 </trkpt>
		 </trkseg>
	 </trk>
</gpx>