<?xml version="1.0" encoding="UTF-8"?>
 <gpx creator="Garmin Connect" version="1.1"
	 xsi:schemaLocation="http://www.topografix.com/GPX/1/1 http://www.topografix.com/GPX/11.xsd"
	 xmlns:ns3="http://www.garmin.com/xmlschemas/TrackPointExtension/v1"
	 xmlns="http://www.topografix.com/GPX/1/1"
	 xmlns:xsi="http://www.w3.org/2001/XMLSchema-instance" xmlns:ns2="http://www.garmin.com/xmlschemas/GpxExtensions/v3">
	 <metadata>
		<name>Thimphu Marathon - 42.195 km</name>
		 <link href="https://www.goandrace.com">
		 <text>Garmin Connect</text>
		 </link>
	 <time>2026-08-09T18:06:22</time>
	 </metadata>
	 <trk>
		 <name>Thimphu Marathon - 42.195 km</name>
		 <trkseg>
			 <trkpt lat="27.444336" lon="89.64466">
				 <ele>2650.2</ele>
			 </trkpt>
			 <trkpt lat="27.444667" lon="89.644232">
				 <ele>2649.6</ele>
			 </trkpt>
			 <trkpt lat="27.444969" lon="89.643863">
				 <ele>2648.9</ele>
			 </trkpt>
			 <trkpt lat="27.445041" lon="89.643803">
				 <ele>2648.1</ele>
			 </trkpt>
			 <trkpt lat="27.445076" lon="89.643777">
				 <ele>2647.3</ele>
			 </trkpt>
			 <trkpt lat="27.445135" lon="89.643774">
				 <ele>2646.4</ele>
			 </trkpt>
			 <trkpt lat="27.445173" lon="89.643801">
				 <ele>2644.6</ele>
			 </trkpt>
			 <trkpt lat="27.44518" lon="89.643867">
				 <ele>2643.3</ele>
			 </trkpt>
			 <trkpt lat="27.445164" lon="89.643926">
				 <ele>2641.5</ele>
			 </trkpt>
			 <trkpt lat="27.445132" lon="89.644023">
				 <ele>2639.7</ele>
			 </trkpt>
			 <trkpt lat="27.444951" lon="89.644487">
				 <ele>2637.7</ele>
			 </trkpt>
			 <trkpt lat="27.444849" lon="89.644767">
				 <ele>2635.7</ele>
			 </trkpt>
			 <trkpt lat="27.44477" lon="89.645038">
				 <ele>2634.1</ele>
			 </trkpt>
			 <trkpt lat="27.444771" lon="89.645322">
				 <ele>2632.5</ele>
			 </trkpt>
			 <trkpt lat="27.444788" lon="89.645502">
				 <ele>2631.1</ele>
			 </trkpt>
			 <trkpt lat="27.444783" lon="89.645657">
				 <ele>2629.5</ele>
			 </trkpt>
			 <trkpt lat="27.444749" lon="89.645862">
				 <ele>2626.7</ele>
			 </trkpt>
			 <trkpt lat="27.444659" lon="89.646155">
				 <ele>2624</ele>
			 </trkpt>
			 <trkpt lat="27.444648" lon="89.646251">
				 <ele>2621.4</ele>
			 </trkpt>
			 <trkpt lat="27.44466" lon="89.64633">
				 <ele>2619.2</ele>
			 </trkpt>
			 <trkpt lat="27.444713" lon="89.646486">
				 <ele>2617.3</ele>
			 </trkpt>
			 <trkpt lat="27.445115" lon="89.647259">
				 <ele>2615.5</ele>
			 </trkpt>
			 <trkpt lat="27.445125" lon="89.647369">
				 <ele>2613.5</ele>
			 </trkpt>
			 <trkpt lat="27.445108" lon="89.647458">
				 <ele>2611.4</ele>
			 </trkpt>
			 <trkpt lat="27.445063" lon="89.647554">
				 <ele>2609.2</ele>
			 </trkpt>
			 <trkpt lat="27.444833" lon="89.647761">
				 <ele>2607</ele>
			 </trkpt>
			 <trkpt lat="27.444696" lon="89.647865">
				 <ele>2605</ele>
			 </trkpt>
			 <trkpt lat="27.44443" lon="89.648086">
				 <ele>2604.4</ele>
			 </trkpt>
			 <trkpt lat="27.444403" lon="89.64812">
				 <ele>2603.6</ele>
			 </trkpt>
			 <trkpt lat="27.444377" lon="89.648174">
				 <ele>2602.8</ele>
			 </trkpt>
			 <trkpt lat="27.444378" lon="89.648223">
				 <ele>2601.8</ele>
			 </trkpt>
			 <trkpt lat="27.444392" lon="89.648266">
				 <ele>2600.7</ele>
			 </trkpt>
			 <trkpt lat="27.444417" lon="89.648311">
				 <ele>2599.6</ele>
			 </trkpt>
			 <trkpt lat="27.444454" lon="89.648341">
				 <ele>2598.8</ele>
			 </trkpt>
			 <trkpt lat="27.444494" lon="89.64836">
				 <ele>2598.1</ele>
			 </trkpt>
			 <trkpt lat="27.444541" lon="89.648374">
				 <ele>2597.5</ele>
			 </trkpt>
			 <trkpt lat="27.444584" lon="89.648377">
				 <ele>2596.5</ele>
			 </trkpt>
			 <trkpt lat="27.444677" lon="89.648364">
				 <ele>2595.4</ele>
			 </trkpt>
			 <trkpt lat="27.444771" lon="89.648321">
				 <ele>2594.4</ele>
			 </trkpt>
			 <trkpt lat="27.444849" lon="89.648274">
				 <ele>2593.5</ele>
			 </trkpt>
			 <trkpt lat="27.444916" lon="89.648204">
				 <ele>2592.9</ele>
			 </trkpt>
			 <trkpt lat="27.445366" lon="89.64785">
				 <ele>2592.6</ele>
			 </trkpt>
			 <trkpt lat="27.445422" lon="89.647777">
				 <ele>2592.4</ele>
			 </trkpt>
			 <trkpt lat="27.44546" lon="89.64768">
				 <ele>2592.2</ele>
			 </trkpt>
			 <trkpt lat="27.445472" lon="89.647592">
				 <ele>2591.8</ele>
			 </trkpt>
			 <trkpt lat="27.445473" lon="89.64754">
				 <ele>2591.4</ele>
			 </trkpt>
			 <trkpt lat="27.445402" lon="89.646984">
				 <ele>2590.8</ele>
			 </trkpt>
			 <trkpt lat="27.445395" lon="89.646852">
				 <ele>2590.8</ele>
			 </trkpt>
			 <trkpt lat="27.445399" lon="89.646777">
				 <ele>2590.9</ele>
			 </trkpt>
			 <trkpt lat="27.445418" lon="89.646689">
				 <ele>2591</ele>
			 </trkpt>
			 <trkpt lat="27.445475" lon="89.646507">
				 <ele>2590.6</ele>
			 </trkpt>
			 <trkpt lat="27.445545" lon="89.646311">
				 <ele>2589.9</ele>
			 </trkpt>
			 <trkpt lat="27.44563" lon="89.64609">
				 <ele>2588.7</ele>
			 </trkpt>
			 <trkpt lat="27.445737" lon="89.645842">
				 <ele>2587.5</ele>
			 </trkpt>
			 <trkpt lat="27.445862" lon="89.645706">
				 <ele>2586.3</ele>
			 </trkpt>
			 <trkpt lat="27.446085" lon="89.645526">
				 <ele>2585.5</ele>
			 </trkpt>
			 <trkpt lat="27.446326" lon="89.645287">
				 <ele>2584.7</ele>
			 </trkpt>
			 <trkpt lat="27.446461" lon="89.645094">
				 <ele>2584</ele>
			 </trkpt>
			 <trkpt lat="27.446587" lon="89.644937">
				 <ele>2583.2</ele>
			 </trkpt>
			 <trkpt lat="27.446693" lon="89.644678">
				 <ele>2581.5</ele>
			 </trkpt>
			 <trkpt lat="27.446789" lon="89.644461">
				 <ele>2579.8</ele>
			 </trkpt>
			 <trkpt lat="27.446909" lon="89.644286">
				 <ele>2578.8</ele>
			 </trkpt>
			 <trkpt lat="27.447044" lon="89.644182">
				 <ele>2578.1</ele>
			 </trkpt>
			 <trkpt lat="27.447184" lon="89.644145">
				 <ele>2577.3</ele>
			 </trkpt>
			 <trkpt lat="27.447946" lon="89.64409">
				 <ele>2576.4</ele>
			 </trkpt>
			 <trkpt lat="27.44814" lon="89.64404">
				 <ele>2574.8</ele>
			 </trkpt>
			 <trkpt lat="27.44834" lon="89.643944">
				 <ele>2572.4</ele>
			 </trkpt>
			 <trkpt lat="27.448477" lon="89.643937">
				 <ele>2569.5</ele>
			 </trkpt>
			 <trkpt lat="27.448592" lon="89.643969">
				 <ele>2566.5</ele>
			 </trkpt>
			 <trkpt lat="27.448737" lon="89.643996">
				 <ele>2563.7</ele>
			 </trkpt>
			 <trkpt lat="27.448873" lon="89.644078">
				 <ele>2562</ele>
			 </trkpt>
			 <trkpt lat="27.449001" lon="89.644181">
				 <ele>2560.3</ele>
			 </trkpt>
			 <trkpt lat="27.449106" lon="89.64425">
				 <ele>2557.5</ele>
			 </trkpt>
			 <trkpt lat="27.449204" lon="89.644285">
				 <ele>2554.5</ele>
			 </trkpt>
			 <trkpt lat="27.449454" lon="89.644278">
				 <ele>2551.6</ele>
			 </trkpt>
			 <trkpt lat="27.449619" lon="89.644256">
				 <ele>2549</ele>
			 </trkpt>
			 <trkpt lat="27.44988" lon="89.644259">
				 <ele>2546.8</ele>
			 </trkpt>
			 <trkpt lat="27.450282" lon="89.644361">
				 <ele>2545.2</ele>
			 </trkpt>
			 <trkpt lat="27.450401" lon="89.644373">
				 <ele>2543.8</ele>
			 </trkpt>
			 <trkpt lat="27.450523" lon="89.644368">
				 <ele>2542.5</ele>
			 </trkpt>
			 <trkpt lat="27.450706" lon="89.644343">
				 <ele>2541.2</ele>
			 </trkpt>
			 <trkpt lat="27.450904" lon="89.644285">
				 <ele>2539.5</ele>
			 </trkpt>
			 <trkpt lat="27.45107" lon="89.644201">
				 <ele>2537.9</ele>
			 </trkpt>
			 <trkpt lat="27.451177" lon="89.644133">
				 <ele>2537.1</ele>
			 </trkpt>
			 <trkpt lat="27.451285" lon="89.644043">
				 <ele>2536.5</ele>
			 </trkpt>
			 <trkpt lat="27.4514" lon="89.643933">
				 <ele>2536</ele>
			 </trkpt>
			 <trkpt lat="27.451536" lon="89.643779">
				 <ele>2535.5</ele>
			 </trkpt>
			 <trkpt lat="27.451607" lon="89.643686">
				 <ele>2535</ele>
			 </trkpt>
			 <trkpt lat="27.451642" lon="89.643624">
				 <ele>2534.4</ele>
			 </trkpt>
			 <trkpt lat="27.451662" lon="89.643565">
				 <ele>2533.7</ele>
			 </trkpt>
			 <trkpt lat="27.451681" lon="89.643482">
				 <ele>2533.1</ele>
			 </trkpt>
			 <trkpt lat="27.451741" lon="89.643319">
				 <ele>2532.4</ele>
			 </trkpt>
			 <trkpt lat="27.451779" lon="89.643278">
				 <ele>2531.5</ele>
			 </trkpt>
			 <trkpt lat="27.451821" lon="89.643265">
				 <ele>2530.3</ele>
			 </trkpt>
			 <trkpt lat="27.451863" lon="89.643273">
				 <ele>2529</ele>
			 </trkpt>
			 <trkpt lat="27.451896" lon="89.6433">
				 <ele>2527.7</ele>
			 </trkpt>
			 <trkpt lat="27.451948" lon="89.64336">
				 <ele>2526.4</ele>
			 </trkpt>
			 <trkpt lat="27.451998" lon="89.643465">
				 <ele>2525.1</ele>
			 </trkpt>
			 <trkpt lat="27.452025" lon="89.64359">
				 <ele>2524.3</ele>
			 </trkpt>
			 <trkpt lat="27.452027" lon="89.643657">
				 <ele>2523.6</ele>
			 </trkpt>
			 <trkpt lat="27.452015" lon="89.643729">
				 <ele>2522.9</ele>
			 </trkpt>
			 <trkpt lat="27.451976" lon="89.643833">
				 <ele>2522.2</ele>
			 </trkpt>
			 <trkpt lat="27.451919" lon="89.643891">
				 <ele>2521.7</ele>
			 </trkpt>
			 <trkpt lat="27.451673" lon="89.64409">
				 <ele>2521.5</ele>
			 </trkpt>
			 <trkpt lat="27.451434" lon="89.644307">
				 <ele>2521.5</ele>
			 </trkpt>
			 <trkpt lat="27.451209" lon="89.644494">
				 <ele>2522</ele>
			 </trkpt>
			 <trkpt lat="27.450929" lon="89.644666">
				 <ele>2522.5</ele>
			 </trkpt>
			 <trkpt lat="27.450773" lon="89.644723">
				 <ele>2522.9</ele>
			 </trkpt>
			 <trkpt lat="27.45061" lon="89.644748">
				 <ele>2523.2</ele>
			 </trkpt>
			 <trkpt lat="27.450406" lon="89.644745">
				 <ele>2523</ele>
			 </trkpt>
			 <trkpt lat="27.449995" lon="89.644722">
				 <ele>2522.6</ele>
			 </trkpt>
			 <trkpt lat="27.449932" lon="89.644722">
				 <ele>2522.2</ele>
			 </trkpt>
			 <trkpt lat="27.449866" lon="89.644724">
				 <ele>2521.5</ele>
			 </trkpt>
			 <trkpt lat="27.449769" lon="89.644742">
				 <ele>2520.5</ele>
			 </trkpt>
			 <trkpt lat="27.449694" lon="89.644781">
				 <ele>2519.5</ele>
			 </trkpt>
			 <trkpt lat="27.449663" lon="89.644821">
				 <ele>2518.2</ele>
			 </trkpt>
			 <trkpt lat="27.449639" lon="89.644873">
				 <ele>2516.4</ele>
			 </trkpt>
			 <trkpt lat="27.449649" lon="89.644953">
				 <ele>2514.1</ele>
			 </trkpt>
			 <trkpt lat="27.449679" lon="89.644987">
				 <ele>2511.6</ele>
			 </trkpt>
			 <trkpt lat="27.449738" lon="89.645009">
				 <ele>2509.2</ele>
			 </trkpt>
			 <trkpt lat="27.44996" lon="89.645022">
				 <ele>2506.1</ele>
			 </trkpt>
			 <trkpt lat="27.450175" lon="89.645074">
				 <ele>2502.7</ele>
			 </trkpt>
			 <trkpt lat="27.450393" lon="89.645155">
				 <ele>2499</ele>
			 </trkpt>
			 <trkpt lat="27.450571" lon="89.645192">
				 <ele>2494.8</ele>
			 </trkpt>
			 <trkpt lat="27.45078" lon="89.645203">
				 <ele>2490.5</ele>
			 </trkpt>
			 <trkpt lat="27.451624" lon="89.645049">
				 <ele>2486.2</ele>
			 </trkpt>
			 <trkpt lat="27.452092" lon="89.644919">
				 <ele>2482</ele>
			 </trkpt>
			 <trkpt lat="27.452594" lon="89.644832">
				 <ele>2478</ele>
			 </trkpt>
			 <trkpt lat="27.453341" lon="89.644721">
				 <ele>2474.5</ele>
			 </trkpt>
			 <trkpt lat="27.453436" lon="89.644683">
				 <ele>2471.1</ele>
			 </trkpt>
			 <trkpt lat="27.453534" lon="89.644645">
				 <ele>2467.9</ele>
			 </trkpt>
			 <trkpt lat="27.453583" lon="89.644607">
				 <ele>2465.6</ele>
			 </trkpt>
			 <trkpt lat="27.453617" lon="89.644566">
				 <ele>2463.9</ele>
			 </trkpt>
			 <trkpt lat="27.453669" lon="89.644488">
				 <ele>2462.9</ele>
			 </trkpt>
			 <trkpt lat="27.453709" lon="89.644411">
				 <ele>2462.8</ele>
			 </trkpt>
			 <trkpt lat="27.453726" lon="89.64433">
				 <ele>2463.2</ele>
			 </trkpt>
			 <trkpt lat="27.453741" lon="89.644213">
				 <ele>2463.5</ele>
			 </trkpt>
			 <trkpt lat="27.453736" lon="89.644022">
				 <ele>2463.3</ele>
			 </trkpt>
			 <trkpt lat="27.453716" lon="89.643785">
				 <ele>2463.6</ele>
			 </trkpt>
			 <trkpt lat="27.45369" lon="89.643548">
				 <ele>2464.1</ele>
			 </trkpt>
			 <trkpt lat="27.453651" lon="89.64335">
				 <ele>2464.5</ele>
			 </trkpt>
			 <trkpt lat="27.453594" lon="89.643144">
				 <ele>2464.5</ele>
			 </trkpt>
			 <trkpt lat="27.45337" lon="89.642503">
				 <ele>2464.5</ele>
			 </trkpt>
			 <trkpt lat="27.453116" lon="89.641892">
				 <ele>2464.1</ele>
			 </trkpt>
			 <trkpt lat="27.453074" lon="89.64176">
				 <ele>2463.6</ele>
			 </trkpt>
			 <trkpt lat="27.45307" lon="89.641662">
				 <ele>2463</ele>
			 </trkpt>
			 <trkpt lat="27.453187" lon="89.641392">
				 <ele>2462.2</ele>
			 </trkpt>
			 <trkpt lat="27.453304" lon="89.641194">
				 <ele>2461.3</ele>
			 </trkpt>
			 <trkpt lat="27.453436" lon="89.641021">
				 <ele>2460.3</ele>
			 </trkpt>
			 <trkpt lat="27.45347" lon="89.640976">
				 <ele>2458.7</ele>
			 </trkpt>
			 <trkpt lat="27.453602" lon="89.640831">
				 <ele>2457.1</ele>
			 </trkpt>
			 <trkpt lat="27.453653" lon="89.640801">
				 <ele>2455.7</ele>
			 </trkpt>
			 <trkpt lat="27.453807" lon="89.640763">
				 <ele>2455</ele>
			 </trkpt>
			 <trkpt lat="27.454142" lon="89.640719">
				 <ele>2454.9</ele>
			 </trkpt>
			 <trkpt lat="27.454198" lon="89.640693">
				 <ele>2455</ele>
			 </trkpt>
			 <trkpt lat="27.454252" lon="89.640627">
				 <ele>2455.3</ele>
			 </trkpt>
			 <trkpt lat="27.454284" lon="89.64051">
				 <ele>2455.6</ele>
			 </trkpt>
			 <trkpt lat="27.454333" lon="89.640286">
				 <ele>2456.1</ele>
			 </trkpt>
			 <trkpt lat="27.454369" lon="89.64015">
				 <ele>2456.7</ele>
			 </trkpt>
			 <trkpt lat="27.4544" lon="89.640037">
				 <ele>2457.8</ele>
			 </trkpt>
			 <trkpt lat="27.454436" lon="89.639954">
				 <ele>2458.5</ele>
			 </trkpt>
			 <trkpt lat="27.454479" lon="89.639908">
				 <ele>2458.6</ele>
			 </trkpt>
			 <trkpt lat="27.454514" lon="89.639892">
				 <ele>2457.3</ele>
			 </trkpt>
			 <trkpt lat="27.454558" lon="89.639889">
				 <ele>2454.9</ele>
			 </trkpt>
			 <trkpt lat="27.45462" lon="89.639896">
				 <ele>2451.9</ele>
			 </trkpt>
			 <trkpt lat="27.4548" lon="89.63997">
				 <ele>2448.8</ele>
			 </trkpt>
			 <trkpt lat="27.454965" lon="89.640082">
				 <ele>2445.5</ele>
			 </trkpt>
			 <trkpt lat="27.455397" lon="89.640404">
				 <ele>2442.4</ele>
			 </trkpt>
			 <trkpt lat="27.455641" lon="89.640569">
				 <ele>2439.2</ele>
			 </trkpt>
			 <trkpt lat="27.455682" lon="89.640589">
				 <ele>2436.1</ele>
			 </trkpt>
			 <trkpt lat="27.455724" lon="89.640596">
				 <ele>2432.9</ele>
			 </trkpt>
			 <trkpt lat="27.455778" lon="89.640591">
				 <ele>2430.3</ele>
			 </trkpt>
			 <trkpt lat="27.455829" lon="89.640571">
				 <ele>2427.9</ele>
			 </trkpt>
			 <trkpt lat="27.455889" lon="89.640532">
				 <ele>2426.3</ele>
			 </trkpt>
			 <trkpt lat="27.456259" lon="89.640138">
				 <ele>2425.1</ele>
			 </trkpt>
			 <trkpt lat="27.456536" lon="89.63994">
				 <ele>2423.9</ele>
			 </trkpt>
			 <trkpt lat="27.456756" lon="89.639795">
				 <ele>2422.9</ele>
			 </trkpt>
			 <trkpt lat="27.456945" lon="89.639738">
				 <ele>2421.8</ele>
			 </trkpt>
			 <trkpt lat="27.4572" lon="89.63968">
				 <ele>2420.3</ele>
			 </trkpt>
			 <trkpt lat="27.457304" lon="89.639616">
				 <ele>2418.5</ele>
			 </trkpt>
			 <trkpt lat="27.457421" lon="89.63956">
				 <ele>2416.2</ele>
			 </trkpt>
			 <trkpt lat="27.457615" lon="89.639407">
				 <ele>2414</ele>
			 </trkpt>
			 <trkpt lat="27.457702" lon="89.639365">
				 <ele>2411.7</ele>
			 </trkpt>
			 <trkpt lat="27.45783" lon="89.639364">
				 <ele>2410</ele>
			 </trkpt>
			 <trkpt lat="27.457893" lon="89.63938">
				 <ele>2409.2</ele>
			 </trkpt>
			 <trkpt lat="27.458063" lon="89.639405">
				 <ele>2408.3</ele>
			 </trkpt>
			 <trkpt lat="27.458122" lon="89.639387">
				 <ele>2407.3</ele>
			 </trkpt>
			 <trkpt lat="27.458356" lon="89.63919">
				 <ele>2405.6</ele>
			 </trkpt>
			 <trkpt lat="27.458609" lon="89.638799">
				 <ele>2403.8</ele>
			 </trkpt>
			 <trkpt lat="27.458734" lon="89.638456">
				 <ele>2402</ele>
			 </trkpt>
			 <trkpt lat="27.458852" lon="89.63827">
				 <ele>2400.3</ele>
			 </trkpt>
			 <trkpt lat="27.458906" lon="89.638234">
				 <ele>2398.5</ele>
			 </trkpt>
			 <trkpt lat="27.459046" lon="89.63817">
				 <ele>2396.6</ele>
			 </trkpt>
			 <trkpt lat="27.459115" lon="89.638164">
				 <ele>2394.7</ele>
			 </trkpt>
			 <trkpt lat="27.459238" lon="89.63817">
				 <ele>2392.5</ele>
			 </trkpt>
			 <trkpt lat="27.459371" lon="89.638156">
				 <ele>2390</ele>
			 </trkpt>
			 <trkpt lat="27.460067" lon="89.638045">
				 <ele>2387.6</ele>
			 </trkpt>
			 <trkpt lat="27.460423" lon="89.637943">
				 <ele>2385.5</ele>
			 </trkpt>
			 <trkpt lat="27.460551" lon="89.637941">
				 <ele>2383.9</ele>
			 </trkpt>
			 <trkpt lat="27.460846" lon="89.637907">
				 <ele>2382.5</ele>
			 </trkpt>
			 <trkpt lat="27.460971" lon="89.637847">
				 <ele>2381.8</ele>
			 </trkpt>
			 <trkpt lat="27.461046" lon="89.637789">
				 <ele>2381.2</ele>
			 </trkpt>
			 <trkpt lat="27.461213" lon="89.63768">
				 <ele>2381.3</ele>
			 </trkpt>
			 <trkpt lat="27.461305" lon="89.637649">
				 <ele>2381.6</ele>
			 </trkpt>
			 <trkpt lat="27.461402" lon="89.637667">
				 <ele>2382.4</ele>
			 </trkpt>
			 <trkpt lat="27.461694" lon="89.63728">
				 <ele>2383.3</ele>
			 </trkpt>
			 <trkpt lat="27.461817" lon="89.637134">
				 <ele>2384.3</ele>
			 </trkpt>
			 <trkpt lat="27.462025" lon="89.636856">
				 <ele>2385.3</ele>
			 </trkpt>
			 <trkpt lat="27.46229" lon="89.636485">
				 <ele>2386.2</ele>
			 </trkpt>
			 <trkpt lat="27.46274" lon="89.635811">
				 <ele>2387.1</ele>
			 </trkpt>
			 <trkpt lat="27.462833" lon="89.635698">
				 <ele>2387.9</ele>
			 </trkpt>
			 <trkpt lat="27.462993" lon="89.635568">
				 <ele>2388.4</ele>
			 </trkpt>
			 <trkpt lat="27.463095" lon="89.635525">
				 <ele>2388.7</ele>
			 </trkpt>
			 <trkpt lat="27.463235" lon="89.635485">
				 <ele>2388.7</ele>
			 </trkpt>
			 <trkpt lat="27.463385" lon="89.635487">
				 <ele>2388.4</ele>
			 </trkpt>
			 <trkpt lat="27.46349" lon="89.635508">
				 <ele>2387.6</ele>
			 </trkpt>
			 <trkpt lat="27.463618" lon="89.635549">
				 <ele>2386.8</ele>
			 </trkpt>
			 <trkpt lat="27.46359" lon="89.63559">
				 <ele>2385.8</ele>
			 </trkpt>
			 <trkpt lat="27.463474" lon="89.635759">
				 <ele>2384.7</ele>
			 </trkpt>
			 <trkpt lat="27.463383" lon="89.635855">
				 <ele>2383.4</ele>
			 </trkpt>
			 <trkpt lat="27.463336" lon="89.635925">
				 <ele>2381.6</ele>
			 </trkpt>
			 <trkpt lat="27.463317" lon="89.635968">
				 <ele>2379.8</ele>
			 </trkpt>
			 <trkpt lat="27.463325" lon="89.635998">
				 <ele>2377.9</ele>
			 </trkpt>
			 <trkpt lat="27.463402" lon="89.636064">
				 <ele>2375.9</ele>
			 </trkpt>
			 <trkpt lat="27.463722" lon="89.636304">
				 <ele>2373.8</ele>
			 </trkpt>
			 <trkpt lat="27.46394" lon="89.636558">
				 <ele>2371.7</ele>
			 </trkpt>
			 <trkpt lat="27.464026" lon="89.636697">
				 <ele>2369.5</ele>
			 </trkpt>
			 <trkpt lat="27.464088" lon="89.636869">
				 <ele>2367</ele>
			 </trkpt>
			 <trkpt lat="27.464105" lon="89.636984">
				 <ele>2364.5</ele>
			 </trkpt>
			 <trkpt lat="27.464159" lon="89.637298">
				 <ele>2361.9</ele>
			 </trkpt>
			 <trkpt lat="27.464188" lon="89.637507">
				 <ele>2359.4</ele>
			 </trkpt>
			 <trkpt lat="27.464216" lon="89.637717">
				 <ele>2357.2</ele>
			 </trkpt>
			 <trkpt lat="27.464307" lon="89.637824">
				 <ele>2355.2</ele>
			 </trkpt>
			 <trkpt lat="27.464464" lon="89.63791">
				 <ele>2353.4</ele>
			 </trkpt>
			 <trkpt lat="27.464595" lon="89.638104">
				 <ele>2351.7</ele>
			 </trkpt>
			 <trkpt lat="27.464656" lon="89.638247">
				 <ele>2350.5</ele>
			 </trkpt>
			 <trkpt lat="27.464728" lon="89.638374">
				 <ele>2349.5</ele>
			 </trkpt>
			 <trkpt lat="27.464756" lon="89.638401">
				 <ele>2348.7</ele>
			 </trkpt>
			 <trkpt lat="27.464811" lon="89.638426">
				 <ele>2348.5</ele>
			 </trkpt>
			 <trkpt lat="27.464884" lon="89.638436">
				 <ele>2348.5</ele>
			 </trkpt>
			 <trkpt lat="27.464958" lon="89.638424">
				 <ele>2348.8</ele>
			 </trkpt>
			 <trkpt lat="27.465022" lon="89.638379">
				 <ele>2349.5</ele>
			 </trkpt>
			 <trkpt lat="27.465159" lon="89.638286">
				 <ele>2350.3</ele>
			 </trkpt>
			 <trkpt lat="27.465458" lon="89.63796">
				 <ele>2351.2</ele>
			 </trkpt>
			 <trkpt lat="27.465573" lon="89.637817">
				 <ele>2352.2</ele>
			 </trkpt>
			 <trkpt lat="27.465645" lon="89.637746">
				 <ele>2353.2</ele>
			 </trkpt>
			 <trkpt lat="27.465704" lon="89.637708">
				 <ele>2354.2</ele>
			 </trkpt>
			 <trkpt lat="27.465861" lon="89.637625">
				 <ele>2355</ele>
			 </trkpt>
			 <trkpt lat="27.466093" lon="89.637501">
				 <ele>2355.7</ele>
			 </trkpt>
			 <trkpt lat="27.46624" lon="89.637438">
				 <ele>2356.3</ele>
			 </trkpt>
			 <trkpt lat="27.466351" lon="89.637416">
				 <ele>2356.7</ele>
			 </trkpt>
			 <trkpt lat="27.466425" lon="89.63742">
				 <ele>2357.2</ele>
			 </trkpt>
			 <trkpt lat="27.466664" lon="89.637459">
				 <ele>2357.5</ele>
			 </trkpt>
			 <trkpt lat="27.466775" lon="89.637487">
				 <ele>2357.7</ele>
			 </trkpt>
			 <trkpt lat="27.467034" lon="89.637485">
				 <ele>2357.8</ele>
			 </trkpt>
			 <trkpt lat="27.467298" lon="89.637442">
				 <ele>2357.8</ele>
			 </trkpt>
			 <trkpt lat="27.467438" lon="89.637392">
				 <ele>2357.9</ele>
			 </trkpt>
			 <trkpt lat="27.467626" lon="89.637259">
				 <ele>2358.2</ele>
			 </trkpt>
			 <trkpt lat="27.467769" lon="89.637138">
				 <ele>2358.5</ele>
			 </trkpt>
			 <trkpt lat="27.467884" lon="89.637028">
				 <ele>2358.7</ele>
			 </trkpt>
			 <trkpt lat="27.468433" lon="89.63648">
				 <ele>2358.8</ele>
			 </trkpt>
			 <trkpt lat="27.469251" lon="89.635648">
				 <ele>2358.9</ele>
			 </trkpt>
			 <trkpt lat="27.470011" lon="89.634986">
				 <ele>2358.8</ele>
			 </trkpt>
			 <trkpt lat="27.470204" lon="89.634784">
				 <ele>2358.8</ele>
			 </trkpt>
			 <trkpt lat="27.470509" lon="89.634463">
				 <ele>2358.9</ele>
			 </trkpt>
			 <trkpt lat="27.470731" lon="89.634244">
				 <ele>2359.1</ele>
			 </trkpt>
			 <trkpt lat="27.471017" lon="89.633959">
				 <ele>2359.3</ele>
			 </trkpt>
			 <trkpt lat="27.470984" lon="89.633916">
				 <ele>2359.3</ele>
			 </trkpt>
			 <trkpt lat="27.471017" lon="89.633959">
				 <ele>2359.1</ele>
			 </trkpt>
			 <trkpt lat="27.471164" lon="89.633892">
				 <ele>2359</ele>
			 </trkpt>
			 <trkpt lat="27.471184" lon="89.633857">
				 <ele>2358.9</ele>
			 </trkpt>
			 <trkpt lat="27.471225" lon="89.633839">
				 <ele>2358.9</ele>
			 </trkpt>
			 <trkpt lat="27.47127" lon="89.633865">
				 <ele>2358.8</ele>
			 </trkpt>
			 <trkpt lat="27.471354" lon="89.633833">
				 <ele>2359</ele>
			 </trkpt>
			 <trkpt lat="27.471478" lon="89.633817">
				 <ele>2359.3</ele>
			 </trkpt>
			 <trkpt lat="27.471775" lon="89.633805">
				 <ele>2359.5</ele>
			 </trkpt>
			 <trkpt lat="27.471988" lon="89.633811">
				 <ele>2359.8</ele>
			 </trkpt>
			 <trkpt lat="27.472508" lon="89.633821">
				 <ele>2360.1</ele>
			 </trkpt>
			 <trkpt lat="27.472965" lon="89.633826">
				 <ele>2360.5</ele>
			 </trkpt>
			 <trkpt lat="27.473693" lon="89.633852">
				 <ele>2360.8</ele>
			 </trkpt>
			 <trkpt lat="27.473847" lon="89.633861">
				 <ele>2361.2</ele>
			 </trkpt>
			 <trkpt lat="27.474216" lon="89.63387">
				 <ele>2361.6</ele>
			 </trkpt>
			 <trkpt lat="27.474338" lon="89.633873">
				 <ele>2362.1</ele>
			 </trkpt>
			 <trkpt lat="27.474428" lon="89.633875">
				 <ele>2362.5</ele>
			 </trkpt>
			 <trkpt lat="27.47483" lon="89.633892">
				 <ele>2362.6</ele>
			 </trkpt>
			 <trkpt lat="27.474913" lon="89.633904">
				 <ele>2362.5</ele>
			 </trkpt>
			 <trkpt lat="27.475014" lon="89.633917">
				 <ele>2362.4</ele>
			 </trkpt>
			 <trkpt lat="27.475371" lon="89.633947">
				 <ele>2362.1</ele>
			 </trkpt>
			 <trkpt lat="27.475483" lon="89.633958">
				 <ele>2361.7</ele>
			 </trkpt>
			 <trkpt lat="27.475944" lon="89.634006">
				 <ele>2361.2</ele>
			 </trkpt>
			 <trkpt lat="27.476446" lon="89.634063">
				 <ele>2360.7</ele>
			 </trkpt>
			 <trkpt lat="27.47691" lon="89.634152">
				 <ele>2360.3</ele>
			 </trkpt>
			 <trkpt lat="27.47715" lon="89.634223">
				 <ele>2359.8</ele>
			 </trkpt>
			 <trkpt lat="27.477907" lon="89.634478">
				 <ele>2359.3</ele>
			 </trkpt>
			 <trkpt lat="27.478483" lon="89.6347">
				 <ele>2358.7</ele>
			 </trkpt>
			 <trkpt lat="27.478515" lon="89.634665">
				 <ele>2358</ele>
			 </trkpt>
			 <trkpt lat="27.478586" lon="89.63466">
				 <ele>2357.4</ele>
			 </trkpt>
			 <trkpt lat="27.478624" lon="89.634695">
				 <ele>2356.8</ele>
			 </trkpt>
			 <trkpt lat="27.478637" lon="89.634747">
				 <ele>2356.3</ele>
			 </trkpt>
			 <trkpt lat="27.478711" lon="89.634854">
				 <ele>2355.8</ele>
			 </trkpt>
			 <trkpt lat="27.4789" lon="89.63509">
				 <ele>2355.5</ele>
			 </trkpt>
			 <trkpt lat="27.478977" lon="89.635199">
				 <ele>2354.6</ele>
			 </trkpt>
			 <trkpt lat="27.479037" lon="89.635256">
				 <ele>2353.8</ele>
			 </trkpt>
			 <trkpt lat="27.479062" lon="89.635275">
				 <ele>2353</ele>
			 </trkpt>
			 <trkpt lat="27.479186" lon="89.635308">
				 <ele>2352.3</ele>
			 </trkpt>
			 <trkpt lat="27.479334" lon="89.635328">
				 <ele>2351.6</ele>
			 </trkpt>
			 <trkpt lat="27.480046" lon="89.635374">
				 <ele>2351.2</ele>
			 </trkpt>
			 <trkpt lat="27.480126" lon="89.635379">
				 <ele>2350.7</ele>
			 </trkpt>
			 <trkpt lat="27.480238" lon="89.635388">
				 <ele>2350.3</ele>
			 </trkpt>
			 <trkpt lat="27.480381" lon="89.635401">
				 <ele>2349.7</ele>
			 </trkpt>
			 <trkpt lat="27.480478" lon="89.63541">
				 <ele>2349.2</ele>
			 </trkpt>
			 <trkpt lat="27.480522" lon="89.635372">
				 <ele>2348.6</ele>
			 </trkpt>
			 <trkpt lat="27.48055" lon="89.635365">
				 <ele>2348.5</ele>
			 </trkpt>
			 <trkpt lat="27.480623" lon="89.635391">
				 <ele>2348.2</ele>
			 </trkpt>
			 <trkpt lat="27.480652" lon="89.63544">
				 <ele>2347.6</ele>
			 </trkpt>
			 <trkpt lat="27.480657" lon="89.635477">
				 <ele>2346.8</ele>
			 </trkpt>
			 <trkpt lat="27.480654" lon="89.635507">
				 <ele>2345.9</ele>
			 </trkpt>
			 <trkpt lat="27.480643" lon="89.635535">
				 <ele>2344.9</ele>
			 </trkpt>
			 <trkpt lat="27.480603" lon="89.635577">
				 <ele>2343.7</ele>
			 </trkpt>
			 <trkpt lat="27.48045" lon="89.635771">
				 <ele>2342.3</ele>
			 </trkpt>
			 <trkpt lat="27.480375" lon="89.635935">
				 <ele>2340.6</ele>
			 </trkpt>
			 <trkpt lat="27.480358" lon="89.635998">
				 <ele>2338.8</ele>
			 </trkpt>
			 <trkpt lat="27.48036" lon="89.636077">
				 <ele>2336.9</ele>
			 </trkpt>
			 <trkpt lat="27.480379" lon="89.636206">
				 <ele>2334.7</ele>
			 </trkpt>
			 <trkpt lat="27.480433" lon="89.63642">
				 <ele>2331.6</ele>
			 </trkpt>
			 <trkpt lat="27.480459" lon="89.636655">
				 <ele>2328.8</ele>
			 </trkpt>
			 <trkpt lat="27.480463" lon="89.636889">
				 <ele>2326.3</ele>
			 </trkpt>
			 <trkpt lat="27.480434" lon="89.637128">
				 <ele>2323.7</ele>
			 </trkpt>
			 <trkpt lat="27.480345" lon="89.637498">
				 <ele>2321.3</ele>
			 </trkpt>
			 <trkpt lat="27.480019" lon="89.638715">
				 <ele>2319</ele>
			 </trkpt>
			 <trkpt lat="27.480055" lon="89.638733">
				 <ele>2317</ele>
			 </trkpt>
			 <trkpt lat="27.480075" lon="89.638772">
				 <ele>2315.3</ele>
			 </trkpt>
			 <trkpt lat="27.480071" lon="89.638817">
				 <ele>2314.4</ele>
			 </trkpt>
			 <trkpt lat="27.480036" lon="89.638856">
				 <ele>2313.7</ele>
			 </trkpt>
			 <trkpt lat="27.480001" lon="89.638858">
				 <ele>2313.5</ele>
			 </trkpt>
			 <trkpt lat="27.479968" lon="89.638898">
				 <ele>2314.7</ele>
			 </trkpt>
			 <trkpt lat="27.479945" lon="89.638992">
				 <ele>2315.4</ele>
			 </trkpt>
			 <trkpt lat="27.479725" lon="89.639875">
				 <ele>2316.1</ele>
			 </trkpt>
			 <trkpt lat="27.479703" lon="89.639963">
				 <ele>2317.1</ele>
			 </trkpt>
			 <trkpt lat="27.479765" lon="89.639953">
				 <ele>2318.1</ele>
			 </trkpt>
			 <trkpt lat="27.479775" lon="89.640034">
				 <ele>2319.1</ele>
			 </trkpt>
			 <trkpt lat="27.479765" lon="89.639953">
				 <ele>2320.1</ele>
			 </trkpt>
			 <trkpt lat="27.479864" lon="89.639951">
				 <ele>2321.2</ele>
			 </trkpt>
			 <trkpt lat="27.48003" lon="89.639978">
				 <ele>2321.6</ele>
			 </trkpt>
			 <trkpt lat="27.480148" lon="89.639958">
				 <ele>2322.1</ele>
			 </trkpt>
			 <trkpt lat="27.480305" lon="89.639916">
				 <ele>2322.6</ele>
			 </trkpt>
			 <trkpt lat="27.480513" lon="89.639883">
				 <ele>2322.6</ele>
			 </trkpt>
			 <trkpt lat="27.480697" lon="89.639887">
				 <ele>2323.3</ele>
			 </trkpt>
			 <trkpt lat="27.48077" lon="89.639909">
				 <ele>2323.8</ele>
			 </trkpt>
			 <trkpt lat="27.480844" lon="89.639953">
				 <ele>2324.1</ele>
			 </trkpt>
			 <trkpt lat="27.480957" lon="89.639989">
				 <ele>2324.4</ele>
			 </trkpt>
			 <trkpt lat="27.48103" lon="89.639983">
				 <ele>2324.7</ele>
			 </trkpt>
			 <trkpt lat="27.481065" lon="89.63998">
				 <ele>2325.2</ele>
			 </trkpt>
			 <trkpt lat="27.481156" lon="89.639949">
				 <ele>2325.6</ele>
			 </trkpt>
			 <trkpt lat="27.481388" lon="89.639796">
				 <ele>2326.1</ele>
			 </trkpt>
			 <trkpt lat="27.481462" lon="89.639775">
				 <ele>2326.4</ele>
			 </trkpt>
			 <trkpt lat="27.481822" lon="89.639752">
				 <ele>2326.5</ele>
			 </trkpt>
			 <trkpt lat="27.482347" lon="89.639763">
				 <ele>2326.8</ele>
			 </trkpt>
			 <trkpt lat="27.482826" lon="89.639745">
				 <ele>2327.5</ele>
			 </trkpt>
			 <trkpt lat="27.482959" lon="89.639707">
				 <ele>2328.4</ele>
			 </trkpt>
			 <trkpt lat="27.483065" lon="89.639647">
				 <ele>2329.2</ele>
			 </trkpt>
			 <trkpt lat="27.483184" lon="89.639619">
				 <ele>2329.6</ele>
			 </trkpt>
			 <trkpt lat="27.483567" lon="89.639567">
				 <ele>2330</ele>
			 </trkpt>
			 <trkpt lat="27.483915" lon="89.639485">
				 <ele>2330.2</ele>
			 </trkpt>
			 <trkpt lat="27.483996" lon="89.639446">
				 <ele>2330.4</ele>
			 </trkpt>
			 <trkpt lat="27.484108" lon="89.639355">
				 <ele>2330.2</ele>
			 </trkpt>
			 <trkpt lat="27.484303" lon="89.639138">
				 <ele>2330.1</ele>
			 </trkpt>
			 <trkpt lat="27.484417" lon="89.639062">
				 <ele>2330.1</ele>
			 </trkpt>
			 <trkpt lat="27.484534" lon="89.638946">
				 <ele>2329.7</ele>
			 </trkpt>
			 <trkpt lat="27.484767" lon="89.638862">
				 <ele>2328.9</ele>
			 </trkpt>
			 <trkpt lat="27.485308" lon="89.638595">
				 <ele>2328.1</ele>
			 </trkpt>
			 <trkpt lat="27.485677" lon="89.638537">
				 <ele>2327.5</ele>
			 </trkpt>
			 <trkpt lat="27.485923" lon="89.638571">
				 <ele>2327.1</ele>
			 </trkpt>
			 <trkpt lat="27.486526" lon="89.638755">
				 <ele>2326.7</ele>
			 </trkpt>
			 <trkpt lat="27.486684" lon="89.638817">
				 <ele>2326.1</ele>
			 </trkpt>
			 <trkpt lat="27.486763" lon="89.638937">
				 <ele>2325.9</ele>
			 </trkpt>
			 <trkpt lat="27.486951" lon="89.639113">
				 <ele>2326.4</ele>
			 </trkpt>
			 <trkpt lat="27.487052" lon="89.639177">
				 <ele>2327</ele>
			 </trkpt>
			 <trkpt lat="27.487214" lon="89.639227">
				 <ele>2327.7</ele>
			 </trkpt>
			 <trkpt lat="27.48757" lon="89.639289">
				 <ele>2328.6</ele>
			 </trkpt>
			 <trkpt lat="27.487865" lon="89.639463">
				 <ele>2329.6</ele>
			 </trkpt>
			 <trkpt lat="27.488029" lon="89.639545">
				 <ele>2330.6</ele>
			 </trkpt>
			 <trkpt lat="27.48826" lon="89.639621">
				 <ele>2331.5</ele>
			 </trkpt>
			 <trkpt lat="27.488407" lon="89.639656">
				 <ele>2331.9</ele>
			 </trkpt>
			 <trkpt lat="27.488562" lon="89.639651">
				 <ele>2332.4</ele>
			 </trkpt>
			 <trkpt lat="27.488997" lon="89.639582">
				 <ele>2333.2</ele>
			 </trkpt>
			 <trkpt lat="27.489262" lon="89.639513">
				 <ele>2333.6</ele>
			 </trkpt>
			 <trkpt lat="27.489383" lon="89.639447">
				 <ele>2333.8</ele>
			 </trkpt>
			 <trkpt lat="27.4897" lon="89.639168">
				 <ele>2333.8</ele>
			 </trkpt>
			 <trkpt lat="27.489766" lon="89.639127">
				 <ele>2333.7</ele>
			 </trkpt>
			 <trkpt lat="27.489856" lon="89.639112">
				 <ele>2333.5</ele>
			 </trkpt>
			 <trkpt lat="27.490123" lon="89.639145">
				 <ele>2333.5</ele>
			 </trkpt>
			 <trkpt lat="27.490222" lon="89.639143">
				 <ele>2333.7</ele>
			 </trkpt>
			 <trkpt lat="27.490408" lon="89.639097">
				 <ele>2334.2</ele>
			 </trkpt>
			 <trkpt lat="27.490844" lon="89.63905">
				 <ele>2335.3</ele>
			 </trkpt>
			 <trkpt lat="27.490972" lon="89.639037">
				 <ele>2336.4</ele>
			 </trkpt>
			 <trkpt lat="27.491128" lon="89.639043">
				 <ele>2337.5</ele>
			 </trkpt>
			 <trkpt lat="27.491632" lon="89.639218">
				 <ele>2338.6</ele>
			 </trkpt>
			 <trkpt lat="27.491761" lon="89.639256">
				 <ele>2339.9</ele>
			 </trkpt>
			 <trkpt lat="27.492136" lon="89.639346">
				 <ele>2341.3</ele>
			 </trkpt>
			 <trkpt lat="27.492249" lon="89.639376">
				 <ele>2342.7</ele>
			 </trkpt>
			 <trkpt lat="27.492359" lon="89.639427">
				 <ele>2344.4</ele>
			 </trkpt>
			 <trkpt lat="27.492459" lon="89.639484">
				 <ele>2346.4</ele>
			 </trkpt>
			 <trkpt lat="27.492631" lon="89.639677">
				 <ele>2348.1</ele>
			 </trkpt>
			 <trkpt lat="27.492734" lon="89.639849">
				 <ele>2349.8</ele>
			 </trkpt>
			 <trkpt lat="27.492894" lon="89.640087">
				 <ele>2351.4</ele>
			 </trkpt>
			 <trkpt lat="27.493104" lon="89.640417">
				 <ele>2353.1</ele>
			 </trkpt>
			 <trkpt lat="27.493534" lon="89.641156">
				 <ele>2355</ele>
			 </trkpt>
			 <trkpt lat="27.49371" lon="89.64143">
				 <ele>2357.2</ele>
			 </trkpt>
			 <trkpt lat="27.493742" lon="89.641464">
				 <ele>2359.3</ele>
			 </trkpt>
			 <trkpt lat="27.493934" lon="89.6416">
				 <ele>2361.2</ele>
			 </trkpt>
			 <trkpt lat="27.494105" lon="89.641746">
				 <ele>2362.7</ele>
			 </trkpt>
			 <trkpt lat="27.494281" lon="89.641869">
				 <ele>2364</ele>
			 </trkpt>
			 <trkpt lat="27.494452" lon="89.641979">
				 <ele>2364.9</ele>
			 </trkpt>
			 <trkpt lat="27.494551" lon="89.642">
				 <ele>2366.4</ele>
			 </trkpt>
			 <trkpt lat="27.494622" lon="89.641992">
				 <ele>2367.8</ele>
			 </trkpt>
			 <trkpt lat="27.494801" lon="89.641912">
				 <ele>2369.4</ele>
			 </trkpt>
			 <trkpt lat="27.494922" lon="89.641896">
				 <ele>2370.6</ele>
			 </trkpt>
			 <trkpt lat="27.495034" lon="89.641937">
				 <ele>2371.5</ele>
			 </trkpt>
			 <trkpt lat="27.495415" lon="89.642149">
				 <ele>2371.6</ele>
			 </trkpt>
			 <trkpt lat="27.495509" lon="89.642186">
				 <ele>2371.7</ele>
			 </trkpt>
			 <trkpt lat="27.495587" lon="89.642207">
				 <ele>2371.8</ele>
			 </trkpt>
			 <trkpt lat="27.495674" lon="89.642193">
				 <ele>2372.2</ele>
			 </trkpt>
			 <trkpt lat="27.495769" lon="89.642135">
				 <ele>2373.4</ele>
			 </trkpt>
			 <trkpt lat="27.495851" lon="89.642069">
				 <ele>2374.8</ele>
			 </trkpt>
			 <trkpt lat="27.495913" lon="89.642051">
				 <ele>2375.7</ele>
			 </trkpt>
			 <trkpt lat="27.49598" lon="89.64205">
				 <ele>2376.5</ele>
			 </trkpt>
			 <trkpt lat="27.496066" lon="89.642064">
				 <ele>2377.3</ele>
			 </trkpt>
			 <trkpt lat="27.496583" lon="89.642276">
				 <ele>2378</ele>
			 </trkpt>
			 <trkpt lat="27.497025" lon="89.642391">
				 <ele>2379</ele>
			 </trkpt>
			 <trkpt lat="27.49727" lon="89.642482">
				 <ele>2380.7</ele>
			 </trkpt>
			 <trkpt lat="27.497582" lon="89.642496">
				 <ele>2382.8</ele>
			 </trkpt>
			 <trkpt lat="27.497846" lon="89.642493">
				 <ele>2385.5</ele>
			 </trkpt>
			 <trkpt lat="27.498113" lon="89.642466">
				 <ele>2388.2</ele>
			 </trkpt>
			 <trkpt lat="27.498234" lon="89.642488">
				 <ele>2390.4</ele>
			 </trkpt>
			 <trkpt lat="27.498358" lon="89.642584">
				 <ele>2392.4</ele>
			 </trkpt>
			 <trkpt lat="27.498431" lon="89.642705">
				 <ele>2394.3</ele>
			 </trkpt>
			 <trkpt lat="27.498611" lon="89.642837">
				 <ele>2396</ele>
			 </trkpt>
			 <trkpt lat="27.498667" lon="89.642879">
				 <ele>2397.2</ele>
			 </trkpt>
			 <trkpt lat="27.498895" lon="89.643">
				 <ele>2398.2</ele>
			 </trkpt>
			 <trkpt lat="27.499167" lon="89.643126">
				 <ele>2399.1</ele>
			 </trkpt>
			 <trkpt lat="27.499269" lon="89.643099">
				 <ele>2399.5</ele>
			 </trkpt>
			 <trkpt lat="27.499338" lon="89.642995">
				 <ele>2399.2</ele>
			 </trkpt>
			 <trkpt lat="27.499376" lon="89.642771">
				 <ele>2398.5</ele>
			 </trkpt>
			 <trkpt lat="27.499521" lon="89.642597">
				 <ele>2398.5</ele>
			 </trkpt>
			 <trkpt lat="27.499716" lon="89.642485">
				 <ele>2398.7</ele>
			 </trkpt>
			 <trkpt lat="27.499952" lon="89.642378">
				 <ele>2399</ele>
			 </trkpt>
			 <trkpt lat="27.50019" lon="89.642343">
				 <ele>2399</ele>
			 </trkpt>
			 <trkpt lat="27.50034" lon="89.642396">
				 <ele>2399</ele>
			 </trkpt>
			 <trkpt lat="27.50051" lon="89.642548">
				 <ele>2399.5</ele>
			 </trkpt>
			 <trkpt lat="27.500649" lon="89.642726">
				 <ele>2400.2</ele>
			 </trkpt>
			 <trkpt lat="27.500751" lon="89.64278">
				 <ele>2401</ele>
			 </trkpt>
			 <trkpt lat="27.500932" lon="89.642715">
				 <ele>2402.2</ele>
			 </trkpt>
			 <trkpt lat="27.501053" lon="89.642651">
				 <ele>2404</ele>
			 </trkpt>
			 <trkpt lat="27.501111" lon="89.642627">
				 <ele>2406.7</ele>
			 </trkpt>
			 <trkpt lat="27.501161" lon="89.642621">
				 <ele>2409</ele>
			 </trkpt>
			 <trkpt lat="27.501222" lon="89.642627">
				 <ele>2410.5</ele>
			 </trkpt>
			 <trkpt lat="27.501359" lon="89.642654">
				 <ele>2410.6</ele>
			 </trkpt>
			 <trkpt lat="27.501465" lon="89.642703">
				 <ele>2410.9</ele>
			 </trkpt>
			 <trkpt lat="27.501737" lon="89.642877">
				 <ele>2411</ele>
			 </trkpt>
			 <trkpt lat="27.501847" lon="89.642897">
				 <ele>2412</ele>
			 </trkpt>
			 <trkpt lat="27.501954" lon="89.642874">
				 <ele>2412.9</ele>
			 </trkpt>
			 <trkpt lat="27.502231" lon="89.642722">
				 <ele>2413.5</ele>
			 </trkpt>
			 <trkpt lat="27.502304" lon="89.642706">
				 <ele>2413.3</ele>
			 </trkpt>
			 <trkpt lat="27.502676" lon="89.642689">
				 <ele>2412.5</ele>
			 </trkpt>
			 <trkpt lat="27.503165" lon="89.642828">
				 <ele>2410.5</ele>
			 </trkpt>
			 <trkpt lat="27.503261" lon="89.642816">
				 <ele>2408.6</ele>
			 </trkpt>
			 <trkpt lat="27.503337" lon="89.642789">
				 <ele>2407</ele>
			 </trkpt>
			 <trkpt lat="27.503621" lon="89.642711">
				 <ele>2406.5</ele>
			 </trkpt>
			 <trkpt lat="27.503732" lon="89.64269">
				 <ele>2406.5</ele>
			 </trkpt>
			 <trkpt lat="27.503801" lon="89.642688">
				 <ele>2407.2</ele>
			 </trkpt>
			 <trkpt lat="27.503855" lon="89.642695">
				 <ele>2407.1</ele>
			 </trkpt>
			 <trkpt lat="27.503916" lon="89.642714">
				 <ele>2407.2</ele>
			 </trkpt>
			 <trkpt lat="27.503975" lon="89.642746">
				 <ele>2407.4</ele>
			 </trkpt>
			 <trkpt lat="27.50403" lon="89.642797">
				 <ele>2408.2</ele>
			 </trkpt>
			 <trkpt lat="27.504135" lon="89.642911">
				 <ele>2409.5</ele>
			 </trkpt>
			 <trkpt lat="27.504183" lon="89.642938">
				 <ele>2411.2</ele>
			 </trkpt>
			 <trkpt lat="27.504235" lon="89.642958">
				 <ele>2412.9</ele>
			 </trkpt>
			 <trkpt lat="27.504485" lon="89.642957">
				 <ele>2414.6</ele>
			 </trkpt>
			 <trkpt lat="27.504737" lon="89.642965">
				 <ele>2416.3</ele>
			 </trkpt>
			 <trkpt lat="27.505528" lon="89.643053">
				 <ele>2417.2</ele>
			 </trkpt>
			 <trkpt lat="27.505854" lon="89.643142">
				 <ele>2417.5</ele>
			 </trkpt>
			 <trkpt lat="27.505911" lon="89.643149">
				 <ele>2417.5</ele>
			 </trkpt>
			 <trkpt lat="27.505971" lon="89.643143">
				 <ele>2417.5</ele>
			 </trkpt>
			 <trkpt lat="27.506027" lon="89.643128">
				 <ele>2417</ele>
			 </trkpt>
			 <trkpt lat="27.506278" lon="89.642994">
				 <ele>2415.9</ele>
			 </trkpt>
			 <trkpt lat="27.506704" lon="89.642844">
				 <ele>2414.4</ele>
			 </trkpt>
			 <trkpt lat="27.506965" lon="89.642711">
				 <ele>2412.3</ele>
			 </trkpt>
			 <trkpt lat="27.507183" lon="89.642571">
				 <ele>2410.2</ele>
			 </trkpt>
			 <trkpt lat="27.50753" lon="89.64223">
				 <ele>2408.2</ele>
			 </trkpt>
			 <trkpt lat="27.50779" lon="89.642018">
				 <ele>2406.5</ele>
			 </trkpt>
			 <trkpt lat="27.508" lon="89.641948">
				 <ele>2405.8</ele>
			 </trkpt>
			 <trkpt lat="27.508202" lon="89.641914">
				 <ele>2405.5</ele>
			 </trkpt>
			 <trkpt lat="27.508309" lon="89.641919">
				 <ele>2405.4</ele>
			 </trkpt>
			 <trkpt lat="27.50843" lon="89.642013">
				 <ele>2405.4</ele>
			 </trkpt>
			 <trkpt lat="27.508526" lon="89.642182">
				 <ele>2405.7</ele>
			 </trkpt>
			 <trkpt lat="27.508734" lon="89.642678">
				 <ele>2406.6</ele>
			 </trkpt>
			 <trkpt lat="27.508846" lon="89.643013">
				 <ele>2407.5</ele>
			 </trkpt>
			 <trkpt lat="27.508893" lon="89.643136">
				 <ele>2408.5</ele>
			 </trkpt>
			 <trkpt lat="27.508946" lon="89.643249">
				 <ele>2409.5</ele>
			 </trkpt>
			 <trkpt lat="27.508989" lon="89.6433">
				 <ele>2410.4</ele>
			 </trkpt>
			 <trkpt lat="27.509075" lon="89.643377">
				 <ele>2410.7</ele>
			 </trkpt>
			 <trkpt lat="27.50914" lon="89.643407">
				 <ele>2410.5</ele>
			 </trkpt>
			 <trkpt lat="27.509205" lon="89.643425">
				 <ele>2410.1</ele>
			 </trkpt>
			 <trkpt lat="27.509267" lon="89.643404">
				 <ele>2409.4</ele>
			 </trkpt>
			 <trkpt lat="27.509311" lon="89.643374">
				 <ele>2408.5</ele>
			 </trkpt>
			 <trkpt lat="27.509339" lon="89.643329">
				 <ele>2406.9</ele>
			 </trkpt>
			 <trkpt lat="27.509383" lon="89.643194">
				 <ele>2405.4</ele>
			 </trkpt>
			 <trkpt lat="27.509389" lon="89.643104">
				 <ele>2403.9</ele>
			 </trkpt>
			 <trkpt lat="27.509382" lon="89.642999">
				 <ele>2402.4</ele>
			 </trkpt>
			 <trkpt lat="27.509359" lon="89.642895">
				 <ele>2400.7</ele>
			 </trkpt>
			 <trkpt lat="27.509235" lon="89.642555">
				 <ele>2399.1</ele>
			 </trkpt>
			 <trkpt lat="27.509215" lon="89.642455">
				 <ele>2397.5</ele>
			 </trkpt>
			 <trkpt lat="27.509214" lon="89.642418">
				 <ele>2396.1</ele>
			 </trkpt>
			 <trkpt lat="27.509234" lon="89.642243">
				 <ele>2394.8</ele>
			 </trkpt>
			 <trkpt lat="27.509259" lon="89.642144">
				 <ele>2393.7</ele>
			 </trkpt>
			 <trkpt lat="27.509291" lon="89.642055">
				 <ele>2393.2</ele>
			 </trkpt>
			 <trkpt lat="27.509319" lon="89.641997">
				 <ele>2393.6</ele>
			 </trkpt>
			 <trkpt lat="27.509352" lon="89.641945">
				 <ele>2394.4</ele>
			 </trkpt>
			 <trkpt lat="27.509382" lon="89.641921">
				 <ele>2395.2</ele>
			 </trkpt>
			 <trkpt lat="27.509409" lon="89.641911">
				 <ele>2396.2</ele>
			 </trkpt>
			 <trkpt lat="27.509668" lon="89.641879">
				 <ele>2397.4</ele>
			 </trkpt>
			 <trkpt lat="27.509864" lon="89.641843">
				 <ele>2398.5</ele>
			 </trkpt>
			 <trkpt lat="27.510119" lon="89.641711">
				 <ele>2399.7</ele>
			 </trkpt>
			 <trkpt lat="27.510166" lon="89.641686">
				 <ele>2400.8</ele>
			 </trkpt>
			 <trkpt lat="27.510503" lon="89.641551">
				 <ele>2401.8</ele>
			 </trkpt>
			 <trkpt lat="27.510675" lon="89.641529">
				 <ele>2402.5</ele>
			 </trkpt>
			 <trkpt lat="27.510757" lon="89.641519">
				 <ele>2402.8</ele>
			 </trkpt>
			 <trkpt lat="27.51115" lon="89.641424">
				 <ele>2402.8</ele>
			 </trkpt>
			 <trkpt lat="27.511195" lon="89.641407">
				 <ele>2402.6</ele>
			 </trkpt>
			 <trkpt lat="27.511248" lon="89.641377">
				 <ele>2402.5</ele>
			 </trkpt>
			 <trkpt lat="27.51149" lon="89.641205">
				 <ele>2402.2</ele>
			 </trkpt>
			 <trkpt lat="27.511623" lon="89.641138">
				 <ele>2401.6</ele>
			 </trkpt>
			 <trkpt lat="27.511693" lon="89.641123">
				 <ele>2401.3</ele>
			 </trkpt>
			 <trkpt lat="27.512097" lon="89.641157">
				 <ele>2400.9</ele>
			 </trkpt>
			 <trkpt lat="27.512161" lon="89.641159">
				 <ele>2400.5</ele>
			 </trkpt>
			 <trkpt lat="27.512531" lon="89.641187">
				 <ele>2400.2</ele>
			 </trkpt>
			 <trkpt lat="27.51301" lon="89.641236">
				 <ele>2400</ele>
			 </trkpt>
			 <trkpt lat="27.513279" lon="89.64133">
				 <ele>2399.9</ele>
			 </trkpt>
			 <trkpt lat="27.514428" lon="89.641733">
				 <ele>2399.8</ele>
			 </trkpt>
			 <trkpt lat="27.514728" lon="89.641818">
				 <ele>2399.5</ele>
			 </trkpt>
			 <trkpt lat="27.514779" lon="89.641823">
				 <ele>2399.2</ele>
			 </trkpt>
			 <trkpt lat="27.514847" lon="89.641805">
				 <ele>2398.8</ele>
			 </trkpt>
			 <trkpt lat="27.5149" lon="89.641817">
				 <ele>2398.5</ele>
			 </trkpt>
			 <trkpt lat="27.51506" lon="89.641878">
				 <ele>2398</ele>
			 </trkpt>
			 <trkpt lat="27.515777" lon="89.642167">
				 <ele>2397.2</ele>
			 </trkpt>
			 <trkpt lat="27.515886" lon="89.642231">
				 <ele>2396.1</ele>
			 </trkpt>
			 <trkpt lat="27.516064" lon="89.642326">
				 <ele>2394.8</ele>
			 </trkpt>
			 <trkpt lat="27.516424" lon="89.642543">
				 <ele>2393.6</ele>
			 </trkpt>
			 <trkpt lat="27.516736" lon="89.642758">
				 <ele>2392.4</ele>
			 </trkpt>
			 <trkpt lat="27.517121" lon="89.643082">
				 <ele>2391.3</ele>
			 </trkpt>
			 <trkpt lat="27.517508" lon="89.643429">
				 <ele>2390.5</ele>
			 </trkpt>
			 <trkpt lat="27.517828" lon="89.643745">
				 <ele>2389.9</ele>
			 </trkpt>
			 <trkpt lat="27.518" lon="89.643926">
				 <ele>2389.4</ele>
			 </trkpt>
			 <trkpt lat="27.51825" lon="89.644121">
				 <ele>2388.4</ele>
			 </trkpt>
			 <trkpt lat="27.518682" lon="89.64436">
				 <ele>2387.4</ele>
			 </trkpt>
			 <trkpt lat="27.519103" lon="89.644609">
				 <ele>2386.6</ele>
			 </trkpt>
			 <trkpt lat="27.519382" lon="89.644735">
				 <ele>2386.4</ele>
			 </trkpt>
			 <trkpt lat="27.519608" lon="89.644762">
				 <ele>2386.8</ele>
			 </trkpt>
			 <trkpt lat="27.520328" lon="89.644709">
				 <ele>2387.4</ele>
			 </trkpt>
			 <trkpt lat="27.520588" lon="89.644734">
				 <ele>2388.1</ele>
			 </trkpt>
			 <trkpt lat="27.520635" lon="89.644751">
				 <ele>2388.5</ele>
			 </trkpt>
			 <trkpt lat="27.520687" lon="89.644783">
				 <ele>2388.5</ele>
			 </trkpt>
			 <trkpt lat="27.521152" lon="89.645184">
				 <ele>2388.4</ele>
			 </trkpt>
			 <trkpt lat="27.521241" lon="89.645246">
				 <ele>2388.3</ele>
			 </trkpt>
			 <trkpt lat="27.521323" lon="89.645291">
				 <ele>2388.6</ele>
			 </trkpt>
			 <trkpt lat="27.521454" lon="89.645326">
				 <ele>2389</ele>
			 </trkpt>
			 <trkpt lat="27.521841" lon="89.645407">
				 <ele>2389.7</ele>
			 </trkpt>
			 <trkpt lat="27.522136" lon="89.645514">
				 <ele>2390.6</ele>
			 </trkpt>
			 <trkpt lat="27.522235" lon="89.645556">
				 <ele>2391.1</ele>
			 </trkpt>
			 <trkpt lat="27.522326" lon="89.645585">
				 <ele>2391.6</ele>
			 </trkpt>
			 <trkpt lat="27.522446" lon="89.645613">
				 <ele>2392.1</ele>
			 </trkpt>
			 <trkpt lat="27.522805" lon="89.645643">
				 <ele>2392.7</ele>
			 </trkpt>
			 <trkpt lat="27.522872" lon="89.645697">
				 <ele>2393.5</ele>
			 </trkpt>
			 <trkpt lat="27.523125" lon="89.64566">
				 <ele>2393.9</ele>
			 </trkpt>
			 <trkpt lat="27.523345" lon="89.645643">
				 <ele>2392.9</ele>
			 </trkpt>
			 <trkpt lat="27.523536" lon="89.645643">
				 <ele>2391.3</ele>
			 </trkpt>
			 <trkpt lat="27.523615" lon="89.645633">
				 <ele>2389.7</ele>
			 </trkpt>
			 <trkpt lat="27.523655" lon="89.645606">
				 <ele>2387.8</ele>
			 </trkpt>
			 <trkpt lat="27.523679" lon="89.645541">
				 <ele>2385.7</ele>
			 </trkpt>
			 <trkpt lat="27.523754" lon="89.645186">
				 <ele>2383.5</ele>
			 </trkpt>
			 <trkpt lat="27.52382" lon="89.645005">
				 <ele>2381.3</ele>
			 </trkpt>
			 <trkpt lat="27.523841" lon="89.644979">
				 <ele>2379</ele>
			 </trkpt>
			 <trkpt lat="27.523873" lon="89.644955">
				 <ele>2376.7</ele>
			 </trkpt>
			 <trkpt lat="27.523919" lon="89.644942">
				 <ele>2374.7</ele>
			 </trkpt>
			 <trkpt lat="27.523983" lon="89.644937">
				 <ele>2372.9</ele>
			 </trkpt>
			 <trkpt lat="27.524238" lon="89.64495">
				 <ele>2372.7</ele>
			 </trkpt>
			 <trkpt lat="27.524386" lon="89.64495">
				 <ele>2373.2</ele>
			 </trkpt>
			 <trkpt lat="27.524466" lon="89.644947">
				 <ele>2373.6</ele>
			 </trkpt>
			 <trkpt lat="27.524576" lon="89.644932">
				 <ele>2373.9</ele>
			 </trkpt>
			 <trkpt lat="27.524664" lon="89.644915">
				 <ele>2374.1</ele>
			 </trkpt>
			 <trkpt lat="27.525158" lon="89.64471">
				 <ele>2374.2</ele>
			 </trkpt>
			 <trkpt lat="27.525237" lon="89.644692">
				 <ele>2374.3</ele>
			 </trkpt>
			 <trkpt lat="27.525347" lon="89.644691">
				 <ele>2374.5</ele>
			 </trkpt>
			 <trkpt lat="27.525633" lon="89.644789">
				 <ele>2374.8</ele>
			 </trkpt>
			 <trkpt lat="27.525696" lon="89.644811">
				 <ele>2375.1</ele>
			 </trkpt>
			 <trkpt lat="27.526229" lon="89.645051">
				 <ele>2375.5</ele>
			 </trkpt>
			 <trkpt lat="27.526756" lon="89.645257">
				 <ele>2375.8</ele>
			 </trkpt>
			 <trkpt lat="27.526846" lon="89.645281">
				 <ele>2376.1</ele>
			 </trkpt>
			 <trkpt lat="27.527154" lon="89.645319">
				 <ele>2376.5</ele>
			 </trkpt>
			 <trkpt lat="27.527458" lon="89.645473">
				 <ele>2377.1</ele>
			 </trkpt>
			 <trkpt lat="27.527801" lon="89.645692">
				 <ele>2377.7</ele>
			 </trkpt>
			 <trkpt lat="27.527855" lon="89.645733">
				 <ele>2378.5</ele>
			 </trkpt>
			 <trkpt lat="27.527983" lon="89.645865">
				 <ele>2379.5</ele>
			 </trkpt>
			 <trkpt lat="27.528043" lon="89.645942">
				 <ele>2380.5</ele>
			 </trkpt>
			 <trkpt lat="27.528165" lon="89.646042">
				 <ele>2381.5</ele>
			 </trkpt>
			 <trkpt lat="27.528252" lon="89.646096">
				 <ele>2382.7</ele>
			 </trkpt>
			 <trkpt lat="27.528384" lon="89.646165">
				 <ele>2383.8</ele>
			 </trkpt>
			 <trkpt lat="27.52856" lon="89.646277">
				 <ele>2384.9</ele>
			 </trkpt>
			 <trkpt lat="27.52869" lon="89.646351">
				 <ele>2386.1</ele>
			 </trkpt>
			 <trkpt lat="27.528872" lon="89.646472">
				 <ele>2387.5</ele>
			 </trkpt>
			 <trkpt lat="27.52919" lon="89.646682">
				 <ele>2388.7</ele>
			 </trkpt>
			 <trkpt lat="27.529323" lon="89.646756">
				 <ele>2390.5</ele>
			 </trkpt>
			 <trkpt lat="27.52999" lon="89.647099">
				 <ele>2392.5</ele>
			 </trkpt>
			 <trkpt lat="27.530451" lon="89.647259">
				 <ele>2394.4</ele>
			 </trkpt>
			 <trkpt lat="27.530868" lon="89.647375">
				 <ele>2396.3</ele>
			 </trkpt>
			 <trkpt lat="27.53152" lon="89.647648">
				 <ele>2398.4</ele>
			 </trkpt>
			 <trkpt lat="27.533108" lon="89.648433">
				 <ele>2400.3</ele>
			 </trkpt>
			 <trkpt lat="27.533434" lon="89.648485">
				 <ele>2402.3</ele>
			 </trkpt>
			 <trkpt lat="27.534449" lon="89.648365">
				 <ele>2404.4</ele>
			 </trkpt>
			 <trkpt lat="27.534787" lon="89.648413">
				 <ele>2406.5</ele>
			 </trkpt>
			 <trkpt lat="27.535464" lon="89.648523">
				 <ele>2408.8</ele>
			 </trkpt>
			 <trkpt lat="27.535533" lon="89.648546">
				 <ele>2411.3</ele>
			 </trkpt>
			 <trkpt lat="27.535576" lon="89.648583">
				 <ele>2413.4</ele>
			 </trkpt>
			 <trkpt lat="27.5356" lon="89.648623">
				 <ele>2415.1</ele>
			 </trkpt>
			 <trkpt lat="27.535611" lon="89.64867">
				 <ele>2416.8</ele>
			 </trkpt>
			 <trkpt lat="27.53566" lon="89.648975">
				 <ele>2418.3</ele>
			 </trkpt>
			 <trkpt lat="27.535667" lon="89.649029">
				 <ele>2419.4</ele>
			 </trkpt>
			 <trkpt lat="27.5357" lon="89.64905">
				 <ele>2420.4</ele>
			 </trkpt>
			 <trkpt lat="27.535747" lon="89.64906">
				 <ele>2421.3</ele>
			 </trkpt>
			 <trkpt lat="27.535814" lon="89.649047">
				 <ele>2422.2</ele>
			 </trkpt>
			 <trkpt lat="27.535974" lon="89.649045">
				 <ele>2422.8</ele>
			 </trkpt>
			 <trkpt lat="27.536092" lon="89.649076">
				 <ele>2422.2</ele>
			 </trkpt>
			 <trkpt lat="27.536224" lon="89.6491">
				 <ele>2421.5</ele>
			 </trkpt>
			 <trkpt lat="27.536364" lon="89.64915">
				 <ele>2421.3</ele>
			 </trkpt>
			 <trkpt lat="27.536676" lon="89.649223">
				 <ele>2420.5</ele>
			 </trkpt>
			 <trkpt lat="27.536945" lon="89.649303">
				 <ele>2419.6</ele>
			 </trkpt>
			 <trkpt lat="27.537102" lon="89.649362">
				 <ele>2418.9</ele>
			 </trkpt>
			 <trkpt lat="27.537115" lon="89.649325">
				 <ele>2418.5</ele>
			 </trkpt>
			 <trkpt lat="27.537102" lon="89.649362">
				 <ele>2418.3</ele>
			 </trkpt>
			 <trkpt lat="27.537598" lon="89.649548">
				 <ele>2417.9</ele>
			 </trkpt>
			 <trkpt lat="27.537834" lon="89.64967">
				 <ele>2417.4</ele>
			 </trkpt>
			 <trkpt lat="27.538026" lon="89.649779">
				 <ele>2416.9</ele>
			 </trkpt>
			 <trkpt lat="27.538437" lon="89.650191">
				 <ele>2417.1</ele>
			 </trkpt>
			 <trkpt lat="27.538591" lon="89.65038">
				 <ele>2417.3</ele>
			 </trkpt>
			 <trkpt lat="27.538712" lon="89.650356">
				 <ele>2417.5</ele>
			 </trkpt>
			 <trkpt lat="27.538843" lon="89.650348">
				 <ele>2418.4</ele>
			 </trkpt>
			 <trkpt lat="27.538975" lon="89.650352">
				 <ele>2419.2</ele>
			 </trkpt>
			 <trkpt lat="27.539536" lon="89.650459">
				 <ele>2420</ele>
			 </trkpt>
			 <trkpt lat="27.539783" lon="89.650567">
				 <ele>2420.5</ele>
			 </trkpt>
			 <trkpt lat="27.540444" lon="89.651235">
				 <ele>2420.9</ele>
			 </trkpt>
			 <trkpt lat="27.540464" lon="89.651256">
				 <ele>2421.5</ele>
			 </trkpt>
			 <trkpt lat="27.540512" lon="89.651272">
				 <ele>2422.3</ele>
			 </trkpt>
			 <trkpt lat="27.540638" lon="89.651255">
				 <ele>2423.4</ele>
			 </trkpt>
			 <trkpt lat="27.540694" lon="89.651293">
				 <ele>2424.6</ele>
			 </trkpt>
			 <trkpt lat="27.540736" lon="89.651357">
				 <ele>2425.9</ele>
			 </trkpt>
			 <trkpt lat="27.540843" lon="89.651451">
				 <ele>2426.7</ele>
			 </trkpt>
			 <trkpt lat="27.54088" lon="89.651526">
				 <ele>2427.6</ele>
			 </trkpt>
			 <trkpt lat="27.540935" lon="89.651801">
				 <ele>2428.5</ele>
			 </trkpt>
			 <trkpt lat="27.540967" lon="89.651919">
				 <ele>2429.4</ele>
			 </trkpt>
			 <trkpt lat="27.541012" lon="89.652024">
				 <ele>2430.4</ele>
			 </trkpt>
			 <trkpt lat="27.541061" lon="89.652093">
				 <ele>2431.3</ele>
			 </trkpt>
			 <trkpt lat="27.541143" lon="89.652168">
				 <ele>2432.3</ele>
			 </trkpt>
			 <trkpt lat="27.541168" lon="89.652214">
				 <ele>2433.3</ele>
			 </trkpt>
			 <trkpt lat="27.541199" lon="89.652325">
				 <ele>2434.1</ele>
			 </trkpt>
			 <trkpt lat="27.541262" lon="89.652422">
				 <ele>2434.9</ele>
			 </trkpt>
			 <trkpt lat="27.541366" lon="89.652489">
				 <ele>2435.7</ele>
			 </trkpt>
			 <trkpt lat="27.541601" lon="89.652621">
				 <ele>2436.5</ele>
			 </trkpt>
			 <trkpt lat="27.541732" lon="89.65266">
				 <ele>2437.4</ele>
			 </trkpt>
			 <trkpt lat="27.541902" lon="89.652643">
				 <ele>2438.2</ele>
			 </trkpt>
			 <trkpt lat="27.542092" lon="89.652705">
				 <ele>2439</ele>
			 </trkpt>
			 <trkpt lat="27.5423" lon="89.652755">
				 <ele>2439.7</ele>
			 </trkpt>
			 <trkpt lat="27.542346" lon="89.652886">
				 <ele>2440.5</ele>
			 </trkpt>
			 <trkpt lat="27.542361" lon="89.653024">
				 <ele>2441.4</ele>
			 </trkpt>
			 <trkpt lat="27.542345" lon="89.653099">
				 <ele>2442.4</ele>
			 </trkpt>
			 <trkpt lat="27.542239" lon="89.65326">
				 <ele>2443.4</ele>
			 </trkpt>
			 <trkpt lat="27.542203" lon="89.653352">
				 <ele>2444.5</ele>
			 </trkpt>
			 <trkpt lat="27.542198" lon="89.653399">
				 <ele>2445.8</ele>
			 </trkpt>
			 <trkpt lat="27.542231" lon="89.653567">
				 <ele>2447.2</ele>
			 </trkpt>
			 <trkpt lat="27.542261" lon="89.653677">
				 <ele>2448.5</ele>
			 </trkpt>
			 <trkpt lat="27.542312" lon="89.653787">
				 <ele>2450.1</ele>
			 </trkpt>
			 <trkpt lat="27.542346" lon="89.653895">
				 <ele>2451.6</ele>
			 </trkpt>
			 <trkpt lat="27.542364" lon="89.654164">
				 <ele>2453.2</ele>
			 </trkpt>
			 <trkpt lat="27.542375" lon="89.654229">
				 <ele>2454.5</ele>
			 </trkpt>
			 <trkpt lat="27.542433" lon="89.654325">
				 <ele>2455.7</ele>
			 </trkpt>
			 <trkpt lat="27.542566" lon="89.654459">
				 <ele>2456.7</ele>
			 </trkpt>
			 <trkpt lat="27.542695" lon="89.654566">
				 <ele>2457.7</ele>
			 </trkpt>
			 <trkpt lat="27.542831" lon="89.654654">
				 <ele>2458.5</ele>
			 </trkpt>
			 <trkpt lat="27.543014" lon="89.654646">
				 <ele>2459</ele>
			 </trkpt>
			 <trkpt lat="27.543257" lon="89.654704">
				 <ele>2459.4</ele>
			 </trkpt>
			 <trkpt lat="27.543358" lon="89.654753">
				 <ele>2459.6</ele>
			 </trkpt>
			 <trkpt lat="27.543436" lon="89.654815">
				 <ele>2459.7</ele>
			 </trkpt>
			 <trkpt lat="27.543486" lon="89.654829">
				 <ele>2459.8</ele>
			 </trkpt>
			 <trkpt lat="27.543533" lon="89.654827">
				 <ele>2460.1</ele>
			 </trkpt>
			 <trkpt lat="27.543668" lon="89.654783">
				 <ele>2460.5</ele>
			 </trkpt>
			 <trkpt lat="27.543772" lon="89.654757">
				 <ele>2460.9</ele>
			 </trkpt>
			 <trkpt lat="27.543867" lon="89.654772">
				 <ele>2461.4</ele>
			 </trkpt>
			 <trkpt lat="27.543945" lon="89.654845">
				 <ele>2461.7</ele>
			 </trkpt>
			 <trkpt lat="27.544033" lon="89.655045">
				 <ele>2462.1</ele>
			 </trkpt>
			 <trkpt lat="27.544082" lon="89.655117">
				 <ele>2462.5</ele>
			 </trkpt>
			 <trkpt lat="27.544205" lon="89.655185">
				 <ele>2462.7</ele>
			 </trkpt>
			 <trkpt lat="27.544366" lon="89.655307">
				 <ele>2463</ele>
			 </trkpt>
			 <trkpt lat="27.54443" lon="89.655315">
				 <ele>2463.3</ele>
			 </trkpt>
			 <trkpt lat="27.544486" lon="89.655288">
				 <ele>2463.5</ele>
			 </trkpt>
			 <trkpt lat="27.54462" lon="89.655173">
				 <ele>2463.4</ele>
			 </trkpt>
			 <trkpt lat="27.544681" lon="89.655128">
				 <ele>2463.2</ele>
			 </trkpt>
			 <trkpt lat="27.544744" lon="89.655105">
				 <ele>2462.8</ele>
			 </trkpt>
			 <trkpt lat="27.544895" lon="89.655104">
				 <ele>2462.4</ele>
			 </trkpt>
			 <trkpt lat="27.545016" lon="89.655138">
				 <ele>2461.7</ele>
			 </trkpt>
			 <trkpt lat="27.545234" lon="89.655258">
				 <ele>2461</ele>
			 </trkpt>
			 <trkpt lat="27.545395" lon="89.655309">
				 <ele>2460.2</ele>
			 </trkpt>
			 <trkpt lat="27.545554" lon="89.655332">
				 <ele>2459.5</ele>
			 </trkpt>
			 <trkpt lat="27.545638" lon="89.655288">
				 <ele>2458.7</ele>
			 </trkpt>
			 <trkpt lat="27.545774" lon="89.655143">
				 <ele>2458.1</ele>
			 </trkpt>
			 <trkpt lat="27.545842" lon="89.655089">
				 <ele>2457.6</ele>
			 </trkpt>
			 <trkpt lat="27.545912" lon="89.655076">
				 <ele>2457.3</ele>
			 </trkpt>
			 <trkpt lat="27.54596" lon="89.655099">
				 <ele>2457.1</ele>
			 </trkpt>
			 <trkpt lat="27.54598" lon="89.655132">
				 <ele>2457</ele>
			 </trkpt>
			 <trkpt lat="27.545976" lon="89.655164">
				 <ele>2457</ele>
			 </trkpt>
			 <trkpt lat="27.545909" lon="89.655329">
				 <ele>2457.3</ele>
			 </trkpt>
			 <trkpt lat="27.545892" lon="89.655381">
				 <ele>2457.6</ele>
			 </trkpt>
			 <trkpt lat="27.545908" lon="89.655437">
				 <ele>2458.4</ele>
			 </trkpt>
			 <trkpt lat="27.545936" lon="89.655493">
				 <ele>2459.2</ele>
			 </trkpt>
			 <trkpt lat="27.545975" lon="89.655521">
				 <ele>2460</ele>
			 </trkpt>
			 <trkpt lat="27.54603" lon="89.65554">
				 <ele>2460.8</ele>
			 </trkpt>
			 <trkpt lat="27.546128" lon="89.655595">
				 <ele>2461.4</ele>
			 </trkpt>
			 <trkpt lat="27.546249" lon="89.655737">
				 <ele>2461.8</ele>
			 </trkpt>
			 <trkpt lat="27.546384" lon="89.655794">
				 <ele>2462.1</ele>
			 </trkpt>
			 <trkpt lat="27.546483" lon="89.655794">
				 <ele>2462.2</ele>
			 </trkpt>
			 <trkpt lat="27.546564" lon="89.655778">
				 <ele>2462.2</ele>
			 </trkpt>
			 <trkpt lat="27.546679" lon="89.655745">
				 <ele>2462</ele>
			 </trkpt>
			 <trkpt lat="27.546792" lon="89.655736">
				 <ele>2461.8</ele>
			 </trkpt>
			 <trkpt lat="27.5469" lon="89.65572">
				 <ele>2461.4</ele>
			 </trkpt>
			 <trkpt lat="27.546996" lon="89.655692">
				 <ele>2460.7</ele>
			 </trkpt>
			 <trkpt lat="27.547085" lon="89.655678">
				 <ele>2460</ele>
			 </trkpt>
			 <trkpt lat="27.547249" lon="89.655722">
				 <ele>2459.1</ele>
			 </trkpt>
			 <trkpt lat="27.54736" lon="89.655775">
				 <ele>2458.3</ele>
			 </trkpt>
			 <trkpt lat="27.547471" lon="89.655801">
				 <ele>2457.5</ele>
			 </trkpt>
			 <trkpt lat="27.54761" lon="89.655795">
				 <ele>2456.7</ele>
			 </trkpt>
			 <trkpt lat="27.547696" lon="89.655781">
				 <ele>2456.2</ele>
			 </trkpt>
			 <trkpt lat="27.547819" lon="89.655742">
				 <ele>2455.8</ele>
			 </trkpt>
			 <trkpt lat="27.547947" lon="89.655729">
				 <ele>2455.7</ele>
			 </trkpt>
			 <trkpt lat="27.5481" lon="89.655731">
				 <ele>2455.5</ele>
			 </trkpt>
			 <trkpt lat="27.548255" lon="89.65575">
				 <ele>2455.4</ele>
			 </trkpt>
			 <trkpt lat="27.548386" lon="89.655782">
				 <ele>2455.5</ele>
			 </trkpt>
			 <trkpt lat="27.548575" lon="89.655817">
				 <ele>2455.8</ele>
			 </trkpt>
			 <trkpt lat="27.548911" lon="89.655933">
				 <ele>2456.4</ele>
			 </trkpt>
			 <trkpt lat="27.549284" lon="89.655955">
				 <ele>2457.1</ele>
			 </trkpt>
			 <trkpt lat="27.549624" lon="89.656087">
				 <ele>2458.1</ele>
			 </trkpt>
			 <trkpt lat="27.54989" lon="89.656274">
				 <ele>2459.5</ele>
			 </trkpt>
			 <trkpt lat="27.549998" lon="89.6564">
				 <ele>2461</ele>
			 </trkpt>
			 <trkpt lat="27.550129" lon="89.656505">
				 <ele>2462.5</ele>
			 </trkpt>
			 <trkpt lat="27.550281" lon="89.656612">
				 <ele>2463.6</ele>
			 </trkpt>
			 <trkpt lat="27.550609" lon="89.656688">
				 <ele>2464.8</ele>
			 </trkpt>
			 <trkpt lat="27.550758" lon="89.656743">
				 <ele>2466</ele>
			 </trkpt>
			 <trkpt lat="27.550923" lon="89.656806">
				 <ele>2467</ele>
			 </trkpt>
			 <trkpt lat="27.551046" lon="89.656816">
				 <ele>2467.7</ele>
			 </trkpt>
			 <trkpt lat="27.551327" lon="89.656682">
				 <ele>2468.5</ele>
			 </trkpt>
			 <trkpt lat="27.551507" lon="89.656643">
				 <ele>2469.1</ele>
			 </trkpt>
			 <trkpt lat="27.551606" lon="89.656598">
				 <ele>2469.7</ele>
			 </trkpt>
			 <trkpt lat="27.551761" lon="89.656508">
				 <ele>2470</ele>
			 </trkpt>
			 <trkpt lat="27.551909" lon="89.656363">
				 <ele>2470.5</ele>
			 </trkpt>
			 <trkpt lat="27.552064" lon="89.656323">
				 <ele>2471.2</ele>
			 </trkpt>
			 <trkpt lat="27.552168" lon="89.656324">
				 <ele>2472.7</ele>
			 </trkpt>
			 <trkpt lat="27.552268" lon="89.656334">
				 <ele>2474.5</ele>
			 </trkpt>
			 <trkpt lat="27.552365" lon="89.656362">
				 <ele>2476.4</ele>
			 </trkpt>
			 <trkpt lat="27.552486" lon="89.656399">
				 <ele>2478.5</ele>
			 </trkpt>
			 <trkpt lat="27.552588" lon="89.65648">
				 <ele>2480.5</ele>
			 </trkpt>
			 <trkpt lat="27.552678" lon="89.656582">
				 <ele>2481.3</ele>
			 </trkpt>
			 <trkpt lat="27.552707" lon="89.656624">
				 <ele>2481.7</ele>
			 </trkpt>
			 <trkpt lat="27.552749" lon="89.65665">
				 <ele>2481.9</ele>
			 </trkpt>
			 <trkpt lat="27.552812" lon="89.656633">
				 <ele>2481.9</ele>
			 </trkpt>
			 <trkpt lat="27.552842" lon="89.656566">
				 <ele>2481.7</ele>
			 </trkpt>
			 <trkpt lat="27.55278" lon="89.656141">
				 <ele>2481.2</ele>
			 </trkpt>
			 <trkpt lat="27.552779" lon="89.656086">
				 <ele>2480.2</ele>
			 </trkpt>
			 <trkpt lat="27.552786" lon="89.656045">
				 <ele>2479.2</ele>
			 </trkpt>
			 <trkpt lat="27.552834" lon="89.655979">
				 <ele>2478.4</ele>
			 </trkpt>
			 <trkpt lat="27.552922" lon="89.655923">
				 <ele>2477.5</ele>
			 </trkpt>
			 <trkpt lat="27.553015" lon="89.655883">
				 <ele>2476.9</ele>
			 </trkpt>
			 <trkpt lat="27.55315" lon="89.655837">
				 <ele>2478.2</ele>
			 </trkpt>
			 <trkpt lat="27.553287" lon="89.655807">
				 <ele>2479.9</ele>
			 </trkpt>
			 <trkpt lat="27.553604" lon="89.655771">
				 <ele>2481.6</ele>
			 </trkpt>
			 <trkpt lat="27.553768" lon="89.65574">
				 <ele>2483.5</ele>
			 </trkpt>
			 <trkpt lat="27.554014" lon="89.655681">
				 <ele>2485.8</ele>
			 </trkpt>
			 <trkpt lat="27.554376" lon="89.655733">
				 <ele>2488.2</ele>
			 </trkpt>
			 <trkpt lat="27.554651" lon="89.655753">
				 <ele>2490.5</ele>
			 </trkpt>
			 <trkpt lat="27.554867" lon="89.655673">
				 <ele>2492.2</ele>
			 </trkpt>
			 <trkpt lat="27.554985" lon="89.655667">
				 <ele>2493.2</ele>
			 </trkpt>
			 <trkpt lat="27.555099" lon="89.655684">
				 <ele>2493.9</ele>
			 </trkpt>
			 <trkpt lat="27.55516" lon="89.655674">
				 <ele>2494.5</ele>
			 </trkpt>
			 <trkpt lat="27.555194" lon="89.655643">
				 <ele>2494.5</ele>
			 </trkpt>
			 <trkpt lat="27.555224" lon="89.655524">
				 <ele>2494.4</ele>
			 </trkpt>
			 <trkpt lat="27.55526" lon="89.655411">
				 <ele>2494.4</ele>
			 </trkpt>
			 <trkpt lat="27.555331" lon="89.655335">
				 <ele>2494.2</ele>
			 </trkpt>
			 <trkpt lat="27.555402" lon="89.655275">
				 <ele>2493.6</ele>
			 </trkpt>
			 <trkpt lat="27.555669" lon="89.655068">
				 <ele>2493.1</ele>
			 </trkpt>
			 <trkpt lat="27.555893" lon="89.654858">
				 <ele>2492.5</ele>
			 </trkpt>
			 <trkpt lat="27.55605" lon="89.654688">
				 <ele>2491.9</ele>
			 </trkpt>
			 <trkpt lat="27.556165" lon="89.6545">
				 <ele>2491.6</ele>
			 </trkpt>
			 <trkpt lat="27.556271" lon="89.654383">
				 <ele>2491.6</ele>
			 </trkpt>
			 <trkpt lat="27.556383" lon="89.654306">
				 <ele>2491.9</ele>
			 </trkpt>
			 <trkpt lat="27.55648" lon="89.654203">
				 <ele>2492.1</ele>
			 </trkpt>
			 <trkpt lat="27.556863" lon="89.653593">
				 <ele>2492.1</ele>
			 </trkpt>
			 <trkpt lat="27.557135" lon="89.653343">
				 <ele>2491.9</ele>
			 </trkpt>
			 <trkpt lat="27.557241" lon="89.65328">
				 <ele>2491.9</ele>
			 </trkpt>
			 <trkpt lat="27.557416" lon="89.653212">
				 <ele>2492.1</ele>
			 </trkpt>
			 <trkpt lat="27.557626" lon="89.653065">
				 <ele>2492.4</ele>
			 </trkpt>
			 <trkpt lat="27.557718" lon="89.652983">
				 <ele>2492.8</ele>
			 </trkpt>
			 <trkpt lat="27.557779" lon="89.652943">
				 <ele>2493.6</ele>
			 </trkpt>
			 <trkpt lat="27.557845" lon="89.652923">
				 <ele>2494.5</ele>
			 </trkpt>
			 <trkpt lat="27.558001" lon="89.65294">
				 <ele>2495.1</ele>
			 </trkpt>
			 <trkpt lat="27.558161" lon="89.65298">
				 <ele>2495.5</ele>
			 </trkpt>
			 <trkpt lat="27.558291" lon="89.652979">
				 <ele>2495.7</ele>
			 </trkpt>
			 <trkpt lat="27.558444" lon="89.652957">
				 <ele>2495.9</ele>
			 </trkpt>
			 <trkpt lat="27.55859" lon="89.652983">
				 <ele>2496</ele>
			 </trkpt>
			 <trkpt lat="27.55875" lon="89.653024">
				 <ele>2495.8</ele>
			 </trkpt>
			 <trkpt lat="27.558796" lon="89.653009">
				 <ele>2495</ele>
			 </trkpt>
			 <trkpt lat="27.558827" lon="89.652949">
				 <ele>2493.7</ele>
			 </trkpt>
			 <trkpt lat="27.558793" lon="89.652815">
				 <ele>2492.2</ele>
			 </trkpt>
			 <trkpt lat="27.558751" lon="89.65274">
				 <ele>2490.5</ele>
			 </trkpt>
			 <trkpt lat="27.558701" lon="89.652676">
				 <ele>2488.8</ele>
			 </trkpt>
			 <trkpt lat="27.558508" lon="89.652498">
				 <ele>2487.1</ele>
			 </trkpt>
			 <trkpt lat="27.558356" lon="89.652392">
				 <ele>2485.4</ele>
			 </trkpt>
			 <trkpt lat="27.558277" lon="89.652312">
				 <ele>2483.8</ele>
			 </trkpt>
			 <trkpt lat="27.558191" lon="89.652176">
				 <ele>2482.5</ele>
			 </trkpt>
			 <trkpt lat="27.55818" lon="89.652091">
				 <ele>2481.3</ele>
			 </trkpt>
			 <trkpt lat="27.558216" lon="89.652012">
				 <ele>2480.3</ele>
			 </trkpt>
			 <trkpt lat="27.55828" lon="89.651945">
				 <ele>2479.5</ele>
			 </trkpt>
			 <trkpt lat="27.558361" lon="89.651835">
				 <ele>2478.9</ele>
			 </trkpt>
			 <trkpt lat="27.558456" lon="89.651747">
				 <ele>2478.4</ele>
			 </trkpt>
			 <trkpt lat="27.55853" lon="89.6517">
				 <ele>2478.1</ele>
			 </trkpt>
			 <trkpt lat="27.558556" lon="89.651624">
				 <ele>2478.1</ele>
			 </trkpt>
			 <trkpt lat="27.558577" lon="89.651533">
				 <ele>2478.2</ele>
			 </trkpt>
			 <trkpt lat="27.558592" lon="89.651495">
				 <ele>2478.4</ele>
			 </trkpt>
			 <trkpt lat="27.558604" lon="89.651468">
				 <ele>2478.5</ele>
			 </trkpt>
			 <trkpt lat="27.558775" lon="89.651431">
				 <ele>2478.5</ele>
			 </trkpt>
			 <trkpt lat="27.558976" lon="89.651496">
				 <ele>2478.3</ele>
			 </trkpt>
			 <trkpt lat="27.559141" lon="89.651533">
				 <ele>2478.2</ele>
			 </trkpt>
			 <trkpt lat="27.559218" lon="89.651511">
				 <ele>2478.5</ele>
			 </trkpt>
			 <trkpt lat="27.559292" lon="89.651474">
				 <ele>2479.3</ele>
			 </trkpt>
			 <trkpt lat="27.559322" lon="89.651275">
				 <ele>2480</ele>
			 </trkpt>
			 <trkpt lat="27.559388" lon="89.651172">
				 <ele>2480.1</ele>
			 </trkpt>
			 <trkpt lat="27.559469" lon="89.651124">
				 <ele>2479.8</ele>
			 </trkpt>
			 <trkpt lat="27.559719" lon="89.65108">
				 <ele>2479.4</ele>
			 </trkpt>
			 <trkpt lat="27.559945" lon="89.650994">
				 <ele>2478.8</ele>
			 </trkpt>
			 <trkpt lat="27.560125" lon="89.650733">
				 <ele>2478.3</ele>
			 </trkpt>
			 <trkpt lat="27.560372" lon="89.650186">
				 <ele>2478.3</ele>
			 </trkpt>
			 <trkpt lat="27.560394" lon="89.650099">
				 <ele>2478.4</ele>
			 </trkpt>
			 <trkpt lat="27.560427" lon="89.650024">
				 <ele>2478.4</ele>
			 </trkpt>
			 <trkpt lat="27.560485" lon="89.649952">
				 <ele>2478</ele>
			 </trkpt>
			 <trkpt lat="27.560539" lon="89.649908">
				 <ele>2477.2</ele>
			 </trkpt>
			 <trkpt lat="27.56091" lon="89.649675">
				 <ele>2476.2</ele>
			 </trkpt>
			 <trkpt lat="27.561045" lon="89.64955">
				 <ele>2475.7</ele>
			 </trkpt>
			 <trkpt lat="27.56113" lon="89.649493">
				 <ele>2475.3</ele>
			 </trkpt>
			 <trkpt lat="27.561203" lon="89.649427">
				 <ele>2474.9</ele>
			 </trkpt>
			 <trkpt lat="27.561328" lon="89.649234">
				 <ele>2474.5</ele>
			 </trkpt>
			 <trkpt lat="27.561403" lon="89.649077">
				 <ele>2474.2</ele>
			 </trkpt>
			 <trkpt lat="27.561496" lon="89.648931">
				 <ele>2473.6</ele>
			 </trkpt>
			 <trkpt lat="27.561761" lon="89.648534">
				 <ele>2473.2</ele>
			 </trkpt>
			 <trkpt lat="27.561855" lon="89.648439">
				 <ele>2473.1</ele>
			 </trkpt>
			 <trkpt lat="27.561954" lon="89.648371">
				 <ele>2473.3</ele>
			 </trkpt>
			 <trkpt lat="27.562041" lon="89.648324">
				 <ele>2473.7</ele>
			 </trkpt>
			 <trkpt lat="27.562132" lon="89.648303">
				 <ele>2474.5</ele>
			 </trkpt>
			 <trkpt lat="27.562212" lon="89.648311">
				 <ele>2475.5</ele>
			 </trkpt>
			 <trkpt lat="27.562361" lon="89.648358">
				 <ele>2476.6</ele>
			 </trkpt>
			 <trkpt lat="27.562451" lon="89.648399">
				 <ele>2477.7</ele>
			 </trkpt>
			 <trkpt lat="27.562509" lon="89.648418">
				 <ele>2478.6</ele>
			 </trkpt>
			 <trkpt lat="27.562564" lon="89.648427">
				 <ele>2479.1</ele>
			 </trkpt>
			 <trkpt lat="27.562604" lon="89.648407">
				 <ele>2479.4</ele>
			 </trkpt>
			 <trkpt lat="27.562632" lon="89.648382">
				 <ele>2479.5</ele>
			 </trkpt>
			 <trkpt lat="27.562636" lon="89.648321">
				 <ele>2479.5</ele>
			 </trkpt>
			 <trkpt lat="27.562622" lon="89.64826">
				 <ele>2479.3</ele>
			 </trkpt>
			 <trkpt lat="27.562568" lon="89.648134">
				 <ele>2479</ele>
			 </trkpt>
			 <trkpt lat="27.562568" lon="89.648065">
				 <ele>2478.5</ele>
			 </trkpt>
			 <trkpt lat="27.562621" lon="89.64798">
				 <ele>2477.8</ele>
			 </trkpt>
			 <trkpt lat="27.562778" lon="89.647801">
				 <ele>2477</ele>
			 </trkpt>
			 <trkpt lat="27.562869" lon="89.647681">
				 <ele>2476.4</ele>
			 </trkpt>
			 <trkpt lat="27.562949" lon="89.647537">
				 <ele>2476.2</ele>
			 </trkpt>
			 <trkpt lat="27.562958" lon="89.647491">
				 <ele>2476.7</ele>
			 </trkpt>
			 <trkpt lat="27.563045" lon="89.647357">
				 <ele>2477.9</ele>
			 </trkpt>
			 <trkpt lat="27.563136" lon="89.647255">
				 <ele>2479.4</ele>
			 </trkpt>
			 <trkpt lat="27.563335" lon="89.647126">
				 <ele>2480.7</ele>
			 </trkpt>
			 <trkpt lat="27.563454" lon="89.647085">
				 <ele>2481.4</ele>
			 </trkpt>
			 <trkpt lat="27.563532" lon="89.647075">
				 <ele>2482.2</ele>
			 </trkpt>
			 <trkpt lat="27.563744" lon="89.647021">
				 <ele>2483.5</ele>
			 </trkpt>
			 <trkpt lat="27.563836" lon="89.646966">
				 <ele>2485.1</ele>
			 </trkpt>
			 <trkpt lat="27.563925" lon="89.646914">
				 <ele>2486.3</ele>
			 </trkpt>
			 <trkpt lat="27.564163" lon="89.646329">
				 <ele>2487.5</ele>
			 </trkpt>
			 <trkpt lat="27.564234" lon="89.64627">
				 <ele>2489.1</ele>
			 </trkpt>
			 <trkpt lat="27.56441" lon="89.646147">
				 <ele>2491.3</ele>
			 </trkpt>
			 <trkpt lat="27.564581" lon="89.646002">
				 <ele>2493.9</ele>
			 </trkpt>
			 <trkpt lat="27.564562" lon="89.645782">
				 <ele>2495.6</ele>
			 </trkpt>
			 <trkpt lat="27.564805" lon="89.64538">
				 <ele>2497.2</ele>
			 </trkpt>
			 <trkpt lat="27.565556" lon="89.644183">
				 <ele>2500</ele>
			 </trkpt>
			 <trkpt lat="27.566274" lon="89.64311">
				 <ele>2502.5</ele>
			 </trkpt>
			 <trkpt lat="27.566517" lon="89.643024">
				 <ele>2504.8</ele>
			 </trkpt>
			 <trkpt lat="27.566522" lon="89.64281">
				 <ele>2506.3</ele>
			 </trkpt>
			 <trkpt lat="27.566688" lon="89.642515">
				 <ele>2508.6</ele>
			 </trkpt>
			 <trkpt lat="27.567054" lon="89.642048">
				 <ele>2511</ele>
			 </trkpt>
			 <trkpt lat="27.567516" lon="89.641442">
				 <ele>2512.5</ele>
			 </trkpt>
			 <trkpt lat="27.567658" lon="89.641293">
				 <ele>2512.5</ele>
			 </trkpt>
			 <trkpt lat="27.5677" lon="89.6411">
				 <ele>2511.7</ele>
			 </trkpt>
			 <trkpt lat="27.56785" lon="89.641033">
				 <ele>2512</ele>
			 </trkpt>
			 <trkpt lat="27.567961" lon="89.640958">
				 <ele>2511.5</ele>
			 </trkpt>
			 <trkpt lat="27.568058" lon="89.640632">
				 <ele>2510.5</ele>
			 </trkpt>
			 <trkpt lat="27.568073" lon="89.640208">
				 <ele>2509.5</ele>
			 </trkpt>
			 <trkpt lat="27.568243" lon="89.640096">
				 <ele>2508.6</ele>
			 </trkpt>
			 <trkpt lat="27.56859" lon="89.640069">
				 <ele>2508.2</ele>
			 </trkpt>
			 <trkpt lat="27.568754" lon="89.639684">
				 <ele>2507.6</ele>
			 </trkpt>
			 <trkpt lat="27.568871" lon="89.639414">
				 <ele>2506.9</ele>
			 </trkpt>
			 <trkpt lat="27.569175" lon="89.639371">
				 <ele>2506.5</ele>
			 </trkpt>
			 <trkpt lat="27.569337" lon="89.639527">
				 <ele>2507</ele>
			 </trkpt>
			 <trkpt lat="27.569689" lon="89.639833">
				 <ele>2507.1</ele>
			 </trkpt>
			 <trkpt lat="27.569765" lon="89.639872">
				 <ele>2506.7</ele>
			 </trkpt>
			 <trkpt lat="27.5701" lon="89.640044">
				 <ele>2507.2</ele>
			 </trkpt>
			 <trkpt lat="27.570167" lon="89.640023">
				 <ele>2507.5</ele>
			 </trkpt>
			 <trkpt lat="27.57024" lon="89.639975">
				 <ele>2507.7</ele>
			 </trkpt>
			 <trkpt lat="27.570302" lon="89.6399">
				 <ele>2508</ele>
			 </trkpt>
			 <trkpt lat="27.570357" lon="89.639798">
				 <ele>2508.6</ele>
			 </trkpt>
			 <trkpt lat="27.570428" lon="89.639688">
				 <ele>2509</ele>
			 </trkpt>
			 <trkpt lat="27.570582" lon="89.639572">
				 <ele>2509.6</ele>
			 </trkpt>
			 <trkpt lat="27.570864" lon="89.639431">
				 <ele>2510</ele>
			 </trkpt>
			 <trkpt lat="27.571056" lon="89.639396">
				 <ele>2509.9</ele>
			 </trkpt>
			 <trkpt lat="27.571422" lon="89.639353">
				 <ele>2509.5</ele>
			 </trkpt>
			 <trkpt lat="27.5715" lon="89.639328">
				 <ele>2509.1</ele>
			 </trkpt>
			 <trkpt lat="27.571621" lon="89.639336">
				 <ele>2508.6</ele>
			 </trkpt>
			 <trkpt lat="27.571761" lon="89.639296">
				 <ele>2508.3</ele>
			 </trkpt>
			 <trkpt lat="27.571929" lon="89.639219">
				 <ele>2508.2</ele>
			 </trkpt>
			 <trkpt lat="27.572083" lon="89.63916">
				 <ele>2507.9</ele>
			 </trkpt>
			 <trkpt lat="27.57215" lon="89.639071">
				 <ele>2507.3</ele>
			 </trkpt>
			 <trkpt lat="27.572441" lon="89.638976">
				 <ele>2506.5</ele>
			 </trkpt>
			 <trkpt lat="27.572519" lon="89.638984">
				 <ele>2506</ele>
			 </trkpt>
			 <trkpt lat="27.572638" lon="89.638984">
				 <ele>2506.1</ele>
			 </trkpt>
			 <trkpt lat="27.572728" lon="89.638976">
				 <ele>2505.9</ele>
			 </trkpt>
			 <trkpt lat="27.573185" lon="89.638831">
				 <ele>2506.1</ele>
			 </trkpt>
			 <trkpt lat="27.573328" lon="89.638761">
				 <ele>2506.9</ele>
			 </trkpt>
			 <trkpt lat="27.573514" lon="89.638723">
				 <ele>2507.8</ele>
			 </trkpt>
			 <trkpt lat="27.573814" lon="89.638631">
				 <ele>2509</ele>
			 </trkpt>
			 <trkpt lat="27.573993" lon="89.638397">
				 <ele>2510.2</ele>
			 </trkpt>
			 <trkpt lat="27.574212" lon="89.638307">
				 <ele>2512.5</ele>
			 </trkpt>
			 <trkpt lat="27.574455" lon="89.638322">
				 <ele>2515.2</ele>
			 </trkpt>
			 <trkpt lat="27.574544" lon="89.638328">
				 <ele>2518.4</ele>
			 </trkpt>
			 <trkpt lat="27.574728" lon="89.638292">
				 <ele>2520.4</ele>
			 </trkpt>
			 <trkpt lat="27.575025" lon="89.638092">
				 <ele>2523</ele>
			 </trkpt>
			 <trkpt lat="27.575618" lon="89.637755">
				 <ele>2525.4</ele>
			 </trkpt>
			 <trkpt lat="27.576047" lon="89.637366">
				 <ele>2528.1</ele>
			 </trkpt>
			 <trkpt lat="27.576406" lon="89.636991">
				 <ele>2530.4</ele>
			 </trkpt>
			 <trkpt lat="27.576709" lon="89.636587">
				 <ele>2533.2</ele>
			 </trkpt>
			 <trkpt lat="27.577189" lon="89.636297">
				 <ele>2535.8</ele>
			 </trkpt>
			 <trkpt lat="27.577616" lon="89.635728">
				 <ele>2537.7</ele>
			 </trkpt>
			 <trkpt lat="27.577799" lon="89.63563">
				 <ele>2538.5</ele>
			 </trkpt>
			 <trkpt lat="27.578958" lon="89.635014">
				 <ele>2538.8</ele>
			 </trkpt>
			 <trkpt lat="27.579411" lon="89.634919">
				 <ele>2538.8</ele>
			 </trkpt>
			 <trkpt lat="27.580124" lon="89.634609">
				 <ele>2539.6</ele>
			 </trkpt>
			 <trkpt lat="27.580675" lon="89.63426">
				 <ele>2539.5</ele>
			 </trkpt>
			 <trkpt lat="27.581006" lon="89.634124">
				 <ele>2540.4</ele>
			 </trkpt>
			 <trkpt lat="27.58111" lon="89.634104">
				 <ele>2542.8</ele>
			 </trkpt>
			 <trkpt lat="27.581144" lon="89.634098">
				 <ele>2545.8</ele>
			 </trkpt>
			 <trkpt lat="27.581235" lon="89.634103">
				 <ele>2548.4</ele>
			 </trkpt>
			 <trkpt lat="27.581358" lon="89.634141">
				 <ele>2550.8</ele>
			 </trkpt>
			 <trkpt lat="27.58147" lon="89.634195">
				 <ele>2553.9</ele>
			 </trkpt>
			 <trkpt lat="27.581964" lon="89.634571">
				 <ele>2557</ele>
			 </trkpt>
			 <trkpt lat="27.582257" lon="89.634714">
				 <ele>2560.1</ele>
			 </trkpt>
			 <trkpt lat="27.582435" lon="89.63478">
				 <ele>2563.5</ele>
			 </trkpt>
			 <trkpt lat="27.582563" lon="89.634788">
				 <ele>2566.8</ele>
			 </trkpt>
			 <trkpt lat="27.582732" lon="89.634785">
				 <ele>2570</ele>
			 </trkpt>
			 <trkpt lat="27.582921" lon="89.63477">
				 <ele>2572.9</ele>
			 </trkpt>
			 <trkpt lat="27.583038" lon="89.634782">
				 <ele>2573.9</ele>
			 </trkpt>
			 <trkpt lat="27.583136" lon="89.634842">
				 <ele>2574.4</ele>
			 </trkpt>
			 <trkpt lat="27.583248" lon="89.634858">
				 <ele>2574.6</ele>
			 </trkpt>
			 <trkpt lat="27.583359" lon="89.634815">
				 <ele>2574.7</ele>
			 </trkpt>
			 <trkpt lat="27.583531" lon="89.634714">
				 <ele>2574.3</ele>
			 </trkpt>
			 <trkpt lat="27.583836" lon="89.634562">
				 <ele>2573.6</ele>
			 </trkpt>
			 <trkpt lat="27.583972" lon="89.634466">
				 <ele>2572.8</ele>
			 </trkpt>
			 <trkpt lat="27.584077" lon="89.6343">
				 <ele>2571.6</ele>
			 </trkpt>
			 <trkpt lat="27.584146" lon="89.634128">
				 <ele>2570.3</ele>
			 </trkpt>
			 <trkpt lat="27.584222" lon="89.633865">
				 <ele>2569</ele>
			 </trkpt>
			 <trkpt lat="27.58426" lon="89.633709">
				 <ele>2568.2</ele>
			 </trkpt>
			 <trkpt lat="27.584269" lon="89.633634">
				 <ele>2567.3</ele>
			 </trkpt>
			 <trkpt lat="27.584288" lon="89.633551">
				 <ele>2566.4</ele>
			 </trkpt>
			 <trkpt lat="27.584341" lon="89.633463">
				 <ele>2566.2</ele>
			 </trkpt>
			 <trkpt lat="27.584402" lon="89.6334">
				 <ele>2566.4</ele>
			 </trkpt>
			 <trkpt lat="27.584811" lon="89.633112">
				 <ele>2567</ele>
			 </trkpt>
			 <trkpt lat="27.585026" lon="89.632952">
				 <ele>2567.8</ele>
			 </trkpt>
			 <trkpt lat="27.585231" lon="89.632726">
				 <ele>2568.7</ele>
			 </trkpt>
			 <trkpt lat="27.58561" lon="89.632548">
				 <ele>2569.7</ele>
			 </trkpt>
			 <trkpt lat="27.585726" lon="89.63245">
				 <ele>2571</ele>
			 </trkpt>
			 <trkpt lat="27.585963" lon="89.63217">
				 <ele>2572.3</ele>
			 </trkpt>
			 <trkpt lat="27.586215" lon="89.631894">
				 <ele>2573.4</ele>
			 </trkpt>
			 <trkpt lat="27.586303" lon="89.631811">
				 <ele>2574.5</ele>
			 </trkpt>
			 <trkpt lat="27.586457" lon="89.631733">
				 <ele>2575.5</ele>
			 </trkpt>
			 <trkpt lat="27.586533" lon="89.631721">
				 <ele>2575.7</ele>
			 </trkpt>
			 <trkpt lat="27.586564" lon="89.631717">
				 <ele>2575.7</ele>
			 </trkpt>
			 <trkpt lat="27.586852" lon="89.631794">
				 <ele>2576.4</ele>
			 </trkpt>
			 <trkpt lat="27.586961" lon="89.631832">
				 <ele>2576.9</ele>
			 </trkpt>
			 <trkpt lat="27.587066" lon="89.631837">
				 <ele>2576.8</ele>
			 </trkpt>
			 <trkpt lat="27.587351" lon="89.631729">
				 <ele>2576.7</ele>
			 </trkpt>
			 <trkpt lat="27.587501" lon="89.631729">
				 <ele>2576.4</ele>
			 </trkpt>
			 <trkpt lat="27.588368" lon="89.631892">
				 <ele>2577.1</ele>
			 </trkpt>
			 <trkpt lat="27.58859" lon="89.631874">
				 <ele>2577.5</ele>
			 </trkpt>
			 <trkpt lat="27.588746" lon="89.631851">
				 <ele>2578.1</ele>
			 </trkpt>
			 <trkpt lat="27.589235" lon="89.631782">
				 <ele>2578.7</ele>
			 </trkpt>
			 <trkpt lat="27.589886" lon="89.631556">
				 <ele>2579.7</ele>
			 </trkpt>
			 <trkpt lat="27.590851" lon="89.631105">
				 <ele>2580.7</ele>
			 </trkpt>
			 <trkpt lat="27.591313" lon="89.630896">
				 <ele>2581.2</ele>
			 </trkpt>
			 <trkpt lat="27.592512" lon="89.630168">
				 <ele>2581.8</ele>
			 </trkpt>
			 <trkpt lat="27.59305" lon="89.629798">
				 <ele>2583.4</ele>
			 </trkpt>
			 <trkpt lat="27.593326" lon="89.629669">
				 <ele>2585.7</ele>
			 </trkpt>
			 <trkpt lat="27.59346" lon="89.629607">
				 <ele>2588.8</ele>
			 </trkpt>
			 <trkpt lat="27.593612" lon="89.62959">
				 <ele>2591.7</ele>
			 </trkpt>
			 <trkpt lat="27.593654" lon="89.629586">
				 <ele>2595.5</ele>
			 </trkpt>
			 <trkpt lat="27.59396" lon="89.629706">
				 <ele>2599.1</ele>
			 </trkpt>
			 <trkpt lat="27.594499" lon="89.630133">
				 <ele>2601.3</ele>
			 </trkpt>
			 <trkpt lat="27.594996" lon="89.630246">
				 <ele>2606.5</ele>
			 </trkpt>
			 <trkpt lat="27.595294" lon="89.630416">
				 <ele>2613.8</ele>
			 </trkpt>
			 <trkpt lat="27.595519" lon="89.630624">
				 <ele>2622.9</ele>
			 </trkpt>
			 <trkpt lat="27.595841" lon="89.630635">
				 <ele>2632.5</ele>
			 </trkpt>
			 <trkpt lat="27.596642" lon="89.630794">
				 <ele>2641.5</ele>
			 </trkpt>
			 <trkpt lat="27.5971" lon="89.630916">
				 <ele>2649.8</ele>
			 </trkpt>
			 <trkpt lat="27.597412" lon="89.631015">
				 <ele>2656.5</ele>
			 </trkpt>
			 <trkpt lat="27.598165" lon="89.631369">
				 <ele>2662.4</ele>
			 </trkpt>
			 <trkpt lat="27.598894" lon="89.63156">
				 <ele>2667.5</ele>
			 </trkpt>
			 <trkpt lat="27.599318" lon="89.631617">
				 <ele>2672.5</ele>
			 </trkpt>
			 <trkpt lat="27.599491" lon="89.631641">
				 <ele>2679.5</ele>
			 </trkpt>
			 <trkpt lat="27.600105" lon="89.631565">
				 <ele>2682.7</ele>
			 </trkpt>
			 <trkpt lat="27.600407" lon="89.6315">
				 <ele>2684.1</ele>
			 </trkpt>
			 <trkpt lat="27.600786" lon="89.631445">
				 <ele>2683.5</ele>
			 </trkpt>
			 <trkpt lat="27.601606" lon="89.630842">
				 <ele>2682.4</ele>
			 </trkpt>
			 <trkpt lat="27.601707" lon="89.630721">
				 <ele>2682.4</ele>
			 </trkpt>
			 <trkpt lat="27.601606" lon="89.630842">
				 <ele>2682.5</ele>
			 </trkpt>
			 <trkpt lat="27.600786" lon="89.631445">
				 <ele>2683.6</ele>
			 </trkpt>
			 <trkpt lat="27.600407" lon="89.6315">
				 <ele>2684.3</ele>
			 </trkpt>
			 <trkpt lat="27.600105" lon="89.631565">
				 <ele>2682.9</ele>
			 </trkpt>
			 <trkpt lat="27.599491" lon="89.631641">
				 <ele>2679.7</ele>
			 </trkpt>
			 <trkpt lat="27.599158" lon="89.631595">
				 <ele>2672.7</ele>
			 </trkpt>
			 <trkpt lat="27.598894" lon="89.63156">
				 <ele>2667.7</ele>
			 </trkpt>
			 <trkpt lat="27.598165" lon="89.631369">
				 <ele>2662.5</ele>
			 </trkpt>
			 <trkpt lat="27.597412" lon="89.631015">
				 <ele>2656.7</ele>
			 </trkpt>
			 <trkpt lat="27.5971" lon="89.630916">
				 <ele>2650</ele>
			 </trkpt>
			 <trkpt lat="27.596642" lon="89.630794">
				 <ele>2641.7</ele>
			 </trkpt>
			 <trkpt lat="27.595841" lon="89.630635">
				 <ele>2632.5</ele>
			 </trkpt>
			 <trkpt lat="27.595519" lon="89.630624">
				 <ele>2622.9</ele>
			 </trkpt>
			 <trkpt lat="27.595294" lon="89.630416">
				 <ele>2613.8</ele>
			 </trkpt>
			 <trkpt lat="27.594996" lon="89.630246">
				 <ele>2606.5</ele>
			 </trkpt>
			 <trkpt lat="27.594499" lon="89.630133">
				 <ele>2601.2</ele>
			 </trkpt>
			 <trkpt lat="27.59396" lon="89.629706">
				 <ele>2599</ele>
			 </trkpt>
			 <trkpt lat="27.593654" lon="89.629586">
				 <ele>2595.4</ele>
			 </trkpt>
			 <trkpt lat="27.593612" lon="89.62959">
				 <ele>2591.6</ele>
			 </trkpt>
			 <trkpt lat="27.59346" lon="89.629607">
				 <ele>2588.7</ele>
			 </trkpt>
			 <trkpt lat="27.593419" lon="89.629625">
				 <ele>2585.6</ele>
			 </trkpt>
			 <trkpt lat="27.59305" lon="89.629798">
				 <ele>2583.3</ele>
			 </trkpt>
			 <trkpt lat="27.592512" lon="89.630168">
				 <ele>2581.7</ele>
			 </trkpt>
			 <trkpt lat="27.591313" lon="89.630896">
				 <ele>2581.1</ele>
			 </trkpt>
			 <trkpt lat="27.590851" lon="89.631105">
				 <ele>2580.6</ele>
			 </trkpt>
			 <trkpt lat="27.589886" lon="89.631556">
				 <ele>2579.6</ele>
			 </trkpt>
			 <trkpt lat="27.589781" lon="89.631592">
				 <ele>2578.7</ele>
			 </trkpt>
			 <trkpt lat="27.589235" lon="89.631782">
				 <ele>2578.1</ele>
			 </trkpt>
			 <trkpt lat="27.58859" lon="89.631874">
				 <ele>2577.5</ele>
			 </trkpt>
			 <trkpt lat="27.588368" lon="89.631892">
				 <ele>2577.1</ele>
			 </trkpt>
			 <trkpt lat="27.587501" lon="89.631729">
				 <ele>2576.4</ele>
			 </trkpt>
			 <trkpt lat="27.587351" lon="89.631729">
				 <ele>2576.5</ele>
			 </trkpt>
			 <trkpt lat="27.587066" lon="89.631837">
				 <ele>2576.6</ele>
			 </trkpt>
			 <trkpt lat="27.586961" lon="89.631832">
				 <ele>2576.7</ele>
			 </trkpt>
			 <trkpt lat="27.586852" lon="89.631794">
				 <ele>2576.3</ele>
			 </trkpt>
			 <trkpt lat="27.586564" lon="89.631717">
				 <ele>2575.6</ele>
			 </trkpt>
			 <trkpt lat="27.586479" lon="89.631729">
				 <ele>2575.5</ele>
			 </trkpt>
			 <trkpt lat="27.586303" lon="89.631811">
				 <ele>2574.6</ele>
			 </trkpt>
			 <trkpt lat="27.586215" lon="89.631894">
				 <ele>2573.5</ele>
			 </trkpt>
			 <trkpt lat="27.585963" lon="89.63217">
				 <ele>2572.5</ele>
			 </trkpt>
			 <trkpt lat="27.585726" lon="89.63245">
				 <ele>2571</ele>
			 </trkpt>
			 <trkpt lat="27.58561" lon="89.632548">
				 <ele>2569.7</ele>
			 </trkpt>
			 <trkpt lat="27.585231" lon="89.632726">
				 <ele>2568.7</ele>
			 </trkpt>
			 <trkpt lat="27.585026" lon="89.632952">
				 <ele>2567.8</ele>
			 </trkpt>
			 <trkpt lat="27.584811" lon="89.633112">
				 <ele>2567</ele>
			 </trkpt>
			 <trkpt lat="27.584402" lon="89.6334">
				 <ele>2566.4</ele>
			 </trkpt>
			 <trkpt lat="27.584341" lon="89.633463">
				 <ele>2566.2</ele>
			 </trkpt>
			 <trkpt lat="27.584288" lon="89.633551">
				 <ele>2566.4</ele>
			 </trkpt>
			 <trkpt lat="27.584269" lon="89.633634">
				 <ele>2567.3</ele>
			 </trkpt>
			 <trkpt lat="27.58426" lon="89.633709">
				 <ele>2568.2</ele>
			 </trkpt>
			 <trkpt lat="27.584222" lon="89.633865">
				 <ele>2569</ele>
			 </trkpt>
			 <trkpt lat="27.584146" lon="89.634128">
				 <ele>2570.3</ele>
			 </trkpt>
			 <trkpt lat="27.584077" lon="89.6343">
				 <ele>2571.6</ele>
			 </trkpt>
			 <trkpt lat="27.583972" lon="89.634466">
				 <ele>2572.8</ele>
			 </trkpt>
			 <trkpt lat="27.583836" lon="89.634562">
				 <ele>2573.6</ele>
			 </trkpt>
			 <trkpt lat="27.583531" lon="89.634714">
				 <ele>2574.4</ele>
			 </trkpt>
			 <trkpt lat="27.583359" lon="89.634815">
				 <ele>2574.7</ele>
			 </trkpt>
			 <trkpt lat="27.583248" lon="89.634858">
				 <ele>2574.7</ele>
			 </trkpt>
			 <trkpt lat="27.583136" lon="89.634842">
				 <ele>2574.5</ele>
			 </trkpt>
			 <trkpt lat="27.583064" lon="89.634798">
				 <ele>2574.1</ele>
			 </trkpt>
			 <trkpt lat="27.583038" lon="89.634782">
				 <ele>2573.6</ele>
			 </trkpt>
			 <trkpt lat="27.582921" lon="89.63477">
				 <ele>2572.7</ele>
			 </trkpt>
			 <trkpt lat="27.582732" lon="89.634785">
				 <ele>2569.7</ele>
			 </trkpt>
			 <trkpt lat="27.582563" lon="89.634788">
				 <ele>2566.5</ele>
			 </trkpt>
			 <trkpt lat="27.582435" lon="89.63478">
				 <ele>2563.2</ele>
			 </trkpt>
			 <trkpt lat="27.582257" lon="89.634714">
				 <ele>2560.1</ele>
			 </trkpt>
			 <trkpt lat="27.581964" lon="89.634571">
				 <ele>2556.9</ele>
			 </trkpt>
			 <trkpt lat="27.58147" lon="89.634195">
				 <ele>2553.9</ele>
			 </trkpt>
			 <trkpt lat="27.581358" lon="89.634141">
				 <ele>2551.4</ele>
			 </trkpt>
			 <trkpt lat="27.581235" lon="89.634103">
				 <ele>2548.9</ele>
			 </trkpt>
			 <trkpt lat="27.581144" lon="89.634098">
				 <ele>2546.4</ele>
			 </trkpt>
			 <trkpt lat="27.581006" lon="89.634124">
				 <ele>2543.4</ele>
			 </trkpt>
			 <trkpt lat="27.580675" lon="89.63426">
				 <ele>2540.5</ele>
			 </trkpt>
			 <trkpt lat="27.580624" lon="89.634291">
				 <ele>2539.5</ele>
			 </trkpt>
			 <trkpt lat="27.580124" lon="89.634609">
				 <ele>2539.7</ele>
			 </trkpt>
			 <trkpt lat="27.579411" lon="89.634919">
				 <ele>2538.9</ele>
			 </trkpt>
			 <trkpt lat="27.578958" lon="89.635014">
				 <ele>2538.9</ele>
			 </trkpt>
			 <trkpt lat="27.577839" lon="89.635609">
				 <ele>2538.6</ele>
			 </trkpt>
			 <trkpt lat="27.577616" lon="89.635728">
				 <ele>2537.8</ele>
			 </trkpt>
			 <trkpt lat="27.577189" lon="89.636297">
				 <ele>2535.4</ele>
			 </trkpt>
			 <trkpt lat="27.576709" lon="89.636587">
				 <ele>2532.7</ele>
			 </trkpt>
			 <trkpt lat="27.576406" lon="89.636991">
				 <ele>2529.9</ele>
			 </trkpt>
			 <trkpt lat="27.576047" lon="89.637366">
				 <ele>2527.6</ele>
			 </trkpt>
			 <trkpt lat="27.575618" lon="89.637755">
				 <ele>2525.4</ele>
			 </trkpt>
			 <trkpt lat="27.575025" lon="89.638092">
				 <ele>2523</ele>
			 </trkpt>
			 <trkpt lat="27.574728" lon="89.638292">
				 <ele>2520.4</ele>
			 </trkpt>
			 <trkpt lat="27.574613" lon="89.638314">
				 <ele>2518.4</ele>
			 </trkpt>
			 <trkpt lat="27.574544" lon="89.638328">
				 <ele>2515.2</ele>
			 </trkpt>
			 <trkpt lat="27.574212" lon="89.638307">
				 <ele>2512.5</ele>
			 </trkpt>
			 <trkpt lat="27.573993" lon="89.638397">
				 <ele>2510.2</ele>
			 </trkpt>
			 <trkpt lat="27.573814" lon="89.638631">
				 <ele>2509</ele>
			 </trkpt>
			 <trkpt lat="27.573514" lon="89.638723">
				 <ele>2507.8</ele>
			 </trkpt>
			 <trkpt lat="27.573328" lon="89.638761">
				 <ele>2506.9</ele>
			 </trkpt>
			 <trkpt lat="27.573185" lon="89.638831">
				 <ele>2506.1</ele>
			 </trkpt>
			 <trkpt lat="27.572728" lon="89.638976">
				 <ele>2505.9</ele>
			 </trkpt>
			 <trkpt lat="27.572638" lon="89.638984">
				 <ele>2506.1</ele>
			 </trkpt>
			 <trkpt lat="27.572519" lon="89.638984">
				 <ele>2506</ele>
			 </trkpt>
			 <trkpt lat="27.572441" lon="89.638976">
				 <ele>2506.5</ele>
			 </trkpt>
			 <trkpt lat="27.57215" lon="89.639071">
				 <ele>2507.3</ele>
			 </trkpt>
			 <trkpt lat="27.572083" lon="89.63916">
				 <ele>2507.9</ele>
			 </trkpt>
			 <trkpt lat="27.571929" lon="89.639219">
				 <ele>2508.2</ele>
			 </trkpt>
			 <trkpt lat="27.571761" lon="89.639296">
				 <ele>2508.3</ele>
			 </trkpt>
			 <trkpt lat="27.571621" lon="89.639336">
				 <ele>2508.6</ele>
			 </trkpt>
			 <trkpt lat="27.5715" lon="89.639328">
				 <ele>2509.1</ele>
			 </trkpt>
			 <trkpt lat="27.571422" lon="89.639353">
				 <ele>2509.5</ele>
			 </trkpt>
			 <trkpt lat="27.571056" lon="89.639396">
				 <ele>2509.9</ele>
			 </trkpt>
			 <trkpt lat="27.570864" lon="89.639431">
				 <ele>2510</ele>
			 </trkpt>
			 <trkpt lat="27.570582" lon="89.639572">
				 <ele>2509.6</ele>
			 </trkpt>
			 <trkpt lat="27.570428" lon="89.639688">
				 <ele>2509</ele>
			 </trkpt>
			 <trkpt lat="27.570357" lon="89.639798">
				 <ele>2508.4</ele>
			 </trkpt>
			 <trkpt lat="27.570302" lon="89.6399">
				 <ele>2507.7</ele>
			 </trkpt>
			 <trkpt lat="27.57024" lon="89.639975">
				 <ele>2507.5</ele>
			 </trkpt>
			 <trkpt lat="27.570167" lon="89.640023">
				 <ele>2507.3</ele>
			 </trkpt>
			 <trkpt lat="27.5701" lon="89.640044">
				 <ele>2506.9</ele>
			 </trkpt>
			 <trkpt lat="27.569689" lon="89.639833">
				 <ele>2507.4</ele>
			 </trkpt>
			 <trkpt lat="27.569589" lon="89.639746">
				 <ele>2507.7</ele>
			 </trkpt>
			 <trkpt lat="27.569337" lon="89.639527">
				 <ele>2507.6</ele>
			 </trkpt>
			 <trkpt lat="27.569175" lon="89.639371">
				 <ele>2507.2</ele>
			 </trkpt>
			 <trkpt lat="27.568871" lon="89.639414">
				 <ele>2507.5</ele>
			 </trkpt>
			 <trkpt lat="27.568752" lon="89.639691">
				 <ele>2508.3</ele>
			 </trkpt>
			 <trkpt lat="27.56859" lon="89.640069">
				 <ele>2509.1</ele>
			 </trkpt>
			 <trkpt lat="27.568243" lon="89.640096">
				 <ele>2509.5</ele>
			 </trkpt>
			 <trkpt lat="27.568073" lon="89.640208">
				 <ele>2510.5</ele>
			 </trkpt>
			 <trkpt lat="27.568058" lon="89.640632">
				 <ele>2511.4</ele>
			 </trkpt>
			 <trkpt lat="27.567961" lon="89.640958">
				 <ele>2512.5</ele>
			 </trkpt>
			 <trkpt lat="27.56785" lon="89.641033">
				 <ele>2512</ele>
			 </trkpt>
			 <trkpt lat="27.5677" lon="89.6411">
				 <ele>2511.7</ele>
			 </trkpt>
			 <trkpt lat="27.567658" lon="89.641293">
				 <ele>2512.5</ele>
			 </trkpt>
			 <trkpt lat="27.567516" lon="89.641442">
				 <ele>2512.5</ele>
			 </trkpt>
			 <trkpt lat="27.567054" lon="89.642048">
				 <ele>2511</ele>
			 </trkpt>
			 <trkpt lat="27.566688" lon="89.642515">
				 <ele>2508.6</ele>
			 </trkpt>
			 <trkpt lat="27.566522" lon="89.64281">
				 <ele>2506.3</ele>
			 </trkpt>
			 <trkpt lat="27.566517" lon="89.643024">
				 <ele>2504.8</ele>
			 </trkpt>
			 <trkpt lat="27.566274" lon="89.64311">
				 <ele>2502.5</ele>
			 </trkpt>
			 <trkpt lat="27.565556" lon="89.644183">
				 <ele>2500</ele>
			 </trkpt>
			 <trkpt lat="27.564805" lon="89.64538">
				 <ele>2497.2</ele>
			 </trkpt>
			 <trkpt lat="27.564562" lon="89.645782">
				 <ele>2495.6</ele>
			 </trkpt>
			 <trkpt lat="27.564581" lon="89.646002">
				 <ele>2493.6</ele>
			 </trkpt>
			 <trkpt lat="27.56441" lon="89.646147">
				 <ele>2490.5</ele>
			 </trkpt>
			 <trkpt lat="27.564234" lon="89.64627">
				 <ele>2488</ele>
			 </trkpt>
			 <trkpt lat="27.564163" lon="89.646329">
				 <ele>2486.2</ele>
			 </trkpt>
			 <trkpt lat="27.563925" lon="89.646914">
				 <ele>2484.8</ele>
			 </trkpt>
			 <trkpt lat="27.563744" lon="89.647021">
				 <ele>2483.7</ele>
			 </trkpt>
			 <trkpt lat="27.563532" lon="89.647075">
				 <ele>2482.1</ele>
			 </trkpt>
			 <trkpt lat="27.563454" lon="89.647085">
				 <ele>2480.9</ele>
			 </trkpt>
			 <trkpt lat="27.563335" lon="89.647126">
				 <ele>2480.1</ele>
			 </trkpt>
			 <trkpt lat="27.563136" lon="89.647255">
				 <ele>2479.4</ele>
			 </trkpt>
			 <trkpt lat="27.563045" lon="89.647357">
				 <ele>2477.9</ele>
			 </trkpt>
			 <trkpt lat="27.562958" lon="89.647491">
				 <ele>2476.7</ele>
			 </trkpt>
			 <trkpt lat="27.562949" lon="89.647537">
				 <ele>2476.2</ele>
			 </trkpt>
			 <trkpt lat="27.562869" lon="89.647681">
				 <ele>2476.4</ele>
			 </trkpt>
			 <trkpt lat="27.562778" lon="89.647801">
				 <ele>2477</ele>
			 </trkpt>
			 <trkpt lat="27.562621" lon="89.64798">
				 <ele>2477.8</ele>
			 </trkpt>
			 <trkpt lat="27.562568" lon="89.648065">
				 <ele>2478.5</ele>
			 </trkpt>
			 <trkpt lat="27.562568" lon="89.648134">
				 <ele>2479</ele>
			 </trkpt>
			 <trkpt lat="27.562622" lon="89.64826">
				 <ele>2479.3</ele>
			 </trkpt>
			 <trkpt lat="27.562636" lon="89.648321">
				 <ele>2479.5</ele>
			 </trkpt>
			 <trkpt lat="27.562632" lon="89.648382">
				 <ele>2479.5</ele>
			 </trkpt>
			 <trkpt lat="27.562604" lon="89.648407">
				 <ele>2479.4</ele>
			 </trkpt>
			 <trkpt lat="27.562564" lon="89.648427">
				 <ele>2479.1</ele>
			 </trkpt>
			 <trkpt lat="27.562509" lon="89.648418">
				 <ele>2478.6</ele>
			 </trkpt>
			 <trkpt lat="27.562451" lon="89.648399">
				 <ele>2477.7</ele>
			 </trkpt>
			 <trkpt lat="27.562361" lon="89.648358">
				 <ele>2476.6</ele>
			 </trkpt>
			 <trkpt lat="27.562212" lon="89.648311">
				 <ele>2475.5</ele>
			 </trkpt>
			 <trkpt lat="27.562132" lon="89.648303">
				 <ele>2474.5</ele>
			 </trkpt>
			 <trkpt lat="27.562041" lon="89.648324">
				 <ele>2473.7</ele>
			 </trkpt>
			 <trkpt lat="27.561954" lon="89.648371">
				 <ele>2473.3</ele>
			 </trkpt>
			 <trkpt lat="27.561855" lon="89.648439">
				 <ele>2473.1</ele>
			 </trkpt>
			 <trkpt lat="27.561761" lon="89.648534">
				 <ele>2473.2</ele>
			 </trkpt>
			 <trkpt lat="27.561496" lon="89.648931">
				 <ele>2473.6</ele>
			 </trkpt>
			 <trkpt lat="27.561403" lon="89.649077">
				 <ele>2474.2</ele>
			 </trkpt>
			 <trkpt lat="27.561328" lon="89.649234">
				 <ele>2474.5</ele>
			 </trkpt>
			 <trkpt lat="27.561203" lon="89.649427">
				 <ele>2474.9</ele>
			 </trkpt>
			 <trkpt lat="27.56113" lon="89.649493">
				 <ele>2475.3</ele>
			 </trkpt>
			 <trkpt lat="27.561045" lon="89.64955">
				 <ele>2475.7</ele>
			 </trkpt>
			 <trkpt lat="27.56091" lon="89.649675">
				 <ele>2476.2</ele>
			 </trkpt>
			 <trkpt lat="27.560539" lon="89.649908">
				 <ele>2477.2</ele>
			 </trkpt>
			 <trkpt lat="27.560485" lon="89.649952">
				 <ele>2478</ele>
			 </trkpt>
			 <trkpt lat="27.560427" lon="89.650024">
				 <ele>2478.4</ele>
			 </trkpt>
			 <trkpt lat="27.560394" lon="89.650099">
				 <ele>2478.4</ele>
			 </trkpt>
			 <trkpt lat="27.560372" lon="89.650186">
				 <ele>2478.3</ele>
			 </trkpt>
			 <trkpt lat="27.560125" lon="89.650733">
				 <ele>2478.3</ele>
			 </trkpt>
			 <trkpt lat="27.559945" lon="89.650994">
				 <ele>2478.8</ele>
			 </trkpt>
			 <trkpt lat="27.559719" lon="89.65108">
				 <ele>2479.4</ele>
			 </trkpt>
			 <trkpt lat="27.559469" lon="89.651124">
				 <ele>2479.8</ele>
			 </trkpt>
			 <trkpt lat="27.559388" lon="89.651172">
				 <ele>2480.1</ele>
			 </trkpt>
			 <trkpt lat="27.559322" lon="89.651275">
				 <ele>2480</ele>
			 </trkpt>
			 <trkpt lat="27.559292" lon="89.651474">
				 <ele>2479.3</ele>
			 </trkpt>
			 <trkpt lat="27.559218" lon="89.651511">
				 <ele>2478.6</ele>
			 </trkpt>
			 <trkpt lat="27.559141" lon="89.651533">
				 <ele>2478.5</ele>
			 </trkpt>
			 <trkpt lat="27.558976" lon="89.651496">
				 <ele>2478.5</ele>
			 </trkpt>
			 <trkpt lat="27.558775" lon="89.651431">
				 <ele>2478.7</ele>
			 </trkpt>
			 <trkpt lat="27.558604" lon="89.651468">
				 <ele>2478.8</ele>
			 </trkpt>
			 <trkpt lat="27.558577" lon="89.651533">
				 <ele>2478.6</ele>
			 </trkpt>
			 <trkpt lat="27.558556" lon="89.651624">
				 <ele>2478.5</ele>
			 </trkpt>
			 <trkpt lat="27.558531" lon="89.651696">
				 <ele>2478.4</ele>
			 </trkpt>
			 <trkpt lat="27.558456" lon="89.651747">
				 <ele>2478.5</ele>
			 </trkpt>
			 <trkpt lat="27.558361" lon="89.651835">
				 <ele>2478.9</ele>
			 </trkpt>
			 <trkpt lat="27.55828" lon="89.651945">
				 <ele>2479.5</ele>
			 </trkpt>
			 <trkpt lat="27.558216" lon="89.652012">
				 <ele>2480.3</ele>
			 </trkpt>
			 <trkpt lat="27.55818" lon="89.652091">
				 <ele>2481.3</ele>
			 </trkpt>
			 <trkpt lat="27.558191" lon="89.652176">
				 <ele>2482.5</ele>
			 </trkpt>
			 <trkpt lat="27.558277" lon="89.652312">
				 <ele>2483.8</ele>
			 </trkpt>
			 <trkpt lat="27.558356" lon="89.652392">
				 <ele>2485.4</ele>
			 </trkpt>
			 <trkpt lat="27.558508" lon="89.652498">
				 <ele>2487.1</ele>
			 </trkpt>
			 <trkpt lat="27.558701" lon="89.652676">
				 <ele>2488.8</ele>
			 </trkpt>
			 <trkpt lat="27.558751" lon="89.65274">
				 <ele>2490.5</ele>
			 </trkpt>
			 <trkpt lat="27.558793" lon="89.652815">
				 <ele>2492.2</ele>
			 </trkpt>
			 <trkpt lat="27.558827" lon="89.652949">
				 <ele>2493.7</ele>
			 </trkpt>
			 <trkpt lat="27.558796" lon="89.653009">
				 <ele>2495</ele>
			 </trkpt>
			 <trkpt lat="27.55875" lon="89.653024">
				 <ele>2495.8</ele>
			 </trkpt>
			 <trkpt lat="27.55859" lon="89.652983">
				 <ele>2496</ele>
			 </trkpt>
			 <trkpt lat="27.558444" lon="89.652957">
				 <ele>2495.9</ele>
			 </trkpt>
			 <trkpt lat="27.558291" lon="89.652979">
				 <ele>2495.7</ele>
			 </trkpt>
			 <trkpt lat="27.558161" lon="89.65298">
				 <ele>2495.5</ele>
			 </trkpt>
			 <trkpt lat="27.558001" lon="89.65294">
				 <ele>2495.1</ele>
			 </trkpt>
			 <trkpt lat="27.557845" lon="89.652923">
				 <ele>2494.5</ele>
			 </trkpt>
			 <trkpt lat="27.557779" lon="89.652943">
				 <ele>2493.6</ele>
			 </trkpt>
			 <trkpt lat="27.557718" lon="89.652983">
				 <ele>2492.8</ele>
			 </trkpt>
			 <trkpt lat="27.557626" lon="89.653065">
				 <ele>2492.4</ele>
			 </trkpt>
			 <trkpt lat="27.557416" lon="89.653212">
				 <ele>2492.1</ele>
			 </trkpt>
			 <trkpt lat="27.557241" lon="89.65328">
				 <ele>2491.9</ele>
			 </trkpt>
			 <trkpt lat="27.557135" lon="89.653343">
				 <ele>2491.9</ele>
			 </trkpt>
			 <trkpt lat="27.556863" lon="89.653593">
				 <ele>2492.1</ele>
			 </trkpt>
			 <trkpt lat="27.55648" lon="89.654203">
				 <ele>2492.1</ele>
			 </trkpt>
			 <trkpt lat="27.556383" lon="89.654306">
				 <ele>2491.9</ele>
			 </trkpt>
			 <trkpt lat="27.556271" lon="89.654383">
				 <ele>2491.6</ele>
			 </trkpt>
			 <trkpt lat="27.556165" lon="89.6545">
				 <ele>2491.6</ele>
			 </trkpt>
			 <trkpt lat="27.55605" lon="89.654688">
				 <ele>2491.9</ele>
			 </trkpt>
			 <trkpt lat="27.555893" lon="89.654858">
				 <ele>2492.5</ele>
			 </trkpt>
			 <trkpt lat="27.555669" lon="89.655068">
				 <ele>2493.1</ele>
			 </trkpt>
			 <trkpt lat="27.555402" lon="89.655275">
				 <ele>2493.6</ele>
			 </trkpt>
			 <trkpt lat="27.555331" lon="89.655335">
				 <ele>2494.2</ele>
			 </trkpt>
			 <trkpt lat="27.55526" lon="89.655411">
				 <ele>2494.4</ele>
			 </trkpt>
			 <trkpt lat="27.555224" lon="89.655524">
				 <ele>2494.4</ele>
			 </trkpt>
			 <trkpt lat="27.555194" lon="89.655643">
				 <ele>2494.5</ele>
			 </trkpt>
			 <trkpt lat="27.55516" lon="89.655674">
				 <ele>2494.5</ele>
			 </trkpt>
			 <trkpt lat="27.555099" lon="89.655684">
				 <ele>2493.9</ele>
			 </trkpt>
			 <trkpt lat="27.554985" lon="89.655667">
				 <ele>2493.2</ele>
			 </trkpt>
			 <trkpt lat="27.554875" lon="89.655671">
				 <ele>2492.2</ele>
			 </trkpt>
			 <trkpt lat="27.554651" lon="89.655753">
				 <ele>2490.5</ele>
			 </trkpt>
			 <trkpt lat="27.554376" lon="89.655733">
				 <ele>2488.2</ele>
			 </trkpt>
			 <trkpt lat="27.554014" lon="89.655681">
				 <ele>2485.8</ele>
			 </trkpt>
			 <trkpt lat="27.553768" lon="89.65574">
				 <ele>2483.5</ele>
			 </trkpt>
			 <trkpt lat="27.553604" lon="89.655771">
				 <ele>2481.6</ele>
			 </trkpt>
			 <trkpt lat="27.553287" lon="89.655807">
				 <ele>2479.9</ele>
			 </trkpt>
			 <trkpt lat="27.55315" lon="89.655837">
				 <ele>2478.2</ele>
			 </trkpt>
			 <trkpt lat="27.553015" lon="89.655883">
				 <ele>2476.9</ele>
			 </trkpt>
			 <trkpt lat="27.552922" lon="89.655923">
				 <ele>2477.5</ele>
			 </trkpt>
			 <trkpt lat="27.552834" lon="89.655979">
				 <ele>2478.4</ele>
			 </trkpt>
			 <trkpt lat="27.552786" lon="89.656045">
				 <ele>2479.2</ele>
			 </trkpt>
			 <trkpt lat="27.552779" lon="89.656086">
				 <ele>2480.2</ele>
			 </trkpt>
			 <trkpt lat="27.55278" lon="89.656141">
				 <ele>2481.2</ele>
			 </trkpt>
			 <trkpt lat="27.552842" lon="89.656566">
				 <ele>2481.7</ele>
			 </trkpt>
			 <trkpt lat="27.552812" lon="89.656633">
				 <ele>2481.9</ele>
			 </trkpt>
			 <trkpt lat="27.552749" lon="89.65665">
				 <ele>2481.9</ele>
			 </trkpt>
			 <trkpt lat="27.552707" lon="89.656624">
				 <ele>2481.7</ele>
			 </trkpt>
			 <trkpt lat="27.552678" lon="89.656582">
				 <ele>2481.3</ele>
			 </trkpt>
			 <trkpt lat="27.552588" lon="89.65648">
				 <ele>2480.5</ele>
			 </trkpt>
			 <trkpt lat="27.552486" lon="89.656399">
				 <ele>2478.5</ele>
			 </trkpt>
			 <trkpt lat="27.552365" lon="89.656362">
				 <ele>2476.4</ele>
			 </trkpt>
			 <trkpt lat="27.552268" lon="89.656334">
				 <ele>2474.5</ele>
			 </trkpt>
			 <trkpt lat="27.552168" lon="89.656324">
				 <ele>2472.7</ele>
			 </trkpt>
			 <trkpt lat="27.552064" lon="89.656323">
				 <ele>2471.2</ele>
			 </trkpt>
			 <trkpt lat="27.551909" lon="89.656363">
				 <ele>2470.5</ele>
			 </trkpt>
			 <trkpt lat="27.551761" lon="89.656508">
				 <ele>2470</ele>
			 </trkpt>
			 <trkpt lat="27.551606" lon="89.656598">
				 <ele>2469.3</ele>
			 </trkpt>
			 <trkpt lat="27.551507" lon="89.656643">
				 <ele>2468.5</ele>
			 </trkpt>
			 <trkpt lat="27.551327" lon="89.656682">
				 <ele>2467.6</ele>
			 </trkpt>
			 <trkpt lat="27.551046" lon="89.656816">
				 <ele>2466.8</ele>
			 </trkpt>
			 <trkpt lat="27.550928" lon="89.656806">
				 <ele>2465.9</ele>
			 </trkpt>
			 <trkpt lat="27.550609" lon="89.656688">
				 <ele>2464.7</ele>
			 </trkpt>
			 <trkpt lat="27.550281" lon="89.656612">
				 <ele>2463.5</ele>
			 </trkpt>
			 <trkpt lat="27.550129" lon="89.656505">
				 <ele>2462.5</ele>
			 </trkpt>
			 <trkpt lat="27.549998" lon="89.6564">
				 <ele>2461.2</ele>
			 </trkpt>
			 <trkpt lat="27.54989" lon="89.656274">
				 <ele>2459.5</ele>
			 </trkpt>
			 <trkpt lat="27.549624" lon="89.656087">
				 <ele>2458.1</ele>
			 </trkpt>
			 <trkpt lat="27.549284" lon="89.655955">
				 <ele>2457.1</ele>
			 </trkpt>
			 <trkpt lat="27.548911" lon="89.655933">
				 <ele>2456.4</ele>
			 </trkpt>
			 <trkpt lat="27.548575" lon="89.655817">
				 <ele>2455.8</ele>
			 </trkpt>
			 <trkpt lat="27.548386" lon="89.655782">
				 <ele>2455.5</ele>
			 </trkpt>
			 <trkpt lat="27.548255" lon="89.65575">
				 <ele>2455.4</ele>
			 </trkpt>
			 <trkpt lat="27.5481" lon="89.655731">
				 <ele>2455.5</ele>
			 </trkpt>
			 <trkpt lat="27.547947" lon="89.655729">
				 <ele>2455.7</ele>
			 </trkpt>
			 <trkpt lat="27.547819" lon="89.655742">
				 <ele>2455.8</ele>
			 </trkpt>
			 <trkpt lat="27.547696" lon="89.655781">
				 <ele>2456.2</ele>
			 </trkpt>
			 <trkpt lat="27.54761" lon="89.655795">
				 <ele>2456.7</ele>
			 </trkpt>
			 <trkpt lat="27.547471" lon="89.655801">
				 <ele>2457.5</ele>
			 </trkpt>
			 <trkpt lat="27.54736" lon="89.655775">
				 <ele>2458.3</ele>
			 </trkpt>
			 <trkpt lat="27.547249" lon="89.655722">
				 <ele>2459.1</ele>
			 </trkpt>
			 <trkpt lat="27.547085" lon="89.655678">
				 <ele>2460</ele>
			 </trkpt>
			 <trkpt lat="27.546996" lon="89.655692">
				 <ele>2460.7</ele>
			 </trkpt>
			 <trkpt lat="27.5469" lon="89.65572">
				 <ele>2461.4</ele>
			 </trkpt>
			 <trkpt lat="27.546792" lon="89.655736">
				 <ele>2461.8</ele>
			 </trkpt>
			 <trkpt lat="27.546679" lon="89.655745">
				 <ele>2462</ele>
			 </trkpt>
			 <trkpt lat="27.546564" lon="89.655778">
				 <ele>2462.2</ele>
			 </trkpt>
			 <trkpt lat="27.546483" lon="89.655794">
				 <ele>2462.2</ele>
			 </trkpt>
			 <trkpt lat="27.546384" lon="89.655794">
				 <ele>2462.1</ele>
			 </trkpt>
			 <trkpt lat="27.546249" lon="89.655737">
				 <ele>2461.8</ele>
			 </trkpt>
			 <trkpt lat="27.546128" lon="89.655595">
				 <ele>2461.4</ele>
			 </trkpt>
			 <trkpt lat="27.54603" lon="89.65554">
				 <ele>2460.8</ele>
			 </trkpt>
			 <trkpt lat="27.545975" lon="89.655521">
				 <ele>2460</ele>
			 </trkpt>
			 <trkpt lat="27.545936" lon="89.655493">
				 <ele>2459.2</ele>
			 </trkpt>
			 <trkpt lat="27.545908" lon="89.655437">
				 <ele>2458.4</ele>
			 </trkpt>
			 <trkpt lat="27.545892" lon="89.655381">
				 <ele>2457.6</ele>
			 </trkpt>
			 <trkpt lat="27.545909" lon="89.655329">
				 <ele>2457.3</ele>
			 </trkpt>
			 <trkpt lat="27.545976" lon="89.655164">
				 <ele>2457</ele>
			 </trkpt>
			 <trkpt lat="27.54598" lon="89.655132">
				 <ele>2457</ele>
			 </trkpt>
			 <trkpt lat="27.54596" lon="89.655099">
				 <ele>2457.1</ele>
			 </trkpt>
			 <trkpt lat="27.545912" lon="89.655076">
				 <ele>2457.3</ele>
			 </trkpt>
			 <trkpt lat="27.545842" lon="89.655089">
				 <ele>2457.6</ele>
			 </trkpt>
			 <trkpt lat="27.545774" lon="89.655143">
				 <ele>2458.1</ele>
			 </trkpt>
			 <trkpt lat="27.545638" lon="89.655288">
				 <ele>2458.7</ele>
			 </trkpt>
			 <trkpt lat="27.545554" lon="89.655332">
				 <ele>2459.5</ele>
			 </trkpt>
			 <trkpt lat="27.545395" lon="89.655309">
				 <ele>2460.2</ele>
			 </trkpt>
			 <trkpt lat="27.545234" lon="89.655258">
				 <ele>2461</ele>
			 </trkpt>
			 <trkpt lat="27.545016" lon="89.655138">
				 <ele>2461.7</ele>
			 </trkpt>
			 <trkpt lat="27.544895" lon="89.655104">
				 <ele>2462.4</ele>
			 </trkpt>
			 <trkpt lat="27.544744" lon="89.655105">
				 <ele>2462.8</ele>
			 </trkpt>
			 <trkpt lat="27.544681" lon="89.655128">
				 <ele>2463.2</ele>
			 </trkpt>
			 <trkpt lat="27.54462" lon="89.655173">
				 <ele>2463.4</ele>
			 </trkpt>
			 <trkpt lat="27.544486" lon="89.655288">
				 <ele>2463.5</ele>
			 </trkpt>
			 <trkpt lat="27.54443" lon="89.655315">
				 <ele>2463.3</ele>
			 </trkpt>
			 <trkpt lat="27.544366" lon="89.655307">
				 <ele>2463</ele>
			 </trkpt>
			 <trkpt lat="27.544205" lon="89.655185">
				 <ele>2462.7</ele>
			 </trkpt>
			 <trkpt lat="27.544082" lon="89.655117">
				 <ele>2462.5</ele>
			 </trkpt>
			 <trkpt lat="27.544033" lon="89.655045">
				 <ele>2462.1</ele>
			 </trkpt>
			 <trkpt lat="27.543945" lon="89.654845">
				 <ele>2461.7</ele>
			 </trkpt>
			 <trkpt lat="27.543867" lon="89.654772">
				 <ele>2461.4</ele>
			 </trkpt>
			 <trkpt lat="27.543772" lon="89.654757">
				 <ele>2460.9</ele>
			 </trkpt>
			 <trkpt lat="27.543668" lon="89.654783">
				 <ele>2460.5</ele>
			 </trkpt>
			 <trkpt lat="27.543533" lon="89.654827">
				 <ele>2460.1</ele>
			 </trkpt>
			 <trkpt lat="27.543486" lon="89.654829">
				 <ele>2459.8</ele>
			 </trkpt>
			 <trkpt lat="27.543436" lon="89.654815">
				 <ele>2459.7</ele>
			 </trkpt>
			 <trkpt lat="27.543358" lon="89.654753">
				 <ele>2459.6</ele>
			 </trkpt>
			 <trkpt lat="27.543257" lon="89.654704">
				 <ele>2459.4</ele>
			 </trkpt>
			 <trkpt lat="27.543014" lon="89.654646">
				 <ele>2459.1</ele>
			 </trkpt>
			 <trkpt lat="27.542831" lon="89.654654">
				 <ele>2458.7</ele>
			 </trkpt>
			 <trkpt lat="27.542695" lon="89.654566">
				 <ele>2458.3</ele>
			 </trkpt>
			 <trkpt lat="27.542566" lon="89.654459">
				 <ele>2457.5</ele>
			 </trkpt>
			 <trkpt lat="27.542502" lon="89.654394">
				 <ele>2456.5</ele>
			 </trkpt>
			 <trkpt lat="27.542433" lon="89.654325">
				 <ele>2455.5</ele>
			 </trkpt>
			 <trkpt lat="27.542375" lon="89.654229">
				 <ele>2454.4</ele>
			 </trkpt>
			 <trkpt lat="27.542364" lon="89.654164">
				 <ele>2452.9</ele>
			 </trkpt>
			 <trkpt lat="27.542346" lon="89.653895">
				 <ele>2451.4</ele>
			 </trkpt>
			 <trkpt lat="27.542312" lon="89.653787">
				 <ele>2449.9</ele>
			 </trkpt>
			 <trkpt lat="27.542261" lon="89.653677">
				 <ele>2448.5</ele>
			 </trkpt>
			 <trkpt lat="27.542231" lon="89.653567">
				 <ele>2447.2</ele>
			 </trkpt>
			 <trkpt lat="27.542198" lon="89.653399">
				 <ele>2445.8</ele>
			 </trkpt>
			 <trkpt lat="27.542203" lon="89.653352">
				 <ele>2444.5</ele>
			 </trkpt>
			 <trkpt lat="27.542239" lon="89.65326">
				 <ele>2443.4</ele>
			 </trkpt>
			 <trkpt lat="27.542345" lon="89.653099">
				 <ele>2442.4</ele>
			 </trkpt>
			 <trkpt lat="27.542361" lon="89.653024">
				 <ele>2441.5</ele>
			 </trkpt>
			 <trkpt lat="27.542346" lon="89.652886">
				 <ele>2440.6</ele>
			 </trkpt>
			 <trkpt lat="27.5423" lon="89.652755">
				 <ele>2440</ele>
			 </trkpt>
			 <trkpt lat="27.542092" lon="89.652705">
				 <ele>2439.3</ele>
			 </trkpt>
			 <trkpt lat="27.541994" lon="89.652673">
				 <ele>2438.5</ele>
			 </trkpt>
			 <trkpt lat="27.541902" lon="89.652643">
				 <ele>2437.8</ele>
			 </trkpt>
			 <trkpt lat="27.541732" lon="89.65266">
				 <ele>2437</ele>
			 </trkpt>
			 <trkpt lat="27.541601" lon="89.652621">
				 <ele>2436.3</ele>
			 </trkpt>
			 <trkpt lat="27.541366" lon="89.652489">
				 <ele>2435.5</ele>
			 </trkpt>
			 <trkpt lat="27.541262" lon="89.652422">
				 <ele>2434.8</ele>
			 </trkpt>
			 <trkpt lat="27.541199" lon="89.652325">
				 <ele>2434.1</ele>
			 </trkpt>
			 <trkpt lat="27.541168" lon="89.652214">
				 <ele>2433.3</ele>
			 </trkpt>
			 <trkpt lat="27.541143" lon="89.652168">
				 <ele>2432.3</ele>
			 </trkpt>
			 <trkpt lat="27.541061" lon="89.652093">
				 <ele>2431.3</ele>
			 </trkpt>
			 <trkpt lat="27.541012" lon="89.652024">
				 <ele>2430.4</ele>
			 </trkpt>
			 <trkpt lat="27.540967" lon="89.651919">
				 <ele>2429.4</ele>
			 </trkpt>
			 <trkpt lat="27.540935" lon="89.651801">
				 <ele>2428.5</ele>
			 </trkpt>
			 <trkpt lat="27.54088" lon="89.651526">
				 <ele>2427.6</ele>
			 </trkpt>
			 <trkpt lat="27.540843" lon="89.651451">
				 <ele>2426.7</ele>
			 </trkpt>
			 <trkpt lat="27.540736" lon="89.651357">
				 <ele>2425.4</ele>
			 </trkpt>
			 <trkpt lat="27.540694" lon="89.651293">
				 <ele>2424</ele>
			 </trkpt>
			 <trkpt lat="27.540638" lon="89.651255">
				 <ele>2422.8</ele>
			 </trkpt>
			 <trkpt lat="27.540512" lon="89.651272">
				 <ele>2421.8</ele>
			 </trkpt>
			 <trkpt lat="27.540464" lon="89.651256">
				 <ele>2421.2</ele>
			 </trkpt>
			 <trkpt lat="27.539783" lon="89.650567">
				 <ele>2420.7</ele>
			 </trkpt>
			 <trkpt lat="27.539536" lon="89.650459">
				 <ele>2420.1</ele>
			 </trkpt>
			 <trkpt lat="27.538975" lon="89.650352">
				 <ele>2419.3</ele>
			 </trkpt>
			 <trkpt lat="27.538843" lon="89.650348">
				 <ele>2418.5</ele>
			 </trkpt>
			 <trkpt lat="27.538712" lon="89.650356">
				 <ele>2417.5</ele>
			 </trkpt>
			 <trkpt lat="27.538591" lon="89.65038">
				 <ele>2417.5</ele>
			 </trkpt>
			 <trkpt lat="27.538437" lon="89.650191">
				 <ele>2417.9</ele>
			 </trkpt>
			 <trkpt lat="27.538026" lon="89.649779">
				 <ele>2418.6</ele>
			 </trkpt>
			 <trkpt lat="27.537834" lon="89.64967">
				 <ele>2419.2</ele>
			 </trkpt>
			 <trkpt lat="27.537598" lon="89.649548">
				 <ele>2419.6</ele>
			 </trkpt>
			 <trkpt lat="27.537286" lon="89.649431">
				 <ele>2420</ele>
			 </trkpt>
			 <trkpt lat="27.536945" lon="89.649303">
				 <ele>2420.2</ele>
			 </trkpt>
			 <trkpt lat="27.536676" lon="89.649223">
				 <ele>2420.7</ele>
			 </trkpt>
			 <trkpt lat="27.536364" lon="89.64915">
				 <ele>2421.5</ele>
			 </trkpt>
			 <trkpt lat="27.536224" lon="89.6491">
				 <ele>2422.2</ele>
			 </trkpt>
			 <trkpt lat="27.536092" lon="89.649076">
				 <ele>2422.9</ele>
			 </trkpt>
			 <trkpt lat="27.535974" lon="89.649045">
				 <ele>2422.8</ele>
			 </trkpt>
			 <trkpt lat="27.535814" lon="89.649047">
				 <ele>2422.2</ele>
			 </trkpt>
			 <trkpt lat="27.535747" lon="89.64906">
				 <ele>2421.3</ele>
			 </trkpt>
			 <trkpt lat="27.5357" lon="89.64905">
				 <ele>2420.4</ele>
			 </trkpt>
			 <trkpt lat="27.535667" lon="89.649029">
				 <ele>2419.4</ele>
			 </trkpt>
			 <trkpt lat="27.53566" lon="89.648975">
				 <ele>2418.3</ele>
			 </trkpt>
			 <trkpt lat="27.535611" lon="89.64867">
				 <ele>2416.8</ele>
			 </trkpt>
			 <trkpt lat="27.5356" lon="89.648623">
				 <ele>2415.1</ele>
			 </trkpt>
			 <trkpt lat="27.535576" lon="89.648583">
				 <ele>2413.4</ele>
			 </trkpt>
			 <trkpt lat="27.535533" lon="89.648546">
				 <ele>2411.3</ele>
			 </trkpt>
			 <trkpt lat="27.535464" lon="89.648523">
				 <ele>2408.8</ele>
			 </trkpt>
			 <trkpt lat="27.534787" lon="89.648413">
				 <ele>2406.5</ele>
			 </trkpt>
			 <trkpt lat="27.534449" lon="89.648365">
				 <ele>2404.4</ele>
			 </trkpt>
			 <trkpt lat="27.533434" lon="89.648485">
				 <ele>2402.3</ele>
			 </trkpt>
			 <trkpt lat="27.533108" lon="89.648433">
				 <ele>2400.3</ele>
			 </trkpt>
			 <trkpt lat="27.53152" lon="89.647648">
				 <ele>2398.4</ele>
			 </trkpt>
			 <trkpt lat="27.530868" lon="89.647375">
				 <ele>2396.3</ele>
			 </trkpt>
			 <trkpt lat="27.530451" lon="89.647259">
				 <ele>2394.4</ele>
			 </trkpt>
			 <trkpt lat="27.52999" lon="89.647099">
				 <ele>2392.5</ele>
			 </trkpt>
			 <trkpt lat="27.529323" lon="89.646756">
				 <ele>2390.5</ele>
			 </trkpt>
			 <trkpt lat="27.52919" lon="89.646682">
				 <ele>2388.7</ele>
			 </trkpt>
			 <trkpt lat="27.528872" lon="89.646472">
				 <ele>2387.5</ele>
			 </trkpt>
			 <trkpt lat="27.52869" lon="89.646351">
				 <ele>2386.1</ele>
			 </trkpt>
			 <trkpt lat="27.52856" lon="89.646277">
				 <ele>2384.9</ele>
			 </trkpt>
			 <trkpt lat="27.528384" lon="89.646165">
				 <ele>2383.8</ele>
			 </trkpt>
			 <trkpt lat="27.528252" lon="89.646096">
				 <ele>2382.7</ele>
			 </trkpt>
			 <trkpt lat="27.528165" lon="89.646042">
				 <ele>2381.5</ele>
			 </trkpt>
			 <trkpt lat="27.528043" lon="89.645942">
				 <ele>2380.5</ele>
			 </trkpt>
			 <trkpt lat="27.527983" lon="89.645865">
				 <ele>2379.5</ele>
			 </trkpt>
			 <trkpt lat="27.527855" lon="89.645733">
				 <ele>2378.5</ele>
			 </trkpt>
			 <trkpt lat="27.527801" lon="89.645692">
				 <ele>2377.7</ele>
			 </trkpt>
			 <trkpt lat="27.527458" lon="89.645473">
				 <ele>2377.1</ele>
			 </trkpt>
			 <trkpt lat="27.527154" lon="89.645319">
				 <ele>2376.6</ele>
			 </trkpt>
			 <trkpt lat="27.526846" lon="89.645281">
				 <ele>2376.3</ele>
			 </trkpt>
			 <trkpt lat="27.526756" lon="89.645257">
				 <ele>2376</ele>
			 </trkpt>
			 <trkpt lat="27.526229" lon="89.645051">
				 <ele>2375.7</ele>
			 </trkpt>
			 <trkpt lat="27.525696" lon="89.644811">
				 <ele>2375.3</ele>
			 </trkpt>
			 <trkpt lat="27.525475" lon="89.644735">
				 <ele>2375</ele>
			 </trkpt>
			 <trkpt lat="27.525347" lon="89.644691">
				 <ele>2374.6</ele>
			 </trkpt>
			 <trkpt lat="27.525237" lon="89.644692">
				 <ele>2374.5</ele>
			 </trkpt>
			 <trkpt lat="27.525158" lon="89.64471">
				 <ele>2374.4</ele>
			 </trkpt>
			 <trkpt lat="27.524664" lon="89.644915">
				 <ele>2374.3</ele>
			 </trkpt>
			 <trkpt lat="27.524576" lon="89.644932">
				 <ele>2374.1</ele>
			 </trkpt>
			 <trkpt lat="27.524466" lon="89.644947">
				 <ele>2373.6</ele>
			 </trkpt>
			 <trkpt lat="27.524386" lon="89.64495">
				 <ele>2373.2</ele>
			 </trkpt>
			 <trkpt lat="27.524238" lon="89.64495">
				 <ele>2372.7</ele>
			 </trkpt>
			 <trkpt lat="27.523983" lon="89.644937">
				 <ele>2372.9</ele>
			 </trkpt>
			 <trkpt lat="27.523919" lon="89.644942">
				 <ele>2374.7</ele>
			 </trkpt>
			 <trkpt lat="27.523873" lon="89.644955">
				 <ele>2376.7</ele>
			 </trkpt>
			 <trkpt lat="27.523841" lon="89.644979">
				 <ele>2379</ele>
			 </trkpt>
			 <trkpt lat="27.52382" lon="89.645005">
				 <ele>2381.3</ele>
			 </trkpt>
			 <trkpt lat="27.523754" lon="89.645186">
				 <ele>2383.5</ele>
			 </trkpt>
			 <trkpt lat="27.523679" lon="89.645541">
				 <ele>2385.7</ele>
			 </trkpt>
			 <trkpt lat="27.523655" lon="89.645606">
				 <ele>2387.8</ele>
			 </trkpt>
			 <trkpt lat="27.523615" lon="89.645633">
				 <ele>2390</ele>
			 </trkpt>
			 <trkpt lat="27.523536" lon="89.645643">
				 <ele>2391.8</ele>
			 </trkpt>
			 <trkpt lat="27.523345" lon="89.645643">
				 <ele>2393.7</ele>
			 </trkpt>
			 <trkpt lat="27.523125" lon="89.64566">
				 <ele>2395.1</ele>
			 </trkpt>
			 <trkpt lat="27.522872" lon="89.645697">
				 <ele>2394.9</ele>
			 </trkpt>
			 <trkpt lat="27.522794" lon="89.645733">
				 <ele>2394.9</ele>
			 </trkpt>
			 <trkpt lat="27.52243" lon="89.645686">
				 <ele>2394.7</ele>
			 </trkpt>
			 <trkpt lat="27.522333" lon="89.645667">
				 <ele>2394.5</ele>
			 </trkpt>
			 <trkpt lat="27.521983" lon="89.645554">
				 <ele>2394</ele>
			 </trkpt>
			 <trkpt lat="27.521842" lon="89.645501">
				 <ele>2393.3</ele>
			 </trkpt>
			 <trkpt lat="27.52132" lon="89.645365">
				 <ele>2392.5</ele>
			 </trkpt>
			 <trkpt lat="27.521239" lon="89.645331">
				 <ele>2391.6</ele>
			 </trkpt>
			 <trkpt lat="27.521152" lon="89.645268">
				 <ele>2391.4</ele>
			 </trkpt>
			 <trkpt lat="27.521014" lon="89.645147">
				 <ele>2391.4</ele>
			 </trkpt>
			 <trkpt lat="27.520738" lon="89.644924">
				 <ele>2391.3</ele>
			 </trkpt>
			 <trkpt lat="27.520614" lon="89.644833">
				 <ele>2391.1</ele>
			 </trkpt>
			 <trkpt lat="27.520533" lon="89.64481">
				 <ele>2390.5</ele>
			 </trkpt>
			 <trkpt lat="27.520216" lon="89.644792">
				 <ele>2389.5</ele>
			 </trkpt>
			 <trkpt lat="27.519561" lon="89.644839">
				 <ele>2388.8</ele>
			 </trkpt>
			 <trkpt lat="27.519361" lon="89.644809">
				 <ele>2388.4</ele>
			 </trkpt>
			 <trkpt lat="27.519069" lon="89.644673">
				 <ele>2388.5</ele>
			 </trkpt>
			 <trkpt lat="27.518653" lon="89.644439">
				 <ele>2389</ele>
			 </trkpt>
			 <trkpt lat="27.51821" lon="89.644173">
				 <ele>2389.9</ele>
			 </trkpt>
			 <trkpt lat="27.518003" lon="89.644034">
				 <ele>2390.7</ele>
			 </trkpt>
			 <trkpt lat="27.517768" lon="89.643814">
				 <ele>2391.2</ele>
			 </trkpt>
			 <trkpt lat="27.517469" lon="89.643504">
				 <ele>2391.6</ele>
			 </trkpt>
			 <trkpt lat="27.517172" lon="89.643261">
				 <ele>2392.4</ele>
			 </trkpt>
			 <trkpt lat="27.516691" lon="89.642854">
				 <ele>2393.3</ele>
			 </trkpt>
			 <trkpt lat="27.516385" lon="89.642626">
				 <ele>2394.5</ele>
			 </trkpt>
			 <trkpt lat="27.516041" lon="89.642414">
				 <ele>2395.7</ele>
			 </trkpt>
			 <trkpt lat="27.515849" lon="89.64232">
				 <ele>2396.8</ele>
			 </trkpt>
			 <trkpt lat="27.515717" lon="89.642236">
				 <ele>2397.8</ele>
			 </trkpt>
			 <trkpt lat="27.515573" lon="89.642163">
				 <ele>2398.5</ele>
			 </trkpt>
			 <trkpt lat="27.515069" lon="89.641938">
				 <ele>2399</ele>
			 </trkpt>
			 <trkpt lat="27.514882" lon="89.641879">
				 <ele>2399.2</ele>
			 </trkpt>
			 <trkpt lat="27.514833" lon="89.641864">
				 <ele>2399.5</ele>
			 </trkpt>
			 <trkpt lat="27.514779" lon="89.641823">
				 <ele>2399.7</ele>
			 </trkpt>
			 <trkpt lat="27.514728" lon="89.641818">
				 <ele>2399.9</ele>
			 </trkpt>
			 <trkpt lat="27.514428" lon="89.641733">
				 <ele>2400</ele>
			 </trkpt>
			 <trkpt lat="27.513024" lon="89.641241">
				 <ele>2400</ele>
			 </trkpt>
			 <trkpt lat="27.512531" lon="89.641187">
				 <ele>2400.1</ele>
			 </trkpt>
			 <trkpt lat="27.512161" lon="89.641159">
				 <ele>2400.5</ele>
			 </trkpt>
			 <trkpt lat="27.512097" lon="89.641157">
				 <ele>2400.8</ele>
			 </trkpt>
			 <trkpt lat="27.511693" lon="89.641123">
				 <ele>2401.3</ele>
			 </trkpt>
			 <trkpt lat="27.511623" lon="89.641138">
				 <ele>2401.6</ele>
			 </trkpt>
			 <trkpt lat="27.51149" lon="89.641205">
				 <ele>2402.2</ele>
			 </trkpt>
			 <trkpt lat="27.511248" lon="89.641377">
				 <ele>2402.5</ele>
			 </trkpt>
			 <trkpt lat="27.511195" lon="89.641407">
				 <ele>2402.6</ele>
			 </trkpt>
			 <trkpt lat="27.51115" lon="89.641424">
				 <ele>2402.8</ele>
			 </trkpt>
			 <trkpt lat="27.510757" lon="89.641519">
				 <ele>2402.8</ele>
			 </trkpt>
			 <trkpt lat="27.510675" lon="89.641529">
				 <ele>2402.5</ele>
			 </trkpt>
			 <trkpt lat="27.510503" lon="89.641551">
				 <ele>2401.8</ele>
			 </trkpt>
			 <trkpt lat="27.510166" lon="89.641686">
				 <ele>2400.8</ele>
			 </trkpt>
			 <trkpt lat="27.510119" lon="89.641711">
				 <ele>2399.7</ele>
			 </trkpt>
			 <trkpt lat="27.509864" lon="89.641843">
				 <ele>2398.5</ele>
			 </trkpt>
			 <trkpt lat="27.509668" lon="89.641879">
				 <ele>2397.4</ele>
			 </trkpt>
			 <trkpt lat="27.509409" lon="89.641911">
				 <ele>2396.2</ele>
			 </trkpt>
			 <trkpt lat="27.509382" lon="89.641921">
				 <ele>2395.2</ele>
			 </trkpt>
			 <trkpt lat="27.509352" lon="89.641945">
				 <ele>2394.4</ele>
			 </trkpt>
			 <trkpt lat="27.509319" lon="89.641997">
				 <ele>2393.6</ele>
			 </trkpt>
			 <trkpt lat="27.509291" lon="89.642055">
				 <ele>2393.2</ele>
			 </trkpt>
			 <trkpt lat="27.509259" lon="89.642144">
				 <ele>2393.7</ele>
			 </trkpt>
			 <trkpt lat="27.509234" lon="89.642243">
				 <ele>2394.8</ele>
			 </trkpt>
			 <trkpt lat="27.509214" lon="89.642418">
				 <ele>2396.1</ele>
			 </trkpt>
			 <trkpt lat="27.509215" lon="89.642455">
				 <ele>2397.5</ele>
			 </trkpt>
			 <trkpt lat="27.509235" lon="89.642555">
				 <ele>2399.1</ele>
			 </trkpt>
			 <trkpt lat="27.509359" lon="89.642895">
				 <ele>2400.7</ele>
			 </trkpt>
			 <trkpt lat="27.509382" lon="89.642999">
				 <ele>2402.4</ele>
			 </trkpt>
			 <trkpt lat="27.509389" lon="89.643104">
				 <ele>2403.9</ele>
			 </trkpt>
			 <trkpt lat="27.509383" lon="89.643194">
				 <ele>2405.4</ele>
			 </trkpt>
			 <trkpt lat="27.509339" lon="89.643329">
				 <ele>2406.9</ele>
			 </trkpt>
			 <trkpt lat="27.509311" lon="89.643374">
				 <ele>2408.5</ele>
			 </trkpt>
			 <trkpt lat="27.509267" lon="89.643404">
				 <ele>2409.4</ele>
			 </trkpt>
			 <trkpt lat="27.509205" lon="89.643425">
				 <ele>2410.1</ele>
			 </trkpt>
			 <trkpt lat="27.50914" lon="89.643407">
				 <ele>2410.5</ele>
			 </trkpt>
			 <trkpt lat="27.509075" lon="89.643377">
				 <ele>2410.7</ele>
			 </trkpt>
			 <trkpt lat="27.509005" lon="89.64332">
				 <ele>2410.4</ele>
			 </trkpt>
			 <trkpt lat="27.508946" lon="89.643249">
				 <ele>2409.5</ele>
			 </trkpt>
			 <trkpt lat="27.508893" lon="89.643136">
				 <ele>2408.5</ele>
			 </trkpt>
			 <trkpt lat="27.508846" lon="89.643013">
				 <ele>2407.5</ele>
			 </trkpt>
			 <trkpt lat="27.508734" lon="89.642678">
				 <ele>2406.6</ele>
			 </trkpt>
			 <trkpt lat="27.508526" lon="89.642182">
				 <ele>2405.7</ele>
			 </trkpt>
			 <trkpt lat="27.50843" lon="89.642013">
				 <ele>2405.4</ele>
			 </trkpt>
			 <trkpt lat="27.508309" lon="89.641919">
				 <ele>2405.4</ele>
			 </trkpt>
			 <trkpt lat="27.508202" lon="89.641914">
				 <ele>2405.5</ele>
			 </trkpt>
			 <trkpt lat="27.508" lon="89.641948">
				 <ele>2405.8</ele>
			 </trkpt>
			 <trkpt lat="27.50779" lon="89.642018">
				 <ele>2406.5</ele>
			 </trkpt>
			 <trkpt lat="27.50753" lon="89.64223">
				 <ele>2408.2</ele>
			 </trkpt>
			 <trkpt lat="27.507183" lon="89.642571">
				 <ele>2410.2</ele>
			 </trkpt>
			 <trkpt lat="27.506965" lon="89.642711">
				 <ele>2412.3</ele>
			 </trkpt>
			 <trkpt lat="27.506704" lon="89.642844">
				 <ele>2414.4</ele>
			 </trkpt>
			 <trkpt lat="27.506278" lon="89.642994">
				 <ele>2415.9</ele>
			 </trkpt>
			 <trkpt lat="27.506027" lon="89.643128">
				 <ele>2417</ele>
			 </trkpt>
			 <trkpt lat="27.505971" lon="89.643143">
				 <ele>2417.5</ele>
			 </trkpt>
			 <trkpt lat="27.505911" lon="89.643149">
				 <ele>2417.5</ele>
			 </trkpt>
			 <trkpt lat="27.505854" lon="89.643142">
				 <ele>2417.5</ele>
			 </trkpt>
			 <trkpt lat="27.505528" lon="89.643053">
				 <ele>2417.2</ele>
			 </trkpt>
			 <trkpt lat="27.504737" lon="89.642965">
				 <ele>2416.3</ele>
			 </trkpt>
			 <trkpt lat="27.504485" lon="89.642957">
				 <ele>2414.6</ele>
			 </trkpt>
			 <trkpt lat="27.504235" lon="89.642958">
				 <ele>2412.9</ele>
			 </trkpt>
			 <trkpt lat="27.504183" lon="89.642938">
				 <ele>2411.2</ele>
			 </trkpt>
			 <trkpt lat="27.504135" lon="89.642911">
				 <ele>2409.5</ele>
			 </trkpt>
			 <trkpt lat="27.50403" lon="89.642797">
				 <ele>2408.2</ele>
			 </trkpt>
			 <trkpt lat="27.503975" lon="89.642746">
				 <ele>2407.4</ele>
			 </trkpt>
			 <trkpt lat="27.503916" lon="89.642714">
				 <ele>2407.2</ele>
			 </trkpt>
			 <trkpt lat="27.503855" lon="89.642695">
				 <ele>2407.1</ele>
			 </trkpt>
			 <trkpt lat="27.503801" lon="89.642688">
				 <ele>2407.2</ele>
			 </trkpt>
			 <trkpt lat="27.503732" lon="89.64269">
				 <ele>2406.5</ele>
			 </trkpt>
			 <trkpt lat="27.503621" lon="89.642711">
				 <ele>2406.5</ele>
			 </trkpt>
			 <trkpt lat="27.503337" lon="89.642789">
				 <ele>2407</ele>
			 </trkpt>
			 <trkpt lat="27.503261" lon="89.642816">
				 <ele>2408.6</ele>
			 </trkpt>
			 <trkpt lat="27.503165" lon="89.642828">
				 <ele>2410.5</ele>
			 </trkpt>
			 <trkpt lat="27.502676" lon="89.642689">
				 <ele>2412.5</ele>
			 </trkpt>
			 <trkpt lat="27.502304" lon="89.642706">
				 <ele>2413.3</ele>
			 </trkpt>
			 <trkpt lat="27.502231" lon="89.642722">
				 <ele>2413.5</ele>
			 </trkpt>
			 <trkpt lat="27.501954" lon="89.642874">
				 <ele>2412.9</ele>
			 </trkpt>
			 <trkpt lat="27.501847" lon="89.642897">
				 <ele>2412</ele>
			 </trkpt>
			 <trkpt lat="27.501737" lon="89.642877">
				 <ele>2411</ele>
			 </trkpt>
			 <trkpt lat="27.501465" lon="89.642703">
				 <ele>2410.9</ele>
			 </trkpt>
			 <trkpt lat="27.501359" lon="89.642654">
				 <ele>2410.6</ele>
			 </trkpt>
			 <trkpt lat="27.501222" lon="89.642627">
				 <ele>2410.5</ele>
			 </trkpt>
			 <trkpt lat="27.501161" lon="89.642621">
				 <ele>2409</ele>
			 </trkpt>
			 <trkpt lat="27.501111" lon="89.642627">
				 <ele>2406.7</ele>
			 </trkpt>
			 <trkpt lat="27.501053" lon="89.642651">
				 <ele>2404</ele>
			 </trkpt>
			 <trkpt lat="27.500932" lon="89.642715">
				 <ele>2402.2</ele>
			 </trkpt>
			 <trkpt lat="27.500751" lon="89.64278">
				 <ele>2401</ele>
			 </trkpt>
			 <trkpt lat="27.500649" lon="89.642726">
				 <ele>2400.2</ele>
			 </trkpt>
			 <trkpt lat="27.50051" lon="89.642548">
				 <ele>2399.5</ele>
			 </trkpt>
			 <trkpt lat="27.50034" lon="89.642396">
				 <ele>2399</ele>
			 </trkpt>
			 <trkpt lat="27.50019" lon="89.642343">
				 <ele>2399</ele>
			 </trkpt>
			 <trkpt lat="27.499952" lon="89.642378">
				 <ele>2399</ele>
			 </trkpt>
			 <trkpt lat="27.499716" lon="89.642485">
				 <ele>2398.7</ele>
			 </trkpt>
			 <trkpt lat="27.499521" lon="89.642597">
				 <ele>2398.5</ele>
			 </trkpt>
			 <trkpt lat="27.499376" lon="89.642771">
				 <ele>2398.5</ele>
			 </trkpt>
			 <trkpt lat="27.499338" lon="89.642995">
				 <ele>2399.2</ele>
			 </trkpt>
			 <trkpt lat="27.499269" lon="89.643099">
				 <ele>2399.5</ele>
			 </trkpt>
			 <trkpt lat="27.499167" lon="89.643126">
				 <ele>2399.1</ele>
			 </trkpt>
			 <trkpt lat="27.498895" lon="89.643">
				 <ele>2398.2</ele>
			 </trkpt>
			 <trkpt lat="27.498767" lon="89.642932">
				 <ele>2397.2</ele>
			 </trkpt>
			 <trkpt lat="27.498667" lon="89.642879">
				 <ele>2396</ele>
			 </trkpt>
			 <trkpt lat="27.498431" lon="89.642705">
				 <ele>2394.3</ele>
			 </trkpt>
			 <trkpt lat="27.498358" lon="89.642584">
				 <ele>2392.4</ele>
			 </trkpt>
			 <trkpt lat="27.498234" lon="89.642488">
				 <ele>2390.4</ele>
			 </trkpt>
			 <trkpt lat="27.498113" lon="89.642466">
				 <ele>2388.2</ele>
			 </trkpt>
			 <trkpt lat="27.497846" lon="89.642493">
				 <ele>2385.5</ele>
			 </trkpt>
			 <trkpt lat="27.497582" lon="89.642496">
				 <ele>2382.8</ele>
			 </trkpt>
			 <trkpt lat="27.49727" lon="89.642482">
				 <ele>2380.7</ele>
			 </trkpt>
			 <trkpt lat="27.497025" lon="89.642391">
				 <ele>2379</ele>
			 </trkpt>
			 <trkpt lat="27.496583" lon="89.642276">
				 <ele>2378</ele>
			 </trkpt>
			 <trkpt lat="27.496066" lon="89.642064">
				 <ele>2377.3</ele>
			 </trkpt>
			 <trkpt lat="27.49598" lon="89.64205">
				 <ele>2376.5</ele>
			 </trkpt>
			 <trkpt lat="27.495913" lon="89.642051">
				 <ele>2375.7</ele>
			 </trkpt>
			 <trkpt lat="27.495851" lon="89.642069">
				 <ele>2374.8</ele>
			 </trkpt>
			 <trkpt lat="27.495769" lon="89.642135">
				 <ele>2373.4</ele>
			 </trkpt>
			 <trkpt lat="27.495674" lon="89.642193">
				 <ele>2372.2</ele>
			 </trkpt>
			 <trkpt lat="27.495587" lon="89.642207">
				 <ele>2371.8</ele>
			 </trkpt>
			 <trkpt lat="27.495509" lon="89.642186">
				 <ele>2371.7</ele>
			 </trkpt>
			 <trkpt lat="27.495415" lon="89.642149">
				 <ele>2371.6</ele>
			 </trkpt>
			 <trkpt lat="27.495034" lon="89.641937">
				 <ele>2371.5</ele>
			 </trkpt>
			 <trkpt lat="27.494922" lon="89.641896">
				 <ele>2370.6</ele>
			 </trkpt>
			 <trkpt lat="27.494801" lon="89.641912">
				 <ele>2369.4</ele>
			 </trkpt>
			 <trkpt lat="27.494622" lon="89.641992">
				 <ele>2367.8</ele>
			 </trkpt>
			 <trkpt lat="27.494551" lon="89.642">
				 <ele>2366.4</ele>
			 </trkpt>
			 <trkpt lat="27.494452" lon="89.641979">
				 <ele>2364.9</ele>
			 </trkpt>
			 <trkpt lat="27.494281" lon="89.641869">
				 <ele>2364</ele>
			 </trkpt>
			 <trkpt lat="27.494105" lon="89.641746">
				 <ele>2362.7</ele>
			 </trkpt>
			 <trkpt lat="27.493934" lon="89.6416">
				 <ele>2361.2</ele>
			 </trkpt>
			 <trkpt lat="27.493742" lon="89.641464">
				 <ele>2359.3</ele>
			 </trkpt>
			 <trkpt lat="27.49371" lon="89.64143">
				 <ele>2357.2</ele>
			 </trkpt>
			 <trkpt lat="27.493534" lon="89.641156">
				 <ele>2355</ele>
			 </trkpt>
			 <trkpt lat="27.493104" lon="89.640417">
				 <ele>2353.1</ele>
			 </trkpt>
			 <trkpt lat="27.492894" lon="89.640087">
				 <ele>2351.4</ele>
			 </trkpt>
			 <trkpt lat="27.492734" lon="89.639849">
				 <ele>2349.8</ele>
			 </trkpt>
			 <trkpt lat="27.492631" lon="89.639677">
				 <ele>2348.1</ele>
			 </trkpt>
			 <trkpt lat="27.492459" lon="89.639484">
				 <ele>2346.4</ele>
			 </trkpt>
			 <trkpt lat="27.492359" lon="89.639427">
				 <ele>2344.4</ele>
			 </trkpt>
			 <trkpt lat="27.492249" lon="89.639376">
				 <ele>2342.7</ele>
			 </trkpt>
			 <trkpt lat="27.492136" lon="89.639346">
				 <ele>2341.2</ele>
			 </trkpt>
			 <trkpt lat="27.491761" lon="89.639256">
				 <ele>2339.8</ele>
			 </trkpt>
			 <trkpt lat="27.491632" lon="89.639218">
				 <ele>2338.5</ele>
			 </trkpt>
			 <trkpt lat="27.491128" lon="89.639043">
				 <ele>2337.3</ele>
			 </trkpt>
			 <trkpt lat="27.490972" lon="89.639037">
				 <ele>2336.1</ele>
			 </trkpt>
			 <trkpt lat="27.490408" lon="89.639097">
				 <ele>2335</ele>
			 </trkpt>
			 <trkpt lat="27.490222" lon="89.639143">
				 <ele>2334.4</ele>
			 </trkpt>
			 <trkpt lat="27.490123" lon="89.639145">
				 <ele>2334</ele>
			 </trkpt>
			 <trkpt lat="27.489856" lon="89.639112">
				 <ele>2333.6</ele>
			 </trkpt>
			 <trkpt lat="27.489766" lon="89.639127">
				 <ele>2333.7</ele>
			 </trkpt>
			 <trkpt lat="27.4897" lon="89.639168">
				 <ele>2333.8</ele>
			 </trkpt>
			 <trkpt lat="27.489383" lon="89.639447">
				 <ele>2333.8</ele>
			 </trkpt>
			 <trkpt lat="27.489262" lon="89.639513">
				 <ele>2333.6</ele>
			 </trkpt>
			 <trkpt lat="27.488997" lon="89.639582">
				 <ele>2333.2</ele>
			 </trkpt>
			 <trkpt lat="27.488562" lon="89.639651">
				 <ele>2332.4</ele>
			 </trkpt>
			 <trkpt lat="27.488407" lon="89.639656">
				 <ele>2331.9</ele>
			 </trkpt>
			 <trkpt lat="27.48826" lon="89.639621">
				 <ele>2331.5</ele>
			 </trkpt>
			 <trkpt lat="27.488029" lon="89.639545">
				 <ele>2330.6</ele>
			 </trkpt>
			 <trkpt lat="27.487865" lon="89.639463">
				 <ele>2329.6</ele>
			 </trkpt>
			 <trkpt lat="27.48757" lon="89.639289">
				 <ele>2328.6</ele>
			 </trkpt>
			 <trkpt lat="27.487214" lon="89.639227">
				 <ele>2327.7</ele>
			 </trkpt>
			 <trkpt lat="27.487052" lon="89.639177">
				 <ele>2327</ele>
			 </trkpt>
			 <trkpt lat="27.486951" lon="89.639113">
				 <ele>2326.4</ele>
			 </trkpt>
			 <trkpt lat="27.486763" lon="89.638937">
				 <ele>2325.9</ele>
			 </trkpt>
			 <trkpt lat="27.486684" lon="89.638817">
				 <ele>2325.7</ele>
			 </trkpt>
			 <trkpt lat="27.486526" lon="89.638755">
				 <ele>2326.5</ele>
			 </trkpt>
			 <trkpt lat="27.485923" lon="89.638571">
				 <ele>2326.7</ele>
			 </trkpt>
			 <trkpt lat="27.485677" lon="89.638537">
				 <ele>2327.1</ele>
			 </trkpt>
			 <trkpt lat="27.485627" lon="89.638544">
				 <ele>2327.4</ele>
			 </trkpt>
			 <trkpt lat="27.485308" lon="89.638595">
				 <ele>2328.1</ele>
			 </trkpt>
			 <trkpt lat="27.484767" lon="89.638862">
				 <ele>2329</ele>
			 </trkpt>
			 <trkpt lat="27.484534" lon="89.638946">
				 <ele>2329.7</ele>
			 </trkpt>
			 <trkpt lat="27.484417" lon="89.639062">
				 <ele>2330</ele>
			 </trkpt>
			 <trkpt lat="27.484303" lon="89.639138">
				 <ele>2330.1</ele>
			 </trkpt>
			 <trkpt lat="27.484108" lon="89.639355">
				 <ele>2330.2</ele>
			 </trkpt>
			 <trkpt lat="27.483996" lon="89.639446">
				 <ele>2330.4</ele>
			 </trkpt>
			 <trkpt lat="27.483915" lon="89.639485">
				 <ele>2330.2</ele>
			 </trkpt>
			 <trkpt lat="27.483567" lon="89.639567">
				 <ele>2330</ele>
			 </trkpt>
			 <trkpt lat="27.483184" lon="89.639619">
				 <ele>2329.6</ele>
			 </trkpt>
			 <trkpt lat="27.483065" lon="89.639647">
				 <ele>2329.2</ele>
			 </trkpt>
			 <trkpt lat="27.482959" lon="89.639707">
				 <ele>2328.4</ele>
			 </trkpt>
			 <trkpt lat="27.482826" lon="89.639745">
				 <ele>2327.5</ele>
			 </trkpt>
			 <trkpt lat="27.482347" lon="89.639763">
				 <ele>2326.8</ele>
			 </trkpt>
			 <trkpt lat="27.481822" lon="89.639752">
				 <ele>2326.5</ele>
			 </trkpt>
			 <trkpt lat="27.481462" lon="89.639775">
				 <ele>2326.4</ele>
			 </trkpt>
			 <trkpt lat="27.481388" lon="89.639796">
				 <ele>2326.1</ele>
			 </trkpt>
			 <trkpt lat="27.481156" lon="89.639949">
				 <ele>2325.6</ele>
			 </trkpt>
			 <trkpt lat="27.481065" lon="89.63998">
				 <ele>2325.2</ele>
			 </trkpt>
			 <trkpt lat="27.48103" lon="89.639983">
				 <ele>2324.7</ele>
			 </trkpt>
			 <trkpt lat="27.480957" lon="89.639989">
				 <ele>2324.4</ele>
			 </trkpt>
			 <trkpt lat="27.480844" lon="89.639953">
				 <ele>2324.1</ele>
			 </trkpt>
			 <trkpt lat="27.48077" lon="89.639909">
				 <ele>2323.8</ele>
			 </trkpt>
			 <trkpt lat="27.480697" lon="89.639887">
				 <ele>2323.3</ele>
			 </trkpt>
			 <trkpt lat="27.480513" lon="89.639883">
				 <ele>2322.7</ele>
			 </trkpt>
			 <trkpt lat="27.480305" lon="89.639916">
				 <ele>2322.1</ele>
			 </trkpt>
			 <trkpt lat="27.480148" lon="89.639958">
				 <ele>2321.4</ele>
			 </trkpt>
			 <trkpt lat="27.48003" lon="89.639978">
				 <ele>2320.9</ele>
			 </trkpt>
			 <trkpt lat="27.479864" lon="89.639951">
				 <ele>2320.7</ele>
			 </trkpt>
			 <trkpt lat="27.479785" lon="89.639951">
				 <ele>2320.8</ele>
			 </trkpt>
			 <trkpt lat="27.479703" lon="89.639963">
				 <ele>2321.4</ele>
			 </trkpt>
			 <trkpt lat="27.479592" lon="89.63998">
				 <ele>2322.7</ele>
			 </trkpt>
			 <trkpt lat="27.479414" lon="89.640024">
				 <ele>2324</ele>
			 </trkpt>
			 <trkpt lat="27.479238" lon="89.640089">
				 <ele>2325.3</ele>
			 </trkpt>
			 <trkpt lat="27.47913" lon="89.640148">
				 <ele>2326.5</ele>
			 </trkpt>
			 <trkpt lat="27.479002" lon="89.64024">
				 <ele>2327.5</ele>
			 </trkpt>
			 <trkpt lat="27.478739" lon="89.640491">
				 <ele>2328.7</ele>
			 </trkpt>
			 <trkpt lat="27.478398" lon="89.640652">
				 <ele>2330.4</ele>
			 </trkpt>
			 <trkpt lat="27.478298" lon="89.640719">
				 <ele>2331.9</ele>
			 </trkpt>
			 <trkpt lat="27.478072" lon="89.640819">
				 <ele>2333.1</ele>
			 </trkpt>
			 <trkpt lat="27.47789" lon="89.64092">
				 <ele>2333.5</ele>
			 </trkpt>
			 <trkpt lat="27.47783" lon="89.64097">
				 <ele>2333.5</ele>
			 </trkpt>
			 <trkpt lat="27.477693" lon="89.641197">
				 <ele>2332.5</ele>
			 </trkpt>
			 <trkpt lat="27.477623" lon="89.641278">
				 <ele>2331.5</ele>
			 </trkpt>
			 <trkpt lat="27.477509" lon="89.641354">
				 <ele>2330.6</ele>
			 </trkpt>
			 <trkpt lat="27.477276" lon="89.641372">
				 <ele>2330.6</ele>
			 </trkpt>
			 <trkpt lat="27.477163" lon="89.641391">
				 <ele>2330.8</ele>
			 </trkpt>
			 <trkpt lat="27.477057" lon="89.641454">
				 <ele>2330.8</ele>
			 </trkpt>
			 <trkpt lat="27.476934" lon="89.641578">
				 <ele>2330.3</ele>
			 </trkpt>
			 <trkpt lat="27.476852" lon="89.641716">
				 <ele>2329.7</ele>
			 </trkpt>
			 <trkpt lat="27.476769" lon="89.641987">
				 <ele>2329.6</ele>
			 </trkpt>
			 <trkpt lat="27.476723" lon="89.642091">
				 <ele>2329.9</ele>
			 </trkpt>
			 <trkpt lat="27.47665" lon="89.642173">
				 <ele>2330.1</ele>
			 </trkpt>
			 <trkpt lat="27.476505" lon="89.642284">
				 <ele>2330.3</ele>
			 </trkpt>
			 <trkpt lat="27.476419" lon="89.64236">
				 <ele>2330.4</ele>
			 </trkpt>
			 <trkpt lat="27.47624" lon="89.642637">
				 <ele>2330.5</ele>
			 </trkpt>
			 <trkpt lat="27.476174" lon="89.642673">
				 <ele>2330</ele>
			 </trkpt>
			 <trkpt lat="27.476054" lon="89.642697">
				 <ele>2329.3</ele>
			 </trkpt>
			 <trkpt lat="27.475965" lon="89.642724">
				 <ele>2328.6</ele>
			 </trkpt>
			 <trkpt lat="27.47585" lon="89.642785">
				 <ele>2327.9</ele>
			 </trkpt>
			 <trkpt lat="27.475662" lon="89.642926">
				 <ele>2327.2</ele>
			 </trkpt>
			 <trkpt lat="27.475597" lon="89.642963">
				 <ele>2326.2</ele>
			 </trkpt>
			 <trkpt lat="27.475416" lon="89.643017">
				 <ele>2325.3</ele>
			 </trkpt>
			 <trkpt lat="27.47531" lon="89.64307">
				 <ele>2324.5</ele>
			 </trkpt>
			 <trkpt lat="27.474952" lon="89.643269">
				 <ele>2323.7</ele>
			 </trkpt>
			 <trkpt lat="27.474904" lon="89.643289">
				 <ele>2323.2</ele>
			 </trkpt>
			 <trkpt lat="27.474843" lon="89.643317">
				 <ele>2322.5</ele>
			 </trkpt>
			 <trkpt lat="27.47474" lon="89.643341">
				 <ele>2322.1</ele>
			 </trkpt>
			 <trkpt lat="27.474162" lon="89.643515">
				 <ele>2321.8</ele>
			 </trkpt>
			 <trkpt lat="27.473989" lon="89.643541">
				 <ele>2321.6</ele>
			 </trkpt>
			 <trkpt lat="27.473938" lon="89.643561">
				 <ele>2321.5</ele>
			 </trkpt>
			 <trkpt lat="27.473854" lon="89.643591">
				 <ele>2321.4</ele>
			 </trkpt>
			 <trkpt lat="27.473724" lon="89.643683">
				 <ele>2321.1</ele>
			 </trkpt>
			 <trkpt lat="27.473681" lon="89.643704">
				 <ele>2320.7</ele>
			 </trkpt>
			 <trkpt lat="27.473623" lon="89.643712">
				 <ele>2320.5</ele>
			 </trkpt>
			 <trkpt lat="27.473511" lon="89.643695">
				 <ele>2320.1</ele>
			 </trkpt>
			 <trkpt lat="27.473478" lon="89.643667">
				 <ele>2319.6</ele>
			 </trkpt>
			 <trkpt lat="27.473436" lon="89.643642">
				 <ele>2319.1</ele>
			 </trkpt>
			 <trkpt lat="27.473412" lon="89.643609">
				 <ele>2318.4</ele>
			 </trkpt>
			 <trkpt lat="27.473365" lon="89.643568">
				 <ele>2317.6</ele>
			 </trkpt>
			 <trkpt lat="27.473283" lon="89.64351">
				 <ele>2316.8</ele>
			 </trkpt>
			 <trkpt lat="27.473191" lon="89.643469">
				 <ele>2316.1</ele>
			 </trkpt>
			 <trkpt lat="27.473064" lon="89.643479">
				 <ele>2315.5</ele>
			 </trkpt>
			 <trkpt lat="27.472879" lon="89.643508">
				 <ele>2315.2</ele>
			 </trkpt>
			 <trkpt lat="27.472748" lon="89.643509">
				 <ele>2315.1</ele>
			 </trkpt>
			 <trkpt lat="27.472644" lon="89.643485">
				 <ele>2315.3</ele>
			 </trkpt>
			 <trkpt lat="27.472489" lon="89.643474">
				 <ele>2315.6</ele>
			 </trkpt>
			 <trkpt lat="27.472391" lon="89.643494">
				 <ele>2316</ele>
			 </trkpt>
			 <trkpt lat="27.47197" lon="89.643669">
				 <ele>2316.3</ele>
			 </trkpt>
			 <trkpt lat="27.471646" lon="89.643782">
				 <ele>2316.5</ele>
			 </trkpt>
			 <trkpt lat="27.471473" lon="89.643931">
				 <ele>2316.9</ele>
			 </trkpt>
			 <trkpt lat="27.471417" lon="89.643963">
				 <ele>2317.4</ele>
			 </trkpt>
			 <trkpt lat="27.471065" lon="89.644071">
				 <ele>2317.9</ele>
			 </trkpt>
			 <trkpt lat="27.470822" lon="89.64412">
				 <ele>2318.4</ele>
			 </trkpt>
			 <trkpt lat="27.470563" lon="89.644144">
				 <ele>2318.5</ele>
			 </trkpt>
			 <trkpt lat="27.470313" lon="89.644146">
				 <ele>2318.4</ele>
			 </trkpt>
			 <trkpt lat="27.470161" lon="89.644155">
				 <ele>2317.6</ele>
			 </trkpt>
			 <trkpt lat="27.470042" lon="89.644149">
				 <ele>2316.7</ele>
			 </trkpt>
			 <trkpt lat="27.469956" lon="89.644136">
				 <ele>2315.8</ele>
			 </trkpt>
			 <trkpt lat="27.46978" lon="89.644117">
				 <ele>2315</ele>
			 </trkpt>
			 <trkpt lat="27.469649" lon="89.644085">
				 <ele>2314.2</ele>
			 </trkpt>
			 <trkpt lat="27.46866" lon="89.643753">
				 <ele>2313.3</ele>
			 </trkpt>
			 <trkpt lat="27.468453" lon="89.643694">
				 <ele>2312.4</ele>
			 </trkpt>
			 <trkpt lat="27.467976" lon="89.643621">
				 <ele>2311.5</ele>
			 </trkpt>
			 <trkpt lat="27.46791" lon="89.643634">
				 <ele>2310.5</ele>
			 </trkpt>
			 <trkpt lat="27.467678" lon="89.643625">
				 <ele>2309.6</ele>
			 </trkpt>
			 <trkpt lat="27.467557" lon="89.643643">
				 <ele>2308.7</ele>
			 </trkpt>
			 <trkpt lat="27.467511" lon="89.643654">
				 <ele>2308.2</ele>
			 </trkpt>
			 <trkpt lat="27.467466" lon="89.643635">
				 <ele>2307.5</ele>
			 </trkpt>
			 <trkpt lat="27.467437" lon="89.643589">
				 <ele>2306.9</ele>
			 </trkpt>
			 <trkpt lat="27.467435" lon="89.643533">
				 <ele>2306.3</ele>
			 </trkpt>
			 <trkpt lat="27.467469" lon="89.643478">
				 <ele>2305.8</ele>
			 </trkpt>
			 <trkpt lat="27.46749" lon="89.643397">
				 <ele>2305.5</ele>
			 </trkpt>
			 <trkpt lat="27.467497" lon="89.643247">
				 <ele>2305.3</ele>
			 </trkpt>
			 <trkpt lat="27.46748" lon="89.643154">
				 <ele>2305</ele>
			 </trkpt>
			 <trkpt lat="27.467462" lon="89.64305">
				 <ele>2304.7</ele>
			 </trkpt>
			 <trkpt lat="27.467331" lon="89.642299">
				 <ele>2304.6</ele>
			 </trkpt>
			 <trkpt lat="27.467226" lon="89.641695">
				 <ele>2304.7</ele>
			 </trkpt>
			 <trkpt lat="27.467258" lon="89.641587">
				 <ele>2305</ele>
			 </trkpt>
			 <trkpt lat="27.46728" lon="89.641554">
				 <ele>2305.3</ele>
			 </trkpt>
			 <trkpt lat="27.467243" lon="89.641523">
				 <ele>2305.5</ele>
			 </trkpt>
			 <trkpt lat="27.467376" lon="89.641469">
				 <ele>2305.7</ele>
			 </trkpt>
			 <trkpt lat="27.467572" lon="89.64141">
				 <ele>2305.9</ele>
			 </trkpt>
			 <trkpt lat="27.468048" lon="89.641246">
				 <ele>2305.9</ele>
			 </trkpt>
			 <trkpt lat="27.468333" lon="89.641193">
				 <ele>2305.8</ele>
			 </trkpt>
			 <trkpt lat="27.468419" lon="89.641179">
				 <ele>2305.4</ele>
			 </trkpt>
			 <trkpt lat="27.468378" lon="89.641244">
				 <ele>2304.7</ele>
			 </trkpt>
			 <trkpt lat="27.467917" lon="89.641378">
				 <ele>2303.9</ele>
			 </trkpt>
			 <trkpt lat="27.467681" lon="89.64148">
				 <ele>2303</ele>
			 </trkpt>
			 <trkpt lat="27.467622" lon="89.641601">
				 <ele>2302.2</ele>
			 </trkpt>
			 <trkpt lat="27.467629" lon="89.641877">
				 <ele>2301.5</ele>
			 </trkpt>
			 <trkpt lat="27.467717" lon="89.642107">
				 <ele>2300.6</ele>
			 </trkpt>
			 <trkpt lat="27.467843" lon="89.64214">
				 <ele>2300</ele>
			 </trkpt>
			 <trkpt lat="27.468055" lon="89.642107">
				 <ele>2299.4</ele>
			 </trkpt>
			 <trkpt lat="27.4685" lon="89.64204">
				 <ele>2298.7</ele>
			 </trkpt>
			 <trkpt lat="27.469409" lon="89.641901">
				 <ele>2297.9</ele>
			 </trkpt>
			 <trkpt lat="27.469947" lon="89.64182">
				 <ele>2297.4</ele>
			 </trkpt>
			 <trkpt lat="27.47017" lon="89.641802">
				 <ele>2297.3</ele>
			 </trkpt>
		 </trkseg>
	 </trk>
</gpx>