<?xml version="1.0" encoding="UTF-8"?>
 <gpx creator="Garmin Connect" version="1.1"
	 xsi:schemaLocation="http://www.topografix.com/GPX/1/1 http://www.topografix.com/GPX/11.xsd"
	 xmlns:ns3="http://www.garmin.com/xmlschemas/TrackPointExtension/v1"
	 xmlns="http://www.topografix.com/GPX/1/1"
	 xmlns:xsi="http://www.w3.org/2001/XMLSchema-instance" xmlns:ns2="http://www.garmin.com/xmlschemas/GpxExtensions/v3">
	 <metadata>
		<name>Three Bridges Run 2025 - 42.195 km</name>
		 <link href="https://www.goandrace.com">
		 <text>Garmin Connect</text>
		 </link>
	 <time>2026-08-09T18:06:27</time>
	 </metadata>
	 <trk>
		 <name>Three Bridges Run 2025 - 42.195 km</name>
		 <trkseg>
			 <trkpt lat="-33.81041" lon="151.025207">
				 <ele>12.2</ele>
			 </trkpt>
			 <trkpt lat="-33.810424" lon="151.025179">
				 <ele>11.9</ele>
			 </trkpt>
			 <trkpt lat="-33.810437" lon="151.02515">
				 <ele>11.6</ele>
			 </trkpt>
			 <trkpt lat="-33.810446" lon="151.025097">
				 <ele>11.4</ele>
			 </trkpt>
			 <trkpt lat="-33.810454" lon="151.025044">
				 <ele>11.3</ele>
			 </trkpt>
			 <trkpt lat="-33.810463" lon="151.024989">
				 <ele>11.2</ele>
			 </trkpt>
			 <trkpt lat="-33.810472" lon="151.024934">
				 <ele>10.9</ele>
			 </trkpt>
			 <trkpt lat="-33.810479" lon="151.024885">
				 <ele>10.6</ele>
			 </trkpt>
			 <trkpt lat="-33.810486" lon="151.024835">
				 <ele>10.4</ele>
			 </trkpt>
			 <trkpt lat="-33.81048" lon="151.024779">
				 <ele>10.2</ele>
			 </trkpt>
			 <trkpt lat="-33.810475" lon="151.024722">
				 <ele>10.1</ele>
			 </trkpt>
			 <trkpt lat="-33.810465" lon="151.02466">
				 <ele>10.1</ele>
			 </trkpt>
			 <trkpt lat="-33.810454" lon="151.024598">
				 <ele>10.2</ele>
			 </trkpt>
			 <trkpt lat="-33.810439" lon="151.024545">
				 <ele>10.3</ele>
			 </trkpt>
			 <trkpt lat="-33.810425" lon="151.024492">
				 <ele>10.5</ele>
			 </trkpt>
			 <trkpt lat="-33.810401" lon="151.024448">
				 <ele>10.6</ele>
			 </trkpt>
			 <trkpt lat="-33.810377" lon="151.024403">
				 <ele>10.8</ele>
			 </trkpt>
			 <trkpt lat="-33.810351" lon="151.024351">
				 <ele>11.1</ele>
			 </trkpt>
			 <trkpt lat="-33.810325" lon="151.024299">
				 <ele>11.4</ele>
			 </trkpt>
			 <trkpt lat="-33.810323" lon="151.024257">
				 <ele>11.5</ele>
			 </trkpt>
			 <trkpt lat="-33.81032" lon="151.024215">
				 <ele>11.7</ele>
			 </trkpt>
			 <trkpt lat="-33.81033" lon="151.024179">
				 <ele>11.9</ele>
			 </trkpt>
			 <trkpt lat="-33.810339" lon="151.024143">
				 <ele>12</ele>
			 </trkpt>
			 <trkpt lat="-33.810365" lon="151.024098">
				 <ele>12.1</ele>
			 </trkpt>
			 <trkpt lat="-33.810412" lon="151.024111">
				 <ele>12.2</ele>
			 </trkpt>
			 <trkpt lat="-33.810466" lon="151.024128">
				 <ele>12.2</ele>
			 </trkpt>
			 <trkpt lat="-33.810519" lon="151.024145">
				 <ele>12.2</ele>
			 </trkpt>
			 <trkpt lat="-33.810577" lon="151.024165">
				 <ele>12.2</ele>
			 </trkpt>
			 <trkpt lat="-33.810634" lon="151.024184">
				 <ele>12.1</ele>
			 </trkpt>
			 <trkpt lat="-33.810692" lon="151.024204">
				 <ele>12.1</ele>
			 </trkpt>
			 <trkpt lat="-33.810749" lon="151.024236">
				 <ele>12.2</ele>
			 </trkpt>
			 <trkpt lat="-33.810806" lon="151.024268">
				 <ele>12.3</ele>
			 </trkpt>
			 <trkpt lat="-33.810863" lon="151.0243">
				 <ele>12.4</ele>
			 </trkpt>
			 <trkpt lat="-33.810907" lon="151.024335">
				 <ele>12.5</ele>
			 </trkpt>
			 <trkpt lat="-33.81095" lon="151.024369">
				 <ele>12.5</ele>
			 </trkpt>
			 <trkpt lat="-33.810994" lon="151.024404">
				 <ele>12.7</ele>
			 </trkpt>
			 <trkpt lat="-33.811024" lon="151.024434">
				 <ele>12.9</ele>
			 </trkpt>
			 <trkpt lat="-33.811053" lon="151.024465">
				 <ele>13.1</ele>
			 </trkpt>
			 <trkpt lat="-33.811082" lon="151.024496">
				 <ele>13.3</ele>
			 </trkpt>
			 <trkpt lat="-33.811111" lon="151.024526">
				 <ele>13.5</ele>
			 </trkpt>
			 <trkpt lat="-33.811138" lon="151.02456">
				 <ele>13.7</ele>
			 </trkpt>
			 <trkpt lat="-33.811166" lon="151.024594">
				 <ele>13.9</ele>
			 </trkpt>
			 <trkpt lat="-33.811193" lon="151.024628">
				 <ele>14.2</ele>
			 </trkpt>
			 <trkpt lat="-33.81122" lon="151.024661">
				 <ele>14.5</ele>
			 </trkpt>
			 <trkpt lat="-33.81124" lon="151.024692">
				 <ele>14.8</ele>
			 </trkpt>
			 <trkpt lat="-33.811261" lon="151.024723">
				 <ele>15.2</ele>
			 </trkpt>
			 <trkpt lat="-33.811282" lon="151.024754">
				 <ele>15.5</ele>
			 </trkpt>
			 <trkpt lat="-33.811302" lon="151.024784">
				 <ele>15.9</ele>
			 </trkpt>
			 <trkpt lat="-33.811335" lon="151.02483">
				 <ele>16.3</ele>
			 </trkpt>
			 <trkpt lat="-33.811367" lon="151.024875">
				 <ele>16.6</ele>
			 </trkpt>
			 <trkpt lat="-33.8114" lon="151.024921">
				 <ele>16.9</ele>
			 </trkpt>
			 <trkpt lat="-33.811433" lon="151.024967">
				 <ele>17.3</ele>
			 </trkpt>
			 <trkpt lat="-33.811465" lon="151.025013">
				 <ele>17.6</ele>
			 </trkpt>
			 <trkpt lat="-33.811498" lon="151.025058">
				 <ele>17.9</ele>
			 </trkpt>
			 <trkpt lat="-33.811519" lon="151.02509">
				 <ele>18.2</ele>
			 </trkpt>
			 <trkpt lat="-33.81154" lon="151.025121">
				 <ele>18.4</ele>
			 </trkpt>
			 <trkpt lat="-33.811561" lon="151.025152">
				 <ele>18.5</ele>
			 </trkpt>
			 <trkpt lat="-33.811582" lon="151.025183">
				 <ele>18.6</ele>
			 </trkpt>
			 <trkpt lat="-33.811626" lon="151.02522">
				 <ele>18.7</ele>
			 </trkpt>
			 <trkpt lat="-33.811652" lon="151.025243">
				 <ele>18.8</ele>
			 </trkpt>
			 <trkpt lat="-33.811704" lon="151.025278">
				 <ele>18.9</ele>
			 </trkpt>
			 <trkpt lat="-33.811756" lon="151.025312">
				 <ele>19</ele>
			 </trkpt>
			 <trkpt lat="-33.811796" lon="151.02533">
				 <ele>19</ele>
			 </trkpt>
			 <trkpt lat="-33.811836" lon="151.025347">
				 <ele>19</ele>
			 </trkpt>
			 <trkpt lat="-33.811875" lon="151.025364">
				 <ele>19</ele>
			 </trkpt>
			 <trkpt lat="-33.811915" lon="151.025381">
				 <ele>19</ele>
			 </trkpt>
			 <trkpt lat="-33.81196" lon="151.025372">
				 <ele>19</ele>
			 </trkpt>
			 <trkpt lat="-33.811987" lon="151.025386">
				 <ele>19</ele>
			 </trkpt>
			 <trkpt lat="-33.812029" lon="151.025368">
				 <ele>19</ele>
			 </trkpt>
			 <trkpt lat="-33.812071" lon="151.02535">
				 <ele>19</ele>
			 </trkpt>
			 <trkpt lat="-33.812113" lon="151.025332">
				 <ele>19</ele>
			 </trkpt>
			 <trkpt lat="-33.812155" lon="151.025314">
				 <ele>19.1</ele>
			 </trkpt>
			 <trkpt lat="-33.812193" lon="151.025285">
				 <ele>19.2</ele>
			 </trkpt>
			 <trkpt lat="-33.812231" lon="151.025256">
				 <ele>19.3</ele>
			 </trkpt>
			 <trkpt lat="-33.812269" lon="151.025227">
				 <ele>19.4</ele>
			 </trkpt>
			 <trkpt lat="-33.812307" lon="151.025198">
				 <ele>19.5</ele>
			 </trkpt>
			 <trkpt lat="-33.812343" lon="151.025173">
				 <ele>19.6</ele>
			 </trkpt>
			 <trkpt lat="-33.812378" lon="151.025147">
				 <ele>19.8</ele>
			 </trkpt>
			 <trkpt lat="-33.812413" lon="151.025122">
				 <ele>20</ele>
			 </trkpt>
			 <trkpt lat="-33.812448" lon="151.025097">
				 <ele>20.2</ele>
			 </trkpt>
			 <trkpt lat="-33.812483" lon="151.025072">
				 <ele>20.4</ele>
			 </trkpt>
			 <trkpt lat="-33.812519" lon="151.025046">
				 <ele>20.5</ele>
			 </trkpt>
			 <trkpt lat="-33.812548" lon="151.025015">
				 <ele>20.6</ele>
			 </trkpt>
			 <trkpt lat="-33.812577" lon="151.024984">
				 <ele>20.6</ele>
			 </trkpt>
			 <trkpt lat="-33.812604" lon="151.024969">
				 <ele>20.6</ele>
			 </trkpt>
			 <trkpt lat="-33.812641" lon="151.02495">
				 <ele>20.6</ele>
			 </trkpt>
			 <trkpt lat="-33.812677" lon="151.024931">
				 <ele>20.5</ele>
			 </trkpt>
			 <trkpt lat="-33.812714" lon="151.024913">
				 <ele>20.4</ele>
			 </trkpt>
			 <trkpt lat="-33.81275" lon="151.024894">
				 <ele>20.1</ele>
			 </trkpt>
			 <trkpt lat="-33.812787" lon="151.024875">
				 <ele>19.8</ele>
			 </trkpt>
			 <trkpt lat="-33.812823" lon="151.024856">
				 <ele>19.5</ele>
			 </trkpt>
			 <trkpt lat="-33.812872" lon="151.024833">
				 <ele>19.1</ele>
			 </trkpt>
			 <trkpt lat="-33.812922" lon="151.024809">
				 <ele>18.6</ele>
			 </trkpt>
			 <trkpt lat="-33.812972" lon="151.024786">
				 <ele>18.2</ele>
			 </trkpt>
			 <trkpt lat="-33.813021" lon="151.024763">
				 <ele>17.8</ele>
			 </trkpt>
			 <trkpt lat="-33.81307" lon="151.02474">
				 <ele>17.4</ele>
			 </trkpt>
			 <trkpt lat="-33.81312" lon="151.024716">
				 <ele>16.9</ele>
			 </trkpt>
			 <trkpt lat="-33.81317" lon="151.024693">
				 <ele>16.5</ele>
			 </trkpt>
			 <trkpt lat="-33.813219" lon="151.024669">
				 <ele>16</ele>
			 </trkpt>
			 <trkpt lat="-33.813252" lon="151.024646">
				 <ele>15.6</ele>
			 </trkpt>
			 <trkpt lat="-33.813286" lon="151.024623">
				 <ele>15.3</ele>
			 </trkpt>
			 <trkpt lat="-33.813305" lon="151.024687">
				 <ele>15</ele>
			 </trkpt>
			 <trkpt lat="-33.813329" lon="151.024723">
				 <ele>14.7</ele>
			 </trkpt>
			 <trkpt lat="-33.813359" lon="151.024706">
				 <ele>14.5</ele>
			 </trkpt>
			 <trkpt lat="-33.81338" lon="151.024674">
				 <ele>14.4</ele>
			 </trkpt>
			 <trkpt lat="-33.813394" lon="151.024633">
				 <ele>14.2</ele>
			 </trkpt>
			 <trkpt lat="-33.813407" lon="151.024591">
				 <ele>14.1</ele>
			 </trkpt>
			 <trkpt lat="-33.813454" lon="151.024549">
				 <ele>14</ele>
			 </trkpt>
			 <trkpt lat="-33.813486" lon="151.024533">
				 <ele>14</ele>
			 </trkpt>
			 <trkpt lat="-33.813518" lon="151.024517">
				 <ele>14</ele>
			 </trkpt>
			 <trkpt lat="-33.813561" lon="151.024486">
				 <ele>14</ele>
			 </trkpt>
			 <trkpt lat="-33.813603" lon="151.024455">
				 <ele>14</ele>
			 </trkpt>
			 <trkpt lat="-33.813646" lon="151.024424">
				 <ele>14</ele>
			 </trkpt>
			 <trkpt lat="-33.813689" lon="151.024393">
				 <ele>14</ele>
			 </trkpt>
			 <trkpt lat="-33.813713" lon="151.024359">
				 <ele>14</ele>
			 </trkpt>
			 <trkpt lat="-33.813737" lon="151.024325">
				 <ele>14</ele>
			 </trkpt>
			 <trkpt lat="-33.813761" lon="151.024291">
				 <ele>13.9</ele>
			 </trkpt>
			 <trkpt lat="-33.813785" lon="151.024256">
				 <ele>13.8</ele>
			 </trkpt>
			 <trkpt lat="-33.813813" lon="151.024229">
				 <ele>13.7</ele>
			 </trkpt>
			 <trkpt lat="-33.813842" lon="151.024203">
				 <ele>13.6</ele>
			 </trkpt>
			 <trkpt lat="-33.813862" lon="151.024225">
				 <ele>13.5</ele>
			 </trkpt>
			 <trkpt lat="-33.813871" lon="151.024284">
				 <ele>13.3</ele>
			 </trkpt>
			 <trkpt lat="-33.813868" lon="151.024326">
				 <ele>13</ele>
			 </trkpt>
			 <trkpt lat="-33.813865" lon="151.024367">
				 <ele>12.7</ele>
			 </trkpt>
			 <trkpt lat="-33.813862" lon="151.024408">
				 <ele>12.4</ele>
			 </trkpt>
			 <trkpt lat="-33.813859" lon="151.024449">
				 <ele>12</ele>
			 </trkpt>
			 <trkpt lat="-33.813856" lon="151.024513">
				 <ele>11.5</ele>
			 </trkpt>
			 <trkpt lat="-33.81386" lon="151.024559">
				 <ele>11.1</ele>
			 </trkpt>
			 <trkpt lat="-33.813863" lon="151.024605">
				 <ele>10.6</ele>
			 </trkpt>
			 <trkpt lat="-33.813867" lon="151.024651">
				 <ele>10.1</ele>
			 </trkpt>
			 <trkpt lat="-33.813871" lon="151.024696">
				 <ele>9.5</ele>
			 </trkpt>
			 <trkpt lat="-33.813882" lon="151.024765">
				 <ele>9.1</ele>
			 </trkpt>
			 <trkpt lat="-33.813892" lon="151.024816">
				 <ele>8.6</ele>
			 </trkpt>
			 <trkpt lat="-33.813902" lon="151.024866">
				 <ele>8.2</ele>
			 </trkpt>
			 <trkpt lat="-33.813912" lon="151.024917">
				 <ele>7.7</ele>
			 </trkpt>
			 <trkpt lat="-33.813921" lon="151.024968">
				 <ele>7.4</ele>
			 </trkpt>
			 <trkpt lat="-33.813931" lon="151.025019">
				 <ele>7</ele>
			 </trkpt>
			 <trkpt lat="-33.813941" lon="151.025069">
				 <ele>6.7</ele>
			 </trkpt>
			 <trkpt lat="-33.813951" lon="151.02512">
				 <ele>6.5</ele>
			 </trkpt>
			 <trkpt lat="-33.813961" lon="151.025171">
				 <ele>6.2</ele>
			 </trkpt>
			 <trkpt lat="-33.813971" lon="151.025222">
				 <ele>6</ele>
			 </trkpt>
			 <trkpt lat="-33.813981" lon="151.025278">
				 <ele>5.8</ele>
			 </trkpt>
			 <trkpt lat="-33.813992" lon="151.025334">
				 <ele>5.6</ele>
			 </trkpt>
			 <trkpt lat="-33.814003" lon="151.02539">
				 <ele>5.4</ele>
			 </trkpt>
			 <trkpt lat="-33.814014" lon="151.025446">
				 <ele>5.2</ele>
			 </trkpt>
			 <trkpt lat="-33.814033" lon="151.025488">
				 <ele>5</ele>
			 </trkpt>
			 <trkpt lat="-33.814052" lon="151.025529">
				 <ele>4.8</ele>
			 </trkpt>
			 <trkpt lat="-33.814071" lon="151.02557">
				 <ele>4.5</ele>
			 </trkpt>
			 <trkpt lat="-33.81409" lon="151.025611">
				 <ele>4.3</ele>
			 </trkpt>
			 <trkpt lat="-33.81413" lon="151.025663">
				 <ele>4.1</ele>
			 </trkpt>
			 <trkpt lat="-33.814169" lon="151.025714">
				 <ele>3.9</ele>
			 </trkpt>
			 <trkpt lat="-33.814206" lon="151.02576">
				 <ele>3.7</ele>
			 </trkpt>
			 <trkpt lat="-33.814243" lon="151.025806">
				 <ele>3.5</ele>
			 </trkpt>
			 <trkpt lat="-33.814263" lon="151.025842">
				 <ele>3.4</ele>
			 </trkpt>
			 <trkpt lat="-33.814286" lon="151.025892">
				 <ele>3.3</ele>
			 </trkpt>
			 <trkpt lat="-33.814309" lon="151.025942">
				 <ele>3.2</ele>
			 </trkpt>
			 <trkpt lat="-33.814324" lon="151.025987">
				 <ele>3.2</ele>
			 </trkpt>
			 <trkpt lat="-33.814339" lon="151.026033">
				 <ele>3.2</ele>
			 </trkpt>
			 <trkpt lat="-33.814358" lon="151.026093">
				 <ele>3.3</ele>
			 </trkpt>
			 <trkpt lat="-33.814376" lon="151.026152">
				 <ele>3.5</ele>
			 </trkpt>
			 <trkpt lat="-33.814383" lon="151.026206">
				 <ele>3.6</ele>
			 </trkpt>
			 <trkpt lat="-33.814379" lon="151.026264">
				 <ele>3.8</ele>
			 </trkpt>
			 <trkpt lat="-33.814367" lon="151.026299">
				 <ele>4.1</ele>
			 </trkpt>
			 <trkpt lat="-33.814354" lon="151.026335">
				 <ele>4.4</ele>
			 </trkpt>
			 <trkpt lat="-33.814336" lon="151.026369">
				 <ele>4.6</ele>
			 </trkpt>
			 <trkpt lat="-33.814319" lon="151.026403">
				 <ele>4.9</ele>
			 </trkpt>
			 <trkpt lat="-33.814281" lon="151.02643">
				 <ele>5.2</ele>
			 </trkpt>
			 <trkpt lat="-33.814233" lon="151.026446">
				 <ele>5.4</ele>
			 </trkpt>
			 <trkpt lat="-33.814185" lon="151.026461">
				 <ele>5.5</ele>
			 </trkpt>
			 <trkpt lat="-33.814136" lon="151.02648">
				 <ele>5.8</ele>
			 </trkpt>
			 <trkpt lat="-33.814086" lon="151.0265">
				 <ele>6</ele>
			 </trkpt>
			 <trkpt lat="-33.814036" lon="151.02652">
				 <ele>6.2</ele>
			 </trkpt>
			 <trkpt lat="-33.813986" lon="151.02654">
				 <ele>6.5</ele>
			 </trkpt>
			 <trkpt lat="-33.813936" lon="151.02656">
				 <ele>6.6</ele>
			 </trkpt>
			 <trkpt lat="-33.813887" lon="151.026579">
				 <ele>6.8</ele>
			 </trkpt>
			 <trkpt lat="-33.813838" lon="151.026599">
				 <ele>7</ele>
			 </trkpt>
			 <trkpt lat="-33.813788" lon="151.026618">
				 <ele>7.2</ele>
			 </trkpt>
			 <trkpt lat="-33.813759" lon="151.026646">
				 <ele>7.4</ele>
			 </trkpt>
			 <trkpt lat="-33.81373" lon="151.026673">
				 <ele>7.5</ele>
			 </trkpt>
			 <trkpt lat="-33.8137" lon="151.026701">
				 <ele>7.7</ele>
			 </trkpt>
			 <trkpt lat="-33.813671" lon="151.026728">
				 <ele>7.8</ele>
			 </trkpt>
			 <trkpt lat="-33.813642" lon="151.026774">
				 <ele>7.9</ele>
			 </trkpt>
			 <trkpt lat="-33.813619" lon="151.026825">
				 <ele>8</ele>
			 </trkpt>
			 <trkpt lat="-33.813611" lon="151.026891">
				 <ele>8</ele>
			 </trkpt>
			 <trkpt lat="-33.813611" lon="151.02694">
				 <ele>8</ele>
			 </trkpt>
			 <trkpt lat="-33.813611" lon="151.026989">
				 <ele>8</ele>
			 </trkpt>
			 <trkpt lat="-33.813611" lon="151.027038">
				 <ele>8</ele>
			 </trkpt>
			 <trkpt lat="-33.813611" lon="151.027087">
				 <ele>7.9</ele>
			 </trkpt>
			 <trkpt lat="-33.813617" lon="151.027146">
				 <ele>7.8</ele>
			 </trkpt>
			 <trkpt lat="-33.813622" lon="151.027204">
				 <ele>7.7</ele>
			 </trkpt>
			 <trkpt lat="-33.813628" lon="151.027263">
				 <ele>7.6</ele>
			 </trkpt>
			 <trkpt lat="-33.813634" lon="151.027321">
				 <ele>7.5</ele>
			 </trkpt>
			 <trkpt lat="-33.81364" lon="151.02738">
				 <ele>7.5</ele>
			 </trkpt>
			 <trkpt lat="-33.813645" lon="151.027439">
				 <ele>7.3</ele>
			 </trkpt>
			 <trkpt lat="-33.813651" lon="151.027497">
				 <ele>7.1</ele>
			 </trkpt>
			 <trkpt lat="-33.813657" lon="151.027556">
				 <ele>6.9</ele>
			 </trkpt>
			 <trkpt lat="-33.813663" lon="151.027615">
				 <ele>6.6</ele>
			 </trkpt>
			 <trkpt lat="-33.813668" lon="151.027673">
				 <ele>6.4</ele>
			 </trkpt>
			 <trkpt lat="-33.81366" lon="151.027741">
				 <ele>6.2</ele>
			 </trkpt>
			 <trkpt lat="-33.813653" lon="151.027809">
				 <ele>6</ele>
			 </trkpt>
			 <trkpt lat="-33.813651" lon="151.027881">
				 <ele>5.8</ele>
			 </trkpt>
			 <trkpt lat="-33.813648" lon="151.027951">
				 <ele>5.7</ele>
			 </trkpt>
			 <trkpt lat="-33.813605" lon="151.027955">
				 <ele>5.6</ele>
			 </trkpt>
			 <trkpt lat="-33.813559" lon="151.027977">
				 <ele>5.5</ele>
			 </trkpt>
			 <trkpt lat="-33.813514" lon="151.027999">
				 <ele>5.5</ele>
			 </trkpt>
			 <trkpt lat="-33.813468" lon="151.028021">
				 <ele>5.5</ele>
			 </trkpt>
			 <trkpt lat="-33.813423" lon="151.028043">
				 <ele>5.5</ele>
			 </trkpt>
			 <trkpt lat="-33.813377" lon="151.028065">
				 <ele>5.6</ele>
			 </trkpt>
			 <trkpt lat="-33.813331" lon="151.028087">
				 <ele>5.7</ele>
			 </trkpt>
			 <trkpt lat="-33.813285" lon="151.028109">
				 <ele>5.8</ele>
			 </trkpt>
			 <trkpt lat="-33.81324" lon="151.028131">
				 <ele>5.8</ele>
			 </trkpt>
			 <trkpt lat="-33.813191" lon="151.028167">
				 <ele>5.8</ele>
			 </trkpt>
			 <trkpt lat="-33.813196" lon="151.028216">
				 <ele>5.7</ele>
			 </trkpt>
			 <trkpt lat="-33.813219" lon="151.028257">
				 <ele>5.7</ele>
			 </trkpt>
			 <trkpt lat="-33.813248" lon="151.02829">
				 <ele>5.7</ele>
			 </trkpt>
			 <trkpt lat="-33.813285" lon="151.028295">
				 <ele>5.7</ele>
			 </trkpt>
			 <trkpt lat="-33.813321" lon="151.0283">
				 <ele>5.7</ele>
			 </trkpt>
			 <trkpt lat="-33.813321" lon="151.028361">
				 <ele>5.7</ele>
			 </trkpt>
			 <trkpt lat="-33.813319" lon="151.028431">
				 <ele>5.8</ele>
			 </trkpt>
			 <trkpt lat="-33.813309" lon="151.028502">
				 <ele>5.9</ele>
			 </trkpt>
			 <trkpt lat="-33.813311" lon="151.028561">
				 <ele>6</ele>
			 </trkpt>
			 <trkpt lat="-33.813312" lon="151.028619">
				 <ele>6.2</ele>
			 </trkpt>
			 <trkpt lat="-33.813313" lon="151.028677">
				 <ele>6.4</ele>
			 </trkpt>
			 <trkpt lat="-33.813314" lon="151.028735">
				 <ele>6.5</ele>
			 </trkpt>
			 <trkpt lat="-33.813316" lon="151.028794">
				 <ele>6.6</ele>
			 </trkpt>
			 <trkpt lat="-33.813317" lon="151.028852">
				 <ele>6.7</ele>
			 </trkpt>
			 <trkpt lat="-33.813318" lon="151.02891">
				 <ele>6.8</ele>
			 </trkpt>
			 <trkpt lat="-33.81332" lon="151.028969">
				 <ele>6.8</ele>
			 </trkpt>
			 <trkpt lat="-33.813356" lon="151.028995">
				 <ele>6.8</ele>
			 </trkpt>
			 <trkpt lat="-33.813403" lon="151.028975">
				 <ele>6.7</ele>
			 </trkpt>
			 <trkpt lat="-33.81345" lon="151.028955">
				 <ele>6.6</ele>
			 </trkpt>
			 <trkpt lat="-33.813497" lon="151.028935">
				 <ele>6.5</ele>
			 </trkpt>
			 <trkpt lat="-33.813544" lon="151.028915">
				 <ele>6.5</ele>
			 </trkpt>
			 <trkpt lat="-33.813601" lon="151.028886">
				 <ele>6.5</ele>
			 </trkpt>
			 <trkpt lat="-33.813658" lon="151.028856">
				 <ele>6.5</ele>
			 </trkpt>
			 <trkpt lat="-33.813694" lon="151.028888">
				 <ele>6.6</ele>
			 </trkpt>
			 <trkpt lat="-33.8137" lon="151.028939">
				 <ele>6.7</ele>
			 </trkpt>
			 <trkpt lat="-33.813706" lon="151.02899">
				 <ele>6.8</ele>
			 </trkpt>
			 <trkpt lat="-33.813711" lon="151.029041">
				 <ele>7</ele>
			 </trkpt>
			 <trkpt lat="-33.813717" lon="151.029091">
				 <ele>7.2</ele>
			 </trkpt>
			 <trkpt lat="-33.813723" lon="151.029142">
				 <ele>7.5</ele>
			 </trkpt>
			 <trkpt lat="-33.813729" lon="151.029193">
				 <ele>7.7</ele>
			 </trkpt>
			 <trkpt lat="-33.813735" lon="151.029257">
				 <ele>8</ele>
			 </trkpt>
			 <trkpt lat="-33.81374" lon="151.029321">
				 <ele>8.1</ele>
			 </trkpt>
			 <trkpt lat="-33.813744" lon="151.02938">
				 <ele>8.2</ele>
			 </trkpt>
			 <trkpt lat="-33.813749" lon="151.029439">
				 <ele>8.3</ele>
			 </trkpt>
			 <trkpt lat="-33.813754" lon="151.029498">
				 <ele>8.3</ele>
			 </trkpt>
			 <trkpt lat="-33.813758" lon="151.029557">
				 <ele>8.3</ele>
			 </trkpt>
			 <trkpt lat="-33.813763" lon="151.029616">
				 <ele>8.3</ele>
			 </trkpt>
			 <trkpt lat="-33.813768" lon="151.029675">
				 <ele>8.3</ele>
			 </trkpt>
			 <trkpt lat="-33.813772" lon="151.029734">
				 <ele>8.3</ele>
			 </trkpt>
			 <trkpt lat="-33.813777" lon="151.029793">
				 <ele>8.2</ele>
			 </trkpt>
			 <trkpt lat="-33.813782" lon="151.029852">
				 <ele>8.1</ele>
			 </trkpt>
			 <trkpt lat="-33.813786" lon="151.029911">
				 <ele>8</ele>
			 </trkpt>
			 <trkpt lat="-33.81379" lon="151.02997">
				 <ele>8.1</ele>
			 </trkpt>
			 <trkpt lat="-33.813795" lon="151.030029">
				 <ele>8.2</ele>
			 </trkpt>
			 <trkpt lat="-33.8138" lon="151.030088">
				 <ele>8.3</ele>
			 </trkpt>
			 <trkpt lat="-33.813805" lon="151.030147">
				 <ele>8.4</ele>
			 </trkpt>
			 <trkpt lat="-33.81381" lon="151.030206">
				 <ele>8.5</ele>
			 </trkpt>
			 <trkpt lat="-33.813814" lon="151.030265">
				 <ele>8.5</ele>
			 </trkpt>
			 <trkpt lat="-33.813818" lon="151.030324">
				 <ele>8.6</ele>
			 </trkpt>
			 <trkpt lat="-33.813823" lon="151.030383">
				 <ele>8.7</ele>
			 </trkpt>
			 <trkpt lat="-33.813829" lon="151.030438">
				 <ele>8.7</ele>
			 </trkpt>
			 <trkpt lat="-33.813835" lon="151.030492">
				 <ele>8.7</ele>
			 </trkpt>
			 <trkpt lat="-33.813841" lon="151.030546">
				 <ele>8.6</ele>
			 </trkpt>
			 <trkpt lat="-33.813847" lon="151.0306">
				 <ele>8.5</ele>
			 </trkpt>
			 <trkpt lat="-33.813854" lon="151.030655">
				 <ele>8.2</ele>
			 </trkpt>
			 <trkpt lat="-33.81386" lon="151.030709">
				 <ele>7.9</ele>
			 </trkpt>
			 <trkpt lat="-33.813866" lon="151.030763">
				 <ele>7.5</ele>
			 </trkpt>
			 <trkpt lat="-33.813872" lon="151.030817">
				 <ele>7.2</ele>
			 </trkpt>
			 <trkpt lat="-33.813878" lon="151.030871">
				 <ele>6.7</ele>
			 </trkpt>
			 <trkpt lat="-33.813884" lon="151.030926">
				 <ele>6.3</ele>
			 </trkpt>
			 <trkpt lat="-33.81389" lon="151.03098">
				 <ele>5.8</ele>
			 </trkpt>
			 <trkpt lat="-33.813896" lon="151.031034">
				 <ele>5.5</ele>
			 </trkpt>
			 <trkpt lat="-33.813896" lon="151.0311">
				 <ele>5.1</ele>
			 </trkpt>
			 <trkpt lat="-33.813897" lon="151.031166">
				 <ele>4.8</ele>
			 </trkpt>
			 <trkpt lat="-33.813902" lon="151.031214">
				 <ele>4.5</ele>
			 </trkpt>
			 <trkpt lat="-33.813907" lon="151.031262">
				 <ele>4.4</ele>
			 </trkpt>
			 <trkpt lat="-33.813912" lon="151.03131">
				 <ele>4.2</ele>
			 </trkpt>
			 <trkpt lat="-33.813917" lon="151.031357">
				 <ele>4.1</ele>
			 </trkpt>
			 <trkpt lat="-33.813922" lon="151.031405">
				 <ele>3.9</ele>
			 </trkpt>
			 <trkpt lat="-33.813927" lon="151.031453">
				 <ele>3.8</ele>
			 </trkpt>
			 <trkpt lat="-33.813932" lon="151.031501">
				 <ele>3.7</ele>
			 </trkpt>
			 <trkpt lat="-33.813968" lon="151.031494">
				 <ele>3.6</ele>
			 </trkpt>
			 <trkpt lat="-33.814003" lon="151.031486">
				 <ele>3.6</ele>
			 </trkpt>
			 <trkpt lat="-33.814038" lon="151.031478">
				 <ele>3.6</ele>
			 </trkpt>
			 <trkpt lat="-33.814074" lon="151.03147">
				 <ele>3.6</ele>
			 </trkpt>
			 <trkpt lat="-33.814118" lon="151.031455">
				 <ele>3.6</ele>
			 </trkpt>
			 <trkpt lat="-33.814163" lon="151.03144">
				 <ele>3.6</ele>
			 </trkpt>
			 <trkpt lat="-33.814207" lon="151.031426">
				 <ele>3.6</ele>
			 </trkpt>
			 <trkpt lat="-33.814251" lon="151.031411">
				 <ele>3.7</ele>
			 </trkpt>
			 <trkpt lat="-33.814296" lon="151.031396">
				 <ele>3.9</ele>
			 </trkpt>
			 <trkpt lat="-33.81434" lon="151.031381">
				 <ele>4.1</ele>
			 </trkpt>
			 <trkpt lat="-33.814401" lon="151.031365">
				 <ele>4.3</ele>
			 </trkpt>
			 <trkpt lat="-33.814461" lon="151.031348">
				 <ele>4.5</ele>
			 </trkpt>
			 <trkpt lat="-33.814502" lon="151.031339">
				 <ele>4.5</ele>
			 </trkpt>
			 <trkpt lat="-33.814543" lon="151.03133">
				 <ele>4.6</ele>
			 </trkpt>
			 <trkpt lat="-33.814584" lon="151.031321">
				 <ele>4.7</ele>
			 </trkpt>
			 <trkpt lat="-33.814626" lon="151.031313">
				 <ele>4.8</ele>
			 </trkpt>
			 <trkpt lat="-33.814667" lon="151.031304">
				 <ele>4.9</ele>
			 </trkpt>
			 <trkpt lat="-33.814708" lon="151.031295">
				 <ele>5</ele>
			 </trkpt>
			 <trkpt lat="-33.814757" lon="151.031289">
				 <ele>5.1</ele>
			 </trkpt>
			 <trkpt lat="-33.814805" lon="151.031283">
				 <ele>5.2</ele>
			 </trkpt>
			 <trkpt lat="-33.814854" lon="151.031277">
				 <ele>5.3</ele>
			 </trkpt>
			 <trkpt lat="-33.814903" lon="151.031271">
				 <ele>5.4</ele>
			 </trkpt>
			 <trkpt lat="-33.814951" lon="151.031265">
				 <ele>5.5</ele>
			 </trkpt>
			 <trkpt lat="-33.815" lon="151.031259">
				 <ele>5.6</ele>
			 </trkpt>
			 <trkpt lat="-33.815042" lon="151.031258">
				 <ele>5.8</ele>
			 </trkpt>
			 <trkpt lat="-33.815084" lon="151.031257">
				 <ele>6</ele>
			 </trkpt>
			 <trkpt lat="-33.815126" lon="151.031255">
				 <ele>6.2</ele>
			 </trkpt>
			 <trkpt lat="-33.815168" lon="151.031254">
				 <ele>6.5</ele>
			 </trkpt>
			 <trkpt lat="-33.81521" lon="151.031253">
				 <ele>6.7</ele>
			 </trkpt>
			 <trkpt lat="-33.815251" lon="151.031252">
				 <ele>6.9</ele>
			 </trkpt>
			 <trkpt lat="-33.815293" lon="151.031251">
				 <ele>7.1</ele>
			 </trkpt>
			 <trkpt lat="-33.815335" lon="151.031249">
				 <ele>7.3</ele>
			 </trkpt>
			 <trkpt lat="-33.815372" lon="151.031251">
				 <ele>7.5</ele>
			 </trkpt>
			 <trkpt lat="-33.815409" lon="151.031253">
				 <ele>7.7</ele>
			 </trkpt>
			 <trkpt lat="-33.815446" lon="151.031255">
				 <ele>7.9</ele>
			 </trkpt>
			 <trkpt lat="-33.815483" lon="151.031258">
				 <ele>8.1</ele>
			 </trkpt>
			 <trkpt lat="-33.815535" lon="151.031263">
				 <ele>8.2</ele>
			 </trkpt>
			 <trkpt lat="-33.815587" lon="151.031268">
				 <ele>8.3</ele>
			 </trkpt>
			 <trkpt lat="-33.81564" lon="151.031273">
				 <ele>8.3</ele>
			 </trkpt>
			 <trkpt lat="-33.815692" lon="151.031277">
				 <ele>8.3</ele>
			 </trkpt>
			 <trkpt lat="-33.815744" lon="151.031282">
				 <ele>8.3</ele>
			 </trkpt>
			 <trkpt lat="-33.815796" lon="151.031287">
				 <ele>8.3</ele>
			 </trkpt>
			 <trkpt lat="-33.815843" lon="151.031296">
				 <ele>8.2</ele>
			 </trkpt>
			 <trkpt lat="-33.81589" lon="151.031304">
				 <ele>8.1</ele>
			 </trkpt>
			 <trkpt lat="-33.815937" lon="151.031313">
				 <ele>7.9</ele>
			 </trkpt>
			 <trkpt lat="-33.815984" lon="151.031321">
				 <ele>7.7</ele>
			 </trkpt>
			 <trkpt lat="-33.816036" lon="151.031345">
				 <ele>7.5</ele>
			 </trkpt>
			 <trkpt lat="-33.816088" lon="151.031369">
				 <ele>7.5</ele>
			 </trkpt>
			 <trkpt lat="-33.816126" lon="151.031393">
				 <ele>7.4</ele>
			 </trkpt>
			 <trkpt lat="-33.816165" lon="151.031416">
				 <ele>7.3</ele>
			 </trkpt>
			 <trkpt lat="-33.816209" lon="151.03145">
				 <ele>7.2</ele>
			 </trkpt>
			 <trkpt lat="-33.816254" lon="151.031483">
				 <ele>7.2</ele>
			 </trkpt>
			 <trkpt lat="-33.816299" lon="151.031517">
				 <ele>7.2</ele>
			 </trkpt>
			 <trkpt lat="-33.816344" lon="151.031551">
				 <ele>7.3</ele>
			 </trkpt>
			 <trkpt lat="-33.816389" lon="151.031585">
				 <ele>7.5</ele>
			 </trkpt>
			 <trkpt lat="-33.816433" lon="151.031618">
				 <ele>7.7</ele>
			 </trkpt>
			 <trkpt lat="-33.816467" lon="151.031637">
				 <ele>8</ele>
			 </trkpt>
			 <trkpt lat="-33.816501" lon="151.031656">
				 <ele>8.3</ele>
			 </trkpt>
			 <trkpt lat="-33.816535" lon="151.031675">
				 <ele>8.6</ele>
			 </trkpt>
			 <trkpt lat="-33.816569" lon="151.031694">
				 <ele>9</ele>
			 </trkpt>
			 <trkpt lat="-33.816621" lon="151.031706">
				 <ele>9.4</ele>
			 </trkpt>
			 <trkpt lat="-33.816674" lon="151.031719">
				 <ele>9.7</ele>
			 </trkpt>
			 <trkpt lat="-33.816707" lon="151.031721">
				 <ele>10.1</ele>
			 </trkpt>
			 <trkpt lat="-33.81674" lon="151.031722">
				 <ele>10.5</ele>
			 </trkpt>
			 <trkpt lat="-33.816794" lon="151.031716">
				 <ele>10.7</ele>
			 </trkpt>
			 <trkpt lat="-33.816841" lon="151.031706">
				 <ele>10.9</ele>
			 </trkpt>
			 <trkpt lat="-33.816888" lon="151.031696">
				 <ele>11</ele>
			 </trkpt>
			 <trkpt lat="-33.816935" lon="151.031686">
				 <ele>11.1</ele>
			 </trkpt>
			 <trkpt lat="-33.816981" lon="151.031675">
				 <ele>11.2</ele>
			 </trkpt>
			 <trkpt lat="-33.817028" lon="151.031665">
				 <ele>11.2</ele>
			 </trkpt>
			 <trkpt lat="-33.817075" lon="151.031655">
				 <ele>11.1</ele>
			 </trkpt>
			 <trkpt lat="-33.817122" lon="151.031645">
				 <ele>11</ele>
			 </trkpt>
			 <trkpt lat="-33.817169" lon="151.031635">
				 <ele>10.8</ele>
			 </trkpt>
			 <trkpt lat="-33.817216" lon="151.031624">
				 <ele>10.5</ele>
			 </trkpt>
			 <trkpt lat="-33.817262" lon="151.031614">
				 <ele>10.2</ele>
			 </trkpt>
			 <trkpt lat="-33.817309" lon="151.031604">
				 <ele>9.9</ele>
			 </trkpt>
			 <trkpt lat="-33.817356" lon="151.031594">
				 <ele>9.5</ele>
			 </trkpt>
			 <trkpt lat="-33.817406" lon="151.031575">
				 <ele>9.2</ele>
			 </trkpt>
			 <trkpt lat="-33.817456" lon="151.031556">
				 <ele>8.8</ele>
			 </trkpt>
			 <trkpt lat="-33.817504" lon="151.031556">
				 <ele>8.5</ele>
			 </trkpt>
			 <trkpt lat="-33.817557" lon="151.031574">
				 <ele>8</ele>
			 </trkpt>
			 <trkpt lat="-33.817608" lon="151.031607">
				 <ele>7.6</ele>
			 </trkpt>
			 <trkpt lat="-33.817634" lon="151.031664">
				 <ele>7.2</ele>
			 </trkpt>
			 <trkpt lat="-33.81765" lon="151.031715">
				 <ele>6.8</ele>
			 </trkpt>
			 <trkpt lat="-33.817667" lon="151.031765">
				 <ele>6.4</ele>
			 </trkpt>
			 <trkpt lat="-33.817684" lon="151.031822">
				 <ele>6</ele>
			 </trkpt>
			 <trkpt lat="-33.8177" lon="151.031878">
				 <ele>5.6</ele>
			 </trkpt>
			 <trkpt lat="-33.817716" lon="151.031935">
				 <ele>5.4</ele>
			 </trkpt>
			 <trkpt lat="-33.817732" lon="151.031991">
				 <ele>5.1</ele>
			 </trkpt>
			 <trkpt lat="-33.817749" lon="151.032048">
				 <ele>4.8</ele>
			 </trkpt>
			 <trkpt lat="-33.817765" lon="151.032104">
				 <ele>4.5</ele>
			 </trkpt>
			 <trkpt lat="-33.817782" lon="151.032161">
				 <ele>4.5</ele>
			 </trkpt>
			 <trkpt lat="-33.817798" lon="151.032217">
				 <ele>4.4</ele>
			 </trkpt>
			 <trkpt lat="-33.817814" lon="151.032274">
				 <ele>4.4</ele>
			 </trkpt>
			 <trkpt lat="-33.81783" lon="151.03233">
				 <ele>4.4</ele>
			 </trkpt>
			 <trkpt lat="-33.817847" lon="151.032387">
				 <ele>4.5</ele>
			 </trkpt>
			 <trkpt lat="-33.817863" lon="151.032443">
				 <ele>4.7</ele>
			 </trkpt>
			 <trkpt lat="-33.817876" lon="151.032491">
				 <ele>4.9</ele>
			 </trkpt>
			 <trkpt lat="-33.817889" lon="151.032539">
				 <ele>5.2</ele>
			 </trkpt>
			 <trkpt lat="-33.817902" lon="151.032587">
				 <ele>5.5</ele>
			 </trkpt>
			 <trkpt lat="-33.817915" lon="151.032635">
				 <ele>5.8</ele>
			 </trkpt>
			 <trkpt lat="-33.817927" lon="151.032703">
				 <ele>6.2</ele>
			 </trkpt>
			 <trkpt lat="-33.81794" lon="151.03277">
				 <ele>6.5</ele>
			 </trkpt>
			 <trkpt lat="-33.817948" lon="151.032817">
				 <ele>6.7</ele>
			 </trkpt>
			 <trkpt lat="-33.817955" lon="151.032864">
				 <ele>7</ele>
			 </trkpt>
			 <trkpt lat="-33.817963" lon="151.032912">
				 <ele>7.4</ele>
			 </trkpt>
			 <trkpt lat="-33.817971" lon="151.032959">
				 <ele>7.6</ele>
			 </trkpt>
			 <trkpt lat="-33.817978" lon="151.033006">
				 <ele>7.9</ele>
			 </trkpt>
			 <trkpt lat="-33.817986" lon="151.033053">
				 <ele>8.1</ele>
			 </trkpt>
			 <trkpt lat="-33.817992" lon="151.033109">
				 <ele>8.2</ele>
			 </trkpt>
			 <trkpt lat="-33.817998" lon="151.033165">
				 <ele>8.3</ele>
			 </trkpt>
			 <trkpt lat="-33.818005" lon="151.033221">
				 <ele>8.3</ele>
			 </trkpt>
			 <trkpt lat="-33.818011" lon="151.033277">
				 <ele>8.3</ele>
			 </trkpt>
			 <trkpt lat="-33.818017" lon="151.033333">
				 <ele>8.3</ele>
			 </trkpt>
			 <trkpt lat="-33.818023" lon="151.033389">
				 <ele>8.3</ele>
			 </trkpt>
			 <trkpt lat="-33.818013" lon="151.033429">
				 <ele>8.3</ele>
			 </trkpt>
			 <trkpt lat="-33.818003" lon="151.033469">
				 <ele>8.1</ele>
			 </trkpt>
			 <trkpt lat="-33.817993" lon="151.033508">
				 <ele>7.9</ele>
			 </trkpt>
			 <trkpt lat="-33.817983" lon="151.033548">
				 <ele>7.6</ele>
			 </trkpt>
			 <trkpt lat="-33.817973" lon="151.033614">
				 <ele>7.5</ele>
			 </trkpt>
			 <trkpt lat="-33.817991" lon="151.033678">
				 <ele>7.3</ele>
			 </trkpt>
			 <trkpt lat="-33.818009" lon="151.033741">
				 <ele>7</ele>
			 </trkpt>
			 <trkpt lat="-33.818029" lon="151.033785">
				 <ele>6.7</ele>
			 </trkpt>
			 <trkpt lat="-33.818049" lon="151.033828">
				 <ele>6.5</ele>
			 </trkpt>
			 <trkpt lat="-33.818059" lon="151.033881">
				 <ele>6.2</ele>
			 </trkpt>
			 <trkpt lat="-33.818069" lon="151.033934">
				 <ele>5.9</ele>
			 </trkpt>
			 <trkpt lat="-33.818079" lon="151.033987">
				 <ele>5.6</ele>
			 </trkpt>
			 <trkpt lat="-33.818089" lon="151.034039">
				 <ele>5.5</ele>
			 </trkpt>
			 <trkpt lat="-33.818099" lon="151.034092">
				 <ele>5.3</ele>
			 </trkpt>
			 <trkpt lat="-33.818109" lon="151.034145">
				 <ele>5.2</ele>
			 </trkpt>
			 <trkpt lat="-33.818116" lon="151.034196">
				 <ele>5.1</ele>
			 </trkpt>
			 <trkpt lat="-33.818122" lon="151.034247">
				 <ele>5.1</ele>
			 </trkpt>
			 <trkpt lat="-33.818137" lon="151.034294">
				 <ele>5.2</ele>
			 </trkpt>
			 <trkpt lat="-33.818151" lon="151.034341">
				 <ele>5.3</ele>
			 </trkpt>
			 <trkpt lat="-33.818166" lon="151.034388">
				 <ele>5.4</ele>
			 </trkpt>
			 <trkpt lat="-33.818181" lon="151.034435">
				 <ele>5.5</ele>
			 </trkpt>
			 <trkpt lat="-33.818194" lon="151.034487">
				 <ele>5.6</ele>
			 </trkpt>
			 <trkpt lat="-33.818206" lon="151.034539">
				 <ele>5.8</ele>
			 </trkpt>
			 <trkpt lat="-33.818219" lon="151.034591">
				 <ele>6</ele>
			 </trkpt>
			 <trkpt lat="-33.818231" lon="151.034644">
				 <ele>6.2</ele>
			 </trkpt>
			 <trkpt lat="-33.818233" lon="151.034694">
				 <ele>6.4</ele>
			 </trkpt>
			 <trkpt lat="-33.818236" lon="151.034744">
				 <ele>6.5</ele>
			 </trkpt>
			 <trkpt lat="-33.818239" lon="151.034794">
				 <ele>6.6</ele>
			 </trkpt>
			 <trkpt lat="-33.818242" lon="151.034845">
				 <ele>6.7</ele>
			 </trkpt>
			 <trkpt lat="-33.818236" lon="151.034888">
				 <ele>6.8</ele>
			 </trkpt>
			 <trkpt lat="-33.81823" lon="151.034932">
				 <ele>6.9</ele>
			 </trkpt>
			 <trkpt lat="-33.818224" lon="151.034976">
				 <ele>7</ele>
			 </trkpt>
			 <trkpt lat="-33.818219" lon="151.035019">
				 <ele>7</ele>
			 </trkpt>
			 <trkpt lat="-33.818208" lon="151.035071">
				 <ele>7</ele>
			 </trkpt>
			 <trkpt lat="-33.818198" lon="151.035123">
				 <ele>7</ele>
			 </trkpt>
			 <trkpt lat="-33.8182" lon="151.035166">
				 <ele>7.1</ele>
			 </trkpt>
			 <trkpt lat="-33.818202" lon="151.035208">
				 <ele>7.2</ele>
			 </trkpt>
			 <trkpt lat="-33.818212" lon="151.035276">
				 <ele>7.4</ele>
			 </trkpt>
			 <trkpt lat="-33.818221" lon="151.035344">
				 <ele>7.5</ele>
			 </trkpt>
			 <trkpt lat="-33.818242" lon="151.035392">
				 <ele>7.7</ele>
			 </trkpt>
			 <trkpt lat="-33.818264" lon="151.03544">
				 <ele>8</ele>
			 </trkpt>
			 <trkpt lat="-33.818286" lon="151.035487">
				 <ele>8.3</ele>
			 </trkpt>
			 <trkpt lat="-33.818307" lon="151.035535">
				 <ele>8.5</ele>
			 </trkpt>
			 <trkpt lat="-33.818326" lon="151.03558">
				 <ele>8.8</ele>
			 </trkpt>
			 <trkpt lat="-33.818346" lon="151.035624">
				 <ele>9.1</ele>
			 </trkpt>
			 <trkpt lat="-33.818366" lon="151.035668">
				 <ele>9.5</ele>
			 </trkpt>
			 <trkpt lat="-33.818386" lon="151.035713">
				 <ele>9.6</ele>
			 </trkpt>
			 <trkpt lat="-33.818397" lon="151.035773">
				 <ele>9.8</ele>
			 </trkpt>
			 <trkpt lat="-33.818408" lon="151.035833">
				 <ele>9.8</ele>
			 </trkpt>
			 <trkpt lat="-33.818419" lon="151.035892">
				 <ele>9.8</ele>
			 </trkpt>
			 <trkpt lat="-33.81843" lon="151.035952">
				 <ele>9.7</ele>
			 </trkpt>
			 <trkpt lat="-33.818433" lon="151.036009">
				 <ele>9.5</ele>
			 </trkpt>
			 <trkpt lat="-33.818436" lon="151.036065">
				 <ele>9.3</ele>
			 </trkpt>
			 <trkpt lat="-33.818439" lon="151.036122">
				 <ele>9</ele>
			 </trkpt>
			 <trkpt lat="-33.818442" lon="151.036178">
				 <ele>8.7</ele>
			 </trkpt>
			 <trkpt lat="-33.818445" lon="151.036235">
				 <ele>8.5</ele>
			 </trkpt>
			 <trkpt lat="-33.818448" lon="151.036291">
				 <ele>8.1</ele>
			 </trkpt>
			 <trkpt lat="-33.818451" lon="151.036348">
				 <ele>7.8</ele>
			 </trkpt>
			 <trkpt lat="-33.818454" lon="151.036404">
				 <ele>7.5</ele>
			 </trkpt>
			 <trkpt lat="-33.818455" lon="151.036463">
				 <ele>7.4</ele>
			 </trkpt>
			 <trkpt lat="-33.818456" lon="151.036522">
				 <ele>7.2</ele>
			 </trkpt>
			 <trkpt lat="-33.818457" lon="151.036581">
				 <ele>7.1</ele>
			 </trkpt>
			 <trkpt lat="-33.818458" lon="151.03664">
				 <ele>7</ele>
			 </trkpt>
			 <trkpt lat="-33.818467" lon="151.036685">
				 <ele>7</ele>
			 </trkpt>
			 <trkpt lat="-33.818476" lon="151.036729">
				 <ele>6.9</ele>
			 </trkpt>
			 <trkpt lat="-33.818483" lon="151.036789">
				 <ele>6.8</ele>
			 </trkpt>
			 <trkpt lat="-33.81849" lon="151.036848">
				 <ele>6.7</ele>
			 </trkpt>
			 <trkpt lat="-33.818478" lon="151.036907">
				 <ele>6.5</ele>
			 </trkpt>
			 <trkpt lat="-33.818466" lon="151.036966">
				 <ele>6.4</ele>
			 </trkpt>
			 <trkpt lat="-33.818449" lon="151.037004">
				 <ele>6.2</ele>
			 </trkpt>
			 <trkpt lat="-33.818431" lon="151.037041">
				 <ele>5.9</ele>
			 </trkpt>
			 <trkpt lat="-33.818413" lon="151.037079">
				 <ele>5.6</ele>
			 </trkpt>
			 <trkpt lat="-33.818396" lon="151.037116">
				 <ele>5.4</ele>
			 </trkpt>
			 <trkpt lat="-33.818353" lon="151.037148">
				 <ele>5.1</ele>
			 </trkpt>
			 <trkpt lat="-33.818309" lon="151.03718">
				 <ele>4.8</ele>
			 </trkpt>
			 <trkpt lat="-33.818265" lon="151.037212">
				 <ele>4.6</ele>
			 </trkpt>
			 <trkpt lat="-33.818222" lon="151.037244">
				 <ele>4.5</ele>
			 </trkpt>
			 <trkpt lat="-33.818191" lon="151.037287">
				 <ele>4.3</ele>
			 </trkpt>
			 <trkpt lat="-33.818159" lon="151.037331">
				 <ele>4.2</ele>
			 </trkpt>
			 <trkpt lat="-33.81814" lon="151.037382">
				 <ele>4.1</ele>
			 </trkpt>
			 <trkpt lat="-33.818121" lon="151.037433">
				 <ele>4.1</ele>
			 </trkpt>
			 <trkpt lat="-33.818101" lon="151.037484">
				 <ele>4.2</ele>
			 </trkpt>
			 <trkpt lat="-33.818082" lon="151.037534">
				 <ele>4.4</ele>
			 </trkpt>
			 <trkpt lat="-33.818063" lon="151.037585">
				 <ele>4.5</ele>
			 </trkpt>
			 <trkpt lat="-33.818044" lon="151.037636">
				 <ele>4.7</ele>
			 </trkpt>
			 <trkpt lat="-33.818008" lon="151.037675">
				 <ele>5</ele>
			 </trkpt>
			 <trkpt lat="-33.817972" lon="151.037714">
				 <ele>5.3</ele>
			 </trkpt>
			 <trkpt lat="-33.817937" lon="151.037753">
				 <ele>5.5</ele>
			 </trkpt>
			 <trkpt lat="-33.817901" lon="151.037792">
				 <ele>5.9</ele>
			 </trkpt>
			 <trkpt lat="-33.817881" lon="151.037823">
				 <ele>6.3</ele>
			 </trkpt>
			 <trkpt lat="-33.81786" lon="151.037853">
				 <ele>6.7</ele>
			 </trkpt>
			 <trkpt lat="-33.81784" lon="151.037884">
				 <ele>7.1</ele>
			 </trkpt>
			 <trkpt lat="-33.817819" lon="151.037915">
				 <ele>7.5</ele>
			 </trkpt>
			 <trkpt lat="-33.81778" lon="151.037959">
				 <ele>7.7</ele>
			 </trkpt>
			 <trkpt lat="-33.81774" lon="151.038003">
				 <ele>8</ele>
			 </trkpt>
			 <trkpt lat="-33.817703" lon="151.038037">
				 <ele>8.3</ele>
			 </trkpt>
			 <trkpt lat="-33.817666" lon="151.03807">
				 <ele>8.5</ele>
			 </trkpt>
			 <trkpt lat="-33.817635" lon="151.038119">
				 <ele>8.6</ele>
			 </trkpt>
			 <trkpt lat="-33.81763" lon="151.03819">
				 <ele>8.7</ele>
			 </trkpt>
			 <trkpt lat="-33.817624" lon="151.038261">
				 <ele>8.7</ele>
			 </trkpt>
			 <trkpt lat="-33.817602" lon="151.038306">
				 <ele>8.7</ele>
			 </trkpt>
			 <trkpt lat="-33.817579" lon="151.038351">
				 <ele>8.6</ele>
			 </trkpt>
			 <trkpt lat="-33.817554" lon="151.038384">
				 <ele>8.6</ele>
			 </trkpt>
			 <trkpt lat="-33.817529" lon="151.038417">
				 <ele>8.6</ele>
			 </trkpt>
			 <trkpt lat="-33.817504" lon="151.03845">
				 <ele>8.6</ele>
			 </trkpt>
			 <trkpt lat="-33.817478" lon="151.038483">
				 <ele>8.6</ele>
			 </trkpt>
			 <trkpt lat="-33.817439" lon="151.038523">
				 <ele>8.6</ele>
			 </trkpt>
			 <trkpt lat="-33.817401" lon="151.038562">
				 <ele>8.6</ele>
			 </trkpt>
			 <trkpt lat="-33.81738" lon="151.038593">
				 <ele>8.6</ele>
			 </trkpt>
			 <trkpt lat="-33.817359" lon="151.038625">
				 <ele>8.7</ele>
			 </trkpt>
			 <trkpt lat="-33.817338" lon="151.038657">
				 <ele>8.9</ele>
			 </trkpt>
			 <trkpt lat="-33.817317" lon="151.038688">
				 <ele>9.1</ele>
			 </trkpt>
			 <trkpt lat="-33.817302" lon="151.038729">
				 <ele>9.3</ele>
			 </trkpt>
			 <trkpt lat="-33.817287" lon="151.038771">
				 <ele>9.4</ele>
			 </trkpt>
			 <trkpt lat="-33.817276" lon="151.038831">
				 <ele>9.5</ele>
			 </trkpt>
			 <trkpt lat="-33.817264" lon="151.03889">
				 <ele>9.5</ele>
			 </trkpt>
			 <trkpt lat="-33.817264" lon="151.038954">
				 <ele>9.7</ele>
			 </trkpt>
			 <trkpt lat="-33.817264" lon="151.039019">
				 <ele>9.9</ele>
			 </trkpt>
			 <trkpt lat="-33.817268" lon="151.039057">
				 <ele>10.1</ele>
			 </trkpt>
			 <trkpt lat="-33.817273" lon="151.039095">
				 <ele>10.3</ele>
			 </trkpt>
			 <trkpt lat="-33.817278" lon="151.039133">
				 <ele>10.5</ele>
			 </trkpt>
			 <trkpt lat="-33.817283" lon="151.039171">
				 <ele>10.6</ele>
			 </trkpt>
			 <trkpt lat="-33.817292" lon="151.03922">
				 <ele>10.8</ele>
			 </trkpt>
			 <trkpt lat="-33.8173" lon="151.039269">
				 <ele>11</ele>
			 </trkpt>
			 <trkpt lat="-33.817309" lon="151.039318">
				 <ele>11.2</ele>
			 </trkpt>
			 <trkpt lat="-33.817317" lon="151.039368">
				 <ele>11.4</ele>
			 </trkpt>
			 <trkpt lat="-33.817326" lon="151.039417">
				 <ele>11.5</ele>
			 </trkpt>
			 <trkpt lat="-33.817334" lon="151.039466">
				 <ele>11.6</ele>
			 </trkpt>
			 <trkpt lat="-33.817343" lon="151.039523">
				 <ele>11.7</ele>
			 </trkpt>
			 <trkpt lat="-33.817351" lon="151.039579">
				 <ele>11.8</ele>
			 </trkpt>
			 <trkpt lat="-33.81736" lon="151.039636">
				 <ele>11.9</ele>
			 </trkpt>
			 <trkpt lat="-33.817369" lon="151.039693">
				 <ele>12</ele>
			 </trkpt>
			 <trkpt lat="-33.817377" lon="151.03975">
				 <ele>12</ele>
			 </trkpt>
			 <trkpt lat="-33.817386" lon="151.039806">
				 <ele>11.9</ele>
			 </trkpt>
			 <trkpt lat="-33.817394" lon="151.039863">
				 <ele>11.8</ele>
			 </trkpt>
			 <trkpt lat="-33.817403" lon="151.039919">
				 <ele>11.6</ele>
			 </trkpt>
			 <trkpt lat="-33.817412" lon="151.039976">
				 <ele>11.5</ele>
			 </trkpt>
			 <trkpt lat="-33.817421" lon="151.040033">
				 <ele>11.2</ele>
			 </trkpt>
			 <trkpt lat="-33.81743" lon="151.040089">
				 <ele>10.9</ele>
			 </trkpt>
			 <trkpt lat="-33.817438" lon="151.040146">
				 <ele>10.5</ele>
			 </trkpt>
			 <trkpt lat="-33.81743" lon="151.040211">
				 <ele>10.2</ele>
			 </trkpt>
			 <trkpt lat="-33.817422" lon="151.040275">
				 <ele>9.8</ele>
			 </trkpt>
			 <trkpt lat="-33.817423" lon="151.040343">
				 <ele>9.4</ele>
			 </trkpt>
			 <trkpt lat="-33.817424" lon="151.040411">
				 <ele>8.9</ele>
			 </trkpt>
			 <trkpt lat="-33.817431" lon="151.040449">
				 <ele>8.5</ele>
			 </trkpt>
			 <trkpt lat="-33.817438" lon="151.040487">
				 <ele>8.1</ele>
			 </trkpt>
			 <trkpt lat="-33.817458" lon="151.040523">
				 <ele>7.6</ele>
			 </trkpt>
			 <trkpt lat="-33.817477" lon="151.040558">
				 <ele>7.1</ele>
			 </trkpt>
			 <trkpt lat="-33.817499" lon="151.040588">
				 <ele>6.6</ele>
			 </trkpt>
			 <trkpt lat="-33.817522" lon="151.040617">
				 <ele>6.1</ele>
			 </trkpt>
			 <trkpt lat="-33.817541" lon="151.040663">
				 <ele>5.6</ele>
			 </trkpt>
			 <trkpt lat="-33.817541" lon="151.040738">
				 <ele>5.2</ele>
			 </trkpt>
			 <trkpt lat="-33.817525" lon="151.040791">
				 <ele>4.6</ele>
			 </trkpt>
			 <trkpt lat="-33.817501" lon="151.040828">
				 <ele>4.2</ele>
			 </trkpt>
			 <trkpt lat="-33.817475" lon="151.04085">
				 <ele>3.7</ele>
			 </trkpt>
			 <trkpt lat="-33.817448" lon="151.040872">
				 <ele>3.3</ele>
			 </trkpt>
			 <trkpt lat="-33.817415" lon="151.040922">
				 <ele>2.8</ele>
			 </trkpt>
			 <trkpt lat="-33.81739" lon="151.040985">
				 <ele>2.5</ele>
			 </trkpt>
			 <trkpt lat="-33.817386" lon="151.041025">
				 <ele>2.2</ele>
			 </trkpt>
			 <trkpt lat="-33.817381" lon="151.041065">
				 <ele>1.9</ele>
			 </trkpt>
			 <trkpt lat="-33.817395" lon="151.041129">
				 <ele>1.7</ele>
			 </trkpt>
			 <trkpt lat="-33.817409" lon="151.041193">
				 <ele>1.6</ele>
			 </trkpt>
			 <trkpt lat="-33.817412" lon="151.041235">
				 <ele>1.5</ele>
			 </trkpt>
			 <trkpt lat="-33.817415" lon="151.041277">
				 <ele>1.5</ele>
			 </trkpt>
			 <trkpt lat="-33.817404" lon="151.041334">
				 <ele>1.6</ele>
			 </trkpt>
			 <trkpt lat="-33.817393" lon="151.041391">
				 <ele>1.7</ele>
			 </trkpt>
			 <trkpt lat="-33.81737" lon="151.041435">
				 <ele>1.8</ele>
			 </trkpt>
			 <trkpt lat="-33.817347" lon="151.041479">
				 <ele>2.1</ele>
			 </trkpt>
			 <trkpt lat="-33.81731" lon="151.041531">
				 <ele>2.4</ele>
			 </trkpt>
			 <trkpt lat="-33.817275" lon="151.041579">
				 <ele>2.6</ele>
			 </trkpt>
			 <trkpt lat="-33.817257" lon="151.04162">
				 <ele>2.9</ele>
			 </trkpt>
			 <trkpt lat="-33.817239" lon="151.041661">
				 <ele>3.2</ele>
			 </trkpt>
			 <trkpt lat="-33.817225" lon="151.041706">
				 <ele>3.4</ele>
			 </trkpt>
			 <trkpt lat="-33.817212" lon="151.04175">
				 <ele>3.5</ele>
			 </trkpt>
			 <trkpt lat="-33.817206" lon="151.041819">
				 <ele>3.7</ele>
			 </trkpt>
			 <trkpt lat="-33.817199" lon="151.041887">
				 <ele>3.8</ele>
			 </trkpt>
			 <trkpt lat="-33.817212" lon="151.041924">
				 <ele>3.9</ele>
			 </trkpt>
			 <trkpt lat="-33.817226" lon="151.041962">
				 <ele>4.1</ele>
			 </trkpt>
			 <trkpt lat="-33.817239" lon="151.041999">
				 <ele>4.2</ele>
			 </trkpt>
			 <trkpt lat="-33.817252" lon="151.042036">
				 <ele>4.3</ele>
			 </trkpt>
			 <trkpt lat="-33.817271" lon="151.042073">
				 <ele>4.4</ele>
			 </trkpt>
			 <trkpt lat="-33.817289" lon="151.04211">
				 <ele>4.5</ele>
			 </trkpt>
			 <trkpt lat="-33.817307" lon="151.042148">
				 <ele>4.5</ele>
			 </trkpt>
			 <trkpt lat="-33.817325" lon="151.042185">
				 <ele>4.6</ele>
			 </trkpt>
			 <trkpt lat="-33.817346" lon="151.042235">
				 <ele>4.7</ele>
			 </trkpt>
			 <trkpt lat="-33.817367" lon="151.042285">
				 <ele>4.8</ele>
			 </trkpt>
			 <trkpt lat="-33.817376" lon="151.042327">
				 <ele>4.9</ele>
			 </trkpt>
			 <trkpt lat="-33.817386" lon="151.042368">
				 <ele>5</ele>
			 </trkpt>
			 <trkpt lat="-33.817396" lon="151.04241">
				 <ele>5</ele>
			 </trkpt>
			 <trkpt lat="-33.817406" lon="151.042451">
				 <ele>5</ele>
			 </trkpt>
			 <trkpt lat="-33.817405" lon="151.042498">
				 <ele>4.9</ele>
			 </trkpt>
			 <trkpt lat="-33.817404" lon="151.042544">
				 <ele>4.8</ele>
			 </trkpt>
			 <trkpt lat="-33.817403" lon="151.042591">
				 <ele>4.8</ele>
			 </trkpt>
			 <trkpt lat="-33.817403" lon="151.042638">
				 <ele>4.8</ele>
			 </trkpt>
			 <trkpt lat="-33.817402" lon="151.042685">
				 <ele>4.8</ele>
			 </trkpt>
			 <trkpt lat="-33.817401" lon="151.042731">
				 <ele>4.8</ele>
			 </trkpt>
			 <trkpt lat="-33.817391" lon="151.042775">
				 <ele>4.8</ele>
			 </trkpt>
			 <trkpt lat="-33.817381" lon="151.042819">
				 <ele>4.8</ele>
			 </trkpt>
			 <trkpt lat="-33.817371" lon="151.042863">
				 <ele>4.9</ele>
			 </trkpt>
			 <trkpt lat="-33.817361" lon="151.042907">
				 <ele>5</ele>
			 </trkpt>
			 <trkpt lat="-33.817344" lon="151.042953">
				 <ele>5.1</ele>
			 </trkpt>
			 <trkpt lat="-33.817327" lon="151.042998">
				 <ele>5.3</ele>
			 </trkpt>
			 <trkpt lat="-33.81731" lon="151.043044">
				 <ele>5.5</ele>
			 </trkpt>
			 <trkpt lat="-33.817292" lon="151.043089">
				 <ele>5.5</ele>
			 </trkpt>
			 <trkpt lat="-33.817273" lon="151.043123">
				 <ele>5.6</ele>
			 </trkpt>
			 <trkpt lat="-33.817253" lon="151.043156">
				 <ele>5.7</ele>
			 </trkpt>
			 <trkpt lat="-33.817234" lon="151.043189">
				 <ele>5.8</ele>
			 </trkpt>
			 <trkpt lat="-33.817214" lon="151.043222">
				 <ele>6</ele>
			 </trkpt>
			 <trkpt lat="-33.81719" lon="151.043254">
				 <ele>6.2</ele>
			 </trkpt>
			 <trkpt lat="-33.817167" lon="151.043287">
				 <ele>6.3</ele>
			 </trkpt>
			 <trkpt lat="-33.817149" lon="151.04333">
				 <ele>6.4</ele>
			 </trkpt>
			 <trkpt lat="-33.817132" lon="151.043373">
				 <ele>6.5</ele>
			 </trkpt>
			 <trkpt lat="-33.817121" lon="151.04343">
				 <ele>6.5</ele>
			 </trkpt>
			 <trkpt lat="-33.817111" lon="151.043486">
				 <ele>6.6</ele>
			 </trkpt>
			 <trkpt lat="-33.81711" lon="151.043531">
				 <ele>6.7</ele>
			 </trkpt>
			 <trkpt lat="-33.817108" lon="151.043576">
				 <ele>6.8</ele>
			 </trkpt>
			 <trkpt lat="-33.817118" lon="151.04364">
				 <ele>6.9</ele>
			 </trkpt>
			 <trkpt lat="-33.817141" lon="151.043709">
				 <ele>7</ele>
			 </trkpt>
			 <trkpt lat="-33.817189" lon="151.043733">
				 <ele>7</ele>
			 </trkpt>
			 <trkpt lat="-33.817238" lon="151.043756">
				 <ele>6.9</ele>
			 </trkpt>
			 <trkpt lat="-33.817277" lon="151.043765">
				 <ele>6.8</ele>
			 </trkpt>
			 <trkpt lat="-33.817316" lon="151.043774">
				 <ele>6.7</ele>
			 </trkpt>
			 <trkpt lat="-33.817355" lon="151.043784">
				 <ele>6.6</ele>
			 </trkpt>
			 <trkpt lat="-33.817393" lon="151.043793">
				 <ele>6.5</ele>
			 </trkpt>
			 <trkpt lat="-33.817418" lon="151.043825">
				 <ele>6.5</ele>
			 </trkpt>
			 <trkpt lat="-33.817445" lon="151.04385">
				 <ele>6.4</ele>
			 </trkpt>
			 <trkpt lat="-33.817496" lon="151.043854">
				 <ele>6.3</ele>
			 </trkpt>
			 <trkpt lat="-33.817526" lon="151.043871">
				 <ele>6.2</ele>
			 </trkpt>
			 <trkpt lat="-33.817556" lon="151.043887">
				 <ele>6.1</ele>
			 </trkpt>
			 <trkpt lat="-33.817598" lon="151.043941">
				 <ele>6</ele>
			 </trkpt>
			 <trkpt lat="-33.817624" lon="151.044003">
				 <ele>6</ele>
			 </trkpt>
			 <trkpt lat="-33.817647" lon="151.044045">
				 <ele>6</ele>
			 </trkpt>
			 <trkpt lat="-33.81767" lon="151.044087">
				 <ele>6</ele>
			 </trkpt>
			 <trkpt lat="-33.817694" lon="151.044129">
				 <ele>6</ele>
			 </trkpt>
			 <trkpt lat="-33.817717" lon="151.04417">
				 <ele>6.1</ele>
			 </trkpt>
			 <trkpt lat="-33.81774" lon="151.044212">
				 <ele>6.2</ele>
			 </trkpt>
			 <trkpt lat="-33.817763" lon="151.044254">
				 <ele>6.3</ele>
			 </trkpt>
			 <trkpt lat="-33.817783" lon="151.044284">
				 <ele>6.4</ele>
			 </trkpt>
			 <trkpt lat="-33.817803" lon="151.044313">
				 <ele>6.5</ele>
			 </trkpt>
			 <trkpt lat="-33.817823" lon="151.044343">
				 <ele>6.5</ele>
			 </trkpt>
			 <trkpt lat="-33.817843" lon="151.044373">
				 <ele>6.6</ele>
			 </trkpt>
			 <trkpt lat="-33.817871" lon="151.044409">
				 <ele>6.7</ele>
			 </trkpt>
			 <trkpt lat="-33.817898" lon="151.044445">
				 <ele>6.9</ele>
			 </trkpt>
			 <trkpt lat="-33.817926" lon="151.044482">
				 <ele>7.1</ele>
			 </trkpt>
			 <trkpt lat="-33.817954" lon="151.044518">
				 <ele>7.3</ele>
			 </trkpt>
			 <trkpt lat="-33.817981" lon="151.044555">
				 <ele>7.3</ele>
			 </trkpt>
			 <trkpt lat="-33.818009" lon="151.044592">
				 <ele>7.3</ele>
			 </trkpt>
			 <trkpt lat="-33.818036" lon="151.044628">
				 <ele>7.3</ele>
			 </trkpt>
			 <trkpt lat="-33.818057" lon="151.044663">
				 <ele>7.3</ele>
			 </trkpt>
			 <trkpt lat="-33.818079" lon="151.044697">
				 <ele>7.2</ele>
			 </trkpt>
			 <trkpt lat="-33.818101" lon="151.044732">
				 <ele>7.1</ele>
			 </trkpt>
			 <trkpt lat="-33.818122" lon="151.044766">
				 <ele>7</ele>
			 </trkpt>
			 <trkpt lat="-33.818146" lon="151.044817">
				 <ele>6.8</ele>
			 </trkpt>
			 <trkpt lat="-33.818171" lon="151.044867">
				 <ele>6.5</ele>
			 </trkpt>
			 <trkpt lat="-33.818195" lon="151.044917">
				 <ele>6.3</ele>
			 </trkpt>
			 <trkpt lat="-33.818219" lon="151.044967">
				 <ele>5.9</ele>
			 </trkpt>
			 <trkpt lat="-33.818252" lon="151.045015">
				 <ele>5.6</ele>
			 </trkpt>
			 <trkpt lat="-33.818284" lon="151.045062">
				 <ele>5.4</ele>
			 </trkpt>
			 <trkpt lat="-33.818316" lon="151.04511">
				 <ele>5</ele>
			 </trkpt>
			 <trkpt lat="-33.818349" lon="151.045157">
				 <ele>4.6</ele>
			 </trkpt>
			 <trkpt lat="-33.818376" lon="151.045188">
				 <ele>4.4</ele>
			 </trkpt>
			 <trkpt lat="-33.818402" lon="151.045219">
				 <ele>4.2</ele>
			 </trkpt>
			 <trkpt lat="-33.818428" lon="151.04525">
				 <ele>4</ele>
			 </trkpt>
			 <trkpt lat="-33.818454" lon="151.045281">
				 <ele>3.9</ele>
			 </trkpt>
			 <trkpt lat="-33.818489" lon="151.045315">
				 <ele>3.8</ele>
			 </trkpt>
			 <trkpt lat="-33.818525" lon="151.045349">
				 <ele>3.7</ele>
			 </trkpt>
			 <trkpt lat="-33.818561" lon="151.045383">
				 <ele>3.7</ele>
			 </trkpt>
			 <trkpt lat="-33.818596" lon="151.045417">
				 <ele>3.6</ele>
			 </trkpt>
			 <trkpt lat="-33.81863" lon="151.045443">
				 <ele>3.5</ele>
			 </trkpt>
			 <trkpt lat="-33.818665" lon="151.045469">
				 <ele>3.5</ele>
			 </trkpt>
			 <trkpt lat="-33.8187" lon="151.045496">
				 <ele>3.5</ele>
			 </trkpt>
			 <trkpt lat="-33.818734" lon="151.045522">
				 <ele>3.5</ele>
			 </trkpt>
			 <trkpt lat="-33.818769" lon="151.045548">
				 <ele>3.5</ele>
			 </trkpt>
			 <trkpt lat="-33.818803" lon="151.045574">
				 <ele>3.4</ele>
			 </trkpt>
			 <trkpt lat="-33.818839" lon="151.045594">
				 <ele>3.3</ele>
			 </trkpt>
			 <trkpt lat="-33.818875" lon="151.045613">
				 <ele>3.3</ele>
			 </trkpt>
			 <trkpt lat="-33.818911" lon="151.045632">
				 <ele>3.3</ele>
			 </trkpt>
			 <trkpt lat="-33.818946" lon="151.045651">
				 <ele>3.3</ele>
			 </trkpt>
			 <trkpt lat="-33.818982" lon="151.045702">
				 <ele>3.4</ele>
			 </trkpt>
			 <trkpt lat="-33.819014" lon="151.045706">
				 <ele>3.5</ele>
			 </trkpt>
			 <trkpt lat="-33.819047" lon="151.045711">
				 <ele>3.7</ele>
			 </trkpt>
			 <trkpt lat="-33.819088" lon="151.045729">
				 <ele>4</ele>
			 </trkpt>
			 <trkpt lat="-33.81913" lon="151.045746">
				 <ele>4.4</ele>
			 </trkpt>
			 <trkpt lat="-33.819166" lon="151.045765">
				 <ele>4.8</ele>
			 </trkpt>
			 <trkpt lat="-33.819202" lon="151.045784">
				 <ele>5.3</ele>
			 </trkpt>
			 <trkpt lat="-33.819238" lon="151.045802">
				 <ele>5.8</ele>
			 </trkpt>
			 <trkpt lat="-33.819274" lon="151.045821">
				 <ele>6.4</ele>
			 </trkpt>
			 <trkpt lat="-33.819317" lon="151.045848">
				 <ele>6.9</ele>
			 </trkpt>
			 <trkpt lat="-33.81936" lon="151.045876">
				 <ele>7.5</ele>
			 </trkpt>
			 <trkpt lat="-33.81939" lon="151.045896">
				 <ele>8.2</ele>
			 </trkpt>
			 <trkpt lat="-33.819419" lon="151.045915">
				 <ele>8.7</ele>
			 </trkpt>
			 <trkpt lat="-33.819446" lon="151.045935">
				 <ele>9.3</ele>
			 </trkpt>
			 <trkpt lat="-33.819473" lon="151.045955">
				 <ele>9.7</ele>
			 </trkpt>
			 <trkpt lat="-33.8195" lon="151.045976">
				 <ele>10.1</ele>
			 </trkpt>
			 <trkpt lat="-33.819526" lon="151.045996">
				 <ele>10.4</ele>
			 </trkpt>
			 <trkpt lat="-33.819557" lon="151.046023">
				 <ele>10.6</ele>
			 </trkpt>
			 <trkpt lat="-33.819587" lon="151.04605">
				 <ele>10.8</ele>
			 </trkpt>
			 <trkpt lat="-33.819618" lon="151.046077">
				 <ele>10.8</ele>
			 </trkpt>
			 <trkpt lat="-33.819648" lon="151.046104">
				 <ele>10.8</ele>
			 </trkpt>
			 <trkpt lat="-33.819683" lon="151.046144">
				 <ele>10.6</ele>
			 </trkpt>
			 <trkpt lat="-33.819718" lon="151.046184">
				 <ele>10.5</ele>
			 </trkpt>
			 <trkpt lat="-33.819754" lon="151.046224">
				 <ele>10.2</ele>
			 </trkpt>
			 <trkpt lat="-33.819789" lon="151.046263">
				 <ele>9.9</ele>
			 </trkpt>
			 <trkpt lat="-33.819824" lon="151.046303">
				 <ele>9.6</ele>
			 </trkpt>
			 <trkpt lat="-33.819859" lon="151.046343">
				 <ele>9.4</ele>
			 </trkpt>
			 <trkpt lat="-33.819894" lon="151.046382">
				 <ele>9</ele>
			 </trkpt>
			 <trkpt lat="-33.819929" lon="151.046422">
				 <ele>8.6</ele>
			 </trkpt>
			 <trkpt lat="-33.819955" lon="151.046446">
				 <ele>8.3</ele>
			 </trkpt>
			 <trkpt lat="-33.819981" lon="151.046469">
				 <ele>8</ele>
			 </trkpt>
			 <trkpt lat="-33.820008" lon="151.046492">
				 <ele>7.7</ele>
			 </trkpt>
			 <trkpt lat="-33.820034" lon="151.046515">
				 <ele>7.5</ele>
			 </trkpt>
			 <trkpt lat="-33.820066" lon="151.046531">
				 <ele>7.2</ele>
			 </trkpt>
			 <trkpt lat="-33.820098" lon="151.046547">
				 <ele>7</ele>
			 </trkpt>
			 <trkpt lat="-33.82015" lon="151.046554">
				 <ele>6.8</ele>
			 </trkpt>
			 <trkpt lat="-33.820203" lon="151.046561">
				 <ele>6.6</ele>
			 </trkpt>
			 <trkpt lat="-33.820256" lon="151.046567">
				 <ele>6.5</ele>
			 </trkpt>
			 <trkpt lat="-33.820308" lon="151.046574">
				 <ele>6.4</ele>
			 </trkpt>
			 <trkpt lat="-33.820353" lon="151.046587">
				 <ele>6.3</ele>
			 </trkpt>
			 <trkpt lat="-33.820398" lon="151.0466">
				 <ele>6.1</ele>
			 </trkpt>
			 <trkpt lat="-33.820442" lon="151.046616">
				 <ele>5.9</ele>
			 </trkpt>
			 <trkpt lat="-33.820485" lon="151.046632">
				 <ele>5.7</ele>
			 </trkpt>
			 <trkpt lat="-33.820529" lon="151.046649">
				 <ele>5.6</ele>
			 </trkpt>
			 <trkpt lat="-33.820573" lon="151.046665">
				 <ele>5.5</ele>
			 </trkpt>
			 <trkpt lat="-33.820617" lon="151.046681">
				 <ele>5.3</ele>
			 </trkpt>
			 <trkpt lat="-33.82066" lon="151.046697">
				 <ele>5.1</ele>
			 </trkpt>
			 <trkpt lat="-33.820707" lon="151.046742">
				 <ele>4.9</ele>
			 </trkpt>
			 <trkpt lat="-33.820754" lon="151.046787">
				 <ele>4.7</ele>
			 </trkpt>
			 <trkpt lat="-33.820787" lon="151.046825">
				 <ele>4.5</ele>
			 </trkpt>
			 <trkpt lat="-33.82082" lon="151.046863">
				 <ele>4.4</ele>
			 </trkpt>
			 <trkpt lat="-33.820841" lon="151.046894">
				 <ele>4.3</ele>
			 </trkpt>
			 <trkpt lat="-33.820861" lon="151.046924">
				 <ele>4.2</ele>
			 </trkpt>
			 <trkpt lat="-33.820882" lon="151.046955">
				 <ele>4.1</ele>
			 </trkpt>
			 <trkpt lat="-33.820903" lon="151.046985">
				 <ele>4</ele>
			 </trkpt>
			 <trkpt lat="-33.820927" lon="151.047013">
				 <ele>4</ele>
			 </trkpt>
			 <trkpt lat="-33.820952" lon="151.047041">
				 <ele>4</ele>
			 </trkpt>
			 <trkpt lat="-33.820976" lon="151.047069">
				 <ele>4.1</ele>
			 </trkpt>
			 <trkpt lat="-33.821" lon="151.047096">
				 <ele>4.2</ele>
			 </trkpt>
			 <trkpt lat="-33.821025" lon="151.04712">
				 <ele>4.3</ele>
			 </trkpt>
			 <trkpt lat="-33.82105" lon="151.047143">
				 <ele>4.5</ele>
			 </trkpt>
			 <trkpt lat="-33.821099" lon="151.047189">
				 <ele>4.6</ele>
			 </trkpt>
			 <trkpt lat="-33.821128" lon="151.047228">
				 <ele>4.8</ele>
			 </trkpt>
			 <trkpt lat="-33.821157" lon="151.047267">
				 <ele>5.1</ele>
			 </trkpt>
			 <trkpt lat="-33.821186" lon="151.047305">
				 <ele>5.5</ele>
			 </trkpt>
			 <trkpt lat="-33.821215" lon="151.047344">
				 <ele>5.8</ele>
			 </trkpt>
			 <trkpt lat="-33.821244" lon="151.047383">
				 <ele>6.3</ele>
			 </trkpt>
			 <trkpt lat="-33.821273" lon="151.047421">
				 <ele>6.8</ele>
			 </trkpt>
			 <trkpt lat="-33.821302" lon="151.04746">
				 <ele>7.3</ele>
			 </trkpt>
			 <trkpt lat="-33.821331" lon="151.047499">
				 <ele>7.7</ele>
			 </trkpt>
			 <trkpt lat="-33.821365" lon="151.047531">
				 <ele>8.3</ele>
			 </trkpt>
			 <trkpt lat="-33.821399" lon="151.047564">
				 <ele>8.7</ele>
			 </trkpt>
			 <trkpt lat="-33.821433" lon="151.047597">
				 <ele>9.2</ele>
			 </trkpt>
			 <trkpt lat="-33.821468" lon="151.04763">
				 <ele>9.6</ele>
			 </trkpt>
			 <trkpt lat="-33.821502" lon="151.047663">
				 <ele>10</ele>
			 </trkpt>
			 <trkpt lat="-33.821536" lon="151.047695">
				 <ele>10.3</ele>
			 </trkpt>
			 <trkpt lat="-33.821585" lon="151.047733">
				 <ele>10.5</ele>
			 </trkpt>
			 <trkpt lat="-33.821633" lon="151.04777">
				 <ele>10.7</ele>
			 </trkpt>
			 <trkpt lat="-33.821661" lon="151.047799">
				 <ele>10.8</ele>
			 </trkpt>
			 <trkpt lat="-33.821689" lon="151.047828">
				 <ele>10.9</ele>
			 </trkpt>
			 <trkpt lat="-33.821717" lon="151.047857">
				 <ele>11</ele>
			 </trkpt>
			 <trkpt lat="-33.821746" lon="151.047886">
				 <ele>11</ele>
			 </trkpt>
			 <trkpt lat="-33.82177" lon="151.047913">
				 <ele>11</ele>
			 </trkpt>
			 <trkpt lat="-33.821793" lon="151.047941">
				 <ele>11</ele>
			 </trkpt>
			 <trkpt lat="-33.821817" lon="151.047969">
				 <ele>11</ele>
			 </trkpt>
			 <trkpt lat="-33.821841" lon="151.047996">
				 <ele>10.9</ele>
			 </trkpt>
			 <trkpt lat="-33.821876" lon="151.048042">
				 <ele>10.8</ele>
			 </trkpt>
			 <trkpt lat="-33.821911" lon="151.048088">
				 <ele>10.7</ele>
			 </trkpt>
			 <trkpt lat="-33.821945" lon="151.048134">
				 <ele>10.6</ele>
			 </trkpt>
			 <trkpt lat="-33.82198" lon="151.048179">
				 <ele>10.5</ele>
			 </trkpt>
			 <trkpt lat="-33.822002" lon="151.048215">
				 <ele>10.5</ele>
			 </trkpt>
			 <trkpt lat="-33.822024" lon="151.048251">
				 <ele>10.4</ele>
			 </trkpt>
			 <trkpt lat="-33.822046" lon="151.048287">
				 <ele>10.2</ele>
			 </trkpt>
			 <trkpt lat="-33.822068" lon="151.048322">
				 <ele>10</ele>
			 </trkpt>
			 <trkpt lat="-33.82209" lon="151.048358">
				 <ele>9.8</ele>
			 </trkpt>
			 <trkpt lat="-33.822112" lon="151.048394">
				 <ele>9.6</ele>
			 </trkpt>
			 <trkpt lat="-33.822128" lon="151.048432">
				 <ele>9.5</ele>
			 </trkpt>
			 <trkpt lat="-33.822145" lon="151.048471">
				 <ele>9.5</ele>
			 </trkpt>
			 <trkpt lat="-33.822162" lon="151.04851">
				 <ele>9.4</ele>
			 </trkpt>
			 <trkpt lat="-33.822178" lon="151.048548">
				 <ele>9.3</ele>
			 </trkpt>
			 <trkpt lat="-33.822201" lon="151.048611">
				 <ele>9.2</ele>
			 </trkpt>
			 <trkpt lat="-33.822215" lon="151.048652">
				 <ele>9.1</ele>
			 </trkpt>
			 <trkpt lat="-33.82223" lon="151.048692">
				 <ele>9</ele>
			 </trkpt>
			 <trkpt lat="-33.822237" lon="151.048741">
				 <ele>9</ele>
			 </trkpt>
			 <trkpt lat="-33.822244" lon="151.048789">
				 <ele>9</ele>
			 </trkpt>
			 <trkpt lat="-33.822252" lon="151.048837">
				 <ele>9</ele>
			 </trkpt>
			 <trkpt lat="-33.822259" lon="151.048885">
				 <ele>8.9</ele>
			 </trkpt>
			 <trkpt lat="-33.822264" lon="151.048935">
				 <ele>8.8</ele>
			 </trkpt>
			 <trkpt lat="-33.822268" lon="151.048984">
				 <ele>8.7</ele>
			 </trkpt>
			 <trkpt lat="-33.822272" lon="151.049034">
				 <ele>8.6</ele>
			 </trkpt>
			 <trkpt lat="-33.822276" lon="151.049083">
				 <ele>8.5</ele>
			 </trkpt>
			 <trkpt lat="-33.822302" lon="151.049131">
				 <ele>8.5</ele>
			 </trkpt>
			 <trkpt lat="-33.822327" lon="151.04918">
				 <ele>8.4</ele>
			 </trkpt>
			 <trkpt lat="-33.822362" lon="151.049228">
				 <ele>8.3</ele>
			 </trkpt>
			 <trkpt lat="-33.822396" lon="151.049276">
				 <ele>8.2</ele>
			 </trkpt>
			 <trkpt lat="-33.822431" lon="151.049324">
				 <ele>8.1</ele>
			 </trkpt>
			 <trkpt lat="-33.822466" lon="151.049371">
				 <ele>8</ele>
			 </trkpt>
			 <trkpt lat="-33.822501" lon="151.049419">
				 <ele>8</ele>
			 </trkpt>
			 <trkpt lat="-33.822535" lon="151.049467">
				 <ele>8</ele>
			 </trkpt>
			 <trkpt lat="-33.822568" lon="151.049489">
				 <ele>8</ele>
			 </trkpt>
			 <trkpt lat="-33.8226" lon="151.049511">
				 <ele>8</ele>
			 </trkpt>
			 <trkpt lat="-33.822632" lon="151.049533">
				 <ele>8</ele>
			 </trkpt>
			 <trkpt lat="-33.822664" lon="151.049554">
				 <ele>7.9</ele>
			 </trkpt>
			 <trkpt lat="-33.822691" lon="151.049584">
				 <ele>7.8</ele>
			 </trkpt>
			 <trkpt lat="-33.822717" lon="151.049615">
				 <ele>7.7</ele>
			 </trkpt>
			 <trkpt lat="-33.822744" lon="151.049645">
				 <ele>7.6</ele>
			 </trkpt>
			 <trkpt lat="-33.82277" lon="151.049675">
				 <ele>7.5</ele>
			 </trkpt>
			 <trkpt lat="-33.822796" lon="151.049706">
				 <ele>7.3</ele>
			 </trkpt>
			 <trkpt lat="-33.822823" lon="151.049736">
				 <ele>7.1</ele>
			 </trkpt>
			 <trkpt lat="-33.822848" lon="151.049783">
				 <ele>6.9</ele>
			 </trkpt>
			 <trkpt lat="-33.822873" lon="151.049831">
				 <ele>6.7</ele>
			 </trkpt>
			 <trkpt lat="-33.822897" lon="151.049878">
				 <ele>6.5</ele>
			 </trkpt>
			 <trkpt lat="-33.822922" lon="151.049925">
				 <ele>6.4</ele>
			 </trkpt>
			 <trkpt lat="-33.822947" lon="151.049973">
				 <ele>6.3</ele>
			 </trkpt>
			 <trkpt lat="-33.822972" lon="151.05002">
				 <ele>6.2</ele>
			 </trkpt>
			 <trkpt lat="-33.822981" lon="151.050065">
				 <ele>6.1</ele>
			 </trkpt>
			 <trkpt lat="-33.822991" lon="151.05011">
				 <ele>6</ele>
			 </trkpt>
			 <trkpt lat="-33.823" lon="151.050155">
				 <ele>6</ele>
			 </trkpt>
			 <trkpt lat="-33.823009" lon="151.050201">
				 <ele>6</ele>
			 </trkpt>
			 <trkpt lat="-33.823014" lon="151.050256">
				 <ele>6</ele>
			 </trkpt>
			 <trkpt lat="-33.823018" lon="151.050312">
				 <ele>6</ele>
			 </trkpt>
			 <trkpt lat="-33.823023" lon="151.050367">
				 <ele>6</ele>
			 </trkpt>
			 <trkpt lat="-33.823027" lon="151.050423">
				 <ele>6</ele>
			 </trkpt>
			 <trkpt lat="-33.823034" lon="151.050466">
				 <ele>5.9</ele>
			 </trkpt>
			 <trkpt lat="-33.82304" lon="151.050509">
				 <ele>5.8</ele>
			 </trkpt>
			 <trkpt lat="-33.823047" lon="151.050552">
				 <ele>5.7</ele>
			 </trkpt>
			 <trkpt lat="-33.823053" lon="151.050595">
				 <ele>5.6</ele>
			 </trkpt>
			 <trkpt lat="-33.823076" lon="151.050643">
				 <ele>5.5</ele>
			 </trkpt>
			 <trkpt lat="-33.823099" lon="151.050692">
				 <ele>5.3</ele>
			 </trkpt>
			 <trkpt lat="-33.823121" lon="151.05074">
				 <ele>5.1</ele>
			 </trkpt>
			 <trkpt lat="-33.823144" lon="151.050788">
				 <ele>4.9</ele>
			 </trkpt>
			 <trkpt lat="-33.823168" lon="151.050826">
				 <ele>4.6</ele>
			 </trkpt>
			 <trkpt lat="-33.823202" lon="151.050862">
				 <ele>4.4</ele>
			 </trkpt>
			 <trkpt lat="-33.823229" lon="151.05089">
				 <ele>4.1</ele>
			 </trkpt>
			 <trkpt lat="-33.823256" lon="151.050919">
				 <ele>3.9</ele>
			 </trkpt>
			 <trkpt lat="-33.823283" lon="151.050947">
				 <ele>3.6</ele>
			 </trkpt>
			 <trkpt lat="-33.823306" lon="151.050977">
				 <ele>3.4</ele>
			 </trkpt>
			 <trkpt lat="-33.823329" lon="151.051008">
				 <ele>3.1</ele>
			 </trkpt>
			 <trkpt lat="-33.823352" lon="151.051038">
				 <ele>2.9</ele>
			 </trkpt>
			 <trkpt lat="-33.823374" lon="151.051068">
				 <ele>2.7</ele>
			 </trkpt>
			 <trkpt lat="-33.823406" lon="151.051123">
				 <ele>2.5</ele>
			 </trkpt>
			 <trkpt lat="-33.823437" lon="151.051179">
				 <ele>2.4</ele>
			 </trkpt>
			 <trkpt lat="-33.823451" lon="151.051221">
				 <ele>2.3</ele>
			 </trkpt>
			 <trkpt lat="-33.823465" lon="151.051262">
				 <ele>2.3</ele>
			 </trkpt>
			 <trkpt lat="-33.82347" lon="151.051308">
				 <ele>2.3</ele>
			 </trkpt>
			 <trkpt lat="-33.823475" lon="151.051354">
				 <ele>2.3</ele>
			 </trkpt>
			 <trkpt lat="-33.82348" lon="151.0514">
				 <ele>2.5</ele>
			 </trkpt>
			 <trkpt lat="-33.823485" lon="151.051446">
				 <ele>2.6</ele>
			 </trkpt>
			 <trkpt lat="-33.82349" lon="151.051492">
				 <ele>2.9</ele>
			 </trkpt>
			 <trkpt lat="-33.823495" lon="151.051538">
				 <ele>3.2</ele>
			 </trkpt>
			 <trkpt lat="-33.823496" lon="151.051586">
				 <ele>3.5</ele>
			 </trkpt>
			 <trkpt lat="-33.823496" lon="151.051634">
				 <ele>3.9</ele>
			 </trkpt>
			 <trkpt lat="-33.823497" lon="151.051689">
				 <ele>4.4</ele>
			 </trkpt>
			 <trkpt lat="-33.823498" lon="151.051743">
				 <ele>4.8</ele>
			 </trkpt>
			 <trkpt lat="-33.823499" lon="151.051798">
				 <ele>5.3</ele>
			 </trkpt>
			 <trkpt lat="-33.8235" lon="151.051853">
				 <ele>5.7</ele>
			 </trkpt>
			 <trkpt lat="-33.823493" lon="151.051911">
				 <ele>6.2</ele>
			 </trkpt>
			 <trkpt lat="-33.823486" lon="151.051969">
				 <ele>6.6</ele>
			 </trkpt>
			 <trkpt lat="-33.823479" lon="151.052028">
				 <ele>7.1</ele>
			 </trkpt>
			 <trkpt lat="-33.823471" lon="151.052086">
				 <ele>7.5</ele>
			 </trkpt>
			 <trkpt lat="-33.823462" lon="151.052139">
				 <ele>8</ele>
			 </trkpt>
			 <trkpt lat="-33.823452" lon="151.052191">
				 <ele>8.5</ele>
			 </trkpt>
			 <trkpt lat="-33.823448" lon="151.052247">
				 <ele>8.9</ele>
			 </trkpt>
			 <trkpt lat="-33.823444" lon="151.052302">
				 <ele>9.4</ele>
			 </trkpt>
			 <trkpt lat="-33.823439" lon="151.052365">
				 <ele>9.8</ele>
			 </trkpt>
			 <trkpt lat="-33.823433" lon="151.052428">
				 <ele>10.3</ele>
			 </trkpt>
			 <trkpt lat="-33.82344" lon="151.052471">
				 <ele>10.7</ele>
			 </trkpt>
			 <trkpt lat="-33.823447" lon="151.052514">
				 <ele>11.3</ele>
			 </trkpt>
			 <trkpt lat="-33.823454" lon="151.052557">
				 <ele>11.7</ele>
			 </trkpt>
			 <trkpt lat="-33.823461" lon="151.0526">
				 <ele>12.2</ele>
			 </trkpt>
			 <trkpt lat="-33.823471" lon="151.052637">
				 <ele>12.6</ele>
			 </trkpt>
			 <trkpt lat="-33.823482" lon="151.052674">
				 <ele>13.1</ele>
			 </trkpt>
			 <trkpt lat="-33.823493" lon="151.05271">
				 <ele>13.5</ele>
			 </trkpt>
			 <trkpt lat="-33.823503" lon="151.052747">
				 <ele>13.8</ele>
			 </trkpt>
			 <trkpt lat="-33.823498" lon="151.05282">
				 <ele>14.1</ele>
			 </trkpt>
			 <trkpt lat="-33.823493" lon="151.052892">
				 <ele>14.3</ele>
			 </trkpt>
			 <trkpt lat="-33.823495" lon="151.052947">
				 <ele>14.4</ele>
			 </trkpt>
			 <trkpt lat="-33.823497" lon="151.053001">
				 <ele>14.4</ele>
			 </trkpt>
			 <trkpt lat="-33.823499" lon="151.053056">
				 <ele>14.3</ele>
			 </trkpt>
			 <trkpt lat="-33.823501" lon="151.05311">
				 <ele>14.1</ele>
			 </trkpt>
			 <trkpt lat="-33.823503" lon="151.053165">
				 <ele>13.9</ele>
			 </trkpt>
			 <trkpt lat="-33.823505" lon="151.05322">
				 <ele>13.5</ele>
			 </trkpt>
			 <trkpt lat="-33.823507" lon="151.053274">
				 <ele>13.1</ele>
			 </trkpt>
			 <trkpt lat="-33.823509" lon="151.053329">
				 <ele>12.6</ele>
			 </trkpt>
			 <trkpt lat="-33.823511" lon="151.053384">
				 <ele>12.2</ele>
			 </trkpt>
			 <trkpt lat="-33.823513" lon="151.053438">
				 <ele>11.6</ele>
			 </trkpt>
			 <trkpt lat="-33.823515" lon="151.053484">
				 <ele>11.2</ele>
			 </trkpt>
			 <trkpt lat="-33.823516" lon="151.053529">
				 <ele>10.7</ele>
			 </trkpt>
			 <trkpt lat="-33.823517" lon="151.053574">
				 <ele>10.3</ele>
			 </trkpt>
			 <trkpt lat="-33.823519" lon="151.053619">
				 <ele>9.8</ele>
			 </trkpt>
			 <trkpt lat="-33.82352" lon="151.053673">
				 <ele>9.5</ele>
			 </trkpt>
			 <trkpt lat="-33.823521" lon="151.053727">
				 <ele>9</ele>
			 </trkpt>
			 <trkpt lat="-33.823521" lon="151.053782">
				 <ele>8.6</ele>
			 </trkpt>
			 <trkpt lat="-33.823522" lon="151.053836">
				 <ele>8.4</ele>
			 </trkpt>
			 <trkpt lat="-33.823523" lon="151.05389">
				 <ele>8</ele>
			 </trkpt>
			 <trkpt lat="-33.823524" lon="151.053944">
				 <ele>7.6</ele>
			 </trkpt>
			 <trkpt lat="-33.823517" lon="151.053994">
				 <ele>7.3</ele>
			 </trkpt>
			 <trkpt lat="-33.82351" lon="151.054045">
				 <ele>6.9</ele>
			 </trkpt>
			 <trkpt lat="-33.823503" lon="151.054096">
				 <ele>6.5</ele>
			 </trkpt>
			 <trkpt lat="-33.823495" lon="151.054147">
				 <ele>6.1</ele>
			 </trkpt>
			 <trkpt lat="-33.823488" lon="151.054197">
				 <ele>5.6</ele>
			 </trkpt>
			 <trkpt lat="-33.823481" lon="151.054248">
				 <ele>5.2</ele>
			 </trkpt>
			 <trkpt lat="-33.823479" lon="151.054306">
				 <ele>4.7</ele>
			 </trkpt>
			 <trkpt lat="-33.823477" lon="151.054364">
				 <ele>4.3</ele>
			 </trkpt>
			 <trkpt lat="-33.823476" lon="151.054421">
				 <ele>3.7</ele>
			 </trkpt>
			 <trkpt lat="-33.823474" lon="151.054479">
				 <ele>3.3</ele>
			 </trkpt>
			 <trkpt lat="-33.823472" lon="151.054537">
				 <ele>2.8</ele>
			 </trkpt>
			 <trkpt lat="-33.82347" lon="151.054595">
				 <ele>2.5</ele>
			 </trkpt>
			 <trkpt lat="-33.823469" lon="151.054653">
				 <ele>2.1</ele>
			 </trkpt>
			 <trkpt lat="-33.823467" lon="151.054711">
				 <ele>1.7</ele>
			 </trkpt>
			 <trkpt lat="-33.823465" lon="151.054769">
				 <ele>1.4</ele>
			 </trkpt>
			 <trkpt lat="-33.823464" lon="151.054827">
				 <ele>1.1</ele>
			 </trkpt>
			 <trkpt lat="-33.823462" lon="151.054885">
				 <ele>0.8</ele>
			 </trkpt>
			 <trkpt lat="-33.82346" lon="151.054943">
				 <ele>0.6</ele>
			 </trkpt>
			 <trkpt lat="-33.823458" lon="151.055001">
				 <ele>0.5</ele>
			 </trkpt>
			 <trkpt lat="-33.823456" lon="151.055058">
				 <ele>0.4</ele>
			 </trkpt>
			 <trkpt lat="-33.823454" lon="151.055116">
				 <ele>0.4</ele>
			 </trkpt>
			 <trkpt lat="-33.823453" lon="151.055174">
				 <ele>0.4</ele>
			 </trkpt>
			 <trkpt lat="-33.823449" lon="151.055232">
				 <ele>0.4</ele>
			 </trkpt>
			 <trkpt lat="-33.823446" lon="151.055291">
				 <ele>0.4</ele>
			 </trkpt>
			 <trkpt lat="-33.823442" lon="151.05535">
				 <ele>0.5</ele>
			 </trkpt>
			 <trkpt lat="-33.823439" lon="151.055409">
				 <ele>0.5</ele>
			 </trkpt>
			 <trkpt lat="-33.823436" lon="151.055468">
				 <ele>0.6</ele>
			 </trkpt>
			 <trkpt lat="-33.823432" lon="151.055527">
				 <ele>0.7</ele>
			 </trkpt>
			 <trkpt lat="-33.823428" lon="151.055586">
				 <ele>0.8</ele>
			 </trkpt>
			 <trkpt lat="-33.823424" lon="151.055644">
				 <ele>1</ele>
			 </trkpt>
			 <trkpt lat="-33.82342" lon="151.055703">
				 <ele>1.1</ele>
			 </trkpt>
			 <trkpt lat="-33.823417" lon="151.055761">
				 <ele>1.1</ele>
			 </trkpt>
			 <trkpt lat="-33.823414" lon="151.05582">
				 <ele>1.1</ele>
			 </trkpt>
			 <trkpt lat="-33.82341" lon="151.055879">
				 <ele>1.1</ele>
			 </trkpt>
			 <trkpt lat="-33.823416" lon="151.055944">
				 <ele>1.1</ele>
			 </trkpt>
			 <trkpt lat="-33.823431" lon="151.056016">
				 <ele>1.1</ele>
			 </trkpt>
			 <trkpt lat="-33.823435" lon="151.056057">
				 <ele>1.1</ele>
			 </trkpt>
			 <trkpt lat="-33.823439" lon="151.056098">
				 <ele>1.1</ele>
			 </trkpt>
			 <trkpt lat="-33.823443" lon="151.056139">
				 <ele>1.1</ele>
			 </trkpt>
			 <trkpt lat="-33.823448" lon="151.05618">
				 <ele>1.1</ele>
			 </trkpt>
			 <trkpt lat="-33.823447" lon="151.056238">
				 <ele>1</ele>
			 </trkpt>
			 <trkpt lat="-33.823445" lon="151.056296">
				 <ele>1</ele>
			 </trkpt>
			 <trkpt lat="-33.823435" lon="151.056346">
				 <ele>1</ele>
			 </trkpt>
			 <trkpt lat="-33.823425" lon="151.056396">
				 <ele>1</ele>
			 </trkpt>
			 <trkpt lat="-33.823414" lon="151.056446">
				 <ele>1.1</ele>
			 </trkpt>
			 <trkpt lat="-33.823404" lon="151.056496">
				 <ele>1.2</ele>
			 </trkpt>
			 <trkpt lat="-33.823389" lon="151.056551">
				 <ele>1.3</ele>
			 </trkpt>
			 <trkpt lat="-33.823375" lon="151.056606">
				 <ele>1.4</ele>
			 </trkpt>
			 <trkpt lat="-33.82336" lon="151.05666">
				 <ele>1.5</ele>
			 </trkpt>
			 <trkpt lat="-33.823345" lon="151.056715">
				 <ele>1.5</ele>
			 </trkpt>
			 <trkpt lat="-33.82333" lon="151.05677">
				 <ele>1.7</ele>
			 </trkpt>
			 <trkpt lat="-33.823316" lon="151.056825">
				 <ele>1.9</ele>
			 </trkpt>
			 <trkpt lat="-33.823301" lon="151.05688">
				 <ele>2.1</ele>
			 </trkpt>
			 <trkpt lat="-33.823287" lon="151.056935">
				 <ele>2.3</ele>
			 </trkpt>
			 <trkpt lat="-33.823272" lon="151.056989">
				 <ele>2.5</ele>
			 </trkpt>
			 <trkpt lat="-33.823257" lon="151.057044">
				 <ele>2.6</ele>
			 </trkpt>
			 <trkpt lat="-33.823242" lon="151.057099">
				 <ele>2.8</ele>
			 </trkpt>
			 <trkpt lat="-33.823228" lon="151.057154">
				 <ele>3.1</ele>
			 </trkpt>
			 <trkpt lat="-33.823223" lon="151.057198">
				 <ele>3.4</ele>
			 </trkpt>
			 <trkpt lat="-33.823217" lon="151.057241">
				 <ele>3.7</ele>
			 </trkpt>
			 <trkpt lat="-33.823211" lon="151.057285">
				 <ele>4.1</ele>
			 </trkpt>
			 <trkpt lat="-33.823205" lon="151.057328">
				 <ele>4.4</ele>
			 </trkpt>
			 <trkpt lat="-33.823199" lon="151.057392">
				 <ele>4.6</ele>
			 </trkpt>
			 <trkpt lat="-33.823192" lon="151.057457">
				 <ele>4.9</ele>
			 </trkpt>
			 <trkpt lat="-33.823185" lon="151.057524">
				 <ele>5.2</ele>
			 </trkpt>
			 <trkpt lat="-33.82318" lon="151.057583">
				 <ele>5.4</ele>
			 </trkpt>
			 <trkpt lat="-33.823174" lon="151.057641">
				 <ele>5.5</ele>
			 </trkpt>
			 <trkpt lat="-33.823169" lon="151.0577">
				 <ele>5.5</ele>
			 </trkpt>
			 <trkpt lat="-33.823163" lon="151.057759">
				 <ele>5.5</ele>
			 </trkpt>
			 <trkpt lat="-33.823156" lon="151.057834">
				 <ele>5.4</ele>
			 </trkpt>
			 <trkpt lat="-33.823149" lon="151.057908">
				 <ele>5.2</ele>
			 </trkpt>
			 <trkpt lat="-33.823144" lon="151.057959">
				 <ele>5</ele>
			 </trkpt>
			 <trkpt lat="-33.823138" lon="151.05801">
				 <ele>4.7</ele>
			 </trkpt>
			 <trkpt lat="-33.823133" lon="151.058062">
				 <ele>4.5</ele>
			 </trkpt>
			 <trkpt lat="-33.823127" lon="151.058113">
				 <ele>4.2</ele>
			 </trkpt>
			 <trkpt lat="-33.823121" lon="151.058164">
				 <ele>3.8</ele>
			 </trkpt>
			 <trkpt lat="-33.823116" lon="151.058216">
				 <ele>3.5</ele>
			 </trkpt>
			 <trkpt lat="-33.82311" lon="151.058267">
				 <ele>3.3</ele>
			 </trkpt>
			 <trkpt lat="-33.823105" lon="151.058318">
				 <ele>3</ele>
			 </trkpt>
			 <trkpt lat="-33.823109" lon="151.058365">
				 <ele>2.8</ele>
			 </trkpt>
			 <trkpt lat="-33.823112" lon="151.058411">
				 <ele>2.6</ele>
			 </trkpt>
			 <trkpt lat="-33.823116" lon="151.058458">
				 <ele>2.5</ele>
			 </trkpt>
			 <trkpt lat="-33.82312" lon="151.058505">
				 <ele>2.3</ele>
			 </trkpt>
			 <trkpt lat="-33.823124" lon="151.058551">
				 <ele>2.2</ele>
			 </trkpt>
			 <trkpt lat="-33.823127" lon="151.058598">
				 <ele>2.1</ele>
			 </trkpt>
			 <trkpt lat="-33.823131" lon="151.058659">
				 <ele>2</ele>
			 </trkpt>
			 <trkpt lat="-33.823134" lon="151.058701">
				 <ele>2</ele>
			 </trkpt>
			 <trkpt lat="-33.823138" lon="151.058744">
				 <ele>2.1</ele>
			 </trkpt>
			 <trkpt lat="-33.823141" lon="151.058787">
				 <ele>2.2</ele>
			 </trkpt>
			 <trkpt lat="-33.823145" lon="151.05883">
				 <ele>2.3</ele>
			 </trkpt>
			 <trkpt lat="-33.823133" lon="151.058885">
				 <ele>2.5</ele>
			 </trkpt>
			 <trkpt lat="-33.823121" lon="151.05894">
				 <ele>2.6</ele>
			 </trkpt>
			 <trkpt lat="-33.823109" lon="151.058994">
				 <ele>2.8</ele>
			 </trkpt>
			 <trkpt lat="-33.823097" lon="151.059049">
				 <ele>3.1</ele>
			 </trkpt>
			 <trkpt lat="-33.823085" lon="151.059104">
				 <ele>3.4</ele>
			 </trkpt>
			 <trkpt lat="-33.823073" lon="151.059159">
				 <ele>3.7</ele>
			 </trkpt>
			 <trkpt lat="-33.823061" lon="151.059214">
				 <ele>4.1</ele>
			 </trkpt>
			 <trkpt lat="-33.823049" lon="151.059269">
				 <ele>4.5</ele>
			 </trkpt>
			 <trkpt lat="-33.823037" lon="151.059324">
				 <ele>4.8</ele>
			 </trkpt>
			 <trkpt lat="-33.823025" lon="151.059378">
				 <ele>5.2</ele>
			 </trkpt>
			 <trkpt lat="-33.823013" lon="151.059433">
				 <ele>5.5</ele>
			 </trkpt>
			 <trkpt lat="-33.823001" lon="151.059488">
				 <ele>5.8</ele>
			 </trkpt>
			 <trkpt lat="-33.822997" lon="151.059534">
				 <ele>6.2</ele>
			 </trkpt>
			 <trkpt lat="-33.822993" lon="151.05958">
				 <ele>6.5</ele>
			 </trkpt>
			 <trkpt lat="-33.822998" lon="151.059643">
				 <ele>6.8</ele>
			 </trkpt>
			 <trkpt lat="-33.822978" lon="151.059686">
				 <ele>7.1</ele>
			 </trkpt>
			 <trkpt lat="-33.822931" lon="151.059709">
				 <ele>7.3</ele>
			 </trkpt>
			 <trkpt lat="-33.822892" lon="151.059741">
				 <ele>7.5</ele>
			 </trkpt>
			 <trkpt lat="-33.822877" lon="151.059788">
				 <ele>7.6</ele>
			 </trkpt>
			 <trkpt lat="-33.822881" lon="151.059832">
				 <ele>7.7</ele>
			 </trkpt>
			 <trkpt lat="-33.822894" lon="151.059869">
				 <ele>7.8</ele>
			 </trkpt>
			 <trkpt lat="-33.82293" lon="151.059919">
				 <ele>7.8</ele>
			 </trkpt>
			 <trkpt lat="-33.822954" lon="151.059964">
				 <ele>7.8</ele>
			 </trkpt>
			 <trkpt lat="-33.822978" lon="151.060009">
				 <ele>7.7</ele>
			 </trkpt>
			 <trkpt lat="-33.823002" lon="151.060054">
				 <ele>7.6</ele>
			 </trkpt>
			 <trkpt lat="-33.823026" lon="151.060098">
				 <ele>7.5</ele>
			 </trkpt>
			 <trkpt lat="-33.823049" lon="151.06014">
				 <ele>7.5</ele>
			 </trkpt>
			 <trkpt lat="-33.823073" lon="151.060182">
				 <ele>7.4</ele>
			 </trkpt>
			 <trkpt lat="-33.823085" lon="151.060224">
				 <ele>7.2</ele>
			 </trkpt>
			 <trkpt lat="-33.823097" lon="151.060265">
				 <ele>7</ele>
			 </trkpt>
			 <trkpt lat="-33.823108" lon="151.060335">
				 <ele>6.8</ele>
			 </trkpt>
			 <trkpt lat="-33.823113" lon="151.060405">
				 <ele>6.6</ele>
			 </trkpt>
			 <trkpt lat="-33.823118" lon="151.060475">
				 <ele>6.5</ele>
			 </trkpt>
			 <trkpt lat="-33.823123" lon="151.060546">
				 <ele>6.5</ele>
			 </trkpt>
			 <trkpt lat="-33.823128" lon="151.060616">
				 <ele>6.4</ele>
			 </trkpt>
			 <trkpt lat="-33.823133" lon="151.060686">
				 <ele>6.3</ele>
			 </trkpt>
			 <trkpt lat="-33.82315" lon="151.060756">
				 <ele>6.2</ele>
			 </trkpt>
			 <trkpt lat="-33.823168" lon="151.060826">
				 <ele>6.2</ele>
			 </trkpt>
			 <trkpt lat="-33.823185" lon="151.060896">
				 <ele>6.2</ele>
			 </trkpt>
			 <trkpt lat="-33.823203" lon="151.060966">
				 <ele>6.3</ele>
			 </trkpt>
			 <trkpt lat="-33.823204" lon="151.061008">
				 <ele>6.4</ele>
			 </trkpt>
			 <trkpt lat="-33.823205" lon="151.061049">
				 <ele>6.5</ele>
			 </trkpt>
			 <trkpt lat="-33.8232" lon="151.061101">
				 <ele>6.6</ele>
			 </trkpt>
			 <trkpt lat="-33.823196" lon="151.061152">
				 <ele>6.8</ele>
			 </trkpt>
			 <trkpt lat="-33.823191" lon="151.061204">
				 <ele>7</ele>
			 </trkpt>
			 <trkpt lat="-33.823179" lon="151.061258">
				 <ele>7.2</ele>
			 </trkpt>
			 <trkpt lat="-33.823167" lon="151.061311">
				 <ele>7.4</ele>
			 </trkpt>
			 <trkpt lat="-33.823161" lon="151.06136">
				 <ele>7.5</ele>
			 </trkpt>
			 <trkpt lat="-33.823155" lon="151.061409">
				 <ele>7.6</ele>
			 </trkpt>
			 <trkpt lat="-33.823155" lon="151.061479">
				 <ele>7.7</ele>
			 </trkpt>
			 <trkpt lat="-33.823155" lon="151.061549">
				 <ele>7.8</ele>
			 </trkpt>
			 <trkpt lat="-33.823156" lon="151.061618">
				 <ele>7.9</ele>
			 </trkpt>
			 <trkpt lat="-33.823156" lon="151.061688">
				 <ele>8</ele>
			 </trkpt>
			 <trkpt lat="-33.823156" lon="151.061758">
				 <ele>7.9</ele>
			 </trkpt>
			 <trkpt lat="-33.823158" lon="151.06183">
				 <ele>7.8</ele>
			 </trkpt>
			 <trkpt lat="-33.823161" lon="151.061902">
				 <ele>7.8</ele>
			 </trkpt>
			 <trkpt lat="-33.823163" lon="151.061974">
				 <ele>7.8</ele>
			 </trkpt>
			 <trkpt lat="-33.823166" lon="151.062046">
				 <ele>7.8</ele>
			 </trkpt>
			 <trkpt lat="-33.823168" lon="151.062118">
				 <ele>7.8</ele>
			 </trkpt>
			 <trkpt lat="-33.82317" lon="151.062189">
				 <ele>7.8</ele>
			 </trkpt>
			 <trkpt lat="-33.823173" lon="151.062261">
				 <ele>7.8</ele>
			 </trkpt>
			 <trkpt lat="-33.823175" lon="151.062333">
				 <ele>7.9</ele>
			 </trkpt>
			 <trkpt lat="-33.823178" lon="151.062405">
				 <ele>8</ele>
			 </trkpt>
			 <trkpt lat="-33.82318" lon="151.062477">
				 <ele>8.1</ele>
			 </trkpt>
			 <trkpt lat="-33.823181" lon="151.062551">
				 <ele>8.2</ele>
			 </trkpt>
			 <trkpt lat="-33.823183" lon="151.062626">
				 <ele>8.3</ele>
			 </trkpt>
			 <trkpt lat="-33.823184" lon="151.0627">
				 <ele>8.3</ele>
			 </trkpt>
			 <trkpt lat="-33.823185" lon="151.062775">
				 <ele>8.3</ele>
			 </trkpt>
			 <trkpt lat="-33.823186" lon="151.062849">
				 <ele>8.2</ele>
			 </trkpt>
			 <trkpt lat="-33.823188" lon="151.062924">
				 <ele>8.1</ele>
			 </trkpt>
			 <trkpt lat="-33.823189" lon="151.062998">
				 <ele>8</ele>
			 </trkpt>
			 <trkpt lat="-33.823176" lon="151.063036">
				 <ele>7.9</ele>
			 </trkpt>
			 <trkpt lat="-33.823162" lon="151.063073">
				 <ele>7.7</ele>
			 </trkpt>
			 <trkpt lat="-33.823152" lon="151.063121">
				 <ele>7.5</ele>
			 </trkpt>
			 <trkpt lat="-33.823142" lon="151.063169">
				 <ele>7.4</ele>
			 </trkpt>
			 <trkpt lat="-33.823125" lon="151.063205">
				 <ele>7.3</ele>
			 </trkpt>
			 <trkpt lat="-33.823108" lon="151.063241">
				 <ele>7.2</ele>
			 </trkpt>
			 <trkpt lat="-33.823074" lon="151.063292">
				 <ele>7.1</ele>
			 </trkpt>
			 <trkpt lat="-33.823036" lon="151.063318">
				 <ele>7.1</ele>
			 </trkpt>
			 <trkpt lat="-33.822982" lon="151.06334">
				 <ele>7.2</ele>
			 </trkpt>
			 <trkpt lat="-33.822928" lon="151.063363">
				 <ele>7.4</ele>
			 </trkpt>
			 <trkpt lat="-33.822875" lon="151.063385">
				 <ele>7.6</ele>
			 </trkpt>
			 <trkpt lat="-33.822821" lon="151.063407">
				 <ele>7.9</ele>
			 </trkpt>
			 <trkpt lat="-33.822767" lon="151.06343">
				 <ele>8.2</ele>
			 </trkpt>
			 <trkpt lat="-33.822713" lon="151.063452">
				 <ele>8.5</ele>
			 </trkpt>
			 <trkpt lat="-33.822658" lon="151.063481">
				 <ele>8.7</ele>
			 </trkpt>
			 <trkpt lat="-33.822602" lon="151.063509">
				 <ele>8.9</ele>
			 </trkpt>
			 <trkpt lat="-33.822574" lon="151.063538">
				 <ele>9.1</ele>
			 </trkpt>
			 <trkpt lat="-33.822545" lon="151.063566">
				 <ele>9.2</ele>
			 </trkpt>
			 <trkpt lat="-33.822522" lon="151.063614">
				 <ele>9.2</ele>
			 </trkpt>
			 <trkpt lat="-33.822498" lon="151.063662">
				 <ele>9.1</ele>
			 </trkpt>
			 <trkpt lat="-33.82248" lon="151.063729">
				 <ele>8.8</ele>
			 </trkpt>
			 <trkpt lat="-33.822461" lon="151.063797">
				 <ele>8.4</ele>
			 </trkpt>
			 <trkpt lat="-33.822453" lon="151.063869">
				 <ele>7.8</ele>
			 </trkpt>
			 <trkpt lat="-33.822445" lon="151.063941">
				 <ele>7.3</ele>
			 </trkpt>
			 <trkpt lat="-33.822437" lon="151.064013">
				 <ele>6.6</ele>
			 </trkpt>
			 <trkpt lat="-33.822429" lon="151.064085">
				 <ele>5.9</ele>
			 </trkpt>
			 <trkpt lat="-33.82242" lon="151.064157">
				 <ele>5.2</ele>
			 </trkpt>
			 <trkpt lat="-33.822412" lon="151.064229">
				 <ele>4.4</ele>
			 </trkpt>
			 <trkpt lat="-33.822404" lon="151.064301">
				 <ele>3.6</ele>
			 </trkpt>
			 <trkpt lat="-33.822396" lon="151.064373">
				 <ele>2.9</ele>
			 </trkpt>
			 <trkpt lat="-33.822388" lon="151.064445">
				 <ele>2.3</ele>
			 </trkpt>
			 <trkpt lat="-33.822378" lon="151.064518">
				 <ele>1.7</ele>
			 </trkpt>
			 <trkpt lat="-33.822368" lon="151.064591">
				 <ele>1.3</ele>
			 </trkpt>
			 <trkpt lat="-33.822358" lon="151.064664">
				 <ele>0.9</ele>
			 </trkpt>
			 <trkpt lat="-33.822348" lon="151.064737">
				 <ele>0.5</ele>
			 </trkpt>
			 <trkpt lat="-33.822338" lon="151.06481">
				 <ele>0.4</ele>
			 </trkpt>
			 <trkpt lat="-33.822326" lon="151.064871">
				 <ele>0.4</ele>
			 </trkpt>
			 <trkpt lat="-33.822314" lon="151.064933">
				 <ele>0.5</ele>
			 </trkpt>
			 <trkpt lat="-33.822297" lon="151.065001">
				 <ele>0.7</ele>
			 </trkpt>
			 <trkpt lat="-33.82228" lon="151.065069">
				 <ele>1</ele>
			 </trkpt>
			 <trkpt lat="-33.822263" lon="151.065137">
				 <ele>1.4</ele>
			 </trkpt>
			 <trkpt lat="-33.822246" lon="151.065205">
				 <ele>1.7</ele>
			 </trkpt>
			 <trkpt lat="-33.822227" lon="151.065268">
				 <ele>2.1</ele>
			 </trkpt>
			 <trkpt lat="-33.822209" lon="151.065332">
				 <ele>2.5</ele>
			 </trkpt>
			 <trkpt lat="-33.82219" lon="151.065395">
				 <ele>3</ele>
			 </trkpt>
			 <trkpt lat="-33.822168" lon="151.065455">
				 <ele>3.5</ele>
			 </trkpt>
			 <trkpt lat="-33.822147" lon="151.065514">
				 <ele>3.8</ele>
			 </trkpt>
			 <trkpt lat="-33.822125" lon="151.065574">
				 <ele>4.1</ele>
			 </trkpt>
			 <trkpt lat="-33.822104" lon="151.065633">
				 <ele>4.5</ele>
			 </trkpt>
			 <trkpt lat="-33.822082" lon="151.065693">
				 <ele>4.7</ele>
			 </trkpt>
			 <trkpt lat="-33.822062" lon="151.065762">
				 <ele>5</ele>
			 </trkpt>
			 <trkpt lat="-33.822041" lon="151.06583">
				 <ele>5.2</ele>
			 </trkpt>
			 <trkpt lat="-33.822021" lon="151.065899">
				 <ele>5.4</ele>
			 </trkpt>
			 <trkpt lat="-33.822001" lon="151.065967">
				 <ele>5.5</ele>
			 </trkpt>
			 <trkpt lat="-33.821987" lon="151.066033">
				 <ele>5.5</ele>
			 </trkpt>
			 <trkpt lat="-33.821972" lon="151.066099">
				 <ele>5.5</ele>
			 </trkpt>
			 <trkpt lat="-33.821958" lon="151.066164">
				 <ele>5.5</ele>
			 </trkpt>
			 <trkpt lat="-33.821944" lon="151.06623">
				 <ele>5.5</ele>
			 </trkpt>
			 <trkpt lat="-33.821929" lon="151.066296">
				 <ele>5.5</ele>
			 </trkpt>
			 <trkpt lat="-33.821915" lon="151.066362">
				 <ele>5.5</ele>
			 </trkpt>
			 <trkpt lat="-33.8219" lon="151.066415">
				 <ele>5.4</ele>
			 </trkpt>
			 <trkpt lat="-33.821886" lon="151.066468">
				 <ele>5.3</ele>
			 </trkpt>
			 <trkpt lat="-33.821865" lon="151.066523">
				 <ele>5.2</ele>
			 </trkpt>
			 <trkpt lat="-33.821844" lon="151.066578">
				 <ele>5.1</ele>
			 </trkpt>
			 <trkpt lat="-33.821812" lon="151.066642">
				 <ele>5</ele>
			 </trkpt>
			 <trkpt lat="-33.821796" lon="151.066675">
				 <ele>5</ele>
			 </trkpt>
			 <trkpt lat="-33.821779" lon="151.066707">
				 <ele>5</ele>
			 </trkpt>
			 <trkpt lat="-33.821747" lon="151.066771">
				 <ele>5</ele>
			 </trkpt>
			 <trkpt lat="-33.82171" lon="151.066815">
				 <ele>5</ele>
			 </trkpt>
			 <trkpt lat="-33.821673" lon="151.066858">
				 <ele>5</ele>
			 </trkpt>
			 <trkpt lat="-33.821636" lon="151.066902">
				 <ele>5</ele>
			 </trkpt>
			 <trkpt lat="-33.821603" lon="151.066922">
				 <ele>4.9</ele>
			 </trkpt>
			 <trkpt lat="-33.82157" lon="151.066941">
				 <ele>4.8</ele>
			 </trkpt>
			 <trkpt lat="-33.821525" lon="151.066962">
				 <ele>4.7</ele>
			 </trkpt>
			 <trkpt lat="-33.82148" lon="151.066984">
				 <ele>4.6</ele>
			 </trkpt>
			 <trkpt lat="-33.821435" lon="151.067005">
				 <ele>4.5</ele>
			 </trkpt>
			 <trkpt lat="-33.82139" lon="151.067025">
				 <ele>4.5</ele>
			 </trkpt>
			 <trkpt lat="-33.821345" lon="151.067046">
				 <ele>4.4</ele>
			 </trkpt>
			 <trkpt lat="-33.8213" lon="151.067066">
				 <ele>4.3</ele>
			 </trkpt>
			 <trkpt lat="-33.821255" lon="151.067086">
				 <ele>4.2</ele>
			 </trkpt>
			 <trkpt lat="-33.821207" lon="151.067105">
				 <ele>4.2</ele>
			 </trkpt>
			 <trkpt lat="-33.821159" lon="151.067125">
				 <ele>4.2</ele>
			 </trkpt>
			 <trkpt lat="-33.82111" lon="151.067144">
				 <ele>4.3</ele>
			 </trkpt>
			 <trkpt lat="-33.821062" lon="151.067164">
				 <ele>4.4</ele>
			 </trkpt>
			 <trkpt lat="-33.821014" lon="151.067183">
				 <ele>4.5</ele>
			 </trkpt>
			 <trkpt lat="-33.820957" lon="151.067198">
				 <ele>4.6</ele>
			 </trkpt>
			 <trkpt lat="-33.820899" lon="151.067213">
				 <ele>4.8</ele>
			 </trkpt>
			 <trkpt lat="-33.820842" lon="151.067228">
				 <ele>5</ele>
			 </trkpt>
			 <trkpt lat="-33.820784" lon="151.067243">
				 <ele>5.3</ele>
			 </trkpt>
			 <trkpt lat="-33.820726" lon="151.067258">
				 <ele>5.5</ele>
			 </trkpt>
			 <trkpt lat="-33.820669" lon="151.067273">
				 <ele>5.8</ele>
			 </trkpt>
			 <trkpt lat="-33.820611" lon="151.067288">
				 <ele>6</ele>
			 </trkpt>
			 <trkpt lat="-33.820554" lon="151.067303">
				 <ele>6.2</ele>
			 </trkpt>
			 <trkpt lat="-33.820497" lon="151.067318">
				 <ele>6.4</ele>
			 </trkpt>
			 <trkpt lat="-33.820439" lon="151.067333">
				 <ele>6.5</ele>
			 </trkpt>
			 <trkpt lat="-33.820388" lon="151.067342">
				 <ele>6.7</ele>
			 </trkpt>
			 <trkpt lat="-33.820338" lon="151.06735">
				 <ele>6.9</ele>
			 </trkpt>
			 <trkpt lat="-33.820287" lon="151.067359">
				 <ele>7.1</ele>
			 </trkpt>
			 <trkpt lat="-33.820236" lon="151.067368">
				 <ele>7.3</ele>
			 </trkpt>
			 <trkpt lat="-33.820191" lon="151.067365">
				 <ele>7.3</ele>
			 </trkpt>
			 <trkpt lat="-33.820146" lon="151.067361">
				 <ele>7.3</ele>
			 </trkpt>
			 <trkpt lat="-33.820099" lon="151.067342">
				 <ele>7.3</ele>
			 </trkpt>
			 <trkpt lat="-33.820051" lon="151.067324">
				 <ele>7.3</ele>
			 </trkpt>
			 <trkpt lat="-33.820004" lon="151.067305">
				 <ele>7.3</ele>
			 </trkpt>
			 <trkpt lat="-33.819966" lon="151.067297">
				 <ele>7.3</ele>
			 </trkpt>
			 <trkpt lat="-33.819928" lon="151.067358">
				 <ele>7.2</ele>
			 </trkpt>
			 <trkpt lat="-33.819876" lon="151.067366">
				 <ele>7.1</ele>
			 </trkpt>
			 <trkpt lat="-33.819848" lon="151.067357">
				 <ele>6.9</ele>
			 </trkpt>
			 <trkpt lat="-33.819826" lon="151.067335">
				 <ele>6.7</ele>
			 </trkpt>
			 <trkpt lat="-33.819807" lon="151.067298">
				 <ele>6.5</ele>
			 </trkpt>
			 <trkpt lat="-33.819761" lon="151.067255">
				 <ele>6.5</ele>
			 </trkpt>
			 <trkpt lat="-33.819732" lon="151.067233">
				 <ele>6.4</ele>
			 </trkpt>
			 <trkpt lat="-33.819702" lon="151.067212">
				 <ele>6.2</ele>
			 </trkpt>
			 <trkpt lat="-33.819665" lon="151.067196">
				 <ele>6</ele>
			 </trkpt>
			 <trkpt lat="-33.819627" lon="151.067193">
				 <ele>5.8</ele>
			 </trkpt>
			 <trkpt lat="-33.81959" lon="151.067201">
				 <ele>5.6</ele>
			 </trkpt>
			 <trkpt lat="-33.819558" lon="151.067219">
				 <ele>5.5</ele>
			 </trkpt>
			 <trkpt lat="-33.819527" lon="151.067253">
				 <ele>5.5</ele>
			 </trkpt>
			 <trkpt lat="-33.819496" lon="151.067311">
				 <ele>5.4</ele>
			 </trkpt>
			 <trkpt lat="-33.81948" lon="151.067355">
				 <ele>5.3</ele>
			 </trkpt>
			 <trkpt lat="-33.819463" lon="151.067399">
				 <ele>5.2</ele>
			 </trkpt>
			 <trkpt lat="-33.819437" lon="151.06742">
				 <ele>5.1</ele>
			 </trkpt>
			 <trkpt lat="-33.819383" lon="151.06739">
				 <ele>5</ele>
			 </trkpt>
			 <trkpt lat="-33.819349" lon="151.067361">
				 <ele>5</ele>
			 </trkpt>
			 <trkpt lat="-33.819292" lon="151.067338">
				 <ele>4.9</ele>
			 </trkpt>
			 <trkpt lat="-33.819259" lon="151.067339">
				 <ele>4.8</ele>
			 </trkpt>
			 <trkpt lat="-33.819225" lon="151.067339">
				 <ele>4.7</ele>
			 </trkpt>
			 <trkpt lat="-33.819197" lon="151.067362">
				 <ele>4.6</ele>
			 </trkpt>
			 <trkpt lat="-33.819168" lon="151.067384">
				 <ele>4.5</ele>
			 </trkpt>
			 <trkpt lat="-33.819136" lon="151.067422">
				 <ele>4.5</ele>
			 </trkpt>
			 <trkpt lat="-33.819103" lon="151.06746">
				 <ele>4.5</ele>
			 </trkpt>
			 <trkpt lat="-33.81907" lon="151.067498">
				 <ele>4.5</ele>
			 </trkpt>
			 <trkpt lat="-33.819037" lon="151.067535">
				 <ele>4.5</ele>
			 </trkpt>
			 <trkpt lat="-33.819005" lon="151.067573">
				 <ele>4.5</ele>
			 </trkpt>
			 <trkpt lat="-33.818972" lon="151.067611">
				 <ele>4.5</ele>
			 </trkpt>
			 <trkpt lat="-33.818954" lon="151.067651">
				 <ele>4.5</ele>
			 </trkpt>
			 <trkpt lat="-33.818935" lon="151.06769">
				 <ele>4.6</ele>
			 </trkpt>
			 <trkpt lat="-33.818917" lon="151.067729">
				 <ele>4.7</ele>
			 </trkpt>
			 <trkpt lat="-33.818898" lon="151.067768">
				 <ele>4.8</ele>
			 </trkpt>
			 <trkpt lat="-33.818874" lon="151.067802">
				 <ele>4.9</ele>
			 </trkpt>
			 <trkpt lat="-33.81885" lon="151.067836">
				 <ele>5.1</ele>
			 </trkpt>
			 <trkpt lat="-33.818821" lon="151.067867">
				 <ele>5.2</ele>
			 </trkpt>
			 <trkpt lat="-33.818792" lon="151.067898">
				 <ele>5.3</ele>
			 </trkpt>
			 <trkpt lat="-33.818759" lon="151.067919">
				 <ele>5.5</ele>
			 </trkpt>
			 <trkpt lat="-33.818725" lon="151.06794">
				 <ele>5.6</ele>
			 </trkpt>
			 <trkpt lat="-33.818672" lon="151.067958">
				 <ele>5.8</ele>
			 </trkpt>
			 <trkpt lat="-33.818627" lon="151.067961">
				 <ele>6</ele>
			 </trkpt>
			 <trkpt lat="-33.818571" lon="151.067949">
				 <ele>6.2</ele>
			 </trkpt>
			 <trkpt lat="-33.818514" lon="151.067936">
				 <ele>6.5</ele>
			 </trkpt>
			 <trkpt lat="-33.818478" lon="151.067933">
				 <ele>6.7</ele>
			 </trkpt>
			 <trkpt lat="-33.818442" lon="151.067931">
				 <ele>7</ele>
			 </trkpt>
			 <trkpt lat="-33.818406" lon="151.067939">
				 <ele>7.2</ele>
			 </trkpt>
			 <trkpt lat="-33.818371" lon="151.067946">
				 <ele>7.4</ele>
			 </trkpt>
			 <trkpt lat="-33.818335" lon="151.067953">
				 <ele>7.5</ele>
			 </trkpt>
			 <trkpt lat="-33.818299" lon="151.06796">
				 <ele>7.6</ele>
			 </trkpt>
			 <trkpt lat="-33.818261" lon="151.067973">
				 <ele>7.7</ele>
			 </trkpt>
			 <trkpt lat="-33.818222" lon="151.067985">
				 <ele>7.8</ele>
			 </trkpt>
			 <trkpt lat="-33.818184" lon="151.067997">
				 <ele>7.8</ele>
			 </trkpt>
			 <trkpt lat="-33.818145" lon="151.06801">
				 <ele>7.8</ele>
			 </trkpt>
			 <trkpt lat="-33.81811" lon="151.068033">
				 <ele>7.7</ele>
			 </trkpt>
			 <trkpt lat="-33.818065" lon="151.068062">
				 <ele>7.6</ele>
			 </trkpt>
			 <trkpt lat="-33.818011" lon="151.068079">
				 <ele>7.5</ele>
			 </trkpt>
			 <trkpt lat="-33.817958" lon="151.068096">
				 <ele>7.3</ele>
			 </trkpt>
			 <trkpt lat="-33.817913" lon="151.068121">
				 <ele>7.1</ele>
			 </trkpt>
			 <trkpt lat="-33.817868" lon="151.068146">
				 <ele>6.9</ele>
			 </trkpt>
			 <trkpt lat="-33.817824" lon="151.068171">
				 <ele>6.6</ele>
			 </trkpt>
			 <trkpt lat="-33.817779" lon="151.068195">
				 <ele>6.4</ele>
			 </trkpt>
			 <trkpt lat="-33.817734" lon="151.06822">
				 <ele>6.1</ele>
			 </trkpt>
			 <trkpt lat="-33.817689" lon="151.068244">
				 <ele>5.9</ele>
			 </trkpt>
			 <trkpt lat="-33.817644" lon="151.068269">
				 <ele>5.7</ele>
			 </trkpt>
			 <trkpt lat="-33.817599" lon="151.068294">
				 <ele>5.5</ele>
			 </trkpt>
			 <trkpt lat="-33.817555" lon="151.068314">
				 <ele>5.4</ele>
			 </trkpt>
			 <trkpt lat="-33.817512" lon="151.068334">
				 <ele>5.3</ele>
			 </trkpt>
			 <trkpt lat="-33.817469" lon="151.068354">
				 <ele>5.3</ele>
			 </trkpt>
			 <trkpt lat="-33.817425" lon="151.068373">
				 <ele>5.3</ele>
			 </trkpt>
			 <trkpt lat="-33.817381" lon="151.068393">
				 <ele>5.3</ele>
			 </trkpt>
			 <trkpt lat="-33.817338" lon="151.068413">
				 <ele>5.5</ele>
			 </trkpt>
			 <trkpt lat="-33.817293" lon="151.068438">
				 <ele>5.6</ele>
			 </trkpt>
			 <trkpt lat="-33.817249" lon="151.068463">
				 <ele>5.8</ele>
			 </trkpt>
			 <trkpt lat="-33.817212" lon="151.068477">
				 <ele>6.1</ele>
			 </trkpt>
			 <trkpt lat="-33.817176" lon="151.06849">
				 <ele>6.4</ele>
			 </trkpt>
			 <trkpt lat="-33.81714" lon="151.068504">
				 <ele>6.6</ele>
			 </trkpt>
			 <trkpt lat="-33.817103" lon="151.068517">
				 <ele>6.9</ele>
			 </trkpt>
			 <trkpt lat="-33.817052" lon="151.068548">
				 <ele>7.3</ele>
			 </trkpt>
			 <trkpt lat="-33.817" lon="151.068578">
				 <ele>7.5</ele>
			 </trkpt>
			 <trkpt lat="-33.816978" lon="151.068611">
				 <ele>7.9</ele>
			 </trkpt>
			 <trkpt lat="-33.816955" lon="151.068643">
				 <ele>8.3</ele>
			 </trkpt>
			 <trkpt lat="-33.816946" lon="151.068693">
				 <ele>8.6</ele>
			 </trkpt>
			 <trkpt lat="-33.816937" lon="151.068744">
				 <ele>9</ele>
			 </trkpt>
			 <trkpt lat="-33.816925" lon="151.06879">
				 <ele>9.4</ele>
			 </trkpt>
			 <trkpt lat="-33.816913" lon="151.068835">
				 <ele>9.6</ele>
			 </trkpt>
			 <trkpt lat="-33.816885" lon="151.068884">
				 <ele>9.9</ele>
			 </trkpt>
			 <trkpt lat="-33.816856" lon="151.068932">
				 <ele>10.2</ele>
			 </trkpt>
			 <trkpt lat="-33.816818" lon="151.068974">
				 <ele>10.5</ele>
			 </trkpt>
			 <trkpt lat="-33.816781" lon="151.069016">
				 <ele>10.6</ele>
			 </trkpt>
			 <trkpt lat="-33.81676" lon="151.069054">
				 <ele>10.8</ele>
			 </trkpt>
			 <trkpt lat="-33.816738" lon="151.069092">
				 <ele>10.9</ele>
			 </trkpt>
			 <trkpt lat="-33.816716" lon="151.069131">
				 <ele>11</ele>
			 </trkpt>
			 <trkpt lat="-33.816695" lon="151.069169">
				 <ele>10.9</ele>
			 </trkpt>
			 <trkpt lat="-33.816674" lon="151.069207">
				 <ele>10.8</ele>
			 </trkpt>
			 <trkpt lat="-33.816652" lon="151.069245">
				 <ele>10.7</ele>
			 </trkpt>
			 <trkpt lat="-33.816633" lon="151.069282">
				 <ele>10.6</ele>
			 </trkpt>
			 <trkpt lat="-33.816615" lon="151.06932">
				 <ele>10.5</ele>
			 </trkpt>
			 <trkpt lat="-33.816597" lon="151.069358">
				 <ele>10.4</ele>
			 </trkpt>
			 <trkpt lat="-33.816578" lon="151.069395">
				 <ele>10.2</ele>
			 </trkpt>
			 <trkpt lat="-33.816567" lon="151.069432">
				 <ele>10</ele>
			 </trkpt>
			 <trkpt lat="-33.816555" lon="151.069468">
				 <ele>9.7</ele>
			 </trkpt>
			 <trkpt lat="-33.816544" lon="151.069504">
				 <ele>9.5</ele>
			 </trkpt>
			 <trkpt lat="-33.816532" lon="151.069541">
				 <ele>9.2</ele>
			 </trkpt>
			 <trkpt lat="-33.816521" lon="151.069591">
				 <ele>8.9</ele>
			 </trkpt>
			 <trkpt lat="-33.816509" lon="151.06964">
				 <ele>8.6</ele>
			 </trkpt>
			 <trkpt lat="-33.816497" lon="151.069689">
				 <ele>8.4</ele>
			 </trkpt>
			 <trkpt lat="-33.816486" lon="151.069739">
				 <ele>8.1</ele>
			 </trkpt>
			 <trkpt lat="-33.816475" lon="151.069797">
				 <ele>7.7</ele>
			 </trkpt>
			 <trkpt lat="-33.816465" lon="151.069855">
				 <ele>7.5</ele>
			 </trkpt>
			 <trkpt lat="-33.816454" lon="151.069913">
				 <ele>7.2</ele>
			 </trkpt>
			 <trkpt lat="-33.816444" lon="151.069971">
				 <ele>6.9</ele>
			 </trkpt>
			 <trkpt lat="-33.816434" lon="151.07003">
				 <ele>6.7</ele>
			 </trkpt>
			 <trkpt lat="-33.816423" lon="151.070088">
				 <ele>6.5</ele>
			 </trkpt>
			 <trkpt lat="-33.816413" lon="151.070146">
				 <ele>6.4</ele>
			 </trkpt>
			 <trkpt lat="-33.816403" lon="151.070204">
				 <ele>6.3</ele>
			 </trkpt>
			 <trkpt lat="-33.816392" lon="151.070262">
				 <ele>6.3</ele>
			 </trkpt>
			 <trkpt lat="-33.816382" lon="151.07032">
				 <ele>6.3</ele>
			 </trkpt>
			 <trkpt lat="-33.816372" lon="151.070378">
				 <ele>6.3</ele>
			 </trkpt>
			 <trkpt lat="-33.816361" lon="151.070436">
				 <ele>6.4</ele>
			 </trkpt>
			 <trkpt lat="-33.816357" lon="151.070483">
				 <ele>6.5</ele>
			 </trkpt>
			 <trkpt lat="-33.816354" lon="151.070531">
				 <ele>6.5</ele>
			 </trkpt>
			 <trkpt lat="-33.81635" lon="151.070579">
				 <ele>6.6</ele>
			 </trkpt>
			 <trkpt lat="-33.816346" lon="151.070626">
				 <ele>6.7</ele>
			 </trkpt>
			 <trkpt lat="-33.816354" lon="151.070667">
				 <ele>6.8</ele>
			 </trkpt>
			 <trkpt lat="-33.816362" lon="151.070707">
				 <ele>6.9</ele>
			 </trkpt>
			 <trkpt lat="-33.816378" lon="151.070743">
				 <ele>7</ele>
			 </trkpt>
			 <trkpt lat="-33.816395" lon="151.070779">
				 <ele>7</ele>
			 </trkpt>
			 <trkpt lat="-33.816412" lon="151.070814">
				 <ele>7.1</ele>
			 </trkpt>
			 <trkpt lat="-33.816429" lon="151.07085">
				 <ele>7.2</ele>
			 </trkpt>
			 <trkpt lat="-33.816451" lon="151.070885">
				 <ele>7.3</ele>
			 </trkpt>
			 <trkpt lat="-33.816473" lon="151.07092">
				 <ele>7.4</ele>
			 </trkpt>
			 <trkpt lat="-33.816495" lon="151.070955">
				 <ele>7.5</ele>
			 </trkpt>
			 <trkpt lat="-33.816517" lon="151.07099">
				 <ele>7.5</ele>
			 </trkpt>
			 <trkpt lat="-33.81655" lon="151.071036">
				 <ele>7.6</ele>
			 </trkpt>
			 <trkpt lat="-33.816584" lon="151.071082">
				 <ele>7.7</ele>
			 </trkpt>
			 <trkpt lat="-33.816618" lon="151.071127">
				 <ele>7.8</ele>
			 </trkpt>
			 <trkpt lat="-33.816651" lon="151.071173">
				 <ele>7.9</ele>
			 </trkpt>
			 <trkpt lat="-33.816685" lon="151.071219">
				 <ele>8</ele>
			 </trkpt>
			 <trkpt lat="-33.816718" lon="151.071265">
				 <ele>8</ele>
			 </trkpt>
			 <trkpt lat="-33.816731" lon="151.071298">
				 <ele>8</ele>
			 </trkpt>
			 <trkpt lat="-33.816734" lon="151.07133">
				 <ele>8</ele>
			 </trkpt>
			 <trkpt lat="-33.816718" lon="151.071386">
				 <ele>8</ele>
			 </trkpt>
			 <trkpt lat="-33.816703" lon="151.071443">
				 <ele>8</ele>
			 </trkpt>
			 <trkpt lat="-33.816691" lon="151.071508">
				 <ele>8</ele>
			 </trkpt>
			 <trkpt lat="-33.816679" lon="151.071573">
				 <ele>8</ele>
			 </trkpt>
			 <trkpt lat="-33.816669" lon="151.071609">
				 <ele>8</ele>
			 </trkpt>
			 <trkpt lat="-33.816686" lon="151.071679">
				 <ele>8.1</ele>
			 </trkpt>
			 <trkpt lat="-33.816712" lon="151.071735">
				 <ele>8.2</ele>
			 </trkpt>
			 <trkpt lat="-33.816739" lon="151.071791">
				 <ele>8.3</ele>
			 </trkpt>
			 <trkpt lat="-33.816765" lon="151.071847">
				 <ele>8.4</ele>
			 </trkpt>
			 <trkpt lat="-33.816792" lon="151.071903">
				 <ele>8.5</ele>
			 </trkpt>
			 <trkpt lat="-33.816819" lon="151.071959">
				 <ele>8.5</ele>
			 </trkpt>
			 <trkpt lat="-33.816845" lon="151.072015">
				 <ele>8.6</ele>
			 </trkpt>
			 <trkpt lat="-33.816872" lon="151.072071">
				 <ele>8.7</ele>
			 </trkpt>
			 <trkpt lat="-33.816898" lon="151.072127">
				 <ele>8.8</ele>
			 </trkpt>
			 <trkpt lat="-33.816925" lon="151.072182">
				 <ele>8.9</ele>
			 </trkpt>
			 <trkpt lat="-33.816952" lon="151.072238">
				 <ele>9</ele>
			 </trkpt>
			 <trkpt lat="-33.816978" lon="151.072294">
				 <ele>9</ele>
			 </trkpt>
			 <trkpt lat="-33.817005" lon="151.07235">
				 <ele>9</ele>
			 </trkpt>
			 <trkpt lat="-33.817032" lon="151.072406">
				 <ele>9</ele>
			 </trkpt>
			 <trkpt lat="-33.817059" lon="151.072462">
				 <ele>9</ele>
			 </trkpt>
			 <trkpt lat="-33.817085" lon="151.072518">
				 <ele>9</ele>
			 </trkpt>
			 <trkpt lat="-33.817111" lon="151.072574">
				 <ele>9</ele>
			 </trkpt>
			 <trkpt lat="-33.817138" lon="151.07263">
				 <ele>9</ele>
			 </trkpt>
			 <trkpt lat="-33.817162" lon="151.07268">
				 <ele>9</ele>
			 </trkpt>
			 <trkpt lat="-33.817187" lon="151.072731">
				 <ele>9</ele>
			 </trkpt>
			 <trkpt lat="-33.817211" lon="151.072781">
				 <ele>9</ele>
			 </trkpt>
			 <trkpt lat="-33.817236" lon="151.072831">
				 <ele>9</ele>
			 </trkpt>
			 <trkpt lat="-33.817279" lon="151.072889">
				 <ele>9</ele>
			 </trkpt>
			 <trkpt lat="-33.817302" lon="151.072928">
				 <ele>9</ele>
			 </trkpt>
			 <trkpt lat="-33.817329" lon="151.072983">
				 <ele>9</ele>
			 </trkpt>
			 <trkpt lat="-33.817355" lon="151.073039">
				 <ele>9</ele>
			 </trkpt>
			 <trkpt lat="-33.817381" lon="151.073095">
				 <ele>9</ele>
			 </trkpt>
			 <trkpt lat="-33.817407" lon="151.07315">
				 <ele>9</ele>
			 </trkpt>
			 <trkpt lat="-33.817434" lon="151.073206">
				 <ele>9</ele>
			 </trkpt>
			 <trkpt lat="-33.81746" lon="151.073262">
				 <ele>9</ele>
			 </trkpt>
			 <trkpt lat="-33.817486" lon="151.073318">
				 <ele>9</ele>
			 </trkpt>
			 <trkpt lat="-33.817512" lon="151.073373">
				 <ele>9</ele>
			 </trkpt>
			 <trkpt lat="-33.817538" lon="151.073429">
				 <ele>9</ele>
			 </trkpt>
			 <trkpt lat="-33.817565" lon="151.073484">
				 <ele>9</ele>
			 </trkpt>
			 <trkpt lat="-33.817591" lon="151.07354">
				 <ele>9</ele>
			 </trkpt>
			 <trkpt lat="-33.817617" lon="151.073595">
				 <ele>8.9</ele>
			 </trkpt>
			 <trkpt lat="-33.817644" lon="151.073651">
				 <ele>8.8</ele>
			 </trkpt>
			 <trkpt lat="-33.81767" lon="151.073707">
				 <ele>8.7</ele>
			 </trkpt>
			 <trkpt lat="-33.817696" lon="151.073762">
				 <ele>8.6</ele>
			 </trkpt>
			 <trkpt lat="-33.817722" lon="151.073818">
				 <ele>8.5</ele>
			 </trkpt>
			 <trkpt lat="-33.817749" lon="151.073873">
				 <ele>8.5</ele>
			 </trkpt>
			 <trkpt lat="-33.817775" lon="151.073929">
				 <ele>8.4</ele>
			 </trkpt>
			 <trkpt lat="-33.817809" lon="151.073921">
				 <ele>8.3</ele>
			 </trkpt>
			 <trkpt lat="-33.817843" lon="151.073913">
				 <ele>8.2</ele>
			 </trkpt>
			 <trkpt lat="-33.817889" lon="151.07389">
				 <ele>8.1</ele>
			 </trkpt>
			 <trkpt lat="-33.817934" lon="151.073867">
				 <ele>8</ele>
			 </trkpt>
			 <trkpt lat="-33.81798" lon="151.073838">
				 <ele>8</ele>
			 </trkpt>
			 <trkpt lat="-33.818025" lon="151.073808">
				 <ele>8</ele>
			 </trkpt>
			 <trkpt lat="-33.818056" lon="151.073784">
				 <ele>8</ele>
			 </trkpt>
			 <trkpt lat="-33.818087" lon="151.073761">
				 <ele>8</ele>
			 </trkpt>
			 <trkpt lat="-33.818118" lon="151.073737">
				 <ele>8</ele>
			 </trkpt>
			 <trkpt lat="-33.818149" lon="151.073714">
				 <ele>8</ele>
			 </trkpt>
			 <trkpt lat="-33.818185" lon="151.0737">
				 <ele>8</ele>
			 </trkpt>
			 <trkpt lat="-33.818221" lon="151.073686">
				 <ele>8</ele>
			 </trkpt>
			 <trkpt lat="-33.818257" lon="151.073672">
				 <ele>8</ele>
			 </trkpt>
			 <trkpt lat="-33.818293" lon="151.073658">
				 <ele>8</ele>
			 </trkpt>
			 <trkpt lat="-33.818335" lon="151.073701">
				 <ele>7.9</ele>
			 </trkpt>
			 <trkpt lat="-33.818352" lon="151.073738">
				 <ele>7.8</ele>
			 </trkpt>
			 <trkpt lat="-33.818356" lon="151.073795">
				 <ele>7.7</ele>
			 </trkpt>
			 <trkpt lat="-33.818351" lon="151.073852">
				 <ele>7.6</ele>
			 </trkpt>
			 <trkpt lat="-33.818345" lon="151.07391">
				 <ele>7.5</ele>
			 </trkpt>
			 <trkpt lat="-33.81834" lon="151.073968">
				 <ele>7.5</ele>
			 </trkpt>
			 <trkpt lat="-33.818334" lon="151.074026">
				 <ele>7.4</ele>
			 </trkpt>
			 <trkpt lat="-33.818329" lon="151.074084">
				 <ele>7.2</ele>
			 </trkpt>
			 <trkpt lat="-33.818323" lon="151.074141">
				 <ele>7</ele>
			 </trkpt>
			 <trkpt lat="-33.818317" lon="151.074198">
				 <ele>6.8</ele>
			 </trkpt>
			 <trkpt lat="-33.818312" lon="151.074256">
				 <ele>6.6</ele>
			 </trkpt>
			 <trkpt lat="-33.818306" lon="151.074314">
				 <ele>6.5</ele>
			 </trkpt>
			 <trkpt lat="-33.818301" lon="151.074371">
				 <ele>6.5</ele>
			 </trkpt>
			 <trkpt lat="-33.818295" lon="151.074429">
				 <ele>6.4</ele>
			 </trkpt>
			 <trkpt lat="-33.81829" lon="151.074487">
				 <ele>6.3</ele>
			 </trkpt>
			 <trkpt lat="-33.818284" lon="151.074545">
				 <ele>6.2</ele>
			 </trkpt>
			 <trkpt lat="-33.818279" lon="151.074602">
				 <ele>6.1</ele>
			 </trkpt>
			 <trkpt lat="-33.818267" lon="151.074653">
				 <ele>6</ele>
			 </trkpt>
			 <trkpt lat="-33.818255" lon="151.074704">
				 <ele>6</ele>
			 </trkpt>
			 <trkpt lat="-33.818243" lon="151.074755">
				 <ele>5.9</ele>
			 </trkpt>
			 <trkpt lat="-33.818231" lon="151.074806">
				 <ele>5.8</ele>
			 </trkpt>
			 <trkpt lat="-33.818219" lon="151.074857">
				 <ele>5.7</ele>
			 </trkpt>
			 <trkpt lat="-33.818207" lon="151.074908">
				 <ele>5.6</ele>
			 </trkpt>
			 <trkpt lat="-33.818198" lon="151.07497">
				 <ele>5.6</ele>
			 </trkpt>
			 <trkpt lat="-33.818215" lon="151.075042">
				 <ele>5.6</ele>
			 </trkpt>
			 <trkpt lat="-33.818237" lon="151.075089">
				 <ele>5.6</ele>
			 </trkpt>
			 <trkpt lat="-33.818259" lon="151.075136">
				 <ele>5.6</ele>
			 </trkpt>
			 <trkpt lat="-33.818275" lon="151.075188">
				 <ele>5.7</ele>
			 </trkpt>
			 <trkpt lat="-33.818291" lon="151.07524">
				 <ele>5.8</ele>
			 </trkpt>
			 <trkpt lat="-33.818293" lon="151.075286">
				 <ele>5.9</ele>
			 </trkpt>
			 <trkpt lat="-33.818295" lon="151.075332">
				 <ele>6.2</ele>
			 </trkpt>
			 <trkpt lat="-33.818297" lon="151.075379">
				 <ele>6.5</ele>
			 </trkpt>
			 <trkpt lat="-33.818299" lon="151.075425">
				 <ele>6.8</ele>
			 </trkpt>
			 <trkpt lat="-33.818279" lon="151.075464">
				 <ele>7.3</ele>
			 </trkpt>
			 <trkpt lat="-33.818258" lon="151.075502">
				 <ele>7.6</ele>
			 </trkpt>
			 <trkpt lat="-33.818237" lon="151.07554">
				 <ele>8</ele>
			 </trkpt>
			 <trkpt lat="-33.818216" lon="151.075579">
				 <ele>8.4</ele>
			 </trkpt>
			 <trkpt lat="-33.818185" lon="151.075635">
				 <ele>8.7</ele>
			 </trkpt>
			 <trkpt lat="-33.818155" lon="151.07569">
				 <ele>8.9</ele>
			 </trkpt>
			 <trkpt lat="-33.818194" lon="151.075731">
				 <ele>9.1</ele>
			 </trkpt>
			 <trkpt lat="-33.818232" lon="151.075772">
				 <ele>9.3</ele>
			 </trkpt>
			 <trkpt lat="-33.818271" lon="151.075813">
				 <ele>9.4</ele>
			 </trkpt>
			 <trkpt lat="-33.81831" lon="151.075854">
				 <ele>9.5</ele>
			 </trkpt>
			 <trkpt lat="-33.818348" lon="151.075895">
				 <ele>9.5</ele>
			 </trkpt>
			 <trkpt lat="-33.818387" lon="151.075935">
				 <ele>9.4</ele>
			 </trkpt>
			 <trkpt lat="-33.818426" lon="151.075976">
				 <ele>9.3</ele>
			 </trkpt>
			 <trkpt lat="-33.818465" lon="151.076017">
				 <ele>9.2</ele>
			 </trkpt>
			 <trkpt lat="-33.818504" lon="151.076058">
				 <ele>9.1</ele>
			 </trkpt>
			 <trkpt lat="-33.818542" lon="151.076099">
				 <ele>9</ele>
			 </trkpt>
			 <trkpt lat="-33.818571" lon="151.076142">
				 <ele>9</ele>
			 </trkpt>
			 <trkpt lat="-33.8186" lon="151.076185">
				 <ele>9</ele>
			 </trkpt>
			 <trkpt lat="-33.818624" lon="151.076241">
				 <ele>9</ele>
			 </trkpt>
			 <trkpt lat="-33.818648" lon="151.076297">
				 <ele>9</ele>
			 </trkpt>
			 <trkpt lat="-33.818649" lon="151.076353">
				 <ele>9</ele>
			 </trkpt>
			 <trkpt lat="-33.81865" lon="151.076409">
				 <ele>9</ele>
			 </trkpt>
			 <trkpt lat="-33.818651" lon="151.076464">
				 <ele>9</ele>
			 </trkpt>
			 <trkpt lat="-33.818651" lon="151.07652">
				 <ele>9</ele>
			 </trkpt>
			 <trkpt lat="-33.818652" lon="151.076576">
				 <ele>8.9</ele>
			 </trkpt>
			 <trkpt lat="-33.818652" lon="151.076632">
				 <ele>8.8</ele>
			 </trkpt>
			 <trkpt lat="-33.818653" lon="151.076687">
				 <ele>8.7</ele>
			 </trkpt>
			 <trkpt lat="-33.818654" lon="151.076743">
				 <ele>8.6</ele>
			 </trkpt>
			 <trkpt lat="-33.818657" lon="151.076808">
				 <ele>8.6</ele>
			 </trkpt>
			 <trkpt lat="-33.818659" lon="151.076872">
				 <ele>8.6</ele>
			 </trkpt>
			 <trkpt lat="-33.818661" lon="151.076936">
				 <ele>8.6</ele>
			 </trkpt>
			 <trkpt lat="-33.818664" lon="151.077">
				 <ele>8.6</ele>
			 </trkpt>
			 <trkpt lat="-33.818666" lon="151.077065">
				 <ele>8.6</ele>
			 </trkpt>
			 <trkpt lat="-33.818668" lon="151.077129">
				 <ele>8.6</ele>
			 </trkpt>
			 <trkpt lat="-33.81867" lon="151.077193">
				 <ele>8.6</ele>
			 </trkpt>
			 <trkpt lat="-33.818673" lon="151.077257">
				 <ele>8.7</ele>
			 </trkpt>
			 <trkpt lat="-33.818675" lon="151.077321">
				 <ele>8.8</ele>
			 </trkpt>
			 <trkpt lat="-33.818678" lon="151.077386">
				 <ele>8.9</ele>
			 </trkpt>
			 <trkpt lat="-33.81868" lon="151.07745">
				 <ele>9</ele>
			 </trkpt>
			 <trkpt lat="-33.818683" lon="151.077514">
				 <ele>9</ele>
			 </trkpt>
			 <trkpt lat="-33.818686" lon="151.077579">
				 <ele>9</ele>
			 </trkpt>
			 <trkpt lat="-33.818688" lon="151.077643">
				 <ele>9</ele>
			 </trkpt>
			 <trkpt lat="-33.81869" lon="151.077708">
				 <ele>9</ele>
			 </trkpt>
			 <trkpt lat="-33.818692" lon="151.077772">
				 <ele>9</ele>
			 </trkpt>
			 <trkpt lat="-33.818694" lon="151.077836">
				 <ele>8.9</ele>
			 </trkpt>
			 <trkpt lat="-33.818697" lon="151.0779">
				 <ele>8.8</ele>
			 </trkpt>
			 <trkpt lat="-33.8187" lon="151.077965">
				 <ele>8.7</ele>
			 </trkpt>
			 <trkpt lat="-33.818702" lon="151.078029">
				 <ele>8.5</ele>
			 </trkpt>
			 <trkpt lat="-33.818705" lon="151.078093">
				 <ele>8.4</ele>
			 </trkpt>
			 <trkpt lat="-33.818707" lon="151.078157">
				 <ele>8.2</ele>
			 </trkpt>
			 <trkpt lat="-33.818709" lon="151.078221">
				 <ele>7.9</ele>
			 </trkpt>
			 <trkpt lat="-33.818711" lon="151.078286">
				 <ele>7.6</ele>
			 </trkpt>
			 <trkpt lat="-33.818714" lon="151.078351">
				 <ele>7.4</ele>
			 </trkpt>
			 <trkpt lat="-33.818716" lon="151.078415">
				 <ele>7.1</ele>
			 </trkpt>
			 <trkpt lat="-33.818719" lon="151.078479">
				 <ele>6.8</ele>
			 </trkpt>
			 <trkpt lat="-33.818721" lon="151.078543">
				 <ele>6.6</ele>
			 </trkpt>
			 <trkpt lat="-33.818723" lon="151.078608">
				 <ele>6.5</ele>
			 </trkpt>
			 <trkpt lat="-33.818726" lon="151.078672">
				 <ele>6.3</ele>
			 </trkpt>
			 <trkpt lat="-33.818728" lon="151.078736">
				 <ele>6.2</ele>
			 </trkpt>
			 <trkpt lat="-33.818731" lon="151.0788">
				 <ele>6.1</ele>
			 </trkpt>
			 <trkpt lat="-33.818733" lon="151.078865">
				 <ele>6</ele>
			 </trkpt>
			 <trkpt lat="-33.818735" lon="151.078929">
				 <ele>6</ele>
			 </trkpt>
			 <trkpt lat="-33.818737" lon="151.078993">
				 <ele>6</ele>
			 </trkpt>
			 <trkpt lat="-33.81874" lon="151.079057">
				 <ele>6</ele>
			 </trkpt>
			 <trkpt lat="-33.818742" lon="151.079121">
				 <ele>6</ele>
			 </trkpt>
			 <trkpt lat="-33.818745" lon="151.079186">
				 <ele>6</ele>
			 </trkpt>
			 <trkpt lat="-33.818737" lon="151.079244">
				 <ele>6</ele>
			 </trkpt>
			 <trkpt lat="-33.81873" lon="151.079302">
				 <ele>6.1</ele>
			 </trkpt>
			 <trkpt lat="-33.818708" lon="151.079351">
				 <ele>6.2</ele>
			 </trkpt>
			 <trkpt lat="-33.818685" lon="151.0794">
				 <ele>6.3</ele>
			 </trkpt>
			 <trkpt lat="-33.81865" lon="151.079437">
				 <ele>6.5</ele>
			 </trkpt>
			 <trkpt lat="-33.818615" lon="151.079475">
				 <ele>6.6</ele>
			 </trkpt>
			 <trkpt lat="-33.818573" lon="151.079499">
				 <ele>6.8</ele>
			 </trkpt>
			 <trkpt lat="-33.81853" lon="151.079523">
				 <ele>7</ele>
			 </trkpt>
			 <trkpt lat="-33.818488" lon="151.079527">
				 <ele>7.2</ele>
			 </trkpt>
			 <trkpt lat="-33.818445" lon="151.079531">
				 <ele>7.4</ele>
			 </trkpt>
			 <trkpt lat="-33.81844" lon="151.079583">
				 <ele>7.5</ele>
			 </trkpt>
			 <trkpt lat="-33.818436" lon="151.079635">
				 <ele>7.7</ele>
			 </trkpt>
			 <trkpt lat="-33.818428" lon="151.079685">
				 <ele>7.8</ele>
			 </trkpt>
			 <trkpt lat="-33.818421" lon="151.079736">
				 <ele>7.9</ele>
			 </trkpt>
			 <trkpt lat="-33.818414" lon="151.079786">
				 <ele>8</ele>
			 </trkpt>
			 <trkpt lat="-33.818407" lon="151.079836">
				 <ele>8</ele>
			 </trkpt>
			 <trkpt lat="-33.8184" lon="151.079886">
				 <ele>8</ele>
			 </trkpt>
			 <trkpt lat="-33.818393" lon="151.079937">
				 <ele>7.9</ele>
			 </trkpt>
			 <trkpt lat="-33.818386" lon="151.079987">
				 <ele>7.8</ele>
			 </trkpt>
			 <trkpt lat="-33.818378" lon="151.080037">
				 <ele>7.7</ele>
			 </trkpt>
			 <trkpt lat="-33.818371" lon="151.080099">
				 <ele>7.6</ele>
			 </trkpt>
			 <trkpt lat="-33.818363" lon="151.080161">
				 <ele>7.5</ele>
			 </trkpt>
			 <trkpt lat="-33.818355" lon="151.080223">
				 <ele>7.4</ele>
			 </trkpt>
			 <trkpt lat="-33.818348" lon="151.080285">
				 <ele>7.2</ele>
			 </trkpt>
			 <trkpt lat="-33.818341" lon="151.080347">
				 <ele>7</ele>
			 </trkpt>
			 <trkpt lat="-33.818334" lon="151.080408">
				 <ele>6.8</ele>
			 </trkpt>
			 <trkpt lat="-33.818326" lon="151.08047">
				 <ele>6.6</ele>
			 </trkpt>
			 <trkpt lat="-33.818319" lon="151.080532">
				 <ele>6.5</ele>
			 </trkpt>
			 <trkpt lat="-33.818312" lon="151.080594">
				 <ele>6.4</ele>
			 </trkpt>
			 <trkpt lat="-33.818304" lon="151.080656">
				 <ele>6.3</ele>
			 </trkpt>
			 <trkpt lat="-33.818306" lon="151.080704">
				 <ele>6.2</ele>
			 </trkpt>
			 <trkpt lat="-33.81834" lon="151.080739">
				 <ele>6.1</ele>
			 </trkpt>
			 <trkpt lat="-33.818374" lon="151.080775">
				 <ele>6</ele>
			 </trkpt>
			 <trkpt lat="-33.818407" lon="151.08081">
				 <ele>6.1</ele>
			 </trkpt>
			 <trkpt lat="-33.818441" lon="151.080846">
				 <ele>6.2</ele>
			 </trkpt>
			 <trkpt lat="-33.818483" lon="151.080881">
				 <ele>6.3</ele>
			 </trkpt>
			 <trkpt lat="-33.818524" lon="151.080915">
				 <ele>6.4</ele>
			 </trkpt>
			 <trkpt lat="-33.818566" lon="151.08095">
				 <ele>6.5</ele>
			 </trkpt>
			 <trkpt lat="-33.818608" lon="151.080984">
				 <ele>6.5</ele>
			 </trkpt>
			 <trkpt lat="-33.818649" lon="151.081019">
				 <ele>6.5</ele>
			 </trkpt>
			 <trkpt lat="-33.818691" lon="151.081053">
				 <ele>6.4</ele>
			 </trkpt>
			 <trkpt lat="-33.818713" lon="151.081108">
				 <ele>6.3</ele>
			 </trkpt>
			 <trkpt lat="-33.81871" lon="151.081154">
				 <ele>6.1</ele>
			 </trkpt>
			 <trkpt lat="-33.818707" lon="151.081199">
				 <ele>5.9</ele>
			 </trkpt>
			 <trkpt lat="-33.818706" lon="151.081257">
				 <ele>5.5</ele>
			 </trkpt>
			 <trkpt lat="-33.818694" lon="151.081312">
				 <ele>5.2</ele>
			 </trkpt>
			 <trkpt lat="-33.818682" lon="151.081366">
				 <ele>4.8</ele>
			 </trkpt>
			 <trkpt lat="-33.818669" lon="151.081421">
				 <ele>4.4</ele>
			 </trkpt>
			 <trkpt lat="-33.818657" lon="151.081475">
				 <ele>3.9</ele>
			 </trkpt>
			 <trkpt lat="-33.818645" lon="151.081529">
				 <ele>3.5</ele>
			 </trkpt>
			 <trkpt lat="-33.818633" lon="151.081584">
				 <ele>3.2</ele>
			 </trkpt>
			 <trkpt lat="-33.818625" lon="151.081637">
				 <ele>2.9</ele>
			 </trkpt>
			 <trkpt lat="-33.818618" lon="151.08169">
				 <ele>2.6</ele>
			 </trkpt>
			 <trkpt lat="-33.818611" lon="151.081743">
				 <ele>2.5</ele>
			 </trkpt>
			 <trkpt lat="-33.818603" lon="151.081796">
				 <ele>2.3</ele>
			 </trkpt>
			 <trkpt lat="-33.818596" lon="151.08185">
				 <ele>2.2</ele>
			 </trkpt>
			 <trkpt lat="-33.818589" lon="151.081903">
				 <ele>2.2</ele>
			 </trkpt>
			 <trkpt lat="-33.818582" lon="151.081956">
				 <ele>2.2</ele>
			 </trkpt>
			 <trkpt lat="-33.818574" lon="151.082009">
				 <ele>2.3</ele>
			 </trkpt>
			 <trkpt lat="-33.818567" lon="151.082062">
				 <ele>2.4</ele>
			 </trkpt>
			 <trkpt lat="-33.818559" lon="151.082115">
				 <ele>2.5</ele>
			 </trkpt>
			 <trkpt lat="-33.818555" lon="151.082171">
				 <ele>2.6</ele>
			 </trkpt>
			 <trkpt lat="-33.81855" lon="151.082227">
				 <ele>2.8</ele>
			 </trkpt>
			 <trkpt lat="-33.818545" lon="151.082283">
				 <ele>3</ele>
			 </trkpt>
			 <trkpt lat="-33.81854" lon="151.082339">
				 <ele>3.2</ele>
			 </trkpt>
			 <trkpt lat="-33.818535" lon="151.082395">
				 <ele>3.4</ele>
			 </trkpt>
			 <trkpt lat="-33.818531" lon="151.082451">
				 <ele>3.5</ele>
			 </trkpt>
			 <trkpt lat="-33.818527" lon="151.082507">
				 <ele>3.7</ele>
			 </trkpt>
			 <trkpt lat="-33.818522" lon="151.082563">
				 <ele>3.9</ele>
			 </trkpt>
			 <trkpt lat="-33.818522" lon="151.082625">
				 <ele>4.1</ele>
			 </trkpt>
			 <trkpt lat="-33.818521" lon="151.082687">
				 <ele>4.3</ele>
			 </trkpt>
			 <trkpt lat="-33.818523" lon="151.082745">
				 <ele>4.5</ele>
			 </trkpt>
			 <trkpt lat="-33.818524" lon="151.082803">
				 <ele>4.5</ele>
			 </trkpt>
			 <trkpt lat="-33.818526" lon="151.082861">
				 <ele>4.6</ele>
			 </trkpt>
			 <trkpt lat="-33.818527" lon="151.082919">
				 <ele>4.7</ele>
			 </trkpt>
			 <trkpt lat="-33.818528" lon="151.082977">
				 <ele>4.9</ele>
			 </trkpt>
			 <trkpt lat="-33.81853" lon="151.083035">
				 <ele>5.1</ele>
			 </trkpt>
			 <trkpt lat="-33.818532" lon="151.083094">
				 <ele>5.3</ele>
			 </trkpt>
			 <trkpt lat="-33.818533" lon="151.083152">
				 <ele>5.5</ele>
			 </trkpt>
			 <trkpt lat="-33.818534" lon="151.08321">
				 <ele>5.6</ele>
			 </trkpt>
			 <trkpt lat="-33.818536" lon="151.083268">
				 <ele>5.8</ele>
			 </trkpt>
			 <trkpt lat="-33.818538" lon="151.083326">
				 <ele>6.1</ele>
			 </trkpt>
			 <trkpt lat="-33.818539" lon="151.083384">
				 <ele>6.4</ele>
			 </trkpt>
			 <trkpt lat="-33.81854" lon="151.083442">
				 <ele>6.7</ele>
			 </trkpt>
			 <trkpt lat="-33.818542" lon="151.0835">
				 <ele>7.1</ele>
			 </trkpt>
			 <trkpt lat="-33.818548" lon="151.083553">
				 <ele>7.5</ele>
			 </trkpt>
			 <trkpt lat="-33.818554" lon="151.083607">
				 <ele>7.7</ele>
			 </trkpt>
			 <trkpt lat="-33.818561" lon="151.08366">
				 <ele>8</ele>
			 </trkpt>
			 <trkpt lat="-33.818567" lon="151.083713">
				 <ele>8.3</ele>
			 </trkpt>
			 <trkpt lat="-33.818573" lon="151.083767">
				 <ele>8.5</ele>
			 </trkpt>
			 <trkpt lat="-33.818579" lon="151.08382">
				 <ele>8.5</ele>
			 </trkpt>
			 <trkpt lat="-33.818585" lon="151.083873">
				 <ele>8.6</ele>
			 </trkpt>
			 <trkpt lat="-33.818591" lon="151.083927">
				 <ele>8.5</ele>
			 </trkpt>
			 <trkpt lat="-33.818601" lon="151.083989">
				 <ele>8.5</ele>
			 </trkpt>
			 <trkpt lat="-33.81861" lon="151.084051">
				 <ele>8.2</ele>
			 </trkpt>
			 <trkpt lat="-33.81862" lon="151.084113">
				 <ele>7.9</ele>
			 </trkpt>
			 <trkpt lat="-33.81863" lon="151.084175">
				 <ele>7.5</ele>
			 </trkpt>
			 <trkpt lat="-33.81864" lon="151.084238">
				 <ele>7.1</ele>
			 </trkpt>
			 <trkpt lat="-33.818649" lon="151.0843">
				 <ele>6.6</ele>
			 </trkpt>
			 <trkpt lat="-33.818659" lon="151.084362">
				 <ele>6.1</ele>
			 </trkpt>
			 <trkpt lat="-33.818669" lon="151.084424">
				 <ele>5.5</ele>
			 </trkpt>
			 <trkpt lat="-33.818679" lon="151.084486">
				 <ele>5.1</ele>
			 </trkpt>
			 <trkpt lat="-33.818689" lon="151.084548">
				 <ele>4.5</ele>
			 </trkpt>
			 <trkpt lat="-33.818698" lon="151.084611">
				 <ele>4.1</ele>
			 </trkpt>
			 <trkpt lat="-33.818708" lon="151.084673">
				 <ele>3.6</ele>
			 </trkpt>
			 <trkpt lat="-33.818718" lon="151.084735">
				 <ele>3.3</ele>
			 </trkpt>
			 <trkpt lat="-33.818728" lon="151.084797">
				 <ele>2.9</ele>
			 </trkpt>
			 <trkpt lat="-33.818737" lon="151.084859">
				 <ele>2.7</ele>
			 </trkpt>
			 <trkpt lat="-33.818747" lon="151.084921">
				 <ele>2.6</ele>
			 </trkpt>
			 <trkpt lat="-33.818765" lon="151.084967">
				 <ele>2.5</ele>
			 </trkpt>
			 <trkpt lat="-33.818783" lon="151.085013">
				 <ele>2.6</ele>
			 </trkpt>
			 <trkpt lat="-33.818801" lon="151.085059">
				 <ele>2.7</ele>
			 </trkpt>
			 <trkpt lat="-33.818819" lon="151.085104">
				 <ele>2.9</ele>
			 </trkpt>
			 <trkpt lat="-33.818837" lon="151.08515">
				 <ele>3.2</ele>
			 </trkpt>
			 <trkpt lat="-33.818854" lon="151.085196">
				 <ele>3.5</ele>
			 </trkpt>
			 <trkpt lat="-33.818872" lon="151.085242">
				 <ele>3.9</ele>
			 </trkpt>
			 <trkpt lat="-33.81889" lon="151.085287">
				 <ele>4.3</ele>
			 </trkpt>
			 <trkpt lat="-33.818905" lon="151.085337">
				 <ele>4.7</ele>
			 </trkpt>
			 <trkpt lat="-33.81892" lon="151.085388">
				 <ele>5.1</ele>
			 </trkpt>
			 <trkpt lat="-33.818934" lon="151.085439">
				 <ele>5.5</ele>
			 </trkpt>
			 <trkpt lat="-33.818949" lon="151.085489">
				 <ele>5.9</ele>
			 </trkpt>
			 <trkpt lat="-33.818964" lon="151.08554">
				 <ele>6.3</ele>
			 </trkpt>
			 <trkpt lat="-33.818979" lon="151.085591">
				 <ele>6.6</ele>
			 </trkpt>
			 <trkpt lat="-33.818993" lon="151.085642">
				 <ele>6.9</ele>
			 </trkpt>
			 <trkpt lat="-33.819008" lon="151.085692">
				 <ele>7.2</ele>
			 </trkpt>
			 <trkpt lat="-33.819014" lon="151.085753">
				 <ele>7.5</ele>
			 </trkpt>
			 <trkpt lat="-33.81902" lon="151.085813">
				 <ele>7.7</ele>
			 </trkpt>
			 <trkpt lat="-33.819013" lon="151.085857">
				 <ele>8.1</ele>
			 </trkpt>
			 <trkpt lat="-33.819007" lon="151.0859">
				 <ele>8.4</ele>
			 </trkpt>
			 <trkpt lat="-33.819001" lon="151.085943">
				 <ele>8.6</ele>
			 </trkpt>
			 <trkpt lat="-33.818994" lon="151.085987">
				 <ele>9</ele>
			 </trkpt>
			 <trkpt lat="-33.818997" lon="151.086058">
				 <ele>9.3</ele>
			 </trkpt>
			 <trkpt lat="-33.819023" lon="151.086115">
				 <ele>9.6</ele>
			 </trkpt>
			 <trkpt lat="-33.819047" lon="151.086144">
				 <ele>10</ele>
			 </trkpt>
			 <trkpt lat="-33.819072" lon="151.086173">
				 <ele>10.4</ele>
			 </trkpt>
			 <trkpt lat="-33.819105" lon="151.086203">
				 <ele>10.7</ele>
			 </trkpt>
			 <trkpt lat="-33.819138" lon="151.086232">
				 <ele>11</ele>
			 </trkpt>
			 <trkpt lat="-33.819171" lon="151.086262">
				 <ele>11.3</ele>
			 </trkpt>
			 <trkpt lat="-33.819205" lon="151.086292">
				 <ele>11.4</ele>
			 </trkpt>
			 <trkpt lat="-33.819238" lon="151.086322">
				 <ele>11.5</ele>
			 </trkpt>
			 <trkpt lat="-33.819271" lon="151.086351">
				 <ele>11.5</ele>
			 </trkpt>
			 <trkpt lat="-33.819305" lon="151.086381">
				 <ele>11.4</ele>
			 </trkpt>
			 <trkpt lat="-33.819338" lon="151.08641">
				 <ele>11.3</ele>
			 </trkpt>
			 <trkpt lat="-33.819383" lon="151.086435">
				 <ele>11.1</ele>
			 </trkpt>
			 <trkpt lat="-33.819428" lon="151.086461">
				 <ele>10.9</ele>
			 </trkpt>
			 <trkpt lat="-33.819473" lon="151.086487">
				 <ele>10.6</ele>
			 </trkpt>
			 <trkpt lat="-33.819518" lon="151.086512">
				 <ele>10.4</ele>
			 </trkpt>
			 <trkpt lat="-33.819563" lon="151.086538">
				 <ele>10.1</ele>
			 </trkpt>
			 <trkpt lat="-33.819608" lon="151.086563">
				 <ele>9.8</ele>
			 </trkpt>
			 <trkpt lat="-33.819646" lon="151.086577">
				 <ele>9.6</ele>
			 </trkpt>
			 <trkpt lat="-33.819684" lon="151.08659">
				 <ele>9.5</ele>
			 </trkpt>
			 <trkpt lat="-33.819722" lon="151.086604">
				 <ele>9.4</ele>
			 </trkpt>
			 <trkpt lat="-33.819761" lon="151.086617">
				 <ele>9.4</ele>
			 </trkpt>
			 <trkpt lat="-33.819799" lon="151.086631">
				 <ele>9.4</ele>
			 </trkpt>
			 <trkpt lat="-33.819837" lon="151.086644">
				 <ele>9.4</ele>
			 </trkpt>
			 <trkpt lat="-33.819889" lon="151.086682">
				 <ele>9.4</ele>
			 </trkpt>
			 <trkpt lat="-33.819941" lon="151.086719">
				 <ele>9.5</ele>
			 </trkpt>
			 <trkpt lat="-33.819977" lon="151.086767">
				 <ele>9.5</ele>
			 </trkpt>
			 <trkpt lat="-33.820013" lon="151.086815">
				 <ele>9.6</ele>
			 </trkpt>
			 <trkpt lat="-33.820049" lon="151.086863">
				 <ele>9.7</ele>
			 </trkpt>
			 <trkpt lat="-33.820085" lon="151.086911">
				 <ele>9.8</ele>
			 </trkpt>
			 <trkpt lat="-33.820121" lon="151.086959">
				 <ele>9.9</ele>
			 </trkpt>
			 <trkpt lat="-33.820158" lon="151.087007">
				 <ele>9.9</ele>
			 </trkpt>
			 <trkpt lat="-33.820194" lon="151.087055">
				 <ele>9.8</ele>
			 </trkpt>
			 <trkpt lat="-33.82023" lon="151.087103">
				 <ele>9.6</ele>
			 </trkpt>
			 <trkpt lat="-33.820266" lon="151.087151">
				 <ele>9.5</ele>
			 </trkpt>
			 <trkpt lat="-33.820302" lon="151.087199">
				 <ele>9.3</ele>
			 </trkpt>
			 <trkpt lat="-33.820338" lon="151.087247">
				 <ele>9.1</ele>
			 </trkpt>
			 <trkpt lat="-33.820374" lon="151.087295">
				 <ele>8.9</ele>
			 </trkpt>
			 <trkpt lat="-33.820402" lon="151.087357">
				 <ele>8.8</ele>
			 </trkpt>
			 <trkpt lat="-33.82043" lon="151.087418">
				 <ele>9.5</ele>
			 </trkpt>
			 <trkpt lat="-33.820473" lon="151.087543">
				 <ele>10.2</ele>
			 </trkpt>
			 <trkpt lat="-33.82049" lon="151.08768">
				 <ele>11.2</ele>
			 </trkpt>
			 <trkpt lat="-33.820655" lon="151.088547">
				 <ele>12.5</ele>
			 </trkpt>
			 <trkpt lat="-33.820613" lon="151.088558">
				 <ele>13.8</ele>
			 </trkpt>
			 <trkpt lat="-33.820344" lon="151.088712">
				 <ele>15.3</ele>
			 </trkpt>
			 <trkpt lat="-33.820315" lon="151.088728">
				 <ele>16.6</ele>
			 </trkpt>
			 <trkpt lat="-33.820168" lon="151.088787">
				 <ele>17.9</ele>
			 </trkpt>
			 <trkpt lat="-33.820011" lon="151.088851">
				 <ele>19.1</ele>
			 </trkpt>
			 <trkpt lat="-33.819844" lon="151.088895">
				 <ele>20.3</ele>
			 </trkpt>
			 <trkpt lat="-33.819734" lon="151.088933">
				 <ele>21.5</ele>
			 </trkpt>
			 <trkpt lat="-33.819692" lon="151.088954">
				 <ele>22.2</ele>
			 </trkpt>
			 <trkpt lat="-33.819648" lon="151.089037">
				 <ele>22.7</ele>
			 </trkpt>
			 <trkpt lat="-33.819587" lon="151.089093">
				 <ele>22.8</ele>
			 </trkpt>
			 <trkpt lat="-33.819506" lon="151.089126">
				 <ele>22.7</ele>
			 </trkpt>
			 <trkpt lat="-33.819049" lon="151.08922">
				 <ele>22.4</ele>
			 </trkpt>
			 <trkpt lat="-33.817848" lon="151.089467">
				 <ele>22.1</ele>
			 </trkpt>
			 <trkpt lat="-33.81766" lon="151.08954">
				 <ele>22.1</ele>
			 </trkpt>
			 <trkpt lat="-33.817283" lon="151.089613">
				 <ele>22.3</ele>
			 </trkpt>
			 <trkpt lat="-33.817226" lon="151.089623">
				 <ele>22.4</ele>
			 </trkpt>
			 <trkpt lat="-33.817054" lon="151.089734">
				 <ele>22.5</ele>
			 </trkpt>
			 <trkpt lat="-33.817095" lon="151.089995">
				 <ele>22.5</ele>
			 </trkpt>
			 <trkpt lat="-33.817112" lon="151.090133">
				 <ele>22.2</ele>
			 </trkpt>
			 <trkpt lat="-33.817248" lon="151.090106">
				 <ele>22</ele>
			 </trkpt>
			 <trkpt lat="-33.817685" lon="151.090027">
				 <ele>22.1</ele>
			 </trkpt>
			 <trkpt lat="-33.817724" lon="151.08998">
				 <ele>22.1</ele>
			 </trkpt>
			 <trkpt lat="-33.817745" lon="151.08995">
				 <ele>21.9</ele>
			 </trkpt>
			 <trkpt lat="-33.817859" lon="151.089916">
				 <ele>21.6</ele>
			 </trkpt>
			 <trkpt lat="-33.817967" lon="151.089874">
				 <ele>21.1</ele>
			 </trkpt>
			 <trkpt lat="-33.818551" lon="151.089732">
				 <ele>20.5</ele>
			 </trkpt>
			 <trkpt lat="-33.8191" lon="151.089631">
				 <ele>20</ele>
			 </trkpt>
			 <trkpt lat="-33.819897" lon="151.089444">
				 <ele>19.5</ele>
			 </trkpt>
			 <trkpt lat="-33.820057" lon="151.089421">
				 <ele>19</ele>
			 </trkpt>
			 <trkpt lat="-33.8201" lon="151.089402">
				 <ele>18</ele>
			 </trkpt>
			 <trkpt lat="-33.820128" lon="151.089379">
				 <ele>16.6</ele>
			 </trkpt>
			 <trkpt lat="-33.820166" lon="151.089313">
				 <ele>15.5</ele>
			 </trkpt>
			 <trkpt lat="-33.820218" lon="151.089252">
				 <ele>14.4</ele>
			 </trkpt>
			 <trkpt lat="-33.820275" lon="151.089229">
				 <ele>13.6</ele>
			 </trkpt>
			 <trkpt lat="-33.820636" lon="151.089162">
				 <ele>12.9</ele>
			 </trkpt>
			 <trkpt lat="-33.823222" lon="151.088615">
				 <ele>12.3</ele>
			 </trkpt>
			 <trkpt lat="-33.82367" lon="151.088524">
				 <ele>11.6</ele>
			 </trkpt>
			 <trkpt lat="-33.823715" lon="151.08878">
				 <ele>10.9</ele>
			 </trkpt>
			 <trkpt lat="-33.823733" lon="151.088877">
				 <ele>10.2</ele>
			 </trkpt>
			 <trkpt lat="-33.823742" lon="151.088929">
				 <ele>9.5</ele>
			 </trkpt>
			 <trkpt lat="-33.823705" lon="151.088941">
				 <ele>9.3</ele>
			 </trkpt>
			 <trkpt lat="-33.823667" lon="151.088953">
				 <ele>9.4</ele>
			 </trkpt>
			 <trkpt lat="-33.823629" lon="151.088966">
				 <ele>9.2</ele>
			 </trkpt>
			 <trkpt lat="-33.823592" lon="151.088978">
				 <ele>8.9</ele>
			 </trkpt>
			 <trkpt lat="-33.823555" lon="151.08899">
				 <ele>8.6</ele>
			 </trkpt>
			 <trkpt lat="-33.823517" lon="151.089002">
				 <ele>8.3</ele>
			 </trkpt>
			 <trkpt lat="-33.823475" lon="151.089011">
				 <ele>7.9</ele>
			 </trkpt>
			 <trkpt lat="-33.823433" lon="151.08902">
				 <ele>7.5</ele>
			 </trkpt>
			 <trkpt lat="-33.823391" lon="151.089029">
				 <ele>7.1</ele>
			 </trkpt>
			 <trkpt lat="-33.823349" lon="151.089038">
				 <ele>6.6</ele>
			 </trkpt>
			 <trkpt lat="-33.823307" lon="151.089047">
				 <ele>6.2</ele>
			 </trkpt>
			 <trkpt lat="-33.823264" lon="151.089056">
				 <ele>5.8</ele>
			 </trkpt>
			 <trkpt lat="-33.823222" lon="151.089065">
				 <ele>5.5</ele>
			 </trkpt>
			 <trkpt lat="-33.82318" lon="151.089074">
				 <ele>5.1</ele>
			 </trkpt>
			 <trkpt lat="-33.823173" lon="151.089016">
				 <ele>4.8</ele>
			 </trkpt>
			 <trkpt lat="-33.823166" lon="151.088958">
				 <ele>4.5</ele>
			 </trkpt>
			 <trkpt lat="-33.823159" lon="151.0889">
				 <ele>4.4</ele>
			 </trkpt>
			 <trkpt lat="-33.823151" lon="151.088842">
				 <ele>4.3</ele>
			 </trkpt>
			 <trkpt lat="-33.823148" lon="151.088784">
				 <ele>4.3</ele>
			 </trkpt>
			 <trkpt lat="-33.823144" lon="151.088726">
				 <ele>4.3</ele>
			 </trkpt>
			 <trkpt lat="-33.823141" lon="151.088668">
				 <ele>4.4</ele>
			 </trkpt>
			 <trkpt lat="-33.823137" lon="151.08861">
				 <ele>4.5</ele>
			 </trkpt>
			 <trkpt lat="-33.823133" lon="151.088552">
				 <ele>4.5</ele>
			 </trkpt>
			 <trkpt lat="-33.82313" lon="151.088494">
				 <ele>4.6</ele>
			 </trkpt>
			 <trkpt lat="-33.823127" lon="151.088436">
				 <ele>4.7</ele>
			 </trkpt>
			 <trkpt lat="-33.823123" lon="151.088378">
				 <ele>4.8</ele>
			 </trkpt>
			 <trkpt lat="-33.823114" lon="151.088298">
				 <ele>4.9</ele>
			 </trkpt>
			 <trkpt lat="-33.823116" lon="151.088256">
				 <ele>5</ele>
			 </trkpt>
			 <trkpt lat="-33.823119" lon="151.088213">
				 <ele>5</ele>
			 </trkpt>
			 <trkpt lat="-33.823122" lon="151.08817">
				 <ele>5.1</ele>
			 </trkpt>
			 <trkpt lat="-33.823125" lon="151.088128">
				 <ele>5.2</ele>
			 </trkpt>
			 <trkpt lat="-33.82313" lon="151.08809">
				 <ele>5.4</ele>
			 </trkpt>
			 <trkpt lat="-33.823135" lon="151.088052">
				 <ele>5.5</ele>
			 </trkpt>
			 <trkpt lat="-33.82314" lon="151.088014">
				 <ele>5.8</ele>
			 </trkpt>
			 <trkpt lat="-33.823145" lon="151.087976">
				 <ele>6</ele>
			 </trkpt>
			 <trkpt lat="-33.823148" lon="151.087908">
				 <ele>6.2</ele>
			 </trkpt>
			 <trkpt lat="-33.823151" lon="151.087839">
				 <ele>6.4</ele>
			 </trkpt>
			 <trkpt lat="-33.823153" lon="151.087791">
				 <ele>6.5</ele>
			 </trkpt>
			 <trkpt lat="-33.823155" lon="151.087743">
				 <ele>6.5</ele>
			 </trkpt>
			 <trkpt lat="-33.823157" lon="151.087695">
				 <ele>6.5</ele>
			 </trkpt>
			 <trkpt lat="-33.823159" lon="151.087647">
				 <ele>6.5</ele>
			 </trkpt>
			 <trkpt lat="-33.823126" lon="151.087626">
				 <ele>6.3</ele>
			 </trkpt>
			 <trkpt lat="-33.823093" lon="151.087604">
				 <ele>6</ele>
			 </trkpt>
			 <trkpt lat="-33.82306" lon="151.087583">
				 <ele>5.6</ele>
			 </trkpt>
			 <trkpt lat="-33.823028" lon="151.087561">
				 <ele>5.1</ele>
			 </trkpt>
			 <trkpt lat="-33.823032" lon="151.087513">
				 <ele>4.6</ele>
			 </trkpt>
			 <trkpt lat="-33.823036" lon="151.087464">
				 <ele>4.1</ele>
			 </trkpt>
			 <trkpt lat="-33.823047" lon="151.087415">
				 <ele>3.5</ele>
			 </trkpt>
			 <trkpt lat="-33.823057" lon="151.087365">
				 <ele>2.9</ele>
			 </trkpt>
			 <trkpt lat="-33.82308" lon="151.087306">
				 <ele>2.4</ele>
			 </trkpt>
			 <trkpt lat="-33.823103" lon="151.087246">
				 <ele>1.9</ele>
			 </trkpt>
			 <trkpt lat="-33.823133" lon="151.087199">
				 <ele>1.5</ele>
			 </trkpt>
			 <trkpt lat="-33.823162" lon="151.087151">
				 <ele>1.1</ele>
			 </trkpt>
			 <trkpt lat="-33.823205" lon="151.087109">
				 <ele>0.8</ele>
			 </trkpt>
			 <trkpt lat="-33.823247" lon="151.087067">
				 <ele>0.6</ele>
			 </trkpt>
			 <trkpt lat="-33.823284" lon="151.087035">
				 <ele>0.5</ele>
			 </trkpt>
			 <trkpt lat="-33.82332" lon="151.087002">
				 <ele>0.5</ele>
			 </trkpt>
			 <trkpt lat="-33.823357" lon="151.08697">
				 <ele>0.5</ele>
			 </trkpt>
			 <trkpt lat="-33.823393" lon="151.086938">
				 <ele>0.5</ele>
			 </trkpt>
			 <trkpt lat="-33.82343" lon="151.086906">
				 <ele>0.6</ele>
			 </trkpt>
			 <trkpt lat="-33.823466" lon="151.086873">
				 <ele>0.7</ele>
			 </trkpt>
			 <trkpt lat="-33.823507" lon="151.086839">
				 <ele>0.8</ele>
			 </trkpt>
			 <trkpt lat="-33.823547" lon="151.086804">
				 <ele>0.9</ele>
			 </trkpt>
			 <trkpt lat="-33.823588" lon="151.08677">
				 <ele>1</ele>
			 </trkpt>
			 <trkpt lat="-33.823629" lon="151.086735">
				 <ele>1</ele>
			 </trkpt>
			 <trkpt lat="-33.823669" lon="151.0867">
				 <ele>1</ele>
			 </trkpt>
			 <trkpt lat="-33.82371" lon="151.086665">
				 <ele>1</ele>
			 </trkpt>
			 <trkpt lat="-33.823751" lon="151.086631">
				 <ele>1</ele>
			 </trkpt>
			 <trkpt lat="-33.823791" lon="151.086596">
				 <ele>1.1</ele>
			 </trkpt>
			 <trkpt lat="-33.823832" lon="151.086561">
				 <ele>1.2</ele>
			 </trkpt>
			 <trkpt lat="-33.823873" lon="151.086527">
				 <ele>1.3</ele>
			 </trkpt>
			 <trkpt lat="-33.823914" lon="151.086492">
				 <ele>1.3</ele>
			 </trkpt>
			 <trkpt lat="-33.823954" lon="151.086458">
				 <ele>1.3</ele>
			 </trkpt>
			 <trkpt lat="-33.823995" lon="151.086424">
				 <ele>1.3</ele>
			 </trkpt>
			 <trkpt lat="-33.824036" lon="151.086389">
				 <ele>1.2</ele>
			 </trkpt>
			 <trkpt lat="-33.824077" lon="151.086355">
				 <ele>1.1</ele>
			 </trkpt>
			 <trkpt lat="-33.824117" lon="151.08632">
				 <ele>1</ele>
			 </trkpt>
			 <trkpt lat="-33.824157" lon="151.086285">
				 <ele>0.9</ele>
			 </trkpt>
			 <trkpt lat="-33.824198" lon="151.08625">
				 <ele>0.8</ele>
			 </trkpt>
			 <trkpt lat="-33.824239" lon="151.086216">
				 <ele>0.7</ele>
			 </trkpt>
			 <trkpt lat="-33.82428" lon="151.086181">
				 <ele>0.6</ele>
			 </trkpt>
			 <trkpt lat="-33.82432" lon="151.086147">
				 <ele>0.5</ele>
			 </trkpt>
			 <trkpt lat="-33.824361" lon="151.086112">
				 <ele>0.5</ele>
			 </trkpt>
			 <trkpt lat="-33.824404" lon="151.086076">
				 <ele>0.5</ele>
			 </trkpt>
			 <trkpt lat="-33.824446" lon="151.086041">
				 <ele>0.5</ele>
			 </trkpt>
			 <trkpt lat="-33.824489" lon="151.086006">
				 <ele>0.6</ele>
			 </trkpt>
			 <trkpt lat="-33.824531" lon="151.08597">
				 <ele>0.7</ele>
			 </trkpt>
			 <trkpt lat="-33.824574" lon="151.085935">
				 <ele>0.8</ele>
			 </trkpt>
			 <trkpt lat="-33.824616" lon="151.085899">
				 <ele>1</ele>
			 </trkpt>
			 <trkpt lat="-33.824658" lon="151.085864">
				 <ele>1.2</ele>
			 </trkpt>
			 <trkpt lat="-33.824701" lon="151.085828">
				 <ele>1.3</ele>
			 </trkpt>
			 <trkpt lat="-33.824743" lon="151.085792">
				 <ele>1.4</ele>
			 </trkpt>
			 <trkpt lat="-33.824786" lon="151.085756">
				 <ele>1.5</ele>
			 </trkpt>
			 <trkpt lat="-33.824829" lon="151.085721">
				 <ele>1.7</ele>
			 </trkpt>
			 <trkpt lat="-33.824871" lon="151.085685">
				 <ele>1.9</ele>
			 </trkpt>
			 <trkpt lat="-33.824914" lon="151.085649">
				 <ele>2</ele>
			 </trkpt>
			 <trkpt lat="-33.824956" lon="151.085614">
				 <ele>2.1</ele>
			 </trkpt>
			 <trkpt lat="-33.824999" lon="151.085579">
				 <ele>2.2</ele>
			 </trkpt>
			 <trkpt lat="-33.825041" lon="151.085543">
				 <ele>2.2</ele>
			 </trkpt>
			 <trkpt lat="-33.825083" lon="151.085508">
				 <ele>2.1</ele>
			 </trkpt>
			 <trkpt lat="-33.825126" lon="151.085472">
				 <ele>2</ele>
			 </trkpt>
			 <trkpt lat="-33.825169" lon="151.085437">
				 <ele>1.9</ele>
			 </trkpt>
			 <trkpt lat="-33.825211" lon="151.085402">
				 <ele>1.8</ele>
			 </trkpt>
			 <trkpt lat="-33.825253" lon="151.085367">
				 <ele>1.6</ele>
			 </trkpt>
			 <trkpt lat="-33.825295" lon="151.085333">
				 <ele>1.5</ele>
			 </trkpt>
			 <trkpt lat="-33.825338" lon="151.085298">
				 <ele>1.3</ele>
			 </trkpt>
			 <trkpt lat="-33.82538" lon="151.085263">
				 <ele>1.2</ele>
			 </trkpt>
			 <trkpt lat="-33.825422" lon="151.085229">
				 <ele>1.1</ele>
			 </trkpt>
			 <trkpt lat="-33.825464" lon="151.085194">
				 <ele>1</ele>
			 </trkpt>
			 <trkpt lat="-33.825507" lon="151.085159">
				 <ele>1</ele>
			 </trkpt>
			 <trkpt lat="-33.825549" lon="151.085124">
				 <ele>1.1</ele>
			 </trkpt>
			 <trkpt lat="-33.825592" lon="151.085089">
				 <ele>1.2</ele>
			 </trkpt>
			 <trkpt lat="-33.825634" lon="151.085054">
				 <ele>1.3</ele>
			 </trkpt>
			 <trkpt lat="-33.825676" lon="151.085019">
				 <ele>1.4</ele>
			 </trkpt>
			 <trkpt lat="-33.825718" lon="151.084985">
				 <ele>1.5</ele>
			 </trkpt>
			 <trkpt lat="-33.825761" lon="151.08495">
				 <ele>1.6</ele>
			 </trkpt>
			 <trkpt lat="-33.825803" lon="151.084915">
				 <ele>1.8</ele>
			 </trkpt>
			 <trkpt lat="-33.825845" lon="151.084881">
				 <ele>2</ele>
			 </trkpt>
			 <trkpt lat="-33.825887" lon="151.084846">
				 <ele>2.3</ele>
			 </trkpt>
			 <trkpt lat="-33.82593" lon="151.084811">
				 <ele>2.5</ele>
			 </trkpt>
			 <trkpt lat="-33.825972" lon="151.084776">
				 <ele>2.8</ele>
			 </trkpt>
			 <trkpt lat="-33.826006" lon="151.084747">
				 <ele>3</ele>
			 </trkpt>
			 <trkpt lat="-33.826041" lon="151.084718">
				 <ele>3.2</ele>
			 </trkpt>
			 <trkpt lat="-33.826076" lon="151.084689">
				 <ele>3.4</ele>
			 </trkpt>
			 <trkpt lat="-33.826111" lon="151.08466">
				 <ele>3.5</ele>
			 </trkpt>
			 <trkpt lat="-33.826145" lon="151.084631">
				 <ele>3.7</ele>
			 </trkpt>
			 <trkpt lat="-33.82618" lon="151.084602">
				 <ele>3.9</ele>
			 </trkpt>
			 <trkpt lat="-33.826222" lon="151.084565">
				 <ele>4.1</ele>
			 </trkpt>
			 <trkpt lat="-33.826264" lon="151.084527">
				 <ele>4.2</ele>
			 </trkpt>
			 <trkpt lat="-33.826306" lon="151.084489">
				 <ele>4.2</ele>
			 </trkpt>
			 <trkpt lat="-33.826348" lon="151.084451">
				 <ele>4.2</ele>
			 </trkpt>
			 <trkpt lat="-33.82639" lon="151.084413">
				 <ele>4.1</ele>
			 </trkpt>
			 <trkpt lat="-33.826431" lon="151.084375">
				 <ele>4.1</ele>
			 </trkpt>
			 <trkpt lat="-33.826473" lon="151.084338">
				 <ele>4.1</ele>
			 </trkpt>
			 <trkpt lat="-33.826515" lon="151.0843">
				 <ele>4.1</ele>
			 </trkpt>
			 <trkpt lat="-33.826557" lon="151.084263">
				 <ele>4.1</ele>
			 </trkpt>
			 <trkpt lat="-33.826599" lon="151.084225">
				 <ele>4</ele>
			 </trkpt>
			 <trkpt lat="-33.82664" lon="151.084187">
				 <ele>3.8</ele>
			 </trkpt>
			 <trkpt lat="-33.826682" lon="151.084149">
				 <ele>3.5</ele>
			 </trkpt>
			 <trkpt lat="-33.826724" lon="151.084111">
				 <ele>3.4</ele>
			 </trkpt>
			 <trkpt lat="-33.826766" lon="151.084073">
				 <ele>3.2</ele>
			 </trkpt>
			 <trkpt lat="-33.826808" lon="151.084036">
				 <ele>3</ele>
			 </trkpt>
			 <trkpt lat="-33.82685" lon="151.083998">
				 <ele>2.8</ele>
			 </trkpt>
			 <trkpt lat="-33.826891" lon="151.083966">
				 <ele>2.5</ele>
			 </trkpt>
			 <trkpt lat="-33.826931" lon="151.083934">
				 <ele>2.3</ele>
			 </trkpt>
			 <trkpt lat="-33.826971" lon="151.083902">
				 <ele>2</ele>
			 </trkpt>
			 <trkpt lat="-33.827012" lon="151.08387">
				 <ele>1.7</ele>
			 </trkpt>
			 <trkpt lat="-33.827053" lon="151.083839">
				 <ele>1.5</ele>
			 </trkpt>
			 <trkpt lat="-33.827093" lon="151.083807">
				 <ele>1.4</ele>
			 </trkpt>
			 <trkpt lat="-33.827134" lon="151.083775">
				 <ele>1.3</ele>
			 </trkpt>
			 <trkpt lat="-33.827174" lon="151.083743">
				 <ele>1.2</ele>
			 </trkpt>
			 <trkpt lat="-33.827214" lon="151.083711">
				 <ele>1.1</ele>
			 </trkpt>
			 <trkpt lat="-33.827255" lon="151.083679">
				 <ele>1</ele>
			 </trkpt>
			 <trkpt lat="-33.827296" lon="151.083647">
				 <ele>1</ele>
			 </trkpt>
			 <trkpt lat="-33.827336" lon="151.083615">
				 <ele>1</ele>
			 </trkpt>
			 <trkpt lat="-33.827382" lon="151.083586">
				 <ele>1</ele>
			 </trkpt>
			 <trkpt lat="-33.827427" lon="151.083556">
				 <ele>1</ele>
			 </trkpt>
			 <trkpt lat="-33.827472" lon="151.083527">
				 <ele>0.9</ele>
			 </trkpt>
			 <trkpt lat="-33.827518" lon="151.083497">
				 <ele>0.8</ele>
			 </trkpt>
			 <trkpt lat="-33.827563" lon="151.083467">
				 <ele>0.7</ele>
			 </trkpt>
			 <trkpt lat="-33.827609" lon="151.083438">
				 <ele>0.6</ele>
			 </trkpt>
			 <trkpt lat="-33.827655" lon="151.083409">
				 <ele>0.5</ele>
			 </trkpt>
			 <trkpt lat="-33.8277" lon="151.083379">
				 <ele>0.5</ele>
			 </trkpt>
			 <trkpt lat="-33.827745" lon="151.08335">
				 <ele>0.4</ele>
			 </trkpt>
			 <trkpt lat="-33.827791" lon="151.08332">
				 <ele>0.3</ele>
			 </trkpt>
			 <trkpt lat="-33.827837" lon="151.08329">
				 <ele>0.2</ele>
			 </trkpt>
			 <trkpt lat="-33.827882" lon="151.083261">
				 <ele>0.1</ele>
			 </trkpt>
			 <trkpt lat="-33.827943" lon="151.083272">
				 <ele>0.1</ele>
			 </trkpt>
			 <trkpt lat="-33.827951" lon="151.083328">
				 <ele>0.2</ele>
			 </trkpt>
			 <trkpt lat="-33.827959" lon="151.083383">
				 <ele>0.3</ele>
			 </trkpt>
			 <trkpt lat="-33.827968" lon="151.083439">
				 <ele>0.4</ele>
			 </trkpt>
			 <trkpt lat="-33.827976" lon="151.083495">
				 <ele>0.5</ele>
			 </trkpt>
			 <trkpt lat="-33.827984" lon="151.083551">
				 <ele>0.5</ele>
			 </trkpt>
			 <trkpt lat="-33.827992" lon="151.083606">
				 <ele>0.6</ele>
			 </trkpt>
			 <trkpt lat="-33.828001" lon="151.083662">
				 <ele>0.7</ele>
			 </trkpt>
			 <trkpt lat="-33.828009" lon="151.083717">
				 <ele>0.7</ele>
			 </trkpt>
			 <trkpt lat="-33.828017" lon="151.083773">
				 <ele>0.7</ele>
			 </trkpt>
			 <trkpt lat="-33.828025" lon="151.083828">
				 <ele>0.7</ele>
			 </trkpt>
			 <trkpt lat="-33.828034" lon="151.083884">
				 <ele>0.7</ele>
			 </trkpt>
			 <trkpt lat="-33.828042" lon="151.08394">
				 <ele>0.7</ele>
			 </trkpt>
			 <trkpt lat="-33.82805" lon="151.083996">
				 <ele>0.7</ele>
			 </trkpt>
			 <trkpt lat="-33.828058" lon="151.084051">
				 <ele>0.7</ele>
			 </trkpt>
			 <trkpt lat="-33.828079" lon="151.084022">
				 <ele>0.7</ele>
			 </trkpt>
			 <trkpt lat="-33.828075" lon="151.083983">
				 <ele>0.7</ele>
			 </trkpt>
			 <trkpt lat="-33.828072" lon="151.083944">
				 <ele>0.7</ele>
			 </trkpt>
			 <trkpt lat="-33.828068" lon="151.083905">
				 <ele>0.7</ele>
			 </trkpt>
			 <trkpt lat="-33.828064" lon="151.083866">
				 <ele>0.8</ele>
			 </trkpt>
			 <trkpt lat="-33.828057" lon="151.083815">
				 <ele>0.9</ele>
			 </trkpt>
			 <trkpt lat="-33.82805" lon="151.083764">
				 <ele>0.9</ele>
			 </trkpt>
			 <trkpt lat="-33.828042" lon="151.083713">
				 <ele>0.8</ele>
			 </trkpt>
			 <trkpt lat="-33.828035" lon="151.083662">
				 <ele>0.7</ele>
			 </trkpt>
			 <trkpt lat="-33.828028" lon="151.083611">
				 <ele>0.6</ele>
			 </trkpt>
			 <trkpt lat="-33.828021" lon="151.08356">
				 <ele>0.5</ele>
			 </trkpt>
			 <trkpt lat="-33.828014" lon="151.083509">
				 <ele>0.5</ele>
			 </trkpt>
			 <trkpt lat="-33.828007" lon="151.083458">
				 <ele>0.4</ele>
			 </trkpt>
			 <trkpt lat="-33.828" lon="151.08341">
				 <ele>0.3</ele>
			 </trkpt>
			 <trkpt lat="-33.827992" lon="151.083362">
				 <ele>0.2</ele>
			 </trkpt>
			 <trkpt lat="-33.827984" lon="151.083314">
				 <ele>0.1</ele>
			 </trkpt>
			 <trkpt lat="-33.827976" lon="151.083265">
				 <ele>0</ele>
			 </trkpt>
			 <trkpt lat="-33.827968" lon="151.083217">
				 <ele>0</ele>
			 </trkpt>
			 <trkpt lat="-33.827961" lon="151.083169">
				 <ele>0</ele>
			 </trkpt>
			 <trkpt lat="-33.827954" lon="151.083121">
				 <ele>0</ele>
			 </trkpt>
			 <trkpt lat="-33.827946" lon="151.083072">
				 <ele>0</ele>
			 </trkpt>
			 <trkpt lat="-33.827935" lon="151.08302">
				 <ele>0</ele>
			 </trkpt>
			 <trkpt lat="-33.827924" lon="151.082968">
				 <ele>0</ele>
			 </trkpt>
			 <trkpt lat="-33.827913" lon="151.082916">
				 <ele>0</ele>
			 </trkpt>
			 <trkpt lat="-33.827902" lon="151.082864">
				 <ele>0</ele>
			 </trkpt>
			 <trkpt lat="-33.827888" lon="151.082815">
				 <ele>0</ele>
			 </trkpt>
			 <trkpt lat="-33.827874" lon="151.082766">
				 <ele>0</ele>
			 </trkpt>
			 <trkpt lat="-33.82786" lon="151.082717">
				 <ele>0</ele>
			 </trkpt>
			 <trkpt lat="-33.827845" lon="151.082668">
				 <ele>0</ele>
			 </trkpt>
			 <trkpt lat="-33.827829" lon="151.082624">
				 <ele>0</ele>
			 </trkpt>
			 <trkpt lat="-33.827813" lon="151.082579">
				 <ele>0</ele>
			 </trkpt>
			 <trkpt lat="-33.827796" lon="151.082535">
				 <ele>0</ele>
			 </trkpt>
			 <trkpt lat="-33.82778" lon="151.08249">
				 <ele>0</ele>
			 </trkpt>
			 <trkpt lat="-33.827762" lon="151.082451">
				 <ele>0</ele>
			 </trkpt>
			 <trkpt lat="-33.827745" lon="151.082413">
				 <ele>0</ele>
			 </trkpt>
			 <trkpt lat="-33.827728" lon="151.082375">
				 <ele>0</ele>
			 </trkpt>
			 <trkpt lat="-33.82771" lon="151.082336">
				 <ele>0</ele>
			 </trkpt>
			 <trkpt lat="-33.827696" lon="151.082306">
				 <ele>0</ele>
			 </trkpt>
			 <trkpt lat="-33.827669" lon="151.082258">
				 <ele>0</ele>
			 </trkpt>
			 <trkpt lat="-33.827643" lon="151.082211">
				 <ele>0</ele>
			 </trkpt>
			 <trkpt lat="-33.827617" lon="151.082164">
				 <ele>0</ele>
			 </trkpt>
			 <trkpt lat="-33.82759" lon="151.082116">
				 <ele>0</ele>
			 </trkpt>
			 <trkpt lat="-33.827563" lon="151.082068">
				 <ele>0</ele>
			 </trkpt>
			 <trkpt lat="-33.827537" lon="151.082021">
				 <ele>0</ele>
			 </trkpt>
			 <trkpt lat="-33.827506" lon="151.081969">
				 <ele>0</ele>
			 </trkpt>
			 <trkpt lat="-33.827475" lon="151.081917">
				 <ele>0</ele>
			 </trkpt>
			 <trkpt lat="-33.827444" lon="151.081865">
				 <ele>0</ele>
			 </trkpt>
			 <trkpt lat="-33.827413" lon="151.081814">
				 <ele>0</ele>
			 </trkpt>
			 <trkpt lat="-33.827382" lon="151.081762">
				 <ele>0</ele>
			 </trkpt>
			 <trkpt lat="-33.827351" lon="151.08171">
				 <ele>0</ele>
			 </trkpt>
			 <trkpt lat="-33.82732" lon="151.081659">
				 <ele>0</ele>
			 </trkpt>
			 <trkpt lat="-33.827289" lon="151.081607">
				 <ele>0</ele>
			 </trkpt>
			 <trkpt lat="-33.827258" lon="151.081555">
				 <ele>0</ele>
			 </trkpt>
			 <trkpt lat="-33.827227" lon="151.081503">
				 <ele>0</ele>
			 </trkpt>
			 <trkpt lat="-33.827196" lon="151.081452">
				 <ele>0</ele>
			 </trkpt>
			 <trkpt lat="-33.827165" lon="151.0814">
				 <ele>0</ele>
			 </trkpt>
			 <trkpt lat="-33.827134" lon="151.081348">
				 <ele>0</ele>
			 </trkpt>
			 <trkpt lat="-33.827103" lon="151.081296">
				 <ele>0</ele>
			 </trkpt>
			 <trkpt lat="-33.827072" lon="151.081244">
				 <ele>0</ele>
			 </trkpt>
			 <trkpt lat="-33.827041" lon="151.081192">
				 <ele>0</ele>
			 </trkpt>
			 <trkpt lat="-33.82701" lon="151.081141">
				 <ele>0.1</ele>
			 </trkpt>
			 <trkpt lat="-33.826979" lon="151.081089">
				 <ele>0.3</ele>
			 </trkpt>
			 <trkpt lat="-33.826948" lon="151.081037">
				 <ele>0.6</ele>
			 </trkpt>
			 <trkpt lat="-33.826917" lon="151.080985">
				 <ele>1.1</ele>
			 </trkpt>
			 <trkpt lat="-33.826886" lon="151.080934">
				 <ele>1.7</ele>
			 </trkpt>
			 <trkpt lat="-33.826855" lon="151.080882">
				 <ele>2.5</ele>
			 </trkpt>
			 <trkpt lat="-33.826824" lon="151.08083">
				 <ele>3.2</ele>
			 </trkpt>
			 <trkpt lat="-33.826793" lon="151.080778">
				 <ele>3.9</ele>
			 </trkpt>
			 <trkpt lat="-33.826762" lon="151.080727">
				 <ele>4.6</ele>
			 </trkpt>
			 <trkpt lat="-33.826731" lon="151.080675">
				 <ele>5.4</ele>
			 </trkpt>
			 <trkpt lat="-33.8267" lon="151.080623">
				 <ele>6.1</ele>
			 </trkpt>
			 <trkpt lat="-33.826669" lon="151.080571">
				 <ele>6.7</ele>
			 </trkpt>
			 <trkpt lat="-33.826638" lon="151.080519">
				 <ele>7.3</ele>
			 </trkpt>
			 <trkpt lat="-33.826607" lon="151.080468">
				 <ele>7.6</ele>
			 </trkpt>
			 <trkpt lat="-33.826576" lon="151.080416">
				 <ele>7.8</ele>
			 </trkpt>
			 <trkpt lat="-33.826545" lon="151.080364">
				 <ele>7.8</ele>
			 </trkpt>
			 <trkpt lat="-33.826516" lon="151.080316">
				 <ele>7.7</ele>
			 </trkpt>
			 <trkpt lat="-33.826488" lon="151.080268">
				 <ele>7.6</ele>
			 </trkpt>
			 <trkpt lat="-33.826459" lon="151.08022">
				 <ele>7.5</ele>
			 </trkpt>
			 <trkpt lat="-33.82643" lon="151.080172">
				 <ele>7.5</ele>
			 </trkpt>
			 <trkpt lat="-33.826401" lon="151.080124">
				 <ele>7.3</ele>
			 </trkpt>
			 <trkpt lat="-33.826372" lon="151.080076">
				 <ele>7.1</ele>
			 </trkpt>
			 <trkpt lat="-33.826344" lon="151.080029">
				 <ele>6.9</ele>
			 </trkpt>
			 <trkpt lat="-33.826315" lon="151.079981">
				 <ele>6.6</ele>
			 </trkpt>
			 <trkpt lat="-33.826287" lon="151.079933">
				 <ele>6.4</ele>
			 </trkpt>
			 <trkpt lat="-33.826258" lon="151.079885">
				 <ele>6.1</ele>
			 </trkpt>
			 <trkpt lat="-33.826229" lon="151.079837">
				 <ele>5.8</ele>
			 </trkpt>
			 <trkpt lat="-33.8262" lon="151.079789">
				 <ele>5.5</ele>
			 </trkpt>
			 <trkpt lat="-33.826171" lon="151.079742">
				 <ele>5.2</ele>
			 </trkpt>
			 <trkpt lat="-33.826141" lon="151.079694">
				 <ele>4.8</ele>
			 </trkpt>
			 <trkpt lat="-33.826111" lon="151.079647">
				 <ele>4.5</ele>
			 </trkpt>
			 <trkpt lat="-33.826082" lon="151.079599">
				 <ele>4.2</ele>
			 </trkpt>
			 <trkpt lat="-33.826052" lon="151.079551">
				 <ele>3.9</ele>
			 </trkpt>
			 <trkpt lat="-33.826022" lon="151.079504">
				 <ele>3.6</ele>
			 </trkpt>
			 <trkpt lat="-33.825992" lon="151.079456">
				 <ele>3.5</ele>
			 </trkpt>
			 <trkpt lat="-33.825963" lon="151.079409">
				 <ele>3.3</ele>
			 </trkpt>
			 <trkpt lat="-33.825937" lon="151.079363">
				 <ele>3.2</ele>
			 </trkpt>
			 <trkpt lat="-33.825911" lon="151.079317">
				 <ele>3.2</ele>
			 </trkpt>
			 <trkpt lat="-33.825885" lon="151.079271">
				 <ele>3.2</ele>
			 </trkpt>
			 <trkpt lat="-33.825858" lon="151.079225">
				 <ele>3.4</ele>
			 </trkpt>
			 <trkpt lat="-33.825832" lon="151.079179">
				 <ele>3.5</ele>
			 </trkpt>
			 <trkpt lat="-33.825806" lon="151.079133">
				 <ele>3.7</ele>
			 </trkpt>
			 <trkpt lat="-33.82578" lon="151.079087">
				 <ele>3.9</ele>
			 </trkpt>
			 <trkpt lat="-33.825754" lon="151.079041">
				 <ele>4.2</ele>
			 </trkpt>
			 <trkpt lat="-33.82573" lon="151.078998">
				 <ele>4.5</ele>
			 </trkpt>
			 <trkpt lat="-33.825705" lon="151.078955">
				 <ele>4.7</ele>
			 </trkpt>
			 <trkpt lat="-33.825681" lon="151.078912">
				 <ele>5</ele>
			 </trkpt>
			 <trkpt lat="-33.825656" lon="151.078868">
				 <ele>5.4</ele>
			 </trkpt>
			 <trkpt lat="-33.825614" lon="151.078903">
				 <ele>5.6</ele>
			 </trkpt>
			 <trkpt lat="-33.825571" lon="151.078938">
				 <ele>5.9</ele>
			 </trkpt>
			 <trkpt lat="-33.825528" lon="151.078974">
				 <ele>6.1</ele>
			 </trkpt>
			 <trkpt lat="-33.825486" lon="151.079009">
				 <ele>6.3</ele>
			 </trkpt>
			 <trkpt lat="-33.825443" lon="151.079044">
				 <ele>6.5</ele>
			 </trkpt>
			 <trkpt lat="-33.825401" lon="151.079079">
				 <ele>6.7</ele>
			 </trkpt>
			 <trkpt lat="-33.825359" lon="151.079114">
				 <ele>6.9</ele>
			 </trkpt>
			 <trkpt lat="-33.825316" lon="151.079149">
				 <ele>7.1</ele>
			 </trkpt>
			 <trkpt lat="-33.825274" lon="151.079184">
				 <ele>7.4</ele>
			 </trkpt>
			 <trkpt lat="-33.825231" lon="151.079219">
				 <ele>7.6</ele>
			 </trkpt>
			 <trkpt lat="-33.825188" lon="151.079254">
				 <ele>7.8</ele>
			 </trkpt>
			 <trkpt lat="-33.825146" lon="151.07929">
				 <ele>8.1</ele>
			 </trkpt>
			 <trkpt lat="-33.825103" lon="151.079325">
				 <ele>8.4</ele>
			 </trkpt>
			 <trkpt lat="-33.825061" lon="151.07936">
				 <ele>8.6</ele>
			 </trkpt>
			 <trkpt lat="-33.825018" lon="151.079395">
				 <ele>8.9</ele>
			 </trkpt>
			 <trkpt lat="-33.824976" lon="151.07943">
				 <ele>9.3</ele>
			 </trkpt>
			 <trkpt lat="-33.824934" lon="151.079466">
				 <ele>9.5</ele>
			 </trkpt>
			 <trkpt lat="-33.824891" lon="151.079501">
				 <ele>9.8</ele>
			 </trkpt>
			 <trkpt lat="-33.824849" lon="151.079536">
				 <ele>10.1</ele>
			 </trkpt>
			 <trkpt lat="-33.824806" lon="151.079571">
				 <ele>10.3</ele>
			 </trkpt>
			 <trkpt lat="-33.824764" lon="151.079606">
				 <ele>10.5</ele>
			 </trkpt>
			 <trkpt lat="-33.824721" lon="151.079641">
				 <ele>10.6</ele>
			 </trkpt>
			 <trkpt lat="-33.824678" lon="151.079676">
				 <ele>10.7</ele>
			 </trkpt>
			 <trkpt lat="-33.824636" lon="151.079711">
				 <ele>10.7</ele>
			 </trkpt>
			 <trkpt lat="-33.824593" lon="151.079747">
				 <ele>10.7</ele>
			 </trkpt>
			 <trkpt lat="-33.824551" lon="151.079782">
				 <ele>10.7</ele>
			 </trkpt>
			 <trkpt lat="-33.824509" lon="151.079817">
				 <ele>10.6</ele>
			 </trkpt>
			 <trkpt lat="-33.824466" lon="151.079852">
				 <ele>10.5</ele>
			 </trkpt>
			 <trkpt lat="-33.824424" lon="151.079887">
				 <ele>10.5</ele>
			 </trkpt>
			 <trkpt lat="-33.824381" lon="151.079922">
				 <ele>10.4</ele>
			 </trkpt>
			 <trkpt lat="-33.824338" lon="151.079958">
				 <ele>10.3</ele>
			 </trkpt>
			 <trkpt lat="-33.824296" lon="151.079993">
				 <ele>10.2</ele>
			 </trkpt>
			 <trkpt lat="-33.824269" lon="151.079948">
				 <ele>10</ele>
			 </trkpt>
			 <trkpt lat="-33.824241" lon="151.079902">
				 <ele>9.8</ele>
			 </trkpt>
			 <trkpt lat="-33.824214" lon="151.079857">
				 <ele>9.7</ele>
			 </trkpt>
			 <trkpt lat="-33.824187" lon="151.079811">
				 <ele>9.5</ele>
			 </trkpt>
			 <trkpt lat="-33.82416" lon="151.079766">
				 <ele>9.4</ele>
			 </trkpt>
			 <trkpt lat="-33.824133" lon="151.079721">
				 <ele>9.1</ele>
			 </trkpt>
			 <trkpt lat="-33.824106" lon="151.079676">
				 <ele>8.8</ele>
			 </trkpt>
			 <trkpt lat="-33.824079" lon="151.07963">
				 <ele>8.5</ele>
			 </trkpt>
			 <trkpt lat="-33.824052" lon="151.079585">
				 <ele>8.1</ele>
			 </trkpt>
			 <trkpt lat="-33.824025" lon="151.079539">
				 <ele>7.6</ele>
			 </trkpt>
			 <trkpt lat="-33.823998" lon="151.079494">
				 <ele>7.2</ele>
			 </trkpt>
			 <trkpt lat="-33.82397" lon="151.079449">
				 <ele>6.7</ele>
			 </trkpt>
			 <trkpt lat="-33.823943" lon="151.079404">
				 <ele>6.3</ele>
			 </trkpt>
			 <trkpt lat="-33.823916" lon="151.079358">
				 <ele>5.7</ele>
			 </trkpt>
			 <trkpt lat="-33.823889" lon="151.079313">
				 <ele>5.3</ele>
			 </trkpt>
			 <trkpt lat="-33.823862" lon="151.079267">
				 <ele>4.7</ele>
			 </trkpt>
			 <trkpt lat="-33.823835" lon="151.079222">
				 <ele>4.3</ele>
			 </trkpt>
			 <trkpt lat="-33.823808" lon="151.079177">
				 <ele>3.7</ele>
			 </trkpt>
			 <trkpt lat="-33.823781" lon="151.079131">
				 <ele>3.3</ele>
			 </trkpt>
			 <trkpt lat="-33.823754" lon="151.079086">
				 <ele>2.8</ele>
			 </trkpt>
			 <trkpt lat="-33.823712" lon="151.079122">
				 <ele>2.5</ele>
			 </trkpt>
			 <trkpt lat="-33.823671" lon="151.079158">
				 <ele>2.1</ele>
			 </trkpt>
			 <trkpt lat="-33.82363" lon="151.079195">
				 <ele>1.9</ele>
			 </trkpt>
			 <trkpt lat="-33.823589" lon="151.079231">
				 <ele>1.7</ele>
			 </trkpt>
			 <trkpt lat="-33.823548" lon="151.079267">
				 <ele>1.6</ele>
			 </trkpt>
			 <trkpt lat="-33.823506" lon="151.079303">
				 <ele>1.6</ele>
			 </trkpt>
			 <trkpt lat="-33.823465" lon="151.07934">
				 <ele>1.7</ele>
			 </trkpt>
			 <trkpt lat="-33.823424" lon="151.079376">
				 <ele>1.9</ele>
			 </trkpt>
			 <trkpt lat="-33.823383" lon="151.079412">
				 <ele>2.2</ele>
			 </trkpt>
			 <trkpt lat="-33.823341" lon="151.079448">
				 <ele>2.5</ele>
			 </trkpt>
			 <trkpt lat="-33.8233" lon="151.079484">
				 <ele>2.9</ele>
			 </trkpt>
			 <trkpt lat="-33.823259" lon="151.07952">
				 <ele>3.3</ele>
			 </trkpt>
			 <trkpt lat="-33.823217" lon="151.079557">
				 <ele>3.6</ele>
			 </trkpt>
			 <trkpt lat="-33.823176" lon="151.079593">
				 <ele>3.8</ele>
			 </trkpt>
			 <trkpt lat="-33.823135" lon="151.079629">
				 <ele>4</ele>
			 </trkpt>
			 <trkpt lat="-33.823094" lon="151.079665">
				 <ele>4.2</ele>
			 </trkpt>
			 <trkpt lat="-33.823053" lon="151.079702">
				 <ele>4.2</ele>
			 </trkpt>
			 <trkpt lat="-33.823012" lon="151.079738">
				 <ele>4.2</ele>
			 </trkpt>
			 <trkpt lat="-33.82297" lon="151.079774">
				 <ele>4.1</ele>
			 </trkpt>
			 <trkpt lat="-33.822929" lon="151.07981">
				 <ele>4</ele>
			 </trkpt>
			 <trkpt lat="-33.822888" lon="151.079846">
				 <ele>3.8</ele>
			 </trkpt>
			 <trkpt lat="-33.822847" lon="151.079882">
				 <ele>3.6</ele>
			 </trkpt>
			 <trkpt lat="-33.822806" lon="151.079919">
				 <ele>3.5</ele>
			 </trkpt>
			 <trkpt lat="-33.822764" lon="151.079955">
				 <ele>3.3</ele>
			 </trkpt>
			 <trkpt lat="-33.822722" lon="151.079985">
				 <ele>3.2</ele>
			 </trkpt>
			 <trkpt lat="-33.822681" lon="151.080015">
				 <ele>3</ele>
			 </trkpt>
			 <trkpt lat="-33.822639" lon="151.080045">
				 <ele>2.8</ele>
			 </trkpt>
			 <trkpt lat="-33.822597" lon="151.080076">
				 <ele>2.7</ele>
			 </trkpt>
			 <trkpt lat="-33.822559" lon="151.08006">
				 <ele>2.7</ele>
			 </trkpt>
			 <trkpt lat="-33.822545" lon="151.080001">
				 <ele>2.7</ele>
			 </trkpt>
			 <trkpt lat="-33.822531" lon="151.079942">
				 <ele>2.7</ele>
			 </trkpt>
			 <trkpt lat="-33.822533" lon="151.079902">
				 <ele>2.7</ele>
			 </trkpt>
			 <trkpt lat="-33.822536" lon="151.079862">
				 <ele>2.7</ele>
			 </trkpt>
			 <trkpt lat="-33.822539" lon="151.079822">
				 <ele>2.7</ele>
			 </trkpt>
			 <trkpt lat="-33.822542" lon="151.079782">
				 <ele>2.7</ele>
			 </trkpt>
			 <trkpt lat="-33.822544" lon="151.079742">
				 <ele>2.7</ele>
			 </trkpt>
			 <trkpt lat="-33.822547" lon="151.079701">
				 <ele>2.8</ele>
			 </trkpt>
			 <trkpt lat="-33.82255" lon="151.07966">
				 <ele>2.9</ele>
			 </trkpt>
			 <trkpt lat="-33.822553" lon="151.07962">
				 <ele>3</ele>
			 </trkpt>
			 <trkpt lat="-33.822558" lon="151.079546">
				 <ele>2.9</ele>
			 </trkpt>
			 <trkpt lat="-33.822562" lon="151.079472">
				 <ele>2.8</ele>
			 </trkpt>
			 <trkpt lat="-33.822556" lon="151.079414">
				 <ele>2.7</ele>
			 </trkpt>
			 <trkpt lat="-33.822547" lon="151.079377">
				 <ele>2.6</ele>
			 </trkpt>
			 <trkpt lat="-33.822538" lon="151.079339">
				 <ele>2.5</ele>
			 </trkpt>
			 <trkpt lat="-33.822529" lon="151.079301">
				 <ele>2.5</ele>
			 </trkpt>
			 <trkpt lat="-33.82252" lon="151.079263">
				 <ele>2.4</ele>
			 </trkpt>
			 <trkpt lat="-33.822514" lon="151.079201">
				 <ele>2.3</ele>
			 </trkpt>
			 <trkpt lat="-33.822516" lon="151.079162">
				 <ele>2.2</ele>
			 </trkpt>
			 <trkpt lat="-33.822519" lon="151.079122">
				 <ele>2.1</ele>
			 </trkpt>
			 <trkpt lat="-33.822516" lon="151.07908">
				 <ele>2</ele>
			 </trkpt>
			 <trkpt lat="-33.822512" lon="151.079037">
				 <ele>2</ele>
			 </trkpt>
			 <trkpt lat="-33.82255" lon="151.079032">
				 <ele>2</ele>
			 </trkpt>
			 <trkpt lat="-33.822588" lon="151.079027">
				 <ele>1.9</ele>
			 </trkpt>
			 <trkpt lat="-33.82258" lon="151.078963">
				 <ele>1.8</ele>
			 </trkpt>
			 <trkpt lat="-33.822572" lon="151.0789">
				 <ele>1.7</ele>
			 </trkpt>
			 <trkpt lat="-33.822564" lon="151.078837">
				 <ele>1.6</ele>
			 </trkpt>
			 <trkpt lat="-33.822556" lon="151.078773">
				 <ele>1.6</ele>
			 </trkpt>
			 <trkpt lat="-33.822548" lon="151.078709">
				 <ele>1.6</ele>
			 </trkpt>
			 <trkpt lat="-33.82254" lon="151.078645">
				 <ele>1.6</ele>
			 </trkpt>
			 <trkpt lat="-33.822532" lon="151.078581">
				 <ele>1.7</ele>
			 </trkpt>
			 <trkpt lat="-33.822524" lon="151.078518">
				 <ele>1.7</ele>
			 </trkpt>
			 <trkpt lat="-33.822516" lon="151.078455">
				 <ele>1.7</ele>
			 </trkpt>
			 <trkpt lat="-33.822508" lon="151.078391">
				 <ele>1.8</ele>
			 </trkpt>
			 <trkpt lat="-33.8225" lon="151.078328">
				 <ele>2</ele>
			 </trkpt>
			 <trkpt lat="-33.822492" lon="151.078264">
				 <ele>2.2</ele>
			 </trkpt>
			 <trkpt lat="-33.822531" lon="151.078249">
				 <ele>2.4</ele>
			 </trkpt>
			 <trkpt lat="-33.82257" lon="151.078234">
				 <ele>2.5</ele>
			 </trkpt>
			 <trkpt lat="-33.822604" lon="151.07821">
				 <ele>2.7</ele>
			 </trkpt>
			 <trkpt lat="-33.822639" lon="151.078186">
				 <ele>2.9</ele>
			 </trkpt>
			 <trkpt lat="-33.822674" lon="151.078162">
				 <ele>3.1</ele>
			 </trkpt>
			 <trkpt lat="-33.822708" lon="151.078138">
				 <ele>3.2</ele>
			 </trkpt>
			 <trkpt lat="-33.822747" lon="151.078104">
				 <ele>3.4</ele>
			 </trkpt>
			 <trkpt lat="-33.822786" lon="151.078071">
				 <ele>3.5</ele>
			 </trkpt>
			 <trkpt lat="-33.822825" lon="151.078037">
				 <ele>3.6</ele>
			 </trkpt>
			 <trkpt lat="-33.822864" lon="151.078003">
				 <ele>3.7</ele>
			 </trkpt>
			 <trkpt lat="-33.822903" lon="151.077969">
				 <ele>3.8</ele>
			 </trkpt>
			 <trkpt lat="-33.822942" lon="151.077936">
				 <ele>3.8</ele>
			 </trkpt>
			 <trkpt lat="-33.822981" lon="151.077902">
				 <ele>3.8</ele>
			 </trkpt>
			 <trkpt lat="-33.82302" lon="151.077869">
				 <ele>3.7</ele>
			 </trkpt>
			 <trkpt lat="-33.823055" lon="151.077838">
				 <ele>3.6</ele>
			 </trkpt>
			 <trkpt lat="-33.82309" lon="151.077808">
				 <ele>3.5</ele>
			 </trkpt>
			 <trkpt lat="-33.823146" lon="151.077758">
				 <ele>3.3</ele>
			 </trkpt>
			 <trkpt lat="-33.823187" lon="151.077721">
				 <ele>3.1</ele>
			 </trkpt>
			 <trkpt lat="-33.823228" lon="151.077684">
				 <ele>2.9</ele>
			 </trkpt>
			 <trkpt lat="-33.82327" lon="151.077647">
				 <ele>2.7</ele>
			 </trkpt>
			 <trkpt lat="-33.823311" lon="151.07761">
				 <ele>2.5</ele>
			 </trkpt>
			 <trkpt lat="-33.823352" lon="151.077574">
				 <ele>2.4</ele>
			 </trkpt>
			 <trkpt lat="-33.823394" lon="151.077537">
				 <ele>2.3</ele>
			 </trkpt>
			 <trkpt lat="-33.823435" lon="151.0775">
				 <ele>2.2</ele>
			 </trkpt>
			 <trkpt lat="-33.823476" lon="151.077463">
				 <ele>2.2</ele>
			 </trkpt>
			 <trkpt lat="-33.823518" lon="151.077426">
				 <ele>2.2</ele>
			 </trkpt>
			 <trkpt lat="-33.823559" lon="151.077389">
				 <ele>2.3</ele>
			 </trkpt>
			 <trkpt lat="-33.8236" lon="151.077352">
				 <ele>2.5</ele>
			 </trkpt>
			 <trkpt lat="-33.823641" lon="151.077315">
				 <ele>2.6</ele>
			 </trkpt>
			 <trkpt lat="-33.823682" lon="151.077278">
				 <ele>2.8</ele>
			 </trkpt>
			 <trkpt lat="-33.823724" lon="151.077241">
				 <ele>3</ele>
			 </trkpt>
			 <trkpt lat="-33.823765" lon="151.077204">
				 <ele>3.2</ele>
			 </trkpt>
			 <trkpt lat="-33.823806" lon="151.077167">
				 <ele>3.4</ele>
			 </trkpt>
			 <trkpt lat="-33.823847" lon="151.07713">
				 <ele>3.5</ele>
			 </trkpt>
			 <trkpt lat="-33.823888" lon="151.077093">
				 <ele>3.7</ele>
			 </trkpt>
			 <trkpt lat="-33.82393" lon="151.077057">
				 <ele>3.9</ele>
			 </trkpt>
			 <trkpt lat="-33.823971" lon="151.07702">
				 <ele>4.1</ele>
			 </trkpt>
			 <trkpt lat="-33.824013" lon="151.076983">
				 <ele>4.3</ele>
			 </trkpt>
			 <trkpt lat="-33.824054" lon="151.076946">
				 <ele>4.4</ele>
			 </trkpt>
			 <trkpt lat="-33.824095" lon="151.076909">
				 <ele>4.5</ele>
			 </trkpt>
			 <trkpt lat="-33.824124" lon="151.076883">
				 <ele>4.5</ele>
			 </trkpt>
			 <trkpt lat="-33.824154" lon="151.076857">
				 <ele>4.6</ele>
			 </trkpt>
			 <trkpt lat="-33.824181" lon="151.076835">
				 <ele>4.7</ele>
			 </trkpt>
			 <trkpt lat="-33.824208" lon="151.076813">
				 <ele>4.8</ele>
			 </trkpt>
			 <trkpt lat="-33.824208" lon="151.076772">
				 <ele>4.9</ele>
			 </trkpt>
			 <trkpt lat="-33.824209" lon="151.07673">
				 <ele>5</ele>
			 </trkpt>
			 <trkpt lat="-33.82421" lon="151.076688">
				 <ele>5</ele>
			 </trkpt>
			 <trkpt lat="-33.824211" lon="151.076646">
				 <ele>5</ele>
			 </trkpt>
			 <trkpt lat="-33.824241" lon="151.076613">
				 <ele>5</ele>
			 </trkpt>
			 <trkpt lat="-33.824272" lon="151.076579">
				 <ele>5</ele>
			 </trkpt>
			 <trkpt lat="-33.824303" lon="151.076545">
				 <ele>5</ele>
			 </trkpt>
			 <trkpt lat="-33.824334" lon="151.076511">
				 <ele>5</ele>
			 </trkpt>
			 <trkpt lat="-33.824372" lon="151.076483">
				 <ele>5</ele>
			 </trkpt>
			 <trkpt lat="-33.824411" lon="151.076454">
				 <ele>5</ele>
			 </trkpt>
			 <trkpt lat="-33.82445" lon="151.076426">
				 <ele>5</ele>
			 </trkpt>
			 <trkpt lat="-33.824488" lon="151.076397">
				 <ele>5</ele>
			 </trkpt>
			 <trkpt lat="-33.82453" lon="151.076375">
				 <ele>5</ele>
			 </trkpt>
			 <trkpt lat="-33.824572" lon="151.076353">
				 <ele>5</ele>
			 </trkpt>
			 <trkpt lat="-33.824613" lon="151.076331">
				 <ele>5</ele>
			 </trkpt>
			 <trkpt lat="-33.824655" lon="151.076308">
				 <ele>5</ele>
			 </trkpt>
			 <trkpt lat="-33.824697" lon="151.076286">
				 <ele>5</ele>
			 </trkpt>
			 <trkpt lat="-33.824738" lon="151.076264">
				 <ele>5</ele>
			 </trkpt>
			 <trkpt lat="-33.82478" lon="151.076242">
				 <ele>5.1</ele>
			 </trkpt>
			 <trkpt lat="-33.824822" lon="151.07622">
				 <ele>5.2</ele>
			 </trkpt>
			 <trkpt lat="-33.824872" lon="151.076195">
				 <ele>5.3</ele>
			 </trkpt>
			 <trkpt lat="-33.824922" lon="151.076171">
				 <ele>5.4</ele>
			 </trkpt>
			 <trkpt lat="-33.824963" lon="151.07614">
				 <ele>5.5</ele>
			 </trkpt>
			 <trkpt lat="-33.825004" lon="151.076108">
				 <ele>5.6</ele>
			 </trkpt>
			 <trkpt lat="-33.825046" lon="151.076076">
				 <ele>5.8</ele>
			 </trkpt>
			 <trkpt lat="-33.825087" lon="151.076044">
				 <ele>6</ele>
			 </trkpt>
			 <trkpt lat="-33.825129" lon="151.076012">
				 <ele>6.2</ele>
			 </trkpt>
			 <trkpt lat="-33.82517" lon="151.075981">
				 <ele>6.4</ele>
			 </trkpt>
			 <trkpt lat="-33.825211" lon="151.07595">
				 <ele>6.5</ele>
			 </trkpt>
			 <trkpt lat="-33.825252" lon="151.075918">
				 <ele>6.6</ele>
			 </trkpt>
			 <trkpt lat="-33.825294" lon="151.075884">
				 <ele>6.7</ele>
			 </trkpt>
			 <trkpt lat="-33.825335" lon="151.075849">
				 <ele>6.7</ele>
			 </trkpt>
			 <trkpt lat="-33.825376" lon="151.075814">
				 <ele>6.7</ele>
			 </trkpt>
			 <trkpt lat="-33.825417" lon="151.075779">
				 <ele>6.7</ele>
			 </trkpt>
			 <trkpt lat="-33.825458" lon="151.075744">
				 <ele>6.6</ele>
			 </trkpt>
			 <trkpt lat="-33.8255" lon="151.07571">
				 <ele>6.5</ele>
			 </trkpt>
			 <trkpt lat="-33.825541" lon="151.075675">
				 <ele>6.4</ele>
			 </trkpt>
			 <trkpt lat="-33.825582" lon="151.07564">
				 <ele>6.2</ele>
			 </trkpt>
			 <trkpt lat="-33.825623" lon="151.075605">
				 <ele>6</ele>
			 </trkpt>
			 <trkpt lat="-33.825665" lon="151.075571">
				 <ele>5.8</ele>
			 </trkpt>
			 <trkpt lat="-33.825706" lon="151.075536">
				 <ele>5.6</ele>
			 </trkpt>
			 <trkpt lat="-33.825747" lon="151.075501">
				 <ele>5.5</ele>
			 </trkpt>
			 <trkpt lat="-33.825789" lon="151.075467">
				 <ele>5.4</ele>
			 </trkpt>
			 <trkpt lat="-33.82583" lon="151.075432">
				 <ele>5.3</ele>
			 </trkpt>
			 <trkpt lat="-33.825865" lon="151.075397">
				 <ele>5.2</ele>
			 </trkpt>
			 <trkpt lat="-33.8259" lon="151.075362">
				 <ele>5.2</ele>
			 </trkpt>
			 <trkpt lat="-33.825935" lon="151.075327">
				 <ele>5.2</ele>
			 </trkpt>
			 <trkpt lat="-33.825969" lon="151.075292">
				 <ele>5.3</ele>
			 </trkpt>
			 <trkpt lat="-33.826004" lon="151.075256">
				 <ele>5.4</ele>
			 </trkpt>
			 <trkpt lat="-33.826039" lon="151.075221">
				 <ele>5.5</ele>
			 </trkpt>
			 <trkpt lat="-33.826074" lon="151.075186">
				 <ele>5.5</ele>
			 </trkpt>
			 <trkpt lat="-33.826108" lon="151.075151">
				 <ele>5.6</ele>
			 </trkpt>
			 <trkpt lat="-33.826143" lon="151.075116">
				 <ele>5.7</ele>
			 </trkpt>
			 <trkpt lat="-33.826178" lon="151.075081">
				 <ele>5.8</ele>
			 </trkpt>
			 <trkpt lat="-33.826218" lon="151.075043">
				 <ele>5.9</ele>
			 </trkpt>
			 <trkpt lat="-33.826258" lon="151.075004">
				 <ele>6</ele>
			 </trkpt>
			 <trkpt lat="-33.826299" lon="151.074965">
				 <ele>6</ele>
			 </trkpt>
			 <trkpt lat="-33.826339" lon="151.074926">
				 <ele>6</ele>
			 </trkpt>
			 <trkpt lat="-33.826371" lon="151.074896">
				 <ele>5.9</ele>
			 </trkpt>
			 <trkpt lat="-33.826403" lon="151.074865">
				 <ele>5.8</ele>
			 </trkpt>
			 <trkpt lat="-33.826435" lon="151.074835">
				 <ele>5.7</ele>
			 </trkpt>
			 <trkpt lat="-33.826467" lon="151.074804">
				 <ele>5.6</ele>
			 </trkpt>
			 <trkpt lat="-33.826499" lon="151.074773">
				 <ele>5.5</ele>
			 </trkpt>
			 <trkpt lat="-33.826531" lon="151.074743">
				 <ele>5.5</ele>
			 </trkpt>
			 <trkpt lat="-33.826572" lon="151.074705">
				 <ele>5.4</ele>
			 </trkpt>
			 <trkpt lat="-33.826614" lon="151.074668">
				 <ele>5.4</ele>
			 </trkpt>
			 <trkpt lat="-33.826656" lon="151.07463">
				 <ele>5.4</ele>
			 </trkpt>
			 <trkpt lat="-33.826697" lon="151.074592">
				 <ele>5.4</ele>
			 </trkpt>
			 <trkpt lat="-33.826739" lon="151.074554">
				 <ele>5.5</ele>
			 </trkpt>
			 <trkpt lat="-33.82678" lon="151.074517">
				 <ele>5.6</ele>
			 </trkpt>
			 <trkpt lat="-33.826823" lon="151.07448">
				 <ele>5.8</ele>
			 </trkpt>
			 <trkpt lat="-33.826866" lon="151.074443">
				 <ele>6</ele>
			 </trkpt>
			 <trkpt lat="-33.826909" lon="151.074406">
				 <ele>6.3</ele>
			 </trkpt>
			 <trkpt lat="-33.826952" lon="151.074368">
				 <ele>6.5</ele>
			 </trkpt>
			 <trkpt lat="-33.826994" lon="151.074331">
				 <ele>6.8</ele>
			 </trkpt>
			 <trkpt lat="-33.827037" lon="151.074294">
				 <ele>7.1</ele>
			 </trkpt>
			 <trkpt lat="-33.82708" lon="151.074257">
				 <ele>7.3</ele>
			 </trkpt>
			 <trkpt lat="-33.827123" lon="151.07422">
				 <ele>7.5</ele>
			 </trkpt>
			 <trkpt lat="-33.827166" lon="151.074183">
				 <ele>7.6</ele>
			 </trkpt>
			 <trkpt lat="-33.827209" lon="151.074145">
				 <ele>7.7</ele>
			 </trkpt>
			 <trkpt lat="-33.827252" lon="151.074108">
				 <ele>7.8</ele>
			 </trkpt>
			 <trkpt lat="-33.827295" lon="151.074071">
				 <ele>7.8</ele>
			 </trkpt>
			 <trkpt lat="-33.827337" lon="151.074033">
				 <ele>7.8</ele>
			 </trkpt>
			 <trkpt lat="-33.82738" lon="151.073996">
				 <ele>7.7</ele>
			 </trkpt>
			 <trkpt lat="-33.827423" lon="151.073959">
				 <ele>7.6</ele>
			 </trkpt>
			 <trkpt lat="-33.827466" lon="151.073922">
				 <ele>7.5</ele>
			 </trkpt>
			 <trkpt lat="-33.827505" lon="151.073889">
				 <ele>7.4</ele>
			 </trkpt>
			 <trkpt lat="-33.827544" lon="151.073856">
				 <ele>7.2</ele>
			 </trkpt>
			 <trkpt lat="-33.827584" lon="151.073823">
				 <ele>7</ele>
			 </trkpt>
			 <trkpt lat="-33.827623" lon="151.07379">
				 <ele>6.8</ele>
			 </trkpt>
			 <trkpt lat="-33.827662" lon="151.073757">
				 <ele>6.6</ele>
			 </trkpt>
			 <trkpt lat="-33.827701" lon="151.073723">
				 <ele>6.5</ele>
			 </trkpt>
			 <trkpt lat="-33.82774" lon="151.07369">
				 <ele>6.4</ele>
			 </trkpt>
			 <trkpt lat="-33.82778" lon="151.073657">
				 <ele>6.3</ele>
			 </trkpt>
			 <trkpt lat="-33.827819" lon="151.073624">
				 <ele>6.2</ele>
			 </trkpt>
			 <trkpt lat="-33.827858" lon="151.073591">
				 <ele>6.2</ele>
			 </trkpt>
			 <trkpt lat="-33.827896" lon="151.073548">
				 <ele>6.2</ele>
			 </trkpt>
			 <trkpt lat="-33.827935" lon="151.073504">
				 <ele>6.3</ele>
			 </trkpt>
			 <trkpt lat="-33.827973" lon="151.07346">
				 <ele>6.4</ele>
			 </trkpt>
			 <trkpt lat="-33.828012" lon="151.073416">
				 <ele>6.5</ele>
			 </trkpt>
			 <trkpt lat="-33.828051" lon="151.073373">
				 <ele>6.5</ele>
			 </trkpt>
			 <trkpt lat="-33.828089" lon="151.073329">
				 <ele>6.6</ele>
			 </trkpt>
			 <trkpt lat="-33.828128" lon="151.073286">
				 <ele>6.7</ele>
			 </trkpt>
			 <trkpt lat="-33.828166" lon="151.073242">
				 <ele>6.8</ele>
			 </trkpt>
			 <trkpt lat="-33.828204" lon="151.073198">
				 <ele>6.9</ele>
			 </trkpt>
			 <trkpt lat="-33.828243" lon="151.073154">
				 <ele>7</ele>
			 </trkpt>
			 <trkpt lat="-33.828282" lon="151.07311">
				 <ele>7</ele>
			 </trkpt>
			 <trkpt lat="-33.82832" lon="151.073067">
				 <ele>7</ele>
			 </trkpt>
			 <trkpt lat="-33.828362" lon="151.073034">
				 <ele>7</ele>
			 </trkpt>
			 <trkpt lat="-33.828405" lon="151.073">
				 <ele>7</ele>
			 </trkpt>
			 <trkpt lat="-33.828447" lon="151.072967">
				 <ele>7</ele>
			 </trkpt>
			 <trkpt lat="-33.82849" lon="151.072933">
				 <ele>7</ele>
			 </trkpt>
			 <trkpt lat="-33.828532" lon="151.0729">
				 <ele>7</ele>
			 </trkpt>
			 <trkpt lat="-33.828574" lon="151.072866">
				 <ele>7</ele>
			 </trkpt>
			 <trkpt lat="-33.828617" lon="151.072833">
				 <ele>7</ele>
			 </trkpt>
			 <trkpt lat="-33.828659" lon="151.072799">
				 <ele>7</ele>
			 </trkpt>
			 <trkpt lat="-33.828702" lon="151.072774">
				 <ele>6.9</ele>
			 </trkpt>
			 <trkpt lat="-33.828744" lon="151.072749">
				 <ele>6.8</ele>
			 </trkpt>
			 <trkpt lat="-33.828787" lon="151.072724">
				 <ele>6.8</ele>
			 </trkpt>
			 <trkpt lat="-33.82883" lon="151.072699">
				 <ele>6.8</ele>
			 </trkpt>
			 <trkpt lat="-33.828873" lon="151.072674">
				 <ele>6.8</ele>
			 </trkpt>
			 <trkpt lat="-33.828915" lon="151.072649">
				 <ele>6.8</ele>
			 </trkpt>
			 <trkpt lat="-33.828958" lon="151.072624">
				 <ele>6.8</ele>
			 </trkpt>
			 <trkpt lat="-33.829" lon="151.072599">
				 <ele>6.8</ele>
			 </trkpt>
			 <trkpt lat="-33.829043" lon="151.072574">
				 <ele>6.8</ele>
			 </trkpt>
			 <trkpt lat="-33.829085" lon="151.072549">
				 <ele>6.8</ele>
			 </trkpt>
			 <trkpt lat="-33.829128" lon="151.072524">
				 <ele>6.8</ele>
			 </trkpt>
			 <trkpt lat="-33.829171" lon="151.072499">
				 <ele>6.9</ele>
			 </trkpt>
			 <trkpt lat="-33.829214" lon="151.072474">
				 <ele>7</ele>
			 </trkpt>
			 <trkpt lat="-33.829256" lon="151.072449">
				 <ele>7</ele>
			 </trkpt>
			 <trkpt lat="-33.829296" lon="151.072422">
				 <ele>7</ele>
			 </trkpt>
			 <trkpt lat="-33.829337" lon="151.072394">
				 <ele>7</ele>
			 </trkpt>
			 <trkpt lat="-33.829377" lon="151.072366">
				 <ele>7</ele>
			 </trkpt>
			 <trkpt lat="-33.829417" lon="151.072338">
				 <ele>7</ele>
			 </trkpt>
			 <trkpt lat="-33.829458" lon="151.072311">
				 <ele>7</ele>
			 </trkpt>
			 <trkpt lat="-33.829498" lon="151.072283">
				 <ele>6.9</ele>
			 </trkpt>
			 <trkpt lat="-33.829538" lon="151.072255">
				 <ele>6.8</ele>
			 </trkpt>
			 <trkpt lat="-33.829578" lon="151.072227">
				 <ele>6.7</ele>
			 </trkpt>
			 <trkpt lat="-33.829618" lon="151.0722">
				 <ele>6.6</ele>
			 </trkpt>
			 <trkpt lat="-33.829659" lon="151.072172">
				 <ele>6.5</ele>
			 </trkpt>
			 <trkpt lat="-33.829703" lon="151.072121">
				 <ele>6.5</ele>
			 </trkpt>
			 <trkpt lat="-33.829746" lon="151.07207">
				 <ele>6.3</ele>
			 </trkpt>
			 <trkpt lat="-33.829789" lon="151.072019">
				 <ele>6.1</ele>
			 </trkpt>
			 <trkpt lat="-33.829833" lon="151.071968">
				 <ele>5.9</ele>
			 </trkpt>
			 <trkpt lat="-33.829831" lon="151.071908">
				 <ele>5.6</ele>
			 </trkpt>
			 <trkpt lat="-33.829829" lon="151.071848">
				 <ele>5.4</ele>
			 </trkpt>
			 <trkpt lat="-33.829878" lon="151.071804">
				 <ele>5.2</ele>
			 </trkpt>
			 <trkpt lat="-33.829926" lon="151.07176">
				 <ele>5</ele>
			 </trkpt>
			 <trkpt lat="-33.829975" lon="151.071716">
				 <ele>4.7</ele>
			 </trkpt>
			 <trkpt lat="-33.830024" lon="151.071672">
				 <ele>4.5</ele>
			 </trkpt>
			 <trkpt lat="-33.830072" lon="151.071628">
				 <ele>4.2</ele>
			 </trkpt>
			 <trkpt lat="-33.830121" lon="151.071584">
				 <ele>4</ele>
			 </trkpt>
			 <trkpt lat="-33.83017" lon="151.07154">
				 <ele>3.9</ele>
			 </trkpt>
			 <trkpt lat="-33.830219" lon="151.071496">
				 <ele>3.8</ele>
			 </trkpt>
			 <trkpt lat="-33.830267" lon="151.071452">
				 <ele>3.7</ele>
			 </trkpt>
			 <trkpt lat="-33.830316" lon="151.071408">
				 <ele>3.7</ele>
			 </trkpt>
			 <trkpt lat="-33.830365" lon="151.071364">
				 <ele>3.7</ele>
			 </trkpt>
			 <trkpt lat="-33.830413" lon="151.07132">
				 <ele>3.7</ele>
			 </trkpt>
			 <trkpt lat="-33.830462" lon="151.071276">
				 <ele>3.7</ele>
			 </trkpt>
			 <trkpt lat="-33.830508" lon="151.071228">
				 <ele>3.8</ele>
			 </trkpt>
			 <trkpt lat="-33.830555" lon="151.071179">
				 <ele>3.9</ele>
			 </trkpt>
			 <trkpt lat="-33.830601" lon="151.071131">
				 <ele>4</ele>
			 </trkpt>
			 <trkpt lat="-33.830608" lon="151.07107">
				 <ele>4</ele>
			 </trkpt>
			 <trkpt lat="-33.830616" lon="151.07101">
				 <ele>4</ele>
			 </trkpt>
			 <trkpt lat="-33.830623" lon="151.07095">
				 <ele>4</ele>
			 </trkpt>
			 <trkpt lat="-33.83063" lon="151.070889">
				 <ele>4</ele>
			 </trkpt>
			 <trkpt lat="-33.83068" lon="151.070844">
				 <ele>4</ele>
			 </trkpt>
			 <trkpt lat="-33.830729" lon="151.070799">
				 <ele>4</ele>
			 </trkpt>
			 <trkpt lat="-33.830772" lon="151.070746">
				 <ele>4.1</ele>
			 </trkpt>
			 <trkpt lat="-33.830815" lon="151.070694">
				 <ele>4.3</ele>
			 </trkpt>
			 <trkpt lat="-33.830849" lon="151.070634">
				 <ele>4.5</ele>
			 </trkpt>
			 <trkpt lat="-33.830883" lon="151.070575">
				 <ele>4.7</ele>
			 </trkpt>
			 <trkpt lat="-33.830917" lon="151.070515">
				 <ele>5</ele>
			 </trkpt>
			 <trkpt lat="-33.830951" lon="151.070455">
				 <ele>5.4</ele>
			 </trkpt>
			 <trkpt lat="-33.830985" lon="151.070396">
				 <ele>5.7</ele>
			 </trkpt>
			 <trkpt lat="-33.831019" lon="151.070336">
				 <ele>6.2</ele>
			 </trkpt>
			 <trkpt lat="-33.831051" lon="151.070294">
				 <ele>6.6</ele>
			 </trkpt>
			 <trkpt lat="-33.831084" lon="151.070251">
				 <ele>7.1</ele>
			 </trkpt>
			 <trkpt lat="-33.831116" lon="151.070209">
				 <ele>7.5</ele>
			 </trkpt>
			 <trkpt lat="-33.831076" lon="151.070182">
				 <ele>7.9</ele>
			 </trkpt>
			 <trkpt lat="-33.831035" lon="151.070168">
				 <ele>8.2</ele>
			 </trkpt>
			 <trkpt lat="-33.830994" lon="151.070155">
				 <ele>8.4</ele>
			 </trkpt>
			 <trkpt lat="-33.83095" lon="151.070151">
				 <ele>8.5</ele>
			 </trkpt>
			 <trkpt lat="-33.830906" lon="151.070146">
				 <ele>8.5</ele>
			 </trkpt>
			 <trkpt lat="-33.830865" lon="151.070151">
				 <ele>8.5</ele>
			 </trkpt>
			 <trkpt lat="-33.830823" lon="151.070156">
				 <ele>8.4</ele>
			 </trkpt>
			 <trkpt lat="-33.830775" lon="151.070166">
				 <ele>8.2</ele>
			 </trkpt>
			 <trkpt lat="-33.830727" lon="151.070176">
				 <ele>8</ele>
			 </trkpt>
			 <trkpt lat="-33.830668" lon="151.070197">
				 <ele>7.7</ele>
			 </trkpt>
			 <trkpt lat="-33.830609" lon="151.070218">
				 <ele>7.5</ele>
			 </trkpt>
			 <trkpt lat="-33.83055" lon="151.070239">
				 <ele>7.2</ele>
			 </trkpt>
			 <trkpt lat="-33.830491" lon="151.07026">
				 <ele>6.9</ele>
			 </trkpt>
			 <trkpt lat="-33.830433" lon="151.07028">
				 <ele>6.7</ele>
			 </trkpt>
			 <trkpt lat="-33.830374" lon="151.070301">
				 <ele>6.5</ele>
			 </trkpt>
			 <trkpt lat="-33.830315" lon="151.070322">
				 <ele>6.4</ele>
			 </trkpt>
			 <trkpt lat="-33.830256" lon="151.070343">
				 <ele>6.3</ele>
			 </trkpt>
			 <trkpt lat="-33.830197" lon="151.070364">
				 <ele>6.3</ele>
			 </trkpt>
			 <trkpt lat="-33.830139" lon="151.070367">
				 <ele>6.3</ele>
			 </trkpt>
			 <trkpt lat="-33.830081" lon="151.070369">
				 <ele>6.3</ele>
			 </trkpt>
			 <trkpt lat="-33.830022" lon="151.070366">
				 <ele>6.4</ele>
			 </trkpt>
			 <trkpt lat="-33.829963" lon="151.070363">
				 <ele>6.5</ele>
			 </trkpt>
			 <trkpt lat="-33.829903" lon="151.070359">
				 <ele>6.6</ele>
			 </trkpt>
			 <trkpt lat="-33.829844" lon="151.070356">
				 <ele>6.8</ele>
			 </trkpt>
			 <trkpt lat="-33.829785" lon="151.070353">
				 <ele>7</ele>
			 </trkpt>
			 <trkpt lat="-33.829726" lon="151.07035">
				 <ele>7.2</ele>
			 </trkpt>
			 <trkpt lat="-33.829666" lon="151.070346">
				 <ele>7.4</ele>
			 </trkpt>
			 <trkpt lat="-33.829607" lon="151.070343">
				 <ele>7.5</ele>
			 </trkpt>
			 <trkpt lat="-33.829548" lon="151.07034">
				 <ele>7.6</ele>
			 </trkpt>
			 <trkpt lat="-33.829495" lon="151.070343">
				 <ele>7.6</ele>
			 </trkpt>
			 <trkpt lat="-33.829441" lon="151.070347">
				 <ele>7.7</ele>
			 </trkpt>
			 <trkpt lat="-33.829388" lon="151.07035">
				 <ele>7.8</ele>
			 </trkpt>
			 <trkpt lat="-33.829334" lon="151.070354">
				 <ele>7.9</ele>
			 </trkpt>
			 <trkpt lat="-33.829281" lon="151.070357">
				 <ele>7.9</ele>
			 </trkpt>
			 <trkpt lat="-33.829224" lon="151.070359">
				 <ele>8</ele>
			 </trkpt>
			 <trkpt lat="-33.829167" lon="151.07036">
				 <ele>8.2</ele>
			 </trkpt>
			 <trkpt lat="-33.82911" lon="151.070362">
				 <ele>8.4</ele>
			 </trkpt>
			 <trkpt lat="-33.829053" lon="151.070364">
				 <ele>8.6</ele>
			 </trkpt>
			 <trkpt lat="-33.828996" lon="151.070365">
				 <ele>9</ele>
			 </trkpt>
			 <trkpt lat="-33.828939" lon="151.070367">
				 <ele>9.4</ele>
			 </trkpt>
			 <trkpt lat="-33.828883" lon="151.070372">
				 <ele>9.9</ele>
			 </trkpt>
			 <trkpt lat="-33.828828" lon="151.070378">
				 <ele>10.5</ele>
			 </trkpt>
			 <trkpt lat="-33.828772" lon="151.070383">
				 <ele>11</ele>
			 </trkpt>
			 <trkpt lat="-33.828717" lon="151.070388">
				 <ele>11.6</ele>
			 </trkpt>
			 <trkpt lat="-33.828662" lon="151.070394">
				 <ele>12.3</ele>
			 </trkpt>
			 <trkpt lat="-33.828606" lon="151.070399">
				 <ele>12.8</ele>
			 </trkpt>
			 <trkpt lat="-33.828547" lon="151.070402">
				 <ele>13.4</ele>
			 </trkpt>
			 <trkpt lat="-33.828488" lon="151.070405">
				 <ele>13.9</ele>
			 </trkpt>
			 <trkpt lat="-33.828429" lon="151.070408">
				 <ele>14.3</ele>
			 </trkpt>
			 <trkpt lat="-33.82837" lon="151.070411">
				 <ele>14.5</ele>
			 </trkpt>
			 <trkpt lat="-33.828311" lon="151.070415">
				 <ele>14.7</ele>
			 </trkpt>
			 <trkpt lat="-33.828251" lon="151.070418">
				 <ele>14.8</ele>
			 </trkpt>
			 <trkpt lat="-33.828192" lon="151.070421">
				 <ele>14.7</ele>
			 </trkpt>
			 <trkpt lat="-33.828133" lon="151.070424">
				 <ele>14.6</ele>
			 </trkpt>
			 <trkpt lat="-33.828074" lon="151.070427">
				 <ele>14.4</ele>
			 </trkpt>
			 <trkpt lat="-33.828015" lon="151.07043">
				 <ele>14.1</ele>
			 </trkpt>
			 <trkpt lat="-33.827977" lon="151.070424">
				 <ele>13.8</ele>
			 </trkpt>
			 <trkpt lat="-33.827938" lon="151.070418">
				 <ele>13.4</ele>
			 </trkpt>
			 <trkpt lat="-33.827899" lon="151.070412">
				 <ele>12.8</ele>
			 </trkpt>
			 <trkpt lat="-33.82786" lon="151.070407">
				 <ele>12.4</ele>
			 </trkpt>
			 <trkpt lat="-33.827821" lon="151.070401">
				 <ele>11.9</ele>
			 </trkpt>
			 <trkpt lat="-33.827783" lon="151.070395">
				 <ele>11.5</ele>
			 </trkpt>
			 <trkpt lat="-33.827724" lon="151.070371">
				 <ele>11</ele>
			 </trkpt>
			 <trkpt lat="-33.827681" lon="151.070337">
				 <ele>10.6</ele>
			 </trkpt>
			 <trkpt lat="-33.827638" lon="151.070303">
				 <ele>10.2</ele>
			 </trkpt>
			 <trkpt lat="-33.827595" lon="151.070269">
				 <ele>9.8</ele>
			 </trkpt>
			 <trkpt lat="-33.827552" lon="151.070236">
				 <ele>9.5</ele>
			 </trkpt>
			 <trkpt lat="-33.827509" lon="151.070202">
				 <ele>9.1</ele>
			 </trkpt>
			 <trkpt lat="-33.827466" lon="151.070168">
				 <ele>8.8</ele>
			 </trkpt>
			 <trkpt lat="-33.827423" lon="151.070134">
				 <ele>8.6</ele>
			 </trkpt>
			 <trkpt lat="-33.82738" lon="151.070101">
				 <ele>8.5</ele>
			 </trkpt>
			 <trkpt lat="-33.827346" lon="151.070118">
				 <ele>8.2</ele>
			 </trkpt>
			 <trkpt lat="-33.827311" lon="151.070161">
				 <ele>8</ele>
			 </trkpt>
			 <trkpt lat="-33.827276" lon="151.070205">
				 <ele>7.7</ele>
			 </trkpt>
			 <trkpt lat="-33.827241" lon="151.070248">
				 <ele>7.5</ele>
			 </trkpt>
			 <trkpt lat="-33.827206" lon="151.070292">
				 <ele>7.2</ele>
			 </trkpt>
			 <trkpt lat="-33.827171" lon="151.070335">
				 <ele>6.9</ele>
			 </trkpt>
			 <trkpt lat="-33.827137" lon="151.070378">
				 <ele>6.5</ele>
			 </trkpt>
			 <trkpt lat="-33.827102" lon="151.070422">
				 <ele>6.2</ele>
			 </trkpt>
			 <trkpt lat="-33.827067" lon="151.070465">
				 <ele>5.7</ele>
			 </trkpt>
			 <trkpt lat="-33.827032" lon="151.070509">
				 <ele>5.3</ele>
			 </trkpt>
			 <trkpt lat="-33.826997" lon="151.070552">
				 <ele>4.8</ele>
			 </trkpt>
			 <trkpt lat="-33.826961" lon="151.07059">
				 <ele>4.4</ele>
			 </trkpt>
			 <trkpt lat="-33.826925" lon="151.070629">
				 <ele>3.9</ele>
			 </trkpt>
			 <trkpt lat="-33.826889" lon="151.070667">
				 <ele>3.5</ele>
			 </trkpt>
			 <trkpt lat="-33.826853" lon="151.070705">
				 <ele>3</ele>
			 </trkpt>
			 <trkpt lat="-33.826818" lon="151.070743">
				 <ele>2.6</ele>
			 </trkpt>
			 <trkpt lat="-33.826782" lon="151.070782">
				 <ele>2.3</ele>
			 </trkpt>
			 <trkpt lat="-33.826746" lon="151.07082">
				 <ele>2</ele>
			 </trkpt>
			 <trkpt lat="-33.82671" lon="151.070858">
				 <ele>1.7</ele>
			 </trkpt>
			 <trkpt lat="-33.826674" lon="151.070896">
				 <ele>1.5</ele>
			 </trkpt>
			 <trkpt lat="-33.826638" lon="151.070934">
				 <ele>1.4</ele>
			 </trkpt>
			 <trkpt lat="-33.826602" lon="151.070972">
				 <ele>1.2</ele>
			 </trkpt>
			 <trkpt lat="-33.826566" lon="151.071011">
				 <ele>1.1</ele>
			 </trkpt>
			 <trkpt lat="-33.826531" lon="151.07105">
				 <ele>1</ele>
			 </trkpt>
			 <trkpt lat="-33.826495" lon="151.071088">
				 <ele>1.1</ele>
			 </trkpt>
			 <trkpt lat="-33.826459" lon="151.071126">
				 <ele>1.2</ele>
			 </trkpt>
			 <trkpt lat="-33.826423" lon="151.071164">
				 <ele>1.3</ele>
			 </trkpt>
			 <trkpt lat="-33.826391" lon="151.071193">
				 <ele>1.4</ele>
			 </trkpt>
			 <trkpt lat="-33.826358" lon="151.071221">
				 <ele>1.4</ele>
			 </trkpt>
			 <trkpt lat="-33.826326" lon="151.071249">
				 <ele>1.4</ele>
			 </trkpt>
			 <trkpt lat="-33.826294" lon="151.071277">
				 <ele>1.4</ele>
			 </trkpt>
			 <trkpt lat="-33.826258" lon="151.071317">
				 <ele>1.5</ele>
			 </trkpt>
			 <trkpt lat="-33.826222" lon="151.071357">
				 <ele>1.5</ele>
			 </trkpt>
			 <trkpt lat="-33.826193" lon="151.071398">
				 <ele>1.6</ele>
			 </trkpt>
			 <trkpt lat="-33.826164" lon="151.07144">
				 <ele>1.7</ele>
			 </trkpt>
			 <trkpt lat="-33.826134" lon="151.071482">
				 <ele>1.8</ele>
			 </trkpt>
			 <trkpt lat="-33.826105" lon="151.071524">
				 <ele>1.9</ele>
			 </trkpt>
			 <trkpt lat="-33.826082" lon="151.071581">
				 <ele>2</ele>
			 </trkpt>
			 <trkpt lat="-33.82606" lon="151.071637">
				 <ele>2.1</ele>
			 </trkpt>
			 <trkpt lat="-33.826038" lon="151.071694">
				 <ele>2.3</ele>
			 </trkpt>
			 <trkpt lat="-33.826016" lon="151.07175">
				 <ele>2.5</ele>
			 </trkpt>
			 <trkpt lat="-33.825994" lon="151.071806">
				 <ele>2.6</ele>
			 </trkpt>
			 <trkpt lat="-33.825971" lon="151.071862">
				 <ele>2.7</ele>
			 </trkpt>
			 <trkpt lat="-33.825949" lon="151.071919">
				 <ele>2.8</ele>
			 </trkpt>
			 <trkpt lat="-33.825927" lon="151.071975">
				 <ele>2.8</ele>
			 </trkpt>
			 <trkpt lat="-33.825905" lon="151.072032">
				 <ele>2.8</ele>
			 </trkpt>
			 <trkpt lat="-33.825882" lon="151.072088">
				 <ele>2.7</ele>
			 </trkpt>
			 <trkpt lat="-33.82586" lon="151.072145">
				 <ele>2.6</ele>
			 </trkpt>
			 <trkpt lat="-33.825837" lon="151.072201">
				 <ele>2.5</ele>
			 </trkpt>
			 <trkpt lat="-33.825815" lon="151.072258">
				 <ele>2.5</ele>
			 </trkpt>
			 <trkpt lat="-33.825793" lon="151.072314">
				 <ele>2.4</ele>
			 </trkpt>
			 <trkpt lat="-33.82577" lon="151.07237">
				 <ele>2.3</ele>
			 </trkpt>
			 <trkpt lat="-33.825748" lon="151.072426">
				 <ele>2.2</ele>
			 </trkpt>
			 <trkpt lat="-33.825726" lon="151.072483">
				 <ele>2.1</ele>
			 </trkpt>
			 <trkpt lat="-33.825704" lon="151.072539">
				 <ele>2</ele>
			 </trkpt>
			 <trkpt lat="-33.825682" lon="151.072596">
				 <ele>2.1</ele>
			 </trkpt>
			 <trkpt lat="-33.825659" lon="151.072652">
				 <ele>2.2</ele>
			 </trkpt>
			 <trkpt lat="-33.825647" lon="151.072688">
				 <ele>2.3</ele>
			 </trkpt>
			 <trkpt lat="-33.825635" lon="151.072723">
				 <ele>2.5</ele>
			 </trkpt>
			 <trkpt lat="-33.825623" lon="151.072758">
				 <ele>2.6</ele>
			 </trkpt>
			 <trkpt lat="-33.825611" lon="151.072794">
				 <ele>2.9</ele>
			 </trkpt>
			 <trkpt lat="-33.825582" lon="151.072836">
				 <ele>3.2</ele>
			 </trkpt>
			 <trkpt lat="-33.825553" lon="151.072879">
				 <ele>3.5</ele>
			 </trkpt>
			 <trkpt lat="-33.825525" lon="151.072922">
				 <ele>3.9</ele>
			 </trkpt>
			 <trkpt lat="-33.825496" lon="151.072964">
				 <ele>4.3</ele>
			 </trkpt>
			 <trkpt lat="-33.825467" lon="151.073006">
				 <ele>4.6</ele>
			 </trkpt>
			 <trkpt lat="-33.825438" lon="151.073048">
				 <ele>4.9</ele>
			 </trkpt>
			 <trkpt lat="-33.825409" lon="151.073091">
				 <ele>5.2</ele>
			 </trkpt>
			 <trkpt lat="-33.82538" lon="151.073133">
				 <ele>5.5</ele>
			 </trkpt>
			 <trkpt lat="-33.825337" lon="151.073174">
				 <ele>5.5</ele>
			 </trkpt>
			 <trkpt lat="-33.825287" lon="151.073201">
				 <ele>5.6</ele>
			 </trkpt>
			 <trkpt lat="-33.825231" lon="151.073215">
				 <ele>5.6</ele>
			 </trkpt>
			 <trkpt lat="-33.82518" lon="151.073215">
				 <ele>5.5</ele>
			 </trkpt>
			 <trkpt lat="-33.825128" lon="151.073215">
				 <ele>5.4</ele>
			 </trkpt>
			 <trkpt lat="-33.825077" lon="151.073223">
				 <ele>5.2</ele>
			 </trkpt>
			 <trkpt lat="-33.825027" lon="151.073231">
				 <ele>5</ele>
			 </trkpt>
			 <trkpt lat="-33.824987" lon="151.073241">
				 <ele>4.7</ele>
			 </trkpt>
			 <trkpt lat="-33.824948" lon="151.073251">
				 <ele>4.5</ele>
			 </trkpt>
			 <trkpt lat="-33.824908" lon="151.073261">
				 <ele>4.2</ele>
			 </trkpt>
			 <trkpt lat="-33.824868" lon="151.07327">
				 <ele>3.8</ele>
			 </trkpt>
			 <trkpt lat="-33.824816" lon="151.073287">
				 <ele>3.5</ele>
			 </trkpt>
			 <trkpt lat="-33.824765" lon="151.073305">
				 <ele>3.3</ele>
			 </trkpt>
			 <trkpt lat="-33.824714" lon="151.073323">
				 <ele>3</ele>
			 </trkpt>
			 <trkpt lat="-33.824662" lon="151.073341">
				 <ele>2.8</ele>
			 </trkpt>
			 <trkpt lat="-33.82461" lon="151.073358">
				 <ele>2.6</ele>
			 </trkpt>
			 <trkpt lat="-33.824559" lon="151.073376">
				 <ele>2.5</ele>
			 </trkpt>
			 <trkpt lat="-33.82451" lon="151.073397">
				 <ele>2.3</ele>
			 </trkpt>
			 <trkpt lat="-33.82446" lon="151.073417">
				 <ele>2.2</ele>
			 </trkpt>
			 <trkpt lat="-33.82441" lon="151.073438">
				 <ele>2.1</ele>
			 </trkpt>
			 <trkpt lat="-33.824361" lon="151.073458">
				 <ele>2</ele>
			 </trkpt>
			 <trkpt lat="-33.824324" lon="151.073477">
				 <ele>2</ele>
			 </trkpt>
			 <trkpt lat="-33.824286" lon="151.073496">
				 <ele>2.1</ele>
			 </trkpt>
			 <trkpt lat="-33.824248" lon="151.073514">
				 <ele>2.2</ele>
			 </trkpt>
			 <trkpt lat="-33.824211" lon="151.073533">
				 <ele>2.3</ele>
			 </trkpt>
			 <trkpt lat="-33.824174" lon="151.073552">
				 <ele>2.5</ele>
			 </trkpt>
			 <trkpt lat="-33.824136" lon="151.073571">
				 <ele>2.7</ele>
			 </trkpt>
			 <trkpt lat="-33.824104" lon="151.073597">
				 <ele>3</ele>
			 </trkpt>
			 <trkpt lat="-33.824071" lon="151.073623">
				 <ele>3.4</ele>
			 </trkpt>
			 <trkpt lat="-33.824039" lon="151.073648">
				 <ele>3.8</ele>
			 </trkpt>
			 <trkpt lat="-33.824006" lon="151.073674">
				 <ele>4.4</ele>
			 </trkpt>
			 <trkpt lat="-33.823966" lon="151.073722">
				 <ele>4.9</ele>
			 </trkpt>
			 <trkpt lat="-33.823942" lon="151.073754">
				 <ele>5.5</ele>
			 </trkpt>
			 <trkpt lat="-33.823918" lon="151.073786">
				 <ele>6.2</ele>
			 </trkpt>
			 <trkpt lat="-33.823878" lon="151.073828">
				 <ele>6.8</ele>
			 </trkpt>
			 <trkpt lat="-33.823842" lon="151.073851">
				 <ele>7.5</ele>
			 </trkpt>
			 <trkpt lat="-33.823805" lon="151.073874">
				 <ele>8.2</ele>
			 </trkpt>
			 <trkpt lat="-33.823736" lon="151.073889">
				 <ele>8.7</ele>
			 </trkpt>
			 <trkpt lat="-33.823701" lon="151.073888">
				 <ele>9.2</ele>
			 </trkpt>
			 <trkpt lat="-33.823665" lon="151.073887">
				 <ele>9.5</ele>
			 </trkpt>
			 <trkpt lat="-33.82363" lon="151.073886">
				 <ele>9.8</ele>
			 </trkpt>
			 <trkpt lat="-33.823595" lon="151.073884">
				 <ele>9.9</ele>
			 </trkpt>
			 <trkpt lat="-33.823543" lon="151.073876">
				 <ele>9.9</ele>
			 </trkpt>
			 <trkpt lat="-33.823491" lon="151.073868">
				 <ele>9.8</ele>
			 </trkpt>
			 <trkpt lat="-33.823441" lon="151.073848">
				 <ele>9.5</ele>
			 </trkpt>
			 <trkpt lat="-33.82339" lon="151.073828">
				 <ele>9.2</ele>
			 </trkpt>
			 <trkpt lat="-33.823354" lon="151.073804">
				 <ele>8.6</ele>
			 </trkpt>
			 <trkpt lat="-33.823317" lon="151.073781">
				 <ele>8.1</ele>
			 </trkpt>
			 <trkpt lat="-33.82328" lon="151.073758">
				 <ele>7.5</ele>
			 </trkpt>
			 <trkpt lat="-33.823243" lon="151.073734">
				 <ele>6.8</ele>
			 </trkpt>
			 <trkpt lat="-33.823192" lon="151.073713">
				 <ele>6.2</ele>
			 </trkpt>
			 <trkpt lat="-33.82314" lon="151.073691">
				 <ele>5.5</ele>
			 </trkpt>
			 <trkpt lat="-33.823103" lon="151.073685">
				 <ele>4.8</ele>
			 </trkpt>
			 <trkpt lat="-33.823066" lon="151.073679">
				 <ele>4.2</ele>
			 </trkpt>
			 <trkpt lat="-33.823029" lon="151.073673">
				 <ele>3.5</ele>
			 </trkpt>
			 <trkpt lat="-33.822992" lon="151.073667">
				 <ele>3</ele>
			 </trkpt>
			 <trkpt lat="-33.822948" lon="151.073666">
				 <ele>2.5</ele>
			 </trkpt>
			 <trkpt lat="-33.822905" lon="151.073664">
				 <ele>2.1</ele>
			 </trkpt>
			 <trkpt lat="-33.822862" lon="151.073667">
				 <ele>1.6</ele>
			 </trkpt>
			 <trkpt lat="-33.822819" lon="151.07367">
				 <ele>1.3</ele>
			 </trkpt>
			 <trkpt lat="-33.822776" lon="151.073673">
				 <ele>1</ele>
			 </trkpt>
			 <trkpt lat="-33.822733" lon="151.073677">
				 <ele>0.7</ele>
			 </trkpt>
			 <trkpt lat="-33.822691" lon="151.07368">
				 <ele>0.5</ele>
			 </trkpt>
			 <trkpt lat="-33.822648" lon="151.073684">
				 <ele>0.4</ele>
			 </trkpt>
			 <trkpt lat="-33.822605" lon="151.073687">
				 <ele>0.3</ele>
			 </trkpt>
			 <trkpt lat="-33.822562" lon="151.07369">
				 <ele>0.2</ele>
			 </trkpt>
			 <trkpt lat="-33.822511" lon="151.073695">
				 <ele>0.2</ele>
			 </trkpt>
			 <trkpt lat="-33.82246" lon="151.0737">
				 <ele>0.2</ele>
			 </trkpt>
			 <trkpt lat="-33.822408" lon="151.073705">
				 <ele>0.4</ele>
			 </trkpt>
			 <trkpt lat="-33.822357" lon="151.07371">
				 <ele>0.5</ele>
			 </trkpt>
			 <trkpt lat="-33.822306" lon="151.073715">
				 <ele>0.8</ele>
			 </trkpt>
			 <trkpt lat="-33.822255" lon="151.073721">
				 <ele>1.1</ele>
			 </trkpt>
			 <trkpt lat="-33.822204" lon="151.073726">
				 <ele>1.4</ele>
			 </trkpt>
			 <trkpt lat="-33.822152" lon="151.073731">
				 <ele>1.6</ele>
			 </trkpt>
			 <trkpt lat="-33.822101" lon="151.073736">
				 <ele>1.9</ele>
			 </trkpt>
			 <trkpt lat="-33.822049" lon="151.073741">
				 <ele>2.2</ele>
			 </trkpt>
			 <trkpt lat="-33.821998" lon="151.073746">
				 <ele>2.5</ele>
			 </trkpt>
			 <trkpt lat="-33.821947" lon="151.073751">
				 <ele>2.6</ele>
			 </trkpt>
			 <trkpt lat="-33.821895" lon="151.073756">
				 <ele>2.8</ele>
			 </trkpt>
			 <trkpt lat="-33.821844" lon="151.073761">
				 <ele>2.9</ele>
			 </trkpt>
			 <trkpt lat="-33.821793" lon="151.073766">
				 <ele>3</ele>
			 </trkpt>
			 <trkpt lat="-33.821742" lon="151.073771">
				 <ele>2.9</ele>
			 </trkpt>
			 <trkpt lat="-33.821691" lon="151.073777">
				 <ele>2.8</ele>
			 </trkpt>
			 <trkpt lat="-33.821639" lon="151.073782">
				 <ele>2.7</ele>
			 </trkpt>
			 <trkpt lat="-33.821588" lon="151.073787">
				 <ele>2.6</ele>
			 </trkpt>
			 <trkpt lat="-33.821537" lon="151.073792">
				 <ele>2.5</ele>
			 </trkpt>
			 <trkpt lat="-33.821486" lon="151.073797">
				 <ele>2.5</ele>
			 </trkpt>
			 <trkpt lat="-33.821435" lon="151.073802">
				 <ele>2.5</ele>
			 </trkpt>
			 <trkpt lat="-33.821383" lon="151.073807">
				 <ele>2.5</ele>
			 </trkpt>
			 <trkpt lat="-33.821332" lon="151.073812">
				 <ele>2.5</ele>
			 </trkpt>
			 <trkpt lat="-33.821289" lon="151.073815">
				 <ele>2.5</ele>
			 </trkpt>
			 <trkpt lat="-33.821247" lon="151.073819">
				 <ele>2.5</ele>
			 </trkpt>
			 <trkpt lat="-33.821205" lon="151.073822">
				 <ele>2.6</ele>
			 </trkpt>
			 <trkpt lat="-33.821163" lon="151.073825">
				 <ele>2.8</ele>
			 </trkpt>
			 <trkpt lat="-33.82112" lon="151.073828">
				 <ele>3</ele>
			 </trkpt>
			 <trkpt lat="-33.821078" lon="151.073831">
				 <ele>3.3</ele>
			 </trkpt>
			 <trkpt lat="-33.821036" lon="151.073835">
				 <ele>3.5</ele>
			 </trkpt>
			 <trkpt lat="-33.820994" lon="151.073838">
				 <ele>3.8</ele>
			 </trkpt>
			 <trkpt lat="-33.820944" lon="151.073845">
				 <ele>4</ele>
			 </trkpt>
			 <trkpt lat="-33.820894" lon="151.073851">
				 <ele>4.2</ele>
			 </trkpt>
			 <trkpt lat="-33.820844" lon="151.073857">
				 <ele>4.4</ele>
			 </trkpt>
			 <trkpt lat="-33.820793" lon="151.073864">
				 <ele>4.5</ele>
			 </trkpt>
			 <trkpt lat="-33.820743" lon="151.073871">
				 <ele>4.5</ele>
			 </trkpt>
			 <trkpt lat="-33.820693" lon="151.073877">
				 <ele>4.5</ele>
			 </trkpt>
			 <trkpt lat="-33.820642" lon="151.073884">
				 <ele>4.4</ele>
			 </trkpt>
			 <trkpt lat="-33.820592" lon="151.07389">
				 <ele>4.3</ele>
			 </trkpt>
			 <trkpt lat="-33.820542" lon="151.073896">
				 <ele>4.1</ele>
			 </trkpt>
			 <trkpt lat="-33.820492" lon="151.073903">
				 <ele>3.8</ele>
			 </trkpt>
			 <trkpt lat="-33.820487" lon="151.073862">
				 <ele>3.5</ele>
			 </trkpt>
			 <trkpt lat="-33.820483" lon="151.07382">
				 <ele>3.3</ele>
			 </trkpt>
			 <trkpt lat="-33.820474" lon="151.073778">
				 <ele>3</ele>
			 </trkpt>
			 <trkpt lat="-33.820465" lon="151.073736">
				 <ele>2.7</ele>
			 </trkpt>
			 <trkpt lat="-33.820457" lon="151.073678">
				 <ele>2.5</ele>
			 </trkpt>
			 <trkpt lat="-33.820449" lon="151.07362">
				 <ele>2.4</ele>
			 </trkpt>
			 <trkpt lat="-33.820458" lon="151.073557">
				 <ele>2.2</ele>
			 </trkpt>
			 <trkpt lat="-33.820466" lon="151.073494">
				 <ele>2</ele>
			 </trkpt>
			 <trkpt lat="-33.820475" lon="151.073432">
				 <ele>1.8</ele>
			 </trkpt>
			 <trkpt lat="-33.820484" lon="151.073369">
				 <ele>1.6</ele>
			 </trkpt>
			 <trkpt lat="-33.820493" lon="151.073306">
				 <ele>1.5</ele>
			 </trkpt>
			 <trkpt lat="-33.820501" lon="151.073243">
				 <ele>1.5</ele>
			 </trkpt>
			 <trkpt lat="-33.820513" lon="151.073193">
				 <ele>1.4</ele>
			 </trkpt>
			 <trkpt lat="-33.820525" lon="151.073143">
				 <ele>1.2</ele>
			 </trkpt>
			 <trkpt lat="-33.820537" lon="151.073093">
				 <ele>1</ele>
			 </trkpt>
			 <trkpt lat="-33.820549" lon="151.073043">
				 <ele>0.8</ele>
			 </trkpt>
			 <trkpt lat="-33.820561" lon="151.072993">
				 <ele>0.6</ele>
			 </trkpt>
			 <trkpt lat="-33.820573" lon="151.072943">
				 <ele>0.5</ele>
			 </trkpt>
			 <trkpt lat="-33.820585" lon="151.072893">
				 <ele>0.5</ele>
			 </trkpt>
			 <trkpt lat="-33.820597" lon="151.072843">
				 <ele>0.4</ele>
			 </trkpt>
			 <trkpt lat="-33.820609" lon="151.072793">
				 <ele>0.3</ele>
			 </trkpt>
			 <trkpt lat="-33.820621" lon="151.072743">
				 <ele>0.2</ele>
			 </trkpt>
			 <trkpt lat="-33.820639" lon="151.072697">
				 <ele>0.1</ele>
			 </trkpt>
			 <trkpt lat="-33.820656" lon="151.072651">
				 <ele>0</ele>
			 </trkpt>
			 <trkpt lat="-33.820673" lon="151.072606">
				 <ele>0.1</ele>
			 </trkpt>
			 <trkpt lat="-33.820691" lon="151.07256">
				 <ele>0.1</ele>
			 </trkpt>
			 <trkpt lat="-33.820708" lon="151.072514">
				 <ele>0.1</ele>
			 </trkpt>
			 <trkpt lat="-33.820726" lon="151.072468">
				 <ele>0.1</ele>
			 </trkpt>
			 <trkpt lat="-33.820753" lon="151.072408">
				 <ele>0.1</ele>
			 </trkpt>
			 <trkpt lat="-33.820781" lon="151.072348">
				 <ele>0.1</ele>
			 </trkpt>
			 <trkpt lat="-33.820809" lon="151.072297">
				 <ele>0.1</ele>
			 </trkpt>
			 <trkpt lat="-33.820838" lon="151.072247">
				 <ele>0.1</ele>
			 </trkpt>
			 <trkpt lat="-33.820868" lon="151.072195">
				 <ele>0.1</ele>
			 </trkpt>
			 <trkpt lat="-33.820897" lon="151.072142">
				 <ele>0.1</ele>
			 </trkpt>
			 <trkpt lat="-33.820926" lon="151.072095">
				 <ele>0.1</ele>
			 </trkpt>
			 <trkpt lat="-33.820955" lon="151.072049">
				 <ele>0</ele>
			 </trkpt>
			 <trkpt lat="-33.820984" lon="151.072003">
				 <ele>0</ele>
			 </trkpt>
			 <trkpt lat="-33.821014" lon="151.071957">
				 <ele>0</ele>
			 </trkpt>
			 <trkpt lat="-33.821044" lon="151.071924">
				 <ele>0</ele>
			 </trkpt>
			 <trkpt lat="-33.821073" lon="151.071891">
				 <ele>0</ele>
			 </trkpt>
			 <trkpt lat="-33.821103" lon="151.071858">
				 <ele>0</ele>
			 </trkpt>
			 <trkpt lat="-33.821133" lon="151.071825">
				 <ele>0</ele>
			 </trkpt>
			 <trkpt lat="-33.821165" lon="151.071802">
				 <ele>0</ele>
			 </trkpt>
			 <trkpt lat="-33.821196" lon="151.071779">
				 <ele>0.1</ele>
			 </trkpt>
			 <trkpt lat="-33.821227" lon="151.071756">
				 <ele>0.2</ele>
			 </trkpt>
			 <trkpt lat="-33.821258" lon="151.071733">
				 <ele>0.3</ele>
			 </trkpt>
			 <trkpt lat="-33.821289" lon="151.07171">
				 <ele>0.4</ele>
			 </trkpt>
			 <trkpt lat="-33.821321" lon="151.071687">
				 <ele>0.5</ele>
			 </trkpt>
			 <trkpt lat="-33.821354" lon="151.071641">
				 <ele>0.5</ele>
			 </trkpt>
			 <trkpt lat="-33.821386" lon="151.071594">
				 <ele>0.6</ele>
			 </trkpt>
			 <trkpt lat="-33.821405" lon="151.071547">
				 <ele>0.7</ele>
			 </trkpt>
			 <trkpt lat="-33.821423" lon="151.071499">
				 <ele>0.8</ele>
			 </trkpt>
			 <trkpt lat="-33.82144" lon="151.071447">
				 <ele>0.9</ele>
			 </trkpt>
			 <trkpt lat="-33.821457" lon="151.071395">
				 <ele>1</ele>
			 </trkpt>
			 <trkpt lat="-33.821475" lon="151.071343">
				 <ele>1</ele>
			 </trkpt>
			 <trkpt lat="-33.821492" lon="151.07129">
				 <ele>0.9</ele>
			 </trkpt>
			 <trkpt lat="-33.821509" lon="151.071238">
				 <ele>0.8</ele>
			 </trkpt>
			 <trkpt lat="-33.821526" lon="151.071186">
				 <ele>0.7</ele>
			 </trkpt>
			 <trkpt lat="-33.821553" lon="151.071137">
				 <ele>0.6</ele>
			 </trkpt>
			 <trkpt lat="-33.82158" lon="151.071088">
				 <ele>0.5</ele>
			 </trkpt>
			 <trkpt lat="-33.821607" lon="151.071038">
				 <ele>0.5</ele>
			 </trkpt>
			 <trkpt lat="-33.821634" lon="151.070989">
				 <ele>0.4</ele>
			 </trkpt>
			 <trkpt lat="-33.821665" lon="151.070939">
				 <ele>0.3</ele>
			 </trkpt>
			 <trkpt lat="-33.821696" lon="151.070888">
				 <ele>0.2</ele>
			 </trkpt>
			 <trkpt lat="-33.821727" lon="151.070837">
				 <ele>0.1</ele>
			 </trkpt>
			 <trkpt lat="-33.821758" lon="151.070787">
				 <ele>0</ele>
			 </trkpt>
			 <trkpt lat="-33.821789" lon="151.070737">
				 <ele>0</ele>
			 </trkpt>
			 <trkpt lat="-33.82182" lon="151.070686">
				 <ele>0</ele>
			 </trkpt>
			 <trkpt lat="-33.821851" lon="151.070635">
				 <ele>0</ele>
			 </trkpt>
			 <trkpt lat="-33.821882" lon="151.070585">
				 <ele>0</ele>
			 </trkpt>
			 <trkpt lat="-33.821913" lon="151.070536">
				 <ele>0.1</ele>
			 </trkpt>
			 <trkpt lat="-33.821944" lon="151.070487">
				 <ele>0.2</ele>
			 </trkpt>
			 <trkpt lat="-33.821976" lon="151.070438">
				 <ele>0.3</ele>
			 </trkpt>
			 <trkpt lat="-33.822007" lon="151.070389">
				 <ele>0.4</ele>
			 </trkpt>
			 <trkpt lat="-33.822038" lon="151.07034">
				 <ele>0.5</ele>
			 </trkpt>
			 <trkpt lat="-33.822069" lon="151.070292">
				 <ele>0.8</ele>
			 </trkpt>
			 <trkpt lat="-33.8221" lon="151.070243">
				 <ele>1.2</ele>
			 </trkpt>
			 <trkpt lat="-33.822131" lon="151.070194">
				 <ele>1.6</ele>
			 </trkpt>
			 <trkpt lat="-33.822164" lon="151.070145">
				 <ele>2.2</ele>
			 </trkpt>
			 <trkpt lat="-33.822196" lon="151.070096">
				 <ele>2.7</ele>
			 </trkpt>
			 <trkpt lat="-33.822228" lon="151.070047">
				 <ele>3.3</ele>
			 </trkpt>
			 <trkpt lat="-33.82226" lon="151.069998">
				 <ele>3.7</ele>
			 </trkpt>
			 <trkpt lat="-33.822293" lon="151.069949">
				 <ele>4.2</ele>
			 </trkpt>
			 <trkpt lat="-33.822325" lon="151.0699">
				 <ele>4.6</ele>
			 </trkpt>
			 <trkpt lat="-33.822357" lon="151.069851">
				 <ele>5.2</ele>
			 </trkpt>
			 <trkpt lat="-33.82239" lon="151.069802">
				 <ele>5.6</ele>
			 </trkpt>
			 <trkpt lat="-33.822422" lon="151.069757">
				 <ele>6</ele>
			 </trkpt>
			 <trkpt lat="-33.822453" lon="151.069711">
				 <ele>6.2</ele>
			 </trkpt>
			 <trkpt lat="-33.822485" lon="151.069665">
				 <ele>6.2</ele>
			 </trkpt>
			 <trkpt lat="-33.822516" lon="151.069619">
				 <ele>6</ele>
			 </trkpt>
			 <trkpt lat="-33.822548" lon="151.069573">
				 <ele>5.8</ele>
			 </trkpt>
			 <trkpt lat="-33.82258" lon="151.069527">
				 <ele>5.5</ele>
			 </trkpt>
			 <trkpt lat="-33.822612" lon="151.069481">
				 <ele>5.3</ele>
			 </trkpt>
			 <trkpt lat="-33.822643" lon="151.069436">
				 <ele>5</ele>
			 </trkpt>
			 <trkpt lat="-33.822667" lon="151.069403">
				 <ele>4.7</ele>
			 </trkpt>
			 <trkpt lat="-33.822691" lon="151.06937">
				 <ele>4.4</ele>
			 </trkpt>
			 <trkpt lat="-33.822715" lon="151.069337">
				 <ele>4</ele>
			 </trkpt>
			 <trkpt lat="-33.822738" lon="151.069304">
				 <ele>3.5</ele>
			 </trkpt>
			 <trkpt lat="-33.822762" lon="151.069271">
				 <ele>3.2</ele>
			 </trkpt>
			 <trkpt lat="-33.822786" lon="151.069238">
				 <ele>2.9</ele>
			 </trkpt>
			 <trkpt lat="-33.822824" lon="151.069193">
				 <ele>2.8</ele>
			 </trkpt>
			 <trkpt lat="-33.822863" lon="151.069148">
				 <ele>2.7</ele>
			 </trkpt>
			 <trkpt lat="-33.822902" lon="151.069104">
				 <ele>2.7</ele>
			 </trkpt>
			 <trkpt lat="-33.822941" lon="151.069059">
				 <ele>2.7</ele>
			 </trkpt>
			 <trkpt lat="-33.82298" lon="151.069014">
				 <ele>2.7</ele>
			 </trkpt>
			 <trkpt lat="-33.823019" lon="151.068969">
				 <ele>2.7</ele>
			 </trkpt>
			 <trkpt lat="-33.823058" lon="151.068924">
				 <ele>2.6</ele>
			 </trkpt>
			 <trkpt lat="-33.823096" lon="151.068879">
				 <ele>2.5</ele>
			 </trkpt>
			 <trkpt lat="-33.823124" lon="151.068833">
				 <ele>2.5</ele>
			 </trkpt>
			 <trkpt lat="-33.823151" lon="151.068787">
				 <ele>2.5</ele>
			 </trkpt>
			 <trkpt lat="-33.823174" lon="151.068732">
				 <ele>2.4</ele>
			 </trkpt>
			 <trkpt lat="-33.823196" lon="151.068676">
				 <ele>2.2</ele>
			 </trkpt>
			 <trkpt lat="-33.823219" lon="151.068621">
				 <ele>2</ele>
			 </trkpt>
			 <trkpt lat="-33.823241" lon="151.068566">
				 <ele>1.8</ele>
			 </trkpt>
			 <trkpt lat="-33.823267" lon="151.068511">
				 <ele>1.6</ele>
			 </trkpt>
			 <trkpt lat="-33.823293" lon="151.068455">
				 <ele>1.5</ele>
			 </trkpt>
			 <trkpt lat="-33.823319" lon="151.0684">
				 <ele>1.3</ele>
			 </trkpt>
			 <trkpt lat="-33.823346" lon="151.068345">
				 <ele>1.2</ele>
			 </trkpt>
			 <trkpt lat="-33.823372" lon="151.068289">
				 <ele>1.1</ele>
			 </trkpt>
			 <trkpt lat="-33.823398" lon="151.068234">
				 <ele>1</ele>
			 </trkpt>
			 <trkpt lat="-33.823423" lon="151.068191">
				 <ele>1</ele>
			 </trkpt>
			 <trkpt lat="-33.823447" lon="151.068147">
				 <ele>1</ele>
			 </trkpt>
			 <trkpt lat="-33.823471" lon="151.068104">
				 <ele>1</ele>
			 </trkpt>
			 <trkpt lat="-33.823495" lon="151.068061">
				 <ele>1</ele>
			 </trkpt>
			 <trkpt lat="-33.82352" lon="151.068018">
				 <ele>1</ele>
			 </trkpt>
			 <trkpt lat="-33.823544" lon="151.067974">
				 <ele>1</ele>
			 </trkpt>
			 <trkpt lat="-33.823574" lon="151.067923">
				 <ele>1</ele>
			 </trkpt>
			 <trkpt lat="-33.823605" lon="151.067872">
				 <ele>1</ele>
			 </trkpt>
			 <trkpt lat="-33.823636" lon="151.067821">
				 <ele>1</ele>
			 </trkpt>
			 <trkpt lat="-33.823666" lon="151.06777">
				 <ele>1</ele>
			 </trkpt>
			 <trkpt lat="-33.823697" lon="151.067719">
				 <ele>1</ele>
			 </trkpt>
			 <trkpt lat="-33.823728" lon="151.067668">
				 <ele>1</ele>
			 </trkpt>
			 <trkpt lat="-33.823758" lon="151.067617">
				 <ele>1</ele>
			 </trkpt>
			 <trkpt lat="-33.823789" lon="151.067566">
				 <ele>1</ele>
			 </trkpt>
			 <trkpt lat="-33.823819" lon="151.067515">
				 <ele>1</ele>
			 </trkpt>
			 <trkpt lat="-33.82385" lon="151.067464">
				 <ele>1</ele>
			 </trkpt>
			 <trkpt lat="-33.823881" lon="151.067413">
				 <ele>1</ele>
			 </trkpt>
			 <trkpt lat="-33.823911" lon="151.067362">
				 <ele>1</ele>
			 </trkpt>
			 <trkpt lat="-33.823942" lon="151.067312">
				 <ele>1</ele>
			 </trkpt>
			 <trkpt lat="-33.823973" lon="151.067261">
				 <ele>1.1</ele>
			 </trkpt>
			 <trkpt lat="-33.824004" lon="151.06721">
				 <ele>1.3</ele>
			 </trkpt>
			 <trkpt lat="-33.824034" lon="151.067159">
				 <ele>1.5</ele>
			 </trkpt>
			 <trkpt lat="-33.824064" lon="151.067108">
				 <ele>1.7</ele>
			 </trkpt>
			 <trkpt lat="-33.824095" lon="151.067057">
				 <ele>2</ele>
			 </trkpt>
			 <trkpt lat="-33.824126" lon="151.067006">
				 <ele>2.3</ele>
			 </trkpt>
			 <trkpt lat="-33.824156" lon="151.066955">
				 <ele>2.5</ele>
			 </trkpt>
			 <trkpt lat="-33.824187" lon="151.066904">
				 <ele>2.8</ele>
			 </trkpt>
			 <trkpt lat="-33.824218" lon="151.066853">
				 <ele>3.2</ele>
			 </trkpt>
			 <trkpt lat="-33.824248" lon="151.066802">
				 <ele>3.5</ele>
			 </trkpt>
			 <trkpt lat="-33.824279" lon="151.066751">
				 <ele>3.7</ele>
			 </trkpt>
			 <trkpt lat="-33.824309" lon="151.0667">
				 <ele>3.9</ele>
			 </trkpt>
			 <trkpt lat="-33.82434" lon="151.066649">
				 <ele>4</ele>
			 </trkpt>
			 <trkpt lat="-33.824366" lon="151.066598">
				 <ele>4.1</ele>
			 </trkpt>
			 <trkpt lat="-33.824393" lon="151.066546">
				 <ele>4.1</ele>
			 </trkpt>
			 <trkpt lat="-33.82442" lon="151.066494">
				 <ele>4</ele>
			 </trkpt>
			 <trkpt lat="-33.824447" lon="151.066443">
				 <ele>3.9</ele>
			 </trkpt>
			 <trkpt lat="-33.824465" lon="151.0664">
				 <ele>3.8</ele>
			 </trkpt>
			 <trkpt lat="-33.824482" lon="151.066358">
				 <ele>3.7</ele>
			 </trkpt>
			 <trkpt lat="-33.824499" lon="151.066316">
				 <ele>3.5</ele>
			 </trkpt>
			 <trkpt lat="-33.824516" lon="151.066274">
				 <ele>3.5</ele>
			 </trkpt>
			 <trkpt lat="-33.824534" lon="151.066232">
				 <ele>3.5</ele>
			 </trkpt>
			 <trkpt lat="-33.824551" lon="151.066189">
				 <ele>3.5</ele>
			 </trkpt>
			 <trkpt lat="-33.824588" lon="151.066157">
				 <ele>3.5</ele>
			 </trkpt>
			 <trkpt lat="-33.824625" lon="151.066125">
				 <ele>3.5</ele>
			 </trkpt>
			 <trkpt lat="-33.824662" lon="151.066093">
				 <ele>3.5</ele>
			 </trkpt>
			 <trkpt lat="-33.824699" lon="151.066062">
				 <ele>3.6</ele>
			 </trkpt>
			 <trkpt lat="-33.824736" lon="151.06603">
				 <ele>3.7</ele>
			 </trkpt>
			 <trkpt lat="-33.824773" lon="151.065998">
				 <ele>3.8</ele>
			 </trkpt>
			 <trkpt lat="-33.82481" lon="151.06597">
				 <ele>3.9</ele>
			 </trkpt>
			 <trkpt lat="-33.824846" lon="151.065943">
				 <ele>4.1</ele>
			 </trkpt>
			 <trkpt lat="-33.824863" lon="151.065909">
				 <ele>4.2</ele>
			 </trkpt>
			 <trkpt lat="-33.824881" lon="151.065875">
				 <ele>4.3</ele>
			 </trkpt>
			 <trkpt lat="-33.8249" lon="151.06582">
				 <ele>4.4</ele>
			 </trkpt>
			 <trkpt lat="-33.824918" lon="151.065765">
				 <ele>4.5</ele>
			 </trkpt>
			 <trkpt lat="-33.824937" lon="151.06571">
				 <ele>4.5</ele>
			 </trkpt>
			 <trkpt lat="-33.824955" lon="151.065654">
				 <ele>4.6</ele>
			 </trkpt>
			 <trkpt lat="-33.824973" lon="151.065599">
				 <ele>4.7</ele>
			 </trkpt>
			 <trkpt lat="-33.824992" lon="151.065544">
				 <ele>4.8</ele>
			 </trkpt>
			 <trkpt lat="-33.825011" lon="151.065489">
				 <ele>5</ele>
			 </trkpt>
			 <trkpt lat="-33.825029" lon="151.065434">
				 <ele>5.2</ele>
			 </trkpt>
			 <trkpt lat="-33.825049" lon="151.065367">
				 <ele>5.3</ele>
			 </trkpt>
			 <trkpt lat="-33.825069" lon="151.065299">
				 <ele>5.4</ele>
			 </trkpt>
			 <trkpt lat="-33.825053" lon="151.06525">
				 <ele>5.5</ele>
			 </trkpt>
			 <trkpt lat="-33.825037" lon="151.065202">
				 <ele>5.5</ele>
			 </trkpt>
			 <trkpt lat="-33.825021" lon="151.065153">
				 <ele>5.6</ele>
			 </trkpt>
			 <trkpt lat="-33.825005" lon="151.065104">
				 <ele>5.6</ele>
			 </trkpt>
			 <trkpt lat="-33.825003" lon="151.065058">
				 <ele>5.5</ele>
			 </trkpt>
			 <trkpt lat="-33.825002" lon="151.065013">
				 <ele>5.5</ele>
			 </trkpt>
			 <trkpt lat="-33.825001" lon="151.064967">
				 <ele>5.4</ele>
			 </trkpt>
			 <trkpt lat="-33.825" lon="151.064922">
				 <ele>5.2</ele>
			 </trkpt>
			 <trkpt lat="-33.825008" lon="151.064847">
				 <ele>5</ele>
			 </trkpt>
			 <trkpt lat="-33.825016" lon="151.064773">
				 <ele>4.7</ele>
			 </trkpt>
			 <trkpt lat="-33.825029" lon="151.064699">
				 <ele>4.5</ele>
			 </trkpt>
			 <trkpt lat="-33.825036" lon="151.064662">
				 <ele>4.2</ele>
			 </trkpt>
			 <trkpt lat="-33.825043" lon="151.064625">
				 <ele>3.8</ele>
			 </trkpt>
			 <trkpt lat="-33.825051" lon="151.064581">
				 <ele>3.5</ele>
			 </trkpt>
			 <trkpt lat="-33.825059" lon="151.064536">
				 <ele>3.2</ele>
			 </trkpt>
			 <trkpt lat="-33.825069" lon="151.064479">
				 <ele>2.9</ele>
			 </trkpt>
			 <trkpt lat="-33.825076" lon="151.064441">
				 <ele>2.6</ele>
			 </trkpt>
			 <trkpt lat="-33.825083" lon="151.064404">
				 <ele>2.4</ele>
			 </trkpt>
			 <trkpt lat="-33.82509" lon="151.064366">
				 <ele>2.1</ele>
			 </trkpt>
			 <trkpt lat="-33.825106" lon="151.064301">
				 <ele>1.8</ele>
			 </trkpt>
			 <trkpt lat="-33.825122" lon="151.064236">
				 <ele>1.6</ele>
			 </trkpt>
			 <trkpt lat="-33.825147" lon="151.064184">
				 <ele>1.5</ele>
			 </trkpt>
			 <trkpt lat="-33.825172" lon="151.064131">
				 <ele>1.3</ele>
			 </trkpt>
			 <trkpt lat="-33.825202" lon="151.064069">
				 <ele>1.2</ele>
			 </trkpt>
			 <trkpt lat="-33.825207" lon="151.064014">
				 <ele>1.1</ele>
			 </trkpt>
			 <trkpt lat="-33.825213" lon="151.063959">
				 <ele>1</ele>
			 </trkpt>
			 <trkpt lat="-33.825218" lon="151.063904">
				 <ele>1</ele>
			 </trkpt>
			 <trkpt lat="-33.825224" lon="151.063849">
				 <ele>1</ele>
			 </trkpt>
			 <trkpt lat="-33.825222" lon="151.063804">
				 <ele>1</ele>
			 </trkpt>
			 <trkpt lat="-33.82522" lon="151.063758">
				 <ele>1</ele>
			 </trkpt>
			 <trkpt lat="-33.825218" lon="151.063713">
				 <ele>1</ele>
			 </trkpt>
			 <trkpt lat="-33.825215" lon="151.063667">
				 <ele>1</ele>
			 </trkpt>
			 <trkpt lat="-33.825212" lon="151.06361">
				 <ele>1</ele>
			 </trkpt>
			 <trkpt lat="-33.82521" lon="151.063553">
				 <ele>1</ele>
			 </trkpt>
			 <trkpt lat="-33.825207" lon="151.063497">
				 <ele>1</ele>
			 </trkpt>
			 <trkpt lat="-33.825205" lon="151.06344">
				 <ele>1.1</ele>
			 </trkpt>
			 <trkpt lat="-33.825202" lon="151.063383">
				 <ele>1.2</ele>
			 </trkpt>
			 <trkpt lat="-33.825199" lon="151.063326">
				 <ele>1.3</ele>
			 </trkpt>
			 <trkpt lat="-33.825197" lon="151.063269">
				 <ele>1.4</ele>
			 </trkpt>
			 <trkpt lat="-33.825194" lon="151.063212">
				 <ele>1.5</ele>
			 </trkpt>
			 <trkpt lat="-33.825192" lon="151.063155">
				 <ele>1.7</ele>
			 </trkpt>
			 <trkpt lat="-33.825189" lon="151.063099">
				 <ele>1.9</ele>
			 </trkpt>
			 <trkpt lat="-33.825187" lon="151.063042">
				 <ele>2.2</ele>
			 </trkpt>
			 <trkpt lat="-33.825184" lon="151.062985">
				 <ele>2.5</ele>
			 </trkpt>
			 <trkpt lat="-33.825182" lon="151.06293">
				 <ele>3</ele>
			 </trkpt>
			 <trkpt lat="-33.82518" lon="151.062876">
				 <ele>3.5</ele>
			 </trkpt>
			 <trkpt lat="-33.825178" lon="151.062822">
				 <ele>4.1</ele>
			 </trkpt>
			 <trkpt lat="-33.825176" lon="151.062768">
				 <ele>4.6</ele>
			 </trkpt>
			 <trkpt lat="-33.825175" lon="151.062714">
				 <ele>5.3</ele>
			 </trkpt>
			 <trkpt lat="-33.825173" lon="151.062659">
				 <ele>5.9</ele>
			 </trkpt>
			 <trkpt lat="-33.825171" lon="151.062604">
				 <ele>6.5</ele>
			 </trkpt>
			 <trkpt lat="-33.825169" lon="151.06255">
				 <ele>7</ele>
			 </trkpt>
			 <trkpt lat="-33.825167" lon="151.062495">
				 <ele>7.5</ele>
			 </trkpt>
			 <trkpt lat="-33.825164" lon="151.062439">
				 <ele>8</ele>
			 </trkpt>
			 <trkpt lat="-33.825161" lon="151.062384">
				 <ele>8.4</ele>
			 </trkpt>
			 <trkpt lat="-33.825158" lon="151.062329">
				 <ele>8.5</ele>
			 </trkpt>
			 <trkpt lat="-33.825156" lon="151.062274">
				 <ele>8.6</ele>
			 </trkpt>
			 <trkpt lat="-33.825153" lon="151.062218">
				 <ele>8.6</ele>
			 </trkpt>
			 <trkpt lat="-33.82515" lon="151.062163">
				 <ele>8.6</ele>
			 </trkpt>
			 <trkpt lat="-33.825147" lon="151.062108">
				 <ele>8.5</ele>
			 </trkpt>
			 <trkpt lat="-33.825145" lon="151.062052">
				 <ele>8.3</ele>
			 </trkpt>
			 <trkpt lat="-33.825142" lon="151.061997">
				 <ele>8.1</ele>
			 </trkpt>
			 <trkpt lat="-33.825139" lon="151.061951">
				 <ele>7.8</ele>
			 </trkpt>
			 <trkpt lat="-33.825136" lon="151.061905">
				 <ele>7.5</ele>
			 </trkpt>
			 <trkpt lat="-33.825134" lon="151.061859">
				 <ele>7.3</ele>
			 </trkpt>
			 <trkpt lat="-33.825131" lon="151.061812">
				 <ele>6.9</ele>
			 </trkpt>
			 <trkpt lat="-33.825132" lon="151.061766">
				 <ele>6.6</ele>
			 </trkpt>
			 <trkpt lat="-33.825133" lon="151.06172">
				 <ele>6.4</ele>
			 </trkpt>
			 <trkpt lat="-33.825139" lon="151.061668">
				 <ele>6.1</ele>
			 </trkpt>
			 <trkpt lat="-33.825144" lon="151.061616">
				 <ele>5.8</ele>
			 </trkpt>
			 <trkpt lat="-33.82515" lon="151.061564">
				 <ele>5.6</ele>
			 </trkpt>
			 <trkpt lat="-33.825156" lon="151.061513">
				 <ele>5.5</ele>
			 </trkpt>
			 <trkpt lat="-33.825162" lon="151.061461">
				 <ele>5.3</ele>
			 </trkpt>
			 <trkpt lat="-33.825167" lon="151.061409">
				 <ele>5.3</ele>
			 </trkpt>
			 <trkpt lat="-33.825169" lon="151.061365">
				 <ele>5.3</ele>
			 </trkpt>
			 <trkpt lat="-33.825171" lon="151.06132">
				 <ele>5.3</ele>
			 </trkpt>
			 <trkpt lat="-33.825173" lon="151.061275">
				 <ele>5.4</ele>
			 </trkpt>
			 <trkpt lat="-33.825176" lon="151.06123">
				 <ele>5.5</ele>
			 </trkpt>
			 <trkpt lat="-33.825175" lon="151.061168">
				 <ele>5.7</ele>
			 </trkpt>
			 <trkpt lat="-33.825173" lon="151.061106">
				 <ele>5.9</ele>
			 </trkpt>
			 <trkpt lat="-33.825171" lon="151.061044">
				 <ele>6.2</ele>
			 </trkpt>
			 <trkpt lat="-33.82517" lon="151.060982">
				 <ele>6.5</ele>
			 </trkpt>
			 <trkpt lat="-33.825167" lon="151.06093">
				 <ele>6.7</ele>
			 </trkpt>
			 <trkpt lat="-33.825163" lon="151.060878">
				 <ele>7</ele>
			 </trkpt>
			 <trkpt lat="-33.825159" lon="151.060826">
				 <ele>7.2</ele>
			 </trkpt>
			 <trkpt lat="-33.825155" lon="151.060773">
				 <ele>7.4</ele>
			 </trkpt>
			 <trkpt lat="-33.825148" lon="151.060723">
				 <ele>7.5</ele>
			 </trkpt>
			 <trkpt lat="-33.825141" lon="151.060674">
				 <ele>7.7</ele>
			 </trkpt>
			 <trkpt lat="-33.825134" lon="151.060624">
				 <ele>7.8</ele>
			 </trkpt>
			 <trkpt lat="-33.825126" lon="151.060574">
				 <ele>7.9</ele>
			 </trkpt>
			 <trkpt lat="-33.825112" lon="151.060516">
				 <ele>7.9</ele>
			 </trkpt>
			 <trkpt lat="-33.825098" lon="151.060458">
				 <ele>7.7</ele>
			 </trkpt>
			 <trkpt lat="-33.825085" lon="151.060401">
				 <ele>7.5</ele>
			 </trkpt>
			 <trkpt lat="-33.825071" lon="151.060343">
				 <ele>7.3</ele>
			 </trkpt>
			 <trkpt lat="-33.825056" lon="151.060287">
				 <ele>7</ele>
			 </trkpt>
			 <trkpt lat="-33.82504" lon="151.060231">
				 <ele>6.6</ele>
			 </trkpt>
			 <trkpt lat="-33.825024" lon="151.060176">
				 <ele>6.3</ele>
			 </trkpt>
			 <trkpt lat="-33.825009" lon="151.06012">
				 <ele>5.9</ele>
			 </trkpt>
			 <trkpt lat="-33.824996" lon="151.060084">
				 <ele>5.5</ele>
			 </trkpt>
			 <trkpt lat="-33.824982" lon="151.060048">
				 <ele>5.1</ele>
			 </trkpt>
			 <trkpt lat="-33.824968" lon="151.060012">
				 <ele>4.6</ele>
			 </trkpt>
			 <trkpt lat="-33.824955" lon="151.059975">
				 <ele>4.3</ele>
			 </trkpt>
			 <trkpt lat="-33.824938" lon="151.059936">
				 <ele>3.9</ele>
			 </trkpt>
			 <trkpt lat="-33.82492" lon="151.059897">
				 <ele>3.5</ele>
			 </trkpt>
			 <trkpt lat="-33.824903" lon="151.059858">
				 <ele>3.3</ele>
			 </trkpt>
			 <trkpt lat="-33.824885" lon="151.059818">
				 <ele>3</ele>
			 </trkpt>
			 <trkpt lat="-33.824867" lon="151.059779">
				 <ele>2.8</ele>
			 </trkpt>
			 <trkpt lat="-33.82485" lon="151.05974">
				 <ele>2.6</ele>
			 </trkpt>
			 <trkpt lat="-33.824826" lon="151.0597">
				 <ele>2.5</ele>
			 </trkpt>
			 <trkpt lat="-33.824802" lon="151.059659">
				 <ele>2.3</ele>
			 </trkpt>
			 <trkpt lat="-33.824778" lon="151.059619">
				 <ele>2.2</ele>
			 </trkpt>
			 <trkpt lat="-33.824754" lon="151.059578">
				 <ele>2.1</ele>
			 </trkpt>
			 <trkpt lat="-33.82473" lon="151.059537">
				 <ele>2</ele>
			 </trkpt>
			 <trkpt lat="-33.824706" lon="151.059497">
				 <ele>2</ele>
			 </trkpt>
			 <trkpt lat="-33.824682" lon="151.059457">
				 <ele>2</ele>
			 </trkpt>
			 <trkpt lat="-33.824658" lon="151.059416">
				 <ele>2</ele>
			 </trkpt>
			 <trkpt lat="-33.824636" lon="151.059363">
				 <ele>2</ele>
			 </trkpt>
			 <trkpt lat="-33.824615" lon="151.059309">
				 <ele>2</ele>
			 </trkpt>
			 <trkpt lat="-33.824601" lon="151.059258">
				 <ele>2</ele>
			 </trkpt>
			 <trkpt lat="-33.824586" lon="151.059206">
				 <ele>2.1</ele>
			 </trkpt>
			 <trkpt lat="-33.824571" lon="151.059154">
				 <ele>2.2</ele>
			 </trkpt>
			 <trkpt lat="-33.824557" lon="151.059102">
				 <ele>2.3</ele>
			 </trkpt>
			 <trkpt lat="-33.824552" lon="151.059046">
				 <ele>2.4</ele>
			 </trkpt>
			 <trkpt lat="-33.824547" lon="151.05899">
				 <ele>2.5</ele>
			 </trkpt>
			 <trkpt lat="-33.824543" lon="151.058933">
				 <ele>2.7</ele>
			 </trkpt>
			 <trkpt lat="-33.824538" lon="151.058877">
				 <ele>2.9</ele>
			 </trkpt>
			 <trkpt lat="-33.82454" lon="151.058814">
				 <ele>3.2</ele>
			 </trkpt>
			 <trkpt lat="-33.824543" lon="151.058752">
				 <ele>3.5</ele>
			 </trkpt>
			 <trkpt lat="-33.824545" lon="151.058689">
				 <ele>3.7</ele>
			 </trkpt>
			 <trkpt lat="-33.824547" lon="151.058626">
				 <ele>4</ele>
			 </trkpt>
			 <trkpt lat="-33.824555" lon="151.058566">
				 <ele>4.2</ele>
			 </trkpt>
			 <trkpt lat="-33.824563" lon="151.058507">
				 <ele>4.5</ele>
			 </trkpt>
			 <trkpt lat="-33.824571" lon="151.058447">
				 <ele>4.7</ele>
			 </trkpt>
			 <trkpt lat="-33.824579" lon="151.058387">
				 <ele>5</ele>
			 </trkpt>
			 <trkpt lat="-33.824589" lon="151.058346">
				 <ele>5.2</ele>
			 </trkpt>
			 <trkpt lat="-33.824599" lon="151.058304">
				 <ele>5.4</ele>
			 </trkpt>
			 <trkpt lat="-33.824609" lon="151.058262">
				 <ele>5.5</ele>
			 </trkpt>
			 <trkpt lat="-33.824619" lon="151.05822">
				 <ele>5.6</ele>
			 </trkpt>
			 <trkpt lat="-33.824635" lon="151.058166">
				 <ele>5.7</ele>
			 </trkpt>
			 <trkpt lat="-33.824652" lon="151.058112">
				 <ele>5.7</ele>
			 </trkpt>
			 <trkpt lat="-33.824669" lon="151.058059">
				 <ele>5.7</ele>
			 </trkpt>
			 <trkpt lat="-33.824686" lon="151.058005">
				 <ele>5.6</ele>
			 </trkpt>
			 <trkpt lat="-33.824703" lon="151.057952">
				 <ele>5.4</ele>
			 </trkpt>
			 <trkpt lat="-33.82472" lon="151.057898">
				 <ele>5</ele>
			 </trkpt>
			 <trkpt lat="-33.824737" lon="151.057844">
				 <ele>4.5</ele>
			 </trkpt>
			 <trkpt lat="-33.824753" lon="151.05779">
				 <ele>4.1</ele>
			 </trkpt>
			 <trkpt lat="-33.824762" lon="151.057736">
				 <ele>3.6</ele>
			 </trkpt>
			 <trkpt lat="-33.824771" lon="151.057681">
				 <ele>3.2</ele>
			 </trkpt>
			 <trkpt lat="-33.82478" lon="151.057627">
				 <ele>2.6</ele>
			 </trkpt>
			 <trkpt lat="-33.824789" lon="151.057572">
				 <ele>2.1</ele>
			 </trkpt>
			 <trkpt lat="-33.824798" lon="151.057518">
				 <ele>1.6</ele>
			 </trkpt>
			 <trkpt lat="-33.824807" lon="151.057463">
				 <ele>1.2</ele>
			 </trkpt>
			 <trkpt lat="-33.824814" lon="151.057397">
				 <ele>0.8</ele>
			 </trkpt>
			 <trkpt lat="-33.824821" lon="151.05733">
				 <ele>0.5</ele>
			 </trkpt>
			 <trkpt lat="-33.824821" lon="151.057278">
				 <ele>0.5</ele>
			 </trkpt>
			 <trkpt lat="-33.824822" lon="151.057226">
				 <ele>0.5</ele>
			 </trkpt>
			 <trkpt lat="-33.824822" lon="151.057174">
				 <ele>0.5</ele>
			 </trkpt>
			 <trkpt lat="-33.824823" lon="151.057121">
				 <ele>0.5</ele>
			 </trkpt>
			 <trkpt lat="-33.824824" lon="151.057069">
				 <ele>0.5</ele>
			 </trkpt>
			 <trkpt lat="-33.824824" lon="151.057017">
				 <ele>0.5</ele>
			 </trkpt>
			 <trkpt lat="-33.824818" lon="151.056964">
				 <ele>0.6</ele>
			 </trkpt>
			 <trkpt lat="-33.824813" lon="151.056912">
				 <ele>0.7</ele>
			 </trkpt>
			 <trkpt lat="-33.824807" lon="151.05686">
				 <ele>0.8</ele>
			 </trkpt>
			 <trkpt lat="-33.824802" lon="151.056808">
				 <ele>0.9</ele>
			 </trkpt>
			 <trkpt lat="-33.824796" lon="151.056756">
				 <ele>1</ele>
			 </trkpt>
			 <trkpt lat="-33.824791" lon="151.056703">
				 <ele>1</ele>
			 </trkpt>
			 <trkpt lat="-33.82479" lon="151.056662">
				 <ele>1.1</ele>
			 </trkpt>
			 <trkpt lat="-33.824789" lon="151.05662">
				 <ele>1.2</ele>
			 </trkpt>
			 <trkpt lat="-33.824787" lon="151.056551">
				 <ele>1.2</ele>
			 </trkpt>
			 <trkpt lat="-33.824784" lon="151.056481">
				 <ele>1.2</ele>
			 </trkpt>
			 <trkpt lat="-33.82479" lon="151.056418">
				 <ele>1.2</ele>
			 </trkpt>
			 <trkpt lat="-33.824797" lon="151.056354">
				 <ele>1.2</ele>
			 </trkpt>
			 <trkpt lat="-33.824803" lon="151.05629">
				 <ele>1.2</ele>
			 </trkpt>
			 <trkpt lat="-33.824809" lon="151.056226">
				 <ele>1.2</ele>
			 </trkpt>
			 <trkpt lat="-33.824824" lon="151.056161">
				 <ele>1.2</ele>
			 </trkpt>
			 <trkpt lat="-33.824838" lon="151.056095">
				 <ele>1.1</ele>
			 </trkpt>
			 <trkpt lat="-33.824856" lon="151.056034">
				 <ele>1</ele>
			 </trkpt>
			 <trkpt lat="-33.824875" lon="151.055973">
				 <ele>0.9</ele>
			 </trkpt>
			 <trkpt lat="-33.824894" lon="151.055912">
				 <ele>0.8</ele>
			 </trkpt>
			 <trkpt lat="-33.824912" lon="151.055851">
				 <ele>0.9</ele>
			 </trkpt>
			 <trkpt lat="-33.824924" lon="151.055797">
				 <ele>1.1</ele>
			 </trkpt>
			 <trkpt lat="-33.824937" lon="151.055744">
				 <ele>1.3</ele>
			 </trkpt>
			 <trkpt lat="-33.82495" lon="151.05569">
				 <ele>1.5</ele>
			 </trkpt>
			 <trkpt lat="-33.824963" lon="151.055636">
				 <ele>1.9</ele>
			 </trkpt>
			 <trkpt lat="-33.824975" lon="151.055583">
				 <ele>2.4</ele>
			 </trkpt>
			 <trkpt lat="-33.824988" lon="151.055529">
				 <ele>2.9</ele>
			 </trkpt>
			 <trkpt lat="-33.824995" lon="151.05549">
				 <ele>3.7</ele>
			 </trkpt>
			 <trkpt lat="-33.825001" lon="151.05545">
				 <ele>4.6</ele>
			 </trkpt>
			 <trkpt lat="-33.825007" lon="151.05541">
				 <ele>5.5</ele>
			 </trkpt>
			 <trkpt lat="-33.825013" lon="151.05537">
				 <ele>6.5</ele>
			 </trkpt>
			 <trkpt lat="-33.825011" lon="151.05531">
				 <ele>7.5</ele>
			 </trkpt>
			 <trkpt lat="-33.825009" lon="151.055249">
				 <ele>8.3</ele>
			 </trkpt>
			 <trkpt lat="-33.825007" lon="151.055188">
				 <ele>9.1</ele>
			 </trkpt>
			 <trkpt lat="-33.825006" lon="151.055128">
				 <ele>9.8</ele>
			 </trkpt>
			 <trkpt lat="-33.825004" lon="151.055068">
				 <ele>10.5</ele>
			 </trkpt>
			 <trkpt lat="-33.825002" lon="151.055007">
				 <ele>10.9</ele>
			 </trkpt>
			 <trkpt lat="-33.825001" lon="151.054947">
				 <ele>11.2</ele>
			 </trkpt>
			 <trkpt lat="-33.824999" lon="151.054886">
				 <ele>11.2</ele>
			 </trkpt>
			 <trkpt lat="-33.824997" lon="151.054825">
				 <ele>11.1</ele>
			 </trkpt>
			 <trkpt lat="-33.824995" lon="151.054765">
				 <ele>10.8</ele>
			 </trkpt>
			 <trkpt lat="-33.824994" lon="151.054705">
				 <ele>10.4</ele>
			 </trkpt>
			 <trkpt lat="-33.824992" lon="151.054644">
				 <ele>9.9</ele>
			 </trkpt>
			 <trkpt lat="-33.82499" lon="151.054583">
				 <ele>9.4</ele>
			 </trkpt>
			 <trkpt lat="-33.824988" lon="151.054523">
				 <ele>8.7</ele>
			 </trkpt>
			 <trkpt lat="-33.824983" lon="151.054461">
				 <ele>8.1</ele>
			 </trkpt>
			 <trkpt lat="-33.824978" lon="151.054398">
				 <ele>7.5</ele>
			 </trkpt>
			 <trkpt lat="-33.824973" lon="151.054335">
				 <ele>6.9</ele>
			 </trkpt>
			 <trkpt lat="-33.824968" lon="151.054273">
				 <ele>6.5</ele>
			 </trkpt>
			 <trkpt lat="-33.824963" lon="151.054211">
				 <ele>6</ele>
			 </trkpt>
			 <trkpt lat="-33.824958" lon="151.054148">
				 <ele>5.5</ele>
			 </trkpt>
			 <trkpt lat="-33.824953" lon="151.054086">
				 <ele>5.2</ele>
			 </trkpt>
			 <trkpt lat="-33.824948" lon="151.054024">
				 <ele>5</ele>
			 </trkpt>
			 <trkpt lat="-33.824942" lon="151.053962">
				 <ele>4.8</ele>
			 </trkpt>
			 <trkpt lat="-33.824937" lon="151.053899">
				 <ele>4.7</ele>
			 </trkpt>
			 <trkpt lat="-33.824932" lon="151.053836">
				 <ele>4.7</ele>
			 </trkpt>
			 <trkpt lat="-33.824927" lon="151.053774">
				 <ele>4.7</ele>
			 </trkpt>
			 <trkpt lat="-33.824922" lon="151.053712">
				 <ele>4.7</ele>
			 </trkpt>
			 <trkpt lat="-33.824917" lon="151.053649">
				 <ele>4.7</ele>
			 </trkpt>
			 <trkpt lat="-33.824912" lon="151.053586">
				 <ele>4.8</ele>
			 </trkpt>
			 <trkpt lat="-33.824907" lon="151.053524">
				 <ele>5</ele>
			 </trkpt>
			 <trkpt lat="-33.824903" lon="151.053468">
				 <ele>5.2</ele>
			 </trkpt>
			 <trkpt lat="-33.824898" lon="151.053412">
				 <ele>5.4</ele>
			 </trkpt>
			 <trkpt lat="-33.824894" lon="151.053356">
				 <ele>5.5</ele>
			 </trkpt>
			 <trkpt lat="-33.824889" lon="151.053299">
				 <ele>5.5</ele>
			 </trkpt>
			 <trkpt lat="-33.824887" lon="151.053245">
				 <ele>5.6</ele>
			 </trkpt>
			 <trkpt lat="-33.824885" lon="151.05319">
				 <ele>5.7</ele>
			 </trkpt>
			 <trkpt lat="-33.824883" lon="151.053136">
				 <ele>5.8</ele>
			 </trkpt>
			 <trkpt lat="-33.824881" lon="151.053082">
				 <ele>5.9</ele>
			 </trkpt>
			 <trkpt lat="-33.824879" lon="151.053027">
				 <ele>6.1</ele>
			 </trkpt>
			 <trkpt lat="-33.824877" lon="151.052973">
				 <ele>6.2</ele>
			 </trkpt>
			 <trkpt lat="-33.824875" lon="151.052919">
				 <ele>6.3</ele>
			 </trkpt>
			 <trkpt lat="-33.824873" lon="151.052864">
				 <ele>6.4</ele>
			 </trkpt>
			 <trkpt lat="-33.824871" lon="151.05281">
				 <ele>6.5</ele>
			 </trkpt>
			 <trkpt lat="-33.824869" lon="151.052756">
				 <ele>6.5</ele>
			 </trkpt>
			 <trkpt lat="-33.824867" lon="151.052702">
				 <ele>6.6</ele>
			 </trkpt>
			 <trkpt lat="-33.824865" lon="151.052647">
				 <ele>6.7</ele>
			 </trkpt>
			 <trkpt lat="-33.824858" lon="151.052598">
				 <ele>6.9</ele>
			 </trkpt>
			 <trkpt lat="-33.824851" lon="151.052549">
				 <ele>7.1</ele>
			 </trkpt>
			 <trkpt lat="-33.824844" lon="151.052501">
				 <ele>7.3</ele>
			 </trkpt>
			 <trkpt lat="-33.824837" lon="151.052452">
				 <ele>7.5</ele>
			 </trkpt>
			 <trkpt lat="-33.82483" lon="151.052403">
				 <ele>7.6</ele>
			 </trkpt>
			 <trkpt lat="-33.824823" lon="151.052354">
				 <ele>7.9</ele>
			 </trkpt>
			 <trkpt lat="-33.824816" lon="151.052305">
				 <ele>8.2</ele>
			 </trkpt>
			 <trkpt lat="-33.824809" lon="151.052256">
				 <ele>8.5</ele>
			 </trkpt>
			 <trkpt lat="-33.824804" lon="151.052192">
				 <ele>9</ele>
			 </trkpt>
			 <trkpt lat="-33.824798" lon="151.052129">
				 <ele>9.5</ele>
			 </trkpt>
			 <trkpt lat="-33.824793" lon="151.052065">
				 <ele>10</ele>
			 </trkpt>
			 <trkpt lat="-33.824787" lon="151.052001">
				 <ele>10.5</ele>
			 </trkpt>
			 <trkpt lat="-33.824781" lon="151.051938">
				 <ele>10.9</ele>
			 </trkpt>
			 <trkpt lat="-33.824775" lon="151.051874">
				 <ele>11.4</ele>
			 </trkpt>
			 <trkpt lat="-33.82477" lon="151.05181">
				 <ele>11.6</ele>
			 </trkpt>
			 <trkpt lat="-33.824764" lon="151.051746">
				 <ele>11.9</ele>
			 </trkpt>
			 <trkpt lat="-33.82476" lon="151.051706">
				 <ele>12.1</ele>
			 </trkpt>
			 <trkpt lat="-33.824756" lon="151.051665">
				 <ele>12.3</ele>
			 </trkpt>
			 <trkpt lat="-33.824752" lon="151.051625">
				 <ele>12.4</ele>
			 </trkpt>
			 <trkpt lat="-33.824747" lon="151.051584">
				 <ele>12.3</ele>
			 </trkpt>
			 <trkpt lat="-33.824741" lon="151.051514">
				 <ele>12.2</ele>
			 </trkpt>
			 <trkpt lat="-33.824739" lon="151.051474">
				 <ele>12</ele>
			 </trkpt>
			 <trkpt lat="-33.824736" lon="151.051433">
				 <ele>11.7</ele>
			 </trkpt>
			 <trkpt lat="-33.824733" lon="151.051391">
				 <ele>11.5</ele>
			 </trkpt>
			 <trkpt lat="-33.824728" lon="151.051314">
				 <ele>11.1</ele>
			 </trkpt>
			 <trkpt lat="-33.824725" lon="151.051267">
				 <ele>10.8</ele>
			 </trkpt>
			 <trkpt lat="-33.824722" lon="151.05122">
				 <ele>10.5</ele>
			 </trkpt>
			 <trkpt lat="-33.824719" lon="151.051172">
				 <ele>10.1</ele>
			 </trkpt>
			 <trkpt lat="-33.824716" lon="151.051125">
				 <ele>9.6</ele>
			 </trkpt>
			 <trkpt lat="-33.824713" lon="151.051078">
				 <ele>9.2</ele>
			 </trkpt>
			 <trkpt lat="-33.824717" lon="151.051023">
				 <ele>8.7</ele>
			 </trkpt>
			 <trkpt lat="-33.824721" lon="151.050969">
				 <ele>8.3</ele>
			 </trkpt>
			 <trkpt lat="-33.824738" lon="151.050926">
				 <ele>7.7</ele>
			 </trkpt>
			 <trkpt lat="-33.824755" lon="151.050882">
				 <ele>7.3</ele>
			 </trkpt>
			 <trkpt lat="-33.824772" lon="151.050839">
				 <ele>6.8</ele>
			 </trkpt>
			 <trkpt lat="-33.824789" lon="151.050795">
				 <ele>6.4</ele>
			 </trkpt>
			 <trkpt lat="-33.824787" lon="151.050741">
				 <ele>5.9</ele>
			 </trkpt>
			 <trkpt lat="-33.824785" lon="151.050687">
				 <ele>5.5</ele>
			 </trkpt>
			 <trkpt lat="-33.824783" lon="151.050633">
				 <ele>5.2</ele>
			 </trkpt>
			 <trkpt lat="-33.824781" lon="151.050579">
				 <ele>4.9</ele>
			 </trkpt>
			 <trkpt lat="-33.82478" lon="151.050525">
				 <ele>4.6</ele>
			 </trkpt>
			 <trkpt lat="-33.824778" lon="151.050472">
				 <ele>4.5</ele>
			 </trkpt>
			 <trkpt lat="-33.824776" lon="151.050418">
				 <ele>4.3</ele>
			 </trkpt>
			 <trkpt lat="-33.824774" lon="151.050364">
				 <ele>4.2</ele>
			 </trkpt>
			 <trkpt lat="-33.824772" lon="151.05031">
				 <ele>4.1</ele>
			 </trkpt>
			 <trkpt lat="-33.82477" lon="151.050256">
				 <ele>4.1</ele>
			 </trkpt>
			 <trkpt lat="-33.8248" lon="151.050225">
				 <ele>4.2</ele>
			 </trkpt>
			 <trkpt lat="-33.82483" lon="151.050194">
				 <ele>4.3</ele>
			 </trkpt>
			 <trkpt lat="-33.824851" lon="151.050151">
				 <ele>4.4</ele>
			 </trkpt>
			 <trkpt lat="-33.824873" lon="151.050107">
				 <ele>4.5</ele>
			 </trkpt>
			 <trkpt lat="-33.824894" lon="151.050063">
				 <ele>4.5</ele>
			 </trkpt>
			 <trkpt lat="-33.824916" lon="151.050019">
				 <ele>4.6</ele>
			 </trkpt>
			 <trkpt lat="-33.824952" lon="151.049971">
				 <ele>4.7</ele>
			 </trkpt>
			 <trkpt lat="-33.824999" lon="151.049941">
				 <ele>4.8</ele>
			 </trkpt>
			 <trkpt lat="-33.825046" lon="151.049912">
				 <ele>4.9</ele>
			 </trkpt>
			 <trkpt lat="-33.825092" lon="151.049883">
				 <ele>5</ele>
			 </trkpt>
			 <trkpt lat="-33.825139" lon="151.049853">
				 <ele>5</ele>
			 </trkpt>
			 <trkpt lat="-33.825179" lon="151.049828">
				 <ele>5</ele>
			 </trkpt>
			 <trkpt lat="-33.825219" lon="151.049803">
				 <ele>5</ele>
			 </trkpt>
			 <trkpt lat="-33.825258" lon="151.049778">
				 <ele>5</ele>
			 </trkpt>
			 <trkpt lat="-33.825298" lon="151.049752">
				 <ele>5</ele>
			 </trkpt>
			 <trkpt lat="-33.825338" lon="151.049727">
				 <ele>5</ele>
			 </trkpt>
			 <trkpt lat="-33.825378" lon="151.049702">
				 <ele>5</ele>
			 </trkpt>
			 <trkpt lat="-33.825416" lon="151.049667">
				 <ele>5</ele>
			 </trkpt>
			 <trkpt lat="-33.825454" lon="151.049631">
				 <ele>5.1</ele>
			 </trkpt>
			 <trkpt lat="-33.825491" lon="151.049596">
				 <ele>5.2</ele>
			 </trkpt>
			 <trkpt lat="-33.825529" lon="151.049561">
				 <ele>5.3</ele>
			 </trkpt>
			 <trkpt lat="-33.825567" lon="151.049526">
				 <ele>5.5</ele>
			 </trkpt>
			 <trkpt lat="-33.825605" lon="151.04949">
				 <ele>5.6</ele>
			 </trkpt>
			 <trkpt lat="-33.82562" lon="151.049552">
				 <ele>5.8</ele>
			 </trkpt>
			 <trkpt lat="-33.825635" lon="151.049614">
				 <ele>6.1</ele>
			 </trkpt>
			 <trkpt lat="-33.825649" lon="151.049675">
				 <ele>6.4</ele>
			 </trkpt>
			 <trkpt lat="-33.825664" lon="151.049737">
				 <ele>6.6</ele>
			 </trkpt>
			 <trkpt lat="-33.825679" lon="151.049799">
				 <ele>6.9</ele>
			 </trkpt>
			 <trkpt lat="-33.825694" lon="151.049861">
				 <ele>7.2</ele>
			 </trkpt>
			 <trkpt lat="-33.825709" lon="151.049923">
				 <ele>7.4</ele>
			 </trkpt>
			 <trkpt lat="-33.825723" lon="151.049985">
				 <ele>7.5</ele>
			 </trkpt>
			 <trkpt lat="-33.825738" lon="151.050047">
				 <ele>7.7</ele>
			 </trkpt>
			 <trkpt lat="-33.825753" lon="151.050109">
				 <ele>7.8</ele>
			 </trkpt>
			 <trkpt lat="-33.825767" lon="151.05017">
				 <ele>7.9</ele>
			 </trkpt>
			 <trkpt lat="-33.825782" lon="151.050232">
				 <ele>8</ele>
			 </trkpt>
			 <trkpt lat="-33.825797" lon="151.050294">
				 <ele>8</ele>
			 </trkpt>
			 <trkpt lat="-33.825812" lon="151.050356">
				 <ele>8</ele>
			 </trkpt>
			 <trkpt lat="-33.825825" lon="151.05041">
				 <ele>7.9</ele>
			 </trkpt>
			 <trkpt lat="-33.825838" lon="151.050463">
				 <ele>7.8</ele>
			 </trkpt>
			 <trkpt lat="-33.825851" lon="151.050517">
				 <ele>7.7</ele>
			 </trkpt>
			 <trkpt lat="-33.825864" lon="151.050571">
				 <ele>7.6</ele>
			 </trkpt>
			 <trkpt lat="-33.825878" lon="151.050619">
				 <ele>7.5</ele>
			 </trkpt>
			 <trkpt lat="-33.825892" lon="151.050667">
				 <ele>7.5</ele>
			 </trkpt>
			 <trkpt lat="-33.825912" lon="151.05072">
				 <ele>7.4</ele>
			 </trkpt>
			 <trkpt lat="-33.825931" lon="151.050772">
				 <ele>7.3</ele>
			 </trkpt>
			 <trkpt lat="-33.82595" lon="151.050824">
				 <ele>7.2</ele>
			 </trkpt>
			 <trkpt lat="-33.82597" lon="151.050876">
				 <ele>7.1</ele>
			 </trkpt>
			 <trkpt lat="-33.825988" lon="151.050911">
				 <ele>7</ele>
			 </trkpt>
			 <trkpt lat="-33.826007" lon="151.050947">
				 <ele>7</ele>
			 </trkpt>
			 <trkpt lat="-33.825963" lon="151.050954">
				 <ele>7</ele>
			 </trkpt>
			 <trkpt lat="-33.825918" lon="151.050961">
				 <ele>6.9</ele>
			 </trkpt>
			 <trkpt lat="-33.825874" lon="151.050968">
				 <ele>6.8</ele>
			 </trkpt>
			 <trkpt lat="-33.825829" lon="151.050975">
				 <ele>6.8</ele>
			 </trkpt>
			 <trkpt lat="-33.825784" lon="151.050983">
				 <ele>6.9</ele>
			 </trkpt>
			 <trkpt lat="-33.825739" lon="151.05099">
				 <ele>7</ele>
			 </trkpt>
			 <trkpt lat="-33.825694" lon="151.050997">
				 <ele>7.2</ele>
			 </trkpt>
			 <trkpt lat="-33.82565" lon="151.051004">
				 <ele>7.4</ele>
			 </trkpt>
			 <trkpt lat="-33.8256" lon="151.05101">
				 <ele>7.6</ele>
			 </trkpt>
			 <trkpt lat="-33.825549" lon="151.051016">
				 <ele>7.9</ele>
			 </trkpt>
			 <trkpt lat="-33.825498" lon="151.051022">
				 <ele>8.2</ele>
			 </trkpt>
			 <trkpt lat="-33.825447" lon="151.051029">
				 <ele>8.5</ele>
			 </trkpt>
			 <trkpt lat="-33.825396" lon="151.051035">
				 <ele>9</ele>
			 </trkpt>
			 <trkpt lat="-33.825346" lon="151.051041">
				 <ele>9.5</ele>
			 </trkpt>
			 <trkpt lat="-33.825296" lon="151.051047">
				 <ele>9.8</ele>
			 </trkpt>
			 <trkpt lat="-33.825245" lon="151.051053">
				 <ele>10.1</ele>
			 </trkpt>
			 <trkpt lat="-33.825194" lon="151.05106">
				 <ele>10.4</ele>
			 </trkpt>
			 <trkpt lat="-33.825143" lon="151.051066">
				 <ele>10.5</ele>
			 </trkpt>
			 <trkpt lat="-33.825092" lon="151.051072">
				 <ele>10.7</ele>
			 </trkpt>
			 <trkpt lat="-33.825042" lon="151.051078">
				 <ele>10.7</ele>
			 </trkpt>
			 <trkpt lat="-33.82499" lon="151.051085">
				 <ele>10.7</ele>
			 </trkpt>
			 <trkpt lat="-33.824937" lon="151.051092">
				 <ele>10.6</ele>
			 </trkpt>
			 <trkpt lat="-33.824884" lon="151.051099">
				 <ele>10.5</ele>
			 </trkpt>
			 <trkpt lat="-33.824831" lon="151.051106">
				 <ele>10.2</ele>
			 </trkpt>
			 <trkpt lat="-33.824779" lon="151.051113">
				 <ele>9.9</ele>
			 </trkpt>
			 <trkpt lat="-33.824726" lon="151.05112">
				 <ele>9.5</ele>
			 </trkpt>
			 <trkpt lat="-33.824673" lon="151.051127">
				 <ele>9.2</ele>
			 </trkpt>
			 <trkpt lat="-33.82462" lon="151.051134">
				 <ele>8.7</ele>
			 </trkpt>
			 <trkpt lat="-33.824568" lon="151.051141">
				 <ele>8.3</ele>
			 </trkpt>
			 <trkpt lat="-33.824515" lon="151.051148">
				 <ele>7.8</ele>
			 </trkpt>
			 <trkpt lat="-33.824462" lon="151.051155">
				 <ele>7.4</ele>
			 </trkpt>
			 <trkpt lat="-33.82441" lon="151.051162">
				 <ele>6.9</ele>
			 </trkpt>
			 <trkpt lat="-33.824357" lon="151.051169">
				 <ele>6.5</ele>
			 </trkpt>
			 <trkpt lat="-33.824304" lon="151.051176">
				 <ele>6.1</ele>
			 </trkpt>
			 <trkpt lat="-33.824252" lon="151.051183">
				 <ele>5.7</ele>
			 </trkpt>
			 <trkpt lat="-33.824199" lon="151.05119">
				 <ele>5.4</ele>
			 </trkpt>
			 <trkpt lat="-33.824146" lon="151.051198">
				 <ele>5</ele>
			 </trkpt>
			 <trkpt lat="-33.824093" lon="151.051205">
				 <ele>4.6</ele>
			 </trkpt>
			 <trkpt lat="-33.82404" lon="151.051212">
				 <ele>4.4</ele>
			 </trkpt>
			 <trkpt lat="-33.823988" lon="151.051219">
				 <ele>4</ele>
			 </trkpt>
			 <trkpt lat="-33.823935" lon="151.051226">
				 <ele>3.6</ele>
			 </trkpt>
			 <trkpt lat="-33.823882" lon="151.051233">
				 <ele>3.4</ele>
			 </trkpt>
			 <trkpt lat="-33.82383" lon="151.05124">
				 <ele>3.1</ele>
			 </trkpt>
			 <trkpt lat="-33.823777" lon="151.051247">
				 <ele>2.8</ele>
			 </trkpt>
			 <trkpt lat="-33.823724" lon="151.051254">
				 <ele>2.6</ele>
			 </trkpt>
			 <trkpt lat="-33.823672" lon="151.051261">
				 <ele>2.5</ele>
			 </trkpt>
			 <trkpt lat="-33.823619" lon="151.051268">
				 <ele>2.4</ele>
			 </trkpt>
			 <trkpt lat="-33.823566" lon="151.051275">
				 <ele>2.4</ele>
			 </trkpt>
			 <trkpt lat="-33.823514" lon="151.051282">
				 <ele>2.5</ele>
			 </trkpt>
			 <trkpt lat="-33.823461" lon="151.051289">
				 <ele>2.5</ele>
			 </trkpt>
			 <trkpt lat="-33.823408" lon="151.051296">
				 <ele>2.8</ele>
			 </trkpt>
			 <trkpt lat="-33.823355" lon="151.051303">
				 <ele>3.1</ele>
			 </trkpt>
			 <trkpt lat="-33.823302" lon="151.05131">
				 <ele>3.5</ele>
			 </trkpt>
			 <trkpt lat="-33.82325" lon="151.051317">
				 <ele>3.8</ele>
			 </trkpt>
			 <trkpt lat="-33.823196" lon="151.051322">
				 <ele>4.3</ele>
			 </trkpt>
			 <trkpt lat="-33.823142" lon="151.051326">
				 <ele>4.7</ele>
			 </trkpt>
			 <trkpt lat="-33.823088" lon="151.051331">
				 <ele>5.2</ele>
			 </trkpt>
			 <trkpt lat="-33.823035" lon="151.051335">
				 <ele>5.5</ele>
			 </trkpt>
			 <trkpt lat="-33.822981" lon="151.05134">
				 <ele>5.9</ele>
			 </trkpt>
			 <trkpt lat="-33.822927" lon="151.051345">
				 <ele>6.2</ele>
			 </trkpt>
			 <trkpt lat="-33.822874" lon="151.05135">
				 <ele>6.5</ele>
			 </trkpt>
			 <trkpt lat="-33.82282" lon="151.051354">
				 <ele>6.6</ele>
			 </trkpt>
			 <trkpt lat="-33.822766" lon="151.051358">
				 <ele>6.8</ele>
			 </trkpt>
			 <trkpt lat="-33.822712" lon="151.051363">
				 <ele>6.9</ele>
			 </trkpt>
			 <trkpt lat="-33.822671" lon="151.051363">
				 <ele>7</ele>
			 </trkpt>
			 <trkpt lat="-33.82263" lon="151.051363">
				 <ele>7</ele>
			 </trkpt>
			 <trkpt lat="-33.822589" lon="151.051363">
				 <ele>7</ele>
			 </trkpt>
			 <trkpt lat="-33.822549" lon="151.051362">
				 <ele>7</ele>
			 </trkpt>
			 <trkpt lat="-33.822508" lon="151.051362">
				 <ele>7</ele>
			 </trkpt>
			 <trkpt lat="-33.822467" lon="151.051362">
				 <ele>7</ele>
			 </trkpt>
			 <trkpt lat="-33.822421" lon="151.051362">
				 <ele>7</ele>
			 </trkpt>
			 <trkpt lat="-33.822374" lon="151.051362">
				 <ele>7</ele>
			 </trkpt>
			 <trkpt lat="-33.822328" lon="151.051363">
				 <ele>7</ele>
			 </trkpt>
			 <trkpt lat="-33.822281" lon="151.051363">
				 <ele>7</ele>
			 </trkpt>
			 <trkpt lat="-33.822234" lon="151.051363">
				 <ele>7</ele>
			 </trkpt>
			 <trkpt lat="-33.822188" lon="151.051363">
				 <ele>7</ele>
			 </trkpt>
			 <trkpt lat="-33.822158" lon="151.051345">
				 <ele>7</ele>
			 </trkpt>
			 <trkpt lat="-33.822114" lon="151.051333">
				 <ele>7</ele>
			 </trkpt>
			 <trkpt lat="-33.822071" lon="151.051321">
				 <ele>7</ele>
			 </trkpt>
			 <trkpt lat="-33.822028" lon="151.051309">
				 <ele>7</ele>
			 </trkpt>
			 <trkpt lat="-33.821984" lon="151.051297">
				 <ele>7</ele>
			 </trkpt>
			 <trkpt lat="-33.82194" lon="151.051285">
				 <ele>7</ele>
			 </trkpt>
			 <trkpt lat="-33.821897" lon="151.051273">
				 <ele>7</ele>
			 </trkpt>
			 <trkpt lat="-33.821956" lon="151.051261">
				 <ele>7</ele>
			 </trkpt>
			 <trkpt lat="-33.822016" lon="151.051249">
				 <ele>6.9</ele>
			 </trkpt>
			 <trkpt lat="-33.82206" lon="151.051241">
				 <ele>6.8</ele>
			 </trkpt>
			 <trkpt lat="-33.822104" lon="151.051232">
				 <ele>6.7</ele>
			 </trkpt>
			 <trkpt lat="-33.822148" lon="151.051223">
				 <ele>6.6</ele>
			 </trkpt>
			 <trkpt lat="-33.822193" lon="151.051214">
				 <ele>6.5</ele>
			 </trkpt>
			 <trkpt lat="-33.822237" lon="151.051205">
				 <ele>6.5</ele>
			 </trkpt>
			 <trkpt lat="-33.822281" lon="151.051197">
				 <ele>6.5</ele>
			 </trkpt>
			 <trkpt lat="-33.822325" lon="151.051188">
				 <ele>6.5</ele>
			 </trkpt>
			 <trkpt lat="-33.82237" lon="151.051179">
				 <ele>6.6</ele>
			 </trkpt>
			 <trkpt lat="-33.822414" lon="151.051171">
				 <ele>6.7</ele>
			 </trkpt>
			 <trkpt lat="-33.822458" lon="151.051162">
				 <ele>6.8</ele>
			 </trkpt>
			 <trkpt lat="-33.822507" lon="151.051151">
				 <ele>7</ele>
			 </trkpt>
			 <trkpt lat="-33.822556" lon="151.05114">
				 <ele>7.2</ele>
			 </trkpt>
			 <trkpt lat="-33.822604" lon="151.051129">
				 <ele>7.4</ele>
			 </trkpt>
			 <trkpt lat="-33.822653" lon="151.051117">
				 <ele>7.5</ele>
			 </trkpt>
			 <trkpt lat="-33.822697" lon="151.051105">
				 <ele>7.6</ele>
			 </trkpt>
			 <trkpt lat="-33.822741" lon="151.051093">
				 <ele>7.6</ele>
			 </trkpt>
			 <trkpt lat="-33.822785" lon="151.051081">
				 <ele>7.5</ele>
			 </trkpt>
			 <trkpt lat="-33.822829" lon="151.051069">
				 <ele>7.5</ele>
			 </trkpt>
			 <trkpt lat="-33.822873" lon="151.051057">
				 <ele>7.2</ele>
			 </trkpt>
			 <trkpt lat="-33.822917" lon="151.051045">
				 <ele>6.9</ele>
			 </trkpt>
			 <trkpt lat="-33.822969" lon="151.051017">
				 <ele>6.6</ele>
			 </trkpt>
			 <trkpt lat="-33.82302" lon="151.050989">
				 <ele>6.4</ele>
			 </trkpt>
			 <trkpt lat="-33.823048" lon="151.050975">
				 <ele>6</ele>
			 </trkpt>
			 <trkpt lat="-33.823083" lon="151.050952">
				 <ele>5.6</ele>
			 </trkpt>
			 <trkpt lat="-33.823118" lon="151.050928">
				 <ele>5.3</ele>
			 </trkpt>
			 <trkpt lat="-33.823143" lon="151.050878">
				 <ele>5</ele>
			 </trkpt>
			 <trkpt lat="-33.823168" lon="151.050827">
				 <ele>4.6</ele>
			 </trkpt>
			 <trkpt lat="-33.823202" lon="151.050862">
				 <ele>4.4</ele>
			 </trkpt>
			 <trkpt lat="-33.823229" lon="151.05089">
				 <ele>4.1</ele>
			 </trkpt>
			 <trkpt lat="-33.823256" lon="151.050919">
				 <ele>3.9</ele>
			 </trkpt>
			 <trkpt lat="-33.823283" lon="151.050947">
				 <ele>3.6</ele>
			 </trkpt>
			 <trkpt lat="-33.823306" lon="151.050977">
				 <ele>3.4</ele>
			 </trkpt>
			 <trkpt lat="-33.823329" lon="151.051008">
				 <ele>3.1</ele>
			 </trkpt>
			 <trkpt lat="-33.823352" lon="151.051038">
				 <ele>2.9</ele>
			 </trkpt>
			 <trkpt lat="-33.823374" lon="151.051068">
				 <ele>2.7</ele>
			 </trkpt>
			 <trkpt lat="-33.823406" lon="151.051123">
				 <ele>2.5</ele>
			 </trkpt>
			 <trkpt lat="-33.823437" lon="151.051179">
				 <ele>2.4</ele>
			 </trkpt>
			 <trkpt lat="-33.823451" lon="151.051221">
				 <ele>2.3</ele>
			 </trkpt>
			 <trkpt lat="-33.823465" lon="151.051262">
				 <ele>2.3</ele>
			 </trkpt>
			 <trkpt lat="-33.82347" lon="151.051308">
				 <ele>2.3</ele>
			 </trkpt>
			 <trkpt lat="-33.823475" lon="151.051354">
				 <ele>2.3</ele>
			 </trkpt>
			 <trkpt lat="-33.82348" lon="151.0514">
				 <ele>2.5</ele>
			 </trkpt>
			 <trkpt lat="-33.823485" lon="151.051446">
				 <ele>2.6</ele>
			 </trkpt>
			 <trkpt lat="-33.82349" lon="151.051492">
				 <ele>2.9</ele>
			 </trkpt>
			 <trkpt lat="-33.823495" lon="151.051538">
				 <ele>3.2</ele>
			 </trkpt>
			 <trkpt lat="-33.823496" lon="151.051586">
				 <ele>3.5</ele>
			 </trkpt>
			 <trkpt lat="-33.823496" lon="151.051634">
				 <ele>3.9</ele>
			 </trkpt>
			 <trkpt lat="-33.823497" lon="151.051689">
				 <ele>4.4</ele>
			 </trkpt>
			 <trkpt lat="-33.823498" lon="151.051743">
				 <ele>4.8</ele>
			 </trkpt>
			 <trkpt lat="-33.823499" lon="151.051798">
				 <ele>5.3</ele>
			 </trkpt>
			 <trkpt lat="-33.8235" lon="151.051853">
				 <ele>5.7</ele>
			 </trkpt>
			 <trkpt lat="-33.823493" lon="151.051911">
				 <ele>6.2</ele>
			 </trkpt>
			 <trkpt lat="-33.823486" lon="151.051969">
				 <ele>6.6</ele>
			 </trkpt>
			 <trkpt lat="-33.823479" lon="151.052028">
				 <ele>7.1</ele>
			 </trkpt>
			 <trkpt lat="-33.823471" lon="151.052086">
				 <ele>7.5</ele>
			 </trkpt>
			 <trkpt lat="-33.823462" lon="151.052139">
				 <ele>8</ele>
			 </trkpt>
			 <trkpt lat="-33.823452" lon="151.052191">
				 <ele>8.5</ele>
			 </trkpt>
			 <trkpt lat="-33.823448" lon="151.052247">
				 <ele>8.9</ele>
			 </trkpt>
			 <trkpt lat="-33.823444" lon="151.052302">
				 <ele>9.4</ele>
			 </trkpt>
			 <trkpt lat="-33.823439" lon="151.052365">
				 <ele>9.8</ele>
			 </trkpt>
			 <trkpt lat="-33.823433" lon="151.052428">
				 <ele>10.3</ele>
			 </trkpt>
			 <trkpt lat="-33.82344" lon="151.052471">
				 <ele>10.7</ele>
			 </trkpt>
			 <trkpt lat="-33.823447" lon="151.052514">
				 <ele>11.3</ele>
			 </trkpt>
			 <trkpt lat="-33.823454" lon="151.052557">
				 <ele>11.7</ele>
			 </trkpt>
			 <trkpt lat="-33.823461" lon="151.0526">
				 <ele>12.2</ele>
			 </trkpt>
			 <trkpt lat="-33.823471" lon="151.052637">
				 <ele>12.6</ele>
			 </trkpt>
			 <trkpt lat="-33.823482" lon="151.052674">
				 <ele>13.1</ele>
			 </trkpt>
			 <trkpt lat="-33.823493" lon="151.05271">
				 <ele>13.5</ele>
			 </trkpt>
			 <trkpt lat="-33.823503" lon="151.052747">
				 <ele>13.8</ele>
			 </trkpt>
			 <trkpt lat="-33.823498" lon="151.05282">
				 <ele>14.1</ele>
			 </trkpt>
			 <trkpt lat="-33.823493" lon="151.052892">
				 <ele>14.3</ele>
			 </trkpt>
			 <trkpt lat="-33.823495" lon="151.052947">
				 <ele>14.4</ele>
			 </trkpt>
			 <trkpt lat="-33.823497" lon="151.053001">
				 <ele>14.4</ele>
			 </trkpt>
			 <trkpt lat="-33.823499" lon="151.053056">
				 <ele>14.3</ele>
			 </trkpt>
			 <trkpt lat="-33.823501" lon="151.05311">
				 <ele>14.1</ele>
			 </trkpt>
			 <trkpt lat="-33.823503" lon="151.053165">
				 <ele>13.9</ele>
			 </trkpt>
			 <trkpt lat="-33.823505" lon="151.05322">
				 <ele>13.5</ele>
			 </trkpt>
			 <trkpt lat="-33.823507" lon="151.053274">
				 <ele>13.1</ele>
			 </trkpt>
			 <trkpt lat="-33.823509" lon="151.053329">
				 <ele>12.6</ele>
			 </trkpt>
			 <trkpt lat="-33.823511" lon="151.053384">
				 <ele>12.2</ele>
			 </trkpt>
			 <trkpt lat="-33.823513" lon="151.053438">
				 <ele>11.6</ele>
			 </trkpt>
			 <trkpt lat="-33.823515" lon="151.053484">
				 <ele>11.2</ele>
			 </trkpt>
			 <trkpt lat="-33.823516" lon="151.053529">
				 <ele>10.7</ele>
			 </trkpt>
			 <trkpt lat="-33.823517" lon="151.053574">
				 <ele>10.3</ele>
			 </trkpt>
			 <trkpt lat="-33.823519" lon="151.053619">
				 <ele>9.8</ele>
			 </trkpt>
			 <trkpt lat="-33.82352" lon="151.053673">
				 <ele>9.5</ele>
			 </trkpt>
			 <trkpt lat="-33.823521" lon="151.053727">
				 <ele>9</ele>
			 </trkpt>
			 <trkpt lat="-33.823521" lon="151.053782">
				 <ele>8.6</ele>
			 </trkpt>
			 <trkpt lat="-33.823522" lon="151.053836">
				 <ele>8.4</ele>
			 </trkpt>
			 <trkpt lat="-33.823523" lon="151.05389">
				 <ele>8</ele>
			 </trkpt>
			 <trkpt lat="-33.823524" lon="151.053944">
				 <ele>7.6</ele>
			 </trkpt>
			 <trkpt lat="-33.823517" lon="151.053994">
				 <ele>7.3</ele>
			 </trkpt>
			 <trkpt lat="-33.82351" lon="151.054045">
				 <ele>6.9</ele>
			 </trkpt>
			 <trkpt lat="-33.823503" lon="151.054096">
				 <ele>6.5</ele>
			 </trkpt>
			 <trkpt lat="-33.823495" lon="151.054147">
				 <ele>6.1</ele>
			 </trkpt>
			 <trkpt lat="-33.823488" lon="151.054197">
				 <ele>5.6</ele>
			 </trkpt>
			 <trkpt lat="-33.823481" lon="151.054248">
				 <ele>5.2</ele>
			 </trkpt>
			 <trkpt lat="-33.823479" lon="151.054306">
				 <ele>4.7</ele>
			 </trkpt>
			 <trkpt lat="-33.823477" lon="151.054364">
				 <ele>4.3</ele>
			 </trkpt>
			 <trkpt lat="-33.823476" lon="151.054421">
				 <ele>3.7</ele>
			 </trkpt>
			 <trkpt lat="-33.823474" lon="151.054479">
				 <ele>3.3</ele>
			 </trkpt>
			 <trkpt lat="-33.823472" lon="151.054537">
				 <ele>2.8</ele>
			 </trkpt>
			 <trkpt lat="-33.82347" lon="151.054595">
				 <ele>2.5</ele>
			 </trkpt>
			 <trkpt lat="-33.823469" lon="151.054653">
				 <ele>2.1</ele>
			 </trkpt>
			 <trkpt lat="-33.823467" lon="151.054711">
				 <ele>1.7</ele>
			 </trkpt>
			 <trkpt lat="-33.823465" lon="151.054769">
				 <ele>1.4</ele>
			 </trkpt>
			 <trkpt lat="-33.823464" lon="151.054827">
				 <ele>1.1</ele>
			 </trkpt>
			 <trkpt lat="-33.823462" lon="151.054885">
				 <ele>0.8</ele>
			 </trkpt>
			 <trkpt lat="-33.82346" lon="151.054943">
				 <ele>0.6</ele>
			 </trkpt>
			 <trkpt lat="-33.823458" lon="151.055001">
				 <ele>0.5</ele>
			 </trkpt>
			 <trkpt lat="-33.823456" lon="151.055058">
				 <ele>0.4</ele>
			 </trkpt>
			 <trkpt lat="-33.823454" lon="151.055116">
				 <ele>0.4</ele>
			 </trkpt>
			 <trkpt lat="-33.823453" lon="151.055174">
				 <ele>0.4</ele>
			 </trkpt>
			 <trkpt lat="-33.823449" lon="151.055232">
				 <ele>0.4</ele>
			 </trkpt>
			 <trkpt lat="-33.823446" lon="151.055291">
				 <ele>0.4</ele>
			 </trkpt>
			 <trkpt lat="-33.823442" lon="151.05535">
				 <ele>0.5</ele>
			 </trkpt>
			 <trkpt lat="-33.823439" lon="151.055409">
				 <ele>0.5</ele>
			 </trkpt>
			 <trkpt lat="-33.823436" lon="151.055468">
				 <ele>0.6</ele>
			 </trkpt>
			 <trkpt lat="-33.823432" lon="151.055527">
				 <ele>0.7</ele>
			 </trkpt>
			 <trkpt lat="-33.823428" lon="151.055586">
				 <ele>0.8</ele>
			 </trkpt>
			 <trkpt lat="-33.823424" lon="151.055644">
				 <ele>1</ele>
			 </trkpt>
			 <trkpt lat="-33.82342" lon="151.055703">
				 <ele>1.1</ele>
			 </trkpt>
			 <trkpt lat="-33.823417" lon="151.055761">
				 <ele>1.1</ele>
			 </trkpt>
			 <trkpt lat="-33.823414" lon="151.05582">
				 <ele>1.1</ele>
			 </trkpt>
			 <trkpt lat="-33.82341" lon="151.055879">
				 <ele>1.1</ele>
			 </trkpt>
			 <trkpt lat="-33.823416" lon="151.055944">
				 <ele>1.1</ele>
			 </trkpt>
			 <trkpt lat="-33.823431" lon="151.056016">
				 <ele>1.1</ele>
			 </trkpt>
			 <trkpt lat="-33.823435" lon="151.056057">
				 <ele>1.1</ele>
			 </trkpt>
			 <trkpt lat="-33.823439" lon="151.056098">
				 <ele>1.1</ele>
			 </trkpt>
			 <trkpt lat="-33.823443" lon="151.056139">
				 <ele>1.1</ele>
			 </trkpt>
			 <trkpt lat="-33.823448" lon="151.05618">
				 <ele>1.1</ele>
			 </trkpt>
			 <trkpt lat="-33.823447" lon="151.056238">
				 <ele>1</ele>
			 </trkpt>
			 <trkpt lat="-33.823445" lon="151.056296">
				 <ele>1</ele>
			 </trkpt>
			 <trkpt lat="-33.823435" lon="151.056346">
				 <ele>1</ele>
			 </trkpt>
			 <trkpt lat="-33.823425" lon="151.056396">
				 <ele>1</ele>
			 </trkpt>
			 <trkpt lat="-33.823414" lon="151.056446">
				 <ele>1.1</ele>
			 </trkpt>
			 <trkpt lat="-33.823404" lon="151.056496">
				 <ele>1.2</ele>
			 </trkpt>
			 <trkpt lat="-33.823389" lon="151.056551">
				 <ele>1.3</ele>
			 </trkpt>
			 <trkpt lat="-33.823375" lon="151.056606">
				 <ele>1.4</ele>
			 </trkpt>
			 <trkpt lat="-33.82336" lon="151.05666">
				 <ele>1.5</ele>
			 </trkpt>
			 <trkpt lat="-33.823345" lon="151.056715">
				 <ele>1.5</ele>
			 </trkpt>
			 <trkpt lat="-33.82333" lon="151.05677">
				 <ele>1.7</ele>
			 </trkpt>
			 <trkpt lat="-33.823316" lon="151.056825">
				 <ele>1.9</ele>
			 </trkpt>
			 <trkpt lat="-33.823301" lon="151.05688">
				 <ele>2.1</ele>
			 </trkpt>
			 <trkpt lat="-33.823287" lon="151.056935">
				 <ele>2.3</ele>
			 </trkpt>
			 <trkpt lat="-33.823272" lon="151.056989">
				 <ele>2.5</ele>
			 </trkpt>
			 <trkpt lat="-33.823257" lon="151.057044">
				 <ele>2.6</ele>
			 </trkpt>
			 <trkpt lat="-33.823242" lon="151.057099">
				 <ele>2.8</ele>
			 </trkpt>
			 <trkpt lat="-33.823228" lon="151.057154">
				 <ele>3.1</ele>
			 </trkpt>
			 <trkpt lat="-33.823223" lon="151.057198">
				 <ele>3.4</ele>
			 </trkpt>
			 <trkpt lat="-33.823217" lon="151.057241">
				 <ele>3.7</ele>
			 </trkpt>
			 <trkpt lat="-33.823211" lon="151.057285">
				 <ele>4.1</ele>
			 </trkpt>
			 <trkpt lat="-33.823205" lon="151.057328">
				 <ele>4.4</ele>
			 </trkpt>
			 <trkpt lat="-33.823199" lon="151.057392">
				 <ele>4.6</ele>
			 </trkpt>
			 <trkpt lat="-33.823192" lon="151.057457">
				 <ele>4.9</ele>
			 </trkpt>
			 <trkpt lat="-33.823185" lon="151.057524">
				 <ele>5.2</ele>
			 </trkpt>
			 <trkpt lat="-33.82318" lon="151.057583">
				 <ele>5.4</ele>
			 </trkpt>
			 <trkpt lat="-33.823174" lon="151.057641">
				 <ele>5.5</ele>
			 </trkpt>
			 <trkpt lat="-33.823169" lon="151.0577">
				 <ele>5.5</ele>
			 </trkpt>
			 <trkpt lat="-33.823163" lon="151.057759">
				 <ele>5.5</ele>
			 </trkpt>
			 <trkpt lat="-33.823156" lon="151.057834">
				 <ele>5.4</ele>
			 </trkpt>
			 <trkpt lat="-33.823149" lon="151.057908">
				 <ele>5.2</ele>
			 </trkpt>
			 <trkpt lat="-33.823144" lon="151.057959">
				 <ele>5</ele>
			 </trkpt>
			 <trkpt lat="-33.823138" lon="151.05801">
				 <ele>4.7</ele>
			 </trkpt>
			 <trkpt lat="-33.823133" lon="151.058062">
				 <ele>4.5</ele>
			 </trkpt>
			 <trkpt lat="-33.823127" lon="151.058113">
				 <ele>4.2</ele>
			 </trkpt>
			 <trkpt lat="-33.823121" lon="151.058164">
				 <ele>3.8</ele>
			 </trkpt>
			 <trkpt lat="-33.823116" lon="151.058216">
				 <ele>3.5</ele>
			 </trkpt>
			 <trkpt lat="-33.82311" lon="151.058267">
				 <ele>3.3</ele>
			 </trkpt>
			 <trkpt lat="-33.823105" lon="151.058318">
				 <ele>3</ele>
			 </trkpt>
			 <trkpt lat="-33.823109" lon="151.058365">
				 <ele>2.8</ele>
			 </trkpt>
			 <trkpt lat="-33.823112" lon="151.058411">
				 <ele>2.6</ele>
			 </trkpt>
			 <trkpt lat="-33.823116" lon="151.058458">
				 <ele>2.5</ele>
			 </trkpt>
			 <trkpt lat="-33.82312" lon="151.058505">
				 <ele>2.3</ele>
			 </trkpt>
			 <trkpt lat="-33.823124" lon="151.058551">
				 <ele>2.2</ele>
			 </trkpt>
			 <trkpt lat="-33.823127" lon="151.058598">
				 <ele>2.1</ele>
			 </trkpt>
			 <trkpt lat="-33.823131" lon="151.058659">
				 <ele>2</ele>
			 </trkpt>
			 <trkpt lat="-33.823134" lon="151.058701">
				 <ele>2</ele>
			 </trkpt>
			 <trkpt lat="-33.823138" lon="151.058744">
				 <ele>2.1</ele>
			 </trkpt>
			 <trkpt lat="-33.823141" lon="151.058787">
				 <ele>2.2</ele>
			 </trkpt>
			 <trkpt lat="-33.823145" lon="151.05883">
				 <ele>2.3</ele>
			 </trkpt>
			 <trkpt lat="-33.823133" lon="151.058885">
				 <ele>2.5</ele>
			 </trkpt>
			 <trkpt lat="-33.823121" lon="151.05894">
				 <ele>2.6</ele>
			 </trkpt>
			 <trkpt lat="-33.823109" lon="151.058994">
				 <ele>2.8</ele>
			 </trkpt>
			 <trkpt lat="-33.823097" lon="151.059049">
				 <ele>3.1</ele>
			 </trkpt>
			 <trkpt lat="-33.823085" lon="151.059104">
				 <ele>3.4</ele>
			 </trkpt>
			 <trkpt lat="-33.823073" lon="151.059159">
				 <ele>3.7</ele>
			 </trkpt>
			 <trkpt lat="-33.823061" lon="151.059214">
				 <ele>4.1</ele>
			 </trkpt>
			 <trkpt lat="-33.823049" lon="151.059269">
				 <ele>4.5</ele>
			 </trkpt>
			 <trkpt lat="-33.823037" lon="151.059324">
				 <ele>4.8</ele>
			 </trkpt>
			 <trkpt lat="-33.823025" lon="151.059378">
				 <ele>5.2</ele>
			 </trkpt>
			 <trkpt lat="-33.823013" lon="151.059433">
				 <ele>5.5</ele>
			 </trkpt>
			 <trkpt lat="-33.823001" lon="151.059488">
				 <ele>5.8</ele>
			 </trkpt>
			 <trkpt lat="-33.822997" lon="151.059534">
				 <ele>6.2</ele>
			 </trkpt>
			 <trkpt lat="-33.822993" lon="151.05958">
				 <ele>6.5</ele>
			 </trkpt>
			 <trkpt lat="-33.822998" lon="151.059643">
				 <ele>6.8</ele>
			 </trkpt>
			 <trkpt lat="-33.822978" lon="151.059686">
				 <ele>7.1</ele>
			 </trkpt>
			 <trkpt lat="-33.822931" lon="151.059709">
				 <ele>7.3</ele>
			 </trkpt>
			 <trkpt lat="-33.822892" lon="151.059741">
				 <ele>7.5</ele>
			 </trkpt>
			 <trkpt lat="-33.822877" lon="151.059788">
				 <ele>7.6</ele>
			 </trkpt>
			 <trkpt lat="-33.822881" lon="151.059832">
				 <ele>7.7</ele>
			 </trkpt>
			 <trkpt lat="-33.822894" lon="151.059869">
				 <ele>7.8</ele>
			 </trkpt>
			 <trkpt lat="-33.82293" lon="151.059919">
				 <ele>7.8</ele>
			 </trkpt>
			 <trkpt lat="-33.822954" lon="151.059964">
				 <ele>7.8</ele>
			 </trkpt>
			 <trkpt lat="-33.822978" lon="151.060009">
				 <ele>7.7</ele>
			 </trkpt>
			 <trkpt lat="-33.823002" lon="151.060054">
				 <ele>7.6</ele>
			 </trkpt>
			 <trkpt lat="-33.823026" lon="151.060098">
				 <ele>7.5</ele>
			 </trkpt>
			 <trkpt lat="-33.823049" lon="151.06014">
				 <ele>7.5</ele>
			 </trkpt>
			 <trkpt lat="-33.823073" lon="151.060182">
				 <ele>7.4</ele>
			 </trkpt>
			 <trkpt lat="-33.823085" lon="151.060224">
				 <ele>7.2</ele>
			 </trkpt>
			 <trkpt lat="-33.823097" lon="151.060265">
				 <ele>7</ele>
			 </trkpt>
			 <trkpt lat="-33.823108" lon="151.060335">
				 <ele>6.8</ele>
			 </trkpt>
			 <trkpt lat="-33.823113" lon="151.060405">
				 <ele>6.6</ele>
			 </trkpt>
			 <trkpt lat="-33.823118" lon="151.060475">
				 <ele>6.5</ele>
			 </trkpt>
			 <trkpt lat="-33.823123" lon="151.060546">
				 <ele>6.5</ele>
			 </trkpt>
			 <trkpt lat="-33.823128" lon="151.060616">
				 <ele>6.4</ele>
			 </trkpt>
			 <trkpt lat="-33.823133" lon="151.060686">
				 <ele>6.3</ele>
			 </trkpt>
			 <trkpt lat="-33.82315" lon="151.060756">
				 <ele>6.2</ele>
			 </trkpt>
			 <trkpt lat="-33.823168" lon="151.060826">
				 <ele>6.2</ele>
			 </trkpt>
			 <trkpt lat="-33.823185" lon="151.060896">
				 <ele>6.2</ele>
			 </trkpt>
			 <trkpt lat="-33.823203" lon="151.060966">
				 <ele>6.3</ele>
			 </trkpt>
			 <trkpt lat="-33.823204" lon="151.061008">
				 <ele>6.4</ele>
			 </trkpt>
			 <trkpt lat="-33.823205" lon="151.061049">
				 <ele>6.5</ele>
			 </trkpt>
			 <trkpt lat="-33.8232" lon="151.061101">
				 <ele>6.6</ele>
			 </trkpt>
			 <trkpt lat="-33.823196" lon="151.061152">
				 <ele>6.8</ele>
			 </trkpt>
			 <trkpt lat="-33.823191" lon="151.061204">
				 <ele>7</ele>
			 </trkpt>
			 <trkpt lat="-33.823179" lon="151.061258">
				 <ele>7.2</ele>
			 </trkpt>
			 <trkpt lat="-33.823167" lon="151.061311">
				 <ele>7.4</ele>
			 </trkpt>
			 <trkpt lat="-33.823161" lon="151.06136">
				 <ele>7.5</ele>
			 </trkpt>
			 <trkpt lat="-33.823155" lon="151.061409">
				 <ele>7.6</ele>
			 </trkpt>
			 <trkpt lat="-33.823155" lon="151.061479">
				 <ele>7.7</ele>
			 </trkpt>
			 <trkpt lat="-33.823155" lon="151.061549">
				 <ele>7.8</ele>
			 </trkpt>
			 <trkpt lat="-33.823156" lon="151.061618">
				 <ele>7.9</ele>
			 </trkpt>
			 <trkpt lat="-33.823156" lon="151.061688">
				 <ele>8</ele>
			 </trkpt>
			 <trkpt lat="-33.823156" lon="151.061758">
				 <ele>7.9</ele>
			 </trkpt>
			 <trkpt lat="-33.823158" lon="151.06183">
				 <ele>7.8</ele>
			 </trkpt>
			 <trkpt lat="-33.823161" lon="151.061902">
				 <ele>7.8</ele>
			 </trkpt>
			 <trkpt lat="-33.823163" lon="151.061974">
				 <ele>7.8</ele>
			 </trkpt>
			 <trkpt lat="-33.823166" lon="151.062046">
				 <ele>7.8</ele>
			 </trkpt>
			 <trkpt lat="-33.823168" lon="151.062118">
				 <ele>7.8</ele>
			 </trkpt>
			 <trkpt lat="-33.82317" lon="151.062189">
				 <ele>7.8</ele>
			 </trkpt>
			 <trkpt lat="-33.823173" lon="151.062261">
				 <ele>7.8</ele>
			 </trkpt>
			 <trkpt lat="-33.823175" lon="151.062333">
				 <ele>7.9</ele>
			 </trkpt>
			 <trkpt lat="-33.823178" lon="151.062405">
				 <ele>8</ele>
			 </trkpt>
			 <trkpt lat="-33.82318" lon="151.062477">
				 <ele>8.1</ele>
			 </trkpt>
			 <trkpt lat="-33.823181" lon="151.062551">
				 <ele>8.2</ele>
			 </trkpt>
			 <trkpt lat="-33.823183" lon="151.062626">
				 <ele>8.3</ele>
			 </trkpt>
			 <trkpt lat="-33.823184" lon="151.0627">
				 <ele>8.3</ele>
			 </trkpt>
			 <trkpt lat="-33.823185" lon="151.062775">
				 <ele>8.3</ele>
			 </trkpt>
			 <trkpt lat="-33.823186" lon="151.062849">
				 <ele>8.2</ele>
			 </trkpt>
			 <trkpt lat="-33.823188" lon="151.062924">
				 <ele>8.1</ele>
			 </trkpt>
			 <trkpt lat="-33.823189" lon="151.062998">
				 <ele>8</ele>
			 </trkpt>
			 <trkpt lat="-33.823176" lon="151.063036">
				 <ele>7.9</ele>
			 </trkpt>
			 <trkpt lat="-33.823162" lon="151.063073">
				 <ele>7.7</ele>
			 </trkpt>
			 <trkpt lat="-33.823152" lon="151.063121">
				 <ele>7.5</ele>
			 </trkpt>
			 <trkpt lat="-33.823142" lon="151.063169">
				 <ele>7.4</ele>
			 </trkpt>
			 <trkpt lat="-33.823125" lon="151.063205">
				 <ele>7.3</ele>
			 </trkpt>
			 <trkpt lat="-33.823108" lon="151.063241">
				 <ele>7.2</ele>
			 </trkpt>
			 <trkpt lat="-33.823074" lon="151.063292">
				 <ele>7.1</ele>
			 </trkpt>
			 <trkpt lat="-33.823036" lon="151.063318">
				 <ele>7.1</ele>
			 </trkpt>
			 <trkpt lat="-33.822982" lon="151.06334">
				 <ele>7.2</ele>
			 </trkpt>
			 <trkpt lat="-33.822928" lon="151.063363">
				 <ele>7.4</ele>
			 </trkpt>
			 <trkpt lat="-33.822875" lon="151.063385">
				 <ele>7.6</ele>
			 </trkpt>
			 <trkpt lat="-33.822821" lon="151.063407">
				 <ele>7.9</ele>
			 </trkpt>
			 <trkpt lat="-33.822767" lon="151.06343">
				 <ele>8.2</ele>
			 </trkpt>
			 <trkpt lat="-33.822713" lon="151.063452">
				 <ele>8.5</ele>
			 </trkpt>
			 <trkpt lat="-33.822658" lon="151.063481">
				 <ele>8.7</ele>
			 </trkpt>
			 <trkpt lat="-33.822602" lon="151.063509">
				 <ele>8.9</ele>
			 </trkpt>
			 <trkpt lat="-33.822574" lon="151.063538">
				 <ele>9.1</ele>
			 </trkpt>
			 <trkpt lat="-33.822545" lon="151.063566">
				 <ele>9.2</ele>
			 </trkpt>
			 <trkpt lat="-33.822522" lon="151.063614">
				 <ele>9.2</ele>
			 </trkpt>
			 <trkpt lat="-33.822498" lon="151.063662">
				 <ele>9.1</ele>
			 </trkpt>
			 <trkpt lat="-33.82248" lon="151.063729">
				 <ele>8.8</ele>
			 </trkpt>
			 <trkpt lat="-33.822461" lon="151.063797">
				 <ele>8.4</ele>
			 </trkpt>
			 <trkpt lat="-33.822453" lon="151.063869">
				 <ele>7.8</ele>
			 </trkpt>
			 <trkpt lat="-33.822445" lon="151.063941">
				 <ele>7.3</ele>
			 </trkpt>
			 <trkpt lat="-33.822437" lon="151.064013">
				 <ele>6.6</ele>
			 </trkpt>
			 <trkpt lat="-33.822429" lon="151.064085">
				 <ele>5.9</ele>
			 </trkpt>
			 <trkpt lat="-33.82242" lon="151.064157">
				 <ele>5.2</ele>
			 </trkpt>
			 <trkpt lat="-33.822412" lon="151.064229">
				 <ele>4.4</ele>
			 </trkpt>
			 <trkpt lat="-33.822404" lon="151.064301">
				 <ele>3.6</ele>
			 </trkpt>
			 <trkpt lat="-33.822396" lon="151.064373">
				 <ele>2.9</ele>
			 </trkpt>
			 <trkpt lat="-33.822388" lon="151.064445">
				 <ele>2.3</ele>
			 </trkpt>
			 <trkpt lat="-33.822378" lon="151.064518">
				 <ele>1.7</ele>
			 </trkpt>
			 <trkpt lat="-33.822368" lon="151.064591">
				 <ele>1.3</ele>
			 </trkpt>
			 <trkpt lat="-33.822358" lon="151.064664">
				 <ele>0.9</ele>
			 </trkpt>
			 <trkpt lat="-33.822348" lon="151.064737">
				 <ele>0.5</ele>
			 </trkpt>
			 <trkpt lat="-33.822338" lon="151.06481">
				 <ele>0.4</ele>
			 </trkpt>
			 <trkpt lat="-33.822326" lon="151.064871">
				 <ele>0.4</ele>
			 </trkpt>
			 <trkpt lat="-33.822314" lon="151.064933">
				 <ele>0.5</ele>
			 </trkpt>
			 <trkpt lat="-33.822297" lon="151.065001">
				 <ele>0.7</ele>
			 </trkpt>
			 <trkpt lat="-33.82228" lon="151.065069">
				 <ele>1</ele>
			 </trkpt>
			 <trkpt lat="-33.822263" lon="151.065137">
				 <ele>1.4</ele>
			 </trkpt>
			 <trkpt lat="-33.822246" lon="151.065205">
				 <ele>1.7</ele>
			 </trkpt>
			 <trkpt lat="-33.822227" lon="151.065268">
				 <ele>2.1</ele>
			 </trkpt>
			 <trkpt lat="-33.822209" lon="151.065332">
				 <ele>2.5</ele>
			 </trkpt>
			 <trkpt lat="-33.82219" lon="151.065395">
				 <ele>3</ele>
			 </trkpt>
			 <trkpt lat="-33.822168" lon="151.065455">
				 <ele>3.5</ele>
			 </trkpt>
			 <trkpt lat="-33.822147" lon="151.065514">
				 <ele>3.8</ele>
			 </trkpt>
			 <trkpt lat="-33.822125" lon="151.065574">
				 <ele>4.1</ele>
			 </trkpt>
			 <trkpt lat="-33.822104" lon="151.065633">
				 <ele>4.5</ele>
			 </trkpt>
			 <trkpt lat="-33.822082" lon="151.065693">
				 <ele>4.7</ele>
			 </trkpt>
			 <trkpt lat="-33.822062" lon="151.065762">
				 <ele>5</ele>
			 </trkpt>
			 <trkpt lat="-33.822041" lon="151.06583">
				 <ele>5.2</ele>
			 </trkpt>
			 <trkpt lat="-33.822021" lon="151.065899">
				 <ele>5.4</ele>
			 </trkpt>
			 <trkpt lat="-33.822001" lon="151.065967">
				 <ele>5.5</ele>
			 </trkpt>
			 <trkpt lat="-33.821987" lon="151.066033">
				 <ele>5.5</ele>
			 </trkpt>
			 <trkpt lat="-33.821972" lon="151.066099">
				 <ele>5.5</ele>
			 </trkpt>
			 <trkpt lat="-33.821958" lon="151.066164">
				 <ele>5.5</ele>
			 </trkpt>
			 <trkpt lat="-33.821944" lon="151.06623">
				 <ele>5.5</ele>
			 </trkpt>
			 <trkpt lat="-33.821929" lon="151.066296">
				 <ele>5.5</ele>
			 </trkpt>
			 <trkpt lat="-33.821915" lon="151.066362">
				 <ele>5.5</ele>
			 </trkpt>
			 <trkpt lat="-33.8219" lon="151.066415">
				 <ele>5.4</ele>
			 </trkpt>
			 <trkpt lat="-33.821886" lon="151.066468">
				 <ele>5.3</ele>
			 </trkpt>
			 <trkpt lat="-33.821865" lon="151.066523">
				 <ele>5.2</ele>
			 </trkpt>
			 <trkpt lat="-33.821844" lon="151.066578">
				 <ele>5.1</ele>
			 </trkpt>
			 <trkpt lat="-33.821812" lon="151.066642">
				 <ele>5</ele>
			 </trkpt>
			 <trkpt lat="-33.821796" lon="151.066675">
				 <ele>5</ele>
			 </trkpt>
			 <trkpt lat="-33.821779" lon="151.066707">
				 <ele>5</ele>
			 </trkpt>
			 <trkpt lat="-33.821747" lon="151.066771">
				 <ele>5</ele>
			 </trkpt>
			 <trkpt lat="-33.82171" lon="151.066815">
				 <ele>5</ele>
			 </trkpt>
			 <trkpt lat="-33.821673" lon="151.066858">
				 <ele>5</ele>
			 </trkpt>
			 <trkpt lat="-33.821636" lon="151.066902">
				 <ele>5</ele>
			 </trkpt>
			 <trkpt lat="-33.821603" lon="151.066922">
				 <ele>4.9</ele>
			 </trkpt>
			 <trkpt lat="-33.82157" lon="151.066941">
				 <ele>4.8</ele>
			 </trkpt>
			 <trkpt lat="-33.821525" lon="151.066962">
				 <ele>4.7</ele>
			 </trkpt>
			 <trkpt lat="-33.82148" lon="151.066984">
				 <ele>4.6</ele>
			 </trkpt>
			 <trkpt lat="-33.821435" lon="151.067005">
				 <ele>4.5</ele>
			 </trkpt>
			 <trkpt lat="-33.82139" lon="151.067025">
				 <ele>4.5</ele>
			 </trkpt>
			 <trkpt lat="-33.821345" lon="151.067046">
				 <ele>4.4</ele>
			 </trkpt>
			 <trkpt lat="-33.8213" lon="151.067066">
				 <ele>4.3</ele>
			 </trkpt>
			 <trkpt lat="-33.821255" lon="151.067086">
				 <ele>4.2</ele>
			 </trkpt>
			 <trkpt lat="-33.821207" lon="151.067105">
				 <ele>4.2</ele>
			 </trkpt>
			 <trkpt lat="-33.821159" lon="151.067125">
				 <ele>4.2</ele>
			 </trkpt>
			 <trkpt lat="-33.82111" lon="151.067144">
				 <ele>4.3</ele>
			 </trkpt>
			 <trkpt lat="-33.821062" lon="151.067164">
				 <ele>4.4</ele>
			 </trkpt>
			 <trkpt lat="-33.821014" lon="151.067183">
				 <ele>4.5</ele>
			 </trkpt>
			 <trkpt lat="-33.820957" lon="151.067198">
				 <ele>4.6</ele>
			 </trkpt>
			 <trkpt lat="-33.820899" lon="151.067213">
				 <ele>4.8</ele>
			 </trkpt>
			 <trkpt lat="-33.820842" lon="151.067228">
				 <ele>5</ele>
			 </trkpt>
			 <trkpt lat="-33.820784" lon="151.067243">
				 <ele>5.3</ele>
			 </trkpt>
			 <trkpt lat="-33.820726" lon="151.067258">
				 <ele>5.5</ele>
			 </trkpt>
			 <trkpt lat="-33.820669" lon="151.067273">
				 <ele>5.8</ele>
			 </trkpt>
			 <trkpt lat="-33.820611" lon="151.067288">
				 <ele>6</ele>
			 </trkpt>
			 <trkpt lat="-33.820554" lon="151.067303">
				 <ele>6.2</ele>
			 </trkpt>
			 <trkpt lat="-33.820497" lon="151.067318">
				 <ele>6.4</ele>
			 </trkpt>
			 <trkpt lat="-33.820439" lon="151.067333">
				 <ele>6.5</ele>
			 </trkpt>
			 <trkpt lat="-33.820388" lon="151.067342">
				 <ele>6.7</ele>
			 </trkpt>
			 <trkpt lat="-33.820338" lon="151.06735">
				 <ele>6.9</ele>
			 </trkpt>
			 <trkpt lat="-33.820287" lon="151.067359">
				 <ele>7.1</ele>
			 </trkpt>
			 <trkpt lat="-33.820236" lon="151.067368">
				 <ele>7.3</ele>
			 </trkpt>
			 <trkpt lat="-33.820191" lon="151.067365">
				 <ele>7.3</ele>
			 </trkpt>
			 <trkpt lat="-33.820146" lon="151.067361">
				 <ele>7.3</ele>
			 </trkpt>
			 <trkpt lat="-33.820099" lon="151.067342">
				 <ele>7.3</ele>
			 </trkpt>
			 <trkpt lat="-33.820051" lon="151.067324">
				 <ele>7.3</ele>
			 </trkpt>
			 <trkpt lat="-33.820004" lon="151.067305">
				 <ele>7.3</ele>
			 </trkpt>
			 <trkpt lat="-33.819966" lon="151.067297">
				 <ele>7.3</ele>
			 </trkpt>
			 <trkpt lat="-33.819928" lon="151.067358">
				 <ele>7.2</ele>
			 </trkpt>
			 <trkpt lat="-33.819876" lon="151.067366">
				 <ele>7.1</ele>
			 </trkpt>
			 <trkpt lat="-33.819848" lon="151.067357">
				 <ele>6.9</ele>
			 </trkpt>
			 <trkpt lat="-33.819826" lon="151.067335">
				 <ele>6.7</ele>
			 </trkpt>
			 <trkpt lat="-33.819807" lon="151.067298">
				 <ele>6.5</ele>
			 </trkpt>
			 <trkpt lat="-33.819761" lon="151.067255">
				 <ele>6.5</ele>
			 </trkpt>
			 <trkpt lat="-33.819732" lon="151.067233">
				 <ele>6.4</ele>
			 </trkpt>
			 <trkpt lat="-33.819702" lon="151.067212">
				 <ele>6.2</ele>
			 </trkpt>
			 <trkpt lat="-33.819665" lon="151.067196">
				 <ele>6</ele>
			 </trkpt>
			 <trkpt lat="-33.819627" lon="151.067193">
				 <ele>5.8</ele>
			 </trkpt>
			 <trkpt lat="-33.81959" lon="151.067201">
				 <ele>5.6</ele>
			 </trkpt>
			 <trkpt lat="-33.819558" lon="151.067219">
				 <ele>5.5</ele>
			 </trkpt>
			 <trkpt lat="-33.819527" lon="151.067253">
				 <ele>5.5</ele>
			 </trkpt>
			 <trkpt lat="-33.819496" lon="151.067311">
				 <ele>5.4</ele>
			 </trkpt>
			 <trkpt lat="-33.81948" lon="151.067355">
				 <ele>5.3</ele>
			 </trkpt>
			 <trkpt lat="-33.819463" lon="151.067399">
				 <ele>5.2</ele>
			 </trkpt>
			 <trkpt lat="-33.819437" lon="151.06742">
				 <ele>5.1</ele>
			 </trkpt>
			 <trkpt lat="-33.819383" lon="151.06739">
				 <ele>5</ele>
			 </trkpt>
			 <trkpt lat="-33.819349" lon="151.067361">
				 <ele>5</ele>
			 </trkpt>
			 <trkpt lat="-33.819292" lon="151.067338">
				 <ele>4.9</ele>
			 </trkpt>
			 <trkpt lat="-33.819259" lon="151.067339">
				 <ele>4.8</ele>
			 </trkpt>
			 <trkpt lat="-33.819225" lon="151.067339">
				 <ele>4.7</ele>
			 </trkpt>
			 <trkpt lat="-33.819197" lon="151.067362">
				 <ele>4.6</ele>
			 </trkpt>
			 <trkpt lat="-33.819168" lon="151.067384">
				 <ele>4.5</ele>
			 </trkpt>
			 <trkpt lat="-33.819136" lon="151.067422">
				 <ele>4.5</ele>
			 </trkpt>
			 <trkpt lat="-33.819103" lon="151.06746">
				 <ele>4.5</ele>
			 </trkpt>
			 <trkpt lat="-33.81907" lon="151.067498">
				 <ele>4.5</ele>
			 </trkpt>
			 <trkpt lat="-33.819037" lon="151.067535">
				 <ele>4.5</ele>
			 </trkpt>
			 <trkpt lat="-33.819005" lon="151.067573">
				 <ele>4.5</ele>
			 </trkpt>
			 <trkpt lat="-33.818972" lon="151.067611">
				 <ele>4.5</ele>
			 </trkpt>
			 <trkpt lat="-33.818954" lon="151.067651">
				 <ele>4.5</ele>
			 </trkpt>
			 <trkpt lat="-33.818935" lon="151.06769">
				 <ele>4.6</ele>
			 </trkpt>
			 <trkpt lat="-33.818917" lon="151.067729">
				 <ele>4.7</ele>
			 </trkpt>
			 <trkpt lat="-33.818898" lon="151.067768">
				 <ele>4.8</ele>
			 </trkpt>
			 <trkpt lat="-33.818874" lon="151.067802">
				 <ele>4.9</ele>
			 </trkpt>
			 <trkpt lat="-33.81885" lon="151.067836">
				 <ele>5.1</ele>
			 </trkpt>
			 <trkpt lat="-33.818821" lon="151.067867">
				 <ele>5.2</ele>
			 </trkpt>
			 <trkpt lat="-33.818792" lon="151.067898">
				 <ele>5.3</ele>
			 </trkpt>
			 <trkpt lat="-33.818759" lon="151.067919">
				 <ele>5.5</ele>
			 </trkpt>
			 <trkpt lat="-33.818725" lon="151.06794">
				 <ele>5.6</ele>
			 </trkpt>
			 <trkpt lat="-33.818672" lon="151.067958">
				 <ele>5.8</ele>
			 </trkpt>
			 <trkpt lat="-33.818627" lon="151.067961">
				 <ele>6</ele>
			 </trkpt>
			 <trkpt lat="-33.818571" lon="151.067949">
				 <ele>6.2</ele>
			 </trkpt>
			 <trkpt lat="-33.818514" lon="151.067936">
				 <ele>6.5</ele>
			 </trkpt>
			 <trkpt lat="-33.818478" lon="151.067933">
				 <ele>6.7</ele>
			 </trkpt>
			 <trkpt lat="-33.818442" lon="151.067931">
				 <ele>7</ele>
			 </trkpt>
			 <trkpt lat="-33.818406" lon="151.067939">
				 <ele>7.2</ele>
			 </trkpt>
			 <trkpt lat="-33.818371" lon="151.067946">
				 <ele>7.4</ele>
			 </trkpt>
			 <trkpt lat="-33.818335" lon="151.067953">
				 <ele>7.5</ele>
			 </trkpt>
			 <trkpt lat="-33.818299" lon="151.06796">
				 <ele>7.6</ele>
			 </trkpt>
			 <trkpt lat="-33.818261" lon="151.067973">
				 <ele>7.7</ele>
			 </trkpt>
			 <trkpt lat="-33.818222" lon="151.067985">
				 <ele>7.8</ele>
			 </trkpt>
			 <trkpt lat="-33.818184" lon="151.067997">
				 <ele>7.8</ele>
			 </trkpt>
			 <trkpt lat="-33.818145" lon="151.06801">
				 <ele>7.8</ele>
			 </trkpt>
			 <trkpt lat="-33.81811" lon="151.068033">
				 <ele>7.7</ele>
			 </trkpt>
			 <trkpt lat="-33.818065" lon="151.068062">
				 <ele>7.6</ele>
			 </trkpt>
			 <trkpt lat="-33.818011" lon="151.068079">
				 <ele>7.5</ele>
			 </trkpt>
			 <trkpt lat="-33.817958" lon="151.068096">
				 <ele>7.3</ele>
			 </trkpt>
			 <trkpt lat="-33.817913" lon="151.068121">
				 <ele>7.1</ele>
			 </trkpt>
			 <trkpt lat="-33.817868" lon="151.068146">
				 <ele>6.9</ele>
			 </trkpt>
			 <trkpt lat="-33.817824" lon="151.068171">
				 <ele>6.6</ele>
			 </trkpt>
			 <trkpt lat="-33.817779" lon="151.068195">
				 <ele>6.4</ele>
			 </trkpt>
			 <trkpt lat="-33.817734" lon="151.06822">
				 <ele>6.1</ele>
			 </trkpt>
			 <trkpt lat="-33.817689" lon="151.068244">
				 <ele>5.9</ele>
			 </trkpt>
			 <trkpt lat="-33.817644" lon="151.068269">
				 <ele>5.7</ele>
			 </trkpt>
			 <trkpt lat="-33.817599" lon="151.068294">
				 <ele>5.5</ele>
			 </trkpt>
			 <trkpt lat="-33.817555" lon="151.068314">
				 <ele>5.4</ele>
			 </trkpt>
			 <trkpt lat="-33.817512" lon="151.068334">
				 <ele>5.3</ele>
			 </trkpt>
			 <trkpt lat="-33.817469" lon="151.068354">
				 <ele>5.3</ele>
			 </trkpt>
			 <trkpt lat="-33.817425" lon="151.068373">
				 <ele>5.3</ele>
			 </trkpt>
			 <trkpt lat="-33.817381" lon="151.068393">
				 <ele>5.3</ele>
			 </trkpt>
			 <trkpt lat="-33.817338" lon="151.068413">
				 <ele>5.5</ele>
			 </trkpt>
			 <trkpt lat="-33.817293" lon="151.068438">
				 <ele>5.6</ele>
			 </trkpt>
			 <trkpt lat="-33.817249" lon="151.068463">
				 <ele>5.8</ele>
			 </trkpt>
			 <trkpt lat="-33.817212" lon="151.068477">
				 <ele>6.1</ele>
			 </trkpt>
			 <trkpt lat="-33.817176" lon="151.06849">
				 <ele>6.4</ele>
			 </trkpt>
			 <trkpt lat="-33.81714" lon="151.068504">
				 <ele>6.6</ele>
			 </trkpt>
			 <trkpt lat="-33.817103" lon="151.068517">
				 <ele>6.9</ele>
			 </trkpt>
			 <trkpt lat="-33.817052" lon="151.068548">
				 <ele>7.3</ele>
			 </trkpt>
			 <trkpt lat="-33.817" lon="151.068578">
				 <ele>7.5</ele>
			 </trkpt>
			 <trkpt lat="-33.816978" lon="151.068611">
				 <ele>7.9</ele>
			 </trkpt>
			 <trkpt lat="-33.816955" lon="151.068643">
				 <ele>8.3</ele>
			 </trkpt>
			 <trkpt lat="-33.816946" lon="151.068693">
				 <ele>8.6</ele>
			 </trkpt>
			 <trkpt lat="-33.816937" lon="151.068744">
				 <ele>9</ele>
			 </trkpt>
			 <trkpt lat="-33.816925" lon="151.06879">
				 <ele>9.4</ele>
			 </trkpt>
			 <trkpt lat="-33.816913" lon="151.068835">
				 <ele>9.6</ele>
			 </trkpt>
			 <trkpt lat="-33.816885" lon="151.068884">
				 <ele>9.9</ele>
			 </trkpt>
			 <trkpt lat="-33.816856" lon="151.068932">
				 <ele>10.2</ele>
			 </trkpt>
			 <trkpt lat="-33.816818" lon="151.068974">
				 <ele>10.5</ele>
			 </trkpt>
			 <trkpt lat="-33.816781" lon="151.069016">
				 <ele>10.6</ele>
			 </trkpt>
			 <trkpt lat="-33.81676" lon="151.069054">
				 <ele>10.8</ele>
			 </trkpt>
			 <trkpt lat="-33.816738" lon="151.069092">
				 <ele>10.9</ele>
			 </trkpt>
			 <trkpt lat="-33.816716" lon="151.069131">
				 <ele>11</ele>
			 </trkpt>
			 <trkpt lat="-33.816695" lon="151.069169">
				 <ele>10.9</ele>
			 </trkpt>
			 <trkpt lat="-33.816674" lon="151.069207">
				 <ele>10.8</ele>
			 </trkpt>
			 <trkpt lat="-33.816652" lon="151.069245">
				 <ele>10.7</ele>
			 </trkpt>
			 <trkpt lat="-33.816633" lon="151.069282">
				 <ele>10.6</ele>
			 </trkpt>
			 <trkpt lat="-33.816615" lon="151.06932">
				 <ele>10.5</ele>
			 </trkpt>
			 <trkpt lat="-33.816597" lon="151.069358">
				 <ele>10.4</ele>
			 </trkpt>
			 <trkpt lat="-33.816578" lon="151.069395">
				 <ele>10.2</ele>
			 </trkpt>
			 <trkpt lat="-33.816567" lon="151.069432">
				 <ele>10</ele>
			 </trkpt>
			 <trkpt lat="-33.816555" lon="151.069468">
				 <ele>9.7</ele>
			 </trkpt>
			 <trkpt lat="-33.816544" lon="151.069504">
				 <ele>9.5</ele>
			 </trkpt>
			 <trkpt lat="-33.816532" lon="151.069541">
				 <ele>9.2</ele>
			 </trkpt>
			 <trkpt lat="-33.816521" lon="151.069591">
				 <ele>8.9</ele>
			 </trkpt>
			 <trkpt lat="-33.816509" lon="151.06964">
				 <ele>8.6</ele>
			 </trkpt>
			 <trkpt lat="-33.816497" lon="151.069689">
				 <ele>8.4</ele>
			 </trkpt>
			 <trkpt lat="-33.816486" lon="151.069739">
				 <ele>8.1</ele>
			 </trkpt>
			 <trkpt lat="-33.816475" lon="151.069797">
				 <ele>7.7</ele>
			 </trkpt>
			 <trkpt lat="-33.816465" lon="151.069855">
				 <ele>7.5</ele>
			 </trkpt>
			 <trkpt lat="-33.816454" lon="151.069913">
				 <ele>7.2</ele>
			 </trkpt>
			 <trkpt lat="-33.816444" lon="151.069971">
				 <ele>6.9</ele>
			 </trkpt>
			 <trkpt lat="-33.816434" lon="151.07003">
				 <ele>6.7</ele>
			 </trkpt>
			 <trkpt lat="-33.816423" lon="151.070088">
				 <ele>6.5</ele>
			 </trkpt>
			 <trkpt lat="-33.816413" lon="151.070146">
				 <ele>6.4</ele>
			 </trkpt>
			 <trkpt lat="-33.816403" lon="151.070204">
				 <ele>6.3</ele>
			 </trkpt>
			 <trkpt lat="-33.816392" lon="151.070262">
				 <ele>6.3</ele>
			 </trkpt>
			 <trkpt lat="-33.816382" lon="151.07032">
				 <ele>6.3</ele>
			 </trkpt>
			 <trkpt lat="-33.816372" lon="151.070378">
				 <ele>6.3</ele>
			 </trkpt>
			 <trkpt lat="-33.816361" lon="151.070436">
				 <ele>6.4</ele>
			 </trkpt>
			 <trkpt lat="-33.816357" lon="151.070483">
				 <ele>6.5</ele>
			 </trkpt>
			 <trkpt lat="-33.816354" lon="151.070531">
				 <ele>6.5</ele>
			 </trkpt>
			 <trkpt lat="-33.81635" lon="151.070579">
				 <ele>6.6</ele>
			 </trkpt>
			 <trkpt lat="-33.816346" lon="151.070626">
				 <ele>6.7</ele>
			 </trkpt>
			 <trkpt lat="-33.816354" lon="151.070667">
				 <ele>6.8</ele>
			 </trkpt>
			 <trkpt lat="-33.816362" lon="151.070707">
				 <ele>6.9</ele>
			 </trkpt>
			 <trkpt lat="-33.816378" lon="151.070743">
				 <ele>7</ele>
			 </trkpt>
			 <trkpt lat="-33.816395" lon="151.070779">
				 <ele>7</ele>
			 </trkpt>
			 <trkpt lat="-33.816412" lon="151.070814">
				 <ele>7.1</ele>
			 </trkpt>
			 <trkpt lat="-33.816429" lon="151.07085">
				 <ele>7.2</ele>
			 </trkpt>
			 <trkpt lat="-33.816451" lon="151.070885">
				 <ele>7.3</ele>
			 </trkpt>
			 <trkpt lat="-33.816473" lon="151.07092">
				 <ele>7.4</ele>
			 </trkpt>
			 <trkpt lat="-33.816495" lon="151.070955">
				 <ele>7.5</ele>
			 </trkpt>
			 <trkpt lat="-33.816517" lon="151.07099">
				 <ele>7.5</ele>
			 </trkpt>
			 <trkpt lat="-33.81655" lon="151.071036">
				 <ele>7.6</ele>
			 </trkpt>
			 <trkpt lat="-33.816584" lon="151.071082">
				 <ele>7.7</ele>
			 </trkpt>
			 <trkpt lat="-33.816618" lon="151.071127">
				 <ele>7.8</ele>
			 </trkpt>
			 <trkpt lat="-33.816651" lon="151.071173">
				 <ele>7.9</ele>
			 </trkpt>
			 <trkpt lat="-33.816685" lon="151.071219">
				 <ele>8</ele>
			 </trkpt>
			 <trkpt lat="-33.816718" lon="151.071265">
				 <ele>8</ele>
			 </trkpt>
			 <trkpt lat="-33.816731" lon="151.071298">
				 <ele>8</ele>
			 </trkpt>
			 <trkpt lat="-33.816734" lon="151.07133">
				 <ele>8</ele>
			 </trkpt>
			 <trkpt lat="-33.816718" lon="151.071386">
				 <ele>8</ele>
			 </trkpt>
			 <trkpt lat="-33.816703" lon="151.071443">
				 <ele>8</ele>
			 </trkpt>
			 <trkpt lat="-33.816691" lon="151.071508">
				 <ele>8</ele>
			 </trkpt>
			 <trkpt lat="-33.816679" lon="151.071573">
				 <ele>8</ele>
			 </trkpt>
			 <trkpt lat="-33.816669" lon="151.071609">
				 <ele>8</ele>
			 </trkpt>
			 <trkpt lat="-33.816686" lon="151.071679">
				 <ele>8.1</ele>
			 </trkpt>
			 <trkpt lat="-33.816712" lon="151.071735">
				 <ele>8.2</ele>
			 </trkpt>
			 <trkpt lat="-33.816739" lon="151.071791">
				 <ele>8.3</ele>
			 </trkpt>
			 <trkpt lat="-33.816765" lon="151.071847">
				 <ele>8.4</ele>
			 </trkpt>
			 <trkpt lat="-33.816792" lon="151.071903">
				 <ele>8.5</ele>
			 </trkpt>
			 <trkpt lat="-33.816819" lon="151.071959">
				 <ele>8.5</ele>
			 </trkpt>
			 <trkpt lat="-33.816845" lon="151.072015">
				 <ele>8.6</ele>
			 </trkpt>
			 <trkpt lat="-33.816872" lon="151.072071">
				 <ele>8.7</ele>
			 </trkpt>
			 <trkpt lat="-33.816898" lon="151.072127">
				 <ele>8.8</ele>
			 </trkpt>
			 <trkpt lat="-33.816925" lon="151.072182">
				 <ele>8.9</ele>
			 </trkpt>
			 <trkpt lat="-33.816952" lon="151.072238">
				 <ele>9</ele>
			 </trkpt>
			 <trkpt lat="-33.816978" lon="151.072294">
				 <ele>9</ele>
			 </trkpt>
			 <trkpt lat="-33.817005" lon="151.07235">
				 <ele>9</ele>
			 </trkpt>
			 <trkpt lat="-33.817032" lon="151.072406">
				 <ele>9</ele>
			 </trkpt>
			 <trkpt lat="-33.817059" lon="151.072462">
				 <ele>9</ele>
			 </trkpt>
			 <trkpt lat="-33.817085" lon="151.072518">
				 <ele>9</ele>
			 </trkpt>
			 <trkpt lat="-33.817111" lon="151.072574">
				 <ele>9</ele>
			 </trkpt>
			 <trkpt lat="-33.817138" lon="151.07263">
				 <ele>9</ele>
			 </trkpt>
			 <trkpt lat="-33.817162" lon="151.07268">
				 <ele>9</ele>
			 </trkpt>
			 <trkpt lat="-33.817187" lon="151.072731">
				 <ele>9</ele>
			 </trkpt>
			 <trkpt lat="-33.817211" lon="151.072781">
				 <ele>9</ele>
			 </trkpt>
			 <trkpt lat="-33.817236" lon="151.072831">
				 <ele>9</ele>
			 </trkpt>
			 <trkpt lat="-33.817279" lon="151.072889">
				 <ele>9</ele>
			 </trkpt>
			 <trkpt lat="-33.817302" lon="151.072928">
				 <ele>9</ele>
			 </trkpt>
			 <trkpt lat="-33.817329" lon="151.072983">
				 <ele>9</ele>
			 </trkpt>
			 <trkpt lat="-33.817355" lon="151.073039">
				 <ele>9</ele>
			 </trkpt>
			 <trkpt lat="-33.817381" lon="151.073095">
				 <ele>9</ele>
			 </trkpt>
			 <trkpt lat="-33.817407" lon="151.07315">
				 <ele>9</ele>
			 </trkpt>
			 <trkpt lat="-33.817434" lon="151.073206">
				 <ele>9</ele>
			 </trkpt>
			 <trkpt lat="-33.81746" lon="151.073262">
				 <ele>9</ele>
			 </trkpt>
			 <trkpt lat="-33.817486" lon="151.073318">
				 <ele>9</ele>
			 </trkpt>
			 <trkpt lat="-33.817512" lon="151.073373">
				 <ele>9</ele>
			 </trkpt>
			 <trkpt lat="-33.817538" lon="151.073429">
				 <ele>9</ele>
			 </trkpt>
			 <trkpt lat="-33.817565" lon="151.073484">
				 <ele>9</ele>
			 </trkpt>
			 <trkpt lat="-33.817591" lon="151.07354">
				 <ele>9</ele>
			 </trkpt>
			 <trkpt lat="-33.817617" lon="151.073595">
				 <ele>8.9</ele>
			 </trkpt>
			 <trkpt lat="-33.817644" lon="151.073651">
				 <ele>8.8</ele>
			 </trkpt>
			 <trkpt lat="-33.81767" lon="151.073707">
				 <ele>8.7</ele>
			 </trkpt>
			 <trkpt lat="-33.817696" lon="151.073762">
				 <ele>8.6</ele>
			 </trkpt>
			 <trkpt lat="-33.817722" lon="151.073818">
				 <ele>8.5</ele>
			 </trkpt>
			 <trkpt lat="-33.817749" lon="151.073873">
				 <ele>8.5</ele>
			 </trkpt>
			 <trkpt lat="-33.817775" lon="151.073929">
				 <ele>8.4</ele>
			 </trkpt>
			 <trkpt lat="-33.817809" lon="151.073921">
				 <ele>8.3</ele>
			 </trkpt>
			 <trkpt lat="-33.817843" lon="151.073913">
				 <ele>8.2</ele>
			 </trkpt>
			 <trkpt lat="-33.817889" lon="151.07389">
				 <ele>8.1</ele>
			 </trkpt>
			 <trkpt lat="-33.817934" lon="151.073867">
				 <ele>8</ele>
			 </trkpt>
			 <trkpt lat="-33.81798" lon="151.073838">
				 <ele>8</ele>
			 </trkpt>
			 <trkpt lat="-33.818025" lon="151.073808">
				 <ele>8</ele>
			 </trkpt>
			 <trkpt lat="-33.818056" lon="151.073784">
				 <ele>8</ele>
			 </trkpt>
			 <trkpt lat="-33.818087" lon="151.073761">
				 <ele>8</ele>
			 </trkpt>
			 <trkpt lat="-33.818118" lon="151.073737">
				 <ele>8</ele>
			 </trkpt>
			 <trkpt lat="-33.818149" lon="151.073714">
				 <ele>8</ele>
			 </trkpt>
			 <trkpt lat="-33.818185" lon="151.0737">
				 <ele>8</ele>
			 </trkpt>
			 <trkpt lat="-33.818221" lon="151.073686">
				 <ele>8</ele>
			 </trkpt>
			 <trkpt lat="-33.818257" lon="151.073672">
				 <ele>8</ele>
			 </trkpt>
			 <trkpt lat="-33.818293" lon="151.073658">
				 <ele>8</ele>
			 </trkpt>
			 <trkpt lat="-33.818335" lon="151.073701">
				 <ele>7.9</ele>
			 </trkpt>
			 <trkpt lat="-33.818352" lon="151.073738">
				 <ele>7.8</ele>
			 </trkpt>
			 <trkpt lat="-33.818356" lon="151.073795">
				 <ele>7.7</ele>
			 </trkpt>
			 <trkpt lat="-33.818351" lon="151.073852">
				 <ele>7.6</ele>
			 </trkpt>
			 <trkpt lat="-33.818345" lon="151.07391">
				 <ele>7.5</ele>
			 </trkpt>
			 <trkpt lat="-33.81834" lon="151.073968">
				 <ele>7.5</ele>
			 </trkpt>
			 <trkpt lat="-33.818334" lon="151.074026">
				 <ele>7.4</ele>
			 </trkpt>
			 <trkpt lat="-33.818329" lon="151.074084">
				 <ele>7.2</ele>
			 </trkpt>
			 <trkpt lat="-33.818323" lon="151.074141">
				 <ele>7</ele>
			 </trkpt>
			 <trkpt lat="-33.818317" lon="151.074198">
				 <ele>6.8</ele>
			 </trkpt>
			 <trkpt lat="-33.818312" lon="151.074256">
				 <ele>6.6</ele>
			 </trkpt>
			 <trkpt lat="-33.818306" lon="151.074314">
				 <ele>6.5</ele>
			 </trkpt>
			 <trkpt lat="-33.818301" lon="151.074371">
				 <ele>6.5</ele>
			 </trkpt>
			 <trkpt lat="-33.818295" lon="151.074429">
				 <ele>6.4</ele>
			 </trkpt>
			 <trkpt lat="-33.81829" lon="151.074487">
				 <ele>6.3</ele>
			 </trkpt>
			 <trkpt lat="-33.818284" lon="151.074545">
				 <ele>6.2</ele>
			 </trkpt>
			 <trkpt lat="-33.818279" lon="151.074602">
				 <ele>6.1</ele>
			 </trkpt>
			 <trkpt lat="-33.818267" lon="151.074653">
				 <ele>6</ele>
			 </trkpt>
			 <trkpt lat="-33.818255" lon="151.074704">
				 <ele>6</ele>
			 </trkpt>
			 <trkpt lat="-33.818243" lon="151.074755">
				 <ele>5.9</ele>
			 </trkpt>
			 <trkpt lat="-33.818231" lon="151.074806">
				 <ele>5.8</ele>
			 </trkpt>
			 <trkpt lat="-33.818219" lon="151.074857">
				 <ele>5.7</ele>
			 </trkpt>
			 <trkpt lat="-33.818207" lon="151.074908">
				 <ele>5.6</ele>
			 </trkpt>
			 <trkpt lat="-33.818198" lon="151.07497">
				 <ele>5.6</ele>
			 </trkpt>
			 <trkpt lat="-33.818215" lon="151.075042">
				 <ele>5.6</ele>
			 </trkpt>
			 <trkpt lat="-33.818237" lon="151.075089">
				 <ele>5.6</ele>
			 </trkpt>
			 <trkpt lat="-33.818259" lon="151.075136">
				 <ele>5.6</ele>
			 </trkpt>
			 <trkpt lat="-33.818275" lon="151.075188">
				 <ele>5.7</ele>
			 </trkpt>
			 <trkpt lat="-33.818291" lon="151.07524">
				 <ele>5.8</ele>
			 </trkpt>
			 <trkpt lat="-33.818293" lon="151.075286">
				 <ele>5.9</ele>
			 </trkpt>
			 <trkpt lat="-33.818295" lon="151.075332">
				 <ele>6.2</ele>
			 </trkpt>
			 <trkpt lat="-33.818297" lon="151.075379">
				 <ele>6.5</ele>
			 </trkpt>
			 <trkpt lat="-33.818299" lon="151.075425">
				 <ele>6.8</ele>
			 </trkpt>
			 <trkpt lat="-33.818279" lon="151.075464">
				 <ele>7.3</ele>
			 </trkpt>
			 <trkpt lat="-33.818258" lon="151.075502">
				 <ele>7.6</ele>
			 </trkpt>
			 <trkpt lat="-33.818237" lon="151.07554">
				 <ele>8</ele>
			 </trkpt>
			 <trkpt lat="-33.818216" lon="151.075579">
				 <ele>8.4</ele>
			 </trkpt>
			 <trkpt lat="-33.818185" lon="151.075635">
				 <ele>8.7</ele>
			 </trkpt>
			 <trkpt lat="-33.818155" lon="151.07569">
				 <ele>8.9</ele>
			 </trkpt>
			 <trkpt lat="-33.818194" lon="151.075731">
				 <ele>9.1</ele>
			 </trkpt>
			 <trkpt lat="-33.818232" lon="151.075772">
				 <ele>9.3</ele>
			 </trkpt>
			 <trkpt lat="-33.818271" lon="151.075813">
				 <ele>9.4</ele>
			 </trkpt>
			 <trkpt lat="-33.81831" lon="151.075854">
				 <ele>9.5</ele>
			 </trkpt>
			 <trkpt lat="-33.818348" lon="151.075895">
				 <ele>9.5</ele>
			 </trkpt>
			 <trkpt lat="-33.818387" lon="151.075935">
				 <ele>9.4</ele>
			 </trkpt>
			 <trkpt lat="-33.818426" lon="151.075976">
				 <ele>9.3</ele>
			 </trkpt>
			 <trkpt lat="-33.818465" lon="151.076017">
				 <ele>9.2</ele>
			 </trkpt>
			 <trkpt lat="-33.818504" lon="151.076058">
				 <ele>9.1</ele>
			 </trkpt>
			 <trkpt lat="-33.818542" lon="151.076099">
				 <ele>9</ele>
			 </trkpt>
			 <trkpt lat="-33.818571" lon="151.076142">
				 <ele>9</ele>
			 </trkpt>
			 <trkpt lat="-33.8186" lon="151.076185">
				 <ele>9</ele>
			 </trkpt>
			 <trkpt lat="-33.818624" lon="151.076241">
				 <ele>9</ele>
			 </trkpt>
			 <trkpt lat="-33.818648" lon="151.076297">
				 <ele>9</ele>
			 </trkpt>
			 <trkpt lat="-33.818649" lon="151.076353">
				 <ele>9</ele>
			 </trkpt>
			 <trkpt lat="-33.81865" lon="151.076409">
				 <ele>9</ele>
			 </trkpt>
			 <trkpt lat="-33.818651" lon="151.076464">
				 <ele>9</ele>
			 </trkpt>
			 <trkpt lat="-33.818651" lon="151.07652">
				 <ele>9</ele>
			 </trkpt>
			 <trkpt lat="-33.818652" lon="151.076576">
				 <ele>8.9</ele>
			 </trkpt>
			 <trkpt lat="-33.818652" lon="151.076632">
				 <ele>8.8</ele>
			 </trkpt>
			 <trkpt lat="-33.818653" lon="151.076687">
				 <ele>8.7</ele>
			 </trkpt>
			 <trkpt lat="-33.818654" lon="151.076743">
				 <ele>8.6</ele>
			 </trkpt>
			 <trkpt lat="-33.818657" lon="151.076808">
				 <ele>8.6</ele>
			 </trkpt>
			 <trkpt lat="-33.818659" lon="151.076872">
				 <ele>8.6</ele>
			 </trkpt>
			 <trkpt lat="-33.818661" lon="151.076936">
				 <ele>8.6</ele>
			 </trkpt>
			 <trkpt lat="-33.818664" lon="151.077">
				 <ele>8.6</ele>
			 </trkpt>
			 <trkpt lat="-33.818666" lon="151.077065">
				 <ele>8.6</ele>
			 </trkpt>
			 <trkpt lat="-33.818668" lon="151.077129">
				 <ele>8.6</ele>
			 </trkpt>
			 <trkpt lat="-33.81867" lon="151.077193">
				 <ele>8.6</ele>
			 </trkpt>
			 <trkpt lat="-33.818673" lon="151.077257">
				 <ele>8.7</ele>
			 </trkpt>
			 <trkpt lat="-33.818675" lon="151.077321">
				 <ele>8.8</ele>
			 </trkpt>
			 <trkpt lat="-33.818678" lon="151.077386">
				 <ele>8.9</ele>
			 </trkpt>
			 <trkpt lat="-33.81868" lon="151.07745">
				 <ele>9</ele>
			 </trkpt>
			 <trkpt lat="-33.818683" lon="151.077514">
				 <ele>9</ele>
			 </trkpt>
			 <trkpt lat="-33.818686" lon="151.077579">
				 <ele>9</ele>
			 </trkpt>
			 <trkpt lat="-33.818688" lon="151.077643">
				 <ele>9</ele>
			 </trkpt>
			 <trkpt lat="-33.81869" lon="151.077708">
				 <ele>9</ele>
			 </trkpt>
			 <trkpt lat="-33.818692" lon="151.077772">
				 <ele>9</ele>
			 </trkpt>
			 <trkpt lat="-33.818694" lon="151.077836">
				 <ele>8.9</ele>
			 </trkpt>
			 <trkpt lat="-33.818697" lon="151.0779">
				 <ele>8.8</ele>
			 </trkpt>
			 <trkpt lat="-33.8187" lon="151.077965">
				 <ele>8.7</ele>
			 </trkpt>
			 <trkpt lat="-33.818702" lon="151.078029">
				 <ele>8.5</ele>
			 </trkpt>
			 <trkpt lat="-33.818705" lon="151.078093">
				 <ele>8.4</ele>
			 </trkpt>
			 <trkpt lat="-33.818707" lon="151.078157">
				 <ele>8.2</ele>
			 </trkpt>
			 <trkpt lat="-33.818709" lon="151.078221">
				 <ele>7.9</ele>
			 </trkpt>
			 <trkpt lat="-33.818711" lon="151.078286">
				 <ele>7.6</ele>
			 </trkpt>
			 <trkpt lat="-33.818714" lon="151.078351">
				 <ele>7.4</ele>
			 </trkpt>
			 <trkpt lat="-33.818716" lon="151.078415">
				 <ele>7.1</ele>
			 </trkpt>
			 <trkpt lat="-33.818719" lon="151.078479">
				 <ele>6.8</ele>
			 </trkpt>
			 <trkpt lat="-33.818721" lon="151.078543">
				 <ele>6.6</ele>
			 </trkpt>
			 <trkpt lat="-33.818723" lon="151.078608">
				 <ele>6.5</ele>
			 </trkpt>
			 <trkpt lat="-33.818726" lon="151.078672">
				 <ele>6.3</ele>
			 </trkpt>
			 <trkpt lat="-33.818728" lon="151.078736">
				 <ele>6.2</ele>
			 </trkpt>
			 <trkpt lat="-33.818731" lon="151.0788">
				 <ele>6.1</ele>
			 </trkpt>
			 <trkpt lat="-33.818733" lon="151.078865">
				 <ele>6</ele>
			 </trkpt>
			 <trkpt lat="-33.818735" lon="151.078929">
				 <ele>6</ele>
			 </trkpt>
			 <trkpt lat="-33.818737" lon="151.078993">
				 <ele>6</ele>
			 </trkpt>
			 <trkpt lat="-33.81874" lon="151.079057">
				 <ele>6</ele>
			 </trkpt>
			 <trkpt lat="-33.818742" lon="151.079121">
				 <ele>6</ele>
			 </trkpt>
			 <trkpt lat="-33.818745" lon="151.079186">
				 <ele>6</ele>
			 </trkpt>
			 <trkpt lat="-33.818737" lon="151.079244">
				 <ele>6</ele>
			 </trkpt>
			 <trkpt lat="-33.81873" lon="151.079302">
				 <ele>6.1</ele>
			 </trkpt>
			 <trkpt lat="-33.818708" lon="151.079351">
				 <ele>6.2</ele>
			 </trkpt>
			 <trkpt lat="-33.818685" lon="151.0794">
				 <ele>6.3</ele>
			 </trkpt>
			 <trkpt lat="-33.81865" lon="151.079437">
				 <ele>6.5</ele>
			 </trkpt>
			 <trkpt lat="-33.818615" lon="151.079475">
				 <ele>6.6</ele>
			 </trkpt>
			 <trkpt lat="-33.818573" lon="151.079499">
				 <ele>6.8</ele>
			 </trkpt>
			 <trkpt lat="-33.81853" lon="151.079523">
				 <ele>7</ele>
			 </trkpt>
			 <trkpt lat="-33.818488" lon="151.079527">
				 <ele>7.2</ele>
			 </trkpt>
			 <trkpt lat="-33.818445" lon="151.079531">
				 <ele>7.4</ele>
			 </trkpt>
			 <trkpt lat="-33.81844" lon="151.079583">
				 <ele>7.5</ele>
			 </trkpt>
			 <trkpt lat="-33.818436" lon="151.079635">
				 <ele>7.7</ele>
			 </trkpt>
			 <trkpt lat="-33.818428" lon="151.079685">
				 <ele>7.8</ele>
			 </trkpt>
			 <trkpt lat="-33.818421" lon="151.079736">
				 <ele>7.9</ele>
			 </trkpt>
			 <trkpt lat="-33.818414" lon="151.079786">
				 <ele>8</ele>
			 </trkpt>
			 <trkpt lat="-33.818407" lon="151.079836">
				 <ele>8</ele>
			 </trkpt>
			 <trkpt lat="-33.8184" lon="151.079886">
				 <ele>8</ele>
			 </trkpt>
			 <trkpt lat="-33.818393" lon="151.079937">
				 <ele>7.9</ele>
			 </trkpt>
			 <trkpt lat="-33.818386" lon="151.079987">
				 <ele>7.8</ele>
			 </trkpt>
			 <trkpt lat="-33.818378" lon="151.080037">
				 <ele>7.7</ele>
			 </trkpt>
			 <trkpt lat="-33.818371" lon="151.080099">
				 <ele>7.6</ele>
			 </trkpt>
			 <trkpt lat="-33.818363" lon="151.080161">
				 <ele>7.5</ele>
			 </trkpt>
			 <trkpt lat="-33.818355" lon="151.080223">
				 <ele>7.4</ele>
			 </trkpt>
			 <trkpt lat="-33.818348" lon="151.080285">
				 <ele>7.2</ele>
			 </trkpt>
			 <trkpt lat="-33.818341" lon="151.080347">
				 <ele>7</ele>
			 </trkpt>
			 <trkpt lat="-33.818334" lon="151.080408">
				 <ele>6.8</ele>
			 </trkpt>
			 <trkpt lat="-33.818326" lon="151.08047">
				 <ele>6.6</ele>
			 </trkpt>
			 <trkpt lat="-33.818319" lon="151.080532">
				 <ele>6.5</ele>
			 </trkpt>
			 <trkpt lat="-33.818312" lon="151.080594">
				 <ele>6.4</ele>
			 </trkpt>
			 <trkpt lat="-33.818304" lon="151.080656">
				 <ele>6.3</ele>
			 </trkpt>
			 <trkpt lat="-33.818306" lon="151.080704">
				 <ele>6.2</ele>
			 </trkpt>
			 <trkpt lat="-33.81834" lon="151.080739">
				 <ele>6.1</ele>
			 </trkpt>
			 <trkpt lat="-33.818374" lon="151.080775">
				 <ele>6</ele>
			 </trkpt>
			 <trkpt lat="-33.818407" lon="151.08081">
				 <ele>6.1</ele>
			 </trkpt>
			 <trkpt lat="-33.818441" lon="151.080846">
				 <ele>6.2</ele>
			 </trkpt>
			 <trkpt lat="-33.818483" lon="151.080881">
				 <ele>6.3</ele>
			 </trkpt>
			 <trkpt lat="-33.818524" lon="151.080915">
				 <ele>6.4</ele>
			 </trkpt>
			 <trkpt lat="-33.818566" lon="151.08095">
				 <ele>6.5</ele>
			 </trkpt>
			 <trkpt lat="-33.818608" lon="151.080984">
				 <ele>6.5</ele>
			 </trkpt>
			 <trkpt lat="-33.818649" lon="151.081019">
				 <ele>6.5</ele>
			 </trkpt>
			 <trkpt lat="-33.818691" lon="151.081053">
				 <ele>6.4</ele>
			 </trkpt>
			 <trkpt lat="-33.818713" lon="151.081108">
				 <ele>6.3</ele>
			 </trkpt>
			 <trkpt lat="-33.81871" lon="151.081154">
				 <ele>6.1</ele>
			 </trkpt>
			 <trkpt lat="-33.818707" lon="151.081199">
				 <ele>5.9</ele>
			 </trkpt>
			 <trkpt lat="-33.818706" lon="151.081257">
				 <ele>5.5</ele>
			 </trkpt>
			 <trkpt lat="-33.818694" lon="151.081312">
				 <ele>5.2</ele>
			 </trkpt>
			 <trkpt lat="-33.818682" lon="151.081366">
				 <ele>4.8</ele>
			 </trkpt>
			 <trkpt lat="-33.818669" lon="151.081421">
				 <ele>4.4</ele>
			 </trkpt>
			 <trkpt lat="-33.818657" lon="151.081475">
				 <ele>3.9</ele>
			 </trkpt>
			 <trkpt lat="-33.818645" lon="151.081529">
				 <ele>3.5</ele>
			 </trkpt>
			 <trkpt lat="-33.818633" lon="151.081584">
				 <ele>3.2</ele>
			 </trkpt>
			 <trkpt lat="-33.818625" lon="151.081637">
				 <ele>2.9</ele>
			 </trkpt>
			 <trkpt lat="-33.818618" lon="151.08169">
				 <ele>2.6</ele>
			 </trkpt>
			 <trkpt lat="-33.818611" lon="151.081743">
				 <ele>2.5</ele>
			 </trkpt>
			 <trkpt lat="-33.818603" lon="151.081796">
				 <ele>2.3</ele>
			 </trkpt>
			 <trkpt lat="-33.818596" lon="151.08185">
				 <ele>2.2</ele>
			 </trkpt>
			 <trkpt lat="-33.818589" lon="151.081903">
				 <ele>2.2</ele>
			 </trkpt>
			 <trkpt lat="-33.818582" lon="151.081956">
				 <ele>2.2</ele>
			 </trkpt>
			 <trkpt lat="-33.818574" lon="151.082009">
				 <ele>2.3</ele>
			 </trkpt>
			 <trkpt lat="-33.818567" lon="151.082062">
				 <ele>2.4</ele>
			 </trkpt>
			 <trkpt lat="-33.818559" lon="151.082115">
				 <ele>2.5</ele>
			 </trkpt>
			 <trkpt lat="-33.818555" lon="151.082171">
				 <ele>2.6</ele>
			 </trkpt>
			 <trkpt lat="-33.81855" lon="151.082227">
				 <ele>2.8</ele>
			 </trkpt>
			 <trkpt lat="-33.818545" lon="151.082283">
				 <ele>3</ele>
			 </trkpt>
			 <trkpt lat="-33.81854" lon="151.082339">
				 <ele>3.2</ele>
			 </trkpt>
			 <trkpt lat="-33.818535" lon="151.082395">
				 <ele>3.4</ele>
			 </trkpt>
			 <trkpt lat="-33.818531" lon="151.082451">
				 <ele>3.5</ele>
			 </trkpt>
			 <trkpt lat="-33.818527" lon="151.082507">
				 <ele>3.7</ele>
			 </trkpt>
			 <trkpt lat="-33.818522" lon="151.082563">
				 <ele>3.9</ele>
			 </trkpt>
			 <trkpt lat="-33.818522" lon="151.082625">
				 <ele>4.1</ele>
			 </trkpt>
			 <trkpt lat="-33.818521" lon="151.082687">
				 <ele>4.3</ele>
			 </trkpt>
			 <trkpt lat="-33.818523" lon="151.082745">
				 <ele>4.5</ele>
			 </trkpt>
			 <trkpt lat="-33.818524" lon="151.082803">
				 <ele>4.5</ele>
			 </trkpt>
			 <trkpt lat="-33.818526" lon="151.082861">
				 <ele>4.6</ele>
			 </trkpt>
			 <trkpt lat="-33.818527" lon="151.082919">
				 <ele>4.7</ele>
			 </trkpt>
			 <trkpt lat="-33.818528" lon="151.082977">
				 <ele>4.9</ele>
			 </trkpt>
			 <trkpt lat="-33.81853" lon="151.083035">
				 <ele>5.1</ele>
			 </trkpt>
			 <trkpt lat="-33.818532" lon="151.083094">
				 <ele>5.3</ele>
			 </trkpt>
			 <trkpt lat="-33.818533" lon="151.083152">
				 <ele>5.5</ele>
			 </trkpt>
			 <trkpt lat="-33.818534" lon="151.08321">
				 <ele>5.6</ele>
			 </trkpt>
			 <trkpt lat="-33.818536" lon="151.083268">
				 <ele>5.8</ele>
			 </trkpt>
			 <trkpt lat="-33.818538" lon="151.083326">
				 <ele>6.1</ele>
			 </trkpt>
			 <trkpt lat="-33.818539" lon="151.083384">
				 <ele>6.4</ele>
			 </trkpt>
			 <trkpt lat="-33.81854" lon="151.083442">
				 <ele>6.7</ele>
			 </trkpt>
			 <trkpt lat="-33.818542" lon="151.0835">
				 <ele>7.1</ele>
			 </trkpt>
			 <trkpt lat="-33.818548" lon="151.083553">
				 <ele>7.5</ele>
			 </trkpt>
			 <trkpt lat="-33.818554" lon="151.083607">
				 <ele>7.7</ele>
			 </trkpt>
			 <trkpt lat="-33.818561" lon="151.08366">
				 <ele>8</ele>
			 </trkpt>
			 <trkpt lat="-33.818567" lon="151.083713">
				 <ele>8.3</ele>
			 </trkpt>
			 <trkpt lat="-33.818573" lon="151.083767">
				 <ele>8.5</ele>
			 </trkpt>
			 <trkpt lat="-33.818579" lon="151.08382">
				 <ele>8.5</ele>
			 </trkpt>
			 <trkpt lat="-33.818585" lon="151.083873">
				 <ele>8.6</ele>
			 </trkpt>
			 <trkpt lat="-33.818591" lon="151.083927">
				 <ele>8.5</ele>
			 </trkpt>
			 <trkpt lat="-33.818601" lon="151.083989">
				 <ele>8.5</ele>
			 </trkpt>
			 <trkpt lat="-33.81861" lon="151.084051">
				 <ele>8.2</ele>
			 </trkpt>
			 <trkpt lat="-33.81862" lon="151.084113">
				 <ele>7.9</ele>
			 </trkpt>
			 <trkpt lat="-33.81863" lon="151.084175">
				 <ele>7.5</ele>
			 </trkpt>
			 <trkpt lat="-33.81864" lon="151.084238">
				 <ele>7.1</ele>
			 </trkpt>
			 <trkpt lat="-33.818649" lon="151.0843">
				 <ele>6.6</ele>
			 </trkpt>
			 <trkpt lat="-33.818659" lon="151.084362">
				 <ele>6.1</ele>
			 </trkpt>
			 <trkpt lat="-33.818669" lon="151.084424">
				 <ele>5.5</ele>
			 </trkpt>
			 <trkpt lat="-33.818679" lon="151.084486">
				 <ele>5.1</ele>
			 </trkpt>
			 <trkpt lat="-33.818689" lon="151.084548">
				 <ele>4.5</ele>
			 </trkpt>
			 <trkpt lat="-33.818698" lon="151.084611">
				 <ele>4.1</ele>
			 </trkpt>
			 <trkpt lat="-33.818708" lon="151.084673">
				 <ele>3.6</ele>
			 </trkpt>
			 <trkpt lat="-33.818718" lon="151.084735">
				 <ele>3.3</ele>
			 </trkpt>
			 <trkpt lat="-33.818728" lon="151.084797">
				 <ele>2.9</ele>
			 </trkpt>
			 <trkpt lat="-33.818737" lon="151.084859">
				 <ele>2.7</ele>
			 </trkpt>
			 <trkpt lat="-33.818747" lon="151.084921">
				 <ele>2.6</ele>
			 </trkpt>
			 <trkpt lat="-33.818765" lon="151.084967">
				 <ele>2.5</ele>
			 </trkpt>
			 <trkpt lat="-33.818783" lon="151.085013">
				 <ele>2.6</ele>
			 </trkpt>
			 <trkpt lat="-33.818801" lon="151.085059">
				 <ele>2.7</ele>
			 </trkpt>
			 <trkpt lat="-33.818819" lon="151.085104">
				 <ele>2.9</ele>
			 </trkpt>
			 <trkpt lat="-33.818837" lon="151.08515">
				 <ele>3.2</ele>
			 </trkpt>
			 <trkpt lat="-33.818854" lon="151.085196">
				 <ele>3.5</ele>
			 </trkpt>
			 <trkpt lat="-33.818872" lon="151.085242">
				 <ele>3.9</ele>
			 </trkpt>
			 <trkpt lat="-33.81889" lon="151.085287">
				 <ele>4.3</ele>
			 </trkpt>
			 <trkpt lat="-33.818905" lon="151.085337">
				 <ele>4.7</ele>
			 </trkpt>
			 <trkpt lat="-33.81892" lon="151.085388">
				 <ele>5.1</ele>
			 </trkpt>
			 <trkpt lat="-33.818934" lon="151.085439">
				 <ele>5.5</ele>
			 </trkpt>
			 <trkpt lat="-33.818949" lon="151.085489">
				 <ele>5.9</ele>
			 </trkpt>
			 <trkpt lat="-33.818964" lon="151.08554">
				 <ele>6.3</ele>
			 </trkpt>
			 <trkpt lat="-33.818979" lon="151.085591">
				 <ele>6.6</ele>
			 </trkpt>
			 <trkpt lat="-33.818993" lon="151.085642">
				 <ele>6.9</ele>
			 </trkpt>
			 <trkpt lat="-33.819008" lon="151.085692">
				 <ele>7.2</ele>
			 </trkpt>
			 <trkpt lat="-33.819014" lon="151.085753">
				 <ele>7.5</ele>
			 </trkpt>
			 <trkpt lat="-33.81902" lon="151.085813">
				 <ele>7.7</ele>
			 </trkpt>
			 <trkpt lat="-33.819013" lon="151.085857">
				 <ele>8.1</ele>
			 </trkpt>
			 <trkpt lat="-33.819007" lon="151.0859">
				 <ele>8.4</ele>
			 </trkpt>
			 <trkpt lat="-33.819001" lon="151.085943">
				 <ele>8.6</ele>
			 </trkpt>
			 <trkpt lat="-33.818994" lon="151.085987">
				 <ele>9</ele>
			 </trkpt>
			 <trkpt lat="-33.818997" lon="151.086058">
				 <ele>9.3</ele>
			 </trkpt>
			 <trkpt lat="-33.819023" lon="151.086115">
				 <ele>9.6</ele>
			 </trkpt>
			 <trkpt lat="-33.819047" lon="151.086144">
				 <ele>10</ele>
			 </trkpt>
			 <trkpt lat="-33.819072" lon="151.086173">
				 <ele>10.4</ele>
			 </trkpt>
			 <trkpt lat="-33.819105" lon="151.086203">
				 <ele>10.7</ele>
			 </trkpt>
			 <trkpt lat="-33.819138" lon="151.086232">
				 <ele>11</ele>
			 </trkpt>
			 <trkpt lat="-33.819171" lon="151.086262">
				 <ele>11.3</ele>
			 </trkpt>
			 <trkpt lat="-33.819205" lon="151.086292">
				 <ele>11.4</ele>
			 </trkpt>
			 <trkpt lat="-33.819238" lon="151.086322">
				 <ele>11.5</ele>
			 </trkpt>
			 <trkpt lat="-33.819271" lon="151.086351">
				 <ele>11.5</ele>
			 </trkpt>
			 <trkpt lat="-33.819305" lon="151.086381">
				 <ele>11.4</ele>
			 </trkpt>
			 <trkpt lat="-33.819338" lon="151.08641">
				 <ele>11.3</ele>
			 </trkpt>
			 <trkpt lat="-33.819383" lon="151.086435">
				 <ele>11.1</ele>
			 </trkpt>
			 <trkpt lat="-33.819428" lon="151.086461">
				 <ele>10.9</ele>
			 </trkpt>
			 <trkpt lat="-33.819473" lon="151.086487">
				 <ele>10.6</ele>
			 </trkpt>
			 <trkpt lat="-33.819518" lon="151.086512">
				 <ele>10.4</ele>
			 </trkpt>
			 <trkpt lat="-33.819563" lon="151.086538">
				 <ele>10.1</ele>
			 </trkpt>
			 <trkpt lat="-33.819608" lon="151.086563">
				 <ele>9.8</ele>
			 </trkpt>
			 <trkpt lat="-33.819646" lon="151.086577">
				 <ele>9.6</ele>
			 </trkpt>
			 <trkpt lat="-33.819684" lon="151.08659">
				 <ele>9.5</ele>
			 </trkpt>
			 <trkpt lat="-33.819722" lon="151.086604">
				 <ele>9.4</ele>
			 </trkpt>
			 <trkpt lat="-33.819761" lon="151.086617">
				 <ele>9.4</ele>
			 </trkpt>
			 <trkpt lat="-33.819799" lon="151.086631">
				 <ele>9.4</ele>
			 </trkpt>
			 <trkpt lat="-33.819837" lon="151.086644">
				 <ele>9.4</ele>
			 </trkpt>
			 <trkpt lat="-33.819889" lon="151.086682">
				 <ele>9.4</ele>
			 </trkpt>
			 <trkpt lat="-33.819941" lon="151.086719">
				 <ele>9.5</ele>
			 </trkpt>
			 <trkpt lat="-33.819977" lon="151.086767">
				 <ele>9.5</ele>
			 </trkpt>
			 <trkpt lat="-33.820013" lon="151.086815">
				 <ele>9.6</ele>
			 </trkpt>
			 <trkpt lat="-33.820049" lon="151.086863">
				 <ele>9.7</ele>
			 </trkpt>
			 <trkpt lat="-33.820085" lon="151.086911">
				 <ele>9.8</ele>
			 </trkpt>
			 <trkpt lat="-33.820121" lon="151.086959">
				 <ele>9.9</ele>
			 </trkpt>
			 <trkpt lat="-33.820158" lon="151.087007">
				 <ele>9.9</ele>
			 </trkpt>
			 <trkpt lat="-33.820194" lon="151.087055">
				 <ele>9.8</ele>
			 </trkpt>
			 <trkpt lat="-33.82023" lon="151.087103">
				 <ele>9.6</ele>
			 </trkpt>
			 <trkpt lat="-33.820266" lon="151.087151">
				 <ele>9.5</ele>
			 </trkpt>
			 <trkpt lat="-33.820302" lon="151.087199">
				 <ele>9.3</ele>
			 </trkpt>
			 <trkpt lat="-33.820338" lon="151.087247">
				 <ele>9.1</ele>
			 </trkpt>
			 <trkpt lat="-33.820374" lon="151.087295">
				 <ele>8.9</ele>
			 </trkpt>
			 <trkpt lat="-33.820402" lon="151.087357">
				 <ele>8.8</ele>
			 </trkpt>
			 <trkpt lat="-33.82043" lon="151.087418">
				 <ele>9.5</ele>
			 </trkpt>
			 <trkpt lat="-33.820473" lon="151.087543">
				 <ele>10.2</ele>
			 </trkpt>
			 <trkpt lat="-33.82049" lon="151.08768">
				 <ele>11.2</ele>
			 </trkpt>
			 <trkpt lat="-33.820655" lon="151.088547">
				 <ele>12.5</ele>
			 </trkpt>
			 <trkpt lat="-33.820613" lon="151.088558">
				 <ele>13.8</ele>
			 </trkpt>
			 <trkpt lat="-33.820344" lon="151.088712">
				 <ele>15.3</ele>
			 </trkpt>
			 <trkpt lat="-33.820315" lon="151.088728">
				 <ele>16.6</ele>
			 </trkpt>
			 <trkpt lat="-33.820168" lon="151.088787">
				 <ele>17.9</ele>
			 </trkpt>
			 <trkpt lat="-33.820011" lon="151.088851">
				 <ele>19.1</ele>
			 </trkpt>
			 <trkpt lat="-33.819844" lon="151.088895">
				 <ele>20.3</ele>
			 </trkpt>
			 <trkpt lat="-33.819734" lon="151.088933">
				 <ele>21.5</ele>
			 </trkpt>
			 <trkpt lat="-33.819692" lon="151.088954">
				 <ele>22.2</ele>
			 </trkpt>
			 <trkpt lat="-33.819648" lon="151.089037">
				 <ele>22.7</ele>
			 </trkpt>
			 <trkpt lat="-33.819587" lon="151.089093">
				 <ele>22.8</ele>
			 </trkpt>
			 <trkpt lat="-33.819506" lon="151.089126">
				 <ele>22.7</ele>
			 </trkpt>
			 <trkpt lat="-33.819049" lon="151.08922">
				 <ele>22.4</ele>
			 </trkpt>
			 <trkpt lat="-33.817848" lon="151.089467">
				 <ele>22.1</ele>
			 </trkpt>
			 <trkpt lat="-33.81766" lon="151.08954">
				 <ele>22.1</ele>
			 </trkpt>
			 <trkpt lat="-33.817283" lon="151.089613">
				 <ele>22.3</ele>
			 </trkpt>
			 <trkpt lat="-33.817226" lon="151.089623">
				 <ele>22.4</ele>
			 </trkpt>
			 <trkpt lat="-33.817054" lon="151.089734">
				 <ele>22.5</ele>
			 </trkpt>
			 <trkpt lat="-33.817095" lon="151.089995">
				 <ele>22.5</ele>
			 </trkpt>
			 <trkpt lat="-33.817112" lon="151.090133">
				 <ele>22.2</ele>
			 </trkpt>
			 <trkpt lat="-33.817248" lon="151.090106">
				 <ele>22</ele>
			 </trkpt>
			 <trkpt lat="-33.817685" lon="151.090027">
				 <ele>22.1</ele>
			 </trkpt>
			 <trkpt lat="-33.817724" lon="151.08998">
				 <ele>22.1</ele>
			 </trkpt>
			 <trkpt lat="-33.817745" lon="151.08995">
				 <ele>21.9</ele>
			 </trkpt>
			 <trkpt lat="-33.817859" lon="151.089916">
				 <ele>21.6</ele>
			 </trkpt>
			 <trkpt lat="-33.817967" lon="151.089874">
				 <ele>21.1</ele>
			 </trkpt>
			 <trkpt lat="-33.818551" lon="151.089732">
				 <ele>20.5</ele>
			 </trkpt>
			 <trkpt lat="-33.8191" lon="151.089631">
				 <ele>20</ele>
			 </trkpt>
			 <trkpt lat="-33.819897" lon="151.089444">
				 <ele>19.5</ele>
			 </trkpt>
			 <trkpt lat="-33.820057" lon="151.089421">
				 <ele>19</ele>
			 </trkpt>
			 <trkpt lat="-33.8201" lon="151.089402">
				 <ele>18</ele>
			 </trkpt>
			 <trkpt lat="-33.820128" lon="151.089379">
				 <ele>16.6</ele>
			 </trkpt>
			 <trkpt lat="-33.820166" lon="151.089313">
				 <ele>15.5</ele>
			 </trkpt>
			 <trkpt lat="-33.820218" lon="151.089252">
				 <ele>14.4</ele>
			 </trkpt>
			 <trkpt lat="-33.820275" lon="151.089229">
				 <ele>13.6</ele>
			 </trkpt>
			 <trkpt lat="-33.820636" lon="151.089162">
				 <ele>12.9</ele>
			 </trkpt>
			 <trkpt lat="-33.823222" lon="151.088615">
				 <ele>12.3</ele>
			 </trkpt>
			 <trkpt lat="-33.82367" lon="151.088524">
				 <ele>11.6</ele>
			 </trkpt>
			 <trkpt lat="-33.823715" lon="151.08878">
				 <ele>10.9</ele>
			 </trkpt>
			 <trkpt lat="-33.823733" lon="151.088877">
				 <ele>10.2</ele>
			 </trkpt>
			 <trkpt lat="-33.823742" lon="151.088929">
				 <ele>9.5</ele>
			 </trkpt>
			 <trkpt lat="-33.823705" lon="151.088941">
				 <ele>9.3</ele>
			 </trkpt>
			 <trkpt lat="-33.823667" lon="151.088953">
				 <ele>9.4</ele>
			 </trkpt>
			 <trkpt lat="-33.823629" lon="151.088966">
				 <ele>9.2</ele>
			 </trkpt>
			 <trkpt lat="-33.823592" lon="151.088978">
				 <ele>8.9</ele>
			 </trkpt>
			 <trkpt lat="-33.823555" lon="151.08899">
				 <ele>8.6</ele>
			 </trkpt>
			 <trkpt lat="-33.823517" lon="151.089002">
				 <ele>8.3</ele>
			 </trkpt>
			 <trkpt lat="-33.823475" lon="151.089011">
				 <ele>7.9</ele>
			 </trkpt>
			 <trkpt lat="-33.823433" lon="151.08902">
				 <ele>7.5</ele>
			 </trkpt>
			 <trkpt lat="-33.823391" lon="151.089029">
				 <ele>7.1</ele>
			 </trkpt>
			 <trkpt lat="-33.823349" lon="151.089038">
				 <ele>6.6</ele>
			 </trkpt>
			 <trkpt lat="-33.823307" lon="151.089047">
				 <ele>6.2</ele>
			 </trkpt>
			 <trkpt lat="-33.823264" lon="151.089056">
				 <ele>5.8</ele>
			 </trkpt>
			 <trkpt lat="-33.823222" lon="151.089065">
				 <ele>5.5</ele>
			 </trkpt>
			 <trkpt lat="-33.82318" lon="151.089074">
				 <ele>5.1</ele>
			 </trkpt>
			 <trkpt lat="-33.823173" lon="151.089016">
				 <ele>4.8</ele>
			 </trkpt>
			 <trkpt lat="-33.823166" lon="151.088958">
				 <ele>4.5</ele>
			 </trkpt>
			 <trkpt lat="-33.823159" lon="151.0889">
				 <ele>4.4</ele>
			 </trkpt>
			 <trkpt lat="-33.823151" lon="151.088842">
				 <ele>4.3</ele>
			 </trkpt>
			 <trkpt lat="-33.823148" lon="151.088784">
				 <ele>4.3</ele>
			 </trkpt>
			 <trkpt lat="-33.823144" lon="151.088726">
				 <ele>4.3</ele>
			 </trkpt>
			 <trkpt lat="-33.823141" lon="151.088668">
				 <ele>4.4</ele>
			 </trkpt>
			 <trkpt lat="-33.823137" lon="151.08861">
				 <ele>4.5</ele>
			 </trkpt>
			 <trkpt lat="-33.823133" lon="151.088552">
				 <ele>4.5</ele>
			 </trkpt>
			 <trkpt lat="-33.82313" lon="151.088494">
				 <ele>4.6</ele>
			 </trkpt>
			 <trkpt lat="-33.823127" lon="151.088436">
				 <ele>4.7</ele>
			 </trkpt>
			 <trkpt lat="-33.823123" lon="151.088378">
				 <ele>4.8</ele>
			 </trkpt>
			 <trkpt lat="-33.823114" lon="151.088298">
				 <ele>4.9</ele>
			 </trkpt>
			 <trkpt lat="-33.823116" lon="151.088256">
				 <ele>5</ele>
			 </trkpt>
			 <trkpt lat="-33.823119" lon="151.088213">
				 <ele>5</ele>
			 </trkpt>
			 <trkpt lat="-33.823122" lon="151.08817">
				 <ele>5.1</ele>
			 </trkpt>
			 <trkpt lat="-33.823125" lon="151.088128">
				 <ele>5.2</ele>
			 </trkpt>
			 <trkpt lat="-33.82313" lon="151.08809">
				 <ele>5.4</ele>
			 </trkpt>
			 <trkpt lat="-33.823135" lon="151.088052">
				 <ele>5.5</ele>
			 </trkpt>
			 <trkpt lat="-33.82314" lon="151.088014">
				 <ele>5.8</ele>
			 </trkpt>
			 <trkpt lat="-33.823145" lon="151.087976">
				 <ele>6</ele>
			 </trkpt>
			 <trkpt lat="-33.823148" lon="151.087908">
				 <ele>6.2</ele>
			 </trkpt>
			 <trkpt lat="-33.823151" lon="151.087839">
				 <ele>6.4</ele>
			 </trkpt>
			 <trkpt lat="-33.823153" lon="151.087791">
				 <ele>6.5</ele>
			 </trkpt>
			 <trkpt lat="-33.823155" lon="151.087743">
				 <ele>6.5</ele>
			 </trkpt>
			 <trkpt lat="-33.823157" lon="151.087695">
				 <ele>6.5</ele>
			 </trkpt>
			 <trkpt lat="-33.823159" lon="151.087647">
				 <ele>6.5</ele>
			 </trkpt>
			 <trkpt lat="-33.823126" lon="151.087626">
				 <ele>6.3</ele>
			 </trkpt>
			 <trkpt lat="-33.823093" lon="151.087604">
				 <ele>6</ele>
			 </trkpt>
			 <trkpt lat="-33.82306" lon="151.087583">
				 <ele>5.6</ele>
			 </trkpt>
			 <trkpt lat="-33.823028" lon="151.087561">
				 <ele>5.1</ele>
			 </trkpt>
			 <trkpt lat="-33.823032" lon="151.087513">
				 <ele>4.6</ele>
			 </trkpt>
			 <trkpt lat="-33.823036" lon="151.087464">
				 <ele>4.1</ele>
			 </trkpt>
			 <trkpt lat="-33.823047" lon="151.087415">
				 <ele>3.5</ele>
			 </trkpt>
			 <trkpt lat="-33.823057" lon="151.087365">
				 <ele>2.9</ele>
			 </trkpt>
			 <trkpt lat="-33.82308" lon="151.087306">
				 <ele>2.4</ele>
			 </trkpt>
			 <trkpt lat="-33.823103" lon="151.087246">
				 <ele>1.9</ele>
			 </trkpt>
			 <trkpt lat="-33.823133" lon="151.087199">
				 <ele>1.5</ele>
			 </trkpt>
			 <trkpt lat="-33.823162" lon="151.087151">
				 <ele>1.1</ele>
			 </trkpt>
			 <trkpt lat="-33.823205" lon="151.087109">
				 <ele>0.8</ele>
			 </trkpt>
			 <trkpt lat="-33.823247" lon="151.087067">
				 <ele>0.6</ele>
			 </trkpt>
			 <trkpt lat="-33.823284" lon="151.087035">
				 <ele>0.5</ele>
			 </trkpt>
			 <trkpt lat="-33.82332" lon="151.087002">
				 <ele>0.5</ele>
			 </trkpt>
			 <trkpt lat="-33.823357" lon="151.08697">
				 <ele>0.5</ele>
			 </trkpt>
			 <trkpt lat="-33.823393" lon="151.086938">
				 <ele>0.5</ele>
			 </trkpt>
			 <trkpt lat="-33.82343" lon="151.086906">
				 <ele>0.6</ele>
			 </trkpt>
			 <trkpt lat="-33.823466" lon="151.086873">
				 <ele>0.7</ele>
			 </trkpt>
			 <trkpt lat="-33.823507" lon="151.086839">
				 <ele>0.8</ele>
			 </trkpt>
			 <trkpt lat="-33.823547" lon="151.086804">
				 <ele>0.9</ele>
			 </trkpt>
			 <trkpt lat="-33.823588" lon="151.08677">
				 <ele>1</ele>
			 </trkpt>
			 <trkpt lat="-33.823629" lon="151.086735">
				 <ele>1</ele>
			 </trkpt>
			 <trkpt lat="-33.823669" lon="151.0867">
				 <ele>1</ele>
			 </trkpt>
			 <trkpt lat="-33.82371" lon="151.086665">
				 <ele>1</ele>
			 </trkpt>
			 <trkpt lat="-33.823751" lon="151.086631">
				 <ele>1</ele>
			 </trkpt>
			 <trkpt lat="-33.823791" lon="151.086596">
				 <ele>1.1</ele>
			 </trkpt>
			 <trkpt lat="-33.823832" lon="151.086561">
				 <ele>1.2</ele>
			 </trkpt>
			 <trkpt lat="-33.823873" lon="151.086527">
				 <ele>1.3</ele>
			 </trkpt>
			 <trkpt lat="-33.823914" lon="151.086492">
				 <ele>1.3</ele>
			 </trkpt>
			 <trkpt lat="-33.823954" lon="151.086458">
				 <ele>1.3</ele>
			 </trkpt>
			 <trkpt lat="-33.823995" lon="151.086424">
				 <ele>1.3</ele>
			 </trkpt>
			 <trkpt lat="-33.824036" lon="151.086389">
				 <ele>1.2</ele>
			 </trkpt>
			 <trkpt lat="-33.824077" lon="151.086355">
				 <ele>1.1</ele>
			 </trkpt>
			 <trkpt lat="-33.824117" lon="151.08632">
				 <ele>1</ele>
			 </trkpt>
			 <trkpt lat="-33.824157" lon="151.086285">
				 <ele>0.9</ele>
			 </trkpt>
			 <trkpt lat="-33.824198" lon="151.08625">
				 <ele>0.8</ele>
			 </trkpt>
			 <trkpt lat="-33.824239" lon="151.086216">
				 <ele>0.7</ele>
			 </trkpt>
			 <trkpt lat="-33.82428" lon="151.086181">
				 <ele>0.6</ele>
			 </trkpt>
			 <trkpt lat="-33.82432" lon="151.086147">
				 <ele>0.5</ele>
			 </trkpt>
			 <trkpt lat="-33.824361" lon="151.086112">
				 <ele>0.5</ele>
			 </trkpt>
			 <trkpt lat="-33.824404" lon="151.086076">
				 <ele>0.5</ele>
			 </trkpt>
			 <trkpt lat="-33.824446" lon="151.086041">
				 <ele>0.5</ele>
			 </trkpt>
			 <trkpt lat="-33.824489" lon="151.086006">
				 <ele>0.6</ele>
			 </trkpt>
			 <trkpt lat="-33.824531" lon="151.08597">
				 <ele>0.7</ele>
			 </trkpt>
			 <trkpt lat="-33.824574" lon="151.085935">
				 <ele>0.8</ele>
			 </trkpt>
			 <trkpt lat="-33.824616" lon="151.085899">
				 <ele>1</ele>
			 </trkpt>
			 <trkpt lat="-33.824658" lon="151.085864">
				 <ele>1.2</ele>
			 </trkpt>
			 <trkpt lat="-33.824701" lon="151.085828">
				 <ele>1.3</ele>
			 </trkpt>
			 <trkpt lat="-33.824743" lon="151.085792">
				 <ele>1.4</ele>
			 </trkpt>
			 <trkpt lat="-33.824786" lon="151.085756">
				 <ele>1.5</ele>
			 </trkpt>
			 <trkpt lat="-33.824829" lon="151.085721">
				 <ele>1.7</ele>
			 </trkpt>
			 <trkpt lat="-33.824871" lon="151.085685">
				 <ele>1.9</ele>
			 </trkpt>
			 <trkpt lat="-33.824914" lon="151.085649">
				 <ele>2</ele>
			 </trkpt>
			 <trkpt lat="-33.824956" lon="151.085614">
				 <ele>2.1</ele>
			 </trkpt>
			 <trkpt lat="-33.824999" lon="151.085579">
				 <ele>2.2</ele>
			 </trkpt>
			 <trkpt lat="-33.825041" lon="151.085543">
				 <ele>2.2</ele>
			 </trkpt>
			 <trkpt lat="-33.825083" lon="151.085508">
				 <ele>2.1</ele>
			 </trkpt>
			 <trkpt lat="-33.825126" lon="151.085472">
				 <ele>2</ele>
			 </trkpt>
			 <trkpt lat="-33.825169" lon="151.085437">
				 <ele>1.9</ele>
			 </trkpt>
			 <trkpt lat="-33.825211" lon="151.085402">
				 <ele>1.8</ele>
			 </trkpt>
			 <trkpt lat="-33.825253" lon="151.085367">
				 <ele>1.6</ele>
			 </trkpt>
			 <trkpt lat="-33.825295" lon="151.085333">
				 <ele>1.5</ele>
			 </trkpt>
			 <trkpt lat="-33.825338" lon="151.085298">
				 <ele>1.3</ele>
			 </trkpt>
			 <trkpt lat="-33.82538" lon="151.085263">
				 <ele>1.2</ele>
			 </trkpt>
			 <trkpt lat="-33.825422" lon="151.085229">
				 <ele>1.1</ele>
			 </trkpt>
			 <trkpt lat="-33.825464" lon="151.085194">
				 <ele>1</ele>
			 </trkpt>
			 <trkpt lat="-33.825507" lon="151.085159">
				 <ele>1</ele>
			 </trkpt>
			 <trkpt lat="-33.825549" lon="151.085124">
				 <ele>1.1</ele>
			 </trkpt>
			 <trkpt lat="-33.825592" lon="151.085089">
				 <ele>1.2</ele>
			 </trkpt>
			 <trkpt lat="-33.825634" lon="151.085054">
				 <ele>1.3</ele>
			 </trkpt>
			 <trkpt lat="-33.825676" lon="151.085019">
				 <ele>1.4</ele>
			 </trkpt>
			 <trkpt lat="-33.825718" lon="151.084985">
				 <ele>1.5</ele>
			 </trkpt>
			 <trkpt lat="-33.825761" lon="151.08495">
				 <ele>1.6</ele>
			 </trkpt>
			 <trkpt lat="-33.825803" lon="151.084915">
				 <ele>1.8</ele>
			 </trkpt>
			 <trkpt lat="-33.825845" lon="151.084881">
				 <ele>2</ele>
			 </trkpt>
			 <trkpt lat="-33.825887" lon="151.084846">
				 <ele>2.3</ele>
			 </trkpt>
			 <trkpt lat="-33.82593" lon="151.084811">
				 <ele>2.5</ele>
			 </trkpt>
			 <trkpt lat="-33.825972" lon="151.084776">
				 <ele>2.8</ele>
			 </trkpt>
			 <trkpt lat="-33.826006" lon="151.084747">
				 <ele>3</ele>
			 </trkpt>
			 <trkpt lat="-33.826041" lon="151.084718">
				 <ele>3.2</ele>
			 </trkpt>
			 <trkpt lat="-33.826076" lon="151.084689">
				 <ele>3.4</ele>
			 </trkpt>
			 <trkpt lat="-33.826111" lon="151.08466">
				 <ele>3.5</ele>
			 </trkpt>
			 <trkpt lat="-33.826145" lon="151.084631">
				 <ele>3.7</ele>
			 </trkpt>
			 <trkpt lat="-33.82618" lon="151.084602">
				 <ele>3.9</ele>
			 </trkpt>
			 <trkpt lat="-33.826222" lon="151.084565">
				 <ele>4.1</ele>
			 </trkpt>
			 <trkpt lat="-33.826264" lon="151.084527">
				 <ele>4.2</ele>
			 </trkpt>
			 <trkpt lat="-33.826306" lon="151.084489">
				 <ele>4.2</ele>
			 </trkpt>
			 <trkpt lat="-33.826348" lon="151.084451">
				 <ele>4.2</ele>
			 </trkpt>
			 <trkpt lat="-33.82639" lon="151.084413">
				 <ele>4.1</ele>
			 </trkpt>
			 <trkpt lat="-33.826431" lon="151.084375">
				 <ele>4.1</ele>
			 </trkpt>
			 <trkpt lat="-33.826473" lon="151.084338">
				 <ele>4.1</ele>
			 </trkpt>
			 <trkpt lat="-33.826515" lon="151.0843">
				 <ele>4.1</ele>
			 </trkpt>
			 <trkpt lat="-33.826557" lon="151.084263">
				 <ele>4.1</ele>
			 </trkpt>
			 <trkpt lat="-33.826599" lon="151.084225">
				 <ele>4</ele>
			 </trkpt>
			 <trkpt lat="-33.82664" lon="151.084187">
				 <ele>3.8</ele>
			 </trkpt>
			 <trkpt lat="-33.826682" lon="151.084149">
				 <ele>3.5</ele>
			 </trkpt>
			 <trkpt lat="-33.826724" lon="151.084111">
				 <ele>3.4</ele>
			 </trkpt>
			 <trkpt lat="-33.826766" lon="151.084073">
				 <ele>3.2</ele>
			 </trkpt>
			 <trkpt lat="-33.826808" lon="151.084036">
				 <ele>3</ele>
			 </trkpt>
			 <trkpt lat="-33.82685" lon="151.083998">
				 <ele>2.8</ele>
			 </trkpt>
			 <trkpt lat="-33.826891" lon="151.083966">
				 <ele>2.5</ele>
			 </trkpt>
			 <trkpt lat="-33.826931" lon="151.083934">
				 <ele>2.3</ele>
			 </trkpt>
			 <trkpt lat="-33.826971" lon="151.083902">
				 <ele>2</ele>
			 </trkpt>
			 <trkpt lat="-33.827012" lon="151.08387">
				 <ele>1.7</ele>
			 </trkpt>
			 <trkpt lat="-33.827053" lon="151.083839">
				 <ele>1.5</ele>
			 </trkpt>
			 <trkpt lat="-33.827093" lon="151.083807">
				 <ele>1.4</ele>
			 </trkpt>
			 <trkpt lat="-33.827134" lon="151.083775">
				 <ele>1.3</ele>
			 </trkpt>
			 <trkpt lat="-33.827174" lon="151.083743">
				 <ele>1.2</ele>
			 </trkpt>
			 <trkpt lat="-33.827214" lon="151.083711">
				 <ele>1.1</ele>
			 </trkpt>
			 <trkpt lat="-33.827255" lon="151.083679">
				 <ele>1</ele>
			 </trkpt>
			 <trkpt lat="-33.827296" lon="151.083647">
				 <ele>1</ele>
			 </trkpt>
			 <trkpt lat="-33.827336" lon="151.083615">
				 <ele>1</ele>
			 </trkpt>
			 <trkpt lat="-33.827382" lon="151.083586">
				 <ele>1</ele>
			 </trkpt>
			 <trkpt lat="-33.827427" lon="151.083556">
				 <ele>1</ele>
			 </trkpt>
			 <trkpt lat="-33.827472" lon="151.083527">
				 <ele>0.9</ele>
			 </trkpt>
			 <trkpt lat="-33.827518" lon="151.083497">
				 <ele>0.8</ele>
			 </trkpt>
			 <trkpt lat="-33.827563" lon="151.083467">
				 <ele>0.7</ele>
			 </trkpt>
			 <trkpt lat="-33.827609" lon="151.083438">
				 <ele>0.6</ele>
			 </trkpt>
			 <trkpt lat="-33.827655" lon="151.083409">
				 <ele>0.5</ele>
			 </trkpt>
			 <trkpt lat="-33.8277" lon="151.083379">
				 <ele>0.5</ele>
			 </trkpt>
			 <trkpt lat="-33.827745" lon="151.08335">
				 <ele>0.4</ele>
			 </trkpt>
			 <trkpt lat="-33.827791" lon="151.08332">
				 <ele>0.3</ele>
			 </trkpt>
			 <trkpt lat="-33.827837" lon="151.08329">
				 <ele>0.2</ele>
			 </trkpt>
			 <trkpt lat="-33.827882" lon="151.083261">
				 <ele>0.1</ele>
			 </trkpt>
			 <trkpt lat="-33.827943" lon="151.083272">
				 <ele>0.1</ele>
			 </trkpt>
			 <trkpt lat="-33.827951" lon="151.083328">
				 <ele>0.2</ele>
			 </trkpt>
			 <trkpt lat="-33.827959" lon="151.083383">
				 <ele>0.3</ele>
			 </trkpt>
			 <trkpt lat="-33.827968" lon="151.083439">
				 <ele>0.4</ele>
			 </trkpt>
			 <trkpt lat="-33.827976" lon="151.083495">
				 <ele>0.5</ele>
			 </trkpt>
			 <trkpt lat="-33.827984" lon="151.083551">
				 <ele>0.5</ele>
			 </trkpt>
			 <trkpt lat="-33.827992" lon="151.083606">
				 <ele>0.6</ele>
			 </trkpt>
			 <trkpt lat="-33.828001" lon="151.083662">
				 <ele>0.7</ele>
			 </trkpt>
			 <trkpt lat="-33.828009" lon="151.083717">
				 <ele>0.7</ele>
			 </trkpt>
			 <trkpt lat="-33.828017" lon="151.083773">
				 <ele>0.7</ele>
			 </trkpt>
			 <trkpt lat="-33.828025" lon="151.083828">
				 <ele>0.7</ele>
			 </trkpt>
			 <trkpt lat="-33.828034" lon="151.083884">
				 <ele>0.7</ele>
			 </trkpt>
			 <trkpt lat="-33.828042" lon="151.08394">
				 <ele>0.7</ele>
			 </trkpt>
			 <trkpt lat="-33.82805" lon="151.083996">
				 <ele>0.7</ele>
			 </trkpt>
			 <trkpt lat="-33.828058" lon="151.084051">
				 <ele>0.7</ele>
			 </trkpt>
			 <trkpt lat="-33.828079" lon="151.084022">
				 <ele>0.7</ele>
			 </trkpt>
			 <trkpt lat="-33.828075" lon="151.083983">
				 <ele>0.7</ele>
			 </trkpt>
			 <trkpt lat="-33.828072" lon="151.083944">
				 <ele>0.7</ele>
			 </trkpt>
			 <trkpt lat="-33.828068" lon="151.083905">
				 <ele>0.7</ele>
			 </trkpt>
			 <trkpt lat="-33.828064" lon="151.083866">
				 <ele>0.8</ele>
			 </trkpt>
			 <trkpt lat="-33.828057" lon="151.083815">
				 <ele>0.9</ele>
			 </trkpt>
			 <trkpt lat="-33.82805" lon="151.083764">
				 <ele>0.9</ele>
			 </trkpt>
			 <trkpt lat="-33.828042" lon="151.083713">
				 <ele>0.8</ele>
			 </trkpt>
			 <trkpt lat="-33.828035" lon="151.083662">
				 <ele>0.7</ele>
			 </trkpt>
			 <trkpt lat="-33.828028" lon="151.083611">
				 <ele>0.6</ele>
			 </trkpt>
			 <trkpt lat="-33.828021" lon="151.08356">
				 <ele>0.5</ele>
			 </trkpt>
			 <trkpt lat="-33.828014" lon="151.083509">
				 <ele>0.5</ele>
			 </trkpt>
			 <trkpt lat="-33.828007" lon="151.083458">
				 <ele>0.4</ele>
			 </trkpt>
			 <trkpt lat="-33.828" lon="151.08341">
				 <ele>0.3</ele>
			 </trkpt>
			 <trkpt lat="-33.827992" lon="151.083362">
				 <ele>0.2</ele>
			 </trkpt>
			 <trkpt lat="-33.827984" lon="151.083314">
				 <ele>0.1</ele>
			 </trkpt>
			 <trkpt lat="-33.827976" lon="151.083265">
				 <ele>0</ele>
			 </trkpt>
			 <trkpt lat="-33.827968" lon="151.083217">
				 <ele>0</ele>
			 </trkpt>
			 <trkpt lat="-33.827961" lon="151.083169">
				 <ele>0</ele>
			 </trkpt>
			 <trkpt lat="-33.827954" lon="151.083121">
				 <ele>0</ele>
			 </trkpt>
			 <trkpt lat="-33.827946" lon="151.083072">
				 <ele>0</ele>
			 </trkpt>
			 <trkpt lat="-33.827935" lon="151.08302">
				 <ele>0</ele>
			 </trkpt>
			 <trkpt lat="-33.827924" lon="151.082968">
				 <ele>0</ele>
			 </trkpt>
			 <trkpt lat="-33.827913" lon="151.082916">
				 <ele>0</ele>
			 </trkpt>
			 <trkpt lat="-33.827902" lon="151.082864">
				 <ele>0</ele>
			 </trkpt>
			 <trkpt lat="-33.827888" lon="151.082815">
				 <ele>0</ele>
			 </trkpt>
			 <trkpt lat="-33.827874" lon="151.082766">
				 <ele>0</ele>
			 </trkpt>
			 <trkpt lat="-33.82786" lon="151.082717">
				 <ele>0</ele>
			 </trkpt>
			 <trkpt lat="-33.827845" lon="151.082668">
				 <ele>0</ele>
			 </trkpt>
			 <trkpt lat="-33.827829" lon="151.082624">
				 <ele>0</ele>
			 </trkpt>
			 <trkpt lat="-33.827813" lon="151.082579">
				 <ele>0</ele>
			 </trkpt>
			 <trkpt lat="-33.827796" lon="151.082535">
				 <ele>0</ele>
			 </trkpt>
			 <trkpt lat="-33.82778" lon="151.08249">
				 <ele>0</ele>
			 </trkpt>
			 <trkpt lat="-33.827762" lon="151.082451">
				 <ele>0</ele>
			 </trkpt>
			 <trkpt lat="-33.827745" lon="151.082413">
				 <ele>0</ele>
			 </trkpt>
			 <trkpt lat="-33.827728" lon="151.082375">
				 <ele>0</ele>
			 </trkpt>
			 <trkpt lat="-33.82771" lon="151.082336">
				 <ele>0</ele>
			 </trkpt>
			 <trkpt lat="-33.827696" lon="151.082306">
				 <ele>0</ele>
			 </trkpt>
			 <trkpt lat="-33.827669" lon="151.082258">
				 <ele>0</ele>
			 </trkpt>
			 <trkpt lat="-33.827643" lon="151.082211">
				 <ele>0</ele>
			 </trkpt>
			 <trkpt lat="-33.827617" lon="151.082164">
				 <ele>0</ele>
			 </trkpt>
			 <trkpt lat="-33.82759" lon="151.082116">
				 <ele>0</ele>
			 </trkpt>
			 <trkpt lat="-33.827563" lon="151.082068">
				 <ele>0</ele>
			 </trkpt>
			 <trkpt lat="-33.827537" lon="151.082021">
				 <ele>0</ele>
			 </trkpt>
			 <trkpt lat="-33.827506" lon="151.081969">
				 <ele>0</ele>
			 </trkpt>
			 <trkpt lat="-33.827475" lon="151.081917">
				 <ele>0</ele>
			 </trkpt>
			 <trkpt lat="-33.827444" lon="151.081865">
				 <ele>0</ele>
			 </trkpt>
			 <trkpt lat="-33.827413" lon="151.081814">
				 <ele>0</ele>
			 </trkpt>
			 <trkpt lat="-33.827382" lon="151.081762">
				 <ele>0</ele>
			 </trkpt>
			 <trkpt lat="-33.827351" lon="151.08171">
				 <ele>0</ele>
			 </trkpt>
			 <trkpt lat="-33.82732" lon="151.081659">
				 <ele>0</ele>
			 </trkpt>
			 <trkpt lat="-33.827289" lon="151.081607">
				 <ele>0</ele>
			 </trkpt>
			 <trkpt lat="-33.827258" lon="151.081555">
				 <ele>0</ele>
			 </trkpt>
			 <trkpt lat="-33.827227" lon="151.081503">
				 <ele>0</ele>
			 </trkpt>
			 <trkpt lat="-33.827196" lon="151.081452">
				 <ele>0</ele>
			 </trkpt>
			 <trkpt lat="-33.827165" lon="151.0814">
				 <ele>0</ele>
			 </trkpt>
			 <trkpt lat="-33.827134" lon="151.081348">
				 <ele>0</ele>
			 </trkpt>
			 <trkpt lat="-33.827103" lon="151.081296">
				 <ele>0</ele>
			 </trkpt>
			 <trkpt lat="-33.827072" lon="151.081244">
				 <ele>0</ele>
			 </trkpt>
			 <trkpt lat="-33.827041" lon="151.081192">
				 <ele>0</ele>
			 </trkpt>
			 <trkpt lat="-33.82701" lon="151.081141">
				 <ele>0.1</ele>
			 </trkpt>
			 <trkpt lat="-33.826979" lon="151.081089">
				 <ele>0.3</ele>
			 </trkpt>
			 <trkpt lat="-33.826948" lon="151.081037">
				 <ele>0.6</ele>
			 </trkpt>
			 <trkpt lat="-33.826917" lon="151.080985">
				 <ele>1.1</ele>
			 </trkpt>
			 <trkpt lat="-33.826886" lon="151.080934">
				 <ele>1.7</ele>
			 </trkpt>
			 <trkpt lat="-33.826855" lon="151.080882">
				 <ele>2.5</ele>
			 </trkpt>
			 <trkpt lat="-33.826824" lon="151.08083">
				 <ele>3.2</ele>
			 </trkpt>
			 <trkpt lat="-33.826793" lon="151.080778">
				 <ele>3.9</ele>
			 </trkpt>
			 <trkpt lat="-33.826762" lon="151.080727">
				 <ele>4.6</ele>
			 </trkpt>
			 <trkpt lat="-33.826731" lon="151.080675">
				 <ele>5.4</ele>
			 </trkpt>
			 <trkpt lat="-33.8267" lon="151.080623">
				 <ele>6.1</ele>
			 </trkpt>
			 <trkpt lat="-33.826669" lon="151.080571">
				 <ele>6.7</ele>
			 </trkpt>
			 <trkpt lat="-33.826638" lon="151.080519">
				 <ele>7.3</ele>
			 </trkpt>
			 <trkpt lat="-33.826607" lon="151.080468">
				 <ele>7.6</ele>
			 </trkpt>
			 <trkpt lat="-33.826576" lon="151.080416">
				 <ele>7.8</ele>
			 </trkpt>
			 <trkpt lat="-33.826545" lon="151.080364">
				 <ele>7.8</ele>
			 </trkpt>
			 <trkpt lat="-33.826516" lon="151.080316">
				 <ele>7.7</ele>
			 </trkpt>
			 <trkpt lat="-33.826488" lon="151.080268">
				 <ele>7.6</ele>
			 </trkpt>
			 <trkpt lat="-33.826459" lon="151.08022">
				 <ele>7.5</ele>
			 </trkpt>
			 <trkpt lat="-33.82643" lon="151.080172">
				 <ele>7.5</ele>
			 </trkpt>
			 <trkpt lat="-33.826401" lon="151.080124">
				 <ele>7.3</ele>
			 </trkpt>
			 <trkpt lat="-33.826372" lon="151.080076">
				 <ele>7.1</ele>
			 </trkpt>
			 <trkpt lat="-33.826344" lon="151.080029">
				 <ele>6.9</ele>
			 </trkpt>
			 <trkpt lat="-33.826315" lon="151.079981">
				 <ele>6.6</ele>
			 </trkpt>
			 <trkpt lat="-33.826287" lon="151.079933">
				 <ele>6.4</ele>
			 </trkpt>
			 <trkpt lat="-33.826258" lon="151.079885">
				 <ele>6.1</ele>
			 </trkpt>
			 <trkpt lat="-33.826229" lon="151.079837">
				 <ele>5.8</ele>
			 </trkpt>
			 <trkpt lat="-33.8262" lon="151.079789">
				 <ele>5.5</ele>
			 </trkpt>
			 <trkpt lat="-33.826171" lon="151.079742">
				 <ele>5.2</ele>
			 </trkpt>
			 <trkpt lat="-33.826141" lon="151.079694">
				 <ele>4.8</ele>
			 </trkpt>
			 <trkpt lat="-33.826111" lon="151.079647">
				 <ele>4.5</ele>
			 </trkpt>
			 <trkpt lat="-33.826082" lon="151.079599">
				 <ele>4.2</ele>
			 </trkpt>
			 <trkpt lat="-33.826052" lon="151.079551">
				 <ele>3.9</ele>
			 </trkpt>
			 <trkpt lat="-33.826022" lon="151.079504">
				 <ele>3.6</ele>
			 </trkpt>
			 <trkpt lat="-33.825992" lon="151.079456">
				 <ele>3.5</ele>
			 </trkpt>
			 <trkpt lat="-33.825963" lon="151.079409">
				 <ele>3.3</ele>
			 </trkpt>
			 <trkpt lat="-33.825937" lon="151.079363">
				 <ele>3.2</ele>
			 </trkpt>
			 <trkpt lat="-33.825911" lon="151.079317">
				 <ele>3.2</ele>
			 </trkpt>
			 <trkpt lat="-33.825885" lon="151.079271">
				 <ele>3.2</ele>
			 </trkpt>
			 <trkpt lat="-33.825858" lon="151.079225">
				 <ele>3.4</ele>
			 </trkpt>
			 <trkpt lat="-33.825832" lon="151.079179">
				 <ele>3.5</ele>
			 </trkpt>
			 <trkpt lat="-33.825806" lon="151.079133">
				 <ele>3.7</ele>
			 </trkpt>
			 <trkpt lat="-33.82578" lon="151.079087">
				 <ele>3.9</ele>
			 </trkpt>
			 <trkpt lat="-33.825754" lon="151.079041">
				 <ele>4.2</ele>
			 </trkpt>
			 <trkpt lat="-33.82573" lon="151.078998">
				 <ele>4.5</ele>
			 </trkpt>
			 <trkpt lat="-33.825705" lon="151.078955">
				 <ele>4.7</ele>
			 </trkpt>
			 <trkpt lat="-33.825681" lon="151.078912">
				 <ele>5</ele>
			 </trkpt>
			 <trkpt lat="-33.825656" lon="151.078868">
				 <ele>5.4</ele>
			 </trkpt>
			 <trkpt lat="-33.825614" lon="151.078903">
				 <ele>5.6</ele>
			 </trkpt>
			 <trkpt lat="-33.825571" lon="151.078938">
				 <ele>5.9</ele>
			 </trkpt>
			 <trkpt lat="-33.825528" lon="151.078974">
				 <ele>6.1</ele>
			 </trkpt>
			 <trkpt lat="-33.825486" lon="151.079009">
				 <ele>6.3</ele>
			 </trkpt>
			 <trkpt lat="-33.825443" lon="151.079044">
				 <ele>6.5</ele>
			 </trkpt>
			 <trkpt lat="-33.825401" lon="151.079079">
				 <ele>6.7</ele>
			 </trkpt>
			 <trkpt lat="-33.825359" lon="151.079114">
				 <ele>6.9</ele>
			 </trkpt>
			 <trkpt lat="-33.825316" lon="151.079149">
				 <ele>7.1</ele>
			 </trkpt>
			 <trkpt lat="-33.825274" lon="151.079184">
				 <ele>7.4</ele>
			 </trkpt>
			 <trkpt lat="-33.825231" lon="151.079219">
				 <ele>7.6</ele>
			 </trkpt>
			 <trkpt lat="-33.825188" lon="151.079254">
				 <ele>7.8</ele>
			 </trkpt>
			 <trkpt lat="-33.825146" lon="151.07929">
				 <ele>8.1</ele>
			 </trkpt>
			 <trkpt lat="-33.825103" lon="151.079325">
				 <ele>8.4</ele>
			 </trkpt>
			 <trkpt lat="-33.825061" lon="151.07936">
				 <ele>8.6</ele>
			 </trkpt>
			 <trkpt lat="-33.825018" lon="151.079395">
				 <ele>8.9</ele>
			 </trkpt>
			 <trkpt lat="-33.824976" lon="151.07943">
				 <ele>9.3</ele>
			 </trkpt>
			 <trkpt lat="-33.824934" lon="151.079466">
				 <ele>9.5</ele>
			 </trkpt>
			 <trkpt lat="-33.824891" lon="151.079501">
				 <ele>9.8</ele>
			 </trkpt>
			 <trkpt lat="-33.824849" lon="151.079536">
				 <ele>10.1</ele>
			 </trkpt>
			 <trkpt lat="-33.824806" lon="151.079571">
				 <ele>10.3</ele>
			 </trkpt>
			 <trkpt lat="-33.824764" lon="151.079606">
				 <ele>10.5</ele>
			 </trkpt>
			 <trkpt lat="-33.824721" lon="151.079641">
				 <ele>10.6</ele>
			 </trkpt>
			 <trkpt lat="-33.824678" lon="151.079676">
				 <ele>10.7</ele>
			 </trkpt>
			 <trkpt lat="-33.824636" lon="151.079711">
				 <ele>10.7</ele>
			 </trkpt>
			 <trkpt lat="-33.824593" lon="151.079747">
				 <ele>10.7</ele>
			 </trkpt>
			 <trkpt lat="-33.824551" lon="151.079782">
				 <ele>10.7</ele>
			 </trkpt>
			 <trkpt lat="-33.824509" lon="151.079817">
				 <ele>10.6</ele>
			 </trkpt>
			 <trkpt lat="-33.824466" lon="151.079852">
				 <ele>10.5</ele>
			 </trkpt>
			 <trkpt lat="-33.824424" lon="151.079887">
				 <ele>10.5</ele>
			 </trkpt>
			 <trkpt lat="-33.824381" lon="151.079922">
				 <ele>10.4</ele>
			 </trkpt>
			 <trkpt lat="-33.824338" lon="151.079958">
				 <ele>10.3</ele>
			 </trkpt>
			 <trkpt lat="-33.824296" lon="151.079993">
				 <ele>10.2</ele>
			 </trkpt>
			 <trkpt lat="-33.824269" lon="151.079948">
				 <ele>10</ele>
			 </trkpt>
			 <trkpt lat="-33.824241" lon="151.079902">
				 <ele>9.8</ele>
			 </trkpt>
			 <trkpt lat="-33.824214" lon="151.079857">
				 <ele>9.7</ele>
			 </trkpt>
			 <trkpt lat="-33.824187" lon="151.079811">
				 <ele>9.5</ele>
			 </trkpt>
			 <trkpt lat="-33.82416" lon="151.079766">
				 <ele>9.4</ele>
			 </trkpt>
			 <trkpt lat="-33.824133" lon="151.079721">
				 <ele>9.1</ele>
			 </trkpt>
			 <trkpt lat="-33.824106" lon="151.079676">
				 <ele>8.8</ele>
			 </trkpt>
			 <trkpt lat="-33.824079" lon="151.07963">
				 <ele>8.5</ele>
			 </trkpt>
			 <trkpt lat="-33.824052" lon="151.079585">
				 <ele>8.1</ele>
			 </trkpt>
			 <trkpt lat="-33.824025" lon="151.079539">
				 <ele>7.6</ele>
			 </trkpt>
			 <trkpt lat="-33.823998" lon="151.079494">
				 <ele>7.2</ele>
			 </trkpt>
			 <trkpt lat="-33.82397" lon="151.079449">
				 <ele>6.7</ele>
			 </trkpt>
			 <trkpt lat="-33.823943" lon="151.079404">
				 <ele>6.3</ele>
			 </trkpt>
			 <trkpt lat="-33.823916" lon="151.079358">
				 <ele>5.7</ele>
			 </trkpt>
			 <trkpt lat="-33.823889" lon="151.079313">
				 <ele>5.3</ele>
			 </trkpt>
			 <trkpt lat="-33.823862" lon="151.079267">
				 <ele>4.7</ele>
			 </trkpt>
			 <trkpt lat="-33.823835" lon="151.079222">
				 <ele>4.3</ele>
			 </trkpt>
			 <trkpt lat="-33.823808" lon="151.079177">
				 <ele>3.7</ele>
			 </trkpt>
			 <trkpt lat="-33.823781" lon="151.079131">
				 <ele>3.3</ele>
			 </trkpt>
			 <trkpt lat="-33.823754" lon="151.079086">
				 <ele>2.8</ele>
			 </trkpt>
			 <trkpt lat="-33.823712" lon="151.079122">
				 <ele>2.5</ele>
			 </trkpt>
			 <trkpt lat="-33.823671" lon="151.079158">
				 <ele>2.1</ele>
			 </trkpt>
			 <trkpt lat="-33.82363" lon="151.079195">
				 <ele>1.9</ele>
			 </trkpt>
			 <trkpt lat="-33.823589" lon="151.079231">
				 <ele>1.7</ele>
			 </trkpt>
			 <trkpt lat="-33.823548" lon="151.079267">
				 <ele>1.6</ele>
			 </trkpt>
			 <trkpt lat="-33.823506" lon="151.079303">
				 <ele>1.6</ele>
			 </trkpt>
			 <trkpt lat="-33.823465" lon="151.07934">
				 <ele>1.7</ele>
			 </trkpt>
			 <trkpt lat="-33.823424" lon="151.079376">
				 <ele>1.9</ele>
			 </trkpt>
			 <trkpt lat="-33.823383" lon="151.079412">
				 <ele>2.2</ele>
			 </trkpt>
			 <trkpt lat="-33.823341" lon="151.079448">
				 <ele>2.5</ele>
			 </trkpt>
			 <trkpt lat="-33.8233" lon="151.079484">
				 <ele>2.9</ele>
			 </trkpt>
			 <trkpt lat="-33.823259" lon="151.07952">
				 <ele>3.3</ele>
			 </trkpt>
			 <trkpt lat="-33.823217" lon="151.079557">
				 <ele>3.6</ele>
			 </trkpt>
			 <trkpt lat="-33.823176" lon="151.079593">
				 <ele>3.8</ele>
			 </trkpt>
			 <trkpt lat="-33.823135" lon="151.079629">
				 <ele>4</ele>
			 </trkpt>
			 <trkpt lat="-33.823094" lon="151.079665">
				 <ele>4.2</ele>
			 </trkpt>
			 <trkpt lat="-33.823053" lon="151.079702">
				 <ele>4.2</ele>
			 </trkpt>
			 <trkpt lat="-33.823012" lon="151.079738">
				 <ele>4.2</ele>
			 </trkpt>
			 <trkpt lat="-33.82297" lon="151.079774">
				 <ele>4.1</ele>
			 </trkpt>
			 <trkpt lat="-33.822929" lon="151.07981">
				 <ele>4</ele>
			 </trkpt>
			 <trkpt lat="-33.822888" lon="151.079846">
				 <ele>3.8</ele>
			 </trkpt>
			 <trkpt lat="-33.822847" lon="151.079882">
				 <ele>3.6</ele>
			 </trkpt>
			 <trkpt lat="-33.822806" lon="151.079919">
				 <ele>3.5</ele>
			 </trkpt>
			 <trkpt lat="-33.822764" lon="151.079955">
				 <ele>3.3</ele>
			 </trkpt>
			 <trkpt lat="-33.822722" lon="151.079985">
				 <ele>3.2</ele>
			 </trkpt>
			 <trkpt lat="-33.822681" lon="151.080015">
				 <ele>3</ele>
			 </trkpt>
			 <trkpt lat="-33.822639" lon="151.080045">
				 <ele>2.8</ele>
			 </trkpt>
			 <trkpt lat="-33.822597" lon="151.080076">
				 <ele>2.7</ele>
			 </trkpt>
			 <trkpt lat="-33.822559" lon="151.08006">
				 <ele>2.7</ele>
			 </trkpt>
			 <trkpt lat="-33.822545" lon="151.080001">
				 <ele>2.7</ele>
			 </trkpt>
			 <trkpt lat="-33.822531" lon="151.079942">
				 <ele>2.7</ele>
			 </trkpt>
			 <trkpt lat="-33.822533" lon="151.079902">
				 <ele>2.7</ele>
			 </trkpt>
			 <trkpt lat="-33.822536" lon="151.079862">
				 <ele>2.7</ele>
			 </trkpt>
			 <trkpt lat="-33.822539" lon="151.079822">
				 <ele>2.7</ele>
			 </trkpt>
			 <trkpt lat="-33.822542" lon="151.079782">
				 <ele>2.7</ele>
			 </trkpt>
			 <trkpt lat="-33.822544" lon="151.079742">
				 <ele>2.7</ele>
			 </trkpt>
			 <trkpt lat="-33.822547" lon="151.079701">
				 <ele>2.8</ele>
			 </trkpt>
			 <trkpt lat="-33.82255" lon="151.07966">
				 <ele>2.9</ele>
			 </trkpt>
			 <trkpt lat="-33.822553" lon="151.07962">
				 <ele>3</ele>
			 </trkpt>
			 <trkpt lat="-33.822558" lon="151.079546">
				 <ele>2.9</ele>
			 </trkpt>
			 <trkpt lat="-33.822562" lon="151.079472">
				 <ele>2.8</ele>
			 </trkpt>
			 <trkpt lat="-33.822556" lon="151.079414">
				 <ele>2.7</ele>
			 </trkpt>
			 <trkpt lat="-33.822547" lon="151.079377">
				 <ele>2.6</ele>
			 </trkpt>
			 <trkpt lat="-33.822538" lon="151.079339">
				 <ele>2.5</ele>
			 </trkpt>
			 <trkpt lat="-33.822529" lon="151.079301">
				 <ele>2.5</ele>
			 </trkpt>
			 <trkpt lat="-33.82252" lon="151.079263">
				 <ele>2.4</ele>
			 </trkpt>
			 <trkpt lat="-33.822514" lon="151.079201">
				 <ele>2.3</ele>
			 </trkpt>
			 <trkpt lat="-33.822516" lon="151.079162">
				 <ele>2.2</ele>
			 </trkpt>
			 <trkpt lat="-33.822519" lon="151.079122">
				 <ele>2.1</ele>
			 </trkpt>
			 <trkpt lat="-33.822516" lon="151.07908">
				 <ele>2</ele>
			 </trkpt>
			 <trkpt lat="-33.822512" lon="151.079037">
				 <ele>2</ele>
			 </trkpt>
			 <trkpt lat="-33.82255" lon="151.079032">
				 <ele>2</ele>
			 </trkpt>
			 <trkpt lat="-33.822588" lon="151.079027">
				 <ele>1.9</ele>
			 </trkpt>
			 <trkpt lat="-33.82258" lon="151.078963">
				 <ele>1.8</ele>
			 </trkpt>
			 <trkpt lat="-33.822572" lon="151.0789">
				 <ele>1.7</ele>
			 </trkpt>
			 <trkpt lat="-33.822564" lon="151.078837">
				 <ele>1.6</ele>
			 </trkpt>
			 <trkpt lat="-33.822556" lon="151.078773">
				 <ele>1.6</ele>
			 </trkpt>
			 <trkpt lat="-33.822548" lon="151.078709">
				 <ele>1.6</ele>
			 </trkpt>
			 <trkpt lat="-33.82254" lon="151.078645">
				 <ele>1.6</ele>
			 </trkpt>
			 <trkpt lat="-33.822532" lon="151.078581">
				 <ele>1.7</ele>
			 </trkpt>
			 <trkpt lat="-33.822524" lon="151.078518">
				 <ele>1.7</ele>
			 </trkpt>
			 <trkpt lat="-33.822516" lon="151.078455">
				 <ele>1.7</ele>
			 </trkpt>
			 <trkpt lat="-33.822508" lon="151.078391">
				 <ele>1.8</ele>
			 </trkpt>
			 <trkpt lat="-33.8225" lon="151.078328">
				 <ele>2</ele>
			 </trkpt>
			 <trkpt lat="-33.822492" lon="151.078264">
				 <ele>2.2</ele>
			 </trkpt>
			 <trkpt lat="-33.822531" lon="151.078249">
				 <ele>2.4</ele>
			 </trkpt>
			 <trkpt lat="-33.82257" lon="151.078234">
				 <ele>2.5</ele>
			 </trkpt>
			 <trkpt lat="-33.822604" lon="151.07821">
				 <ele>2.7</ele>
			 </trkpt>
			 <trkpt lat="-33.822639" lon="151.078186">
				 <ele>2.9</ele>
			 </trkpt>
			 <trkpt lat="-33.822674" lon="151.078162">
				 <ele>3.1</ele>
			 </trkpt>
			 <trkpt lat="-33.822708" lon="151.078138">
				 <ele>3.2</ele>
			 </trkpt>
			 <trkpt lat="-33.822747" lon="151.078104">
				 <ele>3.4</ele>
			 </trkpt>
			 <trkpt lat="-33.822786" lon="151.078071">
				 <ele>3.5</ele>
			 </trkpt>
			 <trkpt lat="-33.822825" lon="151.078037">
				 <ele>3.6</ele>
			 </trkpt>
			 <trkpt lat="-33.822864" lon="151.078003">
				 <ele>3.7</ele>
			 </trkpt>
			 <trkpt lat="-33.822903" lon="151.077969">
				 <ele>3.8</ele>
			 </trkpt>
			 <trkpt lat="-33.822942" lon="151.077936">
				 <ele>3.8</ele>
			 </trkpt>
			 <trkpt lat="-33.822981" lon="151.077902">
				 <ele>3.8</ele>
			 </trkpt>
			 <trkpt lat="-33.82302" lon="151.077869">
				 <ele>3.7</ele>
			 </trkpt>
			 <trkpt lat="-33.823055" lon="151.077838">
				 <ele>3.6</ele>
			 </trkpt>
			 <trkpt lat="-33.82309" lon="151.077808">
				 <ele>3.5</ele>
			 </trkpt>
			 <trkpt lat="-33.823146" lon="151.077758">
				 <ele>3.3</ele>
			 </trkpt>
			 <trkpt lat="-33.823187" lon="151.077721">
				 <ele>3.1</ele>
			 </trkpt>
			 <trkpt lat="-33.823228" lon="151.077684">
				 <ele>2.9</ele>
			 </trkpt>
			 <trkpt lat="-33.82327" lon="151.077647">
				 <ele>2.7</ele>
			 </trkpt>
			 <trkpt lat="-33.823311" lon="151.07761">
				 <ele>2.5</ele>
			 </trkpt>
			 <trkpt lat="-33.823352" lon="151.077574">
				 <ele>2.4</ele>
			 </trkpt>
			 <trkpt lat="-33.823394" lon="151.077537">
				 <ele>2.3</ele>
			 </trkpt>
			 <trkpt lat="-33.823435" lon="151.0775">
				 <ele>2.2</ele>
			 </trkpt>
			 <trkpt lat="-33.823476" lon="151.077463">
				 <ele>2.2</ele>
			 </trkpt>
			 <trkpt lat="-33.823518" lon="151.077426">
				 <ele>2.2</ele>
			 </trkpt>
			 <trkpt lat="-33.823559" lon="151.077389">
				 <ele>2.3</ele>
			 </trkpt>
			 <trkpt lat="-33.8236" lon="151.077352">
				 <ele>2.5</ele>
			 </trkpt>
			 <trkpt lat="-33.823641" lon="151.077315">
				 <ele>2.6</ele>
			 </trkpt>
			 <trkpt lat="-33.823682" lon="151.077278">
				 <ele>2.8</ele>
			 </trkpt>
			 <trkpt lat="-33.823724" lon="151.077241">
				 <ele>3</ele>
			 </trkpt>
			 <trkpt lat="-33.823765" lon="151.077204">
				 <ele>3.2</ele>
			 </trkpt>
			 <trkpt lat="-33.823806" lon="151.077167">
				 <ele>3.4</ele>
			 </trkpt>
			 <trkpt lat="-33.823847" lon="151.07713">
				 <ele>3.5</ele>
			 </trkpt>
			 <trkpt lat="-33.823888" lon="151.077093">
				 <ele>3.7</ele>
			 </trkpt>
			 <trkpt lat="-33.82393" lon="151.077057">
				 <ele>3.9</ele>
			 </trkpt>
			 <trkpt lat="-33.823971" lon="151.07702">
				 <ele>4.1</ele>
			 </trkpt>
			 <trkpt lat="-33.824013" lon="151.076983">
				 <ele>4.3</ele>
			 </trkpt>
			 <trkpt lat="-33.824054" lon="151.076946">
				 <ele>4.4</ele>
			 </trkpt>
			 <trkpt lat="-33.824095" lon="151.076909">
				 <ele>4.5</ele>
			 </trkpt>
			 <trkpt lat="-33.824124" lon="151.076883">
				 <ele>4.5</ele>
			 </trkpt>
			 <trkpt lat="-33.824154" lon="151.076857">
				 <ele>4.6</ele>
			 </trkpt>
			 <trkpt lat="-33.824181" lon="151.076835">
				 <ele>4.7</ele>
			 </trkpt>
			 <trkpt lat="-33.824208" lon="151.076813">
				 <ele>4.8</ele>
			 </trkpt>
			 <trkpt lat="-33.824208" lon="151.076772">
				 <ele>4.9</ele>
			 </trkpt>
			 <trkpt lat="-33.824209" lon="151.07673">
				 <ele>5</ele>
			 </trkpt>
			 <trkpt lat="-33.82421" lon="151.076688">
				 <ele>5</ele>
			 </trkpt>
			 <trkpt lat="-33.824211" lon="151.076646">
				 <ele>5</ele>
			 </trkpt>
			 <trkpt lat="-33.824241" lon="151.076613">
				 <ele>5</ele>
			 </trkpt>
			 <trkpt lat="-33.824272" lon="151.076579">
				 <ele>5</ele>
			 </trkpt>
			 <trkpt lat="-33.824303" lon="151.076545">
				 <ele>5</ele>
			 </trkpt>
			 <trkpt lat="-33.824334" lon="151.076511">
				 <ele>5</ele>
			 </trkpt>
			 <trkpt lat="-33.824372" lon="151.076483">
				 <ele>5</ele>
			 </trkpt>
			 <trkpt lat="-33.824411" lon="151.076454">
				 <ele>5</ele>
			 </trkpt>
			 <trkpt lat="-33.82445" lon="151.076426">
				 <ele>5</ele>
			 </trkpt>
			 <trkpt lat="-33.824488" lon="151.076397">
				 <ele>5</ele>
			 </trkpt>
			 <trkpt lat="-33.82453" lon="151.076375">
				 <ele>5</ele>
			 </trkpt>
			 <trkpt lat="-33.824572" lon="151.076353">
				 <ele>5</ele>
			 </trkpt>
			 <trkpt lat="-33.824613" lon="151.076331">
				 <ele>5</ele>
			 </trkpt>
			 <trkpt lat="-33.824655" lon="151.076308">
				 <ele>5</ele>
			 </trkpt>
			 <trkpt lat="-33.824697" lon="151.076286">
				 <ele>5</ele>
			 </trkpt>
			 <trkpt lat="-33.824738" lon="151.076264">
				 <ele>5</ele>
			 </trkpt>
			 <trkpt lat="-33.82478" lon="151.076242">
				 <ele>5.1</ele>
			 </trkpt>
			 <trkpt lat="-33.824822" lon="151.07622">
				 <ele>5.2</ele>
			 </trkpt>
			 <trkpt lat="-33.824872" lon="151.076195">
				 <ele>5.3</ele>
			 </trkpt>
			 <trkpt lat="-33.824922" lon="151.076171">
				 <ele>5.4</ele>
			 </trkpt>
			 <trkpt lat="-33.824963" lon="151.07614">
				 <ele>5.5</ele>
			 </trkpt>
			 <trkpt lat="-33.825004" lon="151.076108">
				 <ele>5.6</ele>
			 </trkpt>
			 <trkpt lat="-33.825046" lon="151.076076">
				 <ele>5.8</ele>
			 </trkpt>
			 <trkpt lat="-33.825087" lon="151.076044">
				 <ele>6</ele>
			 </trkpt>
			 <trkpt lat="-33.825129" lon="151.076012">
				 <ele>6.2</ele>
			 </trkpt>
			 <trkpt lat="-33.82517" lon="151.075981">
				 <ele>6.4</ele>
			 </trkpt>
			 <trkpt lat="-33.825211" lon="151.07595">
				 <ele>6.5</ele>
			 </trkpt>
			 <trkpt lat="-33.825252" lon="151.075918">
				 <ele>6.6</ele>
			 </trkpt>
			 <trkpt lat="-33.825294" lon="151.075884">
				 <ele>6.7</ele>
			 </trkpt>
			 <trkpt lat="-33.825335" lon="151.075849">
				 <ele>6.7</ele>
			 </trkpt>
			 <trkpt lat="-33.825376" lon="151.075814">
				 <ele>6.7</ele>
			 </trkpt>
			 <trkpt lat="-33.825417" lon="151.075779">
				 <ele>6.7</ele>
			 </trkpt>
			 <trkpt lat="-33.825458" lon="151.075744">
				 <ele>6.6</ele>
			 </trkpt>
			 <trkpt lat="-33.8255" lon="151.07571">
				 <ele>6.5</ele>
			 </trkpt>
			 <trkpt lat="-33.825541" lon="151.075675">
				 <ele>6.4</ele>
			 </trkpt>
			 <trkpt lat="-33.825582" lon="151.07564">
				 <ele>6.2</ele>
			 </trkpt>
			 <trkpt lat="-33.825623" lon="151.075605">
				 <ele>6</ele>
			 </trkpt>
			 <trkpt lat="-33.825665" lon="151.075571">
				 <ele>5.8</ele>
			 </trkpt>
			 <trkpt lat="-33.825706" lon="151.075536">
				 <ele>5.6</ele>
			 </trkpt>
			 <trkpt lat="-33.825747" lon="151.075501">
				 <ele>5.5</ele>
			 </trkpt>
			 <trkpt lat="-33.825789" lon="151.075467">
				 <ele>5.4</ele>
			 </trkpt>
			 <trkpt lat="-33.82583" lon="151.075432">
				 <ele>5.3</ele>
			 </trkpt>
			 <trkpt lat="-33.825865" lon="151.075397">
				 <ele>5.2</ele>
			 </trkpt>
			 <trkpt lat="-33.8259" lon="151.075362">
				 <ele>5.2</ele>
			 </trkpt>
			 <trkpt lat="-33.825935" lon="151.075327">
				 <ele>5.2</ele>
			 </trkpt>
			 <trkpt lat="-33.825969" lon="151.075292">
				 <ele>5.3</ele>
			 </trkpt>
			 <trkpt lat="-33.826004" lon="151.075256">
				 <ele>5.4</ele>
			 </trkpt>
			 <trkpt lat="-33.826039" lon="151.075221">
				 <ele>5.5</ele>
			 </trkpt>
			 <trkpt lat="-33.826074" lon="151.075186">
				 <ele>5.5</ele>
			 </trkpt>
			 <trkpt lat="-33.826108" lon="151.075151">
				 <ele>5.6</ele>
			 </trkpt>
			 <trkpt lat="-33.826143" lon="151.075116">
				 <ele>5.7</ele>
			 </trkpt>
			 <trkpt lat="-33.826178" lon="151.075081">
				 <ele>5.8</ele>
			 </trkpt>
			 <trkpt lat="-33.826218" lon="151.075043">
				 <ele>5.9</ele>
			 </trkpt>
			 <trkpt lat="-33.826258" lon="151.075004">
				 <ele>6</ele>
			 </trkpt>
			 <trkpt lat="-33.826299" lon="151.074965">
				 <ele>6</ele>
			 </trkpt>
			 <trkpt lat="-33.826339" lon="151.074926">
				 <ele>6</ele>
			 </trkpt>
			 <trkpt lat="-33.826371" lon="151.074896">
				 <ele>5.9</ele>
			 </trkpt>
			 <trkpt lat="-33.826403" lon="151.074865">
				 <ele>5.8</ele>
			 </trkpt>
			 <trkpt lat="-33.826435" lon="151.074835">
				 <ele>5.7</ele>
			 </trkpt>
			 <trkpt lat="-33.826467" lon="151.074804">
				 <ele>5.6</ele>
			 </trkpt>
			 <trkpt lat="-33.826499" lon="151.074773">
				 <ele>5.5</ele>
			 </trkpt>
			 <trkpt lat="-33.826531" lon="151.074743">
				 <ele>5.5</ele>
			 </trkpt>
			 <trkpt lat="-33.826572" lon="151.074705">
				 <ele>5.4</ele>
			 </trkpt>
			 <trkpt lat="-33.826614" lon="151.074668">
				 <ele>5.4</ele>
			 </trkpt>
			 <trkpt lat="-33.826656" lon="151.07463">
				 <ele>5.4</ele>
			 </trkpt>
			 <trkpt lat="-33.826697" lon="151.074592">
				 <ele>5.4</ele>
			 </trkpt>
			 <trkpt lat="-33.826739" lon="151.074554">
				 <ele>5.5</ele>
			 </trkpt>
			 <trkpt lat="-33.82678" lon="151.074517">
				 <ele>5.6</ele>
			 </trkpt>
			 <trkpt lat="-33.826823" lon="151.07448">
				 <ele>5.8</ele>
			 </trkpt>
			 <trkpt lat="-33.826866" lon="151.074443">
				 <ele>6</ele>
			 </trkpt>
			 <trkpt lat="-33.826909" lon="151.074406">
				 <ele>6.3</ele>
			 </trkpt>
			 <trkpt lat="-33.826952" lon="151.074368">
				 <ele>6.5</ele>
			 </trkpt>
			 <trkpt lat="-33.826994" lon="151.074331">
				 <ele>6.8</ele>
			 </trkpt>
			 <trkpt lat="-33.827037" lon="151.074294">
				 <ele>7.1</ele>
			 </trkpt>
			 <trkpt lat="-33.82708" lon="151.074257">
				 <ele>7.3</ele>
			 </trkpt>
			 <trkpt lat="-33.827123" lon="151.07422">
				 <ele>7.5</ele>
			 </trkpt>
			 <trkpt lat="-33.827166" lon="151.074183">
				 <ele>7.6</ele>
			 </trkpt>
			 <trkpt lat="-33.827209" lon="151.074145">
				 <ele>7.7</ele>
			 </trkpt>
			 <trkpt lat="-33.827252" lon="151.074108">
				 <ele>7.8</ele>
			 </trkpt>
			 <trkpt lat="-33.827295" lon="151.074071">
				 <ele>7.8</ele>
			 </trkpt>
			 <trkpt lat="-33.827337" lon="151.074033">
				 <ele>7.8</ele>
			 </trkpt>
			 <trkpt lat="-33.82738" lon="151.073996">
				 <ele>7.7</ele>
			 </trkpt>
			 <trkpt lat="-33.827423" lon="151.073959">
				 <ele>7.6</ele>
			 </trkpt>
			 <trkpt lat="-33.827466" lon="151.073922">
				 <ele>7.5</ele>
			 </trkpt>
			 <trkpt lat="-33.827505" lon="151.073889">
				 <ele>7.4</ele>
			 </trkpt>
			 <trkpt lat="-33.827544" lon="151.073856">
				 <ele>7.2</ele>
			 </trkpt>
			 <trkpt lat="-33.827584" lon="151.073823">
				 <ele>7</ele>
			 </trkpt>
			 <trkpt lat="-33.827623" lon="151.07379">
				 <ele>6.8</ele>
			 </trkpt>
			 <trkpt lat="-33.827662" lon="151.073757">
				 <ele>6.6</ele>
			 </trkpt>
			 <trkpt lat="-33.827701" lon="151.073723">
				 <ele>6.5</ele>
			 </trkpt>
			 <trkpt lat="-33.82774" lon="151.07369">
				 <ele>6.4</ele>
			 </trkpt>
			 <trkpt lat="-33.82778" lon="151.073657">
				 <ele>6.3</ele>
			 </trkpt>
			 <trkpt lat="-33.827819" lon="151.073624">
				 <ele>6.2</ele>
			 </trkpt>
			 <trkpt lat="-33.827858" lon="151.073591">
				 <ele>6.2</ele>
			 </trkpt>
			 <trkpt lat="-33.827896" lon="151.073548">
				 <ele>6.2</ele>
			 </trkpt>
			 <trkpt lat="-33.827935" lon="151.073504">
				 <ele>6.3</ele>
			 </trkpt>
			 <trkpt lat="-33.827973" lon="151.07346">
				 <ele>6.4</ele>
			 </trkpt>
			 <trkpt lat="-33.828012" lon="151.073416">
				 <ele>6.5</ele>
			 </trkpt>
			 <trkpt lat="-33.828051" lon="151.073373">
				 <ele>6.5</ele>
			 </trkpt>
			 <trkpt lat="-33.828089" lon="151.073329">
				 <ele>6.6</ele>
			 </trkpt>
			 <trkpt lat="-33.828128" lon="151.073286">
				 <ele>6.7</ele>
			 </trkpt>
			 <trkpt lat="-33.828166" lon="151.073242">
				 <ele>6.8</ele>
			 </trkpt>
			 <trkpt lat="-33.828204" lon="151.073198">
				 <ele>6.9</ele>
			 </trkpt>
			 <trkpt lat="-33.828243" lon="151.073154">
				 <ele>7</ele>
			 </trkpt>
			 <trkpt lat="-33.828282" lon="151.07311">
				 <ele>7</ele>
			 </trkpt>
			 <trkpt lat="-33.82832" lon="151.073067">
				 <ele>7</ele>
			 </trkpt>
			 <trkpt lat="-33.828362" lon="151.073034">
				 <ele>7</ele>
			 </trkpt>
			 <trkpt lat="-33.828405" lon="151.073">
				 <ele>7</ele>
			 </trkpt>
			 <trkpt lat="-33.828447" lon="151.072967">
				 <ele>7</ele>
			 </trkpt>
			 <trkpt lat="-33.82849" lon="151.072933">
				 <ele>7</ele>
			 </trkpt>
			 <trkpt lat="-33.828532" lon="151.0729">
				 <ele>7</ele>
			 </trkpt>
			 <trkpt lat="-33.828574" lon="151.072866">
				 <ele>7</ele>
			 </trkpt>
			 <trkpt lat="-33.828617" lon="151.072833">
				 <ele>7</ele>
			 </trkpt>
			 <trkpt lat="-33.828659" lon="151.072799">
				 <ele>7</ele>
			 </trkpt>
			 <trkpt lat="-33.828702" lon="151.072774">
				 <ele>6.9</ele>
			 </trkpt>
			 <trkpt lat="-33.828744" lon="151.072749">
				 <ele>6.8</ele>
			 </trkpt>
			 <trkpt lat="-33.828787" lon="151.072724">
				 <ele>6.8</ele>
			 </trkpt>
			 <trkpt lat="-33.82883" lon="151.072699">
				 <ele>6.8</ele>
			 </trkpt>
			 <trkpt lat="-33.828873" lon="151.072674">
				 <ele>6.8</ele>
			 </trkpt>
			 <trkpt lat="-33.828915" lon="151.072649">
				 <ele>6.8</ele>
			 </trkpt>
			 <trkpt lat="-33.828958" lon="151.072624">
				 <ele>6.8</ele>
			 </trkpt>
			 <trkpt lat="-33.829" lon="151.072599">
				 <ele>6.8</ele>
			 </trkpt>
			 <trkpt lat="-33.829043" lon="151.072574">
				 <ele>6.8</ele>
			 </trkpt>
			 <trkpt lat="-33.829085" lon="151.072549">
				 <ele>6.8</ele>
			 </trkpt>
			 <trkpt lat="-33.829128" lon="151.072524">
				 <ele>6.8</ele>
			 </trkpt>
			 <trkpt lat="-33.829171" lon="151.072499">
				 <ele>6.9</ele>
			 </trkpt>
			 <trkpt lat="-33.829214" lon="151.072474">
				 <ele>7</ele>
			 </trkpt>
			 <trkpt lat="-33.829256" lon="151.072449">
				 <ele>7</ele>
			 </trkpt>
			 <trkpt lat="-33.829296" lon="151.072422">
				 <ele>7</ele>
			 </trkpt>
			 <trkpt lat="-33.829337" lon="151.072394">
				 <ele>7</ele>
			 </trkpt>
			 <trkpt lat="-33.829377" lon="151.072366">
				 <ele>7</ele>
			 </trkpt>
			 <trkpt lat="-33.829417" lon="151.072338">
				 <ele>7</ele>
			 </trkpt>
			 <trkpt lat="-33.829458" lon="151.072311">
				 <ele>7</ele>
			 </trkpt>
			 <trkpt lat="-33.829498" lon="151.072283">
				 <ele>6.9</ele>
			 </trkpt>
			 <trkpt lat="-33.829538" lon="151.072255">
				 <ele>6.8</ele>
			 </trkpt>
			 <trkpt lat="-33.829578" lon="151.072227">
				 <ele>6.7</ele>
			 </trkpt>
			 <trkpt lat="-33.829618" lon="151.0722">
				 <ele>6.6</ele>
			 </trkpt>
			 <trkpt lat="-33.829659" lon="151.072172">
				 <ele>6.5</ele>
			 </trkpt>
			 <trkpt lat="-33.829703" lon="151.072121">
				 <ele>6.5</ele>
			 </trkpt>
			 <trkpt lat="-33.829746" lon="151.07207">
				 <ele>6.3</ele>
			 </trkpt>
			 <trkpt lat="-33.829789" lon="151.072019">
				 <ele>6.1</ele>
			 </trkpt>
			 <trkpt lat="-33.829833" lon="151.071968">
				 <ele>5.9</ele>
			 </trkpt>
			 <trkpt lat="-33.829831" lon="151.071908">
				 <ele>5.6</ele>
			 </trkpt>
			 <trkpt lat="-33.829829" lon="151.071848">
				 <ele>5.4</ele>
			 </trkpt>
			 <trkpt lat="-33.829878" lon="151.071804">
				 <ele>5.2</ele>
			 </trkpt>
			 <trkpt lat="-33.829926" lon="151.07176">
				 <ele>5</ele>
			 </trkpt>
			 <trkpt lat="-33.829975" lon="151.071716">
				 <ele>4.7</ele>
			 </trkpt>
			 <trkpt lat="-33.830024" lon="151.071672">
				 <ele>4.5</ele>
			 </trkpt>
			 <trkpt lat="-33.830072" lon="151.071628">
				 <ele>4.2</ele>
			 </trkpt>
			 <trkpt lat="-33.830121" lon="151.071584">
				 <ele>4</ele>
			 </trkpt>
			 <trkpt lat="-33.83017" lon="151.07154">
				 <ele>3.9</ele>
			 </trkpt>
			 <trkpt lat="-33.830219" lon="151.071496">
				 <ele>3.8</ele>
			 </trkpt>
			 <trkpt lat="-33.830267" lon="151.071452">
				 <ele>3.7</ele>
			 </trkpt>
			 <trkpt lat="-33.830316" lon="151.071408">
				 <ele>3.7</ele>
			 </trkpt>
			 <trkpt lat="-33.830365" lon="151.071364">
				 <ele>3.7</ele>
			 </trkpt>
			 <trkpt lat="-33.830413" lon="151.07132">
				 <ele>3.7</ele>
			 </trkpt>
			 <trkpt lat="-33.830462" lon="151.071276">
				 <ele>3.7</ele>
			 </trkpt>
			 <trkpt lat="-33.830508" lon="151.071228">
				 <ele>3.8</ele>
			 </trkpt>
			 <trkpt lat="-33.830555" lon="151.071179">
				 <ele>3.9</ele>
			 </trkpt>
			 <trkpt lat="-33.830601" lon="151.071131">
				 <ele>4</ele>
			 </trkpt>
			 <trkpt lat="-33.830608" lon="151.07107">
				 <ele>4</ele>
			 </trkpt>
			 <trkpt lat="-33.830616" lon="151.07101">
				 <ele>4</ele>
			 </trkpt>
			 <trkpt lat="-33.830623" lon="151.07095">
				 <ele>4</ele>
			 </trkpt>
			 <trkpt lat="-33.83063" lon="151.070889">
				 <ele>4</ele>
			 </trkpt>
			 <trkpt lat="-33.83068" lon="151.070844">
				 <ele>4</ele>
			 </trkpt>
			 <trkpt lat="-33.830729" lon="151.070799">
				 <ele>4</ele>
			 </trkpt>
			 <trkpt lat="-33.830772" lon="151.070746">
				 <ele>4.1</ele>
			 </trkpt>
			 <trkpt lat="-33.830815" lon="151.070694">
				 <ele>4.3</ele>
			 </trkpt>
			 <trkpt lat="-33.830849" lon="151.070634">
				 <ele>4.5</ele>
			 </trkpt>
			 <trkpt lat="-33.830883" lon="151.070575">
				 <ele>4.7</ele>
			 </trkpt>
			 <trkpt lat="-33.830917" lon="151.070515">
				 <ele>5</ele>
			 </trkpt>
			 <trkpt lat="-33.830951" lon="151.070455">
				 <ele>5.4</ele>
			 </trkpt>
			 <trkpt lat="-33.830985" lon="151.070396">
				 <ele>5.7</ele>
			 </trkpt>
			 <trkpt lat="-33.831019" lon="151.070336">
				 <ele>6.2</ele>
			 </trkpt>
			 <trkpt lat="-33.831051" lon="151.070294">
				 <ele>6.6</ele>
			 </trkpt>
			 <trkpt lat="-33.831084" lon="151.070251">
				 <ele>7.1</ele>
			 </trkpt>
			 <trkpt lat="-33.831116" lon="151.070209">
				 <ele>7.5</ele>
			 </trkpt>
			 <trkpt lat="-33.831076" lon="151.070182">
				 <ele>7.9</ele>
			 </trkpt>
			 <trkpt lat="-33.831035" lon="151.070168">
				 <ele>8.2</ele>
			 </trkpt>
			 <trkpt lat="-33.830994" lon="151.070155">
				 <ele>8.4</ele>
			 </trkpt>
			 <trkpt lat="-33.83095" lon="151.070151">
				 <ele>8.5</ele>
			 </trkpt>
			 <trkpt lat="-33.830906" lon="151.070146">
				 <ele>8.5</ele>
			 </trkpt>
			 <trkpt lat="-33.830865" lon="151.070151">
				 <ele>8.5</ele>
			 </trkpt>
			 <trkpt lat="-33.830823" lon="151.070156">
				 <ele>8.4</ele>
			 </trkpt>
			 <trkpt lat="-33.830775" lon="151.070166">
				 <ele>8.2</ele>
			 </trkpt>
			 <trkpt lat="-33.830727" lon="151.070176">
				 <ele>8</ele>
			 </trkpt>
			 <trkpt lat="-33.830668" lon="151.070197">
				 <ele>7.7</ele>
			 </trkpt>
			 <trkpt lat="-33.830609" lon="151.070218">
				 <ele>7.5</ele>
			 </trkpt>
			 <trkpt lat="-33.83055" lon="151.070239">
				 <ele>7.2</ele>
			 </trkpt>
			 <trkpt lat="-33.830491" lon="151.07026">
				 <ele>6.9</ele>
			 </trkpt>
			 <trkpt lat="-33.830433" lon="151.07028">
				 <ele>6.7</ele>
			 </trkpt>
			 <trkpt lat="-33.830374" lon="151.070301">
				 <ele>6.5</ele>
			 </trkpt>
			 <trkpt lat="-33.830315" lon="151.070322">
				 <ele>6.4</ele>
			 </trkpt>
			 <trkpt lat="-33.830256" lon="151.070343">
				 <ele>6.3</ele>
			 </trkpt>
			 <trkpt lat="-33.830197" lon="151.070364">
				 <ele>6.3</ele>
			 </trkpt>
			 <trkpt lat="-33.830139" lon="151.070367">
				 <ele>6.3</ele>
			 </trkpt>
			 <trkpt lat="-33.830081" lon="151.070369">
				 <ele>6.3</ele>
			 </trkpt>
			 <trkpt lat="-33.830022" lon="151.070366">
				 <ele>6.4</ele>
			 </trkpt>
			 <trkpt lat="-33.829963" lon="151.070363">
				 <ele>6.5</ele>
			 </trkpt>
			 <trkpt lat="-33.829903" lon="151.070359">
				 <ele>6.6</ele>
			 </trkpt>
			 <trkpt lat="-33.829844" lon="151.070356">
				 <ele>6.8</ele>
			 </trkpt>
			 <trkpt lat="-33.829785" lon="151.070353">
				 <ele>7</ele>
			 </trkpt>
			 <trkpt lat="-33.829726" lon="151.07035">
				 <ele>7.2</ele>
			 </trkpt>
			 <trkpt lat="-33.829666" lon="151.070346">
				 <ele>7.4</ele>
			 </trkpt>
			 <trkpt lat="-33.829607" lon="151.070343">
				 <ele>7.5</ele>
			 </trkpt>
			 <trkpt lat="-33.829548" lon="151.07034">
				 <ele>7.6</ele>
			 </trkpt>
			 <trkpt lat="-33.829495" lon="151.070343">
				 <ele>7.6</ele>
			 </trkpt>
			 <trkpt lat="-33.829441" lon="151.070347">
				 <ele>7.7</ele>
			 </trkpt>
			 <trkpt lat="-33.829388" lon="151.07035">
				 <ele>7.8</ele>
			 </trkpt>
			 <trkpt lat="-33.829334" lon="151.070354">
				 <ele>7.9</ele>
			 </trkpt>
			 <trkpt lat="-33.829281" lon="151.070357">
				 <ele>7.9</ele>
			 </trkpt>
			 <trkpt lat="-33.829224" lon="151.070359">
				 <ele>8</ele>
			 </trkpt>
			 <trkpt lat="-33.829167" lon="151.07036">
				 <ele>8.2</ele>
			 </trkpt>
			 <trkpt lat="-33.82911" lon="151.070362">
				 <ele>8.4</ele>
			 </trkpt>
			 <trkpt lat="-33.829053" lon="151.070364">
				 <ele>8.6</ele>
			 </trkpt>
			 <trkpt lat="-33.828996" lon="151.070365">
				 <ele>9</ele>
			 </trkpt>
			 <trkpt lat="-33.828939" lon="151.070367">
				 <ele>9.4</ele>
			 </trkpt>
			 <trkpt lat="-33.828883" lon="151.070372">
				 <ele>9.9</ele>
			 </trkpt>
			 <trkpt lat="-33.828828" lon="151.070378">
				 <ele>10.5</ele>
			 </trkpt>
			 <trkpt lat="-33.828772" lon="151.070383">
				 <ele>11</ele>
			 </trkpt>
			 <trkpt lat="-33.828717" lon="151.070388">
				 <ele>11.6</ele>
			 </trkpt>
			 <trkpt lat="-33.828662" lon="151.070394">
				 <ele>12.3</ele>
			 </trkpt>
			 <trkpt lat="-33.828606" lon="151.070399">
				 <ele>12.8</ele>
			 </trkpt>
			 <trkpt lat="-33.828547" lon="151.070402">
				 <ele>13.4</ele>
			 </trkpt>
			 <trkpt lat="-33.828488" lon="151.070405">
				 <ele>13.9</ele>
			 </trkpt>
			 <trkpt lat="-33.828429" lon="151.070408">
				 <ele>14.3</ele>
			 </trkpt>
			 <trkpt lat="-33.82837" lon="151.070411">
				 <ele>14.5</ele>
			 </trkpt>
			 <trkpt lat="-33.828311" lon="151.070415">
				 <ele>14.7</ele>
			 </trkpt>
			 <trkpt lat="-33.828251" lon="151.070418">
				 <ele>14.8</ele>
			 </trkpt>
			 <trkpt lat="-33.828192" lon="151.070421">
				 <ele>14.7</ele>
			 </trkpt>
			 <trkpt lat="-33.828133" lon="151.070424">
				 <ele>14.6</ele>
			 </trkpt>
			 <trkpt lat="-33.828074" lon="151.070427">
				 <ele>14.4</ele>
			 </trkpt>
			 <trkpt lat="-33.828015" lon="151.07043">
				 <ele>14.1</ele>
			 </trkpt>
			 <trkpt lat="-33.827977" lon="151.070424">
				 <ele>13.8</ele>
			 </trkpt>
			 <trkpt lat="-33.827938" lon="151.070418">
				 <ele>13.4</ele>
			 </trkpt>
			 <trkpt lat="-33.827899" lon="151.070412">
				 <ele>12.8</ele>
			 </trkpt>
			 <trkpt lat="-33.82786" lon="151.070407">
				 <ele>12.4</ele>
			 </trkpt>
			 <trkpt lat="-33.827821" lon="151.070401">
				 <ele>11.9</ele>
			 </trkpt>
			 <trkpt lat="-33.827783" lon="151.070395">
				 <ele>11.5</ele>
			 </trkpt>
			 <trkpt lat="-33.827724" lon="151.070371">
				 <ele>11</ele>
			 </trkpt>
			 <trkpt lat="-33.827681" lon="151.070337">
				 <ele>10.6</ele>
			 </trkpt>
			 <trkpt lat="-33.827638" lon="151.070303">
				 <ele>10.2</ele>
			 </trkpt>
			 <trkpt lat="-33.827595" lon="151.070269">
				 <ele>9.8</ele>
			 </trkpt>
			 <trkpt lat="-33.827552" lon="151.070236">
				 <ele>9.5</ele>
			 </trkpt>
			 <trkpt lat="-33.827509" lon="151.070202">
				 <ele>9.1</ele>
			 </trkpt>
			 <trkpt lat="-33.827466" lon="151.070168">
				 <ele>8.8</ele>
			 </trkpt>
			 <trkpt lat="-33.827423" lon="151.070134">
				 <ele>8.6</ele>
			 </trkpt>
			 <trkpt lat="-33.82738" lon="151.070101">
				 <ele>8.5</ele>
			 </trkpt>
			 <trkpt lat="-33.827346" lon="151.070118">
				 <ele>8.2</ele>
			 </trkpt>
			 <trkpt lat="-33.827311" lon="151.070161">
				 <ele>8</ele>
			 </trkpt>
			 <trkpt lat="-33.827276" lon="151.070205">
				 <ele>7.7</ele>
			 </trkpt>
			 <trkpt lat="-33.827241" lon="151.070248">
				 <ele>7.5</ele>
			 </trkpt>
			 <trkpt lat="-33.827206" lon="151.070292">
				 <ele>7.2</ele>
			 </trkpt>
			 <trkpt lat="-33.827171" lon="151.070335">
				 <ele>6.9</ele>
			 </trkpt>
			 <trkpt lat="-33.827137" lon="151.070378">
				 <ele>6.5</ele>
			 </trkpt>
			 <trkpt lat="-33.827102" lon="151.070422">
				 <ele>6.2</ele>
			 </trkpt>
			 <trkpt lat="-33.827067" lon="151.070465">
				 <ele>5.7</ele>
			 </trkpt>
			 <trkpt lat="-33.827032" lon="151.070509">
				 <ele>5.3</ele>
			 </trkpt>
			 <trkpt lat="-33.826997" lon="151.070552">
				 <ele>4.8</ele>
			 </trkpt>
			 <trkpt lat="-33.826961" lon="151.07059">
				 <ele>4.4</ele>
			 </trkpt>
			 <trkpt lat="-33.826925" lon="151.070629">
				 <ele>3.9</ele>
			 </trkpt>
			 <trkpt lat="-33.826889" lon="151.070667">
				 <ele>3.5</ele>
			 </trkpt>
			 <trkpt lat="-33.826853" lon="151.070705">
				 <ele>3</ele>
			 </trkpt>
			 <trkpt lat="-33.826818" lon="151.070743">
				 <ele>2.6</ele>
			 </trkpt>
			 <trkpt lat="-33.826782" lon="151.070782">
				 <ele>2.3</ele>
			 </trkpt>
			 <trkpt lat="-33.826746" lon="151.07082">
				 <ele>2</ele>
			 </trkpt>
			 <trkpt lat="-33.82671" lon="151.070858">
				 <ele>1.7</ele>
			 </trkpt>
			 <trkpt lat="-33.826674" lon="151.070896">
				 <ele>1.5</ele>
			 </trkpt>
			 <trkpt lat="-33.826638" lon="151.070934">
				 <ele>1.4</ele>
			 </trkpt>
			 <trkpt lat="-33.826602" lon="151.070972">
				 <ele>1.2</ele>
			 </trkpt>
			 <trkpt lat="-33.826566" lon="151.071011">
				 <ele>1.1</ele>
			 </trkpt>
			 <trkpt lat="-33.826531" lon="151.07105">
				 <ele>1</ele>
			 </trkpt>
			 <trkpt lat="-33.826495" lon="151.071088">
				 <ele>1.1</ele>
			 </trkpt>
			 <trkpt lat="-33.826459" lon="151.071126">
				 <ele>1.2</ele>
			 </trkpt>
			 <trkpt lat="-33.826423" lon="151.071164">
				 <ele>1.3</ele>
			 </trkpt>
			 <trkpt lat="-33.826391" lon="151.071193">
				 <ele>1.4</ele>
			 </trkpt>
			 <trkpt lat="-33.826358" lon="151.071221">
				 <ele>1.4</ele>
			 </trkpt>
			 <trkpt lat="-33.826326" lon="151.071249">
				 <ele>1.4</ele>
			 </trkpt>
			 <trkpt lat="-33.826294" lon="151.071277">
				 <ele>1.4</ele>
			 </trkpt>
			 <trkpt lat="-33.826258" lon="151.071317">
				 <ele>1.5</ele>
			 </trkpt>
			 <trkpt lat="-33.826222" lon="151.071357">
				 <ele>1.5</ele>
			 </trkpt>
			 <trkpt lat="-33.826193" lon="151.071398">
				 <ele>1.6</ele>
			 </trkpt>
			 <trkpt lat="-33.826164" lon="151.07144">
				 <ele>1.7</ele>
			 </trkpt>
			 <trkpt lat="-33.826134" lon="151.071482">
				 <ele>1.8</ele>
			 </trkpt>
			 <trkpt lat="-33.826105" lon="151.071524">
				 <ele>1.9</ele>
			 </trkpt>
			 <trkpt lat="-33.826082" lon="151.071581">
				 <ele>2</ele>
			 </trkpt>
			 <trkpt lat="-33.82606" lon="151.071637">
				 <ele>2.1</ele>
			 </trkpt>
			 <trkpt lat="-33.826038" lon="151.071694">
				 <ele>2.3</ele>
			 </trkpt>
			 <trkpt lat="-33.826016" lon="151.07175">
				 <ele>2.5</ele>
			 </trkpt>
			 <trkpt lat="-33.825994" lon="151.071806">
				 <ele>2.6</ele>
			 </trkpt>
			 <trkpt lat="-33.825971" lon="151.071862">
				 <ele>2.7</ele>
			 </trkpt>
			 <trkpt lat="-33.825949" lon="151.071919">
				 <ele>2.8</ele>
			 </trkpt>
			 <trkpt lat="-33.825927" lon="151.071975">
				 <ele>2.8</ele>
			 </trkpt>
			 <trkpt lat="-33.825905" lon="151.072032">
				 <ele>2.8</ele>
			 </trkpt>
			 <trkpt lat="-33.825882" lon="151.072088">
				 <ele>2.7</ele>
			 </trkpt>
			 <trkpt lat="-33.82586" lon="151.072145">
				 <ele>2.6</ele>
			 </trkpt>
			 <trkpt lat="-33.825837" lon="151.072201">
				 <ele>2.5</ele>
			 </trkpt>
			 <trkpt lat="-33.825815" lon="151.072258">
				 <ele>2.5</ele>
			 </trkpt>
			 <trkpt lat="-33.825793" lon="151.072314">
				 <ele>2.4</ele>
			 </trkpt>
			 <trkpt lat="-33.82577" lon="151.07237">
				 <ele>2.3</ele>
			 </trkpt>
			 <trkpt lat="-33.825748" lon="151.072426">
				 <ele>2.2</ele>
			 </trkpt>
			 <trkpt lat="-33.825726" lon="151.072483">
				 <ele>2.1</ele>
			 </trkpt>
			 <trkpt lat="-33.825704" lon="151.072539">
				 <ele>2</ele>
			 </trkpt>
			 <trkpt lat="-33.825682" lon="151.072596">
				 <ele>2.1</ele>
			 </trkpt>
			 <trkpt lat="-33.825659" lon="151.072652">
				 <ele>2.2</ele>
			 </trkpt>
			 <trkpt lat="-33.825647" lon="151.072688">
				 <ele>2.3</ele>
			 </trkpt>
			 <trkpt lat="-33.825635" lon="151.072723">
				 <ele>2.5</ele>
			 </trkpt>
			 <trkpt lat="-33.825623" lon="151.072758">
				 <ele>2.6</ele>
			 </trkpt>
			 <trkpt lat="-33.825611" lon="151.072794">
				 <ele>2.9</ele>
			 </trkpt>
			 <trkpt lat="-33.825582" lon="151.072836">
				 <ele>3.2</ele>
			 </trkpt>
			 <trkpt lat="-33.825553" lon="151.072879">
				 <ele>3.5</ele>
			 </trkpt>
			 <trkpt lat="-33.825525" lon="151.072922">
				 <ele>3.9</ele>
			 </trkpt>
			 <trkpt lat="-33.825496" lon="151.072964">
				 <ele>4.3</ele>
			 </trkpt>
			 <trkpt lat="-33.825467" lon="151.073006">
				 <ele>4.6</ele>
			 </trkpt>
			 <trkpt lat="-33.825438" lon="151.073048">
				 <ele>4.9</ele>
			 </trkpt>
			 <trkpt lat="-33.825409" lon="151.073091">
				 <ele>5.2</ele>
			 </trkpt>
			 <trkpt lat="-33.82538" lon="151.073133">
				 <ele>5.5</ele>
			 </trkpt>
			 <trkpt lat="-33.825337" lon="151.073174">
				 <ele>5.5</ele>
			 </trkpt>
			 <trkpt lat="-33.825287" lon="151.073201">
				 <ele>5.6</ele>
			 </trkpt>
			 <trkpt lat="-33.825231" lon="151.073215">
				 <ele>5.6</ele>
			 </trkpt>
			 <trkpt lat="-33.82518" lon="151.073215">
				 <ele>5.5</ele>
			 </trkpt>
			 <trkpt lat="-33.825128" lon="151.073215">
				 <ele>5.4</ele>
			 </trkpt>
			 <trkpt lat="-33.825077" lon="151.073223">
				 <ele>5.2</ele>
			 </trkpt>
			 <trkpt lat="-33.825027" lon="151.073231">
				 <ele>5</ele>
			 </trkpt>
			 <trkpt lat="-33.824987" lon="151.073241">
				 <ele>4.7</ele>
			 </trkpt>
			 <trkpt lat="-33.824948" lon="151.073251">
				 <ele>4.5</ele>
			 </trkpt>
			 <trkpt lat="-33.824908" lon="151.073261">
				 <ele>4.2</ele>
			 </trkpt>
			 <trkpt lat="-33.824868" lon="151.07327">
				 <ele>3.8</ele>
			 </trkpt>
			 <trkpt lat="-33.824816" lon="151.073287">
				 <ele>3.5</ele>
			 </trkpt>
			 <trkpt lat="-33.824765" lon="151.073305">
				 <ele>3.3</ele>
			 </trkpt>
			 <trkpt lat="-33.824714" lon="151.073323">
				 <ele>3</ele>
			 </trkpt>
			 <trkpt lat="-33.824662" lon="151.073341">
				 <ele>2.8</ele>
			 </trkpt>
			 <trkpt lat="-33.82461" lon="151.073358">
				 <ele>2.6</ele>
			 </trkpt>
			 <trkpt lat="-33.824559" lon="151.073376">
				 <ele>2.5</ele>
			 </trkpt>
			 <trkpt lat="-33.82451" lon="151.073397">
				 <ele>2.3</ele>
			 </trkpt>
			 <trkpt lat="-33.82446" lon="151.073417">
				 <ele>2.2</ele>
			 </trkpt>
			 <trkpt lat="-33.82441" lon="151.073438">
				 <ele>2.1</ele>
			 </trkpt>
			 <trkpt lat="-33.824361" lon="151.073458">
				 <ele>2</ele>
			 </trkpt>
			 <trkpt lat="-33.824324" lon="151.073477">
				 <ele>2</ele>
			 </trkpt>
			 <trkpt lat="-33.824286" lon="151.073496">
				 <ele>2.1</ele>
			 </trkpt>
			 <trkpt lat="-33.824248" lon="151.073514">
				 <ele>2.2</ele>
			 </trkpt>
			 <trkpt lat="-33.824211" lon="151.073533">
				 <ele>2.3</ele>
			 </trkpt>
			 <trkpt lat="-33.824174" lon="151.073552">
				 <ele>2.5</ele>
			 </trkpt>
			 <trkpt lat="-33.824136" lon="151.073571">
				 <ele>2.7</ele>
			 </trkpt>
			 <trkpt lat="-33.824104" lon="151.073597">
				 <ele>3</ele>
			 </trkpt>
			 <trkpt lat="-33.824071" lon="151.073623">
				 <ele>3.4</ele>
			 </trkpt>
			 <trkpt lat="-33.824039" lon="151.073648">
				 <ele>3.8</ele>
			 </trkpt>
			 <trkpt lat="-33.824006" lon="151.073674">
				 <ele>4.4</ele>
			 </trkpt>
			 <trkpt lat="-33.823966" lon="151.073722">
				 <ele>4.9</ele>
			 </trkpt>
			 <trkpt lat="-33.823942" lon="151.073754">
				 <ele>5.5</ele>
			 </trkpt>
			 <trkpt lat="-33.823918" lon="151.073786">
				 <ele>6.2</ele>
			 </trkpt>
			 <trkpt lat="-33.823878" lon="151.073828">
				 <ele>6.8</ele>
			 </trkpt>
			 <trkpt lat="-33.823842" lon="151.073851">
				 <ele>7.5</ele>
			 </trkpt>
			 <trkpt lat="-33.823805" lon="151.073874">
				 <ele>8.2</ele>
			 </trkpt>
			 <trkpt lat="-33.823736" lon="151.073889">
				 <ele>8.7</ele>
			 </trkpt>
			 <trkpt lat="-33.823701" lon="151.073888">
				 <ele>9.2</ele>
			 </trkpt>
			 <trkpt lat="-33.823665" lon="151.073887">
				 <ele>9.5</ele>
			 </trkpt>
			 <trkpt lat="-33.82363" lon="151.073886">
				 <ele>9.8</ele>
			 </trkpt>
			 <trkpt lat="-33.823595" lon="151.073884">
				 <ele>9.9</ele>
			 </trkpt>
			 <trkpt lat="-33.823543" lon="151.073876">
				 <ele>9.9</ele>
			 </trkpt>
			 <trkpt lat="-33.823491" lon="151.073868">
				 <ele>9.8</ele>
			 </trkpt>
			 <trkpt lat="-33.823441" lon="151.073848">
				 <ele>9.5</ele>
			 </trkpt>
			 <trkpt lat="-33.82339" lon="151.073828">
				 <ele>9.2</ele>
			 </trkpt>
			 <trkpt lat="-33.823354" lon="151.073804">
				 <ele>8.6</ele>
			 </trkpt>
			 <trkpt lat="-33.823317" lon="151.073781">
				 <ele>8.1</ele>
			 </trkpt>
			 <trkpt lat="-33.82328" lon="151.073758">
				 <ele>7.5</ele>
			 </trkpt>
			 <trkpt lat="-33.823243" lon="151.073734">
				 <ele>6.8</ele>
			 </trkpt>
			 <trkpt lat="-33.823192" lon="151.073713">
				 <ele>6.2</ele>
			 </trkpt>
			 <trkpt lat="-33.82314" lon="151.073691">
				 <ele>5.5</ele>
			 </trkpt>
			 <trkpt lat="-33.823103" lon="151.073685">
				 <ele>4.8</ele>
			 </trkpt>
			 <trkpt lat="-33.823066" lon="151.073679">
				 <ele>4.2</ele>
			 </trkpt>
			 <trkpt lat="-33.823029" lon="151.073673">
				 <ele>3.5</ele>
			 </trkpt>
			 <trkpt lat="-33.822992" lon="151.073667">
				 <ele>3</ele>
			 </trkpt>
			 <trkpt lat="-33.822948" lon="151.073666">
				 <ele>2.5</ele>
			 </trkpt>
			 <trkpt lat="-33.822905" lon="151.073664">
				 <ele>2.1</ele>
			 </trkpt>
			 <trkpt lat="-33.822862" lon="151.073667">
				 <ele>1.6</ele>
			 </trkpt>
			 <trkpt lat="-33.822819" lon="151.07367">
				 <ele>1.3</ele>
			 </trkpt>
			 <trkpt lat="-33.822776" lon="151.073673">
				 <ele>1</ele>
			 </trkpt>
			 <trkpt lat="-33.822733" lon="151.073677">
				 <ele>0.7</ele>
			 </trkpt>
			 <trkpt lat="-33.822691" lon="151.07368">
				 <ele>0.5</ele>
			 </trkpt>
			 <trkpt lat="-33.822648" lon="151.073684">
				 <ele>0.4</ele>
			 </trkpt>
			 <trkpt lat="-33.822605" lon="151.073687">
				 <ele>0.3</ele>
			 </trkpt>
			 <trkpt lat="-33.822562" lon="151.07369">
				 <ele>0.2</ele>
			 </trkpt>
			 <trkpt lat="-33.822511" lon="151.073695">
				 <ele>0.2</ele>
			 </trkpt>
			 <trkpt lat="-33.82246" lon="151.0737">
				 <ele>0.2</ele>
			 </trkpt>
			 <trkpt lat="-33.822408" lon="151.073705">
				 <ele>0.4</ele>
			 </trkpt>
			 <trkpt lat="-33.822357" lon="151.07371">
				 <ele>0.5</ele>
			 </trkpt>
			 <trkpt lat="-33.822306" lon="151.073715">
				 <ele>0.8</ele>
			 </trkpt>
			 <trkpt lat="-33.822255" lon="151.073721">
				 <ele>1.1</ele>
			 </trkpt>
			 <trkpt lat="-33.822204" lon="151.073726">
				 <ele>1.4</ele>
			 </trkpt>
			 <trkpt lat="-33.822152" lon="151.073731">
				 <ele>1.6</ele>
			 </trkpt>
			 <trkpt lat="-33.822101" lon="151.073736">
				 <ele>1.9</ele>
			 </trkpt>
			 <trkpt lat="-33.822049" lon="151.073741">
				 <ele>2.2</ele>
			 </trkpt>
			 <trkpt lat="-33.821998" lon="151.073746">
				 <ele>2.5</ele>
			 </trkpt>
			 <trkpt lat="-33.821947" lon="151.073751">
				 <ele>2.6</ele>
			 </trkpt>
			 <trkpt lat="-33.821895" lon="151.073756">
				 <ele>2.8</ele>
			 </trkpt>
			 <trkpt lat="-33.821844" lon="151.073761">
				 <ele>2.9</ele>
			 </trkpt>
			 <trkpt lat="-33.821793" lon="151.073766">
				 <ele>3</ele>
			 </trkpt>
			 <trkpt lat="-33.821742" lon="151.073771">
				 <ele>2.9</ele>
			 </trkpt>
			 <trkpt lat="-33.821691" lon="151.073777">
				 <ele>2.8</ele>
			 </trkpt>
			 <trkpt lat="-33.821639" lon="151.073782">
				 <ele>2.7</ele>
			 </trkpt>
			 <trkpt lat="-33.821588" lon="151.073787">
				 <ele>2.6</ele>
			 </trkpt>
			 <trkpt lat="-33.821537" lon="151.073792">
				 <ele>2.5</ele>
			 </trkpt>
			 <trkpt lat="-33.821486" lon="151.073797">
				 <ele>2.5</ele>
			 </trkpt>
			 <trkpt lat="-33.821435" lon="151.073802">
				 <ele>2.5</ele>
			 </trkpt>
			 <trkpt lat="-33.821383" lon="151.073807">
				 <ele>2.5</ele>
			 </trkpt>
			 <trkpt lat="-33.821332" lon="151.073812">
				 <ele>2.5</ele>
			 </trkpt>
			 <trkpt lat="-33.821289" lon="151.073815">
				 <ele>2.5</ele>
			 </trkpt>
			 <trkpt lat="-33.821247" lon="151.073819">
				 <ele>2.5</ele>
			 </trkpt>
			 <trkpt lat="-33.821205" lon="151.073822">
				 <ele>2.6</ele>
			 </trkpt>
			 <trkpt lat="-33.821163" lon="151.073825">
				 <ele>2.8</ele>
			 </trkpt>
			 <trkpt lat="-33.82112" lon="151.073828">
				 <ele>3</ele>
			 </trkpt>
			 <trkpt lat="-33.821078" lon="151.073831">
				 <ele>3.3</ele>
			 </trkpt>
			 <trkpt lat="-33.821036" lon="151.073835">
				 <ele>3.5</ele>
			 </trkpt>
			 <trkpt lat="-33.820994" lon="151.073838">
				 <ele>3.8</ele>
			 </trkpt>
			 <trkpt lat="-33.820944" lon="151.073845">
				 <ele>4</ele>
			 </trkpt>
			 <trkpt lat="-33.820894" lon="151.073851">
				 <ele>4.2</ele>
			 </trkpt>
			 <trkpt lat="-33.820844" lon="151.073857">
				 <ele>4.4</ele>
			 </trkpt>
			 <trkpt lat="-33.820793" lon="151.073864">
				 <ele>4.5</ele>
			 </trkpt>
			 <trkpt lat="-33.820743" lon="151.073871">
				 <ele>4.5</ele>
			 </trkpt>
			 <trkpt lat="-33.820693" lon="151.073877">
				 <ele>4.5</ele>
			 </trkpt>
			 <trkpt lat="-33.820642" lon="151.073884">
				 <ele>4.4</ele>
			 </trkpt>
			 <trkpt lat="-33.820592" lon="151.07389">
				 <ele>4.3</ele>
			 </trkpt>
			 <trkpt lat="-33.820542" lon="151.073896">
				 <ele>4.1</ele>
			 </trkpt>
			 <trkpt lat="-33.820492" lon="151.073903">
				 <ele>3.8</ele>
			 </trkpt>
			 <trkpt lat="-33.820487" lon="151.073862">
				 <ele>3.5</ele>
			 </trkpt>
			 <trkpt lat="-33.820483" lon="151.07382">
				 <ele>3.3</ele>
			 </trkpt>
			 <trkpt lat="-33.820474" lon="151.073778">
				 <ele>3</ele>
			 </trkpt>
			 <trkpt lat="-33.820465" lon="151.073736">
				 <ele>2.7</ele>
			 </trkpt>
			 <trkpt lat="-33.820457" lon="151.073678">
				 <ele>2.5</ele>
			 </trkpt>
			 <trkpt lat="-33.820449" lon="151.07362">
				 <ele>2.4</ele>
			 </trkpt>
			 <trkpt lat="-33.820458" lon="151.073557">
				 <ele>2.2</ele>
			 </trkpt>
			 <trkpt lat="-33.820466" lon="151.073494">
				 <ele>2</ele>
			 </trkpt>
			 <trkpt lat="-33.820475" lon="151.073432">
				 <ele>1.8</ele>
			 </trkpt>
			 <trkpt lat="-33.820484" lon="151.073369">
				 <ele>1.6</ele>
			 </trkpt>
			 <trkpt lat="-33.820493" lon="151.073306">
				 <ele>1.5</ele>
			 </trkpt>
			 <trkpt lat="-33.820501" lon="151.073243">
				 <ele>1.5</ele>
			 </trkpt>
			 <trkpt lat="-33.820513" lon="151.073193">
				 <ele>1.4</ele>
			 </trkpt>
			 <trkpt lat="-33.820525" lon="151.073143">
				 <ele>1.2</ele>
			 </trkpt>
			 <trkpt lat="-33.820537" lon="151.073093">
				 <ele>1</ele>
			 </trkpt>
			 <trkpt lat="-33.820549" lon="151.073043">
				 <ele>0.8</ele>
			 </trkpt>
			 <trkpt lat="-33.820561" lon="151.072993">
				 <ele>0.6</ele>
			 </trkpt>
			 <trkpt lat="-33.820573" lon="151.072943">
				 <ele>0.5</ele>
			 </trkpt>
			 <trkpt lat="-33.820585" lon="151.072893">
				 <ele>0.5</ele>
			 </trkpt>
			 <trkpt lat="-33.820597" lon="151.072843">
				 <ele>0.4</ele>
			 </trkpt>
			 <trkpt lat="-33.820609" lon="151.072793">
				 <ele>0.3</ele>
			 </trkpt>
			 <trkpt lat="-33.820621" lon="151.072743">
				 <ele>0.2</ele>
			 </trkpt>
			 <trkpt lat="-33.820639" lon="151.072697">
				 <ele>0.1</ele>
			 </trkpt>
			 <trkpt lat="-33.820656" lon="151.072651">
				 <ele>0</ele>
			 </trkpt>
			 <trkpt lat="-33.820673" lon="151.072606">
				 <ele>0.1</ele>
			 </trkpt>
			 <trkpt lat="-33.820691" lon="151.07256">
				 <ele>0.1</ele>
			 </trkpt>
			 <trkpt lat="-33.820708" lon="151.072514">
				 <ele>0.1</ele>
			 </trkpt>
			 <trkpt lat="-33.820726" lon="151.072468">
				 <ele>0.1</ele>
			 </trkpt>
			 <trkpt lat="-33.820753" lon="151.072408">
				 <ele>0.1</ele>
			 </trkpt>
			 <trkpt lat="-33.820781" lon="151.072348">
				 <ele>0.1</ele>
			 </trkpt>
			 <trkpt lat="-33.820809" lon="151.072297">
				 <ele>0.1</ele>
			 </trkpt>
			 <trkpt lat="-33.820838" lon="151.072247">
				 <ele>0.1</ele>
			 </trkpt>
			 <trkpt lat="-33.820868" lon="151.072195">
				 <ele>0.1</ele>
			 </trkpt>
			 <trkpt lat="-33.820897" lon="151.072142">
				 <ele>0.1</ele>
			 </trkpt>
			 <trkpt lat="-33.820926" lon="151.072095">
				 <ele>0.1</ele>
			 </trkpt>
			 <trkpt lat="-33.820955" lon="151.072049">
				 <ele>0</ele>
			 </trkpt>
			 <trkpt lat="-33.820984" lon="151.072003">
				 <ele>0</ele>
			 </trkpt>
			 <trkpt lat="-33.821014" lon="151.071957">
				 <ele>0</ele>
			 </trkpt>
			 <trkpt lat="-33.821044" lon="151.071924">
				 <ele>0</ele>
			 </trkpt>
			 <trkpt lat="-33.821073" lon="151.071891">
				 <ele>0</ele>
			 </trkpt>
			 <trkpt lat="-33.821103" lon="151.071858">
				 <ele>0</ele>
			 </trkpt>
			 <trkpt lat="-33.821133" lon="151.071825">
				 <ele>0</ele>
			 </trkpt>
			 <trkpt lat="-33.821165" lon="151.071802">
				 <ele>0</ele>
			 </trkpt>
			 <trkpt lat="-33.821196" lon="151.071779">
				 <ele>0.1</ele>
			 </trkpt>
			 <trkpt lat="-33.821227" lon="151.071756">
				 <ele>0.2</ele>
			 </trkpt>
			 <trkpt lat="-33.821258" lon="151.071733">
				 <ele>0.3</ele>
			 </trkpt>
			 <trkpt lat="-33.821289" lon="151.07171">
				 <ele>0.4</ele>
			 </trkpt>
			 <trkpt lat="-33.821321" lon="151.071687">
				 <ele>0.5</ele>
			 </trkpt>
			 <trkpt lat="-33.821354" lon="151.071641">
				 <ele>0.5</ele>
			 </trkpt>
			 <trkpt lat="-33.821386" lon="151.071594">
				 <ele>0.6</ele>
			 </trkpt>
			 <trkpt lat="-33.821405" lon="151.071547">
				 <ele>0.7</ele>
			 </trkpt>
			 <trkpt lat="-33.821423" lon="151.071499">
				 <ele>0.8</ele>
			 </trkpt>
			 <trkpt lat="-33.82144" lon="151.071447">
				 <ele>0.9</ele>
			 </trkpt>
			 <trkpt lat="-33.821457" lon="151.071395">
				 <ele>1</ele>
			 </trkpt>
			 <trkpt lat="-33.821475" lon="151.071343">
				 <ele>1</ele>
			 </trkpt>
			 <trkpt lat="-33.821492" lon="151.07129">
				 <ele>0.9</ele>
			 </trkpt>
			 <trkpt lat="-33.821509" lon="151.071238">
				 <ele>0.8</ele>
			 </trkpt>
			 <trkpt lat="-33.821526" lon="151.071186">
				 <ele>0.7</ele>
			 </trkpt>
			 <trkpt lat="-33.821553" lon="151.071137">
				 <ele>0.6</ele>
			 </trkpt>
			 <trkpt lat="-33.82158" lon="151.071088">
				 <ele>0.5</ele>
			 </trkpt>
			 <trkpt lat="-33.821607" lon="151.071038">
				 <ele>0.5</ele>
			 </trkpt>
			 <trkpt lat="-33.821634" lon="151.070989">
				 <ele>0.4</ele>
			 </trkpt>
			 <trkpt lat="-33.821665" lon="151.070939">
				 <ele>0.3</ele>
			 </trkpt>
			 <trkpt lat="-33.821696" lon="151.070888">
				 <ele>0.2</ele>
			 </trkpt>
			 <trkpt lat="-33.821727" lon="151.070837">
				 <ele>0.1</ele>
			 </trkpt>
			 <trkpt lat="-33.821758" lon="151.070787">
				 <ele>0</ele>
			 </trkpt>
			 <trkpt lat="-33.821789" lon="151.070737">
				 <ele>0</ele>
			 </trkpt>
			 <trkpt lat="-33.82182" lon="151.070686">
				 <ele>0</ele>
			 </trkpt>
			 <trkpt lat="-33.821851" lon="151.070635">
				 <ele>0</ele>
			 </trkpt>
			 <trkpt lat="-33.821882" lon="151.070585">
				 <ele>0</ele>
			 </trkpt>
			 <trkpt lat="-33.821913" lon="151.070536">
				 <ele>0.1</ele>
			 </trkpt>
			 <trkpt lat="-33.821944" lon="151.070487">
				 <ele>0.2</ele>
			 </trkpt>
			 <trkpt lat="-33.821976" lon="151.070438">
				 <ele>0.3</ele>
			 </trkpt>
			 <trkpt lat="-33.822007" lon="151.070389">
				 <ele>0.4</ele>
			 </trkpt>
			 <trkpt lat="-33.822038" lon="151.07034">
				 <ele>0.5</ele>
			 </trkpt>
			 <trkpt lat="-33.822069" lon="151.070292">
				 <ele>0.8</ele>
			 </trkpt>
			 <trkpt lat="-33.8221" lon="151.070243">
				 <ele>1.2</ele>
			 </trkpt>
			 <trkpt lat="-33.822131" lon="151.070194">
				 <ele>1.6</ele>
			 </trkpt>
			 <trkpt lat="-33.822164" lon="151.070145">
				 <ele>2.2</ele>
			 </trkpt>
			 <trkpt lat="-33.822196" lon="151.070096">
				 <ele>2.7</ele>
			 </trkpt>
			 <trkpt lat="-33.822228" lon="151.070047">
				 <ele>3.3</ele>
			 </trkpt>
			 <trkpt lat="-33.82226" lon="151.069998">
				 <ele>3.7</ele>
			 </trkpt>
			 <trkpt lat="-33.822293" lon="151.069949">
				 <ele>4.2</ele>
			 </trkpt>
			 <trkpt lat="-33.822325" lon="151.0699">
				 <ele>4.6</ele>
			 </trkpt>
			 <trkpt lat="-33.822357" lon="151.069851">
				 <ele>5.2</ele>
			 </trkpt>
			 <trkpt lat="-33.82239" lon="151.069802">
				 <ele>5.6</ele>
			 </trkpt>
			 <trkpt lat="-33.822422" lon="151.069757">
				 <ele>6</ele>
			 </trkpt>
			 <trkpt lat="-33.822453" lon="151.069711">
				 <ele>6.2</ele>
			 </trkpt>
			 <trkpt lat="-33.822485" lon="151.069665">
				 <ele>6.2</ele>
			 </trkpt>
			 <trkpt lat="-33.822516" lon="151.069619">
				 <ele>6</ele>
			 </trkpt>
			 <trkpt lat="-33.822548" lon="151.069573">
				 <ele>5.8</ele>
			 </trkpt>
			 <trkpt lat="-33.82258" lon="151.069527">
				 <ele>5.5</ele>
			 </trkpt>
			 <trkpt lat="-33.822612" lon="151.069481">
				 <ele>5.3</ele>
			 </trkpt>
			 <trkpt lat="-33.822643" lon="151.069436">
				 <ele>5</ele>
			 </trkpt>
			 <trkpt lat="-33.822667" lon="151.069403">
				 <ele>4.7</ele>
			 </trkpt>
			 <trkpt lat="-33.822691" lon="151.06937">
				 <ele>4.4</ele>
			 </trkpt>
			 <trkpt lat="-33.822715" lon="151.069337">
				 <ele>4</ele>
			 </trkpt>
			 <trkpt lat="-33.822738" lon="151.069304">
				 <ele>3.5</ele>
			 </trkpt>
			 <trkpt lat="-33.822762" lon="151.069271">
				 <ele>3.2</ele>
			 </trkpt>
			 <trkpt lat="-33.822786" lon="151.069238">
				 <ele>2.9</ele>
			 </trkpt>
			 <trkpt lat="-33.822824" lon="151.069193">
				 <ele>2.8</ele>
			 </trkpt>
			 <trkpt lat="-33.822863" lon="151.069148">
				 <ele>2.7</ele>
			 </trkpt>
			 <trkpt lat="-33.822902" lon="151.069104">
				 <ele>2.7</ele>
			 </trkpt>
			 <trkpt lat="-33.822941" lon="151.069059">
				 <ele>2.7</ele>
			 </trkpt>
			 <trkpt lat="-33.82298" lon="151.069014">
				 <ele>2.7</ele>
			 </trkpt>
			 <trkpt lat="-33.823019" lon="151.068969">
				 <ele>2.7</ele>
			 </trkpt>
			 <trkpt lat="-33.823058" lon="151.068924">
				 <ele>2.6</ele>
			 </trkpt>
			 <trkpt lat="-33.823096" lon="151.068879">
				 <ele>2.5</ele>
			 </trkpt>
			 <trkpt lat="-33.823124" lon="151.068833">
				 <ele>2.5</ele>
			 </trkpt>
			 <trkpt lat="-33.823151" lon="151.068787">
				 <ele>2.5</ele>
			 </trkpt>
			 <trkpt lat="-33.823174" lon="151.068732">
				 <ele>2.4</ele>
			 </trkpt>
			 <trkpt lat="-33.823196" lon="151.068676">
				 <ele>2.2</ele>
			 </trkpt>
			 <trkpt lat="-33.823219" lon="151.068621">
				 <ele>2</ele>
			 </trkpt>
			 <trkpt lat="-33.823241" lon="151.068566">
				 <ele>1.8</ele>
			 </trkpt>
			 <trkpt lat="-33.823267" lon="151.068511">
				 <ele>1.6</ele>
			 </trkpt>
			 <trkpt lat="-33.823293" lon="151.068455">
				 <ele>1.5</ele>
			 </trkpt>
			 <trkpt lat="-33.823319" lon="151.0684">
				 <ele>1.3</ele>
			 </trkpt>
			 <trkpt lat="-33.823346" lon="151.068345">
				 <ele>1.2</ele>
			 </trkpt>
			 <trkpt lat="-33.823372" lon="151.068289">
				 <ele>1.1</ele>
			 </trkpt>
			 <trkpt lat="-33.823398" lon="151.068234">
				 <ele>1</ele>
			 </trkpt>
			 <trkpt lat="-33.823423" lon="151.068191">
				 <ele>1</ele>
			 </trkpt>
			 <trkpt lat="-33.823447" lon="151.068147">
				 <ele>1</ele>
			 </trkpt>
			 <trkpt lat="-33.823471" lon="151.068104">
				 <ele>1</ele>
			 </trkpt>
			 <trkpt lat="-33.823495" lon="151.068061">
				 <ele>1</ele>
			 </trkpt>
			 <trkpt lat="-33.82352" lon="151.068018">
				 <ele>1</ele>
			 </trkpt>
			 <trkpt lat="-33.823544" lon="151.067974">
				 <ele>1</ele>
			 </trkpt>
			 <trkpt lat="-33.823574" lon="151.067923">
				 <ele>1</ele>
			 </trkpt>
			 <trkpt lat="-33.823605" lon="151.067872">
				 <ele>1</ele>
			 </trkpt>
			 <trkpt lat="-33.823636" lon="151.067821">
				 <ele>1</ele>
			 </trkpt>
			 <trkpt lat="-33.823666" lon="151.06777">
				 <ele>1</ele>
			 </trkpt>
			 <trkpt lat="-33.823697" lon="151.067719">
				 <ele>1</ele>
			 </trkpt>
			 <trkpt lat="-33.823728" lon="151.067668">
				 <ele>1</ele>
			 </trkpt>
			 <trkpt lat="-33.823758" lon="151.067617">
				 <ele>1</ele>
			 </trkpt>
			 <trkpt lat="-33.823789" lon="151.067566">
				 <ele>1</ele>
			 </trkpt>
			 <trkpt lat="-33.823819" lon="151.067515">
				 <ele>1</ele>
			 </trkpt>
			 <trkpt lat="-33.82385" lon="151.067464">
				 <ele>1</ele>
			 </trkpt>
			 <trkpt lat="-33.823881" lon="151.067413">
				 <ele>1</ele>
			 </trkpt>
			 <trkpt lat="-33.823911" lon="151.067362">
				 <ele>1</ele>
			 </trkpt>
			 <trkpt lat="-33.823942" lon="151.067312">
				 <ele>1</ele>
			 </trkpt>
			 <trkpt lat="-33.823973" lon="151.067261">
				 <ele>1.1</ele>
			 </trkpt>
			 <trkpt lat="-33.824004" lon="151.06721">
				 <ele>1.3</ele>
			 </trkpt>
			 <trkpt lat="-33.824034" lon="151.067159">
				 <ele>1.5</ele>
			 </trkpt>
			 <trkpt lat="-33.824064" lon="151.067108">
				 <ele>1.7</ele>
			 </trkpt>
			 <trkpt lat="-33.824095" lon="151.067057">
				 <ele>2</ele>
			 </trkpt>
			 <trkpt lat="-33.824126" lon="151.067006">
				 <ele>2.3</ele>
			 </trkpt>
			 <trkpt lat="-33.824156" lon="151.066955">
				 <ele>2.5</ele>
			 </trkpt>
			 <trkpt lat="-33.824187" lon="151.066904">
				 <ele>2.8</ele>
			 </trkpt>
			 <trkpt lat="-33.824218" lon="151.066853">
				 <ele>3.2</ele>
			 </trkpt>
			 <trkpt lat="-33.824248" lon="151.066802">
				 <ele>3.5</ele>
			 </trkpt>
			 <trkpt lat="-33.824279" lon="151.066751">
				 <ele>3.7</ele>
			 </trkpt>
			 <trkpt lat="-33.824309" lon="151.0667">
				 <ele>3.9</ele>
			 </trkpt>
			 <trkpt lat="-33.82434" lon="151.066649">
				 <ele>4</ele>
			 </trkpt>
			 <trkpt lat="-33.824366" lon="151.066598">
				 <ele>4.1</ele>
			 </trkpt>
			 <trkpt lat="-33.824393" lon="151.066546">
				 <ele>4.1</ele>
			 </trkpt>
			 <trkpt lat="-33.82442" lon="151.066494">
				 <ele>4</ele>
			 </trkpt>
			 <trkpt lat="-33.824447" lon="151.066443">
				 <ele>3.9</ele>
			 </trkpt>
			 <trkpt lat="-33.824465" lon="151.0664">
				 <ele>3.8</ele>
			 </trkpt>
			 <trkpt lat="-33.824482" lon="151.066358">
				 <ele>3.7</ele>
			 </trkpt>
			 <trkpt lat="-33.824499" lon="151.066316">
				 <ele>3.5</ele>
			 </trkpt>
			 <trkpt lat="-33.824516" lon="151.066274">
				 <ele>3.5</ele>
			 </trkpt>
			 <trkpt lat="-33.824534" lon="151.066232">
				 <ele>3.5</ele>
			 </trkpt>
			 <trkpt lat="-33.824551" lon="151.066189">
				 <ele>3.5</ele>
			 </trkpt>
			 <trkpt lat="-33.824588" lon="151.066157">
				 <ele>3.5</ele>
			 </trkpt>
			 <trkpt lat="-33.824625" lon="151.066125">
				 <ele>3.5</ele>
			 </trkpt>
			 <trkpt lat="-33.824662" lon="151.066093">
				 <ele>3.5</ele>
			 </trkpt>
			 <trkpt lat="-33.824699" lon="151.066062">
				 <ele>3.6</ele>
			 </trkpt>
			 <trkpt lat="-33.824736" lon="151.06603">
				 <ele>3.7</ele>
			 </trkpt>
			 <trkpt lat="-33.824773" lon="151.065998">
				 <ele>3.8</ele>
			 </trkpt>
			 <trkpt lat="-33.82481" lon="151.06597">
				 <ele>3.9</ele>
			 </trkpt>
			 <trkpt lat="-33.824846" lon="151.065943">
				 <ele>4.1</ele>
			 </trkpt>
			 <trkpt lat="-33.824863" lon="151.065909">
				 <ele>4.2</ele>
			 </trkpt>
			 <trkpt lat="-33.824881" lon="151.065875">
				 <ele>4.3</ele>
			 </trkpt>
			 <trkpt lat="-33.8249" lon="151.06582">
				 <ele>4.4</ele>
			 </trkpt>
			 <trkpt lat="-33.824918" lon="151.065765">
				 <ele>4.5</ele>
			 </trkpt>
			 <trkpt lat="-33.824937" lon="151.06571">
				 <ele>4.5</ele>
			 </trkpt>
			 <trkpt lat="-33.824955" lon="151.065654">
				 <ele>4.6</ele>
			 </trkpt>
			 <trkpt lat="-33.824973" lon="151.065599">
				 <ele>4.7</ele>
			 </trkpt>
			 <trkpt lat="-33.824992" lon="151.065544">
				 <ele>4.8</ele>
			 </trkpt>
			 <trkpt lat="-33.825011" lon="151.065489">
				 <ele>5</ele>
			 </trkpt>
			 <trkpt lat="-33.825029" lon="151.065434">
				 <ele>5.2</ele>
			 </trkpt>
			 <trkpt lat="-33.825049" lon="151.065367">
				 <ele>5.3</ele>
			 </trkpt>
			 <trkpt lat="-33.825069" lon="151.065299">
				 <ele>5.4</ele>
			 </trkpt>
			 <trkpt lat="-33.825053" lon="151.06525">
				 <ele>5.5</ele>
			 </trkpt>
			 <trkpt lat="-33.825037" lon="151.065202">
				 <ele>5.5</ele>
			 </trkpt>
			 <trkpt lat="-33.825021" lon="151.065153">
				 <ele>5.6</ele>
			 </trkpt>
			 <trkpt lat="-33.825005" lon="151.065104">
				 <ele>5.6</ele>
			 </trkpt>
			 <trkpt lat="-33.825003" lon="151.065058">
				 <ele>5.5</ele>
			 </trkpt>
			 <trkpt lat="-33.825002" lon="151.065013">
				 <ele>5.5</ele>
			 </trkpt>
			 <trkpt lat="-33.825001" lon="151.064967">
				 <ele>5.4</ele>
			 </trkpt>
			 <trkpt lat="-33.825" lon="151.064922">
				 <ele>5.2</ele>
			 </trkpt>
			 <trkpt lat="-33.825008" lon="151.064847">
				 <ele>5</ele>
			 </trkpt>
			 <trkpt lat="-33.825016" lon="151.064773">
				 <ele>4.7</ele>
			 </trkpt>
			 <trkpt lat="-33.825029" lon="151.064699">
				 <ele>4.5</ele>
			 </trkpt>
			 <trkpt lat="-33.825036" lon="151.064662">
				 <ele>4.2</ele>
			 </trkpt>
			 <trkpt lat="-33.825043" lon="151.064625">
				 <ele>3.8</ele>
			 </trkpt>
			 <trkpt lat="-33.825051" lon="151.064581">
				 <ele>3.5</ele>
			 </trkpt>
			 <trkpt lat="-33.825059" lon="151.064536">
				 <ele>3.2</ele>
			 </trkpt>
			 <trkpt lat="-33.825069" lon="151.064479">
				 <ele>2.9</ele>
			 </trkpt>
			 <trkpt lat="-33.825076" lon="151.064441">
				 <ele>2.6</ele>
			 </trkpt>
			 <trkpt lat="-33.825083" lon="151.064404">
				 <ele>2.4</ele>
			 </trkpt>
			 <trkpt lat="-33.82509" lon="151.064366">
				 <ele>2.1</ele>
			 </trkpt>
			 <trkpt lat="-33.825106" lon="151.064301">
				 <ele>1.8</ele>
			 </trkpt>
			 <trkpt lat="-33.825122" lon="151.064236">
				 <ele>1.6</ele>
			 </trkpt>
			 <trkpt lat="-33.825147" lon="151.064184">
				 <ele>1.5</ele>
			 </trkpt>
			 <trkpt lat="-33.825172" lon="151.064131">
				 <ele>1.3</ele>
			 </trkpt>
			 <trkpt lat="-33.825202" lon="151.064069">
				 <ele>1.2</ele>
			 </trkpt>
			 <trkpt lat="-33.825207" lon="151.064014">
				 <ele>1.1</ele>
			 </trkpt>
			 <trkpt lat="-33.825213" lon="151.063959">
				 <ele>1</ele>
			 </trkpt>
			 <trkpt lat="-33.825218" lon="151.063904">
				 <ele>1</ele>
			 </trkpt>
			 <trkpt lat="-33.825224" lon="151.063849">
				 <ele>1</ele>
			 </trkpt>
			 <trkpt lat="-33.825222" lon="151.063804">
				 <ele>1</ele>
			 </trkpt>
			 <trkpt lat="-33.82522" lon="151.063758">
				 <ele>1</ele>
			 </trkpt>
			 <trkpt lat="-33.825218" lon="151.063713">
				 <ele>1</ele>
			 </trkpt>
			 <trkpt lat="-33.825215" lon="151.063667">
				 <ele>1</ele>
			 </trkpt>
			 <trkpt lat="-33.825212" lon="151.06361">
				 <ele>1</ele>
			 </trkpt>
			 <trkpt lat="-33.82521" lon="151.063553">
				 <ele>1</ele>
			 </trkpt>
			 <trkpt lat="-33.825207" lon="151.063497">
				 <ele>1</ele>
			 </trkpt>
			 <trkpt lat="-33.825205" lon="151.06344">
				 <ele>1.1</ele>
			 </trkpt>
			 <trkpt lat="-33.825202" lon="151.063383">
				 <ele>1.2</ele>
			 </trkpt>
			 <trkpt lat="-33.825199" lon="151.063326">
				 <ele>1.3</ele>
			 </trkpt>
			 <trkpt lat="-33.825197" lon="151.063269">
				 <ele>1.4</ele>
			 </trkpt>
			 <trkpt lat="-33.825194" lon="151.063212">
				 <ele>1.5</ele>
			 </trkpt>
			 <trkpt lat="-33.825192" lon="151.063155">
				 <ele>1.7</ele>
			 </trkpt>
			 <trkpt lat="-33.825189" lon="151.063099">
				 <ele>1.9</ele>
			 </trkpt>
			 <trkpt lat="-33.825187" lon="151.063042">
				 <ele>2.2</ele>
			 </trkpt>
			 <trkpt lat="-33.825184" lon="151.062985">
				 <ele>2.5</ele>
			 </trkpt>
			 <trkpt lat="-33.825182" lon="151.06293">
				 <ele>3</ele>
			 </trkpt>
			 <trkpt lat="-33.82518" lon="151.062876">
				 <ele>3.5</ele>
			 </trkpt>
			 <trkpt lat="-33.825178" lon="151.062822">
				 <ele>4.1</ele>
			 </trkpt>
			 <trkpt lat="-33.825176" lon="151.062768">
				 <ele>4.6</ele>
			 </trkpt>
			 <trkpt lat="-33.825175" lon="151.062714">
				 <ele>5.3</ele>
			 </trkpt>
			 <trkpt lat="-33.825173" lon="151.062659">
				 <ele>5.9</ele>
			 </trkpt>
			 <trkpt lat="-33.825171" lon="151.062604">
				 <ele>6.5</ele>
			 </trkpt>
			 <trkpt lat="-33.825169" lon="151.06255">
				 <ele>7</ele>
			 </trkpt>
			 <trkpt lat="-33.825167" lon="151.062495">
				 <ele>7.5</ele>
			 </trkpt>
			 <trkpt lat="-33.825164" lon="151.062439">
				 <ele>8</ele>
			 </trkpt>
			 <trkpt lat="-33.825161" lon="151.062384">
				 <ele>8.4</ele>
			 </trkpt>
			 <trkpt lat="-33.825158" lon="151.062329">
				 <ele>8.5</ele>
			 </trkpt>
			 <trkpt lat="-33.825156" lon="151.062274">
				 <ele>8.6</ele>
			 </trkpt>
			 <trkpt lat="-33.825153" lon="151.062218">
				 <ele>8.6</ele>
			 </trkpt>
			 <trkpt lat="-33.82515" lon="151.062163">
				 <ele>8.6</ele>
			 </trkpt>
			 <trkpt lat="-33.825147" lon="151.062108">
				 <ele>8.5</ele>
			 </trkpt>
			 <trkpt lat="-33.825145" lon="151.062052">
				 <ele>8.3</ele>
			 </trkpt>
			 <trkpt lat="-33.825142" lon="151.061997">
				 <ele>8.1</ele>
			 </trkpt>
			 <trkpt lat="-33.825139" lon="151.061951">
				 <ele>7.8</ele>
			 </trkpt>
			 <trkpt lat="-33.825136" lon="151.061905">
				 <ele>7.5</ele>
			 </trkpt>
			 <trkpt lat="-33.825134" lon="151.061859">
				 <ele>7.3</ele>
			 </trkpt>
			 <trkpt lat="-33.825131" lon="151.061812">
				 <ele>6.9</ele>
			 </trkpt>
			 <trkpt lat="-33.825132" lon="151.061766">
				 <ele>6.6</ele>
			 </trkpt>
			 <trkpt lat="-33.825133" lon="151.06172">
				 <ele>6.4</ele>
			 </trkpt>
			 <trkpt lat="-33.825139" lon="151.061668">
				 <ele>6.1</ele>
			 </trkpt>
			 <trkpt lat="-33.825144" lon="151.061616">
				 <ele>5.8</ele>
			 </trkpt>
			 <trkpt lat="-33.82515" lon="151.061564">
				 <ele>5.6</ele>
			 </trkpt>
			 <trkpt lat="-33.825156" lon="151.061513">
				 <ele>5.5</ele>
			 </trkpt>
			 <trkpt lat="-33.825162" lon="151.061461">
				 <ele>5.3</ele>
			 </trkpt>
			 <trkpt lat="-33.825167" lon="151.061409">
				 <ele>5.3</ele>
			 </trkpt>
			 <trkpt lat="-33.825169" lon="151.061365">
				 <ele>5.3</ele>
			 </trkpt>
			 <trkpt lat="-33.825171" lon="151.06132">
				 <ele>5.3</ele>
			 </trkpt>
			 <trkpt lat="-33.825173" lon="151.061275">
				 <ele>5.4</ele>
			 </trkpt>
			 <trkpt lat="-33.825176" lon="151.06123">
				 <ele>5.5</ele>
			 </trkpt>
			 <trkpt lat="-33.825175" lon="151.061168">
				 <ele>5.7</ele>
			 </trkpt>
			 <trkpt lat="-33.825173" lon="151.061106">
				 <ele>5.9</ele>
			 </trkpt>
			 <trkpt lat="-33.825171" lon="151.061044">
				 <ele>6.2</ele>
			 </trkpt>
			 <trkpt lat="-33.82517" lon="151.060982">
				 <ele>6.5</ele>
			 </trkpt>
			 <trkpt lat="-33.825167" lon="151.06093">
				 <ele>6.7</ele>
			 </trkpt>
			 <trkpt lat="-33.825163" lon="151.060878">
				 <ele>7</ele>
			 </trkpt>
			 <trkpt lat="-33.825159" lon="151.060826">
				 <ele>7.2</ele>
			 </trkpt>
			 <trkpt lat="-33.825155" lon="151.060773">
				 <ele>7.4</ele>
			 </trkpt>
			 <trkpt lat="-33.825148" lon="151.060723">
				 <ele>7.5</ele>
			 </trkpt>
			 <trkpt lat="-33.825141" lon="151.060674">
				 <ele>7.7</ele>
			 </trkpt>
			 <trkpt lat="-33.825134" lon="151.060624">
				 <ele>7.8</ele>
			 </trkpt>
			 <trkpt lat="-33.825126" lon="151.060574">
				 <ele>7.9</ele>
			 </trkpt>
			 <trkpt lat="-33.825112" lon="151.060516">
				 <ele>7.9</ele>
			 </trkpt>
			 <trkpt lat="-33.825098" lon="151.060458">
				 <ele>7.7</ele>
			 </trkpt>
			 <trkpt lat="-33.825085" lon="151.060401">
				 <ele>7.5</ele>
			 </trkpt>
			 <trkpt lat="-33.825071" lon="151.060343">
				 <ele>7.3</ele>
			 </trkpt>
			 <trkpt lat="-33.825056" lon="151.060287">
				 <ele>7</ele>
			 </trkpt>
			 <trkpt lat="-33.82504" lon="151.060231">
				 <ele>6.6</ele>
			 </trkpt>
			 <trkpt lat="-33.825024" lon="151.060176">
				 <ele>6.3</ele>
			 </trkpt>
			 <trkpt lat="-33.825009" lon="151.06012">
				 <ele>5.9</ele>
			 </trkpt>
			 <trkpt lat="-33.824996" lon="151.060084">
				 <ele>5.5</ele>
			 </trkpt>
			 <trkpt lat="-33.824982" lon="151.060048">
				 <ele>5.1</ele>
			 </trkpt>
			 <trkpt lat="-33.824968" lon="151.060012">
				 <ele>4.6</ele>
			 </trkpt>
			 <trkpt lat="-33.824955" lon="151.059975">
				 <ele>4.3</ele>
			 </trkpt>
			 <trkpt lat="-33.824938" lon="151.059936">
				 <ele>3.9</ele>
			 </trkpt>
			 <trkpt lat="-33.82492" lon="151.059897">
				 <ele>3.5</ele>
			 </trkpt>
			 <trkpt lat="-33.824903" lon="151.059858">
				 <ele>3.3</ele>
			 </trkpt>
			 <trkpt lat="-33.824885" lon="151.059818">
				 <ele>3</ele>
			 </trkpt>
			 <trkpt lat="-33.824867" lon="151.059779">
				 <ele>2.8</ele>
			 </trkpt>
			 <trkpt lat="-33.82485" lon="151.05974">
				 <ele>2.6</ele>
			 </trkpt>
			 <trkpt lat="-33.824826" lon="151.0597">
				 <ele>2.5</ele>
			 </trkpt>
			 <trkpt lat="-33.824802" lon="151.059659">
				 <ele>2.3</ele>
			 </trkpt>
			 <trkpt lat="-33.824778" lon="151.059619">
				 <ele>2.2</ele>
			 </trkpt>
			 <trkpt lat="-33.824754" lon="151.059578">
				 <ele>2.1</ele>
			 </trkpt>
			 <trkpt lat="-33.82473" lon="151.059537">
				 <ele>2</ele>
			 </trkpt>
			 <trkpt lat="-33.824706" lon="151.059497">
				 <ele>2</ele>
			 </trkpt>
			 <trkpt lat="-33.824682" lon="151.059457">
				 <ele>2</ele>
			 </trkpt>
			 <trkpt lat="-33.824658" lon="151.059416">
				 <ele>2</ele>
			 </trkpt>
			 <trkpt lat="-33.824636" lon="151.059363">
				 <ele>2</ele>
			 </trkpt>
			 <trkpt lat="-33.824615" lon="151.059309">
				 <ele>2</ele>
			 </trkpt>
			 <trkpt lat="-33.824601" lon="151.059258">
				 <ele>2</ele>
			 </trkpt>
			 <trkpt lat="-33.824586" lon="151.059206">
				 <ele>2.1</ele>
			 </trkpt>
			 <trkpt lat="-33.824571" lon="151.059154">
				 <ele>2.2</ele>
			 </trkpt>
			 <trkpt lat="-33.824557" lon="151.059102">
				 <ele>2.3</ele>
			 </trkpt>
			 <trkpt lat="-33.824552" lon="151.059046">
				 <ele>2.4</ele>
			 </trkpt>
			 <trkpt lat="-33.824547" lon="151.05899">
				 <ele>2.5</ele>
			 </trkpt>
			 <trkpt lat="-33.824543" lon="151.058933">
				 <ele>2.7</ele>
			 </trkpt>
			 <trkpt lat="-33.824538" lon="151.058877">
				 <ele>2.9</ele>
			 </trkpt>
			 <trkpt lat="-33.82454" lon="151.058814">
				 <ele>3.2</ele>
			 </trkpt>
			 <trkpt lat="-33.824543" lon="151.058752">
				 <ele>3.5</ele>
			 </trkpt>
			 <trkpt lat="-33.824545" lon="151.058689">
				 <ele>3.7</ele>
			 </trkpt>
			 <trkpt lat="-33.824547" lon="151.058626">
				 <ele>4</ele>
			 </trkpt>
			 <trkpt lat="-33.824555" lon="151.058566">
				 <ele>4.2</ele>
			 </trkpt>
			 <trkpt lat="-33.824563" lon="151.058507">
				 <ele>4.5</ele>
			 </trkpt>
			 <trkpt lat="-33.824571" lon="151.058447">
				 <ele>4.7</ele>
			 </trkpt>
			 <trkpt lat="-33.824579" lon="151.058387">
				 <ele>5</ele>
			 </trkpt>
			 <trkpt lat="-33.824589" lon="151.058346">
				 <ele>5.2</ele>
			 </trkpt>
			 <trkpt lat="-33.824599" lon="151.058304">
				 <ele>5.4</ele>
			 </trkpt>
			 <trkpt lat="-33.824609" lon="151.058262">
				 <ele>5.5</ele>
			 </trkpt>
			 <trkpt lat="-33.824619" lon="151.05822">
				 <ele>5.6</ele>
			 </trkpt>
			 <trkpt lat="-33.824635" lon="151.058166">
				 <ele>5.7</ele>
			 </trkpt>
			 <trkpt lat="-33.824652" lon="151.058112">
				 <ele>5.7</ele>
			 </trkpt>
			 <trkpt lat="-33.824669" lon="151.058059">
				 <ele>5.7</ele>
			 </trkpt>
			 <trkpt lat="-33.824686" lon="151.058005">
				 <ele>5.6</ele>
			 </trkpt>
			 <trkpt lat="-33.824703" lon="151.057952">
				 <ele>5.4</ele>
			 </trkpt>
			 <trkpt lat="-33.82472" lon="151.057898">
				 <ele>5</ele>
			 </trkpt>
			 <trkpt lat="-33.824737" lon="151.057844">
				 <ele>4.5</ele>
			 </trkpt>
			 <trkpt lat="-33.824753" lon="151.05779">
				 <ele>4.1</ele>
			 </trkpt>
			 <trkpt lat="-33.824762" lon="151.057736">
				 <ele>3.6</ele>
			 </trkpt>
			 <trkpt lat="-33.824771" lon="151.057681">
				 <ele>3.2</ele>
			 </trkpt>
			 <trkpt lat="-33.82478" lon="151.057627">
				 <ele>2.6</ele>
			 </trkpt>
			 <trkpt lat="-33.824789" lon="151.057572">
				 <ele>2.1</ele>
			 </trkpt>
			 <trkpt lat="-33.824798" lon="151.057518">
				 <ele>1.6</ele>
			 </trkpt>
			 <trkpt lat="-33.824807" lon="151.057463">
				 <ele>1.2</ele>
			 </trkpt>
			 <trkpt lat="-33.824814" lon="151.057397">
				 <ele>0.8</ele>
			 </trkpt>
			 <trkpt lat="-33.824821" lon="151.05733">
				 <ele>0.5</ele>
			 </trkpt>
			 <trkpt lat="-33.824821" lon="151.057278">
				 <ele>0.5</ele>
			 </trkpt>
			 <trkpt lat="-33.824822" lon="151.057226">
				 <ele>0.5</ele>
			 </trkpt>
			 <trkpt lat="-33.824822" lon="151.057174">
				 <ele>0.5</ele>
			 </trkpt>
			 <trkpt lat="-33.824823" lon="151.057121">
				 <ele>0.5</ele>
			 </trkpt>
			 <trkpt lat="-33.824824" lon="151.057069">
				 <ele>0.5</ele>
			 </trkpt>
			 <trkpt lat="-33.824824" lon="151.057017">
				 <ele>0.5</ele>
			 </trkpt>
			 <trkpt lat="-33.824818" lon="151.056964">
				 <ele>0.6</ele>
			 </trkpt>
			 <trkpt lat="-33.824813" lon="151.056912">
				 <ele>0.7</ele>
			 </trkpt>
			 <trkpt lat="-33.824807" lon="151.05686">
				 <ele>0.8</ele>
			 </trkpt>
			 <trkpt lat="-33.824802" lon="151.056808">
				 <ele>0.9</ele>
			 </trkpt>
			 <trkpt lat="-33.824796" lon="151.056756">
				 <ele>1</ele>
			 </trkpt>
			 <trkpt lat="-33.824791" lon="151.056703">
				 <ele>1</ele>
			 </trkpt>
			 <trkpt lat="-33.82479" lon="151.056662">
				 <ele>1.1</ele>
			 </trkpt>
			 <trkpt lat="-33.824789" lon="151.05662">
				 <ele>1.2</ele>
			 </trkpt>
			 <trkpt lat="-33.824787" lon="151.056551">
				 <ele>1.2</ele>
			 </trkpt>
			 <trkpt lat="-33.824784" lon="151.056481">
				 <ele>1.2</ele>
			 </trkpt>
			 <trkpt lat="-33.82479" lon="151.056418">
				 <ele>1.2</ele>
			 </trkpt>
			 <trkpt lat="-33.824797" lon="151.056354">
				 <ele>1.2</ele>
			 </trkpt>
			 <trkpt lat="-33.824803" lon="151.05629">
				 <ele>1.2</ele>
			 </trkpt>
			 <trkpt lat="-33.824809" lon="151.056226">
				 <ele>1.2</ele>
			 </trkpt>
			 <trkpt lat="-33.824824" lon="151.056161">
				 <ele>1.2</ele>
			 </trkpt>
			 <trkpt lat="-33.824838" lon="151.056095">
				 <ele>1.1</ele>
			 </trkpt>
			 <trkpt lat="-33.824856" lon="151.056034">
				 <ele>1</ele>
			 </trkpt>
			 <trkpt lat="-33.824875" lon="151.055973">
				 <ele>0.9</ele>
			 </trkpt>
			 <trkpt lat="-33.824894" lon="151.055912">
				 <ele>0.8</ele>
			 </trkpt>
			 <trkpt lat="-33.824912" lon="151.055851">
				 <ele>0.9</ele>
			 </trkpt>
			 <trkpt lat="-33.824924" lon="151.055797">
				 <ele>1.1</ele>
			 </trkpt>
			 <trkpt lat="-33.824937" lon="151.055744">
				 <ele>1.3</ele>
			 </trkpt>
			 <trkpt lat="-33.82495" lon="151.05569">
				 <ele>1.5</ele>
			 </trkpt>
			 <trkpt lat="-33.824963" lon="151.055636">
				 <ele>1.9</ele>
			 </trkpt>
			 <trkpt lat="-33.824975" lon="151.055583">
				 <ele>2.4</ele>
			 </trkpt>
			 <trkpt lat="-33.824988" lon="151.055529">
				 <ele>2.9</ele>
			 </trkpt>
			 <trkpt lat="-33.824995" lon="151.05549">
				 <ele>3.7</ele>
			 </trkpt>
			 <trkpt lat="-33.825001" lon="151.05545">
				 <ele>4.6</ele>
			 </trkpt>
			 <trkpt lat="-33.825007" lon="151.05541">
				 <ele>5.5</ele>
			 </trkpt>
			 <trkpt lat="-33.825013" lon="151.05537">
				 <ele>6.5</ele>
			 </trkpt>
			 <trkpt lat="-33.825011" lon="151.05531">
				 <ele>7.5</ele>
			 </trkpt>
			 <trkpt lat="-33.825009" lon="151.055249">
				 <ele>8.3</ele>
			 </trkpt>
			 <trkpt lat="-33.825007" lon="151.055188">
				 <ele>9.1</ele>
			 </trkpt>
			 <trkpt lat="-33.825006" lon="151.055128">
				 <ele>9.8</ele>
			 </trkpt>
			 <trkpt lat="-33.825004" lon="151.055068">
				 <ele>10.5</ele>
			 </trkpt>
			 <trkpt lat="-33.825002" lon="151.055007">
				 <ele>10.9</ele>
			 </trkpt>
			 <trkpt lat="-33.825001" lon="151.054947">
				 <ele>11.2</ele>
			 </trkpt>
			 <trkpt lat="-33.824999" lon="151.054886">
				 <ele>11.2</ele>
			 </trkpt>
			 <trkpt lat="-33.824997" lon="151.054825">
				 <ele>11.1</ele>
			 </trkpt>
			 <trkpt lat="-33.824995" lon="151.054765">
				 <ele>10.8</ele>
			 </trkpt>
			 <trkpt lat="-33.824994" lon="151.054705">
				 <ele>10.4</ele>
			 </trkpt>
			 <trkpt lat="-33.824992" lon="151.054644">
				 <ele>9.9</ele>
			 </trkpt>
			 <trkpt lat="-33.82499" lon="151.054583">
				 <ele>9.4</ele>
			 </trkpt>
			 <trkpt lat="-33.824988" lon="151.054523">
				 <ele>8.7</ele>
			 </trkpt>
			 <trkpt lat="-33.824983" lon="151.054461">
				 <ele>8.1</ele>
			 </trkpt>
			 <trkpt lat="-33.824978" lon="151.054398">
				 <ele>7.5</ele>
			 </trkpt>
			 <trkpt lat="-33.824973" lon="151.054335">
				 <ele>6.9</ele>
			 </trkpt>
			 <trkpt lat="-33.824968" lon="151.054273">
				 <ele>6.5</ele>
			 </trkpt>
			 <trkpt lat="-33.824963" lon="151.054211">
				 <ele>6</ele>
			 </trkpt>
			 <trkpt lat="-33.824958" lon="151.054148">
				 <ele>5.5</ele>
			 </trkpt>
			 <trkpt lat="-33.824953" lon="151.054086">
				 <ele>5.2</ele>
			 </trkpt>
			 <trkpt lat="-33.824948" lon="151.054024">
				 <ele>5</ele>
			 </trkpt>
			 <trkpt lat="-33.824942" lon="151.053962">
				 <ele>4.8</ele>
			 </trkpt>
			 <trkpt lat="-33.824937" lon="151.053899">
				 <ele>4.7</ele>
			 </trkpt>
			 <trkpt lat="-33.824932" lon="151.053836">
				 <ele>4.7</ele>
			 </trkpt>
			 <trkpt lat="-33.824927" lon="151.053774">
				 <ele>4.7</ele>
			 </trkpt>
			 <trkpt lat="-33.824922" lon="151.053712">
				 <ele>4.7</ele>
			 </trkpt>
			 <trkpt lat="-33.824917" lon="151.053649">
				 <ele>4.7</ele>
			 </trkpt>
			 <trkpt lat="-33.824912" lon="151.053586">
				 <ele>4.8</ele>
			 </trkpt>
			 <trkpt lat="-33.824907" lon="151.053524">
				 <ele>5</ele>
			 </trkpt>
			 <trkpt lat="-33.824903" lon="151.053468">
				 <ele>5.2</ele>
			 </trkpt>
			 <trkpt lat="-33.824898" lon="151.053412">
				 <ele>5.4</ele>
			 </trkpt>
			 <trkpt lat="-33.824894" lon="151.053356">
				 <ele>5.5</ele>
			 </trkpt>
			 <trkpt lat="-33.824889" lon="151.053299">
				 <ele>5.5</ele>
			 </trkpt>
			 <trkpt lat="-33.824887" lon="151.053245">
				 <ele>5.6</ele>
			 </trkpt>
			 <trkpt lat="-33.824885" lon="151.05319">
				 <ele>5.7</ele>
			 </trkpt>
			 <trkpt lat="-33.824883" lon="151.053136">
				 <ele>5.8</ele>
			 </trkpt>
			 <trkpt lat="-33.824881" lon="151.053082">
				 <ele>5.9</ele>
			 </trkpt>
			 <trkpt lat="-33.824879" lon="151.053027">
				 <ele>6.1</ele>
			 </trkpt>
			 <trkpt lat="-33.824877" lon="151.052973">
				 <ele>6.2</ele>
			 </trkpt>
			 <trkpt lat="-33.824875" lon="151.052919">
				 <ele>6.3</ele>
			 </trkpt>
			 <trkpt lat="-33.824873" lon="151.052864">
				 <ele>6.4</ele>
			 </trkpt>
			 <trkpt lat="-33.824871" lon="151.05281">
				 <ele>6.5</ele>
			 </trkpt>
			 <trkpt lat="-33.824869" lon="151.052756">
				 <ele>6.5</ele>
			 </trkpt>
			 <trkpt lat="-33.824867" lon="151.052702">
				 <ele>6.6</ele>
			 </trkpt>
			 <trkpt lat="-33.824865" lon="151.052647">
				 <ele>6.7</ele>
			 </trkpt>
			 <trkpt lat="-33.824858" lon="151.052598">
				 <ele>6.9</ele>
			 </trkpt>
			 <trkpt lat="-33.824851" lon="151.052549">
				 <ele>7.1</ele>
			 </trkpt>
			 <trkpt lat="-33.824844" lon="151.052501">
				 <ele>7.3</ele>
			 </trkpt>
			 <trkpt lat="-33.824837" lon="151.052452">
				 <ele>7.5</ele>
			 </trkpt>
			 <trkpt lat="-33.82483" lon="151.052403">
				 <ele>7.6</ele>
			 </trkpt>
			 <trkpt lat="-33.824823" lon="151.052354">
				 <ele>7.9</ele>
			 </trkpt>
			 <trkpt lat="-33.824816" lon="151.052305">
				 <ele>8.2</ele>
			 </trkpt>
			 <trkpt lat="-33.824809" lon="151.052256">
				 <ele>8.5</ele>
			 </trkpt>
			 <trkpt lat="-33.824804" lon="151.052192">
				 <ele>9</ele>
			 </trkpt>
			 <trkpt lat="-33.824798" lon="151.052129">
				 <ele>9.5</ele>
			 </trkpt>
			 <trkpt lat="-33.824793" lon="151.052065">
				 <ele>10</ele>
			 </trkpt>
			 <trkpt lat="-33.824787" lon="151.052001">
				 <ele>10.5</ele>
			 </trkpt>
			 <trkpt lat="-33.824781" lon="151.051938">
				 <ele>10.9</ele>
			 </trkpt>
			 <trkpt lat="-33.824775" lon="151.051874">
				 <ele>11.4</ele>
			 </trkpt>
			 <trkpt lat="-33.82477" lon="151.05181">
				 <ele>11.6</ele>
			 </trkpt>
			 <trkpt lat="-33.824764" lon="151.051746">
				 <ele>11.9</ele>
			 </trkpt>
			 <trkpt lat="-33.82476" lon="151.051706">
				 <ele>12.1</ele>
			 </trkpt>
			 <trkpt lat="-33.824756" lon="151.051665">
				 <ele>12.3</ele>
			 </trkpt>
			 <trkpt lat="-33.824752" lon="151.051625">
				 <ele>12.4</ele>
			 </trkpt>
			 <trkpt lat="-33.824747" lon="151.051584">
				 <ele>12.3</ele>
			 </trkpt>
			 <trkpt lat="-33.824741" lon="151.051514">
				 <ele>12.2</ele>
			 </trkpt>
			 <trkpt lat="-33.824739" lon="151.051474">
				 <ele>12</ele>
			 </trkpt>
			 <trkpt lat="-33.824736" lon="151.051433">
				 <ele>11.7</ele>
			 </trkpt>
			 <trkpt lat="-33.824733" lon="151.051391">
				 <ele>11.5</ele>
			 </trkpt>
			 <trkpt lat="-33.824728" lon="151.051314">
				 <ele>11.1</ele>
			 </trkpt>
			 <trkpt lat="-33.824725" lon="151.051267">
				 <ele>10.8</ele>
			 </trkpt>
			 <trkpt lat="-33.824722" lon="151.05122">
				 <ele>10.5</ele>
			 </trkpt>
			 <trkpt lat="-33.824719" lon="151.051172">
				 <ele>10.1</ele>
			 </trkpt>
			 <trkpt lat="-33.824716" lon="151.051125">
				 <ele>9.6</ele>
			 </trkpt>
			 <trkpt lat="-33.824713" lon="151.051078">
				 <ele>9.2</ele>
			 </trkpt>
			 <trkpt lat="-33.824717" lon="151.051023">
				 <ele>8.7</ele>
			 </trkpt>
			 <trkpt lat="-33.824721" lon="151.050969">
				 <ele>8.3</ele>
			 </trkpt>
			 <trkpt lat="-33.824738" lon="151.050926">
				 <ele>7.7</ele>
			 </trkpt>
			 <trkpt lat="-33.824755" lon="151.050882">
				 <ele>7.3</ele>
			 </trkpt>
			 <trkpt lat="-33.824772" lon="151.050839">
				 <ele>6.8</ele>
			 </trkpt>
			 <trkpt lat="-33.824789" lon="151.050795">
				 <ele>6.4</ele>
			 </trkpt>
			 <trkpt lat="-33.824787" lon="151.050741">
				 <ele>5.9</ele>
			 </trkpt>
			 <trkpt lat="-33.824785" lon="151.050687">
				 <ele>5.5</ele>
			 </trkpt>
			 <trkpt lat="-33.824783" lon="151.050633">
				 <ele>5.2</ele>
			 </trkpt>
			 <trkpt lat="-33.824781" lon="151.050579">
				 <ele>4.9</ele>
			 </trkpt>
			 <trkpt lat="-33.82478" lon="151.050525">
				 <ele>4.6</ele>
			 </trkpt>
			 <trkpt lat="-33.824778" lon="151.050472">
				 <ele>4.5</ele>
			 </trkpt>
			 <trkpt lat="-33.824776" lon="151.050418">
				 <ele>4.3</ele>
			 </trkpt>
			 <trkpt lat="-33.824774" lon="151.050364">
				 <ele>4.2</ele>
			 </trkpt>
			 <trkpt lat="-33.824772" lon="151.05031">
				 <ele>4.1</ele>
			 </trkpt>
			 <trkpt lat="-33.82477" lon="151.050256">
				 <ele>4.1</ele>
			 </trkpt>
			 <trkpt lat="-33.8248" lon="151.050225">
				 <ele>4.2</ele>
			 </trkpt>
			 <trkpt lat="-33.82483" lon="151.050194">
				 <ele>4.3</ele>
			 </trkpt>
			 <trkpt lat="-33.824851" lon="151.050151">
				 <ele>4.4</ele>
			 </trkpt>
			 <trkpt lat="-33.824873" lon="151.050107">
				 <ele>4.5</ele>
			 </trkpt>
			 <trkpt lat="-33.824894" lon="151.050063">
				 <ele>4.5</ele>
			 </trkpt>
			 <trkpt lat="-33.824916" lon="151.050019">
				 <ele>4.6</ele>
			 </trkpt>
			 <trkpt lat="-33.824952" lon="151.049971">
				 <ele>4.7</ele>
			 </trkpt>
			 <trkpt lat="-33.824999" lon="151.049941">
				 <ele>4.8</ele>
			 </trkpt>
			 <trkpt lat="-33.825046" lon="151.049912">
				 <ele>4.9</ele>
			 </trkpt>
			 <trkpt lat="-33.825092" lon="151.049883">
				 <ele>5</ele>
			 </trkpt>
			 <trkpt lat="-33.825139" lon="151.049853">
				 <ele>5</ele>
			 </trkpt>
			 <trkpt lat="-33.825179" lon="151.049828">
				 <ele>5</ele>
			 </trkpt>
			 <trkpt lat="-33.825219" lon="151.049803">
				 <ele>5</ele>
			 </trkpt>
			 <trkpt lat="-33.825258" lon="151.049778">
				 <ele>5</ele>
			 </trkpt>
			 <trkpt lat="-33.825298" lon="151.049752">
				 <ele>5</ele>
			 </trkpt>
			 <trkpt lat="-33.825338" lon="151.049727">
				 <ele>5</ele>
			 </trkpt>
			 <trkpt lat="-33.825378" lon="151.049702">
				 <ele>5</ele>
			 </trkpt>
			 <trkpt lat="-33.825416" lon="151.049667">
				 <ele>5</ele>
			 </trkpt>
			 <trkpt lat="-33.825454" lon="151.049631">
				 <ele>5.1</ele>
			 </trkpt>
			 <trkpt lat="-33.825491" lon="151.049596">
				 <ele>5.2</ele>
			 </trkpt>
			 <trkpt lat="-33.825529" lon="151.049561">
				 <ele>5.3</ele>
			 </trkpt>
			 <trkpt lat="-33.825567" lon="151.049526">
				 <ele>5.5</ele>
			 </trkpt>
			 <trkpt lat="-33.825605" lon="151.04949">
				 <ele>5.6</ele>
			 </trkpt>
			 <trkpt lat="-33.82562" lon="151.049552">
				 <ele>5.8</ele>
			 </trkpt>
			 <trkpt lat="-33.825635" lon="151.049614">
				 <ele>6.1</ele>
			 </trkpt>
			 <trkpt lat="-33.825649" lon="151.049675">
				 <ele>6.4</ele>
			 </trkpt>
			 <trkpt lat="-33.825664" lon="151.049737">
				 <ele>6.6</ele>
			 </trkpt>
			 <trkpt lat="-33.825679" lon="151.049799">
				 <ele>6.9</ele>
			 </trkpt>
			 <trkpt lat="-33.825694" lon="151.049861">
				 <ele>7.2</ele>
			 </trkpt>
			 <trkpt lat="-33.825709" lon="151.049923">
				 <ele>7.4</ele>
			 </trkpt>
			 <trkpt lat="-33.825723" lon="151.049985">
				 <ele>7.5</ele>
			 </trkpt>
			 <trkpt lat="-33.825738" lon="151.050047">
				 <ele>7.7</ele>
			 </trkpt>
			 <trkpt lat="-33.825753" lon="151.050109">
				 <ele>7.8</ele>
			 </trkpt>
			 <trkpt lat="-33.825767" lon="151.05017">
				 <ele>7.9</ele>
			 </trkpt>
			 <trkpt lat="-33.825782" lon="151.050232">
				 <ele>8</ele>
			 </trkpt>
			 <trkpt lat="-33.825797" lon="151.050294">
				 <ele>8</ele>
			 </trkpt>
			 <trkpt lat="-33.825812" lon="151.050356">
				 <ele>8</ele>
			 </trkpt>
			 <trkpt lat="-33.825825" lon="151.05041">
				 <ele>7.9</ele>
			 </trkpt>
			 <trkpt lat="-33.825838" lon="151.050463">
				 <ele>7.8</ele>
			 </trkpt>
			 <trkpt lat="-33.825851" lon="151.050517">
				 <ele>7.7</ele>
			 </trkpt>
			 <trkpt lat="-33.825864" lon="151.050571">
				 <ele>7.6</ele>
			 </trkpt>
			 <trkpt lat="-33.825878" lon="151.050619">
				 <ele>7.5</ele>
			 </trkpt>
			 <trkpt lat="-33.825892" lon="151.050667">
				 <ele>7.5</ele>
			 </trkpt>
			 <trkpt lat="-33.825912" lon="151.05072">
				 <ele>7.4</ele>
			 </trkpt>
			 <trkpt lat="-33.825931" lon="151.050772">
				 <ele>7.3</ele>
			 </trkpt>
			 <trkpt lat="-33.82595" lon="151.050824">
				 <ele>7.2</ele>
			 </trkpt>
			 <trkpt lat="-33.82597" lon="151.050876">
				 <ele>7.1</ele>
			 </trkpt>
			 <trkpt lat="-33.825988" lon="151.050911">
				 <ele>7</ele>
			 </trkpt>
			 <trkpt lat="-33.826007" lon="151.050947">
				 <ele>7</ele>
			 </trkpt>
			 <trkpt lat="-33.825963" lon="151.050954">
				 <ele>7</ele>
			 </trkpt>
			 <trkpt lat="-33.825918" lon="151.050961">
				 <ele>6.9</ele>
			 </trkpt>
			 <trkpt lat="-33.825874" lon="151.050968">
				 <ele>6.8</ele>
			 </trkpt>
			 <trkpt lat="-33.825829" lon="151.050975">
				 <ele>6.8</ele>
			 </trkpt>
			 <trkpt lat="-33.825784" lon="151.050983">
				 <ele>6.9</ele>
			 </trkpt>
			 <trkpt lat="-33.825739" lon="151.05099">
				 <ele>7</ele>
			 </trkpt>
			 <trkpt lat="-33.825694" lon="151.050997">
				 <ele>7.2</ele>
			 </trkpt>
			 <trkpt lat="-33.82565" lon="151.051004">
				 <ele>7.4</ele>
			 </trkpt>
			 <trkpt lat="-33.8256" lon="151.05101">
				 <ele>7.6</ele>
			 </trkpt>
			 <trkpt lat="-33.825549" lon="151.051016">
				 <ele>7.9</ele>
			 </trkpt>
			 <trkpt lat="-33.825498" lon="151.051022">
				 <ele>8.2</ele>
			 </trkpt>
			 <trkpt lat="-33.825447" lon="151.051029">
				 <ele>8.5</ele>
			 </trkpt>
			 <trkpt lat="-33.825396" lon="151.051035">
				 <ele>9</ele>
			 </trkpt>
			 <trkpt lat="-33.825346" lon="151.051041">
				 <ele>9.5</ele>
			 </trkpt>
			 <trkpt lat="-33.825296" lon="151.051047">
				 <ele>9.8</ele>
			 </trkpt>
			 <trkpt lat="-33.825245" lon="151.051053">
				 <ele>10.1</ele>
			 </trkpt>
			 <trkpt lat="-33.825194" lon="151.05106">
				 <ele>10.4</ele>
			 </trkpt>
			 <trkpt lat="-33.825143" lon="151.051066">
				 <ele>10.5</ele>
			 </trkpt>
			 <trkpt lat="-33.825092" lon="151.051072">
				 <ele>10.7</ele>
			 </trkpt>
			 <trkpt lat="-33.825042" lon="151.051078">
				 <ele>10.7</ele>
			 </trkpt>
			 <trkpt lat="-33.82499" lon="151.051085">
				 <ele>10.7</ele>
			 </trkpt>
			 <trkpt lat="-33.824937" lon="151.051092">
				 <ele>10.6</ele>
			 </trkpt>
			 <trkpt lat="-33.824884" lon="151.051099">
				 <ele>10.5</ele>
			 </trkpt>
			 <trkpt lat="-33.824831" lon="151.051106">
				 <ele>10.2</ele>
			 </trkpt>
			 <trkpt lat="-33.824779" lon="151.051113">
				 <ele>9.9</ele>
			 </trkpt>
			 <trkpt lat="-33.824726" lon="151.05112">
				 <ele>9.5</ele>
			 </trkpt>
			 <trkpt lat="-33.824673" lon="151.051127">
				 <ele>9.2</ele>
			 </trkpt>
			 <trkpt lat="-33.82462" lon="151.051134">
				 <ele>8.7</ele>
			 </trkpt>
			 <trkpt lat="-33.824568" lon="151.051141">
				 <ele>8.3</ele>
			 </trkpt>
			 <trkpt lat="-33.824515" lon="151.051148">
				 <ele>7.8</ele>
			 </trkpt>
			 <trkpt lat="-33.824462" lon="151.051155">
				 <ele>7.4</ele>
			 </trkpt>
			 <trkpt lat="-33.82441" lon="151.051162">
				 <ele>6.9</ele>
			 </trkpt>
			 <trkpt lat="-33.824357" lon="151.051169">
				 <ele>6.5</ele>
			 </trkpt>
			 <trkpt lat="-33.824304" lon="151.051176">
				 <ele>6.1</ele>
			 </trkpt>
			 <trkpt lat="-33.824252" lon="151.051183">
				 <ele>5.7</ele>
			 </trkpt>
			 <trkpt lat="-33.824199" lon="151.05119">
				 <ele>5.4</ele>
			 </trkpt>
			 <trkpt lat="-33.824146" lon="151.051198">
				 <ele>5</ele>
			 </trkpt>
			 <trkpt lat="-33.824093" lon="151.051205">
				 <ele>4.6</ele>
			 </trkpt>
			 <trkpt lat="-33.82404" lon="151.051212">
				 <ele>4.4</ele>
			 </trkpt>
			 <trkpt lat="-33.823988" lon="151.051219">
				 <ele>4</ele>
			 </trkpt>
			 <trkpt lat="-33.823935" lon="151.051226">
				 <ele>3.6</ele>
			 </trkpt>
			 <trkpt lat="-33.823882" lon="151.051233">
				 <ele>3.4</ele>
			 </trkpt>
			 <trkpt lat="-33.82383" lon="151.05124">
				 <ele>3.1</ele>
			 </trkpt>
			 <trkpt lat="-33.823777" lon="151.051247">
				 <ele>2.8</ele>
			 </trkpt>
			 <trkpt lat="-33.823724" lon="151.051254">
				 <ele>2.6</ele>
			 </trkpt>
			 <trkpt lat="-33.823672" lon="151.051261">
				 <ele>2.5</ele>
			 </trkpt>
			 <trkpt lat="-33.823619" lon="151.051268">
				 <ele>2.4</ele>
			 </trkpt>
			 <trkpt lat="-33.823566" lon="151.051275">
				 <ele>2.4</ele>
			 </trkpt>
			 <trkpt lat="-33.823514" lon="151.051282">
				 <ele>2.5</ele>
			 </trkpt>
			 <trkpt lat="-33.823461" lon="151.051289">
				 <ele>2.5</ele>
			 </trkpt>
			 <trkpt lat="-33.823408" lon="151.051296">
				 <ele>2.8</ele>
			 </trkpt>
			 <trkpt lat="-33.823355" lon="151.051303">
				 <ele>3.1</ele>
			 </trkpt>
			 <trkpt lat="-33.823302" lon="151.05131">
				 <ele>3.5</ele>
			 </trkpt>
			 <trkpt lat="-33.82325" lon="151.051317">
				 <ele>3.8</ele>
			 </trkpt>
			 <trkpt lat="-33.823196" lon="151.051322">
				 <ele>4.3</ele>
			 </trkpt>
			 <trkpt lat="-33.823142" lon="151.051326">
				 <ele>4.7</ele>
			 </trkpt>
			 <trkpt lat="-33.823088" lon="151.051331">
				 <ele>5.2</ele>
			 </trkpt>
			 <trkpt lat="-33.823035" lon="151.051335">
				 <ele>5.5</ele>
			 </trkpt>
			 <trkpt lat="-33.822981" lon="151.05134">
				 <ele>5.9</ele>
			 </trkpt>
			 <trkpt lat="-33.822927" lon="151.051345">
				 <ele>6.2</ele>
			 </trkpt>
			 <trkpt lat="-33.822874" lon="151.05135">
				 <ele>6.5</ele>
			 </trkpt>
			 <trkpt lat="-33.82282" lon="151.051354">
				 <ele>6.6</ele>
			 </trkpt>
			 <trkpt lat="-33.822766" lon="151.051358">
				 <ele>6.8</ele>
			 </trkpt>
			 <trkpt lat="-33.822712" lon="151.051363">
				 <ele>6.9</ele>
			 </trkpt>
			 <trkpt lat="-33.822671" lon="151.051363">
				 <ele>7</ele>
			 </trkpt>
			 <trkpt lat="-33.82263" lon="151.051363">
				 <ele>7</ele>
			 </trkpt>
			 <trkpt lat="-33.822589" lon="151.051363">
				 <ele>7</ele>
			 </trkpt>
			 <trkpt lat="-33.822549" lon="151.051362">
				 <ele>7</ele>
			 </trkpt>
			 <trkpt lat="-33.822508" lon="151.051362">
				 <ele>7</ele>
			 </trkpt>
			 <trkpt lat="-33.822467" lon="151.051362">
				 <ele>7</ele>
			 </trkpt>
			 <trkpt lat="-33.822421" lon="151.051362">
				 <ele>7</ele>
			 </trkpt>
			 <trkpt lat="-33.822374" lon="151.051362">
				 <ele>7</ele>
			 </trkpt>
			 <trkpt lat="-33.822328" lon="151.051363">
				 <ele>7</ele>
			 </trkpt>
			 <trkpt lat="-33.822281" lon="151.051363">
				 <ele>7</ele>
			 </trkpt>
			 <trkpt lat="-33.822234" lon="151.051363">
				 <ele>7</ele>
			 </trkpt>
			 <trkpt lat="-33.822188" lon="151.051363">
				 <ele>7</ele>
			 </trkpt>
			 <trkpt lat="-33.822158" lon="151.051345">
				 <ele>7</ele>
			 </trkpt>
			 <trkpt lat="-33.822114" lon="151.051333">
				 <ele>7</ele>
			 </trkpt>
			 <trkpt lat="-33.822071" lon="151.051321">
				 <ele>7</ele>
			 </trkpt>
			 <trkpt lat="-33.822028" lon="151.051309">
				 <ele>7</ele>
			 </trkpt>
			 <trkpt lat="-33.821984" lon="151.051297">
				 <ele>7</ele>
			 </trkpt>
			 <trkpt lat="-33.82194" lon="151.051285">
				 <ele>7</ele>
			 </trkpt>
			 <trkpt lat="-33.821897" lon="151.051273">
				 <ele>7</ele>
			 </trkpt>
			 <trkpt lat="-33.821956" lon="151.051261">
				 <ele>7</ele>
			 </trkpt>
			 <trkpt lat="-33.822016" lon="151.051249">
				 <ele>6.9</ele>
			 </trkpt>
			 <trkpt lat="-33.82206" lon="151.051241">
				 <ele>6.8</ele>
			 </trkpt>
			 <trkpt lat="-33.822104" lon="151.051232">
				 <ele>6.7</ele>
			 </trkpt>
			 <trkpt lat="-33.822148" lon="151.051223">
				 <ele>6.6</ele>
			 </trkpt>
			 <trkpt lat="-33.822193" lon="151.051214">
				 <ele>6.5</ele>
			 </trkpt>
			 <trkpt lat="-33.822237" lon="151.051205">
				 <ele>6.5</ele>
			 </trkpt>
			 <trkpt lat="-33.822281" lon="151.051197">
				 <ele>6.5</ele>
			 </trkpt>
			 <trkpt lat="-33.822325" lon="151.051188">
				 <ele>6.5</ele>
			 </trkpt>
			 <trkpt lat="-33.82237" lon="151.051179">
				 <ele>6.6</ele>
			 </trkpt>
			 <trkpt lat="-33.822414" lon="151.051171">
				 <ele>6.7</ele>
			 </trkpt>
			 <trkpt lat="-33.822458" lon="151.051162">
				 <ele>6.8</ele>
			 </trkpt>
			 <trkpt lat="-33.822507" lon="151.051151">
				 <ele>7</ele>
			 </trkpt>
			 <trkpt lat="-33.822556" lon="151.05114">
				 <ele>7.2</ele>
			 </trkpt>
			 <trkpt lat="-33.822604" lon="151.051129">
				 <ele>7.4</ele>
			 </trkpt>
			 <trkpt lat="-33.822653" lon="151.051117">
				 <ele>7.5</ele>
			 </trkpt>
			 <trkpt lat="-33.822697" lon="151.051105">
				 <ele>7.6</ele>
			 </trkpt>
			 <trkpt lat="-33.822741" lon="151.051093">
				 <ele>7.6</ele>
			 </trkpt>
			 <trkpt lat="-33.822785" lon="151.051081">
				 <ele>7.5</ele>
			 </trkpt>
			 <trkpt lat="-33.822829" lon="151.051069">
				 <ele>7.5</ele>
			 </trkpt>
			 <trkpt lat="-33.822873" lon="151.051057">
				 <ele>7.2</ele>
			 </trkpt>
			 <trkpt lat="-33.822917" lon="151.051045">
				 <ele>6.9</ele>
			 </trkpt>
			 <trkpt lat="-33.822969" lon="151.051017">
				 <ele>6.6</ele>
			 </trkpt>
			 <trkpt lat="-33.82302" lon="151.050989">
				 <ele>6.4</ele>
			 </trkpt>
			 <trkpt lat="-33.823048" lon="151.050975">
				 <ele>6.1</ele>
			 </trkpt>
			 <trkpt lat="-33.823083" lon="151.050952">
				 <ele>5.8</ele>
			 </trkpt>
			 <trkpt lat="-33.823118" lon="151.050928">
				 <ele>5.5</ele>
			 </trkpt>
			 <trkpt lat="-33.823143" lon="151.050878">
				 <ele>5.5</ele>
			 </trkpt>
			 <trkpt lat="-33.823168" lon="151.050827">
				 <ele>5.4</ele>
			 </trkpt>
			 <trkpt lat="-33.823144" lon="151.050788">
				 <ele>5.4</ele>
			 </trkpt>
			 <trkpt lat="-33.823121" lon="151.05074">
				 <ele>5.4</ele>
			 </trkpt>
			 <trkpt lat="-33.823099" lon="151.050692">
				 <ele>5.5</ele>
			 </trkpt>
			 <trkpt lat="-33.823076" lon="151.050643">
				 <ele>5.5</ele>
			 </trkpt>
			 <trkpt lat="-33.823053" lon="151.050595">
				 <ele>5.6</ele>
			 </trkpt>
			 <trkpt lat="-33.823047" lon="151.050552">
				 <ele>5.7</ele>
			 </trkpt>
			 <trkpt lat="-33.82304" lon="151.050509">
				 <ele>5.8</ele>
			 </trkpt>
			 <trkpt lat="-33.823034" lon="151.050466">
				 <ele>5.9</ele>
			 </trkpt>
			 <trkpt lat="-33.823027" lon="151.050423">
				 <ele>6</ele>
			 </trkpt>
			 <trkpt lat="-33.823023" lon="151.050367">
				 <ele>6</ele>
			 </trkpt>
			 <trkpt lat="-33.823018" lon="151.050312">
				 <ele>6</ele>
			 </trkpt>
			 <trkpt lat="-33.823014" lon="151.050256">
				 <ele>6</ele>
			 </trkpt>
			 <trkpt lat="-33.823009" lon="151.050201">
				 <ele>6</ele>
			 </trkpt>
			 <trkpt lat="-33.823" lon="151.050155">
				 <ele>6</ele>
			 </trkpt>
			 <trkpt lat="-33.822991" lon="151.05011">
				 <ele>6</ele>
			 </trkpt>
			 <trkpt lat="-33.822981" lon="151.050065">
				 <ele>6.1</ele>
			 </trkpt>
			 <trkpt lat="-33.822972" lon="151.05002">
				 <ele>6.2</ele>
			 </trkpt>
			 <trkpt lat="-33.822947" lon="151.049973">
				 <ele>6.3</ele>
			 </trkpt>
			 <trkpt lat="-33.822922" lon="151.049925">
				 <ele>6.4</ele>
			 </trkpt>
			 <trkpt lat="-33.822897" lon="151.049878">
				 <ele>6.5</ele>
			 </trkpt>
			 <trkpt lat="-33.822873" lon="151.049831">
				 <ele>6.7</ele>
			 </trkpt>
			 <trkpt lat="-33.822848" lon="151.049783">
				 <ele>6.9</ele>
			 </trkpt>
			 <trkpt lat="-33.822823" lon="151.049736">
				 <ele>7.1</ele>
			 </trkpt>
			 <trkpt lat="-33.822796" lon="151.049706">
				 <ele>7.3</ele>
			 </trkpt>
			 <trkpt lat="-33.82277" lon="151.049675">
				 <ele>7.5</ele>
			 </trkpt>
			 <trkpt lat="-33.822744" lon="151.049645">
				 <ele>7.6</ele>
			 </trkpt>
			 <trkpt lat="-33.822717" lon="151.049615">
				 <ele>7.7</ele>
			 </trkpt>
			 <trkpt lat="-33.822691" lon="151.049584">
				 <ele>7.8</ele>
			 </trkpt>
			 <trkpt lat="-33.822664" lon="151.049554">
				 <ele>7.9</ele>
			 </trkpt>
			 <trkpt lat="-33.822632" lon="151.049533">
				 <ele>8</ele>
			 </trkpt>
			 <trkpt lat="-33.8226" lon="151.049511">
				 <ele>8</ele>
			 </trkpt>
			 <trkpt lat="-33.822568" lon="151.049489">
				 <ele>8</ele>
			 </trkpt>
			 <trkpt lat="-33.822535" lon="151.049467">
				 <ele>8</ele>
			 </trkpt>
			 <trkpt lat="-33.822501" lon="151.049419">
				 <ele>8</ele>
			 </trkpt>
			 <trkpt lat="-33.822466" lon="151.049371">
				 <ele>8</ele>
			 </trkpt>
			 <trkpt lat="-33.822431" lon="151.049324">
				 <ele>8.1</ele>
			 </trkpt>
			 <trkpt lat="-33.822396" lon="151.049276">
				 <ele>8.2</ele>
			 </trkpt>
			 <trkpt lat="-33.822362" lon="151.049228">
				 <ele>8.3</ele>
			 </trkpt>
			 <trkpt lat="-33.822327" lon="151.04918">
				 <ele>8.4</ele>
			 </trkpt>
			 <trkpt lat="-33.822302" lon="151.049131">
				 <ele>8.5</ele>
			 </trkpt>
			 <trkpt lat="-33.822276" lon="151.049083">
				 <ele>8.5</ele>
			 </trkpt>
			 <trkpt lat="-33.822272" lon="151.049034">
				 <ele>8.6</ele>
			 </trkpt>
			 <trkpt lat="-33.822268" lon="151.048984">
				 <ele>8.7</ele>
			 </trkpt>
			 <trkpt lat="-33.822264" lon="151.048935">
				 <ele>8.8</ele>
			 </trkpt>
			 <trkpt lat="-33.822259" lon="151.048885">
				 <ele>8.9</ele>
			 </trkpt>
			 <trkpt lat="-33.822252" lon="151.048837">
				 <ele>9</ele>
			 </trkpt>
			 <trkpt lat="-33.822244" lon="151.048789">
				 <ele>9</ele>
			 </trkpt>
			 <trkpt lat="-33.822237" lon="151.048741">
				 <ele>9</ele>
			 </trkpt>
			 <trkpt lat="-33.82223" lon="151.048692">
				 <ele>9</ele>
			 </trkpt>
			 <trkpt lat="-33.822215" lon="151.048652">
				 <ele>9.1</ele>
			 </trkpt>
			 <trkpt lat="-33.822201" lon="151.048611">
				 <ele>9.2</ele>
			 </trkpt>
			 <trkpt lat="-33.822178" lon="151.048548">
				 <ele>9.3</ele>
			 </trkpt>
			 <trkpt lat="-33.822162" lon="151.04851">
				 <ele>9.4</ele>
			 </trkpt>
			 <trkpt lat="-33.822145" lon="151.048471">
				 <ele>9.5</ele>
			 </trkpt>
			 <trkpt lat="-33.822128" lon="151.048432">
				 <ele>9.5</ele>
			 </trkpt>
			 <trkpt lat="-33.822112" lon="151.048394">
				 <ele>9.6</ele>
			 </trkpt>
			 <trkpt lat="-33.82209" lon="151.048358">
				 <ele>9.8</ele>
			 </trkpt>
			 <trkpt lat="-33.822068" lon="151.048322">
				 <ele>10</ele>
			 </trkpt>
			 <trkpt lat="-33.822046" lon="151.048287">
				 <ele>10.2</ele>
			 </trkpt>
			 <trkpt lat="-33.822024" lon="151.048251">
				 <ele>10.4</ele>
			 </trkpt>
			 <trkpt lat="-33.822002" lon="151.048215">
				 <ele>10.5</ele>
			 </trkpt>
			 <trkpt lat="-33.82198" lon="151.048179">
				 <ele>10.5</ele>
			 </trkpt>
			 <trkpt lat="-33.821945" lon="151.048134">
				 <ele>10.6</ele>
			 </trkpt>
			 <trkpt lat="-33.821911" lon="151.048088">
				 <ele>10.7</ele>
			 </trkpt>
			 <trkpt lat="-33.821876" lon="151.048042">
				 <ele>10.8</ele>
			 </trkpt>
			 <trkpt lat="-33.821841" lon="151.047996">
				 <ele>10.9</ele>
			 </trkpt>
			 <trkpt lat="-33.821817" lon="151.047969">
				 <ele>11</ele>
			 </trkpt>
			 <trkpt lat="-33.821793" lon="151.047941">
				 <ele>11</ele>
			 </trkpt>
			 <trkpt lat="-33.82177" lon="151.047913">
				 <ele>11</ele>
			 </trkpt>
			 <trkpt lat="-33.821746" lon="151.047886">
				 <ele>11</ele>
			 </trkpt>
			 <trkpt lat="-33.821717" lon="151.047857">
				 <ele>11</ele>
			 </trkpt>
			 <trkpt lat="-33.821689" lon="151.047828">
				 <ele>10.9</ele>
			 </trkpt>
			 <trkpt lat="-33.821661" lon="151.047799">
				 <ele>10.8</ele>
			 </trkpt>
			 <trkpt lat="-33.821633" lon="151.04777">
				 <ele>10.7</ele>
			 </trkpt>
			 <trkpt lat="-33.821585" lon="151.047733">
				 <ele>10.5</ele>
			 </trkpt>
			 <trkpt lat="-33.821536" lon="151.047695">
				 <ele>10.3</ele>
			 </trkpt>
			 <trkpt lat="-33.821502" lon="151.047663">
				 <ele>10</ele>
			 </trkpt>
			 <trkpt lat="-33.821468" lon="151.04763">
				 <ele>9.6</ele>
			 </trkpt>
			 <trkpt lat="-33.821433" lon="151.047597">
				 <ele>9.2</ele>
			 </trkpt>
			 <trkpt lat="-33.821399" lon="151.047564">
				 <ele>8.7</ele>
			 </trkpt>
			 <trkpt lat="-33.821365" lon="151.047531">
				 <ele>8.3</ele>
			 </trkpt>
			 <trkpt lat="-33.821331" lon="151.047499">
				 <ele>7.7</ele>
			 </trkpt>
			 <trkpt lat="-33.821302" lon="151.04746">
				 <ele>7.3</ele>
			 </trkpt>
			 <trkpt lat="-33.821273" lon="151.047421">
				 <ele>6.8</ele>
			 </trkpt>
			 <trkpt lat="-33.821244" lon="151.047383">
				 <ele>6.3</ele>
			 </trkpt>
			 <trkpt lat="-33.821215" lon="151.047344">
				 <ele>5.8</ele>
			 </trkpt>
			 <trkpt lat="-33.821186" lon="151.047305">
				 <ele>5.5</ele>
			 </trkpt>
			 <trkpt lat="-33.821157" lon="151.047267">
				 <ele>5.1</ele>
			 </trkpt>
			 <trkpt lat="-33.821128" lon="151.047228">
				 <ele>4.8</ele>
			 </trkpt>
			 <trkpt lat="-33.821099" lon="151.047189">
				 <ele>4.6</ele>
			 </trkpt>
			 <trkpt lat="-33.82105" lon="151.047143">
				 <ele>4.5</ele>
			 </trkpt>
			 <trkpt lat="-33.821025" lon="151.04712">
				 <ele>4.3</ele>
			 </trkpt>
			 <trkpt lat="-33.821" lon="151.047096">
				 <ele>4.2</ele>
			 </trkpt>
			 <trkpt lat="-33.820976" lon="151.047069">
				 <ele>4.1</ele>
			 </trkpt>
			 <trkpt lat="-33.820952" lon="151.047041">
				 <ele>4</ele>
			 </trkpt>
			 <trkpt lat="-33.820927" lon="151.047013">
				 <ele>4</ele>
			 </trkpt>
			 <trkpt lat="-33.820903" lon="151.046985">
				 <ele>4</ele>
			 </trkpt>
			 <trkpt lat="-33.820882" lon="151.046955">
				 <ele>4.1</ele>
			 </trkpt>
			 <trkpt lat="-33.820861" lon="151.046924">
				 <ele>4.2</ele>
			 </trkpt>
			 <trkpt lat="-33.820841" lon="151.046894">
				 <ele>4.3</ele>
			 </trkpt>
			 <trkpt lat="-33.82082" lon="151.046863">
				 <ele>4.4</ele>
			 </trkpt>
			 <trkpt lat="-33.820787" lon="151.046825">
				 <ele>4.5</ele>
			 </trkpt>
			 <trkpt lat="-33.820754" lon="151.046787">
				 <ele>4.7</ele>
			 </trkpt>
			 <trkpt lat="-33.820707" lon="151.046742">
				 <ele>4.9</ele>
			 </trkpt>
			 <trkpt lat="-33.82066" lon="151.046697">
				 <ele>5.1</ele>
			 </trkpt>
			 <trkpt lat="-33.820617" lon="151.046681">
				 <ele>5.3</ele>
			 </trkpt>
			 <trkpt lat="-33.820573" lon="151.046665">
				 <ele>5.5</ele>
			 </trkpt>
			 <trkpt lat="-33.820529" lon="151.046649">
				 <ele>5.6</ele>
			 </trkpt>
			 <trkpt lat="-33.820485" lon="151.046632">
				 <ele>5.7</ele>
			 </trkpt>
			 <trkpt lat="-33.820442" lon="151.046616">
				 <ele>5.9</ele>
			 </trkpt>
			 <trkpt lat="-33.820398" lon="151.0466">
				 <ele>6.1</ele>
			 </trkpt>
			 <trkpt lat="-33.820353" lon="151.046587">
				 <ele>6.3</ele>
			 </trkpt>
			 <trkpt lat="-33.820308" lon="151.046574">
				 <ele>6.4</ele>
			 </trkpt>
			 <trkpt lat="-33.820256" lon="151.046567">
				 <ele>6.5</ele>
			 </trkpt>
			 <trkpt lat="-33.820203" lon="151.046561">
				 <ele>6.6</ele>
			 </trkpt>
			 <trkpt lat="-33.82015" lon="151.046554">
				 <ele>6.8</ele>
			 </trkpt>
			 <trkpt lat="-33.820098" lon="151.046547">
				 <ele>7</ele>
			 </trkpt>
			 <trkpt lat="-33.820066" lon="151.046531">
				 <ele>7.2</ele>
			 </trkpt>
			 <trkpt lat="-33.820034" lon="151.046515">
				 <ele>7.5</ele>
			 </trkpt>
			 <trkpt lat="-33.820008" lon="151.046492">
				 <ele>7.7</ele>
			 </trkpt>
			 <trkpt lat="-33.819981" lon="151.046469">
				 <ele>8</ele>
			 </trkpt>
			 <trkpt lat="-33.819955" lon="151.046446">
				 <ele>8.3</ele>
			 </trkpt>
			 <trkpt lat="-33.819929" lon="151.046422">
				 <ele>8.6</ele>
			 </trkpt>
			 <trkpt lat="-33.819894" lon="151.046382">
				 <ele>9</ele>
			 </trkpt>
			 <trkpt lat="-33.819859" lon="151.046343">
				 <ele>9.4</ele>
			 </trkpt>
			 <trkpt lat="-33.819824" lon="151.046303">
				 <ele>9.6</ele>
			 </trkpt>
			 <trkpt lat="-33.819789" lon="151.046263">
				 <ele>9.9</ele>
			 </trkpt>
			 <trkpt lat="-33.819754" lon="151.046224">
				 <ele>10.2</ele>
			 </trkpt>
			 <trkpt lat="-33.819718" lon="151.046184">
				 <ele>10.5</ele>
			 </trkpt>
			 <trkpt lat="-33.819683" lon="151.046144">
				 <ele>10.6</ele>
			 </trkpt>
			 <trkpt lat="-33.819648" lon="151.046104">
				 <ele>10.8</ele>
			 </trkpt>
			 <trkpt lat="-33.819618" lon="151.046077">
				 <ele>10.8</ele>
			 </trkpt>
			 <trkpt lat="-33.819587" lon="151.04605">
				 <ele>10.8</ele>
			 </trkpt>
			 <trkpt lat="-33.819557" lon="151.046023">
				 <ele>10.6</ele>
			 </trkpt>
			 <trkpt lat="-33.819526" lon="151.045996">
				 <ele>10.4</ele>
			 </trkpt>
			 <trkpt lat="-33.8195" lon="151.045976">
				 <ele>10.1</ele>
			 </trkpt>
			 <trkpt lat="-33.819473" lon="151.045955">
				 <ele>9.7</ele>
			 </trkpt>
			 <trkpt lat="-33.819446" lon="151.045935">
				 <ele>9.3</ele>
			 </trkpt>
			 <trkpt lat="-33.819419" lon="151.045915">
				 <ele>8.7</ele>
			 </trkpt>
			 <trkpt lat="-33.81939" lon="151.045896">
				 <ele>8.2</ele>
			 </trkpt>
			 <trkpt lat="-33.81936" lon="151.045876">
				 <ele>7.5</ele>
			 </trkpt>
			 <trkpt lat="-33.819317" lon="151.045848">
				 <ele>6.9</ele>
			 </trkpt>
			 <trkpt lat="-33.819274" lon="151.045821">
				 <ele>6.4</ele>
			 </trkpt>
			 <trkpt lat="-33.819238" lon="151.045802">
				 <ele>5.8</ele>
			 </trkpt>
			 <trkpt lat="-33.819202" lon="151.045784">
				 <ele>5.3</ele>
			 </trkpt>
			 <trkpt lat="-33.819166" lon="151.045765">
				 <ele>4.8</ele>
			 </trkpt>
			 <trkpt lat="-33.81913" lon="151.045746">
				 <ele>4.4</ele>
			 </trkpt>
			 <trkpt lat="-33.819088" lon="151.045729">
				 <ele>4</ele>
			 </trkpt>
			 <trkpt lat="-33.819047" lon="151.045711">
				 <ele>3.7</ele>
			 </trkpt>
			 <trkpt lat="-33.819014" lon="151.045706">
				 <ele>3.5</ele>
			 </trkpt>
			 <trkpt lat="-33.818982" lon="151.045702">
				 <ele>3.4</ele>
			 </trkpt>
			 <trkpt lat="-33.818946" lon="151.045651">
				 <ele>3.3</ele>
			 </trkpt>
			 <trkpt lat="-33.818911" lon="151.045632">
				 <ele>3.3</ele>
			 </trkpt>
			 <trkpt lat="-33.818875" lon="151.045613">
				 <ele>3.3</ele>
			 </trkpt>
			 <trkpt lat="-33.818839" lon="151.045594">
				 <ele>3.3</ele>
			 </trkpt>
			 <trkpt lat="-33.818803" lon="151.045574">
				 <ele>3.4</ele>
			 </trkpt>
			 <trkpt lat="-33.818769" lon="151.045548">
				 <ele>3.5</ele>
			 </trkpt>
			 <trkpt lat="-33.818734" lon="151.045522">
				 <ele>3.5</ele>
			 </trkpt>
			 <trkpt lat="-33.8187" lon="151.045496">
				 <ele>3.5</ele>
			 </trkpt>
			 <trkpt lat="-33.818665" lon="151.045469">
				 <ele>3.5</ele>
			 </trkpt>
			 <trkpt lat="-33.81863" lon="151.045443">
				 <ele>3.5</ele>
			 </trkpt>
			 <trkpt lat="-33.818596" lon="151.045417">
				 <ele>3.6</ele>
			 </trkpt>
			 <trkpt lat="-33.818561" lon="151.045383">
				 <ele>3.7</ele>
			 </trkpt>
			 <trkpt lat="-33.818525" lon="151.045349">
				 <ele>3.7</ele>
			 </trkpt>
			 <trkpt lat="-33.818489" lon="151.045315">
				 <ele>3.8</ele>
			 </trkpt>
			 <trkpt lat="-33.818454" lon="151.045281">
				 <ele>3.9</ele>
			 </trkpt>
			 <trkpt lat="-33.818428" lon="151.04525">
				 <ele>4</ele>
			 </trkpt>
			 <trkpt lat="-33.818402" lon="151.045219">
				 <ele>4.2</ele>
			 </trkpt>
			 <trkpt lat="-33.818376" lon="151.045188">
				 <ele>4.4</ele>
			 </trkpt>
			 <trkpt lat="-33.818349" lon="151.045157">
				 <ele>4.6</ele>
			 </trkpt>
			 <trkpt lat="-33.818316" lon="151.04511">
				 <ele>5</ele>
			 </trkpt>
			 <trkpt lat="-33.818284" lon="151.045062">
				 <ele>5.4</ele>
			 </trkpt>
			 <trkpt lat="-33.818252" lon="151.045015">
				 <ele>5.6</ele>
			 </trkpt>
			 <trkpt lat="-33.818219" lon="151.044967">
				 <ele>5.9</ele>
			 </trkpt>
			 <trkpt lat="-33.818195" lon="151.044917">
				 <ele>6.3</ele>
			 </trkpt>
			 <trkpt lat="-33.818171" lon="151.044867">
				 <ele>6.5</ele>
			 </trkpt>
			 <trkpt lat="-33.818146" lon="151.044817">
				 <ele>6.8</ele>
			 </trkpt>
			 <trkpt lat="-33.818122" lon="151.044766">
				 <ele>7</ele>
			 </trkpt>
			 <trkpt lat="-33.818101" lon="151.044732">
				 <ele>7.1</ele>
			 </trkpt>
			 <trkpt lat="-33.818079" lon="151.044697">
				 <ele>7.2</ele>
			 </trkpt>
			 <trkpt lat="-33.818057" lon="151.044663">
				 <ele>7.3</ele>
			 </trkpt>
			 <trkpt lat="-33.818036" lon="151.044628">
				 <ele>7.3</ele>
			 </trkpt>
			 <trkpt lat="-33.818009" lon="151.044592">
				 <ele>7.3</ele>
			 </trkpt>
			 <trkpt lat="-33.817981" lon="151.044555">
				 <ele>7.3</ele>
			 </trkpt>
			 <trkpt lat="-33.817954" lon="151.044518">
				 <ele>7.3</ele>
			 </trkpt>
			 <trkpt lat="-33.817926" lon="151.044482">
				 <ele>7.1</ele>
			 </trkpt>
			 <trkpt lat="-33.817898" lon="151.044445">
				 <ele>6.9</ele>
			 </trkpt>
			 <trkpt lat="-33.817871" lon="151.044409">
				 <ele>6.7</ele>
			 </trkpt>
			 <trkpt lat="-33.817843" lon="151.044373">
				 <ele>6.6</ele>
			 </trkpt>
			 <trkpt lat="-33.817823" lon="151.044343">
				 <ele>6.5</ele>
			 </trkpt>
			 <trkpt lat="-33.817803" lon="151.044313">
				 <ele>6.5</ele>
			 </trkpt>
			 <trkpt lat="-33.817783" lon="151.044284">
				 <ele>6.4</ele>
			 </trkpt>
			 <trkpt lat="-33.817763" lon="151.044254">
				 <ele>6.3</ele>
			 </trkpt>
			 <trkpt lat="-33.81774" lon="151.044212">
				 <ele>6.2</ele>
			 </trkpt>
			 <trkpt lat="-33.817717" lon="151.04417">
				 <ele>6.1</ele>
			 </trkpt>
			 <trkpt lat="-33.817694" lon="151.044129">
				 <ele>6</ele>
			 </trkpt>
			 <trkpt lat="-33.81767" lon="151.044087">
				 <ele>6</ele>
			 </trkpt>
			 <trkpt lat="-33.817647" lon="151.044045">
				 <ele>6</ele>
			 </trkpt>
			 <trkpt lat="-33.817624" lon="151.044003">
				 <ele>6</ele>
			 </trkpt>
			 <trkpt lat="-33.817598" lon="151.043941">
				 <ele>6</ele>
			 </trkpt>
			 <trkpt lat="-33.817556" lon="151.043887">
				 <ele>6.1</ele>
			 </trkpt>
			 <trkpt lat="-33.817526" lon="151.043871">
				 <ele>6.2</ele>
			 </trkpt>
			 <trkpt lat="-33.817496" lon="151.043854">
				 <ele>6.3</ele>
			 </trkpt>
			 <trkpt lat="-33.817445" lon="151.04385">
				 <ele>6.4</ele>
			 </trkpt>
			 <trkpt lat="-33.817418" lon="151.043825">
				 <ele>6.5</ele>
			 </trkpt>
			 <trkpt lat="-33.817393" lon="151.043793">
				 <ele>6.5</ele>
			 </trkpt>
			 <trkpt lat="-33.817355" lon="151.043784">
				 <ele>6.6</ele>
			 </trkpt>
			 <trkpt lat="-33.817316" lon="151.043774">
				 <ele>6.7</ele>
			 </trkpt>
			 <trkpt lat="-33.817277" lon="151.043765">
				 <ele>6.8</ele>
			 </trkpt>
			 <trkpt lat="-33.817238" lon="151.043756">
				 <ele>6.9</ele>
			 </trkpt>
			 <trkpt lat="-33.817189" lon="151.043733">
				 <ele>7</ele>
			 </trkpt>
			 <trkpt lat="-33.817141" lon="151.043709">
				 <ele>7</ele>
			 </trkpt>
			 <trkpt lat="-33.817118" lon="151.04364">
				 <ele>6.9</ele>
			 </trkpt>
			 <trkpt lat="-33.817108" lon="151.043576">
				 <ele>6.8</ele>
			 </trkpt>
			 <trkpt lat="-33.81711" lon="151.043531">
				 <ele>6.7</ele>
			 </trkpt>
			 <trkpt lat="-33.817111" lon="151.043486">
				 <ele>6.6</ele>
			 </trkpt>
			 <trkpt lat="-33.817121" lon="151.04343">
				 <ele>6.5</ele>
			 </trkpt>
			 <trkpt lat="-33.817132" lon="151.043373">
				 <ele>6.5</ele>
			 </trkpt>
			 <trkpt lat="-33.817149" lon="151.04333">
				 <ele>6.4</ele>
			 </trkpt>
			 <trkpt lat="-33.817167" lon="151.043287">
				 <ele>6.3</ele>
			 </trkpt>
			 <trkpt lat="-33.81719" lon="151.043254">
				 <ele>6.2</ele>
			 </trkpt>
			 <trkpt lat="-33.817214" lon="151.043222">
				 <ele>6</ele>
			 </trkpt>
			 <trkpt lat="-33.817234" lon="151.043189">
				 <ele>5.8</ele>
			 </trkpt>
			 <trkpt lat="-33.817253" lon="151.043156">
				 <ele>5.7</ele>
			 </trkpt>
			 <trkpt lat="-33.817273" lon="151.043123">
				 <ele>5.6</ele>
			 </trkpt>
			 <trkpt lat="-33.817292" lon="151.043089">
				 <ele>5.5</ele>
			 </trkpt>
			 <trkpt lat="-33.81731" lon="151.043044">
				 <ele>5.5</ele>
			 </trkpt>
			 <trkpt lat="-33.817327" lon="151.042998">
				 <ele>5.3</ele>
			 </trkpt>
			 <trkpt lat="-33.817344" lon="151.042953">
				 <ele>5.1</ele>
			 </trkpt>
			 <trkpt lat="-33.817361" lon="151.042907">
				 <ele>5</ele>
			 </trkpt>
			 <trkpt lat="-33.817371" lon="151.042863">
				 <ele>4.9</ele>
			 </trkpt>
			 <trkpt lat="-33.817381" lon="151.042819">
				 <ele>4.8</ele>
			 </trkpt>
			 <trkpt lat="-33.817391" lon="151.042775">
				 <ele>4.8</ele>
			 </trkpt>
			 <trkpt lat="-33.817401" lon="151.042731">
				 <ele>4.8</ele>
			 </trkpt>
			 <trkpt lat="-33.817402" lon="151.042685">
				 <ele>4.8</ele>
			 </trkpt>
			 <trkpt lat="-33.817403" lon="151.042638">
				 <ele>4.8</ele>
			 </trkpt>
			 <trkpt lat="-33.817403" lon="151.042591">
				 <ele>4.8</ele>
			 </trkpt>
			 <trkpt lat="-33.817404" lon="151.042544">
				 <ele>4.8</ele>
			 </trkpt>
			 <trkpt lat="-33.817405" lon="151.042498">
				 <ele>4.9</ele>
			 </trkpt>
			 <trkpt lat="-33.817406" lon="151.042451">
				 <ele>5</ele>
			 </trkpt>
			 <trkpt lat="-33.817396" lon="151.04241">
				 <ele>5</ele>
			 </trkpt>
			 <trkpt lat="-33.817386" lon="151.042368">
				 <ele>5</ele>
			 </trkpt>
			 <trkpt lat="-33.817376" lon="151.042327">
				 <ele>4.9</ele>
			 </trkpt>
			 <trkpt lat="-33.817367" lon="151.042285">
				 <ele>4.8</ele>
			 </trkpt>
			 <trkpt lat="-33.817346" lon="151.042235">
				 <ele>4.7</ele>
			 </trkpt>
			 <trkpt lat="-33.817325" lon="151.042185">
				 <ele>4.6</ele>
			 </trkpt>
			 <trkpt lat="-33.817307" lon="151.042148">
				 <ele>4.5</ele>
			 </trkpt>
			 <trkpt lat="-33.817289" lon="151.04211">
				 <ele>4.5</ele>
			 </trkpt>
			 <trkpt lat="-33.817271" lon="151.042073">
				 <ele>4.4</ele>
			 </trkpt>
			 <trkpt lat="-33.817252" lon="151.042036">
				 <ele>4.3</ele>
			 </trkpt>
			 <trkpt lat="-33.817239" lon="151.041999">
				 <ele>4.2</ele>
			 </trkpt>
			 <trkpt lat="-33.817226" lon="151.041962">
				 <ele>4.1</ele>
			 </trkpt>
			 <trkpt lat="-33.817212" lon="151.041924">
				 <ele>3.9</ele>
			 </trkpt>
			 <trkpt lat="-33.817199" lon="151.041887">
				 <ele>3.8</ele>
			 </trkpt>
			 <trkpt lat="-33.817206" lon="151.041819">
				 <ele>3.7</ele>
			 </trkpt>
			 <trkpt lat="-33.817212" lon="151.04175">
				 <ele>3.5</ele>
			 </trkpt>
			 <trkpt lat="-33.817225" lon="151.041706">
				 <ele>3.4</ele>
			 </trkpt>
			 <trkpt lat="-33.817239" lon="151.041661">
				 <ele>3.2</ele>
			 </trkpt>
			 <trkpt lat="-33.817257" lon="151.04162">
				 <ele>2.9</ele>
			 </trkpt>
			 <trkpt lat="-33.817275" lon="151.041579">
				 <ele>2.6</ele>
			 </trkpt>
			 <trkpt lat="-33.81731" lon="151.041531">
				 <ele>2.4</ele>
			 </trkpt>
			 <trkpt lat="-33.817344" lon="151.041483">
				 <ele>2.1</ele>
			 </trkpt>
			 <trkpt lat="-33.81737" lon="151.041435">
				 <ele>1.8</ele>
			 </trkpt>
			 <trkpt lat="-33.817393" lon="151.041391">
				 <ele>1.7</ele>
			 </trkpt>
			 <trkpt lat="-33.817404" lon="151.041334">
				 <ele>1.6</ele>
			 </trkpt>
			 <trkpt lat="-33.817415" lon="151.041277">
				 <ele>1.5</ele>
			 </trkpt>
			 <trkpt lat="-33.817412" lon="151.041235">
				 <ele>1.5</ele>
			 </trkpt>
			 <trkpt lat="-33.817409" lon="151.041193">
				 <ele>1.6</ele>
			 </trkpt>
			 <trkpt lat="-33.817395" lon="151.041129">
				 <ele>1.7</ele>
			 </trkpt>
			 <trkpt lat="-33.817381" lon="151.041065">
				 <ele>1.9</ele>
			 </trkpt>
			 <trkpt lat="-33.817386" lon="151.041025">
				 <ele>2.2</ele>
			 </trkpt>
			 <trkpt lat="-33.81739" lon="151.040985">
				 <ele>2.5</ele>
			 </trkpt>
			 <trkpt lat="-33.817415" lon="151.040922">
				 <ele>2.8</ele>
			 </trkpt>
			 <trkpt lat="-33.817448" lon="151.040872">
				 <ele>3.3</ele>
			 </trkpt>
			 <trkpt lat="-33.817475" lon="151.04085">
				 <ele>3.7</ele>
			 </trkpt>
			 <trkpt lat="-33.817501" lon="151.040828">
				 <ele>4.2</ele>
			 </trkpt>
			 <trkpt lat="-33.817525" lon="151.040791">
				 <ele>4.6</ele>
			 </trkpt>
			 <trkpt lat="-33.817541" lon="151.040738">
				 <ele>5.2</ele>
			 </trkpt>
			 <trkpt lat="-33.817541" lon="151.040663">
				 <ele>5.6</ele>
			 </trkpt>
			 <trkpt lat="-33.817522" lon="151.040617">
				 <ele>6.1</ele>
			 </trkpt>
			 <trkpt lat="-33.817499" lon="151.040588">
				 <ele>6.6</ele>
			 </trkpt>
			 <trkpt lat="-33.817477" lon="151.040558">
				 <ele>7.1</ele>
			 </trkpt>
			 <trkpt lat="-33.817458" lon="151.040523">
				 <ele>7.6</ele>
			 </trkpt>
			 <trkpt lat="-33.817438" lon="151.040487">
				 <ele>8.1</ele>
			 </trkpt>
			 <trkpt lat="-33.817431" lon="151.040449">
				 <ele>8.5</ele>
			 </trkpt>
			 <trkpt lat="-33.817424" lon="151.040411">
				 <ele>8.9</ele>
			 </trkpt>
			 <trkpt lat="-33.817423" lon="151.040343">
				 <ele>9.4</ele>
			 </trkpt>
			 <trkpt lat="-33.817422" lon="151.040275">
				 <ele>9.8</ele>
			 </trkpt>
			 <trkpt lat="-33.81743" lon="151.040211">
				 <ele>10.2</ele>
			 </trkpt>
			 <trkpt lat="-33.817438" lon="151.040146">
				 <ele>10.5</ele>
			 </trkpt>
			 <trkpt lat="-33.81743" lon="151.040089">
				 <ele>10.9</ele>
			 </trkpt>
			 <trkpt lat="-33.817421" lon="151.040033">
				 <ele>11.2</ele>
			 </trkpt>
			 <trkpt lat="-33.817412" lon="151.039976">
				 <ele>11.5</ele>
			 </trkpt>
			 <trkpt lat="-33.817403" lon="151.039919">
				 <ele>11.6</ele>
			 </trkpt>
			 <trkpt lat="-33.817394" lon="151.039863">
				 <ele>11.8</ele>
			 </trkpt>
			 <trkpt lat="-33.817386" lon="151.039806">
				 <ele>11.9</ele>
			 </trkpt>
			 <trkpt lat="-33.817377" lon="151.03975">
				 <ele>12</ele>
			 </trkpt>
			 <trkpt lat="-33.817369" lon="151.039693">
				 <ele>12</ele>
			 </trkpt>
			 <trkpt lat="-33.81736" lon="151.039636">
				 <ele>11.9</ele>
			 </trkpt>
			 <trkpt lat="-33.817351" lon="151.039579">
				 <ele>11.8</ele>
			 </trkpt>
			 <trkpt lat="-33.817343" lon="151.039523">
				 <ele>11.7</ele>
			 </trkpt>
			 <trkpt lat="-33.817334" lon="151.039466">
				 <ele>11.6</ele>
			 </trkpt>
			 <trkpt lat="-33.817326" lon="151.039417">
				 <ele>11.5</ele>
			 </trkpt>
			 <trkpt lat="-33.817317" lon="151.039368">
				 <ele>11.4</ele>
			 </trkpt>
			 <trkpt lat="-33.817309" lon="151.039318">
				 <ele>11.2</ele>
			 </trkpt>
			 <trkpt lat="-33.8173" lon="151.039269">
				 <ele>11</ele>
			 </trkpt>
			 <trkpt lat="-33.817292" lon="151.03922">
				 <ele>10.8</ele>
			 </trkpt>
			 <trkpt lat="-33.817283" lon="151.039171">
				 <ele>10.6</ele>
			 </trkpt>
			 <trkpt lat="-33.817278" lon="151.039133">
				 <ele>10.5</ele>
			 </trkpt>
			 <trkpt lat="-33.817273" lon="151.039095">
				 <ele>10.3</ele>
			 </trkpt>
			 <trkpt lat="-33.817268" lon="151.039057">
				 <ele>10.1</ele>
			 </trkpt>
			 <trkpt lat="-33.817264" lon="151.039019">
				 <ele>9.9</ele>
			 </trkpt>
			 <trkpt lat="-33.817264" lon="151.038954">
				 <ele>9.7</ele>
			 </trkpt>
			 <trkpt lat="-33.817264" lon="151.03889">
				 <ele>9.5</ele>
			 </trkpt>
			 <trkpt lat="-33.817276" lon="151.038831">
				 <ele>9.5</ele>
			 </trkpt>
			 <trkpt lat="-33.817287" lon="151.038771">
				 <ele>9.4</ele>
			 </trkpt>
			 <trkpt lat="-33.817302" lon="151.038729">
				 <ele>9.3</ele>
			 </trkpt>
			 <trkpt lat="-33.817317" lon="151.038688">
				 <ele>9.1</ele>
			 </trkpt>
			 <trkpt lat="-33.817338" lon="151.038657">
				 <ele>8.9</ele>
			 </trkpt>
			 <trkpt lat="-33.817359" lon="151.038625">
				 <ele>8.7</ele>
			 </trkpt>
			 <trkpt lat="-33.81738" lon="151.038593">
				 <ele>8.6</ele>
			 </trkpt>
			 <trkpt lat="-33.817401" lon="151.038562">
				 <ele>8.6</ele>
			 </trkpt>
			 <trkpt lat="-33.817439" lon="151.038523">
				 <ele>8.6</ele>
			 </trkpt>
			 <trkpt lat="-33.817478" lon="151.038483">
				 <ele>8.6</ele>
			 </trkpt>
			 <trkpt lat="-33.817504" lon="151.03845">
				 <ele>8.6</ele>
			 </trkpt>
			 <trkpt lat="-33.817529" lon="151.038417">
				 <ele>8.6</ele>
			 </trkpt>
			 <trkpt lat="-33.817554" lon="151.038384">
				 <ele>8.6</ele>
			 </trkpt>
			 <trkpt lat="-33.817579" lon="151.038351">
				 <ele>8.6</ele>
			 </trkpt>
			 <trkpt lat="-33.817602" lon="151.038306">
				 <ele>8.7</ele>
			 </trkpt>
			 <trkpt lat="-33.817624" lon="151.038261">
				 <ele>8.7</ele>
			 </trkpt>
			 <trkpt lat="-33.81763" lon="151.03819">
				 <ele>8.7</ele>
			 </trkpt>
			 <trkpt lat="-33.817635" lon="151.038119">
				 <ele>8.6</ele>
			 </trkpt>
			 <trkpt lat="-33.817666" lon="151.03807">
				 <ele>8.5</ele>
			 </trkpt>
			 <trkpt lat="-33.817703" lon="151.038037">
				 <ele>8.3</ele>
			 </trkpt>
			 <trkpt lat="-33.81774" lon="151.038003">
				 <ele>8</ele>
			 </trkpt>
			 <trkpt lat="-33.81778" lon="151.037959">
				 <ele>7.7</ele>
			 </trkpt>
			 <trkpt lat="-33.817819" lon="151.037915">
				 <ele>7.5</ele>
			 </trkpt>
			 <trkpt lat="-33.81784" lon="151.037884">
				 <ele>7.1</ele>
			 </trkpt>
			 <trkpt lat="-33.81786" lon="151.037853">
				 <ele>6.7</ele>
			 </trkpt>
			 <trkpt lat="-33.817881" lon="151.037823">
				 <ele>6.3</ele>
			 </trkpt>
			 <trkpt lat="-33.817901" lon="151.037792">
				 <ele>5.9</ele>
			 </trkpt>
			 <trkpt lat="-33.817937" lon="151.037753">
				 <ele>5.5</ele>
			 </trkpt>
			 <trkpt lat="-33.817972" lon="151.037714">
				 <ele>5.3</ele>
			 </trkpt>
			 <trkpt lat="-33.818008" lon="151.037675">
				 <ele>5</ele>
			 </trkpt>
			 <trkpt lat="-33.818044" lon="151.037636">
				 <ele>4.7</ele>
			 </trkpt>
			 <trkpt lat="-33.818063" lon="151.037585">
				 <ele>4.5</ele>
			 </trkpt>
			 <trkpt lat="-33.818082" lon="151.037534">
				 <ele>4.4</ele>
			 </trkpt>
			 <trkpt lat="-33.818101" lon="151.037484">
				 <ele>4.2</ele>
			 </trkpt>
			 <trkpt lat="-33.818121" lon="151.037433">
				 <ele>4.1</ele>
			 </trkpt>
			 <trkpt lat="-33.81814" lon="151.037382">
				 <ele>4.1</ele>
			 </trkpt>
			 <trkpt lat="-33.818159" lon="151.037331">
				 <ele>4.2</ele>
			 </trkpt>
			 <trkpt lat="-33.818191" lon="151.037287">
				 <ele>4.3</ele>
			 </trkpt>
			 <trkpt lat="-33.818222" lon="151.037244">
				 <ele>4.5</ele>
			 </trkpt>
			 <trkpt lat="-33.818265" lon="151.037212">
				 <ele>4.6</ele>
			 </trkpt>
			 <trkpt lat="-33.818309" lon="151.03718">
				 <ele>4.8</ele>
			 </trkpt>
			 <trkpt lat="-33.818353" lon="151.037148">
				 <ele>5.1</ele>
			 </trkpt>
			 <trkpt lat="-33.818396" lon="151.037116">
				 <ele>5.4</ele>
			 </trkpt>
			 <trkpt lat="-33.818413" lon="151.037079">
				 <ele>5.6</ele>
			 </trkpt>
			 <trkpt lat="-33.818431" lon="151.037041">
				 <ele>5.9</ele>
			 </trkpt>
			 <trkpt lat="-33.818449" lon="151.037004">
				 <ele>6.2</ele>
			 </trkpt>
			 <trkpt lat="-33.818466" lon="151.036966">
				 <ele>6.4</ele>
			 </trkpt>
			 <trkpt lat="-33.818478" lon="151.036907">
				 <ele>6.5</ele>
			 </trkpt>
			 <trkpt lat="-33.81849" lon="151.036848">
				 <ele>6.7</ele>
			 </trkpt>
			 <trkpt lat="-33.818483" lon="151.036789">
				 <ele>6.8</ele>
			 </trkpt>
			 <trkpt lat="-33.818476" lon="151.036729">
				 <ele>6.9</ele>
			 </trkpt>
			 <trkpt lat="-33.818467" lon="151.036685">
				 <ele>7</ele>
			 </trkpt>
			 <trkpt lat="-33.818458" lon="151.03664">
				 <ele>7</ele>
			 </trkpt>
			 <trkpt lat="-33.818457" lon="151.036581">
				 <ele>7.1</ele>
			 </trkpt>
			 <trkpt lat="-33.818456" lon="151.036522">
				 <ele>7.2</ele>
			 </trkpt>
			 <trkpt lat="-33.818455" lon="151.036463">
				 <ele>7.4</ele>
			 </trkpt>
			 <trkpt lat="-33.818454" lon="151.036404">
				 <ele>7.5</ele>
			 </trkpt>
			 <trkpt lat="-33.818451" lon="151.036348">
				 <ele>7.8</ele>
			 </trkpt>
			 <trkpt lat="-33.818448" lon="151.036291">
				 <ele>8.1</ele>
			 </trkpt>
			 <trkpt lat="-33.818445" lon="151.036235">
				 <ele>8.5</ele>
			 </trkpt>
			 <trkpt lat="-33.818442" lon="151.036178">
				 <ele>8.7</ele>
			 </trkpt>
			 <trkpt lat="-33.818439" lon="151.036122">
				 <ele>9</ele>
			 </trkpt>
			 <trkpt lat="-33.818436" lon="151.036065">
				 <ele>9.3</ele>
			 </trkpt>
			 <trkpt lat="-33.818433" lon="151.036009">
				 <ele>9.5</ele>
			 </trkpt>
			 <trkpt lat="-33.81843" lon="151.035952">
				 <ele>9.7</ele>
			 </trkpt>
			 <trkpt lat="-33.818419" lon="151.035892">
				 <ele>9.8</ele>
			 </trkpt>
			 <trkpt lat="-33.818408" lon="151.035833">
				 <ele>9.8</ele>
			 </trkpt>
			 <trkpt lat="-33.818397" lon="151.035773">
				 <ele>9.8</ele>
			 </trkpt>
			 <trkpt lat="-33.818386" lon="151.035713">
				 <ele>9.6</ele>
			 </trkpt>
			 <trkpt lat="-33.818366" lon="151.035668">
				 <ele>9.5</ele>
			 </trkpt>
			 <trkpt lat="-33.818346" lon="151.035624">
				 <ele>9.1</ele>
			 </trkpt>
			 <trkpt lat="-33.818326" lon="151.03558">
				 <ele>8.8</ele>
			 </trkpt>
			 <trkpt lat="-33.818307" lon="151.035535">
				 <ele>8.5</ele>
			 </trkpt>
			 <trkpt lat="-33.818286" lon="151.035487">
				 <ele>8.3</ele>
			 </trkpt>
			 <trkpt lat="-33.818264" lon="151.03544">
				 <ele>8</ele>
			 </trkpt>
			 <trkpt lat="-33.818242" lon="151.035392">
				 <ele>7.7</ele>
			 </trkpt>
			 <trkpt lat="-33.818221" lon="151.035344">
				 <ele>7.5</ele>
			 </trkpt>
			 <trkpt lat="-33.818212" lon="151.035276">
				 <ele>7.4</ele>
			 </trkpt>
			 <trkpt lat="-33.818202" lon="151.035208">
				 <ele>7.2</ele>
			 </trkpt>
			 <trkpt lat="-33.8182" lon="151.035166">
				 <ele>7.1</ele>
			 </trkpt>
			 <trkpt lat="-33.818198" lon="151.035123">
				 <ele>7</ele>
			 </trkpt>
			 <trkpt lat="-33.818208" lon="151.035071">
				 <ele>7</ele>
			 </trkpt>
			 <trkpt lat="-33.818219" lon="151.035019">
				 <ele>7</ele>
			 </trkpt>
			 <trkpt lat="-33.818224" lon="151.034976">
				 <ele>7</ele>
			 </trkpt>
			 <trkpt lat="-33.81823" lon="151.034932">
				 <ele>6.9</ele>
			 </trkpt>
			 <trkpt lat="-33.818236" lon="151.034888">
				 <ele>6.8</ele>
			 </trkpt>
			 <trkpt lat="-33.818242" lon="151.034845">
				 <ele>6.7</ele>
			 </trkpt>
			 <trkpt lat="-33.818239" lon="151.034794">
				 <ele>6.6</ele>
			 </trkpt>
			 <trkpt lat="-33.818236" lon="151.034744">
				 <ele>6.5</ele>
			 </trkpt>
			 <trkpt lat="-33.818233" lon="151.034694">
				 <ele>6.4</ele>
			 </trkpt>
			 <trkpt lat="-33.818231" lon="151.034644">
				 <ele>6.2</ele>
			 </trkpt>
			 <trkpt lat="-33.818219" lon="151.034591">
				 <ele>6</ele>
			 </trkpt>
			 <trkpt lat="-33.818206" lon="151.034539">
				 <ele>5.8</ele>
			 </trkpt>
			 <trkpt lat="-33.818194" lon="151.034487">
				 <ele>5.6</ele>
			 </trkpt>
			 <trkpt lat="-33.818181" lon="151.034435">
				 <ele>5.5</ele>
			 </trkpt>
			 <trkpt lat="-33.818166" lon="151.034388">
				 <ele>5.4</ele>
			 </trkpt>
			 <trkpt lat="-33.818151" lon="151.034341">
				 <ele>5.3</ele>
			 </trkpt>
			 <trkpt lat="-33.818137" lon="151.034294">
				 <ele>5.2</ele>
			 </trkpt>
			 <trkpt lat="-33.818122" lon="151.034247">
				 <ele>5.1</ele>
			 </trkpt>
			 <trkpt lat="-33.818116" lon="151.034196">
				 <ele>5.1</ele>
			 </trkpt>
			 <trkpt lat="-33.818109" lon="151.034145">
				 <ele>5.2</ele>
			 </trkpt>
			 <trkpt lat="-33.818099" lon="151.034092">
				 <ele>5.3</ele>
			 </trkpt>
			 <trkpt lat="-33.818089" lon="151.034039">
				 <ele>5.5</ele>
			 </trkpt>
			 <trkpt lat="-33.818079" lon="151.033987">
				 <ele>5.6</ele>
			 </trkpt>
			 <trkpt lat="-33.818069" lon="151.033934">
				 <ele>5.9</ele>
			 </trkpt>
			 <trkpt lat="-33.818059" lon="151.033881">
				 <ele>6.2</ele>
			 </trkpt>
			 <trkpt lat="-33.818049" lon="151.033828">
				 <ele>6.5</ele>
			 </trkpt>
			 <trkpt lat="-33.818029" lon="151.033785">
				 <ele>6.7</ele>
			 </trkpt>
			 <trkpt lat="-33.818009" lon="151.033741">
				 <ele>7</ele>
			 </trkpt>
			 <trkpt lat="-33.817991" lon="151.033678">
				 <ele>7.3</ele>
			 </trkpt>
			 <trkpt lat="-33.817973" lon="151.033614">
				 <ele>7.5</ele>
			 </trkpt>
			 <trkpt lat="-33.817983" lon="151.033548">
				 <ele>7.6</ele>
			 </trkpt>
			 <trkpt lat="-33.817993" lon="151.033508">
				 <ele>7.9</ele>
			 </trkpt>
			 <trkpt lat="-33.818003" lon="151.033469">
				 <ele>8.1</ele>
			 </trkpt>
			 <trkpt lat="-33.818013" lon="151.033429">
				 <ele>8.3</ele>
			 </trkpt>
			 <trkpt lat="-33.818023" lon="151.033389">
				 <ele>8.3</ele>
			 </trkpt>
			 <trkpt lat="-33.818017" lon="151.033333">
				 <ele>8.3</ele>
			 </trkpt>
			 <trkpt lat="-33.818011" lon="151.033277">
				 <ele>8.3</ele>
			 </trkpt>
			 <trkpt lat="-33.818005" lon="151.033221">
				 <ele>8.3</ele>
			 </trkpt>
			 <trkpt lat="-33.817998" lon="151.033165">
				 <ele>8.3</ele>
			 </trkpt>
			 <trkpt lat="-33.817992" lon="151.033109">
				 <ele>8.2</ele>
			 </trkpt>
			 <trkpt lat="-33.817986" lon="151.033053">
				 <ele>8.1</ele>
			 </trkpt>
			 <trkpt lat="-33.817978" lon="151.033006">
				 <ele>7.9</ele>
			 </trkpt>
			 <trkpt lat="-33.817971" lon="151.032959">
				 <ele>7.6</ele>
			 </trkpt>
			 <trkpt lat="-33.817963" lon="151.032912">
				 <ele>7.4</ele>
			 </trkpt>
			 <trkpt lat="-33.817955" lon="151.032864">
				 <ele>7</ele>
			 </trkpt>
			 <trkpt lat="-33.817948" lon="151.032817">
				 <ele>6.7</ele>
			 </trkpt>
			 <trkpt lat="-33.81794" lon="151.03277">
				 <ele>6.5</ele>
			 </trkpt>
			 <trkpt lat="-33.817927" lon="151.032703">
				 <ele>6.2</ele>
			 </trkpt>
			 <trkpt lat="-33.817915" lon="151.032635">
				 <ele>5.8</ele>
			 </trkpt>
			 <trkpt lat="-33.817902" lon="151.032587">
				 <ele>5.5</ele>
			 </trkpt>
			 <trkpt lat="-33.817889" lon="151.032539">
				 <ele>5.2</ele>
			 </trkpt>
			 <trkpt lat="-33.817876" lon="151.032491">
				 <ele>4.9</ele>
			 </trkpt>
			 <trkpt lat="-33.817863" lon="151.032443">
				 <ele>4.7</ele>
			 </trkpt>
			 <trkpt lat="-33.817847" lon="151.032387">
				 <ele>4.5</ele>
			 </trkpt>
			 <trkpt lat="-33.81783" lon="151.03233">
				 <ele>4.4</ele>
			 </trkpt>
			 <trkpt lat="-33.817814" lon="151.032274">
				 <ele>4.4</ele>
			 </trkpt>
			 <trkpt lat="-33.817798" lon="151.032217">
				 <ele>4.4</ele>
			 </trkpt>
			 <trkpt lat="-33.817782" lon="151.032161">
				 <ele>4.5</ele>
			 </trkpt>
			 <trkpt lat="-33.817765" lon="151.032104">
				 <ele>4.5</ele>
			 </trkpt>
			 <trkpt lat="-33.817749" lon="151.032048">
				 <ele>4.8</ele>
			 </trkpt>
			 <trkpt lat="-33.817732" lon="151.031991">
				 <ele>5.1</ele>
			 </trkpt>
			 <trkpt lat="-33.817716" lon="151.031935">
				 <ele>5.4</ele>
			 </trkpt>
			 <trkpt lat="-33.8177" lon="151.031878">
				 <ele>5.6</ele>
			 </trkpt>
			 <trkpt lat="-33.817684" lon="151.031822">
				 <ele>6</ele>
			 </trkpt>
			 <trkpt lat="-33.817667" lon="151.031765">
				 <ele>6.4</ele>
			 </trkpt>
			 <trkpt lat="-33.81765" lon="151.031715">
				 <ele>6.8</ele>
			 </trkpt>
			 <trkpt lat="-33.817634" lon="151.031664">
				 <ele>7.2</ele>
			 </trkpt>
			 <trkpt lat="-33.817608" lon="151.031607">
				 <ele>7.6</ele>
			 </trkpt>
			 <trkpt lat="-33.817557" lon="151.031574">
				 <ele>8</ele>
			 </trkpt>
			 <trkpt lat="-33.817504" lon="151.031556">
				 <ele>8.5</ele>
			 </trkpt>
			 <trkpt lat="-33.817456" lon="151.031556">
				 <ele>8.8</ele>
			 </trkpt>
			 <trkpt lat="-33.817406" lon="151.031575">
				 <ele>9.2</ele>
			 </trkpt>
			 <trkpt lat="-33.817356" lon="151.031594">
				 <ele>9.5</ele>
			 </trkpt>
			 <trkpt lat="-33.817309" lon="151.031604">
				 <ele>9.9</ele>
			 </trkpt>
			 <trkpt lat="-33.817262" lon="151.031614">
				 <ele>10.2</ele>
			 </trkpt>
			 <trkpt lat="-33.817216" lon="151.031624">
				 <ele>10.5</ele>
			 </trkpt>
			 <trkpt lat="-33.817169" lon="151.031635">
				 <ele>10.8</ele>
			 </trkpt>
			 <trkpt lat="-33.817122" lon="151.031645">
				 <ele>11</ele>
			 </trkpt>
			 <trkpt lat="-33.817075" lon="151.031655">
				 <ele>11.1</ele>
			 </trkpt>
			 <trkpt lat="-33.817028" lon="151.031665">
				 <ele>11.2</ele>
			 </trkpt>
			 <trkpt lat="-33.816981" lon="151.031675">
				 <ele>11.2</ele>
			 </trkpt>
			 <trkpt lat="-33.816935" lon="151.031686">
				 <ele>11.1</ele>
			 </trkpt>
			 <trkpt lat="-33.816888" lon="151.031696">
				 <ele>11</ele>
			 </trkpt>
			 <trkpt lat="-33.816841" lon="151.031706">
				 <ele>10.9</ele>
			 </trkpt>
			 <trkpt lat="-33.816794" lon="151.031716">
				 <ele>10.7</ele>
			 </trkpt>
			 <trkpt lat="-33.81674" lon="151.031722">
				 <ele>10.5</ele>
			 </trkpt>
			 <trkpt lat="-33.816707" lon="151.031721">
				 <ele>10.1</ele>
			 </trkpt>
			 <trkpt lat="-33.816674" lon="151.031719">
				 <ele>9.7</ele>
			 </trkpt>
			 <trkpt lat="-33.816621" lon="151.031706">
				 <ele>9.4</ele>
			 </trkpt>
			 <trkpt lat="-33.816569" lon="151.031694">
				 <ele>9</ele>
			 </trkpt>
			 <trkpt lat="-33.816535" lon="151.031675">
				 <ele>8.6</ele>
			 </trkpt>
			 <trkpt lat="-33.816501" lon="151.031656">
				 <ele>8.3</ele>
			 </trkpt>
			 <trkpt lat="-33.816467" lon="151.031637">
				 <ele>8</ele>
			 </trkpt>
			 <trkpt lat="-33.816433" lon="151.031618">
				 <ele>7.7</ele>
			 </trkpt>
			 <trkpt lat="-33.816389" lon="151.031585">
				 <ele>7.5</ele>
			 </trkpt>
			 <trkpt lat="-33.816344" lon="151.031551">
				 <ele>7.3</ele>
			 </trkpt>
			 <trkpt lat="-33.816299" lon="151.031517">
				 <ele>7.2</ele>
			 </trkpt>
			 <trkpt lat="-33.816254" lon="151.031483">
				 <ele>7.2</ele>
			 </trkpt>
			 <trkpt lat="-33.816209" lon="151.03145">
				 <ele>7.2</ele>
			 </trkpt>
			 <trkpt lat="-33.816165" lon="151.031416">
				 <ele>7.3</ele>
			 </trkpt>
			 <trkpt lat="-33.816126" lon="151.031393">
				 <ele>7.4</ele>
			 </trkpt>
			 <trkpt lat="-33.816088" lon="151.031369">
				 <ele>7.5</ele>
			 </trkpt>
			 <trkpt lat="-33.816036" lon="151.031345">
				 <ele>7.5</ele>
			 </trkpt>
			 <trkpt lat="-33.815984" lon="151.031321">
				 <ele>7.7</ele>
			 </trkpt>
			 <trkpt lat="-33.815937" lon="151.031313">
				 <ele>7.9</ele>
			 </trkpt>
			 <trkpt lat="-33.81589" lon="151.031304">
				 <ele>8.1</ele>
			 </trkpt>
			 <trkpt lat="-33.815843" lon="151.031296">
				 <ele>8.2</ele>
			 </trkpt>
			 <trkpt lat="-33.815796" lon="151.031287">
				 <ele>8.3</ele>
			 </trkpt>
			 <trkpt lat="-33.815744" lon="151.031282">
				 <ele>8.3</ele>
			 </trkpt>
			 <trkpt lat="-33.815692" lon="151.031277">
				 <ele>8.3</ele>
			 </trkpt>
			 <trkpt lat="-33.81564" lon="151.031273">
				 <ele>8.3</ele>
			 </trkpt>
			 <trkpt lat="-33.815587" lon="151.031268">
				 <ele>8.3</ele>
			 </trkpt>
			 <trkpt lat="-33.815535" lon="151.031263">
				 <ele>8.2</ele>
			 </trkpt>
			 <trkpt lat="-33.815483" lon="151.031258">
				 <ele>8.1</ele>
			 </trkpt>
			 <trkpt lat="-33.815446" lon="151.031255">
				 <ele>7.9</ele>
			 </trkpt>
			 <trkpt lat="-33.815409" lon="151.031253">
				 <ele>7.7</ele>
			 </trkpt>
			 <trkpt lat="-33.815372" lon="151.031251">
				 <ele>7.5</ele>
			 </trkpt>
			 <trkpt lat="-33.815335" lon="151.031249">
				 <ele>7.3</ele>
			 </trkpt>
			 <trkpt lat="-33.815293" lon="151.031251">
				 <ele>7.1</ele>
			 </trkpt>
			 <trkpt lat="-33.815251" lon="151.031252">
				 <ele>6.9</ele>
			 </trkpt>
			 <trkpt lat="-33.81521" lon="151.031253">
				 <ele>6.7</ele>
			 </trkpt>
			 <trkpt lat="-33.815168" lon="151.031254">
				 <ele>6.5</ele>
			 </trkpt>
			 <trkpt lat="-33.815126" lon="151.031255">
				 <ele>6.2</ele>
			 </trkpt>
			 <trkpt lat="-33.815084" lon="151.031257">
				 <ele>6</ele>
			 </trkpt>
			 <trkpt lat="-33.815042" lon="151.031258">
				 <ele>5.8</ele>
			 </trkpt>
			 <trkpt lat="-33.815" lon="151.031259">
				 <ele>5.6</ele>
			 </trkpt>
			 <trkpt lat="-33.814951" lon="151.031265">
				 <ele>5.5</ele>
			 </trkpt>
			 <trkpt lat="-33.814903" lon="151.031271">
				 <ele>5.4</ele>
			 </trkpt>
			 <trkpt lat="-33.814854" lon="151.031277">
				 <ele>5.3</ele>
			 </trkpt>
			 <trkpt lat="-33.814805" lon="151.031283">
				 <ele>5.2</ele>
			 </trkpt>
			 <trkpt lat="-33.814757" lon="151.031289">
				 <ele>5.1</ele>
			 </trkpt>
			 <trkpt lat="-33.814708" lon="151.031295">
				 <ele>5</ele>
			 </trkpt>
			 <trkpt lat="-33.814667" lon="151.031304">
				 <ele>4.9</ele>
			 </trkpt>
			 <trkpt lat="-33.814626" lon="151.031313">
				 <ele>4.8</ele>
			 </trkpt>
			 <trkpt lat="-33.814584" lon="151.031321">
				 <ele>4.7</ele>
			 </trkpt>
			 <trkpt lat="-33.814543" lon="151.03133">
				 <ele>4.6</ele>
			 </trkpt>
			 <trkpt lat="-33.814502" lon="151.031339">
				 <ele>4.5</ele>
			 </trkpt>
			 <trkpt lat="-33.814461" lon="151.031348">
				 <ele>4.5</ele>
			 </trkpt>
			 <trkpt lat="-33.814401" lon="151.031365">
				 <ele>4.3</ele>
			 </trkpt>
			 <trkpt lat="-33.81434" lon="151.031381">
				 <ele>4.1</ele>
			 </trkpt>
			 <trkpt lat="-33.814296" lon="151.031396">
				 <ele>3.9</ele>
			 </trkpt>
			 <trkpt lat="-33.814251" lon="151.031411">
				 <ele>3.7</ele>
			 </trkpt>
			 <trkpt lat="-33.814207" lon="151.031426">
				 <ele>3.6</ele>
			 </trkpt>
			 <trkpt lat="-33.814163" lon="151.03144">
				 <ele>3.6</ele>
			 </trkpt>
			 <trkpt lat="-33.814118" lon="151.031455">
				 <ele>3.6</ele>
			 </trkpt>
			 <trkpt lat="-33.814074" lon="151.03147">
				 <ele>3.6</ele>
			 </trkpt>
			 <trkpt lat="-33.814038" lon="151.031478">
				 <ele>3.6</ele>
			 </trkpt>
			 <trkpt lat="-33.814003" lon="151.031486">
				 <ele>3.6</ele>
			 </trkpt>
			 <trkpt lat="-33.813968" lon="151.031494">
				 <ele>3.6</ele>
			 </trkpt>
			 <trkpt lat="-33.813932" lon="151.031501">
				 <ele>3.7</ele>
			 </trkpt>
			 <trkpt lat="-33.813927" lon="151.031453">
				 <ele>3.8</ele>
			 </trkpt>
			 <trkpt lat="-33.813922" lon="151.031405">
				 <ele>3.9</ele>
			 </trkpt>
			 <trkpt lat="-33.813917" lon="151.031357">
				 <ele>4.1</ele>
			 </trkpt>
			 <trkpt lat="-33.813912" lon="151.03131">
				 <ele>4.2</ele>
			 </trkpt>
			 <trkpt lat="-33.813907" lon="151.031262">
				 <ele>4.4</ele>
			 </trkpt>
			 <trkpt lat="-33.813902" lon="151.031214">
				 <ele>4.5</ele>
			 </trkpt>
			 <trkpt lat="-33.813897" lon="151.031166">
				 <ele>4.8</ele>
			 </trkpt>
			 <trkpt lat="-33.813896" lon="151.0311">
				 <ele>5.1</ele>
			 </trkpt>
			 <trkpt lat="-33.813896" lon="151.031034">
				 <ele>5.5</ele>
			 </trkpt>
			 <trkpt lat="-33.81389" lon="151.03098">
				 <ele>5.8</ele>
			 </trkpt>
			 <trkpt lat="-33.813884" lon="151.030926">
				 <ele>6.3</ele>
			 </trkpt>
			 <trkpt lat="-33.813878" lon="151.030871">
				 <ele>6.7</ele>
			 </trkpt>
			 <trkpt lat="-33.813872" lon="151.030817">
				 <ele>7.2</ele>
			 </trkpt>
			 <trkpt lat="-33.813866" lon="151.030763">
				 <ele>7.5</ele>
			 </trkpt>
			 <trkpt lat="-33.81386" lon="151.030709">
				 <ele>7.9</ele>
			 </trkpt>
			 <trkpt lat="-33.813854" lon="151.030655">
				 <ele>8.2</ele>
			 </trkpt>
			 <trkpt lat="-33.813847" lon="151.0306">
				 <ele>8.5</ele>
			 </trkpt>
			 <trkpt lat="-33.813841" lon="151.030546">
				 <ele>8.6</ele>
			 </trkpt>
			 <trkpt lat="-33.813835" lon="151.030492">
				 <ele>8.7</ele>
			 </trkpt>
			 <trkpt lat="-33.813829" lon="151.030438">
				 <ele>8.7</ele>
			 </trkpt>
			 <trkpt lat="-33.813823" lon="151.030383">
				 <ele>8.7</ele>
			 </trkpt>
			 <trkpt lat="-33.813818" lon="151.030324">
				 <ele>8.6</ele>
			 </trkpt>
			 <trkpt lat="-33.813814" lon="151.030265">
				 <ele>8.5</ele>
			 </trkpt>
			 <trkpt lat="-33.81381" lon="151.030206">
				 <ele>8.5</ele>
			 </trkpt>
			 <trkpt lat="-33.813805" lon="151.030147">
				 <ele>8.4</ele>
			 </trkpt>
			 <trkpt lat="-33.8138" lon="151.030088">
				 <ele>8.3</ele>
			 </trkpt>
			 <trkpt lat="-33.813795" lon="151.030029">
				 <ele>8.2</ele>
			 </trkpt>
			 <trkpt lat="-33.81379" lon="151.02997">
				 <ele>8.1</ele>
			 </trkpt>
			 <trkpt lat="-33.813786" lon="151.029911">
				 <ele>8</ele>
			 </trkpt>
			 <trkpt lat="-33.813782" lon="151.029852">
				 <ele>8.1</ele>
			 </trkpt>
			 <trkpt lat="-33.813777" lon="151.029793">
				 <ele>8.2</ele>
			 </trkpt>
			 <trkpt lat="-33.813772" lon="151.029734">
				 <ele>8.3</ele>
			 </trkpt>
			 <trkpt lat="-33.813768" lon="151.029675">
				 <ele>8.3</ele>
			 </trkpt>
			 <trkpt lat="-33.813763" lon="151.029616">
				 <ele>8.3</ele>
			 </trkpt>
			 <trkpt lat="-33.813758" lon="151.029557">
				 <ele>8.3</ele>
			 </trkpt>
			 <trkpt lat="-33.813754" lon="151.029498">
				 <ele>8.3</ele>
			 </trkpt>
			 <trkpt lat="-33.813749" lon="151.029439">
				 <ele>8.3</ele>
			 </trkpt>
			 <trkpt lat="-33.813744" lon="151.02938">
				 <ele>8.2</ele>
			 </trkpt>
			 <trkpt lat="-33.81374" lon="151.029321">
				 <ele>8.1</ele>
			 </trkpt>
			 <trkpt lat="-33.813735" lon="151.029257">
				 <ele>8</ele>
			 </trkpt>
			 <trkpt lat="-33.813729" lon="151.029193">
				 <ele>7.7</ele>
			 </trkpt>
			 <trkpt lat="-33.813723" lon="151.029142">
				 <ele>7.5</ele>
			 </trkpt>
			 <trkpt lat="-33.813717" lon="151.029091">
				 <ele>7.2</ele>
			 </trkpt>
			 <trkpt lat="-33.813711" lon="151.029041">
				 <ele>7</ele>
			 </trkpt>
			 <trkpt lat="-33.813706" lon="151.02899">
				 <ele>6.8</ele>
			 </trkpt>
			 <trkpt lat="-33.8137" lon="151.028939">
				 <ele>6.7</ele>
			 </trkpt>
			 <trkpt lat="-33.813694" lon="151.028888">
				 <ele>6.6</ele>
			 </trkpt>
			 <trkpt lat="-33.813658" lon="151.028856">
				 <ele>6.5</ele>
			 </trkpt>
			 <trkpt lat="-33.813601" lon="151.028886">
				 <ele>6.5</ele>
			 </trkpt>
			 <trkpt lat="-33.813544" lon="151.028915">
				 <ele>6.5</ele>
			 </trkpt>
			 <trkpt lat="-33.813497" lon="151.028935">
				 <ele>6.5</ele>
			 </trkpt>
			 <trkpt lat="-33.81345" lon="151.028955">
				 <ele>6.6</ele>
			 </trkpt>
			 <trkpt lat="-33.813403" lon="151.028975">
				 <ele>6.7</ele>
			 </trkpt>
			 <trkpt lat="-33.813356" lon="151.028995">
				 <ele>6.8</ele>
			 </trkpt>
			 <trkpt lat="-33.813329" lon="151.028995">
				 <ele>6.8</ele>
			 </trkpt>
			 <trkpt lat="-33.813318" lon="151.02891">
				 <ele>6.8</ele>
			 </trkpt>
			 <trkpt lat="-33.813317" lon="151.028852">
				 <ele>6.7</ele>
			 </trkpt>
			 <trkpt lat="-33.813316" lon="151.028794">
				 <ele>6.6</ele>
			 </trkpt>
			 <trkpt lat="-33.813314" lon="151.028735">
				 <ele>6.5</ele>
			 </trkpt>
			 <trkpt lat="-33.813313" lon="151.028677">
				 <ele>6.4</ele>
			 </trkpt>
			 <trkpt lat="-33.813312" lon="151.028619">
				 <ele>6.2</ele>
			 </trkpt>
			 <trkpt lat="-33.813311" lon="151.028561">
				 <ele>6</ele>
			 </trkpt>
			 <trkpt lat="-33.813309" lon="151.028502">
				 <ele>5.9</ele>
			 </trkpt>
			 <trkpt lat="-33.813319" lon="151.028431">
				 <ele>5.8</ele>
			 </trkpt>
			 <trkpt lat="-33.813321" lon="151.028361">
				 <ele>5.7</ele>
			 </trkpt>
			 <trkpt lat="-33.813321" lon="151.0283">
				 <ele>5.7</ele>
			 </trkpt>
			 <trkpt lat="-33.813285" lon="151.028295">
				 <ele>5.7</ele>
			 </trkpt>
			 <trkpt lat="-33.813248" lon="151.02829">
				 <ele>5.7</ele>
			 </trkpt>
			 <trkpt lat="-33.813219" lon="151.028257">
				 <ele>5.7</ele>
			 </trkpt>
			 <trkpt lat="-33.813196" lon="151.028216">
				 <ele>5.7</ele>
			 </trkpt>
			 <trkpt lat="-33.813191" lon="151.028167">
				 <ele>5.8</ele>
			 </trkpt>
			 <trkpt lat="-33.81324" lon="151.028131">
				 <ele>5.8</ele>
			 </trkpt>
			 <trkpt lat="-33.813285" lon="151.028109">
				 <ele>5.8</ele>
			 </trkpt>
			 <trkpt lat="-33.813331" lon="151.028087">
				 <ele>5.7</ele>
			 </trkpt>
			 <trkpt lat="-33.813377" lon="151.028065">
				 <ele>5.6</ele>
			 </trkpt>
			 <trkpt lat="-33.813423" lon="151.028043">
				 <ele>5.5</ele>
			 </trkpt>
			 <trkpt lat="-33.813468" lon="151.028021">
				 <ele>5.5</ele>
			 </trkpt>
			 <trkpt lat="-33.813514" lon="151.027999">
				 <ele>5.5</ele>
			 </trkpt>
			 <trkpt lat="-33.813559" lon="151.027977">
				 <ele>5.5</ele>
			 </trkpt>
			 <trkpt lat="-33.813605" lon="151.027955">
				 <ele>5.6</ele>
			 </trkpt>
			 <trkpt lat="-33.813648" lon="151.027951">
				 <ele>5.7</ele>
			 </trkpt>
			 <trkpt lat="-33.813651" lon="151.027881">
				 <ele>5.8</ele>
			 </trkpt>
			 <trkpt lat="-33.813652" lon="151.027821">
				 <ele>6</ele>
			 </trkpt>
			 <trkpt lat="-33.81366" lon="151.027741">
				 <ele>6.2</ele>
			 </trkpt>
			 <trkpt lat="-33.813668" lon="151.027673">
				 <ele>6.4</ele>
			 </trkpt>
			 <trkpt lat="-33.813663" lon="151.027615">
				 <ele>6.6</ele>
			 </trkpt>
			 <trkpt lat="-33.813657" lon="151.027556">
				 <ele>6.9</ele>
			 </trkpt>
			 <trkpt lat="-33.813651" lon="151.027497">
				 <ele>7.1</ele>
			 </trkpt>
			 <trkpt lat="-33.813645" lon="151.027439">
				 <ele>7.3</ele>
			 </trkpt>
			 <trkpt lat="-33.81364" lon="151.02738">
				 <ele>7.5</ele>
			 </trkpt>
			 <trkpt lat="-33.813634" lon="151.027321">
				 <ele>7.5</ele>
			 </trkpt>
			 <trkpt lat="-33.813628" lon="151.027263">
				 <ele>7.6</ele>
			 </trkpt>
			 <trkpt lat="-33.813622" lon="151.027204">
				 <ele>7.7</ele>
			 </trkpt>
			 <trkpt lat="-33.813617" lon="151.027146">
				 <ele>7.8</ele>
			 </trkpt>
			 <trkpt lat="-33.813611" lon="151.027087">
				 <ele>7.9</ele>
			 </trkpt>
			 <trkpt lat="-33.813611" lon="151.027038">
				 <ele>8</ele>
			 </trkpt>
			 <trkpt lat="-33.813611" lon="151.026989">
				 <ele>8</ele>
			 </trkpt>
			 <trkpt lat="-33.813611" lon="151.02694">
				 <ele>8</ele>
			 </trkpt>
			 <trkpt lat="-33.813611" lon="151.026891">
				 <ele>8</ele>
			 </trkpt>
			 <trkpt lat="-33.813619" lon="151.026825">
				 <ele>8</ele>
			 </trkpt>
			 <trkpt lat="-33.813642" lon="151.026774">
				 <ele>7.9</ele>
			 </trkpt>
			 <trkpt lat="-33.813671" lon="151.026728">
				 <ele>7.8</ele>
			 </trkpt>
			 <trkpt lat="-33.8137" lon="151.026701">
				 <ele>7.7</ele>
			 </trkpt>
			 <trkpt lat="-33.81373" lon="151.026673">
				 <ele>7.5</ele>
			 </trkpt>
			 <trkpt lat="-33.813759" lon="151.026646">
				 <ele>7.4</ele>
			 </trkpt>
			 <trkpt lat="-33.813788" lon="151.026618">
				 <ele>7.2</ele>
			 </trkpt>
			 <trkpt lat="-33.813838" lon="151.026599">
				 <ele>7</ele>
			 </trkpt>
			 <trkpt lat="-33.813887" lon="151.026579">
				 <ele>6.8</ele>
			 </trkpt>
			 <trkpt lat="-33.813936" lon="151.02656">
				 <ele>6.6</ele>
			 </trkpt>
			 <trkpt lat="-33.813986" lon="151.02654">
				 <ele>6.5</ele>
			 </trkpt>
			 <trkpt lat="-33.814036" lon="151.02652">
				 <ele>6.2</ele>
			 </trkpt>
			 <trkpt lat="-33.814086" lon="151.0265">
				 <ele>6</ele>
			 </trkpt>
			 <trkpt lat="-33.814136" lon="151.02648">
				 <ele>5.8</ele>
			 </trkpt>
			 <trkpt lat="-33.814185" lon="151.026461">
				 <ele>5.5</ele>
			 </trkpt>
			 <trkpt lat="-33.814233" lon="151.026446">
				 <ele>5.4</ele>
			 </trkpt>
			 <trkpt lat="-33.814281" lon="151.02643">
				 <ele>5.2</ele>
			 </trkpt>
			 <trkpt lat="-33.814319" lon="151.026403">
				 <ele>4.9</ele>
			 </trkpt>
			 <trkpt lat="-33.814336" lon="151.026369">
				 <ele>4.6</ele>
			 </trkpt>
			 <trkpt lat="-33.814354" lon="151.026335">
				 <ele>4.4</ele>
			 </trkpt>
			 <trkpt lat="-33.814367" lon="151.026299">
				 <ele>4.1</ele>
			 </trkpt>
			 <trkpt lat="-33.814379" lon="151.026264">
				 <ele>3.8</ele>
			 </trkpt>
			 <trkpt lat="-33.814383" lon="151.026206">
				 <ele>3.6</ele>
			 </trkpt>
			 <trkpt lat="-33.814376" lon="151.026152">
				 <ele>3.5</ele>
			 </trkpt>
			 <trkpt lat="-33.814358" lon="151.026093">
				 <ele>3.3</ele>
			 </trkpt>
			 <trkpt lat="-33.814339" lon="151.026033">
				 <ele>3.2</ele>
			 </trkpt>
			 <trkpt lat="-33.814324" lon="151.025987">
				 <ele>3.2</ele>
			 </trkpt>
			 <trkpt lat="-33.814309" lon="151.025942">
				 <ele>3.2</ele>
			 </trkpt>
			 <trkpt lat="-33.814286" lon="151.025892">
				 <ele>3.3</ele>
			 </trkpt>
			 <trkpt lat="-33.814263" lon="151.025842">
				 <ele>3.4</ele>
			 </trkpt>
			 <trkpt lat="-33.814243" lon="151.025806">
				 <ele>3.5</ele>
			 </trkpt>
			 <trkpt lat="-33.814206" lon="151.02576">
				 <ele>3.7</ele>
			 </trkpt>
			 <trkpt lat="-33.814169" lon="151.025714">
				 <ele>3.9</ele>
			 </trkpt>
			 <trkpt lat="-33.81413" lon="151.025663">
				 <ele>4.1</ele>
			 </trkpt>
			 <trkpt lat="-33.81409" lon="151.025611">
				 <ele>4.3</ele>
			 </trkpt>
			 <trkpt lat="-33.814071" lon="151.02557">
				 <ele>4.5</ele>
			 </trkpt>
			 <trkpt lat="-33.814052" lon="151.025529">
				 <ele>4.8</ele>
			 </trkpt>
			 <trkpt lat="-33.814033" lon="151.025488">
				 <ele>5</ele>
			 </trkpt>
			 <trkpt lat="-33.814014" lon="151.025446">
				 <ele>5.2</ele>
			 </trkpt>
			 <trkpt lat="-33.814003" lon="151.02539">
				 <ele>5.4</ele>
			 </trkpt>
			 <trkpt lat="-33.813992" lon="151.025334">
				 <ele>5.6</ele>
			 </trkpt>
			 <trkpt lat="-33.813981" lon="151.025278">
				 <ele>5.8</ele>
			 </trkpt>
			 <trkpt lat="-33.813971" lon="151.025222">
				 <ele>6</ele>
			 </trkpt>
			 <trkpt lat="-33.813961" lon="151.025171">
				 <ele>6.2</ele>
			 </trkpt>
			 <trkpt lat="-33.813951" lon="151.02512">
				 <ele>6.5</ele>
			 </trkpt>
			 <trkpt lat="-33.813941" lon="151.025069">
				 <ele>6.7</ele>
			 </trkpt>
			 <trkpt lat="-33.813931" lon="151.025019">
				 <ele>7</ele>
			 </trkpt>
			 <trkpt lat="-33.813921" lon="151.024968">
				 <ele>7.4</ele>
			 </trkpt>
			 <trkpt lat="-33.813912" lon="151.024917">
				 <ele>7.7</ele>
			 </trkpt>
			 <trkpt lat="-33.813902" lon="151.024866">
				 <ele>8.2</ele>
			 </trkpt>
			 <trkpt lat="-33.813892" lon="151.024816">
				 <ele>8.6</ele>
			 </trkpt>
			 <trkpt lat="-33.813882" lon="151.024765">
				 <ele>9.1</ele>
			 </trkpt>
			 <trkpt lat="-33.813872" lon="151.024714">
				 <ele>9.5</ele>
			 </trkpt>
			 <trkpt lat="-33.813867" lon="151.024651">
				 <ele>10.1</ele>
			 </trkpt>
			 <trkpt lat="-33.813863" lon="151.024605">
				 <ele>10.6</ele>
			 </trkpt>
			 <trkpt lat="-33.81386" lon="151.024559">
				 <ele>11.1</ele>
			 </trkpt>
			 <trkpt lat="-33.813856" lon="151.024513">
				 <ele>11.5</ele>
			 </trkpt>
			 <trkpt lat="-33.813859" lon="151.024449">
				 <ele>12</ele>
			 </trkpt>
			 <trkpt lat="-33.813862" lon="151.024408">
				 <ele>12.4</ele>
			 </trkpt>
			 <trkpt lat="-33.813865" lon="151.024367">
				 <ele>12.7</ele>
			 </trkpt>
			 <trkpt lat="-33.813868" lon="151.024326">
				 <ele>13</ele>
			 </trkpt>
			 <trkpt lat="-33.813872" lon="151.024284">
				 <ele>13.3</ele>
			 </trkpt>
			 <trkpt lat="-33.813876" lon="151.024221">
				 <ele>13.5</ele>
			 </trkpt>
			 <trkpt lat="-33.813881" lon="151.024158">
				 <ele>13.5</ele>
			 </trkpt>
			 <trkpt lat="-33.813884" lon="151.024117">
				 <ele>13.5</ele>
			 </trkpt>
			 <trkpt lat="-33.813887" lon="151.024077">
				 <ele>13.5</ele>
			 </trkpt>
			 <trkpt lat="-33.81389" lon="151.024036">
				 <ele>13.4</ele>
			 </trkpt>
			 <trkpt lat="-33.813894" lon="151.023995">
				 <ele>13.3</ele>
			 </trkpt>
			 <trkpt lat="-33.813897" lon="151.023929">
				 <ele>13.1</ele>
			 </trkpt>
			 <trkpt lat="-33.813899" lon="151.023886">
				 <ele>12.9</ele>
			 </trkpt>
			 <trkpt lat="-33.8139" lon="151.023843">
				 <ele>12.7</ele>
			 </trkpt>
			 <trkpt lat="-33.813901" lon="151.0238">
				 <ele>12.5</ele>
			 </trkpt>
			 <trkpt lat="-33.813892" lon="151.023738">
				 <ele>12.2</ele>
			 </trkpt>
			 <trkpt lat="-33.813883" lon="151.023676">
				 <ele>12</ele>
			 </trkpt>
			 <trkpt lat="-33.813874" lon="151.023615">
				 <ele>11.9</ele>
			 </trkpt>
			 <trkpt lat="-33.813864" lon="151.023553">
				 <ele>11.8</ele>
			 </trkpt>
			 <trkpt lat="-33.813856" lon="151.023509">
				 <ele>11.8</ele>
			 </trkpt>
			 <trkpt lat="-33.813848" lon="151.023465">
				 <ele>11.8</ele>
			 </trkpt>
			 <trkpt lat="-33.81384" lon="151.023421">
				 <ele>11.8</ele>
			 </trkpt>
			 <trkpt lat="-33.813831" lon="151.023377">
				 <ele>11.8</ele>
			 </trkpt>
			 <trkpt lat="-33.813833" lon="151.023319">
				 <ele>11.8</ele>
			 </trkpt>
			 <trkpt lat="-33.813834" lon="151.023261">
				 <ele>11.8</ele>
			 </trkpt>
			 <trkpt lat="-33.813835" lon="151.023203">
				 <ele>11.9</ele>
			 </trkpt>
			 <trkpt lat="-33.813837" lon="151.023145">
				 <ele>12</ele>
			 </trkpt>
			 <trkpt lat="-33.813839" lon="151.023088">
				 <ele>12</ele>
			 </trkpt>
			 <trkpt lat="-33.813841" lon="151.02303">
				 <ele>12</ele>
			 </trkpt>
			 <trkpt lat="-33.813843" lon="151.022972">
				 <ele>12</ele>
			 </trkpt>
			 <trkpt lat="-33.813844" lon="151.022914">
				 <ele>12</ele>
			 </trkpt>
			 <trkpt lat="-33.813845" lon="151.022856">
				 <ele>12</ele>
			 </trkpt>
			 <trkpt lat="-33.813847" lon="151.022798">
				 <ele>12</ele>
			 </trkpt>
			 <trkpt lat="-33.813846" lon="151.022752">
				 <ele>12</ele>
			 </trkpt>
			 <trkpt lat="-33.813845" lon="151.022706">
				 <ele>11.9</ele>
			 </trkpt>
			 <trkpt lat="-33.813843" lon="151.022657">
				 <ele>11.9</ele>
			 </trkpt>
			 <trkpt lat="-33.813841" lon="151.022609">
				 <ele>11.8</ele>
			 </trkpt>
			 <trkpt lat="-33.81384" lon="151.022561">
				 <ele>11.7</ele>
			 </trkpt>
			 <trkpt lat="-33.813838" lon="151.022512">
				 <ele>11.6</ele>
			 </trkpt>
			 <trkpt lat="-33.813836" lon="151.022464">
				 <ele>11.5</ele>
			 </trkpt>
			 <trkpt lat="-33.813834" lon="151.022415">
				 <ele>11.5</ele>
			 </trkpt>
			 <trkpt lat="-33.813866" lon="151.022324">
				 <ele>11.3</ele>
			 </trkpt>
			 <trkpt lat="-33.813881" lon="151.022272">
				 <ele>11.1</ele>
			 </trkpt>
			 <trkpt lat="-33.813888" lon="151.022212">
				 <ele>10.9</ele>
			 </trkpt>
			 <trkpt lat="-33.813895" lon="151.022151">
				 <ele>10.7</ele>
			 </trkpt>
			 <trkpt lat="-33.813902" lon="151.02209">
				 <ele>10.6</ele>
			 </trkpt>
			 <trkpt lat="-33.813908" lon="151.02203">
				 <ele>10.5</ele>
			 </trkpt>
			 <trkpt lat="-33.813907" lon="151.021992">
				 <ele>10.4</ele>
			 </trkpt>
			 <trkpt lat="-33.813907" lon="151.021954">
				 <ele>10.3</ele>
			 </trkpt>
			 <trkpt lat="-33.813901" lon="151.021887">
				 <ele>10.2</ele>
			 </trkpt>
			 <trkpt lat="-33.813895" lon="151.021821">
				 <ele>10.1</ele>
			 </trkpt>
			 <trkpt lat="-33.813884" lon="151.021763">
				 <ele>10</ele>
			 </trkpt>
			 <trkpt lat="-33.813872" lon="151.021706">
				 <ele>10</ele>
			 </trkpt>
			 <trkpt lat="-33.813861" lon="151.021649">
				 <ele>10</ele>
			 </trkpt>
			 <trkpt lat="-33.813849" lon="151.021592">
				 <ele>10</ele>
			 </trkpt>
			 <trkpt lat="-33.813841" lon="151.021537">
				 <ele>10</ele>
			 </trkpt>
			 <trkpt lat="-33.813834" lon="151.021483">
				 <ele>10</ele>
			 </trkpt>
			 <trkpt lat="-33.813826" lon="151.021429">
				 <ele>10</ele>
			 </trkpt>
			 <trkpt lat="-33.813818" lon="151.021374">
				 <ele>10</ele>
			 </trkpt>
			 <trkpt lat="-33.813811" lon="151.021319">
				 <ele>10</ele>
			 </trkpt>
			 <trkpt lat="-33.813803" lon="151.021264">
				 <ele>10</ele>
			 </trkpt>
			 <trkpt lat="-33.813795" lon="151.02121">
				 <ele>10</ele>
			 </trkpt>
			 <trkpt lat="-33.813787" lon="151.021155">
				 <ele>9.9</ele>
			 </trkpt>
			 <trkpt lat="-33.813779" lon="151.0211">
				 <ele>9.8</ele>
			 </trkpt>
			 <trkpt lat="-33.813772" lon="151.021046">
				 <ele>9.7</ele>
			 </trkpt>
			 <trkpt lat="-33.813768" lon="151.020982">
				 <ele>9.6</ele>
			 </trkpt>
			 <trkpt lat="-33.813765" lon="151.020917">
				 <ele>9.5</ele>
			 </trkpt>
			 <trkpt lat="-33.813761" lon="151.020852">
				 <ele>9.4</ele>
			 </trkpt>
			 <trkpt lat="-33.813758" lon="151.020787">
				 <ele>9.2</ele>
			 </trkpt>
			 <trkpt lat="-33.81376" lon="151.020743">
				 <ele>9</ele>
			 </trkpt>
			 <trkpt lat="-33.813762" lon="151.020699">
				 <ele>8.8</ele>
			 </trkpt>
			 <trkpt lat="-33.813764" lon="151.020656">
				 <ele>8.6</ele>
			 </trkpt>
			 <trkpt lat="-33.813767" lon="151.020612">
				 <ele>8.5</ele>
			 </trkpt>
			 <trkpt lat="-33.813769" lon="151.020568">
				 <ele>8.4</ele>
			 </trkpt>
			 <trkpt lat="-33.813771" lon="151.020524">
				 <ele>8.3</ele>
			 </trkpt>
			 <trkpt lat="-33.813778" lon="151.020463">
				 <ele>8.1</ele>
			 </trkpt>
			 <trkpt lat="-33.813784" lon="151.020402">
				 <ele>7.9</ele>
			 </trkpt>
			 <trkpt lat="-33.813791" lon="151.020341">
				 <ele>7.7</ele>
			 </trkpt>
			 <trkpt lat="-33.813798" lon="151.02028">
				 <ele>7.6</ele>
			 </trkpt>
			 <trkpt lat="-33.813805" lon="151.020219">
				 <ele>7.5</ele>
			 </trkpt>
			 <trkpt lat="-33.813811" lon="151.020158">
				 <ele>7.5</ele>
			 </trkpt>
			 <trkpt lat="-33.813823" lon="151.020109">
				 <ele>7.4</ele>
			 </trkpt>
			 <trkpt lat="-33.813834" lon="151.020061">
				 <ele>7.3</ele>
			 </trkpt>
			 <trkpt lat="-33.813845" lon="151.020013">
				 <ele>7.2</ele>
			 </trkpt>
			 <trkpt lat="-33.813857" lon="151.019964">
				 <ele>7.1</ele>
			 </trkpt>
			 <trkpt lat="-33.813868" lon="151.019915">
				 <ele>7</ele>
			 </trkpt>
			 <trkpt lat="-33.81388" lon="151.019866">
				 <ele>7</ele>
			 </trkpt>
			 <trkpt lat="-33.813891" lon="151.019817">
				 <ele>7</ele>
			 </trkpt>
			 <trkpt lat="-33.813903" lon="151.019769">
				 <ele>7</ele>
			 </trkpt>
			 <trkpt lat="-33.813922" lon="151.01971">
				 <ele>7</ele>
			 </trkpt>
			 <trkpt lat="-33.81394" lon="151.019651">
				 <ele>7</ele>
			 </trkpt>
			 <trkpt lat="-33.813957" lon="151.01961">
				 <ele>7</ele>
			 </trkpt>
			 <trkpt lat="-33.813973" lon="151.019568">
				 <ele>6.9</ele>
			 </trkpt>
			 <trkpt lat="-33.814" lon="151.019527">
				 <ele>6.8</ele>
			 </trkpt>
			 <trkpt lat="-33.814027" lon="151.019486">
				 <ele>6.7</ele>
			 </trkpt>
			 <trkpt lat="-33.814059" lon="151.019455">
				 <ele>6.6</ele>
			 </trkpt>
			 <trkpt lat="-33.81409" lon="151.019424">
				 <ele>6.5</ele>
			 </trkpt>
			 <trkpt lat="-33.814137" lon="151.019393">
				 <ele>6.5</ele>
			 </trkpt>
			 <trkpt lat="-33.814173" lon="151.019377">
				 <ele>6.4</ele>
			 </trkpt>
			 <trkpt lat="-33.814222" lon="151.019363">
				 <ele>6.3</ele>
			 </trkpt>
			 <trkpt lat="-33.814271" lon="151.019349">
				 <ele>6.2</ele>
			 </trkpt>
			 <trkpt lat="-33.81432" lon="151.019335">
				 <ele>6.1</ele>
			 </trkpt>
			 <trkpt lat="-33.814369" lon="151.019321">
				 <ele>5.9</ele>
			 </trkpt>
			 <trkpt lat="-33.814418" lon="151.019307">
				 <ele>5.8</ele>
			 </trkpt>
			 <trkpt lat="-33.814467" lon="151.019292">
				 <ele>5.7</ele>
			 </trkpt>
			 <trkpt lat="-33.814516" lon="151.019278">
				 <ele>5.6</ele>
			 </trkpt>
			 <trkpt lat="-33.814565" lon="151.019264">
				 <ele>5.5</ele>
			 </trkpt>
			 <trkpt lat="-33.814614" lon="151.01925">
				 <ele>5.5</ele>
			 </trkpt>
			 <trkpt lat="-33.814663" lon="151.019236">
				 <ele>5.4</ele>
			 </trkpt>
			 <trkpt lat="-33.814715" lon="151.019218">
				 <ele>5.3</ele>
			 </trkpt>
			 <trkpt lat="-33.814766" lon="151.0192">
				 <ele>5.2</ele>
			 </trkpt>
			 <trkpt lat="-33.814805" lon="151.019181">
				 <ele>5.1</ele>
			 </trkpt>
			 <trkpt lat="-33.814843" lon="151.019161">
				 <ele>5</ele>
			 </trkpt>
			 <trkpt lat="-33.814882" lon="151.019141">
				 <ele>5</ele>
			 </trkpt>
			 <trkpt lat="-33.814921" lon="151.019121">
				 <ele>5</ele>
			 </trkpt>
			 <trkpt lat="-33.814948" lon="151.019094">
				 <ele>5</ele>
			 </trkpt>
			 <trkpt lat="-33.814975" lon="151.019068">
				 <ele>5</ele>
			 </trkpt>
			 <trkpt lat="-33.814995" lon="151.019031">
				 <ele>5</ele>
			 </trkpt>
			 <trkpt lat="-33.815016" lon="151.018995">
				 <ele>5</ele>
			 </trkpt>
			 <trkpt lat="-33.815031" lon="151.01893">
				 <ele>5</ele>
			 </trkpt>
			 <trkpt lat="-33.815026" lon="151.018865">
				 <ele>4.9</ele>
			 </trkpt>
			 <trkpt lat="-33.815025" lon="151.018745">
				 <ele>4.8</ele>
			 </trkpt>
			 <trkpt lat="-33.815034" lon="151.018675">
				 <ele>4.7</ele>
			 </trkpt>
			 <trkpt lat="-33.815044" lon="151.018604">
				 <ele>4.6</ele>
			 </trkpt>
			 <trkpt lat="-33.815053" lon="151.018534">
				 <ele>4.5</ele>
			 </trkpt>
			 <trkpt lat="-33.815063" lon="151.018463">
				 <ele>4.5</ele>
			 </trkpt>
			 <trkpt lat="-33.815072" lon="151.018393">
				 <ele>4.3</ele>
			 </trkpt>
			 <trkpt lat="-33.815085" lon="151.018341">
				 <ele>4.1</ele>
			 </trkpt>
			 <trkpt lat="-33.815098" lon="151.018289">
				 <ele>3.9</ele>
			 </trkpt>
			 <trkpt lat="-33.815111" lon="151.018237">
				 <ele>3.8</ele>
			 </trkpt>
			 <trkpt lat="-33.815124" lon="151.018188">
				 <ele>3.7</ele>
			 </trkpt>
			 <trkpt lat="-33.815136" lon="151.018139">
				 <ele>3.7</ele>
			 </trkpt>
			 <trkpt lat="-33.815149" lon="151.01809">
				 <ele>3.8</ele>
			 </trkpt>
			 <trkpt lat="-33.815167" lon="151.018049">
				 <ele>3.9</ele>
			 </trkpt>
			 <trkpt lat="-33.815184" lon="151.018008">
				 <ele>4</ele>
			 </trkpt>
			 <trkpt lat="-33.815213" lon="151.017941">
				 <ele>4.2</ele>
			 </trkpt>
			 <trkpt lat="-33.815241" lon="151.017874">
				 <ele>4.4</ele>
			 </trkpt>
			 <trkpt lat="-33.815284" lon="151.017819">
				 <ele>4.6</ele>
			 </trkpt>
			 <trkpt lat="-33.815326" lon="151.017764">
				 <ele>4.9</ele>
			 </trkpt>
			 <trkpt lat="-33.815356" lon="151.017716">
				 <ele>5.2</ele>
			 </trkpt>
			 <trkpt lat="-33.815386" lon="151.017668">
				 <ele>5.4</ele>
			 </trkpt>
			 <trkpt lat="-33.815403" lon="151.017605">
				 <ele>5.5</ele>
			 </trkpt>
			 <trkpt lat="-33.815421" lon="151.017543">
				 <ele>5.7</ele>
			 </trkpt>
			 <trkpt lat="-33.815438" lon="151.01748">
				 <ele>5.8</ele>
			 </trkpt>
			 <trkpt lat="-33.815451" lon="151.017415">
				 <ele>5.9</ele>
			 </trkpt>
			 <trkpt lat="-33.815464" lon="151.017349">
				 <ele>5.9</ele>
			 </trkpt>
			 <trkpt lat="-33.815477" lon="151.017281">
				 <ele>5.8</ele>
			 </trkpt>
			 <trkpt lat="-33.815489" lon="151.017213">
				 <ele>5.7</ele>
			 </trkpt>
			 <trkpt lat="-33.815502" lon="151.017145">
				 <ele>5.6</ele>
			 </trkpt>
			 <trkpt lat="-33.815515" lon="151.017077">
				 <ele>5.5</ele>
			 </trkpt>
			 <trkpt lat="-33.815528" lon="151.017009">
				 <ele>5.5</ele>
			 </trkpt>
			 <trkpt lat="-33.81554" lon="151.016941">
				 <ele>5.4</ele>
			 </trkpt>
			 <trkpt lat="-33.815553" lon="151.016873">
				 <ele>5.3</ele>
			 </trkpt>
			 <trkpt lat="-33.815566" lon="151.016805">
				 <ele>5.2</ele>
			 </trkpt>
			 <trkpt lat="-33.81557" lon="151.016754">
				 <ele>5.1</ele>
			 </trkpt>
			 <trkpt lat="-33.815575" lon="151.016703">
				 <ele>5</ele>
			 </trkpt>
			 <trkpt lat="-33.815579" lon="151.016652">
				 <ele>5</ele>
			 </trkpt>
			 <trkpt lat="-33.815583" lon="151.016596">
				 <ele>5</ele>
			 </trkpt>
			 <trkpt lat="-33.815586" lon="151.01654">
				 <ele>5</ele>
			 </trkpt>
			 <trkpt lat="-33.815583" lon="151.016472">
				 <ele>5</ele>
			 </trkpt>
			 <trkpt lat="-33.81558" lon="151.016404">
				 <ele>5</ele>
			 </trkpt>
			 <trkpt lat="-33.815578" lon="151.016337">
				 <ele>5</ele>
			 </trkpt>
			 <trkpt lat="-33.815575" lon="151.016269">
				 <ele>5</ele>
			 </trkpt>
			 <trkpt lat="-33.815572" lon="151.016201">
				 <ele>5</ele>
			 </trkpt>
			 <trkpt lat="-33.815565" lon="151.016148">
				 <ele>5</ele>
			 </trkpt>
			 <trkpt lat="-33.815557" lon="151.016096">
				 <ele>5</ele>
			 </trkpt>
			 <trkpt lat="-33.815537" lon="151.016035">
				 <ele>5</ele>
			 </trkpt>
			 <trkpt lat="-33.815516" lon="151.015975">
				 <ele>5</ele>
			 </trkpt>
			 <trkpt lat="-33.815521" lon="151.015921">
				 <ele>5.1</ele>
			 </trkpt>
			 <trkpt lat="-33.815526" lon="151.015868">
				 <ele>5.2</ele>
			 </trkpt>
			 <trkpt lat="-33.815523" lon="151.015809">
				 <ele>5.3</ele>
			 </trkpt>
			 <trkpt lat="-33.815512" lon="151.015736">
				 <ele>5.5</ele>
			 </trkpt>
			 <trkpt lat="-33.815501" lon="151.015663">
				 <ele>5.6</ele>
			 </trkpt>
			 <trkpt lat="-33.815489" lon="151.01559">
				 <ele>5.8</ele>
			 </trkpt>
			 <trkpt lat="-33.815478" lon="151.015517">
				 <ele>6</ele>
			 </trkpt>
			 <trkpt lat="-33.815467" lon="151.015444">
				 <ele>6.3</ele>
			 </trkpt>
			 <trkpt lat="-33.815456" lon="151.015371">
				 <ele>6.5</ele>
			 </trkpt>
			 <trkpt lat="-33.815444" lon="151.015297">
				 <ele>6.8</ele>
			 </trkpt>
			 <trkpt lat="-33.815433" lon="151.015224">
				 <ele>7.2</ele>
			 </trkpt>
			 <trkpt lat="-33.815422" lon="151.015151">
				 <ele>7.5</ele>
			 </trkpt>
			 <trkpt lat="-33.815411" lon="151.015078">
				 <ele>7.7</ele>
			 </trkpt>
			 <trkpt lat="-33.815399" lon="151.015005">
				 <ele>8.1</ele>
			 </trkpt>
			 <trkpt lat="-33.815388" lon="151.014932">
				 <ele>8.4</ele>
			 </trkpt>
			 <trkpt lat="-33.815377" lon="151.014859">
				 <ele>8.6</ele>
			 </trkpt>
			 <trkpt lat="-33.815362" lon="151.014798">
				 <ele>8.9</ele>
			 </trkpt>
			 <trkpt lat="-33.815347" lon="151.014738">
				 <ele>9.2</ele>
			 </trkpt>
			 <trkpt lat="-33.815331" lon="151.014678">
				 <ele>9.4</ele>
			 </trkpt>
			 <trkpt lat="-33.815316" lon="151.014617">
				 <ele>9.5</ele>
			 </trkpt>
			 <trkpt lat="-33.815298" lon="151.014558">
				 <ele>9.7</ele>
			 </trkpt>
			 <trkpt lat="-33.815279" lon="151.014499">
				 <ele>9.8</ele>
			 </trkpt>
			 <trkpt lat="-33.815261" lon="151.01444">
				 <ele>9.9</ele>
			 </trkpt>
			 <trkpt lat="-33.815242" lon="151.014381">
				 <ele>10</ele>
			 </trkpt>
			 <trkpt lat="-33.815211" lon="151.014319">
				 <ele>10</ele>
			 </trkpt>
			 <trkpt lat="-33.815179" lon="151.014256">
				 <ele>10</ele>
			 </trkpt>
			 <trkpt lat="-33.815148" lon="151.014194">
				 <ele>10</ele>
			 </trkpt>
			 <trkpt lat="-33.815116" lon="151.014131">
				 <ele>10</ele>
			 </trkpt>
			 <trkpt lat="-33.815085" lon="151.014069">
				 <ele>10</ele>
			 </trkpt>
			 <trkpt lat="-33.815055" lon="151.014018">
				 <ele>10.1</ele>
			 </trkpt>
			 <trkpt lat="-33.815025" lon="151.013967">
				 <ele>10.2</ele>
			 </trkpt>
			 <trkpt lat="-33.815005" lon="151.013911">
				 <ele>10.3</ele>
			 </trkpt>
			 <trkpt lat="-33.814984" lon="151.013855">
				 <ele>10.4</ele>
			 </trkpt>
			 <trkpt lat="-33.814964" lon="151.013799">
				 <ele>10.5</ele>
			 </trkpt>
			 <trkpt lat="-33.814944" lon="151.013743">
				 <ele>10.5</ele>
			 </trkpt>
			 <trkpt lat="-33.814931" lon="151.013695">
				 <ele>10.6</ele>
			 </trkpt>
			 <trkpt lat="-33.814917" lon="151.013647">
				 <ele>10.6</ele>
			 </trkpt>
			 <trkpt lat="-33.814904" lon="151.013599">
				 <ele>10.6</ele>
			 </trkpt>
			 <trkpt lat="-33.81489" lon="151.013533">
				 <ele>10.6</ele>
			 </trkpt>
			 <trkpt lat="-33.814876" lon="151.013466">
				 <ele>10.6</ele>
			 </trkpt>
			 <trkpt lat="-33.814867" lon="151.013404">
				 <ele>10.5</ele>
			 </trkpt>
			 <trkpt lat="-33.814857" lon="151.013342">
				 <ele>10.5</ele>
			 </trkpt>
			 <trkpt lat="-33.814848" lon="151.01328">
				 <ele>10.4</ele>
			 </trkpt>
			 <trkpt lat="-33.81484" lon="151.013208">
				 <ele>10.3</ele>
			 </trkpt>
			 <trkpt lat="-33.814831" lon="151.013136">
				 <ele>10.2</ele>
			 </trkpt>
			 <trkpt lat="-33.814823" lon="151.013064">
				 <ele>10.1</ele>
			 </trkpt>
			 <trkpt lat="-33.814815" lon="151.012992">
				 <ele>10</ele>
			 </trkpt>
			 <trkpt lat="-33.814807" lon="151.01292">
				 <ele>10</ele>
			 </trkpt>
			 <trkpt lat="-33.814798" lon="151.012848">
				 <ele>10</ele>
			 </trkpt>
			 <trkpt lat="-33.81479" lon="151.012776">
				 <ele>10</ele>
			 </trkpt>
			 <trkpt lat="-33.814782" lon="151.012704">
				 <ele>10</ele>
			 </trkpt>
			 <trkpt lat="-33.814774" lon="151.012632">
				 <ele>10</ele>
			 </trkpt>
			 <trkpt lat="-33.814765" lon="151.01256">
				 <ele>10</ele>
			 </trkpt>
			 <trkpt lat="-33.814757" lon="151.012488">
				 <ele>10</ele>
			 </trkpt>
			 <trkpt lat="-33.814749" lon="151.012416">
				 <ele>9.9</ele>
			 </trkpt>
			 <trkpt lat="-33.81474" lon="151.012344">
				 <ele>9.8</ele>
			 </trkpt>
			 <trkpt lat="-33.814732" lon="151.012272">
				 <ele>9.7</ele>
			 </trkpt>
			 <trkpt lat="-33.814723" lon="151.012199">
				 <ele>9.6</ele>
			 </trkpt>
			 <trkpt lat="-33.814715" lon="151.012127">
				 <ele>9.5</ele>
			 </trkpt>
			 <trkpt lat="-33.814706" lon="151.012055">
				 <ele>9.3</ele>
			 </trkpt>
			 <trkpt lat="-33.814696" lon="151.012013">
				 <ele>9.1</ele>
			 </trkpt>
			 <trkpt lat="-33.814687" lon="151.011971">
				 <ele>8.9</ele>
			 </trkpt>
			 <trkpt lat="-33.814671" lon="151.011909">
				 <ele>8.6</ele>
			 </trkpt>
			 <trkpt lat="-33.814654" lon="151.011847">
				 <ele>8.4</ele>
			 </trkpt>
			 <trkpt lat="-33.814638" lon="151.011786">
				 <ele>8.1</ele>
			 </trkpt>
			 <trkpt lat="-33.814621" lon="151.011724">
				 <ele>7.9</ele>
			 </trkpt>
			 <trkpt lat="-33.814594" lon="151.011662">
				 <ele>7.7</ele>
			 </trkpt>
			 <trkpt lat="-33.814568" lon="151.011601">
				 <ele>7.5</ele>
			 </trkpt>
			 <trkpt lat="-33.814541" lon="151.011539">
				 <ele>7.4</ele>
			 </trkpt>
			 <trkpt lat="-33.81451" lon="151.011493">
				 <ele>7.3</ele>
			 </trkpt>
			 <trkpt lat="-33.81448" lon="151.011446">
				 <ele>7.2</ele>
			 </trkpt>
			 <trkpt lat="-33.814449" lon="151.0114">
				 <ele>7.1</ele>
			 </trkpt>
			 <trkpt lat="-33.814418" lon="151.011353">
				 <ele>7</ele>
			 </trkpt>
			 <trkpt lat="-33.814387" lon="151.011319">
				 <ele>7</ele>
			 </trkpt>
			 <trkpt lat="-33.814356" lon="151.011284">
				 <ele>7</ele>
			 </trkpt>
			 <trkpt lat="-33.814325" lon="151.01125">
				 <ele>7</ele>
			 </trkpt>
			 <trkpt lat="-33.814283" lon="151.011211">
				 <ele>7.1</ele>
			 </trkpt>
			 <trkpt lat="-33.81424" lon="151.011173">
				 <ele>7.2</ele>
			 </trkpt>
			 <trkpt lat="-33.814198" lon="151.011134">
				 <ele>7.4</ele>
			 </trkpt>
			 <trkpt lat="-33.81415" lon="151.011101">
				 <ele>7.5</ele>
			 </trkpt>
			 <trkpt lat="-33.814102" lon="151.011068">
				 <ele>7.8</ele>
			 </trkpt>
			 <trkpt lat="-33.814055" lon="151.011045">
				 <ele>8.1</ele>
			 </trkpt>
			 <trkpt lat="-33.814008" lon="151.011021">
				 <ele>8.5</ele>
			 </trkpt>
			 <trkpt lat="-33.81396" lon="151.010998">
				 <ele>8.9</ele>
			 </trkpt>
			 <trkpt lat="-33.813913" lon="151.010974">
				 <ele>9.5</ele>
			 </trkpt>
			 <trkpt lat="-33.813876" lon="151.010961">
				 <ele>10.1</ele>
			 </trkpt>
			 <trkpt lat="-33.81384" lon="151.010947">
				 <ele>10.8</ele>
			 </trkpt>
			 <trkpt lat="-33.813783" lon="151.010936">
				 <ele>11.5</ele>
			 </trkpt>
			 <trkpt lat="-33.813725" lon="151.010925">
				 <ele>12.4</ele>
			 </trkpt>
			 <trkpt lat="-33.813667" lon="151.010915">
				 <ele>13.2</ele>
			 </trkpt>
			 <trkpt lat="-33.81361" lon="151.010904">
				 <ele>14.1</ele>
			 </trkpt>
			 <trkpt lat="-33.81355" lon="151.010886">
				 <ele>15</ele>
			 </trkpt>
			 <trkpt lat="-33.8135" lon="151.010864">
				 <ele>15.9</ele>
			 </trkpt>
			 <trkpt lat="-33.813451" lon="151.010842">
				 <ele>16.7</ele>
			 </trkpt>
			 <trkpt lat="-33.813401" lon="151.010819">
				 <ele>17.4</ele>
			 </trkpt>
			 <trkpt lat="-33.813351" lon="151.010797">
				 <ele>17.9</ele>
			 </trkpt>
			 <trkpt lat="-33.813307" lon="151.010766">
				 <ele>18.4</ele>
			 </trkpt>
			 <trkpt lat="-33.813263" lon="151.010734">
				 <ele>18.6</ele>
			 </trkpt>
			 <trkpt lat="-33.813219" lon="151.010703">
				 <ele>18.7</ele>
			 </trkpt>
			 <trkpt lat="-33.813179" lon="151.010653">
				 <ele>18.7</ele>
			 </trkpt>
			 <trkpt lat="-33.813139" lon="151.010604">
				 <ele>18.5</ele>
			 </trkpt>
			 <trkpt lat="-33.813099" lon="151.010554">
				 <ele>18.2</ele>
			 </trkpt>
			 <trkpt lat="-33.813072" lon="151.0105">
				 <ele>17.6</ele>
			 </trkpt>
			 <trkpt lat="-33.813045" lon="151.010445">
				 <ele>17</ele>
			 </trkpt>
			 <trkpt lat="-33.813032" lon="151.010401">
				 <ele>16.3</ele>
			 </trkpt>
			 <trkpt lat="-33.813019" lon="151.010356">
				 <ele>15.7</ele>
			 </trkpt>
			 <trkpt lat="-33.813016" lon="151.010313">
				 <ele>15.2</ele>
			 </trkpt>
			 <trkpt lat="-33.813013" lon="151.010269">
				 <ele>14.7</ele>
			 </trkpt>
			 <trkpt lat="-33.81302" lon="151.010203">
				 <ele>14.4</ele>
			 </trkpt>
			 <trkpt lat="-33.813027" lon="151.010138">
				 <ele>14.1</ele>
			 </trkpt>
			 <trkpt lat="-33.812989" lon="151.010098">
				 <ele>13.8</ele>
			 </trkpt>
			 <trkpt lat="-33.812964" lon="151.010031">
				 <ele>13.7</ele>
			 </trkpt>
			 <trkpt lat="-33.812927" lon="151.009986">
				 <ele>13.7</ele>
			 </trkpt>
			 <trkpt lat="-33.812889" lon="151.00994">
				 <ele>13.9</ele>
			 </trkpt>
			 <trkpt lat="-33.81286" lon="151.009891">
				 <ele>14.2</ele>
			 </trkpt>
			 <trkpt lat="-33.812832" lon="151.009843">
				 <ele>14.5</ele>
			 </trkpt>
			 <trkpt lat="-33.81282" lon="151.009773">
				 <ele>14.8</ele>
			 </trkpt>
			 <trkpt lat="-33.812808" lon="151.009702">
				 <ele>15.1</ele>
			 </trkpt>
			 <trkpt lat="-33.812796" lon="151.009632">
				 <ele>15.3</ele>
			 </trkpt>
			 <trkpt lat="-33.812764" lon="151.009572">
				 <ele>15.4</ele>
			 </trkpt>
			 <trkpt lat="-33.812731" lon="151.009513">
				 <ele>15.5</ele>
			 </trkpt>
			 <trkpt lat="-33.81269" lon="151.009456">
				 <ele>15.5</ele>
			 </trkpt>
			 <trkpt lat="-33.812669" lon="151.009428">
				 <ele>15.5</ele>
			 </trkpt>
			 <trkpt lat="-33.812648" lon="151.009399">
				 <ele>15.4</ele>
			 </trkpt>
			 <trkpt lat="-33.812607" lon="151.009342">
				 <ele>15.1</ele>
			 </trkpt>
			 <trkpt lat="-33.812583" lon="151.009282">
				 <ele>14.8</ele>
			 </trkpt>
			 <trkpt lat="-33.81257" lon="151.009223">
				 <ele>14.5</ele>
			 </trkpt>
			 <trkpt lat="-33.812557" lon="151.009164">
				 <ele>14.1</ele>
			 </trkpt>
			 <trkpt lat="-33.81255" lon="151.009098">
				 <ele>13.6</ele>
			 </trkpt>
			 <trkpt lat="-33.812542" lon="151.009032">
				 <ele>13.1</ele>
			 </trkpt>
			 <trkpt lat="-33.812515" lon="151.008964">
				 <ele>12.5</ele>
			 </trkpt>
			 <trkpt lat="-33.812474" lon="151.008922">
				 <ele>12</ele>
			 </trkpt>
			 <trkpt lat="-33.812434" lon="151.008881">
				 <ele>11.4</ele>
			 </trkpt>
			 <trkpt lat="-33.812393" lon="151.008839">
				 <ele>10.8</ele>
			 </trkpt>
			 <trkpt lat="-33.812354" lon="151.00879">
				 <ele>10.3</ele>
			 </trkpt>
			 <trkpt lat="-33.812326" lon="151.008734">
				 <ele>9.8</ele>
			 </trkpt>
			 <trkpt lat="-33.812299" lon="151.008678">
				 <ele>9.4</ele>
			 </trkpt>
			 <trkpt lat="-33.812292" lon="151.008644">
				 <ele>9.1</ele>
			 </trkpt>
			 <trkpt lat="-33.812274" lon="151.008586">
				 <ele>8.8</ele>
			 </trkpt>
			 <trkpt lat="-33.812256" lon="151.00852">
				 <ele>8.7</ele>
			 </trkpt>
			 <trkpt lat="-33.812238" lon="151.008453">
				 <ele>8.7</ele>
			 </trkpt>
			 <trkpt lat="-33.812221" lon="151.008414">
				 <ele>8.9</ele>
			 </trkpt>
			 <trkpt lat="-33.81219" lon="151.008368">
				 <ele>9.1</ele>
			 </trkpt>
			 <trkpt lat="-33.812158" lon="151.008322">
				 <ele>9.4</ele>
			 </trkpt>
			 <trkpt lat="-33.812127" lon="151.008276">
				 <ele>9.6</ele>
			 </trkpt>
			 <trkpt lat="-33.812108" lon="151.008236">
				 <ele>9.9</ele>
			 </trkpt>
			 <trkpt lat="-33.812097" lon="151.008189">
				 <ele>10.2</ele>
			 </trkpt>
			 <trkpt lat="-33.812085" lon="151.008141">
				 <ele>10.5</ele>
			 </trkpt>
			 <trkpt lat="-33.812068" lon="151.008096">
				 <ele>10.6</ele>
			 </trkpt>
			 <trkpt lat="-33.812036" lon="151.008044">
				 <ele>10.8</ele>
			 </trkpt>
			 <trkpt lat="-33.812004" lon="151.00802">
				 <ele>10.8</ele>
			 </trkpt>
			 <trkpt lat="-33.811962" lon="151.008">
				 <ele>10.8</ele>
			 </trkpt>
			 <trkpt lat="-33.811913" lon="151.007987">
				 <ele>10.7</ele>
			 </trkpt>
			 <trkpt lat="-33.811864" lon="151.007973">
				 <ele>10.6</ele>
			 </trkpt>
			 <trkpt lat="-33.811836" lon="151.007965">
				 <ele>10.5</ele>
			 </trkpt>
			 <trkpt lat="-33.811813" lon="151.007946">
				 <ele>10.3</ele>
			 </trkpt>
			 <trkpt lat="-33.811794" lon="151.007918">
				 <ele>10.1</ele>
			 </trkpt>
			 <trkpt lat="-33.811784" lon="151.007848">
				 <ele>9.9</ele>
			 </trkpt>
			 <trkpt lat="-33.811777" lon="151.007802">
				 <ele>9.7</ele>
			 </trkpt>
			 <trkpt lat="-33.81177" lon="151.007756">
				 <ele>9.5</ele>
			 </trkpt>
			 <trkpt lat="-33.811763" lon="151.00771">
				 <ele>9.4</ele>
			 </trkpt>
			 <trkpt lat="-33.811752" lon="151.007657">
				 <ele>9.3</ele>
			 </trkpt>
			 <trkpt lat="-33.811742" lon="151.007604">
				 <ele>9.2</ele>
			 </trkpt>
			 <trkpt lat="-33.811726" lon="151.007544">
				 <ele>9.1</ele>
			 </trkpt>
			 <trkpt lat="-33.81171" lon="151.007483">
				 <ele>9</ele>
			 </trkpt>
			 <trkpt lat="-33.811702" lon="151.007423">
				 <ele>9</ele>
			 </trkpt>
			 <trkpt lat="-33.811695" lon="151.007363">
				 <ele>9</ele>
			 </trkpt>
			 <trkpt lat="-33.811673" lon="151.007308">
				 <ele>9.1</ele>
			 </trkpt>
			 <trkpt lat="-33.811651" lon="151.007254">
				 <ele>9.2</ele>
			 </trkpt>
			 <trkpt lat="-33.811634" lon="151.007217">
				 <ele>9.3</ele>
			 </trkpt>
			 <trkpt lat="-33.811618" lon="151.007182">
				 <ele>9.5</ele>
			 </trkpt>
			 <trkpt lat="-33.811594" lon="151.007143">
				 <ele>9.6</ele>
			 </trkpt>
			 <trkpt lat="-33.811569" lon="151.007105">
				 <ele>9.8</ele>
			 </trkpt>
			 <trkpt lat="-33.811544" lon="151.007067">
				 <ele>10</ele>
			 </trkpt>
			 <trkpt lat="-33.811519" lon="151.007028">
				 <ele>10.2</ele>
			 </trkpt>
			 <trkpt lat="-33.811499" lon="151.006993">
				 <ele>10.4</ele>
			 </trkpt>
			 <trkpt lat="-33.81148" lon="151.006959">
				 <ele>10.6</ele>
			 </trkpt>
			 <trkpt lat="-33.811461" lon="151.006925">
				 <ele>10.9</ele>
			 </trkpt>
			 <trkpt lat="-33.811441" lon="151.006891">
				 <ele>11.1</ele>
			 </trkpt>
			 <trkpt lat="-33.811428" lon="151.006852">
				 <ele>11.3</ele>
			 </trkpt>
			 <trkpt lat="-33.811414" lon="151.006813">
				 <ele>11.5</ele>
			 </trkpt>
			 <trkpt lat="-33.8114" lon="151.006774">
				 <ele>11.7</ele>
			 </trkpt>
			 <trkpt lat="-33.811386" lon="151.006735">
				 <ele>11.9</ele>
			 </trkpt>
			 <trkpt lat="-33.811351" lon="151.006676">
				 <ele>12.2</ele>
			 </trkpt>
			 <trkpt lat="-33.811316" lon="151.006617">
				 <ele>12.5</ele>
			 </trkpt>
			 <trkpt lat="-33.811286" lon="151.006594">
				 <ele>12.7</ele>
			 </trkpt>
			 <trkpt lat="-33.811256" lon="151.00657">
				 <ele>13</ele>
			 </trkpt>
			 <trkpt lat="-33.811225" lon="151.006547">
				 <ele>13.2</ele>
			 </trkpt>
			 <trkpt lat="-33.811195" lon="151.006523">
				 <ele>13.4</ele>
			 </trkpt>
			 <trkpt lat="-33.811161" lon="151.006472">
				 <ele>13.5</ele>
			 </trkpt>
			 <trkpt lat="-33.811127" lon="151.006421">
				 <ele>13.8</ele>
			 </trkpt>
			 <trkpt lat="-33.811101" lon="151.006362">
				 <ele>14</ele>
			 </trkpt>
			 <trkpt lat="-33.811076" lon="151.006302">
				 <ele>14.3</ele>
			 </trkpt>
			 <trkpt lat="-33.811059" lon="151.00625">
				 <ele>14.6</ele>
			 </trkpt>
			 <trkpt lat="-33.811043" lon="151.006197">
				 <ele>15</ele>
			 </trkpt>
			 <trkpt lat="-33.811026" lon="151.006145">
				 <ele>15.5</ele>
			 </trkpt>
			 <trkpt lat="-33.811009" lon="151.006092">
				 <ele>16</ele>
			 </trkpt>
			 <trkpt lat="-33.810992" lon="151.006039">
				 <ele>16.5</ele>
			 </trkpt>
			 <trkpt lat="-33.810976" lon="151.005986">
				 <ele>17.2</ele>
			 </trkpt>
			 <trkpt lat="-33.810959" lon="151.005934">
				 <ele>17.8</ele>
			 </trkpt>
			 <trkpt lat="-33.810943" lon="151.005881">
				 <ele>18.5</ele>
			 </trkpt>
			 <trkpt lat="-33.810922" lon="151.005828">
				 <ele>19.2</ele>
			 </trkpt>
			 <trkpt lat="-33.810901" lon="151.005774">
				 <ele>19.8</ele>
			 </trkpt>
			 <trkpt lat="-33.810879" lon="151.005721">
				 <ele>20.4</ele>
			 </trkpt>
			 <trkpt lat="-33.810858" lon="151.005667">
				 <ele>20.8</ele>
			 </trkpt>
			 <trkpt lat="-33.810843" lon="151.005612">
				 <ele>21.1</ele>
			 </trkpt>
			 <trkpt lat="-33.810828" lon="151.005558">
				 <ele>21.3</ele>
			 </trkpt>
			 <trkpt lat="-33.810821" lon="151.005517">
				 <ele>21.4</ele>
			 </trkpt>
			 <trkpt lat="-33.810813" lon="151.005475">
				 <ele>21.4</ele>
			 </trkpt>
			 <trkpt lat="-33.810809" lon="151.005437">
				 <ele>21.2</ele>
			 </trkpt>
			 <trkpt lat="-33.810805" lon="151.005398">
				 <ele>21</ele>
			 </trkpt>
			 <trkpt lat="-33.810801" lon="151.005359">
				 <ele>20.6</ele>
			 </trkpt>
			 <trkpt lat="-33.810797" lon="151.00532">
				 <ele>20.2</ele>
			 </trkpt>
			 <trkpt lat="-33.810782" lon="151.005261">
				 <ele>19.6</ele>
			 </trkpt>
			 <trkpt lat="-33.810767" lon="151.005201">
				 <ele>19.1</ele>
			 </trkpt>
			 <trkpt lat="-33.810751" lon="151.005141">
				 <ele>18.5</ele>
			 </trkpt>
			 <trkpt lat="-33.810736" lon="151.005082">
				 <ele>18.1</ele>
			 </trkpt>
			 <trkpt lat="-33.810717" lon="151.005035">
				 <ele>17.5</ele>
			 </trkpt>
			 <trkpt lat="-33.810699" lon="151.004988">
				 <ele>17</ele>
			 </trkpt>
			 <trkpt lat="-33.810675" lon="151.004928">
				 <ele>16.5</ele>
			 </trkpt>
			 <trkpt lat="-33.810646" lon="151.004897">
				 <ele>16.1</ele>
			 </trkpt>
			 <trkpt lat="-33.810614" lon="151.004879">
				 <ele>15.6</ele>
			 </trkpt>
			 <trkpt lat="-33.810575" lon="151.004825">
				 <ele>15.3</ele>
			 </trkpt>
			 <trkpt lat="-33.810563" lon="151.004795">
				 <ele>15</ele>
			 </trkpt>
			 <trkpt lat="-33.81055" lon="151.004733">
				 <ele>14.9</ele>
			 </trkpt>
			 <trkpt lat="-33.810537" lon="151.004672">
				 <ele>14.8</ele>
			 </trkpt>
			 <trkpt lat="-33.810524" lon="151.004611">
				 <ele>14.7</ele>
			 </trkpt>
			 <trkpt lat="-33.810511" lon="151.004549">
				 <ele>14.6</ele>
			 </trkpt>
			 <trkpt lat="-33.810506" lon="151.004488">
				 <ele>14.6</ele>
			 </trkpt>
			 <trkpt lat="-33.810502" lon="151.00445">
				 <ele>14.6</ele>
			 </trkpt>
			 <trkpt lat="-33.810497" lon="151.004411">
				 <ele>14.6</ele>
			 </trkpt>
			 <trkpt lat="-33.810493" lon="151.004372">
				 <ele>14.7</ele>
			 </trkpt>
			 <trkpt lat="-33.810489" lon="151.004333">
				 <ele>14.8</ele>
			 </trkpt>
			 <trkpt lat="-33.81048" lon="151.004281">
				 <ele>14.9</ele>
			 </trkpt>
			 <trkpt lat="-33.810472" lon="151.00423">
				 <ele>15</ele>
			 </trkpt>
			 <trkpt lat="-33.810463" lon="151.004178">
				 <ele>15</ele>
			 </trkpt>
			 <trkpt lat="-33.810455" lon="151.004126">
				 <ele>15</ele>
			 </trkpt>
			 <trkpt lat="-33.810446" lon="151.004075">
				 <ele>15</ele>
			 </trkpt>
			 <trkpt lat="-33.810438" lon="151.004023">
				 <ele>15</ele>
			 </trkpt>
			 <trkpt lat="-33.810429" lon="151.003971">
				 <ele>15</ele>
			 </trkpt>
			 <trkpt lat="-33.810421" lon="151.00392">
				 <ele>14.9</ele>
			 </trkpt>
			 <trkpt lat="-33.810415" lon="151.003872">
				 <ele>14.8</ele>
			 </trkpt>
			 <trkpt lat="-33.810408" lon="151.003824">
				 <ele>14.6</ele>
			 </trkpt>
			 <trkpt lat="-33.810401" lon="151.003776">
				 <ele>14.5</ele>
			 </trkpt>
			 <trkpt lat="-33.810395" lon="151.003728">
				 <ele>14.3</ele>
			 </trkpt>
			 <trkpt lat="-33.810389" lon="151.00368">
				 <ele>14</ele>
			 </trkpt>
			 <trkpt lat="-33.810382" lon="151.003632">
				 <ele>13.6</ele>
			 </trkpt>
			 <trkpt lat="-33.810367" lon="151.003571">
				 <ele>13.2</ele>
			 </trkpt>
			 <trkpt lat="-33.810363" lon="151.003532">
				 <ele>12.7</ele>
			 </trkpt>
			 <trkpt lat="-33.810359" lon="151.003493">
				 <ele>12.2</ele>
			 </trkpt>
			 <trkpt lat="-33.810368" lon="151.003439">
				 <ele>11.6</ele>
			 </trkpt>
			 <trkpt lat="-33.810386" lon="151.003392">
				 <ele>11.2</ele>
			 </trkpt>
			 <trkpt lat="-33.810404" lon="151.003346">
				 <ele>10.7</ele>
			 </trkpt>
			 <trkpt lat="-33.810411" lon="151.003291">
				 <ele>10.4</ele>
			 </trkpt>
			 <trkpt lat="-33.810399" lon="151.003238">
				 <ele>10.1</ele>
			 </trkpt>
			 <trkpt lat="-33.810387" lon="151.003184">
				 <ele>9.8</ele>
			 </trkpt>
			 <trkpt lat="-33.810353" lon="151.003133">
				 <ele>9.6</ele>
			 </trkpt>
			 <trkpt lat="-33.810319" lon="151.003082">
				 <ele>9.6</ele>
			 </trkpt>
			 <trkpt lat="-33.810281" lon="151.003062">
				 <ele>9.7</ele>
			 </trkpt>
			 <trkpt lat="-33.810243" lon="151.003041">
				 <ele>9.8</ele>
			 </trkpt>
			 <trkpt lat="-33.810211" lon="151.003036">
				 <ele>10</ele>
			 </trkpt>
			 <trkpt lat="-33.810179" lon="151.003031">
				 <ele>10.2</ele>
			 </trkpt>
			 <trkpt lat="-33.810154" lon="151.003007">
				 <ele>10.3</ele>
			 </trkpt>
			 <trkpt lat="-33.810126" lon="151.002965">
				 <ele>10.4</ele>
			 </trkpt>
			 <trkpt lat="-33.810119" lon="151.002917">
				 <ele>10.4</ele>
			 </trkpt>
			 <trkpt lat="-33.810111" lon="151.002869">
				 <ele>10.3</ele>
			 </trkpt>
			 <trkpt lat="-33.810124" lon="151.002821">
				 <ele>10.1</ele>
			 </trkpt>
			 <trkpt lat="-33.810144" lon="151.002779">
				 <ele>9.9</ele>
			 </trkpt>
			 <trkpt lat="-33.810177" lon="151.002739">
				 <ele>9.5</ele>
			 </trkpt>
			 <trkpt lat="-33.810215" lon="151.002716">
				 <ele>9.2</ele>
			 </trkpt>
			 <trkpt lat="-33.810252" lon="151.002694">
				 <ele>8.8</ele>
			 </trkpt>
			 <trkpt lat="-33.810289" lon="151.002671">
				 <ele>8.5</ele>
			 </trkpt>
			 <trkpt lat="-33.810326" lon="151.002649">
				 <ele>8.1</ele>
			 </trkpt>
			 <trkpt lat="-33.810364" lon="151.002627">
				 <ele>7.8</ele>
			 </trkpt>
			 <trkpt lat="-33.810401" lon="151.002605">
				 <ele>7.5</ele>
			 </trkpt>
			 <trkpt lat="-33.810438" lon="151.002582">
				 <ele>7.4</ele>
			 </trkpt>
			 <trkpt lat="-33.810475" lon="151.00256">
				 <ele>7.1</ele>
			 </trkpt>
			 <trkpt lat="-33.810494" lon="151.002528">
				 <ele>6.9</ele>
			 </trkpt>
			 <trkpt lat="-33.810514" lon="151.002497">
				 <ele>6.7</ele>
			 </trkpt>
			 <trkpt lat="-33.810522" lon="151.002435">
				 <ele>6.6</ele>
			 </trkpt>
			 <trkpt lat="-33.810529" lon="151.002373">
				 <ele>6.5</ele>
			 </trkpt>
			 <trkpt lat="-33.810536" lon="151.002312">
				 <ele>6.5</ele>
			 </trkpt>
			 <trkpt lat="-33.810544" lon="151.00225">
				 <ele>6.3</ele>
			 </trkpt>
			 <trkpt lat="-33.810552" lon="151.002188">
				 <ele>6.1</ele>
			 </trkpt>
			 <trkpt lat="-33.810559" lon="151.002126">
				 <ele>6</ele>
			 </trkpt>
			 <trkpt lat="-33.810566" lon="151.002064">
				 <ele>5.9</ele>
			 </trkpt>
			 <trkpt lat="-33.810573" lon="151.002002">
				 <ele>5.8</ele>
			 </trkpt>
			 <trkpt lat="-33.810581" lon="151.00194">
				 <ele>5.9</ele>
			 </trkpt>
			 <trkpt lat="-33.810588" lon="151.001878">
				 <ele>6</ele>
			 </trkpt>
			 <trkpt lat="-33.810596" lon="151.001817">
				 <ele>6.2</ele>
			 </trkpt>
			 <trkpt lat="-33.810603" lon="151.001755">
				 <ele>6.4</ele>
			 </trkpt>
			 <trkpt lat="-33.81061" lon="151.001693">
				 <ele>6.6</ele>
			 </trkpt>
			 <trkpt lat="-33.810618" lon="151.001631">
				 <ele>6.9</ele>
			 </trkpt>
			 <trkpt lat="-33.810616" lon="151.001587">
				 <ele>7.3</ele>
			 </trkpt>
			 <trkpt lat="-33.810614" lon="151.001543">
				 <ele>7.7</ele>
			 </trkpt>
			 <trkpt lat="-33.810612" lon="151.001499">
				 <ele>8.1</ele>
			 </trkpt>
			 <trkpt lat="-33.810609" lon="151.001455">
				 <ele>8.5</ele>
			 </trkpt>
			 <trkpt lat="-33.810625" lon="151.001404">
				 <ele>8.8</ele>
			 </trkpt>
			 <trkpt lat="-33.810658" lon="151.001353">
				 <ele>9.1</ele>
			 </trkpt>
			 <trkpt lat="-33.810691" lon="151.001303">
				 <ele>9.4</ele>
			 </trkpt>
			 <trkpt lat="-33.810739" lon="151.001268">
				 <ele>9.5</ele>
			 </trkpt>
			 <trkpt lat="-33.810788" lon="151.001233">
				 <ele>9.7</ele>
			 </trkpt>
			 <trkpt lat="-33.810829" lon="151.001186">
				 <ele>9.8</ele>
			 </trkpt>
			 <trkpt lat="-33.810869" lon="151.001138">
				 <ele>9.9</ele>
			 </trkpt>
			 <trkpt lat="-33.810888" lon="151.001082">
				 <ele>9.9</ele>
			 </trkpt>
			 <trkpt lat="-33.810907" lon="151.001025">
				 <ele>9.8</ele>
			 </trkpt>
			 <trkpt lat="-33.810919" lon="151.000952">
				 <ele>9.7</ele>
			 </trkpt>
			 <trkpt lat="-33.81092" lon="151.000893">
				 <ele>9.6</ele>
			 </trkpt>
			 <trkpt lat="-33.810921" lon="151.000834">
				 <ele>9.5</ele>
			 </trkpt>
			 <trkpt lat="-33.810923" lon="151.000775">
				 <ele>9.5</ele>
			 </trkpt>
			 <trkpt lat="-33.810924" lon="151.000716">
				 <ele>9.4</ele>
			 </trkpt>
			 <trkpt lat="-33.810916" lon="151.000678">
				 <ele>9.3</ele>
			 </trkpt>
			 <trkpt lat="-33.810908" lon="151.00062">
				 <ele>9.2</ele>
			 </trkpt>
			 <trkpt lat="-33.810885" lon="151.000574">
				 <ele>9.1</ele>
			 </trkpt>
			 <trkpt lat="-33.81084" lon="151.000522">
				 <ele>8.9</ele>
			 </trkpt>
			 <trkpt lat="-33.810806" lon="151.000467">
				 <ele>8.8</ele>
			 </trkpt>
			 <trkpt lat="-33.810793" lon="151.00042">
				 <ele>8.6</ele>
			 </trkpt>
			 <trkpt lat="-33.810783" lon="151.000363">
				 <ele>8.5</ele>
			 </trkpt>
			 <trkpt lat="-33.810773" lon="151.000306">
				 <ele>8.3</ele>
			 </trkpt>
			 <trkpt lat="-33.810772" lon="151.000249">
				 <ele>8.1</ele>
			 </trkpt>
			 <trkpt lat="-33.81077" lon="151.000192">
				 <ele>7.9</ele>
			 </trkpt>
			 <trkpt lat="-33.810769" lon="151.000117">
				 <ele>7.7</ele>
			 </trkpt>
			 <trkpt lat="-33.810767" lon="151.000063">
				 <ele>7.5</ele>
			 </trkpt>
			 <trkpt lat="-33.810766" lon="151.000008">
				 <ele>7.4</ele>
			 </trkpt>
			 <trkpt lat="-33.810765" lon="150.999954">
				 <ele>7.2</ele>
			 </trkpt>
			 <trkpt lat="-33.810763" lon="150.999899">
				 <ele>7.1</ele>
			 </trkpt>
			 <trkpt lat="-33.810761" lon="150.999844">
				 <ele>7.1</ele>
			 </trkpt>
			 <trkpt lat="-33.81076" lon="150.999789">
				 <ele>7.2</ele>
			 </trkpt>
			 <trkpt lat="-33.810759" lon="150.999734">
				 <ele>7.4</ele>
			 </trkpt>
			 <trkpt lat="-33.810757" lon="150.99968">
				 <ele>7.5</ele>
			 </trkpt>
			 <trkpt lat="-33.810755" lon="150.999626">
				 <ele>7.8</ele>
			 </trkpt>
			 <trkpt lat="-33.810754" lon="150.999571">
				 <ele>8.2</ele>
			 </trkpt>
			 <trkpt lat="-33.810738" lon="150.999516">
				 <ele>8.5</ele>
			 </trkpt>
			 <trkpt lat="-33.810718" lon="150.999472">
				 <ele>9</ele>
			 </trkpt>
			 <trkpt lat="-33.810692" lon="150.999438">
				 <ele>9.5</ele>
			 </trkpt>
			 <trkpt lat="-33.810666" lon="150.999403">
				 <ele>9.9</ele>
			 </trkpt>
			 <trkpt lat="-33.810617" lon="150.999385">
				 <ele>10.5</ele>
			 </trkpt>
			 <trkpt lat="-33.810569" lon="150.999367">
				 <ele>10.9</ele>
			 </trkpt>
			 <trkpt lat="-33.810526" lon="150.999342">
				 <ele>11.4</ele>
			 </trkpt>
			 <trkpt lat="-33.810494" lon="150.999308">
				 <ele>11.7</ele>
			 </trkpt>
			 <trkpt lat="-33.810477" lon="150.999245">
				 <ele>12.1</ele>
			 </trkpt>
			 <trkpt lat="-33.810461" lon="150.999182">
				 <ele>12.4</ele>
			 </trkpt>
			 <trkpt lat="-33.81045" lon="150.999128">
				 <ele>12.5</ele>
			 </trkpt>
			 <trkpt lat="-33.810439" lon="150.999075">
				 <ele>12.7</ele>
			 </trkpt>
			 <trkpt lat="-33.810428" lon="150.999022">
				 <ele>12.8</ele>
			 </trkpt>
			 <trkpt lat="-33.810417" lon="150.998968">
				 <ele>12.9</ele>
			 </trkpt>
			 <trkpt lat="-33.81041" lon="150.998919">
				 <ele>13</ele>
			 </trkpt>
			 <trkpt lat="-33.810403" lon="150.998869">
				 <ele>13</ele>
			 </trkpt>
			 <trkpt lat="-33.810396" lon="150.99882">
				 <ele>13</ele>
			 </trkpt>
			 <trkpt lat="-33.810389" lon="150.99877">
				 <ele>13</ele>
			 </trkpt>
			 <trkpt lat="-33.810382" lon="150.99872">
				 <ele>13</ele>
			 </trkpt>
			 <trkpt lat="-33.810375" lon="150.998671">
				 <ele>13</ele>
			 </trkpt>
			 <trkpt lat="-33.810371" lon="150.998631">
				 <ele>13</ele>
			 </trkpt>
			 <trkpt lat="-33.810366" lon="150.998592">
				 <ele>13</ele>
			 </trkpt>
			 <trkpt lat="-33.810361" lon="150.998552">
				 <ele>13</ele>
			 </trkpt>
			 <trkpt lat="-33.810356" lon="150.998512">
				 <ele>12.9</ele>
			 </trkpt>
			 <trkpt lat="-33.810357" lon="150.998463">
				 <ele>12.8</ele>
			 </trkpt>
			 <trkpt lat="-33.810359" lon="150.998414">
				 <ele>12.6</ele>
			 </trkpt>
			 <trkpt lat="-33.810367" lon="150.998352">
				 <ele>12.4</ele>
			 </trkpt>
			 <trkpt lat="-33.810383" lon="150.998294">
				 <ele>12.1</ele>
			 </trkpt>
			 <trkpt lat="-33.810398" lon="150.998236">
				 <ele>11.7</ele>
			 </trkpt>
			 <trkpt lat="-33.810413" lon="150.998178">
				 <ele>11.3</ele>
			 </trkpt>
			 <trkpt lat="-33.810429" lon="150.998121">
				 <ele>10.7</ele>
			 </trkpt>
			 <trkpt lat="-33.810445" lon="150.998063">
				 <ele>10.2</ele>
			 </trkpt>
			 <trkpt lat="-33.810461" lon="150.998005">
				 <ele>9.5</ele>
			 </trkpt>
			 <trkpt lat="-33.810477" lon="150.997948">
				 <ele>8.9</ele>
			 </trkpt>
			 <trkpt lat="-33.810492" lon="150.99789">
				 <ele>8.4</ele>
			 </trkpt>
			 <trkpt lat="-33.810508" lon="150.997832">
				 <ele>7.8</ele>
			 </trkpt>
			 <trkpt lat="-33.810523" lon="150.997774">
				 <ele>7.4</ele>
			 </trkpt>
			 <trkpt lat="-33.810532" lon="150.997724">
				 <ele>7</ele>
			 </trkpt>
			 <trkpt lat="-33.81054" lon="150.997673">
				 <ele>6.7</ele>
			 </trkpt>
			 <trkpt lat="-33.810549" lon="150.997623">
				 <ele>6.5</ele>
			 </trkpt>
			 <trkpt lat="-33.810557" lon="150.997573">
				 <ele>6.5</ele>
			 </trkpt>
			 <trkpt lat="-33.810536" lon="150.997519">
				 <ele>6.6</ele>
			 </trkpt>
			 <trkpt lat="-33.810515" lon="150.997465">
				 <ele>6.8</ele>
			 </trkpt>
			 <trkpt lat="-33.810495" lon="150.997411">
				 <ele>7.1</ele>
			 </trkpt>
			 <trkpt lat="-33.810474" lon="150.997357">
				 <ele>7.4</ele>
			 </trkpt>
			 <trkpt lat="-33.810454" lon="150.997303">
				 <ele>7.7</ele>
			 </trkpt>
			 <trkpt lat="-33.810433" lon="150.99725">
				 <ele>8.1</ele>
			 </trkpt>
			 <trkpt lat="-33.810403" lon="150.997203">
				 <ele>8.5</ele>
			 </trkpt>
			 <trkpt lat="-33.810373" lon="150.997156">
				 <ele>9</ele>
			 </trkpt>
			 <trkpt lat="-33.810343" lon="150.997109">
				 <ele>9.5</ele>
			 </trkpt>
			 <trkpt lat="-33.810313" lon="150.997061">
				 <ele>9.9</ele>
			 </trkpt>
			 <trkpt lat="-33.810283" lon="150.997014">
				 <ele>10.3</ele>
			 </trkpt>
			 <trkpt lat="-33.810253" lon="150.996967">
				 <ele>10.7</ele>
			 </trkpt>
			 <trkpt lat="-33.810215" lon="150.996929">
				 <ele>11.1</ele>
			 </trkpt>
			 <trkpt lat="-33.810178" lon="150.99689">
				 <ele>11.5</ele>
			 </trkpt>
			 <trkpt lat="-33.81014" lon="150.996852">
				 <ele>11.8</ele>
			 </trkpt>
			 <trkpt lat="-33.810102" lon="150.996814">
				 <ele>12.1</ele>
			 </trkpt>
			 <trkpt lat="-33.810064" lon="150.996776">
				 <ele>12.4</ele>
			 </trkpt>
			 <trkpt lat="-33.810027" lon="150.996737">
				 <ele>12.5</ele>
			 </trkpt>
			 <trkpt lat="-33.809984" lon="150.99671">
				 <ele>12.7</ele>
			 </trkpt>
			 <trkpt lat="-33.80994" lon="150.996682">
				 <ele>12.8</ele>
			 </trkpt>
			 <trkpt lat="-33.809896" lon="150.996654">
				 <ele>12.9</ele>
			 </trkpt>
			 <trkpt lat="-33.809853" lon="150.996626">
				 <ele>13</ele>
			 </trkpt>
			 <trkpt lat="-33.80981" lon="150.996599">
				 <ele>13</ele>
			 </trkpt>
			 <trkpt lat="-33.809766" lon="150.996571">
				 <ele>13</ele>
			 </trkpt>
			 <trkpt lat="-33.809719" lon="150.996556">
				 <ele>12.9</ele>
			 </trkpt>
			 <trkpt lat="-33.809671" lon="150.99654">
				 <ele>12.8</ele>
			 </trkpt>
			 <trkpt lat="-33.809623" lon="150.996524">
				 <ele>12.7</ele>
			 </trkpt>
			 <trkpt lat="-33.809575" lon="150.996508">
				 <ele>12.5</ele>
			 </trkpt>
			 <trkpt lat="-33.809528" lon="150.996492">
				 <ele>12.4</ele>
			 </trkpt>
			 <trkpt lat="-33.80948" lon="150.996477">
				 <ele>12.2</ele>
			 </trkpt>
			 <trkpt lat="-33.809422" lon="150.996473">
				 <ele>12</ele>
			 </trkpt>
			 <trkpt lat="-33.809364" lon="150.996469">
				 <ele>11.8</ele>
			 </trkpt>
			 <trkpt lat="-33.80932" lon="150.996467">
				 <ele>11.6</ele>
			 </trkpt>
			 <trkpt lat="-33.809275" lon="150.996464">
				 <ele>11.5</ele>
			 </trkpt>
			 <trkpt lat="-33.80923" lon="150.996462">
				 <ele>11.3</ele>
			 </trkpt>
			 <trkpt lat="-33.809185" lon="150.996459">
				 <ele>11.2</ele>
			 </trkpt>
			 <trkpt lat="-33.809137" lon="150.996469">
				 <ele>11.1</ele>
			 </trkpt>
			 <trkpt lat="-33.809088" lon="150.996479">
				 <ele>11</ele>
			 </trkpt>
			 <trkpt lat="-33.809039" lon="150.996489">
				 <ele>11</ele>
			 </trkpt>
			 <trkpt lat="-33.80899" lon="150.996498">
				 <ele>11.1</ele>
			 </trkpt>
			 <trkpt lat="-33.808942" lon="150.996508">
				 <ele>11.2</ele>
			 </trkpt>
			 <trkpt lat="-33.808893" lon="150.996518">
				 <ele>11.3</ele>
			 </trkpt>
			 <trkpt lat="-33.808853" lon="150.996537">
				 <ele>11.4</ele>
			 </trkpt>
			 <trkpt lat="-33.808813" lon="150.996557">
				 <ele>11.5</ele>
			 </trkpt>
			 <trkpt lat="-33.808774" lon="150.996576">
				 <ele>11.7</ele>
			 </trkpt>
			 <trkpt lat="-33.808734" lon="150.996595">
				 <ele>11.9</ele>
			 </trkpt>
			 <trkpt lat="-33.808695" lon="150.996615">
				 <ele>12.2</ele>
			 </trkpt>
			 <trkpt lat="-33.808655" lon="150.996634">
				 <ele>12.5</ele>
			 </trkpt>
			 <trkpt lat="-33.808615" lon="150.996653">
				 <ele>12.7</ele>
			 </trkpt>
			 <trkpt lat="-33.808575" lon="150.996672">
				 <ele>13</ele>
			 </trkpt>
			 <trkpt lat="-33.808536" lon="150.996703">
				 <ele>13.2</ele>
			 </trkpt>
			 <trkpt lat="-33.808497" lon="150.996734">
				 <ele>13.5</ele>
			 </trkpt>
			 <trkpt lat="-33.808458" lon="150.996765">
				 <ele>13.7</ele>
			 </trkpt>
			 <trkpt lat="-33.808418" lon="150.996796">
				 <ele>14</ele>
			 </trkpt>
			 <trkpt lat="-33.808379" lon="150.996827">
				 <ele>14.2</ele>
			 </trkpt>
			 <trkpt lat="-33.80834" lon="150.996858">
				 <ele>14.4</ele>
			 </trkpt>
			 <trkpt lat="-33.808301" lon="150.996889">
				 <ele>14.6</ele>
			 </trkpt>
			 <trkpt lat="-33.808261" lon="150.99692">
				 <ele>14.8</ele>
			 </trkpt>
			 <trkpt lat="-33.808225" lon="150.996964">
				 <ele>15</ele>
			 </trkpt>
			 <trkpt lat="-33.808188" lon="150.997008">
				 <ele>15.2</ele>
			 </trkpt>
			 <trkpt lat="-33.808152" lon="150.997053">
				 <ele>15.4</ele>
			 </trkpt>
			 <trkpt lat="-33.808115" lon="150.997097">
				 <ele>15.5</ele>
			 </trkpt>
			 <trkpt lat="-33.808079" lon="150.997142">
				 <ele>15.5</ele>
			 </trkpt>
			 <trkpt lat="-33.808042" lon="150.997186">
				 <ele>15.5</ele>
			 </trkpt>
			 <trkpt lat="-33.808006" lon="150.99723">
				 <ele>15.4</ele>
			 </trkpt>
			 <trkpt lat="-33.807969" lon="150.997274">
				 <ele>15.3</ele>
			 </trkpt>
			 <trkpt lat="-33.807941" lon="150.997329">
				 <ele>15.2</ele>
			 </trkpt>
			 <trkpt lat="-33.807912" lon="150.997383">
				 <ele>14.9</ele>
			 </trkpt>
			 <trkpt lat="-33.807884" lon="150.997437">
				 <ele>14.6</ele>
			 </trkpt>
			 <trkpt lat="-33.807855" lon="150.997492">
				 <ele>14.4</ele>
			 </trkpt>
			 <trkpt lat="-33.807826" lon="150.997546">
				 <ele>14</ele>
			 </trkpt>
			 <trkpt lat="-33.807797" lon="150.9976">
				 <ele>13.6</ele>
			 </trkpt>
			 <trkpt lat="-33.807769" lon="150.997655">
				 <ele>13.5</ele>
			 </trkpt>
			 <trkpt lat="-33.80774" lon="150.997709">
				 <ele>13.3</ele>
			 </trkpt>
			 <trkpt lat="-33.807703" lon="150.997764">
				 <ele>13.1</ele>
			 </trkpt>
			 <trkpt lat="-33.807665" lon="150.997819">
				 <ele>13</ele>
			 </trkpt>
			 <trkpt lat="-33.807655" lon="150.997859">
				 <ele>12.9</ele>
			 </trkpt>
			 <trkpt lat="-33.807645" lon="150.997898">
				 <ele>12.8</ele>
			 </trkpt>
			 <trkpt lat="-33.807635" lon="150.997937">
				 <ele>12.9</ele>
			 </trkpt>
			 <trkpt lat="-33.807625" lon="150.997977">
				 <ele>13</ele>
			 </trkpt>
			 <trkpt lat="-33.80762" lon="150.998026">
				 <ele>13.1</ele>
			 </trkpt>
			 <trkpt lat="-33.807615" lon="150.998075">
				 <ele>13.3</ele>
			 </trkpt>
			 <trkpt lat="-33.807609" lon="150.998124">
				 <ele>13.5</ele>
			 </trkpt>
			 <trkpt lat="-33.807604" lon="150.998173">
				 <ele>13.5</ele>
			 </trkpt>
			 <trkpt lat="-33.807599" lon="150.998222">
				 <ele>13.7</ele>
			 </trkpt>
			 <trkpt lat="-33.807594" lon="150.998271">
				 <ele>13.9</ele>
			 </trkpt>
			 <trkpt lat="-33.807589" lon="150.99832">
				 <ele>14.1</ele>
			 </trkpt>
			 <trkpt lat="-33.807583" lon="150.998369">
				 <ele>14.3</ele>
			 </trkpt>
			 <trkpt lat="-33.80758" lon="150.998421">
				 <ele>14.5</ele>
			 </trkpt>
			 <trkpt lat="-33.807576" lon="150.998472">
				 <ele>14.7</ele>
			 </trkpt>
			 <trkpt lat="-33.807572" lon="150.998523">
				 <ele>14.9</ele>
			 </trkpt>
			 <trkpt lat="-33.807569" lon="150.998575">
				 <ele>15.1</ele>
			 </trkpt>
			 <trkpt lat="-33.807565" lon="150.998627">
				 <ele>15.4</ele>
			 </trkpt>
			 <trkpt lat="-33.807562" lon="150.998678">
				 <ele>15.6</ele>
			 </trkpt>
			 <trkpt lat="-33.807526" lon="150.998691">
				 <ele>15.9</ele>
			 </trkpt>
			 <trkpt lat="-33.807501" lon="150.998712">
				 <ele>16.2</ele>
			 </trkpt>
			 <trkpt lat="-33.807474" lon="150.998764">
				 <ele>16.5</ele>
			 </trkpt>
			 <trkpt lat="-33.807448" lon="150.998816">
				 <ele>16.7</ele>
			 </trkpt>
			 <trkpt lat="-33.807421" lon="150.998869">
				 <ele>17.1</ele>
			 </trkpt>
			 <trkpt lat="-33.807394" lon="150.998921">
				 <ele>17.4</ele>
			 </trkpt>
			 <trkpt lat="-33.807367" lon="150.998973">
				 <ele>17.6</ele>
			 </trkpt>
			 <trkpt lat="-33.807341" lon="150.999025">
				 <ele>17.8</ele>
			 </trkpt>
			 <trkpt lat="-33.807314" lon="150.999077">
				 <ele>18</ele>
			 </trkpt>
			 <trkpt lat="-33.807287" lon="150.999129">
				 <ele>18.1</ele>
			 </trkpt>
			 <trkpt lat="-33.80725" lon="150.999141">
				 <ele>18.1</ele>
			 </trkpt>
			 <trkpt lat="-33.807215" lon="150.999152">
				 <ele>18.1</ele>
			 </trkpt>
			 <trkpt lat="-33.80718" lon="150.999163">
				 <ele>18</ele>
			 </trkpt>
			 <trkpt lat="-33.807145" lon="150.999174">
				 <ele>17.9</ele>
			 </trkpt>
			 <trkpt lat="-33.807109" lon="150.999185">
				 <ele>17.8</ele>
			 </trkpt>
			 <trkpt lat="-33.807062" lon="150.99922">
				 <ele>17.6</ele>
			 </trkpt>
			 <trkpt lat="-33.80704" lon="150.999265">
				 <ele>17.5</ele>
			 </trkpt>
			 <trkpt lat="-33.807017" lon="150.99931">
				 <ele>17.3</ele>
			 </trkpt>
			 <trkpt lat="-33.806995" lon="150.999355">
				 <ele>17.2</ele>
			 </trkpt>
			 <trkpt lat="-33.806972" lon="150.9994">
				 <ele>17.1</ele>
			 </trkpt>
			 <trkpt lat="-33.806949" lon="150.999445">
				 <ele>17.1</ele>
			 </trkpt>
			 <trkpt lat="-33.806926" lon="150.999489">
				 <ele>17.2</ele>
			 </trkpt>
			 <trkpt lat="-33.806903" lon="150.999534">
				 <ele>17.3</ele>
			 </trkpt>
			 <trkpt lat="-33.806881" lon="150.999579">
				 <ele>17.4</ele>
			 </trkpt>
			 <trkpt lat="-33.806858" lon="150.999624">
				 <ele>17.5</ele>
			 </trkpt>
			 <trkpt lat="-33.806836" lon="150.999669">
				 <ele>17.7</ele>
			 </trkpt>
			 <trkpt lat="-33.806812" lon="150.999717">
				 <ele>18</ele>
			 </trkpt>
			 <trkpt lat="-33.806788" lon="150.999764">
				 <ele>18.3</ele>
			 </trkpt>
			 <trkpt lat="-33.806764" lon="150.999812">
				 <ele>18.5</ele>
			 </trkpt>
			 <trkpt lat="-33.806739" lon="150.99986">
				 <ele>18.8</ele>
			 </trkpt>
			 <trkpt lat="-33.806715" lon="150.999908">
				 <ele>19.1</ele>
			 </trkpt>
			 <trkpt lat="-33.806691" lon="150.999955">
				 <ele>19.3</ele>
			 </trkpt>
			 <trkpt lat="-33.806666" lon="151.000003">
				 <ele>19.5</ele>
			 </trkpt>
			 <trkpt lat="-33.806642" lon="151.000051">
				 <ele>19.8</ele>
			 </trkpt>
			 <trkpt lat="-33.806618" lon="151.000099">
				 <ele>20.1</ele>
			 </trkpt>
			 <trkpt lat="-33.806594" lon="151.000146">
				 <ele>20.3</ele>
			 </trkpt>
			 <trkpt lat="-33.806574" lon="151.000167">
				 <ele>20.5</ele>
			 </trkpt>
			 <trkpt lat="-33.806531" lon="151.000195">
				 <ele>20.5</ele>
			 </trkpt>
			 <trkpt lat="-33.806489" lon="151.000222">
				 <ele>20.5</ele>
			 </trkpt>
			 <trkpt lat="-33.806447" lon="151.00025">
				 <ele>20.5</ele>
			 </trkpt>
			 <trkpt lat="-33.806404" lon="151.000277">
				 <ele>20.5</ele>
			 </trkpt>
			 <trkpt lat="-33.806373" lon="151.000249">
				 <ele>20.5</ele>
			 </trkpt>
			 <trkpt lat="-33.806342" lon="151.00022">
				 <ele>20.4</ele>
			 </trkpt>
			 <trkpt lat="-33.806311" lon="151.000192">
				 <ele>20.2</ele>
			 </trkpt>
			 <trkpt lat="-33.806279" lon="151.000163">
				 <ele>19.9</ele>
			 </trkpt>
			 <trkpt lat="-33.806248" lon="151.000135">
				 <ele>19.5</ele>
			 </trkpt>
			 <trkpt lat="-33.806217" lon="151.000106">
				 <ele>19.1</ele>
			 </trkpt>
			 <trkpt lat="-33.806176" lon="151.000063">
				 <ele>18.5</ele>
			 </trkpt>
			 <trkpt lat="-33.806136" lon="151.00002">
				 <ele>18.1</ele>
			 </trkpt>
			 <trkpt lat="-33.806095" lon="150.999978">
				 <ele>17.5</ele>
			 </trkpt>
			 <trkpt lat="-33.806055" lon="150.999935">
				 <ele>17</ele>
			 </trkpt>
			 <trkpt lat="-33.806015" lon="150.999892">
				 <ele>16.4</ele>
			 </trkpt>
			 <trkpt lat="-33.805974" lon="150.999849">
				 <ele>15.7</ele>
			 </trkpt>
			 <trkpt lat="-33.805943" lon="150.999824">
				 <ele>15.2</ele>
			 </trkpt>
			 <trkpt lat="-33.805912" lon="150.999799">
				 <ele>14.5</ele>
			 </trkpt>
			 <trkpt lat="-33.805881" lon="150.999774">
				 <ele>14</ele>
			 </trkpt>
			 <trkpt lat="-33.805851" lon="150.999749">
				 <ele>13.5</ele>
			 </trkpt>
			 <trkpt lat="-33.805846" lon="150.999688">
				 <ele>13.1</ele>
			 </trkpt>
			 <trkpt lat="-33.80584" lon="150.999628">
				 <ele>12.7</ele>
			 </trkpt>
			 <trkpt lat="-33.805829" lon="150.999567">
				 <ele>12.5</ele>
			 </trkpt>
			 <trkpt lat="-33.805817" lon="150.999506">
				 <ele>12.3</ele>
			 </trkpt>
			 <trkpt lat="-33.805805" lon="150.999445">
				 <ele>12.2</ele>
			 </trkpt>
			 <trkpt lat="-33.805794" lon="150.999385">
				 <ele>12.2</ele>
			 </trkpt>
			 <trkpt lat="-33.805782" lon="150.999324">
				 <ele>12.3</ele>
			 </trkpt>
			 <trkpt lat="-33.805771" lon="150.999263">
				 <ele>12.5</ele>
			 </trkpt>
			 <trkpt lat="-33.80576" lon="150.999203">
				 <ele>12.7</ele>
			 </trkpt>
			 <trkpt lat="-33.805748" lon="150.999142">
				 <ele>13.1</ele>
			 </trkpt>
			 <trkpt lat="-33.805737" lon="150.999081">
				 <ele>13.5</ele>
			 </trkpt>
			 <trkpt lat="-33.805725" lon="150.99902">
				 <ele>14.1</ele>
			 </trkpt>
			 <trkpt lat="-33.805737" lon="150.998979">
				 <ele>14.7</ele>
			 </trkpt>
			 <trkpt lat="-33.805749" lon="150.998938">
				 <ele>15.3</ele>
			 </trkpt>
			 <trkpt lat="-33.805769" lon="150.998897">
				 <ele>15.9</ele>
			 </trkpt>
			 <trkpt lat="-33.805789" lon="150.998855">
				 <ele>16.5</ele>
			 </trkpt>
			 <trkpt lat="-33.805814" lon="150.998806">
				 <ele>17</ele>
			 </trkpt>
			 <trkpt lat="-33.805839" lon="150.998756">
				 <ele>17.5</ele>
			 </trkpt>
			 <trkpt lat="-33.805864" lon="150.998706">
				 <ele>17.8</ele>
			 </trkpt>
			 <trkpt lat="-33.805888" lon="150.998656">
				 <ele>18.2</ele>
			 </trkpt>
			 <trkpt lat="-33.805908" lon="150.998601">
				 <ele>18.5</ele>
			 </trkpt>
			 <trkpt lat="-33.805927" lon="150.998546">
				 <ele>18.6</ele>
			 </trkpt>
			 <trkpt lat="-33.805936" lon="150.998499">
				 <ele>18.8</ele>
			 </trkpt>
			 <trkpt lat="-33.805936" lon="150.998458">
				 <ele>18.9</ele>
			 </trkpt>
			 <trkpt lat="-33.805915" lon="150.998397">
				 <ele>18.9</ele>
			 </trkpt>
			 <trkpt lat="-33.805894" lon="150.998335">
				 <ele>18.8</ele>
			 </trkpt>
			 <trkpt lat="-33.805933" lon="150.998304">
				 <ele>18.7</ele>
			 </trkpt>
			 <trkpt lat="-33.805972" lon="150.998273">
				 <ele>18.6</ele>
			 </trkpt>
			 <trkpt lat="-33.806001" lon="150.998245">
				 <ele>18.5</ele>
			 </trkpt>
			 <trkpt lat="-33.80603" lon="150.998216">
				 <ele>18.5</ele>
			 </trkpt>
			 <trkpt lat="-33.806065" lon="150.998173">
				 <ele>18.4</ele>
			 </trkpt>
			 <trkpt lat="-33.806099" lon="150.99813">
				 <ele>18.3</ele>
			 </trkpt>
			 <trkpt lat="-33.806129" lon="150.998088">
				 <ele>18.2</ele>
			 </trkpt>
			 <trkpt lat="-33.80616" lon="150.998046">
				 <ele>18.1</ele>
			 </trkpt>
			 <trkpt lat="-33.806191" lon="150.998004">
				 <ele>18</ele>
			 </trkpt>
			 <trkpt lat="-33.806221" lon="150.997962">
				 <ele>18.1</ele>
			 </trkpt>
			 <trkpt lat="-33.806252" lon="150.99792">
				 <ele>18.2</ele>
			 </trkpt>
			 <trkpt lat="-33.806282" lon="150.997878">
				 <ele>18.3</ele>
			 </trkpt>
			 <trkpt lat="-33.806313" lon="150.997836">
				 <ele>18.5</ele>
			 </trkpt>
			 <trkpt lat="-33.806343" lon="150.997794">
				 <ele>18.6</ele>
			 </trkpt>
			 <trkpt lat="-33.806371" lon="150.997754">
				 <ele>18.8</ele>
			 </trkpt>
			 <trkpt lat="-33.806398" lon="150.997714">
				 <ele>19</ele>
			 </trkpt>
			 <trkpt lat="-33.806426" lon="150.997674">
				 <ele>19.1</ele>
			 </trkpt>
			 <trkpt lat="-33.806453" lon="150.997633">
				 <ele>19.2</ele>
			 </trkpt>
			 <trkpt lat="-33.806481" lon="150.997593">
				 <ele>19.3</ele>
			 </trkpt>
			 <trkpt lat="-33.806509" lon="150.997553">
				 <ele>19.4</ele>
			 </trkpt>
			 <trkpt lat="-33.806537" lon="150.997513">
				 <ele>19.3</ele>
			 </trkpt>
			 <trkpt lat="-33.806564" lon="150.997472">
				 <ele>19.2</ele>
			 </trkpt>
			 <trkpt lat="-33.806591" lon="150.997432">
				 <ele>19.1</ele>
			 </trkpt>
			 <trkpt lat="-33.806619" lon="150.997392">
				 <ele>18.9</ele>
			 </trkpt>
			 <trkpt lat="-33.806652" lon="150.997349">
				 <ele>18.6</ele>
			 </trkpt>
			 <trkpt lat="-33.806685" lon="150.997307">
				 <ele>18.4</ele>
			 </trkpt>
			 <trkpt lat="-33.806719" lon="150.997264">
				 <ele>18.1</ele>
			 </trkpt>
			 <trkpt lat="-33.806752" lon="150.997221">
				 <ele>17.9</ele>
			 </trkpt>
			 <trkpt lat="-33.806785" lon="150.997179">
				 <ele>17.7</ele>
			 </trkpt>
			 <trkpt lat="-33.806818" lon="150.997136">
				 <ele>17.5</ele>
			 </trkpt>
			 <trkpt lat="-33.806856" lon="150.997096">
				 <ele>17.5</ele>
			 </trkpt>
			 <trkpt lat="-33.806894" lon="150.997056">
				 <ele>17.5</ele>
			 </trkpt>
			 <trkpt lat="-33.806933" lon="150.997016">
				 <ele>17.5</ele>
			 </trkpt>
			 <trkpt lat="-33.806971" lon="150.996977">
				 <ele>17.5</ele>
			 </trkpt>
			 <trkpt lat="-33.807009" lon="150.996937">
				 <ele>17.5</ele>
			 </trkpt>
			 <trkpt lat="-33.807047" lon="150.996897">
				 <ele>17.6</ele>
			 </trkpt>
			 <trkpt lat="-33.807088" lon="150.996857">
				 <ele>17.8</ele>
			 </trkpt>
			 <trkpt lat="-33.80713" lon="150.996817">
				 <ele>18</ele>
			 </trkpt>
			 <trkpt lat="-33.807171" lon="150.996777">
				 <ele>18.2</ele>
			 </trkpt>
			 <trkpt lat="-33.807212" lon="150.996737">
				 <ele>18.4</ele>
			 </trkpt>
			 <trkpt lat="-33.807254" lon="150.996697">
				 <ele>18.5</ele>
			 </trkpt>
			 <trkpt lat="-33.807295" lon="150.996657">
				 <ele>18.6</ele>
			 </trkpt>
			 <trkpt lat="-33.807338" lon="150.996619">
				 <ele>18.6</ele>
			 </trkpt>
			 <trkpt lat="-33.807381" lon="150.996581">
				 <ele>18.6</ele>
			 </trkpt>
			 <trkpt lat="-33.807424" lon="150.996544">
				 <ele>18.6</ele>
			 </trkpt>
			 <trkpt lat="-33.807467" lon="150.996506">
				 <ele>18.6</ele>
			 </trkpt>
			 <trkpt lat="-33.80751" lon="150.996468">
				 <ele>18.5</ele>
			 </trkpt>
			 <trkpt lat="-33.807552" lon="150.996431">
				 <ele>18.5</ele>
			 </trkpt>
			 <trkpt lat="-33.807595" lon="150.996393">
				 <ele>18.4</ele>
			 </trkpt>
			 <trkpt lat="-33.807638" lon="150.996355">
				 <ele>18.3</ele>
			 </trkpt>
			 <trkpt lat="-33.80768" lon="150.996328">
				 <ele>18.2</ele>
			 </trkpt>
			 <trkpt lat="-33.807722" lon="150.996301">
				 <ele>18.1</ele>
			 </trkpt>
			 <trkpt lat="-33.807764" lon="150.996274">
				 <ele>18</ele>
			 </trkpt>
			 <trkpt lat="-33.807805" lon="150.996246">
				 <ele>18</ele>
			 </trkpt>
			 <trkpt lat="-33.807847" lon="150.996219">
				 <ele>18.1</ele>
			 </trkpt>
			 <trkpt lat="-33.807889" lon="150.996192">
				 <ele>18.1</ele>
			 </trkpt>
			 <trkpt lat="-33.807931" lon="150.996165">
				 <ele>18.1</ele>
			 </trkpt>
			 <trkpt lat="-33.807973" lon="150.996137">
				 <ele>18.1</ele>
			 </trkpt>
			 <trkpt lat="-33.808015" lon="150.99611">
				 <ele>18</ele>
			 </trkpt>
			 <trkpt lat="-33.808057" lon="150.996083">
				 <ele>17.9</ele>
			 </trkpt>
			 <trkpt lat="-33.808099" lon="150.996056">
				 <ele>17.8</ele>
			 </trkpt>
			 <trkpt lat="-33.80814" lon="150.996028">
				 <ele>17.7</ele>
			 </trkpt>
			 <trkpt lat="-33.808182" lon="150.996001">
				 <ele>17.5</ele>
			 </trkpt>
			 <trkpt lat="-33.808224" lon="150.995974">
				 <ele>17.4</ele>
			 </trkpt>
			 <trkpt lat="-33.808264" lon="150.995951">
				 <ele>17.2</ele>
			 </trkpt>
			 <trkpt lat="-33.808303" lon="150.995929">
				 <ele>16.8</ele>
			 </trkpt>
			 <trkpt lat="-33.808342" lon="150.995906">
				 <ele>16.5</ele>
			 </trkpt>
			 <trkpt lat="-33.808381" lon="150.995883">
				 <ele>16.3</ele>
			 </trkpt>
			 <trkpt lat="-33.80842" lon="150.99586">
				 <ele>16</ele>
			 </trkpt>
			 <trkpt lat="-33.808459" lon="150.995838">
				 <ele>15.8</ele>
			 </trkpt>
			 <trkpt lat="-33.808498" lon="150.995815">
				 <ele>15.6</ele>
			 </trkpt>
			 <trkpt lat="-33.808538" lon="150.995793">
				 <ele>15.5</ele>
			 </trkpt>
			 <trkpt lat="-33.808576" lon="150.995771">
				 <ele>15.3</ele>
			 </trkpt>
			 <trkpt lat="-33.808614" lon="150.99575">
				 <ele>15.2</ele>
			 </trkpt>
			 <trkpt lat="-33.808651" lon="150.995728">
				 <ele>15.1</ele>
			 </trkpt>
			 <trkpt lat="-33.808689" lon="150.995706">
				 <ele>15</ele>
			 </trkpt>
			 <trkpt lat="-33.808726" lon="150.995685">
				 <ele>15.1</ele>
			 </trkpt>
			 <trkpt lat="-33.808764" lon="150.995663">
				 <ele>15.2</ele>
			 </trkpt>
			 <trkpt lat="-33.808802" lon="150.995642">
				 <ele>15.3</ele>
			 </trkpt>
			 <trkpt lat="-33.80884" lon="150.99562">
				 <ele>15.5</ele>
			 </trkpt>
			 <trkpt lat="-33.808875" lon="150.995609">
				 <ele>15.6</ele>
			 </trkpt>
			 <trkpt lat="-33.808911" lon="150.995597">
				 <ele>15.9</ele>
			 </trkpt>
			 <trkpt lat="-33.808946" lon="150.995586">
				 <ele>16.2</ele>
			 </trkpt>
			 <trkpt lat="-33.808981" lon="150.995574">
				 <ele>16.5</ele>
			 </trkpt>
			 <trkpt lat="-33.809016" lon="150.995563">
				 <ele>16.9</ele>
			 </trkpt>
			 <trkpt lat="-33.809052" lon="150.995551">
				 <ele>17.3</ele>
			 </trkpt>
			 <trkpt lat="-33.8091" lon="150.995542">
				 <ele>17.6</ele>
			 </trkpt>
			 <trkpt lat="-33.809148" lon="150.995532">
				 <ele>17.9</ele>
			 </trkpt>
			 <trkpt lat="-33.809196" lon="150.995522">
				 <ele>18.2</ele>
			 </trkpt>
			 <trkpt lat="-33.809244" lon="150.995512">
				 <ele>18.5</ele>
			 </trkpt>
			 <trkpt lat="-33.809286" lon="150.995515">
				 <ele>18.6</ele>
			 </trkpt>
			 <trkpt lat="-33.809327" lon="150.995517">
				 <ele>18.7</ele>
			 </trkpt>
			 <trkpt lat="-33.809369" lon="150.99552">
				 <ele>18.7</ele>
			 </trkpt>
			 <trkpt lat="-33.80941" lon="150.995522">
				 <ele>18.7</ele>
			 </trkpt>
			 <trkpt lat="-33.809449" lon="150.995534">
				 <ele>18.6</ele>
			 </trkpt>
			 <trkpt lat="-33.809488" lon="150.995546">
				 <ele>18.5</ele>
			 </trkpt>
			 <trkpt lat="-33.809527" lon="150.995558">
				 <ele>18.4</ele>
			 </trkpt>
			 <trkpt lat="-33.809566" lon="150.99557">
				 <ele>18.2</ele>
			 </trkpt>
			 <trkpt lat="-33.809609" lon="150.995591">
				 <ele>18</ele>
			 </trkpt>
			 <trkpt lat="-33.809652" lon="150.995612">
				 <ele>17.8</ele>
			 </trkpt>
			 <trkpt lat="-33.809699" lon="150.99564">
				 <ele>17.6</ele>
			 </trkpt>
			 <trkpt lat="-33.809746" lon="150.995668">
				 <ele>17.5</ele>
			 </trkpt>
			 <trkpt lat="-33.809793" lon="150.995696">
				 <ele>17.4</ele>
			 </trkpt>
			 <trkpt lat="-33.80984" lon="150.995724">
				 <ele>17.3</ele>
			 </trkpt>
			 <trkpt lat="-33.809888" lon="150.995752">
				 <ele>17.2</ele>
			 </trkpt>
			 <trkpt lat="-33.809935" lon="150.99578">
				 <ele>17.1</ele>
			 </trkpt>
			 <trkpt lat="-33.809982" lon="150.995808">
				 <ele>17</ele>
			 </trkpt>
			 <trkpt lat="-33.810029" lon="150.995836">
				 <ele>17</ele>
			 </trkpt>
			 <trkpt lat="-33.810076" lon="150.995864">
				 <ele>17</ele>
			 </trkpt>
			 <trkpt lat="-33.810123" lon="150.995892">
				 <ele>17</ele>
			 </trkpt>
			 <trkpt lat="-33.81017" lon="150.99592">
				 <ele>17</ele>
			 </trkpt>
			 <trkpt lat="-33.810217" lon="150.995947">
				 <ele>17.1</ele>
			 </trkpt>
			 <trkpt lat="-33.810264" lon="150.995975">
				 <ele>17</ele>
			 </trkpt>
			 <trkpt lat="-33.810311" lon="150.996003">
				 <ele>16.8</ele>
			 </trkpt>
			 <trkpt lat="-33.810359" lon="150.996031">
				 <ele>16.6</ele>
			 </trkpt>
			 <trkpt lat="-33.810406" lon="150.996059">
				 <ele>16.4</ele>
			 </trkpt>
			 <trkpt lat="-33.810453" lon="150.996087">
				 <ele>16.1</ele>
			 </trkpt>
			 <trkpt lat="-33.8105" lon="150.996115">
				 <ele>15.7</ele>
			 </trkpt>
			 <trkpt lat="-33.810547" lon="150.996143">
				 <ele>15.4</ele>
			 </trkpt>
			 <trkpt lat="-33.810594" lon="150.996171">
				 <ele>15</ele>
			 </trkpt>
			 <trkpt lat="-33.810635" lon="150.996199">
				 <ele>14.5</ele>
			 </trkpt>
			 <trkpt lat="-33.810676" lon="150.996228">
				 <ele>14.1</ele>
			 </trkpt>
			 <trkpt lat="-33.810706" lon="150.996255">
				 <ele>13.5</ele>
			 </trkpt>
			 <trkpt lat="-33.810736" lon="150.996281">
				 <ele>13.2</ele>
			 </trkpt>
			 <trkpt lat="-33.810762" lon="150.99631">
				 <ele>12.9</ele>
			 </trkpt>
			 <trkpt lat="-33.810789" lon="150.996339">
				 <ele>12.6</ele>
			 </trkpt>
			 <trkpt lat="-33.810812" lon="150.99637">
				 <ele>12.5</ele>
			 </trkpt>
			 <trkpt lat="-33.810834" lon="150.9964">
				 <ele>12.3</ele>
			 </trkpt>
			 <trkpt lat="-33.810856" lon="150.99643">
				 <ele>12.3</ele>
			 </trkpt>
			 <trkpt lat="-33.810878" lon="150.99646">
				 <ele>12.4</ele>
			 </trkpt>
			 <trkpt lat="-33.810911" lon="150.996508">
				 <ele>12.5</ele>
			 </trkpt>
			 <trkpt lat="-33.810943" lon="150.996556">
				 <ele>12.9</ele>
			 </trkpt>
			 <trkpt lat="-33.810975" lon="150.996604">
				 <ele>13.4</ele>
			 </trkpt>
			 <trkpt lat="-33.811008" lon="150.996652">
				 <ele>13.8</ele>
			 </trkpt>
			 <trkpt lat="-33.81104" lon="150.9967">
				 <ele>14.4</ele>
			 </trkpt>
			 <trkpt lat="-33.811072" lon="150.996747">
				 <ele>14.9</ele>
			 </trkpt>
			 <trkpt lat="-33.811104" lon="150.996795">
				 <ele>15.4</ele>
			 </trkpt>
			 <trkpt lat="-33.811137" lon="150.996843">
				 <ele>15.8</ele>
			 </trkpt>
			 <trkpt lat="-33.811166" lon="150.996908">
				 <ele>16.3</ele>
			 </trkpt>
			 <trkpt lat="-33.811195" lon="150.996972">
				 <ele>16.5</ele>
			 </trkpt>
			 <trkpt lat="-33.811218" lon="150.997055">
				 <ele>16.6</ele>
			 </trkpt>
			 <trkpt lat="-33.811223" lon="150.997102">
				 <ele>16.5</ele>
			 </trkpt>
			 <trkpt lat="-33.811228" lon="150.99715">
				 <ele>16.1</ele>
			 </trkpt>
			 <trkpt lat="-33.811233" lon="150.997198">
				 <ele>15.5</ele>
			 </trkpt>
			 <trkpt lat="-33.811238" lon="150.997245">
				 <ele>14.7</ele>
			 </trkpt>
			 <trkpt lat="-33.811185" lon="150.997266">
				 <ele>13.8</ele>
			 </trkpt>
			 <trkpt lat="-33.811131" lon="150.997287">
				 <ele>12.8</ele>
			 </trkpt>
			 <trkpt lat="-33.811082" lon="150.997312">
				 <ele>11.8</ele>
			 </trkpt>
			 <trkpt lat="-33.811033" lon="150.997336">
				 <ele>10.8</ele>
			 </trkpt>
			 <trkpt lat="-33.810984" lon="150.997361">
				 <ele>9.7</ele>
			 </trkpt>
			 <trkpt lat="-33.810934" lon="150.997385">
				 <ele>8.7</ele>
			 </trkpt>
			 <trkpt lat="-33.810885" lon="150.99741">
				 <ele>7.8</ele>
			 </trkpt>
			 <trkpt lat="-33.810836" lon="150.997435">
				 <ele>7.2</ele>
			 </trkpt>
			 <trkpt lat="-33.810787" lon="150.997459">
				 <ele>6.6</ele>
			 </trkpt>
			 <trkpt lat="-33.810737" lon="150.997484">
				 <ele>6.3</ele>
			 </trkpt>
			 <trkpt lat="-33.810688" lon="150.997508">
				 <ele>6</ele>
			 </trkpt>
			 <trkpt lat="-33.810639" lon="150.997533">
				 <ele>5.8</ele>
			 </trkpt>
			 <trkpt lat="-33.810598" lon="150.997553">
				 <ele>5.8</ele>
			 </trkpt>
			 <trkpt lat="-33.810557" lon="150.997573">
				 <ele>5.9</ele>
			 </trkpt>
			 <trkpt lat="-33.810549" lon="150.997623">
				 <ele>6.1</ele>
			 </trkpt>
			 <trkpt lat="-33.81054" lon="150.997673">
				 <ele>6.5</ele>
			 </trkpt>
			 <trkpt lat="-33.810532" lon="150.997724">
				 <ele>6.9</ele>
			 </trkpt>
			 <trkpt lat="-33.810523" lon="150.997774">
				 <ele>7.4</ele>
			 </trkpt>
			 <trkpt lat="-33.810508" lon="150.997832">
				 <ele>7.8</ele>
			 </trkpt>
			 <trkpt lat="-33.810492" lon="150.99789">
				 <ele>8.4</ele>
			 </trkpt>
			 <trkpt lat="-33.810477" lon="150.997948">
				 <ele>8.9</ele>
			 </trkpt>
			 <trkpt lat="-33.810461" lon="150.998005">
				 <ele>9.5</ele>
			 </trkpt>
			 <trkpt lat="-33.810445" lon="150.998063">
				 <ele>10.2</ele>
			 </trkpt>
			 <trkpt lat="-33.810429" lon="150.998121">
				 <ele>10.7</ele>
			 </trkpt>
			 <trkpt lat="-33.810413" lon="150.998178">
				 <ele>11.3</ele>
			 </trkpt>
			 <trkpt lat="-33.810398" lon="150.998236">
				 <ele>11.7</ele>
			 </trkpt>
			 <trkpt lat="-33.810383" lon="150.998294">
				 <ele>12.1</ele>
			 </trkpt>
			 <trkpt lat="-33.810367" lon="150.998352">
				 <ele>12.4</ele>
			 </trkpt>
			 <trkpt lat="-33.810359" lon="150.998414">
				 <ele>12.6</ele>
			 </trkpt>
			 <trkpt lat="-33.810357" lon="150.998463">
				 <ele>12.8</ele>
			 </trkpt>
			 <trkpt lat="-33.810356" lon="150.998512">
				 <ele>12.9</ele>
			 </trkpt>
			 <trkpt lat="-33.810361" lon="150.998552">
				 <ele>13</ele>
			 </trkpt>
			 <trkpt lat="-33.810366" lon="150.998592">
				 <ele>13</ele>
			 </trkpt>
			 <trkpt lat="-33.810371" lon="150.998631">
				 <ele>13</ele>
			 </trkpt>
			 <trkpt lat="-33.810375" lon="150.998671">
				 <ele>13</ele>
			 </trkpt>
			 <trkpt lat="-33.810382" lon="150.99872">
				 <ele>13</ele>
			 </trkpt>
			 <trkpt lat="-33.810389" lon="150.99877">
				 <ele>13</ele>
			 </trkpt>
			 <trkpt lat="-33.810396" lon="150.99882">
				 <ele>13</ele>
			 </trkpt>
			 <trkpt lat="-33.810403" lon="150.998869">
				 <ele>13</ele>
			 </trkpt>
			 <trkpt lat="-33.81041" lon="150.998919">
				 <ele>13</ele>
			 </trkpt>
			 <trkpt lat="-33.810417" lon="150.998968">
				 <ele>12.9</ele>
			 </trkpt>
			 <trkpt lat="-33.810428" lon="150.999022">
				 <ele>12.8</ele>
			 </trkpt>
			 <trkpt lat="-33.810439" lon="150.999075">
				 <ele>12.7</ele>
			 </trkpt>
			 <trkpt lat="-33.81045" lon="150.999128">
				 <ele>12.5</ele>
			 </trkpt>
			 <trkpt lat="-33.810461" lon="150.999182">
				 <ele>12.4</ele>
			 </trkpt>
			 <trkpt lat="-33.810477" lon="150.999245">
				 <ele>12.1</ele>
			 </trkpt>
			 <trkpt lat="-33.810494" lon="150.999308">
				 <ele>11.7</ele>
			 </trkpt>
			 <trkpt lat="-33.810526" lon="150.999342">
				 <ele>11.4</ele>
			 </trkpt>
			 <trkpt lat="-33.810569" lon="150.999367">
				 <ele>10.9</ele>
			 </trkpt>
			 <trkpt lat="-33.810617" lon="150.999385">
				 <ele>10.5</ele>
			 </trkpt>
			 <trkpt lat="-33.810666" lon="150.999403">
				 <ele>9.9</ele>
			 </trkpt>
			 <trkpt lat="-33.810692" lon="150.999438">
				 <ele>9.5</ele>
			 </trkpt>
			 <trkpt lat="-33.810718" lon="150.999472">
				 <ele>9</ele>
			 </trkpt>
			 <trkpt lat="-33.810738" lon="150.999516">
				 <ele>8.5</ele>
			 </trkpt>
			 <trkpt lat="-33.810754" lon="150.999571">
				 <ele>8.2</ele>
			 </trkpt>
			 <trkpt lat="-33.810755" lon="150.999632">
				 <ele>7.8</ele>
			 </trkpt>
			 <trkpt lat="-33.810757" lon="150.999693">
				 <ele>7.5</ele>
			 </trkpt>
			 <trkpt lat="-33.810759" lon="150.999754">
				 <ele>7.4</ele>
			 </trkpt>
			 <trkpt lat="-33.81076" lon="150.999815">
				 <ele>7.2</ele>
			 </trkpt>
			 <trkpt lat="-33.810762" lon="150.999876">
				 <ele>7.2</ele>
			 </trkpt>
			 <trkpt lat="-33.810764" lon="150.999937">
				 <ele>7.2</ele>
			 </trkpt>
			 <trkpt lat="-33.810766" lon="150.999998">
				 <ele>7.4</ele>
			 </trkpt>
			 <trkpt lat="-33.810767" lon="151.000059">
				 <ele>7.5</ele>
			 </trkpt>
			 <trkpt lat="-33.810768" lon="151.00012">
				 <ele>7.7</ele>
			 </trkpt>
			 <trkpt lat="-33.81077" lon="151.000181">
				 <ele>7.9</ele>
			 </trkpt>
			 <trkpt lat="-33.810772" lon="151.000244">
				 <ele>8.1</ele>
			 </trkpt>
			 <trkpt lat="-33.810773" lon="151.000306">
				 <ele>8.3</ele>
			 </trkpt>
			 <trkpt lat="-33.810783" lon="151.000363">
				 <ele>8.5</ele>
			 </trkpt>
			 <trkpt lat="-33.810793" lon="151.00042">
				 <ele>8.6</ele>
			 </trkpt>
			 <trkpt lat="-33.810806" lon="151.000467">
				 <ele>8.8</ele>
			 </trkpt>
			 <trkpt lat="-33.81084" lon="151.000522">
				 <ele>8.9</ele>
			 </trkpt>
			 <trkpt lat="-33.810885" lon="151.000574">
				 <ele>9.1</ele>
			 </trkpt>
			 <trkpt lat="-33.810908" lon="151.00062">
				 <ele>9.2</ele>
			 </trkpt>
			 <trkpt lat="-33.810916" lon="151.000678">
				 <ele>9.3</ele>
			 </trkpt>
			 <trkpt lat="-33.810924" lon="151.000716">
				 <ele>9.4</ele>
			 </trkpt>
			 <trkpt lat="-33.810923" lon="151.000775">
				 <ele>9.5</ele>
			 </trkpt>
			 <trkpt lat="-33.810921" lon="151.000834">
				 <ele>9.5</ele>
			 </trkpt>
			 <trkpt lat="-33.81092" lon="151.000893">
				 <ele>9.6</ele>
			 </trkpt>
			 <trkpt lat="-33.810919" lon="151.000952">
				 <ele>9.7</ele>
			 </trkpt>
			 <trkpt lat="-33.810907" lon="151.001025">
				 <ele>9.8</ele>
			 </trkpt>
			 <trkpt lat="-33.810888" lon="151.001082">
				 <ele>9.9</ele>
			 </trkpt>
			 <trkpt lat="-33.810869" lon="151.001138">
				 <ele>9.9</ele>
			 </trkpt>
			 <trkpt lat="-33.810829" lon="151.001186">
				 <ele>9.8</ele>
			 </trkpt>
			 <trkpt lat="-33.810788" lon="151.001233">
				 <ele>9.7</ele>
			 </trkpt>
			 <trkpt lat="-33.810739" lon="151.001268">
				 <ele>9.5</ele>
			 </trkpt>
			 <trkpt lat="-33.810691" lon="151.001303">
				 <ele>9.4</ele>
			 </trkpt>
			 <trkpt lat="-33.810658" lon="151.001353">
				 <ele>9.1</ele>
			 </trkpt>
			 <trkpt lat="-33.810625" lon="151.001404">
				 <ele>8.8</ele>
			 </trkpt>
			 <trkpt lat="-33.810609" lon="151.001455">
				 <ele>8.5</ele>
			 </trkpt>
			 <trkpt lat="-33.810612" lon="151.001499">
				 <ele>8.1</ele>
			 </trkpt>
			 <trkpt lat="-33.810614" lon="151.001543">
				 <ele>7.7</ele>
			 </trkpt>
			 <trkpt lat="-33.810616" lon="151.001587">
				 <ele>7.3</ele>
			 </trkpt>
			 <trkpt lat="-33.810618" lon="151.001631">
				 <ele>6.9</ele>
			 </trkpt>
			 <trkpt lat="-33.81061" lon="151.001693">
				 <ele>6.6</ele>
			 </trkpt>
			 <trkpt lat="-33.810603" lon="151.001755">
				 <ele>6.4</ele>
			 </trkpt>
			 <trkpt lat="-33.810596" lon="151.001817">
				 <ele>6.2</ele>
			 </trkpt>
			 <trkpt lat="-33.810588" lon="151.001878">
				 <ele>6</ele>
			 </trkpt>
			 <trkpt lat="-33.810581" lon="151.00194">
				 <ele>5.9</ele>
			 </trkpt>
			 <trkpt lat="-33.810573" lon="151.002002">
				 <ele>5.8</ele>
			 </trkpt>
			 <trkpt lat="-33.810566" lon="151.002064">
				 <ele>5.9</ele>
			 </trkpt>
			 <trkpt lat="-33.810559" lon="151.002126">
				 <ele>6</ele>
			 </trkpt>
			 <trkpt lat="-33.810552" lon="151.002188">
				 <ele>6.1</ele>
			 </trkpt>
			 <trkpt lat="-33.810544" lon="151.00225">
				 <ele>6.3</ele>
			 </trkpt>
			 <trkpt lat="-33.810536" lon="151.002312">
				 <ele>6.5</ele>
			 </trkpt>
			 <trkpt lat="-33.810529" lon="151.002373">
				 <ele>6.5</ele>
			 </trkpt>
			 <trkpt lat="-33.810522" lon="151.002435">
				 <ele>6.6</ele>
			 </trkpt>
			 <trkpt lat="-33.810514" lon="151.002497">
				 <ele>6.7</ele>
			 </trkpt>
			 <trkpt lat="-33.810494" lon="151.002528">
				 <ele>6.9</ele>
			 </trkpt>
			 <trkpt lat="-33.810475" lon="151.00256">
				 <ele>7.1</ele>
			 </trkpt>
			 <trkpt lat="-33.810438" lon="151.002582">
				 <ele>7.4</ele>
			 </trkpt>
			 <trkpt lat="-33.810401" lon="151.002605">
				 <ele>7.5</ele>
			 </trkpt>
			 <trkpt lat="-33.810364" lon="151.002627">
				 <ele>7.8</ele>
			 </trkpt>
			 <trkpt lat="-33.810326" lon="151.002649">
				 <ele>8.1</ele>
			 </trkpt>
			 <trkpt lat="-33.810289" lon="151.002671">
				 <ele>8.5</ele>
			 </trkpt>
			 <trkpt lat="-33.810252" lon="151.002694">
				 <ele>8.8</ele>
			 </trkpt>
			 <trkpt lat="-33.810215" lon="151.002716">
				 <ele>9.2</ele>
			 </trkpt>
			 <trkpt lat="-33.810177" lon="151.002739">
				 <ele>9.5</ele>
			 </trkpt>
			 <trkpt lat="-33.810144" lon="151.002779">
				 <ele>9.9</ele>
			 </trkpt>
			 <trkpt lat="-33.810124" lon="151.002821">
				 <ele>10.1</ele>
			 </trkpt>
			 <trkpt lat="-33.810111" lon="151.002869">
				 <ele>10.3</ele>
			 </trkpt>
			 <trkpt lat="-33.810119" lon="151.002917">
				 <ele>10.4</ele>
			 </trkpt>
			 <trkpt lat="-33.810126" lon="151.002965">
				 <ele>10.4</ele>
			 </trkpt>
			 <trkpt lat="-33.810154" lon="151.003007">
				 <ele>10.3</ele>
			 </trkpt>
			 <trkpt lat="-33.810179" lon="151.003031">
				 <ele>10.2</ele>
			 </trkpt>
			 <trkpt lat="-33.810211" lon="151.003036">
				 <ele>10</ele>
			 </trkpt>
			 <trkpt lat="-33.810243" lon="151.003041">
				 <ele>9.8</ele>
			 </trkpt>
			 <trkpt lat="-33.810281" lon="151.003062">
				 <ele>9.7</ele>
			 </trkpt>
			 <trkpt lat="-33.810319" lon="151.003082">
				 <ele>9.6</ele>
			 </trkpt>
			 <trkpt lat="-33.810353" lon="151.003133">
				 <ele>9.6</ele>
			 </trkpt>
			 <trkpt lat="-33.810387" lon="151.003184">
				 <ele>9.8</ele>
			 </trkpt>
			 <trkpt lat="-33.810399" lon="151.003238">
				 <ele>10.1</ele>
			 </trkpt>
			 <trkpt lat="-33.810411" lon="151.003291">
				 <ele>10.4</ele>
			 </trkpt>
			 <trkpt lat="-33.810404" lon="151.003346">
				 <ele>10.7</ele>
			 </trkpt>
			 <trkpt lat="-33.810386" lon="151.003392">
				 <ele>11.2</ele>
			 </trkpt>
			 <trkpt lat="-33.810368" lon="151.003439">
				 <ele>11.6</ele>
			 </trkpt>
			 <trkpt lat="-33.810359" lon="151.003493">
				 <ele>12.2</ele>
			 </trkpt>
			 <trkpt lat="-33.810363" lon="151.003532">
				 <ele>12.7</ele>
			 </trkpt>
			 <trkpt lat="-33.810367" lon="151.003571">
				 <ele>13.2</ele>
			 </trkpt>
			 <trkpt lat="-33.810382" lon="151.003632">
				 <ele>13.6</ele>
			 </trkpt>
			 <trkpt lat="-33.810389" lon="151.00368">
				 <ele>14</ele>
			 </trkpt>
			 <trkpt lat="-33.810395" lon="151.003728">
				 <ele>14.3</ele>
			 </trkpt>
			 <trkpt lat="-33.810401" lon="151.003776">
				 <ele>14.5</ele>
			 </trkpt>
			 <trkpt lat="-33.810408" lon="151.003824">
				 <ele>14.6</ele>
			 </trkpt>
			 <trkpt lat="-33.810415" lon="151.003872">
				 <ele>14.8</ele>
			 </trkpt>
			 <trkpt lat="-33.810421" lon="151.00392">
				 <ele>14.9</ele>
			 </trkpt>
			 <trkpt lat="-33.810429" lon="151.003971">
				 <ele>15</ele>
			 </trkpt>
			 <trkpt lat="-33.810438" lon="151.004023">
				 <ele>15</ele>
			 </trkpt>
			 <trkpt lat="-33.810446" lon="151.004075">
				 <ele>15</ele>
			 </trkpt>
			 <trkpt lat="-33.810455" lon="151.004126">
				 <ele>15</ele>
			 </trkpt>
			 <trkpt lat="-33.810463" lon="151.004178">
				 <ele>15</ele>
			 </trkpt>
			 <trkpt lat="-33.810472" lon="151.00423">
				 <ele>15</ele>
			 </trkpt>
			 <trkpt lat="-33.81048" lon="151.004281">
				 <ele>14.9</ele>
			 </trkpt>
			 <trkpt lat="-33.810489" lon="151.004333">
				 <ele>14.8</ele>
			 </trkpt>
			 <trkpt lat="-33.810493" lon="151.004372">
				 <ele>14.7</ele>
			 </trkpt>
			 <trkpt lat="-33.810497" lon="151.004411">
				 <ele>14.6</ele>
			 </trkpt>
			 <trkpt lat="-33.810502" lon="151.00445">
				 <ele>14.6</ele>
			 </trkpt>
			 <trkpt lat="-33.810506" lon="151.004488">
				 <ele>14.6</ele>
			 </trkpt>
			 <trkpt lat="-33.810511" lon="151.004549">
				 <ele>14.6</ele>
			 </trkpt>
			 <trkpt lat="-33.810524" lon="151.004611">
				 <ele>14.7</ele>
			 </trkpt>
			 <trkpt lat="-33.810537" lon="151.004672">
				 <ele>14.8</ele>
			 </trkpt>
			 <trkpt lat="-33.81055" lon="151.004733">
				 <ele>14.9</ele>
			 </trkpt>
			 <trkpt lat="-33.810563" lon="151.004795">
				 <ele>15</ele>
			 </trkpt>
			 <trkpt lat="-33.810575" lon="151.004825">
				 <ele>15.3</ele>
			 </trkpt>
			 <trkpt lat="-33.810614" lon="151.004879">
				 <ele>15.6</ele>
			 </trkpt>
			 <trkpt lat="-33.810646" lon="151.004897">
				 <ele>16.1</ele>
			 </trkpt>
			 <trkpt lat="-33.810675" lon="151.004928">
				 <ele>16.5</ele>
			 </trkpt>
			 <trkpt lat="-33.810699" lon="151.004988">
				 <ele>17</ele>
			 </trkpt>
			 <trkpt lat="-33.810717" lon="151.005035">
				 <ele>17.5</ele>
			 </trkpt>
			 <trkpt lat="-33.810736" lon="151.005082">
				 <ele>18.1</ele>
			 </trkpt>
			 <trkpt lat="-33.810751" lon="151.005141">
				 <ele>18.5</ele>
			 </trkpt>
			 <trkpt lat="-33.810767" lon="151.005201">
				 <ele>19.1</ele>
			 </trkpt>
			 <trkpt lat="-33.810782" lon="151.005261">
				 <ele>19.6</ele>
			 </trkpt>
			 <trkpt lat="-33.810797" lon="151.00532">
				 <ele>20.2</ele>
			 </trkpt>
			 <trkpt lat="-33.810801" lon="151.005359">
				 <ele>20.6</ele>
			 </trkpt>
			 <trkpt lat="-33.810805" lon="151.005398">
				 <ele>21</ele>
			 </trkpt>
			 <trkpt lat="-33.810809" lon="151.005437">
				 <ele>21.2</ele>
			 </trkpt>
			 <trkpt lat="-33.810813" lon="151.005475">
				 <ele>21.4</ele>
			 </trkpt>
			 <trkpt lat="-33.810821" lon="151.005517">
				 <ele>21.4</ele>
			 </trkpt>
			 <trkpt lat="-33.810828" lon="151.005558">
				 <ele>21.3</ele>
			 </trkpt>
			 <trkpt lat="-33.810843" lon="151.005612">
				 <ele>21.1</ele>
			 </trkpt>
			 <trkpt lat="-33.810858" lon="151.005667">
				 <ele>20.8</ele>
			 </trkpt>
			 <trkpt lat="-33.810879" lon="151.005721">
				 <ele>20.4</ele>
			 </trkpt>
			 <trkpt lat="-33.810901" lon="151.005774">
				 <ele>19.8</ele>
			 </trkpt>
			 <trkpt lat="-33.810922" lon="151.005828">
				 <ele>19.2</ele>
			 </trkpt>
			 <trkpt lat="-33.810943" lon="151.005881">
				 <ele>18.5</ele>
			 </trkpt>
			 <trkpt lat="-33.810959" lon="151.005934">
				 <ele>17.8</ele>
			 </trkpt>
			 <trkpt lat="-33.810976" lon="151.005986">
				 <ele>17.2</ele>
			 </trkpt>
			 <trkpt lat="-33.810992" lon="151.006039">
				 <ele>16.5</ele>
			 </trkpt>
			 <trkpt lat="-33.811009" lon="151.006092">
				 <ele>16</ele>
			 </trkpt>
			 <trkpt lat="-33.811026" lon="151.006145">
				 <ele>15.5</ele>
			 </trkpt>
			 <trkpt lat="-33.811043" lon="151.006197">
				 <ele>15</ele>
			 </trkpt>
			 <trkpt lat="-33.811059" lon="151.00625">
				 <ele>14.6</ele>
			 </trkpt>
			 <trkpt lat="-33.811076" lon="151.006302">
				 <ele>14.3</ele>
			 </trkpt>
			 <trkpt lat="-33.811101" lon="151.006362">
				 <ele>14</ele>
			 </trkpt>
			 <trkpt lat="-33.811127" lon="151.006421">
				 <ele>13.8</ele>
			 </trkpt>
			 <trkpt lat="-33.811161" lon="151.006472">
				 <ele>13.5</ele>
			 </trkpt>
			 <trkpt lat="-33.811195" lon="151.006523">
				 <ele>13.4</ele>
			 </trkpt>
			 <trkpt lat="-33.811225" lon="151.006547">
				 <ele>13.2</ele>
			 </trkpt>
			 <trkpt lat="-33.811256" lon="151.00657">
				 <ele>13</ele>
			 </trkpt>
			 <trkpt lat="-33.811286" lon="151.006594">
				 <ele>12.7</ele>
			 </trkpt>
			 <trkpt lat="-33.811316" lon="151.006617">
				 <ele>12.5</ele>
			 </trkpt>
			 <trkpt lat="-33.811351" lon="151.006676">
				 <ele>12.2</ele>
			 </trkpt>
			 <trkpt lat="-33.811386" lon="151.006735">
				 <ele>11.9</ele>
			 </trkpt>
			 <trkpt lat="-33.8114" lon="151.006774">
				 <ele>11.7</ele>
			 </trkpt>
			 <trkpt lat="-33.811414" lon="151.006813">
				 <ele>11.5</ele>
			 </trkpt>
			 <trkpt lat="-33.811428" lon="151.006852">
				 <ele>11.3</ele>
			 </trkpt>
			 <trkpt lat="-33.811441" lon="151.006891">
				 <ele>11.1</ele>
			 </trkpt>
			 <trkpt lat="-33.811461" lon="151.006925">
				 <ele>10.9</ele>
			 </trkpt>
			 <trkpt lat="-33.81148" lon="151.006959">
				 <ele>10.6</ele>
			 </trkpt>
			 <trkpt lat="-33.811499" lon="151.006993">
				 <ele>10.4</ele>
			 </trkpt>
			 <trkpt lat="-33.811519" lon="151.007028">
				 <ele>10.2</ele>
			 </trkpt>
			 <trkpt lat="-33.811544" lon="151.007067">
				 <ele>10</ele>
			 </trkpt>
			 <trkpt lat="-33.811569" lon="151.007105">
				 <ele>9.8</ele>
			 </trkpt>
			 <trkpt lat="-33.811594" lon="151.007143">
				 <ele>9.6</ele>
			 </trkpt>
			 <trkpt lat="-33.811618" lon="151.007182">
				 <ele>9.5</ele>
			 </trkpt>
			 <trkpt lat="-33.811634" lon="151.007217">
				 <ele>9.3</ele>
			 </trkpt>
			 <trkpt lat="-33.81165" lon="151.007252">
				 <ele>9.2</ele>
			 </trkpt>
			 <trkpt lat="-33.811673" lon="151.007308">
				 <ele>9.1</ele>
			 </trkpt>
			 <trkpt lat="-33.811695" lon="151.007363">
				 <ele>9</ele>
			 </trkpt>
			 <trkpt lat="-33.811702" lon="151.007423">
				 <ele>9</ele>
			 </trkpt>
			 <trkpt lat="-33.81171" lon="151.007483">
				 <ele>9</ele>
			 </trkpt>
			 <trkpt lat="-33.811726" lon="151.007544">
				 <ele>9.1</ele>
			 </trkpt>
			 <trkpt lat="-33.811742" lon="151.007604">
				 <ele>9.2</ele>
			 </trkpt>
			 <trkpt lat="-33.811752" lon="151.007657">
				 <ele>9.3</ele>
			 </trkpt>
			 <trkpt lat="-33.811763" lon="151.00771">
				 <ele>9.4</ele>
			 </trkpt>
			 <trkpt lat="-33.81177" lon="151.007756">
				 <ele>9.5</ele>
			 </trkpt>
			 <trkpt lat="-33.811777" lon="151.007802">
				 <ele>9.7</ele>
			 </trkpt>
			 <trkpt lat="-33.811784" lon="151.007848">
				 <ele>9.9</ele>
			 </trkpt>
			 <trkpt lat="-33.81179" lon="151.007893">
				 <ele>10.1</ele>
			 </trkpt>
			 <trkpt lat="-33.811813" lon="151.007946">
				 <ele>10.3</ele>
			 </trkpt>
			 <trkpt lat="-33.811836" lon="151.007965">
				 <ele>10.5</ele>
			 </trkpt>
			 <trkpt lat="-33.811864" lon="151.007973">
				 <ele>10.6</ele>
			 </trkpt>
			 <trkpt lat="-33.811913" lon="151.007987">
				 <ele>10.7</ele>
			 </trkpt>
			 <trkpt lat="-33.811962" lon="151.008">
				 <ele>10.8</ele>
			 </trkpt>
			 <trkpt lat="-33.812004" lon="151.00802">
				 <ele>10.8</ele>
			 </trkpt>
			 <trkpt lat="-33.812036" lon="151.008044">
				 <ele>10.8</ele>
			 </trkpt>
			 <trkpt lat="-33.812068" lon="151.008096">
				 <ele>10.6</ele>
			 </trkpt>
			 <trkpt lat="-33.812085" lon="151.008141">
				 <ele>10.5</ele>
			 </trkpt>
			 <trkpt lat="-33.812097" lon="151.008189">
				 <ele>10.2</ele>
			 </trkpt>
			 <trkpt lat="-33.812108" lon="151.008236">
				 <ele>9.9</ele>
			 </trkpt>
			 <trkpt lat="-33.812127" lon="151.008276">
				 <ele>9.6</ele>
			 </trkpt>
			 <trkpt lat="-33.812158" lon="151.008322">
				 <ele>9.4</ele>
			 </trkpt>
			 <trkpt lat="-33.81219" lon="151.008368">
				 <ele>9.1</ele>
			 </trkpt>
			 <trkpt lat="-33.812221" lon="151.008414">
				 <ele>8.9</ele>
			 </trkpt>
			 <trkpt lat="-33.812238" lon="151.008453">
				 <ele>8.7</ele>
			 </trkpt>
			 <trkpt lat="-33.812256" lon="151.00852">
				 <ele>8.7</ele>
			 </trkpt>
			 <trkpt lat="-33.812274" lon="151.008586">
				 <ele>8.8</ele>
			 </trkpt>
			 <trkpt lat="-33.812292" lon="151.008644">
				 <ele>9.1</ele>
			 </trkpt>
			 <trkpt lat="-33.812299" lon="151.008678">
				 <ele>9.4</ele>
			 </trkpt>
			 <trkpt lat="-33.812326" lon="151.008734">
				 <ele>9.8</ele>
			 </trkpt>
			 <trkpt lat="-33.812354" lon="151.00879">
				 <ele>10.3</ele>
			 </trkpt>
			 <trkpt lat="-33.812393" lon="151.008839">
				 <ele>10.8</ele>
			 </trkpt>
			 <trkpt lat="-33.812434" lon="151.008881">
				 <ele>11.4</ele>
			 </trkpt>
			 <trkpt lat="-33.812474" lon="151.008922">
				 <ele>12</ele>
			 </trkpt>
			 <trkpt lat="-33.812515" lon="151.008964">
				 <ele>12.5</ele>
			 </trkpt>
			 <trkpt lat="-33.812542" lon="151.009032">
				 <ele>13.1</ele>
			 </trkpt>
			 <trkpt lat="-33.81255" lon="151.009098">
				 <ele>13.6</ele>
			 </trkpt>
			 <trkpt lat="-33.812557" lon="151.009164">
				 <ele>14.1</ele>
			 </trkpt>
			 <trkpt lat="-33.81257" lon="151.009223">
				 <ele>14.5</ele>
			 </trkpt>
			 <trkpt lat="-33.812583" lon="151.009282">
				 <ele>14.8</ele>
			 </trkpt>
			 <trkpt lat="-33.812607" lon="151.009342">
				 <ele>15.1</ele>
			 </trkpt>
			 <trkpt lat="-33.812648" lon="151.009399">
				 <ele>15.4</ele>
			 </trkpt>
			 <trkpt lat="-33.812669" lon="151.009428">
				 <ele>15.5</ele>
			 </trkpt>
			 <trkpt lat="-33.81269" lon="151.009456">
				 <ele>15.5</ele>
			 </trkpt>
			 <trkpt lat="-33.812731" lon="151.009513">
				 <ele>15.5</ele>
			 </trkpt>
			 <trkpt lat="-33.812764" lon="151.009572">
				 <ele>15.4</ele>
			 </trkpt>
			 <trkpt lat="-33.812796" lon="151.009632">
				 <ele>15.3</ele>
			 </trkpt>
			 <trkpt lat="-33.812808" lon="151.009702">
				 <ele>15.1</ele>
			 </trkpt>
			 <trkpt lat="-33.81282" lon="151.009773">
				 <ele>14.8</ele>
			 </trkpt>
			 <trkpt lat="-33.812832" lon="151.009843">
				 <ele>14.5</ele>
			 </trkpt>
			 <trkpt lat="-33.81286" lon="151.009891">
				 <ele>14.2</ele>
			 </trkpt>
			 <trkpt lat="-33.812889" lon="151.00994">
				 <ele>13.9</ele>
			 </trkpt>
			 <trkpt lat="-33.812927" lon="151.009986">
				 <ele>13.7</ele>
			 </trkpt>
			 <trkpt lat="-33.812964" lon="151.010031">
				 <ele>13.7</ele>
			 </trkpt>
			 <trkpt lat="-33.812989" lon="151.010098">
				 <ele>13.8</ele>
			 </trkpt>
			 <trkpt lat="-33.813027" lon="151.010138">
				 <ele>14.1</ele>
			 </trkpt>
			 <trkpt lat="-33.81302" lon="151.010203">
				 <ele>14.4</ele>
			 </trkpt>
			 <trkpt lat="-33.813013" lon="151.010269">
				 <ele>14.7</ele>
			 </trkpt>
			 <trkpt lat="-33.813016" lon="151.010313">
				 <ele>15.2</ele>
			 </trkpt>
			 <trkpt lat="-33.813019" lon="151.010356">
				 <ele>15.7</ele>
			 </trkpt>
			 <trkpt lat="-33.813032" lon="151.010401">
				 <ele>16.3</ele>
			 </trkpt>
			 <trkpt lat="-33.813045" lon="151.010445">
				 <ele>17</ele>
			 </trkpt>
			 <trkpt lat="-33.813072" lon="151.0105">
				 <ele>17.6</ele>
			 </trkpt>
			 <trkpt lat="-33.813099" lon="151.010554">
				 <ele>18.2</ele>
			 </trkpt>
			 <trkpt lat="-33.813139" lon="151.010604">
				 <ele>18.5</ele>
			 </trkpt>
			 <trkpt lat="-33.813179" lon="151.010653">
				 <ele>18.7</ele>
			 </trkpt>
			 <trkpt lat="-33.813219" lon="151.010703">
				 <ele>18.7</ele>
			 </trkpt>
			 <trkpt lat="-33.813263" lon="151.010734">
				 <ele>18.6</ele>
			 </trkpt>
			 <trkpt lat="-33.813307" lon="151.010766">
				 <ele>18.4</ele>
			 </trkpt>
			 <trkpt lat="-33.813351" lon="151.010797">
				 <ele>17.9</ele>
			 </trkpt>
			 <trkpt lat="-33.813401" lon="151.010819">
				 <ele>17.4</ele>
			 </trkpt>
			 <trkpt lat="-33.813451" lon="151.010842">
				 <ele>16.7</ele>
			 </trkpt>
			 <trkpt lat="-33.8135" lon="151.010864">
				 <ele>15.9</ele>
			 </trkpt>
			 <trkpt lat="-33.81355" lon="151.010886">
				 <ele>15</ele>
			 </trkpt>
			 <trkpt lat="-33.81361" lon="151.010904">
				 <ele>14.1</ele>
			 </trkpt>
			 <trkpt lat="-33.813667" lon="151.010915">
				 <ele>13.2</ele>
			 </trkpt>
			 <trkpt lat="-33.813725" lon="151.010925">
				 <ele>12.4</ele>
			 </trkpt>
			 <trkpt lat="-33.813783" lon="151.010936">
				 <ele>11.5</ele>
			 </trkpt>
			 <trkpt lat="-33.81384" lon="151.010947">
				 <ele>10.8</ele>
			 </trkpt>
			 <trkpt lat="-33.813876" lon="151.010961">
				 <ele>10.1</ele>
			 </trkpt>
			 <trkpt lat="-33.813913" lon="151.010974">
				 <ele>9.5</ele>
			 </trkpt>
			 <trkpt lat="-33.81396" lon="151.010998">
				 <ele>8.9</ele>
			 </trkpt>
			 <trkpt lat="-33.814008" lon="151.011021">
				 <ele>8.5</ele>
			 </trkpt>
			 <trkpt lat="-33.814055" lon="151.011045">
				 <ele>8.1</ele>
			 </trkpt>
			 <trkpt lat="-33.814102" lon="151.011068">
				 <ele>7.8</ele>
			 </trkpt>
			 <trkpt lat="-33.81415" lon="151.011101">
				 <ele>7.5</ele>
			 </trkpt>
			 <trkpt lat="-33.814198" lon="151.011134">
				 <ele>7.4</ele>
			 </trkpt>
			 <trkpt lat="-33.81424" lon="151.011173">
				 <ele>7.2</ele>
			 </trkpt>
			 <trkpt lat="-33.814283" lon="151.011211">
				 <ele>7.1</ele>
			 </trkpt>
			 <trkpt lat="-33.814325" lon="151.01125">
				 <ele>7</ele>
			 </trkpt>
			 <trkpt lat="-33.814356" lon="151.011284">
				 <ele>7</ele>
			 </trkpt>
			 <trkpt lat="-33.814387" lon="151.011319">
				 <ele>7</ele>
			 </trkpt>
			 <trkpt lat="-33.814418" lon="151.011353">
				 <ele>7</ele>
			 </trkpt>
			 <trkpt lat="-33.814449" lon="151.0114">
				 <ele>7.1</ele>
			 </trkpt>
			 <trkpt lat="-33.81448" lon="151.011446">
				 <ele>7.2</ele>
			 </trkpt>
			 <trkpt lat="-33.81451" lon="151.011493">
				 <ele>7.3</ele>
			 </trkpt>
			 <trkpt lat="-33.814541" lon="151.011539">
				 <ele>7.4</ele>
			 </trkpt>
			 <trkpt lat="-33.814568" lon="151.011601">
				 <ele>7.5</ele>
			 </trkpt>
			 <trkpt lat="-33.814594" lon="151.011662">
				 <ele>7.7</ele>
			 </trkpt>
			 <trkpt lat="-33.814621" lon="151.011724">
				 <ele>7.9</ele>
			 </trkpt>
			 <trkpt lat="-33.814638" lon="151.011786">
				 <ele>8.1</ele>
			 </trkpt>
			 <trkpt lat="-33.814654" lon="151.011847">
				 <ele>8.4</ele>
			 </trkpt>
			 <trkpt lat="-33.814671" lon="151.011909">
				 <ele>8.6</ele>
			 </trkpt>
			 <trkpt lat="-33.814687" lon="151.011971">
				 <ele>8.9</ele>
			 </trkpt>
			 <trkpt lat="-33.814696" lon="151.012013">
				 <ele>9.1</ele>
			 </trkpt>
			 <trkpt lat="-33.814706" lon="151.012055">
				 <ele>9.3</ele>
			 </trkpt>
			 <trkpt lat="-33.814715" lon="151.012127">
				 <ele>9.5</ele>
			 </trkpt>
			 <trkpt lat="-33.814723" lon="151.012199">
				 <ele>9.6</ele>
			 </trkpt>
			 <trkpt lat="-33.814732" lon="151.012272">
				 <ele>9.7</ele>
			 </trkpt>
			 <trkpt lat="-33.81474" lon="151.012344">
				 <ele>9.8</ele>
			 </trkpt>
			 <trkpt lat="-33.814749" lon="151.012416">
				 <ele>9.9</ele>
			 </trkpt>
			 <trkpt lat="-33.814757" lon="151.012488">
				 <ele>10</ele>
			 </trkpt>
			 <trkpt lat="-33.814765" lon="151.01256">
				 <ele>10</ele>
			 </trkpt>
			 <trkpt lat="-33.814774" lon="151.012632">
				 <ele>10</ele>
			 </trkpt>
			 <trkpt lat="-33.814782" lon="151.012704">
				 <ele>10</ele>
			 </trkpt>
			 <trkpt lat="-33.81479" lon="151.012776">
				 <ele>10</ele>
			 </trkpt>
			 <trkpt lat="-33.814798" lon="151.012848">
				 <ele>10</ele>
			 </trkpt>
			 <trkpt lat="-33.814807" lon="151.01292">
				 <ele>10</ele>
			 </trkpt>
			 <trkpt lat="-33.814815" lon="151.012992">
				 <ele>10</ele>
			 </trkpt>
			 <trkpt lat="-33.814823" lon="151.013064">
				 <ele>10.1</ele>
			 </trkpt>
			 <trkpt lat="-33.814831" lon="151.013136">
				 <ele>10.2</ele>
			 </trkpt>
			 <trkpt lat="-33.81484" lon="151.013208">
				 <ele>10.3</ele>
			 </trkpt>
			 <trkpt lat="-33.814848" lon="151.01328">
				 <ele>10.4</ele>
			 </trkpt>
			 <trkpt lat="-33.814857" lon="151.013342">
				 <ele>10.5</ele>
			 </trkpt>
			 <trkpt lat="-33.814867" lon="151.013404">
				 <ele>10.5</ele>
			 </trkpt>
			 <trkpt lat="-33.814876" lon="151.013466">
				 <ele>10.6</ele>
			 </trkpt>
			 <trkpt lat="-33.81489" lon="151.013533">
				 <ele>10.6</ele>
			 </trkpt>
			 <trkpt lat="-33.814904" lon="151.013599">
				 <ele>10.6</ele>
			 </trkpt>
			 <trkpt lat="-33.814917" lon="151.013647">
				 <ele>10.6</ele>
			 </trkpt>
			 <trkpt lat="-33.814931" lon="151.013695">
				 <ele>10.6</ele>
			 </trkpt>
			 <trkpt lat="-33.814944" lon="151.013743">
				 <ele>10.5</ele>
			 </trkpt>
			 <trkpt lat="-33.814964" lon="151.013799">
				 <ele>10.5</ele>
			 </trkpt>
			 <trkpt lat="-33.814984" lon="151.013855">
				 <ele>10.4</ele>
			 </trkpt>
			 <trkpt lat="-33.815005" lon="151.013911">
				 <ele>10.3</ele>
			 </trkpt>
			 <trkpt lat="-33.815025" lon="151.013967">
				 <ele>10.2</ele>
			 </trkpt>
			 <trkpt lat="-33.815055" lon="151.014018">
				 <ele>10.1</ele>
			 </trkpt>
			 <trkpt lat="-33.815085" lon="151.014069">
				 <ele>10</ele>
			 </trkpt>
			 <trkpt lat="-33.815116" lon="151.014131">
				 <ele>10</ele>
			 </trkpt>
			 <trkpt lat="-33.815148" lon="151.014194">
				 <ele>10</ele>
			 </trkpt>
			 <trkpt lat="-33.815179" lon="151.014256">
				 <ele>10</ele>
			 </trkpt>
			 <trkpt lat="-33.815211" lon="151.014319">
				 <ele>10</ele>
			 </trkpt>
			 <trkpt lat="-33.815242" lon="151.014381">
				 <ele>10</ele>
			 </trkpt>
			 <trkpt lat="-33.815261" lon="151.01444">
				 <ele>9.9</ele>
			 </trkpt>
			 <trkpt lat="-33.815279" lon="151.014499">
				 <ele>9.8</ele>
			 </trkpt>
			 <trkpt lat="-33.815298" lon="151.014558">
				 <ele>9.7</ele>
			 </trkpt>
			 <trkpt lat="-33.815316" lon="151.014617">
				 <ele>9.5</ele>
			 </trkpt>
			 <trkpt lat="-33.815331" lon="151.014678">
				 <ele>9.4</ele>
			 </trkpt>
			 <trkpt lat="-33.815347" lon="151.014738">
				 <ele>9.2</ele>
			 </trkpt>
			 <trkpt lat="-33.815362" lon="151.014798">
				 <ele>8.9</ele>
			 </trkpt>
			 <trkpt lat="-33.815377" lon="151.014859">
				 <ele>8.6</ele>
			 </trkpt>
			 <trkpt lat="-33.815388" lon="151.014932">
				 <ele>8.4</ele>
			 </trkpt>
			 <trkpt lat="-33.815399" lon="151.015005">
				 <ele>8.1</ele>
			 </trkpt>
			 <trkpt lat="-33.815411" lon="151.015078">
				 <ele>7.7</ele>
			 </trkpt>
			 <trkpt lat="-33.815422" lon="151.015151">
				 <ele>7.5</ele>
			 </trkpt>
			 <trkpt lat="-33.815433" lon="151.015224">
				 <ele>7.2</ele>
			 </trkpt>
			 <trkpt lat="-33.815444" lon="151.015297">
				 <ele>6.8</ele>
			 </trkpt>
			 <trkpt lat="-33.815456" lon="151.015371">
				 <ele>6.5</ele>
			 </trkpt>
			 <trkpt lat="-33.815467" lon="151.015444">
				 <ele>6.3</ele>
			 </trkpt>
			 <trkpt lat="-33.815478" lon="151.015517">
				 <ele>6</ele>
			 </trkpt>
			 <trkpt lat="-33.815489" lon="151.01559">
				 <ele>5.8</ele>
			 </trkpt>
			 <trkpt lat="-33.815501" lon="151.015663">
				 <ele>5.6</ele>
			 </trkpt>
			 <trkpt lat="-33.815512" lon="151.015736">
				 <ele>5.5</ele>
			 </trkpt>
			 <trkpt lat="-33.815523" lon="151.015809">
				 <ele>5.3</ele>
			 </trkpt>
			 <trkpt lat="-33.815526" lon="151.015868">
				 <ele>5.2</ele>
			 </trkpt>
			 <trkpt lat="-33.815521" lon="151.015921">
				 <ele>5.1</ele>
			 </trkpt>
			 <trkpt lat="-33.815516" lon="151.015975">
				 <ele>5</ele>
			 </trkpt>
			 <trkpt lat="-33.815537" lon="151.016035">
				 <ele>5</ele>
			 </trkpt>
			 <trkpt lat="-33.815557" lon="151.016096">
				 <ele>5</ele>
			 </trkpt>
			 <trkpt lat="-33.815565" lon="151.016148">
				 <ele>5</ele>
			 </trkpt>
			 <trkpt lat="-33.815572" lon="151.016201">
				 <ele>5</ele>
			 </trkpt>
			 <trkpt lat="-33.815575" lon="151.016269">
				 <ele>5</ele>
			 </trkpt>
			 <trkpt lat="-33.815578" lon="151.016337">
				 <ele>5</ele>
			 </trkpt>
			 <trkpt lat="-33.81558" lon="151.016404">
				 <ele>5</ele>
			 </trkpt>
			 <trkpt lat="-33.815583" lon="151.016472">
				 <ele>5</ele>
			 </trkpt>
			 <trkpt lat="-33.815586" lon="151.01654">
				 <ele>5</ele>
			 </trkpt>
			 <trkpt lat="-33.815583" lon="151.016596">
				 <ele>5</ele>
			 </trkpt>
			 <trkpt lat="-33.815579" lon="151.016652">
				 <ele>5</ele>
			 </trkpt>
			 <trkpt lat="-33.815575" lon="151.016703">
				 <ele>5</ele>
			 </trkpt>
			 <trkpt lat="-33.81557" lon="151.016754">
				 <ele>5.1</ele>
			 </trkpt>
			 <trkpt lat="-33.815566" lon="151.016805">
				 <ele>5.2</ele>
			 </trkpt>
			 <trkpt lat="-33.815553" lon="151.016873">
				 <ele>5.3</ele>
			 </trkpt>
			 <trkpt lat="-33.81554" lon="151.016941">
				 <ele>5.4</ele>
			 </trkpt>
			 <trkpt lat="-33.815528" lon="151.017009">
				 <ele>5.5</ele>
			 </trkpt>
			 <trkpt lat="-33.815515" lon="151.017077">
				 <ele>5.5</ele>
			 </trkpt>
			 <trkpt lat="-33.815502" lon="151.017145">
				 <ele>5.6</ele>
			 </trkpt>
			 <trkpt lat="-33.815489" lon="151.017213">
				 <ele>5.7</ele>
			 </trkpt>
			 <trkpt lat="-33.815477" lon="151.017281">
				 <ele>5.8</ele>
			 </trkpt>
			 <trkpt lat="-33.815464" lon="151.017349">
				 <ele>5.9</ele>
			 </trkpt>
			 <trkpt lat="-33.815451" lon="151.017415">
				 <ele>5.9</ele>
			 </trkpt>
			 <trkpt lat="-33.815438" lon="151.01748">
				 <ele>5.8</ele>
			 </trkpt>
			 <trkpt lat="-33.815421" lon="151.017543">
				 <ele>5.7</ele>
			 </trkpt>
			 <trkpt lat="-33.815403" lon="151.017605">
				 <ele>5.5</ele>
			 </trkpt>
			 <trkpt lat="-33.815386" lon="151.017668">
				 <ele>5.4</ele>
			 </trkpt>
			 <trkpt lat="-33.815356" lon="151.017716">
				 <ele>5.2</ele>
			 </trkpt>
			 <trkpt lat="-33.815326" lon="151.017764">
				 <ele>4.9</ele>
			 </trkpt>
			 <trkpt lat="-33.815284" lon="151.017819">
				 <ele>4.6</ele>
			 </trkpt>
			 <trkpt lat="-33.815241" lon="151.017874">
				 <ele>4.4</ele>
			 </trkpt>
			 <trkpt lat="-33.815213" lon="151.017941">
				 <ele>4.2</ele>
			 </trkpt>
			 <trkpt lat="-33.815184" lon="151.018008">
				 <ele>4</ele>
			 </trkpt>
			 <trkpt lat="-33.815167" lon="151.018049">
				 <ele>3.9</ele>
			 </trkpt>
			 <trkpt lat="-33.815149" lon="151.01809">
				 <ele>3.8</ele>
			 </trkpt>
			 <trkpt lat="-33.815136" lon="151.018139">
				 <ele>3.7</ele>
			 </trkpt>
			 <trkpt lat="-33.815124" lon="151.018188">
				 <ele>3.7</ele>
			 </trkpt>
			 <trkpt lat="-33.815111" lon="151.018237">
				 <ele>3.8</ele>
			 </trkpt>
			 <trkpt lat="-33.815098" lon="151.018289">
				 <ele>3.9</ele>
			 </trkpt>
			 <trkpt lat="-33.815085" lon="151.018341">
				 <ele>4.1</ele>
			 </trkpt>
			 <trkpt lat="-33.815072" lon="151.018393">
				 <ele>4.3</ele>
			 </trkpt>
			 <trkpt lat="-33.815063" lon="151.018463">
				 <ele>4.5</ele>
			 </trkpt>
			 <trkpt lat="-33.815053" lon="151.018534">
				 <ele>4.5</ele>
			 </trkpt>
			 <trkpt lat="-33.815044" lon="151.018604">
				 <ele>4.6</ele>
			 </trkpt>
			 <trkpt lat="-33.815034" lon="151.018675">
				 <ele>4.7</ele>
			 </trkpt>
			 <trkpt lat="-33.815025" lon="151.018745">
				 <ele>4.8</ele>
			 </trkpt>
			 <trkpt lat="-33.815026" lon="151.018865">
				 <ele>4.9</ele>
			 </trkpt>
			 <trkpt lat="-33.815031" lon="151.018929">
				 <ele>5</ele>
			 </trkpt>
			 <trkpt lat="-33.815016" lon="151.018995">
				 <ele>5</ele>
			 </trkpt>
			 <trkpt lat="-33.814995" lon="151.019031">
				 <ele>5</ele>
			 </trkpt>
			 <trkpt lat="-33.814975" lon="151.019068">
				 <ele>5</ele>
			 </trkpt>
			 <trkpt lat="-33.814948" lon="151.019094">
				 <ele>5</ele>
			 </trkpt>
			 <trkpt lat="-33.814921" lon="151.019121">
				 <ele>5</ele>
			 </trkpt>
			 <trkpt lat="-33.814882" lon="151.019141">
				 <ele>5</ele>
			 </trkpt>
			 <trkpt lat="-33.814843" lon="151.019161">
				 <ele>5</ele>
			 </trkpt>
			 <trkpt lat="-33.814805" lon="151.019181">
				 <ele>5.1</ele>
			 </trkpt>
			 <trkpt lat="-33.814766" lon="151.0192">
				 <ele>5.2</ele>
			 </trkpt>
			 <trkpt lat="-33.814715" lon="151.019218">
				 <ele>5.3</ele>
			 </trkpt>
			 <trkpt lat="-33.814663" lon="151.019236">
				 <ele>5.4</ele>
			 </trkpt>
			 <trkpt lat="-33.814614" lon="151.01925">
				 <ele>5.5</ele>
			 </trkpt>
			 <trkpt lat="-33.814565" lon="151.019264">
				 <ele>5.5</ele>
			 </trkpt>
			 <trkpt lat="-33.814516" lon="151.019278">
				 <ele>5.6</ele>
			 </trkpt>
			 <trkpt lat="-33.814467" lon="151.019292">
				 <ele>5.7</ele>
			 </trkpt>
			 <trkpt lat="-33.814418" lon="151.019307">
				 <ele>5.8</ele>
			 </trkpt>
			 <trkpt lat="-33.814369" lon="151.019321">
				 <ele>5.9</ele>
			 </trkpt>
			 <trkpt lat="-33.81432" lon="151.019335">
				 <ele>6.1</ele>
			 </trkpt>
			 <trkpt lat="-33.814271" lon="151.019349">
				 <ele>6.2</ele>
			 </trkpt>
			 <trkpt lat="-33.814222" lon="151.019363">
				 <ele>6.3</ele>
			 </trkpt>
			 <trkpt lat="-33.814173" lon="151.019377">
				 <ele>6.4</ele>
			 </trkpt>
			 <trkpt lat="-33.814137" lon="151.019393">
				 <ele>6.5</ele>
			 </trkpt>
			 <trkpt lat="-33.81409" lon="151.019424">
				 <ele>6.5</ele>
			 </trkpt>
			 <trkpt lat="-33.814059" lon="151.019455">
				 <ele>6.6</ele>
			 </trkpt>
			 <trkpt lat="-33.814027" lon="151.019486">
				 <ele>6.7</ele>
			 </trkpt>
			 <trkpt lat="-33.814" lon="151.019527">
				 <ele>6.8</ele>
			 </trkpt>
			 <trkpt lat="-33.813973" lon="151.019568">
				 <ele>6.9</ele>
			 </trkpt>
			 <trkpt lat="-33.813957" lon="151.01961">
				 <ele>7</ele>
			 </trkpt>
			 <trkpt lat="-33.81394" lon="151.019651">
				 <ele>7</ele>
			 </trkpt>
			 <trkpt lat="-33.813922" lon="151.01971">
				 <ele>7</ele>
			 </trkpt>
			 <trkpt lat="-33.813903" lon="151.019769">
				 <ele>7</ele>
			 </trkpt>
			 <trkpt lat="-33.813891" lon="151.019817">
				 <ele>7</ele>
			 </trkpt>
			 <trkpt lat="-33.81388" lon="151.019866">
				 <ele>7</ele>
			 </trkpt>
			 <trkpt lat="-33.813868" lon="151.019915">
				 <ele>7</ele>
			 </trkpt>
			 <trkpt lat="-33.813857" lon="151.019964">
				 <ele>7.1</ele>
			 </trkpt>
			 <trkpt lat="-33.813845" lon="151.020013">
				 <ele>7.2</ele>
			 </trkpt>
			 <trkpt lat="-33.813834" lon="151.020061">
				 <ele>7.3</ele>
			 </trkpt>
			 <trkpt lat="-33.813823" lon="151.020109">
				 <ele>7.4</ele>
			 </trkpt>
			 <trkpt lat="-33.813811" lon="151.020158">
				 <ele>7.5</ele>
			 </trkpt>
			 <trkpt lat="-33.813805" lon="151.020219">
				 <ele>7.5</ele>
			 </trkpt>
			 <trkpt lat="-33.813798" lon="151.02028">
				 <ele>7.6</ele>
			 </trkpt>
			 <trkpt lat="-33.813791" lon="151.020341">
				 <ele>7.7</ele>
			 </trkpt>
			 <trkpt lat="-33.813784" lon="151.020402">
				 <ele>7.9</ele>
			 </trkpt>
			 <trkpt lat="-33.813778" lon="151.020463">
				 <ele>8.1</ele>
			 </trkpt>
			 <trkpt lat="-33.813771" lon="151.020524">
				 <ele>8.3</ele>
			 </trkpt>
			 <trkpt lat="-33.813769" lon="151.020568">
				 <ele>8.4</ele>
			 </trkpt>
			 <trkpt lat="-33.813767" lon="151.020612">
				 <ele>8.5</ele>
			 </trkpt>
			 <trkpt lat="-33.813764" lon="151.020656">
				 <ele>8.6</ele>
			 </trkpt>
			 <trkpt lat="-33.813762" lon="151.020699">
				 <ele>8.8</ele>
			 </trkpt>
			 <trkpt lat="-33.81376" lon="151.020743">
				 <ele>9</ele>
			 </trkpt>
			 <trkpt lat="-33.813758" lon="151.020787">
				 <ele>9.2</ele>
			 </trkpt>
			 <trkpt lat="-33.813761" lon="151.020852">
				 <ele>9.4</ele>
			 </trkpt>
			 <trkpt lat="-33.813765" lon="151.020917">
				 <ele>9.5</ele>
			 </trkpt>
			 <trkpt lat="-33.813768" lon="151.020982">
				 <ele>9.6</ele>
			 </trkpt>
			 <trkpt lat="-33.813772" lon="151.021046">
				 <ele>9.7</ele>
			 </trkpt>
			 <trkpt lat="-33.813779" lon="151.0211">
				 <ele>9.8</ele>
			 </trkpt>
			 <trkpt lat="-33.813787" lon="151.021155">
				 <ele>9.9</ele>
			 </trkpt>
			 <trkpt lat="-33.813795" lon="151.02121">
				 <ele>10</ele>
			 </trkpt>
			 <trkpt lat="-33.813803" lon="151.021264">
				 <ele>10</ele>
			 </trkpt>
			 <trkpt lat="-33.813811" lon="151.021319">
				 <ele>10</ele>
			 </trkpt>
			 <trkpt lat="-33.813818" lon="151.021374">
				 <ele>10</ele>
			 </trkpt>
			 <trkpt lat="-33.813826" lon="151.021429">
				 <ele>10</ele>
			 </trkpt>
			 <trkpt lat="-33.813834" lon="151.021483">
				 <ele>10</ele>
			 </trkpt>
			 <trkpt lat="-33.813841" lon="151.021537">
				 <ele>10</ele>
			 </trkpt>
			 <trkpt lat="-33.813849" lon="151.021592">
				 <ele>10</ele>
			 </trkpt>
			 <trkpt lat="-33.813861" lon="151.021649">
				 <ele>10</ele>
			 </trkpt>
			 <trkpt lat="-33.813872" lon="151.021706">
				 <ele>10</ele>
			 </trkpt>
			 <trkpt lat="-33.813884" lon="151.021763">
				 <ele>10</ele>
			 </trkpt>
			 <trkpt lat="-33.813895" lon="151.021821">
				 <ele>10.1</ele>
			 </trkpt>
			 <trkpt lat="-33.813901" lon="151.021887">
				 <ele>10.2</ele>
			 </trkpt>
			 <trkpt lat="-33.813907" lon="151.021954">
				 <ele>10.3</ele>
			 </trkpt>
			 <trkpt lat="-33.813907" lon="151.021992">
				 <ele>10.4</ele>
			 </trkpt>
			 <trkpt lat="-33.813908" lon="151.02203">
				 <ele>10.5</ele>
			 </trkpt>
			 <trkpt lat="-33.813902" lon="151.02209">
				 <ele>10.6</ele>
			 </trkpt>
			 <trkpt lat="-33.813895" lon="151.022151">
				 <ele>10.7</ele>
			 </trkpt>
			 <trkpt lat="-33.813888" lon="151.022212">
				 <ele>10.9</ele>
			 </trkpt>
			 <trkpt lat="-33.813881" lon="151.022272">
				 <ele>11.1</ele>
			 </trkpt>
			 <trkpt lat="-33.813866" lon="151.022324">
				 <ele>11.3</ele>
			 </trkpt>
			 <trkpt lat="-33.813838" lon="151.022384">
				 <ele>11.5</ele>
			 </trkpt>
			 <trkpt lat="-33.813836" lon="151.022464">
				 <ele>11.5</ele>
			 </trkpt>
			 <trkpt lat="-33.813838" lon="151.022512">
				 <ele>11.6</ele>
			 </trkpt>
			 <trkpt lat="-33.81384" lon="151.022561">
				 <ele>11.7</ele>
			 </trkpt>
			 <trkpt lat="-33.813841" lon="151.022609">
				 <ele>11.8</ele>
			 </trkpt>
			 <trkpt lat="-33.813843" lon="151.022657">
				 <ele>11.9</ele>
			 </trkpt>
			 <trkpt lat="-33.813845" lon="151.022706">
				 <ele>11.9</ele>
			 </trkpt>
			 <trkpt lat="-33.813846" lon="151.022752">
				 <ele>12</ele>
			 </trkpt>
			 <trkpt lat="-33.813847" lon="151.022798">
				 <ele>12</ele>
			 </trkpt>
			 <trkpt lat="-33.813845" lon="151.022856">
				 <ele>12</ele>
			 </trkpt>
			 <trkpt lat="-33.813844" lon="151.022914">
				 <ele>12</ele>
			 </trkpt>
			 <trkpt lat="-33.813843" lon="151.022972">
				 <ele>12</ele>
			 </trkpt>
			 <trkpt lat="-33.813841" lon="151.02303">
				 <ele>12</ele>
			 </trkpt>
			 <trkpt lat="-33.813839" lon="151.023088">
				 <ele>12</ele>
			 </trkpt>
			 <trkpt lat="-33.813837" lon="151.023145">
				 <ele>12</ele>
			 </trkpt>
			 <trkpt lat="-33.813835" lon="151.023203">
				 <ele>11.9</ele>
			 </trkpt>
			 <trkpt lat="-33.813834" lon="151.023261">
				 <ele>11.8</ele>
			 </trkpt>
			 <trkpt lat="-33.813833" lon="151.023319">
				 <ele>11.8</ele>
			 </trkpt>
			 <trkpt lat="-33.813831" lon="151.023377">
				 <ele>11.8</ele>
			 </trkpt>
			 <trkpt lat="-33.81384" lon="151.023421">
				 <ele>11.8</ele>
			 </trkpt>
			 <trkpt lat="-33.813848" lon="151.023465">
				 <ele>11.8</ele>
			 </trkpt>
			 <trkpt lat="-33.813856" lon="151.023509">
				 <ele>11.8</ele>
			 </trkpt>
			 <trkpt lat="-33.813864" lon="151.023553">
				 <ele>11.8</ele>
			 </trkpt>
			 <trkpt lat="-33.813874" lon="151.023615">
				 <ele>11.9</ele>
			 </trkpt>
			 <trkpt lat="-33.813883" lon="151.023676">
				 <ele>12</ele>
			 </trkpt>
			 <trkpt lat="-33.813892" lon="151.023738">
				 <ele>12.1</ele>
			 </trkpt>
			 <trkpt lat="-33.813901" lon="151.0238">
				 <ele>12.4</ele>
			 </trkpt>
			 <trkpt lat="-33.8139" lon="151.023843">
				 <ele>12.6</ele>
			 </trkpt>
			 <trkpt lat="-33.813899" lon="151.023886">
				 <ele>12.8</ele>
			 </trkpt>
			 <trkpt lat="-33.813897" lon="151.023929">
				 <ele>13</ele>
			 </trkpt>
			 <trkpt lat="-33.813896" lon="151.023972">
				 <ele>13.2</ele>
			 </trkpt>
			 <trkpt lat="-33.813882" lon="151.024035">
				 <ele>13.4</ele>
			 </trkpt>
			 <trkpt lat="-33.813871" lon="151.024076">
				 <ele>13.5</ele>
			 </trkpt>
			 <trkpt lat="-33.81386" lon="151.024117">
				 <ele>13.7</ele>
			 </trkpt>
			 <trkpt lat="-33.813848" lon="151.024158">
				 <ele>13.8</ele>
			 </trkpt>
			 <trkpt lat="-33.813817" lon="151.024206">
				 <ele>13.9</ele>
			 </trkpt>
			 <trkpt lat="-33.813786" lon="151.024253">
				 <ele>14</ele>
			 </trkpt>
			 <trkpt lat="-33.813761" lon="151.024291">
				 <ele>14</ele>
			 </trkpt>
			 <trkpt lat="-33.813737" lon="151.024325">
				 <ele>14</ele>
			 </trkpt>
			 <trkpt lat="-33.813713" lon="151.024359">
				 <ele>14</ele>
			 </trkpt>
			 <trkpt lat="-33.813689" lon="151.024393">
				 <ele>14</ele>
			 </trkpt>
			 <trkpt lat="-33.813646" lon="151.024424">
				 <ele>14</ele>
			 </trkpt>
			 <trkpt lat="-33.813603" lon="151.024455">
				 <ele>14</ele>
			 </trkpt>
			 <trkpt lat="-33.813561" lon="151.024486">
				 <ele>14</ele>
			 </trkpt>
			 <trkpt lat="-33.813518" lon="151.024517">
				 <ele>14</ele>
			 </trkpt>
			 <trkpt lat="-33.813486" lon="151.024533">
				 <ele>14</ele>
			 </trkpt>
			 <trkpt lat="-33.813454" lon="151.024549">
				 <ele>14</ele>
			 </trkpt>
			 <trkpt lat="-33.813407" lon="151.024591">
				 <ele>14.1</ele>
			 </trkpt>
			 <trkpt lat="-33.813394" lon="151.024633">
				 <ele>14.2</ele>
			 </trkpt>
			 <trkpt lat="-33.81338" lon="151.024674">
				 <ele>14.4</ele>
			 </trkpt>
			 <trkpt lat="-33.813359" lon="151.024706">
				 <ele>14.5</ele>
			 </trkpt>
			 <trkpt lat="-33.813329" lon="151.024723">
				 <ele>14.7</ele>
			 </trkpt>
			 <trkpt lat="-33.813305" lon="151.024687">
				 <ele>15</ele>
			 </trkpt>
			 <trkpt lat="-33.813286" lon="151.024623">
				 <ele>15.3</ele>
			 </trkpt>
			 <trkpt lat="-33.813252" lon="151.024646">
				 <ele>15.6</ele>
			 </trkpt>
			 <trkpt lat="-33.813219" lon="151.024669">
				 <ele>16</ele>
			 </trkpt>
			 <trkpt lat="-33.81317" lon="151.024693">
				 <ele>16.5</ele>
			 </trkpt>
			 <trkpt lat="-33.81312" lon="151.024716">
				 <ele>16.9</ele>
			 </trkpt>
			 <trkpt lat="-33.81307" lon="151.02474">
				 <ele>17.4</ele>
			 </trkpt>
			 <trkpt lat="-33.813021" lon="151.024763">
				 <ele>17.8</ele>
			 </trkpt>
			 <trkpt lat="-33.812972" lon="151.024786">
				 <ele>18.2</ele>
			 </trkpt>
			 <trkpt lat="-33.812922" lon="151.024809">
				 <ele>18.6</ele>
			 </trkpt>
			 <trkpt lat="-33.812872" lon="151.024833">
				 <ele>19.1</ele>
			 </trkpt>
			 <trkpt lat="-33.812823" lon="151.024856">
				 <ele>19.5</ele>
			 </trkpt>
			 <trkpt lat="-33.812787" lon="151.024875">
				 <ele>19.8</ele>
			 </trkpt>
			 <trkpt lat="-33.81275" lon="151.024894">
				 <ele>20.1</ele>
			 </trkpt>
			 <trkpt lat="-33.812714" lon="151.024913">
				 <ele>20.4</ele>
			 </trkpt>
			 <trkpt lat="-33.812677" lon="151.024931">
				 <ele>20.5</ele>
			 </trkpt>
			 <trkpt lat="-33.812641" lon="151.02495">
				 <ele>20.6</ele>
			 </trkpt>
			 <trkpt lat="-33.812604" lon="151.024969">
				 <ele>20.6</ele>
			 </trkpt>
			 <trkpt lat="-33.812577" lon="151.024984">
				 <ele>20.6</ele>
			 </trkpt>
			 <trkpt lat="-33.812548" lon="151.025015">
				 <ele>20.6</ele>
			 </trkpt>
			 <trkpt lat="-33.812519" lon="151.025046">
				 <ele>20.5</ele>
			 </trkpt>
			 <trkpt lat="-33.812483" lon="151.025072">
				 <ele>20.4</ele>
			 </trkpt>
			 <trkpt lat="-33.812448" lon="151.025097">
				 <ele>20.2</ele>
			 </trkpt>
			 <trkpt lat="-33.812413" lon="151.025122">
				 <ele>20</ele>
			 </trkpt>
			 <trkpt lat="-33.812378" lon="151.025147">
				 <ele>19.8</ele>
			 </trkpt>
			 <trkpt lat="-33.812343" lon="151.025173">
				 <ele>19.6</ele>
			 </trkpt>
			 <trkpt lat="-33.812307" lon="151.025198">
				 <ele>19.5</ele>
			 </trkpt>
			 <trkpt lat="-33.812269" lon="151.025227">
				 <ele>19.4</ele>
			 </trkpt>
			 <trkpt lat="-33.812231" lon="151.025256">
				 <ele>19.3</ele>
			 </trkpt>
			 <trkpt lat="-33.812193" lon="151.025285">
				 <ele>19.2</ele>
			 </trkpt>
			 <trkpt lat="-33.812155" lon="151.025314">
				 <ele>19.1</ele>
			 </trkpt>
			 <trkpt lat="-33.812113" lon="151.025332">
				 <ele>19</ele>
			 </trkpt>
			 <trkpt lat="-33.812071" lon="151.02535">
				 <ele>19</ele>
			 </trkpt>
			 <trkpt lat="-33.812029" lon="151.025368">
				 <ele>19</ele>
			 </trkpt>
			 <trkpt lat="-33.811987" lon="151.025386">
				 <ele>19</ele>
			 </trkpt>
			 <trkpt lat="-33.81196" lon="151.025372">
				 <ele>19</ele>
			 </trkpt>
			 <trkpt lat="-33.811915" lon="151.025381">
				 <ele>19</ele>
			 </trkpt>
			 <trkpt lat="-33.811875" lon="151.025364">
				 <ele>19</ele>
			 </trkpt>
			 <trkpt lat="-33.811836" lon="151.025347">
				 <ele>19</ele>
			 </trkpt>
			 <trkpt lat="-33.811796" lon="151.02533">
				 <ele>19</ele>
			 </trkpt>
			 <trkpt lat="-33.811756" lon="151.025312">
				 <ele>19</ele>
			 </trkpt>
			 <trkpt lat="-33.811704" lon="151.025278">
				 <ele>18.9</ele>
			 </trkpt>
			 <trkpt lat="-33.811652" lon="151.025243">
				 <ele>18.8</ele>
			 </trkpt>
			 <trkpt lat="-33.811626" lon="151.02522">
				 <ele>18.7</ele>
			 </trkpt>
			 <trkpt lat="-33.8116" lon="151.025198">
				 <ele>18.6</ele>
			 </trkpt>
			 <trkpt lat="-33.811561" lon="151.025152">
				 <ele>18.5</ele>
			 </trkpt>
			 <trkpt lat="-33.81154" lon="151.025121">
				 <ele>18.4</ele>
			 </trkpt>
			 <trkpt lat="-33.811519" lon="151.02509">
				 <ele>18.2</ele>
			 </trkpt>
			 <trkpt lat="-33.811498" lon="151.025058">
				 <ele>17.9</ele>
			 </trkpt>
			 <trkpt lat="-33.811465" lon="151.025013">
				 <ele>17.6</ele>
			 </trkpt>
			 <trkpt lat="-33.811433" lon="151.024967">
				 <ele>17.3</ele>
			 </trkpt>
			 <trkpt lat="-33.8114" lon="151.024921">
				 <ele>16.9</ele>
			 </trkpt>
			 <trkpt lat="-33.811367" lon="151.024875">
				 <ele>16.6</ele>
			 </trkpt>
			 <trkpt lat="-33.811335" lon="151.02483">
				 <ele>16.3</ele>
			 </trkpt>
			 <trkpt lat="-33.811302" lon="151.024784">
				 <ele>15.9</ele>
			 </trkpt>
			 <trkpt lat="-33.811282" lon="151.024754">
				 <ele>15.5</ele>
			 </trkpt>
			 <trkpt lat="-33.811261" lon="151.024723">
				 <ele>15.2</ele>
			 </trkpt>
			 <trkpt lat="-33.81124" lon="151.024692">
				 <ele>14.8</ele>
			 </trkpt>
			 <trkpt lat="-33.81122" lon="151.024661">
				 <ele>14.5</ele>
			 </trkpt>
			 <trkpt lat="-33.811193" lon="151.024628">
				 <ele>14.2</ele>
			 </trkpt>
			 <trkpt lat="-33.811166" lon="151.024594">
				 <ele>13.9</ele>
			 </trkpt>
			 <trkpt lat="-33.811138" lon="151.02456">
				 <ele>13.7</ele>
			 </trkpt>
			 <trkpt lat="-33.811111" lon="151.024526">
				 <ele>13.5</ele>
			 </trkpt>
			 <trkpt lat="-33.811082" lon="151.024496">
				 <ele>13.3</ele>
			 </trkpt>
			 <trkpt lat="-33.811053" lon="151.024465">
				 <ele>13.1</ele>
			 </trkpt>
			 <trkpt lat="-33.811024" lon="151.024434">
				 <ele>12.9</ele>
			 </trkpt>
			 <trkpt lat="-33.810994" lon="151.024404">
				 <ele>12.7</ele>
			 </trkpt>
			 <trkpt lat="-33.81095" lon="151.024369">
				 <ele>12.5</ele>
			 </trkpt>
			 <trkpt lat="-33.810907" lon="151.024335">
				 <ele>12.5</ele>
			 </trkpt>
			 <trkpt lat="-33.810863" lon="151.0243">
				 <ele>12.4</ele>
			 </trkpt>
			 <trkpt lat="-33.810806" lon="151.024268">
				 <ele>12.3</ele>
			 </trkpt>
			 <trkpt lat="-33.810749" lon="151.024236">
				 <ele>12.2</ele>
			 </trkpt>
			 <trkpt lat="-33.810692" lon="151.024204">
				 <ele>12.1</ele>
			 </trkpt>
			 <trkpt lat="-33.810634" lon="151.024184">
				 <ele>12.1</ele>
			 </trkpt>
			 <trkpt lat="-33.810577" lon="151.024165">
				 <ele>12.2</ele>
			 </trkpt>
			 <trkpt lat="-33.810519" lon="151.024145">
				 <ele>12.2</ele>
			 </trkpt>
			 <trkpt lat="-33.810466" lon="151.024128">
				 <ele>12.2</ele>
			 </trkpt>
			 <trkpt lat="-33.810412" lon="151.024111">
				 <ele>12.2</ele>
			 </trkpt>
			 <trkpt lat="-33.810371" lon="151.024099">
				 <ele>12.1</ele>
			 </trkpt>
			 <trkpt lat="-33.810339" lon="151.024143">
				 <ele>12</ele>
			 </trkpt>
			 <trkpt lat="-33.81033" lon="151.024179">
				 <ele>11.9</ele>
			 </trkpt>
			 <trkpt lat="-33.81032" lon="151.024215">
				 <ele>11.7</ele>
			 </trkpt>
			 <trkpt lat="-33.810323" lon="151.024257">
				 <ele>11.5</ele>
			 </trkpt>
			 <trkpt lat="-33.810325" lon="151.024299">
				 <ele>11.4</ele>
			 </trkpt>
			 <trkpt lat="-33.810351" lon="151.024351">
				 <ele>11.1</ele>
			 </trkpt>
			 <trkpt lat="-33.810377" lon="151.024403">
				 <ele>10.8</ele>
			 </trkpt>
			 <trkpt lat="-33.810401" lon="151.024448">
				 <ele>10.6</ele>
			 </trkpt>
			 <trkpt lat="-33.810425" lon="151.024492">
				 <ele>10.5</ele>
			 </trkpt>
			 <trkpt lat="-33.810439" lon="151.024545">
				 <ele>10.3</ele>
			 </trkpt>
			 <trkpt lat="-33.810454" lon="151.024598">
				 <ele>10.2</ele>
			 </trkpt>
			 <trkpt lat="-33.810465" lon="151.02466">
				 <ele>10.1</ele>
			 </trkpt>
			 <trkpt lat="-33.810475" lon="151.024722">
				 <ele>10.1</ele>
			 </trkpt>
			 <trkpt lat="-33.81048" lon="151.024779">
				 <ele>10.2</ele>
			 </trkpt>
			 <trkpt lat="-33.810486" lon="151.024835">
				 <ele>10.4</ele>
			 </trkpt>
			 <trkpt lat="-33.810479" lon="151.024885">
				 <ele>10.6</ele>
			 </trkpt>
			 <trkpt lat="-33.810472" lon="151.024934">
				 <ele>10.9</ele>
			 </trkpt>
			 <trkpt lat="-33.810463" lon="151.024989">
				 <ele>11.2</ele>
			 </trkpt>
			 <trkpt lat="-33.810454" lon="151.025044">
				 <ele>11.3</ele>
			 </trkpt>
			 <trkpt lat="-33.810446" lon="151.025097">
				 <ele>11.4</ele>
			 </trkpt>
			 <trkpt lat="-33.810437" lon="151.02515">
				 <ele>11.6</ele>
			 </trkpt>
			 <trkpt lat="-33.810424" lon="151.025179">
				 <ele>11.9</ele>
			 </trkpt>
			 <trkpt lat="-33.81041" lon="151.025207">
				 <ele>12.2</ele>
			 </trkpt>
		 </trkseg>
	 </trk>
</gpx>