<?xml version="1.0" encoding="UTF-8"?>
 <gpx creator="Garmin Connect" version="1.1"
	 xsi:schemaLocation="http://www.topografix.com/GPX/1/1 http://www.topografix.com/GPX/11.xsd"
	 xmlns:ns3="http://www.garmin.com/xmlschemas/TrackPointExtension/v1"
	 xmlns="http://www.topografix.com/GPX/1/1"
	 xmlns:xsi="http://www.w3.org/2001/XMLSchema-instance" xmlns:ns2="http://www.garmin.com/xmlschemas/GpxExtensions/v3">
	 <metadata>
		<name>Rimi Vilnius Marathon 2025 - 42.195 km</name>
		 <link href="https://www.goandrace.com">
		 <text>Garmin Connect</text>
		 </link>
	 <time>2026-08-09T18:06:04</time>
	 </metadata>
	 <trk>
		 <name>Rimi Vilnius Marathon 2025 - 42.195 km</name>
		 <trkseg>
			 <trkpt lat="54.685871" lon="25.286144">
				 <ele>96</ele>
			 </trkpt>
			 <trkpt lat="54.686151" lon="25.286329">
				 <ele>96</ele>
			 </trkpt>
			 <trkpt lat="54.686431" lon="25.286513">
				 <ele>96</ele>
			 </trkpt>
			 <trkpt lat="54.686712" lon="25.286697">
				 <ele>96</ele>
			 </trkpt>
			 <trkpt lat="54.686991" lon="25.286881">
				 <ele>96</ele>
			 </trkpt>
			 <trkpt lat="54.687258" lon="25.287111">
				 <ele>95.9</ele>
			 </trkpt>
			 <trkpt lat="54.687524" lon="25.287341">
				 <ele>95.8</ele>
			 </trkpt>
			 <trkpt lat="54.687789" lon="25.28757">
				 <ele>95.7</ele>
			 </trkpt>
			 <trkpt lat="54.688006" lon="25.287725">
				 <ele>95.5</ele>
			 </trkpt>
			 <trkpt lat="54.688213" lon="25.287697">
				 <ele>95.4</ele>
			 </trkpt>
			 <trkpt lat="54.688383" lon="25.287381">
				 <ele>95.2</ele>
			 </trkpt>
			 <trkpt lat="54.688552" lon="25.287064">
				 <ele>94.9</ele>
			 </trkpt>
			 <trkpt lat="54.68872" lon="25.28675">
				 <ele>94.6</ele>
			 </trkpt>
			 <trkpt lat="54.688924" lon="25.286399">
				 <ele>94.4</ele>
			 </trkpt>
			 <trkpt lat="54.689128" lon="25.286048">
				 <ele>94.1</ele>
			 </trkpt>
			 <trkpt lat="54.689332" lon="25.285698">
				 <ele>93.8</ele>
			 </trkpt>
			 <trkpt lat="54.689534" lon="25.28535">
				 <ele>93.5</ele>
			 </trkpt>
			 <trkpt lat="54.689711" lon="25.285026">
				 <ele>93.3</ele>
			 </trkpt>
			 <trkpt lat="54.689888" lon="25.284701">
				 <ele>93</ele>
			 </trkpt>
			 <trkpt lat="54.690065" lon="25.284377">
				 <ele>92.8</ele>
			 </trkpt>
			 <trkpt lat="54.690241" lon="25.284056">
				 <ele>92.7</ele>
			 </trkpt>
			 <trkpt lat="54.690381" lon="25.283627">
				 <ele>92.6</ele>
			 </trkpt>
			 <trkpt lat="54.690521" lon="25.283198">
				 <ele>92.6</ele>
			 </trkpt>
			 <trkpt lat="54.690659" lon="25.282772">
				 <ele>92.7</ele>
			 </trkpt>
			 <trkpt lat="54.69069" lon="25.282307">
				 <ele>92.8</ele>
			 </trkpt>
			 <trkpt lat="54.690721" lon="25.281841">
				 <ele>93</ele>
			 </trkpt>
			 <trkpt lat="54.690752" lon="25.28138">
				 <ele>93.3</ele>
			 </trkpt>
			 <trkpt lat="54.690776" lon="25.280973">
				 <ele>93.6</ele>
			 </trkpt>
			 <trkpt lat="54.6908" lon="25.280565">
				 <ele>94.1</ele>
			 </trkpt>
			 <trkpt lat="54.690824" lon="25.280162">
				 <ele>94.5</ele>
			 </trkpt>
			 <trkpt lat="54.6908" lon="25.280003">
				 <ele>95.1</ele>
			 </trkpt>
			 <trkpt lat="54.690704" lon="25.279941">
				 <ele>95.6</ele>
			 </trkpt>
			 <trkpt lat="54.690436" lon="25.279913">
				 <ele>96.2</ele>
			 </trkpt>
			 <trkpt lat="54.69026" lon="25.279923">
				 <ele>96.8</ele>
			 </trkpt>
			 <trkpt lat="54.690084" lon="25.279934">
				 <ele>97.5</ele>
			 </trkpt>
			 <trkpt lat="54.689811" lon="25.27995">
				 <ele>98.1</ele>
			 </trkpt>
			 <trkpt lat="54.689539" lon="25.279967">
				 <ele>98.7</ele>
			 </trkpt>
			 <trkpt lat="54.689267" lon="25.279984">
				 <ele>99.3</ele>
			 </trkpt>
			 <trkpt lat="54.688968" lon="25.279954">
				 <ele>99.9</ele>
			 </trkpt>
			 <trkpt lat="54.688695" lon="25.27991">
				 <ele>100.5</ele>
			 </trkpt>
			 <trkpt lat="54.688423" lon="25.279867">
				 <ele>101</ele>
			 </trkpt>
			 <trkpt lat="54.68815" lon="25.279823">
				 <ele>101.5</ele>
			 </trkpt>
			 <trkpt lat="54.687842" lon="25.279765">
				 <ele>101.9</ele>
			 </trkpt>
			 <trkpt lat="54.687534" lon="25.279707">
				 <ele>102.4</ele>
			 </trkpt>
			 <trkpt lat="54.687227" lon="25.27965">
				 <ele>102.7</ele>
			 </trkpt>
			 <trkpt lat="54.687177" lon="25.279671">
				 <ele>103</ele>
			 </trkpt>
			 <trkpt lat="54.687071" lon="25.280177">
				 <ele>103.3</ele>
			 </trkpt>
			 <trkpt lat="54.686965" lon="25.280683">
				 <ele>103.5</ele>
			 </trkpt>
			 <trkpt lat="54.686859" lon="25.28119">
				 <ele>103.6</ele>
			 </trkpt>
			 <trkpt lat="54.686753" lon="25.281696">
				 <ele>103.7</ele>
			 </trkpt>
			 <trkpt lat="54.686648" lon="25.282195">
				 <ele>103.8</ele>
			 </trkpt>
			 <trkpt lat="54.686597" lon="25.282228">
				 <ele>103.9</ele>
			 </trkpt>
			 <trkpt lat="54.686376" lon="25.282234">
				 <ele>104</ele>
			 </trkpt>
			 <trkpt lat="54.686156" lon="25.282241">
				 <ele>104</ele>
			 </trkpt>
			 <trkpt lat="54.685936" lon="25.282247">
				 <ele>104</ele>
			 </trkpt>
			 <trkpt lat="54.685655" lon="25.282243">
				 <ele>104</ele>
			 </trkpt>
			 <trkpt lat="54.685374" lon="25.28224">
				 <ele>104</ele>
			 </trkpt>
			 <trkpt lat="54.685093" lon="25.282236">
				 <ele>104</ele>
			 </trkpt>
			 <trkpt lat="54.68491" lon="25.28224">
				 <ele>104</ele>
			 </trkpt>
			 <trkpt lat="54.684727" lon="25.282244">
				 <ele>104.1</ele>
			 </trkpt>
			 <trkpt lat="54.684456" lon="25.282355">
				 <ele>104.2</ele>
			 </trkpt>
			 <trkpt lat="54.684186" lon="25.282465">
				 <ele>104.3</ele>
			 </trkpt>
			 <trkpt lat="54.684021" lon="25.282519">
				 <ele>104.4</ele>
			 </trkpt>
			 <trkpt lat="54.683768" lon="25.282593">
				 <ele>104.5</ele>
			 </trkpt>
			 <trkpt lat="54.683516" lon="25.282667">
				 <ele>104.5</ele>
			 </trkpt>
			 <trkpt lat="54.683542" lon="25.283125">
				 <ele>104.6</ele>
			 </trkpt>
			 <trkpt lat="54.683603" lon="25.283647">
				 <ele>104.8</ele>
			 </trkpt>
			 <trkpt lat="54.683664" lon="25.284169">
				 <ele>105</ele>
			 </trkpt>
			 <trkpt lat="54.683725" lon="25.284687">
				 <ele>105.2</ele>
			 </trkpt>
			 <trkpt lat="54.68378" lon="25.285094">
				 <ele>105.5</ele>
			 </trkpt>
			 <trkpt lat="54.683835" lon="25.285502">
				 <ele>105.6</ele>
			 </trkpt>
			 <trkpt lat="54.68389" lon="25.28591">
				 <ele>105.9</ele>
			 </trkpt>
			 <trkpt lat="54.683945" lon="25.286312">
				 <ele>106.2</ele>
			 </trkpt>
			 <trkpt lat="54.683781" lon="25.286684">
				 <ele>106.5</ele>
			 </trkpt>
			 <trkpt lat="54.683493" lon="25.286644">
				 <ele>106.9</ele>
			 </trkpt>
			 <trkpt lat="54.683205" lon="25.286603">
				 <ele>107.4</ele>
			 </trkpt>
			 <trkpt lat="54.683027" lon="25.28655">
				 <ele>107.8</ele>
			 </trkpt>
			 <trkpt lat="54.68285" lon="25.286497">
				 <ele>108.3</ele>
			 </trkpt>
			 <trkpt lat="54.682594" lon="25.286473">
				 <ele>108.7</ele>
			 </trkpt>
			 <trkpt lat="54.682339" lon="25.286448">
				 <ele>109.2</ele>
			 </trkpt>
			 <trkpt lat="54.682084" lon="25.286423">
				 <ele>109.5</ele>
			 </trkpt>
			 <trkpt lat="54.681899" lon="25.286418">
				 <ele>109.9</ele>
			 </trkpt>
			 <trkpt lat="54.681715" lon="25.286413">
				 <ele>110.2</ele>
			 </trkpt>
			 <trkpt lat="54.68167" lon="25.286561">
				 <ele>110.5</ele>
			 </trkpt>
			 <trkpt lat="54.681845" lon="25.286991">
				 <ele>110.5</ele>
			 </trkpt>
			 <trkpt lat="54.68202" lon="25.287421">
				 <ele>110.6</ele>
			 </trkpt>
			 <trkpt lat="54.682194" lon="25.287847">
				 <ele>110.6</ele>
			 </trkpt>
			 <trkpt lat="54.682278" lon="25.288142">
				 <ele>110.5</ele>
			 </trkpt>
			 <trkpt lat="54.682361" lon="25.288436">
				 <ele>110.3</ele>
			 </trkpt>
			 <trkpt lat="54.6824" lon="25.288734">
				 <ele>109.9</ele>
			 </trkpt>
			 <trkpt lat="54.682438" lon="25.28903">
				 <ele>109.5</ele>
			 </trkpt>
			 <trkpt lat="54.682671" lon="25.289099">
				 <ele>109.1</ele>
			 </trkpt>
			 <trkpt lat="54.682903" lon="25.289167">
				 <ele>108.5</ele>
			 </trkpt>
			 <trkpt lat="54.683135" lon="25.289236">
				 <ele>107.9</ele>
			 </trkpt>
			 <trkpt lat="54.683394" lon="25.289299">
				 <ele>107.2</ele>
			 </trkpt>
			 <trkpt lat="54.683652" lon="25.289362">
				 <ele>106.5</ele>
			 </trkpt>
			 <trkpt lat="54.683819" lon="25.28941">
				 <ele>105.8</ele>
			 </trkpt>
			 <trkpt lat="54.683986" lon="25.289458">
				 <ele>105.1</ele>
			 </trkpt>
			 <trkpt lat="54.684294" lon="25.289511">
				 <ele>104.4</ele>
			 </trkpt>
			 <trkpt lat="54.684601" lon="25.289563">
				 <ele>103.7</ele>
			 </trkpt>
			 <trkpt lat="54.684666" lon="25.289894">
				 <ele>103.1</ele>
			 </trkpt>
			 <trkpt lat="54.68473" lon="25.290222">
				 <ele>102.5</ele>
			 </trkpt>
			 <trkpt lat="54.684821" lon="25.290687">
				 <ele>101.9</ele>
			 </trkpt>
			 <trkpt lat="54.684912" lon="25.291151">
				 <ele>101.5</ele>
			 </trkpt>
			 <trkpt lat="54.685002" lon="25.291611">
				 <ele>101</ele>
			 </trkpt>
			 <trkpt lat="54.685048" lon="25.29202">
				 <ele>100.7</ele>
			 </trkpt>
			 <trkpt lat="54.685093" lon="25.292425">
				 <ele>100.5</ele>
			 </trkpt>
			 <trkpt lat="54.685061" lon="25.292706">
				 <ele>100.3</ele>
			 </trkpt>
			 <trkpt lat="54.68496" lon="25.292965">
				 <ele>100.1</ele>
			 </trkpt>
			 <trkpt lat="54.68476" lon="25.293002">
				 <ele>100</ele>
			 </trkpt>
			 <trkpt lat="54.684482" lon="25.292978">
				 <ele>99.9</ele>
			 </trkpt>
			 <trkpt lat="54.684204" lon="25.292954">
				 <ele>99.9</ele>
			 </trkpt>
			 <trkpt lat="54.683926" lon="25.292931">
				 <ele>100</ele>
			 </trkpt>
			 <trkpt lat="54.683683" lon="25.292902">
				 <ele>100.1</ele>
			 </trkpt>
			 <trkpt lat="54.68344" lon="25.292874">
				 <ele>100.2</ele>
			 </trkpt>
			 <trkpt lat="54.683198" lon="25.292846">
				 <ele>100.4</ele>
			 </trkpt>
			 <trkpt lat="54.682978" lon="25.292846">
				 <ele>100.5</ele>
			 </trkpt>
			 <trkpt lat="54.682759" lon="25.292845">
				 <ele>100.6</ele>
			 </trkpt>
			 <trkpt lat="54.68254" lon="25.292845">
				 <ele>100.8</ele>
			 </trkpt>
			 <trkpt lat="54.682359" lon="25.292838">
				 <ele>101</ele>
			 </trkpt>
			 <trkpt lat="54.682178" lon="25.29283">
				 <ele>101.3</ele>
			 </trkpt>
			 <trkpt lat="54.681894" lon="25.292781">
				 <ele>101.5</ele>
			 </trkpt>
			 <trkpt lat="54.681681" lon="25.292634">
				 <ele>101.8</ele>
			 </trkpt>
			 <trkpt lat="54.681496" lon="25.292269">
				 <ele>102</ele>
			 </trkpt>
			 <trkpt lat="54.681311" lon="25.291905">
				 <ele>102.2</ele>
			 </trkpt>
			 <trkpt lat="54.681215" lon="25.291855">
				 <ele>102.4</ele>
			 </trkpt>
			 <trkpt lat="54.68096" lon="25.29184">
				 <ele>102.6</ele>
			 </trkpt>
			 <trkpt lat="54.680797" lon="25.291936">
				 <ele>102.9</ele>
			 </trkpt>
			 <trkpt lat="54.680633" lon="25.292032">
				 <ele>103.1</ele>
			 </trkpt>
			 <trkpt lat="54.680514" lon="25.292388">
				 <ele>103.3</ele>
			 </trkpt>
			 <trkpt lat="54.680418" lon="25.292882">
				 <ele>103.5</ele>
			 </trkpt>
			 <trkpt lat="54.680322" lon="25.293372">
				 <ele>103.5</ele>
			 </trkpt>
			 <trkpt lat="54.680288" lon="25.293814">
				 <ele>103.6</ele>
			 </trkpt>
			 <trkpt lat="54.680315" lon="25.294152">
				 <ele>103.7</ele>
			 </trkpt>
			 <trkpt lat="54.680341" lon="25.294487">
				 <ele>103.8</ele>
			 </trkpt>
			 <trkpt lat="54.680393" lon="25.294785">
				 <ele>103.9</ele>
			 </trkpt>
			 <trkpt lat="54.680446" lon="25.295081">
				 <ele>104</ele>
			 </trkpt>
			 <trkpt lat="54.680275" lon="25.295336">
				 <ele>104</ele>
			 </trkpt>
			 <trkpt lat="54.680144" lon="25.295747">
				 <ele>104</ele>
			 </trkpt>
			 <trkpt lat="54.680014" lon="25.296156">
				 <ele>104</ele>
			 </trkpt>
			 <trkpt lat="54.679911" lon="25.29662">
				 <ele>104</ele>
			 </trkpt>
			 <trkpt lat="54.679809" lon="25.297081">
				 <ele>104</ele>
			 </trkpt>
			 <trkpt lat="54.67969" lon="25.297462">
				 <ele>104</ele>
			 </trkpt>
			 <trkpt lat="54.679455" lon="25.297744">
				 <ele>104</ele>
			 </trkpt>
			 <trkpt lat="54.6792" lon="25.29797">
				 <ele>104</ele>
			 </trkpt>
			 <trkpt lat="54.679164" lon="25.298151">
				 <ele>104</ele>
			 </trkpt>
			 <trkpt lat="54.679165" lon="25.298431">
				 <ele>104</ele>
			 </trkpt>
			 <trkpt lat="54.679165" lon="25.298709">
				 <ele>104</ele>
			 </trkpt>
			 <trkpt lat="54.679161" lon="25.299188">
				 <ele>104</ele>
			 </trkpt>
			 <trkpt lat="54.679156" lon="25.299664">
				 <ele>104</ele>
			 </trkpt>
			 <trkpt lat="54.679158" lon="25.3002">
				 <ele>104</ele>
			 </trkpt>
			 <trkpt lat="54.679159" lon="25.300736">
				 <ele>104</ele>
			 </trkpt>
			 <trkpt lat="54.67916" lon="25.301272">
				 <ele>104</ele>
			 </trkpt>
			 <trkpt lat="54.679161" lon="25.301801">
				 <ele>104</ele>
			 </trkpt>
			 <trkpt lat="54.679159" lon="25.3023">
				 <ele>104</ele>
			 </trkpt>
			 <trkpt lat="54.679156" lon="25.3028">
				 <ele>104</ele>
			 </trkpt>
			 <trkpt lat="54.679153" lon="25.303295">
				 <ele>104</ele>
			 </trkpt>
			 <trkpt lat="54.679144" lon="25.303837">
				 <ele>104</ele>
			 </trkpt>
			 <trkpt lat="54.679134" lon="25.304379">
				 <ele>104</ele>
			 </trkpt>
			 <trkpt lat="54.679124" lon="25.304922">
				 <ele>104</ele>
			 </trkpt>
			 <trkpt lat="54.679114" lon="25.305464">
				 <ele>104</ele>
			 </trkpt>
			 <trkpt lat="54.679104" lon="25.306007">
				 <ele>104</ele>
			 </trkpt>
			 <trkpt lat="54.679094" lon="25.306549">
				 <ele>104</ele>
			 </trkpt>
			 <trkpt lat="54.679084" lon="25.307091">
				 <ele>104.1</ele>
			 </trkpt>
			 <trkpt lat="54.679074" lon="25.307621">
				 <ele>104.2</ele>
			 </trkpt>
			 <trkpt lat="54.679042" lon="25.307975">
				 <ele>104.3</ele>
			 </trkpt>
			 <trkpt lat="54.679011" lon="25.308327">
				 <ele>104.5</ele>
			 </trkpt>
			 <trkpt lat="54.678945" lon="25.308664">
				 <ele>104.6</ele>
			 </trkpt>
			 <trkpt lat="54.678879" lon="25.308999">
				 <ele>104.9</ele>
			 </trkpt>
			 <trkpt lat="54.678787" lon="25.309421">
				 <ele>105.2</ele>
			 </trkpt>
			 <trkpt lat="54.678694" lon="25.309843">
				 <ele>105.5</ele>
			 </trkpt>
			 <trkpt lat="54.678603" lon="25.310261">
				 <ele>105.9</ele>
			 </trkpt>
			 <trkpt lat="54.678559" lon="25.310293">
				 <ele>106.4</ele>
			 </trkpt>
			 <trkpt lat="54.678385" lon="25.310108">
				 <ele>106.8</ele>
			 </trkpt>
			 <trkpt lat="54.678211" lon="25.309924">
				 <ele>107.2</ele>
			 </trkpt>
			 <trkpt lat="54.678072" lon="25.309772">
				 <ele>107.6</ele>
			 </trkpt>
			 <trkpt lat="54.677921" lon="25.309446">
				 <ele>108.1</ele>
			 </trkpt>
			 <trkpt lat="54.677866" lon="25.309184">
				 <ele>108.5</ele>
			 </trkpt>
			 <trkpt lat="54.677812" lon="25.308923">
				 <ele>109</ele>
			 </trkpt>
			 <trkpt lat="54.677788" lon="25.308561">
				 <ele>109.4</ele>
			 </trkpt>
			 <trkpt lat="54.677852" lon="25.308116">
				 <ele>109.8</ele>
			 </trkpt>
			 <trkpt lat="54.677916" lon="25.307674">
				 <ele>110.2</ele>
			 </trkpt>
			 <trkpt lat="54.677987" lon="25.307218">
				 <ele>110.5</ele>
			 </trkpt>
			 <trkpt lat="54.678057" lon="25.306762">
				 <ele>110.8</ele>
			 </trkpt>
			 <trkpt lat="54.678127" lon="25.306306">
				 <ele>111.1</ele>
			 </trkpt>
			 <trkpt lat="54.678197" lon="25.305849">
				 <ele>111.4</ele>
			 </trkpt>
			 <trkpt lat="54.678266" lon="25.3054">
				 <ele>111.5</ele>
			 </trkpt>
			 <trkpt lat="54.678263" lon="25.304988">
				 <ele>111.5</ele>
			 </trkpt>
			 <trkpt lat="54.678259" lon="25.304575">
				 <ele>111.5</ele>
			 </trkpt>
			 <trkpt lat="54.678256" lon="25.304167">
				 <ele>111.5</ele>
			 </trkpt>
			 <trkpt lat="54.67829" lon="25.303773">
				 <ele>111.3</ele>
			 </trkpt>
			 <trkpt lat="54.678325" lon="25.30338">
				 <ele>111</ele>
			 </trkpt>
			 <trkpt lat="54.678359" lon="25.302989">
				 <ele>110.6</ele>
			 </trkpt>
			 <trkpt lat="54.678408" lon="25.302478">
				 <ele>110.2</ele>
			 </trkpt>
			 <trkpt lat="54.678462" lon="25.302037">
				 <ele>109.7</ele>
			 </trkpt>
			 <trkpt lat="54.678517" lon="25.301596">
				 <ele>109.2</ele>
			 </trkpt>
			 <trkpt lat="54.678571" lon="25.301155">
				 <ele>108.5</ele>
			 </trkpt>
			 <trkpt lat="54.678625" lon="25.300718">
				 <ele>107.9</ele>
			 </trkpt>
			 <trkpt lat="54.678694" lon="25.30022">
				 <ele>107.3</ele>
			 </trkpt>
			 <trkpt lat="54.678764" lon="25.299722">
				 <ele>106.5</ele>
			 </trkpt>
			 <trkpt lat="54.678833" lon="25.299228">
				 <ele>105.8</ele>
			 </trkpt>
			 <trkpt lat="54.678905" lon="25.298857">
				 <ele>105.2</ele>
			 </trkpt>
			 <trkpt lat="54.678976" lon="25.298486">
				 <ele>104.5</ele>
			 </trkpt>
			 <trkpt lat="54.679047" lon="25.298118">
				 <ele>103.8</ele>
			 </trkpt>
			 <trkpt lat="54.679084" lon="25.297794">
				 <ele>103.3</ele>
			 </trkpt>
			 <trkpt lat="54.679087" lon="25.297316">
				 <ele>102.6</ele>
			 </trkpt>
			 <trkpt lat="54.679089" lon="25.296837">
				 <ele>102.1</ele>
			 </trkpt>
			 <trkpt lat="54.679092" lon="25.296363">
				 <ele>101.6</ele>
			 </trkpt>
			 <trkpt lat="54.679074" lon="25.295917">
				 <ele>101.4</ele>
			 </trkpt>
			 <trkpt lat="54.679057" lon="25.29547">
				 <ele>101.1</ele>
			 </trkpt>
			 <trkpt lat="54.679039" lon="25.295023">
				 <ele>100.9</ele>
			 </trkpt>
			 <trkpt lat="54.679022" lon="25.294581">
				 <ele>100.9</ele>
			 </trkpt>
			 <trkpt lat="54.679022" lon="25.294233">
				 <ele>100.9</ele>
			 </trkpt>
			 <trkpt lat="54.679023" lon="25.293886">
				 <ele>101.1</ele>
			 </trkpt>
			 <trkpt lat="54.679122" lon="25.293388">
				 <ele>101.3</ele>
			 </trkpt>
			 <trkpt lat="54.679298" lon="25.293074">
				 <ele>101.5</ele>
			 </trkpt>
			 <trkpt lat="54.679512" lon="25.292884">
				 <ele>102</ele>
			 </trkpt>
			 <trkpt lat="54.679726" lon="25.292695">
				 <ele>102.5</ele>
			 </trkpt>
			 <trkpt lat="54.679939" lon="25.292506">
				 <ele>103.2</ele>
			 </trkpt>
			 <trkpt lat="54.680152" lon="25.292317">
				 <ele>103.8</ele>
			 </trkpt>
			 <trkpt lat="54.680364" lon="25.29213">
				 <ele>104.5</ele>
			 </trkpt>
			 <trkpt lat="54.680575" lon="25.291943">
				 <ele>105.4</ele>
			 </trkpt>
			 <trkpt lat="54.680687" lon="25.291681">
				 <ele>106.1</ele>
			 </trkpt>
			 <trkpt lat="54.680796" lon="25.291238">
				 <ele>106.9</ele>
			 </trkpt>
			 <trkpt lat="54.680776" lon="25.290759">
				 <ele>107.7</ele>
			 </trkpt>
			 <trkpt lat="54.680756" lon="25.290283">
				 <ele>108.5</ele>
			 </trkpt>
			 <trkpt lat="54.680984" lon="25.29002">
				 <ele>109.4</ele>
			 </trkpt>
			 <trkpt lat="54.681086" lon="25.289773">
				 <ele>110.2</ele>
			 </trkpt>
			 <trkpt lat="54.681187" lon="25.289526">
				 <ele>111</ele>
			 </trkpt>
			 <trkpt lat="54.681403" lon="25.289192">
				 <ele>111.7</ele>
			 </trkpt>
			 <trkpt lat="54.681191" lon="25.289029">
				 <ele>112.5</ele>
			 </trkpt>
			 <trkpt lat="54.680979" lon="25.288865">
				 <ele>113.1</ele>
			 </trkpt>
			 <trkpt lat="54.680768" lon="25.288702">
				 <ele>113.6</ele>
			 </trkpt>
			 <trkpt lat="54.680551" lon="25.288577">
				 <ele>114.2</ele>
			 </trkpt>
			 <trkpt lat="54.680334" lon="25.288453">
				 <ele>114.7</ele>
			 </trkpt>
			 <trkpt lat="54.680118" lon="25.288329">
				 <ele>115.2</ele>
			 </trkpt>
			 <trkpt lat="54.679933" lon="25.288159">
				 <ele>115.6</ele>
			 </trkpt>
			 <trkpt lat="54.679748" lon="25.28799">
				 <ele>116</ele>
			 </trkpt>
			 <trkpt lat="54.679611" lon="25.287813">
				 <ele>116.3</ele>
			 </trkpt>
			 <trkpt lat="54.679475" lon="25.287637">
				 <ele>116.5</ele>
			 </trkpt>
			 <trkpt lat="54.679281" lon="25.287339">
				 <ele>116.6</ele>
			 </trkpt>
			 <trkpt lat="54.679432" lon="25.287063">
				 <ele>116.6</ele>
			 </trkpt>
			 <trkpt lat="54.679587" lon="25.286905">
				 <ele>116.6</ele>
			 </trkpt>
			 <trkpt lat="54.679742" lon="25.286747">
				 <ele>116.6</ele>
			 </trkpt>
			 <trkpt lat="54.679888" lon="25.286553">
				 <ele>116.6</ele>
			 </trkpt>
			 <trkpt lat="54.680032" lon="25.28636">
				 <ele>116.5</ele>
			 </trkpt>
			 <trkpt lat="54.680242" lon="25.286141">
				 <ele>116.5</ele>
			 </trkpt>
			 <trkpt lat="54.680393" lon="25.286139">
				 <ele>116.4</ele>
			 </trkpt>
			 <trkpt lat="54.680634" lon="25.286308">
				 <ele>116.2</ele>
			 </trkpt>
			 <trkpt lat="54.680875" lon="25.286477">
				 <ele>116</ele>
			 </trkpt>
			 <trkpt lat="54.681083" lon="25.286518">
				 <ele>115.8</ele>
			 </trkpt>
			 <trkpt lat="54.681299" lon="25.286495">
				 <ele>115.6</ele>
			 </trkpt>
			 <trkpt lat="54.681515" lon="25.286472">
				 <ele>115.5</ele>
			 </trkpt>
			 <trkpt lat="54.681531" lon="25.286342">
				 <ele>115.5</ele>
			 </trkpt>
			 <trkpt lat="54.68143" lon="25.285965">
				 <ele>115.3</ele>
			 </trkpt>
			 <trkpt lat="54.68133" lon="25.285589">
				 <ele>115.1</ele>
			 </trkpt>
			 <trkpt lat="54.681257" lon="25.285114">
				 <ele>114.9</ele>
			 </trkpt>
			 <trkpt lat="54.68135" lon="25.284937">
				 <ele>114.7</ele>
			 </trkpt>
			 <trkpt lat="54.681483" lon="25.284502">
				 <ele>114.5</ele>
			 </trkpt>
			 <trkpt lat="54.681615" lon="25.284066">
				 <ele>114.5</ele>
			 </trkpt>
			 <trkpt lat="54.681746" lon="25.283635">
				 <ele>114.4</ele>
			 </trkpt>
			 <trkpt lat="54.6819" lon="25.283218">
				 <ele>114.2</ele>
			 </trkpt>
			 <trkpt lat="54.682052" lon="25.282804">
				 <ele>114</ele>
			 </trkpt>
			 <trkpt lat="54.682236" lon="25.282432">
				 <ele>113.8</ele>
			 </trkpt>
			 <trkpt lat="54.682419" lon="25.282062">
				 <ele>113.6</ele>
			 </trkpt>
			 <trkpt lat="54.682591" lon="25.281675">
				 <ele>113.5</ele>
			 </trkpt>
			 <trkpt lat="54.682762" lon="25.28129">
				 <ele>113.5</ele>
			 </trkpt>
			 <trkpt lat="54.682646" lon="25.280809">
				 <ele>113.4</ele>
			 </trkpt>
			 <trkpt lat="54.682529" lon="25.280327">
				 <ele>113.3</ele>
			 </trkpt>
			 <trkpt lat="54.682414" lon="25.27985">
				 <ele>113.2</ele>
			 </trkpt>
			 <trkpt lat="54.682649" lon="25.279745">
				 <ele>113.1</ele>
			 </trkpt>
			 <trkpt lat="54.682884" lon="25.279641">
				 <ele>113</ele>
			 </trkpt>
			 <trkpt lat="54.683118" lon="25.279537">
				 <ele>113</ele>
			 </trkpt>
			 <trkpt lat="54.683423" lon="25.279413">
				 <ele>113</ele>
			 </trkpt>
			 <trkpt lat="54.683727" lon="25.279289">
				 <ele>112.9</ele>
			 </trkpt>
			 <trkpt lat="54.683873" lon="25.278951">
				 <ele>112.8</ele>
			 </trkpt>
			 <trkpt lat="54.684018" lon="25.278615">
				 <ele>112.7</ele>
			 </trkpt>
			 <trkpt lat="54.684138" lon="25.27831">
				 <ele>112.6</ele>
			 </trkpt>
			 <trkpt lat="54.684257" lon="25.278006">
				 <ele>112.5</ele>
			 </trkpt>
			 <trkpt lat="54.684375" lon="25.277703">
				 <ele>112.5</ele>
			 </trkpt>
			 <trkpt lat="54.684501" lon="25.277408">
				 <ele>112.4</ele>
			 </trkpt>
			 <trkpt lat="54.684567" lon="25.27732">
				 <ele>112.2</ele>
			 </trkpt>
			 <trkpt lat="54.684717" lon="25.277479">
				 <ele>112</ele>
			 </trkpt>
			 <trkpt lat="54.684867" lon="25.277637">
				 <ele>111.8</ele>
			 </trkpt>
			 <trkpt lat="54.685105" lon="25.277886">
				 <ele>111.5</ele>
			 </trkpt>
			 <trkpt lat="54.685342" lon="25.278134">
				 <ele>111.4</ele>
			 </trkpt>
			 <trkpt lat="54.685551" lon="25.278226">
				 <ele>111.1</ele>
			 </trkpt>
			 <trkpt lat="54.685759" lon="25.278318">
				 <ele>110.8</ele>
			 </trkpt>
			 <trkpt lat="54.686009" lon="25.278412">
				 <ele>110.5</ele>
			 </trkpt>
			 <trkpt lat="54.686257" lon="25.278507">
				 <ele>110.1</ele>
			 </trkpt>
			 <trkpt lat="54.686467" lon="25.278579">
				 <ele>109.6</ele>
			 </trkpt>
			 <trkpt lat="54.686678" lon="25.278652">
				 <ele>109.2</ele>
			 </trkpt>
			 <trkpt lat="54.686887" lon="25.278724">
				 <ele>108.7</ele>
			 </trkpt>
			 <trkpt lat="54.687067" lon="25.27877">
				 <ele>108.3</ele>
			 </trkpt>
			 <trkpt lat="54.687246" lon="25.278816">
				 <ele>107.8</ele>
			 </trkpt>
			 <trkpt lat="54.687336" lon="25.278309">
				 <ele>107.4</ele>
			 </trkpt>
			 <trkpt lat="54.687427" lon="25.277801">
				 <ele>106.9</ele>
			 </trkpt>
			 <trkpt lat="54.687518" lon="25.277293">
				 <ele>106.5</ele>
			 </trkpt>
			 <trkpt lat="54.687608" lon="25.276786">
				 <ele>106</ele>
			 </trkpt>
			 <trkpt lat="54.687698" lon="25.276286">
				 <ele>105.5</ele>
			 </trkpt>
			 <trkpt lat="54.687785" lon="25.27582">
				 <ele>105.1</ele>
			 </trkpt>
			 <trkpt lat="54.687872" lon="25.275354">
				 <ele>104.7</ele>
			 </trkpt>
			 <trkpt lat="54.687959" lon="25.274891">
				 <ele>104.3</ele>
			 </trkpt>
			 <trkpt lat="54.688035" lon="25.274423">
				 <ele>103.9</ele>
			 </trkpt>
			 <trkpt lat="54.688111" lon="25.273955">
				 <ele>103.5</ele>
			 </trkpt>
			 <trkpt lat="54.688187" lon="25.273487">
				 <ele>103.2</ele>
			 </trkpt>
			 <trkpt lat="54.688264" lon="25.273019">
				 <ele>102.9</ele>
			 </trkpt>
			 <trkpt lat="54.688339" lon="25.272558">
				 <ele>102.5</ele>
			 </trkpt>
			 <trkpt lat="54.688428" lon="25.27204">
				 <ele>102.4</ele>
			 </trkpt>
			 <trkpt lat="54.688517" lon="25.271522">
				 <ele>102.2</ele>
			 </trkpt>
			 <trkpt lat="54.688606" lon="25.271003">
				 <ele>102.1</ele>
			 </trkpt>
			 <trkpt lat="54.688695" lon="25.270485">
				 <ele>102.1</ele>
			 </trkpt>
			 <trkpt lat="54.688783" lon="25.269974">
				 <ele>102.1</ele>
			 </trkpt>
			 <trkpt lat="54.688844" lon="25.269551">
				 <ele>102.3</ele>
			 </trkpt>
			 <trkpt lat="54.688904" lon="25.269128">
				 <ele>102.5</ele>
			 </trkpt>
			 <trkpt lat="54.688964" lon="25.268709">
				 <ele>102.9</ele>
			 </trkpt>
			 <trkpt lat="54.688738" lon="25.268505">
				 <ele>103.4</ele>
			 </trkpt>
			 <trkpt lat="54.688512" lon="25.268301">
				 <ele>104</ele>
			 </trkpt>
			 <trkpt lat="54.68823" lon="25.268147">
				 <ele>104.8</ele>
			 </trkpt>
			 <trkpt lat="54.687948" lon="25.267993">
				 <ele>105.7</ele>
			 </trkpt>
			 <trkpt lat="54.687667" lon="25.26784">
				 <ele>106.7</ele>
			 </trkpt>
			 <trkpt lat="54.687387" lon="25.267728">
				 <ele>107.9</ele>
			 </trkpt>
			 <trkpt lat="54.687107" lon="25.267616">
				 <ele>109.2</ele>
			 </trkpt>
			 <trkpt lat="54.686828" lon="25.267505">
				 <ele>110.6</ele>
			 </trkpt>
			 <trkpt lat="54.686608" lon="25.267384">
				 <ele>112.2</ele>
			 </trkpt>
			 <trkpt lat="54.686389" lon="25.267264">
				 <ele>113.7</ele>
			 </trkpt>
			 <trkpt lat="54.686163" lon="25.266969">
				 <ele>115.4</ele>
			 </trkpt>
			 <trkpt lat="54.685936" lon="25.266674">
				 <ele>117.1</ele>
			 </trkpt>
			 <trkpt lat="54.685709" lon="25.266379">
				 <ele>118.8</ele>
			 </trkpt>
			 <trkpt lat="54.685484" lon="25.266086">
				 <ele>120.6</ele>
			 </trkpt>
			 <trkpt lat="54.685266" lon="25.265863">
				 <ele>122.4</ele>
			 </trkpt>
			 <trkpt lat="54.685048" lon="25.265641">
				 <ele>124.2</ele>
			 </trkpt>
			 <trkpt lat="54.68483" lon="25.265418">
				 <ele>125.9</ele>
			 </trkpt>
			 <trkpt lat="54.684613" lon="25.265196">
				 <ele>127.5</ele>
			 </trkpt>
			 <trkpt lat="54.684396" lon="25.264975">
				 <ele>129.1</ele>
			 </trkpt>
			 <trkpt lat="54.684178" lon="25.264943">
				 <ele>130.5</ele>
			 </trkpt>
			 <trkpt lat="54.68396" lon="25.264912">
				 <ele>131.9</ele>
			 </trkpt>
			 <trkpt lat="54.683693" lon="25.264898">
				 <ele>133.2</ele>
			 </trkpt>
			 <trkpt lat="54.683425" lon="25.264885">
				 <ele>134.3</ele>
			 </trkpt>
			 <trkpt lat="54.683159" lon="25.264871">
				 <ele>135.2</ele>
			 </trkpt>
			 <trkpt lat="54.682925" lon="25.264866">
				 <ele>135.9</ele>
			 </trkpt>
			 <trkpt lat="54.682692" lon="25.26486">
				 <ele>136.5</ele>
			 </trkpt>
			 <trkpt lat="54.682459" lon="25.264855">
				 <ele>137</ele>
			 </trkpt>
			 <trkpt lat="54.682417" lon="25.264747">
				 <ele>137.4</ele>
			 </trkpt>
			 <trkpt lat="54.682402" lon="25.264272">
				 <ele>137.5</ele>
			 </trkpt>
			 <trkpt lat="54.682387" lon="25.263798">
				 <ele>137.6</ele>
			 </trkpt>
			 <trkpt lat="54.682371" lon="25.263324">
				 <ele>137.5</ele>
			 </trkpt>
			 <trkpt lat="54.682356" lon="25.262849">
				 <ele>137.5</ele>
			 </trkpt>
			 <trkpt lat="54.682341" lon="25.262382">
				 <ele>137.2</ele>
			 </trkpt>
			 <trkpt lat="54.682338" lon="25.261961">
				 <ele>136.8</ele>
			 </trkpt>
			 <trkpt lat="54.682334" lon="25.26154">
				 <ele>136.4</ele>
			 </trkpt>
			 <trkpt lat="54.68233" lon="25.261123">
				 <ele>135.9</ele>
			 </trkpt>
			 <trkpt lat="54.682327" lon="25.260613">
				 <ele>135.4</ele>
			 </trkpt>
			 <trkpt lat="54.682323" lon="25.260103">
				 <ele>134.7</ele>
			 </trkpt>
			 <trkpt lat="54.682319" lon="25.259598">
				 <ele>134</ele>
			 </trkpt>
			 <trkpt lat="54.682321" lon="25.259161">
				 <ele>133.4</ele>
			 </trkpt>
			 <trkpt lat="54.682324" lon="25.258724">
				 <ele>132.6</ele>
			 </trkpt>
			 <trkpt lat="54.682326" lon="25.258288">
				 <ele>131.9</ele>
			 </trkpt>
			 <trkpt lat="54.682328" lon="25.257856">
				 <ele>131.2</ele>
			 </trkpt>
			 <trkpt lat="54.682331" lon="25.257388">
				 <ele>130.5</ele>
			 </trkpt>
			 <trkpt lat="54.682333" lon="25.25692">
				 <ele>129.7</ele>
			 </trkpt>
			 <trkpt lat="54.682335" lon="25.256452">
				 <ele>129.1</ele>
			 </trkpt>
			 <trkpt lat="54.682338" lon="25.255985">
				 <ele>128.4</ele>
			 </trkpt>
			 <trkpt lat="54.68234" lon="25.255517">
				 <ele>127.7</ele>
			 </trkpt>
			 <trkpt lat="54.682342" lon="25.255057">
				 <ele>127.1</ele>
			 </trkpt>
			 <trkpt lat="54.68235" lon="25.254555">
				 <ele>126.5</ele>
			 </trkpt>
			 <trkpt lat="54.682358" lon="25.254052">
				 <ele>126</ele>
			 </trkpt>
			 <trkpt lat="54.682367" lon="25.253549">
				 <ele>125.5</ele>
			 </trkpt>
			 <trkpt lat="54.682375" lon="25.253046">
				 <ele>125.2</ele>
			 </trkpt>
			 <trkpt lat="54.682383" lon="25.252544">
				 <ele>124.8</ele>
			 </trkpt>
			 <trkpt lat="54.682391" lon="25.252041">
				 <ele>124.5</ele>
			 </trkpt>
			 <trkpt lat="54.682399" lon="25.251549">
				 <ele>124.4</ele>
			 </trkpt>
			 <trkpt lat="54.682406" lon="25.251088">
				 <ele>124.2</ele>
			 </trkpt>
			 <trkpt lat="54.682413" lon="25.250627">
				 <ele>124.2</ele>
			 </trkpt>
			 <trkpt lat="54.682421" lon="25.250166">
				 <ele>124.2</ele>
			 </trkpt>
			 <trkpt lat="54.682428" lon="25.249705">
				 <ele>124.4</ele>
			 </trkpt>
			 <trkpt lat="54.682435" lon="25.249244">
				 <ele>124.6</ele>
			 </trkpt>
			 <trkpt lat="54.682443" lon="25.248791">
				 <ele>124.9</ele>
			 </trkpt>
			 <trkpt lat="54.682447" lon="25.248304">
				 <ele>125.3</ele>
			 </trkpt>
			 <trkpt lat="54.68245" lon="25.247818">
				 <ele>125.6</ele>
			 </trkpt>
			 <trkpt lat="54.682454" lon="25.247335">
				 <ele>126.1</ele>
			 </trkpt>
			 <trkpt lat="54.682464" lon="25.246841">
				 <ele>126.5</ele>
			 </trkpt>
			 <trkpt lat="54.682473" lon="25.246347">
				 <ele>127.1</ele>
			 </trkpt>
			 <trkpt lat="54.682482" lon="25.245852">
				 <ele>127.6</ele>
			 </trkpt>
			 <trkpt lat="54.682492" lon="25.245364">
				 <ele>128.2</ele>
			 </trkpt>
			 <trkpt lat="54.682503" lon="25.244876">
				 <ele>128.7</ele>
			 </trkpt>
			 <trkpt lat="54.682515" lon="25.244389">
				 <ele>129.2</ele>
			 </trkpt>
			 <trkpt lat="54.682526" lon="25.243906">
				 <ele>129.5</ele>
			 </trkpt>
			 <trkpt lat="54.682819" lon="25.243768">
				 <ele>129.9</ele>
			 </trkpt>
			 <trkpt lat="54.683112" lon="25.243632">
				 <ele>130.2</ele>
			 </trkpt>
			 <trkpt lat="54.683405" lon="25.243494">
				 <ele>130.4</ele>
			 </trkpt>
			 <trkpt lat="54.683697" lon="25.243357">
				 <ele>130.5</ele>
			 </trkpt>
			 <trkpt lat="54.683988" lon="25.243221">
				 <ele>130.5</ele>
			 </trkpt>
			 <trkpt lat="54.684296" lon="25.243253">
				 <ele>130.4</ele>
			 </trkpt>
			 <trkpt lat="54.684604" lon="25.243285">
				 <ele>130.2</ele>
			 </trkpt>
			 <trkpt lat="54.684912" lon="25.243318">
				 <ele>129.9</ele>
			 </trkpt>
			 <trkpt lat="54.68522" lon="25.24335">
				 <ele>129.5</ele>
			 </trkpt>
			 <trkpt lat="54.685528" lon="25.243382">
				 <ele>129.1</ele>
			 </trkpt>
			 <trkpt lat="54.685836" lon="25.243414">
				 <ele>128.6</ele>
			 </trkpt>
			 <trkpt lat="54.686144" lon="25.243446">
				 <ele>128.1</ele>
			 </trkpt>
			 <trkpt lat="54.686452" lon="25.243478">
				 <ele>127.5</ele>
			 </trkpt>
			 <trkpt lat="54.68676" lon="25.24351">
				 <ele>126.9</ele>
			 </trkpt>
			 <trkpt lat="54.687065" lon="25.243542">
				 <ele>126.3</ele>
			 </trkpt>
			 <trkpt lat="54.687372" lon="25.243425">
				 <ele>125.6</ele>
			 </trkpt>
			 <trkpt lat="54.687678" lon="25.243308">
				 <ele>125</ele>
			 </trkpt>
			 <trkpt lat="54.687984" lon="25.243191">
				 <ele>124.4</ele>
			 </trkpt>
			 <trkpt lat="54.688" lon="25.242695">
				 <ele>123.7</ele>
			 </trkpt>
			 <trkpt lat="54.688017" lon="25.2422">
				 <ele>123.1</ele>
			 </trkpt>
			 <trkpt lat="54.688034" lon="25.241705">
				 <ele>122.5</ele>
			 </trkpt>
			 <trkpt lat="54.68805" lon="25.24121">
				 <ele>121.9</ele>
			 </trkpt>
			 <trkpt lat="54.688067" lon="25.240714">
				 <ele>121.3</ele>
			 </trkpt>
			 <trkpt lat="54.688084" lon="25.240219">
				 <ele>120.7</ele>
			 </trkpt>
			 <trkpt lat="54.6881" lon="25.239724">
				 <ele>120.2</ele>
			 </trkpt>
			 <trkpt lat="54.688117" lon="25.239241">
				 <ele>119.6</ele>
			 </trkpt>
			 <trkpt lat="54.688208" lon="25.23893">
				 <ele>119.2</ele>
			 </trkpt>
			 <trkpt lat="54.688298" lon="25.238622">
				 <ele>118.6</ele>
			 </trkpt>
			 <trkpt lat="54.688065" lon="25.238806">
				 <ele>118.2</ele>
			 </trkpt>
			 <trkpt lat="54.687782" lon="25.238649">
				 <ele>117.6</ele>
			 </trkpt>
			 <trkpt lat="54.6875" lon="25.238491">
				 <ele>117.2</ele>
			 </trkpt>
			 <trkpt lat="54.687217" lon="25.238334">
				 <ele>116.7</ele>
			 </trkpt>
			 <trkpt lat="54.686935" lon="25.238176">
				 <ele>116.3</ele>
			 </trkpt>
			 <trkpt lat="54.686653" lon="25.238019">
				 <ele>115.9</ele>
			 </trkpt>
			 <trkpt lat="54.68637" lon="25.237861">
				 <ele>115.5</ele>
			 </trkpt>
			 <trkpt lat="54.68609" lon="25.237705">
				 <ele>114.9</ele>
			 </trkpt>
			 <trkpt lat="54.685819" lon="25.237601">
				 <ele>114.5</ele>
			 </trkpt>
			 <trkpt lat="54.685548" lon="25.237498">
				 <ele>113.9</ele>
			 </trkpt>
			 <trkpt lat="54.685277" lon="25.237395">
				 <ele>113.4</ele>
			 </trkpt>
			 <trkpt lat="54.685006" lon="25.237292">
				 <ele>112.8</ele>
			 </trkpt>
			 <trkpt lat="54.684735" lon="25.237189">
				 <ele>112.4</ele>
			 </trkpt>
			 <trkpt lat="54.684465" lon="25.237086">
				 <ele>111.9</ele>
			 </trkpt>
			 <trkpt lat="54.684198" lon="25.236815">
				 <ele>111.4</ele>
			 </trkpt>
			 <trkpt lat="54.683932" lon="25.236546">
				 <ele>110.9</ele>
			 </trkpt>
			 <trkpt lat="54.68379" lon="25.236243">
				 <ele>110.5</ele>
			 </trkpt>
			 <trkpt lat="54.683649" lon="25.235939">
				 <ele>110.2</ele>
			 </trkpt>
			 <trkpt lat="54.683508" lon="25.235638">
				 <ele>110</ele>
			 </trkpt>
			 <trkpt lat="54.68331" lon="25.235488">
				 <ele>109.8</ele>
			 </trkpt>
			 <trkpt lat="54.683001" lon="25.235433">
				 <ele>109.8</ele>
			 </trkpt>
			 <trkpt lat="54.682824" lon="25.235395">
				 <ele>109.9</ele>
			 </trkpt>
			 <trkpt lat="54.682651" lon="25.235367">
				 <ele>110</ele>
			 </trkpt>
			 <trkpt lat="54.682546" lon="25.235324">
				 <ele>110.2</ele>
			 </trkpt>
			 <trkpt lat="54.682443" lon="25.235444">
				 <ele>110.5</ele>
			 </trkpt>
			 <trkpt lat="54.682386" lon="25.235555">
				 <ele>110.9</ele>
			 </trkpt>
			 <trkpt lat="54.682466" lon="25.236023">
				 <ele>111.4</ele>
			 </trkpt>
			 <trkpt lat="54.682362" lon="25.236259">
				 <ele>111.9</ele>
			 </trkpt>
			 <trkpt lat="54.682249" lon="25.236409">
				 <ele>112.5</ele>
			 </trkpt>
			 <trkpt lat="54.682147" lon="25.236651">
				 <ele>113.1</ele>
			 </trkpt>
			 <trkpt lat="54.682045" lon="25.236892">
				 <ele>113.8</ele>
			 </trkpt>
			 <trkpt lat="54.681917" lon="25.237081">
				 <ele>114.5</ele>
			 </trkpt>
			 <trkpt lat="54.681789" lon="25.237269">
				 <ele>115.4</ele>
			 </trkpt>
			 <trkpt lat="54.68164" lon="25.237402">
				 <ele>116.3</ele>
			 </trkpt>
			 <trkpt lat="54.681362" lon="25.237574">
				 <ele>117.1</ele>
			 </trkpt>
			 <trkpt lat="54.681085" lon="25.237746">
				 <ele>117.9</ele>
			 </trkpt>
			 <trkpt lat="54.680807" lon="25.237918">
				 <ele>118.6</ele>
			 </trkpt>
			 <trkpt lat="54.680531" lon="25.238089">
				 <ele>119.5</ele>
			 </trkpt>
			 <trkpt lat="54.68024" lon="25.238213">
				 <ele>120.2</ele>
			 </trkpt>
			 <trkpt lat="54.67995" lon="25.238337">
				 <ele>120.8</ele>
			 </trkpt>
			 <trkpt lat="54.67966" lon="25.238461">
				 <ele>121.4</ele>
			 </trkpt>
			 <trkpt lat="54.679359" lon="25.238569">
				 <ele>121.8</ele>
			 </trkpt>
			 <trkpt lat="54.679058" lon="25.238676">
				 <ele>122.2</ele>
			 </trkpt>
			 <trkpt lat="54.678756" lon="25.238784">
				 <ele>122.5</ele>
			 </trkpt>
			 <trkpt lat="54.678455" lon="25.238892">
				 <ele>122.6</ele>
			 </trkpt>
			 <trkpt lat="54.678155" lon="25.239">
				 <ele>122.8</ele>
			 </trkpt>
			 <trkpt lat="54.677901" lon="25.239095">
				 <ele>122.8</ele>
			 </trkpt>
			 <trkpt lat="54.677646" lon="25.239191">
				 <ele>122.8</ele>
			 </trkpt>
			 <trkpt lat="54.677391" lon="25.239286">
				 <ele>122.6</ele>
			 </trkpt>
			 <trkpt lat="54.677137" lon="25.239381">
				 <ele>122.5</ele>
			 </trkpt>
			 <trkpt lat="54.676895" lon="25.239461">
				 <ele>122.2</ele>
			 </trkpt>
			 <trkpt lat="54.676653" lon="25.239541">
				 <ele>121.9</ele>
			 </trkpt>
			 <trkpt lat="54.676412" lon="25.23962">
				 <ele>121.5</ele>
			 </trkpt>
			 <trkpt lat="54.676147" lon="25.239681">
				 <ele>121.1</ele>
			 </trkpt>
			 <trkpt lat="54.675882" lon="25.239742">
				 <ele>120.5</ele>
			 </trkpt>
			 <trkpt lat="54.675617" lon="25.239803">
				 <ele>120</ele>
			 </trkpt>
			 <trkpt lat="54.675353" lon="25.239864">
				 <ele>119.4</ele>
			 </trkpt>
			 <trkpt lat="54.67508" lon="25.23986">
				 <ele>118.8</ele>
			 </trkpt>
			 <trkpt lat="54.674807" lon="25.239857">
				 <ele>118.2</ele>
			 </trkpt>
			 <trkpt lat="54.674534" lon="25.239853">
				 <ele>117.6</ele>
			 </trkpt>
			 <trkpt lat="54.674263" lon="25.23985">
				 <ele>117</ele>
			 </trkpt>
			 <trkpt lat="54.674154" lon="25.239818">
				 <ele>116.5</ele>
			 </trkpt>
			 <trkpt lat="54.674028" lon="25.240005">
				 <ele>115.8</ele>
			 </trkpt>
			 <trkpt lat="54.673902" lon="25.240191">
				 <ele>115.3</ele>
			 </trkpt>
			 <trkpt lat="54.673874" lon="25.240113">
				 <ele>114.8</ele>
			 </trkpt>
			 <trkpt lat="54.674042" lon="25.239878">
				 <ele>114.4</ele>
			 </trkpt>
			 <trkpt lat="54.674209" lon="25.239643">
				 <ele>113.9</ele>
			 </trkpt>
			 <trkpt lat="54.674301" lon="25.239549">
				 <ele>113.5</ele>
			 </trkpt>
			 <trkpt lat="54.67439" lon="25.23947">
				 <ele>113.2</ele>
			 </trkpt>
			 <trkpt lat="54.674595" lon="25.239201">
				 <ele>112.9</ele>
			 </trkpt>
			 <trkpt lat="54.674801" lon="25.238932">
				 <ele>112.6</ele>
			 </trkpt>
			 <trkpt lat="54.675007" lon="25.238663">
				 <ele>112.5</ele>
			 </trkpt>
			 <trkpt lat="54.675212" lon="25.238395">
				 <ele>112.4</ele>
			 </trkpt>
			 <trkpt lat="54.675416" lon="25.238128">
				 <ele>112.4</ele>
			 </trkpt>
			 <trkpt lat="54.675622" lon="25.237833">
				 <ele>112.4</ele>
			 </trkpt>
			 <trkpt lat="54.675827" lon="25.237537">
				 <ele>112.4</ele>
			 </trkpt>
			 <trkpt lat="54.676033" lon="25.237241">
				 <ele>112.5</ele>
			 </trkpt>
			 <trkpt lat="54.676237" lon="25.236948">
				 <ele>112.5</ele>
			 </trkpt>
			 <trkpt lat="54.676445" lon="25.236666">
				 <ele>112.6</ele>
			 </trkpt>
			 <trkpt lat="54.676653" lon="25.236384">
				 <ele>112.7</ele>
			 </trkpt>
			 <trkpt lat="54.676862" lon="25.236102">
				 <ele>112.8</ele>
			 </trkpt>
			 <trkpt lat="54.67707" lon="25.23582">
				 <ele>112.9</ele>
			 </trkpt>
			 <trkpt lat="54.677278" lon="25.235538">
				 <ele>113</ele>
			 </trkpt>
			 <trkpt lat="54.677484" lon="25.235259">
				 <ele>113</ele>
			 </trkpt>
			 <trkpt lat="54.677666" lon="25.235011">
				 <ele>113</ele>
			 </trkpt>
			 <trkpt lat="54.677848" lon="25.234763">
				 <ele>113</ele>
			 </trkpt>
			 <trkpt lat="54.678029" lon="25.234517">
				 <ele>113</ele>
			 </trkpt>
			 <trkpt lat="54.678257" lon="25.234477">
				 <ele>112.9</ele>
			 </trkpt>
			 <trkpt lat="54.678485" lon="25.234438">
				 <ele>112.8</ele>
			 </trkpt>
			 <trkpt lat="54.678712" lon="25.234398">
				 <ele>112.7</ele>
			 </trkpt>
			 <trkpt lat="54.679026" lon="25.234371">
				 <ele>112.6</ele>
			 </trkpt>
			 <trkpt lat="54.67934" lon="25.234343">
				 <ele>112.5</ele>
			 </trkpt>
			 <trkpt lat="54.679655" lon="25.234316">
				 <ele>112.3</ele>
			 </trkpt>
			 <trkpt lat="54.679969" lon="25.234288">
				 <ele>112.1</ele>
			 </trkpt>
			 <trkpt lat="54.680283" lon="25.234261">
				 <ele>111.9</ele>
			 </trkpt>
			 <trkpt lat="54.680597" lon="25.234233">
				 <ele>111.7</ele>
			 </trkpt>
			 <trkpt lat="54.680911" lon="25.234206">
				 <ele>111.5</ele>
			 </trkpt>
			 <trkpt lat="54.681225" lon="25.234178">
				 <ele>111.4</ele>
			 </trkpt>
			 <trkpt lat="54.68154" lon="25.234151">
				 <ele>111.3</ele>
			 </trkpt>
			 <trkpt lat="54.681854" lon="25.234123">
				 <ele>111.3</ele>
			 </trkpt>
			 <trkpt lat="54.682168" lon="25.234096">
				 <ele>111.3</ele>
			 </trkpt>
			 <trkpt lat="54.682482" lon="25.234068">
				 <ele>111.3</ele>
			 </trkpt>
			 <trkpt lat="54.682793" lon="25.234041">
				 <ele>111.5</ele>
			 </trkpt>
			 <trkpt lat="54.683103" lon="25.234011">
				 <ele>111.6</ele>
			 </trkpt>
			 <trkpt lat="54.683413" lon="25.233981">
				 <ele>111.9</ele>
			 </trkpt>
			 <trkpt lat="54.683722" lon="25.233951">
				 <ele>112.2</ele>
			 </trkpt>
			 <trkpt lat="54.684032" lon="25.233921">
				 <ele>112.5</ele>
			 </trkpt>
			 <trkpt lat="54.684342" lon="25.233891">
				 <ele>112.9</ele>
			 </trkpt>
			 <trkpt lat="54.684652" lon="25.23386">
				 <ele>113.4</ele>
			 </trkpt>
			 <trkpt lat="54.68496" lon="25.233831">
				 <ele>113.8</ele>
			 </trkpt>
			 <trkpt lat="54.685143" lon="25.233907">
				 <ele>114.2</ele>
			 </trkpt>
			 <trkpt lat="54.685326" lon="25.233984">
				 <ele>114.6</ele>
			 </trkpt>
			 <trkpt lat="54.685565" lon="25.234277">
				 <ele>115.1</ele>
			 </trkpt>
			 <trkpt lat="54.685804" lon="25.234571">
				 <ele>115.5</ele>
			 </trkpt>
			 <trkpt lat="54.686043" lon="25.234864">
				 <ele>115.8</ele>
			 </trkpt>
			 <trkpt lat="54.686281" lon="25.235156">
				 <ele>116.1</ele>
			 </trkpt>
			 <trkpt lat="54.6865" lon="25.235415">
				 <ele>116.3</ele>
			 </trkpt>
			 <trkpt lat="54.686719" lon="25.235675">
				 <ele>116.4</ele>
			 </trkpt>
			 <trkpt lat="54.686938" lon="25.235934">
				 <ele>116.5</ele>
			 </trkpt>
			 <trkpt lat="54.687157" lon="25.236193">
				 <ele>116.4</ele>
			 </trkpt>
			 <trkpt lat="54.687375" lon="25.236452">
				 <ele>116.2</ele>
			 </trkpt>
			 <trkpt lat="54.687592" lon="25.236709">
				 <ele>116</ele>
			 </trkpt>
			 <trkpt lat="54.687824" lon="25.23701">
				 <ele>115.6</ele>
			 </trkpt>
			 <trkpt lat="54.688055" lon="25.237311">
				 <ele>115.2</ele>
			 </trkpt>
			 <trkpt lat="54.688286" lon="25.237612">
				 <ele>114.6</ele>
			 </trkpt>
			 <trkpt lat="54.688517" lon="25.237913">
				 <ele>114</ele>
			 </trkpt>
			 <trkpt lat="54.688747" lon="25.238212">
				 <ele>113.3</ele>
			 </trkpt>
			 <trkpt lat="54.688972" lon="25.238499">
				 <ele>112.5</ele>
			 </trkpt>
			 <trkpt lat="54.689197" lon="25.238785">
				 <ele>111.7</ele>
			 </trkpt>
			 <trkpt lat="54.689422" lon="25.239072">
				 <ele>110.7</ele>
			 </trkpt>
			 <trkpt lat="54.689648" lon="25.239359">
				 <ele>109.7</ele>
			 </trkpt>
			 <trkpt lat="54.689873" lon="25.239646">
				 <ele>108.7</ele>
			 </trkpt>
			 <trkpt lat="54.690096" lon="25.23993">
				 <ele>107.5</ele>
			 </trkpt>
			 <trkpt lat="54.690254" lon="25.240259">
				 <ele>106.4</ele>
			 </trkpt>
			 <trkpt lat="54.690411" lon="25.240587">
				 <ele>105.2</ele>
			 </trkpt>
			 <trkpt lat="54.690568" lon="25.240913">
				 <ele>103.9</ele>
			 </trkpt>
			 <trkpt lat="54.69068" lon="25.241097">
				 <ele>102.6</ele>
			 </trkpt>
			 <trkpt lat="54.690843" lon="25.24118">
				 <ele>101.5</ele>
			 </trkpt>
			 <trkpt lat="54.690946" lon="25.241441">
				 <ele>100.3</ele>
			 </trkpt>
			 <trkpt lat="54.691048" lon="25.241701">
				 <ele>99.2</ele>
			 </trkpt>
			 <trkpt lat="54.691165" lon="25.242076">
				 <ele>98.3</ele>
			 </trkpt>
			 <trkpt lat="54.691283" lon="25.242451">
				 <ele>97.4</ele>
			 </trkpt>
			 <trkpt lat="54.6914" lon="25.242826">
				 <ele>96.5</ele>
			 </trkpt>
			 <trkpt lat="54.691517" lon="25.243198">
				 <ele>95.9</ele>
			 </trkpt>
			 <trkpt lat="54.691641" lon="25.243632">
				 <ele>95.4</ele>
			 </trkpt>
			 <trkpt lat="54.691765" lon="25.244064">
				 <ele>94.9</ele>
			 </trkpt>
			 <trkpt lat="54.691873" lon="25.24445">
				 <ele>94.6</ele>
			 </trkpt>
			 <trkpt lat="54.69198" lon="25.244834">
				 <ele>94.5</ele>
			 </trkpt>
			 <trkpt lat="54.69212" lon="25.245296">
				 <ele>94.2</ele>
			 </trkpt>
			 <trkpt lat="54.692046" lon="25.245816">
				 <ele>94</ele>
			 </trkpt>
			 <trkpt lat="54.691744" lon="25.245908">
				 <ele>93.8</ele>
			 </trkpt>
			 <trkpt lat="54.691443" lon="25.246001">
				 <ele>93.6</ele>
			 </trkpt>
			 <trkpt lat="54.691245" lon="25.246087">
				 <ele>93.5</ele>
			 </trkpt>
			 <trkpt lat="54.691048" lon="25.246173">
				 <ele>93.3</ele>
			 </trkpt>
			 <trkpt lat="54.690773" lon="25.246293">
				 <ele>93.1</ele>
			 </trkpt>
			 <trkpt lat="54.690498" lon="25.246413">
				 <ele>92.9</ele>
			 </trkpt>
			 <trkpt lat="54.690223" lon="25.246533">
				 <ele>92.6</ele>
			 </trkpt>
			 <trkpt lat="54.689949" lon="25.246653">
				 <ele>92.4</ele>
			 </trkpt>
			 <trkpt lat="54.689767" lon="25.246709">
				 <ele>92.1</ele>
			 </trkpt>
			 <trkpt lat="54.689585" lon="25.246764">
				 <ele>91.9</ele>
			 </trkpt>
			 <trkpt lat="54.689501" lon="25.246267">
				 <ele>91.7</ele>
			 </trkpt>
			 <trkpt lat="54.689452" lon="25.245904">
				 <ele>91.5</ele>
			 </trkpt>
			 <trkpt lat="54.689403" lon="25.245543">
				 <ele>91.3</ele>
			 </trkpt>
			 <trkpt lat="54.689307" lon="25.245448">
				 <ele>91.1</ele>
			 </trkpt>
			 <trkpt lat="54.68905" lon="25.245539">
				 <ele>90.9</ele>
			 </trkpt>
			 <trkpt lat="54.688798" lon="25.245772">
				 <ele>90.7</ele>
			 </trkpt>
			 <trkpt lat="54.688577" lon="25.245959">
				 <ele>90.5</ele>
			 </trkpt>
			 <trkpt lat="54.688356" lon="25.246145">
				 <ele>90.4</ele>
			 </trkpt>
			 <trkpt lat="54.688151" lon="25.246334">
				 <ele>90.2</ele>
			 </trkpt>
			 <trkpt lat="54.687945" lon="25.246522">
				 <ele>90</ele>
			 </trkpt>
			 <trkpt lat="54.68774" lon="25.24671">
				 <ele>89.8</ele>
			 </trkpt>
			 <trkpt lat="54.687583" lon="25.246883">
				 <ele>89.6</ele>
			 </trkpt>
			 <trkpt lat="54.687426" lon="25.247055">
				 <ele>89.4</ele>
			 </trkpt>
			 <trkpt lat="54.687273" lon="25.247248">
				 <ele>89.2</ele>
			 </trkpt>
			 <trkpt lat="54.68712" lon="25.247441">
				 <ele>89</ele>
			 </trkpt>
			 <trkpt lat="54.686968" lon="25.247723">
				 <ele>88.8</ele>
			 </trkpt>
			 <trkpt lat="54.686818" lon="25.248004">
				 <ele>88.6</ele>
			 </trkpt>
			 <trkpt lat="54.686664" lon="25.248281">
				 <ele>88.5</ele>
			 </trkpt>
			 <trkpt lat="54.68651" lon="25.248557">
				 <ele>88.4</ele>
			 </trkpt>
			 <trkpt lat="54.686345" lon="25.24883">
				 <ele>88.3</ele>
			 </trkpt>
			 <trkpt lat="54.68618" lon="25.249104">
				 <ele>88.2</ele>
			 </trkpt>
			 <trkpt lat="54.686016" lon="25.249376">
				 <ele>88.2</ele>
			 </trkpt>
			 <trkpt lat="54.685794" lon="25.249674">
				 <ele>88.2</ele>
			 </trkpt>
			 <trkpt lat="54.685677" lon="25.25015">
				 <ele>88.3</ele>
			 </trkpt>
			 <trkpt lat="54.685561" lon="25.250623">
				 <ele>88.4</ele>
			 </trkpt>
			 <trkpt lat="54.685522" lon="25.251039">
				 <ele>88.5</ele>
			 </trkpt>
			 <trkpt lat="54.685483" lon="25.251452">
				 <ele>88.5</ele>
			 </trkpt>
			 <trkpt lat="54.685461" lon="25.251885">
				 <ele>88.6</ele>
			 </trkpt>
			 <trkpt lat="54.685438" lon="25.252315">
				 <ele>88.7</ele>
			 </trkpt>
			 <trkpt lat="54.685346" lon="25.252785">
				 <ele>88.8</ele>
			 </trkpt>
			 <trkpt lat="54.685254" lon="25.253252">
				 <ele>88.9</ele>
			 </trkpt>
			 <trkpt lat="54.685147" lon="25.253759">
				 <ele>89.1</ele>
			 </trkpt>
			 <trkpt lat="54.685158" lon="25.254295">
				 <ele>89.2</ele>
			 </trkpt>
			 <trkpt lat="54.685232" lon="25.254751">
				 <ele>89.3</ele>
			 </trkpt>
			 <trkpt lat="54.685306" lon="25.255203">
				 <ele>89.4</ele>
			 </trkpt>
			 <trkpt lat="54.685443" lon="25.255638">
				 <ele>89.5</ele>
			 </trkpt>
			 <trkpt lat="54.685579" lon="25.256071">
				 <ele>89.5</ele>
			 </trkpt>
			 <trkpt lat="54.685754" lon="25.256415">
				 <ele>89.6</ele>
			 </trkpt>
			 <trkpt lat="54.685899" lon="25.256619">
				 <ele>89.8</ele>
			 </trkpt>
			 <trkpt lat="54.686044" lon="25.256822">
				 <ele>90</ele>
			 </trkpt>
			 <trkpt lat="54.686253" lon="25.257133">
				 <ele>90.2</ele>
			 </trkpt>
			 <trkpt lat="54.68646" lon="25.257443">
				 <ele>90.4</ele>
			 </trkpt>
			 <trkpt lat="54.686735" lon="25.257565">
				 <ele>90.5</ele>
			 </trkpt>
			 <trkpt lat="54.687008" lon="25.257687">
				 <ele>90.5</ele>
			 </trkpt>
			 <trkpt lat="54.687266" lon="25.257755">
				 <ele>90.6</ele>
			 </trkpt>
			 <trkpt lat="54.687523" lon="25.257822">
				 <ele>90.7</ele>
			 </trkpt>
			 <trkpt lat="54.68778" lon="25.25789">
				 <ele>90.8</ele>
			 </trkpt>
			 <trkpt lat="54.688037" lon="25.257958">
				 <ele>91</ele>
			 </trkpt>
			 <trkpt lat="54.68832" lon="25.257999">
				 <ele>91.2</ele>
			 </trkpt>
			 <trkpt lat="54.688602" lon="25.25804">
				 <ele>91.4</ele>
			 </trkpt>
			 <trkpt lat="54.688817" lon="25.258058">
				 <ele>91.5</ele>
			 </trkpt>
			 <trkpt lat="54.689032" lon="25.258076">
				 <ele>91.7</ele>
			 </trkpt>
			 <trkpt lat="54.689247" lon="25.258094">
				 <ele>92</ele>
			 </trkpt>
			 <trkpt lat="54.689516" lon="25.258125">
				 <ele>92.3</ele>
			 </trkpt>
			 <trkpt lat="54.689784" lon="25.258156">
				 <ele>92.5</ele>
			 </trkpt>
			 <trkpt lat="54.690036" lon="25.258186">
				 <ele>92.9</ele>
			 </trkpt>
			 <trkpt lat="54.690288" lon="25.258216">
				 <ele>93.3</ele>
			 </trkpt>
			 <trkpt lat="54.69054" lon="25.258241">
				 <ele>93.7</ele>
			 </trkpt>
			 <trkpt lat="54.69079" lon="25.258266">
				 <ele>94.1</ele>
			 </trkpt>
			 <trkpt lat="54.691026" lon="25.258327">
				 <ele>94.5</ele>
			 </trkpt>
			 <trkpt lat="54.69126" lon="25.258389">
				 <ele>94.7</ele>
			 </trkpt>
			 <trkpt lat="54.691548" lon="25.258483">
				 <ele>95</ele>
			 </trkpt>
			 <trkpt lat="54.691835" lon="25.258577">
				 <ele>95.3</ele>
			 </trkpt>
			 <trkpt lat="54.692121" lon="25.258671">
				 <ele>95.5</ele>
			 </trkpt>
			 <trkpt lat="54.692356" lon="25.258771">
				 <ele>95.6</ele>
			 </trkpt>
			 <trkpt lat="54.692591" lon="25.258871">
				 <ele>95.8</ele>
			 </trkpt>
			 <trkpt lat="54.692824" lon="25.258971">
				 <ele>95.9</ele>
			 </trkpt>
			 <trkpt lat="54.693097" lon="25.259159">
				 <ele>96</ele>
			 </trkpt>
			 <trkpt lat="54.69337" lon="25.259346">
				 <ele>95.9</ele>
			 </trkpt>
			 <trkpt lat="54.693631" lon="25.259545">
				 <ele>95.8</ele>
			 </trkpt>
			 <trkpt lat="54.693892" lon="25.259743">
				 <ele>95.7</ele>
			 </trkpt>
			 <trkpt lat="54.694152" lon="25.259941">
				 <ele>95.6</ele>
			 </trkpt>
			 <trkpt lat="54.694345" lon="25.260083">
				 <ele>95.5</ele>
			 </trkpt>
			 <trkpt lat="54.694538" lon="25.260225">
				 <ele>95.5</ele>
			 </trkpt>
			 <trkpt lat="54.69473" lon="25.260367">
				 <ele>95.3</ele>
			 </trkpt>
			 <trkpt lat="54.694888" lon="25.260527">
				 <ele>95.1</ele>
			 </trkpt>
			 <trkpt lat="54.695046" lon="25.260686">
				 <ele>94.9</ele>
			 </trkpt>
			 <trkpt lat="54.695221" lon="25.260974">
				 <ele>94.7</ele>
			 </trkpt>
			 <trkpt lat="54.695396" lon="25.261261">
				 <ele>94.5</ele>
			 </trkpt>
			 <trkpt lat="54.695542" lon="25.261595">
				 <ele>94.5</ele>
			 </trkpt>
			 <trkpt lat="54.695688" lon="25.261927">
				 <ele>94.4</ele>
			 </trkpt>
			 <trkpt lat="54.695789" lon="25.262291">
				 <ele>94.3</ele>
			 </trkpt>
			 <trkpt lat="54.695889" lon="25.262654">
				 <ele>94.1</ele>
			 </trkpt>
			 <trkpt lat="54.69595" lon="25.263038">
				 <ele>93.9</ele>
			 </trkpt>
			 <trkpt lat="54.696012" lon="25.26342">
				 <ele>93.7</ele>
			 </trkpt>
			 <trkpt lat="54.696033" lon="25.263942">
				 <ele>93.6</ele>
			 </trkpt>
			 <trkpt lat="54.696055" lon="25.26446">
				 <ele>93.5</ele>
			 </trkpt>
			 <trkpt lat="54.696051" lon="25.264828">
				 <ele>93.3</ele>
			 </trkpt>
			 <trkpt lat="54.696047" lon="25.265195">
				 <ele>93.1</ele>
			 </trkpt>
			 <trkpt lat="54.696031" lon="25.265648">
				 <ele>92.8</ele>
			 </trkpt>
			 <trkpt lat="54.696015" lon="25.266099">
				 <ele>92.5</ele>
			 </trkpt>
			 <trkpt lat="54.69598" lon="25.266468">
				 <ele>92.3</ele>
			 </trkpt>
			 <trkpt lat="54.695944" lon="25.266836">
				 <ele>91.9</ele>
			 </trkpt>
			 <trkpt lat="54.695898" lon="25.267132">
				 <ele>91.6</ele>
			 </trkpt>
			 <trkpt lat="54.695852" lon="25.267425">
				 <ele>91.4</ele>
			 </trkpt>
			 <trkpt lat="54.695734" lon="25.267898">
				 <ele>91</ele>
			 </trkpt>
			 <trkpt lat="54.695695" lon="25.268279">
				 <ele>90.6</ele>
			 </trkpt>
			 <trkpt lat="54.695695" lon="25.268564">
				 <ele>90.4</ele>
			 </trkpt>
			 <trkpt lat="54.695577" lon="25.268909">
				 <ele>90.1</ele>
			 </trkpt>
			 <trkpt lat="54.695461" lon="25.269253">
				 <ele>89.8</ele>
			 </trkpt>
			 <trkpt lat="54.695316" lon="25.269361">
				 <ele>89.5</ele>
			 </trkpt>
			 <trkpt lat="54.695172" lon="25.269469">
				 <ele>89.3</ele>
			 </trkpt>
			 <trkpt lat="54.694954" lon="25.269834">
				 <ele>89</ele>
			 </trkpt>
			 <trkpt lat="54.694737" lon="25.270198">
				 <ele>88.8</ele>
			 </trkpt>
			 <trkpt lat="54.694552" lon="25.270477">
				 <ele>88.6</ele>
			 </trkpt>
			 <trkpt lat="54.694368" lon="25.270756">
				 <ele>88.5</ele>
			 </trkpt>
			 <trkpt lat="54.694184" lon="25.271033">
				 <ele>88.4</ele>
			 </trkpt>
			 <trkpt lat="54.693978" lon="25.27133">
				 <ele>88.2</ele>
			 </trkpt>
			 <trkpt lat="54.693771" lon="25.271627">
				 <ele>88.1</ele>
			 </trkpt>
			 <trkpt lat="54.693565" lon="25.271922">
				 <ele>88</ele>
			 </trkpt>
			 <trkpt lat="54.69337" lon="25.272223">
				 <ele>87.9</ele>
			 </trkpt>
			 <trkpt lat="54.693247" lon="25.272429">
				 <ele>87.9</ele>
			 </trkpt>
			 <trkpt lat="54.693124" lon="25.272634">
				 <ele>88</ele>
			 </trkpt>
			 <trkpt lat="54.692977" lon="25.272912">
				 <ele>88.1</ele>
			 </trkpt>
			 <trkpt lat="54.692829" lon="25.273189">
				 <ele>88.2</ele>
			 </trkpt>
			 <trkpt lat="54.692699" lon="25.273529">
				 <ele>88.4</ele>
			 </trkpt>
			 <trkpt lat="54.692605" lon="25.273758">
				 <ele>88.5</ele>
			 </trkpt>
			 <trkpt lat="54.692511" lon="25.273985">
				 <ele>88.8</ele>
			 </trkpt>
			 <trkpt lat="54.692422" lon="25.27431">
				 <ele>89.2</ele>
			 </trkpt>
			 <trkpt lat="54.6923" lon="25.274719">
				 <ele>89.5</ele>
			 </trkpt>
			 <trkpt lat="54.692239" lon="25.275075">
				 <ele>89.7</ele>
			 </trkpt>
			 <trkpt lat="54.692195" lon="25.275408">
				 <ele>90.1</ele>
			 </trkpt>
			 <trkpt lat="54.692185" lon="25.275736">
				 <ele>90.5</ele>
			 </trkpt>
			 <trkpt lat="54.69217" lon="25.276151">
				 <ele>90.7</ele>
			 </trkpt>
			 <trkpt lat="54.692157" lon="25.276579">
				 <ele>91</ele>
			 </trkpt>
			 <trkpt lat="54.692137" lon="25.276989">
				 <ele>91.3</ele>
			 </trkpt>
			 <trkpt lat="54.692111" lon="25.277273">
				 <ele>91.5</ele>
			 </trkpt>
			 <trkpt lat="54.692084" lon="25.277554">
				 <ele>91.6</ele>
			 </trkpt>
			 <trkpt lat="54.692083" lon="25.277872">
				 <ele>91.7</ele>
			 </trkpt>
			 <trkpt lat="54.692066" lon="25.278218">
				 <ele>91.8</ele>
			 </trkpt>
			 <trkpt lat="54.692056" lon="25.278494">
				 <ele>91.9</ele>
			 </trkpt>
			 <trkpt lat="54.692046" lon="25.278769">
				 <ele>92</ele>
			 </trkpt>
			 <trkpt lat="54.692024" lon="25.279154">
				 <ele>92</ele>
			 </trkpt>
			 <trkpt lat="54.692024" lon="25.27948">
				 <ele>92</ele>
			 </trkpt>
			 <trkpt lat="54.692023" lon="25.279796">
				 <ele>92.1</ele>
			 </trkpt>
			 <trkpt lat="54.691963" lon="25.279945">
				 <ele>92.2</ele>
			 </trkpt>
			 <trkpt lat="54.691712" lon="25.27995">
				 <ele>92.3</ele>
			 </trkpt>
			 <trkpt lat="54.69146" lon="25.279955">
				 <ele>92.4</ele>
			 </trkpt>
			 <trkpt lat="54.691209" lon="25.27996">
				 <ele>92.5</ele>
			 </trkpt>
			 <trkpt lat="54.690958" lon="25.279965">
				 <ele>92.5</ele>
			 </trkpt>
			 <trkpt lat="54.690891" lon="25.280076">
				 <ele>92.6</ele>
			 </trkpt>
			 <trkpt lat="54.690861" lon="25.280549">
				 <ele>92.7</ele>
			 </trkpt>
			 <trkpt lat="54.690832" lon="25.28102">
				 <ele>92.8</ele>
			 </trkpt>
			 <trkpt lat="54.690787" lon="25.281412">
				 <ele>92.9</ele>
			 </trkpt>
			 <trkpt lat="54.690742" lon="25.281803">
				 <ele>93</ele>
			 </trkpt>
			 <trkpt lat="54.690698" lon="25.282191">
				 <ele>93</ele>
			 </trkpt>
			 <trkpt lat="54.690683" lon="25.282645">
				 <ele>93</ele>
			 </trkpt>
			 <trkpt lat="54.690566" lon="25.283099">
				 <ele>93</ele>
			 </trkpt>
			 <trkpt lat="54.690422" lon="25.283516">
				 <ele>93</ele>
			 </trkpt>
			 <trkpt lat="54.690278" lon="25.28393">
				 <ele>93</ele>
			 </trkpt>
			 <trkpt lat="54.690106" lon="25.284259">
				 <ele>93</ele>
			 </trkpt>
			 <trkpt lat="54.689933" lon="25.284587">
				 <ele>93</ele>
			 </trkpt>
			 <trkpt lat="54.68976" lon="25.284916">
				 <ele>93</ele>
			 </trkpt>
			 <trkpt lat="54.689588" lon="25.285242">
				 <ele>93</ele>
			 </trkpt>
			 <trkpt lat="54.689404" lon="25.285556">
				 <ele>93</ele>
			 </trkpt>
			 <trkpt lat="54.689221" lon="25.28587">
				 <ele>93</ele>
			 </trkpt>
			 <trkpt lat="54.689037" lon="25.286185">
				 <ele>93</ele>
			 </trkpt>
			 <trkpt lat="54.688855" lon="25.286496">
				 <ele>93</ele>
			 </trkpt>
			 <trkpt lat="54.688669" lon="25.2869">
				 <ele>93</ele>
			 </trkpt>
			 <trkpt lat="54.688483" lon="25.287303">
				 <ele>93</ele>
			 </trkpt>
			 <trkpt lat="54.688355" lon="25.287615">
				 <ele>93</ele>
			 </trkpt>
			 <trkpt lat="54.688227" lon="25.287925">
				 <ele>93</ele>
			 </trkpt>
			 <trkpt lat="54.688207" lon="25.2883">
				 <ele>93</ele>
			 </trkpt>
			 <trkpt lat="54.688246" lon="25.288837">
				 <ele>93.1</ele>
			 </trkpt>
			 <trkpt lat="54.688284" lon="25.289371">
				 <ele>93.2</ele>
			 </trkpt>
			 <trkpt lat="54.688337" lon="25.28986">
				 <ele>93.3</ele>
			 </trkpt>
			 <trkpt lat="54.688388" lon="25.290349">
				 <ele>93.4</ele>
			 </trkpt>
			 <trkpt lat="54.688441" lon="25.290838">
				 <ele>93.5</ele>
			 </trkpt>
			 <trkpt lat="54.688492" lon="25.291321">
				 <ele>93.6</ele>
			 </trkpt>
			 <trkpt lat="54.688529" lon="25.291692">
				 <ele>93.8</ele>
			 </trkpt>
			 <trkpt lat="54.688565" lon="25.29206">
				 <ele>94.1</ele>
			 </trkpt>
			 <trkpt lat="54.688598" lon="25.2923">
				 <ele>94.4</ele>
			 </trkpt>
			 <trkpt lat="54.688718" lon="25.292715">
				 <ele>94.7</ele>
			 </trkpt>
			 <trkpt lat="54.688838" lon="25.293128">
				 <ele>95.2</ele>
			 </trkpt>
			 <trkpt lat="54.688978" lon="25.293567">
				 <ele>95.6</ele>
			 </trkpt>
			 <trkpt lat="54.689118" lon="25.294007">
				 <ele>96.2</ele>
			 </trkpt>
			 <trkpt lat="54.689258" lon="25.294447">
				 <ele>96.7</ele>
			 </trkpt>
			 <trkpt lat="54.689398" lon="25.294887">
				 <ele>97.4</ele>
			 </trkpt>
			 <trkpt lat="54.689536" lon="25.295321">
				 <ele>98.1</ele>
			 </trkpt>
			 <trkpt lat="54.689675" lon="25.295716">
				 <ele>98.8</ele>
			 </trkpt>
			 <trkpt lat="54.689814" lon="25.296108">
				 <ele>99.7</ele>
			 </trkpt>
			 <trkpt lat="54.68993" lon="25.296402">
				 <ele>100.6</ele>
			 </trkpt>
			 <trkpt lat="54.69009" lon="25.296788">
				 <ele>101.5</ele>
			 </trkpt>
			 <trkpt lat="54.690248" lon="25.297171">
				 <ele>102.5</ele>
			 </trkpt>
			 <trkpt lat="54.690389" lon="25.297489">
				 <ele>103.5</ele>
			 </trkpt>
			 <trkpt lat="54.690529" lon="25.297806">
				 <ele>104.4</ele>
			 </trkpt>
			 <trkpt lat="54.690668" lon="25.298121">
				 <ele>105.3</ele>
			 </trkpt>
			 <trkpt lat="54.690817" lon="25.298466">
				 <ele>106.3</ele>
			 </trkpt>
			 <trkpt lat="54.690966" lon="25.29881">
				 <ele>107.3</ele>
			 </trkpt>
			 <trkpt lat="54.691134" lon="25.299197">
				 <ele>108.2</ele>
			 </trkpt>
			 <trkpt lat="54.691302" lon="25.299584">
				 <ele>109.1</ele>
			 </trkpt>
			 <trkpt lat="54.691469" lon="25.299968">
				 <ele>109.8</ele>
			 </trkpt>
			 <trkpt lat="54.691647" lon="25.300382">
				 <ele>110.5</ele>
			 </trkpt>
			 <trkpt lat="54.691824" lon="25.300796">
				 <ele>111.3</ele>
			 </trkpt>
			 <trkpt lat="54.692002" lon="25.301209">
				 <ele>111.8</ele>
			 </trkpt>
			 <trkpt lat="54.692179" lon="25.301619">
				 <ele>112.4</ele>
			 </trkpt>
			 <trkpt lat="54.692348" lon="25.302003">
				 <ele>112.8</ele>
			 </trkpt>
			 <trkpt lat="54.692517" lon="25.302387">
				 <ele>113.2</ele>
			 </trkpt>
			 <trkpt lat="54.692685" lon="25.302769">
				 <ele>113.5</ele>
			 </trkpt>
			 <trkpt lat="54.692821" lon="25.303067">
				 <ele>113.6</ele>
			 </trkpt>
			 <trkpt lat="54.692955" lon="25.303364">
				 <ele>113.8</ele>
			 </trkpt>
			 <trkpt lat="54.692981" lon="25.303326">
				 <ele>113.9</ele>
			 </trkpt>
			 <trkpt lat="54.692951" lon="25.303207">
				 <ele>113.9</ele>
			 </trkpt>
			 <trkpt lat="54.692837" lon="25.302956">
				 <ele>113.8</ele>
			 </trkpt>
			 <trkpt lat="54.692725" lon="25.302706">
				 <ele>113.6</ele>
			 </trkpt>
			 <trkpt lat="54.692565" lon="25.302363">
				 <ele>113.5</ele>
			 </trkpt>
			 <trkpt lat="54.692428" lon="25.302037">
				 <ele>113.2</ele>
			 </trkpt>
			 <trkpt lat="54.69229" lon="25.301711">
				 <ele>112.8</ele>
			 </trkpt>
			 <trkpt lat="54.692154" lon="25.301388">
				 <ele>112.4</ele>
			 </trkpt>
			 <trkpt lat="54.691997" lon="25.301035">
				 <ele>111.9</ele>
			 </trkpt>
			 <trkpt lat="54.691849" lon="25.300678">
				 <ele>111.4</ele>
			 </trkpt>
			 <trkpt lat="54.691701" lon="25.300321">
				 <ele>110.7</ele>
			 </trkpt>
			 <trkpt lat="54.691554" lon="25.299967">
				 <ele>110</ele>
			 </trkpt>
			 <trkpt lat="54.691425" lon="25.299694">
				 <ele>109.3</ele>
			 </trkpt>
			 <trkpt lat="54.691297" lon="25.299421">
				 <ele>108.5</ele>
			 </trkpt>
			 <trkpt lat="54.691118" lon="25.299006">
				 <ele>107.6</ele>
			 </trkpt>
			 <trkpt lat="54.691034" lon="25.298797">
				 <ele>106.7</ele>
			 </trkpt>
			 <trkpt lat="54.690849" lon="25.298383">
				 <ele>105.7</ele>
			 </trkpt>
			 <trkpt lat="54.690731" lon="25.298125">
				 <ele>104.8</ele>
			 </trkpt>
			 <trkpt lat="54.690613" lon="25.297868">
				 <ele>103.9</ele>
			 </trkpt>
			 <trkpt lat="54.690465" lon="25.297521">
				 <ele>102.9</ele>
			 </trkpt>
			 <trkpt lat="54.690282" lon="25.297107">
				 <ele>101.9</ele>
			 </trkpt>
			 <trkpt lat="54.690173" lon="25.296835">
				 <ele>100.9</ele>
			 </trkpt>
			 <trkpt lat="54.690064" lon="25.296564">
				 <ele>99.9</ele>
			 </trkpt>
			 <trkpt lat="54.689912" lon="25.296159">
				 <ele>99</ele>
			 </trkpt>
			 <trkpt lat="54.689765" lon="25.295737">
				 <ele>98.1</ele>
			 </trkpt>
			 <trkpt lat="54.689618" lon="25.295314">
				 <ele>97.3</ele>
			 </trkpt>
			 <trkpt lat="54.689471" lon="25.294895">
				 <ele>96.5</ele>
			 </trkpt>
			 <trkpt lat="54.689342" lon="25.294488">
				 <ele>95.8</ele>
			 </trkpt>
			 <trkpt lat="54.689212" lon="25.294083">
				 <ele>95.2</ele>
			 </trkpt>
			 <trkpt lat="54.689128" lon="25.293805">
				 <ele>94.5</ele>
			 </trkpt>
			 <trkpt lat="54.689043" lon="25.293528">
				 <ele>94</ele>
			 </trkpt>
			 <trkpt lat="54.688906" lon="25.293084">
				 <ele>93.5</ele>
			 </trkpt>
			 <trkpt lat="54.688769" lon="25.292643">
				 <ele>93.1</ele>
			 </trkpt>
			 <trkpt lat="54.6887" lon="25.292345">
				 <ele>92.7</ele>
			 </trkpt>
			 <trkpt lat="54.688656" lon="25.29203">
				 <ele>92.4</ele>
			 </trkpt>
			 <trkpt lat="54.688612" lon="25.291651">
				 <ele>92.1</ele>
			 </trkpt>
			 <trkpt lat="54.688569" lon="25.291273">
				 <ele>91.8</ele>
			 </trkpt>
			 <trkpt lat="54.688526" lon="25.290899">
				 <ele>91.6</ele>
			 </trkpt>
			 <trkpt lat="54.688475" lon="25.290411">
				 <ele>91.5</ele>
			 </trkpt>
			 <trkpt lat="54.688423" lon="25.289926">
				 <ele>91.3</ele>
			 </trkpt>
			 <trkpt lat="54.688384" lon="25.289503">
				 <ele>91.2</ele>
			 </trkpt>
			 <trkpt lat="54.688344" lon="25.28908">
				 <ele>91.2</ele>
			 </trkpt>
			 <trkpt lat="54.688305" lon="25.28866">
				 <ele>91.2</ele>
			 </trkpt>
			 <trkpt lat="54.688275" lon="25.2883">
				 <ele>91.3</ele>
			 </trkpt>
			 <trkpt lat="54.688316" lon="25.288185">
				 <ele>91.4</ele>
			 </trkpt>
			 <trkpt lat="54.688359" lon="25.288134">
				 <ele>91.5</ele>
			 </trkpt>
			 <trkpt lat="54.688622" lon="25.288173">
				 <ele>91.6</ele>
			 </trkpt>
			 <trkpt lat="54.688885" lon="25.288212">
				 <ele>91.8</ele>
			 </trkpt>
			 <trkpt lat="54.689147" lon="25.288251">
				 <ele>92</ele>
			 </trkpt>
			 <trkpt lat="54.689331" lon="25.288263">
				 <ele>92.3</ele>
			 </trkpt>
			 <trkpt lat="54.689514" lon="25.288274">
				 <ele>92.5</ele>
			 </trkpt>
			 <trkpt lat="54.689558" lon="25.28822">
				 <ele>92.8</ele>
			 </trkpt>
			 <trkpt lat="54.689664" lon="25.287989">
				 <ele>93.1</ele>
			 </trkpt>
			 <trkpt lat="54.68977" lon="25.287758">
				 <ele>93.4</ele>
			 </trkpt>
			 <trkpt lat="54.689929" lon="25.28745">
				 <ele>93.6</ele>
			 </trkpt>
			 <trkpt lat="54.690087" lon="25.287144">
				 <ele>93.9</ele>
			 </trkpt>
			 <trkpt lat="54.690284" lon="25.286793">
				 <ele>94.3</ele>
			 </trkpt>
			 <trkpt lat="54.690482" lon="25.286442">
				 <ele>94.5</ele>
			 </trkpt>
			 <trkpt lat="54.690678" lon="25.286092">
				 <ele>94.8</ele>
			 </trkpt>
			 <trkpt lat="54.690864" lon="25.285677">
				 <ele>95.1</ele>
			 </trkpt>
			 <trkpt lat="54.691051" lon="25.285261">
				 <ele>95.3</ele>
			 </trkpt>
			 <trkpt lat="54.691237" lon="25.284848">
				 <ele>95.5</ele>
			 </trkpt>
			 <trkpt lat="54.691271" lon="25.284762">
				 <ele>95.8</ele>
			 </trkpt>
			 <trkpt lat="54.691379" lon="25.28439">
				 <ele>96</ele>
			 </trkpt>
			 <trkpt lat="54.691488" lon="25.284017">
				 <ele>96.2</ele>
			 </trkpt>
			 <trkpt lat="54.691596" lon="25.283648">
				 <ele>96.4</ele>
			 </trkpt>
			 <trkpt lat="54.69172" lon="25.283181">
				 <ele>96.5</ele>
			 </trkpt>
			 <trkpt lat="54.691778" lon="25.282703">
				 <ele>96.6</ele>
			 </trkpt>
			 <trkpt lat="54.691836" lon="25.282226">
				 <ele>96.7</ele>
			 </trkpt>
			 <trkpt lat="54.691894" lon="25.281753">
				 <ele>96.8</ele>
			 </trkpt>
			 <trkpt lat="54.691937" lon="25.281275">
				 <ele>96.9</ele>
			 </trkpt>
			 <trkpt lat="54.691981" lon="25.280797">
				 <ele>97</ele>
			 </trkpt>
			 <trkpt lat="54.692024" lon="25.280319">
				 <ele>97</ele>
			 </trkpt>
			 <trkpt lat="54.692067" lon="25.279847">
				 <ele>97</ele>
			 </trkpt>
			 <trkpt lat="54.692099" lon="25.279421">
				 <ele>97</ele>
			 </trkpt>
			 <trkpt lat="54.69213" lon="25.278996">
				 <ele>97</ele>
			 </trkpt>
			 <trkpt lat="54.692161" lon="25.278574">
				 <ele>97</ele>
			 </trkpt>
			 <trkpt lat="54.69218" lon="25.27827">
				 <ele>97</ele>
			 </trkpt>
			 <trkpt lat="54.692199" lon="25.277968">
				 <ele>97</ele>
			 </trkpt>
			 <trkpt lat="54.692269" lon="25.277702">
				 <ele>97</ele>
			 </trkpt>
			 <trkpt lat="54.692338" lon="25.277437">
				 <ele>97</ele>
			 </trkpt>
			 <trkpt lat="54.692446" lon="25.277194">
				 <ele>97</ele>
			 </trkpt>
			 <trkpt lat="54.69266" lon="25.27684">
				 <ele>97</ele>
			 </trkpt>
			 <trkpt lat="54.692874" lon="25.276486">
				 <ele>97</ele>
			 </trkpt>
			 <trkpt lat="54.693087" lon="25.276134">
				 <ele>97</ele>
			 </trkpt>
			 <trkpt lat="54.693289" lon="25.275801">
				 <ele>97</ele>
			 </trkpt>
			 <trkpt lat="54.693492" lon="25.275467">
				 <ele>97</ele>
			 </trkpt>
			 <trkpt lat="54.693695" lon="25.275134">
				 <ele>97</ele>
			 </trkpt>
			 <trkpt lat="54.693897" lon="25.2748">
				 <ele>97</ele>
			 </trkpt>
			 <trkpt lat="54.6941" lon="25.274467">
				 <ele>96.9</ele>
			 </trkpt>
			 <trkpt lat="54.6943" lon="25.274137">
				 <ele>96.8</ele>
			 </trkpt>
			 <trkpt lat="54.694491" lon="25.273803">
				 <ele>96.7</ele>
			 </trkpt>
			 <trkpt lat="54.694681" lon="25.273469">
				 <ele>96.6</ele>
			 </trkpt>
			 <trkpt lat="54.694871" lon="25.273136">
				 <ele>96.5</ele>
			 </trkpt>
			 <trkpt lat="54.695021" lon="25.272813">
				 <ele>96.5</ele>
			 </trkpt>
			 <trkpt lat="54.695171" lon="25.272489">
				 <ele>96.3</ele>
			 </trkpt>
			 <trkpt lat="54.695321" lon="25.272166">
				 <ele>96.1</ele>
			 </trkpt>
			 <trkpt lat="54.69547" lon="25.271845">
				 <ele>95.9</ele>
			 </trkpt>
			 <trkpt lat="54.695626" lon="25.271374">
				 <ele>95.7</ele>
			 </trkpt>
			 <trkpt lat="54.695781" lon="25.270905">
				 <ele>95.5</ele>
			 </trkpt>
			 <trkpt lat="54.695881" lon="25.270454">
				 <ele>95.4</ele>
			 </trkpt>
			 <trkpt lat="54.69598" lon="25.270006">
				 <ele>95.2</ele>
			 </trkpt>
			 <trkpt lat="54.696024" lon="25.269742">
				 <ele>95</ele>
			 </trkpt>
			 <trkpt lat="54.696068" lon="25.269479">
				 <ele>94.8</ele>
			 </trkpt>
			 <trkpt lat="54.696116" lon="25.269021">
				 <ele>94.6</ele>
			 </trkpt>
			 <trkpt lat="54.696164" lon="25.268566">
				 <ele>94.5</ele>
			 </trkpt>
			 <trkpt lat="54.696176" lon="25.26809">
				 <ele>94.4</ele>
			 </trkpt>
			 <trkpt lat="54.696188" lon="25.267614">
				 <ele>94.3</ele>
			 </trkpt>
			 <trkpt lat="54.696201" lon="25.267138">
				 <ele>94.2</ele>
			 </trkpt>
			 <trkpt lat="54.696213" lon="25.266661">
				 <ele>94.2</ele>
			 </trkpt>
			 <trkpt lat="54.696225" lon="25.266193">
				 <ele>94.2</ele>
			 </trkpt>
			 <trkpt lat="54.696226" lon="25.26573">
				 <ele>94.3</ele>
			 </trkpt>
			 <trkpt lat="54.696228" lon="25.265268">
				 <ele>94.4</ele>
			 </trkpt>
			 <trkpt lat="54.696229" lon="25.264805">
				 <ele>94.5</ele>
			 </trkpt>
			 <trkpt lat="54.696231" lon="25.264343">
				 <ele>94.7</ele>
			 </trkpt>
			 <trkpt lat="54.696232" lon="25.26388">
				 <ele>94.9</ele>
			 </trkpt>
			 <trkpt lat="54.696233" lon="25.263426">
				 <ele>95.1</ele>
			 </trkpt>
			 <trkpt lat="54.696204" lon="25.263121">
				 <ele>95.3</ele>
			 </trkpt>
			 <trkpt lat="54.696176" lon="25.262819">
				 <ele>95.5</ele>
			 </trkpt>
			 <trkpt lat="54.696124" lon="25.262459">
				 <ele>95.8</ele>
			 </trkpt>
			 <trkpt lat="54.696073" lon="25.262102">
				 <ele>96</ele>
			 </trkpt>
			 <trkpt lat="54.695982" lon="25.261783">
				 <ele>96.3</ele>
			 </trkpt>
			 <trkpt lat="54.695891" lon="25.261465">
				 <ele>96.5</ele>
			 </trkpt>
			 <trkpt lat="54.695743" lon="25.26108">
				 <ele>96.9</ele>
			 </trkpt>
			 <trkpt lat="54.695595" lon="25.260694">
				 <ele>97.2</ele>
			 </trkpt>
			 <trkpt lat="54.695447" lon="25.260308">
				 <ele>97.5</ele>
			 </trkpt>
			 <trkpt lat="54.6953" lon="25.259926">
				 <ele>97.9</ele>
			 </trkpt>
			 <trkpt lat="54.695253" lon="25.259628">
				 <ele>98.4</ele>
			 </trkpt>
			 <trkpt lat="54.695206" lon="25.259332">
				 <ele>98.9</ele>
			 </trkpt>
			 <trkpt lat="54.695204" lon="25.258993">
				 <ele>99.4</ele>
			 </trkpt>
			 <trkpt lat="54.695281" lon="25.258529">
				 <ele>99.9</ele>
			 </trkpt>
			 <trkpt lat="54.695358" lon="25.258064">
				 <ele>100.5</ele>
			 </trkpt>
			 <trkpt lat="54.695435" lon="25.257603">
				 <ele>101</ele>
			 </trkpt>
			 <trkpt lat="54.695466" lon="25.257309">
				 <ele>101.5</ele>
			 </trkpt>
			 <trkpt lat="54.695497" lon="25.257017">
				 <ele>102.1</ele>
			 </trkpt>
			 <trkpt lat="54.69548" lon="25.256537">
				 <ele>102.6</ele>
			 </trkpt>
			 <trkpt lat="54.695463" lon="25.25606">
				 <ele>103.2</ele>
			 </trkpt>
			 <trkpt lat="54.695507" lon="25.255986">
				 <ele>103.7</ele>
			 </trkpt>
			 <trkpt lat="54.695763" lon="25.255954">
				 <ele>104.2</ele>
			 </trkpt>
			 <trkpt lat="54.69602" lon="25.255922">
				 <ele>104.6</ele>
			 </trkpt>
			 <trkpt lat="54.696275" lon="25.25589">
				 <ele>105.1</ele>
			 </trkpt>
			 <trkpt lat="54.696345" lon="25.255787">
				 <ele>105.5</ele>
			 </trkpt>
			 <trkpt lat="54.696516" lon="25.255356">
				 <ele>106</ele>
			 </trkpt>
			 <trkpt lat="54.696688" lon="25.254924">
				 <ele>106.4</ele>
			 </trkpt>
			 <trkpt lat="54.69686" lon="25.254492">
				 <ele>106.7</ele>
			 </trkpt>
			 <trkpt lat="54.69703" lon="25.254065">
				 <ele>107.1</ele>
			 </trkpt>
			 <trkpt lat="54.69717" lon="25.253708">
				 <ele>107.5</ele>
			 </trkpt>
			 <trkpt lat="54.697311" lon="25.253351">
				 <ele>107.7</ele>
			 </trkpt>
			 <trkpt lat="54.697451" lon="25.252997">
				 <ele>108.1</ele>
			 </trkpt>
			 <trkpt lat="54.697547" lon="25.252747">
				 <ele>108.5</ele>
			 </trkpt>
			 <trkpt lat="54.697642" lon="25.252498">
				 <ele>108.7</ele>
			 </trkpt>
			 <trkpt lat="54.697728" lon="25.252245">
				 <ele>109.1</ele>
			 </trkpt>
			 <trkpt lat="54.697813" lon="25.251993">
				 <ele>109.4</ele>
			 </trkpt>
			 <trkpt lat="54.697886" lon="25.251529">
				 <ele>109.6</ele>
			 </trkpt>
			 <trkpt lat="54.697958" lon="25.251066">
				 <ele>110</ele>
			 </trkpt>
			 <trkpt lat="54.698031" lon="25.250602">
				 <ele>110.4</ele>
			 </trkpt>
			 <trkpt lat="54.698103" lon="25.250139">
				 <ele>110.6</ele>
			 </trkpt>
			 <trkpt lat="54.698174" lon="25.249682">
				 <ele>110.9</ele>
			 </trkpt>
			 <trkpt lat="54.698225" lon="25.249287">
				 <ele>111.3</ele>
			 </trkpt>
			 <trkpt lat="54.698275" lon="25.248893">
				 <ele>111.5</ele>
			 </trkpt>
			 <trkpt lat="54.69834" lon="25.248391">
				 <ele>111.8</ele>
			 </trkpt>
			 <trkpt lat="54.698405" lon="25.247889">
				 <ele>112.1</ele>
			 </trkpt>
			 <trkpt lat="54.698469" lon="25.247391">
				 <ele>112.4</ele>
			 </trkpt>
			 <trkpt lat="54.698294" lon="25.247155">
				 <ele>112.6</ele>
			 </trkpt>
			 <trkpt lat="54.698164" lon="25.246712">
				 <ele>112.9</ele>
			 </trkpt>
			 <trkpt lat="54.698034" lon="25.246269">
				 <ele>113.2</ele>
			 </trkpt>
			 <trkpt lat="54.697904" lon="25.245826">
				 <ele>113.5</ele>
			 </trkpt>
			 <trkpt lat="54.697776" lon="25.245388">
				 <ele>113.7</ele>
			 </trkpt>
			 <trkpt lat="54.697678" lon="25.245047">
				 <ele>114</ele>
			 </trkpt>
			 <trkpt lat="54.697581" lon="25.244708">
				 <ele>114.2</ele>
			 </trkpt>
			 <trkpt lat="54.697778" lon="25.24448">
				 <ele>114.4</ele>
			 </trkpt>
			 <trkpt lat="54.697975" lon="25.244252">
				 <ele>114.5</ele>
			 </trkpt>
			 <trkpt lat="54.698171" lon="25.244025">
				 <ele>114.7</ele>
			 </trkpt>
			 <trkpt lat="54.69806" lon="25.243612">
				 <ele>114.8</ele>
			 </trkpt>
			 <trkpt lat="54.697948" lon="25.243199">
				 <ele>114.9</ele>
			 </trkpt>
			 <trkpt lat="54.697837" lon="25.242789">
				 <ele>115</ele>
			 </trkpt>
			 <trkpt lat="54.697732" lon="25.242421">
				 <ele>114.9</ele>
			 </trkpt>
			 <trkpt lat="54.697626" lon="25.242053">
				 <ele>114.8</ele>
			 </trkpt>
			 <trkpt lat="54.69752" lon="25.241685">
				 <ele>114.7</ele>
			 </trkpt>
			 <trkpt lat="54.697416" lon="25.241321">
				 <ele>114.5</ele>
			 </trkpt>
			 <trkpt lat="54.697269" lon="25.240876">
				 <ele>114.4</ele>
			 </trkpt>
			 <trkpt lat="54.697122" lon="25.240431">
				 <ele>114.1</ele>
			 </trkpt>
			 <trkpt lat="54.696976" lon="25.239989">
				 <ele>113.8</ele>
			 </trkpt>
			 <trkpt lat="54.69674" lon="25.239822">
				 <ele>113.5</ele>
			 </trkpt>
			 <trkpt lat="54.696503" lon="25.239656">
				 <ele>113.1</ele>
			 </trkpt>
			 <trkpt lat="54.696267" lon="25.239489">
				 <ele>112.6</ele>
			 </trkpt>
			 <trkpt lat="54.696031" lon="25.239323">
				 <ele>112.1</ele>
			 </trkpt>
			 <trkpt lat="54.69578" lon="25.239145">
				 <ele>111.6</ele>
			 </trkpt>
			 <trkpt lat="54.695528" lon="25.238966">
				 <ele>111.1</ele>
			 </trkpt>
			 <trkpt lat="54.695277" lon="25.238788">
				 <ele>110.5</ele>
			 </trkpt>
			 <trkpt lat="54.695025" lon="25.238609">
				 <ele>109.9</ele>
			 </trkpt>
			 <trkpt lat="54.694775" lon="25.238431">
				 <ele>109.3</ele>
			 </trkpt>
			 <trkpt lat="54.694615" lon="25.238319">
				 <ele>108.7</ele>
			 </trkpt>
			 <trkpt lat="54.69455" lon="25.238541">
				 <ele>108.2</ele>
			 </trkpt>
			 <trkpt lat="54.694436" lon="25.238951">
				 <ele>107.6</ele>
			 </trkpt>
			 <trkpt lat="54.694327" lon="25.239278">
				 <ele>107.1</ele>
			 </trkpt>
			 <trkpt lat="54.69422" lon="25.239603">
				 <ele>106.6</ele>
			 </trkpt>
			 <trkpt lat="54.694182" lon="25.239881">
				 <ele>106.3</ele>
			 </trkpt>
			 <trkpt lat="54.694144" lon="25.240157">
				 <ele>105.9</ele>
			 </trkpt>
			 <trkpt lat="54.694073" lon="25.240662">
				 <ele>105.5</ele>
			 </trkpt>
			 <trkpt lat="54.694072" lon="25.241">
				 <ele>105.3</ele>
			 </trkpt>
			 <trkpt lat="54.694071" lon="25.241335">
				 <ele>105</ele>
			 </trkpt>
			 <trkpt lat="54.69413" lon="25.241869">
				 <ele>104.8</ele>
			 </trkpt>
			 <trkpt lat="54.694188" lon="25.242399">
				 <ele>104.6</ele>
			 </trkpt>
			 <trkpt lat="54.694241" lon="25.242911">
				 <ele>104.5</ele>
			 </trkpt>
			 <trkpt lat="54.694293" lon="25.243423">
				 <ele>104.4</ele>
			 </trkpt>
			 <trkpt lat="54.694345" lon="25.24393">
				 <ele>104.2</ele>
			 </trkpt>
			 <trkpt lat="54.694217" lon="25.244066">
				 <ele>104</ele>
			 </trkpt>
			 <trkpt lat="54.693996" lon="25.244301">
				 <ele>103.8</ele>
			 </trkpt>
			 <trkpt lat="54.693776" lon="25.244535">
				 <ele>103.5</ele>
			 </trkpt>
			 <trkpt lat="54.693557" lon="25.244769">
				 <ele>103.4</ele>
			 </trkpt>
			 <trkpt lat="54.693378" lon="25.244951">
				 <ele>103.1</ele>
			 </trkpt>
			 <trkpt lat="54.693199" lon="25.245133">
				 <ele>102.8</ele>
			 </trkpt>
			 <trkpt lat="54.692944" lon="25.24545">
				 <ele>102.5</ele>
			 </trkpt>
			 <trkpt lat="54.692689" lon="25.245766">
				 <ele>102.2</ele>
			 </trkpt>
			 <trkpt lat="54.692443" lon="25.245892">
				 <ele>101.8</ele>
			 </trkpt>
			 <trkpt lat="54.69217" lon="25.246">
				 <ele>101.4</ele>
			 </trkpt>
			 <trkpt lat="54.691897" lon="25.246109">
				 <ele>100.9</ele>
			 </trkpt>
			 <trkpt lat="54.691624" lon="25.246217">
				 <ele>100.5</ele>
			 </trkpt>
			 <trkpt lat="54.691352" lon="25.246325">
				 <ele>99.9</ele>
			 </trkpt>
			 <trkpt lat="54.691137" lon="25.246407">
				 <ele>99.5</ele>
			 </trkpt>
			 <trkpt lat="54.690922" lon="25.246488">
				 <ele>98.9</ele>
			 </trkpt>
			 <trkpt lat="54.690633" lon="25.246605">
				 <ele>98.5</ele>
			 </trkpt>
			 <trkpt lat="54.690343" lon="25.246722">
				 <ele>98</ele>
			 </trkpt>
			 <trkpt lat="54.690054" lon="25.246839">
				 <ele>97.5</ele>
			 </trkpt>
			 <trkpt lat="54.689794" lon="25.246939">
				 <ele>97</ele>
			 </trkpt>
			 <trkpt lat="54.689535" lon="25.247038">
				 <ele>96.5</ele>
			 </trkpt>
			 <trkpt lat="54.689373" lon="25.247154">
				 <ele>96.1</ele>
			 </trkpt>
			 <trkpt lat="54.68916" lon="25.247317">
				 <ele>95.7</ele>
			 </trkpt>
			 <trkpt lat="54.688947" lon="25.24748">
				 <ele>95.4</ele>
			 </trkpt>
			 <trkpt lat="54.688735" lon="25.247642">
				 <ele>95.1</ele>
			 </trkpt>
			 <trkpt lat="54.68847" lon="25.247857">
				 <ele>94.7</ele>
			 </trkpt>
			 <trkpt lat="54.688295" lon="25.247999">
				 <ele>94.5</ele>
			 </trkpt>
			 <trkpt lat="54.688045" lon="25.248258">
				 <ele>94.2</ele>
			 </trkpt>
			 <trkpt lat="54.687796" lon="25.248516">
				 <ele>93.9</ele>
			 </trkpt>
			 <trkpt lat="54.687631" lon="25.248687">
				 <ele>93.7</ele>
			 </trkpt>
			 <trkpt lat="54.687467" lon="25.248857">
				 <ele>93.5</ele>
			 </trkpt>
			 <trkpt lat="54.687304" lon="25.249039">
				 <ele>93.4</ele>
			 </trkpt>
			 <trkpt lat="54.687142" lon="25.249221">
				 <ele>93.3</ele>
			 </trkpt>
			 <trkpt lat="54.686953" lon="25.249555">
				 <ele>93.2</ele>
			 </trkpt>
			 <trkpt lat="54.686763" lon="25.249889">
				 <ele>93.2</ele>
			 </trkpt>
			 <trkpt lat="54.686574" lon="25.250221">
				 <ele>93.2</ele>
			 </trkpt>
			 <trkpt lat="54.686471" lon="25.250471">
				 <ele>93.3</ele>
			 </trkpt>
			 <trkpt lat="54.686369" lon="25.25072">
				 <ele>93.4</ele>
			 </trkpt>
			 <trkpt lat="54.686289" lon="25.251166">
				 <ele>93.5</ele>
			 </trkpt>
			 <trkpt lat="54.686247" lon="25.251527">
				 <ele>93.7</ele>
			 </trkpt>
			 <trkpt lat="54.686232" lon="25.252039">
				 <ele>94</ele>
			 </trkpt>
			 <trkpt lat="54.686257" lon="25.252353">
				 <ele>94.3</ele>
			 </trkpt>
			 <trkpt lat="54.686282" lon="25.252664">
				 <ele>94.6</ele>
			 </trkpt>
			 <trkpt lat="54.686305" lon="25.252758">
				 <ele>95.1</ele>
			 </trkpt>
			 <trkpt lat="54.686342" lon="25.252781">
				 <ele>95.5</ele>
			 </trkpt>
			 <trkpt lat="54.686619" lon="25.252721">
				 <ele>96</ele>
			 </trkpt>
			 <trkpt lat="54.686897" lon="25.252662">
				 <ele>96.5</ele>
			 </trkpt>
			 <trkpt lat="54.687174" lon="25.252602">
				 <ele>97.1</ele>
			 </trkpt>
			 <trkpt lat="54.687451" lon="25.252542">
				 <ele>97.7</ele>
			 </trkpt>
			 <trkpt lat="54.687716" lon="25.252478">
				 <ele>98.3</ele>
			 </trkpt>
			 <trkpt lat="54.687981" lon="25.252414">
				 <ele>98.9</ele>
			 </trkpt>
			 <trkpt lat="54.688246" lon="25.252349">
				 <ele>99.5</ele>
			 </trkpt>
			 <trkpt lat="54.688511" lon="25.252285">
				 <ele>100.1</ele>
			 </trkpt>
			 <trkpt lat="54.688775" lon="25.252221">
				 <ele>100.6</ele>
			 </trkpt>
			 <trkpt lat="54.689073" lon="25.252133">
				 <ele>101.1</ele>
			 </trkpt>
			 <trkpt lat="54.689371" lon="25.252044">
				 <ele>101.6</ele>
			 </trkpt>
			 <trkpt lat="54.689669" lon="25.251956">
				 <ele>102.1</ele>
			 </trkpt>
			 <trkpt lat="54.689949" lon="25.251886">
				 <ele>102.5</ele>
			 </trkpt>
			 <trkpt lat="54.690229" lon="25.251816">
				 <ele>103</ele>
			 </trkpt>
			 <trkpt lat="54.690509" lon="25.251745">
				 <ele>103.4</ele>
			 </trkpt>
			 <trkpt lat="54.690789" lon="25.251675">
				 <ele>103.7</ele>
			 </trkpt>
			 <trkpt lat="54.691068" lon="25.251606">
				 <ele>104.1</ele>
			 </trkpt>
			 <trkpt lat="54.691363" lon="25.25152">
				 <ele>104.5</ele>
			 </trkpt>
			 <trkpt lat="54.691658" lon="25.251435">
				 <ele>104.7</ele>
			 </trkpt>
			 <trkpt lat="54.691952" lon="25.25135">
				 <ele>105</ele>
			 </trkpt>
			 <trkpt lat="54.692247" lon="25.251265">
				 <ele>105.3</ele>
			 </trkpt>
			 <trkpt lat="54.692541" lon="25.251181">
				 <ele>105.5</ele>
			 </trkpt>
			 <trkpt lat="54.692844" lon="25.251102">
				 <ele>105.6</ele>
			 </trkpt>
			 <trkpt lat="54.693146" lon="25.251023">
				 <ele>105.8</ele>
			 </trkpt>
			 <trkpt lat="54.693449" lon="25.250944">
				 <ele>106</ele>
			 </trkpt>
			 <trkpt lat="54.693752" lon="25.250865">
				 <ele>106.2</ele>
			 </trkpt>
			 <trkpt lat="54.694053" lon="25.250787">
				 <ele>106.4</ele>
			 </trkpt>
			 <trkpt lat="54.694292" lon="25.250727">
				 <ele>106.5</ele>
			 </trkpt>
			 <trkpt lat="54.69453" lon="25.250668">
				 <ele>106.5</ele>
			 </trkpt>
			 <trkpt lat="54.694768" lon="25.250609">
				 <ele>106.6</ele>
			 </trkpt>
			 <trkpt lat="54.694846" lon="25.250643">
				 <ele>106.7</ele>
			 </trkpt>
			 <trkpt lat="54.694843" lon="25.250891">
				 <ele>106.8</ele>
			 </trkpt>
			 <trkpt lat="54.694844" lon="25.251318">
				 <ele>106.9</ele>
			 </trkpt>
			 <trkpt lat="54.694845" lon="25.251744">
				 <ele>107</ele>
			 </trkpt>
			 <trkpt lat="54.694846" lon="25.252171">
				 <ele>107</ele>
			 </trkpt>
			 <trkpt lat="54.694847" lon="25.252593">
				 <ele>107</ele>
			 </trkpt>
			 <trkpt lat="54.694912" lon="25.253058">
				 <ele>107</ele>
			 </trkpt>
			 <trkpt lat="54.694978" lon="25.253522">
				 <ele>107</ele>
			 </trkpt>
			 <trkpt lat="54.695043" lon="25.253983">
				 <ele>107</ele>
			 </trkpt>
			 <trkpt lat="54.695109" lon="25.254458">
				 <ele>107</ele>
			 </trkpt>
			 <trkpt lat="54.695175" lon="25.254933">
				 <ele>107</ele>
			 </trkpt>
			 <trkpt lat="54.69524" lon="25.255404">
				 <ele>107</ele>
			 </trkpt>
			 <trkpt lat="54.695297" lon="25.255823">
				 <ele>107</ele>
			 </trkpt>
			 <trkpt lat="54.6951" lon="25.255865">
				 <ele>107</ele>
			 </trkpt>
			 <trkpt lat="54.694931" lon="25.255942">
				 <ele>107</ele>
			 </trkpt>
			 <trkpt lat="54.694638" lon="25.255973">
				 <ele>107</ele>
			 </trkpt>
			 <trkpt lat="54.694345" lon="25.256003">
				 <ele>106.9</ele>
			 </trkpt>
			 <trkpt lat="54.694053" lon="25.256034">
				 <ele>106.8</ele>
			 </trkpt>
			 <trkpt lat="54.69389" lon="25.256055">
				 <ele>106.7</ele>
			 </trkpt>
			 <trkpt lat="54.693728" lon="25.256075">
				 <ele>106.6</ele>
			 </trkpt>
			 <trkpt lat="54.693434" lon="25.256108">
				 <ele>106.5</ele>
			 </trkpt>
			 <trkpt lat="54.693141" lon="25.25614">
				 <ele>106.3</ele>
			 </trkpt>
			 <trkpt lat="54.692847" lon="25.256173">
				 <ele>106</ele>
			 </trkpt>
			 <trkpt lat="54.692555" lon="25.256205">
				 <ele>105.6</ele>
			 </trkpt>
			 <trkpt lat="54.69243" lon="25.256212">
				 <ele>105.3</ele>
			 </trkpt>
			 <trkpt lat="54.692176" lon="25.256242">
				 <ele>104.8</ele>
			 </trkpt>
			 <trkpt lat="54.691923" lon="25.256272">
				 <ele>104.3</ele>
			 </trkpt>
			 <trkpt lat="54.691669" lon="25.256303">
				 <ele>103.7</ele>
			 </trkpt>
			 <trkpt lat="54.691417" lon="25.256333">
				 <ele>103.1</ele>
			 </trkpt>
			 <trkpt lat="54.691188" lon="25.256357">
				 <ele>102.4</ele>
			 </trkpt>
			 <trkpt lat="54.69096" lon="25.256381">
				 <ele>101.5</ele>
			 </trkpt>
			 <trkpt lat="54.690732" lon="25.256405">
				 <ele>100.7</ele>
			 </trkpt>
			 <trkpt lat="54.690494" lon="25.256526">
				 <ele>99.7</ele>
			 </trkpt>
			 <trkpt lat="54.690437" lon="25.25667">
				 <ele>98.7</ele>
			 </trkpt>
			 <trkpt lat="54.690452" lon="25.257116">
				 <ele>97.7</ele>
			 </trkpt>
			 <trkpt lat="54.690467" lon="25.257561">
				 <ele>96.7</ele>
			 </trkpt>
			 <trkpt lat="54.690482" lon="25.258002">
				 <ele>95.7</ele>
			 </trkpt>
			 <trkpt lat="54.690485" lon="25.258529">
				 <ele>94.8</ele>
			 </trkpt>
			 <trkpt lat="54.690487" lon="25.259053">
				 <ele>93.9</ele>
			 </trkpt>
			 <trkpt lat="54.690449" lon="25.259371">
				 <ele>93.1</ele>
			 </trkpt>
			 <trkpt lat="54.690411" lon="25.259686">
				 <ele>92.4</ele>
			 </trkpt>
			 <trkpt lat="54.690376" lon="25.25975">
				 <ele>91.6</ele>
			 </trkpt>
			 <trkpt lat="54.690299" lon="25.259766">
				 <ele>91</ele>
			 </trkpt>
			 <trkpt lat="54.69001" lon="25.259726">
				 <ele>90.5</ele>
			 </trkpt>
			 <trkpt lat="54.689722" lon="25.259685">
				 <ele>90.2</ele>
			 </trkpt>
			 <trkpt lat="54.689417" lon="25.259627">
				 <ele>89.9</ele>
			 </trkpt>
			 <trkpt lat="54.689112" lon="25.259568">
				 <ele>89.7</ele>
			 </trkpt>
			 <trkpt lat="54.688861" lon="25.259522">
				 <ele>89.6</ele>
			 </trkpt>
			 <trkpt lat="54.68861" lon="25.259477">
				 <ele>89.5</ele>
			 </trkpt>
			 <trkpt lat="54.688359" lon="25.259431">
				 <ele>89.6</ele>
			 </trkpt>
			 <trkpt lat="54.68811" lon="25.259385">
				 <ele>89.7</ele>
			 </trkpt>
			 <trkpt lat="54.687861" lon="25.259339">
				 <ele>89.8</ele>
			 </trkpt>
			 <trkpt lat="54.687612" lon="25.259293">
				 <ele>90</ele>
			 </trkpt>
			 <trkpt lat="54.6873" lon="25.259232">
				 <ele>90.2</ele>
			 </trkpt>
			 <trkpt lat="54.686989" lon="25.259171">
				 <ele>90.4</ele>
			 </trkpt>
			 <trkpt lat="54.686678" lon="25.25911">
				 <ele>90.6</ele>
			 </trkpt>
			 <trkpt lat="54.686469" lon="25.259049">
				 <ele>90.9</ele>
			 </trkpt>
			 <trkpt lat="54.686281" lon="25.258983">
				 <ele>91.1</ele>
			 </trkpt>
			 <trkpt lat="54.686061" lon="25.25887">
				 <ele>91.3</ele>
			 </trkpt>
			 <trkpt lat="54.685841" lon="25.258758">
				 <ele>91.5</ele>
			 </trkpt>
			 <trkpt lat="54.685641" lon="25.258586">
				 <ele>91.7</ele>
			 </trkpt>
			 <trkpt lat="54.685442" lon="25.258413">
				 <ele>91.9</ele>
			 </trkpt>
			 <trkpt lat="54.685243" lon="25.258242">
				 <ele>92.1</ele>
			 </trkpt>
			 <trkpt lat="54.685042" lon="25.257939">
				 <ele>92.3</ele>
			 </trkpt>
			 <trkpt lat="54.684841" lon="25.257637">
				 <ele>92.5</ele>
			 </trkpt>
			 <trkpt lat="54.6847" lon="25.257421">
				 <ele>92.7</ele>
			 </trkpt>
			 <trkpt lat="54.684637" lon="25.257405">
				 <ele>92.9</ele>
			 </trkpt>
			 <trkpt lat="54.684596" lon="25.25744">
				 <ele>93.1</ele>
			 </trkpt>
			 <trkpt lat="54.684588" lon="25.257491">
				 <ele>93.3</ele>
			 </trkpt>
			 <trkpt lat="54.684619" lon="25.257571">
				 <ele>93.5</ele>
			 </trkpt>
			 <trkpt lat="54.684804" lon="25.257853">
				 <ele>93.5</ele>
			 </trkpt>
			 <trkpt lat="54.68494" lon="25.258045">
				 <ele>93.6</ele>
			 </trkpt>
			 <trkpt lat="54.685074" lon="25.258237">
				 <ele>93.7</ele>
			 </trkpt>
			 <trkpt lat="54.685323" lon="25.258558">
				 <ele>93.8</ele>
			 </trkpt>
			 <trkpt lat="54.685528" lon="25.258717">
				 <ele>93.9</ele>
			 </trkpt>
			 <trkpt lat="54.685732" lon="25.258875">
				 <ele>93.9</ele>
			 </trkpt>
			 <trkpt lat="54.686016" lon="25.259005">
				 <ele>93.8</ele>
			 </trkpt>
			 <trkpt lat="54.686301" lon="25.259134">
				 <ele>93.7</ele>
			 </trkpt>
			 <trkpt lat="54.686569" lon="25.259198">
				 <ele>93.6</ele>
			 </trkpt>
			 <trkpt lat="54.686838" lon="25.259262">
				 <ele>93.5</ele>
			 </trkpt>
			 <trkpt lat="54.687073" lon="25.259305">
				 <ele>93.3</ele>
			 </trkpt>
			 <trkpt lat="54.687308" lon="25.259347">
				 <ele>93.1</ele>
			 </trkpt>
			 <trkpt lat="54.687543" lon="25.25939">
				 <ele>92.9</ele>
			 </trkpt>
			 <trkpt lat="54.687778" lon="25.259432">
				 <ele>92.7</ele>
			 </trkpt>
			 <trkpt lat="54.687988" lon="25.25947">
				 <ele>92.5</ele>
			 </trkpt>
			 <trkpt lat="54.688199" lon="25.259508">
				 <ele>92.2</ele>
			 </trkpt>
			 <trkpt lat="54.688409" lon="25.259545">
				 <ele>92</ele>
			 </trkpt>
			 <trkpt lat="54.688707" lon="25.259597">
				 <ele>91.8</ele>
			 </trkpt>
			 <trkpt lat="54.689006" lon="25.259649">
				 <ele>91.6</ele>
			 </trkpt>
			 <trkpt lat="54.689304" lon="25.259701">
				 <ele>91.5</ele>
			 </trkpt>
			 <trkpt lat="54.689575" lon="25.259754">
				 <ele>91.4</ele>
			 </trkpt>
			 <trkpt lat="54.689845" lon="25.259807">
				 <ele>91.2</ele>
			 </trkpt>
			 <trkpt lat="54.690115" lon="25.25986">
				 <ele>91</ele>
			 </trkpt>
			 <trkpt lat="54.690385" lon="25.259913">
				 <ele>90.8</ele>
			 </trkpt>
			 <trkpt lat="54.690527" lon="25.259865">
				 <ele>90.6</ele>
			 </trkpt>
			 <trkpt lat="54.690771" lon="25.259923">
				 <ele>90.5</ele>
			 </trkpt>
			 <trkpt lat="54.691014" lon="25.259981">
				 <ele>90.5</ele>
			 </trkpt>
			 <trkpt lat="54.691257" lon="25.260039">
				 <ele>90.4</ele>
			 </trkpt>
			 <trkpt lat="54.6915" lon="25.260097">
				 <ele>90.3</ele>
			 </trkpt>
			 <trkpt lat="54.691719" lon="25.260171">
				 <ele>90.2</ele>
			 </trkpt>
			 <trkpt lat="54.691938" lon="25.260244">
				 <ele>90.1</ele>
			 </trkpt>
			 <trkpt lat="54.692177" lon="25.260352">
				 <ele>90</ele>
			 </trkpt>
			 <trkpt lat="54.692416" lon="25.260461">
				 <ele>90</ele>
			 </trkpt>
			 <trkpt lat="54.692616" lon="25.260569">
				 <ele>90</ele>
			 </trkpt>
			 <trkpt lat="54.692816" lon="25.260678">
				 <ele>90</ele>
			 </trkpt>
			 <trkpt lat="54.692965" lon="25.260778">
				 <ele>90</ele>
			 </trkpt>
			 <trkpt lat="54.693114" lon="25.260877">
				 <ele>90</ele>
			 </trkpt>
			 <trkpt lat="54.693368" lon="25.261066">
				 <ele>90.1</ele>
			 </trkpt>
			 <trkpt lat="54.69356" lon="25.261249">
				 <ele>90.2</ele>
			 </trkpt>
			 <trkpt lat="54.693752" lon="25.261431">
				 <ele>90.3</ele>
			 </trkpt>
			 <trkpt lat="54.69391" lon="25.261604">
				 <ele>90.4</ele>
			 </trkpt>
			 <trkpt lat="54.694068" lon="25.261777">
				 <ele>90.5</ele>
			 </trkpt>
			 <trkpt lat="54.694254" lon="25.262018">
				 <ele>90.6</ele>
			 </trkpt>
			 <trkpt lat="54.69444" lon="25.262259">
				 <ele>90.8</ele>
			 </trkpt>
			 <trkpt lat="54.694601" lon="25.262511">
				 <ele>91</ele>
			 </trkpt>
			 <trkpt lat="54.694708" lon="25.262725">
				 <ele>91.3</ele>
			 </trkpt>
			 <trkpt lat="54.694814" lon="25.262938">
				 <ele>91.5</ele>
			 </trkpt>
			 <trkpt lat="54.694963" lon="25.263396">
				 <ele>91.8</ele>
			 </trkpt>
			 <trkpt lat="54.694993" lon="25.263546">
				 <ele>92</ele>
			 </trkpt>
			 <trkpt lat="54.695062" lon="25.263959">
				 <ele>92.3</ele>
			 </trkpt>
			 <trkpt lat="54.69513" lon="25.264369">
				 <ele>92.5</ele>
			 </trkpt>
			 <trkpt lat="54.695155" lon="25.264808">
				 <ele>92.8</ele>
			 </trkpt>
			 <trkpt lat="54.695125" lon="25.265339">
				 <ele>93.1</ele>
			 </trkpt>
			 <trkpt lat="54.695096" lon="25.265867">
				 <ele>93.4</ele>
			 </trkpt>
			 <trkpt lat="54.695012" lon="25.266377">
				 <ele>93.6</ele>
			 </trkpt>
			 <trkpt lat="54.694919" lon="25.266726">
				 <ele>94</ele>
			 </trkpt>
			 <trkpt lat="54.694827" lon="25.267075">
				 <ele>94.3</ele>
			 </trkpt>
			 <trkpt lat="54.694735" lon="25.267421">
				 <ele>94.5</ele>
			 </trkpt>
			 <trkpt lat="54.694607" lon="25.267716">
				 <ele>94.8</ele>
			 </trkpt>
			 <trkpt lat="54.694479" lon="25.26801">
				 <ele>95.1</ele>
			 </trkpt>
			 <trkpt lat="54.694309" lon="25.268313">
				 <ele>95.4</ele>
			 </trkpt>
			 <trkpt lat="54.69414" lon="25.268615">
				 <ele>95.6</ele>
			 </trkpt>
			 <trkpt lat="54.693951" lon="25.268919">
				 <ele>95.9</ele>
			 </trkpt>
			 <trkpt lat="54.693762" lon="25.269222">
				 <ele>96.2</ele>
			 </trkpt>
			 <trkpt lat="54.693575" lon="25.269524">
				 <ele>96.4</ele>
			 </trkpt>
			 <trkpt lat="54.693399" lon="25.269819">
				 <ele>96.5</ele>
			 </trkpt>
			 <trkpt lat="54.693223" lon="25.270114">
				 <ele>96.6</ele>
			 </trkpt>
			 <trkpt lat="54.693048" lon="25.270408">
				 <ele>96.7</ele>
			 </trkpt>
			 <trkpt lat="54.692907" lon="25.270632">
				 <ele>96.8</ele>
			 </trkpt>
			 <trkpt lat="54.692766" lon="25.270856">
				 <ele>96.9</ele>
			 </trkpt>
			 <trkpt lat="54.692605" lon="25.271174">
				 <ele>97</ele>
			 </trkpt>
			 <trkpt lat="54.692444" lon="25.271492">
				 <ele>97</ele>
			 </trkpt>
			 <trkpt lat="54.692284" lon="25.271808">
				 <ele>97</ele>
			 </trkpt>
			 <trkpt lat="54.692156" lon="25.2721">
				 <ele>97</ele>
			 </trkpt>
			 <trkpt lat="54.692028" lon="25.272391">
				 <ele>97</ele>
			 </trkpt>
			 <trkpt lat="54.691895" lon="25.272758">
				 <ele>97</ele>
			 </trkpt>
			 <trkpt lat="54.691761" lon="25.273125">
				 <ele>97</ele>
			 </trkpt>
			 <trkpt lat="54.691629" lon="25.27349">
				 <ele>97</ele>
			 </trkpt>
			 <trkpt lat="54.691555" lon="25.273831">
				 <ele>97</ele>
			 </trkpt>
			 <trkpt lat="54.691483" lon="25.274171">
				 <ele>96.9</ele>
			 </trkpt>
			 <trkpt lat="54.691422" lon="25.274546">
				 <ele>96.8</ele>
			 </trkpt>
			 <trkpt lat="54.691361" lon="25.274921">
				 <ele>96.7</ele>
			 </trkpt>
			 <trkpt lat="54.691301" lon="25.275293">
				 <ele>96.6</ele>
			 </trkpt>
			 <trkpt lat="54.691237" lon="25.275789">
				 <ele>96.5</ele>
			 </trkpt>
			 <trkpt lat="54.691173" lon="25.276286">
				 <ele>96.4</ele>
			 </trkpt>
			 <trkpt lat="54.691109" lon="25.276777">
				 <ele>96.2</ele>
			 </trkpt>
			 <trkpt lat="54.691065" lon="25.277159">
				 <ele>96</ele>
			 </trkpt>
			 <trkpt lat="54.691022" lon="25.27754">
				 <ele>95.9</ele>
			 </trkpt>
			 <trkpt lat="54.690978" lon="25.277918">
				 <ele>95.8</ele>
			 </trkpt>
			 <trkpt lat="54.690923" lon="25.278404">
				 <ele>95.7</ele>
			 </trkpt>
			 <trkpt lat="54.690867" lon="25.278891">
				 <ele>95.7</ele>
			 </trkpt>
			 <trkpt lat="54.690812" lon="25.279373">
				 <ele>95.7</ele>
			 </trkpt>
			 <trkpt lat="54.690768" lon="25.279638">
				 <ele>95.7</ele>
			 </trkpt>
			 <trkpt lat="54.690725" lon="25.279735">
				 <ele>95.7</ele>
			 </trkpt>
			 <trkpt lat="54.690591" lon="25.279743">
				 <ele>95.8</ele>
			 </trkpt>
			 <trkpt lat="54.690351" lon="25.279747">
				 <ele>96</ele>
			 </trkpt>
			 <trkpt lat="54.690287" lon="25.279683">
				 <ele>96.2</ele>
			 </trkpt>
			 <trkpt lat="54.690237" lon="25.279538">
				 <ele>96.4</ele>
			 </trkpt>
			 <trkpt lat="54.690232" lon="25.27938">
				 <ele>96.5</ele>
			 </trkpt>
			 <trkpt lat="54.690366" lon="25.278965">
				 <ele>96.7</ele>
			 </trkpt>
			 <trkpt lat="54.690501" lon="25.278551">
				 <ele>96.9</ele>
			 </trkpt>
			 <trkpt lat="54.690635" lon="25.27814">
				 <ele>97.1</ele>
			 </trkpt>
			 <trkpt lat="54.690785" lon="25.277688">
				 <ele>97.4</ele>
			 </trkpt>
			 <trkpt lat="54.690849" lon="25.277338">
				 <ele>97.6</ele>
			 </trkpt>
			 <trkpt lat="54.690913" lon="25.276989">
				 <ele>97.9</ele>
			 </trkpt>
			 <trkpt lat="54.690976" lon="25.276506">
				 <ele>98.1</ele>
			 </trkpt>
			 <trkpt lat="54.691039" lon="25.276025">
				 <ele>98.3</ele>
			 </trkpt>
			 <trkpt lat="54.691122" lon="25.275548">
				 <ele>98.5</ele>
			 </trkpt>
			 <trkpt lat="54.691206" lon="25.27507">
				 <ele>98.6</ele>
			 </trkpt>
			 <trkpt lat="54.691289" lon="25.274597">
				 <ele>98.7</ele>
			 </trkpt>
			 <trkpt lat="54.691365" lon="25.274237">
				 <ele>98.8</ele>
			 </trkpt>
			 <trkpt lat="54.691442" lon="25.273877">
				 <ele>98.9</ele>
			 </trkpt>
			 <trkpt lat="54.691518" lon="25.27352">
				 <ele>98.9</ele>
			 </trkpt>
			 <trkpt lat="54.691615" lon="25.273223">
				 <ele>98.8</ele>
			 </trkpt>
			 <trkpt lat="54.691711" lon="25.272929">
				 <ele>98.7</ele>
			 </trkpt>
			 <trkpt lat="54.691882" lon="25.272547">
				 <ele>98.6</ele>
			 </trkpt>
			 <trkpt lat="54.692052" lon="25.272168">
				 <ele>98.5</ele>
			 </trkpt>
			 <trkpt lat="54.69223" lon="25.271787">
				 <ele>98.5</ele>
			 </trkpt>
			 <trkpt lat="54.692407" lon="25.271407">
				 <ele>98.3</ele>
			 </trkpt>
			 <trkpt lat="54.692612" lon="25.271033">
				 <ele>98.1</ele>
			 </trkpt>
			 <trkpt lat="54.692817" lon="25.270659">
				 <ele>97.9</ele>
			 </trkpt>
			 <trkpt lat="54.693021" lon="25.270286">
				 <ele>97.6</ele>
			 </trkpt>
			 <trkpt lat="54.6932" lon="25.269981">
				 <ele>97.4</ele>
			 </trkpt>
			 <trkpt lat="54.69338" lon="25.269675">
				 <ele>97.2</ele>
			 </trkpt>
			 <trkpt lat="54.693558" lon="25.269371">
				 <ele>97</ele>
			 </trkpt>
			 <trkpt lat="54.693717" lon="25.269119">
				 <ele>96.7</ele>
			 </trkpt>
			 <trkpt lat="54.693876" lon="25.268868">
				 <ele>96.5</ele>
			 </trkpt>
			 <trkpt lat="54.694035" lon="25.268618">
				 <ele>96.1</ele>
			 </trkpt>
			 <trkpt lat="54.694195" lon="25.268331">
				 <ele>95.7</ele>
			 </trkpt>
			 <trkpt lat="54.694355" lon="25.268045">
				 <ele>95.5</ele>
			 </trkpt>
			 <trkpt lat="54.69448" lon="25.2678">
				 <ele>95.1</ele>
			 </trkpt>
			 <trkpt lat="54.694604" lon="25.267557">
				 <ele>94.7</ele>
			 </trkpt>
			 <trkpt lat="54.694695" lon="25.26728">
				 <ele>94.5</ele>
			 </trkpt>
			 <trkpt lat="54.694785" lon="25.267005">
				 <ele>94.2</ele>
			 </trkpt>
			 <trkpt lat="54.694872" lon="25.266669">
				 <ele>93.8</ele>
			 </trkpt>
			 <trkpt lat="54.694958" lon="25.266334">
				 <ele>93.5</ele>
			 </trkpt>
			 <trkpt lat="54.694989" lon="25.265988">
				 <ele>93.2</ele>
			 </trkpt>
			 <trkpt lat="54.695019" lon="25.265644">
				 <ele>92.9</ele>
			 </trkpt>
			 <trkpt lat="54.695047" lon="25.265293">
				 <ele>92.7</ele>
			 </trkpt>
			 <trkpt lat="54.695075" lon="25.264945">
				 <ele>92.5</ele>
			 </trkpt>
			 <trkpt lat="54.695072" lon="25.264672">
				 <ele>92.2</ele>
			 </trkpt>
			 <trkpt lat="54.695069" lon="25.2644">
				 <ele>92</ele>
			 </trkpt>
			 <trkpt lat="54.695061" lon="25.264058">
				 <ele>91.7</ele>
			 </trkpt>
			 <trkpt lat="54.695009" lon="25.263779">
				 <ele>91.5</ele>
			 </trkpt>
			 <trkpt lat="54.694958" lon="25.263502">
				 <ele>91.2</ele>
			 </trkpt>
			 <trkpt lat="54.694873" lon="25.263256">
				 <ele>91</ele>
			 </trkpt>
			 <trkpt lat="54.694788" lon="25.263011">
				 <ele>90.8</ele>
			 </trkpt>
			 <trkpt lat="54.694614" lon="25.262634">
				 <ele>90.6</ele>
			 </trkpt>
			 <trkpt lat="54.694407" lon="25.262372">
				 <ele>90.5</ele>
			 </trkpt>
			 <trkpt lat="54.694201" lon="25.26211">
				 <ele>90.3</ele>
			 </trkpt>
			 <trkpt lat="54.694032" lon="25.261902">
				 <ele>90.2</ele>
			 </trkpt>
			 <trkpt lat="54.693864" lon="25.261695">
				 <ele>90.1</ele>
			 </trkpt>
			 <trkpt lat="54.693637" lon="25.261447">
				 <ele>90</ele>
			 </trkpt>
			 <trkpt lat="54.693399" lon="25.261231">
				 <ele>90</ele>
			 </trkpt>
			 <trkpt lat="54.69316" lon="25.261015">
				 <ele>90</ele>
			 </trkpt>
			 <trkpt lat="54.692866" lon="25.260834">
				 <ele>90.1</ele>
			 </trkpt>
			 <trkpt lat="54.692572" lon="25.260652">
				 <ele>90.2</ele>
			 </trkpt>
			 <trkpt lat="54.692349" lon="25.260533">
				 <ele>90.3</ele>
			 </trkpt>
			 <trkpt lat="54.692061" lon="25.260401">
				 <ele>90.4</ele>
			 </trkpt>
			 <trkpt lat="54.691774" lon="25.26027">
				 <ele>90.5</ele>
			 </trkpt>
			 <trkpt lat="54.691577" lon="25.26021">
				 <ele>90.7</ele>
			 </trkpt>
			 <trkpt lat="54.691379" lon="25.26015">
				 <ele>91</ele>
			 </trkpt>
			 <trkpt lat="54.691091" lon="25.260088">
				 <ele>91.3</ele>
			 </trkpt>
			 <trkpt lat="54.690804" lon="25.260025">
				 <ele>91.6</ele>
			 </trkpt>
			 <trkpt lat="54.690647" lon="25.260009">
				 <ele>92</ele>
			 </trkpt>
			 <trkpt lat="54.690491" lon="25.26005">
				 <ele>92.5</ele>
			 </trkpt>
			 <trkpt lat="54.690458" lon="25.260084">
				 <ele>92.9</ele>
			 </trkpt>
			 <trkpt lat="54.690411" lon="25.260235">
				 <ele>93.4</ele>
			 </trkpt>
			 <trkpt lat="54.690335" lon="25.260693">
				 <ele>93.9</ele>
			 </trkpt>
			 <trkpt lat="54.690258" lon="25.261151">
				 <ele>94.5</ele>
			 </trkpt>
			 <trkpt lat="54.690182" lon="25.261609">
				 <ele>95.1</ele>
			 </trkpt>
			 <trkpt lat="54.690106" lon="25.262067">
				 <ele>95.7</ele>
			 </trkpt>
			 <trkpt lat="54.69003" lon="25.262525">
				 <ele>96.4</ele>
			 </trkpt>
			 <trkpt lat="54.689954" lon="25.262983">
				 <ele>97</ele>
			 </trkpt>
			 <trkpt lat="54.689877" lon="25.263441">
				 <ele>97.6</ele>
			 </trkpt>
			 <trkpt lat="54.689803" lon="25.263888">
				 <ele>98.4</ele>
			 </trkpt>
			 <trkpt lat="54.689726" lon="25.26436">
				 <ele>99</ele>
			 </trkpt>
			 <trkpt lat="54.689649" lon="25.264832">
				 <ele>99.6</ele>
			 </trkpt>
			 <trkpt lat="54.689572" lon="25.265305">
				 <ele>100.3</ele>
			 </trkpt>
			 <trkpt lat="54.689495" lon="25.265777">
				 <ele>100.8</ele>
			 </trkpt>
			 <trkpt lat="54.689419" lon="25.266249">
				 <ele>101.4</ele>
			 </trkpt>
			 <trkpt lat="54.689342" lon="25.266721">
				 <ele>101.9</ele>
			 </trkpt>
			 <trkpt lat="54.689266" lon="25.267183">
				 <ele>102.5</ele>
			 </trkpt>
			 <trkpt lat="54.689191" lon="25.267635">
				 <ele>102.9</ele>
			 </trkpt>
			 <trkpt lat="54.689115" lon="25.268087">
				 <ele>103.4</ele>
			 </trkpt>
			 <trkpt lat="54.68904" lon="25.268538">
				 <ele>103.8</ele>
			 </trkpt>
			 <trkpt lat="54.688964" lon="25.26899">
				 <ele>104.2</ele>
			 </trkpt>
			 <trkpt lat="54.688888" lon="25.269441">
				 <ele>104.5</ele>
			 </trkpt>
			 <trkpt lat="54.688814" lon="25.269885">
				 <ele>104.9</ele>
			 </trkpt>
			 <trkpt lat="54.688727" lon="25.270403">
				 <ele>105.3</ele>
			 </trkpt>
			 <trkpt lat="54.688639" lon="25.270922">
				 <ele>105.6</ele>
			 </trkpt>
			 <trkpt lat="54.688552" lon="25.27144">
				 <ele>105.9</ele>
			 </trkpt>
			 <trkpt lat="54.688465" lon="25.271958">
				 <ele>106.2</ele>
			 </trkpt>
			 <trkpt lat="54.688377" lon="25.272477">
				 <ele>106.4</ele>
			 </trkpt>
			 <trkpt lat="54.688292" lon="25.272986">
				 <ele>106.5</ele>
			 </trkpt>
			 <trkpt lat="54.688218" lon="25.273416">
				 <ele>106.8</ele>
			 </trkpt>
			 <trkpt lat="54.688144" lon="25.273846">
				 <ele>107</ele>
			 </trkpt>
			 <trkpt lat="54.688071" lon="25.274277">
				 <ele>107.2</ele>
			 </trkpt>
			 <trkpt lat="54.687997" lon="25.274707">
				 <ele>107.4</ele>
			 </trkpt>
			 <trkpt lat="54.687925" lon="25.275131">
				 <ele>107.5</ele>
			 </trkpt>
			 <trkpt lat="54.687843" lon="25.275566">
				 <ele>107.5</ele>
			 </trkpt>
			 <trkpt lat="54.687762" lon="25.276001">
				 <ele>107.7</ele>
			 </trkpt>
			 <trkpt lat="54.687681" lon="25.276436">
				 <ele>107.9</ele>
			 </trkpt>
			 <trkpt lat="54.6876" lon="25.276866">
				 <ele>108.1</ele>
			 </trkpt>
			 <trkpt lat="54.687525" lon="25.277289">
				 <ele>108.3</ele>
			 </trkpt>
			 <trkpt lat="54.687449" lon="25.277713">
				 <ele>108.5</ele>
			 </trkpt>
			 <trkpt lat="54.687374" lon="25.278136">
				 <ele>108.6</ele>
			 </trkpt>
			 <trkpt lat="54.687299" lon="25.278555">
				 <ele>108.8</ele>
			 </trkpt>
			 <trkpt lat="54.687256" lon="25.278783">
				 <ele>109</ele>
			 </trkpt>
			 <trkpt lat="54.687233" lon="25.278816">
				 <ele>109.3</ele>
			 </trkpt>
			 <trkpt lat="54.686938" lon="25.278738">
				 <ele>109.5</ele>
			 </trkpt>
			 <trkpt lat="54.68663" lon="25.27863">
				 <ele>109.8</ele>
			 </trkpt>
			 <trkpt lat="54.686321" lon="25.278522">
				 <ele>110</ele>
			 </trkpt>
			 <trkpt lat="54.686014" lon="25.278414">
				 <ele>110.2</ele>
			 </trkpt>
			 <trkpt lat="54.685799" lon="25.278326">
				 <ele>110.4</ele>
			 </trkpt>
			 <trkpt lat="54.685584" lon="25.278237">
				 <ele>110.6</ele>
			 </trkpt>
			 <trkpt lat="54.685401" lon="25.27816">
				 <ele>110.9</ele>
			 </trkpt>
			 <trkpt lat="54.685312" lon="25.278107">
				 <ele>111.1</ele>
			 </trkpt>
			 <trkpt lat="54.685168" lon="25.277955">
				 <ele>111.3</ele>
			 </trkpt>
			 <trkpt lat="54.685025" lon="25.277803">
				 <ele>111.5</ele>
			 </trkpt>
			 <trkpt lat="54.684788" lon="25.277552">
				 <ele>111.5</ele>
			 </trkpt>
			 <trkpt lat="54.684608" lon="25.277355">
				 <ele>111.6</ele>
			 </trkpt>
			 <trkpt lat="54.684556" lon="25.277334">
				 <ele>111.7</ele>
			 </trkpt>
			 <trkpt lat="54.684482" lon="25.277454">
				 <ele>111.8</ele>
			 </trkpt>
			 <trkpt lat="54.68436" lon="25.277748">
				 <ele>111.9</ele>
			 </trkpt>
			 <trkpt lat="54.684209" lon="25.278117">
				 <ele>112</ele>
			 </trkpt>
			 <trkpt lat="54.684057" lon="25.278486">
				 <ele>112</ele>
			 </trkpt>
			 <trkpt lat="54.683907" lon="25.278852">
				 <ele>112.1</ele>
			 </trkpt>
			 <trkpt lat="54.683744" lon="25.279251">
				 <ele>112.2</ele>
			 </trkpt>
			 <trkpt lat="54.68348" lon="25.279368">
				 <ele>112.3</ele>
			 </trkpt>
			 <trkpt lat="54.683215" lon="25.279485">
				 <ele>112.4</ele>
			 </trkpt>
			 <trkpt lat="54.68295" lon="25.279602">
				 <ele>112.5</ele>
			 </trkpt>
			 <trkpt lat="54.682685" lon="25.279719">
				 <ele>112.5</ele>
			 </trkpt>
			 <trkpt lat="54.682421" lon="25.279836">
				 <ele>112.6</ele>
			 </trkpt>
			 <trkpt lat="54.682445" lon="25.28">
				 <ele>112.7</ele>
			 </trkpt>
			 <trkpt lat="54.682551" lon="25.280424">
				 <ele>112.8</ele>
			 </trkpt>
			 <trkpt lat="54.682658" lon="25.280849">
				 <ele>113</ele>
			 </trkpt>
			 <trkpt lat="54.682763" lon="25.281269">
				 <ele>113.2</ele>
			 </trkpt>
			 <trkpt lat="54.682759" lon="25.281315">
				 <ele>113.3</ele>
			 </trkpt>
			 <trkpt lat="54.682589" lon="25.28168">
				 <ele>113.4</ele>
			 </trkpt>
			 <trkpt lat="54.682419" lon="25.282043">
				 <ele>113.5</ele>
			 </trkpt>
			 <trkpt lat="54.68224" lon="25.28241">
				 <ele>113.5</ele>
			 </trkpt>
			 <trkpt lat="54.682061" lon="25.282775">
				 <ele>113.6</ele>
			 </trkpt>
			 <trkpt lat="54.681961" lon="25.283039">
				 <ele>113.7</ele>
			 </trkpt>
			 <trkpt lat="54.681862" lon="25.283301">
				 <ele>113.9</ele>
			 </trkpt>
			 <trkpt lat="54.681724" lon="25.283744">
				 <ele>114.1</ele>
			 </trkpt>
			 <trkpt lat="54.681587" lon="25.284187">
				 <ele>114.3</ele>
			 </trkpt>
			 <trkpt lat="54.681451" lon="25.284627">
				 <ele>114.4</ele>
			 </trkpt>
			 <trkpt lat="54.681361" lon="25.284921">
				 <ele>114.5</ele>
			 </trkpt>
			 <trkpt lat="54.681253" lon="25.285098">
				 <ele>114.5</ele>
			 </trkpt>
			 <trkpt lat="54.681315" lon="25.285527">
				 <ele>114.6</ele>
			 </trkpt>
			 <trkpt lat="54.681422" lon="25.285924">
				 <ele>114.7</ele>
			 </trkpt>
			 <trkpt lat="54.681529" lon="25.286318">
				 <ele>114.8</ele>
			 </trkpt>
			 <trkpt lat="54.681525" lon="25.286445">
				 <ele>115</ele>
			 </trkpt>
			 <trkpt lat="54.681494" lon="25.286494">
				 <ele>115.2</ele>
			 </trkpt>
			 <trkpt lat="54.681299" lon="25.286511">
				 <ele>115.3</ele>
			 </trkpt>
			 <trkpt lat="54.681105" lon="25.286527">
				 <ele>115.4</ele>
			 </trkpt>
			 <trkpt lat="54.680893" lon="25.286485">
				 <ele>115.5</ele>
			 </trkpt>
			 <trkpt lat="54.680653" lon="25.286314">
				 <ele>115.5</ele>
			 </trkpt>
			 <trkpt lat="54.680413" lon="25.286144">
				 <ele>115.6</ele>
			 </trkpt>
			 <trkpt lat="54.680347" lon="25.286127">
				 <ele>115.8</ele>
			 </trkpt>
			 <trkpt lat="54.680278" lon="25.286131">
				 <ele>116</ele>
			 </trkpt>
			 <trkpt lat="54.680221" lon="25.286145">
				 <ele>116.2</ele>
			 </trkpt>
			 <trkpt lat="54.68005" lon="25.286331">
				 <ele>116.4</ele>
			 </trkpt>
			 <trkpt lat="54.679899" lon="25.286533">
				 <ele>116.5</ele>
			 </trkpt>
			 <trkpt lat="54.679748" lon="25.286734">
				 <ele>116.5</ele>
			 </trkpt>
			 <trkpt lat="54.679597" lon="25.286886">
				 <ele>116.5</ele>
			 </trkpt>
			 <trkpt lat="54.679447" lon="25.287037">
				 <ele>116.5</ele>
			 </trkpt>
			 <trkpt lat="54.679304" lon="25.287287">
				 <ele>116.5</ele>
			 </trkpt>
			 <trkpt lat="54.679269" lon="25.287336">
				 <ele>116.5</ele>
			 </trkpt>
			 <trkpt lat="54.679446" lon="25.287612">
				 <ele>116.5</ele>
			 </trkpt>
			 <trkpt lat="54.679585" lon="25.287787">
				 <ele>116.4</ele>
			 </trkpt>
			 <trkpt lat="54.679723" lon="25.287961">
				 <ele>116.2</ele>
			 </trkpt>
			 <trkpt lat="54.679906" lon="25.288127">
				 <ele>115.9</ele>
			 </trkpt>
			 <trkpt lat="54.680089" lon="25.288292">
				 <ele>115.6</ele>
			 </trkpt>
			 <trkpt lat="54.680303" lon="25.288421">
				 <ele>115.3</ele>
			 </trkpt>
			 <trkpt lat="54.680518" lon="25.288551">
				 <ele>114.9</ele>
			 </trkpt>
			 <trkpt lat="54.680731" lon="25.28868">
				 <ele>114.5</ele>
			 </trkpt>
			 <trkpt lat="54.680938" lon="25.288836">
				 <ele>114</ele>
			 </trkpt>
			 <trkpt lat="54.681145" lon="25.288992">
				 <ele>113.5</ele>
			 </trkpt>
			 <trkpt lat="54.681351" lon="25.289148">
				 <ele>112.8</ele>
			 </trkpt>
			 <trkpt lat="54.681377" lon="25.289172">
				 <ele>112.2</ele>
			 </trkpt>
			 <trkpt lat="54.681357" lon="25.289254">
				 <ele>111.5</ele>
			 </trkpt>
			 <trkpt lat="54.681161" lon="25.289578">
				 <ele>110.8</ele>
			 </trkpt>
			 <trkpt lat="54.680999" lon="25.289982">
				 <ele>110.1</ele>
			 </trkpt>
			 <trkpt lat="54.680778" lon="25.290264">
				 <ele>109.3</ele>
			 </trkpt>
			 <trkpt lat="54.680751" lon="25.290324">
				 <ele>108.5</ele>
			 </trkpt>
			 <trkpt lat="54.680771" lon="25.290752">
				 <ele>107.6</ele>
			 </trkpt>
			 <trkpt lat="54.680791" lon="25.291178">
				 <ele>106.9</ele>
			 </trkpt>
			 <trkpt lat="54.680788" lon="25.291285">
				 <ele>106.1</ele>
			 </trkpt>
			 <trkpt lat="54.680695" lon="25.291646">
				 <ele>105.4</ele>
			 </trkpt>
			 <trkpt lat="54.680585" lon="25.291914">
				 <ele>104.6</ele>
			 </trkpt>
			 <trkpt lat="54.680374" lon="25.292106">
				 <ele>103.9</ele>
			 </trkpt>
			 <trkpt lat="54.680164" lon="25.292297">
				 <ele>103.2</ele>
			 </trkpt>
			 <trkpt lat="54.679954" lon="25.292485">
				 <ele>102.5</ele>
			 </trkpt>
			 <trkpt lat="54.679743" lon="25.292672">
				 <ele>102</ele>
			 </trkpt>
			 <trkpt lat="54.679533" lon="25.292859">
				 <ele>101.5</ele>
			 </trkpt>
			 <trkpt lat="54.679324" lon="25.293046">
				 <ele>101.2</ele>
			 </trkpt>
			 <trkpt lat="54.679137" lon="25.293356">
				 <ele>100.8</ele>
			 </trkpt>
			 <trkpt lat="54.679108" lon="25.293444">
				 <ele>100.6</ele>
			 </trkpt>
			 <trkpt lat="54.679026" lon="25.293844">
				 <ele>100.5</ele>
			 </trkpt>
			 <trkpt lat="54.679023" lon="25.294188">
				 <ele>100.5</ele>
			 </trkpt>
			 <trkpt lat="54.679019" lon="25.29453">
				 <ele>100.5</ele>
			 </trkpt>
			 <trkpt lat="54.679036" lon="25.29498">
				 <ele>100.6</ele>
			 </trkpt>
			 <trkpt lat="54.679054" lon="25.295431">
				 <ele>100.9</ele>
			 </trkpt>
			 <trkpt lat="54.679071" lon="25.295881">
				 <ele>101.3</ele>
			 </trkpt>
			 <trkpt lat="54.679087" lon="25.296326">
				 <ele>101.6</ele>
			 </trkpt>
			 <trkpt lat="54.679087" lon="25.296801">
				 <ele>102.1</ele>
			 </trkpt>
			 <trkpt lat="54.679087" lon="25.297276">
				 <ele>102.6</ele>
			 </trkpt>
			 <trkpt lat="54.679087" lon="25.297747">
				 <ele>103.3</ele>
			 </trkpt>
			 <trkpt lat="54.679038" lon="25.298154">
				 <ele>103.8</ele>
			 </trkpt>
			 <trkpt lat="54.678967" lon="25.298526">
				 <ele>104.5</ele>
			 </trkpt>
			 <trkpt lat="54.678896" lon="25.298897">
				 <ele>105.2</ele>
			 </trkpt>
			 <trkpt lat="54.678825" lon="25.299265">
				 <ele>105.8</ele>
			 </trkpt>
			 <trkpt lat="54.678756" lon="25.29977">
				 <ele>106.5</ele>
			 </trkpt>
			 <trkpt lat="54.678687" lon="25.300275">
				 <ele>107.2</ele>
			 </trkpt>
			 <trkpt lat="54.678618" lon="25.300775">
				 <ele>107.8</ele>
			 </trkpt>
			 <trkpt lat="54.678563" lon="25.301215">
				 <ele>108.5</ele>
			 </trkpt>
			 <trkpt lat="54.678508" lon="25.301654">
				 <ele>109</ele>
			 </trkpt>
			 <trkpt lat="54.678454" lon="25.302094">
				 <ele>109.5</ele>
			 </trkpt>
			 <trkpt lat="54.6784" lon="25.302529">
				 <ele>110</ele>
			 </trkpt>
			 <trkpt lat="54.678352" lon="25.303062">
				 <ele>110.5</ele>
			 </trkpt>
			 <trkpt lat="54.678304" lon="25.303596">
				 <ele>110.8</ele>
			 </trkpt>
			 <trkpt lat="54.678257" lon="25.304125">
				 <ele>111</ele>
			 </trkpt>
			 <trkpt lat="54.678259" lon="25.304536">
				 <ele>111.2</ele>
			 </trkpt>
			 <trkpt lat="54.678262" lon="25.304948">
				 <ele>111.3</ele>
			 </trkpt>
			 <trkpt lat="54.678264" lon="25.305356">
				 <ele>111.4</ele>
			 </trkpt>
			 <trkpt lat="54.678189" lon="25.305867">
				 <ele>111.3</ele>
			 </trkpt>
			 <trkpt lat="54.678115" lon="25.306376">
				 <ele>111.2</ele>
			 </trkpt>
			 <trkpt lat="54.678043" lon="25.306849">
				 <ele>111.1</ele>
			 </trkpt>
			 <trkpt lat="54.677971" lon="25.307322">
				 <ele>110.8</ele>
			 </trkpt>
			 <trkpt lat="54.6779" lon="25.307791">
				 <ele>110.5</ele>
			 </trkpt>
			 <trkpt lat="54.677845" lon="25.308153">
				 <ele>110.3</ele>
			 </trkpt>
			 <trkpt lat="54.677791" lon="25.308512">
				 <ele>109.9</ele>
			 </trkpt>
			 <trkpt lat="54.677793" lon="25.308608">
				 <ele>109.6</ele>
			 </trkpt>
			 <trkpt lat="54.677809" lon="25.308885">
				 <ele>109.3</ele>
			 </trkpt>
			 <trkpt lat="54.677859" lon="25.309146">
				 <ele>108.9</ele>
			 </trkpt>
			 <trkpt lat="54.67791" lon="25.309406">
				 <ele>108.5</ele>
			 </trkpt>
			 <trkpt lat="54.678055" lon="25.309741">
				 <ele>108.3</ele>
			 </trkpt>
			 <trkpt lat="54.6782" lon="25.309939">
				 <ele>107.9</ele>
			 </trkpt>
			 <trkpt lat="54.678345" lon="25.310137">
				 <ele>107.5</ele>
			 </trkpt>
			 <trkpt lat="54.678569" lon="25.310475">
				 <ele>107.3</ele>
			 </trkpt>
			 <trkpt lat="54.678704" lon="25.310609">
				 <ele>106.9</ele>
			 </trkpt>
			 <trkpt lat="54.678911" lon="25.310808">
				 <ele>106.5</ele>
			 </trkpt>
			 <trkpt lat="54.679153" lon="25.311115">
				 <ele>106.3</ele>
			 </trkpt>
			 <trkpt lat="54.679157" lon="25.311062">
				 <ele>106</ele>
			 </trkpt>
			 <trkpt lat="54.678941" lon="25.310775">
				 <ele>105.7</ele>
			 </trkpt>
			 <trkpt lat="54.678675" lon="25.310532">
				 <ele>105.5</ele>
			 </trkpt>
			 <trkpt lat="54.678643" lon="25.310419">
				 <ele>105.2</ele>
			 </trkpt>
			 <trkpt lat="54.678649" lon="25.310314">
				 <ele>104.9</ele>
			 </trkpt>
			 <trkpt lat="54.678723" lon="25.309912">
				 <ele>104.7</ele>
			 </trkpt>
			 <trkpt lat="54.678798" lon="25.30951">
				 <ele>104.5</ele>
			 </trkpt>
			 <trkpt lat="54.678872" lon="25.309111">
				 <ele>104.4</ele>
			 </trkpt>
			 <trkpt lat="54.678934" lon="25.308748">
				 <ele>104.3</ele>
			 </trkpt>
			 <trkpt lat="54.678995" lon="25.308387">
				 <ele>104.2</ele>
			 </trkpt>
			 <trkpt lat="54.679025" lon="25.308119">
				 <ele>104.1</ele>
			 </trkpt>
			 <trkpt lat="54.679054" lon="25.307853">
				 <ele>104</ele>
			 </trkpt>
			 <trkpt lat="54.679071" lon="25.307332">
				 <ele>104</ele>
			 </trkpt>
			 <trkpt lat="54.679088" lon="25.306815">
				 <ele>104</ele>
			 </trkpt>
			 <trkpt lat="54.679098" lon="25.306302">
				 <ele>104</ele>
			 </trkpt>
			 <trkpt lat="54.679109" lon="25.305792">
				 <ele>104</ele>
			 </trkpt>
			 <trkpt lat="54.679118" lon="25.305377">
				 <ele>104</ele>
			 </trkpt>
			 <trkpt lat="54.679126" lon="25.304962">
				 <ele>104</ele>
			 </trkpt>
			 <trkpt lat="54.679135" lon="25.304547">
				 <ele>104</ele>
			 </trkpt>
			 <trkpt lat="54.679143" lon="25.304137">
				 <ele>104</ele>
			 </trkpt>
			 <trkpt lat="54.679147" lon="25.303643">
				 <ele>104</ele>
			 </trkpt>
			 <trkpt lat="54.679151" lon="25.303149">
				 <ele>104</ele>
			 </trkpt>
			 <trkpt lat="54.679155" lon="25.302655">
				 <ele>104</ele>
			 </trkpt>
			 <trkpt lat="54.679159" lon="25.302161">
				 <ele>104</ele>
			 </trkpt>
			 <trkpt lat="54.679163" lon="25.301667">
				 <ele>104</ele>
			 </trkpt>
			 <trkpt lat="54.679167" lon="25.301182">
				 <ele>104</ele>
			 </trkpt>
			 <trkpt lat="54.679167" lon="25.300708">
				 <ele>104</ele>
			 </trkpt>
			 <trkpt lat="54.679167" lon="25.300235">
				 <ele>103.9</ele>
			 </trkpt>
			 <trkpt lat="54.679167" lon="25.299761">
				 <ele>103.8</ele>
			 </trkpt>
			 <trkpt lat="54.679167" lon="25.299288">
				 <ele>103.7</ele>
			 </trkpt>
			 <trkpt lat="54.679167" lon="25.298822">
				 <ele>103.6</ele>
			 </trkpt>
			 <trkpt lat="54.679165" lon="25.298513">
				 <ele>103.6</ele>
			 </trkpt>
			 <trkpt lat="54.679162" lon="25.298207">
				 <ele>103.6</ele>
			 </trkpt>
			 <trkpt lat="54.679192" lon="25.298045">
				 <ele>103.6</ele>
			 </trkpt>
			 <trkpt lat="54.67922" lon="25.297949">
				 <ele>103.6</ele>
			 </trkpt>
			 <trkpt lat="54.67943" lon="25.297772">
				 <ele>103.6</ele>
			 </trkpt>
			 <trkpt lat="54.679648" lon="25.297513">
				 <ele>103.6</ele>
			 </trkpt>
			 <trkpt lat="54.679798" lon="25.297132">
				 <ele>103.6</ele>
			 </trkpt>
			 <trkpt lat="54.679888" lon="25.296752">
				 <ele>103.7</ele>
			 </trkpt>
			 <trkpt lat="54.679978" lon="25.296373">
				 <ele>103.8</ele>
			 </trkpt>
			 <trkpt lat="54.680068" lon="25.295997">
				 <ele>103.9</ele>
			 </trkpt>
			 <trkpt lat="54.680158" lon="25.295703">
				 <ele>104</ele>
			 </trkpt>
			 <trkpt lat="54.680248" lon="25.295411">
				 <ele>104</ele>
			 </trkpt>
			 <trkpt lat="54.680321" lon="25.295254">
				 <ele>104</ele>
			 </trkpt>
			 <trkpt lat="54.680422" lon="25.295119">
				 <ele>104</ele>
			 </trkpt>
			 <trkpt lat="54.680429" lon="25.29502">
				 <ele>104</ele>
			 </trkpt>
			 <trkpt lat="54.680378" lon="25.2947">
				 <ele>104</ele>
			 </trkpt>
			 <trkpt lat="54.680328" lon="25.294382">
				 <ele>104</ele>
			 </trkpt>
			 <trkpt lat="54.680294" lon="25.293888">
				 <ele>104</ele>
			 </trkpt>
			 <trkpt lat="54.680294" lon="25.293721">
				 <ele>104</ele>
			 </trkpt>
			 <trkpt lat="54.680316" lon="25.293434">
				 <ele>104</ele>
			 </trkpt>
			 <trkpt lat="54.680378" lon="25.293069">
				 <ele>104</ele>
			 </trkpt>
			 <trkpt lat="54.680438" lon="25.29276">
				 <ele>104</ele>
			 </trkpt>
			 <trkpt lat="54.680497" lon="25.292454">
				 <ele>104</ele>
			 </trkpt>
			 <trkpt lat="54.680583" lon="25.292174">
				 <ele>104</ele>
			 </trkpt>
			 <trkpt lat="54.680614" lon="25.292085">
				 <ele>104</ele>
			 </trkpt>
			 <trkpt lat="54.680691" lon="25.291998">
				 <ele>103.9</ele>
			 </trkpt>
			 <trkpt lat="54.680921" lon="25.291859">
				 <ele>103.8</ele>
			 </trkpt>
			 <trkpt lat="54.681035" lon="25.291838">
				 <ele>103.7</ele>
			 </trkpt>
			 <trkpt lat="54.681167" lon="25.291843">
				 <ele>103.5</ele>
			 </trkpt>
			 <trkpt lat="54.68127" lon="25.29187">
				 <ele>103.4</ele>
			 </trkpt>
			 <trkpt lat="54.681364" lon="25.291986">
				 <ele>103.2</ele>
			 </trkpt>
			 <trkpt lat="54.681499" lon="25.292268">
				 <ele>103</ele>
			 </trkpt>
			 <trkpt lat="54.681633" lon="25.292549">
				 <ele>102.8</ele>
			 </trkpt>
			 <trkpt lat="54.68171" lon="25.292663">
				 <ele>102.6</ele>
			 </trkpt>
			 <trkpt lat="54.68185" lon="25.292752">
				 <ele>102.5</ele>
			 </trkpt>
			 <trkpt lat="54.681951" lon="25.292803">
				 <ele>102.3</ele>
			 </trkpt>
			 <trkpt lat="54.682227" lon="25.292818">
				 <ele>102.1</ele>
			 </trkpt>
			 <trkpt lat="54.682502" lon="25.292833">
				 <ele>101.9</ele>
			 </trkpt>
			 <trkpt lat="54.682777" lon="25.292848">
				 <ele>101.7</ele>
			 </trkpt>
			 <trkpt lat="54.683024" lon="25.292848">
				 <ele>101.6</ele>
			 </trkpt>
			 <trkpt lat="54.683271" lon="25.292848">
				 <ele>101.5</ele>
			 </trkpt>
			 <trkpt lat="54.683555" lon="25.292879">
				 <ele>101.3</ele>
			 </trkpt>
			 <trkpt lat="54.683839" lon="25.292909">
				 <ele>101.1</ele>
			 </trkpt>
			 <trkpt lat="54.684123" lon="25.292939">
				 <ele>100.8</ele>
			 </trkpt>
			 <trkpt lat="54.684407" lon="25.29297">
				 <ele>100.5</ele>
			 </trkpt>
			 <trkpt lat="54.684689" lon="25.293">
				 <ele>100.3</ele>
			 </trkpt>
			 <trkpt lat="54.684905" lon="25.292971">
				 <ele>100</ele>
			 </trkpt>
			 <trkpt lat="54.684989" lon="25.292907">
				 <ele>99.8</ele>
			 </trkpt>
			 <trkpt lat="54.685069" lon="25.292587">
				 <ele>99.6</ele>
			 </trkpt>
			 <trkpt lat="54.685078" lon="25.292322">
				 <ele>99.4</ele>
			 </trkpt>
			 <trkpt lat="54.685031" lon="25.291916">
				 <ele>99.1</ele>
			 </trkpt>
			 <trkpt lat="54.684984" lon="25.291513">
				 <ele>98.9</ele>
			 </trkpt>
			 <trkpt lat="54.684923" lon="25.291063">
				 <ele>98.7</ele>
			 </trkpt>
			 <trkpt lat="54.684861" lon="25.290614">
				 <ele>98.5</ele>
			 </trkpt>
			 <trkpt lat="54.684799" lon="25.290164">
				 <ele>98.3</ele>
			 </trkpt>
			 <trkpt lat="54.684738" lon="25.289719">
				 <ele>98.1</ele>
			 </trkpt>
			 <trkpt lat="54.684839" lon="25.289215">
				 <ele>97.9</ele>
			 </trkpt>
			 <trkpt lat="54.684849" lon="25.289098">
				 <ele>97.7</ele>
			 </trkpt>
			 <trkpt lat="54.684838" lon="25.288597">
				 <ele>97.5</ele>
			 </trkpt>
			 <trkpt lat="54.684826" lon="25.288096">
				 <ele>97.4</ele>
			 </trkpt>
			 <trkpt lat="54.684814" lon="25.287595">
				 <ele>97.2</ele>
			 </trkpt>
			 <trkpt lat="54.684802" lon="25.2871">
				 <ele>97</ele>
			 </trkpt>
			 <trkpt lat="54.684817" lon="25.286597">
				 <ele>96.8</ele>
			 </trkpt>
			 <trkpt lat="54.684831" lon="25.286097">
				 <ele>96.6</ele>
			 </trkpt>
			 <trkpt lat="54.68497" lon="25.28593">
				 <ele>96.6</ele>
			 </trkpt>
			 <trkpt lat="54.685193" lon="25.28579">
				 <ele>96.6</ele>
			 </trkpt>
			 <trkpt lat="54.685413" lon="25.285932">
				 <ele>96.5</ele>
			 </trkpt>
			 <trkpt lat="54.685634" lon="25.286073">
				 <ele>96.4</ele>
			 </trkpt>
			 <trkpt lat="54.685853" lon="25.286215">
				 <ele>96.3</ele>
			 </trkpt>
		 </trkseg>
	 </trk>
</gpx>