<?xml version="1.0" encoding="UTF-8"?>
 <gpx creator="Garmin Connect" version="1.1"
	 xsi:schemaLocation="http://www.topografix.com/GPX/1/1 http://www.topografix.com/GPX/11.xsd"
	 xmlns:ns3="http://www.garmin.com/xmlschemas/TrackPointExtension/v1"
	 xmlns="http://www.topografix.com/GPX/1/1"
	 xmlns:xsi="http://www.w3.org/2001/XMLSchema-instance" xmlns:ns2="http://www.garmin.com/xmlschemas/GpxExtensions/v3">
	 <metadata>
		<name>Walt Disney World Marathon Weekend 2025 - 42.195 km</name>
		 <link href="https://www.goandrace.com">
		 <text>Garmin Connect</text>
		 </link>
	 <time>2026-08-09T18:02:19</time>
	 </metadata>
	 <trk>
		 <name>Walt Disney World Marathon Weekend 2025 - 42.195 km</name>
		 <trkseg>
			 <trkpt lat="28.380575" lon="-81.542062">
				 <ele>28.7</ele>
			 </trkpt>
			 <trkpt lat="28.380613" lon="-81.542093">
				 <ele>28.7</ele>
			 </trkpt>
			 <trkpt lat="28.380783" lon="-81.542255">
				 <ele>28.8</ele>
			 </trkpt>
			 <trkpt lat="28.380933" lon="-81.542395">
				 <ele>28.8</ele>
			 </trkpt>
			 <trkpt lat="28.381091" lon="-81.542524">
				 <ele>28.8</ele>
			 </trkpt>
			 <trkpt lat="28.381235" lon="-81.542658">
				 <ele>28.8</ele>
			 </trkpt>
			 <trkpt lat="28.381379" lon="-81.542798">
				 <ele>28.9</ele>
			 </trkpt>
			 <trkpt lat="28.381514" lon="-81.542934">
				 <ele>29</ele>
			 </trkpt>
			 <trkpt lat="28.381644" lon="-81.543083">
				 <ele>29</ele>
			 </trkpt>
			 <trkpt lat="28.381796" lon="-81.543266">
				 <ele>29</ele>
			 </trkpt>
			 <trkpt lat="28.381934" lon="-81.543426">
				 <ele>29</ele>
			 </trkpt>
			 <trkpt lat="28.38206" lon="-81.543582">
				 <ele>29</ele>
			 </trkpt>
			 <trkpt lat="28.38218" lon="-81.543739">
				 <ele>29</ele>
			 </trkpt>
			 <trkpt lat="28.382296" lon="-81.543898">
				 <ele>29</ele>
			 </trkpt>
			 <trkpt lat="28.382354" lon="-81.543975">
				 <ele>29</ele>
			 </trkpt>
			 <trkpt lat="28.38247" lon="-81.544132">
				 <ele>29</ele>
			 </trkpt>
			 <trkpt lat="28.382578" lon="-81.544303">
				 <ele>29</ele>
			 </trkpt>
			 <trkpt lat="28.382686" lon="-81.544473">
				 <ele>29</ele>
			 </trkpt>
			 <trkpt lat="28.382801" lon="-81.544694">
				 <ele>29</ele>
			 </trkpt>
			 <trkpt lat="28.382844" lon="-81.544784">
				 <ele>29</ele>
			 </trkpt>
			 <trkpt lat="28.382947" lon="-81.545007">
				 <ele>29</ele>
			 </trkpt>
			 <trkpt lat="28.383028" lon="-81.545192">
				 <ele>29</ele>
			 </trkpt>
			 <trkpt lat="28.383085" lon="-81.545334">
				 <ele>29</ele>
			 </trkpt>
			 <trkpt lat="28.383168" lon="-81.54557">
				 <ele>29</ele>
			 </trkpt>
			 <trkpt lat="28.383222" lon="-81.54571">
				 <ele>29</ele>
			 </trkpt>
			 <trkpt lat="28.383285" lon="-81.54595">
				 <ele>29</ele>
			 </trkpt>
			 <trkpt lat="28.383345" lon="-81.546145">
				 <ele>29</ele>
			 </trkpt>
			 <trkpt lat="28.383412" lon="-81.546388">
				 <ele>29</ele>
			 </trkpt>
			 <trkpt lat="28.383472" lon="-81.546628">
				 <ele>29</ele>
			 </trkpt>
			 <trkpt lat="28.383534" lon="-81.546863">
				 <ele>29</ele>
			 </trkpt>
			 <trkpt lat="28.383575" lon="-81.547074">
				 <ele>29</ele>
			 </trkpt>
			 <trkpt lat="28.383612" lon="-81.547277">
				 <ele>29</ele>
			 </trkpt>
			 <trkpt lat="28.383654" lon="-81.54748">
				 <ele>29</ele>
			 </trkpt>
			 <trkpt lat="28.383699" lon="-81.547729">
				 <ele>29</ele>
			 </trkpt>
			 <trkpt lat="28.383717" lon="-81.547827">
				 <ele>29</ele>
			 </trkpt>
			 <trkpt lat="28.383729" lon="-81.547921">
				 <ele>29</ele>
			 </trkpt>
			 <trkpt lat="28.383756" lon="-81.548124">
				 <ele>29</ele>
			 </trkpt>
			 <trkpt lat="28.383782" lon="-81.548333">
				 <ele>29</ele>
			 </trkpt>
			 <trkpt lat="28.383799" lon="-81.548541">
				 <ele>29</ele>
			 </trkpt>
			 <trkpt lat="28.38382" lon="-81.548746">
				 <ele>29</ele>
			 </trkpt>
			 <trkpt lat="28.383843" lon="-81.548992">
				 <ele>29</ele>
			 </trkpt>
			 <trkpt lat="28.38386" lon="-81.549246">
				 <ele>29</ele>
			 </trkpt>
			 <trkpt lat="28.383881" lon="-81.549451">
				 <ele>29</ele>
			 </trkpt>
			 <trkpt lat="28.383898" lon="-81.549704">
				 <ele>29</ele>
			 </trkpt>
			 <trkpt lat="28.383908" lon="-81.549908">
				 <ele>29</ele>
			 </trkpt>
			 <trkpt lat="28.383907" lon="-81.550159">
				 <ele>28.9</ele>
			 </trkpt>
			 <trkpt lat="28.383912" lon="-81.550409">
				 <ele>28.8</ele>
			 </trkpt>
			 <trkpt lat="28.383908" lon="-81.550617">
				 <ele>28.7</ele>
			 </trkpt>
			 <trkpt lat="28.383901" lon="-81.550871">
				 <ele>28.6</ele>
			 </trkpt>
			 <trkpt lat="28.383897" lon="-81.551076">
				 <ele>28.5</ele>
			 </trkpt>
			 <trkpt lat="28.383887" lon="-81.551281">
				 <ele>28.5</ele>
			 </trkpt>
			 <trkpt lat="28.383867" lon="-81.551534">
				 <ele>28.4</ele>
			 </trkpt>
			 <trkpt lat="28.383844" lon="-81.551789">
				 <ele>28.3</ele>
			 </trkpt>
			 <trkpt lat="28.383834" lon="-81.551994">
				 <ele>28.2</ele>
			 </trkpt>
			 <trkpt lat="28.383806" lon="-81.552197">
				 <ele>28.1</ele>
			 </trkpt>
			 <trkpt lat="28.38377" lon="-81.552399">
				 <ele>28</ele>
			 </trkpt>
			 <trkpt lat="28.383738" lon="-81.552608">
				 <ele>28</ele>
			 </trkpt>
			 <trkpt lat="28.383708" lon="-81.552809">
				 <ele>28</ele>
			 </trkpt>
			 <trkpt lat="28.38367" lon="-81.553011">
				 <ele>28</ele>
			 </trkpt>
			 <trkpt lat="28.383625" lon="-81.553209">
				 <ele>28</ele>
			 </trkpt>
			 <trkpt lat="28.383566" lon="-81.553406">
				 <ele>28</ele>
			 </trkpt>
			 <trkpt lat="28.383492" lon="-81.553599">
				 <ele>28</ele>
			 </trkpt>
			 <trkpt lat="28.38342" lon="-81.553789">
				 <ele>28</ele>
			 </trkpt>
			 <trkpt lat="28.383343" lon="-81.553984">
				 <ele>28</ele>
			 </trkpt>
			 <trkpt lat="28.383326" lon="-81.554037">
				 <ele>28</ele>
			 </trkpt>
			 <trkpt lat="28.383244" lon="-81.55422">
				 <ele>28</ele>
			 </trkpt>
			 <trkpt lat="28.383145" lon="-81.554398">
				 <ele>28.1</ele>
			 </trkpt>
			 <trkpt lat="28.383041" lon="-81.55458">
				 <ele>28.2</ele>
			 </trkpt>
			 <trkpt lat="28.382926" lon="-81.554793">
				 <ele>28.3</ele>
			 </trkpt>
			 <trkpt lat="28.382797" lon="-81.554996">
				 <ele>28.5</ele>
			 </trkpt>
			 <trkpt lat="28.382669" lon="-81.555203">
				 <ele>28.6</ele>
			 </trkpt>
			 <trkpt lat="28.382555" lon="-81.555372">
				 <ele>28.8</ele>
			 </trkpt>
			 <trkpt lat="28.38244" lon="-81.555532">
				 <ele>29</ele>
			 </trkpt>
			 <trkpt lat="28.38231" lon="-81.555675">
				 <ele>29.2</ele>
			 </trkpt>
			 <trkpt lat="28.382159" lon="-81.555864">
				 <ele>29.4</ele>
			 </trkpt>
			 <trkpt lat="28.382023" lon="-81.556064">
				 <ele>29.5</ele>
			 </trkpt>
			 <trkpt lat="28.38191" lon="-81.556225">
				 <ele>29.7</ele>
			 </trkpt>
			 <trkpt lat="28.381797" lon="-81.556391">
				 <ele>29.9</ele>
			 </trkpt>
			 <trkpt lat="28.381691" lon="-81.556559">
				 <ele>30</ele>
			 </trkpt>
			 <trkpt lat="28.381575" lon="-81.556717">
				 <ele>30.1</ele>
			 </trkpt>
			 <trkpt lat="28.381463" lon="-81.556879">
				 <ele>30.1</ele>
			 </trkpt>
			 <trkpt lat="28.381358" lon="-81.557047">
				 <ele>30.1</ele>
			 </trkpt>
			 <trkpt lat="28.381227" lon="-81.557253">
				 <ele>30.1</ele>
			 </trkpt>
			 <trkpt lat="28.38111" lon="-81.557468">
				 <ele>30</ele>
			 </trkpt>
			 <trkpt lat="28.381041" lon="-81.557596">
				 <ele>29.9</ele>
			 </trkpt>
			 <trkpt lat="28.380945" lon="-81.557813">
				 <ele>29.8</ele>
			 </trkpt>
			 <trkpt lat="28.380848" lon="-81.558023">
				 <ele>29.7</ele>
			 </trkpt>
			 <trkpt lat="28.380794" lon="-81.558158">
				 <ele>29.6</ele>
			 </trkpt>
			 <trkpt lat="28.380764" lon="-81.558242">
				 <ele>29.5</ele>
			 </trkpt>
			 <trkpt lat="28.380788" lon="-81.558297">
				 <ele>29.4</ele>
			 </trkpt>
			 <trkpt lat="28.380913" lon="-81.55825">
				 <ele>29.3</ele>
			 </trkpt>
			 <trkpt lat="28.381051" lon="-81.558158">
				 <ele>29.2</ele>
			 </trkpt>
			 <trkpt lat="28.381191" lon="-81.558096">
				 <ele>29.1</ele>
			 </trkpt>
			 <trkpt lat="28.381336" lon="-81.558072">
				 <ele>29</ele>
			 </trkpt>
			 <trkpt lat="28.381523" lon="-81.558083">
				 <ele>29</ele>
			 </trkpt>
			 <trkpt lat="28.381609" lon="-81.558106">
				 <ele>29</ele>
			 </trkpt>
			 <trkpt lat="28.381652" lon="-81.558123">
				 <ele>29</ele>
			 </trkpt>
			 <trkpt lat="28.381824" lon="-81.558205">
				 <ele>29</ele>
			 </trkpt>
			 <trkpt lat="28.381863" lon="-81.558229">
				 <ele>29</ele>
			 </trkpt>
			 <trkpt lat="28.382014" lon="-81.558348">
				 <ele>29</ele>
			 </trkpt>
			 <trkpt lat="28.382083" lon="-81.558419">
				 <ele>29</ele>
			 </trkpt>
			 <trkpt lat="28.382209" lon="-81.558625">
				 <ele>29</ele>
			 </trkpt>
			 <trkpt lat="28.382241" lon="-81.558716">
				 <ele>29</ele>
			 </trkpt>
			 <trkpt lat="28.382276" lon="-81.558958">
				 <ele>29</ele>
			 </trkpt>
			 <trkpt lat="28.382264" lon="-81.559203">
				 <ele>29</ele>
			 </trkpt>
			 <trkpt lat="28.382254" lon="-81.559252">
				 <ele>29</ele>
			 </trkpt>
			 <trkpt lat="28.382193" lon="-81.559452">
				 <ele>29</ele>
			 </trkpt>
			 <trkpt lat="28.382094" lon="-81.559679">
				 <ele>29</ele>
			 </trkpt>
			 <trkpt lat="28.381992" lon="-81.559849">
				 <ele>29</ele>
			 </trkpt>
			 <trkpt lat="28.381844" lon="-81.560037">
				 <ele>29</ele>
			 </trkpt>
			 <trkpt lat="28.381717" lon="-81.560182">
				 <ele>29</ele>
			 </trkpt>
			 <trkpt lat="28.381545" lon="-81.560327">
				 <ele>29</ele>
			 </trkpt>
			 <trkpt lat="28.381355" lon="-81.56042">
				 <ele>29</ele>
			 </trkpt>
			 <trkpt lat="28.381315" lon="-81.560434">
				 <ele>29</ele>
			 </trkpt>
			 <trkpt lat="28.381107" lon="-81.56047">
				 <ele>29</ele>
			 </trkpt>
			 <trkpt lat="28.380925" lon="-81.560462">
				 <ele>29</ele>
			 </trkpt>
			 <trkpt lat="28.38084" lon="-81.560442">
				 <ele>29</ele>
			 </trkpt>
			 <trkpt lat="28.380638" lon="-81.560357">
				 <ele>29</ele>
			 </trkpt>
			 <trkpt lat="28.380464" lon="-81.56024">
				 <ele>29</ele>
			 </trkpt>
			 <trkpt lat="28.380305" lon="-81.560065">
				 <ele>29</ele>
			 </trkpt>
			 <trkpt lat="28.380189" lon="-81.559888">
				 <ele>29</ele>
			 </trkpt>
			 <trkpt lat="28.380167" lon="-81.559843">
				 <ele>29</ele>
			 </trkpt>
			 <trkpt lat="28.380087" lon="-81.559624">
				 <ele>29</ele>
			 </trkpt>
			 <trkpt lat="28.380059" lon="-81.559401">
				 <ele>29</ele>
			 </trkpt>
			 <trkpt lat="28.380068" lon="-81.559167">
				 <ele>29</ele>
			 </trkpt>
			 <trkpt lat="28.380107" lon="-81.558966">
				 <ele>29</ele>
			 </trkpt>
			 <trkpt lat="28.380174" lon="-81.558769">
				 <ele>29</ele>
			 </trkpt>
			 <trkpt lat="28.38024" lon="-81.558576">
				 <ele>29.1</ele>
			 </trkpt>
			 <trkpt lat="28.380315" lon="-81.55839">
				 <ele>29.2</ele>
			 </trkpt>
			 <trkpt lat="28.380395" lon="-81.558196">
				 <ele>29.3</ele>
			 </trkpt>
			 <trkpt lat="28.380479" lon="-81.558">
				 <ele>29.4</ele>
			 </trkpt>
			 <trkpt lat="28.380575" lon="-81.557812">
				 <ele>29.5</ele>
			 </trkpt>
			 <trkpt lat="28.380679" lon="-81.557631">
				 <ele>29.6</ele>
			 </trkpt>
			 <trkpt lat="28.38077" lon="-81.557448">
				 <ele>29.7</ele>
			 </trkpt>
			 <trkpt lat="28.380894" lon="-81.557239">
				 <ele>29.9</ele>
			 </trkpt>
			 <trkpt lat="28.380987" lon="-81.557054">
				 <ele>30</ele>
			 </trkpt>
			 <trkpt lat="28.381082" lon="-81.556823">
				 <ele>30.1</ele>
			 </trkpt>
			 <trkpt lat="28.381156" lon="-81.556629">
				 <ele>30.2</ele>
			 </trkpt>
			 <trkpt lat="28.38123" lon="-81.556434">
				 <ele>30.2</ele>
			 </trkpt>
			 <trkpt lat="28.381305" lon="-81.556234">
				 <ele>30.2</ele>
			 </trkpt>
			 <trkpt lat="28.381359" lon="-81.556026">
				 <ele>30.2</ele>
			 </trkpt>
			 <trkpt lat="28.381396" lon="-81.555812">
				 <ele>30.2</ele>
			 </trkpt>
			 <trkpt lat="28.381431" lon="-81.555597">
				 <ele>30.1</ele>
			 </trkpt>
			 <trkpt lat="28.38146" lon="-81.555382">
				 <ele>30.1</ele>
			 </trkpt>
			 <trkpt lat="28.38149" lon="-81.555171">
				 <ele>30</ele>
			 </trkpt>
			 <trkpt lat="28.381492" lon="-81.554966">
				 <ele>29.8</ele>
			 </trkpt>
			 <trkpt lat="28.381492" lon="-81.554856">
				 <ele>29.8</ele>
			 </trkpt>
			 <trkpt lat="28.381493" lon="-81.554649">
				 <ele>29.8</ele>
			 </trkpt>
			 <trkpt lat="28.381497" lon="-81.554598">
				 <ele>29.8</ele>
			 </trkpt>
			 <trkpt lat="28.381528" lon="-81.554346">
				 <ele>29.8</ele>
			 </trkpt>
			 <trkpt lat="28.381559" lon="-81.554095">
				 <ele>29.8</ele>
			 </trkpt>
			 <trkpt lat="28.381582" lon="-81.553845">
				 <ele>29.8</ele>
			 </trkpt>
			 <trkpt lat="28.381581" lon="-81.55374">
				 <ele>29.7</ele>
			 </trkpt>
			 <trkpt lat="28.381591" lon="-81.553534">
				 <ele>29.6</ele>
			 </trkpt>
			 <trkpt lat="28.381609" lon="-81.553287">
				 <ele>29.5</ele>
			 </trkpt>
			 <trkpt lat="28.381617" lon="-81.553239">
				 <ele>29.5</ele>
			 </trkpt>
			 <trkpt lat="28.381647" lon="-81.552987">
				 <ele>29.5</ele>
			 </trkpt>
			 <trkpt lat="28.381703" lon="-81.55274">
				 <ele>29.5</ele>
			 </trkpt>
			 <trkpt lat="28.381783" lon="-81.552507">
				 <ele>29.4</ele>
			 </trkpt>
			 <trkpt lat="28.381872" lon="-81.552274">
				 <ele>29.3</ele>
			 </trkpt>
			 <trkpt lat="28.381894" lon="-81.552228">
				 <ele>29.2</ele>
			 </trkpt>
			 <trkpt lat="28.381984" lon="-81.55205">
				 <ele>29.1</ele>
			 </trkpt>
			 <trkpt lat="28.382078" lon="-81.551875">
				 <ele>29</ele>
			 </trkpt>
			 <trkpt lat="28.382227" lon="-81.551698">
				 <ele>29</ele>
			 </trkpt>
			 <trkpt lat="28.382307" lon="-81.551648">
				 <ele>29</ele>
			 </trkpt>
			 <trkpt lat="28.382485" lon="-81.55159">
				 <ele>29</ele>
			 </trkpt>
			 <trkpt lat="28.38262" lon="-81.551584">
				 <ele>29</ele>
			 </trkpt>
			 <trkpt lat="28.382752" lon="-81.551611">
				 <ele>28.9</ele>
			 </trkpt>
			 <trkpt lat="28.382957" lon="-81.551703">
				 <ele>28.8</ele>
			 </trkpt>
			 <trkpt lat="28.382993" lon="-81.551728">
				 <ele>28.7</ele>
			 </trkpt>
			 <trkpt lat="28.383122" lon="-81.551868">
				 <ele>28.6</ele>
			 </trkpt>
			 <trkpt lat="28.383215" lon="-81.552048">
				 <ele>28.5</ele>
			 </trkpt>
			 <trkpt lat="28.38326" lon="-81.55219">
				 <ele>28.5</ele>
			 </trkpt>
			 <trkpt lat="28.383278" lon="-81.552348">
				 <ele>28.4</ele>
			 </trkpt>
			 <trkpt lat="28.383271" lon="-81.552452">
				 <ele>28.4</ele>
			 </trkpt>
			 <trkpt lat="28.383213" lon="-81.552651">
				 <ele>28.4</ele>
			 </trkpt>
			 <trkpt lat="28.383191" lon="-81.552695">
				 <ele>28.4</ele>
			 </trkpt>
			 <trkpt lat="28.383134" lon="-81.552784">
				 <ele>28.4</ele>
			 </trkpt>
			 <trkpt lat="28.38306" lon="-81.552859">
				 <ele>28.5</ele>
			 </trkpt>
			 <trkpt lat="28.382898" lon="-81.552985">
				 <ele>28.5</ele>
			 </trkpt>
			 <trkpt lat="28.382859" lon="-81.553011">
				 <ele>28.6</ele>
			 </trkpt>
			 <trkpt lat="28.382699" lon="-81.553088">
				 <ele>28.7</ele>
			 </trkpt>
			 <trkpt lat="28.382565" lon="-81.553102">
				 <ele>28.9</ele>
			 </trkpt>
			 <trkpt lat="28.382346" lon="-81.553084">
				 <ele>29.1</ele>
			 </trkpt>
			 <trkpt lat="28.382301" lon="-81.55308">
				 <ele>29.3</ele>
			 </trkpt>
			 <trkpt lat="28.382085" lon="-81.55307">
				 <ele>29.4</ele>
			 </trkpt>
			 <trkpt lat="28.382043" lon="-81.553069">
				 <ele>29.5</ele>
			 </trkpt>
			 <trkpt lat="28.381824" lon="-81.553063">
				 <ele>29.5</ele>
			 </trkpt>
			 <trkpt lat="28.381732" lon="-81.553055">
				 <ele>29.5</ele>
			 </trkpt>
			 <trkpt lat="28.38155" lon="-81.553038">
				 <ele>29.5</ele>
			 </trkpt>
			 <trkpt lat="28.381367" lon="-81.55302">
				 <ele>29.5</ele>
			 </trkpt>
			 <trkpt lat="28.381174" lon="-81.553008">
				 <ele>29.5</ele>
			 </trkpt>
			 <trkpt lat="28.38099" lon="-81.552999">
				 <ele>29.5</ele>
			 </trkpt>
			 <trkpt lat="28.380796" lon="-81.552984">
				 <ele>29.4</ele>
			 </trkpt>
			 <trkpt lat="28.380649" lon="-81.55297">
				 <ele>29.3</ele>
			 </trkpt>
			 <trkpt lat="28.380464" lon="-81.552945">
				 <ele>29.2</ele>
			 </trkpt>
			 <trkpt lat="28.380373" lon="-81.552937">
				 <ele>29.1</ele>
			 </trkpt>
			 <trkpt lat="28.380196" lon="-81.552912">
				 <ele>29</ele>
			 </trkpt>
			 <trkpt lat="28.380151" lon="-81.552908">
				 <ele>29</ele>
			 </trkpt>
			 <trkpt lat="28.379931" lon="-81.5529">
				 <ele>29</ele>
			 </trkpt>
			 <trkpt lat="28.379716" lon="-81.552859">
				 <ele>29</ele>
			 </trkpt>
			 <trkpt lat="28.379629" lon="-81.552838">
				 <ele>29</ele>
			 </trkpt>
			 <trkpt lat="28.379544" lon="-81.552801">
				 <ele>29</ele>
			 </trkpt>
			 <trkpt lat="28.379466" lon="-81.552746">
				 <ele>29</ele>
			 </trkpt>
			 <trkpt lat="28.379339" lon="-81.55259">
				 <ele>29</ele>
			 </trkpt>
			 <trkpt lat="28.379285" lon="-81.552507">
				 <ele>29</ele>
			 </trkpt>
			 <trkpt lat="28.379181" lon="-81.55234">
				 <ele>29</ele>
			 </trkpt>
			 <trkpt lat="28.37906" lon="-81.552181">
				 <ele>29</ele>
			 </trkpt>
			 <trkpt lat="28.378998" lon="-81.552102">
				 <ele>29</ele>
			 </trkpt>
			 <trkpt lat="28.378838" lon="-81.551989">
				 <ele>29</ele>
			 </trkpt>
			 <trkpt lat="28.378669" lon="-81.551909">
				 <ele>29</ele>
			 </trkpt>
			 <trkpt lat="28.378457" lon="-81.551838">
				 <ele>29</ele>
			 </trkpt>
			 <trkpt lat="28.378413" lon="-81.551821">
				 <ele>29</ele>
			 </trkpt>
			 <trkpt lat="28.378282" lon="-81.551776">
				 <ele>29</ele>
			 </trkpt>
			 <trkpt lat="28.378066" lon="-81.551729">
				 <ele>29</ele>
			 </trkpt>
			 <trkpt lat="28.378024" lon="-81.551716">
				 <ele>29</ele>
			 </trkpt>
			 <trkpt lat="28.377951" lon="-81.551671">
				 <ele>29</ele>
			 </trkpt>
			 <trkpt lat="28.377902" lon="-81.551595">
				 <ele>29</ele>
			 </trkpt>
			 <trkpt lat="28.377861" lon="-81.551503">
				 <ele>29</ele>
			 </trkpt>
			 <trkpt lat="28.377783" lon="-81.551274">
				 <ele>29</ele>
			 </trkpt>
			 <trkpt lat="28.377731" lon="-81.551197">
				 <ele>29</ele>
			 </trkpt>
			 <trkpt lat="28.377647" lon="-81.551164">
				 <ele>29</ele>
			 </trkpt>
			 <trkpt lat="28.377553" lon="-81.551172">
				 <ele>29</ele>
			 </trkpt>
			 <trkpt lat="28.37742" lon="-81.551191">
				 <ele>29</ele>
			 </trkpt>
			 <trkpt lat="28.37724" lon="-81.551163">
				 <ele>29</ele>
			 </trkpt>
			 <trkpt lat="28.377017" lon="-81.551105">
				 <ele>29</ele>
			 </trkpt>
			 <trkpt lat="28.376924" lon="-81.551084">
				 <ele>29</ele>
			 </trkpt>
			 <trkpt lat="28.37671" lon="-81.551043">
				 <ele>29</ele>
			 </trkpt>
			 <trkpt lat="28.37662" lon="-81.551041">
				 <ele>29</ele>
			 </trkpt>
			 <trkpt lat="28.376447" lon="-81.551077">
				 <ele>29</ele>
			 </trkpt>
			 <trkpt lat="28.376375" lon="-81.551133">
				 <ele>29</ele>
			 </trkpt>
			 <trkpt lat="28.376266" lon="-81.551314">
				 <ele>29</ele>
			 </trkpt>
			 <trkpt lat="28.376234" lon="-81.551355">
				 <ele>29</ele>
			 </trkpt>
			 <trkpt lat="28.376163" lon="-81.551418">
				 <ele>29</ele>
			 </trkpt>
			 <trkpt lat="28.376085" lon="-81.551434">
				 <ele>29</ele>
			 </trkpt>
			 <trkpt lat="28.375975" lon="-81.551452">
				 <ele>29</ele>
			 </trkpt>
			 <trkpt lat="28.375886" lon="-81.551471">
				 <ele>29</ele>
			 </trkpt>
			 <trkpt lat="28.37576" lon="-81.551623">
				 <ele>29</ele>
			 </trkpt>
			 <trkpt lat="28.375646" lon="-81.551832">
				 <ele>29</ele>
			 </trkpt>
			 <trkpt lat="28.375572" lon="-81.552034">
				 <ele>29</ele>
			 </trkpt>
			 <trkpt lat="28.375493" lon="-81.552226">
				 <ele>29</ele>
			 </trkpt>
			 <trkpt lat="28.375406" lon="-81.552411">
				 <ele>29</ele>
			 </trkpt>
			 <trkpt lat="28.375324" lon="-81.552599">
				 <ele>29</ele>
			 </trkpt>
			 <trkpt lat="28.375234" lon="-81.55282">
				 <ele>29</ele>
			 </trkpt>
			 <trkpt lat="28.375162" lon="-81.553017">
				 <ele>29</ele>
			 </trkpt>
			 <trkpt lat="28.375065" lon="-81.553199">
				 <ele>29</ele>
			 </trkpt>
			 <trkpt lat="28.374924" lon="-81.553398">
				 <ele>29</ele>
			 </trkpt>
			 <trkpt lat="28.374821" lon="-81.553496">
				 <ele>29</ele>
			 </trkpt>
			 <trkpt lat="28.374743" lon="-81.553531">
				 <ele>29</ele>
			 </trkpt>
			 <trkpt lat="28.374532" lon="-81.553563">
				 <ele>29</ele>
			 </trkpt>
			 <trkpt lat="28.374318" lon="-81.553575">
				 <ele>29</ele>
			 </trkpt>
			 <trkpt lat="28.374099" lon="-81.553566">
				 <ele>29</ele>
			 </trkpt>
			 <trkpt lat="28.373879" lon="-81.553552">
				 <ele>29</ele>
			 </trkpt>
			 <trkpt lat="28.373667" lon="-81.553549">
				 <ele>29</ele>
			 </trkpt>
			 <trkpt lat="28.373444" lon="-81.553538">
				 <ele>29</ele>
			 </trkpt>
			 <trkpt lat="28.373261" lon="-81.553522">
				 <ele>29</ele>
			 </trkpt>
			 <trkpt lat="28.373054" lon="-81.553538">
				 <ele>29</ele>
			 </trkpt>
			 <trkpt lat="28.372925" lon="-81.553529">
				 <ele>29</ele>
			 </trkpt>
			 <trkpt lat="28.372743" lon="-81.553472">
				 <ele>29</ele>
			 </trkpt>
			 <trkpt lat="28.372629" lon="-81.553415">
				 <ele>29</ele>
			 </trkpt>
			 <trkpt lat="28.37253" lon="-81.553335">
				 <ele>29</ele>
			 </trkpt>
			 <trkpt lat="28.372409" lon="-81.55318">
				 <ele>29</ele>
			 </trkpt>
			 <trkpt lat="28.3723" lon="-81.553012">
				 <ele>29</ele>
			 </trkpt>
			 <trkpt lat="28.372177" lon="-81.552816">
				 <ele>29</ele>
			 </trkpt>
			 <trkpt lat="28.372058" lon="-81.552616">
				 <ele>29</ele>
			 </trkpt>
			 <trkpt lat="28.372036" lon="-81.552532">
				 <ele>29</ele>
			 </trkpt>
			 <trkpt lat="28.372054" lon="-81.552448">
				 <ele>29</ele>
			 </trkpt>
			 <trkpt lat="28.372119" lon="-81.552342">
				 <ele>29</ele>
			 </trkpt>
			 <trkpt lat="28.372175" lon="-81.552296">
				 <ele>29</ele>
			 </trkpt>
			 <trkpt lat="28.372251" lon="-81.552274">
				 <ele>29</ele>
			 </trkpt>
			 <trkpt lat="28.372471" lon="-81.552233">
				 <ele>29</ele>
			 </trkpt>
			 <trkpt lat="28.372664" lon="-81.552227">
				 <ele>29</ele>
			 </trkpt>
			 <trkpt lat="28.372863" lon="-81.552205">
				 <ele>29</ele>
			 </trkpt>
			 <trkpt lat="28.373041" lon="-81.55215">
				 <ele>29</ele>
			 </trkpt>
			 <trkpt lat="28.373078" lon="-81.552134">
				 <ele>29</ele>
			 </trkpt>
			 <trkpt lat="28.373125" lon="-81.552086">
				 <ele>29</ele>
			 </trkpt>
			 <trkpt lat="28.373135" lon="-81.55195">
				 <ele>29</ele>
			 </trkpt>
			 <trkpt lat="28.373147" lon="-81.551903">
				 <ele>29</ele>
			 </trkpt>
			 <trkpt lat="28.373185" lon="-81.551675">
				 <ele>29</ele>
			 </trkpt>
			 <trkpt lat="28.373191" lon="-81.551578">
				 <ele>29</ele>
			 </trkpt>
			 <trkpt lat="28.373168" lon="-81.551374">
				 <ele>29</ele>
			 </trkpt>
			 <trkpt lat="28.373173" lon="-81.551272">
				 <ele>29</ele>
			 </trkpt>
			 <trkpt lat="28.373212" lon="-81.55112">
				 <ele>29</ele>
			 </trkpt>
			 <trkpt lat="28.373267" lon="-81.550922">
				 <ele>29</ele>
			 </trkpt>
			 <trkpt lat="28.37329" lon="-81.550709">
				 <ele>29</ele>
			 </trkpt>
			 <trkpt lat="28.373277" lon="-81.550507">
				 <ele>29</ele>
			 </trkpt>
			 <trkpt lat="28.373248" lon="-81.550403">
				 <ele>29</ele>
			 </trkpt>
			 <trkpt lat="28.373191" lon="-81.550306">
				 <ele>29</ele>
			 </trkpt>
			 <trkpt lat="28.373121" lon="-81.550231">
				 <ele>29</ele>
			 </trkpt>
			 <trkpt lat="28.373042" lon="-81.550173">
				 <ele>29</ele>
			 </trkpt>
			 <trkpt lat="28.372937" lon="-81.5501">
				 <ele>29</ele>
			 </trkpt>
			 <trkpt lat="28.372922" lon="-81.550019">
				 <ele>29</ele>
			 </trkpt>
			 <trkpt lat="28.372961" lon="-81.549943">
				 <ele>29</ele>
			 </trkpt>
			 <trkpt lat="28.373014" lon="-81.549867">
				 <ele>29</ele>
			 </trkpt>
			 <trkpt lat="28.373037" lon="-81.549773">
				 <ele>29</ele>
			 </trkpt>
			 <trkpt lat="28.373024" lon="-81.549568">
				 <ele>29</ele>
			 </trkpt>
			 <trkpt lat="28.373012" lon="-81.549517">
				 <ele>29</ele>
			 </trkpt>
			 <trkpt lat="28.372963" lon="-81.549432">
				 <ele>29</ele>
			 </trkpt>
			 <trkpt lat="28.372884" lon="-81.549387">
				 <ele>29</ele>
			 </trkpt>
			 <trkpt lat="28.372743" lon="-81.549375">
				 <ele>29</ele>
			 </trkpt>
			 <trkpt lat="28.372554" lon="-81.549382">
				 <ele>29</ele>
			 </trkpt>
			 <trkpt lat="28.372374" lon="-81.549381">
				 <ele>29</ele>
			 </trkpt>
			 <trkpt lat="28.372233" lon="-81.549388">
				 <ele>29</ele>
			 </trkpt>
			 <trkpt lat="28.372055" lon="-81.549351">
				 <ele>28.9</ele>
			 </trkpt>
			 <trkpt lat="28.371975" lon="-81.549308">
				 <ele>28.8</ele>
			 </trkpt>
			 <trkpt lat="28.371915" lon="-81.549243">
				 <ele>28.7</ele>
			 </trkpt>
			 <trkpt lat="28.371851" lon="-81.549127">
				 <ele>28.6</ele>
			 </trkpt>
			 <trkpt lat="28.371823" lon="-81.549028">
				 <ele>28.5</ele>
			 </trkpt>
			 <trkpt lat="28.371773" lon="-81.548821">
				 <ele>28.5</ele>
			 </trkpt>
			 <trkpt lat="28.371708" lon="-81.548613">
				 <ele>28.4</ele>
			 </trkpt>
			 <trkpt lat="28.371647" lon="-81.548363">
				 <ele>28.3</ele>
			 </trkpt>
			 <trkpt lat="28.371605" lon="-81.548161">
				 <ele>28.2</ele>
			 </trkpt>
			 <trkpt lat="28.371561" lon="-81.547921">
				 <ele>28.1</ele>
			 </trkpt>
			 <trkpt lat="28.371497" lon="-81.547681">
				 <ele>28</ele>
			 </trkpt>
			 <trkpt lat="28.371445" lon="-81.54759">
				 <ele>28</ele>
			 </trkpt>
			 <trkpt lat="28.37132" lon="-81.547441">
				 <ele>28</ele>
			 </trkpt>
			 <trkpt lat="28.371214" lon="-81.547326">
				 <ele>28</ele>
			 </trkpt>
			 <trkpt lat="28.37126" lon="-81.547248">
				 <ele>28</ele>
			 </trkpt>
			 <trkpt lat="28.371344" lon="-81.547155">
				 <ele>28</ele>
			 </trkpt>
			 <trkpt lat="28.371395" lon="-81.547085">
				 <ele>28</ele>
			 </trkpt>
			 <trkpt lat="28.371549" lon="-81.546904">
				 <ele>28</ele>
			 </trkpt>
			 <trkpt lat="28.371657" lon="-81.546737">
				 <ele>28</ele>
			 </trkpt>
			 <trkpt lat="28.371709" lon="-81.54666">
				 <ele>28</ele>
			 </trkpt>
			 <trkpt lat="28.371757" lon="-81.546588">
				 <ele>28</ele>
			 </trkpt>
			 <trkpt lat="28.371844" lon="-81.54648">
				 <ele>28.1</ele>
			 </trkpt>
			 <trkpt lat="28.371952" lon="-81.546296">
				 <ele>28.2</ele>
			 </trkpt>
			 <trkpt lat="28.371986" lon="-81.546251">
				 <ele>28.3</ele>
			 </trkpt>
			 <trkpt lat="28.372137" lon="-81.546108">
				 <ele>28.4</ele>
			 </trkpt>
			 <trkpt lat="28.372316" lon="-81.546008">
				 <ele>28.5</ele>
			 </trkpt>
			 <trkpt lat="28.372487" lon="-81.545909">
				 <ele>28.5</ele>
			 </trkpt>
			 <trkpt lat="28.372649" lon="-81.545818">
				 <ele>28.6</ele>
			 </trkpt>
			 <trkpt lat="28.372837" lon="-81.545725">
				 <ele>28.7</ele>
			 </trkpt>
			 <trkpt lat="28.372892" lon="-81.545655">
				 <ele>28.8</ele>
			 </trkpt>
			 <trkpt lat="28.372923" lon="-81.545557">
				 <ele>28.9</ele>
			 </trkpt>
			 <trkpt lat="28.372939" lon="-81.545342">
				 <ele>29</ele>
			 </trkpt>
			 <trkpt lat="28.372938" lon="-81.54513">
				 <ele>29</ele>
			 </trkpt>
			 <trkpt lat="28.372937" lon="-81.544919">
				 <ele>29</ele>
			 </trkpt>
			 <trkpt lat="28.372936" lon="-81.544815">
				 <ele>28.9</ele>
			 </trkpt>
			 <trkpt lat="28.37292" lon="-81.544605">
				 <ele>28.8</ele>
			 </trkpt>
			 <trkpt lat="28.372908" lon="-81.544359">
				 <ele>28.7</ele>
			 </trkpt>
			 <trkpt lat="28.372894" lon="-81.544155">
				 <ele>28.6</ele>
			 </trkpt>
			 <trkpt lat="28.3729" lon="-81.543902">
				 <ele>28.5</ele>
			 </trkpt>
			 <trkpt lat="28.372899" lon="-81.543653">
				 <ele>28.5</ele>
			 </trkpt>
			 <trkpt lat="28.372907" lon="-81.543405">
				 <ele>28.3</ele>
			 </trkpt>
			 <trkpt lat="28.372932" lon="-81.543158">
				 <ele>28.1</ele>
			 </trkpt>
			 <trkpt lat="28.372963" lon="-81.54295">
				 <ele>27.9</ele>
			 </trkpt>
			 <trkpt lat="28.372987" lon="-81.542703">
				 <ele>27.7</ele>
			 </trkpt>
			 <trkpt lat="28.372999" lon="-81.542493">
				 <ele>27.5</ele>
			 </trkpt>
			 <trkpt lat="28.373017" lon="-81.542242">
				 <ele>27.5</ele>
			 </trkpt>
			 <trkpt lat="28.373038" lon="-81.542038">
				 <ele>27.4</ele>
			 </trkpt>
			 <trkpt lat="28.37305" lon="-81.54179">
				 <ele>27.3</ele>
			 </trkpt>
			 <trkpt lat="28.373051" lon="-81.541538">
				 <ele>27.2</ele>
			 </trkpt>
			 <trkpt lat="28.373078" lon="-81.541345">
				 <ele>27.1</ele>
			 </trkpt>
			 <trkpt lat="28.373116" lon="-81.541274">
				 <ele>27</ele>
			 </trkpt>
			 <trkpt lat="28.373316" lon="-81.541203">
				 <ele>27</ele>
			 </trkpt>
			 <trkpt lat="28.373501" lon="-81.541147">
				 <ele>27</ele>
			 </trkpt>
			 <trkpt lat="28.373546" lon="-81.541126">
				 <ele>27</ele>
			 </trkpt>
			 <trkpt lat="28.373659" lon="-81.541043">
				 <ele>27</ele>
			 </trkpt>
			 <trkpt lat="28.373799" lon="-81.540857">
				 <ele>27</ele>
			 </trkpt>
			 <trkpt lat="28.373915" lon="-81.540658">
				 <ele>27</ele>
			 </trkpt>
			 <trkpt lat="28.373998" lon="-81.540543">
				 <ele>27</ele>
			 </trkpt>
			 <trkpt lat="28.374122" lon="-81.540346">
				 <ele>27</ele>
			 </trkpt>
			 <trkpt lat="28.374258" lon="-81.540149">
				 <ele>27</ele>
			 </trkpt>
			 <trkpt lat="28.374383" lon="-81.539964">
				 <ele>27</ele>
			 </trkpt>
			 <trkpt lat="28.374519" lon="-81.539825">
				 <ele>27</ele>
			 </trkpt>
			 <trkpt lat="28.374637" lon="-81.539737">
				 <ele>27</ele>
			 </trkpt>
			 <trkpt lat="28.374828" lon="-81.539656">
				 <ele>27</ele>
			 </trkpt>
			 <trkpt lat="28.375007" lon="-81.539584">
				 <ele>27</ele>
			 </trkpt>
			 <trkpt lat="28.375228" lon="-81.539523">
				 <ele>27</ele>
			 </trkpt>
			 <trkpt lat="28.375446" lon="-81.539503">
				 <ele>27</ele>
			 </trkpt>
			 <trkpt lat="28.375657" lon="-81.539513">
				 <ele>27</ele>
			 </trkpt>
			 <trkpt lat="28.375862" lon="-81.539567">
				 <ele>27</ele>
			 </trkpt>
			 <trkpt lat="28.376069" lon="-81.539637">
				 <ele>27</ele>
			 </trkpt>
			 <trkpt lat="28.376275" lon="-81.539716">
				 <ele>27</ele>
			 </trkpt>
			 <trkpt lat="28.376478" lon="-81.539792">
				 <ele>27</ele>
			 </trkpt>
			 <trkpt lat="28.376599" lon="-81.539841">
				 <ele>27</ele>
			 </trkpt>
			 <trkpt lat="28.376772" lon="-81.53991">
				 <ele>27</ele>
			 </trkpt>
			 <trkpt lat="28.376982" lon="-81.539978">
				 <ele>27</ele>
			 </trkpt>
			 <trkpt lat="28.37715" lon="-81.540061">
				 <ele>27</ele>
			 </trkpt>
			 <trkpt lat="28.377322" lon="-81.54015">
				 <ele>27</ele>
			 </trkpt>
			 <trkpt lat="28.377486" lon="-81.540249">
				 <ele>27</ele>
			 </trkpt>
			 <trkpt lat="28.377686" lon="-81.540356">
				 <ele>27</ele>
			 </trkpt>
			 <trkpt lat="28.377888" lon="-81.540463">
				 <ele>27.1</ele>
			 </trkpt>
			 <trkpt lat="28.378092" lon="-81.540568">
				 <ele>27.2</ele>
			 </trkpt>
			 <trkpt lat="28.378132" lon="-81.540592">
				 <ele>27.3</ele>
			 </trkpt>
			 <trkpt lat="28.378293" lon="-81.540684">
				 <ele>27.4</ele>
			 </trkpt>
			 <trkpt lat="28.378489" lon="-81.540797">
				 <ele>27.5</ele>
			 </trkpt>
			 <trkpt lat="28.37865" lon="-81.540892">
				 <ele>27.5</ele>
			 </trkpt>
			 <trkpt lat="28.378835" lon="-81.541019">
				 <ele>27.6</ele>
			 </trkpt>
			 <trkpt lat="28.379014" lon="-81.541152">
				 <ele>27.7</ele>
			 </trkpt>
			 <trkpt lat="28.379169" lon="-81.541264">
				 <ele>27.8</ele>
			 </trkpt>
			 <trkpt lat="28.379321" lon="-81.54138">
				 <ele>27.9</ele>
			 </trkpt>
			 <trkpt lat="28.379471" lon="-81.541502">
				 <ele>28</ele>
			 </trkpt>
			 <trkpt lat="28.379621" lon="-81.541618">
				 <ele>28</ele>
			 </trkpt>
			 <trkpt lat="28.379807" lon="-81.541756">
				 <ele>28.1</ele>
			 </trkpt>
			 <trkpt lat="28.379987" lon="-81.541897">
				 <ele>28.2</ele>
			 </trkpt>
			 <trkpt lat="28.380135" lon="-81.542017">
				 <ele>28.3</ele>
			 </trkpt>
			 <trkpt lat="28.380303" lon="-81.542173">
				 <ele>28.4</ele>
			 </trkpt>
			 <trkpt lat="28.380481" lon="-81.54231">
				 <ele>28.5</ele>
			 </trkpt>
			 <trkpt lat="28.380642" lon="-81.542465">
				 <ele>28.5</ele>
			 </trkpt>
			 <trkpt lat="28.38078" lon="-81.542604">
				 <ele>28.6</ele>
			 </trkpt>
			 <trkpt lat="28.380923" lon="-81.542736">
				 <ele>28.7</ele>
			 </trkpt>
			 <trkpt lat="28.381057" lon="-81.542879">
				 <ele>28.8</ele>
			 </trkpt>
			 <trkpt lat="28.381215" lon="-81.543047">
				 <ele>28.9</ele>
			 </trkpt>
			 <trkpt lat="28.381379" lon="-81.543221">
				 <ele>29</ele>
			 </trkpt>
			 <trkpt lat="28.381544" lon="-81.543391">
				 <ele>29</ele>
			 </trkpt>
			 <trkpt lat="28.381676" lon="-81.543536">
				 <ele>29</ele>
			 </trkpt>
			 <trkpt lat="28.381814" lon="-81.543683">
				 <ele>29</ele>
			 </trkpt>
			 <trkpt lat="28.381963" lon="-81.543867">
				 <ele>29</ele>
			 </trkpt>
			 <trkpt lat="28.382103" lon="-81.544057">
				 <ele>29</ele>
			 </trkpt>
			 <trkpt lat="28.382239" lon="-81.544246">
				 <ele>29</ele>
			 </trkpt>
			 <trkpt lat="28.382367" lon="-81.544438">
				 <ele>29</ele>
			 </trkpt>
			 <trkpt lat="28.382488" lon="-81.544632">
				 <ele>29</ele>
			 </trkpt>
			 <trkpt lat="28.382586" lon="-81.544805">
				 <ele>29</ele>
			 </trkpt>
			 <trkpt lat="28.382685" lon="-81.545025">
				 <ele>29</ele>
			 </trkpt>
			 <trkpt lat="28.38277" lon="-81.545258">
				 <ele>29</ele>
			 </trkpt>
			 <trkpt lat="28.382843" lon="-81.545446">
				 <ele>29</ele>
			 </trkpt>
			 <trkpt lat="28.382903" lon="-81.54564">
				 <ele>29</ele>
			 </trkpt>
			 <trkpt lat="28.382975" lon="-81.545878">
				 <ele>29</ele>
			 </trkpt>
			 <trkpt lat="28.383027" lon="-81.546077">
				 <ele>29</ele>
			 </trkpt>
			 <trkpt lat="28.383098" lon="-81.546313">
				 <ele>29</ele>
			 </trkpt>
			 <trkpt lat="28.383162" lon="-81.546549">
				 <ele>29</ele>
			 </trkpt>
			 <trkpt lat="28.38322" lon="-81.546779">
				 <ele>29</ele>
			 </trkpt>
			 <trkpt lat="28.383271" lon="-81.547019">
				 <ele>29</ele>
			 </trkpt>
			 <trkpt lat="28.383314" lon="-81.547258">
				 <ele>29</ele>
			 </trkpt>
			 <trkpt lat="28.383367" lon="-81.547506">
				 <ele>29</ele>
			 </trkpt>
			 <trkpt lat="28.383422" lon="-81.547752">
				 <ele>29</ele>
			 </trkpt>
			 <trkpt lat="28.383462" lon="-81.547997">
				 <ele>29</ele>
			 </trkpt>
			 <trkpt lat="28.383491" lon="-81.548198">
				 <ele>29</ele>
			 </trkpt>
			 <trkpt lat="28.3835" lon="-81.54825">
				 <ele>29</ele>
			 </trkpt>
			 <trkpt lat="28.383541" lon="-81.548499">
				 <ele>29</ele>
			 </trkpt>
			 <trkpt lat="28.38356" lon="-81.548704">
				 <ele>29</ele>
			 </trkpt>
			 <trkpt lat="28.38358" lon="-81.548908">
				 <ele>29</ele>
			 </trkpt>
			 <trkpt lat="28.383596" lon="-81.549119">
				 <ele>29</ele>
			 </trkpt>
			 <trkpt lat="28.383627" lon="-81.54933">
				 <ele>29</ele>
			 </trkpt>
			 <trkpt lat="28.383659" lon="-81.549574">
				 <ele>29</ele>
			 </trkpt>
			 <trkpt lat="28.383662" lon="-81.549784">
				 <ele>29</ele>
			 </trkpt>
			 <trkpt lat="28.383673" lon="-81.550037">
				 <ele>29</ele>
			 </trkpt>
			 <trkpt lat="28.383682" lon="-81.550243">
				 <ele>28.9</ele>
			 </trkpt>
			 <trkpt lat="28.383697" lon="-81.550494">
				 <ele>28.8</ele>
			 </trkpt>
			 <trkpt lat="28.383708" lon="-81.550732">
				 <ele>28.7</ele>
			 </trkpt>
			 <trkpt lat="28.383699" lon="-81.550936">
				 <ele>28.6</ele>
			 </trkpt>
			 <trkpt lat="28.383698" lon="-81.551171">
				 <ele>28.5</ele>
			 </trkpt>
			 <trkpt lat="28.383682" lon="-81.551411">
				 <ele>28.5</ele>
			 </trkpt>
			 <trkpt lat="28.383664" lon="-81.551565">
				 <ele>28.4</ele>
			 </trkpt>
			 <trkpt lat="28.383671" lon="-81.551781">
				 <ele>28.3</ele>
			 </trkpt>
			 <trkpt lat="28.383678" lon="-81.552">
				 <ele>28.2</ele>
			 </trkpt>
			 <trkpt lat="28.38365" lon="-81.552212">
				 <ele>28.1</ele>
			 </trkpt>
			 <trkpt lat="28.383608" lon="-81.552455">
				 <ele>28</ele>
			 </trkpt>
			 <trkpt lat="28.383556" lon="-81.552698">
				 <ele>28</ele>
			 </trkpt>
			 <trkpt lat="28.38352" lon="-81.552905">
				 <ele>28</ele>
			 </trkpt>
			 <trkpt lat="28.383477" lon="-81.553112">
				 <ele>28</ele>
			 </trkpt>
			 <trkpt lat="28.383409" lon="-81.553345">
				 <ele>28</ele>
			 </trkpt>
			 <trkpt lat="28.383348" lon="-81.553546">
				 <ele>28</ele>
			 </trkpt>
			 <trkpt lat="28.383263" lon="-81.553773">
				 <ele>28</ele>
			 </trkpt>
			 <trkpt lat="28.383187" lon="-81.553962">
				 <ele>28</ele>
			 </trkpt>
			 <trkpt lat="28.383109" lon="-81.55416">
				 <ele>28</ele>
			 </trkpt>
			 <trkpt lat="28.383021" lon="-81.55435">
				 <ele>28.1</ele>
			 </trkpt>
			 <trkpt lat="28.382929" lon="-81.554537">
				 <ele>28.2</ele>
			 </trkpt>
			 <trkpt lat="28.382845" lon="-81.554716">
				 <ele>28.3</ele>
			 </trkpt>
			 <trkpt lat="28.382717" lon="-81.554918">
				 <ele>28.5</ele>
			 </trkpt>
			 <trkpt lat="28.382607" lon="-81.555087">
				 <ele>28.6</ele>
			 </trkpt>
			 <trkpt lat="28.382495" lon="-81.555254">
				 <ele>28.8</ele>
			 </trkpt>
			 <trkpt lat="28.382377" lon="-81.555412">
				 <ele>29</ele>
			 </trkpt>
			 <trkpt lat="28.382241" lon="-81.555605">
				 <ele>29.2</ele>
			 </trkpt>
			 <trkpt lat="28.382091" lon="-81.555795">
				 <ele>29.4</ele>
			 </trkpt>
			 <trkpt lat="28.38194" lon="-81.555988">
				 <ele>29.5</ele>
			 </trkpt>
			 <trkpt lat="28.381797" lon="-81.556178">
				 <ele>29.8</ele>
			 </trkpt>
			 <trkpt lat="28.381679" lon="-81.556341">
				 <ele>29.9</ele>
			 </trkpt>
			 <trkpt lat="28.381539" lon="-81.55654">
				 <ele>30</ele>
			 </trkpt>
			 <trkpt lat="28.381411" lon="-81.556742">
				 <ele>30.1</ele>
			 </trkpt>
			 <trkpt lat="28.381287" lon="-81.556942">
				 <ele>30.1</ele>
			 </trkpt>
			 <trkpt lat="28.381158" lon="-81.557138">
				 <ele>30.1</ele>
			 </trkpt>
			 <trkpt lat="28.381135" lon="-81.557183">
				 <ele>30.1</ele>
			 </trkpt>
			 <trkpt lat="28.381039" lon="-81.557357">
				 <ele>30.1</ele>
			 </trkpt>
			 <trkpt lat="28.380951" lon="-81.557528">
				 <ele>30</ele>
			 </trkpt>
			 <trkpt lat="28.380908" lon="-81.557612">
				 <ele>29.9</ele>
			 </trkpt>
			 <trkpt lat="28.380814" lon="-81.557834">
				 <ele>29.8</ele>
			 </trkpt>
			 <trkpt lat="28.380792" lon="-81.55788">
				 <ele>29.6</ele>
			 </trkpt>
			 <trkpt lat="28.38077" lon="-81.557925">
				 <ele>29.5</ele>
			 </trkpt>
			 <trkpt lat="28.380669" lon="-81.558133">
				 <ele>29.5</ele>
			 </trkpt>
			 <trkpt lat="28.380615" lon="-81.558261">
				 <ele>29.4</ele>
			 </trkpt>
			 <trkpt lat="28.380526" lon="-81.558479">
				 <ele>29.3</ele>
			 </trkpt>
			 <trkpt lat="28.380472" lon="-81.558621">
				 <ele>29.2</ele>
			 </trkpt>
			 <trkpt lat="28.38039" lon="-81.558847">
				 <ele>29.1</ele>
			 </trkpt>
			 <trkpt lat="28.380301" lon="-81.559072">
				 <ele>29</ele>
			 </trkpt>
			 <trkpt lat="28.380286" lon="-81.559119">
				 <ele>29</ele>
			 </trkpt>
			 <trkpt lat="28.380189" lon="-81.559326">
				 <ele>29</ele>
			 </trkpt>
			 <trkpt lat="28.3801" lon="-81.559545">
				 <ele>29</ele>
			 </trkpt>
			 <trkpt lat="28.380014" lon="-81.559773">
				 <ele>29</ele>
			 </trkpt>
			 <trkpt lat="28.379932" lon="-81.559999">
				 <ele>29</ele>
			 </trkpt>
			 <trkpt lat="28.379868" lon="-81.560184">
				 <ele>29</ele>
			 </trkpt>
			 <trkpt lat="28.379778" lon="-81.560405">
				 <ele>29</ele>
			 </trkpt>
			 <trkpt lat="28.379697" lon="-81.56064">
				 <ele>29</ele>
			 </trkpt>
			 <trkpt lat="28.379609" lon="-81.560873">
				 <ele>29</ele>
			 </trkpt>
			 <trkpt lat="28.379589" lon="-81.560917">
				 <ele>29</ele>
			 </trkpt>
			 <trkpt lat="28.37951" lon="-81.561159">
				 <ele>29</ele>
			 </trkpt>
			 <trkpt lat="28.379461" lon="-81.56131">
				 <ele>29</ele>
			 </trkpt>
			 <trkpt lat="28.37939" lon="-81.561508">
				 <ele>29</ele>
			 </trkpt>
			 <trkpt lat="28.379336" lon="-81.561656">
				 <ele>29</ele>
			 </trkpt>
			 <trkpt lat="28.379262" lon="-81.561862">
				 <ele>29</ele>
			 </trkpt>
			 <trkpt lat="28.379227" lon="-81.56196">
				 <ele>29</ele>
			 </trkpt>
			 <trkpt lat="28.379158" lon="-81.562155">
				 <ele>29</ele>
			 </trkpt>
			 <trkpt lat="28.379102" lon="-81.562301">
				 <ele>29</ele>
			 </trkpt>
			 <trkpt lat="28.379027" lon="-81.562487">
				 <ele>29</ele>
			 </trkpt>
			 <trkpt lat="28.378956" lon="-81.562686">
				 <ele>29</ele>
			 </trkpt>
			 <trkpt lat="28.378883" lon="-81.562888">
				 <ele>29</ele>
			 </trkpt>
			 <trkpt lat="28.378809" lon="-81.563121">
				 <ele>29</ele>
			 </trkpt>
			 <trkpt lat="28.378746" lon="-81.563329">
				 <ele>29</ele>
			 </trkpt>
			 <trkpt lat="28.378659" lon="-81.563555">
				 <ele>29</ele>
			 </trkpt>
			 <trkpt lat="28.378568" lon="-81.563785">
				 <ele>29</ele>
			 </trkpt>
			 <trkpt lat="28.378527" lon="-81.563919">
				 <ele>29</ele>
			 </trkpt>
			 <trkpt lat="28.378447" lon="-81.564158">
				 <ele>29</ele>
			 </trkpt>
			 <trkpt lat="28.378417" lon="-81.564251">
				 <ele>29</ele>
			 </trkpt>
			 <trkpt lat="28.378355" lon="-81.564491">
				 <ele>29</ele>
			 </trkpt>
			 <trkpt lat="28.378322" lon="-81.56463">
				 <ele>29</ele>
			 </trkpt>
			 <trkpt lat="28.378265" lon="-81.564863">
				 <ele>29</ele>
			 </trkpt>
			 <trkpt lat="28.378211" lon="-81.565061">
				 <ele>29</ele>
			 </trkpt>
			 <trkpt lat="28.378187" lon="-81.565157">
				 <ele>29</ele>
			 </trkpt>
			 <trkpt lat="28.378122" lon="-81.565394">
				 <ele>28.9</ele>
			 </trkpt>
			 <trkpt lat="28.378059" lon="-81.565623">
				 <ele>28.8</ele>
			 </trkpt>
			 <trkpt lat="28.378009" lon="-81.565825">
				 <ele>28.7</ele>
			 </trkpt>
			 <trkpt lat="28.377943" lon="-81.566057">
				 <ele>28.6</ele>
			 </trkpt>
			 <trkpt lat="28.377875" lon="-81.566296">
				 <ele>28.5</ele>
			 </trkpt>
			 <trkpt lat="28.377811" lon="-81.566533">
				 <ele>28.3</ele>
			 </trkpt>
			 <trkpt lat="28.377738" lon="-81.566766">
				 <ele>28.1</ele>
			 </trkpt>
			 <trkpt lat="28.377657" lon="-81.566991">
				 <ele>27.9</ele>
			 </trkpt>
			 <trkpt lat="28.377636" lon="-81.567036">
				 <ele>27.7</ele>
			 </trkpt>
			 <trkpt lat="28.377533" lon="-81.567246">
				 <ele>27.5</ele>
			 </trkpt>
			 <trkpt lat="28.377509" lon="-81.567286">
				 <ele>27.4</ele>
			 </trkpt>
			 <trkpt lat="28.377396" lon="-81.567445">
				 <ele>27.3</ele>
			 </trkpt>
			 <trkpt lat="28.377364" lon="-81.567482">
				 <ele>27.2</ele>
			 </trkpt>
			 <trkpt lat="28.377332" lon="-81.567517">
				 <ele>27.1</ele>
			 </trkpt>
			 <trkpt lat="28.377191" lon="-81.567652">
				 <ele>27</ele>
			 </trkpt>
			 <trkpt lat="28.377118" lon="-81.567708">
				 <ele>27</ele>
			 </trkpt>
			 <trkpt lat="28.37708" lon="-81.567736">
				 <ele>27</ele>
			 </trkpt>
			 <trkpt lat="28.376918" lon="-81.567825">
				 <ele>27</ele>
			 </trkpt>
			 <trkpt lat="28.376792" lon="-81.567867">
				 <ele>27</ele>
			 </trkpt>
			 <trkpt lat="28.376578" lon="-81.567916">
				 <ele>27</ele>
			 </trkpt>
			 <trkpt lat="28.376362" lon="-81.567936">
				 <ele>27</ele>
			 </trkpt>
			 <trkpt lat="28.376319" lon="-81.567935">
				 <ele>27</ele>
			 </trkpt>
			 <trkpt lat="28.376237" lon="-81.567924">
				 <ele>27</ele>
			 </trkpt>
			 <trkpt lat="28.376038" lon="-81.567875">
				 <ele>27</ele>
			 </trkpt>
			 <trkpt lat="28.375914" lon="-81.567829">
				 <ele>27</ele>
			 </trkpt>
			 <trkpt lat="28.375731" lon="-81.567695">
				 <ele>27</ele>
			 </trkpt>
			 <trkpt lat="28.375695" lon="-81.567666">
				 <ele>27</ele>
			 </trkpt>
			 <trkpt lat="28.375556" lon="-81.567535">
				 <ele>27</ele>
			 </trkpt>
			 <trkpt lat="28.375431" lon="-81.567381">
				 <ele>27</ele>
			 </trkpt>
			 <trkpt lat="28.375285" lon="-81.567188">
				 <ele>27</ele>
			 </trkpt>
			 <trkpt lat="28.375169" lon="-81.566976">
				 <ele>27</ele>
			 </trkpt>
			 <trkpt lat="28.37508" lon="-81.566752">
				 <ele>27</ele>
			 </trkpt>
			 <trkpt lat="28.37505" lon="-81.566512">
				 <ele>27</ele>
			 </trkpt>
			 <trkpt lat="28.375052" lon="-81.566362">
				 <ele>27</ele>
			 </trkpt>
			 <trkpt lat="28.375079" lon="-81.566217">
				 <ele>27</ele>
			 </trkpt>
			 <trkpt lat="28.37517" lon="-81.565984">
				 <ele>27</ele>
			 </trkpt>
			 <trkpt lat="28.375267" lon="-81.56581">
				 <ele>27</ele>
			 </trkpt>
			 <trkpt lat="28.3754" lon="-81.565619">
				 <ele>27</ele>
			 </trkpt>
			 <trkpt lat="28.375431" lon="-81.565587">
				 <ele>27.1</ele>
			 </trkpt>
			 <trkpt lat="28.37561" lon="-81.565469">
				 <ele>27.2</ele>
			 </trkpt>
			 <trkpt lat="28.375829" lon="-81.565396">
				 <ele>27.3</ele>
			 </trkpt>
			 <trkpt lat="28.37591" lon="-81.565391">
				 <ele>27.4</ele>
			 </trkpt>
			 <trkpt lat="28.376035" lon="-81.565397">
				 <ele>27.5</ele>
			 </trkpt>
			 <trkpt lat="28.376248" lon="-81.565444">
				 <ele>27.5</ele>
			 </trkpt>
			 <trkpt lat="28.376418" lon="-81.565482">
				 <ele>27.6</ele>
			 </trkpt>
			 <trkpt lat="28.376586" lon="-81.565534">
				 <ele>27.8</ele>
			 </trkpt>
			 <trkpt lat="28.376798" lon="-81.565609">
				 <ele>28</ele>
			 </trkpt>
			 <trkpt lat="28.376973" lon="-81.565677">
				 <ele>28.2</ele>
			 </trkpt>
			 <trkpt lat="28.377191" lon="-81.565744">
				 <ele>28.4</ele>
			 </trkpt>
			 <trkpt lat="28.377406" lon="-81.56582">
				 <ele>28.5</ele>
			 </trkpt>
			 <trkpt lat="28.377583" lon="-81.565876">
				 <ele>28.5</ele>
			 </trkpt>
			 <trkpt lat="28.377757" lon="-81.565941">
				 <ele>28.6</ele>
			 </trkpt>
			 <trkpt lat="28.377966" lon="-81.566019">
				 <ele>28.7</ele>
			 </trkpt>
			 <trkpt lat="28.378146" lon="-81.566068">
				 <ele>28.8</ele>
			 </trkpt>
			 <trkpt lat="28.378355" lon="-81.566116">
				 <ele>28.9</ele>
			 </trkpt>
			 <trkpt lat="28.378567" lon="-81.566174">
				 <ele>29</ele>
			 </trkpt>
			 <trkpt lat="28.378745" lon="-81.566238">
				 <ele>29</ele>
			 </trkpt>
			 <trkpt lat="28.378922" lon="-81.566296">
				 <ele>29</ele>
			 </trkpt>
			 <trkpt lat="28.379104" lon="-81.566335">
				 <ele>29</ele>
			 </trkpt>
			 <trkpt lat="28.379146" lon="-81.566351">
				 <ele>29</ele>
			 </trkpt>
			 <trkpt lat="28.379359" lon="-81.566426">
				 <ele>29</ele>
			 </trkpt>
			 <trkpt lat="28.379567" lon="-81.566515">
				 <ele>29</ele>
			 </trkpt>
			 <trkpt lat="28.379783" lon="-81.566592">
				 <ele>29</ele>
			 </trkpt>
			 <trkpt lat="28.379959" lon="-81.566648">
				 <ele>29</ele>
			 </trkpt>
			 <trkpt lat="28.380137" lon="-81.566707">
				 <ele>29</ele>
			 </trkpt>
			 <trkpt lat="28.380348" lon="-81.566784">
				 <ele>29</ele>
			 </trkpt>
			 <trkpt lat="28.380526" lon="-81.566845">
				 <ele>29</ele>
			 </trkpt>
			 <trkpt lat="28.380699" lon="-81.566904">
				 <ele>29</ele>
			 </trkpt>
			 <trkpt lat="28.380912" lon="-81.566969">
				 <ele>29</ele>
			 </trkpt>
			 <trkpt lat="28.381121" lon="-81.567046">
				 <ele>29</ele>
			 </trkpt>
			 <trkpt lat="28.381336" lon="-81.567124">
				 <ele>29</ele>
			 </trkpt>
			 <trkpt lat="28.381548" lon="-81.567214">
				 <ele>29</ele>
			 </trkpt>
			 <trkpt lat="28.381719" lon="-81.567282">
				 <ele>29</ele>
			 </trkpt>
			 <trkpt lat="28.381893" lon="-81.567348">
				 <ele>29</ele>
			 </trkpt>
			 <trkpt lat="28.3821" lon="-81.567427">
				 <ele>29</ele>
			 </trkpt>
			 <trkpt lat="28.382305" lon="-81.567513">
				 <ele>29</ele>
			 </trkpt>
			 <trkpt lat="28.382513" lon="-81.567599">
				 <ele>29</ele>
			 </trkpt>
			 <trkpt lat="28.382718" lon="-81.567695">
				 <ele>29</ele>
			 </trkpt>
			 <trkpt lat="28.382931" lon="-81.567779">
				 <ele>29</ele>
			 </trkpt>
			 <trkpt lat="28.383143" lon="-81.567849">
				 <ele>29</ele>
			 </trkpt>
			 <trkpt lat="28.383349" lon="-81.567925">
				 <ele>29</ele>
			 </trkpt>
			 <trkpt lat="28.38354" lon="-81.568037">
				 <ele>29</ele>
			 </trkpt>
			 <trkpt lat="28.383749" lon="-81.568129">
				 <ele>29</ele>
			 </trkpt>
			 <trkpt lat="28.383955" lon="-81.568211">
				 <ele>29</ele>
			 </trkpt>
			 <trkpt lat="28.384173" lon="-81.568281">
				 <ele>29</ele>
			 </trkpt>
			 <trkpt lat="28.384387" lon="-81.568346">
				 <ele>29</ele>
			 </trkpt>
			 <trkpt lat="28.384596" lon="-81.568421">
				 <ele>29</ele>
			 </trkpt>
			 <trkpt lat="28.384805" lon="-81.568488">
				 <ele>29</ele>
			 </trkpt>
			 <trkpt lat="28.385016" lon="-81.568545">
				 <ele>29</ele>
			 </trkpt>
			 <trkpt lat="28.385231" lon="-81.568599">
				 <ele>29</ele>
			 </trkpt>
			 <trkpt lat="28.38544" lon="-81.568652">
				 <ele>29</ele>
			 </trkpt>
			 <trkpt lat="28.385653" lon="-81.568709">
				 <ele>29</ele>
			 </trkpt>
			 <trkpt lat="28.385829" lon="-81.568754">
				 <ele>29</ele>
			 </trkpt>
			 <trkpt lat="28.386004" lon="-81.568806">
				 <ele>28.9</ele>
			 </trkpt>
			 <trkpt lat="28.386215" lon="-81.568874">
				 <ele>28.8</ele>
			 </trkpt>
			 <trkpt lat="28.386262" lon="-81.568881">
				 <ele>28.7</ele>
			 </trkpt>
			 <trkpt lat="28.386436" lon="-81.568938">
				 <ele>28.6</ele>
			 </trkpt>
			 <trkpt lat="28.38661" lon="-81.568993">
				 <ele>28.5</ele>
			 </trkpt>
			 <trkpt lat="28.38682" lon="-81.569071">
				 <ele>28.5</ele>
			 </trkpt>
			 <trkpt lat="28.387022" lon="-81.569148">
				 <ele>28.4</ele>
			 </trkpt>
			 <trkpt lat="28.387233" lon="-81.569219">
				 <ele>28.2</ele>
			 </trkpt>
			 <trkpt lat="28.387445" lon="-81.5693">
				 <ele>28</ele>
			 </trkpt>
			 <trkpt lat="28.387622" lon="-81.569367">
				 <ele>27.8</ele>
			 </trkpt>
			 <trkpt lat="28.387833" lon="-81.569451">
				 <ele>27.6</ele>
			 </trkpt>
			 <trkpt lat="28.388047" lon="-81.569523">
				 <ele>27.5</ele>
			 </trkpt>
			 <trkpt lat="28.388252" lon="-81.569614">
				 <ele>27.5</ele>
			 </trkpt>
			 <trkpt lat="28.388375" lon="-81.56967">
				 <ele>27.4</ele>
			 </trkpt>
			 <trkpt lat="28.388577" lon="-81.569753">
				 <ele>27.3</ele>
			 </trkpt>
			 <trkpt lat="28.38878" lon="-81.569851">
				 <ele>27.2</ele>
			 </trkpt>
			 <trkpt lat="28.38899" lon="-81.569947">
				 <ele>27.1</ele>
			 </trkpt>
			 <trkpt lat="28.389116" lon="-81.570005">
				 <ele>27</ele>
			 </trkpt>
			 <trkpt lat="28.389286" lon="-81.570085">
				 <ele>27</ele>
			 </trkpt>
			 <trkpt lat="28.389456" lon="-81.570154">
				 <ele>27</ele>
			 </trkpt>
			 <trkpt lat="28.389633" lon="-81.570225">
				 <ele>27</ele>
			 </trkpt>
			 <trkpt lat="28.389805" lon="-81.570302">
				 <ele>27</ele>
			 </trkpt>
			 <trkpt lat="28.389982" lon="-81.570365">
				 <ele>27</ele>
			 </trkpt>
			 <trkpt lat="28.390156" lon="-81.570428">
				 <ele>27</ele>
			 </trkpt>
			 <trkpt lat="28.390369" lon="-81.570517">
				 <ele>27</ele>
			 </trkpt>
			 <trkpt lat="28.390578" lon="-81.570598">
				 <ele>27</ele>
			 </trkpt>
			 <trkpt lat="28.390786" lon="-81.570682">
				 <ele>27.1</ele>
			 </trkpt>
			 <trkpt lat="28.390995" lon="-81.570768">
				 <ele>27.2</ele>
			 </trkpt>
			 <trkpt lat="28.391201" lon="-81.570852">
				 <ele>27.3</ele>
			 </trkpt>
			 <trkpt lat="28.391404" lon="-81.570947">
				 <ele>27.4</ele>
			 </trkpt>
			 <trkpt lat="28.391604" lon="-81.571051">
				 <ele>27.5</ele>
			 </trkpt>
			 <trkpt lat="28.391804" lon="-81.571145">
				 <ele>27.5</ele>
			 </trkpt>
			 <trkpt lat="28.392007" lon="-81.571231">
				 <ele>27.7</ele>
			 </trkpt>
			 <trkpt lat="28.392214" lon="-81.571322">
				 <ele>27.9</ele>
			 </trkpt>
			 <trkpt lat="28.392414" lon="-81.571435">
				 <ele>28.1</ele>
			 </trkpt>
			 <trkpt lat="28.392578" lon="-81.571526">
				 <ele>28.3</ele>
			 </trkpt>
			 <trkpt lat="28.392766" lon="-81.571664">
				 <ele>28.5</ele>
			 </trkpt>
			 <trkpt lat="28.392938" lon="-81.571821">
				 <ele>28.5</ele>
			 </trkpt>
			 <trkpt lat="28.393106" lon="-81.571987">
				 <ele>28.6</ele>
			 </trkpt>
			 <trkpt lat="28.393256" lon="-81.572169">
				 <ele>28.7</ele>
			 </trkpt>
			 <trkpt lat="28.393407" lon="-81.572351">
				 <ele>28.8</ele>
			 </trkpt>
			 <trkpt lat="28.393553" lon="-81.572528">
				 <ele>28.9</ele>
			 </trkpt>
			 <trkpt lat="28.393681" lon="-81.572734">
				 <ele>29</ele>
			 </trkpt>
			 <trkpt lat="28.393804" lon="-81.572947">
				 <ele>29</ele>
			 </trkpt>
			 <trkpt lat="28.393922" lon="-81.573153">
				 <ele>29</ele>
			 </trkpt>
			 <trkpt lat="28.394033" lon="-81.573365">
				 <ele>29</ele>
			 </trkpt>
			 <trkpt lat="28.394139" lon="-81.573577">
				 <ele>29</ele>
			 </trkpt>
			 <trkpt lat="28.394243" lon="-81.573796">
				 <ele>29</ele>
			 </trkpt>
			 <trkpt lat="28.394334" lon="-81.574012">
				 <ele>29</ele>
			 </trkpt>
			 <trkpt lat="28.3944" lon="-81.574205">
				 <ele>29</ele>
			 </trkpt>
			 <trkpt lat="28.39446" lon="-81.5744">
				 <ele>29</ele>
			 </trkpt>
			 <trkpt lat="28.394526" lon="-81.574634">
				 <ele>29</ele>
			 </trkpt>
			 <trkpt lat="28.394588" lon="-81.574873">
				 <ele>29</ele>
			 </trkpt>
			 <trkpt lat="28.394651" lon="-81.575119">
				 <ele>29</ele>
			 </trkpt>
			 <trkpt lat="28.394711" lon="-81.575362">
				 <ele>29</ele>
			 </trkpt>
			 <trkpt lat="28.394752" lon="-81.575609">
				 <ele>29</ele>
			 </trkpt>
			 <trkpt lat="28.394791" lon="-81.575809">
				 <ele>29</ele>
			 </trkpt>
			 <trkpt lat="28.394823" lon="-81.576021">
				 <ele>29</ele>
			 </trkpt>
			 <trkpt lat="28.394831" lon="-81.576073">
				 <ele>29</ele>
			 </trkpt>
			 <trkpt lat="28.394866" lon="-81.576279">
				 <ele>29</ele>
			 </trkpt>
			 <trkpt lat="28.394908" lon="-81.576485">
				 <ele>29</ele>
			 </trkpt>
			 <trkpt lat="28.394945" lon="-81.576688">
				 <ele>29</ele>
			 </trkpt>
			 <trkpt lat="28.394985" lon="-81.576932">
				 <ele>29</ele>
			 </trkpt>
			 <trkpt lat="28.395025" lon="-81.577134">
				 <ele>29</ele>
			 </trkpt>
			 <trkpt lat="28.395091" lon="-81.577375">
				 <ele>29</ele>
			 </trkpt>
			 <trkpt lat="28.395146" lon="-81.57757">
				 <ele>29</ele>
			 </trkpt>
			 <trkpt lat="28.395209" lon="-81.577768">
				 <ele>29</ele>
			 </trkpt>
			 <trkpt lat="28.395283" lon="-81.577958">
				 <ele>29</ele>
			 </trkpt>
			 <trkpt lat="28.395363" lon="-81.578143">
				 <ele>29</ele>
			 </trkpt>
			 <trkpt lat="28.395464" lon="-81.578365">
				 <ele>29</ele>
			 </trkpt>
			 <trkpt lat="28.395542" lon="-81.578554">
				 <ele>29</ele>
			 </trkpt>
			 <trkpt lat="28.395632" lon="-81.578782">
				 <ele>29</ele>
			 </trkpt>
			 <trkpt lat="28.395704" lon="-81.578974">
				 <ele>29</ele>
			 </trkpt>
			 <trkpt lat="28.395776" lon="-81.579163">
				 <ele>29</ele>
			 </trkpt>
			 <trkpt lat="28.395852" lon="-81.57935">
				 <ele>29</ele>
			 </trkpt>
			 <trkpt lat="28.395931" lon="-81.579539">
				 <ele>29</ele>
			 </trkpt>
			 <trkpt lat="28.396023" lon="-81.57972">
				 <ele>29</ele>
			 </trkpt>
			 <trkpt lat="28.396132" lon="-81.579891">
				 <ele>29</ele>
			 </trkpt>
			 <trkpt lat="28.396253" lon="-81.58005">
				 <ele>29</ele>
			 </trkpt>
			 <trkpt lat="28.396386" lon="-81.5802">
				 <ele>29</ele>
			 </trkpt>
			 <trkpt lat="28.396539" lon="-81.580321">
				 <ele>29</ele>
			 </trkpt>
			 <trkpt lat="28.396694" lon="-81.580426">
				 <ele>29</ele>
			 </trkpt>
			 <trkpt lat="28.396826" lon="-81.580473">
				 <ele>29</ele>
			 </trkpt>
			 <trkpt lat="28.396963" lon="-81.580494">
				 <ele>29</ele>
			 </trkpt>
			 <trkpt lat="28.39715" lon="-81.580476">
				 <ele>29</ele>
			 </trkpt>
			 <trkpt lat="28.397244" lon="-81.580439">
				 <ele>29</ele>
			 </trkpt>
			 <trkpt lat="28.39733" lon="-81.580373">
				 <ele>29</ele>
			 </trkpt>
			 <trkpt lat="28.397441" lon="-81.58025">
				 <ele>29</ele>
			 </trkpt>
			 <trkpt lat="28.397563" lon="-81.580096">
				 <ele>29</ele>
			 </trkpt>
			 <trkpt lat="28.397631" lon="-81.580077">
				 <ele>29</ele>
			 </trkpt>
			 <trkpt lat="28.397707" lon="-81.580104">
				 <ele>29</ele>
			 </trkpt>
			 <trkpt lat="28.397882" lon="-81.580238">
				 <ele>29</ele>
			 </trkpt>
			 <trkpt lat="28.398066" lon="-81.580373">
				 <ele>29</ele>
			 </trkpt>
			 <trkpt lat="28.398221" lon="-81.580482">
				 <ele>29</ele>
			 </trkpt>
			 <trkpt lat="28.398408" lon="-81.580621">
				 <ele>29</ele>
			 </trkpt>
			 <trkpt lat="28.398596" lon="-81.580761">
				 <ele>29</ele>
			 </trkpt>
			 <trkpt lat="28.398751" lon="-81.580869">
				 <ele>29</ele>
			 </trkpt>
			 <trkpt lat="28.398943" lon="-81.581002">
				 <ele>29</ele>
			 </trkpt>
			 <trkpt lat="28.399145" lon="-81.581115">
				 <ele>28.9</ele>
			 </trkpt>
			 <trkpt lat="28.399335" lon="-81.581235">
				 <ele>28.9</ele>
			 </trkpt>
			 <trkpt lat="28.399528" lon="-81.581338">
				 <ele>28.9</ele>
			 </trkpt>
			 <trkpt lat="28.399724" lon="-81.581444">
				 <ele>28.9</ele>
			 </trkpt>
			 <trkpt lat="28.399927" lon="-81.581539">
				 <ele>28.9</ele>
			 </trkpt>
			 <trkpt lat="28.40012" lon="-81.581632">
				 <ele>28.9</ele>
			 </trkpt>
			 <trkpt lat="28.400331" lon="-81.581721">
				 <ele>28.9</ele>
			 </trkpt>
			 <trkpt lat="28.400544" lon="-81.581799">
				 <ele>28.9</ele>
			 </trkpt>
			 <trkpt lat="28.40076" lon="-81.581868">
				 <ele>28.9</ele>
			 </trkpt>
			 <trkpt lat="28.400976" lon="-81.581933">
				 <ele>28.9</ele>
			 </trkpt>
			 <trkpt lat="28.401195" lon="-81.58198">
				 <ele>28.9</ele>
			 </trkpt>
			 <trkpt lat="28.401409" lon="-81.582038">
				 <ele>29</ele>
			 </trkpt>
			 <trkpt lat="28.401491" lon="-81.582057">
				 <ele>29</ele>
			 </trkpt>
			 <trkpt lat="28.401573" lon="-81.58204">
				 <ele>29</ele>
			 </trkpt>
			 <trkpt lat="28.401639" lon="-81.581974">
				 <ele>29</ele>
			 </trkpt>
			 <trkpt lat="28.401668" lon="-81.581863">
				 <ele>29</ele>
			 </trkpt>
			 <trkpt lat="28.40167" lon="-81.581745">
				 <ele>29</ele>
			 </trkpt>
			 <trkpt lat="28.401658" lon="-81.581517">
				 <ele>29</ele>
			 </trkpt>
			 <trkpt lat="28.401652" lon="-81.581294">
				 <ele>29</ele>
			 </trkpt>
			 <trkpt lat="28.401636" lon="-81.581076">
				 <ele>29</ele>
			 </trkpt>
			 <trkpt lat="28.40163" lon="-81.580864">
				 <ele>29</ele>
			 </trkpt>
			 <trkpt lat="28.401619" lon="-81.580657">
				 <ele>29</ele>
			 </trkpt>
			 <trkpt lat="28.401611" lon="-81.580451">
				 <ele>29</ele>
			 </trkpt>
			 <trkpt lat="28.401619" lon="-81.580402">
				 <ele>29</ele>
			 </trkpt>
			 <trkpt lat="28.401643" lon="-81.580308">
				 <ele>29</ele>
			 </trkpt>
			 <trkpt lat="28.401715" lon="-81.580092">
				 <ele>29</ele>
			 </trkpt>
			 <trkpt lat="28.401725" lon="-81.580048">
				 <ele>29</ele>
			 </trkpt>
			 <trkpt lat="28.401761" lon="-81.579806">
				 <ele>29</ele>
			 </trkpt>
			 <trkpt lat="28.401799" lon="-81.579617">
				 <ele>29</ele>
			 </trkpt>
			 <trkpt lat="28.401836" lon="-81.579539">
				 <ele>29</ele>
			 </trkpt>
			 <trkpt lat="28.401904" lon="-81.579496">
				 <ele>29</ele>
			 </trkpt>
			 <trkpt lat="28.401987" lon="-81.579487">
				 <ele>29</ele>
			 </trkpt>
			 <trkpt lat="28.402206" lon="-81.579501">
				 <ele>29</ele>
			 </trkpt>
			 <trkpt lat="28.402424" lon="-81.579507">
				 <ele>29</ele>
			 </trkpt>
			 <trkpt lat="28.402648" lon="-81.579494">
				 <ele>29</ele>
			 </trkpt>
			 <trkpt lat="28.402833" lon="-81.579477">
				 <ele>29</ele>
			 </trkpt>
			 <trkpt lat="28.403049" lon="-81.57947">
				 <ele>29</ele>
			 </trkpt>
			 <trkpt lat="28.403261" lon="-81.579487">
				 <ele>29</ele>
			 </trkpt>
			 <trkpt lat="28.403469" lon="-81.579508">
				 <ele>29</ele>
			 </trkpt>
			 <trkpt lat="28.403658" lon="-81.579496">
				 <ele>29</ele>
			 </trkpt>
			 <trkpt lat="28.403844" lon="-81.579481">
				 <ele>29</ele>
			 </trkpt>
			 <trkpt lat="28.40389" lon="-81.579482">
				 <ele>29</ele>
			 </trkpt>
			 <trkpt lat="28.403967" lon="-81.579501">
				 <ele>29</ele>
			 </trkpt>
			 <trkpt lat="28.404067" lon="-81.579555">
				 <ele>29</ele>
			 </trkpt>
			 <trkpt lat="28.404111" lon="-81.579622">
				 <ele>29</ele>
			 </trkpt>
			 <trkpt lat="28.404127" lon="-81.579719">
				 <ele>29</ele>
			 </trkpt>
			 <trkpt lat="28.404128" lon="-81.579821">
				 <ele>29</ele>
			 </trkpt>
			 <trkpt lat="28.404112" lon="-81.579974">
				 <ele>29</ele>
			 </trkpt>
			 <trkpt lat="28.404132" lon="-81.580074">
				 <ele>29</ele>
			 </trkpt>
			 <trkpt lat="28.404178" lon="-81.580144">
				 <ele>29</ele>
			 </trkpt>
			 <trkpt lat="28.404284" lon="-81.580104">
				 <ele>29</ele>
			 </trkpt>
			 <trkpt lat="28.404333" lon="-81.580018">
				 <ele>29</ele>
			 </trkpt>
			 <trkpt lat="28.404363" lon="-81.579918">
				 <ele>29</ele>
			 </trkpt>
			 <trkpt lat="28.404402" lon="-81.579708">
				 <ele>29</ele>
			 </trkpt>
			 <trkpt lat="28.404436" lon="-81.579627">
				 <ele>29</ele>
			 </trkpt>
			 <trkpt lat="28.404497" lon="-81.579584">
				 <ele>29</ele>
			 </trkpt>
			 <trkpt lat="28.404622" lon="-81.579575">
				 <ele>29</ele>
			 </trkpt>
			 <trkpt lat="28.404712" lon="-81.579562">
				 <ele>29</ele>
			 </trkpt>
			 <trkpt lat="28.404757" lon="-81.579549">
				 <ele>29</ele>
			 </trkpt>
			 <trkpt lat="28.404844" lon="-81.579518">
				 <ele>29</ele>
			 </trkpt>
			 <trkpt lat="28.405027" lon="-81.579425">
				 <ele>29</ele>
			 </trkpt>
			 <trkpt lat="28.405065" lon="-81.579393">
				 <ele>29</ele>
			 </trkpt>
			 <trkpt lat="28.405207" lon="-81.579235">
				 <ele>29</ele>
			 </trkpt>
			 <trkpt lat="28.405331" lon="-81.579072">
				 <ele>29</ele>
			 </trkpt>
			 <trkpt lat="28.405458" lon="-81.578915">
				 <ele>29</ele>
			 </trkpt>
			 <trkpt lat="28.405517" lon="-81.578837">
				 <ele>29</ele>
			 </trkpt>
			 <trkpt lat="28.40567" lon="-81.578703">
				 <ele>29</ele>
			 </trkpt>
			 <trkpt lat="28.405824" lon="-81.578587">
				 <ele>29</ele>
			 </trkpt>
			 <trkpt lat="28.405983" lon="-81.578486">
				 <ele>29</ele>
			 </trkpt>
			 <trkpt lat="28.406024" lon="-81.578472">
				 <ele>29</ele>
			 </trkpt>
			 <trkpt lat="28.406072" lon="-81.578465">
				 <ele>29</ele>
			 </trkpt>
			 <trkpt lat="28.406297" lon="-81.578478">
				 <ele>29</ele>
			 </trkpt>
			 <trkpt lat="28.406384" lon="-81.578484">
				 <ele>29</ele>
			 </trkpt>
			 <trkpt lat="28.406564" lon="-81.578517">
				 <ele>29</ele>
			 </trkpt>
			 <trkpt lat="28.406748" lon="-81.578524">
				 <ele>29</ele>
			 </trkpt>
			 <trkpt lat="28.406796" lon="-81.578513">
				 <ele>29</ele>
			 </trkpt>
			 <trkpt lat="28.406885" lon="-81.578476">
				 <ele>29</ele>
			 </trkpt>
			 <trkpt lat="28.407075" lon="-81.578346">
				 <ele>29</ele>
			 </trkpt>
			 <trkpt lat="28.407231" lon="-81.578226">
				 <ele>29</ele>
			 </trkpt>
			 <trkpt lat="28.407366" lon="-81.578079">
				 <ele>29</ele>
			 </trkpt>
			 <trkpt lat="28.407494" lon="-81.577923">
				 <ele>29</ele>
			 </trkpt>
			 <trkpt lat="28.407625" lon="-81.577771">
				 <ele>29</ele>
			 </trkpt>
			 <trkpt lat="28.407681" lon="-81.577695">
				 <ele>29</ele>
			 </trkpt>
			 <trkpt lat="28.407783" lon="-81.577523">
				 <ele>29</ele>
			 </trkpt>
			 <trkpt lat="28.407903" lon="-81.577362">
				 <ele>29</ele>
			 </trkpt>
			 <trkpt lat="28.40803" lon="-81.577158">
				 <ele>29</ele>
			 </trkpt>
			 <trkpt lat="28.408164" lon="-81.576964">
				 <ele>29</ele>
			 </trkpt>
			 <trkpt lat="28.408299" lon="-81.576767">
				 <ele>29</ele>
			 </trkpt>
			 <trkpt lat="28.40842" lon="-81.576605">
				 <ele>29</ele>
			 </trkpt>
			 <trkpt lat="28.408578" lon="-81.576437">
				 <ele>29</ele>
			 </trkpt>
			 <trkpt lat="28.408723" lon="-81.57633">
				 <ele>29</ele>
			 </trkpt>
			 <trkpt lat="28.408924" lon="-81.576239">
				 <ele>29</ele>
			 </trkpt>
			 <trkpt lat="28.409122" lon="-81.576151">
				 <ele>29</ele>
			 </trkpt>
			 <trkpt lat="28.409326" lon="-81.576087">
				 <ele>29</ele>
			 </trkpt>
			 <trkpt lat="28.409534" lon="-81.576019">
				 <ele>29</ele>
			 </trkpt>
			 <trkpt lat="28.409709" lon="-81.575964">
				 <ele>29</ele>
			 </trkpt>
			 <trkpt lat="28.409921" lon="-81.575892">
				 <ele>29</ele>
			 </trkpt>
			 <trkpt lat="28.410096" lon="-81.575827">
				 <ele>29</ele>
			 </trkpt>
			 <trkpt lat="28.410302" lon="-81.575749">
				 <ele>29</ele>
			 </trkpt>
			 <trkpt lat="28.410474" lon="-81.575681">
				 <ele>29</ele>
			 </trkpt>
			 <trkpt lat="28.410652" lon="-81.575627">
				 <ele>29</ele>
			 </trkpt>
			 <trkpt lat="28.410834" lon="-81.575577">
				 <ele>29</ele>
			 </trkpt>
			 <trkpt lat="28.411053" lon="-81.575539">
				 <ele>29</ele>
			 </trkpt>
			 <trkpt lat="28.41127" lon="-81.575528">
				 <ele>29</ele>
			 </trkpt>
			 <trkpt lat="28.411395" lon="-81.575536">
				 <ele>29</ele>
			 </trkpt>
			 <trkpt lat="28.41161" lon="-81.575581">
				 <ele>29</ele>
			 </trkpt>
			 <trkpt lat="28.411817" lon="-81.575643">
				 <ele>29</ele>
			 </trkpt>
			 <trkpt lat="28.411857" lon="-81.575658">
				 <ele>29</ele>
			 </trkpt>
			 <trkpt lat="28.411979" lon="-81.575705">
				 <ele>29</ele>
			 </trkpt>
			 <trkpt lat="28.412099" lon="-81.575753">
				 <ele>28.9</ele>
			 </trkpt>
			 <trkpt lat="28.412237" lon="-81.575804">
				 <ele>28.8</ele>
			 </trkpt>
			 <trkpt lat="28.412371" lon="-81.575852">
				 <ele>28.7</ele>
			 </trkpt>
			 <trkpt lat="28.41255" lon="-81.575921">
				 <ele>28.6</ele>
			 </trkpt>
			 <trkpt lat="28.412591" lon="-81.575941">
				 <ele>28.5</ele>
			 </trkpt>
			 <trkpt lat="28.41275" lon="-81.576011">
				 <ele>28.5</ele>
			 </trkpt>
			 <trkpt lat="28.412953" lon="-81.576085">
				 <ele>28.5</ele>
			 </trkpt>
			 <trkpt lat="28.413001" lon="-81.576095">
				 <ele>28.5</ele>
			 </trkpt>
			 <trkpt lat="28.41309" lon="-81.576139">
				 <ele>28.5</ele>
			 </trkpt>
			 <trkpt lat="28.413246" lon="-81.576232">
				 <ele>28.5</ele>
			 </trkpt>
			 <trkpt lat="28.413457" lon="-81.5763">
				 <ele>28.5</ele>
			 </trkpt>
			 <trkpt lat="28.413633" lon="-81.576366">
				 <ele>28.6</ele>
			 </trkpt>
			 <trkpt lat="28.413796" lon="-81.57642">
				 <ele>28.7</ele>
			 </trkpt>
			 <trkpt lat="28.413944" lon="-81.576482">
				 <ele>28.8</ele>
			 </trkpt>
			 <trkpt lat="28.414095" lon="-81.576546">
				 <ele>28.9</ele>
			 </trkpt>
			 <trkpt lat="28.41429" lon="-81.576635">
				 <ele>29</ele>
			 </trkpt>
			 <trkpt lat="28.41433" lon="-81.576652">
				 <ele>29</ele>
			 </trkpt>
			 <trkpt lat="28.41454" lon="-81.576732">
				 <ele>29</ele>
			 </trkpt>
			 <trkpt lat="28.414712" lon="-81.576796">
				 <ele>29</ele>
			 </trkpt>
			 <trkpt lat="28.414884" lon="-81.576859">
				 <ele>29</ele>
			 </trkpt>
			 <trkpt lat="28.415099" lon="-81.576932">
				 <ele>29</ele>
			 </trkpt>
			 <trkpt lat="28.415277" lon="-81.576967">
				 <ele>29</ele>
			 </trkpt>
			 <trkpt lat="28.415502" lon="-81.576981">
				 <ele>29</ele>
			 </trkpt>
			 <trkpt lat="28.415725" lon="-81.57698">
				 <ele>29</ele>
			 </trkpt>
			 <trkpt lat="28.415907" lon="-81.576962">
				 <ele>29</ele>
			 </trkpt>
			 <trkpt lat="28.416129" lon="-81.576937">
				 <ele>29</ele>
			 </trkpt>
			 <trkpt lat="28.416349" lon="-81.57693">
				 <ele>29</ele>
			 </trkpt>
			 <trkpt lat="28.416566" lon="-81.576925">
				 <ele>29</ele>
			 </trkpt>
			 <trkpt lat="28.416785" lon="-81.576894">
				 <ele>29</ele>
			 </trkpt>
			 <trkpt lat="28.416965" lon="-81.576875">
				 <ele>29</ele>
			 </trkpt>
			 <trkpt lat="28.417182" lon="-81.576841">
				 <ele>29</ele>
			 </trkpt>
			 <trkpt lat="28.4174" lon="-81.576819">
				 <ele>29</ele>
			 </trkpt>
			 <trkpt lat="28.417618" lon="-81.576805">
				 <ele>29</ele>
			 </trkpt>
			 <trkpt lat="28.417788" lon="-81.576796">
				 <ele>29</ele>
			 </trkpt>
			 <trkpt lat="28.417857" lon="-81.576823">
				 <ele>29</ele>
			 </trkpt>
			 <trkpt lat="28.417881" lon="-81.576889">
				 <ele>29</ele>
			 </trkpt>
			 <trkpt lat="28.41784" lon="-81.57697">
				 <ele>29</ele>
			 </trkpt>
			 <trkpt lat="28.41776" lon="-81.577037">
				 <ele>29</ele>
			 </trkpt>
			 <trkpt lat="28.41757" lon="-81.577116">
				 <ele>29</ele>
			 </trkpt>
			 <trkpt lat="28.417388" lon="-81.577193">
				 <ele>29</ele>
			 </trkpt>
			 <trkpt lat="28.417211" lon="-81.577287">
				 <ele>29</ele>
			 </trkpt>
			 <trkpt lat="28.417172" lon="-81.577317">
				 <ele>29</ele>
			 </trkpt>
			 <trkpt lat="28.417024" lon="-81.577459">
				 <ele>29</ele>
			 </trkpt>
			 <trkpt lat="28.416958" lon="-81.57753">
				 <ele>29</ele>
			 </trkpt>
			 <trkpt lat="28.416854" lon="-81.57771">
				 <ele>29</ele>
			 </trkpt>
			 <trkpt lat="28.416763" lon="-81.577898">
				 <ele>29</ele>
			 </trkpt>
			 <trkpt lat="28.416684" lon="-81.578084">
				 <ele>29</ele>
			 </trkpt>
			 <trkpt lat="28.416615" lon="-81.578323">
				 <ele>29</ele>
			 </trkpt>
			 <trkpt lat="28.416547" lon="-81.578558">
				 <ele>29</ele>
			 </trkpt>
			 <trkpt lat="28.416471" lon="-81.578784">
				 <ele>29</ele>
			 </trkpt>
			 <trkpt lat="28.416404" lon="-81.579015">
				 <ele>29</ele>
			 </trkpt>
			 <trkpt lat="28.416388" lon="-81.579114">
				 <ele>29</ele>
			 </trkpt>
			 <trkpt lat="28.416407" lon="-81.579209">
				 <ele>29</ele>
			 </trkpt>
			 <trkpt lat="28.416457" lon="-81.579299">
				 <ele>29</ele>
			 </trkpt>
			 <trkpt lat="28.416528" lon="-81.579379">
				 <ele>29</ele>
			 </trkpt>
			 <trkpt lat="28.416682" lon="-81.579497">
				 <ele>29</ele>
			 </trkpt>
			 <trkpt lat="28.416759" lon="-81.579549">
				 <ele>29</ele>
			 </trkpt>
			 <trkpt lat="28.416794" lon="-81.57958">
				 <ele>29</ele>
			 </trkpt>
			 <trkpt lat="28.416908" lon="-81.579721">
				 <ele>29</ele>
			 </trkpt>
			 <trkpt lat="28.416939" lon="-81.579805">
				 <ele>29</ele>
			 </trkpt>
			 <trkpt lat="28.416963" lon="-81.579883">
				 <ele>29</ele>
			 </trkpt>
			 <trkpt lat="28.416998" lon="-81.580117">
				 <ele>29</ele>
			 </trkpt>
			 <trkpt lat="28.417026" lon="-81.580348">
				 <ele>29</ele>
			 </trkpt>
			 <trkpt lat="28.417041" lon="-81.580545">
				 <ele>29</ele>
			 </trkpt>
			 <trkpt lat="28.417028" lon="-81.580644">
				 <ele>29</ele>
			 </trkpt>
			 <trkpt lat="28.416991" lon="-81.580886">
				 <ele>29</ele>
			 </trkpt>
			 <trkpt lat="28.416981" lon="-81.581033">
				 <ele>29</ele>
			 </trkpt>
			 <trkpt lat="28.417006" lon="-81.581136">
				 <ele>29.1</ele>
			 </trkpt>
			 <trkpt lat="28.417077" lon="-81.581194">
				 <ele>29.2</ele>
			 </trkpt>
			 <trkpt lat="28.417174" lon="-81.581207">
				 <ele>29.3</ele>
			 </trkpt>
			 <trkpt lat="28.417371" lon="-81.58121">
				 <ele>29.4</ele>
			 </trkpt>
			 <trkpt lat="28.417565" lon="-81.581212">
				 <ele>29.5</ele>
			 </trkpt>
			 <trkpt lat="28.417655" lon="-81.581211">
				 <ele>29.5</ele>
			 </trkpt>
			 <trkpt lat="28.417878" lon="-81.58122">
				 <ele>29.6</ele>
			 </trkpt>
			 <trkpt lat="28.418074" lon="-81.581216">
				 <ele>29.7</ele>
			 </trkpt>
			 <trkpt lat="28.418269" lon="-81.58121">
				 <ele>29.8</ele>
			 </trkpt>
			 <trkpt lat="28.418408" lon="-81.581211">
				 <ele>29.9</ele>
			 </trkpt>
			 <trkpt lat="28.418506" lon="-81.581184">
				 <ele>30</ele>
			 </trkpt>
			 <trkpt lat="28.418582" lon="-81.581114">
				 <ele>30</ele>
			 </trkpt>
			 <trkpt lat="28.418645" lon="-81.581017">
				 <ele>30</ele>
			 </trkpt>
			 <trkpt lat="28.418684" lon="-81.580915">
				 <ele>30</ele>
			 </trkpt>
			 <trkpt lat="28.418686" lon="-81.580799">
				 <ele>30</ele>
			 </trkpt>
			 <trkpt lat="28.418647" lon="-81.580572">
				 <ele>29.9</ele>
			 </trkpt>
			 <trkpt lat="28.418608" lon="-81.580361">
				 <ele>29.8</ele>
			 </trkpt>
			 <trkpt lat="28.418573" lon="-81.580113">
				 <ele>29.7</ele>
			 </trkpt>
			 <trkpt lat="28.418526" lon="-81.57987">
				 <ele>29.6</ele>
			 </trkpt>
			 <trkpt lat="28.418487" lon="-81.579637">
				 <ele>29.5</ele>
			 </trkpt>
			 <trkpt lat="28.418482" lon="-81.579458">
				 <ele>29.5</ele>
			 </trkpt>
			 <trkpt lat="28.418516" lon="-81.579385">
				 <ele>29.4</ele>
			 </trkpt>
			 <trkpt lat="28.418577" lon="-81.579319">
				 <ele>29.3</ele>
			 </trkpt>
			 <trkpt lat="28.418649" lon="-81.579267">
				 <ele>29.2</ele>
			 </trkpt>
			 <trkpt lat="28.418732" lon="-81.57924">
				 <ele>29.1</ele>
			 </trkpt>
			 <trkpt lat="28.418813" lon="-81.579246">
				 <ele>29</ele>
			 </trkpt>
			 <trkpt lat="28.419014" lon="-81.579319">
				 <ele>29</ele>
			 </trkpt>
			 <trkpt lat="28.419227" lon="-81.579404">
				 <ele>29</ele>
			 </trkpt>
			 <trkpt lat="28.419347" lon="-81.579473">
				 <ele>29</ele>
			 </trkpt>
			 <trkpt lat="28.419524" lon="-81.579547">
				 <ele>29</ele>
			 </trkpt>
			 <trkpt lat="28.41973" lon="-81.579632">
				 <ele>29</ele>
			 </trkpt>
			 <trkpt lat="28.419772" lon="-81.579642">
				 <ele>29</ele>
			 </trkpt>
			 <trkpt lat="28.41985" lon="-81.579636">
				 <ele>29</ele>
			 </trkpt>
			 <trkpt lat="28.420016" lon="-81.579626">
				 <ele>29</ele>
			 </trkpt>
			 <trkpt lat="28.420087" lon="-81.579659">
				 <ele>29</ele>
			 </trkpt>
			 <trkpt lat="28.420138" lon="-81.579718">
				 <ele>29</ele>
			 </trkpt>
			 <trkpt lat="28.420154" lon="-81.579799">
				 <ele>29</ele>
			 </trkpt>
			 <trkpt lat="28.420164" lon="-81.579916">
				 <ele>29</ele>
			 </trkpt>
			 <trkpt lat="28.42019" lon="-81.580002">
				 <ele>29</ele>
			 </trkpt>
			 <trkpt lat="28.420229" lon="-81.580086">
				 <ele>29</ele>
			 </trkpt>
			 <trkpt lat="28.420283" lon="-81.580245">
				 <ele>29</ele>
			 </trkpt>
			 <trkpt lat="28.4203" lon="-81.580415">
				 <ele>29</ele>
			 </trkpt>
			 <trkpt lat="28.420294" lon="-81.580598">
				 <ele>29</ele>
			 </trkpt>
			 <trkpt lat="28.420281" lon="-81.580683">
				 <ele>29</ele>
			 </trkpt>
			 <trkpt lat="28.420276" lon="-81.580815">
				 <ele>29.1</ele>
			 </trkpt>
			 <trkpt lat="28.420226" lon="-81.580894">
				 <ele>29.2</ele>
			 </trkpt>
			 <trkpt lat="28.420172" lon="-81.580963">
				 <ele>29.3</ele>
			 </trkpt>
			 <trkpt lat="28.420035" lon="-81.581099">
				 <ele>29.4</ele>
			 </trkpt>
			 <trkpt lat="28.419997" lon="-81.581129">
				 <ele>29.5</ele>
			 </trkpt>
			 <trkpt lat="28.419925" lon="-81.581169">
				 <ele>29.5</ele>
			 </trkpt>
			 <trkpt lat="28.419846" lon="-81.581177">
				 <ele>29.6</ele>
			 </trkpt>
			 <trkpt lat="28.419759" lon="-81.581177">
				 <ele>29.7</ele>
			 </trkpt>
			 <trkpt lat="28.419542" lon="-81.581187">
				 <ele>29.8</ele>
			 </trkpt>
			 <trkpt lat="28.419415" lon="-81.581201">
				 <ele>29.9</ele>
			 </trkpt>
			 <trkpt lat="28.41922" lon="-81.581313">
				 <ele>30</ele>
			 </trkpt>
			 <trkpt lat="28.419173" lon="-81.581326">
				 <ele>30</ele>
			 </trkpt>
			 <trkpt lat="28.419024" lon="-81.581367">
				 <ele>30</ele>
			 </trkpt>
			 <trkpt lat="28.418947" lon="-81.581432">
				 <ele>30</ele>
			 </trkpt>
			 <trkpt lat="28.41892" lon="-81.581517">
				 <ele>30</ele>
			 </trkpt>
			 <trkpt lat="28.418959" lon="-81.581668">
				 <ele>30</ele>
			 </trkpt>
			 <trkpt lat="28.419067" lon="-81.581879">
				 <ele>30</ele>
			 </trkpt>
			 <trkpt lat="28.419182" lon="-81.582078">
				 <ele>30</ele>
			 </trkpt>
			 <trkpt lat="28.419288" lon="-81.582292">
				 <ele>30</ele>
			 </trkpt>
			 <trkpt lat="28.419363" lon="-81.582493">
				 <ele>30</ele>
			 </trkpt>
			 <trkpt lat="28.419346" lon="-81.582576">
				 <ele>30</ele>
			 </trkpt>
			 <trkpt lat="28.419295" lon="-81.582661">
				 <ele>30</ele>
			 </trkpt>
			 <trkpt lat="28.419262" lon="-81.582698">
				 <ele>30</ele>
			 </trkpt>
			 <trkpt lat="28.419114" lon="-81.58286">
				 <ele>30</ele>
			 </trkpt>
			 <trkpt lat="28.419004" lon="-81.583033">
				 <ele>29.9</ele>
			 </trkpt>
			 <trkpt lat="28.41892" lon="-81.583266">
				 <ele>29.8</ele>
			 </trkpt>
			 <trkpt lat="28.418899" lon="-81.583365">
				 <ele>29.7</ele>
			 </trkpt>
			 <trkpt lat="28.418887" lon="-81.583608">
				 <ele>29.6</ele>
			 </trkpt>
			 <trkpt lat="28.41889" lon="-81.583655">
				 <ele>29.5</ele>
			 </trkpt>
			 <trkpt lat="28.418891" lon="-81.583894">
				 <ele>29.5</ele>
			 </trkpt>
			 <trkpt lat="28.418913" lon="-81.584143">
				 <ele>29.4</ele>
			 </trkpt>
			 <trkpt lat="28.418947" lon="-81.584376">
				 <ele>29.3</ele>
			 </trkpt>
			 <trkpt lat="28.418938" lon="-81.584468">
				 <ele>29.2</ele>
			 </trkpt>
			 <trkpt lat="28.418902" lon="-81.584609">
				 <ele>29.1</ele>
			 </trkpt>
			 <trkpt lat="28.41884" lon="-81.584815">
				 <ele>29</ele>
			 </trkpt>
			 <trkpt lat="28.418778" lon="-81.584889">
				 <ele>29</ele>
			 </trkpt>
			 <trkpt lat="28.418704" lon="-81.58495">
				 <ele>29</ele>
			 </trkpt>
			 <trkpt lat="28.418631" lon="-81.584989">
				 <ele>29</ele>
			 </trkpt>
			 <trkpt lat="28.418561" lon="-81.585015">
				 <ele>29</ele>
			 </trkpt>
			 <trkpt lat="28.418496" lon="-81.585041">
				 <ele>29</ele>
			 </trkpt>
			 <trkpt lat="28.41844" lon="-81.585091">
				 <ele>29</ele>
			 </trkpt>
			 <trkpt lat="28.418408" lon="-81.585164">
				 <ele>29</ele>
			 </trkpt>
			 <trkpt lat="28.418396" lon="-81.585248">
				 <ele>29</ele>
			 </trkpt>
			 <trkpt lat="28.418392" lon="-81.585336">
				 <ele>29</ele>
			 </trkpt>
			 <trkpt lat="28.418364" lon="-81.585496">
				 <ele>29</ele>
			 </trkpt>
			 <trkpt lat="28.418354" lon="-81.585743">
				 <ele>29</ele>
			 </trkpt>
			 <trkpt lat="28.418399" lon="-81.585955">
				 <ele>29</ele>
			 </trkpt>
			 <trkpt lat="28.418477" lon="-81.585997">
				 <ele>29</ele>
			 </trkpt>
			 <trkpt lat="28.418561" lon="-81.586015">
				 <ele>29</ele>
			 </trkpt>
			 <trkpt lat="28.418755" lon="-81.586027">
				 <ele>29</ele>
			 </trkpt>
			 <trkpt lat="28.418935" lon="-81.586055">
				 <ele>29</ele>
			 </trkpt>
			 <trkpt lat="28.419152" lon="-81.586054">
				 <ele>29</ele>
			 </trkpt>
			 <trkpt lat="28.419324" lon="-81.586011">
				 <ele>29</ele>
			 </trkpt>
			 <trkpt lat="28.419521" lon="-81.585993">
				 <ele>29</ele>
			 </trkpt>
			 <trkpt lat="28.419702" lon="-81.58603">
				 <ele>29</ele>
			 </trkpt>
			 <trkpt lat="28.419837" lon="-81.586059">
				 <ele>29</ele>
			 </trkpt>
			 <trkpt lat="28.419927" lon="-81.586079">
				 <ele>29</ele>
			 </trkpt>
			 <trkpt lat="28.42002" lon="-81.586095">
				 <ele>29</ele>
			 </trkpt>
			 <trkpt lat="28.420113" lon="-81.586126">
				 <ele>29</ele>
			 </trkpt>
			 <trkpt lat="28.420283" lon="-81.586205">
				 <ele>29</ele>
			 </trkpt>
			 <trkpt lat="28.420359" lon="-81.586242">
				 <ele>29</ele>
			 </trkpt>
			 <trkpt lat="28.420415" lon="-81.586309">
				 <ele>29</ele>
			 </trkpt>
			 <trkpt lat="28.42053" lon="-81.586511">
				 <ele>29</ele>
			 </trkpt>
			 <trkpt lat="28.420651" lon="-81.586718">
				 <ele>29</ele>
			 </trkpt>
			 <trkpt lat="28.420776" lon="-81.586918">
				 <ele>29</ele>
			 </trkpt>
			 <trkpt lat="28.420899" lon="-81.587118">
				 <ele>29</ele>
			 </trkpt>
			 <trkpt lat="28.421013" lon="-81.587325">
				 <ele>29</ele>
			 </trkpt>
			 <trkpt lat="28.421051" lon="-81.587398">
				 <ele>29</ele>
			 </trkpt>
			 <trkpt lat="28.421051" lon="-81.587477">
				 <ele>29</ele>
			 </trkpt>
			 <trkpt lat="28.42101" lon="-81.587565">
				 <ele>29</ele>
			 </trkpt>
			 <trkpt lat="28.420927" lon="-81.587652">
				 <ele>29</ele>
			 </trkpt>
			 <trkpt lat="28.420842" lon="-81.587724">
				 <ele>29</ele>
			 </trkpt>
			 <trkpt lat="28.420668" lon="-81.587834">
				 <ele>29</ele>
			 </trkpt>
			 <trkpt lat="28.420501" lon="-81.58794">
				 <ele>29</ele>
			 </trkpt>
			 <trkpt lat="28.420337" lon="-81.588049">
				 <ele>29</ele>
			 </trkpt>
			 <trkpt lat="28.420178" lon="-81.588153">
				 <ele>29</ele>
			 </trkpt>
			 <trkpt lat="28.419973" lon="-81.588263">
				 <ele>29</ele>
			 </trkpt>
			 <trkpt lat="28.419813" lon="-81.588363">
				 <ele>29</ele>
			 </trkpt>
			 <trkpt lat="28.419648" lon="-81.588453">
				 <ele>29</ele>
			 </trkpt>
			 <trkpt lat="28.419476" lon="-81.588523">
				 <ele>29</ele>
			 </trkpt>
			 <trkpt lat="28.419309" lon="-81.588578">
				 <ele>29</ele>
			 </trkpt>
			 <trkpt lat="28.419089" lon="-81.58861">
				 <ele>29</ele>
			 </trkpt>
			 <trkpt lat="28.418955" lon="-81.588624">
				 <ele>29</ele>
			 </trkpt>
			 <trkpt lat="28.418772" lon="-81.588636">
				 <ele>29</ele>
			 </trkpt>
			 <trkpt lat="28.418636" lon="-81.588637">
				 <ele>29</ele>
			 </trkpt>
			 <trkpt lat="28.418415" lon="-81.588646">
				 <ele>29</ele>
			 </trkpt>
			 <trkpt lat="28.418324" lon="-81.588671">
				 <ele>29</ele>
			 </trkpt>
			 <trkpt lat="28.418156" lon="-81.588763">
				 <ele>29</ele>
			 </trkpt>
			 <trkpt lat="28.418086" lon="-81.588835">
				 <ele>29</ele>
			 </trkpt>
			 <trkpt lat="28.417995" lon="-81.588948">
				 <ele>29</ele>
			 </trkpt>
			 <trkpt lat="28.417947" lon="-81.58903">
				 <ele>29</ele>
			 </trkpt>
			 <trkpt lat="28.41789" lon="-81.589229">
				 <ele>29</ele>
			 </trkpt>
			 <trkpt lat="28.417884" lon="-81.589445">
				 <ele>29</ele>
			 </trkpt>
			 <trkpt lat="28.417891" lon="-81.589656">
				 <ele>29</ele>
			 </trkpt>
			 <trkpt lat="28.417888" lon="-81.589704">
				 <ele>29</ele>
			 </trkpt>
			 <trkpt lat="28.417868" lon="-81.589793">
				 <ele>29</ele>
			 </trkpt>
			 <trkpt lat="28.417819" lon="-81.58987">
				 <ele>29</ele>
			 </trkpt>
			 <trkpt lat="28.417746" lon="-81.589925">
				 <ele>29</ele>
			 </trkpt>
			 <trkpt lat="28.417546" lon="-81.590027">
				 <ele>29</ele>
			 </trkpt>
			 <trkpt lat="28.417418" lon="-81.590063">
				 <ele>29</ele>
			 </trkpt>
			 <trkpt lat="28.417202" lon="-81.590115">
				 <ele>29</ele>
			 </trkpt>
			 <trkpt lat="28.417026" lon="-81.590165">
				 <ele>29</ele>
			 </trkpt>
			 <trkpt lat="28.416807" lon="-81.590227">
				 <ele>29</ele>
			 </trkpt>
			 <trkpt lat="28.416585" lon="-81.590267">
				 <ele>29</ele>
			 </trkpt>
			 <trkpt lat="28.416366" lon="-81.590291">
				 <ele>29</ele>
			 </trkpt>
			 <trkpt lat="28.41615" lon="-81.590301">
				 <ele>29</ele>
			 </trkpt>
			 <trkpt lat="28.41598" lon="-81.590315">
				 <ele>29</ele>
			 </trkpt>
			 <trkpt lat="28.41577" lon="-81.590318">
				 <ele>29</ele>
			 </trkpt>
			 <trkpt lat="28.41556" lon="-81.590319">
				 <ele>29</ele>
			 </trkpt>
			 <trkpt lat="28.415338" lon="-81.590321">
				 <ele>29</ele>
			 </trkpt>
			 <trkpt lat="28.41512" lon="-81.590319">
				 <ele>29</ele>
			 </trkpt>
			 <trkpt lat="28.4149" lon="-81.590318">
				 <ele>29</ele>
			 </trkpt>
			 <trkpt lat="28.414676" lon="-81.590307">
				 <ele>29</ele>
			 </trkpt>
			 <trkpt lat="28.414465" lon="-81.590282">
				 <ele>29</ele>
			 </trkpt>
			 <trkpt lat="28.414258" lon="-81.590274">
				 <ele>29</ele>
			 </trkpt>
			 <trkpt lat="28.414047" lon="-81.590272">
				 <ele>29</ele>
			 </trkpt>
			 <trkpt lat="28.413829" lon="-81.590281">
				 <ele>29</ele>
			 </trkpt>
			 <trkpt lat="28.413617" lon="-81.590294">
				 <ele>29</ele>
			 </trkpt>
			 <trkpt lat="28.413395" lon="-81.590307">
				 <ele>29</ele>
			 </trkpt>
			 <trkpt lat="28.413351" lon="-81.590306">
				 <ele>29</ele>
			 </trkpt>
			 <trkpt lat="28.41314" lon="-81.590321">
				 <ele>29</ele>
			 </trkpt>
			 <trkpt lat="28.41292" lon="-81.590324">
				 <ele>29</ele>
			 </trkpt>
			 <trkpt lat="28.412731" lon="-81.590325">
				 <ele>29</ele>
			 </trkpt>
			 <trkpt lat="28.41255" lon="-81.590329">
				 <ele>29</ele>
			 </trkpt>
			 <trkpt lat="28.412362" lon="-81.590319">
				 <ele>29</ele>
			 </trkpt>
			 <trkpt lat="28.412139" lon="-81.590308">
				 <ele>29</ele>
			 </trkpt>
			 <trkpt lat="28.411917" lon="-81.590308">
				 <ele>29</ele>
			 </trkpt>
			 <trkpt lat="28.411701" lon="-81.590294">
				 <ele>29</ele>
			 </trkpt>
			 <trkpt lat="28.411489" lon="-81.590293">
				 <ele>29</ele>
			 </trkpt>
			 <trkpt lat="28.411268" lon="-81.590288">
				 <ele>29</ele>
			 </trkpt>
			 <trkpt lat="28.411084" lon="-81.590291">
				 <ele>29</ele>
			 </trkpt>
			 <trkpt lat="28.410903" lon="-81.5903">
				 <ele>29</ele>
			 </trkpt>
			 <trkpt lat="28.410692" lon="-81.590308">
				 <ele>29</ele>
			 </trkpt>
			 <trkpt lat="28.410492" lon="-81.590326">
				 <ele>29</ele>
			 </trkpt>
			 <trkpt lat="28.410304" lon="-81.590307">
				 <ele>29</ele>
			 </trkpt>
			 <trkpt lat="28.410095" lon="-81.590284">
				 <ele>29</ele>
			 </trkpt>
			 <trkpt lat="28.409965" lon="-81.590278">
				 <ele>29</ele>
			 </trkpt>
			 <trkpt lat="28.40976" lon="-81.590209">
				 <ele>29</ele>
			 </trkpt>
			 <trkpt lat="28.409642" lon="-81.590148">
				 <ele>29</ele>
			 </trkpt>
			 <trkpt lat="28.409607" lon="-81.590117">
				 <ele>29</ele>
			 </trkpt>
			 <trkpt lat="28.409436" lon="-81.589961">
				 <ele>29</ele>
			 </trkpt>
			 <trkpt lat="28.409345" lon="-81.589849">
				 <ele>29</ele>
			 </trkpt>
			 <trkpt lat="28.409304" lon="-81.589767">
				 <ele>29</ele>
			 </trkpt>
			 <trkpt lat="28.409237" lon="-81.589641">
				 <ele>29</ele>
			 </trkpt>
			 <trkpt lat="28.409107" lon="-81.589511">
				 <ele>29</ele>
			 </trkpt>
			 <trkpt lat="28.408969" lon="-81.589373">
				 <ele>29</ele>
			 </trkpt>
			 <trkpt lat="28.408818" lon="-81.589253">
				 <ele>29</ele>
			 </trkpt>
			 <trkpt lat="28.408737" lon="-81.589208">
				 <ele>29</ele>
			 </trkpt>
			 <trkpt lat="28.408561" lon="-81.589162">
				 <ele>29</ele>
			 </trkpt>
			 <trkpt lat="28.408339" lon="-81.589134">
				 <ele>29</ele>
			 </trkpt>
			 <trkpt lat="28.40816" lon="-81.589103">
				 <ele>29</ele>
			 </trkpt>
			 <trkpt lat="28.407947" lon="-81.589036">
				 <ele>29</ele>
			 </trkpt>
			 <trkpt lat="28.407741" lon="-81.58896">
				 <ele>29</ele>
			 </trkpt>
			 <trkpt lat="28.407546" lon="-81.58885">
				 <ele>29</ele>
			 </trkpt>
			 <trkpt lat="28.407384" lon="-81.588747">
				 <ele>29</ele>
			 </trkpt>
			 <trkpt lat="28.407197" lon="-81.588606">
				 <ele>29</ele>
			 </trkpt>
			 <trkpt lat="28.407014" lon="-81.588459">
				 <ele>29</ele>
			 </trkpt>
			 <trkpt lat="28.406827" lon="-81.588325">
				 <ele>29</ele>
			 </trkpt>
			 <trkpt lat="28.406648" lon="-81.588194">
				 <ele>29</ele>
			 </trkpt>
			 <trkpt lat="28.406459" lon="-81.588056">
				 <ele>29</ele>
			 </trkpt>
			 <trkpt lat="28.406272" lon="-81.587915">
				 <ele>29</ele>
			 </trkpt>
			 <trkpt lat="28.406091" lon="-81.587774">
				 <ele>29</ele>
			 </trkpt>
			 <trkpt lat="28.405908" lon="-81.587645">
				 <ele>29</ele>
			 </trkpt>
			 <trkpt lat="28.405729" lon="-81.587518">
				 <ele>29</ele>
			 </trkpt>
			 <trkpt lat="28.405554" lon="-81.587383">
				 <ele>29</ele>
			 </trkpt>
			 <trkpt lat="28.405367" lon="-81.58725">
				 <ele>29</ele>
			 </trkpt>
			 <trkpt lat="28.405206" lon="-81.58715">
				 <ele>29</ele>
			 </trkpt>
			 <trkpt lat="28.405014" lon="-81.587042">
				 <ele>29</ele>
			 </trkpt>
			 <trkpt lat="28.404826" lon="-81.586904">
				 <ele>29</ele>
			 </trkpt>
			 <trkpt lat="28.404754" lon="-81.586847">
				 <ele>29</ele>
			 </trkpt>
			 <trkpt lat="28.404572" lon="-81.586704">
				 <ele>29</ele>
			 </trkpt>
			 <trkpt lat="28.404392" lon="-81.586553">
				 <ele>29</ele>
			 </trkpt>
			 <trkpt lat="28.404205" lon="-81.586418">
				 <ele>29</ele>
			 </trkpt>
			 <trkpt lat="28.404014" lon="-81.586287">
				 <ele>28.9</ele>
			 </trkpt>
			 <trkpt lat="28.403827" lon="-81.586161">
				 <ele>28.8</ele>
			 </trkpt>
			 <trkpt lat="28.40364" lon="-81.586046">
				 <ele>28.7</ele>
			 </trkpt>
			 <trkpt lat="28.403446" lon="-81.585935">
				 <ele>28.6</ele>
			 </trkpt>
			 <trkpt lat="28.403273" lon="-81.585864">
				 <ele>28.5</ele>
			 </trkpt>
			 <trkpt lat="28.403061" lon="-81.585793">
				 <ele>28.5</ele>
			 </trkpt>
			 <trkpt lat="28.402859" lon="-81.585704">
				 <ele>28.4</ele>
			 </trkpt>
			 <trkpt lat="28.402779" lon="-81.585657">
				 <ele>28.3</ele>
			 </trkpt>
			 <trkpt lat="28.402582" lon="-81.585531">
				 <ele>28.2</ele>
			 </trkpt>
			 <trkpt lat="28.402419" lon="-81.585441">
				 <ele>28.1</ele>
			 </trkpt>
			 <trkpt lat="28.40222" lon="-81.585339">
				 <ele>28</ele>
			 </trkpt>
			 <trkpt lat="28.40201" lon="-81.585246">
				 <ele>28</ele>
			 </trkpt>
			 <trkpt lat="28.401807" lon="-81.585157">
				 <ele>28</ele>
			 </trkpt>
			 <trkpt lat="28.401611" lon="-81.585098">
				 <ele>28</ele>
			 </trkpt>
			 <trkpt lat="28.401403" lon="-81.585034">
				 <ele>28</ele>
			 </trkpt>
			 <trkpt lat="28.401194" lon="-81.584982">
				 <ele>28</ele>
			 </trkpt>
			 <trkpt lat="28.400981" lon="-81.584932">
				 <ele>28</ele>
			 </trkpt>
			 <trkpt lat="28.400805" lon="-81.584884">
				 <ele>28</ele>
			 </trkpt>
			 <trkpt lat="28.400592" lon="-81.584832">
				 <ele>28</ele>
			 </trkpt>
			 <trkpt lat="28.400465" lon="-81.584783">
				 <ele>28</ele>
			 </trkpt>
			 <trkpt lat="28.400266" lon="-81.584686">
				 <ele>28</ele>
			 </trkpt>
			 <trkpt lat="28.400059" lon="-81.5846">
				 <ele>28</ele>
			 </trkpt>
			 <trkpt lat="28.399861" lon="-81.584492">
				 <ele>28</ele>
			 </trkpt>
			 <trkpt lat="28.399676" lon="-81.584374">
				 <ele>28</ele>
			 </trkpt>
			 <trkpt lat="28.399523" lon="-81.584263">
				 <ele>28</ele>
			 </trkpt>
			 <trkpt lat="28.399336" lon="-81.584129">
				 <ele>28</ele>
			 </trkpt>
			 <trkpt lat="28.399165" lon="-81.583974">
				 <ele>28</ele>
			 </trkpt>
			 <trkpt lat="28.398988" lon="-81.583824">
				 <ele>28</ele>
			 </trkpt>
			 <trkpt lat="28.398811" lon="-81.58367">
				 <ele>28</ele>
			 </trkpt>
			 <trkpt lat="28.398643" lon="-81.583501">
				 <ele>28</ele>
			 </trkpt>
			 <trkpt lat="28.398482" lon="-81.58334">
				 <ele>28</ele>
			 </trkpt>
			 <trkpt lat="28.398314" lon="-81.583179">
				 <ele>28</ele>
			 </trkpt>
			 <trkpt lat="28.398146" lon="-81.583017">
				 <ele>28.1</ele>
			 </trkpt>
			 <trkpt lat="28.397973" lon="-81.582858">
				 <ele>28.2</ele>
			 </trkpt>
			 <trkpt lat="28.397813" lon="-81.582703">
				 <ele>28.3</ele>
			 </trkpt>
			 <trkpt lat="28.397721" lon="-81.58261">
				 <ele>28.3</ele>
			 </trkpt>
			 <trkpt lat="28.397568" lon="-81.582455">
				 <ele>28.3</ele>
			 </trkpt>
			 <trkpt lat="28.397472" lon="-81.582361">
				 <ele>28.3</ele>
			 </trkpt>
			 <trkpt lat="28.397306" lon="-81.582205">
				 <ele>28.3</ele>
			 </trkpt>
			 <trkpt lat="28.39713" lon="-81.582055">
				 <ele>28.4</ele>
			 </trkpt>
			 <trkpt lat="28.396984" lon="-81.581933">
				 <ele>28.5</ele>
			 </trkpt>
			 <trkpt lat="28.396807" lon="-81.581788">
				 <ele>28.5</ele>
			 </trkpt>
			 <trkpt lat="28.396632" lon="-81.581645">
				 <ele>28.6</ele>
			 </trkpt>
			 <trkpt lat="28.396558" lon="-81.581586">
				 <ele>28.6</ele>
			 </trkpt>
			 <trkpt lat="28.396391" lon="-81.581419">
				 <ele>28.6</ele>
			 </trkpt>
			 <trkpt lat="28.396227" lon="-81.581261">
				 <ele>28.5</ele>
			 </trkpt>
			 <trkpt lat="28.396078" lon="-81.581085">
				 <ele>28.5</ele>
			 </trkpt>
			 <trkpt lat="28.395942" lon="-81.58089">
				 <ele>28.5</ele>
			 </trkpt>
			 <trkpt lat="28.395801" lon="-81.580707">
				 <ele>28.5</ele>
			 </trkpt>
			 <trkpt lat="28.39564" lon="-81.580536">
				 <ele>28.5</ele>
			 </trkpt>
			 <trkpt lat="28.395553" lon="-81.580509">
				 <ele>28.4</ele>
			 </trkpt>
			 <trkpt lat="28.395465" lon="-81.580523">
				 <ele>28.2</ele>
			 </trkpt>
			 <trkpt lat="28.395382" lon="-81.580573">
				 <ele>28</ele>
			 </trkpt>
			 <trkpt lat="28.395213" lon="-81.580698">
				 <ele>27.8</ele>
			 </trkpt>
			 <trkpt lat="28.395179" lon="-81.580733">
				 <ele>27.6</ele>
			 </trkpt>
			 <trkpt lat="28.39503" lon="-81.580852">
				 <ele>27.5</ele>
			 </trkpt>
			 <trkpt lat="28.394958" lon="-81.580916">
				 <ele>27.4</ele>
			 </trkpt>
			 <trkpt lat="28.394862" lon="-81.581004">
				 <ele>27.3</ele>
			 </trkpt>
			 <trkpt lat="28.394725" lon="-81.581195">
				 <ele>27.2</ele>
			 </trkpt>
			 <trkpt lat="28.394657" lon="-81.58131">
				 <ele>27.1</ele>
			 </trkpt>
			 <trkpt lat="28.394638" lon="-81.581353">
				 <ele>27</ele>
			 </trkpt>
			 <trkpt lat="28.394553" lon="-81.581582">
				 <ele>27</ele>
			 </trkpt>
			 <trkpt lat="28.394501" lon="-81.581797">
				 <ele>27</ele>
			 </trkpt>
			 <trkpt lat="28.39448" lon="-81.582028">
				 <ele>27</ele>
			 </trkpt>
			 <trkpt lat="28.394482" lon="-81.582277">
				 <ele>27</ele>
			 </trkpt>
			 <trkpt lat="28.394485" lon="-81.582471">
				 <ele>27</ele>
			 </trkpt>
			 <trkpt lat="28.39449" lon="-81.582676">
				 <ele>27</ele>
			 </trkpt>
			 <trkpt lat="28.394498" lon="-81.58273">
				 <ele>27</ele>
			 </trkpt>
			 <trkpt lat="28.394508" lon="-81.582984">
				 <ele>27</ele>
			 </trkpt>
			 <trkpt lat="28.394499" lon="-81.583228">
				 <ele>27</ele>
			 </trkpt>
			 <trkpt lat="28.394495" lon="-81.583472">
				 <ele>27</ele>
			 </trkpt>
			 <trkpt lat="28.39447" lon="-81.583726">
				 <ele>27</ele>
			 </trkpt>
			 <trkpt lat="28.394437" lon="-81.583977">
				 <ele>27</ele>
			 </trkpt>
			 <trkpt lat="28.394378" lon="-81.584225">
				 <ele>27</ele>
			 </trkpt>
			 <trkpt lat="28.394309" lon="-81.584425">
				 <ele>27</ele>
			 </trkpt>
			 <trkpt lat="28.394235" lon="-81.58466">
				 <ele>27</ele>
			 </trkpt>
			 <trkpt lat="28.394186" lon="-81.584797">
				 <ele>27</ele>
			 </trkpt>
			 <trkpt lat="28.39411" lon="-81.585014">
				 <ele>27</ele>
			 </trkpt>
			 <trkpt lat="28.394029" lon="-81.585239">
				 <ele>27</ele>
			 </trkpt>
			 <trkpt lat="28.393914" lon="-81.585443">
				 <ele>27</ele>
			 </trkpt>
			 <trkpt lat="28.393779" lon="-81.585634">
				 <ele>27</ele>
			 </trkpt>
			 <trkpt lat="28.393633" lon="-81.585804">
				 <ele>27</ele>
			 </trkpt>
			 <trkpt lat="28.39349" lon="-81.585931">
				 <ele>27</ele>
			 </trkpt>
			 <trkpt lat="28.393306" lon="-81.586075">
				 <ele>27</ele>
			 </trkpt>
			 <trkpt lat="28.393124" lon="-81.58621">
				 <ele>27</ele>
			 </trkpt>
			 <trkpt lat="28.392931" lon="-81.586311">
				 <ele>27</ele>
			 </trkpt>
			 <trkpt lat="28.39275" lon="-81.586419">
				 <ele>27</ele>
			 </trkpt>
			 <trkpt lat="28.392556" lon="-81.586513">
				 <ele>27</ele>
			 </trkpt>
			 <trkpt lat="28.392362" lon="-81.586583">
				 <ele>27</ele>
			 </trkpt>
			 <trkpt lat="28.392182" lon="-81.586651">
				 <ele>27</ele>
			 </trkpt>
			 <trkpt lat="28.392145" lon="-81.586663">
				 <ele>27</ele>
			 </trkpt>
			 <trkpt lat="28.391954" lon="-81.58673">
				 <ele>27</ele>
			 </trkpt>
			 <trkpt lat="28.39176" lon="-81.586822">
				 <ele>27</ele>
			 </trkpt>
			 <trkpt lat="28.391546" lon="-81.586901">
				 <ele>27</ele>
			 </trkpt>
			 <trkpt lat="28.391372" lon="-81.58697">
				 <ele>27</ele>
			 </trkpt>
			 <trkpt lat="28.391218" lon="-81.587049">
				 <ele>27</ele>
			 </trkpt>
			 <trkpt lat="28.39107" lon="-81.587172">
				 <ele>27</ele>
			 </trkpt>
			 <trkpt lat="28.390885" lon="-81.587301">
				 <ele>27</ele>
			 </trkpt>
			 <trkpt lat="28.390695" lon="-81.587412">
				 <ele>27</ele>
			 </trkpt>
			 <trkpt lat="28.390513" lon="-81.58753">
				 <ele>27</ele>
			 </trkpt>
			 <trkpt lat="28.390339" lon="-81.587653">
				 <ele>27</ele>
			 </trkpt>
			 <trkpt lat="28.390154" lon="-81.587783">
				 <ele>27</ele>
			 </trkpt>
			 <trkpt lat="28.389969" lon="-81.587921">
				 <ele>27</ele>
			 </trkpt>
			 <trkpt lat="28.389785" lon="-81.588043">
				 <ele>27</ele>
			 </trkpt>
			 <trkpt lat="28.389604" lon="-81.58817">
				 <ele>27</ele>
			 </trkpt>
			 <trkpt lat="28.389411" lon="-81.588289">
				 <ele>27</ele>
			 </trkpt>
			 <trkpt lat="28.389374" lon="-81.588317">
				 <ele>27</ele>
			 </trkpt>
			 <trkpt lat="28.389203" lon="-81.588457">
				 <ele>27</ele>
			 </trkpt>
			 <trkpt lat="28.389053" lon="-81.588613">
				 <ele>27</ele>
			 </trkpt>
			 <trkpt lat="28.388894" lon="-81.588773">
				 <ele>27</ele>
			 </trkpt>
			 <trkpt lat="28.388771" lon="-81.588908">
				 <ele>27</ele>
			 </trkpt>
			 <trkpt lat="28.388623" lon="-81.589096">
				 <ele>27</ele>
			 </trkpt>
			 <trkpt lat="28.388498" lon="-81.589252">
				 <ele>27</ele>
			 </trkpt>
			 <trkpt lat="28.388343" lon="-81.589434">
				 <ele>27</ele>
			 </trkpt>
			 <trkpt lat="28.38821" lon="-81.589624">
				 <ele>27</ele>
			 </trkpt>
			 <trkpt lat="28.388071" lon="-81.58981">
				 <ele>27</ele>
			 </trkpt>
			 <trkpt lat="28.38794" lon="-81.589993">
				 <ele>27</ele>
			 </trkpt>
			 <trkpt lat="28.387819" lon="-81.590191">
				 <ele>27</ele>
			 </trkpt>
			 <trkpt lat="28.387691" lon="-81.590392">
				 <ele>27</ele>
			 </trkpt>
			 <trkpt lat="28.387572" lon="-81.590592">
				 <ele>27</ele>
			 </trkpt>
			 <trkpt lat="28.387444" lon="-81.590787">
				 <ele>27</ele>
			 </trkpt>
			 <trkpt lat="28.387312" lon="-81.590972">
				 <ele>27</ele>
			 </trkpt>
			 <trkpt lat="28.387279" lon="-81.591007">
				 <ele>27</ele>
			 </trkpt>
			 <trkpt lat="28.387125" lon="-81.591168">
				 <ele>27</ele>
			 </trkpt>
			 <trkpt lat="28.387099" lon="-81.591198">
				 <ele>27</ele>
			 </trkpt>
			 <trkpt lat="28.387002" lon="-81.591284">
				 <ele>27</ele>
			 </trkpt>
			 <trkpt lat="28.386933" lon="-81.591342">
				 <ele>27</ele>
			 </trkpt>
			 <trkpt lat="28.386745" lon="-81.591476">
				 <ele>27</ele>
			 </trkpt>
			 <trkpt lat="28.386703" lon="-81.5915">
				 <ele>27</ele>
			 </trkpt>
			 <trkpt lat="28.386537" lon="-81.591585">
				 <ele>27</ele>
			 </trkpt>
			 <trkpt lat="28.386407" lon="-81.591628">
				 <ele>27</ele>
			 </trkpt>
			 <trkpt lat="28.3862" lon="-81.591688">
				 <ele>27</ele>
			 </trkpt>
			 <trkpt lat="28.386003" lon="-81.591712">
				 <ele>27</ele>
			 </trkpt>
			 <trkpt lat="28.385803" lon="-81.591706">
				 <ele>27</ele>
			 </trkpt>
			 <trkpt lat="28.385606" lon="-81.591691">
				 <ele>27</ele>
			 </trkpt>
			 <trkpt lat="28.385408" lon="-81.591648">
				 <ele>27</ele>
			 </trkpt>
			 <trkpt lat="28.38537" lon="-81.591635">
				 <ele>27</ele>
			 </trkpt>
			 <trkpt lat="28.385246" lon="-81.591591">
				 <ele>27</ele>
			 </trkpt>
			 <trkpt lat="28.385062" lon="-81.591476">
				 <ele>27</ele>
			 </trkpt>
			 <trkpt lat="28.384861" lon="-81.591362">
				 <ele>27</ele>
			 </trkpt>
			 <trkpt lat="28.3847" lon="-81.591265">
				 <ele>27</ele>
			 </trkpt>
			 <trkpt lat="28.384515" lon="-81.591143">
				 <ele>27</ele>
			 </trkpt>
			 <trkpt lat="28.384354" lon="-81.591042">
				 <ele>27</ele>
			 </trkpt>
			 <trkpt lat="28.384194" lon="-81.590941">
				 <ele>27</ele>
			 </trkpt>
			 <trkpt lat="28.384" lon="-81.590838">
				 <ele>27</ele>
			 </trkpt>
			 <trkpt lat="28.383795" lon="-81.59074">
				 <ele>27</ele>
			 </trkpt>
			 <trkpt lat="28.383626" lon="-81.590648">
				 <ele>27</ele>
			 </trkpt>
			 <trkpt lat="28.383433" lon="-81.590532">
				 <ele>27</ele>
			 </trkpt>
			 <trkpt lat="28.38325" lon="-81.590418">
				 <ele>27</ele>
			 </trkpt>
			 <trkpt lat="28.383052" lon="-81.590307">
				 <ele>27</ele>
			 </trkpt>
			 <trkpt lat="28.382868" lon="-81.590195">
				 <ele>27</ele>
			 </trkpt>
			 <trkpt lat="28.382692" lon="-81.590084">
				 <ele>27</ele>
			 </trkpt>
			 <trkpt lat="28.382495" lon="-81.589988">
				 <ele>27</ele>
			 </trkpt>
			 <trkpt lat="28.382299" lon="-81.58989">
				 <ele>27</ele>
			 </trkpt>
			 <trkpt lat="28.382083" lon="-81.58981">
				 <ele>27</ele>
			 </trkpt>
			 <trkpt lat="28.382037" lon="-81.589796">
				 <ele>27</ele>
			 </trkpt>
			 <trkpt lat="28.381859" lon="-81.589759">
				 <ele>27</ele>
			 </trkpt>
			 <trkpt lat="28.381648" lon="-81.589776">
				 <ele>27</ele>
			 </trkpt>
			 <trkpt lat="28.381444" lon="-81.589867">
				 <ele>27</ele>
			 </trkpt>
			 <trkpt lat="28.38126" lon="-81.590011">
				 <ele>27</ele>
			 </trkpt>
			 <trkpt lat="28.381195" lon="-81.590082">
				 <ele>27</ele>
			 </trkpt>
			 <trkpt lat="28.381095" lon="-81.590267">
				 <ele>27</ele>
			 </trkpt>
			 <trkpt lat="28.381025" lon="-81.590464">
				 <ele>27</ele>
			 </trkpt>
			 <trkpt lat="28.38095" lon="-81.590696">
				 <ele>27</ele>
			 </trkpt>
			 <trkpt lat="28.38092" lon="-81.590788">
				 <ele>27</ele>
			 </trkpt>
			 <trkpt lat="28.380845" lon="-81.591016">
				 <ele>27</ele>
			 </trkpt>
			 <trkpt lat="28.380782" lon="-81.591246">
				 <ele>27</ele>
			 </trkpt>
			 <trkpt lat="28.380707" lon="-81.591475">
				 <ele>27</ele>
			 </trkpt>
			 <trkpt lat="28.380603" lon="-81.591686">
				 <ele>27</ele>
			 </trkpt>
			 <trkpt lat="28.380487" lon="-81.59189">
				 <ele>27</ele>
			 </trkpt>
			 <trkpt lat="28.380348" lon="-81.592069">
				 <ele>27</ele>
			 </trkpt>
			 <trkpt lat="28.380201" lon="-81.592234">
				 <ele>27</ele>
			 </trkpt>
			 <trkpt lat="28.380042" lon="-81.592377">
				 <ele>27</ele>
			 </trkpt>
			 <trkpt lat="28.379871" lon="-81.59251">
				 <ele>27</ele>
			 </trkpt>
			 <trkpt lat="28.379662" lon="-81.592594">
				 <ele>27</ele>
			 </trkpt>
			 <trkpt lat="28.379461" lon="-81.592655">
				 <ele>27</ele>
			 </trkpt>
			 <trkpt lat="28.379256" lon="-81.592686">
				 <ele>27</ele>
			 </trkpt>
			 <trkpt lat="28.379215" lon="-81.592689">
				 <ele>27</ele>
			 </trkpt>
			 <trkpt lat="28.379005" lon="-81.592695">
				 <ele>27</ele>
			 </trkpt>
			 <trkpt lat="28.3788" lon="-81.592723">
				 <ele>27</ele>
			 </trkpt>
			 <trkpt lat="28.378577" lon="-81.592736">
				 <ele>27</ele>
			 </trkpt>
			 <trkpt lat="28.378396" lon="-81.592742">
				 <ele>27</ele>
			 </trkpt>
			 <trkpt lat="28.378172" lon="-81.59274">
				 <ele>27</ele>
			 </trkpt>
			 <trkpt lat="28.377949" lon="-81.592744">
				 <ele>27</ele>
			 </trkpt>
			 <trkpt lat="28.377731" lon="-81.592723">
				 <ele>27</ele>
			 </trkpt>
			 <trkpt lat="28.377522" lon="-81.59266">
				 <ele>27</ele>
			 </trkpt>
			 <trkpt lat="28.377361" lon="-81.592584">
				 <ele>27</ele>
			 </trkpt>
			 <trkpt lat="28.377177" lon="-81.592446">
				 <ele>27</ele>
			 </trkpt>
			 <trkpt lat="28.377037" lon="-81.592311">
				 <ele>27</ele>
			 </trkpt>
			 <trkpt lat="28.376926" lon="-81.592137">
				 <ele>27</ele>
			 </trkpt>
			 <trkpt lat="28.376903" lon="-81.592093">
				 <ele>27</ele>
			 </trkpt>
			 <trkpt lat="28.376801" lon="-81.591867">
				 <ele>27</ele>
			 </trkpt>
			 <trkpt lat="28.376722" lon="-81.591633">
				 <ele>27</ele>
			 </trkpt>
			 <trkpt lat="28.376623" lon="-81.591404">
				 <ele>27</ele>
			 </trkpt>
			 <trkpt lat="28.376574" lon="-81.591319">
				 <ele>27</ele>
			 </trkpt>
			 <trkpt lat="28.376442" lon="-81.591171">
				 <ele>27</ele>
			 </trkpt>
			 <trkpt lat="28.376331" lon="-81.591088">
				 <ele>27</ele>
			 </trkpt>
			 <trkpt lat="28.376242" lon="-81.59105">
				 <ele>27</ele>
			 </trkpt>
			 <trkpt lat="28.376151" lon="-81.591033">
				 <ele>27</ele>
			 </trkpt>
			 <trkpt lat="28.375938" lon="-81.591035">
				 <ele>27</ele>
			 </trkpt>
			 <trkpt lat="28.375897" lon="-81.591043">
				 <ele>27</ele>
			 </trkpt>
			 <trkpt lat="28.375697" lon="-81.591134">
				 <ele>27</ele>
			 </trkpt>
			 <trkpt lat="28.375507" lon="-81.59127">
				 <ele>27</ele>
			 </trkpt>
			 <trkpt lat="28.375361" lon="-81.591392">
				 <ele>27</ele>
			 </trkpt>
			 <trkpt lat="28.375214" lon="-81.5915">
				 <ele>27.1</ele>
			 </trkpt>
			 <trkpt lat="28.375048" lon="-81.591631">
				 <ele>27.2</ele>
			 </trkpt>
			 <trkpt lat="28.375014" lon="-81.591662">
				 <ele>27.3</ele>
			 </trkpt>
			 <trkpt lat="28.374845" lon="-81.591804">
				 <ele>27.4</ele>
			 </trkpt>
			 <trkpt lat="28.37467" lon="-81.591932">
				 <ele>27.5</ele>
			 </trkpt>
			 <trkpt lat="28.374488" lon="-81.592057">
				 <ele>27.7</ele>
			 </trkpt>
			 <trkpt lat="28.374304" lon="-81.592184">
				 <ele>27.9</ele>
			 </trkpt>
			 <trkpt lat="28.374229" lon="-81.592239">
				 <ele>28.1</ele>
			 </trkpt>
			 <trkpt lat="28.374049" lon="-81.592372">
				 <ele>28.4</ele>
			 </trkpt>
			 <trkpt lat="28.373862" lon="-81.592478">
				 <ele>28.6</ele>
			 </trkpt>
			 <trkpt lat="28.373748" lon="-81.592549">
				 <ele>28.9</ele>
			 </trkpt>
			 <trkpt lat="28.373596" lon="-81.592621">
				 <ele>29.1</ele>
			 </trkpt>
			 <trkpt lat="28.373475" lon="-81.592677">
				 <ele>29.3</ele>
			 </trkpt>
			 <trkpt lat="28.373273" lon="-81.592745">
				 <ele>29.5</ele>
			 </trkpt>
			 <trkpt lat="28.373075" lon="-81.592803">
				 <ele>29.6</ele>
			 </trkpt>
			 <trkpt lat="28.372908" lon="-81.592833">
				 <ele>29.7</ele>
			 </trkpt>
			 <trkpt lat="28.372788" lon="-81.592855">
				 <ele>29.8</ele>
			 </trkpt>
			 <trkpt lat="28.372594" lon="-81.592854">
				 <ele>29.9</ele>
			 </trkpt>
			 <trkpt lat="28.372383" lon="-81.592832">
				 <ele>30</ele>
			 </trkpt>
			 <trkpt lat="28.372219" lon="-81.592779">
				 <ele>30</ele>
			 </trkpt>
			 <trkpt lat="28.372042" lon="-81.592648">
				 <ele>30</ele>
			 </trkpt>
			 <trkpt lat="28.371974" lon="-81.592579">
				 <ele>30</ele>
			 </trkpt>
			 <trkpt lat="28.37186" lon="-81.592413">
				 <ele>30</ele>
			 </trkpt>
			 <trkpt lat="28.371794" lon="-81.592277">
				 <ele>30</ele>
			 </trkpt>
			 <trkpt lat="28.371738" lon="-81.59209">
				 <ele>30</ele>
			 </trkpt>
			 <trkpt lat="28.371722" lon="-81.591844">
				 <ele>29.9</ele>
			 </trkpt>
			 <trkpt lat="28.371726" lon="-81.591797">
				 <ele>29.8</ele>
			 </trkpt>
			 <trkpt lat="28.371753" lon="-81.591661">
				 <ele>29.7</ele>
			 </trkpt>
			 <trkpt lat="28.371843" lon="-81.591436">
				 <ele>29.6</ele>
			 </trkpt>
			 <trkpt lat="28.371867" lon="-81.591343">
				 <ele>29.5</ele>
			 </trkpt>
			 <trkpt lat="28.371904" lon="-81.591095">
				 <ele>29.5</ele>
			 </trkpt>
			 <trkpt lat="28.371868" lon="-81.590866">
				 <ele>29.4</ele>
			 </trkpt>
			 <trkpt lat="28.371764" lon="-81.590666">
				 <ele>29.3</ele>
			 </trkpt>
			 <trkpt lat="28.371736" lon="-81.59063">
				 <ele>29.2</ele>
			 </trkpt>
			 <trkpt lat="28.371562" lon="-81.59048">
				 <ele>29.1</ele>
			 </trkpt>
			 <trkpt lat="28.371519" lon="-81.590459">
				 <ele>29</ele>
			 </trkpt>
			 <trkpt lat="28.371321" lon="-81.590406">
				 <ele>29</ele>
			 </trkpt>
			 <trkpt lat="28.371105" lon="-81.590384">
				 <ele>29</ele>
			 </trkpt>
			 <trkpt lat="28.370895" lon="-81.590366">
				 <ele>29</ele>
			 </trkpt>
			 <trkpt lat="28.370681" lon="-81.590352">
				 <ele>29</ele>
			 </trkpt>
			 <trkpt lat="28.370488" lon="-81.590323">
				 <ele>29.1</ele>
			 </trkpt>
			 <trkpt lat="28.370294" lon="-81.590277">
				 <ele>29.2</ele>
			 </trkpt>
			 <trkpt lat="28.370098" lon="-81.590244">
				 <ele>29.3</ele>
			 </trkpt>
			 <trkpt lat="28.370064" lon="-81.59024">
				 <ele>29.4</ele>
			 </trkpt>
			 <trkpt lat="28.369854" lon="-81.590188">
				 <ele>29.5</ele>
			 </trkpt>
			 <trkpt lat="28.369635" lon="-81.590161">
				 <ele>29.5</ele>
			 </trkpt>
			 <trkpt lat="28.369418" lon="-81.590126">
				 <ele>29.6</ele>
			 </trkpt>
			 <trkpt lat="28.369214" lon="-81.590116">
				 <ele>29.7</ele>
			 </trkpt>
			 <trkpt lat="28.368998" lon="-81.590128">
				 <ele>29.8</ele>
			 </trkpt>
			 <trkpt lat="28.368784" lon="-81.590159">
				 <ele>29.9</ele>
			 </trkpt>
			 <trkpt lat="28.368574" lon="-81.590221">
				 <ele>30</ele>
			 </trkpt>
			 <trkpt lat="28.368372" lon="-81.590301">
				 <ele>30</ele>
			 </trkpt>
			 <trkpt lat="28.368292" lon="-81.590336">
				 <ele>30</ele>
			 </trkpt>
			 <trkpt lat="28.368104" lon="-81.590444">
				 <ele>30</ele>
			 </trkpt>
			 <trkpt lat="28.367995" lon="-81.59052">
				 <ele>30</ele>
			 </trkpt>
			 <trkpt lat="28.367829" lon="-81.59067">
				 <ele>30</ele>
			 </trkpt>
			 <trkpt lat="28.367772" lon="-81.590735">
				 <ele>30</ele>
			 </trkpt>
			 <trkpt lat="28.367624" lon="-81.590914">
				 <ele>30</ele>
			 </trkpt>
			 <trkpt lat="28.36749" lon="-81.59103">
				 <ele>30</ele>
			 </trkpt>
			 <trkpt lat="28.367406" lon="-81.591033">
				 <ele>30</ele>
			 </trkpt>
			 <trkpt lat="28.367329" lon="-81.590989">
				 <ele>30</ele>
			 </trkpt>
			 <trkpt lat="28.367178" lon="-81.590814">
				 <ele>30</ele>
			 </trkpt>
			 <trkpt lat="28.367032" lon="-81.590634">
				 <ele>29.9</ele>
			 </trkpt>
			 <trkpt lat="28.366873" lon="-81.590465">
				 <ele>29.8</ele>
			 </trkpt>
			 <trkpt lat="28.366711" lon="-81.590307">
				 <ele>29.7</ele>
			 </trkpt>
			 <trkpt lat="28.366564" lon="-81.590137">
				 <ele>29.6</ele>
			 </trkpt>
			 <trkpt lat="28.366421" lon="-81.589956">
				 <ele>29.5</ele>
			 </trkpt>
			 <trkpt lat="28.366278" lon="-81.589764">
				 <ele>29.5</ele>
			 </trkpt>
			 <trkpt lat="28.366208" lon="-81.589648">
				 <ele>29.4</ele>
			 </trkpt>
			 <trkpt lat="28.366142" lon="-81.589593">
				 <ele>29.3</ele>
			 </trkpt>
			 <trkpt lat="28.366054" lon="-81.589587">
				 <ele>29.3</ele>
			 </trkpt>
			 <trkpt lat="28.365964" lon="-81.589618">
				 <ele>29.3</ele>
			 </trkpt>
			 <trkpt lat="28.365798" lon="-81.589711">
				 <ele>29.3</ele>
			 </trkpt>
			 <trkpt lat="28.365599" lon="-81.589822">
				 <ele>29.4</ele>
			 </trkpt>
			 <trkpt lat="28.3654" lon="-81.589936">
				 <ele>29.4</ele>
			 </trkpt>
			 <trkpt lat="28.365269" lon="-81.590004">
				 <ele>29.4</ele>
			 </trkpt>
			 <trkpt lat="28.36507" lon="-81.590115">
				 <ele>29.4</ele>
			 </trkpt>
			 <trkpt lat="28.364869" lon="-81.59019">
				 <ele>29.5</ele>
			 </trkpt>
			 <trkpt lat="28.364671" lon="-81.590279">
				 <ele>29.5</ele>
			 </trkpt>
			 <trkpt lat="28.364552" lon="-81.590318">
				 <ele>29.7</ele>
			 </trkpt>
			 <trkpt lat="28.364357" lon="-81.590352">
				 <ele>29.9</ele>
			 </trkpt>
			 <trkpt lat="28.364276" lon="-81.590358">
				 <ele>30.1</ele>
			 </trkpt>
			 <trkpt lat="28.36415" lon="-81.590354">
				 <ele>30.3</ele>
			 </trkpt>
			 <trkpt lat="28.363965" lon="-81.590346">
				 <ele>30.5</ele>
			 </trkpt>
			 <trkpt lat="28.363778" lon="-81.590335">
				 <ele>30.6</ele>
			 </trkpt>
			 <trkpt lat="28.36356" lon="-81.59034">
				 <ele>30.9</ele>
			 </trkpt>
			 <trkpt lat="28.363372" lon="-81.590418">
				 <ele>31.2</ele>
			 </trkpt>
			 <trkpt lat="28.363164" lon="-81.590505">
				 <ele>31.5</ele>
			 </trkpt>
			 <trkpt lat="28.363" lon="-81.590597">
				 <ele>31.6</ele>
			 </trkpt>
			 <trkpt lat="28.362969" lon="-81.590632">
				 <ele>31.7</ele>
			 </trkpt>
			 <trkpt lat="28.362812" lon="-81.590791">
				 <ele>31.7</ele>
			 </trkpt>
			 <trkpt lat="28.362654" lon="-81.59094">
				 <ele>31.7</ele>
			 </trkpt>
			 <trkpt lat="28.36248" lon="-81.591089">
				 <ele>31.6</ele>
			 </trkpt>
			 <trkpt lat="28.362334" lon="-81.591259">
				 <ele>31.5</ele>
			 </trkpt>
			 <trkpt lat="28.362197" lon="-81.591426">
				 <ele>31.5</ele>
			 </trkpt>
			 <trkpt lat="28.362132" lon="-81.591478">
				 <ele>31.4</ele>
			 </trkpt>
			 <trkpt lat="28.361986" lon="-81.591562">
				 <ele>31.3</ele>
			 </trkpt>
			 <trkpt lat="28.36181" lon="-81.591584">
				 <ele>31.2</ele>
			 </trkpt>
			 <trkpt lat="28.361592" lon="-81.591581">
				 <ele>31.1</ele>
			 </trkpt>
			 <trkpt lat="28.361377" lon="-81.591569">
				 <ele>31</ele>
			 </trkpt>
			 <trkpt lat="28.361202" lon="-81.59156">
				 <ele>31</ele>
			 </trkpt>
			 <trkpt lat="28.360991" lon="-81.591519">
				 <ele>31</ele>
			 </trkpt>
			 <trkpt lat="28.360803" lon="-81.59145">
				 <ele>31</ele>
			 </trkpt>
			 <trkpt lat="28.360619" lon="-81.591365">
				 <ele>31</ele>
			 </trkpt>
			 <trkpt lat="28.360535" lon="-81.59133">
				 <ele>31.1</ele>
			 </trkpt>
			 <trkpt lat="28.360379" lon="-81.591248">
				 <ele>31.2</ele>
			 </trkpt>
			 <trkpt lat="28.360192" lon="-81.591165">
				 <ele>31.3</ele>
			 </trkpt>
			 <trkpt lat="28.36012" lon="-81.591154">
				 <ele>31.4</ele>
			 </trkpt>
			 <trkpt lat="28.359905" lon="-81.591142">
				 <ele>31.5</ele>
			 </trkpt>
			 <trkpt lat="28.359728" lon="-81.591099">
				 <ele>31.5</ele>
			 </trkpt>
			 <trkpt lat="28.359533" lon="-81.591038">
				 <ele>31.6</ele>
			 </trkpt>
			 <trkpt lat="28.359503" lon="-81.591027">
				 <ele>31.7</ele>
			 </trkpt>
			 <trkpt lat="28.359366" lon="-81.591178">
				 <ele>31.8</ele>
			 </trkpt>
			 <trkpt lat="28.35932" lon="-81.591328">
				 <ele>31.9</ele>
			 </trkpt>
			 <trkpt lat="28.359244" lon="-81.591524">
				 <ele>32</ele>
			 </trkpt>
			 <trkpt lat="28.359039" lon="-81.591514">
				 <ele>32</ele>
			 </trkpt>
			 <trkpt lat="28.358838" lon="-81.591444">
				 <ele>32</ele>
			 </trkpt>
			 <trkpt lat="28.358666" lon="-81.591328">
				 <ele>31.9</ele>
			 </trkpt>
			 <trkpt lat="28.358624" lon="-81.591104">
				 <ele>31.8</ele>
			 </trkpt>
			 <trkpt lat="28.358605" lon="-81.590878">
				 <ele>31.7</ele>
			 </trkpt>
			 <trkpt lat="28.358629" lon="-81.590633">
				 <ele>31.6</ele>
			 </trkpt>
			 <trkpt lat="28.358628" lon="-81.590529">
				 <ele>31.5</ele>
			 </trkpt>
			 <trkpt lat="28.358621" lon="-81.590348">
				 <ele>31.5</ele>
			 </trkpt>
			 <trkpt lat="28.358612" lon="-81.590304">
				 <ele>31.4</ele>
			 </trkpt>
			 <trkpt lat="28.3586" lon="-81.590206">
				 <ele>31.3</ele>
			 </trkpt>
			 <trkpt lat="28.358582" lon="-81.589968">
				 <ele>31.2</ele>
			 </trkpt>
			 <trkpt lat="28.358571" lon="-81.589923">
				 <ele>31.1</ele>
			 </trkpt>
			 <trkpt lat="28.358561" lon="-81.589885">
				 <ele>30.9</ele>
			 </trkpt>
			 <trkpt lat="28.358553" lon="-81.589841">
				 <ele>30.8</ele>
			 </trkpt>
			 <trkpt lat="28.35851" lon="-81.5897">
				 <ele>30.7</ele>
			 </trkpt>
			 <trkpt lat="28.358494" lon="-81.589623">
				 <ele>30.6</ele>
			 </trkpt>
			 <trkpt lat="28.358487" lon="-81.589391">
				 <ele>30.5</ele>
			 </trkpt>
			 <trkpt lat="28.358469" lon="-81.58929">
				 <ele>30.5</ele>
			 </trkpt>
			 <trkpt lat="28.358427" lon="-81.589139">
				 <ele>30.4</ele>
			 </trkpt>
			 <trkpt lat="28.358371" lon="-81.588908">
				 <ele>30.3</ele>
			 </trkpt>
			 <trkpt lat="28.35836" lon="-81.588814">
				 <ele>30.2</ele>
			 </trkpt>
			 <trkpt lat="28.358372" lon="-81.588731">
				 <ele>30.1</ele>
			 </trkpt>
			 <trkpt lat="28.358414" lon="-81.588671">
				 <ele>30</ele>
			 </trkpt>
			 <trkpt lat="28.35847" lon="-81.58862">
				 <ele>30</ele>
			 </trkpt>
			 <trkpt lat="28.358534" lon="-81.588524">
				 <ele>30</ele>
			 </trkpt>
			 <trkpt lat="28.358572" lon="-81.588314">
				 <ele>30</ele>
			 </trkpt>
			 <trkpt lat="28.35857" lon="-81.588215">
				 <ele>30</ele>
			 </trkpt>
			 <trkpt lat="28.35856" lon="-81.587972">
				 <ele>30</ele>
			 </trkpt>
			 <trkpt lat="28.358523" lon="-81.587734">
				 <ele>30.1</ele>
			 </trkpt>
			 <trkpt lat="28.358492" lon="-81.587643">
				 <ele>30.1</ele>
			 </trkpt>
			 <trkpt lat="28.358385" lon="-81.587421">
				 <ele>30.1</ele>
			 </trkpt>
			 <trkpt lat="28.358305" lon="-81.587303">
				 <ele>30.1</ele>
			 </trkpt>
			 <trkpt lat="28.358194" lon="-81.587176">
				 <ele>30.1</ele>
			 </trkpt>
			 <trkpt lat="28.358126" lon="-81.587153">
				 <ele>30.1</ele>
			 </trkpt>
			 <trkpt lat="28.357939" lon="-81.587158">
				 <ele>30.1</ele>
			 </trkpt>
			 <trkpt lat="28.357718" lon="-81.587196">
				 <ele>30.1</ele>
			 </trkpt>
			 <trkpt lat="28.35763" lon="-81.587238">
				 <ele>30.1</ele>
			 </trkpt>
			 <trkpt lat="28.35757" lon="-81.587306">
				 <ele>30.1</ele>
			 </trkpt>
			 <trkpt lat="28.357488" lon="-81.587412">
				 <ele>30.1</ele>
			 </trkpt>
			 <trkpt lat="28.357344" lon="-81.587539">
				 <ele>30.1</ele>
			 </trkpt>
			 <trkpt lat="28.357147" lon="-81.587639">
				 <ele>30.2</ele>
			 </trkpt>
			 <trkpt lat="28.357104" lon="-81.587665">
				 <ele>30.3</ele>
			 </trkpt>
			 <trkpt lat="28.357031" lon="-81.58773">
				 <ele>30.4</ele>
			 </trkpt>
			 <trkpt lat="28.356992" lon="-81.587805">
				 <ele>30.5</ele>
			 </trkpt>
			 <trkpt lat="28.356916" lon="-81.587995">
				 <ele>30.5</ele>
			 </trkpt>
			 <trkpt lat="28.356859" lon="-81.588069">
				 <ele>30.5</ele>
			 </trkpt>
			 <trkpt lat="28.356799" lon="-81.588122">
				 <ele>30.5</ele>
			 </trkpt>
			 <trkpt lat="28.356718" lon="-81.588163">
				 <ele>30.5</ele>
			 </trkpt>
			 <trkpt lat="28.356666" lon="-81.588216">
				 <ele>30.5</ele>
			 </trkpt>
			 <trkpt lat="28.356607" lon="-81.588269">
				 <ele>30.5</ele>
			 </trkpt>
			 <trkpt lat="28.356537" lon="-81.588298">
				 <ele>30.5</ele>
			 </trkpt>
			 <trkpt lat="28.356459" lon="-81.588305">
				 <ele>30.5</ele>
			 </trkpt>
			 <trkpt lat="28.356289" lon="-81.588205">
				 <ele>30.5</ele>
			 </trkpt>
			 <trkpt lat="28.35619" lon="-81.587987">
				 <ele>30.5</ele>
			 </trkpt>
			 <trkpt lat="28.35613" lon="-81.587752">
				 <ele>30.5</ele>
			 </trkpt>
			 <trkpt lat="28.356121" lon="-81.587709">
				 <ele>30.5</ele>
			 </trkpt>
			 <trkpt lat="28.35611" lon="-81.587665">
				 <ele>30.7</ele>
			 </trkpt>
			 <trkpt lat="28.356053" lon="-81.58748">
				 <ele>30.9</ele>
			 </trkpt>
			 <trkpt lat="28.356009" lon="-81.587421">
				 <ele>31.1</ele>
			 </trkpt>
			 <trkpt lat="28.355955" lon="-81.587382">
				 <ele>31.3</ele>
			 </trkpt>
			 <trkpt lat="28.355786" lon="-81.587256">
				 <ele>31.4</ele>
			 </trkpt>
			 <trkpt lat="28.355751" lon="-81.58722">
				 <ele>31.5</ele>
			 </trkpt>
			 <trkpt lat="28.355683" lon="-81.587149">
				 <ele>31.5</ele>
			 </trkpt>
			 <trkpt lat="28.35555" lon="-81.587001">
				 <ele>31.5</ele>
			 </trkpt>
			 <trkpt lat="28.355518" lon="-81.586956">
				 <ele>31.5</ele>
			 </trkpt>
			 <trkpt lat="28.355441" lon="-81.586831">
				 <ele>31.5</ele>
			 </trkpt>
			 <trkpt lat="28.355423" lon="-81.586789">
				 <ele>31.4</ele>
			 </trkpt>
			 <trkpt lat="28.355409" lon="-81.586747">
				 <ele>31.3</ele>
			 </trkpt>
			 <trkpt lat="28.355396" lon="-81.586656">
				 <ele>31.2</ele>
			 </trkpt>
			 <trkpt lat="28.355423" lon="-81.586585">
				 <ele>31</ele>
			 </trkpt>
			 <trkpt lat="28.355485" lon="-81.586529">
				 <ele>30.8</ele>
			 </trkpt>
			 <trkpt lat="28.355681" lon="-81.586444">
				 <ele>30.7</ele>
			 </trkpt>
			 <trkpt lat="28.35586" lon="-81.586334">
				 <ele>30.6</ele>
			 </trkpt>
			 <trkpt lat="28.356011" lon="-81.586168">
				 <ele>30.5</ele>
			 </trkpt>
			 <trkpt lat="28.356129" lon="-81.585969">
				 <ele>30.5</ele>
			 </trkpt>
			 <trkpt lat="28.356247" lon="-81.585765">
				 <ele>30.4</ele>
			 </trkpt>
			 <trkpt lat="28.356356" lon="-81.58556">
				 <ele>30.3</ele>
			 </trkpt>
			 <trkpt lat="28.356484" lon="-81.58537">
				 <ele>30.2</ele>
			 </trkpt>
			 <trkpt lat="28.356637" lon="-81.585213">
				 <ele>30.1</ele>
			 </trkpt>
			 <trkpt lat="28.356823" lon="-81.585113">
				 <ele>30</ele>
			 </trkpt>
			 <trkpt lat="28.357015" lon="-81.585045">
				 <ele>30</ele>
			 </trkpt>
			 <trkpt lat="28.357218" lon="-81.585011">
				 <ele>30</ele>
			 </trkpt>
			 <trkpt lat="28.357418" lon="-81.585013">
				 <ele>30</ele>
			 </trkpt>
			 <trkpt lat="28.357455" lon="-81.585021">
				 <ele>30</ele>
			 </trkpt>
			 <trkpt lat="28.357651" lon="-81.585082">
				 <ele>30</ele>
			 </trkpt>
			 <trkpt lat="28.35784" lon="-81.585193">
				 <ele>30</ele>
			 </trkpt>
			 <trkpt lat="28.358021" lon="-81.585303">
				 <ele>30</ele>
			 </trkpt>
			 <trkpt lat="28.358096" lon="-81.585338">
				 <ele>30</ele>
			 </trkpt>
			 <trkpt lat="28.358169" lon="-81.585372">
				 <ele>30</ele>
			 </trkpt>
			 <trkpt lat="28.358237" lon="-81.58541">
				 <ele>30</ele>
			 </trkpt>
			 <trkpt lat="28.358423" lon="-81.585534">
				 <ele>30</ele>
			 </trkpt>
			 <trkpt lat="28.358588" lon="-81.585641">
				 <ele>29.9</ele>
			 </trkpt>
			 <trkpt lat="28.358758" lon="-81.585744">
				 <ele>29.9</ele>
			 </trkpt>
			 <trkpt lat="28.358925" lon="-81.585873">
				 <ele>29.9</ele>
			 </trkpt>
			 <trkpt lat="28.35911" lon="-81.585974">
				 <ele>29.9</ele>
			 </trkpt>
			 <trkpt lat="28.359276" lon="-81.586087">
				 <ele>29.9</ele>
			 </trkpt>
			 <trkpt lat="28.359425" lon="-81.586234">
				 <ele>29.9</ele>
			 </trkpt>
			 <trkpt lat="28.359557" lon="-81.586408">
				 <ele>29.9</ele>
			 </trkpt>
			 <trkpt lat="28.359676" lon="-81.586607">
				 <ele>29.9</ele>
			 </trkpt>
			 <trkpt lat="28.359765" lon="-81.58681">
				 <ele>29.9</ele>
			 </trkpt>
			 <trkpt lat="28.359872" lon="-81.587014">
				 <ele>29.9</ele>
			 </trkpt>
			 <trkpt lat="28.359977" lon="-81.587203">
				 <ele>29.9</ele>
			 </trkpt>
			 <trkpt lat="28.360121" lon="-81.587358">
				 <ele>30</ele>
			 </trkpt>
			 <trkpt lat="28.36031" lon="-81.587397">
				 <ele>30</ele>
			 </trkpt>
			 <trkpt lat="28.360351" lon="-81.587397">
				 <ele>30</ele>
			 </trkpt>
			 <trkpt lat="28.360555" lon="-81.587347">
				 <ele>30</ele>
			 </trkpt>
			 <trkpt lat="28.360775" lon="-81.587294">
				 <ele>30</ele>
			 </trkpt>
			 <trkpt lat="28.360957" lon="-81.587245">
				 <ele>29.9</ele>
			 </trkpt>
			 <trkpt lat="28.361134" lon="-81.587192">
				 <ele>29.8</ele>
			 </trkpt>
			 <trkpt lat="28.361289" lon="-81.587109">
				 <ele>29.7</ele>
			 </trkpt>
			 <trkpt lat="28.361453" lon="-81.58699">
				 <ele>29.6</ele>
			 </trkpt>
			 <trkpt lat="28.361618" lon="-81.586888">
				 <ele>29.5</ele>
			 </trkpt>
			 <trkpt lat="28.361701" lon="-81.586844">
				 <ele>29.5</ele>
			 </trkpt>
			 <trkpt lat="28.361826" lon="-81.586803">
				 <ele>29.4</ele>
			 </trkpt>
			 <trkpt lat="28.361951" lon="-81.586795">
				 <ele>29.3</ele>
			 </trkpt>
			 <trkpt lat="28.362141" lon="-81.586802">
				 <ele>29.2</ele>
			 </trkpt>
			 <trkpt lat="28.362335" lon="-81.586822">
				 <ele>29</ele>
			 </trkpt>
			 <trkpt lat="28.362541" lon="-81.586845">
				 <ele>28.8</ele>
			 </trkpt>
			 <trkpt lat="28.362621" lon="-81.586861">
				 <ele>28.7</ele>
			 </trkpt>
			 <trkpt lat="28.362745" lon="-81.586864">
				 <ele>28.6</ele>
			 </trkpt>
			 <trkpt lat="28.362939" lon="-81.58681">
				 <ele>28.5</ele>
			 </trkpt>
			 <trkpt lat="28.363142" lon="-81.586731">
				 <ele>28.5</ele>
			 </trkpt>
			 <trkpt lat="28.363355" lon="-81.586646">
				 <ele>28.4</ele>
			 </trkpt>
			 <trkpt lat="28.363568" lon="-81.586597">
				 <ele>28.3</ele>
			 </trkpt>
			 <trkpt lat="28.363782" lon="-81.586594">
				 <ele>28.2</ele>
			 </trkpt>
			 <trkpt lat="28.363865" lon="-81.586597">
				 <ele>28.1</ele>
			 </trkpt>
			 <trkpt lat="28.364077" lon="-81.586605">
				 <ele>28.1</ele>
			 </trkpt>
			 <trkpt lat="28.36412" lon="-81.586614">
				 <ele>28.2</ele>
			 </trkpt>
			 <trkpt lat="28.364324" lon="-81.58669">
				 <ele>28.3</ele>
			 </trkpt>
			 <trkpt lat="28.364517" lon="-81.586801">
				 <ele>28.4</ele>
			 </trkpt>
			 <trkpt lat="28.364698" lon="-81.586926">
				 <ele>28.5</ele>
			 </trkpt>
			 <trkpt lat="28.364857" lon="-81.587095">
				 <ele>28.5</ele>
			 </trkpt>
			 <trkpt lat="28.364888" lon="-81.587127">
				 <ele>28.6</ele>
			 </trkpt>
			 <trkpt lat="28.365023" lon="-81.587295">
				 <ele>28.7</ele>
			 </trkpt>
			 <trkpt lat="28.365153" lon="-81.587477">
				 <ele>28.8</ele>
			 </trkpt>
			 <trkpt lat="28.365267" lon="-81.587669">
				 <ele>28.9</ele>
			 </trkpt>
			 <trkpt lat="28.365374" lon="-81.587862">
				 <ele>29</ele>
			 </trkpt>
			 <trkpt lat="28.365469" lon="-81.588068">
				 <ele>29</ele>
			 </trkpt>
			 <trkpt lat="28.365568" lon="-81.588252">
				 <ele>29</ele>
			 </trkpt>
			 <trkpt lat="28.365667" lon="-81.588441">
				 <ele>29</ele>
			 </trkpt>
			 <trkpt lat="28.365758" lon="-81.588638">
				 <ele>29</ele>
			 </trkpt>
			 <trkpt lat="28.365841" lon="-81.588848">
				 <ele>29</ele>
			 </trkpt>
			 <trkpt lat="28.365915" lon="-81.589067">
				 <ele>29.1</ele>
			 </trkpt>
			 <trkpt lat="28.365994" lon="-81.589269">
				 <ele>29.2</ele>
			 </trkpt>
			 <trkpt lat="28.36602" lon="-81.58935">
				 <ele>29.3</ele>
			 </trkpt>
			 <trkpt lat="28.366096" lon="-81.58955">
				 <ele>29.4</ele>
			 </trkpt>
			 <trkpt lat="28.36619" lon="-81.589766">
				 <ele>29.5</ele>
			 </trkpt>
			 <trkpt lat="28.366309" lon="-81.589967">
				 <ele>29.5</ele>
			 </trkpt>
			 <trkpt lat="28.366449" lon="-81.590144">
				 <ele>29.6</ele>
			 </trkpt>
			 <trkpt lat="28.366512" lon="-81.590211">
				 <ele>29.7</ele>
			 </trkpt>
			 <trkpt lat="28.366681" lon="-81.590358">
				 <ele>29.8</ele>
			 </trkpt>
			 <trkpt lat="28.366853" lon="-81.590513">
				 <ele>29.9</ele>
			 </trkpt>
			 <trkpt lat="28.367013" lon="-81.590666">
				 <ele>30</ele>
			 </trkpt>
			 <trkpt lat="28.367157" lon="-81.590818">
				 <ele>30</ele>
			 </trkpt>
			 <trkpt lat="28.367313" lon="-81.590963">
				 <ele>30</ele>
			 </trkpt>
			 <trkpt lat="28.367349" lon="-81.590984">
				 <ele>30</ele>
			 </trkpt>
			 <trkpt lat="28.367426" lon="-81.591008">
				 <ele>30</ele>
			 </trkpt>
			 <trkpt lat="28.367497" lon="-81.590978">
				 <ele>30</ele>
			 </trkpt>
			 <trkpt lat="28.36756" lon="-81.590906">
				 <ele>30</ele>
			 </trkpt>
			 <trkpt lat="28.367615" lon="-81.590828">
				 <ele>30</ele>
			 </trkpt>
			 <trkpt lat="28.367675" lon="-81.590759">
				 <ele>30</ele>
			 </trkpt>
			 <trkpt lat="28.367845" lon="-81.590607">
				 <ele>30</ele>
			 </trkpt>
			 <trkpt lat="28.368027" lon="-81.590465">
				 <ele>30</ele>
			 </trkpt>
			 <trkpt lat="28.368065" lon="-81.590443">
				 <ele>30</ele>
			 </trkpt>
			 <trkpt lat="28.368281" lon="-81.590361">
				 <ele>30</ele>
			 </trkpt>
			 <trkpt lat="28.368488" lon="-81.590274">
				 <ele>30</ele>
			 </trkpt>
			 <trkpt lat="28.368528" lon="-81.590262">
				 <ele>30</ele>
			 </trkpt>
			 <trkpt lat="28.368696" lon="-81.590225">
				 <ele>30</ele>
			 </trkpt>
			 <trkpt lat="28.368894" lon="-81.590177">
				 <ele>29.9</ele>
			 </trkpt>
			 <trkpt lat="28.369088" lon="-81.59015">
				 <ele>29.8</ele>
			 </trkpt>
			 <trkpt lat="28.369282" lon="-81.590147">
				 <ele>29.7</ele>
			 </trkpt>
			 <trkpt lat="28.369486" lon="-81.59015">
				 <ele>29.6</ele>
			 </trkpt>
			 <trkpt lat="28.369701" lon="-81.590173">
				 <ele>29.5</ele>
			 </trkpt>
			 <trkpt lat="28.369909" lon="-81.590209">
				 <ele>29.5</ele>
			 </trkpt>
			 <trkpt lat="28.370113" lon="-81.590249">
				 <ele>29.4</ele>
			 </trkpt>
			 <trkpt lat="28.370151" lon="-81.590253">
				 <ele>29.3</ele>
			 </trkpt>
			 <trkpt lat="28.370352" lon="-81.590285">
				 <ele>29.2</ele>
			 </trkpt>
			 <trkpt lat="28.370546" lon="-81.590332">
				 <ele>29.1</ele>
			 </trkpt>
			 <trkpt lat="28.370744" lon="-81.590367">
				 <ele>29</ele>
			 </trkpt>
			 <trkpt lat="28.370949" lon="-81.590403">
				 <ele>29</ele>
			 </trkpt>
			 <trkpt lat="28.37114" lon="-81.590449">
				 <ele>29</ele>
			 </trkpt>
			 <trkpt lat="28.371245" lon="-81.590479">
				 <ele>29</ele>
			 </trkpt>
			 <trkpt lat="28.371434" lon="-81.59053">
				 <ele>29.1</ele>
			 </trkpt>
			 <trkpt lat="28.371628" lon="-81.590618">
				 <ele>29.2</ele>
			 </trkpt>
			 <trkpt lat="28.371774" lon="-81.590762">
				 <ele>29.3</ele>
			 </trkpt>
			 <trkpt lat="28.371879" lon="-81.590933">
				 <ele>29.4</ele>
			 </trkpt>
			 <trkpt lat="28.371918" lon="-81.591139">
				 <ele>29.5</ele>
			 </trkpt>
			 <trkpt lat="28.371899" lon="-81.591388">
				 <ele>29.5</ele>
			 </trkpt>
			 <trkpt lat="28.371802" lon="-81.591609">
				 <ele>29.6</ele>
			 </trkpt>
			 <trkpt lat="28.371722" lon="-81.591819">
				 <ele>29.7</ele>
			 </trkpt>
			 <trkpt lat="28.371732" lon="-81.592068">
				 <ele>29.8</ele>
			 </trkpt>
			 <trkpt lat="28.371801" lon="-81.592305">
				 <ele>29.9</ele>
			 </trkpt>
			 <trkpt lat="28.37191" lon="-81.592521">
				 <ele>30</ele>
			 </trkpt>
			 <trkpt lat="28.372068" lon="-81.592685">
				 <ele>30</ele>
			 </trkpt>
			 <trkpt lat="28.372141" lon="-81.592725">
				 <ele>30</ele>
			 </trkpt>
			 <trkpt lat="28.372254" lon="-81.592779">
				 <ele>30</ele>
			 </trkpt>
			 <trkpt lat="28.372331" lon="-81.592799">
				 <ele>30</ele>
			 </trkpt>
			 <trkpt lat="28.372448" lon="-81.592801">
				 <ele>30</ele>
			 </trkpt>
			 <trkpt lat="28.372509" lon="-81.592752">
				 <ele>30</ele>
			 </trkpt>
			 <trkpt lat="28.372544" lon="-81.592666">
				 <ele>29.9</ele>
			 </trkpt>
			 <trkpt lat="28.372553" lon="-81.592558">
				 <ele>29.8</ele>
			 </trkpt>
			 <trkpt lat="28.372552" lon="-81.592339">
				 <ele>29.7</ele>
			 </trkpt>
			 <trkpt lat="28.372562" lon="-81.592126">
				 <ele>29.6</ele>
			 </trkpt>
			 <trkpt lat="28.372583" lon="-81.59188">
				 <ele>29.5</ele>
			 </trkpt>
			 <trkpt lat="28.372602" lon="-81.591636">
				 <ele>29.5</ele>
			 </trkpt>
			 <trkpt lat="28.372613" lon="-81.591396">
				 <ele>29.4</ele>
			 </trkpt>
			 <trkpt lat="28.372628" lon="-81.591161">
				 <ele>29.3</ele>
			 </trkpt>
			 <trkpt lat="28.37262" lon="-81.590928">
				 <ele>29.2</ele>
			 </trkpt>
			 <trkpt lat="28.372594" lon="-81.590692">
				 <ele>29.1</ele>
			 </trkpt>
			 <trkpt lat="28.372588" lon="-81.590644">
				 <ele>28.9</ele>
			 </trkpt>
			 <trkpt lat="28.37255" lon="-81.590421">
				 <ele>28.8</ele>
			 </trkpt>
			 <trkpt lat="28.372498" lon="-81.590199">
				 <ele>28.7</ele>
			 </trkpt>
			 <trkpt lat="28.372404" lon="-81.589987">
				 <ele>28.6</ele>
			 </trkpt>
			 <trkpt lat="28.372373" lon="-81.589905">
				 <ele>28.5</ele>
			 </trkpt>
			 <trkpt lat="28.372259" lon="-81.58971">
				 <ele>28.5</ele>
			 </trkpt>
			 <trkpt lat="28.372124" lon="-81.589518">
				 <ele>28.4</ele>
			 </trkpt>
			 <trkpt lat="28.372006" lon="-81.589363">
				 <ele>28.3</ele>
			 </trkpt>
			 <trkpt lat="28.371915" lon="-81.589257">
				 <ele>28.2</ele>
			 </trkpt>
			 <trkpt lat="28.371887" lon="-81.589223">
				 <ele>28.1</ele>
			 </trkpt>
			 <trkpt lat="28.3718" lon="-81.589118">
				 <ele>28</ele>
			 </trkpt>
			 <trkpt lat="28.371631" lon="-81.588954">
				 <ele>28</ele>
			 </trkpt>
			 <trkpt lat="28.371453" lon="-81.588805">
				 <ele>28</ele>
			 </trkpt>
			 <trkpt lat="28.371254" lon="-81.588683">
				 <ele>28</ele>
			 </trkpt>
			 <trkpt lat="28.37109" lon="-81.58859">
				 <ele>28</ele>
			 </trkpt>
			 <trkpt lat="28.370886" lon="-81.588488">
				 <ele>28</ele>
			 </trkpt>
			 <trkpt lat="28.370675" lon="-81.588402">
				 <ele>28</ele>
			 </trkpt>
			 <trkpt lat="28.370473" lon="-81.588328">
				 <ele>28</ele>
			 </trkpt>
			 <trkpt lat="28.370271" lon="-81.588269">
				 <ele>28</ele>
			 </trkpt>
			 <trkpt lat="28.370191" lon="-81.588238">
				 <ele>28</ele>
			 </trkpt>
			 <trkpt lat="28.369992" lon="-81.588172">
				 <ele>28</ele>
			 </trkpt>
			 <trkpt lat="28.369803" lon="-81.588099">
				 <ele>28</ele>
			 </trkpt>
			 <trkpt lat="28.369606" lon="-81.588024">
				 <ele>28</ele>
			 </trkpt>
			 <trkpt lat="28.369408" lon="-81.587952">
				 <ele>28</ele>
			 </trkpt>
			 <trkpt lat="28.369244" lon="-81.587883">
				 <ele>28</ele>
			 </trkpt>
			 <trkpt lat="28.369051" lon="-81.587809">
				 <ele>28</ele>
			 </trkpt>
			 <trkpt lat="28.368868" lon="-81.587744">
				 <ele>28</ele>
			 </trkpt>
			 <trkpt lat="28.368667" lon="-81.587679">
				 <ele>28</ele>
			 </trkpt>
			 <trkpt lat="28.368477" lon="-81.587609">
				 <ele>28</ele>
			 </trkpt>
			 <trkpt lat="28.368292" lon="-81.587543">
				 <ele>28</ele>
			 </trkpt>
			 <trkpt lat="28.3681" lon="-81.587455">
				 <ele>28</ele>
			 </trkpt>
			 <trkpt lat="28.367913" lon="-81.587371">
				 <ele>28</ele>
			 </trkpt>
			 <trkpt lat="28.367706" lon="-81.587285">
				 <ele>28</ele>
			 </trkpt>
			 <trkpt lat="28.367513" lon="-81.587219">
				 <ele>28</ele>
			 </trkpt>
			 <trkpt lat="28.367325" lon="-81.587149">
				 <ele>28</ele>
			 </trkpt>
			 <trkpt lat="28.367135" lon="-81.587054">
				 <ele>28</ele>
			 </trkpt>
			 <trkpt lat="28.366953" lon="-81.586949">
				 <ele>28</ele>
			 </trkpt>
			 <trkpt lat="28.366789" lon="-81.586847">
				 <ele>28</ele>
			 </trkpt>
			 <trkpt lat="28.366632" lon="-81.586715">
				 <ele>28</ele>
			 </trkpt>
			 <trkpt lat="28.366465" lon="-81.586572">
				 <ele>28</ele>
			 </trkpt>
			 <trkpt lat="28.366318" lon="-81.586433">
				 <ele>28</ele>
			 </trkpt>
			 <trkpt lat="28.366172" lon="-81.586288">
				 <ele>27.9</ele>
			 </trkpt>
			 <trkpt lat="28.366013" lon="-81.586118">
				 <ele>27.8</ele>
			 </trkpt>
			 <trkpt lat="28.365893" lon="-81.585962">
				 <ele>27.7</ele>
			 </trkpt>
			 <trkpt lat="28.365777" lon="-81.585787">
				 <ele>27.6</ele>
			 </trkpt>
			 <trkpt lat="28.365664" lon="-81.585606">
				 <ele>27.5</ele>
			 </trkpt>
			 <trkpt lat="28.365562" lon="-81.585436">
				 <ele>27.4</ele>
			 </trkpt>
			 <trkpt lat="28.365466" lon="-81.585248">
				 <ele>27.2</ele>
			 </trkpt>
			 <trkpt lat="28.365376" lon="-81.585047">
				 <ele>27</ele>
			 </trkpt>
			 <trkpt lat="28.365281" lon="-81.584842">
				 <ele>26.8</ele>
			 </trkpt>
			 <trkpt lat="28.365193" lon="-81.584646">
				 <ele>26.6</ele>
			 </trkpt>
			 <trkpt lat="28.365106" lon="-81.584447">
				 <ele>26.5</ele>
			 </trkpt>
			 <trkpt lat="28.365015" lon="-81.584254">
				 <ele>26.3</ele>
			 </trkpt>
			 <trkpt lat="28.364934" lon="-81.584098">
				 <ele>26.1</ele>
			 </trkpt>
			 <trkpt lat="28.364831" lon="-81.583906">
				 <ele>25.9</ele>
			 </trkpt>
			 <trkpt lat="28.364768" lon="-81.583787">
				 <ele>25.7</ele>
			 </trkpt>
			 <trkpt lat="28.364666" lon="-81.583595">
				 <ele>25.5</ele>
			 </trkpt>
			 <trkpt lat="28.364568" lon="-81.583407">
				 <ele>25.5</ele>
			 </trkpt>
			 <trkpt lat="28.364481" lon="-81.583215">
				 <ele>25.4</ele>
			 </trkpt>
			 <trkpt lat="28.364375" lon="-81.583011">
				 <ele>25.3</ele>
			 </trkpt>
			 <trkpt lat="28.364284" lon="-81.58279">
				 <ele>25.2</ele>
			 </trkpt>
			 <trkpt lat="28.364185" lon="-81.582579">
				 <ele>25.1</ele>
			 </trkpt>
			 <trkpt lat="28.364078" lon="-81.582379">
				 <ele>25</ele>
			 </trkpt>
			 <trkpt lat="28.363976" lon="-81.582193">
				 <ele>25</ele>
			 </trkpt>
			 <trkpt lat="28.363861" lon="-81.581979">
				 <ele>25</ele>
			 </trkpt>
			 <trkpt lat="28.363767" lon="-81.581769">
				 <ele>25</ele>
			 </trkpt>
			 <trkpt lat="28.363664" lon="-81.581559">
				 <ele>25</ele>
			 </trkpt>
			 <trkpt lat="28.3636" lon="-81.581437">
				 <ele>25</ele>
			 </trkpt>
			 <trkpt lat="28.363509" lon="-81.581228">
				 <ele>25</ele>
			 </trkpt>
			 <trkpt lat="28.363394" lon="-81.581024">
				 <ele>25</ele>
			 </trkpt>
			 <trkpt lat="28.363282" lon="-81.580826">
				 <ele>25</ele>
			 </trkpt>
			 <trkpt lat="28.363258" lon="-81.580786">
				 <ele>25</ele>
			 </trkpt>
			 <trkpt lat="28.363132" lon="-81.580585">
				 <ele>25</ele>
			 </trkpt>
			 <trkpt lat="28.363008" lon="-81.580386">
				 <ele>25</ele>
			 </trkpt>
			 <trkpt lat="28.362949" lon="-81.580263">
				 <ele>25</ele>
			 </trkpt>
			 <trkpt lat="28.362903" lon="-81.580141">
				 <ele>25</ele>
			 </trkpt>
			 <trkpt lat="28.36284" lon="-81.579977">
				 <ele>25</ele>
			 </trkpt>
			 <trkpt lat="28.3628" lon="-81.579896">
				 <ele>25.1</ele>
			 </trkpt>
			 <trkpt lat="28.362692" lon="-81.579693">
				 <ele>25.2</ele>
			 </trkpt>
			 <trkpt lat="28.362581" lon="-81.579486">
				 <ele>25.3</ele>
			 </trkpt>
			 <trkpt lat="28.362482" lon="-81.579289">
				 <ele>25.4</ele>
			 </trkpt>
			 <trkpt lat="28.362378" lon="-81.57908">
				 <ele>25.4</ele>
			 </trkpt>
			 <trkpt lat="28.362275" lon="-81.578876">
				 <ele>25.4</ele>
			 </trkpt>
			 <trkpt lat="28.362219" lon="-81.578753">
				 <ele>25.4</ele>
			 </trkpt>
			 <trkpt lat="28.362112" lon="-81.578552">
				 <ele>25.4</ele>
			 </trkpt>
			 <trkpt lat="28.362052" lon="-81.578434">
				 <ele>25.4</ele>
			 </trkpt>
			 <trkpt lat="28.361958" lon="-81.578234">
				 <ele>25.4</ele>
			 </trkpt>
			 <trkpt lat="28.361862" lon="-81.578029">
				 <ele>25.4</ele>
			 </trkpt>
			 <trkpt lat="28.36175" lon="-81.577817">
				 <ele>25.3</ele>
			 </trkpt>
			 <trkpt lat="28.361662" lon="-81.577649">
				 <ele>25.2</ele>
			 </trkpt>
			 <trkpt lat="28.361624" lon="-81.577565">
				 <ele>25.1</ele>
			 </trkpt>
			 <trkpt lat="28.361538" lon="-81.577356">
				 <ele>25</ele>
			 </trkpt>
			 <trkpt lat="28.361444" lon="-81.577154">
				 <ele>25.1</ele>
			 </trkpt>
			 <trkpt lat="28.361336" lon="-81.576946">
				 <ele>25.2</ele>
			 </trkpt>
			 <trkpt lat="28.361231" lon="-81.576742">
				 <ele>25.3</ele>
			 </trkpt>
			 <trkpt lat="28.361149" lon="-81.576579">
				 <ele>25.4</ele>
			 </trkpt>
			 <trkpt lat="28.361029" lon="-81.57638">
				 <ele>25.5</ele>
			 </trkpt>
			 <trkpt lat="28.360913" lon="-81.57619">
				 <ele>25.5</ele>
			 </trkpt>
			 <trkpt lat="28.360781" lon="-81.576008">
				 <ele>25.6</ele>
			 </trkpt>
			 <trkpt lat="28.360646" lon="-81.575823">
				 <ele>25.7</ele>
			 </trkpt>
			 <trkpt lat="28.360502" lon="-81.57565">
				 <ele>25.8</ele>
			 </trkpt>
			 <trkpt lat="28.360472" lon="-81.575617">
				 <ele>25.9</ele>
			 </trkpt>
			 <trkpt lat="28.360312" lon="-81.575467">
				 <ele>26</ele>
			 </trkpt>
			 <trkpt lat="28.360146" lon="-81.575309">
				 <ele>25.9</ele>
			 </trkpt>
			 <trkpt lat="28.360075" lon="-81.575255">
				 <ele>25.8</ele>
			 </trkpt>
			 <trkpt lat="28.359997" lon="-81.575211">
				 <ele>25.7</ele>
			 </trkpt>
			 <trkpt lat="28.359859" lon="-81.575116">
				 <ele>25.6</ele>
			 </trkpt>
			 <trkpt lat="28.359695" lon="-81.57501">
				 <ele>25.6</ele>
			 </trkpt>
			 <trkpt lat="28.359521" lon="-81.574902">
				 <ele>25.6</ele>
			 </trkpt>
			 <trkpt lat="28.359339" lon="-81.574785">
				 <ele>25.6</ele>
			 </trkpt>
			 <trkpt lat="28.359174" lon="-81.574683">
				 <ele>25.6</ele>
			 </trkpt>
			 <trkpt lat="28.359021" lon="-81.57456">
				 <ele>25.6</ele>
			 </trkpt>
			 <trkpt lat="28.358861" lon="-81.574428">
				 <ele>25.6</ele>
			 </trkpt>
			 <trkpt lat="28.358718" lon="-81.574302">
				 <ele>25.6</ele>
			 </trkpt>
			 <trkpt lat="28.35859" lon="-81.574154">
				 <ele>25.7</ele>
			 </trkpt>
			 <trkpt lat="28.358473" lon="-81.573936">
				 <ele>25.8</ele>
			 </trkpt>
			 <trkpt lat="28.358387" lon="-81.573756">
				 <ele>25.9</ele>
			 </trkpt>
			 <trkpt lat="28.358291" lon="-81.573527">
				 <ele>26</ele>
			 </trkpt>
			 <trkpt lat="28.358224" lon="-81.573296">
				 <ele>26</ele>
			 </trkpt>
			 <trkpt lat="28.358172" lon="-81.573062">
				 <ele>26</ele>
			 </trkpt>
			 <trkpt lat="28.35816" lon="-81.573014">
				 <ele>26</ele>
			 </trkpt>
			 <trkpt lat="28.3581" lon="-81.572786">
				 <ele>26</ele>
			 </trkpt>
			 <trkpt lat="28.358044" lon="-81.572732">
				 <ele>26</ele>
			 </trkpt>
			 <trkpt lat="28.357971" lon="-81.572714">
				 <ele>26</ele>
			 </trkpt>
			 <trkpt lat="28.357762" lon="-81.572756">
				 <ele>26</ele>
			 </trkpt>
			 <trkpt lat="28.357562" lon="-81.572838">
				 <ele>26</ele>
			 </trkpt>
			 <trkpt lat="28.357401" lon="-81.572906">
				 <ele>26</ele>
			 </trkpt>
			 <trkpt lat="28.357214" lon="-81.573008">
				 <ele>26</ele>
			 </trkpt>
			 <trkpt lat="28.357047" lon="-81.573087">
				 <ele>26</ele>
			 </trkpt>
			 <trkpt lat="28.356867" lon="-81.573161">
				 <ele>26</ele>
			 </trkpt>
			 <trkpt lat="28.356698" lon="-81.573244">
				 <ele>26</ele>
			 </trkpt>
			 <trkpt lat="28.356548" lon="-81.573327">
				 <ele>26</ele>
			 </trkpt>
			 <trkpt lat="28.356458" lon="-81.573365">
				 <ele>26</ele>
			 </trkpt>
			 <trkpt lat="28.356261" lon="-81.573444">
				 <ele>26</ele>
			 </trkpt>
			 <trkpt lat="28.356078" lon="-81.573532">
				 <ele>26.1</ele>
			 </trkpt>
			 <trkpt lat="28.355868" lon="-81.573604">
				 <ele>26.2</ele>
			 </trkpt>
			 <trkpt lat="28.355681" lon="-81.573695">
				 <ele>26.3</ele>
			 </trkpt>
			 <trkpt lat="28.355481" lon="-81.573798">
				 <ele>26.4</ele>
			 </trkpt>
			 <trkpt lat="28.355344" lon="-81.573894">
				 <ele>26.5</ele>
			 </trkpt>
			 <trkpt lat="28.355172" lon="-81.574025">
				 <ele>26.5</ele>
			 </trkpt>
			 <trkpt lat="28.355013" lon="-81.574165">
				 <ele>26.6</ele>
			 </trkpt>
			 <trkpt lat="28.354881" lon="-81.574328">
				 <ele>26.7</ele>
			 </trkpt>
			 <trkpt lat="28.354748" lon="-81.574499">
				 <ele>26.8</ele>
			 </trkpt>
			 <trkpt lat="28.354623" lon="-81.574673">
				 <ele>26.9</ele>
			 </trkpt>
			 <trkpt lat="28.354548" lon="-81.574775">
				 <ele>27</ele>
			 </trkpt>
			 <trkpt lat="28.354481" lon="-81.574887">
				 <ele>27</ele>
			 </trkpt>
			 <trkpt lat="28.354418" lon="-81.574996">
				 <ele>27</ele>
			 </trkpt>
			 <trkpt lat="28.354302" lon="-81.575172">
				 <ele>27</ele>
			 </trkpt>
			 <trkpt lat="28.354196" lon="-81.575359">
				 <ele>27</ele>
			 </trkpt>
			 <trkpt lat="28.354059" lon="-81.575533">
				 <ele>27</ele>
			 </trkpt>
			 <trkpt lat="28.354027" lon="-81.575534">
				 <ele>27</ele>
			 </trkpt>
			 <trkpt lat="28.353975" lon="-81.575477">
				 <ele>27</ele>
			 </trkpt>
			 <trkpt lat="28.353978" lon="-81.575275">
				 <ele>27</ele>
			 </trkpt>
			 <trkpt lat="28.354023" lon="-81.575076">
				 <ele>27</ele>
			 </trkpt>
			 <trkpt lat="28.354115" lon="-81.57486">
				 <ele>27</ele>
			 </trkpt>
			 <trkpt lat="28.354227" lon="-81.574666">
				 <ele>27</ele>
			 </trkpt>
			 <trkpt lat="28.354328" lon="-81.574488">
				 <ele>27</ele>
			 </trkpt>
			 <trkpt lat="28.354441" lon="-81.574315">
				 <ele>27</ele>
			 </trkpt>
			 <trkpt lat="28.354577" lon="-81.574161">
				 <ele>27</ele>
			 </trkpt>
			 <trkpt lat="28.354738" lon="-81.573989">
				 <ele>27</ele>
			 </trkpt>
			 <trkpt lat="28.354888" lon="-81.573827">
				 <ele>27</ele>
			 </trkpt>
			 <trkpt lat="28.355047" lon="-81.573674">
				 <ele>27</ele>
			 </trkpt>
			 <trkpt lat="28.355083" lon="-81.573649">
				 <ele>27</ele>
			 </trkpt>
			 <trkpt lat="28.355273" lon="-81.57354">
				 <ele>27</ele>
			 </trkpt>
			 <trkpt lat="28.355355" lon="-81.573493">
				 <ele>27</ele>
			 </trkpt>
			 <trkpt lat="28.355414" lon="-81.573425">
				 <ele>27</ele>
			 </trkpt>
			 <trkpt lat="28.355438" lon="-81.573337">
				 <ele>27</ele>
			 </trkpt>
			 <trkpt lat="28.355435" lon="-81.57324">
				 <ele>27</ele>
			 </trkpt>
			 <trkpt lat="28.355417" lon="-81.573147">
				 <ele>27</ele>
			 </trkpt>
			 <trkpt lat="28.355367" lon="-81.572962">
				 <ele>27</ele>
			 </trkpt>
			 <trkpt lat="28.355294" lon="-81.572759">
				 <ele>27</ele>
			 </trkpt>
			 <trkpt lat="28.3552" lon="-81.572557">
				 <ele>27</ele>
			 </trkpt>
			 <trkpt lat="28.355187" lon="-81.572516">
				 <ele>27</ele>
			 </trkpt>
			 <trkpt lat="28.355119" lon="-81.572296">
				 <ele>27</ele>
			 </trkpt>
			 <trkpt lat="28.355086" lon="-81.572052">
				 <ele>27</ele>
			 </trkpt>
			 <trkpt lat="28.355062" lon="-81.571812">
				 <ele>27</ele>
			 </trkpt>
			 <trkpt lat="28.35506" lon="-81.571721">
				 <ele>26.9</ele>
			 </trkpt>
			 <trkpt lat="28.355053" lon="-81.571488">
				 <ele>26.8</ele>
			 </trkpt>
			 <trkpt lat="28.355038" lon="-81.571394">
				 <ele>26.7</ele>
			 </trkpt>
			 <trkpt lat="28.355009" lon="-81.57131">
				 <ele>26.6</ele>
			 </trkpt>
			 <trkpt lat="28.354954" lon="-81.57124">
				 <ele>26.5</ele>
			 </trkpt>
			 <trkpt lat="28.354849" lon="-81.571161">
				 <ele>26.5</ele>
			 </trkpt>
			 <trkpt lat="28.354763" lon="-81.57114">
				 <ele>26.4</ele>
			 </trkpt>
			 <trkpt lat="28.35458" lon="-81.571144">
				 <ele>26.4</ele>
			 </trkpt>
			 <trkpt lat="28.354399" lon="-81.57118">
				 <ele>26.4</ele>
			 </trkpt>
			 <trkpt lat="28.354356" lon="-81.571198">
				 <ele>26.4</ele>
			 </trkpt>
			 <trkpt lat="28.354286" lon="-81.571246">
				 <ele>26.4</ele>
			 </trkpt>
			 <trkpt lat="28.354172" lon="-81.571379">
				 <ele>26.5</ele>
			 </trkpt>
			 <trkpt lat="28.354112" lon="-81.571519">
				 <ele>26.5</ele>
			 </trkpt>
			 <trkpt lat="28.354106" lon="-81.571623">
				 <ele>26.6</ele>
			 </trkpt>
			 <trkpt lat="28.354145" lon="-81.571787">
				 <ele>26.7</ele>
			 </trkpt>
			 <trkpt lat="28.354194" lon="-81.571885">
				 <ele>26.8</ele>
			 </trkpt>
			 <trkpt lat="28.354312" lon="-81.572074">
				 <ele>26.9</ele>
			 </trkpt>
			 <trkpt lat="28.354448" lon="-81.57225">
				 <ele>27</ele>
			 </trkpt>
			 <trkpt lat="28.354562" lon="-81.572395">
				 <ele>27</ele>
			 </trkpt>
			 <trkpt lat="28.354625" lon="-81.572503">
				 <ele>27</ele>
			 </trkpt>
			 <trkpt lat="28.354615" lon="-81.572583">
				 <ele>27</ele>
			 </trkpt>
			 <trkpt lat="28.354577" lon="-81.572654">
				 <ele>27</ele>
			 </trkpt>
			 <trkpt lat="28.354439" lon="-81.572837">
				 <ele>27</ele>
			 </trkpt>
			 <trkpt lat="28.354289" lon="-81.572998">
				 <ele>27</ele>
			 </trkpt>
			 <trkpt lat="28.354199" lon="-81.57307">
				 <ele>27</ele>
			 </trkpt>
			 <trkpt lat="28.354127" lon="-81.573057">
				 <ele>27</ele>
			 </trkpt>
			 <trkpt lat="28.35405" lon="-81.573004">
				 <ele>27</ele>
			 </trkpt>
			 <trkpt lat="28.353956" lon="-81.572913">
				 <ele>27</ele>
			 </trkpt>
			 <trkpt lat="28.353839" lon="-81.572756">
				 <ele>27</ele>
			 </trkpt>
			 <trkpt lat="28.353742" lon="-81.572627">
				 <ele>27</ele>
			 </trkpt>
			 <trkpt lat="28.353703" lon="-81.572544">
				 <ele>27</ele>
			 </trkpt>
			 <trkpt lat="28.353685" lon="-81.572456">
				 <ele>27</ele>
			 </trkpt>
			 <trkpt lat="28.353687" lon="-81.572271">
				 <ele>27</ele>
			 </trkpt>
			 <trkpt lat="28.353716" lon="-81.572184">
				 <ele>26.9</ele>
			 </trkpt>
			 <trkpt lat="28.353801" lon="-81.571968">
				 <ele>26.8</ele>
			 </trkpt>
			 <trkpt lat="28.353898" lon="-81.571763">
				 <ele>26.7</ele>
			 </trkpt>
			 <trkpt lat="28.353933" lon="-81.571681">
				 <ele>26.6</ele>
			 </trkpt>
			 <trkpt lat="28.353997" lon="-81.571449">
				 <ele>26.5</ele>
			 </trkpt>
			 <trkpt lat="28.354106" lon="-81.571249">
				 <ele>26.5</ele>
			 </trkpt>
			 <trkpt lat="28.35416" lon="-81.571191">
				 <ele>26.4</ele>
			 </trkpt>
			 <trkpt lat="28.354234" lon="-81.571144">
				 <ele>26.3</ele>
			 </trkpt>
			 <trkpt lat="28.354311" lon="-81.571114">
				 <ele>26.2</ele>
			 </trkpt>
			 <trkpt lat="28.354535" lon="-81.571107">
				 <ele>26.2</ele>
			 </trkpt>
			 <trkpt lat="28.354663" lon="-81.571119">
				 <ele>26.2</ele>
			 </trkpt>
			 <trkpt lat="28.35475" lon="-81.571143">
				 <ele>26.3</ele>
			 </trkpt>
			 <trkpt lat="28.354877" lon="-81.571194">
				 <ele>26.4</ele>
			 </trkpt>
			 <trkpt lat="28.354913" lon="-81.571222">
				 <ele>26.5</ele>
			 </trkpt>
			 <trkpt lat="28.354943" lon="-81.571255">
				 <ele>26.5</ele>
			 </trkpt>
			 <trkpt lat="28.354995" lon="-81.571322">
				 <ele>26.6</ele>
			 </trkpt>
			 <trkpt lat="28.355069" lon="-81.571517">
				 <ele>26.7</ele>
			 </trkpt>
			 <trkpt lat="28.355076" lon="-81.571601">
				 <ele>26.8</ele>
			 </trkpt>
			 <trkpt lat="28.355066" lon="-81.571823">
				 <ele>26.9</ele>
			 </trkpt>
			 <trkpt lat="28.355071" lon="-81.572051">
				 <ele>27</ele>
			 </trkpt>
			 <trkpt lat="28.355104" lon="-81.57228">
				 <ele>26.9</ele>
			 </trkpt>
			 <trkpt lat="28.355178" lon="-81.572498">
				 <ele>26.8</ele>
			 </trkpt>
			 <trkpt lat="28.355201" lon="-81.572539">
				 <ele>26.7</ele>
			 </trkpt>
			 <trkpt lat="28.355328" lon="-81.572727">
				 <ele>26.6</ele>
			 </trkpt>
			 <trkpt lat="28.355453" lon="-81.572914">
				 <ele>26.5</ele>
			 </trkpt>
			 <trkpt lat="28.355557" lon="-81.573103">
				 <ele>26.5</ele>
			 </trkpt>
			 <trkpt lat="28.355648" lon="-81.573259">
				 <ele>26.4</ele>
			 </trkpt>
			 <trkpt lat="28.35571" lon="-81.573309">
				 <ele>26.3</ele>
			 </trkpt>
			 <trkpt lat="28.355749" lon="-81.57332">
				 <ele>26.2</ele>
			 </trkpt>
			 <trkpt lat="28.355788" lon="-81.573321">
				 <ele>26.1</ele>
			 </trkpt>
			 <trkpt lat="28.355996" lon="-81.573271">
				 <ele>26</ele>
			 </trkpt>
			 <trkpt lat="28.356202" lon="-81.573208">
				 <ele>26</ele>
			 </trkpt>
			 <trkpt lat="28.356381" lon="-81.57316">
				 <ele>26</ele>
			 </trkpt>
			 <trkpt lat="28.356587" lon="-81.573104">
				 <ele>26</ele>
			 </trkpt>
			 <trkpt lat="28.35663" lon="-81.573086">
				 <ele>26</ele>
			 </trkpt>
			 <trkpt lat="28.356822" lon="-81.573018">
				 <ele>26</ele>
			 </trkpt>
			 <trkpt lat="28.35686" lon="-81.573002">
				 <ele>26</ele>
			 </trkpt>
			 <trkpt lat="28.357052" lon="-81.572922">
				 <ele>26</ele>
			 </trkpt>
			 <trkpt lat="28.357085" lon="-81.572908">
				 <ele>26</ele>
			 </trkpt>
			 <trkpt lat="28.357275" lon="-81.572835">
				 <ele>26</ele>
			 </trkpt>
			 <trkpt lat="28.357473" lon="-81.572758">
				 <ele>26</ele>
			 </trkpt>
			 <trkpt lat="28.357596" lon="-81.572706">
				 <ele>26</ele>
			 </trkpt>
			 <trkpt lat="28.357794" lon="-81.572638">
				 <ele>26</ele>
			 </trkpt>
			 <trkpt lat="28.357975" lon="-81.572567">
				 <ele>26</ele>
			 </trkpt>
			 <trkpt lat="28.358169" lon="-81.572498">
				 <ele>26</ele>
			 </trkpt>
			 <trkpt lat="28.358375" lon="-81.572418">
				 <ele>26</ele>
			 </trkpt>
			 <trkpt lat="28.358456" lon="-81.572388">
				 <ele>26</ele>
			 </trkpt>
			 <trkpt lat="28.358644" lon="-81.57232">
				 <ele>26</ele>
			 </trkpt>
			 <trkpt lat="28.35883" lon="-81.572248">
				 <ele>26</ele>
			 </trkpt>
			 <trkpt lat="28.359024" lon="-81.572169">
				 <ele>26</ele>
			 </trkpt>
			 <trkpt lat="28.359227" lon="-81.572081">
				 <ele>26</ele>
			 </trkpt>
			 <trkpt lat="28.359432" lon="-81.571977">
				 <ele>26</ele>
			 </trkpt>
			 <trkpt lat="28.359628" lon="-81.571866">
				 <ele>26</ele>
			 </trkpt>
			 <trkpt lat="28.359814" lon="-81.571743">
				 <ele>26</ele>
			 </trkpt>
			 <trkpt lat="28.359993" lon="-81.571622">
				 <ele>26</ele>
			 </trkpt>
			 <trkpt lat="28.36017" lon="-81.571517">
				 <ele>26</ele>
			 </trkpt>
			 <trkpt lat="28.360339" lon="-81.571399">
				 <ele>26</ele>
			 </trkpt>
			 <trkpt lat="28.360439" lon="-81.571324">
				 <ele>26</ele>
			 </trkpt>
			 <trkpt lat="28.360613" lon="-81.571177">
				 <ele>26</ele>
			 </trkpt>
			 <trkpt lat="28.360778" lon="-81.571035">
				 <ele>26</ele>
			 </trkpt>
			 <trkpt lat="28.360933" lon="-81.57089">
				 <ele>26</ele>
			 </trkpt>
			 <trkpt lat="28.361099" lon="-81.570747">
				 <ele>26</ele>
			 </trkpt>
			 <trkpt lat="28.361256" lon="-81.570601">
				 <ele>26</ele>
			 </trkpt>
			 <trkpt lat="28.361409" lon="-81.570458">
				 <ele>26</ele>
			 </trkpt>
			 <trkpt lat="28.361552" lon="-81.570304">
				 <ele>26</ele>
			 </trkpt>
			 <trkpt lat="28.36168" lon="-81.570135">
				 <ele>26</ele>
			 </trkpt>
			 <trkpt lat="28.361828" lon="-81.569977">
				 <ele>26</ele>
			 </trkpt>
			 <trkpt lat="28.361859" lon="-81.569945">
				 <ele>26</ele>
			 </trkpt>
			 <trkpt lat="28.361884" lon="-81.569912">
				 <ele>26</ele>
			 </trkpt>
			 <trkpt lat="28.362021" lon="-81.569749">
				 <ele>26</ele>
			 </trkpt>
			 <trkpt lat="28.362114" lon="-81.569653">
				 <ele>26.1</ele>
			 </trkpt>
			 <trkpt lat="28.362189" lon="-81.569548">
				 <ele>26.2</ele>
			 </trkpt>
			 <trkpt lat="28.362309" lon="-81.569378">
				 <ele>26.3</ele>
			 </trkpt>
			 <trkpt lat="28.362415" lon="-81.569239">
				 <ele>26.4</ele>
			 </trkpt>
			 <trkpt lat="28.362537" lon="-81.569064">
				 <ele>26.5</ele>
			 </trkpt>
			 <trkpt lat="28.362647" lon="-81.56889">
				 <ele>26.5</ele>
			 </trkpt>
			 <trkpt lat="28.362767" lon="-81.568703">
				 <ele>26.6</ele>
			 </trkpt>
			 <trkpt lat="28.362854" lon="-81.568509">
				 <ele>26.7</ele>
			 </trkpt>
			 <trkpt lat="28.362938" lon="-81.568311">
				 <ele>26.8</ele>
			 </trkpt>
			 <trkpt lat="28.363036" lon="-81.568118">
				 <ele>26.9</ele>
			 </trkpt>
			 <trkpt lat="28.363105" lon="-81.567906">
				 <ele>27</ele>
			 </trkpt>
			 <trkpt lat="28.363156" lon="-81.567686">
				 <ele>27</ele>
			 </trkpt>
			 <trkpt lat="28.363217" lon="-81.567452">
				 <ele>27.1</ele>
			 </trkpt>
			 <trkpt lat="28.363291" lon="-81.567223">
				 <ele>27.2</ele>
			 </trkpt>
			 <trkpt lat="28.363346" lon="-81.566987">
				 <ele>27.3</ele>
			 </trkpt>
			 <trkpt lat="28.363387" lon="-81.56676">
				 <ele>27.4</ele>
			 </trkpt>
			 <trkpt lat="28.363414" lon="-81.566534">
				 <ele>27.5</ele>
			 </trkpt>
			 <trkpt lat="28.363421" lon="-81.566324">
				 <ele>27.5</ele>
			 </trkpt>
			 <trkpt lat="28.363421" lon="-81.566284">
				 <ele>27.6</ele>
			 </trkpt>
			 <trkpt lat="28.363414" lon="-81.566049">
				 <ele>27.8</ele>
			 </trkpt>
			 <trkpt lat="28.363401" lon="-81.565931">
				 <ele>28</ele>
			 </trkpt>
			 <trkpt lat="28.363377" lon="-81.565695">
				 <ele>28.2</ele>
			 </trkpt>
			 <trkpt lat="28.363368" lon="-81.565615">
				 <ele>28.4</ele>
			 </trkpt>
			 <trkpt lat="28.363337" lon="-81.565408">
				 <ele>28.5</ele>
			 </trkpt>
			 <trkpt lat="28.363291" lon="-81.565237">
				 <ele>28.5</ele>
			 </trkpt>
			 <trkpt lat="28.363225" lon="-81.565014">
				 <ele>28.7</ele>
			 </trkpt>
			 <trkpt lat="28.363198" lon="-81.564775">
				 <ele>28.9</ele>
			 </trkpt>
			 <trkpt lat="28.363193" lon="-81.564736">
				 <ele>29.1</ele>
			 </trkpt>
			 <trkpt lat="28.363179" lon="-81.564522">
				 <ele>29.3</ele>
			 </trkpt>
			 <trkpt lat="28.363159" lon="-81.564312">
				 <ele>29.5</ele>
			 </trkpt>
			 <trkpt lat="28.36312" lon="-81.564096">
				 <ele>29.5</ele>
			 </trkpt>
			 <trkpt lat="28.363084" lon="-81.563877">
				 <ele>29.6</ele>
			 </trkpt>
			 <trkpt lat="28.363052" lon="-81.563651">
				 <ele>29.7</ele>
			 </trkpt>
			 <trkpt lat="28.363027" lon="-81.563428">
				 <ele>29.8</ele>
			 </trkpt>
			 <trkpt lat="28.362998" lon="-81.563199">
				 <ele>29.9</ele>
			 </trkpt>
			 <trkpt lat="28.362957" lon="-81.562958">
				 <ele>30</ele>
			 </trkpt>
			 <trkpt lat="28.362927" lon="-81.562728">
				 <ele>30</ele>
			 </trkpt>
			 <trkpt lat="28.362909" lon="-81.562592">
				 <ele>30</ele>
			 </trkpt>
			 <trkpt lat="28.362884" lon="-81.562357">
				 <ele>30</ele>
			 </trkpt>
			 <trkpt lat="28.362868" lon="-81.562219">
				 <ele>30</ele>
			 </trkpt>
			 <trkpt lat="28.362832" lon="-81.561982">
				 <ele>30</ele>
			 </trkpt>
			 <trkpt lat="28.362815" lon="-81.561884">
				 <ele>30</ele>
			 </trkpt>
			 <trkpt lat="28.362779" lon="-81.561649">
				 <ele>30</ele>
			 </trkpt>
			 <trkpt lat="28.362743" lon="-81.561416">
				 <ele>30</ele>
			 </trkpt>
			 <trkpt lat="28.362707" lon="-81.561232">
				 <ele>30</ele>
			 </trkpt>
			 <trkpt lat="28.362679" lon="-81.561011">
				 <ele>30</ele>
			 </trkpt>
			 <trkpt lat="28.362624" lon="-81.560782">
				 <ele>30</ele>
			 </trkpt>
			 <trkpt lat="28.362587" lon="-81.560558">
				 <ele>30</ele>
			 </trkpt>
			 <trkpt lat="28.362557" lon="-81.560344">
				 <ele>30</ele>
			 </trkpt>
			 <trkpt lat="28.362516" lon="-81.560173">
				 <ele>30</ele>
			 </trkpt>
			 <trkpt lat="28.362447" lon="-81.559952">
				 <ele>30</ele>
			 </trkpt>
			 <trkpt lat="28.362393" lon="-81.559723">
				 <ele>30</ele>
			 </trkpt>
			 <trkpt lat="28.36235" lon="-81.559504">
				 <ele>30</ele>
			 </trkpt>
			 <trkpt lat="28.362334" lon="-81.559425">
				 <ele>30</ele>
			 </trkpt>
			 <trkpt lat="28.362286" lon="-81.559364">
				 <ele>30</ele>
			 </trkpt>
			 <trkpt lat="28.362077" lon="-81.559368">
				 <ele>30</ele>
			 </trkpt>
			 <trkpt lat="28.361884" lon="-81.559454">
				 <ele>30</ele>
			 </trkpt>
			 <trkpt lat="28.361665" lon="-81.5595">
				 <ele>30</ele>
			 </trkpt>
			 <trkpt lat="28.361584" lon="-81.559535">
				 <ele>30</ele>
			 </trkpt>
			 <trkpt lat="28.361403" lon="-81.559618">
				 <ele>30</ele>
			 </trkpt>
			 <trkpt lat="28.361362" lon="-81.55964">
				 <ele>30</ele>
			 </trkpt>
			 <trkpt lat="28.361336" lon="-81.559658">
				 <ele>30</ele>
			 </trkpt>
			 <trkpt lat="28.361321" lon="-81.559684">
				 <ele>30</ele>
			 </trkpt>
			 <trkpt lat="28.361286" lon="-81.559696">
				 <ele>30</ele>
			 </trkpt>
			 <trkpt lat="28.36109" lon="-81.559648">
				 <ele>30</ele>
			 </trkpt>
			 <trkpt lat="28.361001" lon="-81.559544">
				 <ele>30</ele>
			 </trkpt>
			 <trkpt lat="28.360902" lon="-81.559374">
				 <ele>30</ele>
			 </trkpt>
			 <trkpt lat="28.360861" lon="-81.559299">
				 <ele>30</ele>
			 </trkpt>
			 <trkpt lat="28.3608" lon="-81.559206">
				 <ele>30</ele>
			 </trkpt>
			 <trkpt lat="28.360712" lon="-81.559073">
				 <ele>30</ele>
			 </trkpt>
			 <trkpt lat="28.360535" lon="-81.558962">
				 <ele>30</ele>
			 </trkpt>
			 <trkpt lat="28.360335" lon="-81.558939">
				 <ele>30</ele>
			 </trkpt>
			 <trkpt lat="28.360155" lon="-81.558965">
				 <ele>30</ele>
			 </trkpt>
			 <trkpt lat="28.360068" lon="-81.559033">
				 <ele>30</ele>
			 </trkpt>
			 <trkpt lat="28.359952" lon="-81.559207">
				 <ele>30</ele>
			 </trkpt>
			 <trkpt lat="28.359921" lon="-81.559329">
				 <ele>30</ele>
			 </trkpt>
			 <trkpt lat="28.359844" lon="-81.559522">
				 <ele>30</ele>
			 </trkpt>
			 <trkpt lat="28.359716" lon="-81.559667">
				 <ele>30</ele>
			 </trkpt>
			 <trkpt lat="28.359537" lon="-81.559761">
				 <ele>30</ele>
			 </trkpt>
			 <trkpt lat="28.359405" lon="-81.559888">
				 <ele>30</ele>
			 </trkpt>
			 <trkpt lat="28.359377" lon="-81.559902">
				 <ele>30</ele>
			 </trkpt>
			 <trkpt lat="28.35916" lon="-81.55994">
				 <ele>30</ele>
			 </trkpt>
			 <trkpt lat="28.358939" lon="-81.559945">
				 <ele>30</ele>
			 </trkpt>
			 <trkpt lat="28.358763" lon="-81.559869">
				 <ele>30</ele>
			 </trkpt>
			 <trkpt lat="28.358637" lon="-81.559678">
				 <ele>30</ele>
			 </trkpt>
			 <trkpt lat="28.358566" lon="-81.559527">
				 <ele>30</ele>
			 </trkpt>
			 <trkpt lat="28.358619" lon="-81.559409">
				 <ele>30</ele>
			 </trkpt>
			 <trkpt lat="28.358679" lon="-81.559208">
				 <ele>30</ele>
			 </trkpt>
			 <trkpt lat="28.358652" lon="-81.558983">
				 <ele>30</ele>
			 </trkpt>
			 <trkpt lat="28.35867" lon="-81.558746">
				 <ele>29.9</ele>
			 </trkpt>
			 <trkpt lat="28.358801" lon="-81.55856">
				 <ele>29.8</ele>
			 </trkpt>
			 <trkpt lat="28.358926" lon="-81.558385">
				 <ele>29.7</ele>
			 </trkpt>
			 <trkpt lat="28.358881" lon="-81.558158">
				 <ele>29.6</ele>
			 </trkpt>
			 <trkpt lat="28.358833" lon="-81.557922">
				 <ele>29.5</ele>
			 </trkpt>
			 <trkpt lat="28.358822" lon="-81.557709">
				 <ele>29.5</ele>
			 </trkpt>
			 <trkpt lat="28.358815" lon="-81.557518">
				 <ele>29.4</ele>
			 </trkpt>
			 <trkpt lat="28.358847" lon="-81.557281">
				 <ele>29.3</ele>
			 </trkpt>
			 <trkpt lat="28.358879" lon="-81.557046">
				 <ele>29.2</ele>
			 </trkpt>
			 <trkpt lat="28.358928" lon="-81.556824">
				 <ele>29.1</ele>
			 </trkpt>
			 <trkpt lat="28.358971" lon="-81.556599">
				 <ele>29</ele>
			 </trkpt>
			 <trkpt lat="28.358986" lon="-81.556559">
				 <ele>29</ele>
			 </trkpt>
			 <trkpt lat="28.35903" lon="-81.556498">
				 <ele>29</ele>
			 </trkpt>
			 <trkpt lat="28.359193" lon="-81.556443">
				 <ele>29</ele>
			 </trkpt>
			 <trkpt lat="28.359397" lon="-81.556404">
				 <ele>29</ele>
			 </trkpt>
			 <trkpt lat="28.359549" lon="-81.556414">
				 <ele>29</ele>
			 </trkpt>
			 <trkpt lat="28.359749" lon="-81.556469">
				 <ele>29</ele>
			 </trkpt>
			 <trkpt lat="28.359946" lon="-81.556419">
				 <ele>29</ele>
			 </trkpt>
			 <trkpt lat="28.360141" lon="-81.556349">
				 <ele>29</ele>
			 </trkpt>
			 <trkpt lat="28.360337" lon="-81.556262">
				 <ele>29</ele>
			 </trkpt>
			 <trkpt lat="28.360416" lon="-81.556137">
				 <ele>29</ele>
			 </trkpt>
			 <trkpt lat="28.360511" lon="-81.555921">
				 <ele>29</ele>
			 </trkpt>
			 <trkpt lat="28.360555" lon="-81.555847">
				 <ele>29</ele>
			 </trkpt>
			 <trkpt lat="28.36062" lon="-81.55579">
				 <ele>29</ele>
			 </trkpt>
			 <trkpt lat="28.360727" lon="-81.555744">
				 <ele>29</ele>
			 </trkpt>
			 <trkpt lat="28.360941" lon="-81.555717">
				 <ele>28.9</ele>
			 </trkpt>
			 <trkpt lat="28.361069" lon="-81.555702">
				 <ele>28.8</ele>
			 </trkpt>
			 <trkpt lat="28.361187" lon="-81.555671">
				 <ele>28.7</ele>
			 </trkpt>
			 <trkpt lat="28.361352" lon="-81.555558">
				 <ele>28.6</ele>
			 </trkpt>
			 <trkpt lat="28.361504" lon="-81.555425">
				 <ele>28.5</ele>
			 </trkpt>
			 <trkpt lat="28.361683" lon="-81.555334">
				 <ele>28.5</ele>
			 </trkpt>
			 <trkpt lat="28.361817" lon="-81.555317">
				 <ele>28.4</ele>
			 </trkpt>
			 <trkpt lat="28.361949" lon="-81.555342">
				 <ele>28.3</ele>
			 </trkpt>
			 <trkpt lat="28.362135" lon="-81.555423">
				 <ele>28.2</ele>
			 </trkpt>
			 <trkpt lat="28.362313" lon="-81.555499">
				 <ele>28.1</ele>
			 </trkpt>
			 <trkpt lat="28.362497" lon="-81.555591">
				 <ele>28.1</ele>
			 </trkpt>
			 <trkpt lat="28.362683" lon="-81.555623">
				 <ele>28.2</ele>
			 </trkpt>
			 <trkpt lat="28.362863" lon="-81.555686">
				 <ele>28.3</ele>
			 </trkpt>
			 <trkpt lat="28.363054" lon="-81.555787">
				 <ele>28.4</ele>
			 </trkpt>
			 <trkpt lat="28.363231" lon="-81.555888">
				 <ele>28.5</ele>
			 </trkpt>
			 <trkpt lat="28.3633" lon="-81.555933">
				 <ele>28.5</ele>
			 </trkpt>
			 <trkpt lat="28.363464" lon="-81.556088">
				 <ele>28.6</ele>
			 </trkpt>
			 <trkpt lat="28.363533" lon="-81.556155">
				 <ele>28.7</ele>
			 </trkpt>
			 <trkpt lat="28.363688" lon="-81.556274">
				 <ele>28.8</ele>
			 </trkpt>
			 <trkpt lat="28.363878" lon="-81.556347">
				 <ele>28.9</ele>
			 </trkpt>
			 <trkpt lat="28.364069" lon="-81.556361">
				 <ele>29</ele>
			 </trkpt>
			 <trkpt lat="28.364291" lon="-81.556379">
				 <ele>29</ele>
			 </trkpt>
			 <trkpt lat="28.364335" lon="-81.556391">
				 <ele>29.1</ele>
			 </trkpt>
			 <trkpt lat="28.364524" lon="-81.556491">
				 <ele>29.2</ele>
			 </trkpt>
			 <trkpt lat="28.364685" lon="-81.556602">
				 <ele>29.3</ele>
			 </trkpt>
			 <trkpt lat="28.364855" lon="-81.556724">
				 <ele>29.4</ele>
			 </trkpt>
			 <trkpt lat="28.365029" lon="-81.556851">
				 <ele>29.5</ele>
			 </trkpt>
			 <trkpt lat="28.365206" lon="-81.556971">
				 <ele>29.5</ele>
			 </trkpt>
			 <trkpt lat="28.365382" lon="-81.557071">
				 <ele>29.6</ele>
			 </trkpt>
			 <trkpt lat="28.365466" lon="-81.557094">
				 <ele>29.6</ele>
			 </trkpt>
			 <trkpt lat="28.365665" lon="-81.557124">
				 <ele>29.6</ele>
			 </trkpt>
			 <trkpt lat="28.365702" lon="-81.557136">
				 <ele>29.6</ele>
			 </trkpt>
			 <trkpt lat="28.365842" lon="-81.557195">
				 <ele>29.6</ele>
			 </trkpt>
			 <trkpt lat="28.36601" lon="-81.557299">
				 <ele>29.5</ele>
			 </trkpt>
			 <trkpt lat="28.366184" lon="-81.557429">
				 <ele>29.5</ele>
			 </trkpt>
			 <trkpt lat="28.366338" lon="-81.557593">
				 <ele>29.4</ele>
			 </trkpt>
			 <trkpt lat="28.366478" lon="-81.557771">
				 <ele>29.3</ele>
			 </trkpt>
			 <trkpt lat="28.366648" lon="-81.557916">
				 <ele>29.2</ele>
			 </trkpt>
			 <trkpt lat="28.366823" lon="-81.558062">
				 <ele>29.1</ele>
			 </trkpt>
			 <trkpt lat="28.366934" lon="-81.558192">
				 <ele>29</ele>
			 </trkpt>
			 <trkpt lat="28.367017" lon="-81.558353">
				 <ele>29</ele>
			 </trkpt>
			 <trkpt lat="28.367166" lon="-81.558466">
				 <ele>29</ele>
			 </trkpt>
			 <trkpt lat="28.367199" lon="-81.558484">
				 <ele>29</ele>
			 </trkpt>
			 <trkpt lat="28.367235" lon="-81.558488">
				 <ele>29</ele>
			 </trkpt>
			 <trkpt lat="28.367302" lon="-81.558473">
				 <ele>29</ele>
			 </trkpt>
			 <trkpt lat="28.367344" lon="-81.55841">
				 <ele>29</ele>
			 </trkpt>
			 <trkpt lat="28.367415" lon="-81.558178">
				 <ele>29</ele>
			 </trkpt>
			 <trkpt lat="28.367464" lon="-81.557979">
				 <ele>29</ele>
			 </trkpt>
			 <trkpt lat="28.367502" lon="-81.557808">
				 <ele>29</ele>
			 </trkpt>
			 <trkpt lat="28.367473" lon="-81.557722">
				 <ele>29</ele>
			 </trkpt>
			 <trkpt lat="28.367333" lon="-81.557542">
				 <ele>29</ele>
			 </trkpt>
			 <trkpt lat="28.367212" lon="-81.557362">
				 <ele>29</ele>
			 </trkpt>
			 <trkpt lat="28.367124" lon="-81.557157">
				 <ele>29</ele>
			 </trkpt>
			 <trkpt lat="28.367086" lon="-81.557072">
				 <ele>29</ele>
			 </trkpt>
			 <trkpt lat="28.367023" lon="-81.5569">
				 <ele>29</ele>
			 </trkpt>
			 <trkpt lat="28.367016" lon="-81.556793">
				 <ele>29</ele>
			 </trkpt>
			 <trkpt lat="28.367018" lon="-81.556552">
				 <ele>29</ele>
			 </trkpt>
			 <trkpt lat="28.367019" lon="-81.556459">
				 <ele>29</ele>
			 </trkpt>
			 <trkpt lat="28.367059" lon="-81.556242">
				 <ele>29</ele>
			 </trkpt>
			 <trkpt lat="28.367071" lon="-81.5562">
				 <ele>29</ele>
			 </trkpt>
			 <trkpt lat="28.367155" lon="-81.556012">
				 <ele>29</ele>
			 </trkpt>
			 <trkpt lat="28.367175" lon="-81.555979">
				 <ele>29</ele>
			 </trkpt>
			 <trkpt lat="28.367221" lon="-81.555914">
				 <ele>29</ele>
			 </trkpt>
			 <trkpt lat="28.367361" lon="-81.555774">
				 <ele>29</ele>
			 </trkpt>
			 <trkpt lat="28.367528" lon="-81.555674">
				 <ele>29</ele>
			 </trkpt>
			 <trkpt lat="28.367744" lon="-81.555618">
				 <ele>29</ele>
			 </trkpt>
			 <trkpt lat="28.367954" lon="-81.555609">
				 <ele>29</ele>
			 </trkpt>
			 <trkpt lat="28.368177" lon="-81.55564">
				 <ele>29</ele>
			 </trkpt>
			 <trkpt lat="28.368347" lon="-81.555676">
				 <ele>29</ele>
			 </trkpt>
			 <trkpt lat="28.368467" lon="-81.555708">
				 <ele>29</ele>
			 </trkpt>
			 <trkpt lat="28.368666" lon="-81.555748">
				 <ele>29</ele>
			 </trkpt>
			 <trkpt lat="28.368827" lon="-81.555767">
				 <ele>29</ele>
			 </trkpt>
			 <trkpt lat="28.368901" lon="-81.555752">
				 <ele>29</ele>
			 </trkpt>
			 <trkpt lat="28.369079" lon="-81.555626">
				 <ele>29</ele>
			 </trkpt>
			 <trkpt lat="28.369129" lon="-81.55555">
				 <ele>29</ele>
			 </trkpt>
			 <trkpt lat="28.36922" lon="-81.555334">
				 <ele>29</ele>
			 </trkpt>
			 <trkpt lat="28.369287" lon="-81.555138">
				 <ele>29</ele>
			 </trkpt>
			 <trkpt lat="28.369315" lon="-81.555066">
				 <ele>29</ele>
			 </trkpt>
			 <trkpt lat="28.369352" lon="-81.555004">
				 <ele>29</ele>
			 </trkpt>
			 <trkpt lat="28.3694" lon="-81.554971">
				 <ele>29</ele>
			 </trkpt>
			 <trkpt lat="28.36946" lon="-81.554952">
				 <ele>29</ele>
			 </trkpt>
			 <trkpt lat="28.369648" lon="-81.554933">
				 <ele>29</ele>
			 </trkpt>
			 <trkpt lat="28.36981" lon="-81.554845">
				 <ele>29</ele>
			 </trkpt>
			 <trkpt lat="28.369814" lon="-81.554654">
				 <ele>29</ele>
			 </trkpt>
			 <trkpt lat="28.369735" lon="-81.554432">
				 <ele>29</ele>
			 </trkpt>
			 <trkpt lat="28.369682" lon="-81.554202">
				 <ele>29</ele>
			 </trkpt>
			 <trkpt lat="28.369737" lon="-81.553997">
				 <ele>29</ele>
			 </trkpt>
			 <trkpt lat="28.369885" lon="-81.553876">
				 <ele>29</ele>
			 </trkpt>
			 <trkpt lat="28.370049" lon="-81.553766">
				 <ele>29</ele>
			 </trkpt>
			 <trkpt lat="28.370214" lon="-81.553639">
				 <ele>29</ele>
			 </trkpt>
			 <trkpt lat="28.370253" lon="-81.553431">
				 <ele>29</ele>
			 </trkpt>
			 <trkpt lat="28.370218" lon="-81.553204">
				 <ele>29</ele>
			 </trkpt>
			 <trkpt lat="28.37032" lon="-81.55302">
				 <ele>29</ele>
			 </trkpt>
			 <trkpt lat="28.370518" lon="-81.552944">
				 <ele>29</ele>
			 </trkpt>
			 <trkpt lat="28.370674" lon="-81.55282">
				 <ele>29</ele>
			 </trkpt>
			 <trkpt lat="28.370815" lon="-81.55264">
				 <ele>29</ele>
			 </trkpt>
			 <trkpt lat="28.370933" lon="-81.552439">
				 <ele>29</ele>
			 </trkpt>
			 <trkpt lat="28.370929" lon="-81.552193">
				 <ele>29</ele>
			 </trkpt>
			 <trkpt lat="28.370917" lon="-81.551979">
				 <ele>29</ele>
			 </trkpt>
			 <trkpt lat="28.370807" lon="-81.551787">
				 <ele>29</ele>
			 </trkpt>
			 <trkpt lat="28.370693" lon="-81.551743">
				 <ele>29</ele>
			 </trkpt>
			 <trkpt lat="28.370525" lon="-81.551843">
				 <ele>29</ele>
			 </trkpt>
			 <trkpt lat="28.370335" lon="-81.551942">
				 <ele>29</ele>
			 </trkpt>
			 <trkpt lat="28.370255" lon="-81.552025">
				 <ele>29</ele>
			 </trkpt>
			 <trkpt lat="28.37013" lon="-81.552179">
				 <ele>29</ele>
			 </trkpt>
			 <trkpt lat="28.369957" lon="-81.552208">
				 <ele>29</ele>
			 </trkpt>
			 <trkpt lat="28.369764" lon="-81.552115">
				 <ele>29</ele>
			 </trkpt>
			 <trkpt lat="28.369572" lon="-81.552085">
				 <ele>29</ele>
			 </trkpt>
			 <trkpt lat="28.369462" lon="-81.552142">
				 <ele>29</ele>
			 </trkpt>
			 <trkpt lat="28.369355" lon="-81.552305">
				 <ele>29</ele>
			 </trkpt>
			 <trkpt lat="28.369235" lon="-81.552469">
				 <ele>29</ele>
			 </trkpt>
			 <trkpt lat="28.369019" lon="-81.552467">
				 <ele>29</ele>
			 </trkpt>
			 <trkpt lat="28.368855" lon="-81.552352">
				 <ele>29</ele>
			 </trkpt>
			 <trkpt lat="28.368716" lon="-81.552182">
				 <ele>29</ele>
			 </trkpt>
			 <trkpt lat="28.368595" lon="-81.551995">
				 <ele>29</ele>
			 </trkpt>
			 <trkpt lat="28.368478" lon="-81.551823">
				 <ele>29</ele>
			 </trkpt>
			 <trkpt lat="28.368369" lon="-81.551653">
				 <ele>29</ele>
			 </trkpt>
			 <trkpt lat="28.368277" lon="-81.551447">
				 <ele>29</ele>
			 </trkpt>
			 <trkpt lat="28.368237" lon="-81.551211">
				 <ele>29</ele>
			 </trkpt>
			 <trkpt lat="28.368206" lon="-81.550975">
				 <ele>29</ele>
			 </trkpt>
			 <trkpt lat="28.368143" lon="-81.55074">
				 <ele>29</ele>
			 </trkpt>
			 <trkpt lat="28.368105" lon="-81.550499">
				 <ele>29</ele>
			 </trkpt>
			 <trkpt lat="28.368083" lon="-81.550258">
				 <ele>29</ele>
			 </trkpt>
			 <trkpt lat="28.368076" lon="-81.55003">
				 <ele>29</ele>
			 </trkpt>
			 <trkpt lat="28.368066" lon="-81.5498">
				 <ele>29</ele>
			 </trkpt>
			 <trkpt lat="28.368026" lon="-81.549572">
				 <ele>29</ele>
			 </trkpt>
			 <trkpt lat="28.368017" lon="-81.549335">
				 <ele>29</ele>
			 </trkpt>
			 <trkpt lat="28.368014" lon="-81.549097">
				 <ele>29</ele>
			 </trkpt>
			 <trkpt lat="28.368039" lon="-81.548866">
				 <ele>29</ele>
			 </trkpt>
			 <trkpt lat="28.368043" lon="-81.548632">
				 <ele>29</ele>
			 </trkpt>
			 <trkpt lat="28.368046" lon="-81.548386">
				 <ele>29</ele>
			 </trkpt>
			 <trkpt lat="28.368046" lon="-81.548149">
				 <ele>29</ele>
			 </trkpt>
			 <trkpt lat="28.368069" lon="-81.547924">
				 <ele>29</ele>
			 </trkpt>
			 <trkpt lat="28.3681" lon="-81.54772">
				 <ele>29</ele>
			 </trkpt>
			 <trkpt lat="28.368153" lon="-81.547521">
				 <ele>29</ele>
			 </trkpt>
			 <trkpt lat="28.36824" lon="-81.547321">
				 <ele>29</ele>
			 </trkpt>
			 <trkpt lat="28.368337" lon="-81.547137">
				 <ele>29</ele>
			 </trkpt>
			 <trkpt lat="28.368426" lon="-81.54694">
				 <ele>29</ele>
			 </trkpt>
			 <trkpt lat="28.36857" lon="-81.546791">
				 <ele>29</ele>
			 </trkpt>
			 <trkpt lat="28.368725" lon="-81.546629">
				 <ele>29</ele>
			 </trkpt>
			 <trkpt lat="28.36887" lon="-81.546489">
				 <ele>29</ele>
			 </trkpt>
			 <trkpt lat="28.369065" lon="-81.546447">
				 <ele>28.9</ele>
			 </trkpt>
			 <trkpt lat="28.369268" lon="-81.546498">
				 <ele>28.8</ele>
			 </trkpt>
			 <trkpt lat="28.369374" lon="-81.546563">
				 <ele>28.7</ele>
			 </trkpt>
			 <trkpt lat="28.369543" lon="-81.546679">
				 <ele>28.6</ele>
			 </trkpt>
			 <trkpt lat="28.369729" lon="-81.546802">
				 <ele>28.5</ele>
			 </trkpt>
			 <trkpt lat="28.369887" lon="-81.546912">
				 <ele>28.5</ele>
			 </trkpt>
			 <trkpt lat="28.370085" lon="-81.546967">
				 <ele>28.4</ele>
			 </trkpt>
			 <trkpt lat="28.370264" lon="-81.547031">
				 <ele>28.3</ele>
			 </trkpt>
			 <trkpt lat="28.370449" lon="-81.547088">
				 <ele>28.2</ele>
			 </trkpt>
			 <trkpt lat="28.370635" lon="-81.547213">
				 <ele>28.1</ele>
			 </trkpt>
			 <trkpt lat="28.370811" lon="-81.547304">
				 <ele>28</ele>
			 </trkpt>
			 <trkpt lat="28.37099" lon="-81.547383">
				 <ele>28</ele>
			 </trkpt>
			 <trkpt lat="28.371177" lon="-81.547466">
				 <ele>28</ele>
			 </trkpt>
			 <trkpt lat="28.371366" lon="-81.547575">
				 <ele>28</ele>
			 </trkpt>
			 <trkpt lat="28.371471" lon="-81.547742">
				 <ele>28</ele>
			 </trkpt>
			 <trkpt lat="28.371519" lon="-81.547964">
				 <ele>28.1</ele>
			 </trkpt>
			 <trkpt lat="28.371578" lon="-81.548208">
				 <ele>28.2</ele>
			 </trkpt>
			 <trkpt lat="28.371624" lon="-81.548438">
				 <ele>28.3</ele>
			 </trkpt>
			 <trkpt lat="28.371685" lon="-81.548654">
				 <ele>28.4</ele>
			 </trkpt>
			 <trkpt lat="28.371763" lon="-81.548855">
				 <ele>28.5</ele>
			 </trkpt>
			 <trkpt lat="28.37182" lon="-81.54906">
				 <ele>28.5</ele>
			 </trkpt>
			 <trkpt lat="28.371915" lon="-81.549264">
				 <ele>28.6</ele>
			 </trkpt>
			 <trkpt lat="28.372075" lon="-81.549361">
				 <ele>28.7</ele>
			 </trkpt>
			 <trkpt lat="28.372274" lon="-81.549382">
				 <ele>28.8</ele>
			 </trkpt>
			 <trkpt lat="28.372387" lon="-81.54939">
				 <ele>28.9</ele>
			 </trkpt>
			 <trkpt lat="28.372569" lon="-81.549387">
				 <ele>29</ele>
			 </trkpt>
			 <trkpt lat="28.372751" lon="-81.549362">
				 <ele>29</ele>
			 </trkpt>
			 <trkpt lat="28.372954" lon="-81.549336">
				 <ele>29</ele>
			 </trkpt>
			 <trkpt lat="28.373145" lon="-81.54928">
				 <ele>29</ele>
			 </trkpt>
			 <trkpt lat="28.373258" lon="-81.549264">
				 <ele>29</ele>
			 </trkpt>
			 <trkpt lat="28.373444" lon="-81.549225">
				 <ele>29</ele>
			 </trkpt>
			 <trkpt lat="28.37358" lon="-81.549078">
				 <ele>29</ele>
			 </trkpt>
			 <trkpt lat="28.373688" lon="-81.548899">
				 <ele>29</ele>
			 </trkpt>
			 <trkpt lat="28.373793" lon="-81.548662">
				 <ele>29</ele>
			 </trkpt>
			 <trkpt lat="28.373911" lon="-81.548477">
				 <ele>29</ele>
			 </trkpt>
			 <trkpt lat="28.374012" lon="-81.548281">
				 <ele>29</ele>
			 </trkpt>
			 <trkpt lat="28.374053" lon="-81.548072">
				 <ele>29</ele>
			 </trkpt>
			 <trkpt lat="28.37407" lon="-81.547824">
				 <ele>29</ele>
			 </trkpt>
			 <trkpt lat="28.374022" lon="-81.547586">
				 <ele>29</ele>
			 </trkpt>
			 <trkpt lat="28.37386" lon="-81.547431">
				 <ele>29</ele>
			 </trkpt>
			 <trkpt lat="28.373672" lon="-81.547404">
				 <ele>29</ele>
			 </trkpt>
			 <trkpt lat="28.373541" lon="-81.547384">
				 <ele>29</ele>
			 </trkpt>
			 <trkpt lat="28.373468" lon="-81.547344">
				 <ele>29</ele>
			 </trkpt>
			 <trkpt lat="28.373428" lon="-81.547274">
				 <ele>29</ele>
			 </trkpt>
			 <trkpt lat="28.373364" lon="-81.547077">
				 <ele>29</ele>
			 </trkpt>
			 <trkpt lat="28.373267" lon="-81.546905">
				 <ele>29</ele>
			 </trkpt>
			 <trkpt lat="28.37316" lon="-81.546722">
				 <ele>29</ele>
			 </trkpt>
			 <trkpt lat="28.373132" lon="-81.546512">
				 <ele>29</ele>
			 </trkpt>
			 <trkpt lat="28.373151" lon="-81.546293">
				 <ele>29</ele>
			 </trkpt>
			 <trkpt lat="28.373188" lon="-81.546191">
				 <ele>29</ele>
			 </trkpt>
			 <trkpt lat="28.373217" lon="-81.546145">
				 <ele>29</ele>
			 </trkpt>
			 <trkpt lat="28.373246" lon="-81.546098">
				 <ele>29</ele>
			 </trkpt>
			 <trkpt lat="28.373378" lon="-81.545954">
				 <ele>29</ele>
			 </trkpt>
			 <trkpt lat="28.373414" lon="-81.545922">
				 <ele>29</ele>
			 </trkpt>
			 <trkpt lat="28.373486" lon="-81.545879">
				 <ele>29</ele>
			 </trkpt>
			 <trkpt lat="28.373524" lon="-81.545863">
				 <ele>29</ele>
			 </trkpt>
			 <trkpt lat="28.373608" lon="-81.545844">
				 <ele>29</ele>
			 </trkpt>
			 <trkpt lat="28.373818" lon="-81.54584">
				 <ele>29</ele>
			 </trkpt>
			 <trkpt lat="28.373987" lon="-81.545848">
				 <ele>29</ele>
			 </trkpt>
			 <trkpt lat="28.374202" lon="-81.545859">
				 <ele>29</ele>
			 </trkpt>
			 <trkpt lat="28.374397" lon="-81.545854">
				 <ele>29</ele>
			 </trkpt>
			 <trkpt lat="28.374596" lon="-81.545883">
				 <ele>29</ele>
			 </trkpt>
			 <trkpt lat="28.374784" lon="-81.545907">
				 <ele>29</ele>
			 </trkpt>
			 <trkpt lat="28.374938" lon="-81.545924">
				 <ele>29</ele>
			 </trkpt>
			 <trkpt lat="28.37512" lon="-81.546007">
				 <ele>29</ele>
			 </trkpt>
			 <trkpt lat="28.375272" lon="-81.546128">
				 <ele>29</ele>
			 </trkpt>
			 <trkpt lat="28.375404" lon="-81.546308">
				 <ele>29</ele>
			 </trkpt>
			 <trkpt lat="28.375504" lon="-81.54651">
				 <ele>29</ele>
			 </trkpt>
			 <trkpt lat="28.375519" lon="-81.546712">
				 <ele>29</ele>
			 </trkpt>
			 <trkpt lat="28.375519" lon="-81.546768">
				 <ele>29</ele>
			 </trkpt>
			 <trkpt lat="28.375594" lon="-81.546976">
				 <ele>29</ele>
			 </trkpt>
			 <trkpt lat="28.375637" lon="-81.547223">
				 <ele>29</ele>
			 </trkpt>
			 <trkpt lat="28.375701" lon="-81.547417">
				 <ele>29</ele>
			 </trkpt>
			 <trkpt lat="28.375791" lon="-81.547638">
				 <ele>29</ele>
			 </trkpt>
			 <trkpt lat="28.3759" lon="-81.54785">
				 <ele>29</ele>
			 </trkpt>
			 <trkpt lat="28.376107" lon="-81.54791">
				 <ele>29</ele>
			 </trkpt>
			 <trkpt lat="28.376284" lon="-81.547836">
				 <ele>29</ele>
			 </trkpt>
			 <trkpt lat="28.376457" lon="-81.547821">
				 <ele>29</ele>
			 </trkpt>
			 <trkpt lat="28.376542" lon="-81.547843">
				 <ele>29</ele>
			 </trkpt>
			 <trkpt lat="28.376744" lon="-81.54794">
				 <ele>29</ele>
			 </trkpt>
			 <trkpt lat="28.376952" lon="-81.547996">
				 <ele>29</ele>
			 </trkpt>
			 <trkpt lat="28.377074" lon="-81.547983">
				 <ele>29</ele>
			 </trkpt>
			 <trkpt lat="28.377124" lon="-81.547919">
				 <ele>29</ele>
			 </trkpt>
			 <trkpt lat="28.377176" lon="-81.547857">
				 <ele>29</ele>
			 </trkpt>
			 <trkpt lat="28.377237" lon="-81.547842">
				 <ele>29</ele>
			 </trkpt>
			 <trkpt lat="28.377286" lon="-81.547831">
				 <ele>29</ele>
			 </trkpt>
			 <trkpt lat="28.377388" lon="-81.54771">
				 <ele>29</ele>
			 </trkpt>
			 <trkpt lat="28.377538" lon="-81.547589">
				 <ele>29</ele>
			 </trkpt>
			 <trkpt lat="28.377696" lon="-81.547419">
				 <ele>29</ele>
			 </trkpt>
			 <trkpt lat="28.37782" lon="-81.547225">
				 <ele>29</ele>
			 </trkpt>
			 <trkpt lat="28.377932" lon="-81.547038">
				 <ele>29</ele>
			 </trkpt>
			 <trkpt lat="28.378047" lon="-81.546829">
				 <ele>29</ele>
			 </trkpt>
			 <trkpt lat="28.37813" lon="-81.546683">
				 <ele>29</ele>
			 </trkpt>
			 <trkpt lat="28.378115" lon="-81.546675">
				 <ele>29</ele>
			 </trkpt>
		 </trkseg>
	 </trk>
</gpx>